Welcome in RunCoefficients!
['2024_4']
It is a double-differential measurement, binning for the 1st variable {0: [-100.0, 0.0], 1: [0.0, 30.0], 2: [0.0, 30.0], 3: [0.0, 30.0], 4: [0.0, 30.0], 5: [0.0, 30.0], 6: [0.0, 30.0], 7: [30.0, 10000.0], 8: [30.0, 10000.0]} and for the 2nd variable {0: [0.0, 10000.0], 1: [0.0, 35.0], 2: [35.0, 55.0], 3: [55.0, 70.0], 4: [70.0, 90.0], 5: [90.0, 125.0], 6: [125.0, 10000.0], 7: [0.0, 250.0], 8: [250.0, 10000.0]}
{0: [-100.0, 0.0, 0.0, 10000.0], 1: [0.0, 30.0, 0.0, 35.0], 2: [0.0, 30.0, 35.0, 55.0], 3: [0.0, 30.0, 55.0, 70.0], 4: [0.0, 30.0, 70.0, 90.0], 5: [0.0, 30.0, 90.0, 125.0], 6: [0.0, 30.0, 125.0, 10000.0], 7: [30.0, 10000.0, 0.0, 250.0], 8: [30.0, 10000.0, 250.0, 10000.0]}
TCjMax
Following observables extracted from dictionary: RECO =  TCjMax  GEN =  GENTCjMax
It is a double-differential measurement: RECO_2nd =  ZZPt  GEN_2nd =  GENpT4l
LUMI: 10.882200000000001
ZH125 0.0007061505
Processing ggH125 2024_4
Signal created
Signal failed created
Processing VBFH125 2024_4
Signal created
Signal failed created
Processing WminusH125 2024_4
Signal created
Signal failed created
Processing WplusH125 2024_4
Signal created
Signal failed created
Processing ttH125 2024_4
Signal created
Signal failed created
Processing ZH125 2024_4
Signal created
Signal failed created
2024_4 SKIMMED df CREATED
2024_4 ggH125
2024_4 VBFH125
2024_4 WminusH125
2024_4 WplusH125
2024_4 ttH125
2024_4 ZH125
Dataframes created successfully
Coeff std
ggH125_4l_TCjmax_pT4l_genbin0_recobin0 acc 0.2528 eff 0.4636 outinratio 0.0479 

VBFH125_4l_TCjmax_pT4l_genbin0_recobin0 acc 0.0391 eff 0.3843 outinratio 0.0361 

WminusH125_4l_TCjmax_pT4l_genbin0_recobin0 acc 0.0852 eff 0.3763 outinratio 0.0652 

WplusH125_4l_TCjmax_pT4l_genbin0_recobin0 acc 0.0719 eff 0.3698 outinratio 0.0669 

ttH125_4l_TCjmax_pT4l_genbin0_recobin0 acc 0.001 eff 0.0666 outinratio 0.5005 

ZH125_4l_TCjmax_pT4l_genbin0_recobin0 acc 0.071 eff 0.3838 outinratio 0.0341 

ggH125_4l_TCjmax_pT4l_genbin1_recobin0 acc 0.0181 eff 0.1401 outinratio 0.0479 

VBFH125_4l_TCjmax_pT4l_genbin1_recobin0 acc 0.0343 eff 0.0538 outinratio 0.0361 

WminusH125_4l_TCjmax_pT4l_genbin1_recobin0 acc 0.0264 eff 0.05 outinratio 0.0652 

WplusH125_4l_TCjmax_pT4l_genbin1_recobin0 acc 0.0221 eff 0.0503 outinratio 0.0669 

ttH125_4l_TCjmax_pT4l_genbin1_recobin0 acc 0.0051 eff 0.0119 outinratio 0.5005 

ZH125_4l_TCjmax_pT4l_genbin1_recobin0 acc 0.0303 eff 0.0681 outinratio 0.0341 

ggH125_4l_TCjmax_pT4l_genbin2_recobin0 acc 0.0336 eff 0.0983 outinratio 0.0479 

VBFH125_4l_TCjmax_pT4l_genbin2_recobin0 acc 0.0498 eff 0.0484 outinratio 0.0361 

WminusH125_4l_TCjmax_pT4l_genbin2_recobin0 acc 0.0322 eff 0.0347 outinratio 0.0652 

WplusH125_4l_TCjmax_pT4l_genbin2_recobin0 acc 0.0274 eff 0.0393 outinratio 0.0669 

ttH125_4l_TCjmax_pT4l_genbin2_recobin0 acc 0.0067 eff 0.0 outinratio 0.5005 

ZH125_4l_TCjmax_pT4l_genbin2_recobin0 acc 0.0322 eff 0.0561 outinratio 0.0341 

ggH125_4l_TCjmax_pT4l_genbin3_recobin0 acc 0.0227 eff 0.0501 outinratio 0.0479 

VBFH125_4l_TCjmax_pT4l_genbin3_recobin0 acc 0.0436 eff 0.034 outinratio 0.0361 

WminusH125_4l_TCjmax_pT4l_genbin3_recobin0 acc 0.024 eff 0.0306 outinratio 0.0652 

WplusH125_4l_TCjmax_pT4l_genbin3_recobin0 acc 0.0201 eff 0.0259 outinratio 0.0669 

ttH125_4l_TCjmax_pT4l_genbin3_recobin0 acc 0.0057 eff 0.0 outinratio 0.5005 

ZH125_4l_TCjmax_pT4l_genbin3_recobin0 acc 0.0213 eff 0.0317 outinratio 0.0341 

ggH125_4l_TCjmax_pT4l_genbin4_recobin0 acc 0.0189 eff 0.0348 outinratio 0.0479 

VBFH125_4l_TCjmax_pT4l_genbin4_recobin0 acc 0.0551 eff 0.0208 outinratio 0.0361 

WminusH125_4l_TCjmax_pT4l_genbin4_recobin0 acc 0.0247 eff 0.021 outinratio 0.0652 

WplusH125_4l_TCjmax_pT4l_genbin4_recobin0 acc 0.0216 eff 0.0155 outinratio 0.0669 

ttH125_4l_TCjmax_pT4l_genbin4_recobin0 acc 0.0062 eff 0.0058 outinratio 0.5005 

ZH125_4l_TCjmax_pT4l_genbin4_recobin0 acc 0.0232 eff 0.0452 outinratio 0.0341 

ggH125_4l_TCjmax_pT4l_genbin5_recobin0 acc 0.0153 eff 0.011 outinratio 0.0479 

VBFH125_4l_TCjmax_pT4l_genbin5_recobin0 acc 0.0693 eff 0.0107 outinratio 0.0361 

WminusH125_4l_TCjmax_pT4l_genbin5_recobin0 acc 0.0233 eff 0.0156 outinratio 0.0652 

WplusH125_4l_TCjmax_pT4l_genbin5_recobin0 acc 0.0206 eff 0.0186 outinratio 0.0669 

ttH125_4l_TCjmax_pT4l_genbin5_recobin0 acc 0.0088 eff 0.0 outinratio 0.5005 

ZH125_4l_TCjmax_pT4l_genbin5_recobin0 acc 0.0197 eff 0.0165 outinratio 0.0341 

ggH125_4l_TCjmax_pT4l_genbin6_recobin0 acc 0.0088 eff 0.0029 outinratio 0.0479 

VBFH125_4l_TCjmax_pT4l_genbin6_recobin0 acc 0.0712 eff 0.0045 outinratio 0.0361 

WminusH125_4l_TCjmax_pT4l_genbin6_recobin0 acc 0.0151 eff 0.0201 outinratio 0.0652 

WplusH125_4l_TCjmax_pT4l_genbin6_recobin0 acc 0.0157 eff 0.0181 outinratio 0.0669 

ttH125_4l_TCjmax_pT4l_genbin6_recobin0 acc 0.017 eff 0.0 outinratio 0.5005 

ZH125_4l_TCjmax_pT4l_genbin6_recobin0 acc 0.0205 eff 0.0202 outinratio 0.0341 

ggH125_4l_TCjmax_pT4l_genbin7_recobin0 acc 0.0249 eff 0.0015 outinratio 0.0479 

VBFH125_4l_TCjmax_pT4l_genbin7_recobin0 acc 0.0686 eff 0.0019 outinratio 0.0361 

WminusH125_4l_TCjmax_pT4l_genbin7_recobin0 acc 0.1045 eff 0.0015 outinratio 0.0652 

WplusH125_4l_TCjmax_pT4l_genbin7_recobin0 acc 0.0941 eff 0.0018 outinratio 0.0669 

ttH125_4l_TCjmax_pT4l_genbin7_recobin0 acc 0.2294 eff 0.0 outinratio 0.5005 

ZH125_4l_TCjmax_pT4l_genbin7_recobin0 acc 0.1133 eff 0.0017 outinratio 0.0341 

ggH125_4l_TCjmax_pT4l_genbin8_recobin0 acc 0.0043 eff 0.0 outinratio 0.0479 

VBFH125_4l_TCjmax_pT4l_genbin8_recobin0 acc 0.0123 eff 0.001 outinratio 0.0361 

WminusH125_4l_TCjmax_pT4l_genbin8_recobin0 acc 0.0123 eff 0.0002 outinratio 0.0652 

WplusH125_4l_TCjmax_pT4l_genbin8_recobin0 acc 0.0147 eff 0.0002 outinratio 0.0669 

ttH125_4l_TCjmax_pT4l_genbin8_recobin0 acc 0.0389 eff 0.0 outinratio 0.5005 

ZH125_4l_TCjmax_pT4l_genbin8_recobin0 acc 0.0128 eff 0.0 outinratio 0.0341 

ggH125_4l_TCjmax_pT4l_genbin0_recobin1 acc 0.2528 eff 0.0507 outinratio 0.0728 

VBFH125_4l_TCjmax_pT4l_genbin0_recobin1 acc 0.0391 eff 0.0721 outinratio 0.0388 

WminusH125_4l_TCjmax_pT4l_genbin0_recobin1 acc 0.0852 eff 0.0384 outinratio 0.0826 

WplusH125_4l_TCjmax_pT4l_genbin0_recobin1 acc 0.0719 eff 0.0326 outinratio 0.0979 

ttH125_4l_TCjmax_pT4l_genbin0_recobin1 acc 0.001 eff 0.0 outinratio 0.1509 

ZH125_4l_TCjmax_pT4l_genbin0_recobin1 acc 0.071 eff 0.0199 outinratio 0.0474 

ggH125_4l_TCjmax_pT4l_genbin1_recobin1 acc 0.0181 eff 0.3808 outinratio 0.0728 

VBFH125_4l_TCjmax_pT4l_genbin1_recobin1 acc 0.0343 eff 0.4646 outinratio 0.0388 

WminusH125_4l_TCjmax_pT4l_genbin1_recobin1 acc 0.0264 eff 0.4445 outinratio 0.0826 

WplusH125_4l_TCjmax_pT4l_genbin1_recobin1 acc 0.0221 eff 0.4244 outinratio 0.0979 

ttH125_4l_TCjmax_pT4l_genbin1_recobin1 acc 0.0051 eff 0.3512 outinratio 0.1509 

ZH125_4l_TCjmax_pT4l_genbin1_recobin1 acc 0.0303 eff 0.5151 outinratio 0.0474 

ggH125_4l_TCjmax_pT4l_genbin2_recobin1 acc 0.0336 eff 0.0143 outinratio 0.0728 

VBFH125_4l_TCjmax_pT4l_genbin2_recobin1 acc 0.0498 eff 0.0145 outinratio 0.0388 

WminusH125_4l_TCjmax_pT4l_genbin2_recobin1 acc 0.0322 eff 0.0155 outinratio 0.0826 

WplusH125_4l_TCjmax_pT4l_genbin2_recobin1 acc 0.0274 eff 0.0154 outinratio 0.0979 

ttH125_4l_TCjmax_pT4l_genbin2_recobin1 acc 0.0067 eff 0.0202 outinratio 0.1509 

ZH125_4l_TCjmax_pT4l_genbin2_recobin1 acc 0.0322 eff 0.0168 outinratio 0.0474 

ggH125_4l_TCjmax_pT4l_genbin3_recobin1 acc 0.0227 eff 0.0 outinratio 0.0728 

VBFH125_4l_TCjmax_pT4l_genbin3_recobin1 acc 0.0436 eff 0.0001 outinratio 0.0388 

WminusH125_4l_TCjmax_pT4l_genbin3_recobin1 acc 0.024 eff 0.0 outinratio 0.0826 

WplusH125_4l_TCjmax_pT4l_genbin3_recobin1 acc 0.0201 eff 0.0 outinratio 0.0979 

ttH125_4l_TCjmax_pT4l_genbin3_recobin1 acc 0.0057 eff 0.0 outinratio 0.1509 

ZH125_4l_TCjmax_pT4l_genbin3_recobin1 acc 0.0213 eff 0.0 outinratio 0.0474 

ggH125_4l_TCjmax_pT4l_genbin4_recobin1 acc 0.0189 eff 0.0 outinratio 0.0728 

VBFH125_4l_TCjmax_pT4l_genbin4_recobin1 acc 0.0551 eff 0.0 outinratio 0.0388 

WminusH125_4l_TCjmax_pT4l_genbin4_recobin1 acc 0.0247 eff 0.0 outinratio 0.0826 

WplusH125_4l_TCjmax_pT4l_genbin4_recobin1 acc 0.0216 eff 0.0 outinratio 0.0979 

ttH125_4l_TCjmax_pT4l_genbin4_recobin1 acc 0.0062 eff 0.0 outinratio 0.1509 

ZH125_4l_TCjmax_pT4l_genbin4_recobin1 acc 0.0232 eff 0.0 outinratio 0.0474 

ggH125_4l_TCjmax_pT4l_genbin5_recobin1 acc 0.0153 eff 0.0 outinratio 0.0728 

VBFH125_4l_TCjmax_pT4l_genbin5_recobin1 acc 0.0693 eff 0.0 outinratio 0.0388 

WminusH125_4l_TCjmax_pT4l_genbin5_recobin1 acc 0.0233 eff 0.0 outinratio 0.0826 

WplusH125_4l_TCjmax_pT4l_genbin5_recobin1 acc 0.0206 eff 0.0 outinratio 0.0979 

ttH125_4l_TCjmax_pT4l_genbin5_recobin1 acc 0.0088 eff 0.0 outinratio 0.1509 

ZH125_4l_TCjmax_pT4l_genbin5_recobin1 acc 0.0197 eff 0.0 outinratio 0.0474 

ggH125_4l_TCjmax_pT4l_genbin6_recobin1 acc 0.0088 eff 0.0 outinratio 0.0728 

VBFH125_4l_TCjmax_pT4l_genbin6_recobin1 acc 0.0712 eff 0.0 outinratio 0.0388 

WminusH125_4l_TCjmax_pT4l_genbin6_recobin1 acc 0.0151 eff 0.0 outinratio 0.0826 

WplusH125_4l_TCjmax_pT4l_genbin6_recobin1 acc 0.0157 eff 0.0 outinratio 0.0979 

ttH125_4l_TCjmax_pT4l_genbin6_recobin1 acc 0.017 eff 0.0 outinratio 0.1509 

ZH125_4l_TCjmax_pT4l_genbin6_recobin1 acc 0.0205 eff 0.0 outinratio 0.0474 

ggH125_4l_TCjmax_pT4l_genbin7_recobin1 acc 0.0249 eff 0.0005 outinratio 0.0728 

VBFH125_4l_TCjmax_pT4l_genbin7_recobin1 acc 0.0686 eff 0.0024 outinratio 0.0388 

WminusH125_4l_TCjmax_pT4l_genbin7_recobin1 acc 0.1045 eff 0.0019 outinratio 0.0826 

WplusH125_4l_TCjmax_pT4l_genbin7_recobin1 acc 0.0941 eff 0.0018 outinratio 0.0979 

ttH125_4l_TCjmax_pT4l_genbin7_recobin1 acc 0.2294 eff 0.0019 outinratio 0.1509 

ZH125_4l_TCjmax_pT4l_genbin7_recobin1 acc 0.1133 eff 0.0 outinratio 0.0474 

ggH125_4l_TCjmax_pT4l_genbin8_recobin1 acc 0.0043 eff 0.0 outinratio 0.0728 

VBFH125_4l_TCjmax_pT4l_genbin8_recobin1 acc 0.0123 eff 0.0 outinratio 0.0388 

WminusH125_4l_TCjmax_pT4l_genbin8_recobin1 acc 0.0123 eff 0.0 outinratio 0.0826 

WplusH125_4l_TCjmax_pT4l_genbin8_recobin1 acc 0.0147 eff 0.0 outinratio 0.0979 

ttH125_4l_TCjmax_pT4l_genbin8_recobin1 acc 0.0389 eff 0.0 outinratio 0.1509 

ZH125_4l_TCjmax_pT4l_genbin8_recobin1 acc 0.0128 eff 0.0 outinratio 0.0474 

ggH125_4l_TCjmax_pT4l_genbin0_recobin2 acc 0.2528 eff 0.0153 outinratio 0.0493 

VBFH125_4l_TCjmax_pT4l_genbin0_recobin2 acc 0.0391 eff 0.0547 outinratio 0.0461 

WminusH125_4l_TCjmax_pT4l_genbin0_recobin2 acc 0.0852 eff 0.0295 outinratio 0.0901 

WplusH125_4l_TCjmax_pT4l_genbin0_recobin2 acc 0.0719 eff 0.0299 outinratio 0.0877 

ttH125_4l_TCjmax_pT4l_genbin0_recobin2 acc 0.001 eff 0.0 outinratio 0.1152 

ZH125_4l_TCjmax_pT4l_genbin0_recobin2 acc 0.071 eff 0.0267 outinratio 0.0487 

ggH125_4l_TCjmax_pT4l_genbin1_recobin2 acc 0.0181 eff 0.0185 outinratio 0.0493 

VBFH125_4l_TCjmax_pT4l_genbin1_recobin2 acc 0.0343 eff 0.015 outinratio 0.0461 

WminusH125_4l_TCjmax_pT4l_genbin1_recobin2 acc 0.0264 eff 0.0142 outinratio 0.0901 

WplusH125_4l_TCjmax_pT4l_genbin1_recobin2 acc 0.0221 eff 0.0136 outinratio 0.0877 

ttH125_4l_TCjmax_pT4l_genbin1_recobin2 acc 0.0051 eff 0.0092 outinratio 0.1152 

ZH125_4l_TCjmax_pT4l_genbin1_recobin2 acc 0.0303 eff 0.0293 outinratio 0.0487 

ggH125_4l_TCjmax_pT4l_genbin2_recobin2 acc 0.0336 eff 0.4113 outinratio 0.0493 

VBFH125_4l_TCjmax_pT4l_genbin2_recobin2 acc 0.0498 eff 0.4565 outinratio 0.0461 

WminusH125_4l_TCjmax_pT4l_genbin2_recobin2 acc 0.0322 eff 0.4249 outinratio 0.0901 

WplusH125_4l_TCjmax_pT4l_genbin2_recobin2 acc 0.0274 eff 0.4256 outinratio 0.0877 

ttH125_4l_TCjmax_pT4l_genbin2_recobin2 acc 0.0067 eff 0.3571 outinratio 0.1152 

ZH125_4l_TCjmax_pT4l_genbin2_recobin2 acc 0.0322 eff 0.4333 outinratio 0.0487 

ggH125_4l_TCjmax_pT4l_genbin3_recobin2 acc 0.0227 eff 0.0295 outinratio 0.0493 

VBFH125_4l_TCjmax_pT4l_genbin3_recobin2 acc 0.0436 eff 0.0291 outinratio 0.0461 

WminusH125_4l_TCjmax_pT4l_genbin3_recobin2 acc 0.024 eff 0.0286 outinratio 0.0901 

WplusH125_4l_TCjmax_pT4l_genbin3_recobin2 acc 0.0201 eff 0.026 outinratio 0.0877 

ttH125_4l_TCjmax_pT4l_genbin3_recobin2 acc 0.0057 eff 0.017 outinratio 0.1152 

ZH125_4l_TCjmax_pT4l_genbin3_recobin2 acc 0.0213 eff 0.0643 outinratio 0.0487 

ggH125_4l_TCjmax_pT4l_genbin4_recobin2 acc 0.0189 eff 0.0 outinratio 0.0493 

VBFH125_4l_TCjmax_pT4l_genbin4_recobin2 acc 0.0551 eff 0.0003 outinratio 0.0461 

WminusH125_4l_TCjmax_pT4l_genbin4_recobin2 acc 0.0247 eff 0.0001 outinratio 0.0901 

WplusH125_4l_TCjmax_pT4l_genbin4_recobin2 acc 0.0216 eff 0.0 outinratio 0.0877 

ttH125_4l_TCjmax_pT4l_genbin4_recobin2 acc 0.0062 eff 0.0 outinratio 0.1152 

ZH125_4l_TCjmax_pT4l_genbin4_recobin2 acc 0.0232 eff 0.0 outinratio 0.0487 

ggH125_4l_TCjmax_pT4l_genbin5_recobin2 acc 0.0153 eff 0.0 outinratio 0.0493 

VBFH125_4l_TCjmax_pT4l_genbin5_recobin2 acc 0.0693 eff 0.0 outinratio 0.0461 

WminusH125_4l_TCjmax_pT4l_genbin5_recobin2 acc 0.0233 eff 0.0 outinratio 0.0901 

WplusH125_4l_TCjmax_pT4l_genbin5_recobin2 acc 0.0206 eff 0.0 outinratio 0.0877 

ttH125_4l_TCjmax_pT4l_genbin5_recobin2 acc 0.0088 eff 0.0 outinratio 0.1152 

ZH125_4l_TCjmax_pT4l_genbin5_recobin2 acc 0.0197 eff 0.0 outinratio 0.0487 

ggH125_4l_TCjmax_pT4l_genbin6_recobin2 acc 0.0088 eff 0.0 outinratio 0.0493 

VBFH125_4l_TCjmax_pT4l_genbin6_recobin2 acc 0.0712 eff 0.0 outinratio 0.0461 

WminusH125_4l_TCjmax_pT4l_genbin6_recobin2 acc 0.0151 eff 0.0 outinratio 0.0901 

WplusH125_4l_TCjmax_pT4l_genbin6_recobin2 acc 0.0157 eff 0.0 outinratio 0.0877 

ttH125_4l_TCjmax_pT4l_genbin6_recobin2 acc 0.017 eff 0.0 outinratio 0.1152 

ZH125_4l_TCjmax_pT4l_genbin6_recobin2 acc 0.0205 eff 0.0 outinratio 0.0487 

ggH125_4l_TCjmax_pT4l_genbin7_recobin2 acc 0.0249 eff 0.003 outinratio 0.0493 

VBFH125_4l_TCjmax_pT4l_genbin7_recobin2 acc 0.0686 eff 0.0041 outinratio 0.0461 

WminusH125_4l_TCjmax_pT4l_genbin7_recobin2 acc 0.1045 eff 0.0045 outinratio 0.0901 

WplusH125_4l_TCjmax_pT4l_genbin7_recobin2 acc 0.0941 eff 0.0038 outinratio 0.0877 

ttH125_4l_TCjmax_pT4l_genbin7_recobin2 acc 0.2294 eff 0.0023 outinratio 0.1152 

ZH125_4l_TCjmax_pT4l_genbin7_recobin2 acc 0.1133 eff 0.0132 outinratio 0.0487 

ggH125_4l_TCjmax_pT4l_genbin8_recobin2 acc 0.0043 eff 0.0 outinratio 0.0493 

VBFH125_4l_TCjmax_pT4l_genbin8_recobin2 acc 0.0123 eff 0.0 outinratio 0.0461 

WminusH125_4l_TCjmax_pT4l_genbin8_recobin2 acc 0.0123 eff 0.0 outinratio 0.0901 

WplusH125_4l_TCjmax_pT4l_genbin8_recobin2 acc 0.0147 eff 0.0 outinratio 0.0877 

ttH125_4l_TCjmax_pT4l_genbin8_recobin2 acc 0.0389 eff 0.0 outinratio 0.1152 

ZH125_4l_TCjmax_pT4l_genbin8_recobin2 acc 0.0128 eff 0.0 outinratio 0.0487 

ggH125_4l_TCjmax_pT4l_genbin0_recobin3 acc 0.2528 eff 0.0039 outinratio 0.0563 

VBFH125_4l_TCjmax_pT4l_genbin0_recobin3 acc 0.0391 eff 0.0217 outinratio 0.0356 

WminusH125_4l_TCjmax_pT4l_genbin0_recobin3 acc 0.0852 eff 0.0156 outinratio 0.0738 

WplusH125_4l_TCjmax_pT4l_genbin0_recobin3 acc 0.0719 eff 0.0153 outinratio 0.0757 

ttH125_4l_TCjmax_pT4l_genbin0_recobin3 acc 0.001 eff 0.0 outinratio 0.1318 

ZH125_4l_TCjmax_pT4l_genbin0_recobin3 acc 0.071 eff 0.0345 outinratio 0.0439 

ggH125_4l_TCjmax_pT4l_genbin1_recobin3 acc 0.0181 eff 0.0 outinratio 0.0563 

VBFH125_4l_TCjmax_pT4l_genbin1_recobin3 acc 0.0343 eff 0.0 outinratio 0.0356 

WminusH125_4l_TCjmax_pT4l_genbin1_recobin3 acc 0.0264 eff 0.0 outinratio 0.0738 

WplusH125_4l_TCjmax_pT4l_genbin1_recobin3 acc 0.0221 eff 0.0 outinratio 0.0757 

ttH125_4l_TCjmax_pT4l_genbin1_recobin3 acc 0.0051 eff 0.0 outinratio 0.1318 

ZH125_4l_TCjmax_pT4l_genbin1_recobin3 acc 0.0303 eff 0.0 outinratio 0.0439 

ggH125_4l_TCjmax_pT4l_genbin2_recobin3 acc 0.0336 eff 0.0134 outinratio 0.0563 

VBFH125_4l_TCjmax_pT4l_genbin2_recobin3 acc 0.0498 eff 0.0142 outinratio 0.0356 

WminusH125_4l_TCjmax_pT4l_genbin2_recobin3 acc 0.0322 eff 0.013 outinratio 0.0738 

WplusH125_4l_TCjmax_pT4l_genbin2_recobin3 acc 0.0274 eff 0.0139 outinratio 0.0757 

ttH125_4l_TCjmax_pT4l_genbin2_recobin3 acc 0.0067 eff 0.0059 outinratio 0.1318 

ZH125_4l_TCjmax_pT4l_genbin2_recobin3 acc 0.0322 eff 0.0248 outinratio 0.0439 

ggH125_4l_TCjmax_pT4l_genbin3_recobin3 acc 0.0227 eff 0.4238 outinratio 0.0563 

VBFH125_4l_TCjmax_pT4l_genbin3_recobin3 acc 0.0436 eff 0.4555 outinratio 0.0356 

WminusH125_4l_TCjmax_pT4l_genbin3_recobin3 acc 0.024 eff 0.4113 outinratio 0.0738 

WplusH125_4l_TCjmax_pT4l_genbin3_recobin3 acc 0.0201 eff 0.398 outinratio 0.0757 

ttH125_4l_TCjmax_pT4l_genbin3_recobin3 acc 0.0057 eff 0.3571 outinratio 0.1318 

ZH125_4l_TCjmax_pT4l_genbin3_recobin3 acc 0.0213 eff 0.3475 outinratio 0.0439 

ggH125_4l_TCjmax_pT4l_genbin4_recobin3 acc 0.0189 eff 0.0275 outinratio 0.0563 

VBFH125_4l_TCjmax_pT4l_genbin4_recobin3 acc 0.0551 eff 0.0255 outinratio 0.0356 

WminusH125_4l_TCjmax_pT4l_genbin4_recobin3 acc 0.0247 eff 0.0258 outinratio 0.0738 

WplusH125_4l_TCjmax_pT4l_genbin4_recobin3 acc 0.0216 eff 0.0243 outinratio 0.0757 

ttH125_4l_TCjmax_pT4l_genbin4_recobin3 acc 0.0062 eff 0.0044 outinratio 0.1318 

ZH125_4l_TCjmax_pT4l_genbin4_recobin3 acc 0.0232 eff -0.0073 outinratio 0.0439 

ggH125_4l_TCjmax_pT4l_genbin5_recobin3 acc 0.0153 eff 0.0 outinratio 0.0563 

VBFH125_4l_TCjmax_pT4l_genbin5_recobin3 acc 0.0693 eff 0.0002 outinratio 0.0356 

WminusH125_4l_TCjmax_pT4l_genbin5_recobin3 acc 0.0233 eff 0.0 outinratio 0.0738 

WplusH125_4l_TCjmax_pT4l_genbin5_recobin3 acc 0.0206 eff 0.0 outinratio 0.0757 

ttH125_4l_TCjmax_pT4l_genbin5_recobin3 acc 0.0088 eff 0.0 outinratio 0.1318 

ZH125_4l_TCjmax_pT4l_genbin5_recobin3 acc 0.0197 eff 0.0 outinratio 0.0439 

ggH125_4l_TCjmax_pT4l_genbin6_recobin3 acc 0.0088 eff 0.0 outinratio 0.0563 

VBFH125_4l_TCjmax_pT4l_genbin6_recobin3 acc 0.0712 eff 0.0 outinratio 0.0356 

WminusH125_4l_TCjmax_pT4l_genbin6_recobin3 acc 0.0151 eff 0.0 outinratio 0.0738 

WplusH125_4l_TCjmax_pT4l_genbin6_recobin3 acc 0.0157 eff 0.0 outinratio 0.0757 

ttH125_4l_TCjmax_pT4l_genbin6_recobin3 acc 0.017 eff 0.0 outinratio 0.1318 

ZH125_4l_TCjmax_pT4l_genbin6_recobin3 acc 0.0205 eff 0.0 outinratio 0.0439 

ggH125_4l_TCjmax_pT4l_genbin7_recobin3 acc 0.0249 eff 0.0105 outinratio 0.0563 

VBFH125_4l_TCjmax_pT4l_genbin7_recobin3 acc 0.0686 eff 0.005 outinratio 0.0356 

WminusH125_4l_TCjmax_pT4l_genbin7_recobin3 acc 0.1045 eff 0.0062 outinratio 0.0738 

WplusH125_4l_TCjmax_pT4l_genbin7_recobin3 acc 0.0941 eff 0.0046 outinratio 0.0757 

ttH125_4l_TCjmax_pT4l_genbin7_recobin3 acc 0.2294 eff 0.0021 outinratio 0.1318 

ZH125_4l_TCjmax_pT4l_genbin7_recobin3 acc 0.1133 eff 0.0115 outinratio 0.0439 

ggH125_4l_TCjmax_pT4l_genbin8_recobin3 acc 0.0043 eff 0.0 outinratio 0.0563 

VBFH125_4l_TCjmax_pT4l_genbin8_recobin3 acc 0.0123 eff 0.0 outinratio 0.0356 

WminusH125_4l_TCjmax_pT4l_genbin8_recobin3 acc 0.0123 eff 0.0 outinratio 0.0738 

WplusH125_4l_TCjmax_pT4l_genbin8_recobin3 acc 0.0147 eff 0.0 outinratio 0.0757 

ttH125_4l_TCjmax_pT4l_genbin8_recobin3 acc 0.0389 eff 0.0 outinratio 0.1318 

ZH125_4l_TCjmax_pT4l_genbin8_recobin3 acc 0.0128 eff 0.0 outinratio 0.0439 

ggH125_4l_TCjmax_pT4l_genbin0_recobin4 acc 0.2528 eff 0.0013 outinratio 0.0448 

VBFH125_4l_TCjmax_pT4l_genbin0_recobin4 acc 0.0391 eff 0.0106 outinratio 0.0329 

WminusH125_4l_TCjmax_pT4l_genbin0_recobin4 acc 0.0852 eff 0.0146 outinratio 0.0675 

WplusH125_4l_TCjmax_pT4l_genbin0_recobin4 acc 0.0719 eff 0.0155 outinratio 0.0707 

ttH125_4l_TCjmax_pT4l_genbin0_recobin4 acc 0.001 eff 0.0 outinratio 0.1591 

ZH125_4l_TCjmax_pT4l_genbin0_recobin4 acc 0.071 eff 0.0091 outinratio 0.1324 

ggH125_4l_TCjmax_pT4l_genbin1_recobin4 acc 0.0181 eff 0.0 outinratio 0.0448 

VBFH125_4l_TCjmax_pT4l_genbin1_recobin4 acc 0.0343 eff 0.0 outinratio 0.0329 

WminusH125_4l_TCjmax_pT4l_genbin1_recobin4 acc 0.0264 eff 0.0 outinratio 0.0675 

WplusH125_4l_TCjmax_pT4l_genbin1_recobin4 acc 0.0221 eff 0.0 outinratio 0.0707 

ttH125_4l_TCjmax_pT4l_genbin1_recobin4 acc 0.0051 eff 0.0 outinratio 0.1591 

ZH125_4l_TCjmax_pT4l_genbin1_recobin4 acc 0.0303 eff 0.0 outinratio 0.1324 

ggH125_4l_TCjmax_pT4l_genbin2_recobin4 acc 0.0336 eff 0.0 outinratio 0.0448 

VBFH125_4l_TCjmax_pT4l_genbin2_recobin4 acc 0.0498 eff 0.0002 outinratio 0.0329 

WminusH125_4l_TCjmax_pT4l_genbin2_recobin4 acc 0.0322 eff 0.0 outinratio 0.0675 

WplusH125_4l_TCjmax_pT4l_genbin2_recobin4 acc 0.0274 eff 0.0 outinratio 0.0707 

ttH125_4l_TCjmax_pT4l_genbin2_recobin4 acc 0.0067 eff 0.0042 outinratio 0.1591 

ZH125_4l_TCjmax_pT4l_genbin2_recobin4 acc 0.0322 eff 0.0 outinratio 0.1324 

ggH125_4l_TCjmax_pT4l_genbin3_recobin4 acc 0.0227 eff 0.0198 outinratio 0.0448 

VBFH125_4l_TCjmax_pT4l_genbin3_recobin4 acc 0.0436 eff 0.0186 outinratio 0.0329 

WminusH125_4l_TCjmax_pT4l_genbin3_recobin4 acc 0.024 eff 0.0164 outinratio 0.0675 

WplusH125_4l_TCjmax_pT4l_genbin3_recobin4 acc 0.0201 eff 0.0162 outinratio 0.0707 

ttH125_4l_TCjmax_pT4l_genbin3_recobin4 acc 0.0057 eff 0.0123 outinratio 0.1591 

ZH125_4l_TCjmax_pT4l_genbin3_recobin4 acc 0.0213 eff 0.0246 outinratio 0.1324 

ggH125_4l_TCjmax_pT4l_genbin4_recobin4 acc 0.0189 eff 0.4708 outinratio 0.0448 

VBFH125_4l_TCjmax_pT4l_genbin4_recobin4 acc 0.0551 eff 0.4762 outinratio 0.0329 

WminusH125_4l_TCjmax_pT4l_genbin4_recobin4 acc 0.0247 eff 0.4405 outinratio 0.0675 

WplusH125_4l_TCjmax_pT4l_genbin4_recobin4 acc 0.0216 eff 0.4254 outinratio 0.0707 

ttH125_4l_TCjmax_pT4l_genbin4_recobin4 acc 0.0062 eff 0.265 outinratio 0.1591 

ZH125_4l_TCjmax_pT4l_genbin4_recobin4 acc 0.0232 eff 0.4807 outinratio 0.1324 

ggH125_4l_TCjmax_pT4l_genbin5_recobin4 acc 0.0153 eff 0.0267 outinratio 0.0448 

VBFH125_4l_TCjmax_pT4l_genbin5_recobin4 acc 0.0693 eff 0.0207 outinratio 0.0329 

WminusH125_4l_TCjmax_pT4l_genbin5_recobin4 acc 0.0233 eff 0.0242 outinratio 0.0675 

WplusH125_4l_TCjmax_pT4l_genbin5_recobin4 acc 0.0206 eff 0.0251 outinratio 0.0707 

ttH125_4l_TCjmax_pT4l_genbin5_recobin4 acc 0.0088 eff 0.0158 outinratio 0.1591 

ZH125_4l_TCjmax_pT4l_genbin5_recobin4 acc 0.0197 eff 0.0228 outinratio 0.1324 

ggH125_4l_TCjmax_pT4l_genbin6_recobin4 acc 0.0088 eff 0.0 outinratio 0.0448 

VBFH125_4l_TCjmax_pT4l_genbin6_recobin4 acc 0.0712 eff 0.0 outinratio 0.0329 

WminusH125_4l_TCjmax_pT4l_genbin6_recobin4 acc 0.0151 eff 0.0 outinratio 0.0675 

WplusH125_4l_TCjmax_pT4l_genbin6_recobin4 acc 0.0157 eff 0.0 outinratio 0.0707 

ttH125_4l_TCjmax_pT4l_genbin6_recobin4 acc 0.017 eff 0.0 outinratio 0.1591 

ZH125_4l_TCjmax_pT4l_genbin6_recobin4 acc 0.0205 eff 0.0 outinratio 0.1324 

ggH125_4l_TCjmax_pT4l_genbin7_recobin4 acc 0.0249 eff 0.0124 outinratio 0.0448 

VBFH125_4l_TCjmax_pT4l_genbin7_recobin4 acc 0.0686 eff 0.0073 outinratio 0.0329 

WminusH125_4l_TCjmax_pT4l_genbin7_recobin4 acc 0.1045 eff 0.0081 outinratio 0.0675 

WplusH125_4l_TCjmax_pT4l_genbin7_recobin4 acc 0.0941 eff 0.0082 outinratio 0.0707 

ttH125_4l_TCjmax_pT4l_genbin7_recobin4 acc 0.2294 eff 0.0026 outinratio 0.1591 

ZH125_4l_TCjmax_pT4l_genbin7_recobin4 acc 0.1133 eff 0.0119 outinratio 0.1324 

ggH125_4l_TCjmax_pT4l_genbin8_recobin4 acc 0.0043 eff 0.0 outinratio 0.0448 

VBFH125_4l_TCjmax_pT4l_genbin8_recobin4 acc 0.0123 eff 0.0 outinratio 0.0329 

WminusH125_4l_TCjmax_pT4l_genbin8_recobin4 acc 0.0123 eff 0.0 outinratio 0.0675 

WplusH125_4l_TCjmax_pT4l_genbin8_recobin4 acc 0.0147 eff 0.0 outinratio 0.0707 

ttH125_4l_TCjmax_pT4l_genbin8_recobin4 acc 0.0389 eff 0.0 outinratio 0.1591 

ZH125_4l_TCjmax_pT4l_genbin8_recobin4 acc 0.0128 eff 0.0 outinratio 0.1324 

ggH125_4l_TCjmax_pT4l_genbin0_recobin5 acc 0.2528 eff 0.0002 outinratio 0.0369 

VBFH125_4l_TCjmax_pT4l_genbin0_recobin5 acc 0.0391 eff 0.0021 outinratio 0.0353 

WminusH125_4l_TCjmax_pT4l_genbin0_recobin5 acc 0.0852 eff 0.0169 outinratio 0.0643 

WplusH125_4l_TCjmax_pT4l_genbin0_recobin5 acc 0.0719 eff 0.0166 outinratio 0.0556 

ttH125_4l_TCjmax_pT4l_genbin0_recobin5 acc 0.001 eff 0.0683 outinratio 0.155 

ZH125_4l_TCjmax_pT4l_genbin0_recobin5 acc 0.071 eff 0.0156 outinratio 0.1265 

ggH125_4l_TCjmax_pT4l_genbin1_recobin5 acc 0.0181 eff 0.0 outinratio 0.0369 

VBFH125_4l_TCjmax_pT4l_genbin1_recobin5 acc 0.0343 eff 0.0 outinratio 0.0353 

WminusH125_4l_TCjmax_pT4l_genbin1_recobin5 acc 0.0264 eff 0.0 outinratio 0.0643 

WplusH125_4l_TCjmax_pT4l_genbin1_recobin5 acc 0.0221 eff 0.0 outinratio 0.0556 

ttH125_4l_TCjmax_pT4l_genbin1_recobin5 acc 0.0051 eff 0.0 outinratio 0.155 

ZH125_4l_TCjmax_pT4l_genbin1_recobin5 acc 0.0303 eff 0.0 outinratio 0.1265 

ggH125_4l_TCjmax_pT4l_genbin2_recobin5 acc 0.0336 eff 0.0 outinratio 0.0369 

VBFH125_4l_TCjmax_pT4l_genbin2_recobin5 acc 0.0498 eff 0.0 outinratio 0.0353 

WminusH125_4l_TCjmax_pT4l_genbin2_recobin5 acc 0.0322 eff 0.0 outinratio 0.0643 

WplusH125_4l_TCjmax_pT4l_genbin2_recobin5 acc 0.0274 eff 0.0 outinratio 0.0556 

ttH125_4l_TCjmax_pT4l_genbin2_recobin5 acc 0.0067 eff 0.0 outinratio 0.155 

ZH125_4l_TCjmax_pT4l_genbin2_recobin5 acc 0.0322 eff 0.0 outinratio 0.1265 

ggH125_4l_TCjmax_pT4l_genbin3_recobin5 acc 0.0227 eff 0.0 outinratio 0.0369 

VBFH125_4l_TCjmax_pT4l_genbin3_recobin5 acc 0.0436 eff 0.0001 outinratio 0.0353 

WminusH125_4l_TCjmax_pT4l_genbin3_recobin5 acc 0.024 eff 0.0 outinratio 0.0643 

WplusH125_4l_TCjmax_pT4l_genbin3_recobin5 acc 0.0201 eff 0.0001 outinratio 0.0556 

ttH125_4l_TCjmax_pT4l_genbin3_recobin5 acc 0.0057 eff 0.0 outinratio 0.155 

ZH125_4l_TCjmax_pT4l_genbin3_recobin5 acc 0.0213 eff 0.0 outinratio 0.1265 

ggH125_4l_TCjmax_pT4l_genbin4_recobin5 acc 0.0189 eff 0.0153 outinratio 0.0369 

VBFH125_4l_TCjmax_pT4l_genbin4_recobin5 acc 0.0551 eff 0.0128 outinratio 0.0353 

WminusH125_4l_TCjmax_pT4l_genbin4_recobin5 acc 0.0247 eff 0.0128 outinratio 0.0643 

WplusH125_4l_TCjmax_pT4l_genbin4_recobin5 acc 0.0216 eff 0.0099 outinratio 0.0556 

ttH125_4l_TCjmax_pT4l_genbin4_recobin5 acc 0.0062 eff 0.0 outinratio 0.155 

ZH125_4l_TCjmax_pT4l_genbin4_recobin5 acc 0.0232 eff 0.0193 outinratio 0.1265 

ggH125_4l_TCjmax_pT4l_genbin5_recobin5 acc 0.0153 eff 0.5326 outinratio 0.0369 

VBFH125_4l_TCjmax_pT4l_genbin5_recobin5 acc 0.0693 eff 0.5087 outinratio 0.0353 

WminusH125_4l_TCjmax_pT4l_genbin5_recobin5 acc 0.0233 eff 0.4398 outinratio 0.0643 

WplusH125_4l_TCjmax_pT4l_genbin5_recobin5 acc 0.0206 eff 0.4365 outinratio 0.0556 

ttH125_4l_TCjmax_pT4l_genbin5_recobin5 acc 0.0088 eff 0.3543 outinratio 0.155 

ZH125_4l_TCjmax_pT4l_genbin5_recobin5 acc 0.0197 eff 0.3784 outinratio 0.1265 

ggH125_4l_TCjmax_pT4l_genbin6_recobin5 acc 0.0088 eff 0.0193 outinratio 0.0369 

VBFH125_4l_TCjmax_pT4l_genbin6_recobin5 acc 0.0712 eff 0.0157 outinratio 0.0353 

WminusH125_4l_TCjmax_pT4l_genbin6_recobin5 acc 0.0151 eff 0.0177 outinratio 0.0643 

WplusH125_4l_TCjmax_pT4l_genbin6_recobin5 acc 0.0157 eff 0.0144 outinratio 0.0556 

ttH125_4l_TCjmax_pT4l_genbin6_recobin5 acc 0.017 eff 0.0023 outinratio 0.155 

ZH125_4l_TCjmax_pT4l_genbin6_recobin5 acc 0.0205 eff 0.0184 outinratio 0.1265 

ggH125_4l_TCjmax_pT4l_genbin7_recobin5 acc 0.0249 eff 0.015 outinratio 0.0369 

VBFH125_4l_TCjmax_pT4l_genbin7_recobin5 acc 0.0686 eff 0.0123 outinratio 0.0353 

WminusH125_4l_TCjmax_pT4l_genbin7_recobin5 acc 0.1045 eff 0.0138 outinratio 0.0643 

WplusH125_4l_TCjmax_pT4l_genbin7_recobin5 acc 0.0941 eff 0.0122 outinratio 0.0556 

ttH125_4l_TCjmax_pT4l_genbin7_recobin5 acc 0.2294 eff 0.0024 outinratio 0.155 

ZH125_4l_TCjmax_pT4l_genbin7_recobin5 acc 0.1133 eff 0.004 outinratio 0.1265 

ggH125_4l_TCjmax_pT4l_genbin8_recobin5 acc 0.0043 eff 0.0 outinratio 0.0369 

VBFH125_4l_TCjmax_pT4l_genbin8_recobin5 acc 0.0123 eff 0.0 outinratio 0.0353 

WminusH125_4l_TCjmax_pT4l_genbin8_recobin5 acc 0.0123 eff 0.0 outinratio 0.0643 

WplusH125_4l_TCjmax_pT4l_genbin8_recobin5 acc 0.0147 eff 0.0 outinratio 0.0556 

ttH125_4l_TCjmax_pT4l_genbin8_recobin5 acc 0.0389 eff 0.0 outinratio 0.155 

ZH125_4l_TCjmax_pT4l_genbin8_recobin5 acc 0.0128 eff 0.0 outinratio 0.1265 

ggH125_4l_TCjmax_pT4l_genbin0_recobin6 acc 0.2528 eff 0.0 outinratio 0.054 

VBFH125_4l_TCjmax_pT4l_genbin0_recobin6 acc 0.0391 eff 0.0 outinratio 0.0324 

WminusH125_4l_TCjmax_pT4l_genbin0_recobin6 acc 0.0852 eff 0.0187 outinratio 0.0598 

WplusH125_4l_TCjmax_pT4l_genbin0_recobin6 acc 0.0719 eff 0.0224 outinratio 0.0533 

ttH125_4l_TCjmax_pT4l_genbin0_recobin6 acc 0.001 eff 0.0862 outinratio 0.1046 

ZH125_4l_TCjmax_pT4l_genbin0_recobin6 acc 0.071 eff 0.0172 outinratio 0.0 

ggH125_4l_TCjmax_pT4l_genbin1_recobin6 acc 0.0181 eff 0.0 outinratio 0.054 

VBFH125_4l_TCjmax_pT4l_genbin1_recobin6 acc 0.0343 eff 0.0 outinratio 0.0324 

WminusH125_4l_TCjmax_pT4l_genbin1_recobin6 acc 0.0264 eff 0.0 outinratio 0.0598 

WplusH125_4l_TCjmax_pT4l_genbin1_recobin6 acc 0.0221 eff 0.0 outinratio 0.0533 

ttH125_4l_TCjmax_pT4l_genbin1_recobin6 acc 0.0051 eff 0.0 outinratio 0.1046 

ZH125_4l_TCjmax_pT4l_genbin1_recobin6 acc 0.0303 eff 0.0 outinratio 0.0 

ggH125_4l_TCjmax_pT4l_genbin2_recobin6 acc 0.0336 eff 0.0 outinratio 0.054 

VBFH125_4l_TCjmax_pT4l_genbin2_recobin6 acc 0.0498 eff 0.0 outinratio 0.0324 

WminusH125_4l_TCjmax_pT4l_genbin2_recobin6 acc 0.0322 eff 0.0 outinratio 0.0598 

WplusH125_4l_TCjmax_pT4l_genbin2_recobin6 acc 0.0274 eff 0.0 outinratio 0.0533 

ttH125_4l_TCjmax_pT4l_genbin2_recobin6 acc 0.0067 eff 0.0 outinratio 0.1046 

ZH125_4l_TCjmax_pT4l_genbin2_recobin6 acc 0.0322 eff 0.0 outinratio 0.0 

ggH125_4l_TCjmax_pT4l_genbin3_recobin6 acc 0.0227 eff 0.0 outinratio 0.054 

VBFH125_4l_TCjmax_pT4l_genbin3_recobin6 acc 0.0436 eff 0.0 outinratio 0.0324 

WminusH125_4l_TCjmax_pT4l_genbin3_recobin6 acc 0.024 eff 0.0 outinratio 0.0598 

WplusH125_4l_TCjmax_pT4l_genbin3_recobin6 acc 0.0201 eff 0.0 outinratio 0.0533 

ttH125_4l_TCjmax_pT4l_genbin3_recobin6 acc 0.0057 eff 0.0 outinratio 0.1046 

ZH125_4l_TCjmax_pT4l_genbin3_recobin6 acc 0.0213 eff 0.0 outinratio 0.0 

ggH125_4l_TCjmax_pT4l_genbin4_recobin6 acc 0.0189 eff 0.0 outinratio 0.054 

VBFH125_4l_TCjmax_pT4l_genbin4_recobin6 acc 0.0551 eff 0.0 outinratio 0.0324 

WminusH125_4l_TCjmax_pT4l_genbin4_recobin6 acc 0.0247 eff 0.0 outinratio 0.0598 

WplusH125_4l_TCjmax_pT4l_genbin4_recobin6 acc 0.0216 eff 0.0 outinratio 0.0533 

ttH125_4l_TCjmax_pT4l_genbin4_recobin6 acc 0.0062 eff 0.0 outinratio 0.1046 

ZH125_4l_TCjmax_pT4l_genbin4_recobin6 acc 0.0232 eff 0.0 outinratio 0.0 

ggH125_4l_TCjmax_pT4l_genbin5_recobin6 acc 0.0153 eff 0.0087 outinratio 0.054 

VBFH125_4l_TCjmax_pT4l_genbin5_recobin6 acc 0.0693 eff 0.0099 outinratio 0.0324 

WminusH125_4l_TCjmax_pT4l_genbin5_recobin6 acc 0.0233 eff 0.0082 outinratio 0.0598 

WplusH125_4l_TCjmax_pT4l_genbin5_recobin6 acc 0.0206 eff 0.0042 outinratio 0.0533 

ttH125_4l_TCjmax_pT4l_genbin5_recobin6 acc 0.0088 eff 0.0 outinratio 0.1046 

ZH125_4l_TCjmax_pT4l_genbin5_recobin6 acc 0.0197 eff 0.0547 outinratio 0.0 

ggH125_4l_TCjmax_pT4l_genbin6_recobin6 acc 0.0088 eff 0.5417 outinratio 0.054 

VBFH125_4l_TCjmax_pT4l_genbin6_recobin6 acc 0.0712 eff 0.5412 outinratio 0.0324 

WminusH125_4l_TCjmax_pT4l_genbin6_recobin6 acc 0.0151 eff 0.4336 outinratio 0.0598 

WplusH125_4l_TCjmax_pT4l_genbin6_recobin6 acc 0.0157 eff 0.4592 outinratio 0.0533 

ttH125_4l_TCjmax_pT4l_genbin6_recobin6 acc 0.017 eff 0.39 outinratio 0.1046 

ZH125_4l_TCjmax_pT4l_genbin6_recobin6 acc 0.0205 eff 0.4108 outinratio 0.0 

ggH125_4l_TCjmax_pT4l_genbin7_recobin6 acc 0.0249 eff 0.014 outinratio 0.054 

VBFH125_4l_TCjmax_pT4l_genbin7_recobin6 acc 0.0686 eff 0.0214 outinratio 0.0324 

WminusH125_4l_TCjmax_pT4l_genbin7_recobin6 acc 0.1045 eff 0.0116 outinratio 0.0598 

WplusH125_4l_TCjmax_pT4l_genbin7_recobin6 acc 0.0941 eff 0.0114 outinratio 0.0533 

ttH125_4l_TCjmax_pT4l_genbin7_recobin6 acc 0.2294 eff 0.0054 outinratio 0.1046 

ZH125_4l_TCjmax_pT4l_genbin7_recobin6 acc 0.1133 eff 0.0071 outinratio 0.0 

ggH125_4l_TCjmax_pT4l_genbin8_recobin6 acc 0.0043 eff 0.0268 outinratio 0.054 

VBFH125_4l_TCjmax_pT4l_genbin8_recobin6 acc 0.0123 eff 0.0163 outinratio 0.0324 

WminusH125_4l_TCjmax_pT4l_genbin8_recobin6 acc 0.0123 eff 0.0068 outinratio 0.0598 

WplusH125_4l_TCjmax_pT4l_genbin8_recobin6 acc 0.0147 eff 0.0043 outinratio 0.0533 

ttH125_4l_TCjmax_pT4l_genbin8_recobin6 acc 0.0389 eff 0.0023 outinratio 0.1046 

ZH125_4l_TCjmax_pT4l_genbin8_recobin6 acc 0.0128 eff 0.0 outinratio 0.0 

ggH125_4l_TCjmax_pT4l_genbin0_recobin7 acc 0.2528 eff 0.0024 outinratio 0.0731 

VBFH125_4l_TCjmax_pT4l_genbin0_recobin7 acc 0.0391 eff 0.0034 outinratio 0.0413 

WminusH125_4l_TCjmax_pT4l_genbin0_recobin7 acc 0.0852 eff 0.0252 outinratio 0.0755 

WplusH125_4l_TCjmax_pT4l_genbin0_recobin7 acc 0.0719 eff 0.0224 outinratio 0.0804 

ttH125_4l_TCjmax_pT4l_genbin0_recobin7 acc 0.001 eff 0.1651 outinratio 0.1682 

ZH125_4l_TCjmax_pT4l_genbin0_recobin7 acc 0.071 eff 0.0214 outinratio 0.0673 

ggH125_4l_TCjmax_pT4l_genbin1_recobin7 acc 0.0181 eff 0.001 outinratio 0.0731 

VBFH125_4l_TCjmax_pT4l_genbin1_recobin7 acc 0.0343 eff 0.0115 outinratio 0.0413 

WminusH125_4l_TCjmax_pT4l_genbin1_recobin7 acc 0.0264 eff 0.0289 outinratio 0.0755 

WplusH125_4l_TCjmax_pT4l_genbin1_recobin7 acc 0.0221 eff 0.0338 outinratio 0.0804 

ttH125_4l_TCjmax_pT4l_genbin1_recobin7 acc 0.0051 eff 0.1144 outinratio 0.1682 

ZH125_4l_TCjmax_pT4l_genbin1_recobin7 acc 0.0303 eff 0.0678 outinratio 0.0673 

ggH125_4l_TCjmax_pT4l_genbin2_recobin7 acc 0.0336 eff 0.0111 outinratio 0.0731 

VBFH125_4l_TCjmax_pT4l_genbin2_recobin7 acc 0.0498 eff 0.014 outinratio 0.0413 

WminusH125_4l_TCjmax_pT4l_genbin2_recobin7 acc 0.0322 eff 0.0431 outinratio 0.0755 

WplusH125_4l_TCjmax_pT4l_genbin2_recobin7 acc 0.0274 eff 0.0449 outinratio 0.0804 

ttH125_4l_TCjmax_pT4l_genbin2_recobin7 acc 0.0067 eff 0.1643 outinratio 0.1682 

ZH125_4l_TCjmax_pT4l_genbin2_recobin7 acc 0.0322 eff 0.0189 outinratio 0.0673 

ggH125_4l_TCjmax_pT4l_genbin3_recobin7 acc 0.0227 eff 0.0108 outinratio 0.0731 

VBFH125_4l_TCjmax_pT4l_genbin3_recobin7 acc 0.0436 eff 0.014 outinratio 0.0413 

WminusH125_4l_TCjmax_pT4l_genbin3_recobin7 acc 0.024 eff 0.056 outinratio 0.0755 

WplusH125_4l_TCjmax_pT4l_genbin3_recobin7 acc 0.0201 eff 0.05 outinratio 0.0804 

ttH125_4l_TCjmax_pT4l_genbin3_recobin7 acc 0.0057 eff 0.1474 outinratio 0.1682 

ZH125_4l_TCjmax_pT4l_genbin3_recobin7 acc 0.0213 eff 0.0559 outinratio 0.0673 

ggH125_4l_TCjmax_pT4l_genbin4_recobin7 acc 0.0189 eff 0.0222 outinratio 0.0731 

VBFH125_4l_TCjmax_pT4l_genbin4_recobin7 acc 0.0551 eff 0.0153 outinratio 0.0413 

WminusH125_4l_TCjmax_pT4l_genbin4_recobin7 acc 0.0247 eff 0.0644 outinratio 0.0755 

WplusH125_4l_TCjmax_pT4l_genbin4_recobin7 acc 0.0216 eff 0.0581 outinratio 0.0804 

ttH125_4l_TCjmax_pT4l_genbin4_recobin7 acc 0.0062 eff 0.1943 outinratio 0.1682 

ZH125_4l_TCjmax_pT4l_genbin4_recobin7 acc 0.0232 eff 0.0481 outinratio 0.0673 

ggH125_4l_TCjmax_pT4l_genbin5_recobin7 acc 0.0153 eff 0.0187 outinratio 0.0731 

VBFH125_4l_TCjmax_pT4l_genbin5_recobin7 acc 0.0693 eff 0.0215 outinratio 0.0413 

WminusH125_4l_TCjmax_pT4l_genbin5_recobin7 acc 0.0233 eff 0.0782 outinratio 0.0755 

WplusH125_4l_TCjmax_pT4l_genbin5_recobin7 acc 0.0206 eff 0.0745 outinratio 0.0804 

ttH125_4l_TCjmax_pT4l_genbin5_recobin7 acc 0.0088 eff 0.106 outinratio 0.1682 

ZH125_4l_TCjmax_pT4l_genbin5_recobin7 acc 0.0197 eff 0.0792 outinratio 0.0673 

ggH125_4l_TCjmax_pT4l_genbin6_recobin7 acc 0.0088 eff 0.0334 outinratio 0.0731 

VBFH125_4l_TCjmax_pT4l_genbin6_recobin7 acc 0.0712 eff 0.0257 outinratio 0.0413 

WminusH125_4l_TCjmax_pT4l_genbin6_recobin7 acc 0.0151 eff 0.0931 outinratio 0.0755 

WplusH125_4l_TCjmax_pT4l_genbin6_recobin7 acc 0.0157 eff 0.08 outinratio 0.0804 

ttH125_4l_TCjmax_pT4l_genbin6_recobin7 acc 0.017 eff 0.1632 outinratio 0.1682 

ZH125_4l_TCjmax_pT4l_genbin6_recobin7 acc 0.0205 eff 0.1025 outinratio 0.0673 

ggH125_4l_TCjmax_pT4l_genbin7_recobin7 acc 0.0249 eff 0.5012 outinratio 0.0731 

VBFH125_4l_TCjmax_pT4l_genbin7_recobin7 acc 0.0686 eff 0.5275 outinratio 0.0413 

WminusH125_4l_TCjmax_pT4l_genbin7_recobin7 acc 0.1045 eff 0.5194 outinratio 0.0755 

WplusH125_4l_TCjmax_pT4l_genbin7_recobin7 acc 0.0941 eff 0.513 outinratio 0.0804 

ttH125_4l_TCjmax_pT4l_genbin7_recobin7 acc 0.2294 eff 0.5316 outinratio 0.1682 

ZH125_4l_TCjmax_pT4l_genbin7_recobin7 acc 0.1133 eff 0.4838 outinratio 0.0673 

ggH125_4l_TCjmax_pT4l_genbin8_recobin7 acc 0.0043 eff 0.0054 outinratio 0.0731 

VBFH125_4l_TCjmax_pT4l_genbin8_recobin7 acc 0.0123 eff 0.0142 outinratio 0.0413 

WminusH125_4l_TCjmax_pT4l_genbin8_recobin7 acc 0.0123 eff 0.0212 outinratio 0.0755 

WplusH125_4l_TCjmax_pT4l_genbin8_recobin7 acc 0.0147 eff 0.0142 outinratio 0.0804 

ttH125_4l_TCjmax_pT4l_genbin8_recobin7 acc 0.0389 eff 0.0057 outinratio 0.1682 

ZH125_4l_TCjmax_pT4l_genbin8_recobin7 acc 0.0128 eff 0.0361 outinratio 0.0673 

ggH125_4l_TCjmax_pT4l_genbin0_recobin8 acc 0.2528 eff 0.0 outinratio 0.0347 

VBFH125_4l_TCjmax_pT4l_genbin0_recobin8 acc 0.0391 eff 0.0 outinratio 0.0394 

WminusH125_4l_TCjmax_pT4l_genbin0_recobin8 acc 0.0852 eff 0.0031 outinratio 0.0523 

WplusH125_4l_TCjmax_pT4l_genbin0_recobin8 acc 0.0719 eff 0.004 outinratio 0.0598 

ttH125_4l_TCjmax_pT4l_genbin0_recobin8 acc 0.001 eff 0.07 outinratio 0.1133 

ZH125_4l_TCjmax_pT4l_genbin0_recobin8 acc 0.071 eff 0.0118 outinratio 0.0714 

ggH125_4l_TCjmax_pT4l_genbin1_recobin8 acc 0.0181 eff 0.0 outinratio 0.0347 

VBFH125_4l_TCjmax_pT4l_genbin1_recobin8 acc 0.0343 eff 0.0 outinratio 0.0394 

WminusH125_4l_TCjmax_pT4l_genbin1_recobin8 acc 0.0264 eff 0.0 outinratio 0.0523 

WplusH125_4l_TCjmax_pT4l_genbin1_recobin8 acc 0.0221 eff 0.0 outinratio 0.0598 

ttH125_4l_TCjmax_pT4l_genbin1_recobin8 acc 0.0051 eff 0.0 outinratio 0.1133 

ZH125_4l_TCjmax_pT4l_genbin1_recobin8 acc 0.0303 eff 0.0 outinratio 0.0714 

ggH125_4l_TCjmax_pT4l_genbin2_recobin8 acc 0.0336 eff 0.0 outinratio 0.0347 

VBFH125_4l_TCjmax_pT4l_genbin2_recobin8 acc 0.0498 eff 0.0 outinratio 0.0394 

WminusH125_4l_TCjmax_pT4l_genbin2_recobin8 acc 0.0322 eff 0.0 outinratio 0.0523 

WplusH125_4l_TCjmax_pT4l_genbin2_recobin8 acc 0.0274 eff 0.0 outinratio 0.0598 

ttH125_4l_TCjmax_pT4l_genbin2_recobin8 acc 0.0067 eff 0.0 outinratio 0.1133 

ZH125_4l_TCjmax_pT4l_genbin2_recobin8 acc 0.0322 eff 0.0 outinratio 0.0714 

ggH125_4l_TCjmax_pT4l_genbin3_recobin8 acc 0.0227 eff 0.0 outinratio 0.0347 

VBFH125_4l_TCjmax_pT4l_genbin3_recobin8 acc 0.0436 eff 0.0 outinratio 0.0394 

WminusH125_4l_TCjmax_pT4l_genbin3_recobin8 acc 0.024 eff 0.0 outinratio 0.0523 

WplusH125_4l_TCjmax_pT4l_genbin3_recobin8 acc 0.0201 eff 0.0 outinratio 0.0598 

ttH125_4l_TCjmax_pT4l_genbin3_recobin8 acc 0.0057 eff 0.0 outinratio 0.1133 

ZH125_4l_TCjmax_pT4l_genbin3_recobin8 acc 0.0213 eff 0.0 outinratio 0.0714 

ggH125_4l_TCjmax_pT4l_genbin4_recobin8 acc 0.0189 eff 0.0 outinratio 0.0347 

VBFH125_4l_TCjmax_pT4l_genbin4_recobin8 acc 0.0551 eff 0.0 outinratio 0.0394 

WminusH125_4l_TCjmax_pT4l_genbin4_recobin8 acc 0.0247 eff 0.0 outinratio 0.0523 

WplusH125_4l_TCjmax_pT4l_genbin4_recobin8 acc 0.0216 eff 0.0 outinratio 0.0598 

ttH125_4l_TCjmax_pT4l_genbin4_recobin8 acc 0.0062 eff 0.0 outinratio 0.1133 

ZH125_4l_TCjmax_pT4l_genbin4_recobin8 acc 0.0232 eff 0.0 outinratio 0.0714 

ggH125_4l_TCjmax_pT4l_genbin5_recobin8 acc 0.0153 eff 0.0 outinratio 0.0347 

VBFH125_4l_TCjmax_pT4l_genbin5_recobin8 acc 0.0693 eff 0.0 outinratio 0.0394 

WminusH125_4l_TCjmax_pT4l_genbin5_recobin8 acc 0.0233 eff 0.0 outinratio 0.0523 

WplusH125_4l_TCjmax_pT4l_genbin5_recobin8 acc 0.0206 eff 0.0 outinratio 0.0598 

ttH125_4l_TCjmax_pT4l_genbin5_recobin8 acc 0.0088 eff 0.0 outinratio 0.1133 

ZH125_4l_TCjmax_pT4l_genbin5_recobin8 acc 0.0197 eff 0.0 outinratio 0.0714 

ggH125_4l_TCjmax_pT4l_genbin6_recobin8 acc 0.0088 eff 0.0084 outinratio 0.0347 

VBFH125_4l_TCjmax_pT4l_genbin6_recobin8 acc 0.0712 eff 0.003 outinratio 0.0394 

WminusH125_4l_TCjmax_pT4l_genbin6_recobin8 acc 0.0151 eff 0.0106 outinratio 0.0523 

WplusH125_4l_TCjmax_pT4l_genbin6_recobin8 acc 0.0157 eff 0.013 outinratio 0.0598 

ttH125_4l_TCjmax_pT4l_genbin6_recobin8 acc 0.017 eff 0.0206 outinratio 0.1133 

ZH125_4l_TCjmax_pT4l_genbin6_recobin8 acc 0.0205 eff 0.004 outinratio 0.0714 

ggH125_4l_TCjmax_pT4l_genbin7_recobin8 acc 0.0249 eff 0.0025 outinratio 0.0347 

VBFH125_4l_TCjmax_pT4l_genbin7_recobin8 acc 0.0686 eff 0.0021 outinratio 0.0394 

WminusH125_4l_TCjmax_pT4l_genbin7_recobin8 acc 0.1045 eff 0.0011 outinratio 0.0523 

WplusH125_4l_TCjmax_pT4l_genbin7_recobin8 acc 0.0941 eff 0.0015 outinratio 0.0598 

ttH125_4l_TCjmax_pT4l_genbin7_recobin8 acc 0.2294 eff 0.001 outinratio 0.1133 

ZH125_4l_TCjmax_pT4l_genbin7_recobin8 acc 0.1133 eff 0.0 outinratio 0.0714 

ggH125_4l_TCjmax_pT4l_genbin8_recobin8 acc 0.0043 eff 0.6037 outinratio 0.0347 

VBFH125_4l_TCjmax_pT4l_genbin8_recobin8 acc 0.0123 eff 0.572 outinratio 0.0394 

WminusH125_4l_TCjmax_pT4l_genbin8_recobin8 acc 0.0123 eff 0.5701 outinratio 0.0523 

WplusH125_4l_TCjmax_pT4l_genbin8_recobin8 acc 0.0147 eff 0.5653 outinratio 0.0598 

ttH125_4l_TCjmax_pT4l_genbin8_recobin8 acc 0.0389 eff 0.5864 outinratio 0.1133 

ZH125_4l_TCjmax_pT4l_genbin8_recobin8 acc 0.0128 eff 0.6232 outinratio 0.0714 

ggH125_4e_TCjmax_pT4l_genbin0_recobin0 acc 0.2457 eff 0.2739 outinratio 0.0387 

VBFH125_4e_TCjmax_pT4l_genbin0_recobin0 acc 0.0377 eff 0.2226 outinratio 0.0315 

WminusH125_4e_TCjmax_pT4l_genbin0_recobin0 acc 0.0832 eff 0.2262 outinratio 0.0783 

WplusH125_4e_TCjmax_pT4l_genbin0_recobin0 acc 0.0719 eff 0.2239 outinratio 0.065 

ttH125_4e_TCjmax_pT4l_genbin0_recobin0 acc 0.0012 eff -1.0 outinratio 0.0 

ZH125_4e_TCjmax_pT4l_genbin0_recobin0 acc 0.0695 eff 0.2265 outinratio 0.0812 

ggH125_4e_TCjmax_pT4l_genbin1_recobin0 acc 0.0173 eff 0.0799 outinratio 0.0387 

VBFH125_4e_TCjmax_pT4l_genbin1_recobin0 acc 0.0332 eff 0.0306 outinratio 0.0315 

WminusH125_4e_TCjmax_pT4l_genbin1_recobin0 acc 0.025 eff 0.0257 outinratio 0.0783 

WplusH125_4e_TCjmax_pT4l_genbin1_recobin0 acc 0.0214 eff 0.0255 outinratio 0.065 

ttH125_4e_TCjmax_pT4l_genbin1_recobin0 acc 0.0041 eff 0.0 outinratio 0.0 

ZH125_4e_TCjmax_pT4l_genbin1_recobin0 acc 0.0221 eff 0.0445 outinratio 0.0812 

ggH125_4e_TCjmax_pT4l_genbin2_recobin0 acc 0.0336 eff 0.0722 outinratio 0.0387 

VBFH125_4e_TCjmax_pT4l_genbin2_recobin0 acc 0.0485 eff 0.0316 outinratio 0.0315 

WminusH125_4e_TCjmax_pT4l_genbin2_recobin0 acc 0.0312 eff 0.0188 outinratio 0.0783 

WplusH125_4e_TCjmax_pT4l_genbin2_recobin0 acc 0.0264 eff 0.0227 outinratio 0.065 

ttH125_4e_TCjmax_pT4l_genbin2_recobin0 acc 0.0069 eff 0.0 outinratio 0.0 

ZH125_4e_TCjmax_pT4l_genbin2_recobin0 acc 0.0348 eff 0.0609 outinratio 0.0812 

ggH125_4e_TCjmax_pT4l_genbin3_recobin0 acc 0.0221 eff 0.0247 outinratio 0.0387 

VBFH125_4e_TCjmax_pT4l_genbin3_recobin0 acc 0.0421 eff 0.0173 outinratio 0.0315 

WminusH125_4e_TCjmax_pT4l_genbin3_recobin0 acc 0.0235 eff 0.0139 outinratio 0.0783 

WplusH125_4e_TCjmax_pT4l_genbin3_recobin0 acc 0.0199 eff 0.0148 outinratio 0.065 

ttH125_4e_TCjmax_pT4l_genbin3_recobin0 acc 0.0049 eff 0.0 outinratio 0.0 

ZH125_4e_TCjmax_pT4l_genbin3_recobin0 acc 0.019 eff 0.0 outinratio 0.0812 

ggH125_4e_TCjmax_pT4l_genbin4_recobin0 acc 0.0179 eff 0.0181 outinratio 0.0387 

VBFH125_4e_TCjmax_pT4l_genbin4_recobin0 acc 0.0533 eff 0.0163 outinratio 0.0315 

WminusH125_4e_TCjmax_pT4l_genbin4_recobin0 acc 0.0238 eff 0.0123 outinratio 0.0783 

WplusH125_4e_TCjmax_pT4l_genbin4_recobin0 acc 0.0216 eff 0.0098 outinratio 0.065 

ttH125_4e_TCjmax_pT4l_genbin4_recobin0 acc 0.0067 eff 0.0203 outinratio 0.0 

ZH125_4e_TCjmax_pT4l_genbin4_recobin0 acc 0.0263 eff 0.0241 outinratio 0.0812 

ggH125_4e_TCjmax_pT4l_genbin5_recobin0 acc 0.0148 eff 0.0115 outinratio 0.0387 

VBFH125_4e_TCjmax_pT4l_genbin5_recobin0 acc 0.0667 eff 0.0073 outinratio 0.0315 

WminusH125_4e_TCjmax_pT4l_genbin5_recobin0 acc 0.0233 eff 0.0071 outinratio 0.0783 

WplusH125_4e_TCjmax_pT4l_genbin5_recobin0 acc 0.0204 eff 0.0081 outinratio 0.065 

ttH125_4e_TCjmax_pT4l_genbin5_recobin0 acc 0.0087 eff 0.0 outinratio 0.0 

ZH125_4e_TCjmax_pT4l_genbin5_recobin0 acc 0.0232 eff 0.0 outinratio 0.0812 

ggH125_4e_TCjmax_pT4l_genbin6_recobin0 acc 0.0081 eff 0.0015 outinratio 0.0387 

VBFH125_4e_TCjmax_pT4l_genbin6_recobin0 acc 0.069 eff 0.0031 outinratio 0.0315 

WminusH125_4e_TCjmax_pT4l_genbin6_recobin0 acc 0.0144 eff 0.0113 outinratio 0.0783 

WplusH125_4e_TCjmax_pT4l_genbin6_recobin0 acc 0.0152 eff 0.0089 outinratio 0.065 

ttH125_4e_TCjmax_pT4l_genbin6_recobin0 acc 0.0163 eff 0.0 outinratio 0.0 

ZH125_4e_TCjmax_pT4l_genbin6_recobin0 acc 0.0169 eff 0.0 outinratio 0.0812 

ggH125_4e_TCjmax_pT4l_genbin7_recobin0 acc 0.0252 eff 0.0 outinratio 0.0387 

VBFH125_4e_TCjmax_pT4l_genbin7_recobin0 acc 0.0667 eff 0.0006 outinratio 0.0315 

WminusH125_4e_TCjmax_pT4l_genbin7_recobin0 acc 0.1 eff 0.0005 outinratio 0.0783 

WplusH125_4e_TCjmax_pT4l_genbin7_recobin0 acc 0.0903 eff 0.0007 outinratio 0.065 

ttH125_4e_TCjmax_pT4l_genbin7_recobin0 acc 0.2231 eff 0.0 outinratio 0.0 

ZH125_4e_TCjmax_pT4l_genbin7_recobin0 acc 0.0969 eff 0.0 outinratio 0.0812 

ggH125_4e_TCjmax_pT4l_genbin8_recobin0 acc 0.0042 eff 0.0 outinratio 0.0387 

VBFH125_4e_TCjmax_pT4l_genbin8_recobin0 acc 0.012 eff 0.0007 outinratio 0.0315 

WminusH125_4e_TCjmax_pT4l_genbin8_recobin0 acc 0.0133 eff 0.0006 outinratio 0.0783 

WplusH125_4e_TCjmax_pT4l_genbin8_recobin0 acc 0.0143 eff 0.0006 outinratio 0.065 

ttH125_4e_TCjmax_pT4l_genbin8_recobin0 acc 0.0365 eff 0.0 outinratio 0.0 

ZH125_4e_TCjmax_pT4l_genbin8_recobin0 acc 0.0158 eff 0.0 outinratio 0.0812 

ggH125_4e_TCjmax_pT4l_genbin0_recobin1 acc 0.2457 eff 0.0337 outinratio 0.0608 

VBFH125_4e_TCjmax_pT4l_genbin0_recobin1 acc 0.0377 eff 0.0461 outinratio 0.0415 

WminusH125_4e_TCjmax_pT4l_genbin0_recobin1 acc 0.0832 eff 0.0191 outinratio 0.0988 

WplusH125_4e_TCjmax_pT4l_genbin0_recobin1 acc 0.0719 eff 0.016 outinratio 0.0864 

ttH125_4e_TCjmax_pT4l_genbin0_recobin1 acc 0.0012 eff -1.0 outinratio 0.2854 

ZH125_4e_TCjmax_pT4l_genbin0_recobin1 acc 0.0695 eff 0.0224 outinratio 0.0528 

ggH125_4e_TCjmax_pT4l_genbin1_recobin1 acc 0.0173 eff 0.2146 outinratio 0.0608 

VBFH125_4e_TCjmax_pT4l_genbin1_recobin1 acc 0.0332 eff 0.2628 outinratio 0.0415 

WminusH125_4e_TCjmax_pT4l_genbin1_recobin1 acc 0.025 eff 0.244 outinratio 0.0988 

WplusH125_4e_TCjmax_pT4l_genbin1_recobin1 acc 0.0214 eff 0.2446 outinratio 0.0864 

ttH125_4e_TCjmax_pT4l_genbin1_recobin1 acc 0.0041 eff 0.2372 outinratio 0.2854 

ZH125_4e_TCjmax_pT4l_genbin1_recobin1 acc 0.0221 eff 0.3728 outinratio 0.0528 

ggH125_4e_TCjmax_pT4l_genbin2_recobin1 acc 0.0336 eff 0.0141 outinratio 0.0608 

VBFH125_4e_TCjmax_pT4l_genbin2_recobin1 acc 0.0485 eff 0.0114 outinratio 0.0415 

WminusH125_4e_TCjmax_pT4l_genbin2_recobin1 acc 0.0312 eff 0.0099 outinratio 0.0988 

WplusH125_4e_TCjmax_pT4l_genbin2_recobin1 acc 0.0264 eff 0.0124 outinratio 0.0864 

ttH125_4e_TCjmax_pT4l_genbin2_recobin1 acc 0.0069 eff 0.0203 outinratio 0.2854 

ZH125_4e_TCjmax_pT4l_genbin2_recobin1 acc 0.0348 eff 0.0145 outinratio 0.0528 

ggH125_4e_TCjmax_pT4l_genbin3_recobin1 acc 0.0221 eff 0.0 outinratio 0.0608 

VBFH125_4e_TCjmax_pT4l_genbin3_recobin1 acc 0.0421 eff 0.0 outinratio 0.0415 

WminusH125_4e_TCjmax_pT4l_genbin3_recobin1 acc 0.0235 eff 0.0 outinratio 0.0988 

WplusH125_4e_TCjmax_pT4l_genbin3_recobin1 acc 0.0199 eff 0.0 outinratio 0.0864 

ttH125_4e_TCjmax_pT4l_genbin3_recobin1 acc 0.0049 eff 0.0 outinratio 0.2854 

ZH125_4e_TCjmax_pT4l_genbin3_recobin1 acc 0.019 eff 0.0 outinratio 0.0528 

ggH125_4e_TCjmax_pT4l_genbin4_recobin1 acc 0.0179 eff 0.0 outinratio 0.0608 

VBFH125_4e_TCjmax_pT4l_genbin4_recobin1 acc 0.0533 eff 0.0 outinratio 0.0415 

WminusH125_4e_TCjmax_pT4l_genbin4_recobin1 acc 0.0238 eff 0.0 outinratio 0.0988 

WplusH125_4e_TCjmax_pT4l_genbin4_recobin1 acc 0.0216 eff 0.0 outinratio 0.0864 

ttH125_4e_TCjmax_pT4l_genbin4_recobin1 acc 0.0067 eff 0.0 outinratio 0.2854 

ZH125_4e_TCjmax_pT4l_genbin4_recobin1 acc 0.0263 eff 0.0 outinratio 0.0528 

ggH125_4e_TCjmax_pT4l_genbin5_recobin1 acc 0.0148 eff 0.0 outinratio 0.0608 

VBFH125_4e_TCjmax_pT4l_genbin5_recobin1 acc 0.0667 eff 0.0 outinratio 0.0415 

WminusH125_4e_TCjmax_pT4l_genbin5_recobin1 acc 0.0233 eff 0.0 outinratio 0.0988 

WplusH125_4e_TCjmax_pT4l_genbin5_recobin1 acc 0.0204 eff 0.0 outinratio 0.0864 

ttH125_4e_TCjmax_pT4l_genbin5_recobin1 acc 0.0087 eff 0.0 outinratio 0.2854 

ZH125_4e_TCjmax_pT4l_genbin5_recobin1 acc 0.0232 eff 0.0 outinratio 0.0528 

ggH125_4e_TCjmax_pT4l_genbin6_recobin1 acc 0.0081 eff 0.0 outinratio 0.0608 

VBFH125_4e_TCjmax_pT4l_genbin6_recobin1 acc 0.069 eff 0.0 outinratio 0.0415 

WminusH125_4e_TCjmax_pT4l_genbin6_recobin1 acc 0.0144 eff 0.0 outinratio 0.0988 

WplusH125_4e_TCjmax_pT4l_genbin6_recobin1 acc 0.0152 eff 0.0 outinratio 0.0864 

ttH125_4e_TCjmax_pT4l_genbin6_recobin1 acc 0.0163 eff 0.0 outinratio 0.2854 

ZH125_4e_TCjmax_pT4l_genbin6_recobin1 acc 0.0169 eff 0.0 outinratio 0.0528 

ggH125_4e_TCjmax_pT4l_genbin7_recobin1 acc 0.0252 eff 0.0 outinratio 0.0608 

VBFH125_4e_TCjmax_pT4l_genbin7_recobin1 acc 0.0667 eff 0.0009 outinratio 0.0415 

WminusH125_4e_TCjmax_pT4l_genbin7_recobin1 acc 0.1 eff 0.0011 outinratio 0.0988 

WplusH125_4e_TCjmax_pT4l_genbin7_recobin1 acc 0.0903 eff 0.0011 outinratio 0.0864 

ttH125_4e_TCjmax_pT4l_genbin7_recobin1 acc 0.2231 eff 0.0007 outinratio 0.2854 

ZH125_4e_TCjmax_pT4l_genbin7_recobin1 acc 0.0969 eff 0.0 outinratio 0.0528 

ggH125_4e_TCjmax_pT4l_genbin8_recobin1 acc 0.0042 eff 0.0 outinratio 0.0608 

VBFH125_4e_TCjmax_pT4l_genbin8_recobin1 acc 0.012 eff 0.0 outinratio 0.0415 

WminusH125_4e_TCjmax_pT4l_genbin8_recobin1 acc 0.0133 eff 0.0 outinratio 0.0988 

WplusH125_4e_TCjmax_pT4l_genbin8_recobin1 acc 0.0143 eff 0.0 outinratio 0.0864 

ttH125_4e_TCjmax_pT4l_genbin8_recobin1 acc 0.0365 eff 0.0 outinratio 0.2854 

ZH125_4e_TCjmax_pT4l_genbin8_recobin1 acc 0.0158 eff 0.0 outinratio 0.0528 

ggH125_4e_TCjmax_pT4l_genbin0_recobin2 acc 0.2457 eff 0.0094 outinratio 0.0494 

VBFH125_4e_TCjmax_pT4l_genbin0_recobin2 acc 0.0377 eff 0.0356 outinratio 0.0413 

WminusH125_4e_TCjmax_pT4l_genbin0_recobin2 acc 0.0832 eff 0.0176 outinratio 0.0649 

WplusH125_4e_TCjmax_pT4l_genbin0_recobin2 acc 0.0719 eff 0.0181 outinratio 0.0772 

ttH125_4e_TCjmax_pT4l_genbin0_recobin2 acc 0.0012 eff -1.0 outinratio 0.1347 

ZH125_4e_TCjmax_pT4l_genbin0_recobin2 acc 0.0695 eff 0.0093 outinratio 0.0 

ggH125_4e_TCjmax_pT4l_genbin1_recobin2 acc 0.0173 eff 0.0219 outinratio 0.0494 

VBFH125_4e_TCjmax_pT4l_genbin1_recobin2 acc 0.0332 eff 0.0121 outinratio 0.0413 

WminusH125_4e_TCjmax_pT4l_genbin1_recobin2 acc 0.025 eff 0.0147 outinratio 0.0649 

WplusH125_4e_TCjmax_pT4l_genbin1_recobin2 acc 0.0214 eff 0.0104 outinratio 0.0772 

ttH125_4e_TCjmax_pT4l_genbin1_recobin2 acc 0.0041 eff 0.0433 outinratio 0.1347 

ZH125_4e_TCjmax_pT4l_genbin1_recobin2 acc 0.0221 eff 0.0 outinratio 0.0 

ggH125_4e_TCjmax_pT4l_genbin2_recobin2 acc 0.0336 eff 0.2368 outinratio 0.0494 

VBFH125_4e_TCjmax_pT4l_genbin2_recobin2 acc 0.0485 eff 0.2819 outinratio 0.0413 

WminusH125_4e_TCjmax_pT4l_genbin2_recobin2 acc 0.0312 eff 0.2389 outinratio 0.0649 

WplusH125_4e_TCjmax_pT4l_genbin2_recobin2 acc 0.0264 eff 0.2482 outinratio 0.0772 

ttH125_4e_TCjmax_pT4l_genbin2_recobin2 acc 0.0069 eff 0.1703 outinratio 0.1347 

ZH125_4e_TCjmax_pT4l_genbin2_recobin2 acc 0.0348 eff 0.0947 outinratio 0.0 

ggH125_4e_TCjmax_pT4l_genbin3_recobin2 acc 0.0221 eff 0.0305 outinratio 0.0494 

VBFH125_4e_TCjmax_pT4l_genbin3_recobin2 acc 0.0421 eff 0.0253 outinratio 0.0413 

WminusH125_4e_TCjmax_pT4l_genbin3_recobin2 acc 0.0235 eff 0.0295 outinratio 0.0649 

WplusH125_4e_TCjmax_pT4l_genbin3_recobin2 acc 0.0199 eff 0.0293 outinratio 0.0772 

ttH125_4e_TCjmax_pT4l_genbin3_recobin2 acc 0.0049 eff 0.0224 outinratio 0.1347 

ZH125_4e_TCjmax_pT4l_genbin3_recobin2 acc 0.019 eff 0.0 outinratio 0.0 

ggH125_4e_TCjmax_pT4l_genbin4_recobin2 acc 0.0179 eff 0.0 outinratio 0.0494 

VBFH125_4e_TCjmax_pT4l_genbin4_recobin2 acc 0.0533 eff 0.0 outinratio 0.0413 

WminusH125_4e_TCjmax_pT4l_genbin4_recobin2 acc 0.0238 eff 0.0 outinratio 0.0649 

WplusH125_4e_TCjmax_pT4l_genbin4_recobin2 acc 0.0216 eff 0.0 outinratio 0.0772 

ttH125_4e_TCjmax_pT4l_genbin4_recobin2 acc 0.0067 eff 0.0 outinratio 0.1347 

ZH125_4e_TCjmax_pT4l_genbin4_recobin2 acc 0.0263 eff 0.0 outinratio 0.0 

ggH125_4e_TCjmax_pT4l_genbin5_recobin2 acc 0.0148 eff 0.0 outinratio 0.0494 

VBFH125_4e_TCjmax_pT4l_genbin5_recobin2 acc 0.0667 eff 0.0 outinratio 0.0413 

WminusH125_4e_TCjmax_pT4l_genbin5_recobin2 acc 0.0233 eff 0.0 outinratio 0.0649 

WplusH125_4e_TCjmax_pT4l_genbin5_recobin2 acc 0.0204 eff 0.0 outinratio 0.0772 

ttH125_4e_TCjmax_pT4l_genbin5_recobin2 acc 0.0087 eff 0.0 outinratio 0.1347 

ZH125_4e_TCjmax_pT4l_genbin5_recobin2 acc 0.0232 eff 0.0 outinratio 0.0 

ggH125_4e_TCjmax_pT4l_genbin6_recobin2 acc 0.0081 eff 0.0 outinratio 0.0494 

VBFH125_4e_TCjmax_pT4l_genbin6_recobin2 acc 0.069 eff 0.0 outinratio 0.0413 

WminusH125_4e_TCjmax_pT4l_genbin6_recobin2 acc 0.0144 eff 0.0 outinratio 0.0649 

WplusH125_4e_TCjmax_pT4l_genbin6_recobin2 acc 0.0152 eff 0.0 outinratio 0.0772 

ttH125_4e_TCjmax_pT4l_genbin6_recobin2 acc 0.0163 eff 0.0 outinratio 0.1347 

ZH125_4e_TCjmax_pT4l_genbin6_recobin2 acc 0.0169 eff 0.0 outinratio 0.0 

ggH125_4e_TCjmax_pT4l_genbin7_recobin2 acc 0.0252 eff 0.0014 outinratio 0.0494 

VBFH125_4e_TCjmax_pT4l_genbin7_recobin2 acc 0.0667 eff 0.0018 outinratio 0.0413 

WminusH125_4e_TCjmax_pT4l_genbin7_recobin2 acc 0.1 eff 0.0032 outinratio 0.0649 

WplusH125_4e_TCjmax_pT4l_genbin7_recobin2 acc 0.0903 eff 0.0019 outinratio 0.0772 

ttH125_4e_TCjmax_pT4l_genbin7_recobin2 acc 0.2231 eff 0.0008 outinratio 0.1347 

ZH125_4e_TCjmax_pT4l_genbin7_recobin2 acc 0.0969 eff 0.0269 outinratio 0.0 

ggH125_4e_TCjmax_pT4l_genbin8_recobin2 acc 0.0042 eff 0.0 outinratio 0.0494 

VBFH125_4e_TCjmax_pT4l_genbin8_recobin2 acc 0.012 eff 0.0 outinratio 0.0413 

WminusH125_4e_TCjmax_pT4l_genbin8_recobin2 acc 0.0133 eff 0.0 outinratio 0.0649 

WplusH125_4e_TCjmax_pT4l_genbin8_recobin2 acc 0.0143 eff 0.0 outinratio 0.0772 

ttH125_4e_TCjmax_pT4l_genbin8_recobin2 acc 0.0365 eff 0.0 outinratio 0.1347 

ZH125_4e_TCjmax_pT4l_genbin8_recobin2 acc 0.0158 eff 0.0 outinratio 0.0 

ggH125_4e_TCjmax_pT4l_genbin0_recobin3 acc 0.2457 eff 0.0008 outinratio 0.0785 

VBFH125_4e_TCjmax_pT4l_genbin0_recobin3 acc 0.0377 eff 0.0134 outinratio 0.0339 

WminusH125_4e_TCjmax_pT4l_genbin0_recobin3 acc 0.0832 eff 0.0095 outinratio 0.0778 

WplusH125_4e_TCjmax_pT4l_genbin0_recobin3 acc 0.0719 eff 0.0078 outinratio 0.0904 

ttH125_4e_TCjmax_pT4l_genbin0_recobin3 acc 0.0012 eff -1.0 outinratio 0.0 

ZH125_4e_TCjmax_pT4l_genbin0_recobin3 acc 0.0695 eff 0.0396 outinratio 0.0915 

ggH125_4e_TCjmax_pT4l_genbin1_recobin3 acc 0.0173 eff 0.0 outinratio 0.0785 

VBFH125_4e_TCjmax_pT4l_genbin1_recobin3 acc 0.0332 eff 0.0 outinratio 0.0339 

WminusH125_4e_TCjmax_pT4l_genbin1_recobin3 acc 0.025 eff 0.0 outinratio 0.0778 

WplusH125_4e_TCjmax_pT4l_genbin1_recobin3 acc 0.0214 eff 0.0 outinratio 0.0904 

ttH125_4e_TCjmax_pT4l_genbin1_recobin3 acc 0.0041 eff 0.0 outinratio 0.0 

ZH125_4e_TCjmax_pT4l_genbin1_recobin3 acc 0.0221 eff 0.0 outinratio 0.0915 

ggH125_4e_TCjmax_pT4l_genbin2_recobin3 acc 0.0336 eff 0.0141 outinratio 0.0785 

VBFH125_4e_TCjmax_pT4l_genbin2_recobin3 acc 0.0485 eff 0.0114 outinratio 0.0339 

WminusH125_4e_TCjmax_pT4l_genbin2_recobin3 acc 0.0312 eff 0.0117 outinratio 0.0778 

WplusH125_4e_TCjmax_pT4l_genbin2_recobin3 acc 0.0264 eff 0.0133 outinratio 0.0904 

ttH125_4e_TCjmax_pT4l_genbin2_recobin3 acc 0.0069 eff 0.0 outinratio 0.0 

ZH125_4e_TCjmax_pT4l_genbin2_recobin3 acc 0.0348 eff 0.0331 outinratio 0.0915 

ggH125_4e_TCjmax_pT4l_genbin3_recobin3 acc 0.0221 eff 0.2365 outinratio 0.0785 

VBFH125_4e_TCjmax_pT4l_genbin3_recobin3 acc 0.0421 eff 0.2693 outinratio 0.0339 

WminusH125_4e_TCjmax_pT4l_genbin3_recobin3 acc 0.0235 eff 0.2419 outinratio 0.0778 

WplusH125_4e_TCjmax_pT4l_genbin3_recobin3 acc 0.0199 eff 0.2244 outinratio 0.0904 

ttH125_4e_TCjmax_pT4l_genbin3_recobin3 acc 0.0049 eff 0.0661 outinratio 0.0 

ZH125_4e_TCjmax_pT4l_genbin3_recobin3 acc 0.019 eff 0.394 outinratio 0.0915 

ggH125_4e_TCjmax_pT4l_genbin4_recobin3 acc 0.0179 eff 0.0304 outinratio 0.0785 

VBFH125_4e_TCjmax_pT4l_genbin4_recobin3 acc 0.0533 eff 0.0217 outinratio 0.0339 

WminusH125_4e_TCjmax_pT4l_genbin4_recobin3 acc 0.0238 eff 0.0287 outinratio 0.0778 

WplusH125_4e_TCjmax_pT4l_genbin4_recobin3 acc 0.0216 eff 0.0199 outinratio 0.0904 

ttH125_4e_TCjmax_pT4l_genbin4_recobin3 acc 0.0067 eff 0.0 outinratio 0.0 

ZH125_4e_TCjmax_pT4l_genbin4_recobin3 acc 0.0263 eff -0.0249 outinratio 0.0915 

ggH125_4e_TCjmax_pT4l_genbin5_recobin3 acc 0.0148 eff 0.0 outinratio 0.0785 

VBFH125_4e_TCjmax_pT4l_genbin5_recobin3 acc 0.0667 eff 0.0005 outinratio 0.0339 

WminusH125_4e_TCjmax_pT4l_genbin5_recobin3 acc 0.0233 eff 0.0 outinratio 0.0778 

WplusH125_4e_TCjmax_pT4l_genbin5_recobin3 acc 0.0204 eff 0.0 outinratio 0.0904 

ttH125_4e_TCjmax_pT4l_genbin5_recobin3 acc 0.0087 eff 0.0 outinratio 0.0 

ZH125_4e_TCjmax_pT4l_genbin5_recobin3 acc 0.0232 eff 0.0 outinratio 0.0915 

ggH125_4e_TCjmax_pT4l_genbin6_recobin3 acc 0.0081 eff 0.0 outinratio 0.0785 

VBFH125_4e_TCjmax_pT4l_genbin6_recobin3 acc 0.069 eff 0.0 outinratio 0.0339 

WminusH125_4e_TCjmax_pT4l_genbin6_recobin3 acc 0.0144 eff 0.0 outinratio 0.0778 

WplusH125_4e_TCjmax_pT4l_genbin6_recobin3 acc 0.0152 eff 0.0 outinratio 0.0904 

ttH125_4e_TCjmax_pT4l_genbin6_recobin3 acc 0.0163 eff 0.0 outinratio 0.0 

ZH125_4e_TCjmax_pT4l_genbin6_recobin3 acc 0.0169 eff 0.0 outinratio 0.0915 

ggH125_4e_TCjmax_pT4l_genbin7_recobin3 acc 0.0252 eff 0.0036 outinratio 0.0785 

VBFH125_4e_TCjmax_pT4l_genbin7_recobin3 acc 0.0667 eff 0.0022 outinratio 0.0339 

WminusH125_4e_TCjmax_pT4l_genbin7_recobin3 acc 0.1 eff 0.0028 outinratio 0.0778 

WplusH125_4e_TCjmax_pT4l_genbin7_recobin3 acc 0.0903 eff 0.0025 outinratio 0.0904 

ttH125_4e_TCjmax_pT4l_genbin7_recobin3 acc 0.2231 eff 0.0018 outinratio 0.0 

ZH125_4e_TCjmax_pT4l_genbin7_recobin3 acc 0.0969 eff 0.0 outinratio 0.0915 

ggH125_4e_TCjmax_pT4l_genbin8_recobin3 acc 0.0042 eff 0.0 outinratio 0.0785 

VBFH125_4e_TCjmax_pT4l_genbin8_recobin3 acc 0.012 eff 0.0 outinratio 0.0339 

WminusH125_4e_TCjmax_pT4l_genbin8_recobin3 acc 0.0133 eff 0.0 outinratio 0.0778 

WplusH125_4e_TCjmax_pT4l_genbin8_recobin3 acc 0.0143 eff 0.0 outinratio 0.0904 

ttH125_4e_TCjmax_pT4l_genbin8_recobin3 acc 0.0365 eff 0.0 outinratio 0.0 

ZH125_4e_TCjmax_pT4l_genbin8_recobin3 acc 0.0158 eff 0.0 outinratio 0.0915 

ggH125_4e_TCjmax_pT4l_genbin0_recobin4 acc 0.2457 eff 0.0007 outinratio 0.0613 

VBFH125_4e_TCjmax_pT4l_genbin0_recobin4 acc 0.0377 eff 0.0041 outinratio 0.0305 

WminusH125_4e_TCjmax_pT4l_genbin0_recobin4 acc 0.0832 eff 0.0096 outinratio 0.0696 

WplusH125_4e_TCjmax_pT4l_genbin0_recobin4 acc 0.0719 eff 0.0117 outinratio 0.0815 

ttH125_4e_TCjmax_pT4l_genbin0_recobin4 acc 0.0012 eff -1.0 outinratio 0.1269 

ZH125_4e_TCjmax_pT4l_genbin0_recobin4 acc 0.0695 eff 0.0163 outinratio 0.0889 

ggH125_4e_TCjmax_pT4l_genbin1_recobin4 acc 0.0173 eff 0.0 outinratio 0.0613 

VBFH125_4e_TCjmax_pT4l_genbin1_recobin4 acc 0.0332 eff 0.0 outinratio 0.0305 

WminusH125_4e_TCjmax_pT4l_genbin1_recobin4 acc 0.025 eff 0.0 outinratio 0.0696 

WplusH125_4e_TCjmax_pT4l_genbin1_recobin4 acc 0.0214 eff 0.0 outinratio 0.0815 

ttH125_4e_TCjmax_pT4l_genbin1_recobin4 acc 0.0041 eff 0.0 outinratio 0.1269 

ZH125_4e_TCjmax_pT4l_genbin1_recobin4 acc 0.0221 eff 0.0 outinratio 0.0889 

ggH125_4e_TCjmax_pT4l_genbin2_recobin4 acc 0.0336 eff 0.0 outinratio 0.0613 

VBFH125_4e_TCjmax_pT4l_genbin2_recobin4 acc 0.0485 eff 0.0007 outinratio 0.0305 

WminusH125_4e_TCjmax_pT4l_genbin2_recobin4 acc 0.0312 eff 0.0 outinratio 0.0696 

WplusH125_4e_TCjmax_pT4l_genbin2_recobin4 acc 0.0264 eff 0.0 outinratio 0.0815 

ttH125_4e_TCjmax_pT4l_genbin2_recobin4 acc 0.0069 eff 0.0 outinratio 0.1269 

ZH125_4e_TCjmax_pT4l_genbin2_recobin4 acc 0.0348 eff 0.0 outinratio 0.0889 

ggH125_4e_TCjmax_pT4l_genbin3_recobin4 acc 0.0221 eff 0.011 outinratio 0.0613 

VBFH125_4e_TCjmax_pT4l_genbin3_recobin4 acc 0.0421 eff 0.0144 outinratio 0.0305 

WminusH125_4e_TCjmax_pT4l_genbin3_recobin4 acc 0.0235 eff 0.0109 outinratio 0.0696 

WplusH125_4e_TCjmax_pT4l_genbin3_recobin4 acc 0.0199 eff 0.0141 outinratio 0.0815 

ttH125_4e_TCjmax_pT4l_genbin3_recobin4 acc 0.0049 eff 0.0 outinratio 0.1269 

ZH125_4e_TCjmax_pT4l_genbin3_recobin4 acc 0.019 eff 0.0156 outinratio 0.0889 

ggH125_4e_TCjmax_pT4l_genbin4_recobin4 acc 0.0179 eff 0.2516 outinratio 0.0613 

VBFH125_4e_TCjmax_pT4l_genbin4_recobin4 acc 0.0533 eff 0.2794 outinratio 0.0305 

WminusH125_4e_TCjmax_pT4l_genbin4_recobin4 acc 0.0238 eff 0.2379 outinratio 0.0696 

WplusH125_4e_TCjmax_pT4l_genbin4_recobin4 acc 0.0216 eff 0.2407 outinratio 0.0815 

ttH125_4e_TCjmax_pT4l_genbin4_recobin4 acc 0.0067 eff 0.1411 outinratio 0.1269 

ZH125_4e_TCjmax_pT4l_genbin4_recobin4 acc 0.0263 eff 0.2599 outinratio 0.0889 

ggH125_4e_TCjmax_pT4l_genbin5_recobin4 acc 0.0148 eff 0.0225 outinratio 0.0613 

VBFH125_4e_TCjmax_pT4l_genbin5_recobin4 acc 0.0667 eff 0.0199 outinratio 0.0305 

WminusH125_4e_TCjmax_pT4l_genbin5_recobin4 acc 0.0233 eff 0.019 outinratio 0.0696 

WplusH125_4e_TCjmax_pT4l_genbin5_recobin4 acc 0.0204 eff 0.0176 outinratio 0.0815 

ttH125_4e_TCjmax_pT4l_genbin5_recobin4 acc 0.0087 eff 0.0039 outinratio 0.1269 

ZH125_4e_TCjmax_pT4l_genbin5_recobin4 acc 0.0232 eff 0.0281 outinratio 0.0889 

ggH125_4e_TCjmax_pT4l_genbin6_recobin4 acc 0.0081 eff 0.0 outinratio 0.0613 

VBFH125_4e_TCjmax_pT4l_genbin6_recobin4 acc 0.069 eff 0.0 outinratio 0.0305 

WminusH125_4e_TCjmax_pT4l_genbin6_recobin4 acc 0.0144 eff 0.0 outinratio 0.0696 

WplusH125_4e_TCjmax_pT4l_genbin6_recobin4 acc 0.0152 eff 0.0 outinratio 0.0815 

ttH125_4e_TCjmax_pT4l_genbin6_recobin4 acc 0.0163 eff 0.0 outinratio 0.1269 

ZH125_4e_TCjmax_pT4l_genbin6_recobin4 acc 0.0169 eff 0.0 outinratio 0.0889 

ggH125_4e_TCjmax_pT4l_genbin7_recobin4 acc 0.0252 eff 0.0138 outinratio 0.0613 

VBFH125_4e_TCjmax_pT4l_genbin7_recobin4 acc 0.0667 eff 0.0042 outinratio 0.0305 

WminusH125_4e_TCjmax_pT4l_genbin7_recobin4 acc 0.1 eff 0.0055 outinratio 0.0696 

WplusH125_4e_TCjmax_pT4l_genbin7_recobin4 acc 0.0903 eff 0.0055 outinratio 0.0815 

ttH125_4e_TCjmax_pT4l_genbin7_recobin4 acc 0.2231 eff 0.0015 outinratio 0.1269 

ZH125_4e_TCjmax_pT4l_genbin7_recobin4 acc 0.0969 eff 0.0 outinratio 0.0889 

ggH125_4e_TCjmax_pT4l_genbin8_recobin4 acc 0.0042 eff 0.0 outinratio 0.0613 

VBFH125_4e_TCjmax_pT4l_genbin8_recobin4 acc 0.012 eff 0.0 outinratio 0.0305 

WminusH125_4e_TCjmax_pT4l_genbin8_recobin4 acc 0.0133 eff 0.0 outinratio 0.0696 

WplusH125_4e_TCjmax_pT4l_genbin8_recobin4 acc 0.0143 eff 0.0 outinratio 0.0815 

ttH125_4e_TCjmax_pT4l_genbin8_recobin4 acc 0.0365 eff 0.0 outinratio 0.1269 

ZH125_4e_TCjmax_pT4l_genbin8_recobin4 acc 0.0158 eff 0.0 outinratio 0.0889 

ggH125_4e_TCjmax_pT4l_genbin0_recobin5 acc 0.2457 eff 0.0001 outinratio 0.0291 

VBFH125_4e_TCjmax_pT4l_genbin0_recobin5 acc 0.0377 eff 0.0009 outinratio 0.0291 

WminusH125_4e_TCjmax_pT4l_genbin0_recobin5 acc 0.0832 eff 0.0102 outinratio 0.0586 

WplusH125_4e_TCjmax_pT4l_genbin0_recobin5 acc 0.0719 eff 0.009 outinratio 0.0492 

ttH125_4e_TCjmax_pT4l_genbin0_recobin5 acc 0.0012 eff -1.0 outinratio 0.0671 

ZH125_4e_TCjmax_pT4l_genbin0_recobin5 acc 0.0695 eff 0.0035 outinratio 0.082 

ggH125_4e_TCjmax_pT4l_genbin1_recobin5 acc 0.0173 eff 0.0 outinratio 0.0291 

VBFH125_4e_TCjmax_pT4l_genbin1_recobin5 acc 0.0332 eff 0.0 outinratio 0.0291 

WminusH125_4e_TCjmax_pT4l_genbin1_recobin5 acc 0.025 eff 0.0 outinratio 0.0586 

WplusH125_4e_TCjmax_pT4l_genbin1_recobin5 acc 0.0214 eff 0.0 outinratio 0.0492 

ttH125_4e_TCjmax_pT4l_genbin1_recobin5 acc 0.0041 eff 0.0 outinratio 0.0671 

ZH125_4e_TCjmax_pT4l_genbin1_recobin5 acc 0.0221 eff 0.0 outinratio 0.082 

ggH125_4e_TCjmax_pT4l_genbin2_recobin5 acc 0.0336 eff 0.0 outinratio 0.0291 

VBFH125_4e_TCjmax_pT4l_genbin2_recobin5 acc 0.0485 eff 0.0 outinratio 0.0291 

WminusH125_4e_TCjmax_pT4l_genbin2_recobin5 acc 0.0312 eff 0.0 outinratio 0.0586 

WplusH125_4e_TCjmax_pT4l_genbin2_recobin5 acc 0.0264 eff 0.0 outinratio 0.0492 

ttH125_4e_TCjmax_pT4l_genbin2_recobin5 acc 0.0069 eff 0.0 outinratio 0.0671 

ZH125_4e_TCjmax_pT4l_genbin2_recobin5 acc 0.0348 eff 0.0 outinratio 0.082 

ggH125_4e_TCjmax_pT4l_genbin3_recobin5 acc 0.0221 eff 0.0 outinratio 0.0291 

VBFH125_4e_TCjmax_pT4l_genbin3_recobin5 acc 0.0421 eff 0.0 outinratio 0.0291 

WminusH125_4e_TCjmax_pT4l_genbin3_recobin5 acc 0.0235 eff 0.0 outinratio 0.0586 

WplusH125_4e_TCjmax_pT4l_genbin3_recobin5 acc 0.0199 eff 0.0 outinratio 0.0492 

ttH125_4e_TCjmax_pT4l_genbin3_recobin5 acc 0.0049 eff 0.0 outinratio 0.0671 

ZH125_4e_TCjmax_pT4l_genbin3_recobin5 acc 0.019 eff 0.0 outinratio 0.082 

ggH125_4e_TCjmax_pT4l_genbin4_recobin5 acc 0.0179 eff 0.0117 outinratio 0.0291 

VBFH125_4e_TCjmax_pT4l_genbin4_recobin5 acc 0.0533 eff 0.0071 outinratio 0.0291 

WminusH125_4e_TCjmax_pT4l_genbin4_recobin5 acc 0.0238 eff 0.0123 outinratio 0.0586 

WplusH125_4e_TCjmax_pT4l_genbin4_recobin5 acc 0.0216 eff 0.0044 outinratio 0.0492 

ttH125_4e_TCjmax_pT4l_genbin4_recobin5 acc 0.0067 eff 0.0 outinratio 0.0671 

ZH125_4e_TCjmax_pT4l_genbin4_recobin5 acc 0.0263 eff 0.0213 outinratio 0.082 

ggH125_4e_TCjmax_pT4l_genbin5_recobin5 acc 0.0148 eff 0.276 outinratio 0.0291 

VBFH125_4e_TCjmax_pT4l_genbin5_recobin5 acc 0.0667 eff 0.3209 outinratio 0.0291 

WminusH125_4e_TCjmax_pT4l_genbin5_recobin5 acc 0.0233 eff 0.2623 outinratio 0.0586 

WplusH125_4e_TCjmax_pT4l_genbin5_recobin5 acc 0.0204 eff 0.2628 outinratio 0.0492 

ttH125_4e_TCjmax_pT4l_genbin5_recobin5 acc 0.0087 eff 0.1496 outinratio 0.0671 

ZH125_4e_TCjmax_pT4l_genbin5_recobin5 acc 0.0232 eff 0.3327 outinratio 0.082 

ggH125_4e_TCjmax_pT4l_genbin6_recobin5 acc 0.0081 eff 0.0135 outinratio 0.0291 

VBFH125_4e_TCjmax_pT4l_genbin6_recobin5 acc 0.069 eff 0.0117 outinratio 0.0291 

WminusH125_4e_TCjmax_pT4l_genbin6_recobin5 acc 0.0144 eff 0.0215 outinratio 0.0586 

WplusH125_4e_TCjmax_pT4l_genbin6_recobin5 acc 0.0152 eff 0.014 outinratio 0.0492 

ttH125_4e_TCjmax_pT4l_genbin6_recobin5 acc 0.0163 eff 0.0 outinratio 0.0671 

ZH125_4e_TCjmax_pT4l_genbin6_recobin5 acc 0.0169 eff 0.0 outinratio 0.082 

ggH125_4e_TCjmax_pT4l_genbin7_recobin5 acc 0.0252 eff 0.009 outinratio 0.0291 

VBFH125_4e_TCjmax_pT4l_genbin7_recobin5 acc 0.0667 eff 0.0064 outinratio 0.0291 

WminusH125_4e_TCjmax_pT4l_genbin7_recobin5 acc 0.1 eff 0.0078 outinratio 0.0586 

WplusH125_4e_TCjmax_pT4l_genbin7_recobin5 acc 0.0903 eff 0.0059 outinratio 0.0492 

ttH125_4e_TCjmax_pT4l_genbin7_recobin5 acc 0.2231 eff 0.0024 outinratio 0.0671 

ZH125_4e_TCjmax_pT4l_genbin7_recobin5 acc 0.0969 eff 0.0066 outinratio 0.082 

ggH125_4e_TCjmax_pT4l_genbin8_recobin5 acc 0.0042 eff 0.0 outinratio 0.0291 

VBFH125_4e_TCjmax_pT4l_genbin8_recobin5 acc 0.012 eff 0.0 outinratio 0.0291 

WminusH125_4e_TCjmax_pT4l_genbin8_recobin5 acc 0.0133 eff 0.0 outinratio 0.0586 

WplusH125_4e_TCjmax_pT4l_genbin8_recobin5 acc 0.0143 eff 0.0 outinratio 0.0492 

ttH125_4e_TCjmax_pT4l_genbin8_recobin5 acc 0.0365 eff 0.0 outinratio 0.0671 

ZH125_4e_TCjmax_pT4l_genbin8_recobin5 acc 0.0158 eff 0.0 outinratio 0.082 

ggH125_4e_TCjmax_pT4l_genbin0_recobin6 acc 0.2457 eff 0.0 outinratio 0.0 

VBFH125_4e_TCjmax_pT4l_genbin0_recobin6 acc 0.0377 eff 0.0 outinratio 0.0286 

WminusH125_4e_TCjmax_pT4l_genbin0_recobin6 acc 0.0832 eff 0.011 outinratio 0.0704 

WplusH125_4e_TCjmax_pT4l_genbin0_recobin6 acc 0.0719 eff 0.0123 outinratio 0.0342 

ttH125_4e_TCjmax_pT4l_genbin0_recobin6 acc 0.0012 eff -1.0 outinratio 0.0214 

ZH125_4e_TCjmax_pT4l_genbin0_recobin6 acc 0.0695 eff 0.0093 outinratio 0.0 

ggH125_4e_TCjmax_pT4l_genbin1_recobin6 acc 0.0173 eff 0.0 outinratio 0.0 

VBFH125_4e_TCjmax_pT4l_genbin1_recobin6 acc 0.0332 eff 0.0 outinratio 0.0286 

WminusH125_4e_TCjmax_pT4l_genbin1_recobin6 acc 0.025 eff 0.0 outinratio 0.0704 

WplusH125_4e_TCjmax_pT4l_genbin1_recobin6 acc 0.0214 eff 0.0 outinratio 0.0342 

ttH125_4e_TCjmax_pT4l_genbin1_recobin6 acc 0.0041 eff 0.0 outinratio 0.0214 

ZH125_4e_TCjmax_pT4l_genbin1_recobin6 acc 0.0221 eff 0.0 outinratio 0.0 

ggH125_4e_TCjmax_pT4l_genbin2_recobin6 acc 0.0336 eff 0.0 outinratio 0.0 

VBFH125_4e_TCjmax_pT4l_genbin2_recobin6 acc 0.0485 eff 0.0 outinratio 0.0286 

WminusH125_4e_TCjmax_pT4l_genbin2_recobin6 acc 0.0312 eff 0.0 outinratio 0.0704 

WplusH125_4e_TCjmax_pT4l_genbin2_recobin6 acc 0.0264 eff 0.0 outinratio 0.0342 

ttH125_4e_TCjmax_pT4l_genbin2_recobin6 acc 0.0069 eff 0.0 outinratio 0.0214 

ZH125_4e_TCjmax_pT4l_genbin2_recobin6 acc 0.0348 eff 0.0 outinratio 0.0 

ggH125_4e_TCjmax_pT4l_genbin3_recobin6 acc 0.0221 eff 0.0 outinratio 0.0 

VBFH125_4e_TCjmax_pT4l_genbin3_recobin6 acc 0.0421 eff 0.0 outinratio 0.0286 

WminusH125_4e_TCjmax_pT4l_genbin3_recobin6 acc 0.0235 eff 0.0 outinratio 0.0704 

WplusH125_4e_TCjmax_pT4l_genbin3_recobin6 acc 0.0199 eff 0.0 outinratio 0.0342 

ttH125_4e_TCjmax_pT4l_genbin3_recobin6 acc 0.0049 eff 0.0 outinratio 0.0214 

ZH125_4e_TCjmax_pT4l_genbin3_recobin6 acc 0.019 eff 0.0 outinratio 0.0 

ggH125_4e_TCjmax_pT4l_genbin4_recobin6 acc 0.0179 eff 0.0 outinratio 0.0 

VBFH125_4e_TCjmax_pT4l_genbin4_recobin6 acc 0.0533 eff 0.0 outinratio 0.0286 

WminusH125_4e_TCjmax_pT4l_genbin4_recobin6 acc 0.0238 eff 0.0 outinratio 0.0704 

WplusH125_4e_TCjmax_pT4l_genbin4_recobin6 acc 0.0216 eff 0.0 outinratio 0.0342 

ttH125_4e_TCjmax_pT4l_genbin4_recobin6 acc 0.0067 eff 0.0 outinratio 0.0214 

ZH125_4e_TCjmax_pT4l_genbin4_recobin6 acc 0.0263 eff 0.0 outinratio 0.0 

ggH125_4e_TCjmax_pT4l_genbin5_recobin6 acc 0.0148 eff 0.0 outinratio 0.0 

VBFH125_4e_TCjmax_pT4l_genbin5_recobin6 acc 0.0667 eff 0.005 outinratio 0.0286 

WminusH125_4e_TCjmax_pT4l_genbin5_recobin6 acc 0.0233 eff 0.0044 outinratio 0.0704 

WplusH125_4e_TCjmax_pT4l_genbin5_recobin6 acc 0.0204 eff 0.0023 outinratio 0.0342 

ttH125_4e_TCjmax_pT4l_genbin5_recobin6 acc 0.0087 eff 0.0 outinratio 0.0214 

ZH125_4e_TCjmax_pT4l_genbin5_recobin6 acc 0.0232 eff 0.0 outinratio 0.0 

ggH125_4e_TCjmax_pT4l_genbin6_recobin6 acc 0.0081 eff 0.3161 outinratio 0.0 

VBFH125_4e_TCjmax_pT4l_genbin6_recobin6 acc 0.069 eff 0.3419 outinratio 0.0286 

WminusH125_4e_TCjmax_pT4l_genbin6_recobin6 acc 0.0144 eff 0.2819 outinratio 0.0704 

WplusH125_4e_TCjmax_pT4l_genbin6_recobin6 acc 0.0152 eff 0.2987 outinratio 0.0342 

ttH125_4e_TCjmax_pT4l_genbin6_recobin6 acc 0.0163 eff 0.299 outinratio 0.0214 

ZH125_4e_TCjmax_pT4l_genbin6_recobin6 acc 0.0169 eff 0.2234 outinratio 0.0 

ggH125_4e_TCjmax_pT4l_genbin7_recobin6 acc 0.0252 eff 0.0106 outinratio 0.0 

VBFH125_4e_TCjmax_pT4l_genbin7_recobin6 acc 0.0667 eff 0.0151 outinratio 0.0286 

WminusH125_4e_TCjmax_pT4l_genbin7_recobin6 acc 0.1 eff 0.0082 outinratio 0.0704 

WplusH125_4e_TCjmax_pT4l_genbin7_recobin6 acc 0.0903 eff 0.0081 outinratio 0.0342 

ttH125_4e_TCjmax_pT4l_genbin7_recobin6 acc 0.2231 eff 0.0013 outinratio 0.0214 

ZH125_4e_TCjmax_pT4l_genbin7_recobin6 acc 0.0969 eff 0.0153 outinratio 0.0 

ggH125_4e_TCjmax_pT4l_genbin8_recobin6 acc 0.0042 eff 0.0 outinratio 0.0 

VBFH125_4e_TCjmax_pT4l_genbin8_recobin6 acc 0.012 eff 0.0177 outinratio 0.0286 

WminusH125_4e_TCjmax_pT4l_genbin8_recobin6 acc 0.0133 eff 0.0012 outinratio 0.0704 

WplusH125_4e_TCjmax_pT4l_genbin8_recobin6 acc 0.0143 eff 0.0013 outinratio 0.0342 

ttH125_4e_TCjmax_pT4l_genbin8_recobin6 acc 0.0365 eff 0.0 outinratio 0.0214 

ZH125_4e_TCjmax_pT4l_genbin8_recobin6 acc 0.0158 eff 0.0 outinratio 0.0 

ggH125_4e_TCjmax_pT4l_genbin0_recobin7 acc 0.2457 eff 0.0017 outinratio 0.043 

VBFH125_4e_TCjmax_pT4l_genbin0_recobin7 acc 0.0377 eff 0.0023 outinratio 0.0441 

WminusH125_4e_TCjmax_pT4l_genbin0_recobin7 acc 0.0832 eff 0.0132 outinratio 0.0857 

WplusH125_4e_TCjmax_pT4l_genbin0_recobin7 acc 0.0719 eff 0.0142 outinratio 0.0845 

ttH125_4e_TCjmax_pT4l_genbin0_recobin7 acc 0.0012 eff -1.0 outinratio 0.2157 

ZH125_4e_TCjmax_pT4l_genbin0_recobin7 acc 0.0695 eff 0.0 outinratio 0.0819 

ggH125_4e_TCjmax_pT4l_genbin1_recobin7 acc 0.0173 eff 0.0 outinratio 0.043 

VBFH125_4e_TCjmax_pT4l_genbin1_recobin7 acc 0.0332 eff 0.0041 outinratio 0.0441 

WminusH125_4e_TCjmax_pT4l_genbin1_recobin7 acc 0.025 eff 0.0151 outinratio 0.0857 

WplusH125_4e_TCjmax_pT4l_genbin1_recobin7 acc 0.0214 eff 0.0202 outinratio 0.0845 

ttH125_4e_TCjmax_pT4l_genbin1_recobin7 acc 0.0041 eff 0.0136 outinratio 0.2157 

ZH125_4e_TCjmax_pT4l_genbin1_recobin7 acc 0.0221 eff 0.0 outinratio 0.0819 

ggH125_4e_TCjmax_pT4l_genbin2_recobin7 acc 0.0336 eff 0.0031 outinratio 0.043 

VBFH125_4e_TCjmax_pT4l_genbin2_recobin7 acc 0.0485 eff 0.007 outinratio 0.0441 

WminusH125_4e_TCjmax_pT4l_genbin2_recobin7 acc 0.0312 eff 0.0188 outinratio 0.0857 

WplusH125_4e_TCjmax_pT4l_genbin2_recobin7 acc 0.0264 eff 0.0294 outinratio 0.0845 

ttH125_4e_TCjmax_pT4l_genbin2_recobin7 acc 0.0069 eff 0.1577 outinratio 0.2157 

ZH125_4e_TCjmax_pT4l_genbin2_recobin7 acc 0.0348 eff 0.0 outinratio 0.0819 

ggH125_4e_TCjmax_pT4l_genbin3_recobin7 acc 0.0221 eff 0.0088 outinratio 0.043 

VBFH125_4e_TCjmax_pT4l_genbin3_recobin7 acc 0.0421 eff 0.0088 outinratio 0.0441 

WminusH125_4e_TCjmax_pT4l_genbin3_recobin7 acc 0.0235 eff 0.0324 outinratio 0.0857 

WplusH125_4e_TCjmax_pT4l_genbin3_recobin7 acc 0.0199 eff 0.0294 outinratio 0.0845 

ttH125_4e_TCjmax_pT4l_genbin3_recobin7 acc 0.0049 eff 0.0382 outinratio 0.2157 

ZH125_4e_TCjmax_pT4l_genbin3_recobin7 acc 0.019 eff 0.0914 outinratio 0.0819 

ggH125_4e_TCjmax_pT4l_genbin4_recobin7 acc 0.0179 eff 0.0112 outinratio 0.043 

VBFH125_4e_TCjmax_pT4l_genbin4_recobin7 acc 0.0533 eff 0.0076 outinratio 0.0441 

WminusH125_4e_TCjmax_pT4l_genbin4_recobin7 acc 0.0238 eff 0.0413 outinratio 0.0857 

WplusH125_4e_TCjmax_pT4l_genbin4_recobin7 acc 0.0216 eff 0.0406 outinratio 0.0845 

ttH125_4e_TCjmax_pT4l_genbin4_recobin7 acc 0.0067 eff 0.1842 outinratio 0.2157 

ZH125_4e_TCjmax_pT4l_genbin4_recobin7 acc 0.0263 eff 0.0 outinratio 0.0819 

ggH125_4e_TCjmax_pT4l_genbin5_recobin7 acc 0.0148 eff 0.0136 outinratio 0.043 

VBFH125_4e_TCjmax_pT4l_genbin5_recobin7 acc 0.0667 eff 0.0111 outinratio 0.0441 

WminusH125_4e_TCjmax_pT4l_genbin5_recobin7 acc 0.0233 eff 0.0422 outinratio 0.0857 

WplusH125_4e_TCjmax_pT4l_genbin5_recobin7 acc 0.0204 eff 0.0531 outinratio 0.0845 

ttH125_4e_TCjmax_pT4l_genbin5_recobin7 acc 0.0087 eff 0.0659 outinratio 0.2157 

ZH125_4e_TCjmax_pT4l_genbin5_recobin7 acc 0.0232 eff 0.0286 outinratio 0.0819 

ggH125_4e_TCjmax_pT4l_genbin6_recobin7 acc 0.0081 eff 0.0355 outinratio 0.043 

VBFH125_4e_TCjmax_pT4l_genbin6_recobin7 acc 0.069 eff 0.0148 outinratio 0.0441 

WminusH125_4e_TCjmax_pT4l_genbin6_recobin7 acc 0.0144 eff 0.0537 outinratio 0.0857 

WplusH125_4e_TCjmax_pT4l_genbin6_recobin7 acc 0.0152 eff 0.042 outinratio 0.0845 

ttH125_4e_TCjmax_pT4l_genbin6_recobin7 acc 0.0163 eff 0.1052 outinratio 0.2157 

ZH125_4e_TCjmax_pT4l_genbin6_recobin7 acc 0.0169 eff 0.083 outinratio 0.0819 

ggH125_4e_TCjmax_pT4l_genbin7_recobin7 acc 0.0252 eff 0.3508 outinratio 0.043 

VBFH125_4e_TCjmax_pT4l_genbin7_recobin7 acc 0.0667 eff 0.3298 outinratio 0.0441 

WminusH125_4e_TCjmax_pT4l_genbin7_recobin7 acc 0.1 eff 0.3306 outinratio 0.0857 

WplusH125_4e_TCjmax_pT4l_genbin7_recobin7 acc 0.0903 eff 0.3203 outinratio 0.0845 

ttH125_4e_TCjmax_pT4l_genbin7_recobin7 acc 0.2231 eff 0.3344 outinratio 0.2157 

ZH125_4e_TCjmax_pT4l_genbin7_recobin7 acc 0.0969 eff 0.2613 outinratio 0.0819 

ggH125_4e_TCjmax_pT4l_genbin8_recobin7 acc 0.0042 eff 0.0 outinratio 0.043 

VBFH125_4e_TCjmax_pT4l_genbin8_recobin7 acc 0.012 eff 0.0153 outinratio 0.0441 

WminusH125_4e_TCjmax_pT4l_genbin8_recobin7 acc 0.0133 eff 0.0169 outinratio 0.0857 

WplusH125_4e_TCjmax_pT4l_genbin8_recobin7 acc 0.0143 eff 0.0055 outinratio 0.0845 

ttH125_4e_TCjmax_pT4l_genbin8_recobin7 acc 0.0365 eff 0.009 outinratio 0.2157 

ZH125_4e_TCjmax_pT4l_genbin8_recobin7 acc 0.0158 eff 0.0 outinratio 0.0819 

ggH125_4e_TCjmax_pT4l_genbin0_recobin8 acc 0.2457 eff 0.0 outinratio 0.0253 

VBFH125_4e_TCjmax_pT4l_genbin0_recobin8 acc 0.0377 eff 0.0 outinratio 0.0377 

WminusH125_4e_TCjmax_pT4l_genbin0_recobin8 acc 0.0832 eff 0.0007 outinratio 0.066 

WplusH125_4e_TCjmax_pT4l_genbin0_recobin8 acc 0.0719 eff 0.0015 outinratio 0.0597 

ttH125_4e_TCjmax_pT4l_genbin0_recobin8 acc 0.0012 eff -1.0 outinratio 0.1609 

ZH125_4e_TCjmax_pT4l_genbin0_recobin8 acc 0.0695 eff 0.0 outinratio 0.0 

ggH125_4e_TCjmax_pT4l_genbin1_recobin8 acc 0.0173 eff 0.0 outinratio 0.0253 

VBFH125_4e_TCjmax_pT4l_genbin1_recobin8 acc 0.0332 eff 0.0 outinratio 0.0377 

WminusH125_4e_TCjmax_pT4l_genbin1_recobin8 acc 0.025 eff 0.0 outinratio 0.066 

WplusH125_4e_TCjmax_pT4l_genbin1_recobin8 acc 0.0214 eff 0.0 outinratio 0.0597 

ttH125_4e_TCjmax_pT4l_genbin1_recobin8 acc 0.0041 eff 0.0 outinratio 0.1609 

ZH125_4e_TCjmax_pT4l_genbin1_recobin8 acc 0.0221 eff 0.0 outinratio 0.0 

ggH125_4e_TCjmax_pT4l_genbin2_recobin8 acc 0.0336 eff 0.0 outinratio 0.0253 

VBFH125_4e_TCjmax_pT4l_genbin2_recobin8 acc 0.0485 eff 0.0 outinratio 0.0377 

WminusH125_4e_TCjmax_pT4l_genbin2_recobin8 acc 0.0312 eff 0.0 outinratio 0.066 

WplusH125_4e_TCjmax_pT4l_genbin2_recobin8 acc 0.0264 eff 0.0 outinratio 0.0597 

ttH125_4e_TCjmax_pT4l_genbin2_recobin8 acc 0.0069 eff 0.0 outinratio 0.1609 

ZH125_4e_TCjmax_pT4l_genbin2_recobin8 acc 0.0348 eff 0.0 outinratio 0.0 

ggH125_4e_TCjmax_pT4l_genbin3_recobin8 acc 0.0221 eff 0.0 outinratio 0.0253 

VBFH125_4e_TCjmax_pT4l_genbin3_recobin8 acc 0.0421 eff 0.0 outinratio 0.0377 

WminusH125_4e_TCjmax_pT4l_genbin3_recobin8 acc 0.0235 eff 0.0 outinratio 0.066 

WplusH125_4e_TCjmax_pT4l_genbin3_recobin8 acc 0.0199 eff 0.0 outinratio 0.0597 

ttH125_4e_TCjmax_pT4l_genbin3_recobin8 acc 0.0049 eff 0.0 outinratio 0.1609 

ZH125_4e_TCjmax_pT4l_genbin3_recobin8 acc 0.019 eff 0.0 outinratio 0.0 

ggH125_4e_TCjmax_pT4l_genbin4_recobin8 acc 0.0179 eff 0.0 outinratio 0.0253 

VBFH125_4e_TCjmax_pT4l_genbin4_recobin8 acc 0.0533 eff 0.0 outinratio 0.0377 

WminusH125_4e_TCjmax_pT4l_genbin4_recobin8 acc 0.0238 eff 0.0 outinratio 0.066 

WplusH125_4e_TCjmax_pT4l_genbin4_recobin8 acc 0.0216 eff 0.0 outinratio 0.0597 

ttH125_4e_TCjmax_pT4l_genbin4_recobin8 acc 0.0067 eff 0.0 outinratio 0.1609 

ZH125_4e_TCjmax_pT4l_genbin4_recobin8 acc 0.0263 eff 0.0 outinratio 0.0 

ggH125_4e_TCjmax_pT4l_genbin5_recobin8 acc 0.0148 eff 0.0 outinratio 0.0253 

VBFH125_4e_TCjmax_pT4l_genbin5_recobin8 acc 0.0667 eff 0.0 outinratio 0.0377 

WminusH125_4e_TCjmax_pT4l_genbin5_recobin8 acc 0.0233 eff 0.0 outinratio 0.066 

WplusH125_4e_TCjmax_pT4l_genbin5_recobin8 acc 0.0204 eff 0.0 outinratio 0.0597 

ttH125_4e_TCjmax_pT4l_genbin5_recobin8 acc 0.0087 eff 0.0 outinratio 0.1609 

ZH125_4e_TCjmax_pT4l_genbin5_recobin8 acc 0.0232 eff 0.0 outinratio 0.0 

ggH125_4e_TCjmax_pT4l_genbin6_recobin8 acc 0.0081 eff 0.0 outinratio 0.0253 

VBFH125_4e_TCjmax_pT4l_genbin6_recobin8 acc 0.069 eff 0.0022 outinratio 0.0377 

WminusH125_4e_TCjmax_pT4l_genbin6_recobin8 acc 0.0144 eff 0.0053 outinratio 0.066 

WplusH125_4e_TCjmax_pT4l_genbin6_recobin8 acc 0.0152 eff 0.0067 outinratio 0.0597 

ttH125_4e_TCjmax_pT4l_genbin6_recobin8 acc 0.0163 eff 0.0278 outinratio 0.1609 

ZH125_4e_TCjmax_pT4l_genbin6_recobin8 acc 0.0169 eff 0.0 outinratio 0.0 

ggH125_4e_TCjmax_pT4l_genbin7_recobin8 acc 0.0252 eff 0.002 outinratio 0.0253 

VBFH125_4e_TCjmax_pT4l_genbin7_recobin8 acc 0.0667 eff 0.0008 outinratio 0.0377 

WminusH125_4e_TCjmax_pT4l_genbin7_recobin8 acc 0.1 eff 0.0002 outinratio 0.066 

WplusH125_4e_TCjmax_pT4l_genbin7_recobin8 acc 0.0903 eff 0.0 outinratio 0.0597 

ttH125_4e_TCjmax_pT4l_genbin7_recobin8 acc 0.2231 eff 0.0015 outinratio 0.1609 

ZH125_4e_TCjmax_pT4l_genbin7_recobin8 acc 0.0969 eff 0.0 outinratio 0.0 

ggH125_4e_TCjmax_pT4l_genbin8_recobin8 acc 0.0042 eff 0.3978 outinratio 0.0253 

VBFH125_4e_TCjmax_pT4l_genbin8_recobin8 acc 0.012 eff 0.3747 outinratio 0.0377 

WminusH125_4e_TCjmax_pT4l_genbin8_recobin8 acc 0.0133 eff 0.3329 outinratio 0.066 

WplusH125_4e_TCjmax_pT4l_genbin8_recobin8 acc 0.0143 eff 0.342 outinratio 0.0597 

ttH125_4e_TCjmax_pT4l_genbin8_recobin8 acc 0.0365 eff 0.3702 outinratio 0.1609 

ZH125_4e_TCjmax_pT4l_genbin8_recobin8 acc 0.0158 eff 0.6369 outinratio 0.0 

ggH125_4mu_TCjmax_pT4l_genbin0_recobin0 acc 0.2691 eff 0.6823 outinratio 0.0462 

VBFH125_4mu_TCjmax_pT4l_genbin0_recobin0 acc 0.0413 eff 0.5731 outinratio 0.0323 

WminusH125_4mu_TCjmax_pT4l_genbin0_recobin0 acc 0.0929 eff 0.5503 outinratio 0.0563 

WplusH125_4mu_TCjmax_pT4l_genbin0_recobin0 acc 0.0765 eff 0.55 outinratio 0.0595 

ttH125_4mu_TCjmax_pT4l_genbin0_recobin0 acc 0.0011 eff -1.0 outinratio 2.061 

ZH125_4mu_TCjmax_pT4l_genbin0_recobin0 acc 0.0772 eff 0.5598 outinratio 0.0152 

ggH125_4mu_TCjmax_pT4l_genbin1_recobin0 acc 0.0204 eff 0.1722 outinratio 0.0462 

VBFH125_4mu_TCjmax_pT4l_genbin1_recobin0 acc 0.0373 eff 0.0842 outinratio 0.0323 

WminusH125_4mu_TCjmax_pT4l_genbin1_recobin0 acc 0.029 eff 0.0761 outinratio 0.0563 

WplusH125_4mu_TCjmax_pT4l_genbin1_recobin0 acc 0.0235 eff 0.0755 outinratio 0.0595 

ttH125_4mu_TCjmax_pT4l_genbin1_recobin0 acc 0.0066 eff 0.0 outinratio 2.061 

ZH125_4mu_TCjmax_pT4l_genbin1_recobin0 acc 0.0348 eff 0.0517 outinratio 0.0152 

ggH125_4mu_TCjmax_pT4l_genbin2_recobin0 acc 0.0352 eff 0.1264 outinratio 0.0462 

VBFH125_4mu_TCjmax_pT4l_genbin2_recobin0 acc 0.053 eff 0.0647 outinratio 0.0323 

WminusH125_4mu_TCjmax_pT4l_genbin2_recobin0 acc 0.0343 eff 0.0483 outinratio 0.0563 

WplusH125_4mu_TCjmax_pT4l_genbin2_recobin0 acc 0.0294 eff 0.057 outinratio 0.0595 

ttH125_4mu_TCjmax_pT4l_genbin2_recobin0 acc 0.0075 eff 0.0 outinratio 2.061 

ZH125_4mu_TCjmax_pT4l_genbin2_recobin0 acc 0.037 eff 0.063 outinratio 0.0152 

ggH125_4mu_TCjmax_pT4l_genbin3_recobin0 acc 0.0239 eff 0.0698 outinratio 0.0462 

VBFH125_4mu_TCjmax_pT4l_genbin3_recobin0 acc 0.0459 eff 0.0582 outinratio 0.0323 

WminusH125_4mu_TCjmax_pT4l_genbin3_recobin0 acc 0.0255 eff 0.0467 outinratio 0.0563 

WplusH125_4mu_TCjmax_pT4l_genbin3_recobin0 acc 0.0217 eff 0.042 outinratio 0.0595 

ttH125_4mu_TCjmax_pT4l_genbin3_recobin0 acc 0.0072 eff 0.0 outinratio 2.061 

ZH125_4mu_TCjmax_pT4l_genbin3_recobin0 acc 0.0207 eff 0.0378 outinratio 0.0152 

ggH125_4mu_TCjmax_pT4l_genbin4_recobin0 acc 0.0198 eff 0.0629 outinratio 0.0462 

VBFH125_4mu_TCjmax_pT4l_genbin4_recobin0 acc 0.059 eff 0.0291 outinratio 0.0323 

WminusH125_4mu_TCjmax_pT4l_genbin4_recobin0 acc 0.0266 eff 0.0287 outinratio 0.0563 

WplusH125_4mu_TCjmax_pT4l_genbin4_recobin0 acc 0.0228 eff 0.0196 outinratio 0.0595 

ttH125_4mu_TCjmax_pT4l_genbin4_recobin0 acc 0.0061 eff 0.0 outinratio 2.061 

ZH125_4mu_TCjmax_pT4l_genbin4_recobin0 acc 0.0228 eff 0.0 outinratio 0.0152 

ggH125_4mu_TCjmax_pT4l_genbin5_recobin0 acc 0.0157 eff 0.0121 outinratio 0.0462 

VBFH125_4mu_TCjmax_pT4l_genbin5_recobin0 acc 0.0734 eff 0.0156 outinratio 0.0323 

WminusH125_4mu_TCjmax_pT4l_genbin5_recobin0 acc 0.0246 eff 0.0236 outinratio 0.0563 

WplusH125_4mu_TCjmax_pT4l_genbin5_recobin0 acc 0.0222 eff 0.0258 outinratio 0.0595 

ttH125_4mu_TCjmax_pT4l_genbin5_recobin0 acc 0.01 eff 0.0 outinratio 2.061 

ZH125_4mu_TCjmax_pT4l_genbin5_recobin0 acc 0.0163 eff 0.0 outinratio 0.0152 

ggH125_4mu_TCjmax_pT4l_genbin6_recobin0 acc 0.0103 eff 0.0 outinratio 0.0462 

VBFH125_4mu_TCjmax_pT4l_genbin6_recobin0 acc 0.0759 eff 0.0073 outinratio 0.0323 

WminusH125_4mu_TCjmax_pT4l_genbin6_recobin0 acc 0.0158 eff 0.0309 outinratio 0.0563 

WplusH125_4mu_TCjmax_pT4l_genbin6_recobin0 acc 0.017 eff 0.0268 outinratio 0.0595 

ttH125_4mu_TCjmax_pT4l_genbin6_recobin0 acc 0.0179 eff 0.0 outinratio 2.061 

ZH125_4mu_TCjmax_pT4l_genbin6_recobin0 acc 0.0228 eff 0.0 outinratio 0.0152 

ggH125_4mu_TCjmax_pT4l_genbin7_recobin0 acc 0.0247 eff 0.0015 outinratio 0.0462 

VBFH125_4mu_TCjmax_pT4l_genbin7_recobin0 acc 0.0739 eff 0.003 outinratio 0.0323 

WminusH125_4mu_TCjmax_pT4l_genbin7_recobin0 acc 0.1123 eff 0.0019 outinratio 0.0563 

WplusH125_4mu_TCjmax_pT4l_genbin7_recobin0 acc 0.0995 eff 0.0022 outinratio 0.0595 

ttH125_4mu_TCjmax_pT4l_genbin7_recobin0 acc 0.2468 eff 0.0 outinratio 2.061 

ZH125_4mu_TCjmax_pT4l_genbin7_recobin0 acc 0.112 eff 0.0068 outinratio 0.0152 

ggH125_4mu_TCjmax_pT4l_genbin8_recobin0 acc 0.0042 eff 0.0 outinratio 0.0462 

VBFH125_4mu_TCjmax_pT4l_genbin8_recobin0 acc 0.0132 eff 0.0017 outinratio 0.0323 

WminusH125_4mu_TCjmax_pT4l_genbin8_recobin0 acc 0.0133 eff 0.0 outinratio 0.0563 

WplusH125_4mu_TCjmax_pT4l_genbin8_recobin0 acc 0.0149 eff 0.0 outinratio 0.0595 

ttH125_4mu_TCjmax_pT4l_genbin8_recobin0 acc 0.0367 eff 0.0 outinratio 2.061 

ZH125_4mu_TCjmax_pT4l_genbin8_recobin0 acc 0.012 eff 0.0 outinratio 0.0152 

ggH125_4mu_TCjmax_pT4l_genbin0_recobin1 acc 0.2691 eff 0.0715 outinratio 0.0819 

VBFH125_4mu_TCjmax_pT4l_genbin0_recobin1 acc 0.0413 eff 0.1106 outinratio 0.0329 

WminusH125_4mu_TCjmax_pT4l_genbin0_recobin1 acc 0.0929 eff 0.0579 outinratio 0.0821 

WplusH125_4mu_TCjmax_pT4l_genbin0_recobin1 acc 0.0765 eff 0.0454 outinratio 0.0959 

ttH125_4mu_TCjmax_pT4l_genbin0_recobin1 acc 0.0011 eff -1.0 outinratio 0.0552 

ZH125_4mu_TCjmax_pT4l_genbin0_recobin1 acc 0.0772 eff 0.0251 outinratio 0.0727 

ggH125_4mu_TCjmax_pT4l_genbin1_recobin1 acc 0.0204 eff 0.5554 outinratio 0.0819 

VBFH125_4mu_TCjmax_pT4l_genbin1_recobin1 acc 0.0373 eff 0.6874 outinratio 0.0329 

WminusH125_4mu_TCjmax_pT4l_genbin1_recobin1 acc 0.029 eff 0.6789 outinratio 0.0821 

WplusH125_4mu_TCjmax_pT4l_genbin1_recobin1 acc 0.0235 eff 0.6275 outinratio 0.0959 

ttH125_4mu_TCjmax_pT4l_genbin1_recobin1 acc 0.0066 eff 0.466 outinratio 0.0552 

ZH125_4mu_TCjmax_pT4l_genbin1_recobin1 acc 0.0348 eff 0.7251 outinratio 0.0727 

ggH125_4mu_TCjmax_pT4l_genbin2_recobin1 acc 0.0352 eff 0.0124 outinratio 0.0819 

VBFH125_4mu_TCjmax_pT4l_genbin2_recobin1 acc 0.053 eff 0.0174 outinratio 0.0329 

WminusH125_4mu_TCjmax_pT4l_genbin2_recobin1 acc 0.0343 eff 0.0176 outinratio 0.0821 

WplusH125_4mu_TCjmax_pT4l_genbin2_recobin1 acc 0.0294 eff 0.0184 outinratio 0.0959 

ttH125_4mu_TCjmax_pT4l_genbin2_recobin1 acc 0.0075 eff 0.0 outinratio 0.0552 

ZH125_4mu_TCjmax_pT4l_genbin2_recobin1 acc 0.037 eff 0.0442 outinratio 0.0727 

ggH125_4mu_TCjmax_pT4l_genbin3_recobin1 acc 0.0239 eff 0.0 outinratio 0.0819 

VBFH125_4mu_TCjmax_pT4l_genbin3_recobin1 acc 0.0459 eff 0.0002 outinratio 0.0329 

WminusH125_4mu_TCjmax_pT4l_genbin3_recobin1 acc 0.0255 eff 0.0 outinratio 0.0821 

WplusH125_4mu_TCjmax_pT4l_genbin3_recobin1 acc 0.0217 eff 0.0 outinratio 0.0959 

ttH125_4mu_TCjmax_pT4l_genbin3_recobin1 acc 0.0072 eff 0.0 outinratio 0.0552 

ZH125_4mu_TCjmax_pT4l_genbin3_recobin1 acc 0.0207 eff 0.0 outinratio 0.0727 

ggH125_4mu_TCjmax_pT4l_genbin4_recobin1 acc 0.0198 eff 0.0 outinratio 0.0819 

VBFH125_4mu_TCjmax_pT4l_genbin4_recobin1 acc 0.059 eff 0.0 outinratio 0.0329 

WminusH125_4mu_TCjmax_pT4l_genbin4_recobin1 acc 0.0266 eff 0.0 outinratio 0.0821 

WplusH125_4mu_TCjmax_pT4l_genbin4_recobin1 acc 0.0228 eff 0.0 outinratio 0.0959 

ttH125_4mu_TCjmax_pT4l_genbin4_recobin1 acc 0.0061 eff 0.0 outinratio 0.0552 

ZH125_4mu_TCjmax_pT4l_genbin4_recobin1 acc 0.0228 eff 0.0 outinratio 0.0727 

ggH125_4mu_TCjmax_pT4l_genbin5_recobin1 acc 0.0157 eff 0.0 outinratio 0.0819 

VBFH125_4mu_TCjmax_pT4l_genbin5_recobin1 acc 0.0734 eff 0.0 outinratio 0.0329 

WminusH125_4mu_TCjmax_pT4l_genbin5_recobin1 acc 0.0246 eff 0.0 outinratio 0.0821 

WplusH125_4mu_TCjmax_pT4l_genbin5_recobin1 acc 0.0222 eff 0.0 outinratio 0.0959 

ttH125_4mu_TCjmax_pT4l_genbin5_recobin1 acc 0.01 eff 0.0 outinratio 0.0552 

ZH125_4mu_TCjmax_pT4l_genbin5_recobin1 acc 0.0163 eff 0.0 outinratio 0.0727 

ggH125_4mu_TCjmax_pT4l_genbin6_recobin1 acc 0.0103 eff 0.0 outinratio 0.0819 

VBFH125_4mu_TCjmax_pT4l_genbin6_recobin1 acc 0.0759 eff 0.0 outinratio 0.0329 

WminusH125_4mu_TCjmax_pT4l_genbin6_recobin1 acc 0.0158 eff 0.0 outinratio 0.0821 

WplusH125_4mu_TCjmax_pT4l_genbin6_recobin1 acc 0.017 eff 0.0 outinratio 0.0959 

ttH125_4mu_TCjmax_pT4l_genbin6_recobin1 acc 0.0179 eff 0.0 outinratio 0.0552 

ZH125_4mu_TCjmax_pT4l_genbin6_recobin1 acc 0.0228 eff 0.0 outinratio 0.0727 

ggH125_4mu_TCjmax_pT4l_genbin7_recobin1 acc 0.0247 eff 0.002 outinratio 0.0819 

VBFH125_4mu_TCjmax_pT4l_genbin7_recobin1 acc 0.0739 eff 0.0041 outinratio 0.0329 

WminusH125_4mu_TCjmax_pT4l_genbin7_recobin1 acc 0.1123 eff 0.0021 outinratio 0.0821 

WplusH125_4mu_TCjmax_pT4l_genbin7_recobin1 acc 0.0995 eff 0.0026 outinratio 0.0959 

ttH125_4mu_TCjmax_pT4l_genbin7_recobin1 acc 0.2468 eff 0.0039 outinratio 0.0552 

ZH125_4mu_TCjmax_pT4l_genbin7_recobin1 acc 0.112 eff 0.0 outinratio 0.0727 

ggH125_4mu_TCjmax_pT4l_genbin8_recobin1 acc 0.0042 eff 0.0 outinratio 0.0819 

VBFH125_4mu_TCjmax_pT4l_genbin8_recobin1 acc 0.0132 eff 0.0 outinratio 0.0329 

WminusH125_4mu_TCjmax_pT4l_genbin8_recobin1 acc 0.0133 eff 0.0 outinratio 0.0821 

WplusH125_4mu_TCjmax_pT4l_genbin8_recobin1 acc 0.0149 eff 0.0 outinratio 0.0959 

ttH125_4mu_TCjmax_pT4l_genbin8_recobin1 acc 0.0367 eff 0.0 outinratio 0.0552 

ZH125_4mu_TCjmax_pT4l_genbin8_recobin1 acc 0.012 eff 0.0 outinratio 0.0727 

ggH125_4mu_TCjmax_pT4l_genbin0_recobin2 acc 0.2691 eff 0.0221 outinratio 0.0493 

VBFH125_4mu_TCjmax_pT4l_genbin0_recobin2 acc 0.0413 eff 0.0835 outinratio 0.047 

WminusH125_4mu_TCjmax_pT4l_genbin0_recobin2 acc 0.0929 eff 0.0445 outinratio 0.0917 

WplusH125_4mu_TCjmax_pT4l_genbin0_recobin2 acc 0.0765 eff 0.0476 outinratio 0.0791 

ttH125_4mu_TCjmax_pT4l_genbin0_recobin2 acc 0.0011 eff -1.0 outinratio 0.051 

ZH125_4mu_TCjmax_pT4l_genbin0_recobin2 acc 0.0772 eff 0.0231 outinratio 0.0789 

ggH125_4mu_TCjmax_pT4l_genbin1_recobin2 acc 0.0204 eff 0.0294 outinratio 0.0493 

VBFH125_4mu_TCjmax_pT4l_genbin1_recobin2 acc 0.0373 eff 0.0171 outinratio 0.047 

WminusH125_4mu_TCjmax_pT4l_genbin1_recobin2 acc 0.029 eff 0.014 outinratio 0.0917 

WplusH125_4mu_TCjmax_pT4l_genbin1_recobin2 acc 0.0235 eff 0.0158 outinratio 0.0791 

ttH125_4mu_TCjmax_pT4l_genbin1_recobin2 acc 0.0066 eff 0.0 outinratio 0.051 

ZH125_4mu_TCjmax_pT4l_genbin1_recobin2 acc 0.0348 eff 0.0 outinratio 0.0789 

ggH125_4mu_TCjmax_pT4l_genbin2_recobin2 acc 0.0352 eff 0.6014 outinratio 0.0493 

VBFH125_4mu_TCjmax_pT4l_genbin2_recobin2 acc 0.053 eff 0.6829 outinratio 0.047 

WminusH125_4mu_TCjmax_pT4l_genbin2_recobin2 acc 0.0343 eff 0.6396 outinratio 0.0917 

WplusH125_4mu_TCjmax_pT4l_genbin2_recobin2 acc 0.0294 eff 0.6502 outinratio 0.0791 

ttH125_4mu_TCjmax_pT4l_genbin2_recobin2 acc 0.0075 eff 0.5874 outinratio 0.051 

ZH125_4mu_TCjmax_pT4l_genbin2_recobin2 acc 0.037 eff 0.6833 outinratio 0.0789 

ggH125_4mu_TCjmax_pT4l_genbin3_recobin2 acc 0.0239 eff 0.0291 outinratio 0.0493 

VBFH125_4mu_TCjmax_pT4l_genbin3_recobin2 acc 0.0459 eff 0.0316 outinratio 0.047 

WminusH125_4mu_TCjmax_pT4l_genbin3_recobin2 acc 0.0255 eff 0.0306 outinratio 0.0917 

WplusH125_4mu_TCjmax_pT4l_genbin3_recobin2 acc 0.0217 eff 0.0292 outinratio 0.0791 

ttH125_4mu_TCjmax_pT4l_genbin3_recobin2 acc 0.0072 eff 0.0368 outinratio 0.051 

ZH125_4mu_TCjmax_pT4l_genbin3_recobin2 acc 0.0207 eff 0.0579 outinratio 0.0789 

ggH125_4mu_TCjmax_pT4l_genbin4_recobin2 acc 0.0198 eff 0.0 outinratio 0.0493 

VBFH125_4mu_TCjmax_pT4l_genbin4_recobin2 acc 0.059 eff 0.0002 outinratio 0.047 

WminusH125_4mu_TCjmax_pT4l_genbin4_recobin2 acc 0.0266 eff 0.0003 outinratio 0.0917 

WplusH125_4mu_TCjmax_pT4l_genbin4_recobin2 acc 0.0228 eff 0.0 outinratio 0.0791 

ttH125_4mu_TCjmax_pT4l_genbin4_recobin2 acc 0.0061 eff 0.0 outinratio 0.051 

ZH125_4mu_TCjmax_pT4l_genbin4_recobin2 acc 0.0228 eff 0.0 outinratio 0.0789 

ggH125_4mu_TCjmax_pT4l_genbin5_recobin2 acc 0.0157 eff 0.0 outinratio 0.0493 

VBFH125_4mu_TCjmax_pT4l_genbin5_recobin2 acc 0.0734 eff 0.0 outinratio 0.047 

WminusH125_4mu_TCjmax_pT4l_genbin5_recobin2 acc 0.0246 eff 0.0 outinratio 0.0917 

WplusH125_4mu_TCjmax_pT4l_genbin5_recobin2 acc 0.0222 eff 0.0 outinratio 0.0791 

ttH125_4mu_TCjmax_pT4l_genbin5_recobin2 acc 0.01 eff 0.0 outinratio 0.051 

ZH125_4mu_TCjmax_pT4l_genbin5_recobin2 acc 0.0163 eff 0.0 outinratio 0.0789 

ggH125_4mu_TCjmax_pT4l_genbin6_recobin2 acc 0.0103 eff 0.0 outinratio 0.0493 

VBFH125_4mu_TCjmax_pT4l_genbin6_recobin2 acc 0.0759 eff 0.0 outinratio 0.047 

WminusH125_4mu_TCjmax_pT4l_genbin6_recobin2 acc 0.0158 eff 0.0 outinratio 0.0917 

WplusH125_4mu_TCjmax_pT4l_genbin6_recobin2 acc 0.017 eff 0.0 outinratio 0.0791 

ttH125_4mu_TCjmax_pT4l_genbin6_recobin2 acc 0.0179 eff 0.0 outinratio 0.051 

ZH125_4mu_TCjmax_pT4l_genbin6_recobin2 acc 0.0228 eff 0.0 outinratio 0.0789 

ggH125_4mu_TCjmax_pT4l_genbin7_recobin2 acc 0.0247 eff 0.0 outinratio 0.0493 

VBFH125_4mu_TCjmax_pT4l_genbin7_recobin2 acc 0.0739 eff 0.0074 outinratio 0.047 

WminusH125_4mu_TCjmax_pT4l_genbin7_recobin2 acc 0.1123 eff 0.0063 outinratio 0.0917 

WplusH125_4mu_TCjmax_pT4l_genbin7_recobin2 acc 0.0995 eff 0.0055 outinratio 0.0791 

ttH125_4mu_TCjmax_pT4l_genbin7_recobin2 acc 0.2468 eff 0.0028 outinratio 0.051 

ZH125_4mu_TCjmax_pT4l_genbin7_recobin2 acc 0.112 eff 0.0165 outinratio 0.0789 

ggH125_4mu_TCjmax_pT4l_genbin8_recobin2 acc 0.0042 eff 0.0 outinratio 0.0493 

VBFH125_4mu_TCjmax_pT4l_genbin8_recobin2 acc 0.0132 eff 0.0 outinratio 0.047 

WminusH125_4mu_TCjmax_pT4l_genbin8_recobin2 acc 0.0133 eff 0.0 outinratio 0.0917 

WplusH125_4mu_TCjmax_pT4l_genbin8_recobin2 acc 0.0149 eff 0.0 outinratio 0.0791 

ttH125_4mu_TCjmax_pT4l_genbin8_recobin2 acc 0.0367 eff 0.0 outinratio 0.051 

ZH125_4mu_TCjmax_pT4l_genbin8_recobin2 acc 0.012 eff 0.0 outinratio 0.0789 

ggH125_4mu_TCjmax_pT4l_genbin0_recobin3 acc 0.2691 eff 0.0066 outinratio 0.0516 

VBFH125_4mu_TCjmax_pT4l_genbin0_recobin3 acc 0.0413 eff 0.0295 outinratio 0.0345 

WminusH125_4mu_TCjmax_pT4l_genbin0_recobin3 acc 0.0929 eff 0.0242 outinratio 0.0682 

WplusH125_4mu_TCjmax_pT4l_genbin0_recobin3 acc 0.0765 eff 0.0231 outinratio 0.0632 

ttH125_4mu_TCjmax_pT4l_genbin0_recobin3 acc 0.0011 eff -1.0 outinratio 0.0857 

ZH125_4mu_TCjmax_pT4l_genbin0_recobin3 acc 0.0772 eff 0.0588 outinratio 0.0 

ggH125_4mu_TCjmax_pT4l_genbin1_recobin3 acc 0.0204 eff 0.0 outinratio 0.0516 

VBFH125_4mu_TCjmax_pT4l_genbin1_recobin3 acc 0.0373 eff 0.0 outinratio 0.0345 

WminusH125_4mu_TCjmax_pT4l_genbin1_recobin3 acc 0.029 eff 0.0 outinratio 0.0682 

WplusH125_4mu_TCjmax_pT4l_genbin1_recobin3 acc 0.0235 eff 0.0 outinratio 0.0632 

ttH125_4mu_TCjmax_pT4l_genbin1_recobin3 acc 0.0066 eff 0.0 outinratio 0.0857 

ZH125_4mu_TCjmax_pT4l_genbin1_recobin3 acc 0.0348 eff 0.0 outinratio 0.0 

ggH125_4mu_TCjmax_pT4l_genbin2_recobin3 acc 0.0352 eff 0.0128 outinratio 0.0516 

VBFH125_4mu_TCjmax_pT4l_genbin2_recobin3 acc 0.053 eff 0.0179 outinratio 0.0345 

WminusH125_4mu_TCjmax_pT4l_genbin2_recobin3 acc 0.0343 eff 0.0141 outinratio 0.0682 

WplusH125_4mu_TCjmax_pT4l_genbin2_recobin3 acc 0.0294 eff 0.0114 outinratio 0.0632 

ttH125_4mu_TCjmax_pT4l_genbin2_recobin3 acc 0.0075 eff 0.0208 outinratio 0.0857 

ZH125_4mu_TCjmax_pT4l_genbin2_recobin3 acc 0.037 eff 0.021 outinratio 0.0 

ggH125_4mu_TCjmax_pT4l_genbin3_recobin3 acc 0.0239 eff 0.5993 outinratio 0.0516 

VBFH125_4mu_TCjmax_pT4l_genbin3_recobin3 acc 0.0459 eff 0.6646 outinratio 0.0345 

WminusH125_4mu_TCjmax_pT4l_genbin3_recobin3 acc 0.0255 eff 0.6209 outinratio 0.0682 

WplusH125_4mu_TCjmax_pT4l_genbin3_recobin3 acc 0.0217 eff 0.5955 outinratio 0.0632 

ttH125_4mu_TCjmax_pT4l_genbin3_recobin3 acc 0.0072 eff 0.6032 outinratio 0.0857 

ZH125_4mu_TCjmax_pT4l_genbin3_recobin3 acc 0.0207 eff 0.4392 outinratio 0.0 

ggH125_4mu_TCjmax_pT4l_genbin4_recobin3 acc 0.0198 eff 0.027 outinratio 0.0516 

VBFH125_4mu_TCjmax_pT4l_genbin4_recobin3 acc 0.059 eff 0.0276 outinratio 0.0345 

WminusH125_4mu_TCjmax_pT4l_genbin4_recobin3 acc 0.0266 eff 0.0212 outinratio 0.0682 

WplusH125_4mu_TCjmax_pT4l_genbin4_recobin3 acc 0.0228 eff 0.025 outinratio 0.0632 

ttH125_4mu_TCjmax_pT4l_genbin4_recobin3 acc 0.0061 eff 0.0 outinratio 0.0857 

ZH125_4mu_TCjmax_pT4l_genbin4_recobin3 acc 0.0228 eff 0.0 outinratio 0.0 

ggH125_4mu_TCjmax_pT4l_genbin5_recobin3 acc 0.0157 eff 0.0 outinratio 0.0516 

VBFH125_4mu_TCjmax_pT4l_genbin5_recobin3 acc 0.0734 eff 0.0 outinratio 0.0345 

WminusH125_4mu_TCjmax_pT4l_genbin5_recobin3 acc 0.0246 eff 0.0 outinratio 0.0682 

WplusH125_4mu_TCjmax_pT4l_genbin5_recobin3 acc 0.0222 eff 0.0 outinratio 0.0632 

ttH125_4mu_TCjmax_pT4l_genbin5_recobin3 acc 0.01 eff 0.0 outinratio 0.0857 

ZH125_4mu_TCjmax_pT4l_genbin5_recobin3 acc 0.0163 eff 0.0 outinratio 0.0 

ggH125_4mu_TCjmax_pT4l_genbin6_recobin3 acc 0.0103 eff 0.0 outinratio 0.0516 

VBFH125_4mu_TCjmax_pT4l_genbin6_recobin3 acc 0.0759 eff 0.0 outinratio 0.0345 

WminusH125_4mu_TCjmax_pT4l_genbin6_recobin3 acc 0.0158 eff 0.0 outinratio 0.0682 

WplusH125_4mu_TCjmax_pT4l_genbin6_recobin3 acc 0.017 eff 0.0 outinratio 0.0632 

ttH125_4mu_TCjmax_pT4l_genbin6_recobin3 acc 0.0179 eff 0.0 outinratio 0.0857 

ZH125_4mu_TCjmax_pT4l_genbin6_recobin3 acc 0.0228 eff 0.0 outinratio 0.0 

ggH125_4mu_TCjmax_pT4l_genbin7_recobin3 acc 0.0247 eff 0.0156 outinratio 0.0516 

VBFH125_4mu_TCjmax_pT4l_genbin7_recobin3 acc 0.0739 eff 0.0092 outinratio 0.0345 

WminusH125_4mu_TCjmax_pT4l_genbin7_recobin3 acc 0.1123 eff 0.0092 outinratio 0.0682 

WplusH125_4mu_TCjmax_pT4l_genbin7_recobin3 acc 0.0995 eff 0.0067 outinratio 0.0632 

ttH125_4mu_TCjmax_pT4l_genbin7_recobin3 acc 0.2468 eff 0.004 outinratio 0.0857 

ZH125_4mu_TCjmax_pT4l_genbin7_recobin3 acc 0.112 eff 0.0319 outinratio 0.0 

ggH125_4mu_TCjmax_pT4l_genbin8_recobin3 acc 0.0042 eff 0.0 outinratio 0.0516 

VBFH125_4mu_TCjmax_pT4l_genbin8_recobin3 acc 0.0132 eff 0.0 outinratio 0.0345 

WminusH125_4mu_TCjmax_pT4l_genbin8_recobin3 acc 0.0133 eff 0.0 outinratio 0.0682 

WplusH125_4mu_TCjmax_pT4l_genbin8_recobin3 acc 0.0149 eff 0.0 outinratio 0.0632 

ttH125_4mu_TCjmax_pT4l_genbin8_recobin3 acc 0.0367 eff 0.0 outinratio 0.0857 

ZH125_4mu_TCjmax_pT4l_genbin8_recobin3 acc 0.012 eff 0.0 outinratio 0.0 

ggH125_4mu_TCjmax_pT4l_genbin0_recobin4 acc 0.2691 eff 0.0016 outinratio 0.0627 

VBFH125_4mu_TCjmax_pT4l_genbin0_recobin4 acc 0.0413 eff 0.0169 outinratio 0.035 

WminusH125_4mu_TCjmax_pT4l_genbin0_recobin4 acc 0.0929 eff 0.0218 outinratio 0.0657 

WplusH125_4mu_TCjmax_pT4l_genbin0_recobin4 acc 0.0765 eff 0.0221 outinratio 0.0711 

ttH125_4mu_TCjmax_pT4l_genbin0_recobin4 acc 0.0011 eff -1.0 outinratio 0.1523 

ZH125_4mu_TCjmax_pT4l_genbin0_recobin4 acc 0.0772 eff 0.0 outinratio 0.2751 

ggH125_4mu_TCjmax_pT4l_genbin1_recobin4 acc 0.0204 eff 0.0 outinratio 0.0627 

VBFH125_4mu_TCjmax_pT4l_genbin1_recobin4 acc 0.0373 eff 0.0 outinratio 0.035 

WminusH125_4mu_TCjmax_pT4l_genbin1_recobin4 acc 0.029 eff 0.0 outinratio 0.0657 

WplusH125_4mu_TCjmax_pT4l_genbin1_recobin4 acc 0.0235 eff 0.0 outinratio 0.0711 

ttH125_4mu_TCjmax_pT4l_genbin1_recobin4 acc 0.0066 eff 0.0 outinratio 0.1523 

ZH125_4mu_TCjmax_pT4l_genbin1_recobin4 acc 0.0348 eff 0.0 outinratio 0.2751 

ggH125_4mu_TCjmax_pT4l_genbin2_recobin4 acc 0.0352 eff 0.0 outinratio 0.0627 

VBFH125_4mu_TCjmax_pT4l_genbin2_recobin4 acc 0.053 eff 0.0 outinratio 0.035 

WminusH125_4mu_TCjmax_pT4l_genbin2_recobin4 acc 0.0343 eff 0.0 outinratio 0.0657 

WplusH125_4mu_TCjmax_pT4l_genbin2_recobin4 acc 0.0294 eff 0.0 outinratio 0.0711 

ttH125_4mu_TCjmax_pT4l_genbin2_recobin4 acc 0.0075 eff 0.0148 outinratio 0.1523 

ZH125_4mu_TCjmax_pT4l_genbin2_recobin4 acc 0.037 eff 0.0 outinratio 0.2751 

ggH125_4mu_TCjmax_pT4l_genbin3_recobin4 acc 0.0239 eff 0.0314 outinratio 0.0627 

VBFH125_4mu_TCjmax_pT4l_genbin3_recobin4 acc 0.0459 eff 0.0275 outinratio 0.035 

WminusH125_4mu_TCjmax_pT4l_genbin3_recobin4 acc 0.0255 eff 0.0245 outinratio 0.0657 

WplusH125_4mu_TCjmax_pT4l_genbin3_recobin4 acc 0.0217 eff 0.0172 outinratio 0.0711 

ttH125_4mu_TCjmax_pT4l_genbin3_recobin4 acc 0.0072 eff 0.0379 outinratio 0.1523 

ZH125_4mu_TCjmax_pT4l_genbin3_recobin4 acc 0.0207 eff 0.029 outinratio 0.2751 

ggH125_4mu_TCjmax_pT4l_genbin4_recobin4 acc 0.0198 eff 0.6788 outinratio 0.0627 

VBFH125_4mu_TCjmax_pT4l_genbin4_recobin4 acc 0.059 eff 0.6985 outinratio 0.035 

WminusH125_4mu_TCjmax_pT4l_genbin4_recobin4 acc 0.0266 eff 0.6581 outinratio 0.0657 

WplusH125_4mu_TCjmax_pT4l_genbin4_recobin4 acc 0.0228 eff 0.6559 outinratio 0.0711 

ttH125_4mu_TCjmax_pT4l_genbin4_recobin4 acc 0.0061 eff 0.4676 outinratio 0.1523 

ZH125_4mu_TCjmax_pT4l_genbin4_recobin4 acc 0.0228 eff 0.6412 outinratio 0.2751 

ggH125_4mu_TCjmax_pT4l_genbin5_recobin4 acc 0.0157 eff 0.0248 outinratio 0.0627 

VBFH125_4mu_TCjmax_pT4l_genbin5_recobin4 acc 0.0734 eff 0.0177 outinratio 0.035 

WminusH125_4mu_TCjmax_pT4l_genbin5_recobin4 acc 0.0246 eff 0.0277 outinratio 0.0657 

WplusH125_4mu_TCjmax_pT4l_genbin5_recobin4 acc 0.0222 eff 0.0234 outinratio 0.0711 

ttH125_4mu_TCjmax_pT4l_genbin5_recobin4 acc 0.01 eff 0.0271 outinratio 0.1523 

ZH125_4mu_TCjmax_pT4l_genbin5_recobin4 acc 0.0163 eff 0.0268 outinratio 0.2751 

ggH125_4mu_TCjmax_pT4l_genbin6_recobin4 acc 0.0103 eff 0.0 outinratio 0.0627 

VBFH125_4mu_TCjmax_pT4l_genbin6_recobin4 acc 0.0759 eff 0.0 outinratio 0.035 

WminusH125_4mu_TCjmax_pT4l_genbin6_recobin4 acc 0.0158 eff 0.0 outinratio 0.0657 

WplusH125_4mu_TCjmax_pT4l_genbin6_recobin4 acc 0.017 eff 0.0 outinratio 0.0711 

ttH125_4mu_TCjmax_pT4l_genbin6_recobin4 acc 0.0179 eff 0.0 outinratio 0.1523 

ZH125_4mu_TCjmax_pT4l_genbin6_recobin4 acc 0.0228 eff 0.0 outinratio 0.2751 

ggH125_4mu_TCjmax_pT4l_genbin7_recobin4 acc 0.0247 eff 0.0203 outinratio 0.0627 

VBFH125_4mu_TCjmax_pT4l_genbin7_recobin4 acc 0.0739 eff 0.0101 outinratio 0.035 

WminusH125_4mu_TCjmax_pT4l_genbin7_recobin4 acc 0.1123 eff 0.0121 outinratio 0.0657 

WplusH125_4mu_TCjmax_pT4l_genbin7_recobin4 acc 0.0995 eff 0.0124 outinratio 0.0711 

ttH125_4mu_TCjmax_pT4l_genbin7_recobin4 acc 0.2468 eff 0.0036 outinratio 0.1523 

ZH125_4mu_TCjmax_pT4l_genbin7_recobin4 acc 0.112 eff 0.0044 outinratio 0.2751 

ggH125_4mu_TCjmax_pT4l_genbin8_recobin4 acc 0.0042 eff 0.0 outinratio 0.0627 

VBFH125_4mu_TCjmax_pT4l_genbin8_recobin4 acc 0.0132 eff 0.0 outinratio 0.035 

WminusH125_4mu_TCjmax_pT4l_genbin8_recobin4 acc 0.0133 eff 0.0 outinratio 0.0657 

WplusH125_4mu_TCjmax_pT4l_genbin8_recobin4 acc 0.0149 eff 0.0 outinratio 0.0711 

ttH125_4mu_TCjmax_pT4l_genbin8_recobin4 acc 0.0367 eff 0.0 outinratio 0.1523 

ZH125_4mu_TCjmax_pT4l_genbin8_recobin4 acc 0.012 eff 0.0 outinratio 0.2751 

ggH125_4mu_TCjmax_pT4l_genbin0_recobin5 acc 0.2691 eff 0.0003 outinratio 0.0485 

VBFH125_4mu_TCjmax_pT4l_genbin0_recobin5 acc 0.0413 eff 0.0021 outinratio 0.0326 

WminusH125_4mu_TCjmax_pT4l_genbin0_recobin5 acc 0.0929 eff 0.0244 outinratio 0.0605 

WplusH125_4mu_TCjmax_pT4l_genbin0_recobin5 acc 0.0765 eff 0.0261 outinratio 0.0486 

ttH125_4mu_TCjmax_pT4l_genbin0_recobin5 acc 0.0011 eff -1.0 outinratio 0.1076 

ZH125_4mu_TCjmax_pT4l_genbin0_recobin5 acc 0.0772 eff 0.0245 outinratio 0.3348 

ggH125_4mu_TCjmax_pT4l_genbin1_recobin5 acc 0.0204 eff 0.0 outinratio 0.0485 

VBFH125_4mu_TCjmax_pT4l_genbin1_recobin5 acc 0.0373 eff 0.0 outinratio 0.0326 

WminusH125_4mu_TCjmax_pT4l_genbin1_recobin5 acc 0.029 eff 0.0 outinratio 0.0605 

WplusH125_4mu_TCjmax_pT4l_genbin1_recobin5 acc 0.0235 eff 0.0 outinratio 0.0486 

ttH125_4mu_TCjmax_pT4l_genbin1_recobin5 acc 0.0066 eff 0.0 outinratio 0.1076 

ZH125_4mu_TCjmax_pT4l_genbin1_recobin5 acc 0.0348 eff 0.0 outinratio 0.3348 

ggH125_4mu_TCjmax_pT4l_genbin2_recobin5 acc 0.0352 eff 0.0 outinratio 0.0485 

VBFH125_4mu_TCjmax_pT4l_genbin2_recobin5 acc 0.053 eff 0.0 outinratio 0.0326 

WminusH125_4mu_TCjmax_pT4l_genbin2_recobin5 acc 0.0343 eff 0.0 outinratio 0.0605 

WplusH125_4mu_TCjmax_pT4l_genbin2_recobin5 acc 0.0294 eff 0.0 outinratio 0.0486 

ttH125_4mu_TCjmax_pT4l_genbin2_recobin5 acc 0.0075 eff 0.0 outinratio 0.1076 

ZH125_4mu_TCjmax_pT4l_genbin2_recobin5 acc 0.037 eff 0.0 outinratio 0.3348 

ggH125_4mu_TCjmax_pT4l_genbin3_recobin5 acc 0.0239 eff 0.0 outinratio 0.0485 

VBFH125_4mu_TCjmax_pT4l_genbin3_recobin5 acc 0.0459 eff 0.0 outinratio 0.0326 

WminusH125_4mu_TCjmax_pT4l_genbin3_recobin5 acc 0.0255 eff 0.0 outinratio 0.0605 

WplusH125_4mu_TCjmax_pT4l_genbin3_recobin5 acc 0.0217 eff 0.0 outinratio 0.0486 

ttH125_4mu_TCjmax_pT4l_genbin3_recobin5 acc 0.0072 eff 0.0 outinratio 0.1076 

ZH125_4mu_TCjmax_pT4l_genbin3_recobin5 acc 0.0207 eff 0.0 outinratio 0.3348 

ggH125_4mu_TCjmax_pT4l_genbin4_recobin5 acc 0.0198 eff 0.0238 outinratio 0.0485 

VBFH125_4mu_TCjmax_pT4l_genbin4_recobin5 acc 0.059 eff 0.0195 outinratio 0.0326 

WminusH125_4mu_TCjmax_pT4l_genbin4_recobin5 acc 0.0266 eff 0.0176 outinratio 0.0605 

WplusH125_4mu_TCjmax_pT4l_genbin4_recobin5 acc 0.0228 eff 0.0112 outinratio 0.0486 

ttH125_4mu_TCjmax_pT4l_genbin4_recobin5 acc 0.0061 eff 0.0 outinratio 0.1076 

ZH125_4mu_TCjmax_pT4l_genbin4_recobin5 acc 0.0228 eff 0.0 outinratio 0.3348 

ggH125_4mu_TCjmax_pT4l_genbin5_recobin5 acc 0.0157 eff 0.7671 outinratio 0.0485 

VBFH125_4mu_TCjmax_pT4l_genbin5_recobin5 acc 0.0734 eff 0.7361 outinratio 0.0326 

WminusH125_4mu_TCjmax_pT4l_genbin5_recobin5 acc 0.0246 eff 0.6233 outinratio 0.0605 

WplusH125_4mu_TCjmax_pT4l_genbin5_recobin5 acc 0.0222 eff 0.6426 outinratio 0.0486 

ttH125_4mu_TCjmax_pT4l_genbin5_recobin5 acc 0.01 eff 0.4713 outinratio 0.1076 

ZH125_4mu_TCjmax_pT4l_genbin5_recobin5 acc 0.0163 eff 0.4638 outinratio 0.3348 

ggH125_4mu_TCjmax_pT4l_genbin6_recobin5 acc 0.0103 eff 0.0186 outinratio 0.0485 

VBFH125_4mu_TCjmax_pT4l_genbin6_recobin5 acc 0.0759 eff 0.0199 outinratio 0.0326 

WminusH125_4mu_TCjmax_pT4l_genbin6_recobin5 acc 0.0158 eff 0.0149 outinratio 0.0605 

WplusH125_4mu_TCjmax_pT4l_genbin6_recobin5 acc 0.017 eff 0.016 outinratio 0.0486 

ttH125_4mu_TCjmax_pT4l_genbin6_recobin5 acc 0.0179 eff 0.0054 outinratio 0.1076 

ZH125_4mu_TCjmax_pT4l_genbin6_recobin5 acc 0.0228 eff 0.0343 outinratio 0.3348 

ggH125_4mu_TCjmax_pT4l_genbin7_recobin5 acc 0.0247 eff 0.0164 outinratio 0.0485 

VBFH125_4mu_TCjmax_pT4l_genbin7_recobin5 acc 0.0739 eff 0.0163 outinratio 0.0326 

WminusH125_4mu_TCjmax_pT4l_genbin7_recobin5 acc 0.1123 eff 0.0216 outinratio 0.0605 

WplusH125_4mu_TCjmax_pT4l_genbin7_recobin5 acc 0.0995 eff 0.0177 outinratio 0.0486 

ttH125_4mu_TCjmax_pT4l_genbin7_recobin5 acc 0.2468 eff 0.0032 outinratio 0.1076 

ZH125_4mu_TCjmax_pT4l_genbin7_recobin5 acc 0.112 eff 0.0 outinratio 0.3348 

ggH125_4mu_TCjmax_pT4l_genbin8_recobin5 acc 0.0042 eff 0.0 outinratio 0.0485 

VBFH125_4mu_TCjmax_pT4l_genbin8_recobin5 acc 0.0132 eff 0.0 outinratio 0.0326 

WminusH125_4mu_TCjmax_pT4l_genbin8_recobin5 acc 0.0133 eff 0.0 outinratio 0.0605 

WplusH125_4mu_TCjmax_pT4l_genbin8_recobin5 acc 0.0149 eff 0.0 outinratio 0.0486 

ttH125_4mu_TCjmax_pT4l_genbin8_recobin5 acc 0.0367 eff 0.0 outinratio 0.1076 

ZH125_4mu_TCjmax_pT4l_genbin8_recobin5 acc 0.012 eff 0.0 outinratio 0.3348 

ggH125_4mu_TCjmax_pT4l_genbin0_recobin6 acc 0.2691 eff 0.0 outinratio 0.0676 

VBFH125_4mu_TCjmax_pT4l_genbin0_recobin6 acc 0.0413 eff 0.0 outinratio 0.0322 

WminusH125_4mu_TCjmax_pT4l_genbin0_recobin6 acc 0.0929 eff 0.0277 outinratio 0.0483 

WplusH125_4mu_TCjmax_pT4l_genbin0_recobin6 acc 0.0765 eff 0.0336 outinratio 0.0555 

ttH125_4mu_TCjmax_pT4l_genbin0_recobin6 acc 0.0011 eff -1.0 outinratio 0.0689 

ZH125_4mu_TCjmax_pT4l_genbin0_recobin6 acc 0.0772 eff 0.0499 outinratio 0.0 

ggH125_4mu_TCjmax_pT4l_genbin1_recobin6 acc 0.0204 eff 0.0 outinratio 0.0676 

VBFH125_4mu_TCjmax_pT4l_genbin1_recobin6 acc 0.0373 eff 0.0 outinratio 0.0322 

WminusH125_4mu_TCjmax_pT4l_genbin1_recobin6 acc 0.029 eff 0.0 outinratio 0.0483 

WplusH125_4mu_TCjmax_pT4l_genbin1_recobin6 acc 0.0235 eff 0.0 outinratio 0.0555 

ttH125_4mu_TCjmax_pT4l_genbin1_recobin6 acc 0.0066 eff 0.0 outinratio 0.0689 

ZH125_4mu_TCjmax_pT4l_genbin1_recobin6 acc 0.0348 eff 0.0 outinratio 0.0 

ggH125_4mu_TCjmax_pT4l_genbin2_recobin6 acc 0.0352 eff 0.0 outinratio 0.0676 

VBFH125_4mu_TCjmax_pT4l_genbin2_recobin6 acc 0.053 eff 0.0 outinratio 0.0322 

WminusH125_4mu_TCjmax_pT4l_genbin2_recobin6 acc 0.0343 eff 0.0 outinratio 0.0483 

WplusH125_4mu_TCjmax_pT4l_genbin2_recobin6 acc 0.0294 eff 0.0 outinratio 0.0555 

ttH125_4mu_TCjmax_pT4l_genbin2_recobin6 acc 0.0075 eff 0.0 outinratio 0.0689 

ZH125_4mu_TCjmax_pT4l_genbin2_recobin6 acc 0.037 eff 0.0 outinratio 0.0 

ggH125_4mu_TCjmax_pT4l_genbin3_recobin6 acc 0.0239 eff 0.0 outinratio 0.0676 

VBFH125_4mu_TCjmax_pT4l_genbin3_recobin6 acc 0.0459 eff 0.0 outinratio 0.0322 

WminusH125_4mu_TCjmax_pT4l_genbin3_recobin6 acc 0.0255 eff 0.0 outinratio 0.0483 

WplusH125_4mu_TCjmax_pT4l_genbin3_recobin6 acc 0.0217 eff 0.0 outinratio 0.0555 

ttH125_4mu_TCjmax_pT4l_genbin3_recobin6 acc 0.0072 eff 0.0 outinratio 0.0689 

ZH125_4mu_TCjmax_pT4l_genbin3_recobin6 acc 0.0207 eff 0.0 outinratio 0.0 

ggH125_4mu_TCjmax_pT4l_genbin4_recobin6 acc 0.0198 eff 0.0 outinratio 0.0676 

VBFH125_4mu_TCjmax_pT4l_genbin4_recobin6 acc 0.059 eff 0.0 outinratio 0.0322 

WminusH125_4mu_TCjmax_pT4l_genbin4_recobin6 acc 0.0266 eff 0.0 outinratio 0.0483 

WplusH125_4mu_TCjmax_pT4l_genbin4_recobin6 acc 0.0228 eff 0.0 outinratio 0.0555 

ttH125_4mu_TCjmax_pT4l_genbin4_recobin6 acc 0.0061 eff 0.0 outinratio 0.0689 

ZH125_4mu_TCjmax_pT4l_genbin4_recobin6 acc 0.0228 eff 0.0 outinratio 0.0 

ggH125_4mu_TCjmax_pT4l_genbin5_recobin6 acc 0.0157 eff 0.0102 outinratio 0.0676 

VBFH125_4mu_TCjmax_pT4l_genbin5_recobin6 acc 0.0734 eff 0.014 outinratio 0.0322 

WminusH125_4mu_TCjmax_pT4l_genbin5_recobin6 acc 0.0246 eff 0.0139 outinratio 0.0483 

WplusH125_4mu_TCjmax_pT4l_genbin5_recobin6 acc 0.0222 eff 0.0056 outinratio 0.0555 

ttH125_4mu_TCjmax_pT4l_genbin5_recobin6 acc 0.01 eff 0.0 outinratio 0.0689 

ZH125_4mu_TCjmax_pT4l_genbin5_recobin6 acc 0.0163 eff 0.1511 outinratio 0.0 

ggH125_4mu_TCjmax_pT4l_genbin6_recobin6 acc 0.0103 eff 0.7724 outinratio 0.0676 

VBFH125_4mu_TCjmax_pT4l_genbin6_recobin6 acc 0.0759 eff 0.7658 outinratio 0.0322 

WminusH125_4mu_TCjmax_pT4l_genbin6_recobin6 acc 0.0158 eff 0.5836 outinratio 0.0483 

WplusH125_4mu_TCjmax_pT4l_genbin6_recobin6 acc 0.017 eff 0.6545 outinratio 0.0555 

ttH125_4mu_TCjmax_pT4l_genbin6_recobin6 acc 0.0179 eff 0.5089 outinratio 0.0689 

ZH125_4mu_TCjmax_pT4l_genbin6_recobin6 acc 0.0228 eff 0.6403 outinratio 0.0 

ggH125_4mu_TCjmax_pT4l_genbin7_recobin6 acc 0.0247 eff 0.0177 outinratio 0.0676 

VBFH125_4mu_TCjmax_pT4l_genbin7_recobin6 acc 0.0739 eff 0.03 outinratio 0.0322 

WminusH125_4mu_TCjmax_pT4l_genbin7_recobin6 acc 0.1123 eff 0.0151 outinratio 0.0483 

WplusH125_4mu_TCjmax_pT4l_genbin7_recobin6 acc 0.0995 eff 0.0156 outinratio 0.0555 

ttH125_4mu_TCjmax_pT4l_genbin7_recobin6 acc 0.2468 eff 0.01 outinratio 0.0689 

ZH125_4mu_TCjmax_pT4l_genbin7_recobin6 acc 0.112 eff 0.0149 outinratio 0.0 

ggH125_4mu_TCjmax_pT4l_genbin8_recobin6 acc 0.0042 eff 0.0371 outinratio 0.0676 

VBFH125_4mu_TCjmax_pT4l_genbin8_recobin6 acc 0.0132 eff 0.0164 outinratio 0.0322 

WminusH125_4mu_TCjmax_pT4l_genbin8_recobin6 acc 0.0133 eff 0.013 outinratio 0.0483 

WplusH125_4mu_TCjmax_pT4l_genbin8_recobin6 acc 0.0149 eff 0.0079 outinratio 0.0555 

ttH125_4mu_TCjmax_pT4l_genbin8_recobin6 acc 0.0367 eff 0.003 outinratio 0.0689 

ZH125_4mu_TCjmax_pT4l_genbin8_recobin6 acc 0.012 eff 0.0 outinratio 0.0 

ggH125_4mu_TCjmax_pT4l_genbin0_recobin7 acc 0.2691 eff 0.0042 outinratio 0.0853 

VBFH125_4mu_TCjmax_pT4l_genbin0_recobin7 acc 0.0413 eff 0.0045 outinratio 0.039 

WminusH125_4mu_TCjmax_pT4l_genbin0_recobin7 acc 0.0929 eff 0.036 outinratio 0.0637 

WplusH125_4mu_TCjmax_pT4l_genbin0_recobin7 acc 0.0765 eff 0.0319 outinratio 0.0722 

ttH125_4mu_TCjmax_pT4l_genbin0_recobin7 acc 0.0011 eff -1.0 outinratio 0.1353 

ZH125_4mu_TCjmax_pT4l_genbin0_recobin7 acc 0.0772 eff 0.0395 outinratio 0.0898 

ggH125_4mu_TCjmax_pT4l_genbin1_recobin7 acc 0.0204 eff 0.0035 outinratio 0.0853 

VBFH125_4mu_TCjmax_pT4l_genbin1_recobin7 acc 0.0373 eff 0.0192 outinratio 0.039 

WminusH125_4mu_TCjmax_pT4l_genbin1_recobin7 acc 0.029 eff 0.0478 outinratio 0.0637 

WplusH125_4mu_TCjmax_pT4l_genbin1_recobin7 acc 0.0235 eff 0.0446 outinratio 0.0722 

ttH125_4mu_TCjmax_pT4l_genbin1_recobin7 acc 0.0066 eff 0.1827 outinratio 0.1353 

ZH125_4mu_TCjmax_pT4l_genbin1_recobin7 acc 0.0348 eff 0.0855 outinratio 0.0898 

ggH125_4mu_TCjmax_pT4l_genbin2_recobin7 acc 0.0352 eff 0.0118 outinratio 0.0853 

VBFH125_4mu_TCjmax_pT4l_genbin2_recobin7 acc 0.053 eff 0.0181 outinratio 0.039 

WminusH125_4mu_TCjmax_pT4l_genbin2_recobin7 acc 0.0343 eff 0.0725 outinratio 0.0637 

WplusH125_4mu_TCjmax_pT4l_genbin2_recobin7 acc 0.0294 eff 0.071 outinratio 0.0722 

ttH125_4mu_TCjmax_pT4l_genbin2_recobin7 acc 0.0075 eff 0.1487 outinratio 0.1353 

ZH125_4mu_TCjmax_pT4l_genbin2_recobin7 acc 0.037 eff 0.0112 outinratio 0.0898 

ggH125_4mu_TCjmax_pT4l_genbin3_recobin7 acc 0.0239 eff 0.0115 outinratio 0.0853 

VBFH125_4mu_TCjmax_pT4l_genbin3_recobin7 acc 0.0459 eff 0.0255 outinratio 0.039 

WminusH125_4mu_TCjmax_pT4l_genbin3_recobin7 acc 0.0255 eff 0.0867 outinratio 0.0637 

WplusH125_4mu_TCjmax_pT4l_genbin3_recobin7 acc 0.0217 eff 0.0715 outinratio 0.0722 

ttH125_4mu_TCjmax_pT4l_genbin3_recobin7 acc 0.0072 eff 0.242 outinratio 0.1353 

ZH125_4mu_TCjmax_pT4l_genbin3_recobin7 acc 0.0207 eff 0.1145 outinratio 0.0898 

ggH125_4mu_TCjmax_pT4l_genbin4_recobin7 acc 0.0198 eff 0.0354 outinratio 0.0853 

VBFH125_4mu_TCjmax_pT4l_genbin4_recobin7 acc 0.059 eff 0.022 outinratio 0.039 

WminusH125_4mu_TCjmax_pT4l_genbin4_recobin7 acc 0.0266 eff 0.0947 outinratio 0.0637 

WplusH125_4mu_TCjmax_pT4l_genbin4_recobin7 acc 0.0228 eff 0.0816 outinratio 0.0722 

ttH125_4mu_TCjmax_pT4l_genbin4_recobin7 acc 0.0061 eff 0.2843 outinratio 0.1353 

ZH125_4mu_TCjmax_pT4l_genbin4_recobin7 acc 0.0228 eff 0.1309 outinratio 0.0898 

ggH125_4mu_TCjmax_pT4l_genbin5_recobin7 acc 0.0157 eff 0.0264 outinratio 0.0853 

VBFH125_4mu_TCjmax_pT4l_genbin5_recobin7 acc 0.0734 eff 0.0299 outinratio 0.039 

WminusH125_4mu_TCjmax_pT4l_genbin5_recobin7 acc 0.0246 eff 0.1184 outinratio 0.0637 

WplusH125_4mu_TCjmax_pT4l_genbin5_recobin7 acc 0.0222 eff 0.1107 outinratio 0.0722 

ttH125_4mu_TCjmax_pT4l_genbin5_recobin7 acc 0.01 eff 0.1801 outinratio 0.1353 

ZH125_4mu_TCjmax_pT4l_genbin5_recobin7 acc 0.0163 eff 0.1232 outinratio 0.0898 

ggH125_4mu_TCjmax_pT4l_genbin6_recobin7 acc 0.0103 eff 0.054 outinratio 0.0853 

VBFH125_4mu_TCjmax_pT4l_genbin6_recobin7 acc 0.0759 eff 0.033 outinratio 0.039 

WminusH125_4mu_TCjmax_pT4l_genbin6_recobin7 acc 0.0158 eff 0.154 outinratio 0.0637 

WplusH125_4mu_TCjmax_pT4l_genbin6_recobin7 acc 0.017 eff 0.1242 outinratio 0.0722 

ttH125_4mu_TCjmax_pT4l_genbin6_recobin7 acc 0.0179 eff 0.194 outinratio 0.1353 

ZH125_4mu_TCjmax_pT4l_genbin6_recobin7 acc 0.0228 eff 0.1191 outinratio 0.0898 

ggH125_4mu_TCjmax_pT4l_genbin7_recobin7 acc 0.0247 eff 0.6704 outinratio 0.0853 

VBFH125_4mu_TCjmax_pT4l_genbin7_recobin7 acc 0.0739 eff 0.7656 outinratio 0.039 

WminusH125_4mu_TCjmax_pT4l_genbin7_recobin7 acc 0.1123 eff 0.7395 outinratio 0.0637 

WplusH125_4mu_TCjmax_pT4l_genbin7_recobin7 acc 0.0995 eff 0.7481 outinratio 0.0722 

ttH125_4mu_TCjmax_pT4l_genbin7_recobin7 acc 0.2468 eff 0.7772 outinratio 0.1353 

ZH125_4mu_TCjmax_pT4l_genbin7_recobin7 acc 0.112 eff 0.7037 outinratio 0.0898 

ggH125_4mu_TCjmax_pT4l_genbin8_recobin7 acc 0.0042 eff 0.0212 outinratio 0.0853 

VBFH125_4mu_TCjmax_pT4l_genbin8_recobin7 acc 0.0132 eff 0.0168 outinratio 0.039 

WminusH125_4mu_TCjmax_pT4l_genbin8_recobin7 acc 0.0133 eff 0.0241 outinratio 0.0637 

WplusH125_4mu_TCjmax_pT4l_genbin8_recobin7 acc 0.0149 eff 0.0241 outinratio 0.0722 

ttH125_4mu_TCjmax_pT4l_genbin8_recobin7 acc 0.0367 eff -0.0031 outinratio 0.1353 

ZH125_4mu_TCjmax_pT4l_genbin8_recobin7 acc 0.012 eff 0.0 outinratio 0.0898 

ggH125_4mu_TCjmax_pT4l_genbin0_recobin8 acc 0.2691 eff 0.0 outinratio 0.0102 

VBFH125_4mu_TCjmax_pT4l_genbin0_recobin8 acc 0.0413 eff 0.0 outinratio 0.0289 

WminusH125_4mu_TCjmax_pT4l_genbin0_recobin8 acc 0.0929 eff 0.005 outinratio 0.0392 

WplusH125_4mu_TCjmax_pT4l_genbin0_recobin8 acc 0.0765 eff 0.006 outinratio 0.056 

ttH125_4mu_TCjmax_pT4l_genbin0_recobin8 acc 0.0011 eff -1.0 outinratio 0.108 

ZH125_4mu_TCjmax_pT4l_genbin0_recobin8 acc 0.0772 eff 0.0246 outinratio 0.0728 

ggH125_4mu_TCjmax_pT4l_genbin1_recobin8 acc 0.0204 eff 0.0 outinratio 0.0102 

VBFH125_4mu_TCjmax_pT4l_genbin1_recobin8 acc 0.0373 eff 0.0 outinratio 0.0289 

WminusH125_4mu_TCjmax_pT4l_genbin1_recobin8 acc 0.029 eff 0.0 outinratio 0.0392 

WplusH125_4mu_TCjmax_pT4l_genbin1_recobin8 acc 0.0235 eff 0.0 outinratio 0.056 

ttH125_4mu_TCjmax_pT4l_genbin1_recobin8 acc 0.0066 eff 0.0 outinratio 0.108 

ZH125_4mu_TCjmax_pT4l_genbin1_recobin8 acc 0.0348 eff 0.0 outinratio 0.0728 

ggH125_4mu_TCjmax_pT4l_genbin2_recobin8 acc 0.0352 eff 0.0 outinratio 0.0102 

VBFH125_4mu_TCjmax_pT4l_genbin2_recobin8 acc 0.053 eff 0.0 outinratio 0.0289 

WminusH125_4mu_TCjmax_pT4l_genbin2_recobin8 acc 0.0343 eff 0.0 outinratio 0.0392 

WplusH125_4mu_TCjmax_pT4l_genbin2_recobin8 acc 0.0294 eff 0.0 outinratio 0.056 

ttH125_4mu_TCjmax_pT4l_genbin2_recobin8 acc 0.0075 eff 0.0 outinratio 0.108 

ZH125_4mu_TCjmax_pT4l_genbin2_recobin8 acc 0.037 eff 0.0 outinratio 0.0728 

ggH125_4mu_TCjmax_pT4l_genbin3_recobin8 acc 0.0239 eff 0.0 outinratio 0.0102 

VBFH125_4mu_TCjmax_pT4l_genbin3_recobin8 acc 0.0459 eff 0.0 outinratio 0.0289 

WminusH125_4mu_TCjmax_pT4l_genbin3_recobin8 acc 0.0255 eff 0.0 outinratio 0.0392 

WplusH125_4mu_TCjmax_pT4l_genbin3_recobin8 acc 0.0217 eff 0.0 outinratio 0.056 

ttH125_4mu_TCjmax_pT4l_genbin3_recobin8 acc 0.0072 eff 0.0 outinratio 0.108 

ZH125_4mu_TCjmax_pT4l_genbin3_recobin8 acc 0.0207 eff 0.0 outinratio 0.0728 

ggH125_4mu_TCjmax_pT4l_genbin4_recobin8 acc 0.0198 eff 0.0 outinratio 0.0102 

VBFH125_4mu_TCjmax_pT4l_genbin4_recobin8 acc 0.059 eff 0.0 outinratio 0.0289 

WminusH125_4mu_TCjmax_pT4l_genbin4_recobin8 acc 0.0266 eff 0.0 outinratio 0.0392 

WplusH125_4mu_TCjmax_pT4l_genbin4_recobin8 acc 0.0228 eff 0.0 outinratio 0.056 

ttH125_4mu_TCjmax_pT4l_genbin4_recobin8 acc 0.0061 eff 0.0 outinratio 0.108 

ZH125_4mu_TCjmax_pT4l_genbin4_recobin8 acc 0.0228 eff 0.0 outinratio 0.0728 

ggH125_4mu_TCjmax_pT4l_genbin5_recobin8 acc 0.0157 eff 0.0 outinratio 0.0102 

VBFH125_4mu_TCjmax_pT4l_genbin5_recobin8 acc 0.0734 eff 0.0 outinratio 0.0289 

WminusH125_4mu_TCjmax_pT4l_genbin5_recobin8 acc 0.0246 eff 0.0 outinratio 0.0392 

WplusH125_4mu_TCjmax_pT4l_genbin5_recobin8 acc 0.0222 eff 0.0 outinratio 0.056 

ttH125_4mu_TCjmax_pT4l_genbin5_recobin8 acc 0.01 eff 0.0 outinratio 0.108 

ZH125_4mu_TCjmax_pT4l_genbin5_recobin8 acc 0.0163 eff 0.0 outinratio 0.0728 

ggH125_4mu_TCjmax_pT4l_genbin6_recobin8 acc 0.0103 eff 0.0078 outinratio 0.0102 

VBFH125_4mu_TCjmax_pT4l_genbin6_recobin8 acc 0.0759 eff 0.0053 outinratio 0.0289 

WminusH125_4mu_TCjmax_pT4l_genbin6_recobin8 acc 0.0158 eff 0.0119 outinratio 0.0392 

WplusH125_4mu_TCjmax_pT4l_genbin6_recobin8 acc 0.017 eff 0.0181 outinratio 0.056 

ttH125_4mu_TCjmax_pT4l_genbin6_recobin8 acc 0.0179 eff 0.0244 outinratio 0.108 

ZH125_4mu_TCjmax_pT4l_genbin6_recobin8 acc 0.0228 eff 0.0 outinratio 0.0728 

ggH125_4mu_TCjmax_pT4l_genbin7_recobin8 acc 0.0247 eff 0.0038 outinratio 0.0102 

VBFH125_4mu_TCjmax_pT4l_genbin7_recobin8 acc 0.0739 eff 0.0035 outinratio 0.0289 

WminusH125_4mu_TCjmax_pT4l_genbin7_recobin8 acc 0.1123 eff 0.0018 outinratio 0.0392 

WplusH125_4mu_TCjmax_pT4l_genbin7_recobin8 acc 0.0995 eff 0.0022 outinratio 0.056 

ttH125_4mu_TCjmax_pT4l_genbin7_recobin8 acc 0.2468 eff 0.0012 outinratio 0.108 

ZH125_4mu_TCjmax_pT4l_genbin7_recobin8 acc 0.112 eff 0.0 outinratio 0.0728 

ggH125_4mu_TCjmax_pT4l_genbin8_recobin8 acc 0.0042 eff 0.7664 outinratio 0.0102 

VBFH125_4mu_TCjmax_pT4l_genbin8_recobin8 acc 0.0132 eff 0.7903 outinratio 0.0289 

WminusH125_4mu_TCjmax_pT4l_genbin8_recobin8 acc 0.0133 eff 0.8279 outinratio 0.0392 

WplusH125_4mu_TCjmax_pT4l_genbin8_recobin8 acc 0.0149 eff 0.8003 outinratio 0.056 

ttH125_4mu_TCjmax_pT4l_genbin8_recobin8 acc 0.0367 eff 0.7698 outinratio 0.108 

ZH125_4mu_TCjmax_pT4l_genbin8_recobin8 acc 0.012 eff 1.2641 outinratio 0.0728 

ggH125_2e2mu_TCjmax_pT4l_genbin0_recobin0 acc 0.2479 eff 0.4393 outinratio 0.0526 

VBFH125_2e2mu_TCjmax_pT4l_genbin0_recobin0 acc 0.0385 eff 0.3598 outinratio 0.0413 

WminusH125_2e2mu_TCjmax_pT4l_genbin0_recobin0 acc 0.0821 eff 0.3512 outinratio 0.0693 

WplusH125_2e2mu_TCjmax_pT4l_genbin0_recobin0 acc 0.0693 eff 0.3436 outinratio 0.0748 

ttH125_2e2mu_TCjmax_pT4l_genbin0_recobin0 acc 0.0007 eff -1.0 outinratio 0.0 

ZH125_2e2mu_TCjmax_pT4l_genbin0_recobin0 acc 0.0686 eff 0.3666 outinratio 0.0337 

ggH125_2e2mu_TCjmax_pT4l_genbin1_recobin0 acc 0.0173 eff 0.153 outinratio 0.0526 

VBFH125_2e2mu_TCjmax_pT4l_genbin1_recobin0 acc 0.0333 eff 0.0478 outinratio 0.0413 

WminusH125_2e2mu_TCjmax_pT4l_genbin1_recobin0 acc 0.0258 eff 0.0467 outinratio 0.0693 

WplusH125_2e2mu_TCjmax_pT4l_genbin1_recobin0 acc 0.0218 eff 0.0486 outinratio 0.0748 

ttH125_2e2mu_TCjmax_pT4l_genbin1_recobin0 acc 0.0048 eff 0.026 outinratio 0.0 

ZH125_2e2mu_TCjmax_pT4l_genbin1_recobin0 acc 0.0323 eff 0.0856 outinratio 0.0337 

ggH125_2e2mu_TCjmax_pT4l_genbin2_recobin0 acc 0.0327 eff 0.0968 outinratio 0.0526 

VBFH125_2e2mu_TCjmax_pT4l_genbin2_recobin0 acc 0.0488 eff 0.0478 outinratio 0.0413 

WminusH125_2e2mu_TCjmax_pT4l_genbin2_recobin0 acc 0.0315 eff 0.0353 outinratio 0.0693 

WplusH125_2e2mu_TCjmax_pT4l_genbin2_recobin0 acc 0.027 eff 0.0376 outinratio 0.0748 

ttH125_2e2mu_TCjmax_pT4l_genbin2_recobin0 acc 0.0062 eff 0.0 outinratio 0.0 

ZH125_2e2mu_TCjmax_pT4l_genbin2_recobin0 acc 0.0284 eff 0.0484 outinratio 0.0337 

ggH125_2e2mu_TCjmax_pT4l_genbin3_recobin0 acc 0.0225 eff 0.0526 outinratio 0.0526 

VBFH125_2e2mu_TCjmax_pT4l_genbin3_recobin0 acc 0.0433 eff 0.0288 outinratio 0.0413 

WminusH125_2e2mu_TCjmax_pT4l_genbin3_recobin0 acc 0.0235 eff 0.0303 outinratio 0.0693 

WplusH125_2e2mu_TCjmax_pT4l_genbin3_recobin0 acc 0.0193 eff 0.0222 outinratio 0.0748 

ttH125_2e2mu_TCjmax_pT4l_genbin3_recobin0 acc 0.0053 eff 0.0 outinratio 0.0 

ZH125_2e2mu_TCjmax_pT4l_genbin3_recobin0 acc 0.0229 eff 0.0427 outinratio 0.0337 

ggH125_2e2mu_TCjmax_pT4l_genbin4_recobin0 acc 0.0189 eff 0.0275 outinratio 0.0526 

VBFH125_2e2mu_TCjmax_pT4l_genbin4_recobin0 acc 0.054 eff 0.0183 outinratio 0.0413 

WminusH125_2e2mu_TCjmax_pT4l_genbin4_recobin0 acc 0.0241 eff 0.0211 outinratio 0.0693 

WplusH125_2e2mu_TCjmax_pT4l_genbin4_recobin0 acc 0.021 eff 0.0163 outinratio 0.0748 

ttH125_2e2mu_TCjmax_pT4l_genbin4_recobin0 acc 0.0059 eff 0.0 outinratio 0.0 

ZH125_2e2mu_TCjmax_pT4l_genbin4_recobin0 acc 0.0218 eff 0.0832 outinratio 0.0337 

ggH125_2e2mu_TCjmax_pT4l_genbin5_recobin0 acc 0.0153 eff 0.0101 outinratio 0.0526 

VBFH125_2e2mu_TCjmax_pT4l_genbin5_recobin0 acc 0.0684 eff 0.0097 outinratio 0.0413 

WminusH125_2e2mu_TCjmax_pT4l_genbin5_recobin0 acc 0.0226 eff 0.0156 outinratio 0.0693 

WplusH125_2e2mu_TCjmax_pT4l_genbin5_recobin0 acc 0.0198 eff 0.02 outinratio 0.0748 

ttH125_2e2mu_TCjmax_pT4l_genbin5_recobin0 acc 0.0083 eff 0.0 outinratio 0.0 

ZH125_2e2mu_TCjmax_pT4l_genbin5_recobin0 acc 0.0195 eff 0.034 outinratio 0.0337 

ggH125_2e2mu_TCjmax_pT4l_genbin6_recobin0 acc 0.0085 eff 0.0056 outinratio 0.0526 

VBFH125_2e2mu_TCjmax_pT4l_genbin6_recobin0 acc 0.0699 eff 0.0036 outinratio 0.0413 

WminusH125_2e2mu_TCjmax_pT4l_genbin6_recobin0 acc 0.0151 eff 0.0185 outinratio 0.0693 

WplusH125_2e2mu_TCjmax_pT4l_genbin6_recobin0 acc 0.0153 eff 0.0177 outinratio 0.0748 

ttH125_2e2mu_TCjmax_pT4l_genbin6_recobin0 acc 0.0168 eff 0.0 outinratio 0.0 

ZH125_2e2mu_TCjmax_pT4l_genbin6_recobin0 acc 0.0212 eff 0.0399 outinratio 0.0337 

ggH125_2e2mu_TCjmax_pT4l_genbin7_recobin0 acc 0.0248 eff 0.0024 outinratio 0.0526 

VBFH125_2e2mu_TCjmax_pT4l_genbin7_recobin0 acc 0.0667 eff 0.002 outinratio 0.0413 

WminusH125_2e2mu_TCjmax_pT4l_genbin7_recobin0 acc 0.1027 eff 0.0017 outinratio 0.0693 

WplusH125_2e2mu_TCjmax_pT4l_genbin7_recobin0 acc 0.0933 eff 0.0021 outinratio 0.0748 

ttH125_2e2mu_TCjmax_pT4l_genbin7_recobin0 acc 0.2237 eff 0.0 outinratio 0.0 

ZH125_2e2mu_TCjmax_pT4l_genbin7_recobin0 acc 0.1227 eff 0.0 outinratio 0.0337 

ggH125_2e2mu_TCjmax_pT4l_genbin8_recobin0 acc 0.0044 eff 0.0 outinratio 0.0526 

VBFH125_2e2mu_TCjmax_pT4l_genbin8_recobin0 acc 0.0121 eff 0.0007 outinratio 0.0413 

WminusH125_2e2mu_TCjmax_pT4l_genbin8_recobin0 acc 0.0112 eff 0.0 outinratio 0.0693 

WplusH125_2e2mu_TCjmax_pT4l_genbin8_recobin0 acc 0.0148 eff 0.0 outinratio 0.0748 

ttH125_2e2mu_TCjmax_pT4l_genbin8_recobin0 acc 0.0413 eff 0.0 outinratio 0.0 

ZH125_2e2mu_TCjmax_pT4l_genbin8_recobin0 acc 0.0117 eff 0.0 outinratio 0.0337 

ggH125_2e2mu_TCjmax_pT4l_genbin0_recobin1 acc 0.2479 eff 0.0478 outinratio 0.0689 

VBFH125_2e2mu_TCjmax_pT4l_genbin0_recobin1 acc 0.0385 eff 0.0633 outinratio 0.0436 

WminusH125_2e2mu_TCjmax_pT4l_genbin0_recobin1 acc 0.0821 eff 0.0368 outinratio 0.0782 

WplusH125_2e2mu_TCjmax_pT4l_genbin0_recobin1 acc 0.0693 eff 0.0343 outinratio 0.1034 

ttH125_2e2mu_TCjmax_pT4l_genbin0_recobin1 acc 0.0007 eff -1.0 outinratio 0.2044 

ZH125_2e2mu_TCjmax_pT4l_genbin0_recobin1 acc 0.0686 eff 0.0155 outinratio 0.0217 

ggH125_2e2mu_TCjmax_pT4l_genbin1_recobin1 acc 0.0173 eff 0.3614 outinratio 0.0689 

VBFH125_2e2mu_TCjmax_pT4l_genbin1_recobin1 acc 0.0333 eff 0.4377 outinratio 0.0436 

WminusH125_2e2mu_TCjmax_pT4l_genbin1_recobin1 acc 0.0258 eff 0.4059 outinratio 0.0782 

WplusH125_2e2mu_TCjmax_pT4l_genbin1_recobin1 acc 0.0218 eff 0.4006 outinratio 0.1034 

ttH125_2e2mu_TCjmax_pT4l_genbin1_recobin1 acc 0.0048 eff 0.3213 outinratio 0.2044 

ZH125_2e2mu_TCjmax_pT4l_genbin1_recobin1 acc 0.0323 eff 0.4507 outinratio 0.0217 

ggH125_2e2mu_TCjmax_pT4l_genbin2_recobin1 acc 0.0327 eff 0.0155 outinratio 0.0689 

VBFH125_2e2mu_TCjmax_pT4l_genbin2_recobin1 acc 0.0488 eff 0.0144 outinratio 0.0436 

WminusH125_2e2mu_TCjmax_pT4l_genbin2_recobin1 acc 0.0315 eff 0.0173 outinratio 0.0782 

WplusH125_2e2mu_TCjmax_pT4l_genbin2_recobin1 acc 0.027 eff 0.0152 outinratio 0.1034 

ttH125_2e2mu_TCjmax_pT4l_genbin2_recobin1 acc 0.0062 eff 0.033 outinratio 0.2044 

ZH125_2e2mu_TCjmax_pT4l_genbin2_recobin1 acc 0.0284 eff 0.0 outinratio 0.0217 

ggH125_2e2mu_TCjmax_pT4l_genbin3_recobin1 acc 0.0225 eff 0.0 outinratio 0.0689 

VBFH125_2e2mu_TCjmax_pT4l_genbin3_recobin1 acc 0.0433 eff 0.0 outinratio 0.0436 

WminusH125_2e2mu_TCjmax_pT4l_genbin3_recobin1 acc 0.0235 eff 0.0 outinratio 0.0782 

WplusH125_2e2mu_TCjmax_pT4l_genbin3_recobin1 acc 0.0193 eff 0.0 outinratio 0.1034 

ttH125_2e2mu_TCjmax_pT4l_genbin3_recobin1 acc 0.0053 eff 0.0 outinratio 0.2044 

ZH125_2e2mu_TCjmax_pT4l_genbin3_recobin1 acc 0.0229 eff 0.0 outinratio 0.0217 

ggH125_2e2mu_TCjmax_pT4l_genbin4_recobin1 acc 0.0189 eff 0.0 outinratio 0.0689 

VBFH125_2e2mu_TCjmax_pT4l_genbin4_recobin1 acc 0.054 eff 0.0 outinratio 0.0436 

WminusH125_2e2mu_TCjmax_pT4l_genbin4_recobin1 acc 0.0241 eff 0.0 outinratio 0.0782 

WplusH125_2e2mu_TCjmax_pT4l_genbin4_recobin1 acc 0.021 eff 0.0 outinratio 0.1034 

ttH125_2e2mu_TCjmax_pT4l_genbin4_recobin1 acc 0.0059 eff 0.0 outinratio 0.2044 

ZH125_2e2mu_TCjmax_pT4l_genbin4_recobin1 acc 0.0218 eff 0.0 outinratio 0.0217 

ggH125_2e2mu_TCjmax_pT4l_genbin5_recobin1 acc 0.0153 eff 0.0 outinratio 0.0689 

VBFH125_2e2mu_TCjmax_pT4l_genbin5_recobin1 acc 0.0684 eff 0.0 outinratio 0.0436 

WminusH125_2e2mu_TCjmax_pT4l_genbin5_recobin1 acc 0.0226 eff 0.0 outinratio 0.0782 

WplusH125_2e2mu_TCjmax_pT4l_genbin5_recobin1 acc 0.0198 eff 0.0 outinratio 0.1034 

ttH125_2e2mu_TCjmax_pT4l_genbin5_recobin1 acc 0.0083 eff 0.0 outinratio 0.2044 

ZH125_2e2mu_TCjmax_pT4l_genbin5_recobin1 acc 0.0195 eff 0.0 outinratio 0.0217 

ggH125_2e2mu_TCjmax_pT4l_genbin6_recobin1 acc 0.0085 eff 0.0 outinratio 0.0689 

VBFH125_2e2mu_TCjmax_pT4l_genbin6_recobin1 acc 0.0699 eff 0.0 outinratio 0.0436 

WminusH125_2e2mu_TCjmax_pT4l_genbin6_recobin1 acc 0.0151 eff 0.0 outinratio 0.0782 

WplusH125_2e2mu_TCjmax_pT4l_genbin6_recobin1 acc 0.0153 eff 0.0 outinratio 0.1034 

ttH125_2e2mu_TCjmax_pT4l_genbin6_recobin1 acc 0.0168 eff 0.0 outinratio 0.2044 

ZH125_2e2mu_TCjmax_pT4l_genbin6_recobin1 acc 0.0212 eff 0.0 outinratio 0.0217 

ggH125_2e2mu_TCjmax_pT4l_genbin7_recobin1 acc 0.0248 eff 0.0 outinratio 0.0689 

VBFH125_2e2mu_TCjmax_pT4l_genbin7_recobin1 acc 0.0667 eff 0.0022 outinratio 0.0436 

WminusH125_2e2mu_TCjmax_pT4l_genbin7_recobin1 acc 0.1027 eff 0.0023 outinratio 0.0782 

WplusH125_2e2mu_TCjmax_pT4l_genbin7_recobin1 acc 0.0933 eff 0.0018 outinratio 0.1034 

ttH125_2e2mu_TCjmax_pT4l_genbin7_recobin1 acc 0.2237 eff 0.0014 outinratio 0.2044 

ZH125_2e2mu_TCjmax_pT4l_genbin7_recobin1 acc 0.1227 eff 0.0 outinratio 0.0217 

ggH125_2e2mu_TCjmax_pT4l_genbin8_recobin1 acc 0.0044 eff 0.0 outinratio 0.0689 

VBFH125_2e2mu_TCjmax_pT4l_genbin8_recobin1 acc 0.0121 eff 0.0 outinratio 0.0436 

WminusH125_2e2mu_TCjmax_pT4l_genbin8_recobin1 acc 0.0112 eff 0.0 outinratio 0.0782 

WplusH125_2e2mu_TCjmax_pT4l_genbin8_recobin1 acc 0.0148 eff 0.0 outinratio 0.1034 

ttH125_2e2mu_TCjmax_pT4l_genbin8_recobin1 acc 0.0413 eff 0.0 outinratio 0.2044 

ZH125_2e2mu_TCjmax_pT4l_genbin8_recobin1 acc 0.0117 eff 0.0 outinratio 0.0217 

ggH125_2e2mu_TCjmax_pT4l_genbin0_recobin2 acc 0.2479 eff 0.0146 outinratio 0.0492 

VBFH125_2e2mu_TCjmax_pT4l_genbin0_recobin2 acc 0.0385 eff 0.048 outinratio 0.0471 

WminusH125_2e2mu_TCjmax_pT4l_genbin0_recobin2 acc 0.0821 eff 0.0269 outinratio 0.0974 

WplusH125_2e2mu_TCjmax_pT4l_genbin0_recobin2 acc 0.0693 eff 0.0259 outinratio 0.1001 

ttH125_2e2mu_TCjmax_pT4l_genbin0_recobin2 acc 0.0007 eff -1.0 outinratio 0.1776 

ZH125_2e2mu_TCjmax_pT4l_genbin0_recobin2 acc 0.0686 eff 0.038 outinratio 0.0346 

ggH125_2e2mu_TCjmax_pT4l_genbin1_recobin2 acc 0.0173 eff 0.0097 outinratio 0.0492 

VBFH125_2e2mu_TCjmax_pT4l_genbin1_recobin2 acc 0.0333 eff 0.0152 outinratio 0.0471 

WminusH125_2e2mu_TCjmax_pT4l_genbin1_recobin2 acc 0.0258 eff 0.014 outinratio 0.0974 

WplusH125_2e2mu_TCjmax_pT4l_genbin1_recobin2 acc 0.0218 eff 0.0141 outinratio 0.1001 

ttH125_2e2mu_TCjmax_pT4l_genbin1_recobin2 acc 0.0048 eff 0.0 outinratio 0.1776 

ZH125_2e2mu_TCjmax_pT4l_genbin1_recobin2 acc 0.0323 eff 0.0561 outinratio 0.0346 

ggH125_2e2mu_TCjmax_pT4l_genbin2_recobin2 acc 0.0327 eff 0.3999 outinratio 0.0492 

VBFH125_2e2mu_TCjmax_pT4l_genbin2_recobin2 acc 0.0488 eff 0.4165 outinratio 0.0471 

WminusH125_2e2mu_TCjmax_pT4l_genbin2_recobin2 acc 0.0315 eff 0.3971 outinratio 0.0974 

WplusH125_2e2mu_TCjmax_pT4l_genbin2_recobin2 acc 0.027 eff 0.3866 outinratio 0.1001 

ttH125_2e2mu_TCjmax_pT4l_genbin2_recobin2 acc 0.0062 eff 0.3218 outinratio 0.1776 

ZH125_2e2mu_TCjmax_pT4l_genbin2_recobin2 acc 0.0284 eff 0.4858 outinratio 0.0346 

ggH125_2e2mu_TCjmax_pT4l_genbin3_recobin2 acc 0.0225 eff 0.0293 outinratio 0.0492 

VBFH125_2e2mu_TCjmax_pT4l_genbin3_recobin2 acc 0.0433 eff 0.0297 outinratio 0.0471 

WminusH125_2e2mu_TCjmax_pT4l_genbin3_recobin2 acc 0.0235 eff 0.0268 outinratio 0.0974 

WplusH125_2e2mu_TCjmax_pT4l_genbin3_recobin2 acc 0.0193 eff 0.0221 outinratio 0.1001 

ttH125_2e2mu_TCjmax_pT4l_genbin3_recobin2 acc 0.0053 eff 0.0 outinratio 0.1776 

ZH125_2e2mu_TCjmax_pT4l_genbin3_recobin2 acc 0.0229 eff 0.0955 outinratio 0.0346 

ggH125_2e2mu_TCjmax_pT4l_genbin4_recobin2 acc 0.0189 eff 0.0 outinratio 0.0492 

VBFH125_2e2mu_TCjmax_pT4l_genbin4_recobin2 acc 0.054 eff 0.0005 outinratio 0.0471 

WminusH125_2e2mu_TCjmax_pT4l_genbin4_recobin2 acc 0.0241 eff 0.0 outinratio 0.0974 

WplusH125_2e2mu_TCjmax_pT4l_genbin4_recobin2 acc 0.021 eff 0.0 outinratio 0.1001 

ttH125_2e2mu_TCjmax_pT4l_genbin4_recobin2 acc 0.0059 eff 0.0 outinratio 0.1776 

ZH125_2e2mu_TCjmax_pT4l_genbin4_recobin2 acc 0.0218 eff 0.0 outinratio 0.0346 

ggH125_2e2mu_TCjmax_pT4l_genbin5_recobin2 acc 0.0153 eff 0.0 outinratio 0.0492 

VBFH125_2e2mu_TCjmax_pT4l_genbin5_recobin2 acc 0.0684 eff 0.0 outinratio 0.0471 

WminusH125_2e2mu_TCjmax_pT4l_genbin5_recobin2 acc 0.0226 eff 0.0 outinratio 0.0974 

WplusH125_2e2mu_TCjmax_pT4l_genbin5_recobin2 acc 0.0198 eff 0.0 outinratio 0.1001 

ttH125_2e2mu_TCjmax_pT4l_genbin5_recobin2 acc 0.0083 eff 0.0 outinratio 0.1776 

ZH125_2e2mu_TCjmax_pT4l_genbin5_recobin2 acc 0.0195 eff 0.0 outinratio 0.0346 

ggH125_2e2mu_TCjmax_pT4l_genbin6_recobin2 acc 0.0085 eff 0.0 outinratio 0.0492 

VBFH125_2e2mu_TCjmax_pT4l_genbin6_recobin2 acc 0.0699 eff 0.0 outinratio 0.0471 

WminusH125_2e2mu_TCjmax_pT4l_genbin6_recobin2 acc 0.0151 eff 0.0 outinratio 0.0974 

WplusH125_2e2mu_TCjmax_pT4l_genbin6_recobin2 acc 0.0153 eff 0.0 outinratio 0.1001 

ttH125_2e2mu_TCjmax_pT4l_genbin6_recobin2 acc 0.0168 eff 0.0 outinratio 0.1776 

ZH125_2e2mu_TCjmax_pT4l_genbin6_recobin2 acc 0.0212 eff 0.0 outinratio 0.0346 

ggH125_2e2mu_TCjmax_pT4l_genbin7_recobin2 acc 0.0248 eff 0.0054 outinratio 0.0492 

VBFH125_2e2mu_TCjmax_pT4l_genbin7_recobin2 acc 0.0667 eff 0.0035 outinratio 0.0471 

WminusH125_2e2mu_TCjmax_pT4l_genbin7_recobin2 acc 0.1027 eff 0.004 outinratio 0.0974 

WplusH125_2e2mu_TCjmax_pT4l_genbin7_recobin2 acc 0.0933 eff 0.0039 outinratio 0.1001 

ttH125_2e2mu_TCjmax_pT4l_genbin7_recobin2 acc 0.2237 eff 0.0029 outinratio 0.1776 

ZH125_2e2mu_TCjmax_pT4l_genbin7_recobin2 acc 0.1227 eff 0.006 outinratio 0.0346 

ggH125_2e2mu_TCjmax_pT4l_genbin8_recobin2 acc 0.0044 eff 0.0 outinratio 0.0492 

VBFH125_2e2mu_TCjmax_pT4l_genbin8_recobin2 acc 0.0121 eff 0.0 outinratio 0.0471 

WminusH125_2e2mu_TCjmax_pT4l_genbin8_recobin2 acc 0.0112 eff 0.0 outinratio 0.0974 

WplusH125_2e2mu_TCjmax_pT4l_genbin8_recobin2 acc 0.0148 eff 0.0 outinratio 0.1001 

ttH125_2e2mu_TCjmax_pT4l_genbin8_recobin2 acc 0.0413 eff 0.0 outinratio 0.1776 

ZH125_2e2mu_TCjmax_pT4l_genbin8_recobin2 acc 0.0117 eff 0.0 outinratio 0.0346 

ggH125_2e2mu_TCjmax_pT4l_genbin0_recobin3 acc 0.2479 eff 0.0041 outinratio 0.0533 

VBFH125_2e2mu_TCjmax_pT4l_genbin0_recobin3 acc 0.0385 eff 0.0215 outinratio 0.0372 

WminusH125_2e2mu_TCjmax_pT4l_genbin0_recobin3 acc 0.0821 eff 0.0137 outinratio 0.0775 

WplusH125_2e2mu_TCjmax_pT4l_genbin0_recobin3 acc 0.0693 eff 0.0147 outinratio 0.0821 

ttH125_2e2mu_TCjmax_pT4l_genbin0_recobin3 acc 0.0007 eff -1.0 outinratio 0.2226 

ZH125_2e2mu_TCjmax_pT4l_genbin0_recobin3 acc 0.0686 eff 0.0177 outinratio 0.0584 

ggH125_2e2mu_TCjmax_pT4l_genbin1_recobin3 acc 0.0173 eff 0.0 outinratio 0.0533 

VBFH125_2e2mu_TCjmax_pT4l_genbin1_recobin3 acc 0.0333 eff 0.0 outinratio 0.0372 

WminusH125_2e2mu_TCjmax_pT4l_genbin1_recobin3 acc 0.0258 eff 0.0 outinratio 0.0775 

WplusH125_2e2mu_TCjmax_pT4l_genbin1_recobin3 acc 0.0218 eff 0.0 outinratio 0.0821 

ttH125_2e2mu_TCjmax_pT4l_genbin1_recobin3 acc 0.0048 eff 0.0 outinratio 0.2226 

ZH125_2e2mu_TCjmax_pT4l_genbin1_recobin3 acc 0.0323 eff 0.0 outinratio 0.0584 

ggH125_2e2mu_TCjmax_pT4l_genbin2_recobin3 acc 0.0327 eff 0.0134 outinratio 0.0533 

VBFH125_2e2mu_TCjmax_pT4l_genbin2_recobin3 acc 0.0488 eff 0.0135 outinratio 0.0372 

WminusH125_2e2mu_TCjmax_pT4l_genbin2_recobin3 acc 0.0315 eff 0.0131 outinratio 0.0775 

WplusH125_2e2mu_TCjmax_pT4l_genbin2_recobin3 acc 0.027 eff 0.0156 outinratio 0.0821 

ttH125_2e2mu_TCjmax_pT4l_genbin2_recobin3 acc 0.0062 eff 0.0 outinratio 0.2226 

ZH125_2e2mu_TCjmax_pT4l_genbin2_recobin3 acc 0.0284 eff 0.022 outinratio 0.0584 

ggH125_2e2mu_TCjmax_pT4l_genbin3_recobin3 acc 0.0225 eff 0.4253 outinratio 0.0533 

VBFH125_2e2mu_TCjmax_pT4l_genbin3_recobin3 acc 0.0433 eff 0.433 outinratio 0.0372 

WminusH125_2e2mu_TCjmax_pT4l_genbin3_recobin3 acc 0.0235 eff 0.3792 outinratio 0.0775 

WplusH125_2e2mu_TCjmax_pT4l_genbin3_recobin3 acc 0.0193 eff 0.3741 outinratio 0.0821 

ttH125_2e2mu_TCjmax_pT4l_genbin3_recobin3 acc 0.0053 eff 0.3257 outinratio 0.2226 

ZH125_2e2mu_TCjmax_pT4l_genbin3_recobin3 acc 0.0229 eff 0.2847 outinratio 0.0584 

ggH125_2e2mu_TCjmax_pT4l_genbin4_recobin3 acc 0.0189 eff 0.0263 outinratio 0.0533 

VBFH125_2e2mu_TCjmax_pT4l_genbin4_recobin3 acc 0.054 eff 0.0264 outinratio 0.0372 

WminusH125_2e2mu_TCjmax_pT4l_genbin4_recobin3 acc 0.0241 eff 0.0269 outinratio 0.0775 

WplusH125_2e2mu_TCjmax_pT4l_genbin4_recobin3 acc 0.021 eff 0.0264 outinratio 0.0821 

ttH125_2e2mu_TCjmax_pT4l_genbin4_recobin3 acc 0.0059 eff 0.0094 outinratio 0.2226 

ZH125_2e2mu_TCjmax_pT4l_genbin4_recobin3 acc 0.0218 eff 0.0 outinratio 0.0584 

ggH125_2e2mu_TCjmax_pT4l_genbin5_recobin3 acc 0.0153 eff 0.0 outinratio 0.0533 

VBFH125_2e2mu_TCjmax_pT4l_genbin5_recobin3 acc 0.0684 eff 0.0002 outinratio 0.0372 

WminusH125_2e2mu_TCjmax_pT4l_genbin5_recobin3 acc 0.0226 eff 0.0 outinratio 0.0775 

WplusH125_2e2mu_TCjmax_pT4l_genbin5_recobin3 acc 0.0198 eff 0.0 outinratio 0.0821 

ttH125_2e2mu_TCjmax_pT4l_genbin5_recobin3 acc 0.0083 eff 0.0 outinratio 0.2226 

ZH125_2e2mu_TCjmax_pT4l_genbin5_recobin3 acc 0.0195 eff 0.0 outinratio 0.0584 

ggH125_2e2mu_TCjmax_pT4l_genbin6_recobin3 acc 0.0085 eff 0.0 outinratio 0.0533 

VBFH125_2e2mu_TCjmax_pT4l_genbin6_recobin3 acc 0.0699 eff 0.0 outinratio 0.0372 

WminusH125_2e2mu_TCjmax_pT4l_genbin6_recobin3 acc 0.0151 eff 0.0 outinratio 0.0775 

WplusH125_2e2mu_TCjmax_pT4l_genbin6_recobin3 acc 0.0153 eff 0.0 outinratio 0.0821 

ttH125_2e2mu_TCjmax_pT4l_genbin6_recobin3 acc 0.0168 eff 0.0 outinratio 0.2226 

ZH125_2e2mu_TCjmax_pT4l_genbin6_recobin3 acc 0.0212 eff 0.0 outinratio 0.0584 

ggH125_2e2mu_TCjmax_pT4l_genbin7_recobin3 acc 0.0248 eff 0.0116 outinratio 0.0533 

VBFH125_2e2mu_TCjmax_pT4l_genbin7_recobin3 acc 0.0667 eff 0.004 outinratio 0.0372 

WminusH125_2e2mu_TCjmax_pT4l_genbin7_recobin3 acc 0.1027 eff 0.0063 outinratio 0.0775 

WplusH125_2e2mu_TCjmax_pT4l_genbin7_recobin3 acc 0.0933 eff 0.0044 outinratio 0.0821 

ttH125_2e2mu_TCjmax_pT4l_genbin7_recobin3 acc 0.2237 eff 0.0012 outinratio 0.2226 

ZH125_2e2mu_TCjmax_pT4l_genbin7_recobin3 acc 0.1227 eff 0.0067 outinratio 0.0584 

ggH125_2e2mu_TCjmax_pT4l_genbin8_recobin3 acc 0.0044 eff 0.0 outinratio 0.0533 

VBFH125_2e2mu_TCjmax_pT4l_genbin8_recobin3 acc 0.0121 eff 0.0 outinratio 0.0372 

WminusH125_2e2mu_TCjmax_pT4l_genbin8_recobin3 acc 0.0112 eff 0.0 outinratio 0.0775 

WplusH125_2e2mu_TCjmax_pT4l_genbin8_recobin3 acc 0.0148 eff 0.0 outinratio 0.0821 

ttH125_2e2mu_TCjmax_pT4l_genbin8_recobin3 acc 0.0413 eff 0.0 outinratio 0.2226 

ZH125_2e2mu_TCjmax_pT4l_genbin8_recobin3 acc 0.0117 eff 0.0 outinratio 0.0584 

ggH125_2e2mu_TCjmax_pT4l_genbin0_recobin4 acc 0.2479 eff 0.0014 outinratio 0.025 

VBFH125_2e2mu_TCjmax_pT4l_genbin0_recobin4 acc 0.0385 eff 0.0104 outinratio 0.0318 

WminusH125_2e2mu_TCjmax_pT4l_genbin0_recobin4 acc 0.0821 eff 0.0129 outinratio 0.0685 

WplusH125_2e2mu_TCjmax_pT4l_genbin0_recobin4 acc 0.0693 eff 0.0136 outinratio 0.0663 

ttH125_2e2mu_TCjmax_pT4l_genbin0_recobin4 acc 0.0007 eff -1.0 outinratio 0.1778 

ZH125_2e2mu_TCjmax_pT4l_genbin0_recobin4 acc 0.0686 eff 0.0105 outinratio 0.0706 

ggH125_2e2mu_TCjmax_pT4l_genbin1_recobin4 acc 0.0173 eff 0.0 outinratio 0.025 

VBFH125_2e2mu_TCjmax_pT4l_genbin1_recobin4 acc 0.0333 eff 0.0 outinratio 0.0318 

WminusH125_2e2mu_TCjmax_pT4l_genbin1_recobin4 acc 0.0258 eff 0.0 outinratio 0.0685 

WplusH125_2e2mu_TCjmax_pT4l_genbin1_recobin4 acc 0.0218 eff 0.0 outinratio 0.0663 

ttH125_2e2mu_TCjmax_pT4l_genbin1_recobin4 acc 0.0048 eff 0.0 outinratio 0.1778 

ZH125_2e2mu_TCjmax_pT4l_genbin1_recobin4 acc 0.0323 eff 0.0 outinratio 0.0706 

ggH125_2e2mu_TCjmax_pT4l_genbin2_recobin4 acc 0.0327 eff 0.0 outinratio 0.025 

VBFH125_2e2mu_TCjmax_pT4l_genbin2_recobin4 acc 0.0488 eff 0.0 outinratio 0.0318 

WminusH125_2e2mu_TCjmax_pT4l_genbin2_recobin4 acc 0.0315 eff 0.0 outinratio 0.0685 

WplusH125_2e2mu_TCjmax_pT4l_genbin2_recobin4 acc 0.027 eff 0.0 outinratio 0.0663 

ttH125_2e2mu_TCjmax_pT4l_genbin2_recobin4 acc 0.0062 eff 0.0 outinratio 0.1778 

ZH125_2e2mu_TCjmax_pT4l_genbin2_recobin4 acc 0.0284 eff 0.0 outinratio 0.0706 

ggH125_2e2mu_TCjmax_pT4l_genbin3_recobin4 acc 0.0225 eff 0.0179 outinratio 0.025 

VBFH125_2e2mu_TCjmax_pT4l_genbin3_recobin4 acc 0.0433 eff 0.0156 outinratio 0.0318 

WminusH125_2e2mu_TCjmax_pT4l_genbin3_recobin4 acc 0.0235 eff 0.0146 outinratio 0.0685 

WplusH125_2e2mu_TCjmax_pT4l_genbin3_recobin4 acc 0.0193 eff 0.0167 outinratio 0.0663 

ttH125_2e2mu_TCjmax_pT4l_genbin3_recobin4 acc 0.0053 eff 0.0 outinratio 0.1778 

ZH125_2e2mu_TCjmax_pT4l_genbin3_recobin4 acc 0.0229 eff 0.0266 outinratio 0.0706 

ggH125_2e2mu_TCjmax_pT4l_genbin4_recobin4 acc 0.0189 eff 0.4678 outinratio 0.025 

VBFH125_2e2mu_TCjmax_pT4l_genbin4_recobin4 acc 0.054 eff 0.4491 outinratio 0.0318 

WminusH125_2e2mu_TCjmax_pT4l_genbin4_recobin4 acc 0.0241 eff 0.4176 outinratio 0.0685 

WplusH125_2e2mu_TCjmax_pT4l_genbin4_recobin4 acc 0.021 eff 0.3919 outinratio 0.0663 

ttH125_2e2mu_TCjmax_pT4l_genbin4_recobin4 acc 0.0059 eff 0.2311 outinratio 0.1778 

ZH125_2e2mu_TCjmax_pT4l_genbin4_recobin4 acc 0.0218 eff 0.5358 outinratio 0.0706 

ggH125_2e2mu_TCjmax_pT4l_genbin5_recobin4 acc 0.0153 eff 0.0301 outinratio 0.025 

VBFH125_2e2mu_TCjmax_pT4l_genbin5_recobin4 acc 0.0684 eff 0.0229 outinratio 0.0318 

WminusH125_2e2mu_TCjmax_pT4l_genbin5_recobin4 acc 0.0226 eff 0.0251 outinratio 0.0685 

WplusH125_2e2mu_TCjmax_pT4l_genbin5_recobin4 acc 0.0198 eff 0.0305 outinratio 0.0663 

ttH125_2e2mu_TCjmax_pT4l_genbin5_recobin4 acc 0.0083 eff 0.0153 outinratio 0.1778 

ZH125_2e2mu_TCjmax_pT4l_genbin5_recobin4 acc 0.0195 eff 0.0177 outinratio 0.0706 

ggH125_2e2mu_TCjmax_pT4l_genbin6_recobin4 acc 0.0085 eff 0.0 outinratio 0.025 

VBFH125_2e2mu_TCjmax_pT4l_genbin6_recobin4 acc 0.0699 eff 0.0 outinratio 0.0318 

WminusH125_2e2mu_TCjmax_pT4l_genbin6_recobin4 acc 0.0151 eff 0.0 outinratio 0.0685 

WplusH125_2e2mu_TCjmax_pT4l_genbin6_recobin4 acc 0.0153 eff 0.0 outinratio 0.0663 

ttH125_2e2mu_TCjmax_pT4l_genbin6_recobin4 acc 0.0168 eff 0.0 outinratio 0.1778 

ZH125_2e2mu_TCjmax_pT4l_genbin6_recobin4 acc 0.0212 eff 0.0 outinratio 0.0706 

ggH125_2e2mu_TCjmax_pT4l_genbin7_recobin4 acc 0.0248 eff 0.0074 outinratio 0.025 

VBFH125_2e2mu_TCjmax_pT4l_genbin7_recobin4 acc 0.0667 eff 0.0074 outinratio 0.0318 

WminusH125_2e2mu_TCjmax_pT4l_genbin7_recobin4 acc 0.1027 eff 0.0071 outinratio 0.0685 

WplusH125_2e2mu_TCjmax_pT4l_genbin7_recobin4 acc 0.0933 eff 0.0072 outinratio 0.0663 

ttH125_2e2mu_TCjmax_pT4l_genbin7_recobin4 acc 0.2237 eff 0.0026 outinratio 0.1778 

ZH125_2e2mu_TCjmax_pT4l_genbin7_recobin4 acc 0.1227 eff 0.0205 outinratio 0.0706 

ggH125_2e2mu_TCjmax_pT4l_genbin8_recobin4 acc 0.0044 eff 0.0 outinratio 0.025 

VBFH125_2e2mu_TCjmax_pT4l_genbin8_recobin4 acc 0.0121 eff 0.0 outinratio 0.0318 

WminusH125_2e2mu_TCjmax_pT4l_genbin8_recobin4 acc 0.0112 eff 0.0 outinratio 0.0685 

WplusH125_2e2mu_TCjmax_pT4l_genbin8_recobin4 acc 0.0148 eff 0.0 outinratio 0.0663 

ttH125_2e2mu_TCjmax_pT4l_genbin8_recobin4 acc 0.0413 eff 0.0 outinratio 0.1778 

ZH125_2e2mu_TCjmax_pT4l_genbin8_recobin4 acc 0.0117 eff 0.0 outinratio 0.0706 

ggH125_2e2mu_TCjmax_pT4l_genbin0_recobin5 acc 0.2479 eff 0.0002 outinratio 0.03 

VBFH125_2e2mu_TCjmax_pT4l_genbin0_recobin5 acc 0.0385 eff 0.0027 outinratio 0.04 

WminusH125_2e2mu_TCjmax_pT4l_genbin0_recobin5 acc 0.0821 eff 0.0161 outinratio 0.0697 

WplusH125_2e2mu_TCjmax_pT4l_genbin0_recobin5 acc 0.0693 eff 0.0152 outinratio 0.0645 

ttH125_2e2mu_TCjmax_pT4l_genbin0_recobin5 acc 0.0007 eff -1.0 outinratio 0.2164 

ZH125_2e2mu_TCjmax_pT4l_genbin0_recobin5 acc 0.0686 eff 0.017 outinratio 0.0383 

ggH125_2e2mu_TCjmax_pT4l_genbin1_recobin5 acc 0.0173 eff 0.0 outinratio 0.03 

VBFH125_2e2mu_TCjmax_pT4l_genbin1_recobin5 acc 0.0333 eff 0.0 outinratio 0.04 

WminusH125_2e2mu_TCjmax_pT4l_genbin1_recobin5 acc 0.0258 eff 0.0 outinratio 0.0697 

WplusH125_2e2mu_TCjmax_pT4l_genbin1_recobin5 acc 0.0218 eff 0.0 outinratio 0.0645 

ttH125_2e2mu_TCjmax_pT4l_genbin1_recobin5 acc 0.0048 eff 0.0 outinratio 0.2164 

ZH125_2e2mu_TCjmax_pT4l_genbin1_recobin5 acc 0.0323 eff 0.0 outinratio 0.0383 

ggH125_2e2mu_TCjmax_pT4l_genbin2_recobin5 acc 0.0327 eff 0.0 outinratio 0.03 

VBFH125_2e2mu_TCjmax_pT4l_genbin2_recobin5 acc 0.0488 eff 0.0 outinratio 0.04 

WminusH125_2e2mu_TCjmax_pT4l_genbin2_recobin5 acc 0.0315 eff 0.0 outinratio 0.0697 

WplusH125_2e2mu_TCjmax_pT4l_genbin2_recobin5 acc 0.027 eff 0.0 outinratio 0.0645 

ttH125_2e2mu_TCjmax_pT4l_genbin2_recobin5 acc 0.0062 eff 0.0 outinratio 0.2164 

ZH125_2e2mu_TCjmax_pT4l_genbin2_recobin5 acc 0.0284 eff 0.0 outinratio 0.0383 

ggH125_2e2mu_TCjmax_pT4l_genbin3_recobin5 acc 0.0225 eff 0.0 outinratio 0.03 

VBFH125_2e2mu_TCjmax_pT4l_genbin3_recobin5 acc 0.0433 eff 0.0001 outinratio 0.04 

WminusH125_2e2mu_TCjmax_pT4l_genbin3_recobin5 acc 0.0235 eff 0.0 outinratio 0.0697 

WplusH125_2e2mu_TCjmax_pT4l_genbin3_recobin5 acc 0.0193 eff 0.0003 outinratio 0.0645 

ttH125_2e2mu_TCjmax_pT4l_genbin3_recobin5 acc 0.0053 eff 0.0 outinratio 0.2164 

ZH125_2e2mu_TCjmax_pT4l_genbin3_recobin5 acc 0.0229 eff 0.0 outinratio 0.0383 

ggH125_2e2mu_TCjmax_pT4l_genbin4_recobin5 acc 0.0189 eff 0.0125 outinratio 0.03 

VBFH125_2e2mu_TCjmax_pT4l_genbin4_recobin5 acc 0.054 eff 0.0118 outinratio 0.04 

WminusH125_2e2mu_TCjmax_pT4l_genbin4_recobin5 acc 0.0241 eff 0.0101 outinratio 0.0697 

WplusH125_2e2mu_TCjmax_pT4l_genbin4_recobin5 acc 0.021 eff 0.0122 outinratio 0.0645 

ttH125_2e2mu_TCjmax_pT4l_genbin4_recobin5 acc 0.0059 eff 0.0 outinratio 0.2164 

ZH125_2e2mu_TCjmax_pT4l_genbin4_recobin5 acc 0.0218 eff 0.0284 outinratio 0.0383 

ggH125_2e2mu_TCjmax_pT4l_genbin5_recobin5 acc 0.0153 eff 0.5398 outinratio 0.03 

VBFH125_2e2mu_TCjmax_pT4l_genbin5_recobin5 acc 0.0684 eff 0.4753 outinratio 0.04 

WminusH125_2e2mu_TCjmax_pT4l_genbin5_recobin5 acc 0.0226 eff 0.4302 outinratio 0.0697 

WplusH125_2e2mu_TCjmax_pT4l_genbin5_recobin5 acc 0.0198 eff 0.408 outinratio 0.0645 

ttH125_2e2mu_TCjmax_pT4l_genbin5_recobin5 acc 0.0083 eff 0.396 outinratio 0.2164 

ZH125_2e2mu_TCjmax_pT4l_genbin5_recobin5 acc 0.0195 eff 0.3706 outinratio 0.0383 

ggH125_2e2mu_TCjmax_pT4l_genbin6_recobin5 acc 0.0085 eff 0.0229 outinratio 0.03 

VBFH125_2e2mu_TCjmax_pT4l_genbin6_recobin5 acc 0.0699 eff 0.0154 outinratio 0.04 

WminusH125_2e2mu_TCjmax_pT4l_genbin6_recobin5 acc 0.0151 eff 0.0173 outinratio 0.0697 

WplusH125_2e2mu_TCjmax_pT4l_genbin6_recobin5 acc 0.0153 eff 0.0137 outinratio 0.0645 

ttH125_2e2mu_TCjmax_pT4l_genbin6_recobin5 acc 0.0168 eff 0.0017 outinratio 0.2164 

ZH125_2e2mu_TCjmax_pT4l_genbin6_recobin5 acc 0.0212 eff 0.0173 outinratio 0.0383 

ggH125_2e2mu_TCjmax_pT4l_genbin7_recobin5 acc 0.0248 eff 0.0176 outinratio 0.03 

VBFH125_2e2mu_TCjmax_pT4l_genbin7_recobin5 acc 0.0667 eff 0.0131 outinratio 0.04 

WminusH125_2e2mu_TCjmax_pT4l_genbin7_recobin5 acc 0.1027 eff 0.0124 outinratio 0.0697 

WplusH125_2e2mu_TCjmax_pT4l_genbin7_recobin5 acc 0.0933 eff 0.0124 outinratio 0.0645 

ttH125_2e2mu_TCjmax_pT4l_genbin7_recobin5 acc 0.2237 eff 0.0019 outinratio 0.2164 

ZH125_2e2mu_TCjmax_pT4l_genbin7_recobin5 acc 0.1227 eff 0.0047 outinratio 0.0383 

ggH125_2e2mu_TCjmax_pT4l_genbin8_recobin5 acc 0.0044 eff 0.0 outinratio 0.03 

VBFH125_2e2mu_TCjmax_pT4l_genbin8_recobin5 acc 0.0121 eff 0.0 outinratio 0.04 

WminusH125_2e2mu_TCjmax_pT4l_genbin8_recobin5 acc 0.0112 eff 0.0 outinratio 0.0697 

WplusH125_2e2mu_TCjmax_pT4l_genbin8_recobin5 acc 0.0148 eff 0.0 outinratio 0.0645 

ttH125_2e2mu_TCjmax_pT4l_genbin8_recobin5 acc 0.0413 eff 0.0 outinratio 0.2164 

ZH125_2e2mu_TCjmax_pT4l_genbin8_recobin5 acc 0.0117 eff 0.0 outinratio 0.0383 

ggH125_2e2mu_TCjmax_pT4l_genbin0_recobin6 acc 0.2479 eff 0.0 outinratio 0.0582 

VBFH125_2e2mu_TCjmax_pT4l_genbin0_recobin6 acc 0.0385 eff 0.0 outinratio 0.0339 

WminusH125_2e2mu_TCjmax_pT4l_genbin0_recobin6 acc 0.0821 eff 0.0173 outinratio 0.0657 

WplusH125_2e2mu_TCjmax_pT4l_genbin0_recobin6 acc 0.0693 eff 0.0212 outinratio 0.0585 

ttH125_2e2mu_TCjmax_pT4l_genbin0_recobin6 acc 0.0007 eff -1.0 outinratio 0.1667 

ZH125_2e2mu_TCjmax_pT4l_genbin0_recobin6 acc 0.0686 eff 0.0025 outinratio 0.0 

ggH125_2e2mu_TCjmax_pT4l_genbin1_recobin6 acc 0.0173 eff 0.0 outinratio 0.0582 

VBFH125_2e2mu_TCjmax_pT4l_genbin1_recobin6 acc 0.0333 eff 0.0 outinratio 0.0339 

WminusH125_2e2mu_TCjmax_pT4l_genbin1_recobin6 acc 0.0258 eff 0.0 outinratio 0.0657 

WplusH125_2e2mu_TCjmax_pT4l_genbin1_recobin6 acc 0.0218 eff 0.0 outinratio 0.0585 

ttH125_2e2mu_TCjmax_pT4l_genbin1_recobin6 acc 0.0048 eff 0.0 outinratio 0.1667 

ZH125_2e2mu_TCjmax_pT4l_genbin1_recobin6 acc 0.0323 eff 0.0 outinratio 0.0 

ggH125_2e2mu_TCjmax_pT4l_genbin2_recobin6 acc 0.0327 eff 0.0 outinratio 0.0582 

VBFH125_2e2mu_TCjmax_pT4l_genbin2_recobin6 acc 0.0488 eff 0.0 outinratio 0.0339 

WminusH125_2e2mu_TCjmax_pT4l_genbin2_recobin6 acc 0.0315 eff 0.0 outinratio 0.0657 

WplusH125_2e2mu_TCjmax_pT4l_genbin2_recobin6 acc 0.027 eff 0.0 outinratio 0.0585 

ttH125_2e2mu_TCjmax_pT4l_genbin2_recobin6 acc 0.0062 eff 0.0 outinratio 0.1667 

ZH125_2e2mu_TCjmax_pT4l_genbin2_recobin6 acc 0.0284 eff 0.0 outinratio 0.0 

ggH125_2e2mu_TCjmax_pT4l_genbin3_recobin6 acc 0.0225 eff 0.0 outinratio 0.0582 

VBFH125_2e2mu_TCjmax_pT4l_genbin3_recobin6 acc 0.0433 eff 0.0 outinratio 0.0339 

WminusH125_2e2mu_TCjmax_pT4l_genbin3_recobin6 acc 0.0235 eff 0.0 outinratio 0.0657 

WplusH125_2e2mu_TCjmax_pT4l_genbin3_recobin6 acc 0.0193 eff 0.0 outinratio 0.0585 

ttH125_2e2mu_TCjmax_pT4l_genbin3_recobin6 acc 0.0053 eff 0.0 outinratio 0.1667 

ZH125_2e2mu_TCjmax_pT4l_genbin3_recobin6 acc 0.0229 eff 0.0 outinratio 0.0 

ggH125_2e2mu_TCjmax_pT4l_genbin4_recobin6 acc 0.0189 eff 0.0 outinratio 0.0582 

VBFH125_2e2mu_TCjmax_pT4l_genbin4_recobin6 acc 0.054 eff 0.0 outinratio 0.0339 

WminusH125_2e2mu_TCjmax_pT4l_genbin4_recobin6 acc 0.0241 eff 0.0 outinratio 0.0657 

WplusH125_2e2mu_TCjmax_pT4l_genbin4_recobin6 acc 0.021 eff 0.0 outinratio 0.0585 

ttH125_2e2mu_TCjmax_pT4l_genbin4_recobin6 acc 0.0059 eff 0.0 outinratio 0.1667 

ZH125_2e2mu_TCjmax_pT4l_genbin4_recobin6 acc 0.0218 eff 0.0 outinratio 0.0 

ggH125_2e2mu_TCjmax_pT4l_genbin5_recobin6 acc 0.0153 eff 0.0126 outinratio 0.0582 

VBFH125_2e2mu_TCjmax_pT4l_genbin5_recobin6 acc 0.0684 eff 0.01 outinratio 0.0339 

WminusH125_2e2mu_TCjmax_pT4l_genbin5_recobin6 acc 0.0226 eff 0.0069 outinratio 0.0657 

WplusH125_2e2mu_TCjmax_pT4l_genbin5_recobin6 acc 0.0198 eff 0.0045 outinratio 0.0585 

ttH125_2e2mu_TCjmax_pT4l_genbin5_recobin6 acc 0.0083 eff 0.0 outinratio 0.1667 

ZH125_2e2mu_TCjmax_pT4l_genbin5_recobin6 acc 0.0195 eff 0.0477 outinratio 0.0 

ggH125_2e2mu_TCjmax_pT4l_genbin6_recobin6 acc 0.0085 eff 0.5099 outinratio 0.0582 

VBFH125_2e2mu_TCjmax_pT4l_genbin6_recobin6 acc 0.0699 eff 0.5149 outinratio 0.0339 

WminusH125_2e2mu_TCjmax_pT4l_genbin6_recobin6 acc 0.0151 eff 0.426 outinratio 0.0657 

WplusH125_2e2mu_TCjmax_pT4l_genbin6_recobin6 acc 0.0153 eff 0.427 outinratio 0.0585 

ttH125_2e2mu_TCjmax_pT4l_genbin6_recobin6 acc 0.0168 eff 0.3707 outinratio 0.1667 

ZH125_2e2mu_TCjmax_pT4l_genbin6_recobin6 acc 0.0212 eff 0.3628 outinratio 0.0 

ggH125_2e2mu_TCjmax_pT4l_genbin7_recobin6 acc 0.0248 eff 0.0139 outinratio 0.0582 

VBFH125_2e2mu_TCjmax_pT4l_genbin7_recobin6 acc 0.0667 eff 0.0197 outinratio 0.0339 

WminusH125_2e2mu_TCjmax_pT4l_genbin7_recobin6 acc 0.1027 eff 0.0114 outinratio 0.0657 

WplusH125_2e2mu_TCjmax_pT4l_genbin7_recobin6 acc 0.0933 eff 0.0106 outinratio 0.0585 

ttH125_2e2mu_TCjmax_pT4l_genbin7_recobin6 acc 0.2237 eff 0.005 outinratio 0.1667 

ZH125_2e2mu_TCjmax_pT4l_genbin7_recobin6 acc 0.1227 eff 0.0 outinratio 0.0 

ggH125_2e2mu_TCjmax_pT4l_genbin8_recobin6 acc 0.0044 eff 0.0356 outinratio 0.0582 

VBFH125_2e2mu_TCjmax_pT4l_genbin8_recobin6 acc 0.0121 eff 0.0154 outinratio 0.0339 

WminusH125_2e2mu_TCjmax_pT4l_genbin8_recobin6 acc 0.0112 eff 0.0063 outinratio 0.0657 

WplusH125_2e2mu_TCjmax_pT4l_genbin8_recobin6 acc 0.0148 eff 0.0039 outinratio 0.0585 

ttH125_2e2mu_TCjmax_pT4l_genbin8_recobin6 acc 0.0413 eff 0.003 outinratio 0.1667 

ZH125_2e2mu_TCjmax_pT4l_genbin8_recobin6 acc 0.0117 eff 0.0 outinratio 0.0 

ggH125_2e2mu_TCjmax_pT4l_genbin0_recobin7 acc 0.2479 eff 0.0017 outinratio 0.0756 

VBFH125_2e2mu_TCjmax_pT4l_genbin0_recobin7 acc 0.0385 eff 0.0033 outinratio 0.0424 

WminusH125_2e2mu_TCjmax_pT4l_genbin0_recobin7 acc 0.0821 eff 0.0252 outinratio 0.0828 

WplusH125_2e2mu_TCjmax_pT4l_genbin0_recobin7 acc 0.0693 eff 0.0213 outinratio 0.0866 

ttH125_2e2mu_TCjmax_pT4l_genbin0_recobin7 acc 0.0007 eff -1.0 outinratio 0.1807 

ZH125_2e2mu_TCjmax_pT4l_genbin0_recobin7 acc 0.0686 eff 0.0225 outinratio 0.0482 

ggH125_2e2mu_TCjmax_pT4l_genbin1_recobin7 acc 0.0173 eff 0.0 outinratio 0.0756 

VBFH125_2e2mu_TCjmax_pT4l_genbin1_recobin7 acc 0.0333 eff 0.0109 outinratio 0.0424 

WminusH125_2e2mu_TCjmax_pT4l_genbin1_recobin7 acc 0.0258 eff 0.0246 outinratio 0.0828 

WplusH125_2e2mu_TCjmax_pT4l_genbin1_recobin7 acc 0.0218 eff 0.0347 outinratio 0.0866 

ttH125_2e2mu_TCjmax_pT4l_genbin1_recobin7 acc 0.0048 eff 0.1117 outinratio 0.1807 

ZH125_2e2mu_TCjmax_pT4l_genbin1_recobin7 acc 0.0323 eff 0.0826 outinratio 0.0482 

ggH125_2e2mu_TCjmax_pT4l_genbin2_recobin7 acc 0.0327 eff 0.0153 outinratio 0.0756 

VBFH125_2e2mu_TCjmax_pT4l_genbin2_recobin7 acc 0.0488 eff 0.0153 outinratio 0.0424 

WminusH125_2e2mu_TCjmax_pT4l_genbin2_recobin7 acc 0.0315 eff 0.0386 outinratio 0.0828 

WplusH125_2e2mu_TCjmax_pT4l_genbin2_recobin7 acc 0.027 eff 0.0377 outinratio 0.0866 

ttH125_2e2mu_TCjmax_pT4l_genbin2_recobin7 acc 0.0062 eff 0.1781 outinratio 0.1807 

ZH125_2e2mu_TCjmax_pT4l_genbin2_recobin7 acc 0.0284 eff 0.0362 outinratio 0.0482 

ggH125_2e2mu_TCjmax_pT4l_genbin3_recobin7 acc 0.0225 eff 0.0114 outinratio 0.0756 

VBFH125_2e2mu_TCjmax_pT4l_genbin3_recobin7 acc 0.0433 eff 0.0102 outinratio 0.0424 

WminusH125_2e2mu_TCjmax_pT4l_genbin3_recobin7 acc 0.0235 eff 0.0505 outinratio 0.0828 

WplusH125_2e2mu_TCjmax_pT4l_genbin3_recobin7 acc 0.0193 eff 0.0484 outinratio 0.0866 

ttH125_2e2mu_TCjmax_pT4l_genbin3_recobin7 acc 0.0053 eff 0.1341 outinratio 0.1807 

ZH125_2e2mu_TCjmax_pT4l_genbin3_recobin7 acc 0.0229 eff 0.0131 outinratio 0.0482 

ggH125_2e2mu_TCjmax_pT4l_genbin4_recobin7 acc 0.0189 eff 0.0204 outinratio 0.0756 

VBFH125_2e2mu_TCjmax_pT4l_genbin4_recobin7 acc 0.054 eff 0.0154 outinratio 0.0424 

WminusH125_2e2mu_TCjmax_pT4l_genbin4_recobin7 acc 0.0241 eff 0.0584 outinratio 0.0828 

WplusH125_2e2mu_TCjmax_pT4l_genbin4_recobin7 acc 0.021 eff 0.054 outinratio 0.0866 

ttH125_2e2mu_TCjmax_pT4l_genbin4_recobin7 acc 0.0059 eff 0.1517 outinratio 0.1807 

ZH125_2e2mu_TCjmax_pT4l_genbin4_recobin7 acc 0.0218 eff 0.0343 outinratio 0.0482 

ggH125_2e2mu_TCjmax_pT4l_genbin5_recobin7 acc 0.0153 eff 0.0171 outinratio 0.0756 

VBFH125_2e2mu_TCjmax_pT4l_genbin5_recobin7 acc 0.0684 eff 0.0222 outinratio 0.0424 

WminusH125_2e2mu_TCjmax_pT4l_genbin5_recobin7 acc 0.0226 eff 0.0744 outinratio 0.0828 

WplusH125_2e2mu_TCjmax_pT4l_genbin5_recobin7 acc 0.0198 eff 0.0643 outinratio 0.0866 

ttH125_2e2mu_TCjmax_pT4l_genbin5_recobin7 acc 0.0083 eff 0.0814 outinratio 0.1807 

ZH125_2e2mu_TCjmax_pT4l_genbin5_recobin7 acc 0.0195 eff 0.0922 outinratio 0.0482 

ggH125_2e2mu_TCjmax_pT4l_genbin6_recobin7 acc 0.0085 eff 0.0188 outinratio 0.0756 

VBFH125_2e2mu_TCjmax_pT4l_genbin6_recobin7 acc 0.0699 eff 0.0272 outinratio 0.0424 

WminusH125_2e2mu_TCjmax_pT4l_genbin6_recobin7 acc 0.0151 eff 0.0784 outinratio 0.0828 

WplusH125_2e2mu_TCjmax_pT4l_genbin6_recobin7 acc 0.0153 eff 0.0736 outinratio 0.0866 

ttH125_2e2mu_TCjmax_pT4l_genbin6_recobin7 acc 0.0168 eff 0.1763 outinratio 0.1807 

ZH125_2e2mu_TCjmax_pT4l_genbin6_recobin7 acc 0.0212 eff 0.1016 outinratio 0.0482 

ggH125_2e2mu_TCjmax_pT4l_genbin7_recobin7 acc 0.0248 eff 0.4945 outinratio 0.0756 

VBFH125_2e2mu_TCjmax_pT4l_genbin7_recobin7 acc 0.0667 eff 0.4908 outinratio 0.0424 

WminusH125_2e2mu_TCjmax_pT4l_genbin7_recobin7 acc 0.1027 eff 0.4874 outinratio 0.0828 

WplusH125_2e2mu_TCjmax_pT4l_genbin7_recobin7 acc 0.0933 eff 0.4775 outinratio 0.0866 

ttH125_2e2mu_TCjmax_pT4l_genbin7_recobin7 acc 0.2237 eff 0.4944 outinratio 0.1807 

ZH125_2e2mu_TCjmax_pT4l_genbin7_recobin7 acc 0.1227 eff 0.4738 outinratio 0.0482 

ggH125_2e2mu_TCjmax_pT4l_genbin8_recobin7 acc 0.0044 eff 0.0 outinratio 0.0756 

VBFH125_2e2mu_TCjmax_pT4l_genbin8_recobin7 acc 0.0121 eff 0.012 outinratio 0.0424 

WminusH125_2e2mu_TCjmax_pT4l_genbin8_recobin7 acc 0.0112 eff 0.0222 outinratio 0.0828 

WplusH125_2e2mu_TCjmax_pT4l_genbin8_recobin7 acc 0.0148 eff 0.0132 outinratio 0.0866 

ttH125_2e2mu_TCjmax_pT4l_genbin8_recobin7 acc 0.0413 eff 0.0084 outinratio 0.1807 

ZH125_2e2mu_TCjmax_pT4l_genbin8_recobin7 acc 0.0117 eff 0.0809 outinratio 0.0482 

ggH125_2e2mu_TCjmax_pT4l_genbin0_recobin8 acc 0.2479 eff 0.0 outinratio 0.0531 

VBFH125_2e2mu_TCjmax_pT4l_genbin0_recobin8 acc 0.0385 eff 0.0 outinratio 0.0493 

WminusH125_2e2mu_TCjmax_pT4l_genbin0_recobin8 acc 0.0821 eff 0.0032 outinratio 0.06 

WplusH125_2e2mu_TCjmax_pT4l_genbin0_recobin8 acc 0.0693 eff 0.0041 outinratio 0.0629 

ttH125_2e2mu_TCjmax_pT4l_genbin0_recobin8 acc 0.0007 eff -1.0 outinratio 0.102 

ZH125_2e2mu_TCjmax_pT4l_genbin0_recobin8 acc 0.0686 eff 0.0108 outinratio 0.16 

ggH125_2e2mu_TCjmax_pT4l_genbin1_recobin8 acc 0.0173 eff 0.0 outinratio 0.0531 

VBFH125_2e2mu_TCjmax_pT4l_genbin1_recobin8 acc 0.0333 eff 0.0 outinratio 0.0493 

WminusH125_2e2mu_TCjmax_pT4l_genbin1_recobin8 acc 0.0258 eff 0.0 outinratio 0.06 

WplusH125_2e2mu_TCjmax_pT4l_genbin1_recobin8 acc 0.0218 eff 0.0 outinratio 0.0629 

ttH125_2e2mu_TCjmax_pT4l_genbin1_recobin8 acc 0.0048 eff 0.0 outinratio 0.102 

ZH125_2e2mu_TCjmax_pT4l_genbin1_recobin8 acc 0.0323 eff 0.0 outinratio 0.16 

ggH125_2e2mu_TCjmax_pT4l_genbin2_recobin8 acc 0.0327 eff 0.0 outinratio 0.0531 

VBFH125_2e2mu_TCjmax_pT4l_genbin2_recobin8 acc 0.0488 eff 0.0 outinratio 0.0493 

WminusH125_2e2mu_TCjmax_pT4l_genbin2_recobin8 acc 0.0315 eff 0.0 outinratio 0.06 

WplusH125_2e2mu_TCjmax_pT4l_genbin2_recobin8 acc 0.027 eff 0.0 outinratio 0.0629 

ttH125_2e2mu_TCjmax_pT4l_genbin2_recobin8 acc 0.0062 eff 0.0 outinratio 0.102 

ZH125_2e2mu_TCjmax_pT4l_genbin2_recobin8 acc 0.0284 eff 0.0 outinratio 0.16 

ggH125_2e2mu_TCjmax_pT4l_genbin3_recobin8 acc 0.0225 eff 0.0 outinratio 0.0531 

VBFH125_2e2mu_TCjmax_pT4l_genbin3_recobin8 acc 0.0433 eff 0.0 outinratio 0.0493 

WminusH125_2e2mu_TCjmax_pT4l_genbin3_recobin8 acc 0.0235 eff 0.0 outinratio 0.06 

WplusH125_2e2mu_TCjmax_pT4l_genbin3_recobin8 acc 0.0193 eff 0.0 outinratio 0.0629 

ttH125_2e2mu_TCjmax_pT4l_genbin3_recobin8 acc 0.0053 eff 0.0 outinratio 0.102 

ZH125_2e2mu_TCjmax_pT4l_genbin3_recobin8 acc 0.0229 eff 0.0 outinratio 0.16 

ggH125_2e2mu_TCjmax_pT4l_genbin4_recobin8 acc 0.0189 eff 0.0 outinratio 0.0531 

VBFH125_2e2mu_TCjmax_pT4l_genbin4_recobin8 acc 0.054 eff 0.0 outinratio 0.0493 

WminusH125_2e2mu_TCjmax_pT4l_genbin4_recobin8 acc 0.0241 eff 0.0 outinratio 0.06 

WplusH125_2e2mu_TCjmax_pT4l_genbin4_recobin8 acc 0.021 eff 0.0 outinratio 0.0629 

ttH125_2e2mu_TCjmax_pT4l_genbin4_recobin8 acc 0.0059 eff 0.0 outinratio 0.102 

ZH125_2e2mu_TCjmax_pT4l_genbin4_recobin8 acc 0.0218 eff 0.0 outinratio 0.16 

ggH125_2e2mu_TCjmax_pT4l_genbin5_recobin8 acc 0.0153 eff 0.0 outinratio 0.0531 

VBFH125_2e2mu_TCjmax_pT4l_genbin5_recobin8 acc 0.0684 eff 0.0 outinratio 0.0493 

WminusH125_2e2mu_TCjmax_pT4l_genbin5_recobin8 acc 0.0226 eff 0.0 outinratio 0.06 

WplusH125_2e2mu_TCjmax_pT4l_genbin5_recobin8 acc 0.0198 eff 0.0 outinratio 0.0629 

ttH125_2e2mu_TCjmax_pT4l_genbin5_recobin8 acc 0.0083 eff 0.0 outinratio 0.102 

ZH125_2e2mu_TCjmax_pT4l_genbin5_recobin8 acc 0.0195 eff 0.0 outinratio 0.16 

ggH125_2e2mu_TCjmax_pT4l_genbin6_recobin8 acc 0.0085 eff 0.0132 outinratio 0.0531 

VBFH125_2e2mu_TCjmax_pT4l_genbin6_recobin8 acc 0.0699 eff 0.002 outinratio 0.0493 

WminusH125_2e2mu_TCjmax_pT4l_genbin6_recobin8 acc 0.0151 eff 0.0127 outinratio 0.06 

WplusH125_2e2mu_TCjmax_pT4l_genbin6_recobin8 acc 0.0153 eff 0.0133 outinratio 0.0629 

ttH125_2e2mu_TCjmax_pT4l_genbin6_recobin8 acc 0.0168 eff 0.0146 outinratio 0.102 

ZH125_2e2mu_TCjmax_pT4l_genbin6_recobin8 acc 0.0212 eff 0.0078 outinratio 0.16 

ggH125_2e2mu_TCjmax_pT4l_genbin7_recobin8 acc 0.0248 eff 0.002 outinratio 0.0531 

VBFH125_2e2mu_TCjmax_pT4l_genbin7_recobin8 acc 0.0667 eff 0.0019 outinratio 0.0493 

WminusH125_2e2mu_TCjmax_pT4l_genbin7_recobin8 acc 0.1027 eff 0.0011 outinratio 0.06 

WplusH125_2e2mu_TCjmax_pT4l_genbin7_recobin8 acc 0.0933 eff 0.0018 outinratio 0.0629 

ttH125_2e2mu_TCjmax_pT4l_genbin7_recobin8 acc 0.2237 eff 0.0006 outinratio 0.102 

ZH125_2e2mu_TCjmax_pT4l_genbin7_recobin8 acc 0.1227 eff 0.0 outinratio 0.16 

ggH125_2e2mu_TCjmax_pT4l_genbin8_recobin8 acc 0.0044 eff 0.6288 outinratio 0.0531 

VBFH125_2e2mu_TCjmax_pT4l_genbin8_recobin8 acc 0.0121 eff 0.5487 outinratio 0.0493 

WminusH125_2e2mu_TCjmax_pT4l_genbin8_recobin8 acc 0.0112 eff 0.5553 outinratio 0.06 

WplusH125_2e2mu_TCjmax_pT4l_genbin8_recobin8 acc 0.0148 eff 0.5532 outinratio 0.0629 

ttH125_2e2mu_TCjmax_pT4l_genbin8_recobin8 acc 0.0413 eff 0.6036 outinratio 0.102 

ZH125_2e2mu_TCjmax_pT4l_genbin8_recobin8 acc 0.0117 eff 0.2778 outinratio 0.16 

Coeff fullNNLOPS
