Welcome in RunCoefficients!
['2023preBPix_1']
It is a double-differential measurement, binning for the 1st variable {0: [40.0, 88.0], 1: [40.0, 88.0], 2: [40.0, 88.0], 3: [40.0, 88.0], 4: [88.0, 120.0], 5: [88.0, 120.0], 6: [88.0, 120.0]} and for the 2nd variable {0: [12.0, 28.0], 1: [28.0, 34.0], 2: [34.0, 40.0], 3: [40.0, 65.0], 4: [12.0, 25.0], 5: [25.0, 28.0], 6: [28.0, 65.0]}
{0: [40.0, 88.0, 12.0, 28.0], 1: [40.0, 88.0, 28.0, 34.0], 2: [40.0, 88.0, 34.0, 40.0], 3: [40.0, 88.0, 40.0, 65.0], 4: [88.0, 120.0, 12.0, 25.0], 5: [88.0, 120.0, 25.0, 28.0], 6: [88.0, 120.0, 28.0, 65.0]}
Z1Mass
Following observables extracted from dictionary: RECO =  Z1Mass  GEN =  GENmassZ1
It is a double-differential measurement: RECO_2nd =  Z2Mass  GEN_2nd =  GENmassZ2
LUMI: 18.06265
ttH126 0.00046886128
Processing ggH126 2023preBPix_1
Signal created
Signal failed created
Processing VBFH126 2023preBPix_1
Signal created
Signal failed created
Processing WminusH126 2023preBPix_1
Signal created
Signal failed created
Processing WplusH126 2023preBPix_1
Signal created
Signal failed created
Processing ZH126 2023preBPix_1
Signal created
Signal failed created
Processing ttH126 2023preBPix_1
Signal created
Signal failed created
2023preBPix_1 SKIMMED df CREATED
2023preBPix_1 ggH126
2023preBPix_1 VBFH126
2023preBPix_1 WminusH126
2023preBPix_1 WplusH126
2023preBPix_1 ZH126
2023preBPix_1 ttH126
Dataframes created successfully
Coeff std
ggH126_4l_massZ1_massZ2_genbin0_recobin0 acc 0.0558 eff 0.5299 outinratio 0.0114 

VBFH126_4l_massZ1_massZ2_genbin0_recobin0 acc 0.0602 eff 0.557 outinratio 0.0092 

WminusH126_4l_massZ1_massZ2_genbin0_recobin0 acc 0.0512 eff 0.5029 outinratio 0.0174 

WplusH126_4l_massZ1_massZ2_genbin0_recobin0 acc 0.0457 eff 0.4983 outinratio 0.0184 

ZH126_4l_massZ1_massZ2_genbin0_recobin0 acc 0.0504 eff 0.5195 outinratio 0.0527 

ttH126_4l_massZ1_massZ2_genbin0_recobin0 acc 0.0617 eff 0.3929 outinratio 0.0436 

ggH126_4l_massZ1_massZ2_genbin1_recobin0 acc 0.0377 eff 0.0364 outinratio 0.0114 

VBFH126_4l_massZ1_massZ2_genbin1_recobin0 acc 0.0392 eff 0.0375 outinratio 0.0092 

WminusH126_4l_massZ1_massZ2_genbin1_recobin0 acc 0.0335 eff 0.0374 outinratio 0.0174 

WplusH126_4l_massZ1_massZ2_genbin1_recobin0 acc 0.0302 eff 0.0379 outinratio 0.0184 

ZH126_4l_massZ1_massZ2_genbin1_recobin0 acc 0.0328 eff 0.0429 outinratio 0.0527 

ttH126_4l_massZ1_massZ2_genbin1_recobin0 acc 0.04 eff 0.0298 outinratio 0.0436 

ggH126_4l_massZ1_massZ2_genbin2_recobin0 acc 0.037 eff 0.0038 outinratio 0.0114 

VBFH126_4l_massZ1_massZ2_genbin2_recobin0 acc 0.0391 eff 0.0019 outinratio 0.0092 

WminusH126_4l_massZ1_massZ2_genbin2_recobin0 acc 0.0339 eff 0.0032 outinratio 0.0174 

WplusH126_4l_massZ1_massZ2_genbin2_recobin0 acc 0.0297 eff 0.0034 outinratio 0.0184 

ZH126_4l_massZ1_massZ2_genbin2_recobin0 acc 0.0319 eff 0.0037 outinratio 0.0527 

ttH126_4l_massZ1_massZ2_genbin2_recobin0 acc 0.0389 eff 0.0035 outinratio 0.0436 

ggH126_4l_massZ1_massZ2_genbin3_recobin0 acc 0.0552 eff 0.0019 outinratio 0.0114 

VBFH126_4l_massZ1_massZ2_genbin3_recobin0 acc 0.0599 eff 0.0012 outinratio 0.0092 

WminusH126_4l_massZ1_massZ2_genbin3_recobin0 acc 0.0507 eff 0.0017 outinratio 0.0174 

WplusH126_4l_massZ1_massZ2_genbin3_recobin0 acc 0.0449 eff 0.0015 outinratio 0.0184 

ZH126_4l_massZ1_massZ2_genbin3_recobin0 acc 0.0477 eff 0.0009 outinratio 0.0527 

ttH126_4l_massZ1_massZ2_genbin3_recobin0 acc 0.058 eff 0.0013 outinratio 0.0436 

ggH126_4l_massZ1_massZ2_genbin4_recobin0 acc 0.1164 eff 0.077 outinratio 0.0114 

VBFH126_4l_massZ1_massZ2_genbin4_recobin0 acc 0.1328 eff 0.0759 outinratio 0.0092 

WminusH126_4l_massZ1_massZ2_genbin4_recobin0 acc 0.1141 eff 0.0715 outinratio 0.0174 

WplusH126_4l_massZ1_massZ2_genbin4_recobin0 acc 0.1012 eff 0.0722 outinratio 0.0184 

ZH126_4l_massZ1_massZ2_genbin4_recobin0 acc 0.1079 eff 0.0689 outinratio 0.0527 

ttH126_4l_massZ1_massZ2_genbin4_recobin0 acc 0.1385 eff 0.0581 outinratio 0.0436 

ggH126_4l_massZ1_massZ2_genbin5_recobin0 acc 0.045 eff 0.0709 outinratio 0.0114 

VBFH126_4l_massZ1_massZ2_genbin5_recobin0 acc 0.0487 eff 0.0766 outinratio 0.0092 

WminusH126_4l_massZ1_massZ2_genbin5_recobin0 acc 0.042 eff 0.0661 outinratio 0.0174 

WplusH126_4l_massZ1_massZ2_genbin5_recobin0 acc 0.0374 eff 0.0656 outinratio 0.0184 

ZH126_4l_massZ1_massZ2_genbin5_recobin0 acc 0.0413 eff 0.0719 outinratio 0.0527 

ttH126_4l_massZ1_massZ2_genbin5_recobin0 acc 0.0493 eff 0.0458 outinratio 0.0436 

ggH126_4l_massZ1_massZ2_genbin6_recobin0 acc 0.0988 eff 0.0072 outinratio 0.0114 

VBFH126_4l_massZ1_massZ2_genbin6_recobin0 acc 0.1037 eff 0.0071 outinratio 0.0092 

WminusH126_4l_massZ1_massZ2_genbin6_recobin0 acc 0.0896 eff 0.006 outinratio 0.0174 

WplusH126_4l_massZ1_massZ2_genbin6_recobin0 acc 0.0789 eff 0.0064 outinratio 0.0184 

ZH126_4l_massZ1_massZ2_genbin6_recobin0 acc 0.0818 eff 0.0049 outinratio 0.0527 

ttH126_4l_massZ1_massZ2_genbin6_recobin0 acc 0.1027 eff 0.0046 outinratio 0.0436 

ggH126_4l_massZ1_massZ2_genbin0_recobin1 acc 0.0558 eff 0.0085 outinratio 0.0058 

VBFH126_4l_massZ1_massZ2_genbin0_recobin1 acc 0.0602 eff 0.0123 outinratio 0.0089 

WminusH126_4l_massZ1_massZ2_genbin0_recobin1 acc 0.0512 eff 0.0109 outinratio 0.015 

WplusH126_4l_massZ1_massZ2_genbin0_recobin1 acc 0.0457 eff 0.0116 outinratio 0.0156 

ZH126_4l_massZ1_massZ2_genbin0_recobin1 acc 0.0504 eff 0.0079 outinratio 0.0579 

ttH126_4l_massZ1_massZ2_genbin0_recobin1 acc 0.0617 eff 0.007 outinratio 0.0316 

ggH126_4l_massZ1_massZ2_genbin1_recobin1 acc 0.0377 eff 0.4901 outinratio 0.0058 

VBFH126_4l_massZ1_massZ2_genbin1_recobin1 acc 0.0392 eff 0.5164 outinratio 0.0089 

WminusH126_4l_massZ1_massZ2_genbin1_recobin1 acc 0.0335 eff 0.4543 outinratio 0.015 

WplusH126_4l_massZ1_massZ2_genbin1_recobin1 acc 0.0302 eff 0.4548 outinratio 0.0156 

ZH126_4l_massZ1_massZ2_genbin1_recobin1 acc 0.0328 eff 0.4276 outinratio 0.0579 

ttH126_4l_massZ1_massZ2_genbin1_recobin1 acc 0.04 eff 0.3643 outinratio 0.0316 

ggH126_4l_massZ1_massZ2_genbin2_recobin1 acc 0.037 eff 0.0536 outinratio 0.0058 

VBFH126_4l_massZ1_massZ2_genbin2_recobin1 acc 0.0391 eff 0.0525 outinratio 0.0089 

WminusH126_4l_massZ1_massZ2_genbin2_recobin1 acc 0.0339 eff 0.0503 outinratio 0.015 

WplusH126_4l_massZ1_massZ2_genbin2_recobin1 acc 0.0297 eff 0.0482 outinratio 0.0156 

ZH126_4l_massZ1_massZ2_genbin2_recobin1 acc 0.0319 eff 0.0422 outinratio 0.0579 

ttH126_4l_massZ1_massZ2_genbin2_recobin1 acc 0.0389 eff 0.0361 outinratio 0.0316 

ggH126_4l_massZ1_massZ2_genbin3_recobin1 acc 0.0552 eff 0.0017 outinratio 0.0058 

VBFH126_4l_massZ1_massZ2_genbin3_recobin1 acc 0.0599 eff 0.0019 outinratio 0.0089 

WminusH126_4l_massZ1_massZ2_genbin3_recobin1 acc 0.0507 eff 0.0027 outinratio 0.015 

WplusH126_4l_massZ1_massZ2_genbin3_recobin1 acc 0.0449 eff 0.0031 outinratio 0.0156 

ZH126_4l_massZ1_massZ2_genbin3_recobin1 acc 0.0477 eff 0.0033 outinratio 0.0579 

ttH126_4l_massZ1_massZ2_genbin3_recobin1 acc 0.058 eff 0.0013 outinratio 0.0316 

ggH126_4l_massZ1_massZ2_genbin4_recobin1 acc 0.1164 eff 0.0001 outinratio 0.0058 

VBFH126_4l_massZ1_massZ2_genbin4_recobin1 acc 0.1328 eff 0.0001 outinratio 0.0089 

WminusH126_4l_massZ1_massZ2_genbin4_recobin1 acc 0.1141 eff 0.0001 outinratio 0.015 

WplusH126_4l_massZ1_massZ2_genbin4_recobin1 acc 0.1012 eff 0.0001 outinratio 0.0156 

ZH126_4l_massZ1_massZ2_genbin4_recobin1 acc 0.1079 eff 0.0007 outinratio 0.0579 

ttH126_4l_massZ1_massZ2_genbin4_recobin1 acc 0.1385 eff 0.0009 outinratio 0.0316 

ggH126_4l_massZ1_massZ2_genbin5_recobin1 acc 0.045 eff 0.0059 outinratio 0.0058 

VBFH126_4l_massZ1_massZ2_genbin5_recobin1 acc 0.0487 eff 0.0045 outinratio 0.0089 

WminusH126_4l_massZ1_massZ2_genbin5_recobin1 acc 0.042 eff 0.0049 outinratio 0.015 

WplusH126_4l_massZ1_massZ2_genbin5_recobin1 acc 0.0374 eff 0.005 outinratio 0.0156 

ZH126_4l_massZ1_massZ2_genbin5_recobin1 acc 0.0413 eff 0.0032 outinratio 0.0579 

ttH126_4l_massZ1_massZ2_genbin5_recobin1 acc 0.0493 eff 0.006 outinratio 0.0316 

ggH126_4l_massZ1_massZ2_genbin6_recobin1 acc 0.0988 eff 0.0751 outinratio 0.0058 

VBFH126_4l_massZ1_massZ2_genbin6_recobin1 acc 0.1037 eff 0.0744 outinratio 0.0089 

WminusH126_4l_massZ1_massZ2_genbin6_recobin1 acc 0.0896 eff 0.0668 outinratio 0.015 

WplusH126_4l_massZ1_massZ2_genbin6_recobin1 acc 0.0789 eff 0.0696 outinratio 0.0156 

ZH126_4l_massZ1_massZ2_genbin6_recobin1 acc 0.0818 eff 0.0653 outinratio 0.0579 

ttH126_4l_massZ1_massZ2_genbin6_recobin1 acc 0.1027 eff 0.051 outinratio 0.0316 

ggH126_4l_massZ1_massZ2_genbin0_recobin2 acc 0.0558 eff 0.0015 outinratio 0.004 

VBFH126_4l_massZ1_massZ2_genbin0_recobin2 acc 0.0602 eff 0.0007 outinratio 0.0068 

WminusH126_4l_massZ1_massZ2_genbin0_recobin2 acc 0.0512 eff 0.0016 outinratio 0.0151 

WplusH126_4l_massZ1_massZ2_genbin0_recobin2 acc 0.0457 eff 0.0019 outinratio 0.0155 

ZH126_4l_massZ1_massZ2_genbin0_recobin2 acc 0.0504 eff 0.0012 outinratio 0.0541 

ttH126_4l_massZ1_massZ2_genbin0_recobin2 acc 0.0617 eff 0.0007 outinratio 0.046 

ggH126_4l_massZ1_massZ2_genbin1_recobin2 acc 0.0377 eff 0.0216 outinratio 0.004 

VBFH126_4l_massZ1_massZ2_genbin1_recobin2 acc 0.0392 eff 0.0238 outinratio 0.0068 

WminusH126_4l_massZ1_massZ2_genbin1_recobin2 acc 0.0335 eff 0.0222 outinratio 0.0151 

WplusH126_4l_massZ1_massZ2_genbin1_recobin2 acc 0.0302 eff 0.0204 outinratio 0.0155 

ZH126_4l_massZ1_massZ2_genbin1_recobin2 acc 0.0328 eff 0.0337 outinratio 0.0541 

ttH126_4l_massZ1_massZ2_genbin1_recobin2 acc 0.04 eff 0.0164 outinratio 0.046 

ggH126_4l_massZ1_massZ2_genbin2_recobin2 acc 0.037 eff 0.4956 outinratio 0.004 

VBFH126_4l_massZ1_massZ2_genbin2_recobin2 acc 0.0391 eff 0.5335 outinratio 0.0068 

WminusH126_4l_massZ1_massZ2_genbin2_recobin2 acc 0.0339 eff 0.4814 outinratio 0.0151 

WplusH126_4l_massZ1_massZ2_genbin2_recobin2 acc 0.0297 eff 0.4692 outinratio 0.0155 

ZH126_4l_massZ1_massZ2_genbin2_recobin2 acc 0.0319 eff 0.477 outinratio 0.0541 

ttH126_4l_massZ1_massZ2_genbin2_recobin2 acc 0.0389 eff 0.3643 outinratio 0.046 

ggH126_4l_massZ1_massZ2_genbin3_recobin2 acc 0.0552 eff 0.0335 outinratio 0.004 

VBFH126_4l_massZ1_massZ2_genbin3_recobin2 acc 0.0599 eff 0.0293 outinratio 0.0068 

WminusH126_4l_massZ1_massZ2_genbin3_recobin2 acc 0.0507 eff 0.0295 outinratio 0.0151 

WplusH126_4l_massZ1_massZ2_genbin3_recobin2 acc 0.0449 eff 0.03 outinratio 0.0155 

ZH126_4l_massZ1_massZ2_genbin3_recobin2 acc 0.0477 eff 0.0218 outinratio 0.0541 

ttH126_4l_massZ1_massZ2_genbin3_recobin2 acc 0.058 eff 0.0211 outinratio 0.046 

ggH126_4l_massZ1_massZ2_genbin4_recobin2 acc 0.1164 eff 0.0 outinratio 0.004 

VBFH126_4l_massZ1_massZ2_genbin4_recobin2 acc 0.1328 eff 0.0001 outinratio 0.0068 

WminusH126_4l_massZ1_massZ2_genbin4_recobin2 acc 0.1141 eff 0.0001 outinratio 0.0151 

WplusH126_4l_massZ1_massZ2_genbin4_recobin2 acc 0.1012 eff 0.0001 outinratio 0.0155 

ZH126_4l_massZ1_massZ2_genbin4_recobin2 acc 0.1079 eff 0.0003 outinratio 0.0541 

ttH126_4l_massZ1_massZ2_genbin4_recobin2 acc 0.1385 eff 0.0 outinratio 0.046 

ggH126_4l_massZ1_massZ2_genbin5_recobin2 acc 0.045 eff 0.0003 outinratio 0.004 

VBFH126_4l_massZ1_massZ2_genbin5_recobin2 acc 0.0487 eff 0.0 outinratio 0.0068 

WminusH126_4l_massZ1_massZ2_genbin5_recobin2 acc 0.042 eff 0.0003 outinratio 0.0151 

WplusH126_4l_massZ1_massZ2_genbin5_recobin2 acc 0.0374 eff 0.0002 outinratio 0.0155 

ZH126_4l_massZ1_massZ2_genbin5_recobin2 acc 0.0413 eff 0.0 outinratio 0.0541 

ttH126_4l_massZ1_massZ2_genbin5_recobin2 acc 0.0493 eff 0.0 outinratio 0.046 

ggH126_4l_massZ1_massZ2_genbin6_recobin2 acc 0.0988 eff 0.0181 outinratio 0.004 

VBFH126_4l_massZ1_massZ2_genbin6_recobin2 acc 0.1037 eff 0.0179 outinratio 0.0068 

WminusH126_4l_massZ1_massZ2_genbin6_recobin2 acc 0.0896 eff 0.0156 outinratio 0.0151 

WplusH126_4l_massZ1_massZ2_genbin6_recobin2 acc 0.0789 eff 0.0151 outinratio 0.0155 

ZH126_4l_massZ1_massZ2_genbin6_recobin2 acc 0.0818 eff 0.0145 outinratio 0.0541 

ttH126_4l_massZ1_massZ2_genbin6_recobin2 acc 0.1027 eff 0.0115 outinratio 0.046 

ggH126_4l_massZ1_massZ2_genbin0_recobin3 acc 0.0558 eff 0.0015 outinratio 0.0064 

VBFH126_4l_massZ1_massZ2_genbin0_recobin3 acc 0.0602 eff 0.0025 outinratio 0.0086 

WminusH126_4l_massZ1_massZ2_genbin0_recobin3 acc 0.0512 eff 0.0015 outinratio 0.0147 

WplusH126_4l_massZ1_massZ2_genbin0_recobin3 acc 0.0457 eff 0.001 outinratio 0.0158 

ZH126_4l_massZ1_massZ2_genbin0_recobin3 acc 0.0504 eff 0.0006 outinratio 0.0511 

ttH126_4l_massZ1_massZ2_genbin0_recobin3 acc 0.0617 eff 0.0001 outinratio 0.0414 

ggH126_4l_massZ1_massZ2_genbin1_recobin3 acc 0.0377 eff 0.0024 outinratio 0.0064 

VBFH126_4l_massZ1_massZ2_genbin1_recobin3 acc 0.0392 eff 0.0033 outinratio 0.0086 

WminusH126_4l_massZ1_massZ2_genbin1_recobin3 acc 0.0335 eff 0.0036 outinratio 0.0147 

WplusH126_4l_massZ1_massZ2_genbin1_recobin3 acc 0.0302 eff 0.0032 outinratio 0.0158 

ZH126_4l_massZ1_massZ2_genbin1_recobin3 acc 0.0328 eff 0.0036 outinratio 0.0511 

ttH126_4l_massZ1_massZ2_genbin1_recobin3 acc 0.04 eff 0.0018 outinratio 0.0414 

ggH126_4l_massZ1_massZ2_genbin2_recobin3 acc 0.037 eff 0.021 outinratio 0.0064 

VBFH126_4l_massZ1_massZ2_genbin2_recobin3 acc 0.0391 eff 0.0227 outinratio 0.0086 

WminusH126_4l_massZ1_massZ2_genbin2_recobin3 acc 0.0339 eff 0.0223 outinratio 0.0147 

WplusH126_4l_massZ1_massZ2_genbin2_recobin3 acc 0.0297 eff 0.025 outinratio 0.0158 

ZH126_4l_massZ1_massZ2_genbin2_recobin3 acc 0.0319 eff 0.0239 outinratio 0.0511 

ttH126_4l_massZ1_massZ2_genbin2_recobin3 acc 0.0389 eff 0.0274 outinratio 0.0414 

ggH126_4l_massZ1_massZ2_genbin3_recobin3 acc 0.0552 eff 0.6005 outinratio 0.0064 

VBFH126_4l_massZ1_massZ2_genbin3_recobin3 acc 0.0599 eff 0.6265 outinratio 0.0086 

WminusH126_4l_massZ1_massZ2_genbin3_recobin3 acc 0.0507 eff 0.5692 outinratio 0.0147 

WplusH126_4l_massZ1_massZ2_genbin3_recobin3 acc 0.0449 eff 0.5577 outinratio 0.0158 

ZH126_4l_massZ1_massZ2_genbin3_recobin3 acc 0.0477 eff 0.581 outinratio 0.0511 

ttH126_4l_massZ1_massZ2_genbin3_recobin3 acc 0.058 eff 0.4675 outinratio 0.0414 

ggH126_4l_massZ1_massZ2_genbin4_recobin3 acc 0.1164 eff 0.0 outinratio 0.0064 

VBFH126_4l_massZ1_massZ2_genbin4_recobin3 acc 0.1328 eff 0.0 outinratio 0.0086 

WminusH126_4l_massZ1_massZ2_genbin4_recobin3 acc 0.1141 eff 0.0 outinratio 0.0147 

WplusH126_4l_massZ1_massZ2_genbin4_recobin3 acc 0.1012 eff 0.0 outinratio 0.0158 

ZH126_4l_massZ1_massZ2_genbin4_recobin3 acc 0.1079 eff 0.0 outinratio 0.0511 

ttH126_4l_massZ1_massZ2_genbin4_recobin3 acc 0.1385 eff 0.0 outinratio 0.0414 

ggH126_4l_massZ1_massZ2_genbin5_recobin3 acc 0.045 eff 0.0 outinratio 0.0064 

VBFH126_4l_massZ1_massZ2_genbin5_recobin3 acc 0.0487 eff 0.0 outinratio 0.0086 

WminusH126_4l_massZ1_massZ2_genbin5_recobin3 acc 0.042 eff 0.0001 outinratio 0.0147 

WplusH126_4l_massZ1_massZ2_genbin5_recobin3 acc 0.0374 eff 0.0001 outinratio 0.0158 

ZH126_4l_massZ1_massZ2_genbin5_recobin3 acc 0.0413 eff 0.0 outinratio 0.0511 

ttH126_4l_massZ1_massZ2_genbin5_recobin3 acc 0.0493 eff 0.0 outinratio 0.0414 

ggH126_4l_massZ1_massZ2_genbin6_recobin3 acc 0.0988 eff 0.0001 outinratio 0.0064 

VBFH126_4l_massZ1_massZ2_genbin6_recobin3 acc 0.1037 eff 0.0002 outinratio 0.0086 

WminusH126_4l_massZ1_massZ2_genbin6_recobin3 acc 0.0896 eff 0.0002 outinratio 0.0147 

WplusH126_4l_massZ1_massZ2_genbin6_recobin3 acc 0.0789 eff 0.0003 outinratio 0.0158 

ZH126_4l_massZ1_massZ2_genbin6_recobin3 acc 0.0818 eff 0.0004 outinratio 0.0511 

ttH126_4l_massZ1_massZ2_genbin6_recobin3 acc 0.1027 eff 0.0011 outinratio 0.0414 

ggH126_4l_massZ1_massZ2_genbin0_recobin4 acc 0.0558 eff 0.0263 outinratio 0.0117 

VBFH126_4l_massZ1_massZ2_genbin0_recobin4 acc 0.0602 eff 0.0359 outinratio 0.0073 

WminusH126_4l_massZ1_massZ2_genbin0_recobin4 acc 0.0512 eff 0.0309 outinratio 0.0176 

WplusH126_4l_massZ1_massZ2_genbin0_recobin4 acc 0.0457 eff 0.0349 outinratio 0.0168 

ZH126_4l_massZ1_massZ2_genbin0_recobin4 acc 0.0504 eff 0.0323 outinratio 0.0498 

ttH126_4l_massZ1_massZ2_genbin0_recobin4 acc 0.0617 eff 0.026 outinratio 0.0298 

ggH126_4l_massZ1_massZ2_genbin1_recobin4 acc 0.0377 eff 0.0004 outinratio 0.0117 

VBFH126_4l_massZ1_massZ2_genbin1_recobin4 acc 0.0392 eff 0.0006 outinratio 0.0073 

WminusH126_4l_massZ1_massZ2_genbin1_recobin4 acc 0.0335 eff 0.0002 outinratio 0.0176 

WplusH126_4l_massZ1_massZ2_genbin1_recobin4 acc 0.0302 eff 0.0001 outinratio 0.0168 

ZH126_4l_massZ1_massZ2_genbin1_recobin4 acc 0.0328 eff 0.0011 outinratio 0.0498 

ttH126_4l_massZ1_massZ2_genbin1_recobin4 acc 0.04 eff 0.0016 outinratio 0.0298 

ggH126_4l_massZ1_massZ2_genbin2_recobin4 acc 0.037 eff 0.0 outinratio 0.0117 

VBFH126_4l_massZ1_massZ2_genbin2_recobin4 acc 0.0391 eff 0.0 outinratio 0.0073 

WminusH126_4l_massZ1_massZ2_genbin2_recobin4 acc 0.0339 eff 0.0 outinratio 0.0176 

WplusH126_4l_massZ1_massZ2_genbin2_recobin4 acc 0.0297 eff 0.0 outinratio 0.0168 

ZH126_4l_massZ1_massZ2_genbin2_recobin4 acc 0.0319 eff 0.0 outinratio 0.0498 

ttH126_4l_massZ1_massZ2_genbin2_recobin4 acc 0.0389 eff 0.0 outinratio 0.0298 

ggH126_4l_massZ1_massZ2_genbin3_recobin4 acc 0.0552 eff 0.0 outinratio 0.0117 

VBFH126_4l_massZ1_massZ2_genbin3_recobin4 acc 0.0599 eff 0.0 outinratio 0.0073 

WminusH126_4l_massZ1_massZ2_genbin3_recobin4 acc 0.0507 eff 0.0 outinratio 0.0176 

WplusH126_4l_massZ1_massZ2_genbin3_recobin4 acc 0.0449 eff 0.0 outinratio 0.0168 

ZH126_4l_massZ1_massZ2_genbin3_recobin4 acc 0.0477 eff 0.0 outinratio 0.0498 

ttH126_4l_massZ1_massZ2_genbin3_recobin4 acc 0.058 eff 0.0 outinratio 0.0298 

ggH126_4l_massZ1_massZ2_genbin4_recobin4 acc 0.1164 eff 0.4692 outinratio 0.0117 

VBFH126_4l_massZ1_massZ2_genbin4_recobin4 acc 0.1328 eff 0.5127 outinratio 0.0073 

WminusH126_4l_massZ1_massZ2_genbin4_recobin4 acc 0.1141 eff 0.4631 outinratio 0.0176 

WplusH126_4l_massZ1_massZ2_genbin4_recobin4 acc 0.1012 eff 0.4613 outinratio 0.0168 

ZH126_4l_massZ1_massZ2_genbin4_recobin4 acc 0.1079 eff 0.4702 outinratio 0.0498 

ttH126_4l_massZ1_massZ2_genbin4_recobin4 acc 0.1385 eff 0.3871 outinratio 0.0298 

ggH126_4l_massZ1_massZ2_genbin5_recobin4 acc 0.045 eff 0.0515 outinratio 0.0117 

VBFH126_4l_massZ1_massZ2_genbin5_recobin4 acc 0.0487 eff 0.0617 outinratio 0.0073 

WminusH126_4l_massZ1_massZ2_genbin5_recobin4 acc 0.042 eff 0.0555 outinratio 0.0176 

WplusH126_4l_massZ1_massZ2_genbin5_recobin4 acc 0.0374 eff 0.0535 outinratio 0.0168 

ZH126_4l_massZ1_massZ2_genbin5_recobin4 acc 0.0413 eff 0.049 outinratio 0.0498 

ttH126_4l_massZ1_massZ2_genbin5_recobin4 acc 0.0493 eff 0.0441 outinratio 0.0298 

ggH126_4l_massZ1_massZ2_genbin6_recobin4 acc 0.0988 eff 0.0041 outinratio 0.0117 

VBFH126_4l_massZ1_massZ2_genbin6_recobin4 acc 0.1037 eff 0.0028 outinratio 0.0073 

WminusH126_4l_massZ1_massZ2_genbin6_recobin4 acc 0.0896 eff 0.004 outinratio 0.0176 

WplusH126_4l_massZ1_massZ2_genbin6_recobin4 acc 0.0789 eff 0.0035 outinratio 0.0168 

ZH126_4l_massZ1_massZ2_genbin6_recobin4 acc 0.0818 eff 0.004 outinratio 0.0498 

ttH126_4l_massZ1_massZ2_genbin6_recobin4 acc 0.1027 eff 0.0021 outinratio 0.0298 

ggH126_4l_massZ1_massZ2_genbin0_recobin5 acc 0.0558 eff 0.0109 outinratio 0.0053 

VBFH126_4l_massZ1_massZ2_genbin0_recobin5 acc 0.0602 eff 0.009 outinratio 0.0053 

WminusH126_4l_massZ1_massZ2_genbin0_recobin5 acc 0.0512 eff 0.0099 outinratio 0.0132 

WplusH126_4l_massZ1_massZ2_genbin0_recobin5 acc 0.0457 eff 0.0102 outinratio 0.0128 

ZH126_4l_massZ1_massZ2_genbin0_recobin5 acc 0.0504 eff 0.0081 outinratio 0.0581 

ttH126_4l_massZ1_massZ2_genbin0_recobin5 acc 0.0617 eff 0.0067 outinratio 0.039 

ggH126_4l_massZ1_massZ2_genbin1_recobin5 acc 0.0377 eff 0.0026 outinratio 0.0053 

VBFH126_4l_massZ1_massZ2_genbin1_recobin5 acc 0.0392 eff 0.0022 outinratio 0.0053 

WminusH126_4l_massZ1_massZ2_genbin1_recobin5 acc 0.0335 eff 0.0027 outinratio 0.0132 

WplusH126_4l_massZ1_massZ2_genbin1_recobin5 acc 0.0302 eff 0.0021 outinratio 0.0128 

ZH126_4l_massZ1_massZ2_genbin1_recobin5 acc 0.0328 eff 0.0024 outinratio 0.0581 

ttH126_4l_massZ1_massZ2_genbin1_recobin5 acc 0.04 eff 0.0019 outinratio 0.039 

ggH126_4l_massZ1_massZ2_genbin2_recobin5 acc 0.037 eff 0.0 outinratio 0.0053 

VBFH126_4l_massZ1_massZ2_genbin2_recobin5 acc 0.0391 eff 0.0 outinratio 0.0053 

WminusH126_4l_massZ1_massZ2_genbin2_recobin5 acc 0.0339 eff 0.0001 outinratio 0.0132 

WplusH126_4l_massZ1_massZ2_genbin2_recobin5 acc 0.0297 eff 0.0001 outinratio 0.0128 

ZH126_4l_massZ1_massZ2_genbin2_recobin5 acc 0.0319 eff 0.0 outinratio 0.0581 

ttH126_4l_massZ1_massZ2_genbin2_recobin5 acc 0.0389 eff 0.0 outinratio 0.039 

ggH126_4l_massZ1_massZ2_genbin3_recobin5 acc 0.0552 eff 0.0 outinratio 0.0053 

VBFH126_4l_massZ1_massZ2_genbin3_recobin5 acc 0.0599 eff 0.0 outinratio 0.0053 

WminusH126_4l_massZ1_massZ2_genbin3_recobin5 acc 0.0507 eff 0.0 outinratio 0.0132 

WplusH126_4l_massZ1_massZ2_genbin3_recobin5 acc 0.0449 eff 0.0 outinratio 0.0128 

ZH126_4l_massZ1_massZ2_genbin3_recobin5 acc 0.0477 eff 0.0 outinratio 0.0581 

ttH126_4l_massZ1_massZ2_genbin3_recobin5 acc 0.058 eff 0.0 outinratio 0.039 

ggH126_4l_massZ1_massZ2_genbin4_recobin5 acc 0.1164 eff 0.0074 outinratio 0.0053 

VBFH126_4l_massZ1_massZ2_genbin4_recobin5 acc 0.1328 eff 0.0082 outinratio 0.0053 

WminusH126_4l_massZ1_massZ2_genbin4_recobin5 acc 0.1141 eff 0.0086 outinratio 0.0132 

WplusH126_4l_massZ1_massZ2_genbin4_recobin5 acc 0.1012 eff 0.0087 outinratio 0.0128 

ZH126_4l_massZ1_massZ2_genbin4_recobin5 acc 0.1079 eff 0.009 outinratio 0.0581 

ttH126_4l_massZ1_massZ2_genbin4_recobin5 acc 0.1385 eff 0.0062 outinratio 0.039 

ggH126_4l_massZ1_massZ2_genbin5_recobin5 acc 0.045 eff 0.418 outinratio 0.0053 

VBFH126_4l_massZ1_massZ2_genbin5_recobin5 acc 0.0487 eff 0.4367 outinratio 0.0053 

WminusH126_4l_massZ1_massZ2_genbin5_recobin5 acc 0.042 eff 0.3907 outinratio 0.0132 

WplusH126_4l_massZ1_massZ2_genbin5_recobin5 acc 0.0374 eff 0.3919 outinratio 0.0128 

ZH126_4l_massZ1_massZ2_genbin5_recobin5 acc 0.0413 eff 0.3886 outinratio 0.0581 

ttH126_4l_massZ1_massZ2_genbin5_recobin5 acc 0.0493 eff 0.3016 outinratio 0.039 

ggH126_4l_massZ1_massZ2_genbin6_recobin5 acc 0.0988 eff 0.0319 outinratio 0.0053 

VBFH126_4l_massZ1_massZ2_genbin6_recobin5 acc 0.1037 eff 0.0371 outinratio 0.0053 

WminusH126_4l_massZ1_massZ2_genbin6_recobin5 acc 0.0896 eff 0.0294 outinratio 0.0132 

WplusH126_4l_massZ1_massZ2_genbin6_recobin5 acc 0.0789 eff 0.031 outinratio 0.0128 

ZH126_4l_massZ1_massZ2_genbin6_recobin5 acc 0.0818 eff 0.0256 outinratio 0.0581 

ttH126_4l_massZ1_massZ2_genbin6_recobin5 acc 0.1027 eff 0.0271 outinratio 0.039 

ggH126_4l_massZ1_massZ2_genbin0_recobin6 acc 0.0558 eff 0.0016 outinratio 0.0056 

VBFH126_4l_massZ1_massZ2_genbin0_recobin6 acc 0.0602 eff 0.0009 outinratio 0.0049 

WminusH126_4l_massZ1_massZ2_genbin0_recobin6 acc 0.0512 eff 0.0007 outinratio 0.0114 

WplusH126_4l_massZ1_massZ2_genbin0_recobin6 acc 0.0457 eff 0.0014 outinratio 0.0121 

ZH126_4l_massZ1_massZ2_genbin0_recobin6 acc 0.0504 eff 0.001 outinratio 0.0537 

ttH126_4l_massZ1_massZ2_genbin0_recobin6 acc 0.0617 eff 0.0007 outinratio 0.0329 

ggH126_4l_massZ1_massZ2_genbin1_recobin6 acc 0.0377 eff 0.04 outinratio 0.0056 

VBFH126_4l_massZ1_massZ2_genbin1_recobin6 acc 0.0392 eff 0.039 outinratio 0.0049 

WminusH126_4l_massZ1_massZ2_genbin1_recobin6 acc 0.0335 eff 0.0407 outinratio 0.0114 

WplusH126_4l_massZ1_massZ2_genbin1_recobin6 acc 0.0302 eff 0.0404 outinratio 0.0121 

ZH126_4l_massZ1_massZ2_genbin1_recobin6 acc 0.0328 eff 0.0372 outinratio 0.0537 

ttH126_4l_massZ1_massZ2_genbin1_recobin6 acc 0.04 eff 0.0309 outinratio 0.0329 

ggH126_4l_massZ1_massZ2_genbin2_recobin6 acc 0.037 eff 0.0206 outinratio 0.0056 

VBFH126_4l_massZ1_massZ2_genbin2_recobin6 acc 0.0391 eff 0.0276 outinratio 0.0049 

WminusH126_4l_massZ1_massZ2_genbin2_recobin6 acc 0.0339 eff 0.0244 outinratio 0.0114 

WplusH126_4l_massZ1_massZ2_genbin2_recobin6 acc 0.0297 eff 0.0246 outinratio 0.0121 

ZH126_4l_massZ1_massZ2_genbin2_recobin6 acc 0.0319 eff 0.0156 outinratio 0.0537 

ttH126_4l_massZ1_massZ2_genbin2_recobin6 acc 0.0389 eff 0.024 outinratio 0.0329 

ggH126_4l_massZ1_massZ2_genbin3_recobin6 acc 0.0552 eff 0.0001 outinratio 0.0056 

VBFH126_4l_massZ1_massZ2_genbin3_recobin6 acc 0.0599 eff 0.0008 outinratio 0.0049 

WminusH126_4l_massZ1_massZ2_genbin3_recobin6 acc 0.0507 eff 0.0005 outinratio 0.0114 

WplusH126_4l_massZ1_massZ2_genbin3_recobin6 acc 0.0449 eff 0.0007 outinratio 0.0121 

ZH126_4l_massZ1_massZ2_genbin3_recobin6 acc 0.0477 eff 0.0 outinratio 0.0537 

ttH126_4l_massZ1_massZ2_genbin3_recobin6 acc 0.058 eff 0.0008 outinratio 0.0329 

ggH126_4l_massZ1_massZ2_genbin4_recobin6 acc 0.1164 eff 0.0003 outinratio 0.0056 

VBFH126_4l_massZ1_massZ2_genbin4_recobin6 acc 0.1328 eff 0.0006 outinratio 0.0049 

WminusH126_4l_massZ1_massZ2_genbin4_recobin6 acc 0.1141 eff 0.0007 outinratio 0.0114 

WplusH126_4l_massZ1_massZ2_genbin4_recobin6 acc 0.1012 eff 0.0007 outinratio 0.0121 

ZH126_4l_massZ1_massZ2_genbin4_recobin6 acc 0.1079 eff 0.0011 outinratio 0.0537 

ttH126_4l_massZ1_massZ2_genbin4_recobin6 acc 0.1385 eff 0.0003 outinratio 0.0329 

ggH126_4l_massZ1_massZ2_genbin5_recobin6 acc 0.045 eff 0.0304 outinratio 0.0056 

VBFH126_4l_massZ1_massZ2_genbin5_recobin6 acc 0.0487 eff 0.034 outinratio 0.0049 

WminusH126_4l_massZ1_massZ2_genbin5_recobin6 acc 0.042 eff 0.029 outinratio 0.0114 

WplusH126_4l_massZ1_massZ2_genbin5_recobin6 acc 0.0374 eff 0.0281 outinratio 0.0121 

ZH126_4l_massZ1_massZ2_genbin5_recobin6 acc 0.0413 eff 0.0332 outinratio 0.0537 

ttH126_4l_massZ1_massZ2_genbin5_recobin6 acc 0.0493 eff 0.0317 outinratio 0.0329 

ggH126_4l_massZ1_massZ2_genbin6_recobin6 acc 0.0988 eff 0.4468 outinratio 0.0056 

VBFH126_4l_massZ1_massZ2_genbin6_recobin6 acc 0.1037 eff 0.469 outinratio 0.0049 

WminusH126_4l_massZ1_massZ2_genbin6_recobin6 acc 0.0896 eff 0.4333 outinratio 0.0114 

WplusH126_4l_massZ1_massZ2_genbin6_recobin6 acc 0.0789 eff 0.4268 outinratio 0.0121 

ZH126_4l_massZ1_massZ2_genbin6_recobin6 acc 0.0818 eff 0.4418 outinratio 0.0537 

ttH126_4l_massZ1_massZ2_genbin6_recobin6 acc 0.1027 eff 0.3432 outinratio 0.0329 

ggH126_4e_massZ1_massZ2_genbin0_recobin0 acc 0.0545 eff 0.3497 outinratio 0.0158 

VBFH126_4e_massZ1_massZ2_genbin0_recobin0 acc 0.0609 eff 0.3818 outinratio 0.0159 

WminusH126_4e_massZ1_massZ2_genbin0_recobin0 acc 0.0509 eff 0.3529 outinratio 0.0211 

WplusH126_4e_massZ1_massZ2_genbin0_recobin0 acc 0.0461 eff 0.3529 outinratio 0.0244 

ZH126_4e_massZ1_massZ2_genbin0_recobin0 acc 0.0495 eff 0.3608 outinratio 0.0433 

ttH126_4e_massZ1_massZ2_genbin0_recobin0 acc 0.0618 eff 0.283 outinratio 0.0624 

ggH126_4e_massZ1_massZ2_genbin1_recobin0 acc 0.0381 eff 0.0374 outinratio 0.0158 

VBFH126_4e_massZ1_massZ2_genbin1_recobin0 acc 0.0391 eff 0.0524 outinratio 0.0159 

WminusH126_4e_massZ1_massZ2_genbin1_recobin0 acc 0.0351 eff 0.0453 outinratio 0.0211 

WplusH126_4e_massZ1_massZ2_genbin1_recobin0 acc 0.0313 eff 0.0472 outinratio 0.0244 

ZH126_4e_massZ1_massZ2_genbin1_recobin0 acc 0.0352 eff 0.0502 outinratio 0.0433 

ttH126_4e_massZ1_massZ2_genbin1_recobin0 acc 0.0378 eff 0.0374 outinratio 0.0624 

ggH126_4e_massZ1_massZ2_genbin2_recobin0 acc 0.0385 eff 0.0062 outinratio 0.0158 

VBFH126_4e_massZ1_massZ2_genbin2_recobin0 acc 0.0405 eff 0.0023 outinratio 0.0159 

WminusH126_4e_massZ1_massZ2_genbin2_recobin0 acc 0.0366 eff 0.0058 outinratio 0.0211 

WplusH126_4e_massZ1_massZ2_genbin2_recobin0 acc 0.0319 eff 0.0072 outinratio 0.0244 

ZH126_4e_massZ1_massZ2_genbin2_recobin0 acc 0.0357 eff 0.0036 outinratio 0.0433 

ttH126_4e_massZ1_massZ2_genbin2_recobin0 acc 0.0437 eff 0.0 outinratio 0.0624 

ggH126_4e_massZ1_massZ2_genbin3_recobin0 acc 0.0628 eff 0.0046 outinratio 0.0158 

VBFH126_4e_massZ1_massZ2_genbin3_recobin0 acc 0.0654 eff 0.0035 outinratio 0.0159 

WminusH126_4e_massZ1_massZ2_genbin3_recobin0 acc 0.0573 eff 0.0024 outinratio 0.0211 

WplusH126_4e_massZ1_massZ2_genbin3_recobin0 acc 0.0507 eff 0.0015 outinratio 0.0244 

ZH126_4e_massZ1_massZ2_genbin3_recobin0 acc 0.054 eff 0.0021 outinratio 0.0433 

ttH126_4e_massZ1_massZ2_genbin3_recobin0 acc 0.0632 eff 0.0 outinratio 0.0624 

ggH126_4e_massZ1_massZ2_genbin4_recobin0 acc 0.1007 eff 0.0725 outinratio 0.0158 

VBFH126_4e_massZ1_massZ2_genbin4_recobin0 acc 0.1126 eff 0.0791 outinratio 0.0159 

WminusH126_4e_massZ1_massZ2_genbin4_recobin0 acc 0.0993 eff 0.0715 outinratio 0.0211 

WplusH126_4e_massZ1_massZ2_genbin4_recobin0 acc 0.0893 eff 0.0715 outinratio 0.0244 

ZH126_4e_massZ1_massZ2_genbin4_recobin0 acc 0.09 eff 0.0606 outinratio 0.0433 

ttH126_4e_massZ1_massZ2_genbin4_recobin0 acc 0.1176 eff 0.0478 outinratio 0.0624 

ggH126_4e_massZ1_massZ2_genbin5_recobin0 acc 0.0387 eff 0.0621 outinratio 0.0158 

VBFH126_4e_massZ1_massZ2_genbin5_recobin0 acc 0.043 eff 0.0681 outinratio 0.0159 

WminusH126_4e_massZ1_massZ2_genbin5_recobin0 acc 0.038 eff 0.0579 outinratio 0.0211 

WplusH126_4e_massZ1_massZ2_genbin5_recobin0 acc 0.0337 eff 0.0601 outinratio 0.0244 

ZH126_4e_massZ1_massZ2_genbin5_recobin0 acc 0.0364 eff 0.0773 outinratio 0.0433 

ttH126_4e_massZ1_massZ2_genbin5_recobin0 acc 0.0463 eff 0.0451 outinratio 0.0624 

ggH126_4e_massZ1_massZ2_genbin6_recobin0 acc 0.0935 eff 0.0115 outinratio 0.0158 

VBFH126_4e_massZ1_massZ2_genbin6_recobin0 acc 0.0973 eff 0.0118 outinratio 0.0159 

WminusH126_4e_massZ1_massZ2_genbin6_recobin0 acc 0.0839 eff 0.0119 outinratio 0.0211 

WplusH126_4e_massZ1_massZ2_genbin6_recobin0 acc 0.0739 eff 0.0095 outinratio 0.0244 

ZH126_4e_massZ1_massZ2_genbin6_recobin0 acc 0.0752 eff 0.0097 outinratio 0.0433 

ttH126_4e_massZ1_massZ2_genbin6_recobin0 acc 0.0937 eff 0.0036 outinratio 0.0624 

ggH126_4e_massZ1_massZ2_genbin0_recobin1 acc 0.0545 eff 0.012 outinratio 0.0063 

VBFH126_4e_massZ1_massZ2_genbin0_recobin1 acc 0.0609 eff 0.0141 outinratio 0.0163 

WminusH126_4e_massZ1_massZ2_genbin0_recobin1 acc 0.0509 eff 0.0121 outinratio 0.0244 

WplusH126_4e_massZ1_massZ2_genbin0_recobin1 acc 0.0461 eff 0.0114 outinratio 0.0242 

ZH126_4e_massZ1_massZ2_genbin0_recobin1 acc 0.0495 eff 0.0056 outinratio 0.0706 

ttH126_4e_massZ1_massZ2_genbin0_recobin1 acc 0.0618 eff 0.0127 outinratio 0.0452 

ggH126_4e_massZ1_massZ2_genbin1_recobin1 acc 0.0381 eff 0.2902 outinratio 0.0063 

VBFH126_4e_massZ1_massZ2_genbin1_recobin1 acc 0.0391 eff 0.3361 outinratio 0.0163 

WminusH126_4e_massZ1_massZ2_genbin1_recobin1 acc 0.0351 eff 0.2954 outinratio 0.0244 

WplusH126_4e_massZ1_massZ2_genbin1_recobin1 acc 0.0313 eff 0.2963 outinratio 0.0242 

ZH126_4e_massZ1_massZ2_genbin1_recobin1 acc 0.0352 eff 0.266 outinratio 0.0706 

ttH126_4e_massZ1_massZ2_genbin1_recobin1 acc 0.0378 eff 0.2625 outinratio 0.0452 

ggH126_4e_massZ1_massZ2_genbin2_recobin1 acc 0.0385 eff 0.0719 outinratio 0.0063 

VBFH126_4e_massZ1_massZ2_genbin2_recobin1 acc 0.0405 eff 0.0652 outinratio 0.0163 

WminusH126_4e_massZ1_massZ2_genbin2_recobin1 acc 0.0366 eff 0.0572 outinratio 0.0244 

WplusH126_4e_massZ1_massZ2_genbin2_recobin1 acc 0.0319 eff 0.0556 outinratio 0.0242 

ZH126_4e_massZ1_massZ2_genbin2_recobin1 acc 0.0357 eff 0.0383 outinratio 0.0706 

ttH126_4e_massZ1_massZ2_genbin2_recobin1 acc 0.0437 eff 0.0548 outinratio 0.0452 

ggH126_4e_massZ1_massZ2_genbin3_recobin1 acc 0.0628 eff 0.0022 outinratio 0.0063 

VBFH126_4e_massZ1_massZ2_genbin3_recobin1 acc 0.0654 eff 0.0028 outinratio 0.0163 

WminusH126_4e_massZ1_massZ2_genbin3_recobin1 acc 0.0573 eff 0.0041 outinratio 0.0244 

WplusH126_4e_massZ1_massZ2_genbin3_recobin1 acc 0.0507 eff 0.0055 outinratio 0.0242 

ZH126_4e_massZ1_massZ2_genbin3_recobin1 acc 0.054 eff 0.002 outinratio 0.0706 

ttH126_4e_massZ1_massZ2_genbin3_recobin1 acc 0.0632 eff 0.0041 outinratio 0.0452 

ggH126_4e_massZ1_massZ2_genbin4_recobin1 acc 0.1007 eff 0.0 outinratio 0.0063 

VBFH126_4e_massZ1_massZ2_genbin4_recobin1 acc 0.1126 eff 0.0004 outinratio 0.0163 

WminusH126_4e_massZ1_massZ2_genbin4_recobin1 acc 0.0993 eff 0.0001 outinratio 0.0244 

WplusH126_4e_massZ1_massZ2_genbin4_recobin1 acc 0.0893 eff 0.0001 outinratio 0.0242 

ZH126_4e_massZ1_massZ2_genbin4_recobin1 acc 0.09 eff 0.0 outinratio 0.0706 

ttH126_4e_massZ1_massZ2_genbin4_recobin1 acc 0.1176 eff 0.0028 outinratio 0.0452 

ggH126_4e_massZ1_massZ2_genbin5_recobin1 acc 0.0387 eff 0.0149 outinratio 0.0063 

VBFH126_4e_massZ1_massZ2_genbin5_recobin1 acc 0.043 eff 0.0098 outinratio 0.0163 

WminusH126_4e_massZ1_massZ2_genbin5_recobin1 acc 0.038 eff 0.0069 outinratio 0.0244 

WplusH126_4e_massZ1_massZ2_genbin5_recobin1 acc 0.0337 eff 0.0093 outinratio 0.0242 

ZH126_4e_massZ1_massZ2_genbin5_recobin1 acc 0.0364 eff 0.0052 outinratio 0.0706 

ttH126_4e_massZ1_massZ2_genbin5_recobin1 acc 0.0463 eff 0.0114 outinratio 0.0452 

ggH126_4e_massZ1_massZ2_genbin6_recobin1 acc 0.0935 eff 0.0655 outinratio 0.0063 

VBFH126_4e_massZ1_massZ2_genbin6_recobin1 acc 0.0973 eff 0.0711 outinratio 0.0163 

WminusH126_4e_massZ1_massZ2_genbin6_recobin1 acc 0.0839 eff 0.0597 outinratio 0.0244 

WplusH126_4e_massZ1_massZ2_genbin6_recobin1 acc 0.0739 eff 0.0614 outinratio 0.0242 

ZH126_4e_massZ1_massZ2_genbin6_recobin1 acc 0.0752 eff 0.0511 outinratio 0.0706 

ttH126_4e_massZ1_massZ2_genbin6_recobin1 acc 0.0937 eff 0.0498 outinratio 0.0452 

ggH126_4e_massZ1_massZ2_genbin0_recobin2 acc 0.0545 eff 0.0003 outinratio 0.0039 

VBFH126_4e_massZ1_massZ2_genbin0_recobin2 acc 0.0609 eff 0.0009 outinratio 0.0114 

WminusH126_4e_massZ1_massZ2_genbin0_recobin2 acc 0.0509 eff 0.0017 outinratio 0.0266 

WplusH126_4e_massZ1_massZ2_genbin0_recobin2 acc 0.0461 eff 0.0033 outinratio 0.02 

ZH126_4e_massZ1_massZ2_genbin0_recobin2 acc 0.0495 eff 0.0021 outinratio 0.0572 

ttH126_4e_massZ1_massZ2_genbin0_recobin2 acc 0.0618 eff 0.002 outinratio 0.0835 

ggH126_4e_massZ1_massZ2_genbin1_recobin2 acc 0.0381 eff 0.0256 outinratio 0.0039 

VBFH126_4e_massZ1_massZ2_genbin1_recobin2 acc 0.0391 eff 0.0189 outinratio 0.0114 

WminusH126_4e_massZ1_massZ2_genbin1_recobin2 acc 0.0351 eff 0.0189 outinratio 0.0266 

WplusH126_4e_massZ1_massZ2_genbin1_recobin2 acc 0.0313 eff 0.0172 outinratio 0.02 

ZH126_4e_massZ1_massZ2_genbin1_recobin2 acc 0.0352 eff 0.0274 outinratio 0.0572 

ttH126_4e_massZ1_massZ2_genbin1_recobin2 acc 0.0378 eff 0.0134 outinratio 0.0835 

ggH126_4e_massZ1_massZ2_genbin2_recobin2 acc 0.0385 eff 0.2811 outinratio 0.0039 

VBFH126_4e_massZ1_massZ2_genbin2_recobin2 acc 0.0405 eff 0.3681 outinratio 0.0114 

WminusH126_4e_massZ1_massZ2_genbin2_recobin2 acc 0.0366 eff 0.3113 outinratio 0.0266 

WplusH126_4e_massZ1_massZ2_genbin2_recobin2 acc 0.0319 eff 0.3049 outinratio 0.02 

ZH126_4e_massZ1_massZ2_genbin2_recobin2 acc 0.0357 eff 0.3433 outinratio 0.0572 

ttH126_4e_massZ1_massZ2_genbin2_recobin2 acc 0.0437 eff 0.2486 outinratio 0.0835 

ggH126_4e_massZ1_massZ2_genbin3_recobin2 acc 0.0628 eff 0.0409 outinratio 0.0039 

VBFH126_4e_massZ1_massZ2_genbin3_recobin2 acc 0.0654 eff 0.0321 outinratio 0.0114 

WminusH126_4e_massZ1_massZ2_genbin3_recobin2 acc 0.0573 eff 0.0339 outinratio 0.0266 

WplusH126_4e_massZ1_massZ2_genbin3_recobin2 acc 0.0507 eff 0.036 outinratio 0.02 

ZH126_4e_massZ1_massZ2_genbin3_recobin2 acc 0.054 eff 0.0222 outinratio 0.0572 

ttH126_4e_massZ1_massZ2_genbin3_recobin2 acc 0.0632 eff 0.0248 outinratio 0.0835 

ggH126_4e_massZ1_massZ2_genbin4_recobin2 acc 0.1007 eff 0.0 outinratio 0.0039 

VBFH126_4e_massZ1_massZ2_genbin4_recobin2 acc 0.1126 eff 0.0 outinratio 0.0114 

WminusH126_4e_massZ1_massZ2_genbin4_recobin2 acc 0.0993 eff 0.0 outinratio 0.0266 

WplusH126_4e_massZ1_massZ2_genbin4_recobin2 acc 0.0893 eff 0.0 outinratio 0.02 

ZH126_4e_massZ1_massZ2_genbin4_recobin2 acc 0.09 eff 0.0 outinratio 0.0572 

ttH126_4e_massZ1_massZ2_genbin4_recobin2 acc 0.1176 eff 0.0 outinratio 0.0835 

ggH126_4e_massZ1_massZ2_genbin5_recobin2 acc 0.0387 eff 0.0 outinratio 0.0039 

VBFH126_4e_massZ1_massZ2_genbin5_recobin2 acc 0.043 eff 0.0 outinratio 0.0114 

WminusH126_4e_massZ1_massZ2_genbin5_recobin2 acc 0.038 eff 0.0 outinratio 0.0266 

WplusH126_4e_massZ1_massZ2_genbin5_recobin2 acc 0.0337 eff 0.0004 outinratio 0.02 

ZH126_4e_massZ1_massZ2_genbin5_recobin2 acc 0.0364 eff 0.0 outinratio 0.0572 

ttH126_4e_massZ1_massZ2_genbin5_recobin2 acc 0.0463 eff 0.0 outinratio 0.0835 

ggH126_4e_massZ1_massZ2_genbin6_recobin2 acc 0.0935 eff 0.0145 outinratio 0.0039 

VBFH126_4e_massZ1_massZ2_genbin6_recobin2 acc 0.0973 eff 0.0136 outinratio 0.0114 

WminusH126_4e_massZ1_massZ2_genbin6_recobin2 acc 0.0839 eff 0.0126 outinratio 0.0266 

WplusH126_4e_massZ1_massZ2_genbin6_recobin2 acc 0.0739 eff 0.0136 outinratio 0.02 

ZH126_4e_massZ1_massZ2_genbin6_recobin2 acc 0.0752 eff 0.022 outinratio 0.0572 

ttH126_4e_massZ1_massZ2_genbin6_recobin2 acc 0.0937 eff 0.0106 outinratio 0.0835 

ggH126_4e_massZ1_massZ2_genbin0_recobin3 acc 0.0545 eff 0.0025 outinratio 0.0082 

VBFH126_4e_massZ1_massZ2_genbin0_recobin3 acc 0.0609 eff 0.0071 outinratio 0.008 

WminusH126_4e_massZ1_massZ2_genbin0_recobin3 acc 0.0509 eff 0.0024 outinratio 0.0156 

WplusH126_4e_massZ1_massZ2_genbin0_recobin3 acc 0.0461 eff 0.0016 outinratio 0.0207 

ZH126_4e_massZ1_massZ2_genbin0_recobin3 acc 0.0495 eff 0.0 outinratio 0.0648 

ttH126_4e_massZ1_massZ2_genbin0_recobin3 acc 0.0618 eff 0.0 outinratio 0.0478 

ggH126_4e_massZ1_massZ2_genbin1_recobin3 acc 0.0381 eff 0.0037 outinratio 0.0082 

VBFH126_4e_massZ1_massZ2_genbin1_recobin3 acc 0.0391 eff 0.0016 outinratio 0.008 

WminusH126_4e_massZ1_massZ2_genbin1_recobin3 acc 0.0351 eff 0.0047 outinratio 0.0156 

WplusH126_4e_massZ1_massZ2_genbin1_recobin3 acc 0.0313 eff 0.0023 outinratio 0.0207 

ZH126_4e_massZ1_massZ2_genbin1_recobin3 acc 0.0352 eff 0.0 outinratio 0.0648 

ttH126_4e_massZ1_massZ2_genbin1_recobin3 acc 0.0378 eff 0.004 outinratio 0.0478 

ggH126_4e_massZ1_massZ2_genbin2_recobin3 acc 0.0385 eff 0.0266 outinratio 0.0082 

VBFH126_4e_massZ1_massZ2_genbin2_recobin3 acc 0.0405 eff 0.0244 outinratio 0.008 

WminusH126_4e_massZ1_massZ2_genbin2_recobin3 acc 0.0366 eff 0.0211 outinratio 0.0156 

WplusH126_4e_massZ1_massZ2_genbin2_recobin3 acc 0.0319 eff 0.0209 outinratio 0.0207 

ZH126_4e_massZ1_massZ2_genbin2_recobin3 acc 0.0357 eff 0.026 outinratio 0.0648 

ttH126_4e_massZ1_massZ2_genbin2_recobin3 acc 0.0437 eff 0.0202 outinratio 0.0478 

ggH126_4e_massZ1_massZ2_genbin3_recobin3 acc 0.0628 eff 0.4126 outinratio 0.0082 

VBFH126_4e_massZ1_massZ2_genbin3_recobin3 acc 0.0654 eff 0.4632 outinratio 0.008 

WminusH126_4e_massZ1_massZ2_genbin3_recobin3 acc 0.0573 eff 0.4158 outinratio 0.0156 

WplusH126_4e_massZ1_massZ2_genbin3_recobin3 acc 0.0507 eff 0.3982 outinratio 0.0207 

ZH126_4e_massZ1_massZ2_genbin3_recobin3 acc 0.054 eff 0.4143 outinratio 0.0648 

ttH126_4e_massZ1_massZ2_genbin3_recobin3 acc 0.0632 eff 0.332 outinratio 0.0478 

ggH126_4e_massZ1_massZ2_genbin4_recobin3 acc 0.1007 eff 0.0 outinratio 0.0082 

VBFH126_4e_massZ1_massZ2_genbin4_recobin3 acc 0.1126 eff 0.0 outinratio 0.008 

WminusH126_4e_massZ1_massZ2_genbin4_recobin3 acc 0.0993 eff 0.0 outinratio 0.0156 

WplusH126_4e_massZ1_massZ2_genbin4_recobin3 acc 0.0893 eff 0.0 outinratio 0.0207 

ZH126_4e_massZ1_massZ2_genbin4_recobin3 acc 0.09 eff 0.0 outinratio 0.0648 

ttH126_4e_massZ1_massZ2_genbin4_recobin3 acc 0.1176 eff 0.0 outinratio 0.0478 

ggH126_4e_massZ1_massZ2_genbin5_recobin3 acc 0.0387 eff 0.0 outinratio 0.0082 

VBFH126_4e_massZ1_massZ2_genbin5_recobin3 acc 0.043 eff 0.0 outinratio 0.008 

WminusH126_4e_massZ1_massZ2_genbin5_recobin3 acc 0.038 eff 0.0 outinratio 0.0156 

WplusH126_4e_massZ1_massZ2_genbin5_recobin3 acc 0.0337 eff 0.0003 outinratio 0.0207 

ZH126_4e_massZ1_massZ2_genbin5_recobin3 acc 0.0364 eff 0.0 outinratio 0.0648 

ttH126_4e_massZ1_massZ2_genbin5_recobin3 acc 0.0463 eff 0.0 outinratio 0.0478 

ggH126_4e_massZ1_massZ2_genbin6_recobin3 acc 0.0935 eff 0.0 outinratio 0.0082 

VBFH126_4e_massZ1_massZ2_genbin6_recobin3 acc 0.0973 eff 0.0 outinratio 0.008 

WminusH126_4e_massZ1_massZ2_genbin6_recobin3 acc 0.0839 eff 0.0002 outinratio 0.0156 

WplusH126_4e_massZ1_massZ2_genbin6_recobin3 acc 0.0739 eff 0.0002 outinratio 0.0207 

ZH126_4e_massZ1_massZ2_genbin6_recobin3 acc 0.0752 eff 0.0 outinratio 0.0648 

ttH126_4e_massZ1_massZ2_genbin6_recobin3 acc 0.0937 eff 0.0013 outinratio 0.0478 

ggH126_4e_massZ1_massZ2_genbin0_recobin4 acc 0.0545 eff 0.0214 outinratio 0.0095 

VBFH126_4e_massZ1_massZ2_genbin0_recobin4 acc 0.0609 eff 0.0186 outinratio 0.0165 

WminusH126_4e_massZ1_massZ2_genbin0_recobin4 acc 0.0509 eff 0.0223 outinratio 0.0349 

WplusH126_4e_massZ1_massZ2_genbin0_recobin4 acc 0.0461 eff 0.0279 outinratio 0.0306 

ZH126_4e_massZ1_massZ2_genbin0_recobin4 acc 0.0495 eff 0.0218 outinratio 0.0749 

ttH126_4e_massZ1_massZ2_genbin0_recobin4 acc 0.0618 eff 0.0192 outinratio 0.0356 

ggH126_4e_massZ1_massZ2_genbin1_recobin4 acc 0.0381 eff 0.0 outinratio 0.0095 

VBFH126_4e_massZ1_massZ2_genbin1_recobin4 acc 0.0391 eff 0.0012 outinratio 0.0165 

WminusH126_4e_massZ1_massZ2_genbin1_recobin4 acc 0.0351 eff 0.0003 outinratio 0.0349 

WplusH126_4e_massZ1_massZ2_genbin1_recobin4 acc 0.0313 eff 0.0004 outinratio 0.0306 

ZH126_4e_massZ1_massZ2_genbin1_recobin4 acc 0.0352 eff 0.0 outinratio 0.0749 

ttH126_4e_massZ1_massZ2_genbin1_recobin4 acc 0.0378 eff 0.0032 outinratio 0.0356 

ggH126_4e_massZ1_massZ2_genbin2_recobin4 acc 0.0385 eff 0.0 outinratio 0.0095 

VBFH126_4e_massZ1_massZ2_genbin2_recobin4 acc 0.0405 eff 0.0 outinratio 0.0165 

WminusH126_4e_massZ1_massZ2_genbin2_recobin4 acc 0.0366 eff 0.0 outinratio 0.0349 

WplusH126_4e_massZ1_massZ2_genbin2_recobin4 acc 0.0319 eff 0.0 outinratio 0.0306 

ZH126_4e_massZ1_massZ2_genbin2_recobin4 acc 0.0357 eff 0.0 outinratio 0.0749 

ttH126_4e_massZ1_massZ2_genbin2_recobin4 acc 0.0437 eff 0.0 outinratio 0.0356 

ggH126_4e_massZ1_massZ2_genbin3_recobin4 acc 0.0628 eff 0.0 outinratio 0.0095 

VBFH126_4e_massZ1_massZ2_genbin3_recobin4 acc 0.0654 eff 0.0 outinratio 0.0165 

WminusH126_4e_massZ1_massZ2_genbin3_recobin4 acc 0.0573 eff 0.0 outinratio 0.0349 

WplusH126_4e_massZ1_massZ2_genbin3_recobin4 acc 0.0507 eff 0.0 outinratio 0.0306 

ZH126_4e_massZ1_massZ2_genbin3_recobin4 acc 0.054 eff 0.0 outinratio 0.0749 

ttH126_4e_massZ1_massZ2_genbin3_recobin4 acc 0.0632 eff 0.0 outinratio 0.0356 

ggH126_4e_massZ1_massZ2_genbin4_recobin4 acc 0.1007 eff 0.2754 outinratio 0.0095 

VBFH126_4e_massZ1_massZ2_genbin4_recobin4 acc 0.1126 eff 0.3093 outinratio 0.0165 

WminusH126_4e_massZ1_massZ2_genbin4_recobin4 acc 0.0993 eff 0.2941 outinratio 0.0349 

WplusH126_4e_massZ1_massZ2_genbin4_recobin4 acc 0.0893 eff 0.2922 outinratio 0.0306 

ZH126_4e_massZ1_massZ2_genbin4_recobin4 acc 0.09 eff 0.2897 outinratio 0.0749 

ttH126_4e_massZ1_massZ2_genbin4_recobin4 acc 0.1176 eff 0.2687 outinratio 0.0356 

ggH126_4e_massZ1_massZ2_genbin5_recobin4 acc 0.0387 eff 0.0661 outinratio 0.0095 

VBFH126_4e_massZ1_massZ2_genbin5_recobin4 acc 0.043 eff 0.076 outinratio 0.0165 

WminusH126_4e_massZ1_massZ2_genbin5_recobin4 acc 0.038 eff 0.0676 outinratio 0.0349 

WplusH126_4e_massZ1_massZ2_genbin5_recobin4 acc 0.0337 eff 0.0647 outinratio 0.0306 

ZH126_4e_massZ1_massZ2_genbin5_recobin4 acc 0.0364 eff 0.069 outinratio 0.0749 

ttH126_4e_massZ1_massZ2_genbin5_recobin4 acc 0.0463 eff 0.0543 outinratio 0.0356 

ggH126_4e_massZ1_massZ2_genbin6_recobin4 acc 0.0935 eff 0.0078 outinratio 0.0095 

VBFH126_4e_massZ1_massZ2_genbin6_recobin4 acc 0.0973 eff 0.0032 outinratio 0.0165 

WminusH126_4e_massZ1_massZ2_genbin6_recobin4 acc 0.0839 eff 0.0061 outinratio 0.0349 

WplusH126_4e_massZ1_massZ2_genbin6_recobin4 acc 0.0739 eff 0.0041 outinratio 0.0306 

ZH126_4e_massZ1_massZ2_genbin6_recobin4 acc 0.0752 eff 0.006 outinratio 0.0749 

ttH126_4e_massZ1_massZ2_genbin6_recobin4 acc 0.0937 eff 0.0031 outinratio 0.0356 

ggH126_4e_massZ1_massZ2_genbin0_recobin5 acc 0.0545 eff 0.0046 outinratio 0.0061 

VBFH126_4e_massZ1_massZ2_genbin0_recobin5 acc 0.0609 eff 0.0044 outinratio 0.0065 

WminusH126_4e_massZ1_massZ2_genbin0_recobin5 acc 0.0509 eff 0.0071 outinratio 0.0169 

WplusH126_4e_massZ1_massZ2_genbin0_recobin5 acc 0.0461 eff 0.0063 outinratio 0.0265 

ZH126_4e_massZ1_massZ2_genbin0_recobin5 acc 0.0495 eff 0.0045 outinratio 0.0875 

ttH126_4e_massZ1_massZ2_genbin0_recobin5 acc 0.0618 eff 0.0046 outinratio 0.03 

ggH126_4e_massZ1_massZ2_genbin1_recobin5 acc 0.0381 eff 0.0014 outinratio 0.0061 

VBFH126_4e_massZ1_massZ2_genbin1_recobin5 acc 0.0391 eff 0.0035 outinratio 0.0065 

WminusH126_4e_massZ1_massZ2_genbin1_recobin5 acc 0.0351 eff 0.0035 outinratio 0.0169 

WplusH126_4e_massZ1_massZ2_genbin1_recobin5 acc 0.0313 eff 0.0028 outinratio 0.0265 

ZH126_4e_massZ1_massZ2_genbin1_recobin5 acc 0.0352 eff 0.0082 outinratio 0.0875 

ttH126_4e_massZ1_massZ2_genbin1_recobin5 acc 0.0378 eff 0.0 outinratio 0.03 

ggH126_4e_massZ1_massZ2_genbin2_recobin5 acc 0.0385 eff 0.0 outinratio 0.0061 

VBFH126_4e_massZ1_massZ2_genbin2_recobin5 acc 0.0405 eff 0.0002 outinratio 0.0065 

WminusH126_4e_massZ1_massZ2_genbin2_recobin5 acc 0.0366 eff 0.0 outinratio 0.0169 

WplusH126_4e_massZ1_massZ2_genbin2_recobin5 acc 0.0319 eff 0.0005 outinratio 0.0265 

ZH126_4e_massZ1_massZ2_genbin2_recobin5 acc 0.0357 eff 0.0 outinratio 0.0875 

ttH126_4e_massZ1_massZ2_genbin2_recobin5 acc 0.0437 eff 0.0 outinratio 0.03 

ggH126_4e_massZ1_massZ2_genbin3_recobin5 acc 0.0628 eff 0.0 outinratio 0.0061 

VBFH126_4e_massZ1_massZ2_genbin3_recobin5 acc 0.0654 eff 0.0 outinratio 0.0065 

WminusH126_4e_massZ1_massZ2_genbin3_recobin5 acc 0.0573 eff 0.0 outinratio 0.0169 

WplusH126_4e_massZ1_massZ2_genbin3_recobin5 acc 0.0507 eff 0.0 outinratio 0.0265 

ZH126_4e_massZ1_massZ2_genbin3_recobin5 acc 0.054 eff 0.0 outinratio 0.0875 

ttH126_4e_massZ1_massZ2_genbin3_recobin5 acc 0.0632 eff 0.0 outinratio 0.03 

ggH126_4e_massZ1_massZ2_genbin4_recobin5 acc 0.1007 eff 0.0061 outinratio 0.0061 

VBFH126_4e_massZ1_massZ2_genbin4_recobin5 acc 0.1126 eff 0.0102 outinratio 0.0065 

WminusH126_4e_massZ1_massZ2_genbin4_recobin5 acc 0.0993 eff 0.0081 outinratio 0.0169 

WplusH126_4e_massZ1_massZ2_genbin4_recobin5 acc 0.0893 eff 0.0091 outinratio 0.0265 

ZH126_4e_massZ1_massZ2_genbin4_recobin5 acc 0.09 eff 0.014 outinratio 0.0875 

ttH126_4e_massZ1_massZ2_genbin4_recobin5 acc 0.1176 eff 0.0058 outinratio 0.03 

ggH126_4e_massZ1_massZ2_genbin5_recobin5 acc 0.0387 eff 0.198 outinratio 0.0061 

VBFH126_4e_massZ1_massZ2_genbin5_recobin5 acc 0.043 eff 0.2503 outinratio 0.0065 

WminusH126_4e_massZ1_massZ2_genbin5_recobin5 acc 0.038 eff 0.221 outinratio 0.0169 

WplusH126_4e_massZ1_massZ2_genbin5_recobin5 acc 0.0337 eff 0.2075 outinratio 0.0265 

ZH126_4e_massZ1_massZ2_genbin5_recobin5 acc 0.0364 eff 0.2074 outinratio 0.0875 

ttH126_4e_massZ1_massZ2_genbin5_recobin5 acc 0.0463 eff 0.2019 outinratio 0.03 

ggH126_4e_massZ1_massZ2_genbin6_recobin5 acc 0.0935 eff 0.0359 outinratio 0.0061 

VBFH126_4e_massZ1_massZ2_genbin6_recobin5 acc 0.0973 eff 0.0397 outinratio 0.0065 

WminusH126_4e_massZ1_massZ2_genbin6_recobin5 acc 0.0839 eff 0.0324 outinratio 0.0169 

WplusH126_4e_massZ1_massZ2_genbin6_recobin5 acc 0.0739 eff 0.034 outinratio 0.0265 

ZH126_4e_massZ1_massZ2_genbin6_recobin5 acc 0.0752 eff 0.0186 outinratio 0.0875 

ttH126_4e_massZ1_massZ2_genbin6_recobin5 acc 0.0937 eff 0.0255 outinratio 0.03 

ggH126_4e_massZ1_massZ2_genbin0_recobin6 acc 0.0545 eff 0.0009 outinratio 0.0075 

VBFH126_4e_massZ1_massZ2_genbin0_recobin6 acc 0.0609 eff 0.0 outinratio 0.0099 

WminusH126_4e_massZ1_massZ2_genbin0_recobin6 acc 0.0509 eff 0.0005 outinratio 0.0174 

WplusH126_4e_massZ1_massZ2_genbin0_recobin6 acc 0.0461 eff 0.0012 outinratio 0.021 

ZH126_4e_massZ1_massZ2_genbin0_recobin6 acc 0.0495 eff 0.0 outinratio 0.0473 

ttH126_4e_massZ1_massZ2_genbin0_recobin6 acc 0.0618 eff 0.0 outinratio 0.0625 

ggH126_4e_massZ1_massZ2_genbin1_recobin6 acc 0.0381 eff 0.0218 outinratio 0.0075 

VBFH126_4e_massZ1_massZ2_genbin1_recobin6 acc 0.0391 eff 0.0312 outinratio 0.0099 

WminusH126_4e_massZ1_massZ2_genbin1_recobin6 acc 0.0351 eff 0.0322 outinratio 0.0174 

WplusH126_4e_massZ1_massZ2_genbin1_recobin6 acc 0.0313 eff 0.03 outinratio 0.021 

ZH126_4e_massZ1_massZ2_genbin1_recobin6 acc 0.0352 eff 0.0393 outinratio 0.0473 

ttH126_4e_massZ1_massZ2_genbin1_recobin6 acc 0.0378 eff 0.0173 outinratio 0.0625 

ggH126_4e_massZ1_massZ2_genbin2_recobin6 acc 0.0385 eff 0.0198 outinratio 0.0075 

VBFH126_4e_massZ1_massZ2_genbin2_recobin6 acc 0.0405 eff 0.0213 outinratio 0.0099 

WminusH126_4e_massZ1_massZ2_genbin2_recobin6 acc 0.0366 eff 0.0187 outinratio 0.0174 

WplusH126_4e_massZ1_massZ2_genbin2_recobin6 acc 0.0319 eff 0.0175 outinratio 0.021 

ZH126_4e_massZ1_massZ2_genbin2_recobin6 acc 0.0357 eff 0.0085 outinratio 0.0473 

ttH126_4e_massZ1_massZ2_genbin2_recobin6 acc 0.0437 eff 0.0189 outinratio 0.0625 

ggH126_4e_massZ1_massZ2_genbin3_recobin6 acc 0.0628 eff 0.0002 outinratio 0.0075 

VBFH126_4e_massZ1_massZ2_genbin3_recobin6 acc 0.0654 eff 0.0005 outinratio 0.0099 

WminusH126_4e_massZ1_massZ2_genbin3_recobin6 acc 0.0573 eff 0.0006 outinratio 0.0174 

WplusH126_4e_massZ1_massZ2_genbin3_recobin6 acc 0.0507 eff 0.0006 outinratio 0.021 

ZH126_4e_massZ1_massZ2_genbin3_recobin6 acc 0.054 eff 0.0 outinratio 0.0473 

ttH126_4e_massZ1_massZ2_genbin3_recobin6 acc 0.0632 eff 0.0 outinratio 0.0625 

ggH126_4e_massZ1_massZ2_genbin4_recobin6 acc 0.1007 eff 0.0004 outinratio 0.0075 

VBFH126_4e_massZ1_massZ2_genbin4_recobin6 acc 0.1126 eff 0.0011 outinratio 0.0099 

WminusH126_4e_massZ1_massZ2_genbin4_recobin6 acc 0.0993 eff 0.0005 outinratio 0.0174 

WplusH126_4e_massZ1_massZ2_genbin4_recobin6 acc 0.0893 eff 0.0005 outinratio 0.021 

ZH126_4e_massZ1_massZ2_genbin4_recobin6 acc 0.09 eff 0.0011 outinratio 0.0473 

ttH126_4e_massZ1_massZ2_genbin4_recobin6 acc 0.1176 eff 0.0 outinratio 0.0625 

ggH126_4e_massZ1_massZ2_genbin5_recobin6 acc 0.0387 eff 0.0299 outinratio 0.0075 

VBFH126_4e_massZ1_massZ2_genbin5_recobin6 acc 0.043 eff 0.0232 outinratio 0.0099 

WminusH126_4e_massZ1_massZ2_genbin5_recobin6 acc 0.038 eff 0.0281 outinratio 0.0174 

WplusH126_4e_massZ1_massZ2_genbin5_recobin6 acc 0.0337 eff 0.027 outinratio 0.021 

ZH126_4e_massZ1_massZ2_genbin5_recobin6 acc 0.0364 eff 0.0258 outinratio 0.0473 

ttH126_4e_massZ1_massZ2_genbin5_recobin6 acc 0.0463 eff 0.0353 outinratio 0.0625 

ggH126_4e_massZ1_massZ2_genbin6_recobin6 acc 0.0935 eff 0.2601 outinratio 0.0075 

VBFH126_4e_massZ1_massZ2_genbin6_recobin6 acc 0.0973 eff 0.2954 outinratio 0.0099 

WminusH126_4e_massZ1_massZ2_genbin6_recobin6 acc 0.0839 eff 0.2614 outinratio 0.0174 

WplusH126_4e_massZ1_massZ2_genbin6_recobin6 acc 0.0739 eff 0.2574 outinratio 0.021 

ZH126_4e_massZ1_massZ2_genbin6_recobin6 acc 0.0752 eff 0.2512 outinratio 0.0473 

ttH126_4e_massZ1_massZ2_genbin6_recobin6 acc 0.0937 eff 0.2326 outinratio 0.0625 

ggH126_4mu_massZ1_massZ2_genbin0_recobin0 acc 0.0638 eff 0.718 outinratio 0.0081 

VBFH126_4mu_massZ1_massZ2_genbin0_recobin0 acc 0.0675 eff 0.747 outinratio 0.0061 

WminusH126_4mu_massZ1_massZ2_genbin0_recobin0 acc 0.0585 eff 0.6658 outinratio 0.0136 

WplusH126_4mu_massZ1_massZ2_genbin0_recobin0 acc 0.0516 eff 0.671 outinratio 0.011 

ZH126_4mu_massZ1_massZ2_genbin0_recobin0 acc 0.0586 eff 0.6979 outinratio 0.0571 

ttH126_4mu_massZ1_massZ2_genbin0_recobin0 acc 0.0722 eff 0.5026 outinratio 0.0358 

ggH126_4mu_massZ1_massZ2_genbin1_recobin0 acc 0.0418 eff 0.0348 outinratio 0.0081 

VBFH126_4mu_massZ1_massZ2_genbin1_recobin0 acc 0.0446 eff 0.0333 outinratio 0.0061 

WminusH126_4mu_massZ1_massZ2_genbin1_recobin0 acc 0.0367 eff 0.0309 outinratio 0.0136 

WplusH126_4mu_massZ1_massZ2_genbin1_recobin0 acc 0.0336 eff 0.0316 outinratio 0.011 

ZH126_4mu_massZ1_massZ2_genbin1_recobin0 acc 0.0331 eff 0.0099 outinratio 0.0571 

ttH126_4mu_massZ1_massZ2_genbin1_recobin0 acc 0.0478 eff 0.0226 outinratio 0.0358 

ggH126_4mu_massZ1_massZ2_genbin2_recobin0 acc 0.0396 eff 0.0013 outinratio 0.0081 

VBFH126_4mu_massZ1_massZ2_genbin2_recobin0 acc 0.0437 eff 0.0036 outinratio 0.0061 

WminusH126_4mu_massZ1_massZ2_genbin2_recobin0 acc 0.0368 eff 0.0032 outinratio 0.0136 

WplusH126_4mu_massZ1_massZ2_genbin2_recobin0 acc 0.0329 eff 0.003 outinratio 0.011 

ZH126_4mu_massZ1_massZ2_genbin2_recobin0 acc 0.0314 eff 0.006 outinratio 0.0571 

ttH126_4mu_massZ1_massZ2_genbin2_recobin0 acc 0.045 eff 0.004 outinratio 0.0358 

ggH126_4mu_massZ1_massZ2_genbin3_recobin0 acc 0.0628 eff 0.0018 outinratio 0.0081 

VBFH126_4mu_massZ1_massZ2_genbin3_recobin0 acc 0.0689 eff 0.0006 outinratio 0.0061 

WminusH126_4mu_massZ1_massZ2_genbin3_recobin0 acc 0.0584 eff 0.0029 outinratio 0.0136 

WplusH126_4mu_massZ1_massZ2_genbin3_recobin0 acc 0.0515 eff 0.0025 outinratio 0.011 

ZH126_4mu_massZ1_massZ2_genbin3_recobin0 acc 0.0535 eff 0.0009 outinratio 0.0571 

ttH126_4mu_massZ1_massZ2_genbin3_recobin0 acc 0.0685 eff 0.0024 outinratio 0.0358 

ggH126_4mu_massZ1_massZ2_genbin4_recobin0 acc 0.1261 eff 0.0626 outinratio 0.0081 

VBFH126_4mu_massZ1_massZ2_genbin4_recobin0 acc 0.1398 eff 0.0622 outinratio 0.0061 

WminusH126_4mu_massZ1_massZ2_genbin4_recobin0 acc 0.118 eff 0.0669 outinratio 0.0136 

WplusH126_4mu_massZ1_massZ2_genbin4_recobin0 acc 0.1038 eff 0.0655 outinratio 0.011 

ZH126_4mu_massZ1_massZ2_genbin4_recobin0 acc 0.1133 eff 0.0679 outinratio 0.0571 

ttH126_4mu_massZ1_massZ2_genbin4_recobin0 acc 0.142 eff 0.0569 outinratio 0.0358 

ggH126_4mu_massZ1_massZ2_genbin5_recobin0 acc 0.0452 eff 0.0569 outinratio 0.0081 

VBFH126_4mu_massZ1_massZ2_genbin5_recobin0 acc 0.0503 eff 0.0687 outinratio 0.0061 

WminusH126_4mu_massZ1_massZ2_genbin5_recobin0 acc 0.043 eff 0.0574 outinratio 0.0136 

WplusH126_4mu_massZ1_massZ2_genbin5_recobin0 acc 0.0376 eff 0.0599 outinratio 0.011 

ZH126_4mu_massZ1_massZ2_genbin5_recobin0 acc 0.0411 eff 0.0673 outinratio 0.0571 

ttH126_4mu_massZ1_massZ2_genbin5_recobin0 acc 0.0504 eff 0.0508 outinratio 0.0358 

ggH126_4mu_massZ1_massZ2_genbin6_recobin0 acc 0.0977 eff 0.0032 outinratio 0.0081 

VBFH126_4mu_massZ1_massZ2_genbin6_recobin0 acc 0.1047 eff 0.0028 outinratio 0.0061 

WminusH126_4mu_massZ1_massZ2_genbin6_recobin0 acc 0.0885 eff 0.0029 outinratio 0.0136 

WplusH126_4mu_massZ1_massZ2_genbin6_recobin0 acc 0.0777 eff 0.0039 outinratio 0.011 

ZH126_4mu_massZ1_massZ2_genbin6_recobin0 acc 0.0823 eff 0.0017 outinratio 0.0571 

ttH126_4mu_massZ1_massZ2_genbin6_recobin0 acc 0.1023 eff 0.0046 outinratio 0.0358 

ggH126_4mu_massZ1_massZ2_genbin0_recobin1 acc 0.0638 eff 0.0073 outinratio 0.0047 

VBFH126_4mu_massZ1_massZ2_genbin0_recobin1 acc 0.0675 eff 0.0133 outinratio 0.0022 

WminusH126_4mu_massZ1_massZ2_genbin0_recobin1 acc 0.0585 eff 0.0109 outinratio 0.0082 

WplusH126_4mu_massZ1_massZ2_genbin0_recobin1 acc 0.0516 eff 0.0132 outinratio 0.0119 

ZH126_4mu_massZ1_massZ2_genbin0_recobin1 acc 0.0586 eff 0.0052 outinratio 0.0549 

ttH126_4mu_massZ1_massZ2_genbin0_recobin1 acc 0.0722 eff 0.0062 outinratio 0.0169 

ggH126_4mu_massZ1_massZ2_genbin1_recobin1 acc 0.0418 eff 0.7125 outinratio 0.0047 

VBFH126_4mu_massZ1_massZ2_genbin1_recobin1 acc 0.0446 eff 0.7428 outinratio 0.0022 

WminusH126_4mu_massZ1_massZ2_genbin1_recobin1 acc 0.0367 eff 0.6235 outinratio 0.0082 

WplusH126_4mu_massZ1_massZ2_genbin1_recobin1 acc 0.0336 eff 0.641 outinratio 0.0119 

ZH126_4mu_massZ1_massZ2_genbin1_recobin1 acc 0.0331 eff 0.6345 outinratio 0.0549 

ttH126_4mu_massZ1_massZ2_genbin1_recobin1 acc 0.0478 eff 0.4727 outinratio 0.0169 

ggH126_4mu_massZ1_massZ2_genbin2_recobin1 acc 0.0396 eff 0.0358 outinratio 0.0047 

VBFH126_4mu_massZ1_massZ2_genbin2_recobin1 acc 0.0437 eff 0.0412 outinratio 0.0022 

WminusH126_4mu_massZ1_massZ2_genbin2_recobin1 acc 0.0368 eff 0.0397 outinratio 0.0082 

WplusH126_4mu_massZ1_massZ2_genbin2_recobin1 acc 0.0329 eff 0.0402 outinratio 0.0119 

ZH126_4mu_massZ1_massZ2_genbin2_recobin1 acc 0.0314 eff 0.039 outinratio 0.0549 

ttH126_4mu_massZ1_massZ2_genbin2_recobin1 acc 0.045 eff 0.0207 outinratio 0.0169 

ggH126_4mu_massZ1_massZ2_genbin3_recobin1 acc 0.0628 eff 0.0015 outinratio 0.0047 

VBFH126_4mu_massZ1_massZ2_genbin3_recobin1 acc 0.0689 eff 0.001 outinratio 0.0022 

WminusH126_4mu_massZ1_massZ2_genbin3_recobin1 acc 0.0584 eff 0.0019 outinratio 0.0082 

WplusH126_4mu_massZ1_massZ2_genbin3_recobin1 acc 0.0515 eff 0.0021 outinratio 0.0119 

ZH126_4mu_massZ1_massZ2_genbin3_recobin1 acc 0.0535 eff 0.0029 outinratio 0.0549 

ttH126_4mu_massZ1_massZ2_genbin3_recobin1 acc 0.0685 eff 0.0005 outinratio 0.0169 

ggH126_4mu_massZ1_massZ2_genbin4_recobin1 acc 0.1261 eff 0.0004 outinratio 0.0047 

VBFH126_4mu_massZ1_massZ2_genbin4_recobin1 acc 0.1398 eff 0.0 outinratio 0.0022 

WminusH126_4mu_massZ1_massZ2_genbin4_recobin1 acc 0.118 eff 0.0001 outinratio 0.0082 

WplusH126_4mu_massZ1_massZ2_genbin4_recobin1 acc 0.1038 eff 0.0001 outinratio 0.0119 

ZH126_4mu_massZ1_massZ2_genbin4_recobin1 acc 0.1133 eff 0.0026 outinratio 0.0549 

ttH126_4mu_massZ1_massZ2_genbin4_recobin1 acc 0.142 eff 0.0 outinratio 0.0169 

ggH126_4mu_massZ1_massZ2_genbin5_recobin1 acc 0.0452 eff 0.001 outinratio 0.0047 

VBFH126_4mu_massZ1_massZ2_genbin5_recobin1 acc 0.0503 eff 0.001 outinratio 0.0022 

WminusH126_4mu_massZ1_massZ2_genbin5_recobin1 acc 0.043 eff 0.0024 outinratio 0.0082 

WplusH126_4mu_massZ1_massZ2_genbin5_recobin1 acc 0.0376 eff 0.0025 outinratio 0.0119 

ZH126_4mu_massZ1_massZ2_genbin5_recobin1 acc 0.0411 eff 0.0 outinratio 0.0549 

ttH126_4mu_massZ1_massZ2_genbin5_recobin1 acc 0.0504 eff 0.0042 outinratio 0.0169 

ggH126_4mu_massZ1_massZ2_genbin6_recobin1 acc 0.0977 eff 0.07 outinratio 0.0047 

VBFH126_4mu_massZ1_massZ2_genbin6_recobin1 acc 0.1047 eff 0.0694 outinratio 0.0022 

WminusH126_4mu_massZ1_massZ2_genbin6_recobin1 acc 0.0885 eff 0.065 outinratio 0.0082 

WplusH126_4mu_massZ1_massZ2_genbin6_recobin1 acc 0.0777 eff 0.07 outinratio 0.0119 

ZH126_4mu_massZ1_massZ2_genbin6_recobin1 acc 0.0823 eff 0.0597 outinratio 0.0549 

ttH126_4mu_massZ1_massZ2_genbin6_recobin1 acc 0.1023 eff 0.0477 outinratio 0.0169 

ggH126_4mu_massZ1_massZ2_genbin0_recobin2 acc 0.0638 eff 0.002 outinratio 0.0003 

VBFH126_4mu_massZ1_massZ2_genbin0_recobin2 acc 0.0675 eff 0.0005 outinratio 0.0061 

WminusH126_4mu_massZ1_massZ2_genbin0_recobin2 acc 0.0585 eff 0.0017 outinratio 0.0067 

WplusH126_4mu_massZ1_massZ2_genbin0_recobin2 acc 0.0516 eff 0.0013 outinratio 0.0063 

ZH126_4mu_massZ1_massZ2_genbin0_recobin2 acc 0.0586 eff 0.0022 outinratio 0.0537 

ttH126_4mu_massZ1_massZ2_genbin0_recobin2 acc 0.0722 eff 0.0 outinratio 0.0344 

ggH126_4mu_massZ1_massZ2_genbin1_recobin2 acc 0.0418 eff 0.0145 outinratio 0.0003 

VBFH126_4mu_massZ1_massZ2_genbin1_recobin2 acc 0.0446 eff 0.0274 outinratio 0.0061 

WminusH126_4mu_massZ1_massZ2_genbin1_recobin2 acc 0.0367 eff 0.0209 outinratio 0.0067 

WplusH126_4mu_massZ1_massZ2_genbin1_recobin2 acc 0.0336 eff 0.0194 outinratio 0.0063 

ZH126_4mu_massZ1_massZ2_genbin1_recobin2 acc 0.0331 eff 0.0471 outinratio 0.0537 

ttH126_4mu_massZ1_massZ2_genbin1_recobin2 acc 0.0478 eff 0.0226 outinratio 0.0344 

ggH126_4mu_massZ1_massZ2_genbin2_recobin2 acc 0.0396 eff 0.722 outinratio 0.0003 

VBFH126_4mu_massZ1_massZ2_genbin2_recobin2 acc 0.0437 eff 0.7262 outinratio 0.0061 

WminusH126_4mu_massZ1_massZ2_genbin2_recobin2 acc 0.0368 eff 0.6737 outinratio 0.0067 

WplusH126_4mu_massZ1_massZ2_genbin2_recobin2 acc 0.0329 eff 0.6586 outinratio 0.0063 

ZH126_4mu_massZ1_massZ2_genbin2_recobin2 acc 0.0314 eff 0.6393 outinratio 0.0537 

ttH126_4mu_massZ1_massZ2_genbin2_recobin2 acc 0.045 eff 0.5306 outinratio 0.0344 

ggH126_4mu_massZ1_massZ2_genbin3_recobin2 acc 0.0628 eff 0.0302 outinratio 0.0003 

VBFH126_4mu_massZ1_massZ2_genbin3_recobin2 acc 0.0689 eff 0.0282 outinratio 0.0061 

WminusH126_4mu_massZ1_massZ2_genbin3_recobin2 acc 0.0584 eff 0.0218 outinratio 0.0067 

WplusH126_4mu_massZ1_massZ2_genbin3_recobin2 acc 0.0515 eff 0.0252 outinratio 0.0063 

ZH126_4mu_massZ1_massZ2_genbin3_recobin2 acc 0.0535 eff 0.0168 outinratio 0.0537 

ttH126_4mu_massZ1_massZ2_genbin3_recobin2 acc 0.0685 eff 0.0192 outinratio 0.0344 

ggH126_4mu_massZ1_massZ2_genbin4_recobin2 acc 0.1261 eff 0.0 outinratio 0.0003 

VBFH126_4mu_massZ1_massZ2_genbin4_recobin2 acc 0.1398 eff 0.0 outinratio 0.0061 

WminusH126_4mu_massZ1_massZ2_genbin4_recobin2 acc 0.118 eff 0.0 outinratio 0.0067 

WplusH126_4mu_massZ1_massZ2_genbin4_recobin2 acc 0.1038 eff 0.0 outinratio 0.0063 

ZH126_4mu_massZ1_massZ2_genbin4_recobin2 acc 0.1133 eff 0.0 outinratio 0.0537 

ttH126_4mu_massZ1_massZ2_genbin4_recobin2 acc 0.142 eff 0.0 outinratio 0.0344 

ggH126_4mu_massZ1_massZ2_genbin5_recobin2 acc 0.0452 eff 0.0 outinratio 0.0003 

VBFH126_4mu_massZ1_massZ2_genbin5_recobin2 acc 0.0503 eff 0.0 outinratio 0.0061 

WminusH126_4mu_massZ1_massZ2_genbin5_recobin2 acc 0.043 eff 0.0002 outinratio 0.0067 

WplusH126_4mu_massZ1_massZ2_genbin5_recobin2 acc 0.0376 eff 0.0 outinratio 0.0063 

ZH126_4mu_massZ1_massZ2_genbin5_recobin2 acc 0.0411 eff 0.0 outinratio 0.0537 

ttH126_4mu_massZ1_massZ2_genbin5_recobin2 acc 0.0504 eff 0.0 outinratio 0.0344 

ggH126_4mu_massZ1_massZ2_genbin6_recobin2 acc 0.0977 eff 0.0193 outinratio 0.0003 

VBFH126_4mu_massZ1_massZ2_genbin6_recobin2 acc 0.1047 eff 0.018 outinratio 0.0061 

WminusH126_4mu_massZ1_massZ2_genbin6_recobin2 acc 0.0885 eff 0.0172 outinratio 0.0067 

WplusH126_4mu_massZ1_massZ2_genbin6_recobin2 acc 0.0777 eff 0.0151 outinratio 0.0063 

ZH126_4mu_massZ1_massZ2_genbin6_recobin2 acc 0.0823 eff 0.0139 outinratio 0.0537 

ttH126_4mu_massZ1_massZ2_genbin6_recobin2 acc 0.1023 eff 0.0148 outinratio 0.0344 

ggH126_4mu_massZ1_massZ2_genbin0_recobin3 acc 0.0638 eff 0.0023 outinratio 0.0041 

VBFH126_4mu_massZ1_massZ2_genbin0_recobin3 acc 0.0675 eff 0.001 outinratio 0.006 

WminusH126_4mu_massZ1_massZ2_genbin0_recobin3 acc 0.0585 eff 0.0031 outinratio 0.0072 

WplusH126_4mu_massZ1_massZ2_genbin0_recobin3 acc 0.0516 eff 0.0016 outinratio 0.0081 

ZH126_4mu_massZ1_massZ2_genbin0_recobin3 acc 0.0586 eff 0.0018 outinratio 0.0509 

ttH126_4mu_massZ1_massZ2_genbin0_recobin3 acc 0.0722 eff 0.0002 outinratio 0.0214 

ggH126_4mu_massZ1_massZ2_genbin1_recobin3 acc 0.0418 eff 0.0011 outinratio 0.0041 

VBFH126_4mu_massZ1_massZ2_genbin1_recobin3 acc 0.0446 eff 0.0083 outinratio 0.006 

WminusH126_4mu_massZ1_massZ2_genbin1_recobin3 acc 0.0367 eff 0.0048 outinratio 0.0072 

WplusH126_4mu_massZ1_massZ2_genbin1_recobin3 acc 0.0336 eff 0.0061 outinratio 0.0081 

ZH126_4mu_massZ1_massZ2_genbin1_recobin3 acc 0.0331 eff 0.0003 outinratio 0.0509 

ttH126_4mu_massZ1_massZ2_genbin1_recobin3 acc 0.0478 eff 0.0 outinratio 0.0214 

ggH126_4mu_massZ1_massZ2_genbin2_recobin3 acc 0.0396 eff 0.0129 outinratio 0.0041 

VBFH126_4mu_massZ1_massZ2_genbin2_recobin3 acc 0.0437 eff 0.0181 outinratio 0.006 

WminusH126_4mu_massZ1_massZ2_genbin2_recobin3 acc 0.0368 eff 0.0217 outinratio 0.0072 

WplusH126_4mu_massZ1_massZ2_genbin2_recobin3 acc 0.0329 eff 0.0284 outinratio 0.0081 

ZH126_4mu_massZ1_massZ2_genbin2_recobin3 acc 0.0314 eff 0.0306 outinratio 0.0509 

ttH126_4mu_massZ1_massZ2_genbin2_recobin3 acc 0.045 eff 0.041 outinratio 0.0214 

ggH126_4mu_massZ1_massZ2_genbin3_recobin3 acc 0.0628 eff 0.7961 outinratio 0.0041 

VBFH126_4mu_massZ1_massZ2_genbin3_recobin3 acc 0.0689 eff 0.8098 outinratio 0.006 

WminusH126_4mu_massZ1_massZ2_genbin3_recobin3 acc 0.0584 eff 0.7477 outinratio 0.0072 

WplusH126_4mu_massZ1_massZ2_genbin3_recobin3 acc 0.0515 eff 0.7382 outinratio 0.0081 

ZH126_4mu_massZ1_massZ2_genbin3_recobin3 acc 0.0535 eff 0.7647 outinratio 0.0509 

ttH126_4mu_massZ1_massZ2_genbin3_recobin3 acc 0.0685 eff 0.5748 outinratio 0.0214 

ggH126_4mu_massZ1_massZ2_genbin4_recobin3 acc 0.1261 eff 0.0 outinratio 0.0041 

VBFH126_4mu_massZ1_massZ2_genbin4_recobin3 acc 0.1398 eff 0.0 outinratio 0.006 

WminusH126_4mu_massZ1_massZ2_genbin4_recobin3 acc 0.118 eff 0.0 outinratio 0.0072 

WplusH126_4mu_massZ1_massZ2_genbin4_recobin3 acc 0.1038 eff 0.0 outinratio 0.0081 

ZH126_4mu_massZ1_massZ2_genbin4_recobin3 acc 0.1133 eff 0.0 outinratio 0.0509 

ttH126_4mu_massZ1_massZ2_genbin4_recobin3 acc 0.142 eff 0.0 outinratio 0.0214 

ggH126_4mu_massZ1_massZ2_genbin5_recobin3 acc 0.0452 eff 0.0 outinratio 0.0041 

VBFH126_4mu_massZ1_massZ2_genbin5_recobin3 acc 0.0503 eff 0.0 outinratio 0.006 

WminusH126_4mu_massZ1_massZ2_genbin5_recobin3 acc 0.043 eff 0.0 outinratio 0.0072 

WplusH126_4mu_massZ1_massZ2_genbin5_recobin3 acc 0.0376 eff 0.0 outinratio 0.0081 

ZH126_4mu_massZ1_massZ2_genbin5_recobin3 acc 0.0411 eff 0.0 outinratio 0.0509 

ttH126_4mu_massZ1_massZ2_genbin5_recobin3 acc 0.0504 eff 0.0 outinratio 0.0214 

ggH126_4mu_massZ1_massZ2_genbin6_recobin3 acc 0.0977 eff 0.0002 outinratio 0.0041 

VBFH126_4mu_massZ1_massZ2_genbin6_recobin3 acc 0.1047 eff 0.0001 outinratio 0.006 

WminusH126_4mu_massZ1_massZ2_genbin6_recobin3 acc 0.0885 eff 0.0003 outinratio 0.0072 

WplusH126_4mu_massZ1_massZ2_genbin6_recobin3 acc 0.0777 eff 0.0002 outinratio 0.0081 

ZH126_4mu_massZ1_massZ2_genbin6_recobin3 acc 0.0823 eff 0.0 outinratio 0.0509 

ttH126_4mu_massZ1_massZ2_genbin6_recobin3 acc 0.1023 eff 0.0 outinratio 0.0214 

ggH126_4mu_massZ1_massZ2_genbin0_recobin4 acc 0.0638 eff 0.0232 outinratio 0.0086 

VBFH126_4mu_massZ1_massZ2_genbin0_recobin4 acc 0.0675 eff 0.0413 outinratio 0.0038 

WminusH126_4mu_massZ1_massZ2_genbin0_recobin4 acc 0.0585 eff 0.0372 outinratio 0.0102 

WplusH126_4mu_massZ1_massZ2_genbin0_recobin4 acc 0.0516 eff 0.0362 outinratio 0.0133 

ZH126_4mu_massZ1_massZ2_genbin0_recobin4 acc 0.0586 eff 0.0384 outinratio 0.0347 

ttH126_4mu_massZ1_massZ2_genbin0_recobin4 acc 0.0722 eff 0.0302 outinratio 0.0293 

ggH126_4mu_massZ1_massZ2_genbin1_recobin4 acc 0.0418 eff 0.0015 outinratio 0.0086 

VBFH126_4mu_massZ1_massZ2_genbin1_recobin4 acc 0.0446 eff 0.0 outinratio 0.0038 

WminusH126_4mu_massZ1_massZ2_genbin1_recobin4 acc 0.0367 eff 0.0003 outinratio 0.0102 

WplusH126_4mu_massZ1_massZ2_genbin1_recobin4 acc 0.0336 eff 0.0 outinratio 0.0133 

ZH126_4mu_massZ1_massZ2_genbin1_recobin4 acc 0.0331 eff 0.0 outinratio 0.0347 

ttH126_4mu_massZ1_massZ2_genbin1_recobin4 acc 0.0478 eff 0.0 outinratio 0.0293 

ggH126_4mu_massZ1_massZ2_genbin2_recobin4 acc 0.0396 eff 0.0 outinratio 0.0086 

VBFH126_4mu_massZ1_massZ2_genbin2_recobin4 acc 0.0437 eff 0.0 outinratio 0.0038 

WminusH126_4mu_massZ1_massZ2_genbin2_recobin4 acc 0.0368 eff 0.0 outinratio 0.0102 

WplusH126_4mu_massZ1_massZ2_genbin2_recobin4 acc 0.0329 eff 0.0 outinratio 0.0133 

ZH126_4mu_massZ1_massZ2_genbin2_recobin4 acc 0.0314 eff 0.0 outinratio 0.0347 

ttH126_4mu_massZ1_massZ2_genbin2_recobin4 acc 0.045 eff 0.0 outinratio 0.0293 

ggH126_4mu_massZ1_massZ2_genbin3_recobin4 acc 0.0628 eff 0.0 outinratio 0.0086 

VBFH126_4mu_massZ1_massZ2_genbin3_recobin4 acc 0.0689 eff 0.0 outinratio 0.0038 

WminusH126_4mu_massZ1_massZ2_genbin3_recobin4 acc 0.0584 eff 0.0 outinratio 0.0102 

WplusH126_4mu_massZ1_massZ2_genbin3_recobin4 acc 0.0515 eff 0.0 outinratio 0.0133 

ZH126_4mu_massZ1_massZ2_genbin3_recobin4 acc 0.0535 eff 0.0 outinratio 0.0347 

ttH126_4mu_massZ1_massZ2_genbin3_recobin4 acc 0.0685 eff 0.0 outinratio 0.0293 

ggH126_4mu_massZ1_massZ2_genbin4_recobin4 acc 0.1261 eff 0.6756 outinratio 0.0086 

VBFH126_4mu_massZ1_massZ2_genbin4_recobin4 acc 0.1398 eff 0.7087 outinratio 0.0038 

WminusH126_4mu_massZ1_massZ2_genbin4_recobin4 acc 0.118 eff 0.6544 outinratio 0.0102 

WplusH126_4mu_massZ1_massZ2_genbin4_recobin4 acc 0.1038 eff 0.6363 outinratio 0.0133 

ZH126_4mu_massZ1_massZ2_genbin4_recobin4 acc 0.1133 eff 0.6739 outinratio 0.0347 

ttH126_4mu_massZ1_massZ2_genbin4_recobin4 acc 0.142 eff 0.4981 outinratio 0.0293 

ggH126_4mu_massZ1_massZ2_genbin5_recobin4 acc 0.0452 eff 0.031 outinratio 0.0086 

VBFH126_4mu_massZ1_massZ2_genbin5_recobin4 acc 0.0503 eff 0.0491 outinratio 0.0038 

WminusH126_4mu_massZ1_massZ2_genbin5_recobin4 acc 0.043 eff 0.0411 outinratio 0.0102 

WplusH126_4mu_massZ1_massZ2_genbin5_recobin4 acc 0.0376 eff 0.0403 outinratio 0.0133 

ZH126_4mu_massZ1_massZ2_genbin5_recobin4 acc 0.0411 eff 0.0321 outinratio 0.0347 

ttH126_4mu_massZ1_massZ2_genbin5_recobin4 acc 0.0504 eff 0.0264 outinratio 0.0293 

ggH126_4mu_massZ1_massZ2_genbin6_recobin4 acc 0.0977 eff 0.0024 outinratio 0.0086 

VBFH126_4mu_massZ1_massZ2_genbin6_recobin4 acc 0.1047 eff 0.002 outinratio 0.0038 

WminusH126_4mu_massZ1_massZ2_genbin6_recobin4 acc 0.0885 eff 0.0015 outinratio 0.0102 

WplusH126_4mu_massZ1_massZ2_genbin6_recobin4 acc 0.0777 eff 0.0023 outinratio 0.0133 

ZH126_4mu_massZ1_massZ2_genbin6_recobin4 acc 0.0823 eff 0.0007 outinratio 0.0347 

ttH126_4mu_massZ1_massZ2_genbin6_recobin4 acc 0.1023 eff 0.0012 outinratio 0.0293 

ggH126_4mu_massZ1_massZ2_genbin0_recobin5 acc 0.0638 eff 0.0154 outinratio 0.0037 

VBFH126_4mu_massZ1_massZ2_genbin0_recobin5 acc 0.0675 eff 0.0125 outinratio 0.0036 

WminusH126_4mu_massZ1_massZ2_genbin0_recobin5 acc 0.0585 eff 0.0105 outinratio 0.0098 

WplusH126_4mu_massZ1_massZ2_genbin0_recobin5 acc 0.0516 eff 0.0128 outinratio 0.0072 

ZH126_4mu_massZ1_massZ2_genbin0_recobin5 acc 0.0586 eff 0.0124 outinratio 0.0433 

ttH126_4mu_massZ1_massZ2_genbin0_recobin5 acc 0.0722 eff 0.0064 outinratio 0.0524 

ggH126_4mu_massZ1_massZ2_genbin1_recobin5 acc 0.0418 eff 0.0037 outinratio 0.0037 

VBFH126_4mu_massZ1_massZ2_genbin1_recobin5 acc 0.0446 eff 0.0001 outinratio 0.0036 

WminusH126_4mu_massZ1_massZ2_genbin1_recobin5 acc 0.0367 eff 0.0012 outinratio 0.0098 

WplusH126_4mu_massZ1_massZ2_genbin1_recobin5 acc 0.0336 eff 0.0007 outinratio 0.0072 

ZH126_4mu_massZ1_massZ2_genbin1_recobin5 acc 0.0331 eff 0.0 outinratio 0.0433 

ttH126_4mu_massZ1_massZ2_genbin1_recobin5 acc 0.0478 eff 0.0033 outinratio 0.0524 

ggH126_4mu_massZ1_massZ2_genbin2_recobin5 acc 0.0396 eff 0.0 outinratio 0.0037 

VBFH126_4mu_massZ1_massZ2_genbin2_recobin5 acc 0.0437 eff 0.0 outinratio 0.0036 

WminusH126_4mu_massZ1_massZ2_genbin2_recobin5 acc 0.0368 eff 0.0003 outinratio 0.0098 

WplusH126_4mu_massZ1_massZ2_genbin2_recobin5 acc 0.0329 eff 0.0 outinratio 0.0072 

ZH126_4mu_massZ1_massZ2_genbin2_recobin5 acc 0.0314 eff 0.0 outinratio 0.0433 

ttH126_4mu_massZ1_massZ2_genbin2_recobin5 acc 0.045 eff 0.0 outinratio 0.0524 

ggH126_4mu_massZ1_massZ2_genbin3_recobin5 acc 0.0628 eff 0.0 outinratio 0.0037 

VBFH126_4mu_massZ1_massZ2_genbin3_recobin5 acc 0.0689 eff 0.0 outinratio 0.0036 

WminusH126_4mu_massZ1_massZ2_genbin3_recobin5 acc 0.0584 eff 0.0 outinratio 0.0098 

WplusH126_4mu_massZ1_massZ2_genbin3_recobin5 acc 0.0515 eff 0.0 outinratio 0.0072 

ZH126_4mu_massZ1_massZ2_genbin3_recobin5 acc 0.0535 eff 0.0 outinratio 0.0433 

ttH126_4mu_massZ1_massZ2_genbin3_recobin5 acc 0.0685 eff 0.0 outinratio 0.0524 

ggH126_4mu_massZ1_massZ2_genbin4_recobin5 acc 0.1261 eff 0.0101 outinratio 0.0037 

VBFH126_4mu_massZ1_massZ2_genbin4_recobin5 acc 0.1398 eff 0.01 outinratio 0.0036 

WminusH126_4mu_massZ1_massZ2_genbin4_recobin5 acc 0.118 eff 0.0082 outinratio 0.0098 

WplusH126_4mu_massZ1_massZ2_genbin4_recobin5 acc 0.1038 eff 0.0083 outinratio 0.0072 

ZH126_4mu_massZ1_massZ2_genbin4_recobin5 acc 0.1133 eff 0.0071 outinratio 0.0433 

ttH126_4mu_massZ1_massZ2_genbin4_recobin5 acc 0.142 eff 0.0029 outinratio 0.0524 

ggH126_4mu_massZ1_massZ2_genbin5_recobin5 acc 0.0452 eff 0.6644 outinratio 0.0037 

VBFH126_4mu_massZ1_massZ2_genbin5_recobin5 acc 0.0503 eff 0.6629 outinratio 0.0036 

WminusH126_4mu_massZ1_massZ2_genbin5_recobin5 acc 0.043 eff 0.5891 outinratio 0.0098 

WplusH126_4mu_massZ1_massZ2_genbin5_recobin5 acc 0.0376 eff 0.5857 outinratio 0.0072 

ZH126_4mu_massZ1_massZ2_genbin5_recobin5 acc 0.0411 eff 0.6082 outinratio 0.0433 

ttH126_4mu_massZ1_massZ2_genbin5_recobin5 acc 0.0504 eff 0.4037 outinratio 0.0524 

ggH126_4mu_massZ1_massZ2_genbin6_recobin5 acc 0.0977 eff 0.0205 outinratio 0.0037 

VBFH126_4mu_massZ1_massZ2_genbin6_recobin5 acc 0.1047 eff 0.0275 outinratio 0.0036 

WminusH126_4mu_massZ1_massZ2_genbin6_recobin5 acc 0.0885 eff 0.0245 outinratio 0.0098 

WplusH126_4mu_massZ1_massZ2_genbin6_recobin5 acc 0.0777 eff 0.0251 outinratio 0.0072 

ZH126_4mu_massZ1_massZ2_genbin6_recobin5 acc 0.0823 eff 0.0183 outinratio 0.0433 

ttH126_4mu_massZ1_massZ2_genbin6_recobin5 acc 0.1023 eff 0.0182 outinratio 0.0524 

ggH126_4mu_massZ1_massZ2_genbin0_recobin6 acc 0.0638 eff 0.0024 outinratio 0.0027 

VBFH126_4mu_massZ1_massZ2_genbin0_recobin6 acc 0.0675 eff 0.0009 outinratio 0.0046 

WminusH126_4mu_massZ1_massZ2_genbin0_recobin6 acc 0.0585 eff 0.0007 outinratio 0.0054 

WplusH126_4mu_massZ1_massZ2_genbin0_recobin6 acc 0.0516 eff 0.0016 outinratio 0.0091 

ZH126_4mu_massZ1_massZ2_genbin0_recobin6 acc 0.0586 eff 0.0023 outinratio 0.0539 

ttH126_4mu_massZ1_massZ2_genbin0_recobin6 acc 0.0722 eff 0.0 outinratio 0.0176 

ggH126_4mu_massZ1_massZ2_genbin1_recobin6 acc 0.0418 eff 0.0535 outinratio 0.0027 

VBFH126_4mu_massZ1_massZ2_genbin1_recobin6 acc 0.0446 eff 0.0384 outinratio 0.0046 

WminusH126_4mu_massZ1_massZ2_genbin1_recobin6 acc 0.0367 eff 0.0524 outinratio 0.0054 

WplusH126_4mu_massZ1_massZ2_genbin1_recobin6 acc 0.0336 eff 0.0497 outinratio 0.0091 

ZH126_4mu_massZ1_massZ2_genbin1_recobin6 acc 0.0331 eff 0.0427 outinratio 0.0539 

ttH126_4mu_massZ1_massZ2_genbin1_recobin6 acc 0.0478 eff 0.0416 outinratio 0.0176 

ggH126_4mu_massZ1_massZ2_genbin2_recobin6 acc 0.0396 eff 0.0213 outinratio 0.0027 

VBFH126_4mu_massZ1_massZ2_genbin2_recobin6 acc 0.0437 eff 0.0325 outinratio 0.0046 

WminusH126_4mu_massZ1_massZ2_genbin2_recobin6 acc 0.0368 eff 0.0243 outinratio 0.0054 

WplusH126_4mu_massZ1_massZ2_genbin2_recobin6 acc 0.0329 eff 0.0268 outinratio 0.0091 

ZH126_4mu_massZ1_massZ2_genbin2_recobin6 acc 0.0314 eff 0.0217 outinratio 0.0539 

ttH126_4mu_massZ1_massZ2_genbin2_recobin6 acc 0.045 eff 0.0379 outinratio 0.0176 

ggH126_4mu_massZ1_massZ2_genbin3_recobin6 acc 0.0628 eff 0.0 outinratio 0.0027 

VBFH126_4mu_massZ1_massZ2_genbin3_recobin6 acc 0.0689 eff 0.0007 outinratio 0.0046 

WminusH126_4mu_massZ1_massZ2_genbin3_recobin6 acc 0.0584 eff 0.0005 outinratio 0.0054 

WplusH126_4mu_massZ1_massZ2_genbin3_recobin6 acc 0.0515 eff 0.0006 outinratio 0.0091 

ZH126_4mu_massZ1_massZ2_genbin3_recobin6 acc 0.0535 eff 0.0 outinratio 0.0539 

ttH126_4mu_massZ1_massZ2_genbin3_recobin6 acc 0.0685 eff 0.0028 outinratio 0.0176 

ggH126_4mu_massZ1_massZ2_genbin4_recobin6 acc 0.1261 eff 0.0007 outinratio 0.0027 

VBFH126_4mu_massZ1_massZ2_genbin4_recobin6 acc 0.1398 eff 0.0007 outinratio 0.0046 

WminusH126_4mu_massZ1_massZ2_genbin4_recobin6 acc 0.118 eff 0.0011 outinratio 0.0054 

WplusH126_4mu_massZ1_massZ2_genbin4_recobin6 acc 0.1038 eff 0.001 outinratio 0.0091 

ZH126_4mu_massZ1_massZ2_genbin4_recobin6 acc 0.1133 eff 0.0012 outinratio 0.0539 

ttH126_4mu_massZ1_massZ2_genbin4_recobin6 acc 0.142 eff 0.0007 outinratio 0.0176 

ggH126_4mu_massZ1_massZ2_genbin5_recobin6 acc 0.0452 eff 0.0291 outinratio 0.0027 

VBFH126_4mu_massZ1_massZ2_genbin5_recobin6 acc 0.0503 eff 0.0369 outinratio 0.0046 

WminusH126_4mu_massZ1_massZ2_genbin5_recobin6 acc 0.043 eff 0.0302 outinratio 0.0054 

WplusH126_4mu_massZ1_massZ2_genbin5_recobin6 acc 0.0376 eff 0.0273 outinratio 0.0091 

ZH126_4mu_massZ1_massZ2_genbin5_recobin6 acc 0.0411 eff 0.0286 outinratio 0.0539 

ttH126_4mu_massZ1_massZ2_genbin5_recobin6 acc 0.0504 eff 0.0183 outinratio 0.0176 

ggH126_4mu_massZ1_massZ2_genbin6_recobin6 acc 0.0977 eff 0.6689 outinratio 0.0027 

VBFH126_4mu_massZ1_massZ2_genbin6_recobin6 acc 0.1047 eff 0.6832 outinratio 0.0046 

WminusH126_4mu_massZ1_massZ2_genbin6_recobin6 acc 0.0885 eff 0.6338 outinratio 0.0054 

WplusH126_4mu_massZ1_massZ2_genbin6_recobin6 acc 0.0777 eff 0.6266 outinratio 0.0091 

ZH126_4mu_massZ1_massZ2_genbin6_recobin6 acc 0.0823 eff 0.6519 outinratio 0.0539 

ttH126_4mu_massZ1_massZ2_genbin6_recobin6 acc 0.1023 eff 0.48 outinratio 0.0176 

ggH126_2e2mu_massZ1_massZ2_genbin0_recobin0 acc 0.0521 eff 0.5068 outinratio 0.0121 

VBFH126_2e2mu_massZ1_massZ2_genbin0_recobin0 acc 0.0557 eff 0.5338 outinratio 0.0086 

WminusH126_2e2mu_massZ1_massZ2_genbin0_recobin0 acc 0.0474 eff 0.4817 outinratio 0.0185 

WplusH126_2e2mu_massZ1_massZ2_genbin0_recobin0 acc 0.0423 eff 0.4702 outinratio 0.0213 

ZH126_2e2mu_massZ1_massZ2_genbin0_recobin0 acc 0.0464 eff 0.4885 outinratio 0.0534 

ttH126_2e2mu_massZ1_massZ2_genbin0_recobin0 acc 0.0559 eff 0.3824 outinratio 0.0417 

ggH126_2e2mu_massZ1_massZ2_genbin1_recobin0 acc 0.0352 eff 0.0368 outinratio 0.0121 

VBFH126_2e2mu_massZ1_massZ2_genbin1_recobin0 acc 0.0362 eff 0.0316 outinratio 0.0086 

WminusH126_2e2mu_massZ1_massZ2_genbin1_recobin0 acc 0.0309 eff 0.0367 outinratio 0.0185 

WplusH126_2e2mu_massZ1_massZ2_genbin1_recobin0 acc 0.0276 eff 0.0362 outinratio 0.0213 

ZH126_2e2mu_massZ1_massZ2_genbin1_recobin0 acc 0.0314 eff 0.0573 outinratio 0.0534 

ttH126_2e2mu_massZ1_massZ2_genbin1_recobin0 acc 0.037 eff 0.0306 outinratio 0.0417 

ggH126_2e2mu_massZ1_massZ2_genbin2_recobin0 acc 0.0348 eff 0.0039 outinratio 0.0121 

VBFH126_2e2mu_massZ1_massZ2_genbin2_recobin0 acc 0.0358 eff 0.0004 outinratio 0.0086 

WminusH126_2e2mu_massZ1_massZ2_genbin2_recobin0 acc 0.0308 eff 0.0016 outinratio 0.0185 

WplusH126_2e2mu_massZ1_massZ2_genbin2_recobin0 acc 0.0267 eff 0.0013 outinratio 0.0213 

ZH126_2e2mu_massZ1_massZ2_genbin2_recobin0 acc 0.0302 eff 0.0024 outinratio 0.0534 

ttH126_2e2mu_massZ1_massZ2_genbin2_recobin0 acc 0.033 eff 0.0055 outinratio 0.0417 

ggH126_2e2mu_massZ1_massZ2_genbin3_recobin0 acc 0.0468 eff 0.0 outinratio 0.0121 

VBFH126_2e2mu_massZ1_massZ2_genbin3_recobin0 acc 0.0518 eff 0.0 outinratio 0.0086 

WminusH126_2e2mu_massZ1_massZ2_genbin3_recobin0 acc 0.0428 eff 0.0002 outinratio 0.0185 

WplusH126_2e2mu_massZ1_massZ2_genbin3_recobin0 acc 0.0382 eff 0.0007 outinratio 0.0213 

ZH126_2e2mu_massZ1_massZ2_genbin3_recobin0 acc 0.0411 eff 0.0 outinratio 0.0534 

ttH126_2e2mu_massZ1_massZ2_genbin3_recobin0 acc 0.0494 eff 0.0015 outinratio 0.0417 

ggH126_2e2mu_massZ1_massZ2_genbin4_recobin0 acc 0.1197 eff 0.0874 outinratio 0.0121 

VBFH126_2e2mu_massZ1_massZ2_genbin4_recobin0 acc 0.14 eff 0.082 outinratio 0.0086 

WminusH126_2e2mu_massZ1_massZ2_genbin4_recobin0 acc 0.12 eff 0.074 outinratio 0.0185 

WplusH126_2e2mu_massZ1_massZ2_genbin4_recobin0 acc 0.1062 eff 0.0761 outinratio 0.0213 

ZH126_2e2mu_massZ1_massZ2_genbin4_recobin0 acc 0.1147 eff 0.073 outinratio 0.0534 

ttH126_2e2mu_massZ1_massZ2_genbin4_recobin0 acc 0.1481 eff 0.0633 outinratio 0.0417 

ggH126_2e2mu_massZ1_massZ2_genbin5_recobin0 acc 0.0483 eff 0.0819 outinratio 0.0121 

VBFH126_2e2mu_massZ1_massZ2_genbin5_recobin0 acc 0.0509 eff 0.0848 outinratio 0.0086 

WminusH126_2e2mu_massZ1_massZ2_genbin5_recobin0 acc 0.0437 eff 0.0746 outinratio 0.0185 

WplusH126_2e2mu_massZ1_massZ2_genbin5_recobin0 acc 0.0393 eff 0.0711 outinratio 0.0213 

ZH126_2e2mu_massZ1_massZ2_genbin5_recobin0 acc 0.0441 eff 0.0718 outinratio 0.0534 

ttH126_2e2mu_massZ1_massZ2_genbin5_recobin0 acc 0.0504 eff 0.0434 outinratio 0.0417 

ggH126_2e2mu_massZ1_massZ2_genbin6_recobin0 acc 0.1022 eff 0.0072 outinratio 0.0121 

VBFH126_2e2mu_massZ1_massZ2_genbin6_recobin0 acc 0.1066 eff 0.007 outinratio 0.0086 

WminusH126_2e2mu_massZ1_massZ2_genbin6_recobin0 acc 0.0933 eff 0.0047 outinratio 0.0185 

WplusH126_2e2mu_massZ1_massZ2_genbin6_recobin0 acc 0.0823 eff 0.0062 outinratio 0.0213 

ZH126_2e2mu_massZ1_massZ2_genbin6_recobin0 acc 0.085 eff 0.0043 outinratio 0.0534 

ttH126_2e2mu_massZ1_massZ2_genbin6_recobin0 acc 0.1077 eff 0.0052 outinratio 0.0417 

ggH126_2e2mu_massZ1_massZ2_genbin0_recobin1 acc 0.0521 eff 0.0074 outinratio 0.0065 

VBFH126_2e2mu_massZ1_massZ2_genbin0_recobin1 acc 0.0557 eff 0.0106 outinratio 0.0111 

WminusH126_2e2mu_massZ1_massZ2_genbin0_recobin1 acc 0.0474 eff 0.0102 outinratio 0.0158 

WplusH126_2e2mu_massZ1_massZ2_genbin0_recobin1 acc 0.0423 eff 0.0107 outinratio 0.0146 

ZH126_2e2mu_massZ1_massZ2_genbin0_recobin1 acc 0.0464 eff 0.011 outinratio 0.0552 

ttH126_2e2mu_massZ1_massZ2_genbin0_recobin1 acc 0.0559 eff 0.004 outinratio 0.0362 

ggH126_2e2mu_massZ1_massZ2_genbin1_recobin1 acc 0.0352 eff 0.4639 outinratio 0.0065 

VBFH126_2e2mu_massZ1_massZ2_genbin1_recobin1 acc 0.0362 eff 0.4679 outinratio 0.0111 

WminusH126_2e2mu_massZ1_massZ2_genbin1_recobin1 acc 0.0309 eff 0.4438 outinratio 0.0158 

WplusH126_2e2mu_massZ1_massZ2_genbin1_recobin1 acc 0.0276 eff 0.4299 outinratio 0.0146 

ZH126_2e2mu_massZ1_massZ2_genbin1_recobin1 acc 0.0314 eff 0.407 outinratio 0.0552 

ttH126_2e2mu_massZ1_massZ2_genbin1_recobin1 acc 0.037 eff 0.345 outinratio 0.0362 

ggH126_2e2mu_massZ1_massZ2_genbin2_recobin1 acc 0.0348 eff 0.0535 outinratio 0.0065 

VBFH126_2e2mu_massZ1_massZ2_genbin2_recobin1 acc 0.0358 eff 0.0523 outinratio 0.0111 

WminusH126_2e2mu_massZ1_massZ2_genbin2_recobin1 acc 0.0308 eff 0.0528 outinratio 0.0158 

WplusH126_2e2mu_massZ1_massZ2_genbin2_recobin1 acc 0.0267 eff 0.0488 outinratio 0.0146 

ZH126_2e2mu_massZ1_massZ2_genbin2_recobin1 acc 0.0302 eff 0.0464 outinratio 0.0552 

ttH126_2e2mu_massZ1_massZ2_genbin2_recobin1 acc 0.033 eff 0.0341 outinratio 0.0362 

ggH126_2e2mu_massZ1_massZ2_genbin3_recobin1 acc 0.0468 eff 0.0014 outinratio 0.0065 

VBFH126_2e2mu_massZ1_massZ2_genbin3_recobin1 acc 0.0518 eff 0.0018 outinratio 0.0111 

WminusH126_2e2mu_massZ1_massZ2_genbin3_recobin1 acc 0.0428 eff 0.0022 outinratio 0.0158 

WplusH126_2e2mu_massZ1_massZ2_genbin3_recobin1 acc 0.0382 eff 0.0021 outinratio 0.0146 

ZH126_2e2mu_massZ1_massZ2_genbin3_recobin1 acc 0.0411 eff 0.0045 outinratio 0.0552 

ttH126_2e2mu_massZ1_massZ2_genbin3_recobin1 acc 0.0494 eff 0.0 outinratio 0.0362 

ggH126_2e2mu_massZ1_massZ2_genbin4_recobin1 acc 0.1197 eff 0.0 outinratio 0.0065 

VBFH126_2e2mu_massZ1_massZ2_genbin4_recobin1 acc 0.14 eff 0.0001 outinratio 0.0111 

WminusH126_2e2mu_massZ1_massZ2_genbin4_recobin1 acc 0.12 eff 0.0001 outinratio 0.0158 

WplusH126_2e2mu_massZ1_massZ2_genbin4_recobin1 acc 0.1062 eff 0.0001 outinratio 0.0146 

ZH126_2e2mu_massZ1_massZ2_genbin4_recobin1 acc 0.1147 eff 0.0 outinratio 0.0552 

ttH126_2e2mu_massZ1_massZ2_genbin4_recobin1 acc 0.1481 eff 0.0005 outinratio 0.0362 

ggH126_2e2mu_massZ1_massZ2_genbin5_recobin1 acc 0.0483 eff 0.0044 outinratio 0.0065 

VBFH126_2e2mu_massZ1_massZ2_genbin5_recobin1 acc 0.0509 eff 0.0039 outinratio 0.0111 

WminusH126_2e2mu_massZ1_massZ2_genbin5_recobin1 acc 0.0437 eff 0.0054 outinratio 0.0158 

WplusH126_2e2mu_massZ1_massZ2_genbin5_recobin1 acc 0.0393 eff 0.0043 outinratio 0.0146 

ZH126_2e2mu_massZ1_massZ2_genbin5_recobin1 acc 0.0441 eff 0.0039 outinratio 0.0552 

ttH126_2e2mu_massZ1_massZ2_genbin5_recobin1 acc 0.0504 eff 0.0042 outinratio 0.0362 

ggH126_2e2mu_massZ1_massZ2_genbin6_recobin1 acc 0.1022 eff 0.0827 outinratio 0.0065 

VBFH126_2e2mu_massZ1_massZ2_genbin6_recobin1 acc 0.1066 eff 0.0787 outinratio 0.0111 

WminusH126_2e2mu_massZ1_massZ2_genbin6_recobin1 acc 0.0933 eff 0.0713 outinratio 0.0158 

WplusH126_2e2mu_massZ1_massZ2_genbin6_recobin1 acc 0.0823 eff 0.0734 outinratio 0.0146 

ZH126_2e2mu_massZ1_massZ2_genbin6_recobin1 acc 0.085 eff 0.075 outinratio 0.0552 

ttH126_2e2mu_massZ1_massZ2_genbin6_recobin1 acc 0.1077 eff 0.0533 outinratio 0.0362 

ggH126_2e2mu_massZ1_massZ2_genbin0_recobin2 acc 0.0521 eff 0.0018 outinratio 0.0073 

VBFH126_2e2mu_massZ1_massZ2_genbin0_recobin2 acc 0.0557 eff 0.0007 outinratio 0.0054 

WminusH126_2e2mu_massZ1_massZ2_genbin0_recobin2 acc 0.0474 eff 0.0014 outinratio 0.0171 

WplusH126_2e2mu_massZ1_massZ2_genbin0_recobin2 acc 0.0423 eff 0.0015 outinratio 0.0216 

ZH126_2e2mu_massZ1_massZ2_genbin0_recobin2 acc 0.0464 eff 0.0 outinratio 0.0529 

ttH126_2e2mu_massZ1_massZ2_genbin0_recobin2 acc 0.0559 eff 0.0004 outinratio 0.0377 

ggH126_2e2mu_massZ1_massZ2_genbin1_recobin2 acc 0.0352 eff 0.0239 outinratio 0.0073 

VBFH126_2e2mu_massZ1_massZ2_genbin1_recobin2 acc 0.0362 eff 0.0241 outinratio 0.0054 

WminusH126_2e2mu_massZ1_massZ2_genbin1_recobin2 acc 0.0309 eff 0.0251 outinratio 0.0171 

WplusH126_2e2mu_massZ1_massZ2_genbin1_recobin2 acc 0.0276 eff 0.023 outinratio 0.0216 

ZH126_2e2mu_massZ1_massZ2_genbin1_recobin2 acc 0.0314 eff 0.0298 outinratio 0.0529 

ttH126_2e2mu_massZ1_massZ2_genbin1_recobin2 acc 0.037 eff 0.0138 outinratio 0.0377 

ggH126_2e2mu_massZ1_massZ2_genbin2_recobin2 acc 0.0348 eff 0.4843 outinratio 0.0073 

VBFH126_2e2mu_massZ1_massZ2_genbin2_recobin2 acc 0.0358 eff 0.5053 outinratio 0.0054 

WminusH126_2e2mu_massZ1_massZ2_genbin2_recobin2 acc 0.0308 eff 0.4669 outinratio 0.0171 

WplusH126_2e2mu_massZ1_massZ2_genbin2_recobin2 acc 0.0267 eff 0.4494 outinratio 0.0216 

ZH126_2e2mu_massZ1_massZ2_genbin2_recobin2 acc 0.0302 eff 0.4706 outinratio 0.0529 

ttH126_2e2mu_massZ1_massZ2_genbin2_recobin2 acc 0.033 eff 0.3248 outinratio 0.0377 

ggH126_2e2mu_massZ1_massZ2_genbin3_recobin2 acc 0.0468 eff 0.0304 outinratio 0.0073 

VBFH126_2e2mu_massZ1_massZ2_genbin3_recobin2 acc 0.0518 eff 0.0282 outinratio 0.0054 

WminusH126_2e2mu_massZ1_massZ2_genbin3_recobin2 acc 0.0428 eff 0.0319 outinratio 0.0171 

WplusH126_2e2mu_massZ1_massZ2_genbin3_recobin2 acc 0.0382 eff 0.0292 outinratio 0.0216 

ZH126_2e2mu_massZ1_massZ2_genbin3_recobin2 acc 0.0411 eff 0.0251 outinratio 0.0529 

ttH126_2e2mu_massZ1_massZ2_genbin3_recobin2 acc 0.0494 eff 0.02 outinratio 0.0377 

ggH126_2e2mu_massZ1_massZ2_genbin4_recobin2 acc 0.1197 eff 0.0 outinratio 0.0073 

VBFH126_2e2mu_massZ1_massZ2_genbin4_recobin2 acc 0.14 eff 0.0002 outinratio 0.0054 

WminusH126_2e2mu_massZ1_massZ2_genbin4_recobin2 acc 0.12 eff 0.0002 outinratio 0.0171 

WplusH126_2e2mu_massZ1_massZ2_genbin4_recobin2 acc 0.1062 eff 0.0001 outinratio 0.0216 

ZH126_2e2mu_massZ1_massZ2_genbin4_recobin2 acc 0.1147 eff 0.0005 outinratio 0.0529 

ttH126_2e2mu_massZ1_massZ2_genbin4_recobin2 acc 0.1481 eff 0.0 outinratio 0.0377 

ggH126_2e2mu_massZ1_massZ2_genbin5_recobin2 acc 0.0483 eff 0.0005 outinratio 0.0073 

VBFH126_2e2mu_massZ1_massZ2_genbin5_recobin2 acc 0.0509 eff 0.0 outinratio 0.0054 

WminusH126_2e2mu_massZ1_massZ2_genbin5_recobin2 acc 0.0437 eff 0.0005 outinratio 0.0171 

WplusH126_2e2mu_massZ1_massZ2_genbin5_recobin2 acc 0.0393 eff 0.0001 outinratio 0.0216 

ZH126_2e2mu_massZ1_massZ2_genbin5_recobin2 acc 0.0441 eff 0.0 outinratio 0.0529 

ttH126_2e2mu_massZ1_massZ2_genbin5_recobin2 acc 0.0504 eff 0.0 outinratio 0.0377 

ggH126_2e2mu_massZ1_massZ2_genbin6_recobin2 acc 0.1022 eff 0.0193 outinratio 0.0073 

VBFH126_2e2mu_massZ1_massZ2_genbin6_recobin2 acc 0.1066 eff 0.02 outinratio 0.0054 

WminusH126_2e2mu_massZ1_massZ2_genbin6_recobin2 acc 0.0933 eff 0.0162 outinratio 0.0171 

WplusH126_2e2mu_massZ1_massZ2_genbin6_recobin2 acc 0.0823 eff 0.0157 outinratio 0.0216 

ZH126_2e2mu_massZ1_massZ2_genbin6_recobin2 acc 0.085 eff 0.0113 outinratio 0.0529 

ttH126_2e2mu_massZ1_massZ2_genbin6_recobin2 acc 0.1077 eff 0.0103 outinratio 0.0377 

ggH126_2e2mu_massZ1_massZ2_genbin0_recobin3 acc 0.0521 eff 0.0004 outinratio 0.0076 

VBFH126_2e2mu_massZ1_massZ2_genbin0_recobin3 acc 0.0557 eff 0.0008 outinratio 0.0114 

WminusH126_2e2mu_massZ1_massZ2_genbin0_recobin3 acc 0.0474 eff 0.0 outinratio 0.0216 

WplusH126_2e2mu_massZ1_massZ2_genbin0_recobin3 acc 0.0423 eff 0.0003 outinratio 0.0208 

ZH126_2e2mu_massZ1_massZ2_genbin0_recobin3 acc 0.0464 eff 0.0 outinratio 0.0442 

ttH126_2e2mu_massZ1_massZ2_genbin0_recobin3 acc 0.0559 eff 0.0 outinratio 0.0562 

ggH126_2e2mu_massZ1_massZ2_genbin1_recobin3 acc 0.0352 eff 0.0026 outinratio 0.0076 

VBFH126_2e2mu_massZ1_massZ2_genbin1_recobin3 acc 0.0362 eff 0.0009 outinratio 0.0114 

WminusH126_2e2mu_massZ1_massZ2_genbin1_recobin3 acc 0.0309 eff 0.002 outinratio 0.0216 

WplusH126_2e2mu_massZ1_massZ2_genbin1_recobin3 acc 0.0276 eff 0.0019 outinratio 0.0208 

ZH126_2e2mu_massZ1_massZ2_genbin1_recobin3 acc 0.0314 eff 0.0077 outinratio 0.0442 

ttH126_2e2mu_massZ1_massZ2_genbin1_recobin3 acc 0.037 eff 0.0018 outinratio 0.0562 

ggH126_2e2mu_massZ1_massZ2_genbin2_recobin3 acc 0.0348 eff 0.0226 outinratio 0.0076 

VBFH126_2e2mu_massZ1_massZ2_genbin2_recobin3 acc 0.0358 eff 0.0249 outinratio 0.0114 

WminusH126_2e2mu_massZ1_massZ2_genbin2_recobin3 acc 0.0308 eff 0.0233 outinratio 0.0216 

WplusH126_2e2mu_massZ1_massZ2_genbin2_recobin3 acc 0.0267 eff 0.0253 outinratio 0.0208 

ZH126_2e2mu_massZ1_massZ2_genbin2_recobin3 acc 0.0302 eff 0.0188 outinratio 0.0442 

ttH126_2e2mu_massZ1_massZ2_genbin2_recobin3 acc 0.033 eff 0.0225 outinratio 0.0562 

ggH126_2e2mu_massZ1_massZ2_genbin3_recobin3 acc 0.0468 eff 0.5944 outinratio 0.0076 

VBFH126_2e2mu_massZ1_massZ2_genbin3_recobin3 acc 0.0518 eff 0.6039 outinratio 0.0114 

WminusH126_2e2mu_massZ1_massZ2_genbin3_recobin3 acc 0.0428 eff 0.549 outinratio 0.0216 

WplusH126_2e2mu_massZ1_massZ2_genbin3_recobin3 acc 0.0382 eff 0.541 outinratio 0.0208 

ZH126_2e2mu_massZ1_massZ2_genbin3_recobin3 acc 0.0411 eff 0.5694 outinratio 0.0442 

ttH126_2e2mu_massZ1_massZ2_genbin3_recobin3 acc 0.0494 eff 0.4813 outinratio 0.0562 

ggH126_2e2mu_massZ1_massZ2_genbin4_recobin3 acc 0.1197 eff 0.0 outinratio 0.0076 

VBFH126_2e2mu_massZ1_massZ2_genbin4_recobin3 acc 0.14 eff 0.0 outinratio 0.0114 

WminusH126_2e2mu_massZ1_massZ2_genbin4_recobin3 acc 0.12 eff 0.0001 outinratio 0.0216 

WplusH126_2e2mu_massZ1_massZ2_genbin4_recobin3 acc 0.1062 eff 0.0 outinratio 0.0208 

ZH126_2e2mu_massZ1_massZ2_genbin4_recobin3 acc 0.1147 eff 0.0 outinratio 0.0442 

ttH126_2e2mu_massZ1_massZ2_genbin4_recobin3 acc 0.1481 eff 0.0 outinratio 0.0562 

ggH126_2e2mu_massZ1_massZ2_genbin5_recobin3 acc 0.0483 eff 0.0 outinratio 0.0076 

VBFH126_2e2mu_massZ1_massZ2_genbin5_recobin3 acc 0.0509 eff 0.0 outinratio 0.0114 

WminusH126_2e2mu_massZ1_massZ2_genbin5_recobin3 acc 0.0437 eff 0.0003 outinratio 0.0216 

WplusH126_2e2mu_massZ1_massZ2_genbin5_recobin3 acc 0.0393 eff 0.0001 outinratio 0.0208 

ZH126_2e2mu_massZ1_massZ2_genbin5_recobin3 acc 0.0441 eff 0.0 outinratio 0.0442 

ttH126_2e2mu_massZ1_massZ2_genbin5_recobin3 acc 0.0504 eff 0.0 outinratio 0.0562 

ggH126_2e2mu_massZ1_massZ2_genbin6_recobin3 acc 0.1022 eff 0.0 outinratio 0.0076 

VBFH126_2e2mu_massZ1_massZ2_genbin6_recobin3 acc 0.1066 eff 0.0003 outinratio 0.0114 

WminusH126_2e2mu_massZ1_massZ2_genbin6_recobin3 acc 0.0933 eff 0.0002 outinratio 0.0216 

WplusH126_2e2mu_massZ1_massZ2_genbin6_recobin3 acc 0.0823 eff 0.0004 outinratio 0.0208 

ZH126_2e2mu_massZ1_massZ2_genbin6_recobin3 acc 0.085 eff 0.0008 outinratio 0.0442 

ttH126_2e2mu_massZ1_massZ2_genbin6_recobin3 acc 0.1077 eff 0.0016 outinratio 0.0562 

ggH126_2e2mu_massZ1_massZ2_genbin0_recobin4 acc 0.0521 eff 0.031 outinratio 0.0149 

VBFH126_2e2mu_massZ1_massZ2_genbin0_recobin4 acc 0.0557 eff 0.0425 outinratio 0.0073 

WminusH126_2e2mu_massZ1_massZ2_genbin0_recobin4 acc 0.0474 eff 0.0317 outinratio 0.0177 

WplusH126_2e2mu_massZ1_massZ2_genbin0_recobin4 acc 0.0423 eff 0.0382 outinratio 0.015 

ZH126_2e2mu_massZ1_massZ2_genbin0_recobin4 acc 0.0464 eff 0.0341 outinratio 0.0543 

ttH126_2e2mu_massZ1_massZ2_genbin0_recobin4 acc 0.0559 eff 0.0273 outinratio 0.0282 

ggH126_2e2mu_massZ1_massZ2_genbin1_recobin4 acc 0.0352 eff 0.0 outinratio 0.0149 

VBFH126_2e2mu_massZ1_massZ2_genbin1_recobin4 acc 0.0362 eff 0.0006 outinratio 0.0073 

WminusH126_2e2mu_massZ1_massZ2_genbin1_recobin4 acc 0.0309 eff 0.0 outinratio 0.0177 

WplusH126_2e2mu_massZ1_massZ2_genbin1_recobin4 acc 0.0276 eff -0.0001 outinratio 0.015 

ZH126_2e2mu_massZ1_massZ2_genbin1_recobin4 acc 0.0314 eff 0.0024 outinratio 0.0543 

ttH126_2e2mu_massZ1_massZ2_genbin1_recobin4 acc 0.037 eff 0.0019 outinratio 0.0282 

ggH126_2e2mu_massZ1_massZ2_genbin2_recobin4 acc 0.0348 eff 0.0 outinratio 0.0149 

VBFH126_2e2mu_massZ1_massZ2_genbin2_recobin4 acc 0.0358 eff 0.0 outinratio 0.0073 

WminusH126_2e2mu_massZ1_massZ2_genbin2_recobin4 acc 0.0308 eff 0.0 outinratio 0.0177 

WplusH126_2e2mu_massZ1_massZ2_genbin2_recobin4 acc 0.0267 eff 0.0 outinratio 0.015 

ZH126_2e2mu_massZ1_massZ2_genbin2_recobin4 acc 0.0302 eff 0.0 outinratio 0.0543 

ttH126_2e2mu_massZ1_massZ2_genbin2_recobin4 acc 0.033 eff 0.0 outinratio 0.0282 

ggH126_2e2mu_massZ1_massZ2_genbin3_recobin4 acc 0.0468 eff 0.0 outinratio 0.0149 

VBFH126_2e2mu_massZ1_massZ2_genbin3_recobin4 acc 0.0518 eff 0.0 outinratio 0.0073 

WminusH126_2e2mu_massZ1_massZ2_genbin3_recobin4 acc 0.0428 eff 0.0 outinratio 0.0177 

WplusH126_2e2mu_massZ1_massZ2_genbin3_recobin4 acc 0.0382 eff 0.0 outinratio 0.015 

ZH126_2e2mu_massZ1_massZ2_genbin3_recobin4 acc 0.0411 eff 0.0 outinratio 0.0543 

ttH126_2e2mu_massZ1_massZ2_genbin3_recobin4 acc 0.0494 eff 0.0 outinratio 0.0282 

ggH126_2e2mu_massZ1_massZ2_genbin4_recobin4 acc 0.1197 eff 0.4394 outinratio 0.0149 

VBFH126_2e2mu_massZ1_massZ2_genbin4_recobin4 acc 0.14 eff 0.4934 outinratio 0.0073 

WminusH126_2e2mu_massZ1_massZ2_genbin4_recobin4 acc 0.12 eff 0.4372 outinratio 0.0177 

WplusH126_2e2mu_massZ1_massZ2_genbin4_recobin4 acc 0.1062 eff 0.446 outinratio 0.015 

ZH126_2e2mu_massZ1_massZ2_genbin4_recobin4 acc 0.1147 eff 0.4372 outinratio 0.0543 

ttH126_2e2mu_massZ1_massZ2_genbin4_recobin4 acc 0.1481 eff 0.3805 outinratio 0.0282 

ggH126_2e2mu_massZ1_massZ2_genbin5_recobin4 acc 0.0483 eff 0.0555 outinratio 0.0149 

VBFH126_2e2mu_massZ1_massZ2_genbin5_recobin4 acc 0.0509 eff 0.062 outinratio 0.0073 

WminusH126_2e2mu_massZ1_massZ2_genbin5_recobin4 acc 0.0437 eff 0.0576 outinratio 0.0177 

WplusH126_2e2mu_massZ1_massZ2_genbin5_recobin4 acc 0.0393 eff 0.0551 outinratio 0.015 

ZH126_2e2mu_massZ1_massZ2_genbin5_recobin4 acc 0.0441 eff 0.0488 outinratio 0.0543 

ttH126_2e2mu_massZ1_massZ2_genbin5_recobin4 acc 0.0504 eff 0.0485 outinratio 0.0282 

ggH126_2e2mu_massZ1_massZ2_genbin6_recobin4 acc 0.1022 eff 0.003 outinratio 0.0149 

VBFH126_2e2mu_massZ1_massZ2_genbin6_recobin4 acc 0.1066 eff 0.003 outinratio 0.0073 

WminusH126_2e2mu_massZ1_massZ2_genbin6_recobin4 acc 0.0933 eff 0.0042 outinratio 0.0177 

WplusH126_2e2mu_massZ1_massZ2_genbin6_recobin4 acc 0.0823 eff 0.0038 outinratio 0.015 

ZH126_2e2mu_massZ1_massZ2_genbin6_recobin4 acc 0.085 eff 0.0047 outinratio 0.0543 

ttH126_2e2mu_massZ1_massZ2_genbin6_recobin4 acc 0.1077 eff 0.0021 outinratio 0.0282 

ggH126_2e2mu_massZ1_massZ2_genbin0_recobin5 acc 0.0521 eff 0.0115 outinratio 0.0064 

VBFH126_2e2mu_massZ1_massZ2_genbin0_recobin5 acc 0.0557 eff 0.0094 outinratio 0.0063 

WminusH126_2e2mu_massZ1_massZ2_genbin0_recobin5 acc 0.0474 eff 0.0111 outinratio 0.0146 

WplusH126_2e2mu_massZ1_massZ2_genbin0_recobin5 acc 0.0423 eff 0.0107 outinratio 0.0126 

ZH126_2e2mu_massZ1_massZ2_genbin0_recobin5 acc 0.0464 eff 0.0072 outinratio 0.0609 

ttH126_2e2mu_massZ1_massZ2_genbin0_recobin5 acc 0.0559 eff 0.0082 outinratio 0.0337 

ggH126_2e2mu_massZ1_massZ2_genbin1_recobin5 acc 0.0352 eff 0.0025 outinratio 0.0064 

VBFH126_2e2mu_massZ1_massZ2_genbin1_recobin5 acc 0.0362 eff 0.003 outinratio 0.0063 

WminusH126_2e2mu_massZ1_massZ2_genbin1_recobin5 acc 0.0309 eff 0.0031 outinratio 0.0146 

WplusH126_2e2mu_massZ1_massZ2_genbin1_recobin5 acc 0.0276 eff 0.0027 outinratio 0.0126 

ZH126_2e2mu_massZ1_massZ2_genbin1_recobin5 acc 0.0314 eff 0.0002 outinratio 0.0609 

ttH126_2e2mu_massZ1_massZ2_genbin1_recobin5 acc 0.037 eff 0.0021 outinratio 0.0337 

ggH126_2e2mu_massZ1_massZ2_genbin2_recobin5 acc 0.0348 eff 0.0 outinratio 0.0064 

VBFH126_2e2mu_massZ1_massZ2_genbin2_recobin5 acc 0.0358 eff 0.0 outinratio 0.0063 

WminusH126_2e2mu_massZ1_massZ2_genbin2_recobin5 acc 0.0308 eff 0.0001 outinratio 0.0146 

WplusH126_2e2mu_massZ1_massZ2_genbin2_recobin5 acc 0.0267 eff 0.0 outinratio 0.0126 

ZH126_2e2mu_massZ1_massZ2_genbin2_recobin5 acc 0.0302 eff 0.0 outinratio 0.0609 

ttH126_2e2mu_massZ1_massZ2_genbin2_recobin5 acc 0.033 eff 0.0 outinratio 0.0337 

ggH126_2e2mu_massZ1_massZ2_genbin3_recobin5 acc 0.0468 eff 0.0 outinratio 0.0064 

VBFH126_2e2mu_massZ1_massZ2_genbin3_recobin5 acc 0.0518 eff 0.0 outinratio 0.0063 

WminusH126_2e2mu_massZ1_massZ2_genbin3_recobin5 acc 0.0428 eff 0.0 outinratio 0.0146 

WplusH126_2e2mu_massZ1_massZ2_genbin3_recobin5 acc 0.0382 eff 0.0 outinratio 0.0126 

ZH126_2e2mu_massZ1_massZ2_genbin3_recobin5 acc 0.0411 eff 0.0 outinratio 0.0609 

ttH126_2e2mu_massZ1_massZ2_genbin3_recobin5 acc 0.0494 eff 0.0 outinratio 0.0337 

ggH126_2e2mu_massZ1_massZ2_genbin4_recobin5 acc 0.1197 eff 0.0064 outinratio 0.0064 

VBFH126_2e2mu_massZ1_massZ2_genbin4_recobin5 acc 0.14 eff 0.0064 outinratio 0.0063 

WminusH126_2e2mu_massZ1_massZ2_genbin4_recobin5 acc 0.12 eff 0.0091 outinratio 0.0146 

WplusH126_2e2mu_massZ1_massZ2_genbin4_recobin5 acc 0.1062 eff 0.0087 outinratio 0.0126 

ZH126_2e2mu_massZ1_massZ2_genbin4_recobin5 acc 0.1147 eff 0.008 outinratio 0.0609 

ttH126_2e2mu_massZ1_massZ2_genbin4_recobin5 acc 0.1481 eff 0.0081 outinratio 0.0337 

ggH126_2e2mu_massZ1_massZ2_genbin5_recobin5 acc 0.0483 eff 0.3882 outinratio 0.0064 

VBFH126_2e2mu_massZ1_massZ2_genbin5_recobin5 acc 0.0509 eff 0.3985 outinratio 0.0063 

WminusH126_2e2mu_massZ1_massZ2_genbin5_recobin5 acc 0.0437 eff 0.3652 outinratio 0.0146 

WplusH126_2e2mu_massZ1_massZ2_genbin5_recobin5 acc 0.0393 eff 0.3775 outinratio 0.0126 

ZH126_2e2mu_massZ1_massZ2_genbin5_recobin5 acc 0.0441 eff 0.358 outinratio 0.0609 

ttH126_2e2mu_massZ1_massZ2_genbin5_recobin5 acc 0.0504 eff 0.2962 outinratio 0.0337 

ggH126_2e2mu_massZ1_massZ2_genbin6_recobin5 acc 0.1022 eff 0.0358 outinratio 0.0064 

VBFH126_2e2mu_massZ1_massZ2_genbin6_recobin5 acc 0.1066 eff 0.041 outinratio 0.0063 

WminusH126_2e2mu_massZ1_massZ2_genbin6_recobin5 acc 0.0933 eff 0.0306 outinratio 0.0146 

WplusH126_2e2mu_massZ1_massZ2_genbin6_recobin5 acc 0.0823 eff 0.0326 outinratio 0.0126 

ZH126_2e2mu_massZ1_massZ2_genbin6_recobin5 acc 0.085 eff 0.0327 outinratio 0.0609 

ttH126_2e2mu_massZ1_massZ2_genbin6_recobin5 acc 0.1077 eff 0.0325 outinratio 0.0337 

ggH126_2e2mu_massZ1_massZ2_genbin0_recobin6 acc 0.0521 eff 0.0015 outinratio 0.0073 

VBFH126_2e2mu_massZ1_massZ2_genbin0_recobin6 acc 0.0557 eff 0.0014 outinratio 0.0034 

WminusH126_2e2mu_massZ1_massZ2_genbin0_recobin6 acc 0.0474 eff 0.0007 outinratio 0.0142 

WplusH126_2e2mu_massZ1_massZ2_genbin0_recobin6 acc 0.0423 eff 0.0013 outinratio 0.0115 

ZH126_2e2mu_massZ1_massZ2_genbin0_recobin6 acc 0.0464 eff 0.0006 outinratio 0.0555 

ttH126_2e2mu_massZ1_massZ2_genbin0_recobin6 acc 0.0559 eff 0.0016 outinratio 0.0341 

ggH126_2e2mu_massZ1_massZ2_genbin1_recobin6 acc 0.0352 eff 0.042 outinratio 0.0073 

VBFH126_2e2mu_massZ1_massZ2_genbin1_recobin6 acc 0.0362 eff 0.0441 outinratio 0.0034 

WminusH126_2e2mu_massZ1_massZ2_genbin1_recobin6 acc 0.0309 eff 0.0385 outinratio 0.0142 

WplusH126_2e2mu_massZ1_massZ2_genbin1_recobin6 acc 0.0276 eff 0.0407 outinratio 0.0115 

ZH126_2e2mu_massZ1_massZ2_genbin1_recobin6 acc 0.0314 eff 0.0327 outinratio 0.0555 

ttH126_2e2mu_massZ1_massZ2_genbin1_recobin6 acc 0.037 eff 0.0309 outinratio 0.0341 

ggH126_2e2mu_massZ1_massZ2_genbin2_recobin6 acc 0.0348 eff 0.0205 outinratio 0.0073 

VBFH126_2e2mu_massZ1_massZ2_genbin2_recobin6 acc 0.0358 eff 0.0283 outinratio 0.0034 

WminusH126_2e2mu_massZ1_massZ2_genbin2_recobin6 acc 0.0308 eff 0.0283 outinratio 0.0142 

WplusH126_2e2mu_massZ1_massZ2_genbin2_recobin6 acc 0.0267 eff 0.0278 outinratio 0.0115 

ZH126_2e2mu_massZ1_massZ2_genbin2_recobin6 acc 0.0302 eff 0.0167 outinratio 0.0555 

ttH126_2e2mu_massZ1_massZ2_genbin2_recobin6 acc 0.033 eff 0.0174 outinratio 0.0341 

ggH126_2e2mu_massZ1_massZ2_genbin3_recobin6 acc 0.0468 eff 0.0 outinratio 0.0073 

VBFH126_2e2mu_massZ1_massZ2_genbin3_recobin6 acc 0.0518 eff 0.001 outinratio 0.0034 

WminusH126_2e2mu_massZ1_massZ2_genbin3_recobin6 acc 0.0428 eff 0.0005 outinratio 0.0142 

WplusH126_2e2mu_massZ1_massZ2_genbin3_recobin6 acc 0.0382 eff 0.0009 outinratio 0.0115 

ZH126_2e2mu_massZ1_massZ2_genbin3_recobin6 acc 0.0411 eff 0.0 outinratio 0.0555 

ttH126_2e2mu_massZ1_massZ2_genbin3_recobin6 acc 0.0494 eff 0.0 outinratio 0.0341 

ggH126_2e2mu_massZ1_massZ2_genbin4_recobin6 acc 0.1197 eff 0.0001 outinratio 0.0073 

VBFH126_2e2mu_massZ1_massZ2_genbin4_recobin6 acc 0.14 eff 0.0004 outinratio 0.0034 

WminusH126_2e2mu_massZ1_massZ2_genbin4_recobin6 acc 0.12 eff 0.0006 outinratio 0.0142 

WplusH126_2e2mu_massZ1_massZ2_genbin4_recobin6 acc 0.1062 eff 0.0007 outinratio 0.0115 

ZH126_2e2mu_massZ1_massZ2_genbin4_recobin6 acc 0.1147 eff 0.0011 outinratio 0.0555 

ttH126_2e2mu_massZ1_massZ2_genbin4_recobin6 acc 0.1481 eff 0.0003 outinratio 0.0341 

ggH126_2e2mu_massZ1_massZ2_genbin5_recobin6 acc 0.0483 eff 0.0313 outinratio 0.0073 

VBFH126_2e2mu_massZ1_massZ2_genbin5_recobin6 acc 0.0509 eff 0.0372 outinratio 0.0034 

WminusH126_2e2mu_massZ1_massZ2_genbin5_recobin6 acc 0.0437 eff 0.0289 outinratio 0.0142 

WplusH126_2e2mu_massZ1_massZ2_genbin5_recobin6 acc 0.0393 eff 0.0291 outinratio 0.0115 

ZH126_2e2mu_massZ1_massZ2_genbin5_recobin6 acc 0.0441 eff 0.0387 outinratio 0.0555 

ttH126_2e2mu_massZ1_massZ2_genbin5_recobin6 acc 0.0504 eff 0.0371 outinratio 0.0341 

ggH126_2e2mu_massZ1_massZ2_genbin6_recobin6 acc 0.1022 eff 0.4239 outinratio 0.0073 

VBFH126_2e2mu_massZ1_massZ2_genbin6_recobin6 acc 0.1066 eff 0.4387 outinratio 0.0034 

WminusH126_2e2mu_massZ1_massZ2_genbin6_recobin6 acc 0.0933 eff 0.4144 outinratio 0.0142 

WplusH126_2e2mu_massZ1_massZ2_genbin6_recobin6 acc 0.0823 eff 0.4073 outinratio 0.0115 

ZH126_2e2mu_massZ1_massZ2_genbin6_recobin6 acc 0.085 eff 0.4222 outinratio 0.0555 

ttH126_2e2mu_massZ1_massZ2_genbin6_recobin6 acc 0.1077 eff 0.3252 outinratio 0.0341 

Coeff fullNNLOPS
