Welcome in RunCoefficients!
['2023postBPix_1']
It is a double-differential measurement, binning for the 1st variable {0: [-100.0, 0.0], 1: [0.0, 30.0], 2: [0.0, 30.0], 3: [0.0, 30.0], 4: [0.0, 30.0], 5: [0.0, 30.0], 6: [0.0, 30.0], 7: [30.0, 10000.0], 8: [30.0, 10000.0]} and for the 2nd variable {0: [0.0, 10000.0], 1: [0.0, 35.0], 2: [35.0, 55.0], 3: [55.0, 70.0], 4: [70.0, 90.0], 5: [90.0, 125.0], 6: [125.0, 10000.0], 7: [0.0, 250.0], 8: [250.0, 10000.0]}
{0: [-100.0, 0.0, 0.0, 10000.0], 1: [0.0, 30.0, 0.0, 35.0], 2: [0.0, 30.0, 35.0, 55.0], 3: [0.0, 30.0, 55.0, 70.0], 4: [0.0, 30.0, 70.0, 90.0], 5: [0.0, 30.0, 90.0, 125.0], 6: [0.0, 30.0, 125.0, 10000.0], 7: [30.0, 10000.0, 0.0, 250.0], 8: [30.0, 10000.0, 250.0, 10000.0]}
TCjMax
Following observables extracted from dictionary: RECO =  TCjMax  GEN =  GENTCjMax
It is a double-differential measurement: RECO_2nd =  ZZPt  GEN_2nd =  GENpT4l
LUMI: 9.693
ZH125 0.0007061505
Processing ggH125 2023postBPix_1
Signal created
Signal failed created
Processing VBFH125 2023postBPix_1
Signal created
Signal failed created
Processing WminusH125 2023postBPix_1
Signal created
Signal failed created
Processing WplusH125 2023postBPix_1
Signal created
Signal failed created
Processing ttH125 2023postBPix_1
Signal created
Signal failed created
Processing ZH125 2023postBPix_1
Signal created
Signal failed created
2023postBPix_1 SKIMMED df CREATED
2023postBPix_1 ggH125
2023postBPix_1 VBFH125
2023postBPix_1 WminusH125
2023postBPix_1 WplusH125
2023postBPix_1 ttH125
2023postBPix_1 ZH125
Dataframes created successfully
Coeff std
ggH125_4l_TCjmax_pT4l_genbin0_recobin0 acc 0.2618 eff 0.557 outinratio 0.0462 

VBFH125_4l_TCjmax_pT4l_genbin0_recobin0 acc 0.0652 eff 0.4453 outinratio 0.0298 

WminusH125_4l_TCjmax_pT4l_genbin0_recobin0 acc 0.087 eff 0.4456 outinratio 0.0649 

WplusH125_4l_TCjmax_pT4l_genbin0_recobin0 acc 0.0759 eff 0.4466 outinratio 0.0678 

ttH125_4l_TCjmax_pT4l_genbin0_recobin0 acc 0.0009 eff 0.0 outinratio 0.6155 

ZH125_4l_TCjmax_pT4l_genbin0_recobin0 acc 0.0783 eff 0.4618 outinratio 0.0876 

ggH125_4l_TCjmax_pT4l_genbin1_recobin0 acc 0.0149 eff 0.1381 outinratio 0.0462 

VBFH125_4l_TCjmax_pT4l_genbin1_recobin0 acc 0.0283 eff 0.0783 outinratio 0.0298 

WminusH125_4l_TCjmax_pT4l_genbin1_recobin0 acc 0.0264 eff 0.0597 outinratio 0.0649 

WplusH125_4l_TCjmax_pT4l_genbin1_recobin0 acc 0.0214 eff 0.0651 outinratio 0.0678 

ttH125_4l_TCjmax_pT4l_genbin1_recobin0 acc 0.0057 eff 0.0007 outinratio 0.6155 

ZH125_4l_TCjmax_pT4l_genbin1_recobin0 acc 0.0269 eff 0.0907 outinratio 0.0876 

ggH125_4l_TCjmax_pT4l_genbin2_recobin0 acc 0.0303 eff 0.0817 outinratio 0.0462 

VBFH125_4l_TCjmax_pT4l_genbin2_recobin0 acc 0.042 eff 0.0653 outinratio 0.0298 

WminusH125_4l_TCjmax_pT4l_genbin2_recobin0 acc 0.0328 eff 0.0478 outinratio 0.0649 

WplusH125_4l_TCjmax_pT4l_genbin2_recobin0 acc 0.0257 eff 0.056 outinratio 0.0678 

ttH125_4l_TCjmax_pT4l_genbin2_recobin0 acc 0.005 eff 0.0 outinratio 0.6155 

ZH125_4l_TCjmax_pT4l_genbin2_recobin0 acc 0.0292 eff 0.056 outinratio 0.0876 

ggH125_4l_TCjmax_pT4l_genbin3_recobin0 acc 0.0208 eff 0.0809 outinratio 0.0462 

VBFH125_4l_TCjmax_pT4l_genbin3_recobin0 acc 0.0381 eff 0.0742 outinratio 0.0298 

WminusH125_4l_TCjmax_pT4l_genbin3_recobin0 acc 0.0239 eff 0.0377 outinratio 0.0649 

WplusH125_4l_TCjmax_pT4l_genbin3_recobin0 acc 0.0203 eff 0.0382 outinratio 0.0678 

ttH125_4l_TCjmax_pT4l_genbin3_recobin0 acc 0.0048 eff 0.0144 outinratio 0.6155 

ZH125_4l_TCjmax_pT4l_genbin3_recobin0 acc 0.0213 eff 0.0648 outinratio 0.0876 

ggH125_4l_TCjmax_pT4l_genbin4_recobin0 acc 0.0184 eff 0.0403 outinratio 0.0462 

VBFH125_4l_TCjmax_pT4l_genbin4_recobin0 acc 0.0529 eff 0.0552 outinratio 0.0298 

WminusH125_4l_TCjmax_pT4l_genbin4_recobin0 acc 0.0256 eff 0.0258 outinratio 0.0649 

WplusH125_4l_TCjmax_pT4l_genbin4_recobin0 acc 0.0211 eff 0.0316 outinratio 0.0678 

ttH125_4l_TCjmax_pT4l_genbin4_recobin0 acc 0.0065 eff 0.0 outinratio 0.6155 

ZH125_4l_TCjmax_pT4l_genbin4_recobin0 acc 0.0233 eff 0.0356 outinratio 0.0876 

ggH125_4l_TCjmax_pT4l_genbin5_recobin0 acc 0.0143 eff 0.0253 outinratio 0.0462 

VBFH125_4l_TCjmax_pT4l_genbin5_recobin0 acc 0.067 eff 0.0285 outinratio 0.0298 

WminusH125_4l_TCjmax_pT4l_genbin5_recobin0 acc 0.0229 eff 0.0184 outinratio 0.0649 

WplusH125_4l_TCjmax_pT4l_genbin5_recobin0 acc 0.0204 eff 0.0157 outinratio 0.0678 

ttH125_4l_TCjmax_pT4l_genbin5_recobin0 acc 0.0088 eff 0.0 outinratio 0.6155 

ZH125_4l_TCjmax_pT4l_genbin5_recobin0 acc 0.0224 eff 0.0187 outinratio 0.0876 

ggH125_4l_TCjmax_pT4l_genbin6_recobin0 acc 0.0093 eff 0.0017 outinratio 0.0462 

VBFH125_4l_TCjmax_pT4l_genbin6_recobin0 acc 0.0718 eff 0.0118 outinratio 0.0298 

WminusH125_4l_TCjmax_pT4l_genbin6_recobin0 acc 0.0154 eff 0.0231 outinratio 0.0649 

WplusH125_4l_TCjmax_pT4l_genbin6_recobin0 acc 0.0152 eff 0.0238 outinratio 0.0678 

ttH125_4l_TCjmax_pT4l_genbin6_recobin0 acc 0.0169 eff 0.0075 outinratio 0.6155 

ZH125_4l_TCjmax_pT4l_genbin6_recobin0 acc 0.0144 eff 0.0209 outinratio 0.0876 

ggH125_4l_TCjmax_pT4l_genbin7_recobin0 acc 0.0252 eff 0.0016 outinratio 0.0462 

VBFH125_4l_TCjmax_pT4l_genbin7_recobin0 acc 0.0688 eff 0.0035 outinratio 0.0298 

WminusH125_4l_TCjmax_pT4l_genbin7_recobin0 acc 0.1039 eff 0.0024 outinratio 0.0649 

WplusH125_4l_TCjmax_pT4l_genbin7_recobin0 acc 0.0958 eff 0.0019 outinratio 0.0678 

ttH125_4l_TCjmax_pT4l_genbin7_recobin0 acc 0.2269 eff 0.0004 outinratio 0.6155 

ZH125_4l_TCjmax_pT4l_genbin7_recobin0 acc 0.1112 eff 0.0044 outinratio 0.0876 

ggH125_4l_TCjmax_pT4l_genbin8_recobin0 acc 0.0039 eff 0.0 outinratio 0.0462 

VBFH125_4l_TCjmax_pT4l_genbin8_recobin0 acc 0.0126 eff 0.0008 outinratio 0.0298 

WminusH125_4l_TCjmax_pT4l_genbin8_recobin0 acc 0.0121 eff 0.0004 outinratio 0.0649 

WplusH125_4l_TCjmax_pT4l_genbin8_recobin0 acc 0.0154 eff 0.001 outinratio 0.0678 

ttH125_4l_TCjmax_pT4l_genbin8_recobin0 acc 0.0405 eff 0.0 outinratio 0.6155 

ZH125_4l_TCjmax_pT4l_genbin8_recobin0 acc 0.0146 eff 0.0 outinratio 0.0876 

ggH125_4l_TCjmax_pT4l_genbin0_recobin1 acc 0.2618 eff 0.0317 outinratio 0.0885 

VBFH125_4l_TCjmax_pT4l_genbin0_recobin1 acc 0.0652 eff 0.0426 outinratio 0.0228 

WminusH125_4l_TCjmax_pT4l_genbin0_recobin1 acc 0.087 eff 0.0325 outinratio 0.09 

WplusH125_4l_TCjmax_pT4l_genbin0_recobin1 acc 0.0759 eff 0.0327 outinratio 0.094 

ttH125_4l_TCjmax_pT4l_genbin0_recobin1 acc 0.0009 eff 0.0234 outinratio 0.0732 

ZH125_4l_TCjmax_pT4l_genbin0_recobin1 acc 0.0783 eff 0.0237 outinratio 0.08 

ggH125_4l_TCjmax_pT4l_genbin1_recobin1 acc 0.0149 eff 0.4319 outinratio 0.0885 

VBFH125_4l_TCjmax_pT4l_genbin1_recobin1 acc 0.0283 eff 0.5035 outinratio 0.0228 

WminusH125_4l_TCjmax_pT4l_genbin1_recobin1 acc 0.0264 eff 0.4859 outinratio 0.09 

WplusH125_4l_TCjmax_pT4l_genbin1_recobin1 acc 0.0214 eff 0.4746 outinratio 0.094 

ttH125_4l_TCjmax_pT4l_genbin1_recobin1 acc 0.0057 eff 0.48 outinratio 0.0732 

ZH125_4l_TCjmax_pT4l_genbin1_recobin1 acc 0.0269 eff 0.371 outinratio 0.08 

ggH125_4l_TCjmax_pT4l_genbin2_recobin1 acc 0.0303 eff 0.0146 outinratio 0.0885 

VBFH125_4l_TCjmax_pT4l_genbin2_recobin1 acc 0.042 eff 0.0173 outinratio 0.0228 

WminusH125_4l_TCjmax_pT4l_genbin2_recobin1 acc 0.0328 eff 0.0175 outinratio 0.09 

WplusH125_4l_TCjmax_pT4l_genbin2_recobin1 acc 0.0257 eff 0.0151 outinratio 0.094 

ttH125_4l_TCjmax_pT4l_genbin2_recobin1 acc 0.005 eff 0.0034 outinratio 0.0732 

ZH125_4l_TCjmax_pT4l_genbin2_recobin1 acc 0.0292 eff 0.0139 outinratio 0.08 

ggH125_4l_TCjmax_pT4l_genbin3_recobin1 acc 0.0208 eff 0.0 outinratio 0.0885 

VBFH125_4l_TCjmax_pT4l_genbin3_recobin1 acc 0.0381 eff 0.0 outinratio 0.0228 

WminusH125_4l_TCjmax_pT4l_genbin3_recobin1 acc 0.0239 eff 0.0 outinratio 0.09 

WplusH125_4l_TCjmax_pT4l_genbin3_recobin1 acc 0.0203 eff 0.0 outinratio 0.094 

ttH125_4l_TCjmax_pT4l_genbin3_recobin1 acc 0.0048 eff 0.0 outinratio 0.0732 

ZH125_4l_TCjmax_pT4l_genbin3_recobin1 acc 0.0213 eff 0.0 outinratio 0.08 

ggH125_4l_TCjmax_pT4l_genbin4_recobin1 acc 0.0184 eff 0.0 outinratio 0.0885 

VBFH125_4l_TCjmax_pT4l_genbin4_recobin1 acc 0.0529 eff 0.0 outinratio 0.0228 

WminusH125_4l_TCjmax_pT4l_genbin4_recobin1 acc 0.0256 eff 0.0 outinratio 0.09 

WplusH125_4l_TCjmax_pT4l_genbin4_recobin1 acc 0.0211 eff 0.0 outinratio 0.094 

ttH125_4l_TCjmax_pT4l_genbin4_recobin1 acc 0.0065 eff 0.0 outinratio 0.0732 

ZH125_4l_TCjmax_pT4l_genbin4_recobin1 acc 0.0233 eff 0.0 outinratio 0.08 

ggH125_4l_TCjmax_pT4l_genbin5_recobin1 acc 0.0143 eff 0.0 outinratio 0.0885 

VBFH125_4l_TCjmax_pT4l_genbin5_recobin1 acc 0.067 eff 0.0 outinratio 0.0228 

WminusH125_4l_TCjmax_pT4l_genbin5_recobin1 acc 0.0229 eff 0.0 outinratio 0.09 

WplusH125_4l_TCjmax_pT4l_genbin5_recobin1 acc 0.0204 eff 0.0 outinratio 0.094 

ttH125_4l_TCjmax_pT4l_genbin5_recobin1 acc 0.0088 eff 0.0 outinratio 0.0732 

ZH125_4l_TCjmax_pT4l_genbin5_recobin1 acc 0.0224 eff 0.0 outinratio 0.08 

ggH125_4l_TCjmax_pT4l_genbin6_recobin1 acc 0.0093 eff 0.0 outinratio 0.0885 

VBFH125_4l_TCjmax_pT4l_genbin6_recobin1 acc 0.0718 eff 0.0 outinratio 0.0228 

WminusH125_4l_TCjmax_pT4l_genbin6_recobin1 acc 0.0154 eff 0.0 outinratio 0.09 

WplusH125_4l_TCjmax_pT4l_genbin6_recobin1 acc 0.0152 eff 0.0 outinratio 0.094 

ttH125_4l_TCjmax_pT4l_genbin6_recobin1 acc 0.0169 eff 0.0 outinratio 0.0732 

ZH125_4l_TCjmax_pT4l_genbin6_recobin1 acc 0.0144 eff 0.0 outinratio 0.08 

ggH125_4l_TCjmax_pT4l_genbin7_recobin1 acc 0.0252 eff 0.0007 outinratio 0.0885 

VBFH125_4l_TCjmax_pT4l_genbin7_recobin1 acc 0.0688 eff 0.002 outinratio 0.0228 

WminusH125_4l_TCjmax_pT4l_genbin7_recobin1 acc 0.1039 eff 0.002 outinratio 0.09 

WplusH125_4l_TCjmax_pT4l_genbin7_recobin1 acc 0.0958 eff 0.0021 outinratio 0.094 

ttH125_4l_TCjmax_pT4l_genbin7_recobin1 acc 0.2269 eff 0.0011 outinratio 0.0732 

ZH125_4l_TCjmax_pT4l_genbin7_recobin1 acc 0.1112 eff 0.0042 outinratio 0.08 

ggH125_4l_TCjmax_pT4l_genbin8_recobin1 acc 0.0039 eff 0.0 outinratio 0.0885 

VBFH125_4l_TCjmax_pT4l_genbin8_recobin1 acc 0.0126 eff 0.0 outinratio 0.0228 

WminusH125_4l_TCjmax_pT4l_genbin8_recobin1 acc 0.0121 eff 0.0 outinratio 0.09 

WplusH125_4l_TCjmax_pT4l_genbin8_recobin1 acc 0.0154 eff 0.0 outinratio 0.094 

ttH125_4l_TCjmax_pT4l_genbin8_recobin1 acc 0.0405 eff 0.0 outinratio 0.0732 

ZH125_4l_TCjmax_pT4l_genbin8_recobin1 acc 0.0146 eff 0.0 outinratio 0.08 

ggH125_4l_TCjmax_pT4l_genbin0_recobin2 acc 0.2618 eff 0.0132 outinratio 0.0678 

VBFH125_4l_TCjmax_pT4l_genbin0_recobin2 acc 0.0652 eff 0.0454 outinratio 0.0403 

WminusH125_4l_TCjmax_pT4l_genbin0_recobin2 acc 0.087 eff 0.029 outinratio 0.0731 

WplusH125_4l_TCjmax_pT4l_genbin0_recobin2 acc 0.0759 eff 0.024 outinratio 0.0892 

ttH125_4l_TCjmax_pT4l_genbin0_recobin2 acc 0.0009 eff 0.072 outinratio 0.1989 

ZH125_4l_TCjmax_pT4l_genbin0_recobin2 acc 0.0783 eff 0.018 outinratio 0.0875 

ggH125_4l_TCjmax_pT4l_genbin1_recobin2 acc 0.0149 eff 0.027 outinratio 0.0678 

VBFH125_4l_TCjmax_pT4l_genbin1_recobin2 acc 0.0283 eff 0.0215 outinratio 0.0403 

WminusH125_4l_TCjmax_pT4l_genbin1_recobin2 acc 0.0264 eff 0.0155 outinratio 0.0731 

WplusH125_4l_TCjmax_pT4l_genbin1_recobin2 acc 0.0214 eff 0.0097 outinratio 0.0892 

ttH125_4l_TCjmax_pT4l_genbin1_recobin2 acc 0.0057 eff 0.0 outinratio 0.1989 

ZH125_4l_TCjmax_pT4l_genbin1_recobin2 acc 0.0269 eff 0.0192 outinratio 0.0875 

ggH125_4l_TCjmax_pT4l_genbin2_recobin2 acc 0.0303 eff 0.4951 outinratio 0.0678 

VBFH125_4l_TCjmax_pT4l_genbin2_recobin2 acc 0.042 eff 0.5037 outinratio 0.0403 

WminusH125_4l_TCjmax_pT4l_genbin2_recobin2 acc 0.0328 eff 0.4553 outinratio 0.0731 

WplusH125_4l_TCjmax_pT4l_genbin2_recobin2 acc 0.0257 eff 0.4572 outinratio 0.0892 

ttH125_4l_TCjmax_pT4l_genbin2_recobin2 acc 0.005 eff 0.3922 outinratio 0.1989 

ZH125_4l_TCjmax_pT4l_genbin2_recobin2 acc 0.0292 eff 0.4571 outinratio 0.0875 

ggH125_4l_TCjmax_pT4l_genbin3_recobin2 acc 0.0208 eff 0.0192 outinratio 0.0678 

VBFH125_4l_TCjmax_pT4l_genbin3_recobin2 acc 0.0381 eff 0.0265 outinratio 0.0403 

WminusH125_4l_TCjmax_pT4l_genbin3_recobin2 acc 0.0239 eff 0.0304 outinratio 0.0731 

WplusH125_4l_TCjmax_pT4l_genbin3_recobin2 acc 0.0203 eff 0.0287 outinratio 0.0892 

ttH125_4l_TCjmax_pT4l_genbin3_recobin2 acc 0.0048 eff 0.0 outinratio 0.1989 

ZH125_4l_TCjmax_pT4l_genbin3_recobin2 acc 0.0213 eff 0.0399 outinratio 0.0875 

ggH125_4l_TCjmax_pT4l_genbin4_recobin2 acc 0.0184 eff 0.0 outinratio 0.0678 

VBFH125_4l_TCjmax_pT4l_genbin4_recobin2 acc 0.0529 eff 0.0019 outinratio 0.0403 

WminusH125_4l_TCjmax_pT4l_genbin4_recobin2 acc 0.0256 eff 0.0 outinratio 0.0731 

WplusH125_4l_TCjmax_pT4l_genbin4_recobin2 acc 0.0211 eff 0.0004 outinratio 0.0892 

ttH125_4l_TCjmax_pT4l_genbin4_recobin2 acc 0.0065 eff 0.0 outinratio 0.1989 

ZH125_4l_TCjmax_pT4l_genbin4_recobin2 acc 0.0233 eff 0.0 outinratio 0.0875 

ggH125_4l_TCjmax_pT4l_genbin5_recobin2 acc 0.0143 eff 0.0 outinratio 0.0678 

VBFH125_4l_TCjmax_pT4l_genbin5_recobin2 acc 0.067 eff 0.0 outinratio 0.0403 

WminusH125_4l_TCjmax_pT4l_genbin5_recobin2 acc 0.0229 eff 0.0 outinratio 0.0731 

WplusH125_4l_TCjmax_pT4l_genbin5_recobin2 acc 0.0204 eff 0.0 outinratio 0.0892 

ttH125_4l_TCjmax_pT4l_genbin5_recobin2 acc 0.0088 eff 0.0 outinratio 0.1989 

ZH125_4l_TCjmax_pT4l_genbin5_recobin2 acc 0.0224 eff 0.0 outinratio 0.0875 

ggH125_4l_TCjmax_pT4l_genbin6_recobin2 acc 0.0093 eff 0.0 outinratio 0.0678 

VBFH125_4l_TCjmax_pT4l_genbin6_recobin2 acc 0.0718 eff 0.0 outinratio 0.0403 

WminusH125_4l_TCjmax_pT4l_genbin6_recobin2 acc 0.0154 eff 0.0 outinratio 0.0731 

WplusH125_4l_TCjmax_pT4l_genbin6_recobin2 acc 0.0152 eff 0.0 outinratio 0.0892 

ttH125_4l_TCjmax_pT4l_genbin6_recobin2 acc 0.0169 eff 0.0 outinratio 0.1989 

ZH125_4l_TCjmax_pT4l_genbin6_recobin2 acc 0.0144 eff 0.0 outinratio 0.0875 

ggH125_4l_TCjmax_pT4l_genbin7_recobin2 acc 0.0252 eff 0.0038 outinratio 0.0678 

VBFH125_4l_TCjmax_pT4l_genbin7_recobin2 acc 0.0688 eff 0.0046 outinratio 0.0403 

WminusH125_4l_TCjmax_pT4l_genbin7_recobin2 acc 0.1039 eff 0.0044 outinratio 0.0731 

WplusH125_4l_TCjmax_pT4l_genbin7_recobin2 acc 0.0958 eff 0.0054 outinratio 0.0892 

ttH125_4l_TCjmax_pT4l_genbin7_recobin2 acc 0.2269 eff 0.0029 outinratio 0.1989 

ZH125_4l_TCjmax_pT4l_genbin7_recobin2 acc 0.1112 eff 0.0053 outinratio 0.0875 

ggH125_4l_TCjmax_pT4l_genbin8_recobin2 acc 0.0039 eff 0.0 outinratio 0.0678 

VBFH125_4l_TCjmax_pT4l_genbin8_recobin2 acc 0.0126 eff 0.0 outinratio 0.0403 

WminusH125_4l_TCjmax_pT4l_genbin8_recobin2 acc 0.0121 eff 0.0 outinratio 0.0731 

WplusH125_4l_TCjmax_pT4l_genbin8_recobin2 acc 0.0154 eff 0.0 outinratio 0.0892 

ttH125_4l_TCjmax_pT4l_genbin8_recobin2 acc 0.0405 eff 0.0 outinratio 0.1989 

ZH125_4l_TCjmax_pT4l_genbin8_recobin2 acc 0.0146 eff 0.0 outinratio 0.0875 

ggH125_4l_TCjmax_pT4l_genbin0_recobin3 acc 0.2618 eff 0.0035 outinratio 0.0685 

VBFH125_4l_TCjmax_pT4l_genbin0_recobin3 acc 0.0652 eff 0.0255 outinratio 0.0458 

WminusH125_4l_TCjmax_pT4l_genbin0_recobin3 acc 0.087 eff 0.016 outinratio 0.0631 

WplusH125_4l_TCjmax_pT4l_genbin0_recobin3 acc 0.0759 eff 0.0137 outinratio 0.0795 

ttH125_4l_TCjmax_pT4l_genbin0_recobin3 acc 0.0009 eff 0.1336 outinratio 0.1128 

ZH125_4l_TCjmax_pT4l_genbin0_recobin3 acc 0.0783 eff 0.0083 outinratio 0.085 

ggH125_4l_TCjmax_pT4l_genbin1_recobin3 acc 0.0149 eff 0.0 outinratio 0.0685 

VBFH125_4l_TCjmax_pT4l_genbin1_recobin3 acc 0.0283 eff 0.0011 outinratio 0.0458 

WminusH125_4l_TCjmax_pT4l_genbin1_recobin3 acc 0.0264 eff 0.0 outinratio 0.0631 

WplusH125_4l_TCjmax_pT4l_genbin1_recobin3 acc 0.0214 eff 0.0 outinratio 0.0795 

ttH125_4l_TCjmax_pT4l_genbin1_recobin3 acc 0.0057 eff 0.0 outinratio 0.1128 

ZH125_4l_TCjmax_pT4l_genbin1_recobin3 acc 0.0269 eff 0.0 outinratio 0.085 

ggH125_4l_TCjmax_pT4l_genbin2_recobin3 acc 0.0303 eff 0.0137 outinratio 0.0685 

VBFH125_4l_TCjmax_pT4l_genbin2_recobin3 acc 0.042 eff 0.0125 outinratio 0.0458 

WminusH125_4l_TCjmax_pT4l_genbin2_recobin3 acc 0.0328 eff 0.0111 outinratio 0.0631 

WplusH125_4l_TCjmax_pT4l_genbin2_recobin3 acc 0.0257 eff 0.0129 outinratio 0.0795 

ttH125_4l_TCjmax_pT4l_genbin2_recobin3 acc 0.005 eff 0.0187 outinratio 0.1128 

ZH125_4l_TCjmax_pT4l_genbin2_recobin3 acc 0.0292 eff 0.0247 outinratio 0.085 

ggH125_4l_TCjmax_pT4l_genbin3_recobin3 acc 0.0208 eff 0.4497 outinratio 0.0685 

VBFH125_4l_TCjmax_pT4l_genbin3_recobin3 acc 0.0381 eff 0.4803 outinratio 0.0458 

WminusH125_4l_TCjmax_pT4l_genbin3_recobin3 acc 0.0239 eff 0.4687 outinratio 0.0631 

WplusH125_4l_TCjmax_pT4l_genbin3_recobin3 acc 0.0203 eff 0.4548 outinratio 0.0795 

ttH125_4l_TCjmax_pT4l_genbin3_recobin3 acc 0.0048 eff 0.5162 outinratio 0.1128 

ZH125_4l_TCjmax_pT4l_genbin3_recobin3 acc 0.0213 eff 0.4153 outinratio 0.085 

ggH125_4l_TCjmax_pT4l_genbin4_recobin3 acc 0.0184 eff 0.0297 outinratio 0.0685 

VBFH125_4l_TCjmax_pT4l_genbin4_recobin3 acc 0.0529 eff 0.0288 outinratio 0.0458 

WminusH125_4l_TCjmax_pT4l_genbin4_recobin3 acc 0.0256 eff 0.0232 outinratio 0.0631 

WplusH125_4l_TCjmax_pT4l_genbin4_recobin3 acc 0.0211 eff 0.0248 outinratio 0.0795 

ttH125_4l_TCjmax_pT4l_genbin4_recobin3 acc 0.0065 eff 0.022 outinratio 0.1128 

ZH125_4l_TCjmax_pT4l_genbin4_recobin3 acc 0.0233 eff 0.0404 outinratio 0.085 

ggH125_4l_TCjmax_pT4l_genbin5_recobin3 acc 0.0143 eff 0.0 outinratio 0.0685 

VBFH125_4l_TCjmax_pT4l_genbin5_recobin3 acc 0.067 eff 0.0 outinratio 0.0458 

WminusH125_4l_TCjmax_pT4l_genbin5_recobin3 acc 0.0229 eff 0.0002 outinratio 0.0631 

WplusH125_4l_TCjmax_pT4l_genbin5_recobin3 acc 0.0204 eff 0.0 outinratio 0.0795 

ttH125_4l_TCjmax_pT4l_genbin5_recobin3 acc 0.0088 eff 0.0 outinratio 0.1128 

ZH125_4l_TCjmax_pT4l_genbin5_recobin3 acc 0.0224 eff 0.0 outinratio 0.085 

ggH125_4l_TCjmax_pT4l_genbin6_recobin3 acc 0.0093 eff 0.0 outinratio 0.0685 

VBFH125_4l_TCjmax_pT4l_genbin6_recobin3 acc 0.0718 eff 0.0 outinratio 0.0458 

WminusH125_4l_TCjmax_pT4l_genbin6_recobin3 acc 0.0154 eff 0.0 outinratio 0.0631 

WplusH125_4l_TCjmax_pT4l_genbin6_recobin3 acc 0.0152 eff 0.0 outinratio 0.0795 

ttH125_4l_TCjmax_pT4l_genbin6_recobin3 acc 0.0169 eff 0.0 outinratio 0.1128 

ZH125_4l_TCjmax_pT4l_genbin6_recobin3 acc 0.0144 eff 0.0 outinratio 0.085 

ggH125_4l_TCjmax_pT4l_genbin7_recobin3 acc 0.0252 eff 0.0077 outinratio 0.0685 

VBFH125_4l_TCjmax_pT4l_genbin7_recobin3 acc 0.0688 eff 0.0024 outinratio 0.0458 

WminusH125_4l_TCjmax_pT4l_genbin7_recobin3 acc 0.1039 eff 0.0064 outinratio 0.0631 

WplusH125_4l_TCjmax_pT4l_genbin7_recobin3 acc 0.0958 eff 0.0052 outinratio 0.0795 

ttH125_4l_TCjmax_pT4l_genbin7_recobin3 acc 0.2269 eff 0.0039 outinratio 0.1128 

ZH125_4l_TCjmax_pT4l_genbin7_recobin3 acc 0.1112 eff 0.0069 outinratio 0.085 

ggH125_4l_TCjmax_pT4l_genbin8_recobin3 acc 0.0039 eff 0.0 outinratio 0.0685 

VBFH125_4l_TCjmax_pT4l_genbin8_recobin3 acc 0.0126 eff 0.0 outinratio 0.0458 

WminusH125_4l_TCjmax_pT4l_genbin8_recobin3 acc 0.0121 eff 0.0 outinratio 0.0631 

WplusH125_4l_TCjmax_pT4l_genbin8_recobin3 acc 0.0154 eff 0.0 outinratio 0.0795 

ttH125_4l_TCjmax_pT4l_genbin8_recobin3 acc 0.0405 eff 0.0 outinratio 0.1128 

ZH125_4l_TCjmax_pT4l_genbin8_recobin3 acc 0.0146 eff 0.0 outinratio 0.085 

ggH125_4l_TCjmax_pT4l_genbin0_recobin4 acc 0.2618 eff 0.0015 outinratio 0.0498 

VBFH125_4l_TCjmax_pT4l_genbin0_recobin4 acc 0.0652 eff 0.0125 outinratio 0.0306 

WminusH125_4l_TCjmax_pT4l_genbin0_recobin4 acc 0.087 eff 0.0149 outinratio 0.0686 

WplusH125_4l_TCjmax_pT4l_genbin0_recobin4 acc 0.0759 eff 0.0123 outinratio 0.0714 

ttH125_4l_TCjmax_pT4l_genbin0_recobin4 acc 0.0009 eff 0.0 outinratio 0.1398 

ZH125_4l_TCjmax_pT4l_genbin0_recobin4 acc 0.0783 eff 0.012 outinratio 0.0484 

ggH125_4l_TCjmax_pT4l_genbin1_recobin4 acc 0.0149 eff 0.0 outinratio 0.0498 

VBFH125_4l_TCjmax_pT4l_genbin1_recobin4 acc 0.0283 eff 0.0 outinratio 0.0306 

WminusH125_4l_TCjmax_pT4l_genbin1_recobin4 acc 0.0264 eff 0.0 outinratio 0.0686 

WplusH125_4l_TCjmax_pT4l_genbin1_recobin4 acc 0.0214 eff 0.0 outinratio 0.0714 

ttH125_4l_TCjmax_pT4l_genbin1_recobin4 acc 0.0057 eff 0.0 outinratio 0.1398 

ZH125_4l_TCjmax_pT4l_genbin1_recobin4 acc 0.0269 eff 0.0 outinratio 0.0484 

ggH125_4l_TCjmax_pT4l_genbin2_recobin4 acc 0.0303 eff 0.0 outinratio 0.0498 

VBFH125_4l_TCjmax_pT4l_genbin2_recobin4 acc 0.042 eff 0.0 outinratio 0.0306 

WminusH125_4l_TCjmax_pT4l_genbin2_recobin4 acc 0.0328 eff 0.0002 outinratio 0.0686 

WplusH125_4l_TCjmax_pT4l_genbin2_recobin4 acc 0.0257 eff 0.0001 outinratio 0.0714 

ttH125_4l_TCjmax_pT4l_genbin2_recobin4 acc 0.005 eff 0.0 outinratio 0.1398 

ZH125_4l_TCjmax_pT4l_genbin2_recobin4 acc 0.0292 eff 0.0 outinratio 0.0484 

ggH125_4l_TCjmax_pT4l_genbin3_recobin4 acc 0.0208 eff 0.0164 outinratio 0.0498 

VBFH125_4l_TCjmax_pT4l_genbin3_recobin4 acc 0.0381 eff 0.0269 outinratio 0.0306 

WminusH125_4l_TCjmax_pT4l_genbin3_recobin4 acc 0.0239 eff 0.0184 outinratio 0.0686 

WplusH125_4l_TCjmax_pT4l_genbin3_recobin4 acc 0.0203 eff 0.0168 outinratio 0.0714 

ttH125_4l_TCjmax_pT4l_genbin3_recobin4 acc 0.0048 eff 0.0092 outinratio 0.1398 

ZH125_4l_TCjmax_pT4l_genbin3_recobin4 acc 0.0213 eff 0.017 outinratio 0.0484 

ggH125_4l_TCjmax_pT4l_genbin4_recobin4 acc 0.0184 eff 0.5004 outinratio 0.0498 

VBFH125_4l_TCjmax_pT4l_genbin4_recobin4 acc 0.0529 eff 0.5027 outinratio 0.0306 

WminusH125_4l_TCjmax_pT4l_genbin4_recobin4 acc 0.0256 eff 0.4752 outinratio 0.0686 

WplusH125_4l_TCjmax_pT4l_genbin4_recobin4 acc 0.0211 eff 0.476 outinratio 0.0714 

ttH125_4l_TCjmax_pT4l_genbin4_recobin4 acc 0.0065 eff 0.4173 outinratio 0.1398 

ZH125_4l_TCjmax_pT4l_genbin4_recobin4 acc 0.0233 eff 0.4139 outinratio 0.0484 

ggH125_4l_TCjmax_pT4l_genbin5_recobin4 acc 0.0143 eff 0.0253 outinratio 0.0498 

VBFH125_4l_TCjmax_pT4l_genbin5_recobin4 acc 0.067 eff 0.0202 outinratio 0.0306 

WminusH125_4l_TCjmax_pT4l_genbin5_recobin4 acc 0.0229 eff 0.0282 outinratio 0.0686 

WplusH125_4l_TCjmax_pT4l_genbin5_recobin4 acc 0.0204 eff 0.0227 outinratio 0.0714 

ttH125_4l_TCjmax_pT4l_genbin5_recobin4 acc 0.0088 eff 0.0065 outinratio 0.1398 

ZH125_4l_TCjmax_pT4l_genbin5_recobin4 acc 0.0224 eff 0.0246 outinratio 0.0484 

ggH125_4l_TCjmax_pT4l_genbin6_recobin4 acc 0.0093 eff 0.0 outinratio 0.0498 

VBFH125_4l_TCjmax_pT4l_genbin6_recobin4 acc 0.0718 eff 0.0 outinratio 0.0306 

WminusH125_4l_TCjmax_pT4l_genbin6_recobin4 acc 0.0154 eff 0.0 outinratio 0.0686 

WplusH125_4l_TCjmax_pT4l_genbin6_recobin4 acc 0.0152 eff 0.0 outinratio 0.0714 

ttH125_4l_TCjmax_pT4l_genbin6_recobin4 acc 0.0169 eff 0.0 outinratio 0.1398 

ZH125_4l_TCjmax_pT4l_genbin6_recobin4 acc 0.0144 eff 0.0 outinratio 0.0484 

ggH125_4l_TCjmax_pT4l_genbin7_recobin4 acc 0.0252 eff 0.0178 outinratio 0.0498 

VBFH125_4l_TCjmax_pT4l_genbin7_recobin4 acc 0.0688 eff 0.0077 outinratio 0.0306 

WminusH125_4l_TCjmax_pT4l_genbin7_recobin4 acc 0.1039 eff 0.0109 outinratio 0.0686 

WplusH125_4l_TCjmax_pT4l_genbin7_recobin4 acc 0.0958 eff 0.0094 outinratio 0.0714 

ttH125_4l_TCjmax_pT4l_genbin7_recobin4 acc 0.2269 eff 0.0034 outinratio 0.1398 

ZH125_4l_TCjmax_pT4l_genbin7_recobin4 acc 0.1112 eff 0.0094 outinratio 0.0484 

ggH125_4l_TCjmax_pT4l_genbin8_recobin4 acc 0.0039 eff 0.0 outinratio 0.0498 

VBFH125_4l_TCjmax_pT4l_genbin8_recobin4 acc 0.0126 eff 0.0 outinratio 0.0306 

WminusH125_4l_TCjmax_pT4l_genbin8_recobin4 acc 0.0121 eff 0.0 outinratio 0.0686 

WplusH125_4l_TCjmax_pT4l_genbin8_recobin4 acc 0.0154 eff 0.0 outinratio 0.0714 

ttH125_4l_TCjmax_pT4l_genbin8_recobin4 acc 0.0405 eff 0.0 outinratio 0.1398 

ZH125_4l_TCjmax_pT4l_genbin8_recobin4 acc 0.0146 eff 0.0 outinratio 0.0484 

ggH125_4l_TCjmax_pT4l_genbin0_recobin5 acc 0.2618 eff 0.0006 outinratio 0.0361 

VBFH125_4l_TCjmax_pT4l_genbin0_recobin5 acc 0.0652 eff 0.0041 outinratio 0.0375 

WminusH125_4l_TCjmax_pT4l_genbin0_recobin5 acc 0.087 eff 0.0137 outinratio 0.0655 

WplusH125_4l_TCjmax_pT4l_genbin0_recobin5 acc 0.0759 eff 0.014 outinratio 0.0648 

ttH125_4l_TCjmax_pT4l_genbin0_recobin5 acc 0.0009 eff 0.0 outinratio 0.0883 

ZH125_4l_TCjmax_pT4l_genbin0_recobin5 acc 0.0783 eff 0.0116 outinratio 0.0426 

ggH125_4l_TCjmax_pT4l_genbin1_recobin5 acc 0.0149 eff 0.0 outinratio 0.0361 

VBFH125_4l_TCjmax_pT4l_genbin1_recobin5 acc 0.0283 eff 0.0 outinratio 0.0375 

WminusH125_4l_TCjmax_pT4l_genbin1_recobin5 acc 0.0264 eff 0.0 outinratio 0.0655 

WplusH125_4l_TCjmax_pT4l_genbin1_recobin5 acc 0.0214 eff 0.0 outinratio 0.0648 

ttH125_4l_TCjmax_pT4l_genbin1_recobin5 acc 0.0057 eff 0.0 outinratio 0.0883 

ZH125_4l_TCjmax_pT4l_genbin1_recobin5 acc 0.0269 eff 0.0 outinratio 0.0426 

ggH125_4l_TCjmax_pT4l_genbin2_recobin5 acc 0.0303 eff 0.0 outinratio 0.0361 

VBFH125_4l_TCjmax_pT4l_genbin2_recobin5 acc 0.042 eff 0.0 outinratio 0.0375 

WminusH125_4l_TCjmax_pT4l_genbin2_recobin5 acc 0.0328 eff 0.0 outinratio 0.0655 

WplusH125_4l_TCjmax_pT4l_genbin2_recobin5 acc 0.0257 eff 0.0 outinratio 0.0648 

ttH125_4l_TCjmax_pT4l_genbin2_recobin5 acc 0.005 eff 0.0 outinratio 0.0883 

ZH125_4l_TCjmax_pT4l_genbin2_recobin5 acc 0.0292 eff 0.0 outinratio 0.0426 

ggH125_4l_TCjmax_pT4l_genbin3_recobin5 acc 0.0208 eff 0.0 outinratio 0.0361 

VBFH125_4l_TCjmax_pT4l_genbin3_recobin5 acc 0.0381 eff 0.0 outinratio 0.0375 

WminusH125_4l_TCjmax_pT4l_genbin3_recobin5 acc 0.0239 eff 0.0 outinratio 0.0655 

WplusH125_4l_TCjmax_pT4l_genbin3_recobin5 acc 0.0203 eff 0.0 outinratio 0.0648 

ttH125_4l_TCjmax_pT4l_genbin3_recobin5 acc 0.0048 eff 0.0 outinratio 0.0883 

ZH125_4l_TCjmax_pT4l_genbin3_recobin5 acc 0.0213 eff 0.0 outinratio 0.0426 

ggH125_4l_TCjmax_pT4l_genbin4_recobin5 acc 0.0184 eff 0.0056 outinratio 0.0361 

VBFH125_4l_TCjmax_pT4l_genbin4_recobin5 acc 0.0529 eff 0.0197 outinratio 0.0375 

WminusH125_4l_TCjmax_pT4l_genbin4_recobin5 acc 0.0256 eff 0.0141 outinratio 0.0655 

WplusH125_4l_TCjmax_pT4l_genbin4_recobin5 acc 0.0211 eff 0.0127 outinratio 0.0648 

ttH125_4l_TCjmax_pT4l_genbin4_recobin5 acc 0.0065 eff 0.0075 outinratio 0.0883 

ZH125_4l_TCjmax_pT4l_genbin4_recobin5 acc 0.0233 eff 0.02 outinratio 0.0426 

ggH125_4l_TCjmax_pT4l_genbin5_recobin5 acc 0.0143 eff 0.5861 outinratio 0.0361 

VBFH125_4l_TCjmax_pT4l_genbin5_recobin5 acc 0.067 eff 0.5453 outinratio 0.0375 

WminusH125_4l_TCjmax_pT4l_genbin5_recobin5 acc 0.0229 eff 0.4823 outinratio 0.0655 

WplusH125_4l_TCjmax_pT4l_genbin5_recobin5 acc 0.0204 eff 0.4572 outinratio 0.0648 

ttH125_4l_TCjmax_pT4l_genbin5_recobin5 acc 0.0088 eff 0.3684 outinratio 0.0883 

ZH125_4l_TCjmax_pT4l_genbin5_recobin5 acc 0.0224 eff 0.5242 outinratio 0.0426 

ggH125_4l_TCjmax_pT4l_genbin6_recobin5 acc 0.0093 eff 0.0126 outinratio 0.0361 

VBFH125_4l_TCjmax_pT4l_genbin6_recobin5 acc 0.0718 eff 0.0141 outinratio 0.0375 

WminusH125_4l_TCjmax_pT4l_genbin6_recobin5 acc 0.0154 eff 0.0207 outinratio 0.0655 

WplusH125_4l_TCjmax_pT4l_genbin6_recobin5 acc 0.0152 eff 0.0165 outinratio 0.0648 

ttH125_4l_TCjmax_pT4l_genbin6_recobin5 acc 0.0169 eff 0.0079 outinratio 0.0883 

ZH125_4l_TCjmax_pT4l_genbin6_recobin5 acc 0.0144 eff 0.0175 outinratio 0.0426 

ggH125_4l_TCjmax_pT4l_genbin7_recobin5 acc 0.0252 eff 0.0153 outinratio 0.0361 

VBFH125_4l_TCjmax_pT4l_genbin7_recobin5 acc 0.0688 eff 0.0125 outinratio 0.0375 

WminusH125_4l_TCjmax_pT4l_genbin7_recobin5 acc 0.1039 eff 0.0149 outinratio 0.0655 

WplusH125_4l_TCjmax_pT4l_genbin7_recobin5 acc 0.0958 eff 0.0146 outinratio 0.0648 

ttH125_4l_TCjmax_pT4l_genbin7_recobin5 acc 0.2269 eff 0.0062 outinratio 0.0883 

ZH125_4l_TCjmax_pT4l_genbin7_recobin5 acc 0.1112 eff 0.0168 outinratio 0.0426 

ggH125_4l_TCjmax_pT4l_genbin8_recobin5 acc 0.0039 eff 0.0 outinratio 0.0361 

VBFH125_4l_TCjmax_pT4l_genbin8_recobin5 acc 0.0126 eff 0.0 outinratio 0.0375 

WminusH125_4l_TCjmax_pT4l_genbin8_recobin5 acc 0.0121 eff 0.0 outinratio 0.0655 

WplusH125_4l_TCjmax_pT4l_genbin8_recobin5 acc 0.0154 eff 0.0 outinratio 0.0648 

ttH125_4l_TCjmax_pT4l_genbin8_recobin5 acc 0.0405 eff 0.0 outinratio 0.0883 

ZH125_4l_TCjmax_pT4l_genbin8_recobin5 acc 0.0146 eff 0.0 outinratio 0.0426 

ggH125_4l_TCjmax_pT4l_genbin0_recobin6 acc 0.2618 eff 0.0 outinratio 0.0215 

VBFH125_4l_TCjmax_pT4l_genbin0_recobin6 acc 0.0652 eff 0.0006 outinratio 0.0246 

WminusH125_4l_TCjmax_pT4l_genbin0_recobin6 acc 0.087 eff 0.0157 outinratio 0.057 

WplusH125_4l_TCjmax_pT4l_genbin0_recobin6 acc 0.0759 eff 0.016 outinratio 0.0543 

ttH125_4l_TCjmax_pT4l_genbin0_recobin6 acc 0.0009 eff 0.0 outinratio 0.1399 

ZH125_4l_TCjmax_pT4l_genbin0_recobin6 acc 0.0783 eff 0.0124 outinratio 0.0812 

ggH125_4l_TCjmax_pT4l_genbin1_recobin6 acc 0.0149 eff 0.0 outinratio 0.0215 

VBFH125_4l_TCjmax_pT4l_genbin1_recobin6 acc 0.0283 eff 0.0 outinratio 0.0246 

WminusH125_4l_TCjmax_pT4l_genbin1_recobin6 acc 0.0264 eff 0.0 outinratio 0.057 

WplusH125_4l_TCjmax_pT4l_genbin1_recobin6 acc 0.0214 eff 0.0 outinratio 0.0543 

ttH125_4l_TCjmax_pT4l_genbin1_recobin6 acc 0.0057 eff 0.0 outinratio 0.1399 

ZH125_4l_TCjmax_pT4l_genbin1_recobin6 acc 0.0269 eff 0.0 outinratio 0.0812 

ggH125_4l_TCjmax_pT4l_genbin2_recobin6 acc 0.0303 eff 0.0 outinratio 0.0215 

VBFH125_4l_TCjmax_pT4l_genbin2_recobin6 acc 0.042 eff 0.0 outinratio 0.0246 

WminusH125_4l_TCjmax_pT4l_genbin2_recobin6 acc 0.0328 eff 0.0 outinratio 0.057 

WplusH125_4l_TCjmax_pT4l_genbin2_recobin6 acc 0.0257 eff 0.0 outinratio 0.0543 

ttH125_4l_TCjmax_pT4l_genbin2_recobin6 acc 0.005 eff 0.0 outinratio 0.1399 

ZH125_4l_TCjmax_pT4l_genbin2_recobin6 acc 0.0292 eff 0.0 outinratio 0.0812 

ggH125_4l_TCjmax_pT4l_genbin3_recobin6 acc 0.0208 eff 0.0 outinratio 0.0215 

VBFH125_4l_TCjmax_pT4l_genbin3_recobin6 acc 0.0381 eff 0.0 outinratio 0.0246 

WminusH125_4l_TCjmax_pT4l_genbin3_recobin6 acc 0.0239 eff 0.0 outinratio 0.057 

WplusH125_4l_TCjmax_pT4l_genbin3_recobin6 acc 0.0203 eff 0.0 outinratio 0.0543 

ttH125_4l_TCjmax_pT4l_genbin3_recobin6 acc 0.0048 eff 0.0 outinratio 0.1399 

ZH125_4l_TCjmax_pT4l_genbin3_recobin6 acc 0.0213 eff 0.0 outinratio 0.0812 

ggH125_4l_TCjmax_pT4l_genbin4_recobin6 acc 0.0184 eff 0.0 outinratio 0.0215 

VBFH125_4l_TCjmax_pT4l_genbin4_recobin6 acc 0.0529 eff 0.0 outinratio 0.0246 

WminusH125_4l_TCjmax_pT4l_genbin4_recobin6 acc 0.0256 eff 0.0 outinratio 0.057 

WplusH125_4l_TCjmax_pT4l_genbin4_recobin6 acc 0.0211 eff 0.0 outinratio 0.0543 

ttH125_4l_TCjmax_pT4l_genbin4_recobin6 acc 0.0065 eff 0.0 outinratio 0.1399 

ZH125_4l_TCjmax_pT4l_genbin4_recobin6 acc 0.0233 eff 0.0 outinratio 0.0812 

ggH125_4l_TCjmax_pT4l_genbin5_recobin6 acc 0.0143 eff 0.008 outinratio 0.0215 

VBFH125_4l_TCjmax_pT4l_genbin5_recobin6 acc 0.067 eff 0.0082 outinratio 0.0246 

WminusH125_4l_TCjmax_pT4l_genbin5_recobin6 acc 0.0229 eff 0.0069 outinratio 0.057 

WplusH125_4l_TCjmax_pT4l_genbin5_recobin6 acc 0.0204 eff 0.0046 outinratio 0.0543 

ttH125_4l_TCjmax_pT4l_genbin5_recobin6 acc 0.0088 eff 0.0048 outinratio 0.1399 

ZH125_4l_TCjmax_pT4l_genbin5_recobin6 acc 0.0224 eff 0.0074 outinratio 0.0812 

ggH125_4l_TCjmax_pT4l_genbin6_recobin6 acc 0.0093 eff 0.5922 outinratio 0.0215 

VBFH125_4l_TCjmax_pT4l_genbin6_recobin6 acc 0.0718 eff 0.5974 outinratio 0.0246 

WminusH125_4l_TCjmax_pT4l_genbin6_recobin6 acc 0.0154 eff 0.484 outinratio 0.057 

WplusH125_4l_TCjmax_pT4l_genbin6_recobin6 acc 0.0152 eff 0.4842 outinratio 0.0543 

ttH125_4l_TCjmax_pT4l_genbin6_recobin6 acc 0.0169 eff 0.4314 outinratio 0.1399 

ZH125_4l_TCjmax_pT4l_genbin6_recobin6 acc 0.0144 eff 0.512 outinratio 0.0812 

ggH125_4l_TCjmax_pT4l_genbin7_recobin6 acc 0.0252 eff 0.0159 outinratio 0.0215 

VBFH125_4l_TCjmax_pT4l_genbin7_recobin6 acc 0.0688 eff 0.0203 outinratio 0.0246 

WminusH125_4l_TCjmax_pT4l_genbin7_recobin6 acc 0.1039 eff 0.0129 outinratio 0.057 

WplusH125_4l_TCjmax_pT4l_genbin7_recobin6 acc 0.0958 eff 0.0128 outinratio 0.0543 

ttH125_4l_TCjmax_pT4l_genbin7_recobin6 acc 0.2269 eff 0.0089 outinratio 0.1399 

ZH125_4l_TCjmax_pT4l_genbin7_recobin6 acc 0.1112 eff 0.0147 outinratio 0.0812 

ggH125_4l_TCjmax_pT4l_genbin8_recobin6 acc 0.0039 eff 0.0 outinratio 0.0215 

VBFH125_4l_TCjmax_pT4l_genbin8_recobin6 acc 0.0126 eff 0.013 outinratio 0.0246 

WminusH125_4l_TCjmax_pT4l_genbin8_recobin6 acc 0.0121 eff 0.007 outinratio 0.057 

WplusH125_4l_TCjmax_pT4l_genbin8_recobin6 acc 0.0154 eff 0.0071 outinratio 0.0543 

ttH125_4l_TCjmax_pT4l_genbin8_recobin6 acc 0.0405 eff 0.0092 outinratio 0.1399 

ZH125_4l_TCjmax_pT4l_genbin8_recobin6 acc 0.0146 eff 0.0163 outinratio 0.0812 

ggH125_4l_TCjmax_pT4l_genbin0_recobin7 acc 0.2618 eff 0.0017 outinratio 0.0874 

VBFH125_4l_TCjmax_pT4l_genbin0_recobin7 acc 0.0652 eff 0.0046 outinratio 0.0373 

WminusH125_4l_TCjmax_pT4l_genbin0_recobin7 acc 0.087 eff 0.0255 outinratio 0.0792 

WplusH125_4l_TCjmax_pT4l_genbin0_recobin7 acc 0.0759 eff 0.026 outinratio 0.0808 

ttH125_4l_TCjmax_pT4l_genbin0_recobin7 acc 0.0009 eff 0.3497 outinratio 0.1847 

ZH125_4l_TCjmax_pT4l_genbin0_recobin7 acc 0.0783 eff 0.0222 outinratio 0.0778 

ggH125_4l_TCjmax_pT4l_genbin1_recobin7 acc 0.0149 eff 0.0054 outinratio 0.0874 

VBFH125_4l_TCjmax_pT4l_genbin1_recobin7 acc 0.0283 eff 0.019 outinratio 0.0373 

WminusH125_4l_TCjmax_pT4l_genbin1_recobin7 acc 0.0264 eff 0.0345 outinratio 0.0792 

WplusH125_4l_TCjmax_pT4l_genbin1_recobin7 acc 0.0214 eff 0.0308 outinratio 0.0808 

ttH125_4l_TCjmax_pT4l_genbin1_recobin7 acc 0.0057 eff 0.152 outinratio 0.1847 

ZH125_4l_TCjmax_pT4l_genbin1_recobin7 acc 0.0269 eff 0.0427 outinratio 0.0778 

ggH125_4l_TCjmax_pT4l_genbin2_recobin7 acc 0.0303 eff 0.0094 outinratio 0.0874 

VBFH125_4l_TCjmax_pT4l_genbin2_recobin7 acc 0.042 eff 0.0205 outinratio 0.0373 

WminusH125_4l_TCjmax_pT4l_genbin2_recobin7 acc 0.0328 eff 0.0514 outinratio 0.0792 

WplusH125_4l_TCjmax_pT4l_genbin2_recobin7 acc 0.0257 eff 0.0471 outinratio 0.0808 

ttH125_4l_TCjmax_pT4l_genbin2_recobin7 acc 0.005 eff 0.1143 outinratio 0.1847 

ZH125_4l_TCjmax_pT4l_genbin2_recobin7 acc 0.0292 eff 0.0529 outinratio 0.0778 

ggH125_4l_TCjmax_pT4l_genbin3_recobin7 acc 0.0208 eff 0.0175 outinratio 0.0874 

VBFH125_4l_TCjmax_pT4l_genbin3_recobin7 acc 0.0381 eff 0.0157 outinratio 0.0373 

WminusH125_4l_TCjmax_pT4l_genbin3_recobin7 acc 0.0239 eff 0.0579 outinratio 0.0792 

WplusH125_4l_TCjmax_pT4l_genbin3_recobin7 acc 0.0203 eff 0.0633 outinratio 0.0808 

ttH125_4l_TCjmax_pT4l_genbin3_recobin7 acc 0.0048 eff 0.1716 outinratio 0.1847 

ZH125_4l_TCjmax_pT4l_genbin3_recobin7 acc 0.0213 eff 0.0567 outinratio 0.0778 

ggH125_4l_TCjmax_pT4l_genbin4_recobin7 acc 0.0184 eff 0.0176 outinratio 0.0874 

VBFH125_4l_TCjmax_pT4l_genbin4_recobin7 acc 0.0529 eff 0.0205 outinratio 0.0373 

WminusH125_4l_TCjmax_pT4l_genbin4_recobin7 acc 0.0256 eff 0.0703 outinratio 0.0792 

WplusH125_4l_TCjmax_pT4l_genbin4_recobin7 acc 0.0211 eff 0.0673 outinratio 0.0808 

ttH125_4l_TCjmax_pT4l_genbin4_recobin7 acc 0.0065 eff 0.1253 outinratio 0.1847 

ZH125_4l_TCjmax_pT4l_genbin4_recobin7 acc 0.0233 eff 0.0926 outinratio 0.0778 

ggH125_4l_TCjmax_pT4l_genbin5_recobin7 acc 0.0143 eff 0.0337 outinratio 0.0874 

VBFH125_4l_TCjmax_pT4l_genbin5_recobin7 acc 0.067 eff 0.021 outinratio 0.0373 

WminusH125_4l_TCjmax_pT4l_genbin5_recobin7 acc 0.0229 eff 0.0924 outinratio 0.0792 

WplusH125_4l_TCjmax_pT4l_genbin5_recobin7 acc 0.0204 eff 0.0931 outinratio 0.0808 

ttH125_4l_TCjmax_pT4l_genbin5_recobin7 acc 0.0088 eff 0.1495 outinratio 0.1847 

ZH125_4l_TCjmax_pT4l_genbin5_recobin7 acc 0.0224 eff 0.0777 outinratio 0.0778 

ggH125_4l_TCjmax_pT4l_genbin6_recobin7 acc 0.0093 eff 0.0525 outinratio 0.0874 

VBFH125_4l_TCjmax_pT4l_genbin6_recobin7 acc 0.0718 eff 0.0273 outinratio 0.0373 

WminusH125_4l_TCjmax_pT4l_genbin6_recobin7 acc 0.0154 eff 0.1056 outinratio 0.0792 

WplusH125_4l_TCjmax_pT4l_genbin6_recobin7 acc 0.0152 eff 0.0857 outinratio 0.0808 

ttH125_4l_TCjmax_pT4l_genbin6_recobin7 acc 0.0169 eff 0.1298 outinratio 0.1847 

ZH125_4l_TCjmax_pT4l_genbin6_recobin7 acc 0.0144 eff 0.0728 outinratio 0.0778 

ggH125_4l_TCjmax_pT4l_genbin7_recobin7 acc 0.0252 eff 0.5709 outinratio 0.0874 

VBFH125_4l_TCjmax_pT4l_genbin7_recobin7 acc 0.0688 eff 0.59 outinratio 0.0373 

WminusH125_4l_TCjmax_pT4l_genbin7_recobin7 acc 0.1039 eff 0.5586 outinratio 0.0792 

WplusH125_4l_TCjmax_pT4l_genbin7_recobin7 acc 0.0958 eff 0.5617 outinratio 0.0808 

ttH125_4l_TCjmax_pT4l_genbin7_recobin7 acc 0.2269 eff 0.5535 outinratio 0.1847 

ZH125_4l_TCjmax_pT4l_genbin7_recobin7 acc 0.1112 eff 0.5275 outinratio 0.0778 

ggH125_4l_TCjmax_pT4l_genbin8_recobin7 acc 0.0039 eff 0.0056 outinratio 0.0874 

VBFH125_4l_TCjmax_pT4l_genbin8_recobin7 acc 0.0126 eff 0.017 outinratio 0.0373 

WminusH125_4l_TCjmax_pT4l_genbin8_recobin7 acc 0.0121 eff 0.017 outinratio 0.0792 

WplusH125_4l_TCjmax_pT4l_genbin8_recobin7 acc 0.0154 eff 0.0172 outinratio 0.0808 

ttH125_4l_TCjmax_pT4l_genbin8_recobin7 acc 0.0405 eff 0.0036 outinratio 0.1847 

ZH125_4l_TCjmax_pT4l_genbin8_recobin7 acc 0.0146 eff 0.0134 outinratio 0.0778 

ggH125_4l_TCjmax_pT4l_genbin0_recobin8 acc 0.2618 eff 0.0 outinratio 0.0572 

VBFH125_4l_TCjmax_pT4l_genbin0_recobin8 acc 0.0652 eff 0.0 outinratio 0.0255 

WminusH125_4l_TCjmax_pT4l_genbin0_recobin8 acc 0.087 eff 0.0027 outinratio 0.0568 

WplusH125_4l_TCjmax_pT4l_genbin0_recobin8 acc 0.0759 eff 0.0032 outinratio 0.0561 

ttH125_4l_TCjmax_pT4l_genbin0_recobin8 acc 0.0009 eff 0.0 outinratio 0.1293 

ZH125_4l_TCjmax_pT4l_genbin0_recobin8 acc 0.0783 eff 0.0036 outinratio 0.0659 

ggH125_4l_TCjmax_pT4l_genbin1_recobin8 acc 0.0149 eff 0.0 outinratio 0.0572 

VBFH125_4l_TCjmax_pT4l_genbin1_recobin8 acc 0.0283 eff 0.0 outinratio 0.0255 

WminusH125_4l_TCjmax_pT4l_genbin1_recobin8 acc 0.0264 eff 0.0 outinratio 0.0568 

WplusH125_4l_TCjmax_pT4l_genbin1_recobin8 acc 0.0214 eff 0.0 outinratio 0.0561 

ttH125_4l_TCjmax_pT4l_genbin1_recobin8 acc 0.0057 eff 0.0 outinratio 0.1293 

ZH125_4l_TCjmax_pT4l_genbin1_recobin8 acc 0.0269 eff 0.0 outinratio 0.0659 

ggH125_4l_TCjmax_pT4l_genbin2_recobin8 acc 0.0303 eff 0.0 outinratio 0.0572 

VBFH125_4l_TCjmax_pT4l_genbin2_recobin8 acc 0.042 eff 0.0 outinratio 0.0255 

WminusH125_4l_TCjmax_pT4l_genbin2_recobin8 acc 0.0328 eff 0.0 outinratio 0.0568 

WplusH125_4l_TCjmax_pT4l_genbin2_recobin8 acc 0.0257 eff 0.0 outinratio 0.0561 

ttH125_4l_TCjmax_pT4l_genbin2_recobin8 acc 0.005 eff 0.0 outinratio 0.1293 

ZH125_4l_TCjmax_pT4l_genbin2_recobin8 acc 0.0292 eff 0.0 outinratio 0.0659 

ggH125_4l_TCjmax_pT4l_genbin3_recobin8 acc 0.0208 eff 0.0 outinratio 0.0572 

VBFH125_4l_TCjmax_pT4l_genbin3_recobin8 acc 0.0381 eff 0.0 outinratio 0.0255 

WminusH125_4l_TCjmax_pT4l_genbin3_recobin8 acc 0.0239 eff 0.0 outinratio 0.0568 

WplusH125_4l_TCjmax_pT4l_genbin3_recobin8 acc 0.0203 eff 0.0 outinratio 0.0561 

ttH125_4l_TCjmax_pT4l_genbin3_recobin8 acc 0.0048 eff 0.0 outinratio 0.1293 

ZH125_4l_TCjmax_pT4l_genbin3_recobin8 acc 0.0213 eff 0.0 outinratio 0.0659 

ggH125_4l_TCjmax_pT4l_genbin4_recobin8 acc 0.0184 eff 0.0 outinratio 0.0572 

VBFH125_4l_TCjmax_pT4l_genbin4_recobin8 acc 0.0529 eff 0.0 outinratio 0.0255 

WminusH125_4l_TCjmax_pT4l_genbin4_recobin8 acc 0.0256 eff 0.0 outinratio 0.0568 

WplusH125_4l_TCjmax_pT4l_genbin4_recobin8 acc 0.0211 eff 0.0 outinratio 0.0561 

ttH125_4l_TCjmax_pT4l_genbin4_recobin8 acc 0.0065 eff 0.0 outinratio 0.1293 

ZH125_4l_TCjmax_pT4l_genbin4_recobin8 acc 0.0233 eff 0.0 outinratio 0.0659 

ggH125_4l_TCjmax_pT4l_genbin5_recobin8 acc 0.0143 eff 0.0 outinratio 0.0572 

VBFH125_4l_TCjmax_pT4l_genbin5_recobin8 acc 0.067 eff 0.0 outinratio 0.0255 

WminusH125_4l_TCjmax_pT4l_genbin5_recobin8 acc 0.0229 eff 0.0 outinratio 0.0568 

WplusH125_4l_TCjmax_pT4l_genbin5_recobin8 acc 0.0204 eff 0.0 outinratio 0.0561 

ttH125_4l_TCjmax_pT4l_genbin5_recobin8 acc 0.0088 eff 0.0 outinratio 0.1293 

ZH125_4l_TCjmax_pT4l_genbin5_recobin8 acc 0.0224 eff 0.0 outinratio 0.0659 

ggH125_4l_TCjmax_pT4l_genbin6_recobin8 acc 0.0093 eff 0.0024 outinratio 0.0572 

VBFH125_4l_TCjmax_pT4l_genbin6_recobin8 acc 0.0718 eff 0.0036 outinratio 0.0255 

WminusH125_4l_TCjmax_pT4l_genbin6_recobin8 acc 0.0154 eff 0.0108 outinratio 0.0568 

WplusH125_4l_TCjmax_pT4l_genbin6_recobin8 acc 0.0152 eff 0.013 outinratio 0.0561 

ttH125_4l_TCjmax_pT4l_genbin6_recobin8 acc 0.0169 eff 0.0384 outinratio 0.1293 

ZH125_4l_TCjmax_pT4l_genbin6_recobin8 acc 0.0144 eff 0.0074 outinratio 0.0659 

ggH125_4l_TCjmax_pT4l_genbin7_recobin8 acc 0.0252 eff 0.0011 outinratio 0.0572 

VBFH125_4l_TCjmax_pT4l_genbin7_recobin8 acc 0.0688 eff 0.0023 outinratio 0.0255 

WminusH125_4l_TCjmax_pT4l_genbin7_recobin8 acc 0.1039 eff 0.0012 outinratio 0.0568 

WplusH125_4l_TCjmax_pT4l_genbin7_recobin8 acc 0.0958 eff 0.0014 outinratio 0.0561 

ttH125_4l_TCjmax_pT4l_genbin7_recobin8 acc 0.2269 eff 0.0013 outinratio 0.1293 

ZH125_4l_TCjmax_pT4l_genbin7_recobin8 acc 0.1112 eff 0.0003 outinratio 0.0659 

ggH125_4l_TCjmax_pT4l_genbin8_recobin8 acc 0.0039 eff 0.5372 outinratio 0.0572 

VBFH125_4l_TCjmax_pT4l_genbin8_recobin8 acc 0.0126 eff 0.5863 outinratio 0.0255 

WminusH125_4l_TCjmax_pT4l_genbin8_recobin8 acc 0.0121 eff 0.6145 outinratio 0.0568 

WplusH125_4l_TCjmax_pT4l_genbin8_recobin8 acc 0.0154 eff 0.6041 outinratio 0.0561 

ttH125_4l_TCjmax_pT4l_genbin8_recobin8 acc 0.0405 eff 0.6047 outinratio 0.1293 

ZH125_4l_TCjmax_pT4l_genbin8_recobin8 acc 0.0146 eff 0.6434 outinratio 0.0659 

ggH125_4e_TCjmax_pT4l_genbin0_recobin0 acc 0.2529 eff 0.3514 outinratio 0.0431 

VBFH125_4e_TCjmax_pT4l_genbin0_recobin0 acc 0.0656 eff 0.2701 outinratio 0.031 

WminusH125_4e_TCjmax_pT4l_genbin0_recobin0 acc 0.0841 eff 0.2913 outinratio 0.0709 

WplusH125_4e_TCjmax_pT4l_genbin0_recobin0 acc 0.0762 eff 0.298 outinratio 0.0635 

ttH125_4e_TCjmax_pT4l_genbin0_recobin0 acc 0.0004 eff -1.0 outinratio 0.0 

ZH125_4e_TCjmax_pT4l_genbin0_recobin0 acc 0.0833 eff 0.3169 outinratio 0.103 

ggH125_4e_TCjmax_pT4l_genbin1_recobin0 acc 0.0134 eff 0.0651 outinratio 0.0431 

VBFH125_4e_TCjmax_pT4l_genbin1_recobin0 acc 0.0271 eff 0.0482 outinratio 0.031 

WminusH125_4e_TCjmax_pT4l_genbin1_recobin0 acc 0.0254 eff 0.0349 outinratio 0.0709 

WplusH125_4e_TCjmax_pT4l_genbin1_recobin0 acc 0.0208 eff 0.0479 outinratio 0.0635 

ttH125_4e_TCjmax_pT4l_genbin1_recobin0 acc 0.0073 eff 0.0 outinratio 0.0 

ZH125_4e_TCjmax_pT4l_genbin1_recobin0 acc 0.0234 eff 0.0441 outinratio 0.103 

ggH125_4e_TCjmax_pT4l_genbin2_recobin0 acc 0.0264 eff 0.0671 outinratio 0.0431 

VBFH125_4e_TCjmax_pT4l_genbin2_recobin0 acc 0.041 eff 0.0435 outinratio 0.031 

WminusH125_4e_TCjmax_pT4l_genbin2_recobin0 acc 0.0324 eff 0.0321 outinratio 0.0709 

WplusH125_4e_TCjmax_pT4l_genbin2_recobin0 acc 0.0253 eff 0.0328 outinratio 0.0635 

ttH125_4e_TCjmax_pT4l_genbin2_recobin0 acc 0.0036 eff 0.0 outinratio 0.0 

ZH125_4e_TCjmax_pT4l_genbin2_recobin0 acc 0.0277 eff 0.0264 outinratio 0.103 

ggH125_4e_TCjmax_pT4l_genbin3_recobin0 acc 0.0203 eff 0.0395 outinratio 0.0431 

VBFH125_4e_TCjmax_pT4l_genbin3_recobin0 acc 0.0387 eff 0.0542 outinratio 0.031 

WminusH125_4e_TCjmax_pT4l_genbin3_recobin0 acc 0.0228 eff 0.0251 outinratio 0.0709 

WplusH125_4e_TCjmax_pT4l_genbin3_recobin0 acc 0.0199 eff 0.0275 outinratio 0.0635 

ttH125_4e_TCjmax_pT4l_genbin3_recobin0 acc 0.0044 eff 0.0 outinratio 0.0 

ZH125_4e_TCjmax_pT4l_genbin3_recobin0 acc 0.0223 eff 0.0503 outinratio 0.103 

ggH125_4e_TCjmax_pT4l_genbin4_recobin0 acc 0.0172 eff 0.0127 outinratio 0.0431 

VBFH125_4e_TCjmax_pT4l_genbin4_recobin0 acc 0.0497 eff 0.0323 outinratio 0.031 

WminusH125_4e_TCjmax_pT4l_genbin4_recobin0 acc 0.0246 eff 0.0167 outinratio 0.0709 

WplusH125_4e_TCjmax_pT4l_genbin4_recobin0 acc 0.0207 eff 0.0253 outinratio 0.0635 

ttH125_4e_TCjmax_pT4l_genbin4_recobin0 acc 0.0048 eff 0.0 outinratio 0.0 

ZH125_4e_TCjmax_pT4l_genbin4_recobin0 acc 0.0244 eff 0.0575 outinratio 0.103 

ggH125_4e_TCjmax_pT4l_genbin5_recobin0 acc 0.0131 eff 0.0201 outinratio 0.0431 

VBFH125_4e_TCjmax_pT4l_genbin5_recobin0 acc 0.0659 eff 0.0191 outinratio 0.031 

WminusH125_4e_TCjmax_pT4l_genbin5_recobin0 acc 0.0223 eff 0.0136 outinratio 0.0709 

WplusH125_4e_TCjmax_pT4l_genbin5_recobin0 acc 0.0203 eff 0.0094 outinratio 0.0635 

ttH125_4e_TCjmax_pT4l_genbin5_recobin0 acc 0.009 eff 0.0 outinratio 0.0 

ZH125_4e_TCjmax_pT4l_genbin5_recobin0 acc 0.0231 eff 0.0129 outinratio 0.103 

ggH125_4e_TCjmax_pT4l_genbin6_recobin0 acc 0.0079 eff 0.0 outinratio 0.0431 

VBFH125_4e_TCjmax_pT4l_genbin6_recobin0 acc 0.0664 eff 0.008 outinratio 0.031 

WminusH125_4e_TCjmax_pT4l_genbin6_recobin0 acc 0.0147 eff 0.0225 outinratio 0.0709 

WplusH125_4e_TCjmax_pT4l_genbin6_recobin0 acc 0.0146 eff 0.0158 outinratio 0.0635 

ttH125_4e_TCjmax_pT4l_genbin6_recobin0 acc 0.0162 eff 0.0 outinratio 0.0 

ZH125_4e_TCjmax_pT4l_genbin6_recobin0 acc 0.0159 eff 0.0 outinratio 0.103 

ggH125_4e_TCjmax_pT4l_genbin7_recobin0 acc 0.0247 eff 0.0 outinratio 0.0431 

VBFH125_4e_TCjmax_pT4l_genbin7_recobin0 acc 0.0661 eff 0.0 outinratio 0.031 

WminusH125_4e_TCjmax_pT4l_genbin7_recobin0 acc 0.1008 eff 0.0021 outinratio 0.0709 

WplusH125_4e_TCjmax_pT4l_genbin7_recobin0 acc 0.0909 eff 0.0013 outinratio 0.0635 

ttH125_4e_TCjmax_pT4l_genbin7_recobin0 acc 0.2222 eff 0.0 outinratio 0.0 

ZH125_4e_TCjmax_pT4l_genbin7_recobin0 acc 0.1092 eff 0.0023 outinratio 0.103 

ggH125_4e_TCjmax_pT4l_genbin8_recobin0 acc 0.0035 eff 0.0 outinratio 0.0431 

VBFH125_4e_TCjmax_pT4l_genbin8_recobin0 acc 0.0112 eff 0.0 outinratio 0.031 

WminusH125_4e_TCjmax_pT4l_genbin8_recobin0 acc 0.0121 eff 0.0 outinratio 0.0709 

WplusH125_4e_TCjmax_pT4l_genbin8_recobin0 acc 0.0149 eff 0.0013 outinratio 0.0635 

ttH125_4e_TCjmax_pT4l_genbin8_recobin0 acc 0.0413 eff 0.0 outinratio 0.0 

ZH125_4e_TCjmax_pT4l_genbin8_recobin0 acc 0.0113 eff 0.0 outinratio 0.103 

ggH125_4e_TCjmax_pT4l_genbin0_recobin1 acc 0.2529 eff 0.0208 outinratio 0.1213 

VBFH125_4e_TCjmax_pT4l_genbin0_recobin1 acc 0.0656 eff 0.0295 outinratio 0.0157 

WminusH125_4e_TCjmax_pT4l_genbin0_recobin1 acc 0.0841 eff 0.0213 outinratio 0.0932 

WplusH125_4e_TCjmax_pT4l_genbin0_recobin1 acc 0.0762 eff 0.0211 outinratio 0.0953 

ttH125_4e_TCjmax_pT4l_genbin0_recobin1 acc 0.0004 eff -1.0 outinratio 0.2648 

ZH125_4e_TCjmax_pT4l_genbin0_recobin1 acc 0.0833 eff 0.0173 outinratio 0.0155 

ggH125_4e_TCjmax_pT4l_genbin1_recobin1 acc 0.0134 eff 0.2669 outinratio 0.1213 

VBFH125_4e_TCjmax_pT4l_genbin1_recobin1 acc 0.0271 eff 0.3073 outinratio 0.0157 

WminusH125_4e_TCjmax_pT4l_genbin1_recobin1 acc 0.0254 eff 0.3033 outinratio 0.0932 

WplusH125_4e_TCjmax_pT4l_genbin1_recobin1 acc 0.0208 eff 0.2791 outinratio 0.0953 

ttH125_4e_TCjmax_pT4l_genbin1_recobin1 acc 0.0073 eff 0.2887 outinratio 0.2648 

ZH125_4e_TCjmax_pT4l_genbin1_recobin1 acc 0.0234 eff 0.2513 outinratio 0.0155 

ggH125_4e_TCjmax_pT4l_genbin2_recobin1 acc 0.0264 eff 0.0108 outinratio 0.1213 

VBFH125_4e_TCjmax_pT4l_genbin2_recobin1 acc 0.041 eff 0.0158 outinratio 0.0157 

WminusH125_4e_TCjmax_pT4l_genbin2_recobin1 acc 0.0324 eff 0.0152 outinratio 0.0932 

WplusH125_4e_TCjmax_pT4l_genbin2_recobin1 acc 0.0253 eff 0.0086 outinratio 0.0953 

ttH125_4e_TCjmax_pT4l_genbin2_recobin1 acc 0.0036 eff 0.0 outinratio 0.2648 

ZH125_4e_TCjmax_pT4l_genbin2_recobin1 acc 0.0277 eff 0.0073 outinratio 0.0155 

ggH125_4e_TCjmax_pT4l_genbin3_recobin1 acc 0.0203 eff 0.0 outinratio 0.1213 

VBFH125_4e_TCjmax_pT4l_genbin3_recobin1 acc 0.0387 eff 0.0 outinratio 0.0157 

WminusH125_4e_TCjmax_pT4l_genbin3_recobin1 acc 0.0228 eff 0.0 outinratio 0.0932 

WplusH125_4e_TCjmax_pT4l_genbin3_recobin1 acc 0.0199 eff 0.0 outinratio 0.0953 

ttH125_4e_TCjmax_pT4l_genbin3_recobin1 acc 0.0044 eff 0.0 outinratio 0.2648 

ZH125_4e_TCjmax_pT4l_genbin3_recobin1 acc 0.0223 eff 0.0 outinratio 0.0155 

ggH125_4e_TCjmax_pT4l_genbin4_recobin1 acc 0.0172 eff 0.0 outinratio 0.1213 

VBFH125_4e_TCjmax_pT4l_genbin4_recobin1 acc 0.0497 eff 0.0 outinratio 0.0157 

WminusH125_4e_TCjmax_pT4l_genbin4_recobin1 acc 0.0246 eff 0.0 outinratio 0.0932 

WplusH125_4e_TCjmax_pT4l_genbin4_recobin1 acc 0.0207 eff 0.0 outinratio 0.0953 

ttH125_4e_TCjmax_pT4l_genbin4_recobin1 acc 0.0048 eff 0.0 outinratio 0.2648 

ZH125_4e_TCjmax_pT4l_genbin4_recobin1 acc 0.0244 eff 0.0 outinratio 0.0155 

ggH125_4e_TCjmax_pT4l_genbin5_recobin1 acc 0.0131 eff 0.0 outinratio 0.1213 

VBFH125_4e_TCjmax_pT4l_genbin5_recobin1 acc 0.0659 eff 0.0 outinratio 0.0157 

WminusH125_4e_TCjmax_pT4l_genbin5_recobin1 acc 0.0223 eff 0.0 outinratio 0.0932 

WplusH125_4e_TCjmax_pT4l_genbin5_recobin1 acc 0.0203 eff 0.0 outinratio 0.0953 

ttH125_4e_TCjmax_pT4l_genbin5_recobin1 acc 0.009 eff 0.0 outinratio 0.2648 

ZH125_4e_TCjmax_pT4l_genbin5_recobin1 acc 0.0231 eff 0.0 outinratio 0.0155 

ggH125_4e_TCjmax_pT4l_genbin6_recobin1 acc 0.0079 eff 0.0 outinratio 0.1213 

VBFH125_4e_TCjmax_pT4l_genbin6_recobin1 acc 0.0664 eff 0.0 outinratio 0.0157 

WminusH125_4e_TCjmax_pT4l_genbin6_recobin1 acc 0.0147 eff 0.0 outinratio 0.0932 

WplusH125_4e_TCjmax_pT4l_genbin6_recobin1 acc 0.0146 eff 0.0 outinratio 0.0953 

ttH125_4e_TCjmax_pT4l_genbin6_recobin1 acc 0.0162 eff 0.0 outinratio 0.2648 

ZH125_4e_TCjmax_pT4l_genbin6_recobin1 acc 0.0159 eff 0.0 outinratio 0.0155 

ggH125_4e_TCjmax_pT4l_genbin7_recobin1 acc 0.0247 eff 0.0 outinratio 0.1213 

VBFH125_4e_TCjmax_pT4l_genbin7_recobin1 acc 0.0661 eff 0.0028 outinratio 0.0157 

WminusH125_4e_TCjmax_pT4l_genbin7_recobin1 acc 0.1008 eff 0.0008 outinratio 0.0932 

WplusH125_4e_TCjmax_pT4l_genbin7_recobin1 acc 0.0909 eff 0.0011 outinratio 0.0953 

ttH125_4e_TCjmax_pT4l_genbin7_recobin1 acc 0.2222 eff 0.0 outinratio 0.2648 

ZH125_4e_TCjmax_pT4l_genbin7_recobin1 acc 0.1092 eff 0.0076 outinratio 0.0155 

ggH125_4e_TCjmax_pT4l_genbin8_recobin1 acc 0.0035 eff 0.0 outinratio 0.1213 

VBFH125_4e_TCjmax_pT4l_genbin8_recobin1 acc 0.0112 eff 0.0 outinratio 0.0157 

WminusH125_4e_TCjmax_pT4l_genbin8_recobin1 acc 0.0121 eff 0.0 outinratio 0.0932 

WplusH125_4e_TCjmax_pT4l_genbin8_recobin1 acc 0.0149 eff 0.0 outinratio 0.0953 

ttH125_4e_TCjmax_pT4l_genbin8_recobin1 acc 0.0413 eff 0.0 outinratio 0.2648 

ZH125_4e_TCjmax_pT4l_genbin8_recobin1 acc 0.0113 eff 0.0 outinratio 0.0155 

ggH125_4e_TCjmax_pT4l_genbin0_recobin2 acc 0.2529 eff 0.0065 outinratio 0.1224 

VBFH125_4e_TCjmax_pT4l_genbin0_recobin2 acc 0.0656 eff 0.0196 outinratio 0.0224 

WminusH125_4e_TCjmax_pT4l_genbin0_recobin2 acc 0.0841 eff 0.0177 outinratio 0.0735 

WplusH125_4e_TCjmax_pT4l_genbin0_recobin2 acc 0.0762 eff 0.0158 outinratio 0.0939 

ttH125_4e_TCjmax_pT4l_genbin0_recobin2 acc 0.0004 eff -1.0 outinratio 0.3139 

ZH125_4e_TCjmax_pT4l_genbin0_recobin2 acc 0.0833 eff 0.016 outinratio 0.0777 

ggH125_4e_TCjmax_pT4l_genbin1_recobin2 acc 0.0134 eff 0.0357 outinratio 0.1224 

VBFH125_4e_TCjmax_pT4l_genbin1_recobin2 acc 0.0271 eff 0.0244 outinratio 0.0224 

WminusH125_4e_TCjmax_pT4l_genbin1_recobin2 acc 0.0254 eff 0.0108 outinratio 0.0735 

WplusH125_4e_TCjmax_pT4l_genbin1_recobin2 acc 0.0208 eff 0.0043 outinratio 0.0939 

ttH125_4e_TCjmax_pT4l_genbin1_recobin2 acc 0.0073 eff 0.0 outinratio 0.3139 

ZH125_4e_TCjmax_pT4l_genbin1_recobin2 acc 0.0234 eff 0.0156 outinratio 0.0777 

ggH125_4e_TCjmax_pT4l_genbin2_recobin2 acc 0.0264 eff 0.3145 outinratio 0.1224 

VBFH125_4e_TCjmax_pT4l_genbin2_recobin2 acc 0.041 eff 0.3217 outinratio 0.0224 

WminusH125_4e_TCjmax_pT4l_genbin2_recobin2 acc 0.0324 eff 0.2821 outinratio 0.0735 

WplusH125_4e_TCjmax_pT4l_genbin2_recobin2 acc 0.0253 eff 0.2787 outinratio 0.0939 

ttH125_4e_TCjmax_pT4l_genbin2_recobin2 acc 0.0036 eff 0.3451 outinratio 0.3139 

ZH125_4e_TCjmax_pT4l_genbin2_recobin2 acc 0.0277 eff 0.3227 outinratio 0.0777 

ggH125_4e_TCjmax_pT4l_genbin3_recobin2 acc 0.0203 eff 0.0197 outinratio 0.1224 

VBFH125_4e_TCjmax_pT4l_genbin3_recobin2 acc 0.0387 eff 0.023 outinratio 0.0224 

WminusH125_4e_TCjmax_pT4l_genbin3_recobin2 acc 0.0228 eff 0.03 outinratio 0.0735 

WplusH125_4e_TCjmax_pT4l_genbin3_recobin2 acc 0.0199 eff 0.0144 outinratio 0.0939 

ttH125_4e_TCjmax_pT4l_genbin3_recobin2 acc 0.0044 eff 0.0 outinratio 0.3139 

ZH125_4e_TCjmax_pT4l_genbin3_recobin2 acc 0.0223 eff 0.0268 outinratio 0.0777 

ggH125_4e_TCjmax_pT4l_genbin4_recobin2 acc 0.0172 eff 0.0 outinratio 0.1224 

VBFH125_4e_TCjmax_pT4l_genbin4_recobin2 acc 0.0497 eff 0.0006 outinratio 0.0224 

WminusH125_4e_TCjmax_pT4l_genbin4_recobin2 acc 0.0246 eff 0.0 outinratio 0.0735 

WplusH125_4e_TCjmax_pT4l_genbin4_recobin2 acc 0.0207 eff 0.0 outinratio 0.0939 

ttH125_4e_TCjmax_pT4l_genbin4_recobin2 acc 0.0048 eff 0.0 outinratio 0.3139 

ZH125_4e_TCjmax_pT4l_genbin4_recobin2 acc 0.0244 eff 0.0 outinratio 0.0777 

ggH125_4e_TCjmax_pT4l_genbin5_recobin2 acc 0.0131 eff 0.0 outinratio 0.1224 

VBFH125_4e_TCjmax_pT4l_genbin5_recobin2 acc 0.0659 eff 0.0 outinratio 0.0224 

WminusH125_4e_TCjmax_pT4l_genbin5_recobin2 acc 0.0223 eff 0.0 outinratio 0.0735 

WplusH125_4e_TCjmax_pT4l_genbin5_recobin2 acc 0.0203 eff 0.0 outinratio 0.0939 

ttH125_4e_TCjmax_pT4l_genbin5_recobin2 acc 0.009 eff 0.0 outinratio 0.3139 

ZH125_4e_TCjmax_pT4l_genbin5_recobin2 acc 0.0231 eff 0.0 outinratio 0.0777 

ggH125_4e_TCjmax_pT4l_genbin6_recobin2 acc 0.0079 eff 0.0 outinratio 0.1224 

VBFH125_4e_TCjmax_pT4l_genbin6_recobin2 acc 0.0664 eff 0.0 outinratio 0.0224 

WminusH125_4e_TCjmax_pT4l_genbin6_recobin2 acc 0.0147 eff 0.0 outinratio 0.0735 

WplusH125_4e_TCjmax_pT4l_genbin6_recobin2 acc 0.0146 eff 0.0 outinratio 0.0939 

ttH125_4e_TCjmax_pT4l_genbin6_recobin2 acc 0.0162 eff 0.0 outinratio 0.3139 

ZH125_4e_TCjmax_pT4l_genbin6_recobin2 acc 0.0159 eff 0.0 outinratio 0.0777 

ggH125_4e_TCjmax_pT4l_genbin7_recobin2 acc 0.0247 eff 0.0 outinratio 0.1224 

VBFH125_4e_TCjmax_pT4l_genbin7_recobin2 acc 0.0661 eff 0.0037 outinratio 0.0224 

WminusH125_4e_TCjmax_pT4l_genbin7_recobin2 acc 0.1008 eff 0.003 outinratio 0.0735 

WplusH125_4e_TCjmax_pT4l_genbin7_recobin2 acc 0.0909 eff 0.0031 outinratio 0.0939 

ttH125_4e_TCjmax_pT4l_genbin7_recobin2 acc 0.2222 eff 0.0013 outinratio 0.3139 

ZH125_4e_TCjmax_pT4l_genbin7_recobin2 acc 0.1092 eff 0.0039 outinratio 0.0777 

ggH125_4e_TCjmax_pT4l_genbin8_recobin2 acc 0.0035 eff 0.0 outinratio 0.1224 

VBFH125_4e_TCjmax_pT4l_genbin8_recobin2 acc 0.0112 eff 0.0 outinratio 0.0224 

WminusH125_4e_TCjmax_pT4l_genbin8_recobin2 acc 0.0121 eff 0.0 outinratio 0.0735 

WplusH125_4e_TCjmax_pT4l_genbin8_recobin2 acc 0.0149 eff 0.0 outinratio 0.0939 

ttH125_4e_TCjmax_pT4l_genbin8_recobin2 acc 0.0413 eff 0.0 outinratio 0.3139 

ZH125_4e_TCjmax_pT4l_genbin8_recobin2 acc 0.0113 eff 0.0 outinratio 0.0777 

ggH125_4e_TCjmax_pT4l_genbin0_recobin3 acc 0.2529 eff 0.0021 outinratio 0.049 

VBFH125_4e_TCjmax_pT4l_genbin0_recobin3 acc 0.0656 eff 0.0183 outinratio 0.0423 

WminusH125_4e_TCjmax_pT4l_genbin0_recobin3 acc 0.0841 eff 0.0096 outinratio 0.0541 

WplusH125_4e_TCjmax_pT4l_genbin0_recobin3 acc 0.0762 eff 0.0061 outinratio 0.0773 

ttH125_4e_TCjmax_pT4l_genbin0_recobin3 acc 0.0004 eff -1.0 outinratio 0.1861 

ZH125_4e_TCjmax_pT4l_genbin0_recobin3 acc 0.0833 eff 0.0071 outinratio 0.0718 

ggH125_4e_TCjmax_pT4l_genbin1_recobin3 acc 0.0134 eff 0.0 outinratio 0.049 

VBFH125_4e_TCjmax_pT4l_genbin1_recobin3 acc 0.0271 eff 0.0 outinratio 0.0423 

WminusH125_4e_TCjmax_pT4l_genbin1_recobin3 acc 0.0254 eff 0.0 outinratio 0.0541 

WplusH125_4e_TCjmax_pT4l_genbin1_recobin3 acc 0.0208 eff 0.0 outinratio 0.0773 

ttH125_4e_TCjmax_pT4l_genbin1_recobin3 acc 0.0073 eff 0.0 outinratio 0.1861 

ZH125_4e_TCjmax_pT4l_genbin1_recobin3 acc 0.0234 eff 0.0 outinratio 0.0718 

ggH125_4e_TCjmax_pT4l_genbin2_recobin3 acc 0.0264 eff 0.0104 outinratio 0.049 

VBFH125_4e_TCjmax_pT4l_genbin2_recobin3 acc 0.041 eff 0.0079 outinratio 0.0423 

WminusH125_4e_TCjmax_pT4l_genbin2_recobin3 acc 0.0324 eff 0.0074 outinratio 0.0541 

WplusH125_4e_TCjmax_pT4l_genbin2_recobin3 acc 0.0253 eff 0.0103 outinratio 0.0773 

ttH125_4e_TCjmax_pT4l_genbin2_recobin3 acc 0.0036 eff 0.0 outinratio 0.1861 

ZH125_4e_TCjmax_pT4l_genbin2_recobin3 acc 0.0277 eff 0.0205 outinratio 0.0718 

ggH125_4e_TCjmax_pT4l_genbin3_recobin3 acc 0.0203 eff 0.295 outinratio 0.049 

VBFH125_4e_TCjmax_pT4l_genbin3_recobin3 acc 0.0387 eff 0.2894 outinratio 0.0423 

WminusH125_4e_TCjmax_pT4l_genbin3_recobin3 acc 0.0228 eff 0.2887 outinratio 0.0541 

WplusH125_4e_TCjmax_pT4l_genbin3_recobin3 acc 0.0199 eff 0.2943 outinratio 0.0773 

ttH125_4e_TCjmax_pT4l_genbin3_recobin3 acc 0.0044 eff 0.174 outinratio 0.1861 

ZH125_4e_TCjmax_pT4l_genbin3_recobin3 acc 0.0223 eff 0.2863 outinratio 0.0718 

ggH125_4e_TCjmax_pT4l_genbin4_recobin3 acc 0.0172 eff 0.01 outinratio 0.049 

VBFH125_4e_TCjmax_pT4l_genbin4_recobin3 acc 0.0497 eff 0.0351 outinratio 0.0423 

WminusH125_4e_TCjmax_pT4l_genbin4_recobin3 acc 0.0246 eff 0.0146 outinratio 0.0541 

WplusH125_4e_TCjmax_pT4l_genbin4_recobin3 acc 0.0207 eff 0.0197 outinratio 0.0773 

ttH125_4e_TCjmax_pT4l_genbin4_recobin3 acc 0.0048 eff 0.0 outinratio 0.1861 

ZH125_4e_TCjmax_pT4l_genbin4_recobin3 acc 0.0244 eff 0.0632 outinratio 0.0718 

ggH125_4e_TCjmax_pT4l_genbin5_recobin3 acc 0.0131 eff 0.0 outinratio 0.049 

VBFH125_4e_TCjmax_pT4l_genbin5_recobin3 acc 0.0659 eff 0.0 outinratio 0.0423 

WminusH125_4e_TCjmax_pT4l_genbin5_recobin3 acc 0.0223 eff 0.0 outinratio 0.0541 

WplusH125_4e_TCjmax_pT4l_genbin5_recobin3 acc 0.0203 eff 0.0 outinratio 0.0773 

ttH125_4e_TCjmax_pT4l_genbin5_recobin3 acc 0.009 eff 0.0 outinratio 0.1861 

ZH125_4e_TCjmax_pT4l_genbin5_recobin3 acc 0.0231 eff 0.0 outinratio 0.0718 

ggH125_4e_TCjmax_pT4l_genbin6_recobin3 acc 0.0079 eff 0.0 outinratio 0.049 

VBFH125_4e_TCjmax_pT4l_genbin6_recobin3 acc 0.0664 eff 0.0 outinratio 0.0423 

WminusH125_4e_TCjmax_pT4l_genbin6_recobin3 acc 0.0147 eff 0.0 outinratio 0.0541 

WplusH125_4e_TCjmax_pT4l_genbin6_recobin3 acc 0.0146 eff 0.0 outinratio 0.0773 

ttH125_4e_TCjmax_pT4l_genbin6_recobin3 acc 0.0162 eff 0.0 outinratio 0.1861 

ZH125_4e_TCjmax_pT4l_genbin6_recobin3 acc 0.0159 eff 0.0 outinratio 0.0718 

ggH125_4e_TCjmax_pT4l_genbin7_recobin3 acc 0.0247 eff 0.0036 outinratio 0.049 

VBFH125_4e_TCjmax_pT4l_genbin7_recobin3 acc 0.0661 eff 0.0018 outinratio 0.0423 

WminusH125_4e_TCjmax_pT4l_genbin7_recobin3 acc 0.1008 eff 0.0039 outinratio 0.0541 

WplusH125_4e_TCjmax_pT4l_genbin7_recobin3 acc 0.0909 eff 0.0034 outinratio 0.0773 

ttH125_4e_TCjmax_pT4l_genbin7_recobin3 acc 0.2222 eff 0.001 outinratio 0.1861 

ZH125_4e_TCjmax_pT4l_genbin7_recobin3 acc 0.1092 eff 0.0035 outinratio 0.0718 

ggH125_4e_TCjmax_pT4l_genbin8_recobin3 acc 0.0035 eff 0.0 outinratio 0.049 

VBFH125_4e_TCjmax_pT4l_genbin8_recobin3 acc 0.0112 eff 0.0 outinratio 0.0423 

WminusH125_4e_TCjmax_pT4l_genbin8_recobin3 acc 0.0121 eff 0.0 outinratio 0.0541 

WplusH125_4e_TCjmax_pT4l_genbin8_recobin3 acc 0.0149 eff 0.0 outinratio 0.0773 

ttH125_4e_TCjmax_pT4l_genbin8_recobin3 acc 0.0413 eff 0.0 outinratio 0.1861 

ZH125_4e_TCjmax_pT4l_genbin8_recobin3 acc 0.0113 eff 0.0 outinratio 0.0718 

ggH125_4e_TCjmax_pT4l_genbin0_recobin4 acc 0.2529 eff 0.0008 outinratio 0.061 

VBFH125_4e_TCjmax_pT4l_genbin0_recobin4 acc 0.0656 eff 0.009 outinratio 0.0278 

WminusH125_4e_TCjmax_pT4l_genbin0_recobin4 acc 0.0841 eff 0.0087 outinratio 0.0608 

WplusH125_4e_TCjmax_pT4l_genbin0_recobin4 acc 0.0762 eff 0.0059 outinratio 0.0548 

ttH125_4e_TCjmax_pT4l_genbin0_recobin4 acc 0.0004 eff -1.0 outinratio 0.0 

ZH125_4e_TCjmax_pT4l_genbin0_recobin4 acc 0.0833 eff 0.0068 outinratio 0.0048 

ggH125_4e_TCjmax_pT4l_genbin1_recobin4 acc 0.0134 eff 0.0 outinratio 0.061 

VBFH125_4e_TCjmax_pT4l_genbin1_recobin4 acc 0.0271 eff 0.0 outinratio 0.0278 

WminusH125_4e_TCjmax_pT4l_genbin1_recobin4 acc 0.0254 eff 0.0 outinratio 0.0608 

WplusH125_4e_TCjmax_pT4l_genbin1_recobin4 acc 0.0208 eff 0.0 outinratio 0.0548 

ttH125_4e_TCjmax_pT4l_genbin1_recobin4 acc 0.0073 eff 0.0 outinratio 0.0 

ZH125_4e_TCjmax_pT4l_genbin1_recobin4 acc 0.0234 eff 0.0 outinratio 0.0048 

ggH125_4e_TCjmax_pT4l_genbin2_recobin4 acc 0.0264 eff 0.0 outinratio 0.061 

VBFH125_4e_TCjmax_pT4l_genbin2_recobin4 acc 0.041 eff 0.0 outinratio 0.0278 

WminusH125_4e_TCjmax_pT4l_genbin2_recobin4 acc 0.0324 eff 0.0 outinratio 0.0608 

WplusH125_4e_TCjmax_pT4l_genbin2_recobin4 acc 0.0253 eff 0.0 outinratio 0.0548 

ttH125_4e_TCjmax_pT4l_genbin2_recobin4 acc 0.0036 eff 0.0 outinratio 0.0 

ZH125_4e_TCjmax_pT4l_genbin2_recobin4 acc 0.0277 eff 0.0 outinratio 0.0048 

ggH125_4e_TCjmax_pT4l_genbin3_recobin4 acc 0.0203 eff 0.0146 outinratio 0.061 

VBFH125_4e_TCjmax_pT4l_genbin3_recobin4 acc 0.0387 eff 0.0163 outinratio 0.0278 

WminusH125_4e_TCjmax_pT4l_genbin3_recobin4 acc 0.0228 eff 0.013 outinratio 0.0608 

WplusH125_4e_TCjmax_pT4l_genbin3_recobin4 acc 0.0199 eff 0.0158 outinratio 0.0548 

ttH125_4e_TCjmax_pT4l_genbin3_recobin4 acc 0.0044 eff 0.0314 outinratio 0.0 

ZH125_4e_TCjmax_pT4l_genbin3_recobin4 acc 0.0223 eff 0.012 outinratio 0.0048 

ggH125_4e_TCjmax_pT4l_genbin4_recobin4 acc 0.0172 eff 0.3235 outinratio 0.061 

VBFH125_4e_TCjmax_pT4l_genbin4_recobin4 acc 0.0497 eff 0.3049 outinratio 0.0278 

WminusH125_4e_TCjmax_pT4l_genbin4_recobin4 acc 0.0246 eff 0.3103 outinratio 0.0608 

WplusH125_4e_TCjmax_pT4l_genbin4_recobin4 acc 0.0207 eff 0.3152 outinratio 0.0548 

ttH125_4e_TCjmax_pT4l_genbin4_recobin4 acc 0.0048 eff 0.3215 outinratio 0.0 

ZH125_4e_TCjmax_pT4l_genbin4_recobin4 acc 0.0244 eff 0.2947 outinratio 0.0048 

ggH125_4e_TCjmax_pT4l_genbin5_recobin4 acc 0.0131 eff 0.0314 outinratio 0.061 

VBFH125_4e_TCjmax_pT4l_genbin5_recobin4 acc 0.0659 eff 0.0186 outinratio 0.0278 

WminusH125_4e_TCjmax_pT4l_genbin5_recobin4 acc 0.0223 eff 0.0283 outinratio 0.0608 

WplusH125_4e_TCjmax_pT4l_genbin5_recobin4 acc 0.0203 eff 0.0175 outinratio 0.0548 

ttH125_4e_TCjmax_pT4l_genbin5_recobin4 acc 0.009 eff 0.0241 outinratio 0.0 

ZH125_4e_TCjmax_pT4l_genbin5_recobin4 acc 0.0231 eff 0.0008 outinratio 0.0048 

ggH125_4e_TCjmax_pT4l_genbin6_recobin4 acc 0.0079 eff 0.0 outinratio 0.061 

VBFH125_4e_TCjmax_pT4l_genbin6_recobin4 acc 0.0664 eff 0.0 outinratio 0.0278 

WminusH125_4e_TCjmax_pT4l_genbin6_recobin4 acc 0.0147 eff 0.0 outinratio 0.0608 

WplusH125_4e_TCjmax_pT4l_genbin6_recobin4 acc 0.0146 eff 0.0 outinratio 0.0548 

ttH125_4e_TCjmax_pT4l_genbin6_recobin4 acc 0.0162 eff 0.0 outinratio 0.0 

ZH125_4e_TCjmax_pT4l_genbin6_recobin4 acc 0.0159 eff 0.0 outinratio 0.0048 

ggH125_4e_TCjmax_pT4l_genbin7_recobin4 acc 0.0247 eff 0.0218 outinratio 0.061 

VBFH125_4e_TCjmax_pT4l_genbin7_recobin4 acc 0.0661 eff 0.0079 outinratio 0.0278 

WminusH125_4e_TCjmax_pT4l_genbin7_recobin4 acc 0.1008 eff 0.0072 outinratio 0.0608 

WplusH125_4e_TCjmax_pT4l_genbin7_recobin4 acc 0.0909 eff 0.0057 outinratio 0.0548 

ttH125_4e_TCjmax_pT4l_genbin7_recobin4 acc 0.2222 eff 0.0016 outinratio 0.0 

ZH125_4e_TCjmax_pT4l_genbin7_recobin4 acc 0.1092 eff 0.0037 outinratio 0.0048 

ggH125_4e_TCjmax_pT4l_genbin8_recobin4 acc 0.0035 eff 0.0 outinratio 0.061 

VBFH125_4e_TCjmax_pT4l_genbin8_recobin4 acc 0.0112 eff 0.0 outinratio 0.0278 

WminusH125_4e_TCjmax_pT4l_genbin8_recobin4 acc 0.0121 eff 0.0 outinratio 0.0608 

WplusH125_4e_TCjmax_pT4l_genbin8_recobin4 acc 0.0149 eff 0.0 outinratio 0.0548 

ttH125_4e_TCjmax_pT4l_genbin8_recobin4 acc 0.0413 eff 0.0 outinratio 0.0 

ZH125_4e_TCjmax_pT4l_genbin8_recobin4 acc 0.0113 eff 0.0 outinratio 0.0048 

ggH125_4e_TCjmax_pT4l_genbin0_recobin5 acc 0.2529 eff 0.001 outinratio 0.0341 

VBFH125_4e_TCjmax_pT4l_genbin0_recobin5 acc 0.0656 eff 0.0018 outinratio 0.0452 

WminusH125_4e_TCjmax_pT4l_genbin0_recobin5 acc 0.0841 eff 0.0082 outinratio 0.0777 

WplusH125_4e_TCjmax_pT4l_genbin0_recobin5 acc 0.0762 eff 0.0099 outinratio 0.0736 

ttH125_4e_TCjmax_pT4l_genbin0_recobin5 acc 0.0004 eff -1.0 outinratio 0.0 

ZH125_4e_TCjmax_pT4l_genbin0_recobin5 acc 0.0833 eff 0.011 outinratio 0.0498 

ggH125_4e_TCjmax_pT4l_genbin1_recobin5 acc 0.0134 eff 0.0 outinratio 0.0341 

VBFH125_4e_TCjmax_pT4l_genbin1_recobin5 acc 0.0271 eff 0.0 outinratio 0.0452 

WminusH125_4e_TCjmax_pT4l_genbin1_recobin5 acc 0.0254 eff 0.0 outinratio 0.0777 

WplusH125_4e_TCjmax_pT4l_genbin1_recobin5 acc 0.0208 eff 0.0 outinratio 0.0736 

ttH125_4e_TCjmax_pT4l_genbin1_recobin5 acc 0.0073 eff 0.0 outinratio 0.0 

ZH125_4e_TCjmax_pT4l_genbin1_recobin5 acc 0.0234 eff 0.0 outinratio 0.0498 

ggH125_4e_TCjmax_pT4l_genbin2_recobin5 acc 0.0264 eff 0.0 outinratio 0.0341 

VBFH125_4e_TCjmax_pT4l_genbin2_recobin5 acc 0.041 eff 0.0 outinratio 0.0452 

WminusH125_4e_TCjmax_pT4l_genbin2_recobin5 acc 0.0324 eff 0.0 outinratio 0.0777 

WplusH125_4e_TCjmax_pT4l_genbin2_recobin5 acc 0.0253 eff 0.0 outinratio 0.0736 

ttH125_4e_TCjmax_pT4l_genbin2_recobin5 acc 0.0036 eff 0.0 outinratio 0.0 

ZH125_4e_TCjmax_pT4l_genbin2_recobin5 acc 0.0277 eff 0.0 outinratio 0.0498 

ggH125_4e_TCjmax_pT4l_genbin3_recobin5 acc 0.0203 eff 0.0 outinratio 0.0341 

VBFH125_4e_TCjmax_pT4l_genbin3_recobin5 acc 0.0387 eff 0.0 outinratio 0.0452 

WminusH125_4e_TCjmax_pT4l_genbin3_recobin5 acc 0.0228 eff 0.0 outinratio 0.0777 

WplusH125_4e_TCjmax_pT4l_genbin3_recobin5 acc 0.0199 eff 0.0 outinratio 0.0736 

ttH125_4e_TCjmax_pT4l_genbin3_recobin5 acc 0.0044 eff 0.0 outinratio 0.0 

ZH125_4e_TCjmax_pT4l_genbin3_recobin5 acc 0.0223 eff 0.0 outinratio 0.0498 

ggH125_4e_TCjmax_pT4l_genbin4_recobin5 acc 0.0172 eff 0.0163 outinratio 0.0341 

VBFH125_4e_TCjmax_pT4l_genbin4_recobin5 acc 0.0497 eff 0.0199 outinratio 0.0452 

WminusH125_4e_TCjmax_pT4l_genbin4_recobin5 acc 0.0246 eff 0.0081 outinratio 0.0777 

WplusH125_4e_TCjmax_pT4l_genbin4_recobin5 acc 0.0207 eff 0.0072 outinratio 0.0736 

ttH125_4e_TCjmax_pT4l_genbin4_recobin5 acc 0.0048 eff 0.0 outinratio 0.0 

ZH125_4e_TCjmax_pT4l_genbin4_recobin5 acc 0.0244 eff 0.0088 outinratio 0.0498 

ggH125_4e_TCjmax_pT4l_genbin5_recobin5 acc 0.0131 eff 0.3754 outinratio 0.0341 

VBFH125_4e_TCjmax_pT4l_genbin5_recobin5 acc 0.0659 eff 0.3617 outinratio 0.0452 

WminusH125_4e_TCjmax_pT4l_genbin5_recobin5 acc 0.0223 eff 0.303 outinratio 0.0777 

WplusH125_4e_TCjmax_pT4l_genbin5_recobin5 acc 0.0203 eff 0.2981 outinratio 0.0736 

ttH125_4e_TCjmax_pT4l_genbin5_recobin5 acc 0.009 eff 0.1621 outinratio 0.0 

ZH125_4e_TCjmax_pT4l_genbin5_recobin5 acc 0.0231 eff 0.3041 outinratio 0.0498 

ggH125_4e_TCjmax_pT4l_genbin6_recobin5 acc 0.0079 eff 0.0016 outinratio 0.0341 

VBFH125_4e_TCjmax_pT4l_genbin6_recobin5 acc 0.0664 eff 0.0109 outinratio 0.0452 

WminusH125_4e_TCjmax_pT4l_genbin6_recobin5 acc 0.0147 eff 0.0185 outinratio 0.0777 

WplusH125_4e_TCjmax_pT4l_genbin6_recobin5 acc 0.0146 eff 0.0056 outinratio 0.0736 

ttH125_4e_TCjmax_pT4l_genbin6_recobin5 acc 0.0162 eff 0.0144 outinratio 0.0 

ZH125_4e_TCjmax_pT4l_genbin6_recobin5 acc 0.0159 eff 0.0019 outinratio 0.0498 

ggH125_4e_TCjmax_pT4l_genbin7_recobin5 acc 0.0247 eff 0.0112 outinratio 0.0341 

VBFH125_4e_TCjmax_pT4l_genbin7_recobin5 acc 0.0661 eff 0.0085 outinratio 0.0452 

WminusH125_4e_TCjmax_pT4l_genbin7_recobin5 acc 0.1008 eff 0.0097 outinratio 0.0777 

WplusH125_4e_TCjmax_pT4l_genbin7_recobin5 acc 0.0909 eff 0.0088 outinratio 0.0736 

ttH125_4e_TCjmax_pT4l_genbin7_recobin5 acc 0.2222 eff 0.0063 outinratio 0.0 

ZH125_4e_TCjmax_pT4l_genbin7_recobin5 acc 0.1092 eff 0.0079 outinratio 0.0498 

ggH125_4e_TCjmax_pT4l_genbin8_recobin5 acc 0.0035 eff 0.0 outinratio 0.0341 

VBFH125_4e_TCjmax_pT4l_genbin8_recobin5 acc 0.0112 eff 0.0 outinratio 0.0452 

WminusH125_4e_TCjmax_pT4l_genbin8_recobin5 acc 0.0121 eff 0.0 outinratio 0.0777 

WplusH125_4e_TCjmax_pT4l_genbin8_recobin5 acc 0.0149 eff 0.0 outinratio 0.0736 

ttH125_4e_TCjmax_pT4l_genbin8_recobin5 acc 0.0413 eff 0.0 outinratio 0.0 

ZH125_4e_TCjmax_pT4l_genbin8_recobin5 acc 0.0113 eff 0.0 outinratio 0.0498 

ggH125_4e_TCjmax_pT4l_genbin0_recobin6 acc 0.2529 eff 0.0 outinratio 0.0 

VBFH125_4e_TCjmax_pT4l_genbin0_recobin6 acc 0.0656 eff 0.0 outinratio 0.0318 

WminusH125_4e_TCjmax_pT4l_genbin0_recobin6 acc 0.0841 eff 0.0085 outinratio 0.0873 

WplusH125_4e_TCjmax_pT4l_genbin0_recobin6 acc 0.0762 eff 0.0129 outinratio 0.0676 

ttH125_4e_TCjmax_pT4l_genbin0_recobin6 acc 0.0004 eff -1.0 outinratio 0.2041 

ZH125_4e_TCjmax_pT4l_genbin0_recobin6 acc 0.0833 eff 0.0025 outinratio 0.067 

ggH125_4e_TCjmax_pT4l_genbin1_recobin6 acc 0.0134 eff 0.0 outinratio 0.0 

VBFH125_4e_TCjmax_pT4l_genbin1_recobin6 acc 0.0271 eff 0.0 outinratio 0.0318 

WminusH125_4e_TCjmax_pT4l_genbin1_recobin6 acc 0.0254 eff 0.0 outinratio 0.0873 

WplusH125_4e_TCjmax_pT4l_genbin1_recobin6 acc 0.0208 eff 0.0 outinratio 0.0676 

ttH125_4e_TCjmax_pT4l_genbin1_recobin6 acc 0.0073 eff 0.0 outinratio 0.2041 

ZH125_4e_TCjmax_pT4l_genbin1_recobin6 acc 0.0234 eff 0.0 outinratio 0.067 

ggH125_4e_TCjmax_pT4l_genbin2_recobin6 acc 0.0264 eff 0.0 outinratio 0.0 

VBFH125_4e_TCjmax_pT4l_genbin2_recobin6 acc 0.041 eff 0.0 outinratio 0.0318 

WminusH125_4e_TCjmax_pT4l_genbin2_recobin6 acc 0.0324 eff 0.0 outinratio 0.0873 

WplusH125_4e_TCjmax_pT4l_genbin2_recobin6 acc 0.0253 eff 0.0 outinratio 0.0676 

ttH125_4e_TCjmax_pT4l_genbin2_recobin6 acc 0.0036 eff 0.0 outinratio 0.2041 

ZH125_4e_TCjmax_pT4l_genbin2_recobin6 acc 0.0277 eff 0.0 outinratio 0.067 

ggH125_4e_TCjmax_pT4l_genbin3_recobin6 acc 0.0203 eff 0.0 outinratio 0.0 

VBFH125_4e_TCjmax_pT4l_genbin3_recobin6 acc 0.0387 eff 0.0 outinratio 0.0318 

WminusH125_4e_TCjmax_pT4l_genbin3_recobin6 acc 0.0228 eff 0.0 outinratio 0.0873 

WplusH125_4e_TCjmax_pT4l_genbin3_recobin6 acc 0.0199 eff 0.0 outinratio 0.0676 

ttH125_4e_TCjmax_pT4l_genbin3_recobin6 acc 0.0044 eff 0.0 outinratio 0.2041 

ZH125_4e_TCjmax_pT4l_genbin3_recobin6 acc 0.0223 eff 0.0 outinratio 0.067 

ggH125_4e_TCjmax_pT4l_genbin4_recobin6 acc 0.0172 eff 0.0 outinratio 0.0 

VBFH125_4e_TCjmax_pT4l_genbin4_recobin6 acc 0.0497 eff 0.0 outinratio 0.0318 

WminusH125_4e_TCjmax_pT4l_genbin4_recobin6 acc 0.0246 eff 0.0 outinratio 0.0873 

WplusH125_4e_TCjmax_pT4l_genbin4_recobin6 acc 0.0207 eff 0.0 outinratio 0.0676 

ttH125_4e_TCjmax_pT4l_genbin4_recobin6 acc 0.0048 eff 0.0 outinratio 0.2041 

ZH125_4e_TCjmax_pT4l_genbin4_recobin6 acc 0.0244 eff 0.0 outinratio 0.067 

ggH125_4e_TCjmax_pT4l_genbin5_recobin6 acc 0.0131 eff 0.0013 outinratio 0.0 

VBFH125_4e_TCjmax_pT4l_genbin5_recobin6 acc 0.0659 eff 0.0071 outinratio 0.0318 

WminusH125_4e_TCjmax_pT4l_genbin5_recobin6 acc 0.0223 eff 0.0054 outinratio 0.0873 

WplusH125_4e_TCjmax_pT4l_genbin5_recobin6 acc 0.0203 eff 0.0032 outinratio 0.0676 

ttH125_4e_TCjmax_pT4l_genbin5_recobin6 acc 0.009 eff 0.0 outinratio 0.2041 

ZH125_4e_TCjmax_pT4l_genbin5_recobin6 acc 0.0231 eff 0.0 outinratio 0.067 

ggH125_4e_TCjmax_pT4l_genbin6_recobin6 acc 0.0079 eff 0.2644 outinratio 0.0 

VBFH125_4e_TCjmax_pT4l_genbin6_recobin6 acc 0.0664 eff 0.4401 outinratio 0.0318 

WminusH125_4e_TCjmax_pT4l_genbin6_recobin6 acc 0.0147 eff 0.3206 outinratio 0.0873 

WplusH125_4e_TCjmax_pT4l_genbin6_recobin6 acc 0.0146 eff 0.3179 outinratio 0.0676 

ttH125_4e_TCjmax_pT4l_genbin6_recobin6 acc 0.0162 eff 0.2989 outinratio 0.2041 

ZH125_4e_TCjmax_pT4l_genbin6_recobin6 acc 0.0159 eff 0.3444 outinratio 0.067 

ggH125_4e_TCjmax_pT4l_genbin7_recobin6 acc 0.0247 eff 0.0176 outinratio 0.0 

VBFH125_4e_TCjmax_pT4l_genbin7_recobin6 acc 0.0661 eff 0.0106 outinratio 0.0318 

WminusH125_4e_TCjmax_pT4l_genbin7_recobin6 acc 0.1008 eff 0.0075 outinratio 0.0873 

WplusH125_4e_TCjmax_pT4l_genbin7_recobin6 acc 0.0909 eff 0.0103 outinratio 0.0676 

ttH125_4e_TCjmax_pT4l_genbin7_recobin6 acc 0.2222 eff 0.007 outinratio 0.2041 

ZH125_4e_TCjmax_pT4l_genbin7_recobin6 acc 0.1092 eff 0.0098 outinratio 0.067 

ggH125_4e_TCjmax_pT4l_genbin8_recobin6 acc 0.0035 eff 0.0 outinratio 0.0 

VBFH125_4e_TCjmax_pT4l_genbin8_recobin6 acc 0.0112 eff 0.008 outinratio 0.0318 

WminusH125_4e_TCjmax_pT4l_genbin8_recobin6 acc 0.0121 eff 0.0057 outinratio 0.0873 

WplusH125_4e_TCjmax_pT4l_genbin8_recobin6 acc 0.0149 eff 0.0072 outinratio 0.0676 

ttH125_4e_TCjmax_pT4l_genbin8_recobin6 acc 0.0413 eff 0.0111 outinratio 0.2041 

ZH125_4e_TCjmax_pT4l_genbin8_recobin6 acc 0.0113 eff 0.0213 outinratio 0.067 

ggH125_4e_TCjmax_pT4l_genbin0_recobin7 acc 0.2529 eff 0.0011 outinratio 0.0914 

VBFH125_4e_TCjmax_pT4l_genbin0_recobin7 acc 0.0656 eff 0.0019 outinratio 0.0541 

WminusH125_4e_TCjmax_pT4l_genbin0_recobin7 acc 0.0841 eff 0.0146 outinratio 0.0826 

WplusH125_4e_TCjmax_pT4l_genbin0_recobin7 acc 0.0762 eff 0.0172 outinratio 0.0842 

ttH125_4e_TCjmax_pT4l_genbin0_recobin7 acc 0.0004 eff -1.0 outinratio 0.2724 

ZH125_4e_TCjmax_pT4l_genbin0_recobin7 acc 0.0833 eff 0.0123 outinratio 0.0603 

ggH125_4e_TCjmax_pT4l_genbin1_recobin7 acc 0.0134 eff 0.0 outinratio 0.0914 

VBFH125_4e_TCjmax_pT4l_genbin1_recobin7 acc 0.0271 eff 0.0133 outinratio 0.0541 

WminusH125_4e_TCjmax_pT4l_genbin1_recobin7 acc 0.0254 eff 0.021 outinratio 0.0826 

WplusH125_4e_TCjmax_pT4l_genbin1_recobin7 acc 0.0208 eff 0.0216 outinratio 0.0842 

ttH125_4e_TCjmax_pT4l_genbin1_recobin7 acc 0.0073 eff 0.036 outinratio 0.2724 

ZH125_4e_TCjmax_pT4l_genbin1_recobin7 acc 0.0234 eff 0.0068 outinratio 0.0603 

ggH125_4e_TCjmax_pT4l_genbin2_recobin7 acc 0.0264 eff 0.0033 outinratio 0.0914 

VBFH125_4e_TCjmax_pT4l_genbin2_recobin7 acc 0.041 eff 0.0077 outinratio 0.0541 

WminusH125_4e_TCjmax_pT4l_genbin2_recobin7 acc 0.0324 eff 0.0271 outinratio 0.0826 

WplusH125_4e_TCjmax_pT4l_genbin2_recobin7 acc 0.0253 eff 0.0298 outinratio 0.0842 

ttH125_4e_TCjmax_pT4l_genbin2_recobin7 acc 0.0036 eff 0.1371 outinratio 0.2724 

ZH125_4e_TCjmax_pT4l_genbin2_recobin7 acc 0.0277 eff 0.0284 outinratio 0.0603 

ggH125_4e_TCjmax_pT4l_genbin3_recobin7 acc 0.0203 eff 0.0047 outinratio 0.0914 

VBFH125_4e_TCjmax_pT4l_genbin3_recobin7 acc 0.0387 eff 0.0137 outinratio 0.0541 

WminusH125_4e_TCjmax_pT4l_genbin3_recobin7 acc 0.0228 eff 0.0394 outinratio 0.0826 

WplusH125_4e_TCjmax_pT4l_genbin3_recobin7 acc 0.0199 eff 0.0421 outinratio 0.0842 

ttH125_4e_TCjmax_pT4l_genbin3_recobin7 acc 0.0044 eff 0.1224 outinratio 0.2724 

ZH125_4e_TCjmax_pT4l_genbin3_recobin7 acc 0.0223 eff 0.0489 outinratio 0.0603 

ggH125_4e_TCjmax_pT4l_genbin4_recobin7 acc 0.0172 eff 0.011 outinratio 0.0914 

VBFH125_4e_TCjmax_pT4l_genbin4_recobin7 acc 0.0497 eff 0.0178 outinratio 0.0541 

WminusH125_4e_TCjmax_pT4l_genbin4_recobin7 acc 0.0246 eff 0.0498 outinratio 0.0826 

WplusH125_4e_TCjmax_pT4l_genbin4_recobin7 acc 0.0207 eff 0.0355 outinratio 0.0842 

ttH125_4e_TCjmax_pT4l_genbin4_recobin7 acc 0.0048 eff 0.0186 outinratio 0.2724 

ZH125_4e_TCjmax_pT4l_genbin4_recobin7 acc 0.0244 eff 0.0353 outinratio 0.0603 

ggH125_4e_TCjmax_pT4l_genbin5_recobin7 acc 0.0131 eff 0.025 outinratio 0.0914 

VBFH125_4e_TCjmax_pT4l_genbin5_recobin7 acc 0.0659 eff 0.015 outinratio 0.0541 

WminusH125_4e_TCjmax_pT4l_genbin5_recobin7 acc 0.0223 eff 0.0539 outinratio 0.0826 

WplusH125_4e_TCjmax_pT4l_genbin5_recobin7 acc 0.0203 eff 0.0659 outinratio 0.0842 

ttH125_4e_TCjmax_pT4l_genbin5_recobin7 acc 0.009 eff 0.1515 outinratio 0.2724 

ZH125_4e_TCjmax_pT4l_genbin5_recobin7 acc 0.0231 eff 0.038 outinratio 0.0603 

ggH125_4e_TCjmax_pT4l_genbin6_recobin7 acc 0.0079 eff 0.0733 outinratio 0.0914 

VBFH125_4e_TCjmax_pT4l_genbin6_recobin7 acc 0.0664 eff 0.0154 outinratio 0.0541 

WminusH125_4e_TCjmax_pT4l_genbin6_recobin7 acc 0.0147 eff 0.0638 outinratio 0.0826 

WplusH125_4e_TCjmax_pT4l_genbin6_recobin7 acc 0.0146 eff 0.0627 outinratio 0.0842 

ttH125_4e_TCjmax_pT4l_genbin6_recobin7 acc 0.0162 eff 0.1066 outinratio 0.2724 

ZH125_4e_TCjmax_pT4l_genbin6_recobin7 acc 0.0159 eff 0.0401 outinratio 0.0603 

ggH125_4e_TCjmax_pT4l_genbin7_recobin7 acc 0.0247 eff 0.3486 outinratio 0.0914 

VBFH125_4e_TCjmax_pT4l_genbin7_recobin7 acc 0.0661 eff 0.3961 outinratio 0.0541 

WminusH125_4e_TCjmax_pT4l_genbin7_recobin7 acc 0.1008 eff 0.3721 outinratio 0.0826 

WplusH125_4e_TCjmax_pT4l_genbin7_recobin7 acc 0.0909 eff 0.3684 outinratio 0.0842 

ttH125_4e_TCjmax_pT4l_genbin7_recobin7 acc 0.2222 eff 0.3587 outinratio 0.2724 

ZH125_4e_TCjmax_pT4l_genbin7_recobin7 acc 0.1092 eff 0.3242 outinratio 0.0603 

ggH125_4e_TCjmax_pT4l_genbin8_recobin7 acc 0.0035 eff 0.0107 outinratio 0.0914 

VBFH125_4e_TCjmax_pT4l_genbin8_recobin7 acc 0.0112 eff 0.0208 outinratio 0.0541 

WminusH125_4e_TCjmax_pT4l_genbin8_recobin7 acc 0.0121 eff 0.0156 outinratio 0.0826 

WplusH125_4e_TCjmax_pT4l_genbin8_recobin7 acc 0.0149 eff 0.0091 outinratio 0.0842 

ttH125_4e_TCjmax_pT4l_genbin8_recobin7 acc 0.0413 eff 0.0 outinratio 0.2724 

ZH125_4e_TCjmax_pT4l_genbin8_recobin7 acc 0.0113 eff 0.029 outinratio 0.0603 

ggH125_4e_TCjmax_pT4l_genbin0_recobin8 acc 0.2529 eff 0.0 outinratio 0.0 

VBFH125_4e_TCjmax_pT4l_genbin0_recobin8 acc 0.0656 eff 0.0 outinratio 0.0325 

WminusH125_4e_TCjmax_pT4l_genbin0_recobin8 acc 0.0841 eff 0.001 outinratio 0.0511 

WplusH125_4e_TCjmax_pT4l_genbin0_recobin8 acc 0.0762 eff 0.0025 outinratio 0.0825 

ttH125_4e_TCjmax_pT4l_genbin0_recobin8 acc 0.0004 eff -1.0 outinratio 0.2062 

ZH125_4e_TCjmax_pT4l_genbin0_recobin8 acc 0.0833 eff 0.002 outinratio 0.042 

ggH125_4e_TCjmax_pT4l_genbin1_recobin8 acc 0.0134 eff 0.0 outinratio 0.0 

VBFH125_4e_TCjmax_pT4l_genbin1_recobin8 acc 0.0271 eff 0.0 outinratio 0.0325 

WminusH125_4e_TCjmax_pT4l_genbin1_recobin8 acc 0.0254 eff 0.0 outinratio 0.0511 

WplusH125_4e_TCjmax_pT4l_genbin1_recobin8 acc 0.0208 eff 0.0 outinratio 0.0825 

ttH125_4e_TCjmax_pT4l_genbin1_recobin8 acc 0.0073 eff 0.0 outinratio 0.2062 

ZH125_4e_TCjmax_pT4l_genbin1_recobin8 acc 0.0234 eff 0.0 outinratio 0.042 

ggH125_4e_TCjmax_pT4l_genbin2_recobin8 acc 0.0264 eff 0.0 outinratio 0.0 

VBFH125_4e_TCjmax_pT4l_genbin2_recobin8 acc 0.041 eff 0.0 outinratio 0.0325 

WminusH125_4e_TCjmax_pT4l_genbin2_recobin8 acc 0.0324 eff 0.0 outinratio 0.0511 

WplusH125_4e_TCjmax_pT4l_genbin2_recobin8 acc 0.0253 eff 0.0 outinratio 0.0825 

ttH125_4e_TCjmax_pT4l_genbin2_recobin8 acc 0.0036 eff 0.0 outinratio 0.2062 

ZH125_4e_TCjmax_pT4l_genbin2_recobin8 acc 0.0277 eff 0.0 outinratio 0.042 

ggH125_4e_TCjmax_pT4l_genbin3_recobin8 acc 0.0203 eff 0.0 outinratio 0.0 

VBFH125_4e_TCjmax_pT4l_genbin3_recobin8 acc 0.0387 eff 0.0 outinratio 0.0325 

WminusH125_4e_TCjmax_pT4l_genbin3_recobin8 acc 0.0228 eff 0.0 outinratio 0.0511 

WplusH125_4e_TCjmax_pT4l_genbin3_recobin8 acc 0.0199 eff 0.0 outinratio 0.0825 

ttH125_4e_TCjmax_pT4l_genbin3_recobin8 acc 0.0044 eff 0.0 outinratio 0.2062 

ZH125_4e_TCjmax_pT4l_genbin3_recobin8 acc 0.0223 eff 0.0 outinratio 0.042 

ggH125_4e_TCjmax_pT4l_genbin4_recobin8 acc 0.0172 eff 0.0 outinratio 0.0 

VBFH125_4e_TCjmax_pT4l_genbin4_recobin8 acc 0.0497 eff 0.0 outinratio 0.0325 

WminusH125_4e_TCjmax_pT4l_genbin4_recobin8 acc 0.0246 eff 0.0 outinratio 0.0511 

WplusH125_4e_TCjmax_pT4l_genbin4_recobin8 acc 0.0207 eff 0.0 outinratio 0.0825 

ttH125_4e_TCjmax_pT4l_genbin4_recobin8 acc 0.0048 eff 0.0 outinratio 0.2062 

ZH125_4e_TCjmax_pT4l_genbin4_recobin8 acc 0.0244 eff 0.0 outinratio 0.042 

ggH125_4e_TCjmax_pT4l_genbin5_recobin8 acc 0.0131 eff 0.0 outinratio 0.0 

VBFH125_4e_TCjmax_pT4l_genbin5_recobin8 acc 0.0659 eff 0.0 outinratio 0.0325 

WminusH125_4e_TCjmax_pT4l_genbin5_recobin8 acc 0.0223 eff 0.0 outinratio 0.0511 

WplusH125_4e_TCjmax_pT4l_genbin5_recobin8 acc 0.0203 eff 0.0 outinratio 0.0825 

ttH125_4e_TCjmax_pT4l_genbin5_recobin8 acc 0.009 eff 0.0 outinratio 0.2062 

ZH125_4e_TCjmax_pT4l_genbin5_recobin8 acc 0.0231 eff 0.0 outinratio 0.042 

ggH125_4e_TCjmax_pT4l_genbin6_recobin8 acc 0.0079 eff 0.0 outinratio 0.0 

VBFH125_4e_TCjmax_pT4l_genbin6_recobin8 acc 0.0664 eff 0.0034 outinratio 0.0325 

WminusH125_4e_TCjmax_pT4l_genbin6_recobin8 acc 0.0147 eff 0.0084 outinratio 0.0511 

WplusH125_4e_TCjmax_pT4l_genbin6_recobin8 acc 0.0146 eff 0.0068 outinratio 0.0825 

ttH125_4e_TCjmax_pT4l_genbin6_recobin8 acc 0.0162 eff 0.0355 outinratio 0.2062 

ZH125_4e_TCjmax_pT4l_genbin6_recobin8 acc 0.0159 eff 0.0 outinratio 0.042 

ggH125_4e_TCjmax_pT4l_genbin7_recobin8 acc 0.0247 eff 0.0032 outinratio 0.0 

VBFH125_4e_TCjmax_pT4l_genbin7_recobin8 acc 0.0661 eff 0.0 outinratio 0.0325 

WminusH125_4e_TCjmax_pT4l_genbin7_recobin8 acc 0.1008 eff 0.0003 outinratio 0.0511 

WplusH125_4e_TCjmax_pT4l_genbin7_recobin8 acc 0.0909 eff 0.0011 outinratio 0.0825 

ttH125_4e_TCjmax_pT4l_genbin7_recobin8 acc 0.2222 eff 0.0 outinratio 0.2062 

ZH125_4e_TCjmax_pT4l_genbin7_recobin8 acc 0.1092 eff 0.0012 outinratio 0.042 

ggH125_4e_TCjmax_pT4l_genbin8_recobin8 acc 0.0035 eff 0.4292 outinratio 0.0 

VBFH125_4e_TCjmax_pT4l_genbin8_recobin8 acc 0.0112 eff 0.3525 outinratio 0.0325 

WminusH125_4e_TCjmax_pT4l_genbin8_recobin8 acc 0.0121 eff 0.4697 outinratio 0.0511 

WplusH125_4e_TCjmax_pT4l_genbin8_recobin8 acc 0.0149 eff 0.3689 outinratio 0.0825 

ttH125_4e_TCjmax_pT4l_genbin8_recobin8 acc 0.0413 eff 0.392 outinratio 0.2062 

ZH125_4e_TCjmax_pT4l_genbin8_recobin8 acc 0.0113 eff 0.4932 outinratio 0.042 

ggH125_4mu_TCjmax_pT4l_genbin0_recobin0 acc 0.2775 eff 0.7828 outinratio 0.048 

VBFH125_4mu_TCjmax_pT4l_genbin0_recobin0 acc 0.0696 eff 0.6171 outinratio 0.0279 

WminusH125_4mu_TCjmax_pT4l_genbin0_recobin0 acc 0.0957 eff 0.6279 outinratio 0.0497 

WplusH125_4mu_TCjmax_pT4l_genbin0_recobin0 acc 0.0807 eff 0.6265 outinratio 0.0628 

ttH125_4mu_TCjmax_pT4l_genbin0_recobin0 acc 0.001 eff -1.0 outinratio 1.0639 

ZH125_4mu_TCjmax_pT4l_genbin0_recobin0 acc 0.0784 eff 0.6287 outinratio 0.0581 

ggH125_4mu_TCjmax_pT4l_genbin1_recobin0 acc 0.0167 eff 0.2264 outinratio 0.048 

VBFH125_4mu_TCjmax_pT4l_genbin1_recobin0 acc 0.0293 eff 0.1122 outinratio 0.0279 

WminusH125_4mu_TCjmax_pT4l_genbin1_recobin0 acc 0.0281 eff 0.0927 outinratio 0.0497 

WplusH125_4mu_TCjmax_pT4l_genbin1_recobin0 acc 0.0225 eff 0.0953 outinratio 0.0628 

ttH125_4mu_TCjmax_pT4l_genbin1_recobin0 acc 0.005 eff 0.0 outinratio 1.0639 

ZH125_4mu_TCjmax_pT4l_genbin1_recobin0 acc 0.0293 eff 0.1343 outinratio 0.0581 

ggH125_4mu_TCjmax_pT4l_genbin2_recobin0 acc 0.0314 eff 0.1182 outinratio 0.048 

VBFH125_4mu_TCjmax_pT4l_genbin2_recobin0 acc 0.0449 eff 0.0973 outinratio 0.0279 

WminusH125_4mu_TCjmax_pT4l_genbin2_recobin0 acc 0.0351 eff 0.0673 outinratio 0.0497 

WplusH125_4mu_TCjmax_pT4l_genbin2_recobin0 acc 0.0273 eff 0.0805 outinratio 0.0628 

ttH125_4mu_TCjmax_pT4l_genbin2_recobin0 acc 0.0055 eff 0.0 outinratio 1.0639 

ZH125_4mu_TCjmax_pT4l_genbin2_recobin0 acc 0.0335 eff 0.0721 outinratio 0.0581 

ggH125_4mu_TCjmax_pT4l_genbin3_recobin0 acc 0.0229 eff 0.11 outinratio 0.048 

VBFH125_4mu_TCjmax_pT4l_genbin3_recobin0 acc 0.0412 eff 0.1159 outinratio 0.0279 

WminusH125_4mu_TCjmax_pT4l_genbin3_recobin0 acc 0.0255 eff 0.0527 outinratio 0.0497 

WplusH125_4mu_TCjmax_pT4l_genbin3_recobin0 acc 0.0205 eff 0.051 outinratio 0.0628 

ttH125_4mu_TCjmax_pT4l_genbin3_recobin0 acc 0.0044 eff 0.0 outinratio 1.0639 

ZH125_4mu_TCjmax_pT4l_genbin3_recobin0 acc 0.0258 eff 0.0671 outinratio 0.0581 

ggH125_4mu_TCjmax_pT4l_genbin4_recobin0 acc 0.018 eff 0.0694 outinratio 0.048 

VBFH125_4mu_TCjmax_pT4l_genbin4_recobin0 acc 0.0549 eff 0.0882 outinratio 0.0279 

WminusH125_4mu_TCjmax_pT4l_genbin4_recobin0 acc 0.0273 eff 0.0378 outinratio 0.0497 

WplusH125_4mu_TCjmax_pT4l_genbin4_recobin0 acc 0.0226 eff 0.0488 outinratio 0.0628 

ttH125_4mu_TCjmax_pT4l_genbin4_recobin0 acc 0.0084 eff 0.0 outinratio 1.0639 

ZH125_4mu_TCjmax_pT4l_genbin4_recobin0 acc 0.0237 eff 0.0016 outinratio 0.0581 

ggH125_4mu_TCjmax_pT4l_genbin5_recobin0 acc 0.0162 eff 0.0188 outinratio 0.048 

VBFH125_4mu_TCjmax_pT4l_genbin5_recobin0 acc 0.0706 eff 0.0375 outinratio 0.0279 

WminusH125_4mu_TCjmax_pT4l_genbin5_recobin0 acc 0.0246 eff 0.0262 outinratio 0.0497 

WplusH125_4mu_TCjmax_pT4l_genbin5_recobin0 acc 0.0203 eff 0.0226 outinratio 0.0628 

ttH125_4mu_TCjmax_pT4l_genbin5_recobin0 acc 0.0094 eff 0.0 outinratio 1.0639 

ZH125_4mu_TCjmax_pT4l_genbin5_recobin0 acc 0.0228 eff 0.0332 outinratio 0.0581 

ggH125_4mu_TCjmax_pT4l_genbin6_recobin0 acc 0.0103 eff 0.0025 outinratio 0.048 

VBFH125_4mu_TCjmax_pT4l_genbin6_recobin0 acc 0.0762 eff 0.0183 outinratio 0.0279 

WminusH125_4mu_TCjmax_pT4l_genbin6_recobin0 acc 0.0168 eff 0.0276 outinratio 0.0497 

WplusH125_4mu_TCjmax_pT4l_genbin6_recobin0 acc 0.0163 eff 0.038 outinratio 0.0628 

ttH125_4mu_TCjmax_pT4l_genbin6_recobin0 acc 0.0189 eff 0.0 outinratio 1.0639 

ZH125_4mu_TCjmax_pT4l_genbin6_recobin0 acc 0.0152 eff 0.0581 outinratio 0.0581 

ggH125_4mu_TCjmax_pT4l_genbin7_recobin0 acc 0.0265 eff 0.0052 outinratio 0.048 

VBFH125_4mu_TCjmax_pT4l_genbin7_recobin0 acc 0.0749 eff 0.0054 outinratio 0.0279 

WminusH125_4mu_TCjmax_pT4l_genbin7_recobin0 acc 0.11 eff 0.0036 outinratio 0.0497 

WplusH125_4mu_TCjmax_pT4l_genbin7_recobin0 acc 0.1035 eff 0.0026 outinratio 0.0628 

ttH125_4mu_TCjmax_pT4l_genbin7_recobin0 acc 0.2361 eff 0.0014 outinratio 1.0639 

ZH125_4mu_TCjmax_pT4l_genbin7_recobin0 acc 0.1167 eff 0.0043 outinratio 0.0581 

ggH125_4mu_TCjmax_pT4l_genbin8_recobin0 acc 0.0044 eff 0.0 outinratio 0.048 

VBFH125_4mu_TCjmax_pT4l_genbin8_recobin0 acc 0.0138 eff 0.0 outinratio 0.0279 

WminusH125_4mu_TCjmax_pT4l_genbin8_recobin0 acc 0.0126 eff 0.0014 outinratio 0.0497 

WplusH125_4mu_TCjmax_pT4l_genbin8_recobin0 acc 0.0165 eff 0.001 outinratio 0.0628 

ttH125_4mu_TCjmax_pT4l_genbin8_recobin0 acc 0.0416 eff 0.0 outinratio 1.0639 

ZH125_4mu_TCjmax_pT4l_genbin8_recobin0 acc 0.0173 eff 0.0 outinratio 0.0581 

ggH125_4mu_TCjmax_pT4l_genbin0_recobin1 acc 0.2775 eff 0.0461 outinratio 0.0976 

VBFH125_4mu_TCjmax_pT4l_genbin0_recobin1 acc 0.0696 eff 0.0616 outinratio 0.0273 

WminusH125_4mu_TCjmax_pT4l_genbin0_recobin1 acc 0.0957 eff 0.0475 outinratio 0.0793 

WplusH125_4mu_TCjmax_pT4l_genbin0_recobin1 acc 0.0807 eff 0.0405 outinratio 0.0741 

ttH125_4mu_TCjmax_pT4l_genbin0_recobin1 acc 0.001 eff -1.0 outinratio 0.0933 

ZH125_4mu_TCjmax_pT4l_genbin0_recobin1 acc 0.0784 eff 0.0355 outinratio 0.098 

ggH125_4mu_TCjmax_pT4l_genbin1_recobin1 acc 0.0167 eff 0.5515 outinratio 0.0976 

VBFH125_4mu_TCjmax_pT4l_genbin1_recobin1 acc 0.0293 eff 0.7179 outinratio 0.0273 

WminusH125_4mu_TCjmax_pT4l_genbin1_recobin1 acc 0.0281 eff 0.6956 outinratio 0.0793 

WplusH125_4mu_TCjmax_pT4l_genbin1_recobin1 acc 0.0225 eff 0.6887 outinratio 0.0741 

ttH125_4mu_TCjmax_pT4l_genbin1_recobin1 acc 0.005 eff 0.4986 outinratio 0.0933 

ZH125_4mu_TCjmax_pT4l_genbin1_recobin1 acc 0.0293 eff 0.505 outinratio 0.098 

ggH125_4mu_TCjmax_pT4l_genbin2_recobin1 acc 0.0314 eff 0.0115 outinratio 0.0976 

VBFH125_4mu_TCjmax_pT4l_genbin2_recobin1 acc 0.0449 eff 0.0142 outinratio 0.0273 

WminusH125_4mu_TCjmax_pT4l_genbin2_recobin1 acc 0.0351 eff 0.0181 outinratio 0.0793 

WplusH125_4mu_TCjmax_pT4l_genbin2_recobin1 acc 0.0273 eff 0.0143 outinratio 0.0741 

ttH125_4mu_TCjmax_pT4l_genbin2_recobin1 acc 0.0055 eff 0.0 outinratio 0.0933 

ZH125_4mu_TCjmax_pT4l_genbin2_recobin1 acc 0.0335 eff 0.0147 outinratio 0.098 

ggH125_4mu_TCjmax_pT4l_genbin3_recobin1 acc 0.0229 eff 0.0 outinratio 0.0976 

VBFH125_4mu_TCjmax_pT4l_genbin3_recobin1 acc 0.0412 eff 0.0 outinratio 0.0273 

WminusH125_4mu_TCjmax_pT4l_genbin3_recobin1 acc 0.0255 eff 0.0 outinratio 0.0793 

WplusH125_4mu_TCjmax_pT4l_genbin3_recobin1 acc 0.0205 eff 0.0 outinratio 0.0741 

ttH125_4mu_TCjmax_pT4l_genbin3_recobin1 acc 0.0044 eff 0.0 outinratio 0.0933 

ZH125_4mu_TCjmax_pT4l_genbin3_recobin1 acc 0.0258 eff 0.0 outinratio 0.098 

ggH125_4mu_TCjmax_pT4l_genbin4_recobin1 acc 0.018 eff 0.0 outinratio 0.0976 

VBFH125_4mu_TCjmax_pT4l_genbin4_recobin1 acc 0.0549 eff 0.0 outinratio 0.0273 

WminusH125_4mu_TCjmax_pT4l_genbin4_recobin1 acc 0.0273 eff 0.0 outinratio 0.0793 

WplusH125_4mu_TCjmax_pT4l_genbin4_recobin1 acc 0.0226 eff 0.0 outinratio 0.0741 

ttH125_4mu_TCjmax_pT4l_genbin4_recobin1 acc 0.0084 eff 0.0 outinratio 0.0933 

ZH125_4mu_TCjmax_pT4l_genbin4_recobin1 acc 0.0237 eff 0.0 outinratio 0.098 

ggH125_4mu_TCjmax_pT4l_genbin5_recobin1 acc 0.0162 eff 0.0 outinratio 0.0976 

VBFH125_4mu_TCjmax_pT4l_genbin5_recobin1 acc 0.0706 eff 0.0 outinratio 0.0273 

WminusH125_4mu_TCjmax_pT4l_genbin5_recobin1 acc 0.0246 eff 0.0 outinratio 0.0793 

WplusH125_4mu_TCjmax_pT4l_genbin5_recobin1 acc 0.0203 eff 0.0 outinratio 0.0741 

ttH125_4mu_TCjmax_pT4l_genbin5_recobin1 acc 0.0094 eff 0.0 outinratio 0.0933 

ZH125_4mu_TCjmax_pT4l_genbin5_recobin1 acc 0.0228 eff 0.0 outinratio 0.098 

ggH125_4mu_TCjmax_pT4l_genbin6_recobin1 acc 0.0103 eff 0.0 outinratio 0.0976 

VBFH125_4mu_TCjmax_pT4l_genbin6_recobin1 acc 0.0762 eff 0.0 outinratio 0.0273 

WminusH125_4mu_TCjmax_pT4l_genbin6_recobin1 acc 0.0168 eff 0.0 outinratio 0.0793 

WplusH125_4mu_TCjmax_pT4l_genbin6_recobin1 acc 0.0163 eff 0.0 outinratio 0.0741 

ttH125_4mu_TCjmax_pT4l_genbin6_recobin1 acc 0.0189 eff 0.0 outinratio 0.0933 

ZH125_4mu_TCjmax_pT4l_genbin6_recobin1 acc 0.0152 eff 0.0 outinratio 0.098 

ggH125_4mu_TCjmax_pT4l_genbin7_recobin1 acc 0.0265 eff 0.0 outinratio 0.0976 

VBFH125_4mu_TCjmax_pT4l_genbin7_recobin1 acc 0.0749 eff 0.0025 outinratio 0.0273 

WminusH125_4mu_TCjmax_pT4l_genbin7_recobin1 acc 0.11 eff 0.0029 outinratio 0.0793 

WplusH125_4mu_TCjmax_pT4l_genbin7_recobin1 acc 0.1035 eff 0.0041 outinratio 0.0741 

ttH125_4mu_TCjmax_pT4l_genbin7_recobin1 acc 0.2361 eff 0.0015 outinratio 0.0933 

ZH125_4mu_TCjmax_pT4l_genbin7_recobin1 acc 0.1167 eff 0.0049 outinratio 0.098 

ggH125_4mu_TCjmax_pT4l_genbin8_recobin1 acc 0.0044 eff 0.0 outinratio 0.0976 

VBFH125_4mu_TCjmax_pT4l_genbin8_recobin1 acc 0.0138 eff 0.0 outinratio 0.0273 

WminusH125_4mu_TCjmax_pT4l_genbin8_recobin1 acc 0.0126 eff 0.0 outinratio 0.0793 

WplusH125_4mu_TCjmax_pT4l_genbin8_recobin1 acc 0.0165 eff 0.0 outinratio 0.0741 

ttH125_4mu_TCjmax_pT4l_genbin8_recobin1 acc 0.0416 eff 0.0 outinratio 0.0933 

ZH125_4mu_TCjmax_pT4l_genbin8_recobin1 acc 0.0173 eff 0.0 outinratio 0.098 

ggH125_4mu_TCjmax_pT4l_genbin0_recobin2 acc 0.2775 eff 0.0195 outinratio 0.059 

VBFH125_4mu_TCjmax_pT4l_genbin0_recobin2 acc 0.0696 eff 0.0661 outinratio 0.043 

WminusH125_4mu_TCjmax_pT4l_genbin0_recobin2 acc 0.0957 eff 0.0379 outinratio 0.0684 

WplusH125_4mu_TCjmax_pT4l_genbin0_recobin2 acc 0.0807 eff 0.0359 outinratio 0.0789 

ttH125_4mu_TCjmax_pT4l_genbin0_recobin2 acc 0.001 eff -1.0 outinratio 0.3092 

ZH125_4mu_TCjmax_pT4l_genbin0_recobin2 acc 0.0784 eff 0.0308 outinratio 0.1032 

ggH125_4mu_TCjmax_pT4l_genbin1_recobin2 acc 0.0167 eff 0.0055 outinratio 0.059 

VBFH125_4mu_TCjmax_pT4l_genbin1_recobin2 acc 0.0293 eff 0.0204 outinratio 0.043 

WminusH125_4mu_TCjmax_pT4l_genbin1_recobin2 acc 0.0281 eff 0.02 outinratio 0.0684 

WplusH125_4mu_TCjmax_pT4l_genbin1_recobin2 acc 0.0225 eff 0.0093 outinratio 0.0789 

ttH125_4mu_TCjmax_pT4l_genbin1_recobin2 acc 0.005 eff 0.0 outinratio 0.3092 

ZH125_4mu_TCjmax_pT4l_genbin1_recobin2 acc 0.0293 eff 0.0151 outinratio 0.1032 

ggH125_4mu_TCjmax_pT4l_genbin2_recobin2 acc 0.0314 eff 0.6749 outinratio 0.059 

VBFH125_4mu_TCjmax_pT4l_genbin2_recobin2 acc 0.0449 eff 0.7009 outinratio 0.043 

WminusH125_4mu_TCjmax_pT4l_genbin2_recobin2 acc 0.0351 eff 0.678 outinratio 0.0684 

WplusH125_4mu_TCjmax_pT4l_genbin2_recobin2 acc 0.0273 eff 0.6689 outinratio 0.0789 

ttH125_4mu_TCjmax_pT4l_genbin2_recobin2 acc 0.0055 eff 0.5306 outinratio 0.3092 

ZH125_4mu_TCjmax_pT4l_genbin2_recobin2 acc 0.0335 eff 0.6452 outinratio 0.1032 

ggH125_4mu_TCjmax_pT4l_genbin3_recobin2 acc 0.0229 eff 0.0242 outinratio 0.059 

VBFH125_4mu_TCjmax_pT4l_genbin3_recobin2 acc 0.0412 eff 0.0335 outinratio 0.043 

WminusH125_4mu_TCjmax_pT4l_genbin3_recobin2 acc 0.0255 eff 0.0237 outinratio 0.0684 

WplusH125_4mu_TCjmax_pT4l_genbin3_recobin2 acc 0.0205 eff 0.0325 outinratio 0.0789 

ttH125_4mu_TCjmax_pT4l_genbin3_recobin2 acc 0.0044 eff 0.0 outinratio 0.3092 

ZH125_4mu_TCjmax_pT4l_genbin3_recobin2 acc 0.0258 eff 0.0508 outinratio 0.1032 

ggH125_4mu_TCjmax_pT4l_genbin4_recobin2 acc 0.018 eff 0.0 outinratio 0.059 

VBFH125_4mu_TCjmax_pT4l_genbin4_recobin2 acc 0.0549 eff 0.0012 outinratio 0.043 

WminusH125_4mu_TCjmax_pT4l_genbin4_recobin2 acc 0.0273 eff 0.0 outinratio 0.0684 

WplusH125_4mu_TCjmax_pT4l_genbin4_recobin2 acc 0.0226 eff 0.0 outinratio 0.0789 

ttH125_4mu_TCjmax_pT4l_genbin4_recobin2 acc 0.0084 eff 0.0 outinratio 0.3092 

ZH125_4mu_TCjmax_pT4l_genbin4_recobin2 acc 0.0237 eff 0.0 outinratio 0.1032 

ggH125_4mu_TCjmax_pT4l_genbin5_recobin2 acc 0.0162 eff 0.0 outinratio 0.059 

VBFH125_4mu_TCjmax_pT4l_genbin5_recobin2 acc 0.0706 eff 0.0 outinratio 0.043 

WminusH125_4mu_TCjmax_pT4l_genbin5_recobin2 acc 0.0246 eff 0.0 outinratio 0.0684 

WplusH125_4mu_TCjmax_pT4l_genbin5_recobin2 acc 0.0203 eff 0.0 outinratio 0.0789 

ttH125_4mu_TCjmax_pT4l_genbin5_recobin2 acc 0.0094 eff 0.0 outinratio 0.3092 

ZH125_4mu_TCjmax_pT4l_genbin5_recobin2 acc 0.0228 eff 0.0 outinratio 0.1032 

ggH125_4mu_TCjmax_pT4l_genbin6_recobin2 acc 0.0103 eff 0.0 outinratio 0.059 

VBFH125_4mu_TCjmax_pT4l_genbin6_recobin2 acc 0.0762 eff 0.0 outinratio 0.043 

WminusH125_4mu_TCjmax_pT4l_genbin6_recobin2 acc 0.0168 eff 0.0 outinratio 0.0684 

WplusH125_4mu_TCjmax_pT4l_genbin6_recobin2 acc 0.0163 eff 0.0 outinratio 0.0789 

ttH125_4mu_TCjmax_pT4l_genbin6_recobin2 acc 0.0189 eff 0.0 outinratio 0.3092 

ZH125_4mu_TCjmax_pT4l_genbin6_recobin2 acc 0.0152 eff 0.0 outinratio 0.1032 

ggH125_4mu_TCjmax_pT4l_genbin7_recobin2 acc 0.0265 eff 0.0033 outinratio 0.059 

VBFH125_4mu_TCjmax_pT4l_genbin7_recobin2 acc 0.0749 eff 0.0065 outinratio 0.043 

WminusH125_4mu_TCjmax_pT4l_genbin7_recobin2 acc 0.11 eff 0.0066 outinratio 0.0684 

WplusH125_4mu_TCjmax_pT4l_genbin7_recobin2 acc 0.1035 eff 0.0074 outinratio 0.0789 

ttH125_4mu_TCjmax_pT4l_genbin7_recobin2 acc 0.2361 eff 0.004 outinratio 0.3092 

ZH125_4mu_TCjmax_pT4l_genbin7_recobin2 acc 0.1167 eff 0.0076 outinratio 0.1032 

ggH125_4mu_TCjmax_pT4l_genbin8_recobin2 acc 0.0044 eff 0.0 outinratio 0.059 

VBFH125_4mu_TCjmax_pT4l_genbin8_recobin2 acc 0.0138 eff 0.0 outinratio 0.043 

WminusH125_4mu_TCjmax_pT4l_genbin8_recobin2 acc 0.0126 eff 0.0 outinratio 0.0684 

WplusH125_4mu_TCjmax_pT4l_genbin8_recobin2 acc 0.0165 eff 0.0 outinratio 0.0789 

ttH125_4mu_TCjmax_pT4l_genbin8_recobin2 acc 0.0416 eff 0.0 outinratio 0.3092 

ZH125_4mu_TCjmax_pT4l_genbin8_recobin2 acc 0.0173 eff 0.0 outinratio 0.1032 

ggH125_4mu_TCjmax_pT4l_genbin0_recobin3 acc 0.2775 eff 0.0033 outinratio 0.1007 

VBFH125_4mu_TCjmax_pT4l_genbin0_recobin3 acc 0.0696 eff 0.0371 outinratio 0.0428 

WminusH125_4mu_TCjmax_pT4l_genbin0_recobin3 acc 0.0957 eff 0.0205 outinratio 0.0667 

WplusH125_4mu_TCjmax_pT4l_genbin0_recobin3 acc 0.0807 eff 0.0222 outinratio 0.0904 

ttH125_4mu_TCjmax_pT4l_genbin0_recobin3 acc 0.001 eff -1.0 outinratio 0.0 

ZH125_4mu_TCjmax_pT4l_genbin0_recobin3 acc 0.0784 eff 0.0093 outinratio 0.0689 

ggH125_4mu_TCjmax_pT4l_genbin1_recobin3 acc 0.0167 eff 0.0 outinratio 0.1007 

VBFH125_4mu_TCjmax_pT4l_genbin1_recobin3 acc 0.0293 eff 0.0 outinratio 0.0428 

WminusH125_4mu_TCjmax_pT4l_genbin1_recobin3 acc 0.0281 eff 0.0 outinratio 0.0667 

WplusH125_4mu_TCjmax_pT4l_genbin1_recobin3 acc 0.0225 eff 0.0 outinratio 0.0904 

ttH125_4mu_TCjmax_pT4l_genbin1_recobin3 acc 0.005 eff 0.0 outinratio 0.0 

ZH125_4mu_TCjmax_pT4l_genbin1_recobin3 acc 0.0293 eff 0.0 outinratio 0.0689 

ggH125_4mu_TCjmax_pT4l_genbin2_recobin3 acc 0.0314 eff 0.0116 outinratio 0.1007 

VBFH125_4mu_TCjmax_pT4l_genbin2_recobin3 acc 0.0449 eff 0.0186 outinratio 0.0428 

WminusH125_4mu_TCjmax_pT4l_genbin2_recobin3 acc 0.0351 eff 0.0134 outinratio 0.0667 

WplusH125_4mu_TCjmax_pT4l_genbin2_recobin3 acc 0.0273 eff 0.0165 outinratio 0.0904 

ttH125_4mu_TCjmax_pT4l_genbin2_recobin3 acc 0.0055 eff 0.0648 outinratio 0.0 

ZH125_4mu_TCjmax_pT4l_genbin2_recobin3 acc 0.0335 eff 0.0335 outinratio 0.0689 

ggH125_4mu_TCjmax_pT4l_genbin3_recobin3 acc 0.0229 eff 0.6388 outinratio 0.1007 

VBFH125_4mu_TCjmax_pT4l_genbin3_recobin3 acc 0.0412 eff 0.7194 outinratio 0.0428 

WminusH125_4mu_TCjmax_pT4l_genbin3_recobin3 acc 0.0255 eff 0.6565 outinratio 0.0667 

WplusH125_4mu_TCjmax_pT4l_genbin3_recobin3 acc 0.0205 eff 0.6287 outinratio 0.0904 

ttH125_4mu_TCjmax_pT4l_genbin3_recobin3 acc 0.0044 eff 0.891 outinratio 0.0 

ZH125_4mu_TCjmax_pT4l_genbin3_recobin3 acc 0.0258 eff 0.6466 outinratio 0.0689 

ggH125_4mu_TCjmax_pT4l_genbin4_recobin3 acc 0.018 eff 0.0487 outinratio 0.1007 

VBFH125_4mu_TCjmax_pT4l_genbin4_recobin3 acc 0.0549 eff 0.0239 outinratio 0.0428 

WminusH125_4mu_TCjmax_pT4l_genbin4_recobin3 acc 0.0273 eff 0.0307 outinratio 0.0667 

WplusH125_4mu_TCjmax_pT4l_genbin4_recobin3 acc 0.0226 eff 0.0274 outinratio 0.0904 

ttH125_4mu_TCjmax_pT4l_genbin4_recobin3 acc 0.0084 eff 0.0143 outinratio 0.0 

ZH125_4mu_TCjmax_pT4l_genbin4_recobin3 acc 0.0237 eff 0.0458 outinratio 0.0689 

ggH125_4mu_TCjmax_pT4l_genbin5_recobin3 acc 0.0162 eff 0.0 outinratio 0.1007 

VBFH125_4mu_TCjmax_pT4l_genbin5_recobin3 acc 0.0706 eff 0.0 outinratio 0.0428 

WminusH125_4mu_TCjmax_pT4l_genbin5_recobin3 acc 0.0246 eff 0.0 outinratio 0.0667 

WplusH125_4mu_TCjmax_pT4l_genbin5_recobin3 acc 0.0203 eff 0.0 outinratio 0.0904 

ttH125_4mu_TCjmax_pT4l_genbin5_recobin3 acc 0.0094 eff 0.0 outinratio 0.0 

ZH125_4mu_TCjmax_pT4l_genbin5_recobin3 acc 0.0228 eff 0.0 outinratio 0.0689 

ggH125_4mu_TCjmax_pT4l_genbin6_recobin3 acc 0.0103 eff 0.0 outinratio 0.1007 

VBFH125_4mu_TCjmax_pT4l_genbin6_recobin3 acc 0.0762 eff 0.0 outinratio 0.0428 

WminusH125_4mu_TCjmax_pT4l_genbin6_recobin3 acc 0.0168 eff 0.0 outinratio 0.0667 

WplusH125_4mu_TCjmax_pT4l_genbin6_recobin3 acc 0.0163 eff 0.0 outinratio 0.0904 

ttH125_4mu_TCjmax_pT4l_genbin6_recobin3 acc 0.0189 eff 0.0 outinratio 0.0 

ZH125_4mu_TCjmax_pT4l_genbin6_recobin3 acc 0.0152 eff 0.0 outinratio 0.0689 

ggH125_4mu_TCjmax_pT4l_genbin7_recobin3 acc 0.0265 eff 0.0138 outinratio 0.1007 

VBFH125_4mu_TCjmax_pT4l_genbin7_recobin3 acc 0.0749 eff 0.0026 outinratio 0.0428 

WminusH125_4mu_TCjmax_pT4l_genbin7_recobin3 acc 0.11 eff 0.0115 outinratio 0.0667 

WplusH125_4mu_TCjmax_pT4l_genbin7_recobin3 acc 0.1035 eff 0.0056 outinratio 0.0904 

ttH125_4mu_TCjmax_pT4l_genbin7_recobin3 acc 0.2361 eff 0.006 outinratio 0.0 

ZH125_4mu_TCjmax_pT4l_genbin7_recobin3 acc 0.1167 eff 0.0104 outinratio 0.0689 

ggH125_4mu_TCjmax_pT4l_genbin8_recobin3 acc 0.0044 eff 0.0 outinratio 0.1007 

VBFH125_4mu_TCjmax_pT4l_genbin8_recobin3 acc 0.0138 eff 0.0 outinratio 0.0428 

WminusH125_4mu_TCjmax_pT4l_genbin8_recobin3 acc 0.0126 eff 0.0 outinratio 0.0667 

WplusH125_4mu_TCjmax_pT4l_genbin8_recobin3 acc 0.0165 eff 0.0 outinratio 0.0904 

ttH125_4mu_TCjmax_pT4l_genbin8_recobin3 acc 0.0416 eff 0.0 outinratio 0.0 

ZH125_4mu_TCjmax_pT4l_genbin8_recobin3 acc 0.0173 eff 0.0 outinratio 0.0689 

ggH125_4mu_TCjmax_pT4l_genbin0_recobin4 acc 0.2775 eff 0.0013 outinratio 0.0437 

VBFH125_4mu_TCjmax_pT4l_genbin0_recobin4 acc 0.0696 eff 0.0161 outinratio 0.0368 

WminusH125_4mu_TCjmax_pT4l_genbin0_recobin4 acc 0.0957 eff 0.0195 outinratio 0.064 

WplusH125_4mu_TCjmax_pT4l_genbin0_recobin4 acc 0.0807 eff 0.0206 outinratio 0.0667 

ttH125_4mu_TCjmax_pT4l_genbin0_recobin4 acc 0.001 eff -1.0 outinratio 0.112 

ZH125_4mu_TCjmax_pT4l_genbin0_recobin4 acc 0.0784 eff 0.0133 outinratio 0.0774 

ggH125_4mu_TCjmax_pT4l_genbin1_recobin4 acc 0.0167 eff 0.0 outinratio 0.0437 

VBFH125_4mu_TCjmax_pT4l_genbin1_recobin4 acc 0.0293 eff 0.0 outinratio 0.0368 

WminusH125_4mu_TCjmax_pT4l_genbin1_recobin4 acc 0.0281 eff 0.0 outinratio 0.064 

WplusH125_4mu_TCjmax_pT4l_genbin1_recobin4 acc 0.0225 eff 0.0 outinratio 0.0667 

ttH125_4mu_TCjmax_pT4l_genbin1_recobin4 acc 0.005 eff 0.0 outinratio 0.112 

ZH125_4mu_TCjmax_pT4l_genbin1_recobin4 acc 0.0293 eff 0.0 outinratio 0.0774 

ggH125_4mu_TCjmax_pT4l_genbin2_recobin4 acc 0.0314 eff 0.0 outinratio 0.0437 

VBFH125_4mu_TCjmax_pT4l_genbin2_recobin4 acc 0.0449 eff 0.0 outinratio 0.0368 

WminusH125_4mu_TCjmax_pT4l_genbin2_recobin4 acc 0.0351 eff 0.0006 outinratio 0.064 

WplusH125_4mu_TCjmax_pT4l_genbin2_recobin4 acc 0.0273 eff 0.0 outinratio 0.0667 

ttH125_4mu_TCjmax_pT4l_genbin2_recobin4 acc 0.0055 eff 0.0 outinratio 0.112 

ZH125_4mu_TCjmax_pT4l_genbin2_recobin4 acc 0.0335 eff 0.0 outinratio 0.0774 

ggH125_4mu_TCjmax_pT4l_genbin3_recobin4 acc 0.0229 eff 0.0162 outinratio 0.0437 

VBFH125_4mu_TCjmax_pT4l_genbin3_recobin4 acc 0.0412 eff 0.0334 outinratio 0.0368 

WminusH125_4mu_TCjmax_pT4l_genbin3_recobin4 acc 0.0255 eff 0.0183 outinratio 0.064 

WplusH125_4mu_TCjmax_pT4l_genbin3_recobin4 acc 0.0205 eff 0.0185 outinratio 0.0667 

ttH125_4mu_TCjmax_pT4l_genbin3_recobin4 acc 0.0044 eff 0.0 outinratio 0.112 

ZH125_4mu_TCjmax_pT4l_genbin3_recobin4 acc 0.0258 eff 0.0093 outinratio 0.0774 

ggH125_4mu_TCjmax_pT4l_genbin4_recobin4 acc 0.018 eff 0.6786 outinratio 0.0437 

VBFH125_4mu_TCjmax_pT4l_genbin4_recobin4 acc 0.0549 eff 0.6998 outinratio 0.0368 

WminusH125_4mu_TCjmax_pT4l_genbin4_recobin4 acc 0.0273 eff 0.659 outinratio 0.064 

WplusH125_4mu_TCjmax_pT4l_genbin4_recobin4 acc 0.0226 eff 0.6677 outinratio 0.0667 

ttH125_4mu_TCjmax_pT4l_genbin4_recobin4 acc 0.0084 eff 0.4514 outinratio 0.112 

ZH125_4mu_TCjmax_pT4l_genbin4_recobin4 acc 0.0237 eff 0.6359 outinratio 0.0774 

ggH125_4mu_TCjmax_pT4l_genbin5_recobin4 acc 0.0162 eff 0.0204 outinratio 0.0437 

VBFH125_4mu_TCjmax_pT4l_genbin5_recobin4 acc 0.0706 eff 0.0144 outinratio 0.0368 

WminusH125_4mu_TCjmax_pT4l_genbin5_recobin4 acc 0.0246 eff 0.0251 outinratio 0.064 

WplusH125_4mu_TCjmax_pT4l_genbin5_recobin4 acc 0.0203 eff 0.0222 outinratio 0.0667 

ttH125_4mu_TCjmax_pT4l_genbin5_recobin4 acc 0.0094 eff 0.0 outinratio 0.112 

ZH125_4mu_TCjmax_pT4l_genbin5_recobin4 acc 0.0228 eff 0.0624 outinratio 0.0774 

ggH125_4mu_TCjmax_pT4l_genbin6_recobin4 acc 0.0103 eff 0.0 outinratio 0.0437 

VBFH125_4mu_TCjmax_pT4l_genbin6_recobin4 acc 0.0762 eff 0.0 outinratio 0.0368 

WminusH125_4mu_TCjmax_pT4l_genbin6_recobin4 acc 0.0168 eff 0.0 outinratio 0.064 

WplusH125_4mu_TCjmax_pT4l_genbin6_recobin4 acc 0.0163 eff 0.0 outinratio 0.0667 

ttH125_4mu_TCjmax_pT4l_genbin6_recobin4 acc 0.0189 eff 0.0 outinratio 0.112 

ZH125_4mu_TCjmax_pT4l_genbin6_recobin4 acc 0.0152 eff 0.0 outinratio 0.0774 

ggH125_4mu_TCjmax_pT4l_genbin7_recobin4 acc 0.0265 eff 0.027 outinratio 0.0437 

VBFH125_4mu_TCjmax_pT4l_genbin7_recobin4 acc 0.0749 eff 0.0133 outinratio 0.0368 

WminusH125_4mu_TCjmax_pT4l_genbin7_recobin4 acc 0.11 eff 0.0159 outinratio 0.064 

WplusH125_4mu_TCjmax_pT4l_genbin7_recobin4 acc 0.1035 eff 0.0143 outinratio 0.0667 

ttH125_4mu_TCjmax_pT4l_genbin7_recobin4 acc 0.2361 eff 0.0086 outinratio 0.112 

ZH125_4mu_TCjmax_pT4l_genbin7_recobin4 acc 0.1167 eff 0.01 outinratio 0.0774 

ggH125_4mu_TCjmax_pT4l_genbin8_recobin4 acc 0.0044 eff 0.0 outinratio 0.0437 

VBFH125_4mu_TCjmax_pT4l_genbin8_recobin4 acc 0.0138 eff 0.0 outinratio 0.0368 

WminusH125_4mu_TCjmax_pT4l_genbin8_recobin4 acc 0.0126 eff 0.0 outinratio 0.064 

WplusH125_4mu_TCjmax_pT4l_genbin8_recobin4 acc 0.0165 eff 0.0 outinratio 0.0667 

ttH125_4mu_TCjmax_pT4l_genbin8_recobin4 acc 0.0416 eff 0.0 outinratio 0.112 

ZH125_4mu_TCjmax_pT4l_genbin8_recobin4 acc 0.0173 eff 0.0 outinratio 0.0774 

ggH125_4mu_TCjmax_pT4l_genbin0_recobin5 acc 0.2775 eff 0.0004 outinratio 0.0522 

VBFH125_4mu_TCjmax_pT4l_genbin0_recobin5 acc 0.0696 eff 0.0063 outinratio 0.0338 

WminusH125_4mu_TCjmax_pT4l_genbin0_recobin5 acc 0.0957 eff 0.0182 outinratio 0.0609 

WplusH125_4mu_TCjmax_pT4l_genbin0_recobin5 acc 0.0807 eff 0.0186 outinratio 0.0561 

ttH125_4mu_TCjmax_pT4l_genbin0_recobin5 acc 0.001 eff -1.0 outinratio 0.0727 

ZH125_4mu_TCjmax_pT4l_genbin0_recobin5 acc 0.0784 eff 0.0278 outinratio 0.0485 

ggH125_4mu_TCjmax_pT4l_genbin1_recobin5 acc 0.0167 eff 0.0 outinratio 0.0522 

VBFH125_4mu_TCjmax_pT4l_genbin1_recobin5 acc 0.0293 eff 0.0 outinratio 0.0338 

WminusH125_4mu_TCjmax_pT4l_genbin1_recobin5 acc 0.0281 eff 0.0 outinratio 0.0609 

WplusH125_4mu_TCjmax_pT4l_genbin1_recobin5 acc 0.0225 eff 0.0 outinratio 0.0561 

ttH125_4mu_TCjmax_pT4l_genbin1_recobin5 acc 0.005 eff 0.0 outinratio 0.0727 

ZH125_4mu_TCjmax_pT4l_genbin1_recobin5 acc 0.0293 eff 0.0 outinratio 0.0485 

ggH125_4mu_TCjmax_pT4l_genbin2_recobin5 acc 0.0314 eff 0.0 outinratio 0.0522 

VBFH125_4mu_TCjmax_pT4l_genbin2_recobin5 acc 0.0449 eff 0.0 outinratio 0.0338 

WminusH125_4mu_TCjmax_pT4l_genbin2_recobin5 acc 0.0351 eff 0.0 outinratio 0.0609 

WplusH125_4mu_TCjmax_pT4l_genbin2_recobin5 acc 0.0273 eff 0.0 outinratio 0.0561 

ttH125_4mu_TCjmax_pT4l_genbin2_recobin5 acc 0.0055 eff 0.0 outinratio 0.0727 

ZH125_4mu_TCjmax_pT4l_genbin2_recobin5 acc 0.0335 eff 0.0 outinratio 0.0485 

ggH125_4mu_TCjmax_pT4l_genbin3_recobin5 acc 0.0229 eff 0.0 outinratio 0.0522 

VBFH125_4mu_TCjmax_pT4l_genbin3_recobin5 acc 0.0412 eff 0.0 outinratio 0.0338 

WminusH125_4mu_TCjmax_pT4l_genbin3_recobin5 acc 0.0255 eff 0.0 outinratio 0.0609 

WplusH125_4mu_TCjmax_pT4l_genbin3_recobin5 acc 0.0205 eff 0.0 outinratio 0.0561 

ttH125_4mu_TCjmax_pT4l_genbin3_recobin5 acc 0.0044 eff 0.0 outinratio 0.0727 

ZH125_4mu_TCjmax_pT4l_genbin3_recobin5 acc 0.0258 eff 0.0 outinratio 0.0485 

ggH125_4mu_TCjmax_pT4l_genbin4_recobin5 acc 0.018 eff 0.0 outinratio 0.0522 

VBFH125_4mu_TCjmax_pT4l_genbin4_recobin5 acc 0.0549 eff 0.0225 outinratio 0.0338 

WminusH125_4mu_TCjmax_pT4l_genbin4_recobin5 acc 0.0273 eff 0.0199 outinratio 0.0609 

WplusH125_4mu_TCjmax_pT4l_genbin4_recobin5 acc 0.0226 eff 0.0198 outinratio 0.0561 

ttH125_4mu_TCjmax_pT4l_genbin4_recobin5 acc 0.0084 eff 0.0218 outinratio 0.0727 

ZH125_4mu_TCjmax_pT4l_genbin4_recobin5 acc 0.0237 eff 0.0279 outinratio 0.0485 

ggH125_4mu_TCjmax_pT4l_genbin5_recobin5 acc 0.0162 eff 0.8543 outinratio 0.0522 

VBFH125_4mu_TCjmax_pT4l_genbin5_recobin5 acc 0.0706 eff 0.7472 outinratio 0.0338 

WminusH125_4mu_TCjmax_pT4l_genbin5_recobin5 acc 0.0246 eff 0.6791 outinratio 0.0609 

WplusH125_4mu_TCjmax_pT4l_genbin5_recobin5 acc 0.0203 eff 0.687 outinratio 0.0561 

ttH125_4mu_TCjmax_pT4l_genbin5_recobin5 acc 0.0094 eff 0.6727 outinratio 0.0727 

ZH125_4mu_TCjmax_pT4l_genbin5_recobin5 acc 0.0228 eff 0.7864 outinratio 0.0485 

ggH125_4mu_TCjmax_pT4l_genbin6_recobin5 acc 0.0103 eff 0.0 outinratio 0.0522 

VBFH125_4mu_TCjmax_pT4l_genbin6_recobin5 acc 0.0762 eff 0.0224 outinratio 0.0338 

WminusH125_4mu_TCjmax_pT4l_genbin6_recobin5 acc 0.0168 eff 0.028 outinratio 0.0609 

WplusH125_4mu_TCjmax_pT4l_genbin6_recobin5 acc 0.0163 eff 0.0203 outinratio 0.0561 

ttH125_4mu_TCjmax_pT4l_genbin6_recobin5 acc 0.0189 eff 0.0145 outinratio 0.0727 

ZH125_4mu_TCjmax_pT4l_genbin6_recobin5 acc 0.0152 eff 0.0295 outinratio 0.0485 

ggH125_4mu_TCjmax_pT4l_genbin7_recobin5 acc 0.0265 eff 0.021 outinratio 0.0522 

VBFH125_4mu_TCjmax_pT4l_genbin7_recobin5 acc 0.0749 eff 0.0198 outinratio 0.0338 

WminusH125_4mu_TCjmax_pT4l_genbin7_recobin5 acc 0.11 eff 0.0204 outinratio 0.0609 

WplusH125_4mu_TCjmax_pT4l_genbin7_recobin5 acc 0.1035 eff 0.0207 outinratio 0.0561 

ttH125_4mu_TCjmax_pT4l_genbin7_recobin5 acc 0.2361 eff 0.0069 outinratio 0.0727 

ZH125_4mu_TCjmax_pT4l_genbin7_recobin5 acc 0.1167 eff 0.0241 outinratio 0.0485 

ggH125_4mu_TCjmax_pT4l_genbin8_recobin5 acc 0.0044 eff 0.0 outinratio 0.0522 

VBFH125_4mu_TCjmax_pT4l_genbin8_recobin5 acc 0.0138 eff 0.0 outinratio 0.0338 

WminusH125_4mu_TCjmax_pT4l_genbin8_recobin5 acc 0.0126 eff 0.0 outinratio 0.0609 

WplusH125_4mu_TCjmax_pT4l_genbin8_recobin5 acc 0.0165 eff 0.0 outinratio 0.0561 

ttH125_4mu_TCjmax_pT4l_genbin8_recobin5 acc 0.0416 eff 0.0 outinratio 0.0727 

ZH125_4mu_TCjmax_pT4l_genbin8_recobin5 acc 0.0173 eff 0.0 outinratio 0.0485 

ggH125_4mu_TCjmax_pT4l_genbin0_recobin6 acc 0.2775 eff 0.0 outinratio 0.0276 

VBFH125_4mu_TCjmax_pT4l_genbin0_recobin6 acc 0.0696 eff 0.0 outinratio 0.0191 

WminusH125_4mu_TCjmax_pT4l_genbin0_recobin6 acc 0.0957 eff 0.0237 outinratio 0.0399 

WplusH125_4mu_TCjmax_pT4l_genbin0_recobin6 acc 0.0807 eff 0.0185 outinratio 0.0484 

ttH125_4mu_TCjmax_pT4l_genbin0_recobin6 acc 0.001 eff -1.0 outinratio 0.1043 

ZH125_4mu_TCjmax_pT4l_genbin0_recobin6 acc 0.0784 eff 0.0213 outinratio 0.1326 

ggH125_4mu_TCjmax_pT4l_genbin1_recobin6 acc 0.0167 eff 0.0 outinratio 0.0276 

VBFH125_4mu_TCjmax_pT4l_genbin1_recobin6 acc 0.0293 eff 0.0 outinratio 0.0191 

WminusH125_4mu_TCjmax_pT4l_genbin1_recobin6 acc 0.0281 eff 0.0 outinratio 0.0399 

WplusH125_4mu_TCjmax_pT4l_genbin1_recobin6 acc 0.0225 eff 0.0 outinratio 0.0484 

ttH125_4mu_TCjmax_pT4l_genbin1_recobin6 acc 0.005 eff 0.0 outinratio 0.1043 

ZH125_4mu_TCjmax_pT4l_genbin1_recobin6 acc 0.0293 eff 0.0 outinratio 0.1326 

ggH125_4mu_TCjmax_pT4l_genbin2_recobin6 acc 0.0314 eff 0.0 outinratio 0.0276 

VBFH125_4mu_TCjmax_pT4l_genbin2_recobin6 acc 0.0449 eff 0.0 outinratio 0.0191 

WminusH125_4mu_TCjmax_pT4l_genbin2_recobin6 acc 0.0351 eff 0.0 outinratio 0.0399 

WplusH125_4mu_TCjmax_pT4l_genbin2_recobin6 acc 0.0273 eff 0.0 outinratio 0.0484 

ttH125_4mu_TCjmax_pT4l_genbin2_recobin6 acc 0.0055 eff 0.0 outinratio 0.1043 

ZH125_4mu_TCjmax_pT4l_genbin2_recobin6 acc 0.0335 eff 0.0 outinratio 0.1326 

ggH125_4mu_TCjmax_pT4l_genbin3_recobin6 acc 0.0229 eff 0.0 outinratio 0.0276 

VBFH125_4mu_TCjmax_pT4l_genbin3_recobin6 acc 0.0412 eff 0.0 outinratio 0.0191 

WminusH125_4mu_TCjmax_pT4l_genbin3_recobin6 acc 0.0255 eff 0.0 outinratio 0.0399 

WplusH125_4mu_TCjmax_pT4l_genbin3_recobin6 acc 0.0205 eff 0.0 outinratio 0.0484 

ttH125_4mu_TCjmax_pT4l_genbin3_recobin6 acc 0.0044 eff 0.0 outinratio 0.1043 

ZH125_4mu_TCjmax_pT4l_genbin3_recobin6 acc 0.0258 eff 0.0 outinratio 0.1326 

ggH125_4mu_TCjmax_pT4l_genbin4_recobin6 acc 0.018 eff 0.0 outinratio 0.0276 

VBFH125_4mu_TCjmax_pT4l_genbin4_recobin6 acc 0.0549 eff 0.0 outinratio 0.0191 

WminusH125_4mu_TCjmax_pT4l_genbin4_recobin6 acc 0.0273 eff 0.0 outinratio 0.0399 

WplusH125_4mu_TCjmax_pT4l_genbin4_recobin6 acc 0.0226 eff 0.0 outinratio 0.0484 

ttH125_4mu_TCjmax_pT4l_genbin4_recobin6 acc 0.0084 eff 0.0 outinratio 0.1043 

ZH125_4mu_TCjmax_pT4l_genbin4_recobin6 acc 0.0237 eff 0.0 outinratio 0.1326 

ggH125_4mu_TCjmax_pT4l_genbin5_recobin6 acc 0.0162 eff 0.0185 outinratio 0.0276 

VBFH125_4mu_TCjmax_pT4l_genbin5_recobin6 acc 0.0706 eff 0.0083 outinratio 0.0191 

WminusH125_4mu_TCjmax_pT4l_genbin5_recobin6 acc 0.0246 eff 0.0084 outinratio 0.0399 

WplusH125_4mu_TCjmax_pT4l_genbin5_recobin6 acc 0.0203 eff 0.004 outinratio 0.0484 

ttH125_4mu_TCjmax_pT4l_genbin5_recobin6 acc 0.0094 eff 0.0 outinratio 0.1043 

ZH125_4mu_TCjmax_pT4l_genbin5_recobin6 acc 0.0228 eff 0.0 outinratio 0.1326 

ggH125_4mu_TCjmax_pT4l_genbin6_recobin6 acc 0.0103 eff 0.921 outinratio 0.0276 

VBFH125_4mu_TCjmax_pT4l_genbin6_recobin6 acc 0.0762 eff 0.7898 outinratio 0.0191 

WminusH125_4mu_TCjmax_pT4l_genbin6_recobin6 acc 0.0168 eff 0.6619 outinratio 0.0399 

WplusH125_4mu_TCjmax_pT4l_genbin6_recobin6 acc 0.0163 eff 0.6649 outinratio 0.0484 

ttH125_4mu_TCjmax_pT4l_genbin6_recobin6 acc 0.0189 eff 0.6071 outinratio 0.1043 

ZH125_4mu_TCjmax_pT4l_genbin6_recobin6 acc 0.0152 eff 0.6515 outinratio 0.1326 

ggH125_4mu_TCjmax_pT4l_genbin7_recobin6 acc 0.0265 eff 0.023 outinratio 0.0276 

VBFH125_4mu_TCjmax_pT4l_genbin7_recobin6 acc 0.0749 eff 0.0326 outinratio 0.0191 

WminusH125_4mu_TCjmax_pT4l_genbin7_recobin6 acc 0.11 eff 0.0197 outinratio 0.0399 

WplusH125_4mu_TCjmax_pT4l_genbin7_recobin6 acc 0.1035 eff 0.0167 outinratio 0.0484 

ttH125_4mu_TCjmax_pT4l_genbin7_recobin6 acc 0.2361 eff 0.0095 outinratio 0.1043 

ZH125_4mu_TCjmax_pT4l_genbin7_recobin6 acc 0.1167 eff 0.0203 outinratio 0.1326 

ggH125_4mu_TCjmax_pT4l_genbin8_recobin6 acc 0.0044 eff 0.0 outinratio 0.0276 

VBFH125_4mu_TCjmax_pT4l_genbin8_recobin6 acc 0.0138 eff 0.0203 outinratio 0.0191 

WminusH125_4mu_TCjmax_pT4l_genbin8_recobin6 acc 0.0126 eff 0.0084 outinratio 0.0399 

WplusH125_4mu_TCjmax_pT4l_genbin8_recobin6 acc 0.0165 eff 0.0103 outinratio 0.0484 

ttH125_4mu_TCjmax_pT4l_genbin8_recobin6 acc 0.0416 eff 0.0 outinratio 0.1043 

ZH125_4mu_TCjmax_pT4l_genbin8_recobin6 acc 0.0173 eff 0.0148 outinratio 0.1326 

ggH125_4mu_TCjmax_pT4l_genbin0_recobin7 acc 0.2775 eff 0.0029 outinratio 0.0871 

VBFH125_4mu_TCjmax_pT4l_genbin0_recobin7 acc 0.0696 eff 0.0087 outinratio 0.0342 

WminusH125_4mu_TCjmax_pT4l_genbin0_recobin7 acc 0.0957 eff 0.0349 outinratio 0.0701 

WplusH125_4mu_TCjmax_pT4l_genbin0_recobin7 acc 0.0807 eff 0.0341 outinratio 0.0669 

ttH125_4mu_TCjmax_pT4l_genbin0_recobin7 acc 0.001 eff -1.0 outinratio 0.1499 

ZH125_4mu_TCjmax_pT4l_genbin0_recobin7 acc 0.0784 eff 0.0353 outinratio 0.0561 

ggH125_4mu_TCjmax_pT4l_genbin1_recobin7 acc 0.0167 eff 0.0105 outinratio 0.0871 

VBFH125_4mu_TCjmax_pT4l_genbin1_recobin7 acc 0.0293 eff 0.0203 outinratio 0.0342 

WminusH125_4mu_TCjmax_pT4l_genbin1_recobin7 acc 0.0281 eff 0.0489 outinratio 0.0701 

WplusH125_4mu_TCjmax_pT4l_genbin1_recobin7 acc 0.0225 eff 0.0406 outinratio 0.0669 

ttH125_4mu_TCjmax_pT4l_genbin1_recobin7 acc 0.005 eff 0.2795 outinratio 0.1499 

ZH125_4mu_TCjmax_pT4l_genbin1_recobin7 acc 0.0293 eff 0.0807 outinratio 0.0561 

ggH125_4mu_TCjmax_pT4l_genbin2_recobin7 acc 0.0314 eff 0.0193 outinratio 0.0871 

VBFH125_4mu_TCjmax_pT4l_genbin2_recobin7 acc 0.0449 eff 0.0347 outinratio 0.0342 

WminusH125_4mu_TCjmax_pT4l_genbin2_recobin7 acc 0.0351 eff 0.0711 outinratio 0.0701 

WplusH125_4mu_TCjmax_pT4l_genbin2_recobin7 acc 0.0273 eff 0.0715 outinratio 0.0669 

ttH125_4mu_TCjmax_pT4l_genbin2_recobin7 acc 0.0055 eff 0.2097 outinratio 0.1499 

ZH125_4mu_TCjmax_pT4l_genbin2_recobin7 acc 0.0335 eff 0.0895 outinratio 0.0561 

ggH125_4mu_TCjmax_pT4l_genbin3_recobin7 acc 0.0229 eff 0.0166 outinratio 0.0871 

VBFH125_4mu_TCjmax_pT4l_genbin3_recobin7 acc 0.0412 eff 0.0182 outinratio 0.0342 

WminusH125_4mu_TCjmax_pT4l_genbin3_recobin7 acc 0.0255 eff 0.0919 outinratio 0.0701 

WplusH125_4mu_TCjmax_pT4l_genbin3_recobin7 acc 0.0205 eff 0.0945 outinratio 0.0669 

ttH125_4mu_TCjmax_pT4l_genbin3_recobin7 acc 0.0044 eff 0.205 outinratio 0.1499 

ZH125_4mu_TCjmax_pT4l_genbin3_recobin7 acc 0.0258 eff 0.0647 outinratio 0.0561 

ggH125_4mu_TCjmax_pT4l_genbin4_recobin7 acc 0.018 eff 0.0211 outinratio 0.0871 

VBFH125_4mu_TCjmax_pT4l_genbin4_recobin7 acc 0.0549 eff 0.0222 outinratio 0.0342 

WminusH125_4mu_TCjmax_pT4l_genbin4_recobin7 acc 0.0273 eff 0.1026 outinratio 0.0701 

WplusH125_4mu_TCjmax_pT4l_genbin4_recobin7 acc 0.0226 eff 0.1019 outinratio 0.0669 

ttH125_4mu_TCjmax_pT4l_genbin4_recobin7 acc 0.0084 eff 0.1986 outinratio 0.1499 

ZH125_4mu_TCjmax_pT4l_genbin4_recobin7 acc 0.0237 eff 0.166 outinratio 0.0561 

ggH125_4mu_TCjmax_pT4l_genbin5_recobin7 acc 0.0162 eff 0.0285 outinratio 0.0871 

VBFH125_4mu_TCjmax_pT4l_genbin5_recobin7 acc 0.0706 eff 0.0202 outinratio 0.0342 

WminusH125_4mu_TCjmax_pT4l_genbin5_recobin7 acc 0.0246 eff 0.1179 outinratio 0.0701 

WplusH125_4mu_TCjmax_pT4l_genbin5_recobin7 acc 0.0203 eff 0.1138 outinratio 0.0669 

ttH125_4mu_TCjmax_pT4l_genbin5_recobin7 acc 0.0094 eff 0.188 outinratio 0.1499 

ZH125_4mu_TCjmax_pT4l_genbin5_recobin7 acc 0.0228 eff 0.1146 outinratio 0.0561 

ggH125_4mu_TCjmax_pT4l_genbin6_recobin7 acc 0.0103 eff 0.0445 outinratio 0.0871 

VBFH125_4mu_TCjmax_pT4l_genbin6_recobin7 acc 0.0762 eff 0.0407 outinratio 0.0342 

WminusH125_4mu_TCjmax_pT4l_genbin6_recobin7 acc 0.0168 eff 0.1393 outinratio 0.0701 

WplusH125_4mu_TCjmax_pT4l_genbin6_recobin7 acc 0.0163 eff 0.1139 outinratio 0.0669 

ttH125_4mu_TCjmax_pT4l_genbin6_recobin7 acc 0.0189 eff 0.1492 outinratio 0.1499 

ZH125_4mu_TCjmax_pT4l_genbin6_recobin7 acc 0.0152 eff 0.1002 outinratio 0.0561 

ggH125_4mu_TCjmax_pT4l_genbin7_recobin7 acc 0.0265 eff 0.7836 outinratio 0.0871 

VBFH125_4mu_TCjmax_pT4l_genbin7_recobin7 acc 0.0749 eff 0.7713 outinratio 0.0342 

WminusH125_4mu_TCjmax_pT4l_genbin7_recobin7 acc 0.11 eff 0.7651 outinratio 0.0701 

WplusH125_4mu_TCjmax_pT4l_genbin7_recobin7 acc 0.1035 eff 0.7707 outinratio 0.0669 

ttH125_4mu_TCjmax_pT4l_genbin7_recobin7 acc 0.2361 eff 0.7602 outinratio 0.1499 

ZH125_4mu_TCjmax_pT4l_genbin7_recobin7 acc 0.1167 eff 0.7604 outinratio 0.0561 

ggH125_4mu_TCjmax_pT4l_genbin8_recobin7 acc 0.0044 eff 0.0027 outinratio 0.0871 

VBFH125_4mu_TCjmax_pT4l_genbin8_recobin7 acc 0.0138 eff 0.0346 outinratio 0.0342 

WminusH125_4mu_TCjmax_pT4l_genbin8_recobin7 acc 0.0126 eff 0.025 outinratio 0.0701 

WplusH125_4mu_TCjmax_pT4l_genbin8_recobin7 acc 0.0165 eff 0.017 outinratio 0.0669 

ttH125_4mu_TCjmax_pT4l_genbin8_recobin7 acc 0.0416 eff 0.0067 outinratio 0.1499 

ZH125_4mu_TCjmax_pT4l_genbin8_recobin7 acc 0.0173 eff 0.0076 outinratio 0.0561 

ggH125_4mu_TCjmax_pT4l_genbin0_recobin8 acc 0.2775 eff 0.0 outinratio 0.0579 

VBFH125_4mu_TCjmax_pT4l_genbin0_recobin8 acc 0.0696 eff 0.0 outinratio 0.0156 

WminusH125_4mu_TCjmax_pT4l_genbin0_recobin8 acc 0.0957 eff 0.0042 outinratio 0.0466 

WplusH125_4mu_TCjmax_pT4l_genbin0_recobin8 acc 0.0807 eff 0.0045 outinratio 0.0417 

ttH125_4mu_TCjmax_pT4l_genbin0_recobin8 acc 0.001 eff -1.0 outinratio 0.0788 

ZH125_4mu_TCjmax_pT4l_genbin0_recobin8 acc 0.0784 eff 0.0048 outinratio 0.0591 

ggH125_4mu_TCjmax_pT4l_genbin1_recobin8 acc 0.0167 eff 0.0 outinratio 0.0579 

VBFH125_4mu_TCjmax_pT4l_genbin1_recobin8 acc 0.0293 eff 0.0 outinratio 0.0156 

WminusH125_4mu_TCjmax_pT4l_genbin1_recobin8 acc 0.0281 eff 0.0 outinratio 0.0466 

WplusH125_4mu_TCjmax_pT4l_genbin1_recobin8 acc 0.0225 eff 0.0 outinratio 0.0417 

ttH125_4mu_TCjmax_pT4l_genbin1_recobin8 acc 0.005 eff 0.0 outinratio 0.0788 

ZH125_4mu_TCjmax_pT4l_genbin1_recobin8 acc 0.0293 eff 0.0 outinratio 0.0591 

ggH125_4mu_TCjmax_pT4l_genbin2_recobin8 acc 0.0314 eff 0.0 outinratio 0.0579 

VBFH125_4mu_TCjmax_pT4l_genbin2_recobin8 acc 0.0449 eff 0.0 outinratio 0.0156 

WminusH125_4mu_TCjmax_pT4l_genbin2_recobin8 acc 0.0351 eff 0.0 outinratio 0.0466 

WplusH125_4mu_TCjmax_pT4l_genbin2_recobin8 acc 0.0273 eff 0.0 outinratio 0.0417 

ttH125_4mu_TCjmax_pT4l_genbin2_recobin8 acc 0.0055 eff 0.0 outinratio 0.0788 

ZH125_4mu_TCjmax_pT4l_genbin2_recobin8 acc 0.0335 eff 0.0 outinratio 0.0591 

ggH125_4mu_TCjmax_pT4l_genbin3_recobin8 acc 0.0229 eff 0.0 outinratio 0.0579 

VBFH125_4mu_TCjmax_pT4l_genbin3_recobin8 acc 0.0412 eff 0.0 outinratio 0.0156 

WminusH125_4mu_TCjmax_pT4l_genbin3_recobin8 acc 0.0255 eff 0.0 outinratio 0.0466 

WplusH125_4mu_TCjmax_pT4l_genbin3_recobin8 acc 0.0205 eff 0.0 outinratio 0.0417 

ttH125_4mu_TCjmax_pT4l_genbin3_recobin8 acc 0.0044 eff 0.0 outinratio 0.0788 

ZH125_4mu_TCjmax_pT4l_genbin3_recobin8 acc 0.0258 eff 0.0 outinratio 0.0591 

ggH125_4mu_TCjmax_pT4l_genbin4_recobin8 acc 0.018 eff 0.0 outinratio 0.0579 

VBFH125_4mu_TCjmax_pT4l_genbin4_recobin8 acc 0.0549 eff 0.0 outinratio 0.0156 

WminusH125_4mu_TCjmax_pT4l_genbin4_recobin8 acc 0.0273 eff 0.0 outinratio 0.0466 

WplusH125_4mu_TCjmax_pT4l_genbin4_recobin8 acc 0.0226 eff 0.0 outinratio 0.0417 

ttH125_4mu_TCjmax_pT4l_genbin4_recobin8 acc 0.0084 eff 0.0 outinratio 0.0788 

ZH125_4mu_TCjmax_pT4l_genbin4_recobin8 acc 0.0237 eff 0.0 outinratio 0.0591 

ggH125_4mu_TCjmax_pT4l_genbin5_recobin8 acc 0.0162 eff 0.0 outinratio 0.0579 

VBFH125_4mu_TCjmax_pT4l_genbin5_recobin8 acc 0.0706 eff 0.0 outinratio 0.0156 

WminusH125_4mu_TCjmax_pT4l_genbin5_recobin8 acc 0.0246 eff 0.0 outinratio 0.0466 

WplusH125_4mu_TCjmax_pT4l_genbin5_recobin8 acc 0.0203 eff 0.0 outinratio 0.0417 

ttH125_4mu_TCjmax_pT4l_genbin5_recobin8 acc 0.0094 eff 0.0 outinratio 0.0788 

ZH125_4mu_TCjmax_pT4l_genbin5_recobin8 acc 0.0228 eff 0.0 outinratio 0.0591 

ggH125_4mu_TCjmax_pT4l_genbin6_recobin8 acc 0.0103 eff 0.0 outinratio 0.0579 

VBFH125_4mu_TCjmax_pT4l_genbin6_recobin8 acc 0.0762 eff 0.0074 outinratio 0.0156 

WminusH125_4mu_TCjmax_pT4l_genbin6_recobin8 acc 0.0168 eff 0.0128 outinratio 0.0466 

WplusH125_4mu_TCjmax_pT4l_genbin6_recobin8 acc 0.0163 eff 0.0207 outinratio 0.0417 

ttH125_4mu_TCjmax_pT4l_genbin6_recobin8 acc 0.0189 eff 0.0331 outinratio 0.0788 

ZH125_4mu_TCjmax_pT4l_genbin6_recobin8 acc 0.0152 eff 0.0141 outinratio 0.0591 

ggH125_4mu_TCjmax_pT4l_genbin7_recobin8 acc 0.0265 eff 0.0 outinratio 0.0579 

VBFH125_4mu_TCjmax_pT4l_genbin7_recobin8 acc 0.0749 eff 0.0044 outinratio 0.0156 

WminusH125_4mu_TCjmax_pT4l_genbin7_recobin8 acc 0.11 eff 0.0018 outinratio 0.0466 

WplusH125_4mu_TCjmax_pT4l_genbin7_recobin8 acc 0.1035 eff 0.0026 outinratio 0.0417 

ttH125_4mu_TCjmax_pT4l_genbin7_recobin8 acc 0.2361 eff 0.0023 outinratio 0.0788 

ZH125_4mu_TCjmax_pT4l_genbin7_recobin8 acc 0.1167 eff 0.0 outinratio 0.0591 

ggH125_4mu_TCjmax_pT4l_genbin8_recobin8 acc 0.0044 eff 0.6991 outinratio 0.0579 

VBFH125_4mu_TCjmax_pT4l_genbin8_recobin8 acc 0.0138 eff 0.814 outinratio 0.0156 

WminusH125_4mu_TCjmax_pT4l_genbin8_recobin8 acc 0.0126 eff 0.8658 outinratio 0.0466 

WplusH125_4mu_TCjmax_pT4l_genbin8_recobin8 acc 0.0165 eff 0.8541 outinratio 0.0417 

ttH125_4mu_TCjmax_pT4l_genbin8_recobin8 acc 0.0416 eff 0.8517 outinratio 0.0788 

ZH125_4mu_TCjmax_pT4l_genbin8_recobin8 acc 0.0173 eff 0.8975 outinratio 0.0591 

ggH125_2e2mu_TCjmax_pT4l_genbin0_recobin0 acc 0.2579 eff 0.5324 outinratio 0.0458 

VBFH125_2e2mu_TCjmax_pT4l_genbin0_recobin0 acc 0.0625 eff 0.4397 outinratio 0.0311 

WminusH125_2e2mu_TCjmax_pT4l_genbin0_recobin0 acc 0.0839 eff 0.4178 outinratio 0.0767 

WplusH125_2e2mu_TCjmax_pT4l_genbin0_recobin0 acc 0.0732 eff 0.4226 outinratio 0.0739 

ttH125_2e2mu_TCjmax_pT4l_genbin0_recobin0 acc 0.0012 eff -1.0 outinratio 0.0119 

ZH125_2e2mu_TCjmax_pT4l_genbin0_recobin0 acc 0.0754 eff 0.4572 outinratio 0.1039 

ggH125_2e2mu_TCjmax_pT4l_genbin1_recobin0 acc 0.0146 eff 0.1186 outinratio 0.0458 

VBFH125_2e2mu_TCjmax_pT4l_genbin1_recobin0 acc 0.0284 eff 0.0746 outinratio 0.0311 

WminusH125_2e2mu_TCjmax_pT4l_genbin1_recobin0 acc 0.0259 eff 0.0537 outinratio 0.0767 

WplusH125_2e2mu_TCjmax_pT4l_genbin1_recobin0 acc 0.0211 eff 0.0568 outinratio 0.0739 

ttH125_2e2mu_TCjmax_pT4l_genbin1_recobin0 acc 0.0051 eff 0.0017 outinratio 0.0119 

ZH125_2e2mu_TCjmax_pT4l_genbin1_recobin0 acc 0.0275 eff 0.0878 outinratio 0.1039 

ggH125_2e2mu_TCjmax_pT4l_genbin2_recobin0 acc 0.0319 eff 0.0683 outinratio 0.0458 

VBFH125_2e2mu_TCjmax_pT4l_genbin2_recobin0 acc 0.041 eff 0.0577 outinratio 0.0311 

WminusH125_2e2mu_TCjmax_pT4l_genbin2_recobin0 acc 0.0318 eff 0.0449 outinratio 0.0767 

WplusH125_2e2mu_TCjmax_pT4l_genbin2_recobin0 acc 0.0251 eff 0.0542 outinratio 0.0739 

ttH125_2e2mu_TCjmax_pT4l_genbin2_recobin0 acc 0.0055 eff 0.0 outinratio 0.0119 

ZH125_2e2mu_TCjmax_pT4l_genbin2_recobin0 acc 0.0278 eff 0.062 outinratio 0.1039 

ggH125_2e2mu_TCjmax_pT4l_genbin3_recobin0 acc 0.0199 eff 0.0855 outinratio 0.0458 

VBFH125_2e2mu_TCjmax_pT4l_genbin3_recobin0 acc 0.036 eff 0.0594 outinratio 0.0311 

WminusH125_2e2mu_TCjmax_pT4l_genbin3_recobin0 acc 0.0237 eff 0.0356 outinratio 0.0767 

WplusH125_2e2mu_TCjmax_pT4l_genbin3_recobin0 acc 0.0203 eff 0.0368 outinratio 0.0739 

ttH125_2e2mu_TCjmax_pT4l_genbin3_recobin0 acc 0.0052 eff 0.0278 outinratio 0.0119 

ZH125_2e2mu_TCjmax_pT4l_genbin3_recobin0 acc 0.0183 eff 0.0729 outinratio 0.1039 

ggH125_2e2mu_TCjmax_pT4l_genbin4_recobin0 acc 0.0192 eff 0.0387 outinratio 0.0458 

VBFH125_2e2mu_TCjmax_pT4l_genbin4_recobin0 acc 0.0536 eff 0.048 outinratio 0.0311 

WminusH125_2e2mu_TCjmax_pT4l_genbin4_recobin0 acc 0.0252 eff 0.0235 outinratio 0.0767 

WplusH125_2e2mu_TCjmax_pT4l_genbin4_recobin0 acc 0.0204 eff 0.0247 outinratio 0.0739 

ttH125_2e2mu_TCjmax_pT4l_genbin4_recobin0 acc 0.0063 eff 0.0 outinratio 0.0119 

ZH125_2e2mu_TCjmax_pT4l_genbin4_recobin0 acc 0.0225 eff 0.0417 outinratio 0.1039 

ggH125_2e2mu_TCjmax_pT4l_genbin5_recobin0 acc 0.0139 eff 0.0322 outinratio 0.0458 

VBFH125_2e2mu_TCjmax_pT4l_genbin5_recobin0 acc 0.0655 eff 0.0282 outinratio 0.0311 

WminusH125_2e2mu_TCjmax_pT4l_genbin5_recobin0 acc 0.0224 eff 0.0164 outinratio 0.0767 

WplusH125_2e2mu_TCjmax_pT4l_genbin5_recobin0 acc 0.0206 eff 0.0153 outinratio 0.0739 

ttH125_2e2mu_TCjmax_pT4l_genbin5_recobin0 acc 0.0084 eff 0.0 outinratio 0.0119 

ZH125_2e2mu_TCjmax_pT4l_genbin5_recobin0 acc 0.0218 eff 0.0138 outinratio 0.1039 

ggH125_2e2mu_TCjmax_pT4l_genbin6_recobin0 acc 0.0094 eff 0.002 outinratio 0.0458 

VBFH125_2e2mu_TCjmax_pT4l_genbin6_recobin0 acc 0.0723 eff 0.0098 outinratio 0.0311 

WminusH125_2e2mu_TCjmax_pT4l_genbin6_recobin0 acc 0.015 eff 0.0207 outinratio 0.0767 

WplusH125_2e2mu_TCjmax_pT4l_genbin6_recobin0 acc 0.015 eff 0.0196 outinratio 0.0739 

ttH125_2e2mu_TCjmax_pT4l_genbin6_recobin0 acc 0.0162 eff 0.0165 outinratio 0.0119 

ZH125_2e2mu_TCjmax_pT4l_genbin6_recobin0 acc 0.013 eff 0.0116 outinratio 0.1039 

ggH125_2e2mu_TCjmax_pT4l_genbin7_recobin0 acc 0.0248 eff 0.0003 outinratio 0.0458 

VBFH125_2e2mu_TCjmax_pT4l_genbin7_recobin0 acc 0.0668 eff 0.0043 outinratio 0.0311 

WminusH125_2e2mu_TCjmax_pT4l_genbin7_recobin0 acc 0.1022 eff 0.0018 outinratio 0.0767 

WplusH125_2e2mu_TCjmax_pT4l_genbin7_recobin0 acc 0.0943 eff 0.0019 outinratio 0.0739 

ttH125_2e2mu_TCjmax_pT4l_genbin7_recobin0 acc 0.2244 eff 0.0 outinratio 0.0119 

ZH125_2e2mu_TCjmax_pT4l_genbin7_recobin0 acc 0.1093 eff 0.0057 outinratio 0.1039 

ggH125_2e2mu_TCjmax_pT4l_genbin8_recobin0 acc 0.0039 eff 0.0 outinratio 0.0458 

VBFH125_2e2mu_TCjmax_pT4l_genbin8_recobin0 acc 0.0127 eff 0.0016 outinratio 0.0311 

WminusH125_2e2mu_TCjmax_pT4l_genbin8_recobin0 acc 0.0117 eff 0.0 outinratio 0.0767 

WplusH125_2e2mu_TCjmax_pT4l_genbin8_recobin0 acc 0.0151 eff 0.0009 outinratio 0.0739 

ttH125_2e2mu_TCjmax_pT4l_genbin8_recobin0 acc 0.0395 eff 0.0 outinratio 0.0119 

ZH125_2e2mu_TCjmax_pT4l_genbin8_recobin0 acc 0.015 eff 0.0 outinratio 0.1039 

ggH125_2e2mu_TCjmax_pT4l_genbin0_recobin1 acc 0.2579 eff 0.029 outinratio 0.0692 

VBFH125_2e2mu_TCjmax_pT4l_genbin0_recobin1 acc 0.0625 eff 0.0384 outinratio 0.0215 

WminusH125_2e2mu_TCjmax_pT4l_genbin0_recobin1 acc 0.0839 eff 0.0294 outinratio 0.0985 

WplusH125_2e2mu_TCjmax_pT4l_genbin0_recobin1 acc 0.0732 eff 0.0347 outinratio 0.1103 

ttH125_2e2mu_TCjmax_pT4l_genbin0_recobin1 acc 0.0012 eff -1.0 outinratio 0.0009 

ZH125_2e2mu_TCjmax_pT4l_genbin0_recobin1 acc 0.0754 eff 0.021 outinratio 0.0901 

ggH125_2e2mu_TCjmax_pT4l_genbin1_recobin1 acc 0.0146 eff 0.4387 outinratio 0.0692 

VBFH125_2e2mu_TCjmax_pT4l_genbin1_recobin1 acc 0.0284 eff 0.483 outinratio 0.0215 

WminusH125_2e2mu_TCjmax_pT4l_genbin1_recobin1 acc 0.0259 eff 0.461 outinratio 0.0985 

WplusH125_2e2mu_TCjmax_pT4l_genbin1_recobin1 acc 0.0211 eff 0.4551 outinratio 0.1103 

ttH125_2e2mu_TCjmax_pT4l_genbin1_recobin1 acc 0.0051 eff 0.6221 outinratio 0.0009 

ZH125_2e2mu_TCjmax_pT4l_genbin1_recobin1 acc 0.0275 eff 0.3504 outinratio 0.0901 

ggH125_2e2mu_TCjmax_pT4l_genbin2_recobin1 acc 0.0319 eff 0.018 outinratio 0.0692 

VBFH125_2e2mu_TCjmax_pT4l_genbin2_recobin1 acc 0.041 eff 0.0201 outinratio 0.0215 

WminusH125_2e2mu_TCjmax_pT4l_genbin2_recobin1 acc 0.0318 eff 0.0184 outinratio 0.0985 

WplusH125_2e2mu_TCjmax_pT4l_genbin2_recobin1 acc 0.0251 eff 0.0192 outinratio 0.1103 

ttH125_2e2mu_TCjmax_pT4l_genbin2_recobin1 acc 0.0055 eff 0.0065 outinratio 0.0009 

ZH125_2e2mu_TCjmax_pT4l_genbin2_recobin1 acc 0.0278 eff 0.017 outinratio 0.0901 

ggH125_2e2mu_TCjmax_pT4l_genbin3_recobin1 acc 0.0199 eff 0.0 outinratio 0.0692 

VBFH125_2e2mu_TCjmax_pT4l_genbin3_recobin1 acc 0.036 eff 0.0 outinratio 0.0215 

WminusH125_2e2mu_TCjmax_pT4l_genbin3_recobin1 acc 0.0237 eff 0.0 outinratio 0.0985 

WplusH125_2e2mu_TCjmax_pT4l_genbin3_recobin1 acc 0.0203 eff 0.0 outinratio 0.1103 

ttH125_2e2mu_TCjmax_pT4l_genbin3_recobin1 acc 0.0052 eff 0.0 outinratio 0.0009 

ZH125_2e2mu_TCjmax_pT4l_genbin3_recobin1 acc 0.0183 eff 0.0 outinratio 0.0901 

ggH125_2e2mu_TCjmax_pT4l_genbin4_recobin1 acc 0.0192 eff 0.0 outinratio 0.0692 

VBFH125_2e2mu_TCjmax_pT4l_genbin4_recobin1 acc 0.0536 eff 0.0 outinratio 0.0215 

WminusH125_2e2mu_TCjmax_pT4l_genbin4_recobin1 acc 0.0252 eff 0.0 outinratio 0.0985 

WplusH125_2e2mu_TCjmax_pT4l_genbin4_recobin1 acc 0.0204 eff 0.0 outinratio 0.1103 

ttH125_2e2mu_TCjmax_pT4l_genbin4_recobin1 acc 0.0063 eff 0.0 outinratio 0.0009 

ZH125_2e2mu_TCjmax_pT4l_genbin4_recobin1 acc 0.0225 eff 0.0 outinratio 0.0901 

ggH125_2e2mu_TCjmax_pT4l_genbin5_recobin1 acc 0.0139 eff 0.0 outinratio 0.0692 

VBFH125_2e2mu_TCjmax_pT4l_genbin5_recobin1 acc 0.0655 eff 0.0 outinratio 0.0215 

WminusH125_2e2mu_TCjmax_pT4l_genbin5_recobin1 acc 0.0224 eff 0.0 outinratio 0.0985 

WplusH125_2e2mu_TCjmax_pT4l_genbin5_recobin1 acc 0.0206 eff 0.0 outinratio 0.1103 

ttH125_2e2mu_TCjmax_pT4l_genbin5_recobin1 acc 0.0084 eff 0.0 outinratio 0.0009 

ZH125_2e2mu_TCjmax_pT4l_genbin5_recobin1 acc 0.0218 eff 0.0 outinratio 0.0901 

ggH125_2e2mu_TCjmax_pT4l_genbin6_recobin1 acc 0.0094 eff 0.0 outinratio 0.0692 

VBFH125_2e2mu_TCjmax_pT4l_genbin6_recobin1 acc 0.0723 eff 0.0 outinratio 0.0215 

WminusH125_2e2mu_TCjmax_pT4l_genbin6_recobin1 acc 0.015 eff 0.0 outinratio 0.0985 

WplusH125_2e2mu_TCjmax_pT4l_genbin6_recobin1 acc 0.015 eff 0.0 outinratio 0.1103 

ttH125_2e2mu_TCjmax_pT4l_genbin6_recobin1 acc 0.0162 eff 0.0 outinratio 0.0009 

ZH125_2e2mu_TCjmax_pT4l_genbin6_recobin1 acc 0.013 eff 0.0 outinratio 0.0901 

ggH125_2e2mu_TCjmax_pT4l_genbin7_recobin1 acc 0.0248 eff 0.0014 outinratio 0.0692 

VBFH125_2e2mu_TCjmax_pT4l_genbin7_recobin1 acc 0.0668 eff 0.0011 outinratio 0.0215 

WminusH125_2e2mu_TCjmax_pT4l_genbin7_recobin1 acc 0.1022 eff 0.0022 outinratio 0.0985 

WplusH125_2e2mu_TCjmax_pT4l_genbin7_recobin1 acc 0.0943 eff 0.0015 outinratio 0.1103 

ttH125_2e2mu_TCjmax_pT4l_genbin7_recobin1 acc 0.2244 eff 0.0016 outinratio 0.0009 

ZH125_2e2mu_TCjmax_pT4l_genbin7_recobin1 acc 0.1093 eff 0.0019 outinratio 0.0901 

ggH125_2e2mu_TCjmax_pT4l_genbin8_recobin1 acc 0.0039 eff 0.0 outinratio 0.0692 

VBFH125_2e2mu_TCjmax_pT4l_genbin8_recobin1 acc 0.0127 eff 0.0 outinratio 0.0215 

WminusH125_2e2mu_TCjmax_pT4l_genbin8_recobin1 acc 0.0117 eff 0.0 outinratio 0.0985 

WplusH125_2e2mu_TCjmax_pT4l_genbin8_recobin1 acc 0.0151 eff 0.0 outinratio 0.1103 

ttH125_2e2mu_TCjmax_pT4l_genbin8_recobin1 acc 0.0395 eff 0.0 outinratio 0.0009 

ZH125_2e2mu_TCjmax_pT4l_genbin8_recobin1 acc 0.015 eff 0.0 outinratio 0.0901 

ggH125_2e2mu_TCjmax_pT4l_genbin0_recobin2 acc 0.2579 eff 0.013 outinratio 0.0581 

VBFH125_2e2mu_TCjmax_pT4l_genbin0_recobin2 acc 0.0625 eff 0.0475 outinratio 0.0445 

WminusH125_2e2mu_TCjmax_pT4l_genbin0_recobin2 acc 0.0839 eff 0.0297 outinratio 0.0772 

WplusH125_2e2mu_TCjmax_pT4l_genbin0_recobin2 acc 0.0732 eff 0.0214 outinratio 0.0967 

ttH125_2e2mu_TCjmax_pT4l_genbin0_recobin2 acc 0.0012 eff -1.0 outinratio 0.0734 

ZH125_2e2mu_TCjmax_pT4l_genbin0_recobin2 acc 0.0754 eff 0.0121 outinratio 0.076 

ggH125_2e2mu_TCjmax_pT4l_genbin1_recobin2 acc 0.0146 eff 0.0362 outinratio 0.0581 

VBFH125_2e2mu_TCjmax_pT4l_genbin1_recobin2 acc 0.0284 eff 0.0206 outinratio 0.0445 

WminusH125_2e2mu_TCjmax_pT4l_genbin1_recobin2 acc 0.0259 eff 0.0152 outinratio 0.0772 

WplusH125_2e2mu_TCjmax_pT4l_genbin1_recobin2 acc 0.0211 eff 0.0128 outinratio 0.0967 

ttH125_2e2mu_TCjmax_pT4l_genbin1_recobin2 acc 0.0051 eff 0.0 outinratio 0.0734 

ZH125_2e2mu_TCjmax_pT4l_genbin1_recobin2 acc 0.0275 eff 0.0232 outinratio 0.076 

ggH125_2e2mu_TCjmax_pT4l_genbin2_recobin2 acc 0.0319 eff 0.4789 outinratio 0.0581 

VBFH125_2e2mu_TCjmax_pT4l_genbin2_recobin2 acc 0.041 eff 0.4834 outinratio 0.0445 

WminusH125_2e2mu_TCjmax_pT4l_genbin2_recobin2 acc 0.0318 eff 0.4189 outinratio 0.0772 

WplusH125_2e2mu_TCjmax_pT4l_genbin2_recobin2 acc 0.0251 eff 0.4297 outinratio 0.0967 

ttH125_2e2mu_TCjmax_pT4l_genbin2_recobin2 acc 0.0055 eff 0.3327 outinratio 0.0734 

ZH125_2e2mu_TCjmax_pT4l_genbin2_recobin2 acc 0.0278 eff 0.4088 outinratio 0.076 

ggH125_2e2mu_TCjmax_pT4l_genbin3_recobin2 acc 0.0199 eff 0.0158 outinratio 0.0581 

VBFH125_2e2mu_TCjmax_pT4l_genbin3_recobin2 acc 0.036 eff 0.0241 outinratio 0.0445 

WminusH125_2e2mu_TCjmax_pT4l_genbin3_recobin2 acc 0.0237 eff 0.0346 outinratio 0.0772 

WplusH125_2e2mu_TCjmax_pT4l_genbin3_recobin2 acc 0.0203 eff 0.0342 outinratio 0.0967 

ttH125_2e2mu_TCjmax_pT4l_genbin3_recobin2 acc 0.0052 eff 0.0 outinratio 0.0734 

ZH125_2e2mu_TCjmax_pT4l_genbin3_recobin2 acc 0.0183 eff 0.0404 outinratio 0.076 

ggH125_2e2mu_TCjmax_pT4l_genbin4_recobin2 acc 0.0192 eff 0.0 outinratio 0.0581 

VBFH125_2e2mu_TCjmax_pT4l_genbin4_recobin2 acc 0.0536 eff 0.0029 outinratio 0.0445 

WminusH125_2e2mu_TCjmax_pT4l_genbin4_recobin2 acc 0.0252 eff 0.0 outinratio 0.0772 

WplusH125_2e2mu_TCjmax_pT4l_genbin4_recobin2 acc 0.0204 eff 0.0009 outinratio 0.0967 

ttH125_2e2mu_TCjmax_pT4l_genbin4_recobin2 acc 0.0063 eff 0.0 outinratio 0.0734 

ZH125_2e2mu_TCjmax_pT4l_genbin4_recobin2 acc 0.0225 eff 0.0 outinratio 0.076 

ggH125_2e2mu_TCjmax_pT4l_genbin5_recobin2 acc 0.0139 eff 0.0 outinratio 0.0581 

VBFH125_2e2mu_TCjmax_pT4l_genbin5_recobin2 acc 0.0655 eff 0.0 outinratio 0.0445 

WminusH125_2e2mu_TCjmax_pT4l_genbin5_recobin2 acc 0.0224 eff 0.0 outinratio 0.0772 

WplusH125_2e2mu_TCjmax_pT4l_genbin5_recobin2 acc 0.0206 eff 0.0 outinratio 0.0967 

ttH125_2e2mu_TCjmax_pT4l_genbin5_recobin2 acc 0.0084 eff 0.0 outinratio 0.0734 

ZH125_2e2mu_TCjmax_pT4l_genbin5_recobin2 acc 0.0218 eff 0.0 outinratio 0.076 

ggH125_2e2mu_TCjmax_pT4l_genbin6_recobin2 acc 0.0094 eff 0.0 outinratio 0.0581 

VBFH125_2e2mu_TCjmax_pT4l_genbin6_recobin2 acc 0.0723 eff 0.0 outinratio 0.0445 

WminusH125_2e2mu_TCjmax_pT4l_genbin6_recobin2 acc 0.015 eff 0.0 outinratio 0.0772 

WplusH125_2e2mu_TCjmax_pT4l_genbin6_recobin2 acc 0.015 eff 0.0 outinratio 0.0967 

ttH125_2e2mu_TCjmax_pT4l_genbin6_recobin2 acc 0.0162 eff 0.0 outinratio 0.0734 

ZH125_2e2mu_TCjmax_pT4l_genbin6_recobin2 acc 0.013 eff 0.0 outinratio 0.076 

ggH125_2e2mu_TCjmax_pT4l_genbin7_recobin2 acc 0.0248 eff 0.0062 outinratio 0.0581 

VBFH125_2e2mu_TCjmax_pT4l_genbin7_recobin2 acc 0.0668 eff 0.0039 outinratio 0.0445 

WminusH125_2e2mu_TCjmax_pT4l_genbin7_recobin2 acc 0.1022 eff 0.0038 outinratio 0.0772 

WplusH125_2e2mu_TCjmax_pT4l_genbin7_recobin2 acc 0.0943 eff 0.0054 outinratio 0.0967 

ttH125_2e2mu_TCjmax_pT4l_genbin7_recobin2 acc 0.2244 eff 0.003 outinratio 0.0734 

ZH125_2e2mu_TCjmax_pT4l_genbin7_recobin2 acc 0.1093 eff 0.0047 outinratio 0.076 

ggH125_2e2mu_TCjmax_pT4l_genbin8_recobin2 acc 0.0039 eff 0.0 outinratio 0.0581 

VBFH125_2e2mu_TCjmax_pT4l_genbin8_recobin2 acc 0.0127 eff 0.0 outinratio 0.0445 

WminusH125_2e2mu_TCjmax_pT4l_genbin8_recobin2 acc 0.0117 eff 0.0 outinratio 0.0772 

WplusH125_2e2mu_TCjmax_pT4l_genbin8_recobin2 acc 0.0151 eff 0.0 outinratio 0.0967 

ttH125_2e2mu_TCjmax_pT4l_genbin8_recobin2 acc 0.0395 eff 0.0 outinratio 0.0734 

ZH125_2e2mu_TCjmax_pT4l_genbin8_recobin2 acc 0.015 eff 0.0 outinratio 0.076 

ggH125_2e2mu_TCjmax_pT4l_genbin0_recobin3 acc 0.2579 eff 0.0043 outinratio 0.0468 

VBFH125_2e2mu_TCjmax_pT4l_genbin0_recobin3 acc 0.0625 eff 0.0223 outinratio 0.0502 

WminusH125_2e2mu_TCjmax_pT4l_genbin0_recobin3 acc 0.0839 eff 0.0166 outinratio 0.0631 

WplusH125_2e2mu_TCjmax_pT4l_genbin0_recobin3 acc 0.0732 eff 0.0128 outinratio 0.0718 

ttH125_2e2mu_TCjmax_pT4l_genbin0_recobin3 acc 0.0012 eff -1.0 outinratio 0.1918 

ZH125_2e2mu_TCjmax_pT4l_genbin0_recobin3 acc 0.0754 eff 0.0085 outinratio 0.1148 

ggH125_2e2mu_TCjmax_pT4l_genbin1_recobin3 acc 0.0146 eff 0.0 outinratio 0.0468 

VBFH125_2e2mu_TCjmax_pT4l_genbin1_recobin3 acc 0.0284 eff 0.0023 outinratio 0.0502 

WminusH125_2e2mu_TCjmax_pT4l_genbin1_recobin3 acc 0.0259 eff 0.0 outinratio 0.0631 

WplusH125_2e2mu_TCjmax_pT4l_genbin1_recobin3 acc 0.0211 eff 0.0 outinratio 0.0718 

ttH125_2e2mu_TCjmax_pT4l_genbin1_recobin3 acc 0.0051 eff 0.0 outinratio 0.1918 

ZH125_2e2mu_TCjmax_pT4l_genbin1_recobin3 acc 0.0275 eff 0.0 outinratio 0.1148 

ggH125_2e2mu_TCjmax_pT4l_genbin2_recobin3 acc 0.0319 eff 0.0164 outinratio 0.0468 

VBFH125_2e2mu_TCjmax_pT4l_genbin2_recobin3 acc 0.041 eff 0.0114 outinratio 0.0502 

WminusH125_2e2mu_TCjmax_pT4l_genbin2_recobin3 acc 0.0318 eff 0.0118 outinratio 0.0631 

WplusH125_2e2mu_TCjmax_pT4l_genbin2_recobin3 acc 0.0251 eff 0.0122 outinratio 0.0718 

ttH125_2e2mu_TCjmax_pT4l_genbin2_recobin3 acc 0.0055 eff 0.0 outinratio 0.1918 

ZH125_2e2mu_TCjmax_pT4l_genbin2_recobin3 acc 0.0278 eff 0.0213 outinratio 0.1148 

ggH125_2e2mu_TCjmax_pT4l_genbin3_recobin3 acc 0.0199 eff 0.4154 outinratio 0.0468 

VBFH125_2e2mu_TCjmax_pT4l_genbin3_recobin3 acc 0.036 eff 0.4404 outinratio 0.0502 

WminusH125_2e2mu_TCjmax_pT4l_genbin3_recobin3 acc 0.0237 eff 0.4541 outinratio 0.0631 

WplusH125_2e2mu_TCjmax_pT4l_genbin3_recobin3 acc 0.0203 eff 0.4449 outinratio 0.0718 

ttH125_2e2mu_TCjmax_pT4l_genbin3_recobin3 acc 0.0052 eff 0.501 outinratio 0.1918 

ZH125_2e2mu_TCjmax_pT4l_genbin3_recobin3 acc 0.0183 eff 0.3266 outinratio 0.1148 

ggH125_2e2mu_TCjmax_pT4l_genbin4_recobin3 acc 0.0192 eff 0.0295 outinratio 0.0468 

VBFH125_2e2mu_TCjmax_pT4l_genbin4_recobin3 acc 0.0536 eff 0.0284 outinratio 0.0502 

WminusH125_2e2mu_TCjmax_pT4l_genbin4_recobin3 acc 0.0252 eff 0.0234 outinratio 0.0631 

WplusH125_2e2mu_TCjmax_pT4l_genbin4_recobin3 acc 0.0204 eff 0.0261 outinratio 0.0718 

ttH125_2e2mu_TCjmax_pT4l_genbin4_recobin3 acc 0.0063 eff 0.0371 outinratio 0.1918 

ZH125_2e2mu_TCjmax_pT4l_genbin4_recobin3 acc 0.0225 eff 0.0236 outinratio 0.1148 

ggH125_2e2mu_TCjmax_pT4l_genbin5_recobin3 acc 0.0139 eff 0.0 outinratio 0.0468 

VBFH125_2e2mu_TCjmax_pT4l_genbin5_recobin3 acc 0.0655 eff 0.0 outinratio 0.0502 

WminusH125_2e2mu_TCjmax_pT4l_genbin5_recobin3 acc 0.0224 eff 0.0004 outinratio 0.0631 

WplusH125_2e2mu_TCjmax_pT4l_genbin5_recobin3 acc 0.0206 eff 0.0 outinratio 0.0718 

ttH125_2e2mu_TCjmax_pT4l_genbin5_recobin3 acc 0.0084 eff 0.0 outinratio 0.1918 

ZH125_2e2mu_TCjmax_pT4l_genbin5_recobin3 acc 0.0218 eff 0.0 outinratio 0.1148 

ggH125_2e2mu_TCjmax_pT4l_genbin6_recobin3 acc 0.0094 eff 0.0 outinratio 0.0468 

VBFH125_2e2mu_TCjmax_pT4l_genbin6_recobin3 acc 0.0723 eff 0.0 outinratio 0.0502 

WminusH125_2e2mu_TCjmax_pT4l_genbin6_recobin3 acc 0.015 eff 0.0 outinratio 0.0631 

WplusH125_2e2mu_TCjmax_pT4l_genbin6_recobin3 acc 0.015 eff 0.0 outinratio 0.0718 

ttH125_2e2mu_TCjmax_pT4l_genbin6_recobin3 acc 0.0162 eff 0.0 outinratio 0.1918 

ZH125_2e2mu_TCjmax_pT4l_genbin6_recobin3 acc 0.013 eff 0.0 outinratio 0.1148 

ggH125_2e2mu_TCjmax_pT4l_genbin7_recobin3 acc 0.0248 eff 0.0064 outinratio 0.0468 

VBFH125_2e2mu_TCjmax_pT4l_genbin7_recobin3 acc 0.0668 eff 0.0027 outinratio 0.0502 

WminusH125_2e2mu_TCjmax_pT4l_genbin7_recobin3 acc 0.1022 eff 0.0047 outinratio 0.0631 

WplusH125_2e2mu_TCjmax_pT4l_genbin7_recobin3 acc 0.0943 eff 0.0059 outinratio 0.0718 

ttH125_2e2mu_TCjmax_pT4l_genbin7_recobin3 acc 0.2244 eff 0.0044 outinratio 0.1918 

ZH125_2e2mu_TCjmax_pT4l_genbin7_recobin3 acc 0.1093 eff 0.0067 outinratio 0.1148 

ggH125_2e2mu_TCjmax_pT4l_genbin8_recobin3 acc 0.0039 eff 0.0 outinratio 0.0468 

VBFH125_2e2mu_TCjmax_pT4l_genbin8_recobin3 acc 0.0127 eff 0.0 outinratio 0.0502 

WminusH125_2e2mu_TCjmax_pT4l_genbin8_recobin3 acc 0.0117 eff 0.0 outinratio 0.0631 

WplusH125_2e2mu_TCjmax_pT4l_genbin8_recobin3 acc 0.0151 eff 0.0 outinratio 0.0718 

ttH125_2e2mu_TCjmax_pT4l_genbin8_recobin3 acc 0.0395 eff 0.0 outinratio 0.1918 

ZH125_2e2mu_TCjmax_pT4l_genbin8_recobin3 acc 0.015 eff 0.0 outinratio 0.1148 

ggH125_2e2mu_TCjmax_pT4l_genbin0_recobin4 acc 0.2579 eff 0.0019 outinratio 0.0501 

VBFH125_2e2mu_TCjmax_pT4l_genbin0_recobin4 acc 0.0625 eff 0.0124 outinratio 0.0267 

WminusH125_2e2mu_TCjmax_pT4l_genbin0_recobin4 acc 0.0839 eff 0.0154 outinratio 0.0754 

WplusH125_2e2mu_TCjmax_pT4l_genbin0_recobin4 acc 0.0732 eff 0.011 outinratio 0.0819 

ttH125_2e2mu_TCjmax_pT4l_genbin0_recobin4 acc 0.0012 eff -1.0 outinratio 0.2266 

ZH125_2e2mu_TCjmax_pT4l_genbin0_recobin4 acc 0.0754 eff 0.0144 outinratio 0.0404 

ggH125_2e2mu_TCjmax_pT4l_genbin1_recobin4 acc 0.0146 eff 0.0 outinratio 0.0501 

VBFH125_2e2mu_TCjmax_pT4l_genbin1_recobin4 acc 0.0284 eff 0.0 outinratio 0.0267 

WminusH125_2e2mu_TCjmax_pT4l_genbin1_recobin4 acc 0.0259 eff 0.0 outinratio 0.0754 

WplusH125_2e2mu_TCjmax_pT4l_genbin1_recobin4 acc 0.0211 eff 0.0 outinratio 0.0819 

ttH125_2e2mu_TCjmax_pT4l_genbin1_recobin4 acc 0.0051 eff 0.0 outinratio 0.2266 

ZH125_2e2mu_TCjmax_pT4l_genbin1_recobin4 acc 0.0275 eff 0.0 outinratio 0.0404 

ggH125_2e2mu_TCjmax_pT4l_genbin2_recobin4 acc 0.0319 eff 0.0 outinratio 0.0501 

VBFH125_2e2mu_TCjmax_pT4l_genbin2_recobin4 acc 0.041 eff 0.0 outinratio 0.0267 

WminusH125_2e2mu_TCjmax_pT4l_genbin2_recobin4 acc 0.0318 eff 0.0 outinratio 0.0754 

WplusH125_2e2mu_TCjmax_pT4l_genbin2_recobin4 acc 0.0251 eff 0.0003 outinratio 0.0819 

ttH125_2e2mu_TCjmax_pT4l_genbin2_recobin4 acc 0.0055 eff 0.0 outinratio 0.2266 

ZH125_2e2mu_TCjmax_pT4l_genbin2_recobin4 acc 0.0278 eff 0.0 outinratio 0.0404 

ggH125_2e2mu_TCjmax_pT4l_genbin3_recobin4 acc 0.0199 eff 0.0175 outinratio 0.0501 

VBFH125_2e2mu_TCjmax_pT4l_genbin3_recobin4 acc 0.036 eff 0.0289 outinratio 0.0267 

WminusH125_2e2mu_TCjmax_pT4l_genbin3_recobin4 acc 0.0237 eff 0.0213 outinratio 0.0754 

WplusH125_2e2mu_TCjmax_pT4l_genbin3_recobin4 acc 0.0203 eff 0.0163 outinratio 0.0819 

ttH125_2e2mu_TCjmax_pT4l_genbin3_recobin4 acc 0.0052 eff 0.0031 outinratio 0.2266 

ZH125_2e2mu_TCjmax_pT4l_genbin3_recobin4 acc 0.0183 eff 0.0263 outinratio 0.0404 

ggH125_2e2mu_TCjmax_pT4l_genbin4_recobin4 acc 0.0192 eff 0.4946 outinratio 0.0501 

VBFH125_2e2mu_TCjmax_pT4l_genbin4_recobin4 acc 0.0536 eff 0.491 outinratio 0.0267 

WminusH125_2e2mu_TCjmax_pT4l_genbin4_recobin4 acc 0.0252 eff 0.4555 outinratio 0.0754 

WplusH125_2e2mu_TCjmax_pT4l_genbin4_recobin4 acc 0.0204 eff 0.4491 outinratio 0.0819 

ttH125_2e2mu_TCjmax_pT4l_genbin4_recobin4 acc 0.0063 eff 0.4329 outinratio 0.2266 

ZH125_2e2mu_TCjmax_pT4l_genbin4_recobin4 acc 0.0225 eff 0.3593 outinratio 0.0404 

ggH125_2e2mu_TCjmax_pT4l_genbin5_recobin4 acc 0.0139 eff 0.0254 outinratio 0.0501 

VBFH125_2e2mu_TCjmax_pT4l_genbin5_recobin4 acc 0.0655 eff 0.0246 outinratio 0.0267 

WminusH125_2e2mu_TCjmax_pT4l_genbin5_recobin4 acc 0.0224 eff 0.03 outinratio 0.0754 

WplusH125_2e2mu_TCjmax_pT4l_genbin5_recobin4 acc 0.0206 eff 0.0258 outinratio 0.0819 

ttH125_2e2mu_TCjmax_pT4l_genbin5_recobin4 acc 0.0084 eff 0.0 outinratio 0.2266 

ZH125_2e2mu_TCjmax_pT4l_genbin5_recobin4 acc 0.0218 eff 0.0172 outinratio 0.0404 

ggH125_2e2mu_TCjmax_pT4l_genbin6_recobin4 acc 0.0094 eff 0.0 outinratio 0.0501 

VBFH125_2e2mu_TCjmax_pT4l_genbin6_recobin4 acc 0.0723 eff 0.0 outinratio 0.0267 

WminusH125_2e2mu_TCjmax_pT4l_genbin6_recobin4 acc 0.015 eff 0.0 outinratio 0.0754 

WplusH125_2e2mu_TCjmax_pT4l_genbin6_recobin4 acc 0.015 eff 0.0 outinratio 0.0819 

ttH125_2e2mu_TCjmax_pT4l_genbin6_recobin4 acc 0.0162 eff 0.0 outinratio 0.2266 

ZH125_2e2mu_TCjmax_pT4l_genbin6_recobin4 acc 0.013 eff 0.0 outinratio 0.0404 

ggH125_2e2mu_TCjmax_pT4l_genbin7_recobin4 acc 0.0248 eff 0.0101 outinratio 0.0501 

VBFH125_2e2mu_TCjmax_pT4l_genbin7_recobin4 acc 0.0668 eff 0.0042 outinratio 0.0267 

WminusH125_2e2mu_TCjmax_pT4l_genbin7_recobin4 acc 0.1022 eff 0.0099 outinratio 0.0754 

WplusH125_2e2mu_TCjmax_pT4l_genbin7_recobin4 acc 0.0943 eff 0.0084 outinratio 0.0819 

ttH125_2e2mu_TCjmax_pT4l_genbin7_recobin4 acc 0.2244 eff 0.0014 outinratio 0.2266 

ZH125_2e2mu_TCjmax_pT4l_genbin7_recobin4 acc 0.1093 eff 0.0123 outinratio 0.0404 

ggH125_2e2mu_TCjmax_pT4l_genbin8_recobin4 acc 0.0039 eff 0.0 outinratio 0.0501 

VBFH125_2e2mu_TCjmax_pT4l_genbin8_recobin4 acc 0.0127 eff 0.0 outinratio 0.0267 

WminusH125_2e2mu_TCjmax_pT4l_genbin8_recobin4 acc 0.0117 eff 0.0 outinratio 0.0754 

WplusH125_2e2mu_TCjmax_pT4l_genbin8_recobin4 acc 0.0151 eff 0.0 outinratio 0.0819 

ttH125_2e2mu_TCjmax_pT4l_genbin8_recobin4 acc 0.0395 eff 0.0 outinratio 0.2266 

ZH125_2e2mu_TCjmax_pT4l_genbin8_recobin4 acc 0.015 eff 0.0 outinratio 0.0404 

ggH125_2e2mu_TCjmax_pT4l_genbin0_recobin5 acc 0.2579 eff 0.0004 outinratio 0.0205 

VBFH125_2e2mu_TCjmax_pT4l_genbin0_recobin5 acc 0.0625 eff 0.0041 outinratio 0.0378 

WminusH125_2e2mu_TCjmax_pT4l_genbin0_recobin5 acc 0.0839 eff 0.014 outinratio 0.0652 

WplusH125_2e2mu_TCjmax_pT4l_genbin0_recobin5 acc 0.0732 eff 0.0136 outinratio 0.0692 

ttH125_2e2mu_TCjmax_pT4l_genbin0_recobin5 acc 0.0012 eff -1.0 outinratio 0.1475 

ZH125_2e2mu_TCjmax_pT4l_genbin0_recobin5 acc 0.0754 eff 0.0028 outinratio 0.0344 

ggH125_2e2mu_TCjmax_pT4l_genbin1_recobin5 acc 0.0146 eff 0.0 outinratio 0.0205 

VBFH125_2e2mu_TCjmax_pT4l_genbin1_recobin5 acc 0.0284 eff 0.0 outinratio 0.0378 

WminusH125_2e2mu_TCjmax_pT4l_genbin1_recobin5 acc 0.0259 eff 0.0 outinratio 0.0652 

WplusH125_2e2mu_TCjmax_pT4l_genbin1_recobin5 acc 0.0211 eff 0.0 outinratio 0.0692 

ttH125_2e2mu_TCjmax_pT4l_genbin1_recobin5 acc 0.0051 eff 0.0 outinratio 0.1475 

ZH125_2e2mu_TCjmax_pT4l_genbin1_recobin5 acc 0.0275 eff 0.0 outinratio 0.0344 

ggH125_2e2mu_TCjmax_pT4l_genbin2_recobin5 acc 0.0319 eff 0.0 outinratio 0.0205 

VBFH125_2e2mu_TCjmax_pT4l_genbin2_recobin5 acc 0.041 eff 0.0 outinratio 0.0378 

WminusH125_2e2mu_TCjmax_pT4l_genbin2_recobin5 acc 0.0318 eff 0.0 outinratio 0.0652 

WplusH125_2e2mu_TCjmax_pT4l_genbin2_recobin5 acc 0.0251 eff 0.0 outinratio 0.0692 

ttH125_2e2mu_TCjmax_pT4l_genbin2_recobin5 acc 0.0055 eff 0.0 outinratio 0.1475 

ZH125_2e2mu_TCjmax_pT4l_genbin2_recobin5 acc 0.0278 eff 0.0 outinratio 0.0344 

ggH125_2e2mu_TCjmax_pT4l_genbin3_recobin5 acc 0.0199 eff 0.0 outinratio 0.0205 

VBFH125_2e2mu_TCjmax_pT4l_genbin3_recobin5 acc 0.036 eff 0.0 outinratio 0.0378 

WminusH125_2e2mu_TCjmax_pT4l_genbin3_recobin5 acc 0.0237 eff 0.0 outinratio 0.0652 

WplusH125_2e2mu_TCjmax_pT4l_genbin3_recobin5 acc 0.0203 eff 0.0 outinratio 0.0692 

ttH125_2e2mu_TCjmax_pT4l_genbin3_recobin5 acc 0.0052 eff 0.0 outinratio 0.1475 

ZH125_2e2mu_TCjmax_pT4l_genbin3_recobin5 acc 0.0183 eff 0.0 outinratio 0.0344 

ggH125_2e2mu_TCjmax_pT4l_genbin4_recobin5 acc 0.0192 eff 0.0032 outinratio 0.0205 

VBFH125_2e2mu_TCjmax_pT4l_genbin4_recobin5 acc 0.0536 eff 0.018 outinratio 0.0378 

WminusH125_2e2mu_TCjmax_pT4l_genbin4_recobin5 acc 0.0252 eff 0.014 outinratio 0.0652 

WplusH125_2e2mu_TCjmax_pT4l_genbin4_recobin5 acc 0.0204 eff 0.0115 outinratio 0.0692 

ttH125_2e2mu_TCjmax_pT4l_genbin4_recobin5 acc 0.0063 eff 0.0 outinratio 0.1475 

ZH125_2e2mu_TCjmax_pT4l_genbin4_recobin5 acc 0.0225 eff 0.0223 outinratio 0.0344 

ggH125_2e2mu_TCjmax_pT4l_genbin5_recobin5 acc 0.0139 eff 0.5206 outinratio 0.0205 

VBFH125_2e2mu_TCjmax_pT4l_genbin5_recobin5 acc 0.0655 eff 0.5256 outinratio 0.0378 

WminusH125_2e2mu_TCjmax_pT4l_genbin5_recobin5 acc 0.0224 eff 0.4631 outinratio 0.0652 

WplusH125_2e2mu_TCjmax_pT4l_genbin5_recobin5 acc 0.0206 eff 0.4193 outinratio 0.0692 

ttH125_2e2mu_TCjmax_pT4l_genbin5_recobin5 acc 0.0084 eff 0.3014 outinratio 0.1475 

ZH125_2e2mu_TCjmax_pT4l_genbin5_recobin5 acc 0.0218 eff 0.5055 outinratio 0.0344 

ggH125_2e2mu_TCjmax_pT4l_genbin6_recobin5 acc 0.0094 eff 0.0252 outinratio 0.0205 

VBFH125_2e2mu_TCjmax_pT4l_genbin6_recobin5 acc 0.0723 eff 0.0108 outinratio 0.0378 

WminusH125_2e2mu_TCjmax_pT4l_genbin6_recobin5 acc 0.015 eff 0.0175 outinratio 0.0652 

WplusH125_2e2mu_TCjmax_pT4l_genbin6_recobin5 acc 0.015 eff 0.02 outinratio 0.0692 

ttH125_2e2mu_TCjmax_pT4l_genbin6_recobin5 acc 0.0162 eff 0.0 outinratio 0.1475 

ZH125_2e2mu_TCjmax_pT4l_genbin6_recobin5 acc 0.013 eff 0.0205 outinratio 0.0344 

ggH125_2e2mu_TCjmax_pT4l_genbin7_recobin5 acc 0.0248 eff 0.014 outinratio 0.0205 

VBFH125_2e2mu_TCjmax_pT4l_genbin7_recobin5 acc 0.0668 eff 0.0101 outinratio 0.0378 

WminusH125_2e2mu_TCjmax_pT4l_genbin7_recobin5 acc 0.1022 eff 0.0146 outinratio 0.0652 

WplusH125_2e2mu_TCjmax_pT4l_genbin7_recobin5 acc 0.0943 eff 0.014 outinratio 0.0692 

ttH125_2e2mu_TCjmax_pT4l_genbin7_recobin5 acc 0.2244 eff 0.0056 outinratio 0.1475 

ZH125_2e2mu_TCjmax_pT4l_genbin7_recobin5 acc 0.1093 eff 0.0176 outinratio 0.0344 

ggH125_2e2mu_TCjmax_pT4l_genbin8_recobin5 acc 0.0039 eff 0.0 outinratio 0.0205 

VBFH125_2e2mu_TCjmax_pT4l_genbin8_recobin5 acc 0.0127 eff 0.0 outinratio 0.0378 

WminusH125_2e2mu_TCjmax_pT4l_genbin8_recobin5 acc 0.0117 eff 0.0 outinratio 0.0652 

WplusH125_2e2mu_TCjmax_pT4l_genbin8_recobin5 acc 0.0151 eff 0.0 outinratio 0.0692 

ttH125_2e2mu_TCjmax_pT4l_genbin8_recobin5 acc 0.0395 eff 0.0 outinratio 0.1475 

ZH125_2e2mu_TCjmax_pT4l_genbin8_recobin5 acc 0.015 eff 0.0 outinratio 0.0344 

ggH125_2e2mu_TCjmax_pT4l_genbin0_recobin6 acc 0.2579 eff 0.0 outinratio 0.0204 

VBFH125_2e2mu_TCjmax_pT4l_genbin0_recobin6 acc 0.0625 eff 0.0013 outinratio 0.0263 

WminusH125_2e2mu_TCjmax_pT4l_genbin0_recobin6 acc 0.0839 eff 0.0147 outinratio 0.0614 

WplusH125_2e2mu_TCjmax_pT4l_genbin0_recobin6 acc 0.0732 eff 0.0163 outinratio 0.0539 

ttH125_2e2mu_TCjmax_pT4l_genbin0_recobin6 acc 0.0012 eff -1.0 outinratio 0.143 

ZH125_2e2mu_TCjmax_pT4l_genbin0_recobin6 acc 0.0754 eff 0.0136 outinratio 0.0476 

ggH125_2e2mu_TCjmax_pT4l_genbin1_recobin6 acc 0.0146 eff 0.0 outinratio 0.0204 

VBFH125_2e2mu_TCjmax_pT4l_genbin1_recobin6 acc 0.0284 eff 0.0 outinratio 0.0263 

WminusH125_2e2mu_TCjmax_pT4l_genbin1_recobin6 acc 0.0259 eff 0.0 outinratio 0.0614 

WplusH125_2e2mu_TCjmax_pT4l_genbin1_recobin6 acc 0.0211 eff 0.0 outinratio 0.0539 

ttH125_2e2mu_TCjmax_pT4l_genbin1_recobin6 acc 0.0051 eff 0.0 outinratio 0.143 

ZH125_2e2mu_TCjmax_pT4l_genbin1_recobin6 acc 0.0275 eff 0.0 outinratio 0.0476 

ggH125_2e2mu_TCjmax_pT4l_genbin2_recobin6 acc 0.0319 eff 0.0 outinratio 0.0204 

VBFH125_2e2mu_TCjmax_pT4l_genbin2_recobin6 acc 0.041 eff 0.0 outinratio 0.0263 

WminusH125_2e2mu_TCjmax_pT4l_genbin2_recobin6 acc 0.0318 eff 0.0 outinratio 0.0614 

WplusH125_2e2mu_TCjmax_pT4l_genbin2_recobin6 acc 0.0251 eff 0.0 outinratio 0.0539 

ttH125_2e2mu_TCjmax_pT4l_genbin2_recobin6 acc 0.0055 eff 0.0 outinratio 0.143 

ZH125_2e2mu_TCjmax_pT4l_genbin2_recobin6 acc 0.0278 eff 0.0 outinratio 0.0476 

ggH125_2e2mu_TCjmax_pT4l_genbin3_recobin6 acc 0.0199 eff 0.0 outinratio 0.0204 

VBFH125_2e2mu_TCjmax_pT4l_genbin3_recobin6 acc 0.036 eff 0.0 outinratio 0.0263 

WminusH125_2e2mu_TCjmax_pT4l_genbin3_recobin6 acc 0.0237 eff 0.0 outinratio 0.0614 

WplusH125_2e2mu_TCjmax_pT4l_genbin3_recobin6 acc 0.0203 eff 0.0 outinratio 0.0539 

ttH125_2e2mu_TCjmax_pT4l_genbin3_recobin6 acc 0.0052 eff 0.0 outinratio 0.143 

ZH125_2e2mu_TCjmax_pT4l_genbin3_recobin6 acc 0.0183 eff 0.0 outinratio 0.0476 

ggH125_2e2mu_TCjmax_pT4l_genbin4_recobin6 acc 0.0192 eff 0.0 outinratio 0.0204 

VBFH125_2e2mu_TCjmax_pT4l_genbin4_recobin6 acc 0.0536 eff 0.0 outinratio 0.0263 

WminusH125_2e2mu_TCjmax_pT4l_genbin4_recobin6 acc 0.0252 eff 0.0 outinratio 0.0614 

WplusH125_2e2mu_TCjmax_pT4l_genbin4_recobin6 acc 0.0204 eff 0.0 outinratio 0.0539 

ttH125_2e2mu_TCjmax_pT4l_genbin4_recobin6 acc 0.0063 eff 0.0 outinratio 0.143 

ZH125_2e2mu_TCjmax_pT4l_genbin4_recobin6 acc 0.0225 eff 0.0 outinratio 0.0476 

ggH125_2e2mu_TCjmax_pT4l_genbin5_recobin6 acc 0.0139 eff 0.0046 outinratio 0.0204 

VBFH125_2e2mu_TCjmax_pT4l_genbin5_recobin6 acc 0.0655 eff 0.0087 outinratio 0.0263 

WminusH125_2e2mu_TCjmax_pT4l_genbin5_recobin6 acc 0.0224 eff 0.0069 outinratio 0.0614 

WplusH125_2e2mu_TCjmax_pT4l_genbin5_recobin6 acc 0.0206 eff 0.0056 outinratio 0.0539 

ttH125_2e2mu_TCjmax_pT4l_genbin5_recobin6 acc 0.0084 eff 0.0106 outinratio 0.143 

ZH125_2e2mu_TCjmax_pT4l_genbin5_recobin6 acc 0.0218 eff 0.016 outinratio 0.0476 

ggH125_2e2mu_TCjmax_pT4l_genbin6_recobin6 acc 0.0094 eff 0.5427 outinratio 0.0204 

VBFH125_2e2mu_TCjmax_pT4l_genbin6_recobin6 acc 0.0723 eff 0.5637 outinratio 0.0263 

WminusH125_2e2mu_TCjmax_pT4l_genbin6_recobin6 acc 0.015 eff 0.4637 outinratio 0.0614 

WplusH125_2e2mu_TCjmax_pT4l_genbin6_recobin6 acc 0.015 eff 0.4654 outinratio 0.0539 

ttH125_2e2mu_TCjmax_pT4l_genbin6_recobin6 acc 0.0162 eff 0.3911 outinratio 0.143 

ZH125_2e2mu_TCjmax_pT4l_genbin6_recobin6 acc 0.013 eff 0.5378 outinratio 0.0476 

ggH125_2e2mu_TCjmax_pT4l_genbin7_recobin6 acc 0.0248 eff 0.0108 outinratio 0.0204 

VBFH125_2e2mu_TCjmax_pT4l_genbin7_recobin6 acc 0.0668 eff 0.0178 outinratio 0.0263 

WminusH125_2e2mu_TCjmax_pT4l_genbin7_recobin6 acc 0.1022 eff 0.012 outinratio 0.0614 

WplusH125_2e2mu_TCjmax_pT4l_genbin7_recobin6 acc 0.0943 eff 0.0117 outinratio 0.0539 

ttH125_2e2mu_TCjmax_pT4l_genbin7_recobin6 acc 0.2244 eff 0.0096 outinratio 0.143 

ZH125_2e2mu_TCjmax_pT4l_genbin7_recobin6 acc 0.1093 eff 0.0141 outinratio 0.0476 

ggH125_2e2mu_TCjmax_pT4l_genbin8_recobin6 acc 0.0039 eff 0.0 outinratio 0.0204 

VBFH125_2e2mu_TCjmax_pT4l_genbin8_recobin6 acc 0.0127 eff 0.0111 outinratio 0.0263 

WminusH125_2e2mu_TCjmax_pT4l_genbin8_recobin6 acc 0.0117 eff 0.0069 outinratio 0.0614 

WplusH125_2e2mu_TCjmax_pT4l_genbin8_recobin6 acc 0.0151 eff 0.0052 outinratio 0.0539 

ttH125_2e2mu_TCjmax_pT4l_genbin8_recobin6 acc 0.0395 eff 0.0134 outinratio 0.143 

ZH125_2e2mu_TCjmax_pT4l_genbin8_recobin6 acc 0.015 eff 0.0151 outinratio 0.0476 

ggH125_2e2mu_TCjmax_pT4l_genbin0_recobin7 acc 0.2579 eff 0.0012 outinratio 0.0863 

VBFH125_2e2mu_TCjmax_pT4l_genbin0_recobin7 acc 0.0625 eff 0.0035 outinratio 0.0338 

WminusH125_2e2mu_TCjmax_pT4l_genbin0_recobin7 acc 0.0839 eff 0.0256 outinratio 0.0855 

WplusH125_2e2mu_TCjmax_pT4l_genbin0_recobin7 acc 0.0732 eff 0.0262 outinratio 0.0914 

ttH125_2e2mu_TCjmax_pT4l_genbin0_recobin7 acc 0.0012 eff -1.0 outinratio 0.1814 

ZH125_2e2mu_TCjmax_pT4l_genbin0_recobin7 acc 0.0754 eff 0.0209 outinratio 0.1033 

ggH125_2e2mu_TCjmax_pT4l_genbin1_recobin7 acc 0.0146 eff 0.0049 outinratio 0.0863 

VBFH125_2e2mu_TCjmax_pT4l_genbin1_recobin7 acc 0.0284 eff 0.0212 outinratio 0.0338 

WminusH125_2e2mu_TCjmax_pT4l_genbin1_recobin7 acc 0.0259 eff 0.0333 outinratio 0.0855 

WplusH125_2e2mu_TCjmax_pT4l_genbin1_recobin7 acc 0.0211 eff 0.03 outinratio 0.0914 

ttH125_2e2mu_TCjmax_pT4l_genbin1_recobin7 acc 0.0051 eff 0.1749 outinratio 0.1814 

ZH125_2e2mu_TCjmax_pT4l_genbin1_recobin7 acc 0.0275 eff 0.0378 outinratio 0.1033 

ggH125_2e2mu_TCjmax_pT4l_genbin2_recobin7 acc 0.0319 eff 0.0068 outinratio 0.0863 

VBFH125_2e2mu_TCjmax_pT4l_genbin2_recobin7 acc 0.041 eff 0.0189 outinratio 0.0338 

WminusH125_2e2mu_TCjmax_pT4l_genbin2_recobin7 acc 0.0318 eff 0.0532 outinratio 0.0855 

WplusH125_2e2mu_TCjmax_pT4l_genbin2_recobin7 acc 0.0251 eff 0.0421 outinratio 0.0914 

ttH125_2e2mu_TCjmax_pT4l_genbin2_recobin7 acc 0.0055 eff 0.0533 outinratio 0.1814 

ZH125_2e2mu_TCjmax_pT4l_genbin2_recobin7 acc 0.0278 eff 0.0426 outinratio 0.1033 

ggH125_2e2mu_TCjmax_pT4l_genbin3_recobin7 acc 0.0199 eff 0.0252 outinratio 0.0863 

VBFH125_2e2mu_TCjmax_pT4l_genbin3_recobin7 acc 0.036 eff 0.0153 outinratio 0.0338 

WminusH125_2e2mu_TCjmax_pT4l_genbin3_recobin7 acc 0.0237 eff 0.0478 outinratio 0.0855 

WplusH125_2e2mu_TCjmax_pT4l_genbin3_recobin7 acc 0.0203 eff 0.0575 outinratio 0.0914 

ttH125_2e2mu_TCjmax_pT4l_genbin3_recobin7 acc 0.0052 eff 0.1789 outinratio 0.1814 

ZH125_2e2mu_TCjmax_pT4l_genbin3_recobin7 acc 0.0183 eff 0.0559 outinratio 0.1033 

ggH125_2e2mu_TCjmax_pT4l_genbin4_recobin7 acc 0.0192 eff 0.019 outinratio 0.0863 

VBFH125_2e2mu_TCjmax_pT4l_genbin4_recobin7 acc 0.0536 eff 0.021 outinratio 0.0338 

WminusH125_2e2mu_TCjmax_pT4l_genbin4_recobin7 acc 0.0252 eff 0.0622 outinratio 0.0855 

WplusH125_2e2mu_TCjmax_pT4l_genbin4_recobin7 acc 0.0204 eff 0.0641 outinratio 0.0914 

ttH125_2e2mu_TCjmax_pT4l_genbin4_recobin7 acc 0.0063 eff 0.1163 outinratio 0.1814 

ZH125_2e2mu_TCjmax_pT4l_genbin4_recobin7 acc 0.0225 eff 0.0854 outinratio 0.1033 

ggH125_2e2mu_TCjmax_pT4l_genbin5_recobin7 acc 0.0139 eff 0.0416 outinratio 0.0863 

VBFH125_2e2mu_TCjmax_pT4l_genbin5_recobin7 acc 0.0655 eff 0.0249 outinratio 0.0338 

WminusH125_2e2mu_TCjmax_pT4l_genbin5_recobin7 acc 0.0224 eff 0.0983 outinratio 0.0855 

WplusH125_2e2mu_TCjmax_pT4l_genbin5_recobin7 acc 0.0206 eff 0.0967 outinratio 0.0914 

ttH125_2e2mu_TCjmax_pT4l_genbin5_recobin7 acc 0.0084 eff 0.1242 outinratio 0.1814 

ZH125_2e2mu_TCjmax_pT4l_genbin5_recobin7 acc 0.0218 eff 0.0803 outinratio 0.1033 

ggH125_2e2mu_TCjmax_pT4l_genbin6_recobin7 acc 0.0094 eff 0.0478 outinratio 0.0863 

VBFH125_2e2mu_TCjmax_pT4l_genbin6_recobin7 acc 0.0723 eff 0.0254 outinratio 0.0338 

WminusH125_2e2mu_TCjmax_pT4l_genbin6_recobin7 acc 0.015 eff 0.1077 outinratio 0.0855 

WplusH125_2e2mu_TCjmax_pT4l_genbin6_recobin7 acc 0.015 eff 0.0812 outinratio 0.0914 

ttH125_2e2mu_TCjmax_pT4l_genbin6_recobin7 acc 0.0162 eff 0.13 outinratio 0.1814 

ZH125_2e2mu_TCjmax_pT4l_genbin6_recobin7 acc 0.013 eff 0.0776 outinratio 0.1033 

ggH125_2e2mu_TCjmax_pT4l_genbin7_recobin7 acc 0.0248 eff 0.5663 outinratio 0.0863 

VBFH125_2e2mu_TCjmax_pT4l_genbin7_recobin7 acc 0.0668 eff 0.5823 outinratio 0.0338 

WminusH125_2e2mu_TCjmax_pT4l_genbin7_recobin7 acc 0.1022 eff 0.5391 outinratio 0.0855 

WplusH125_2e2mu_TCjmax_pT4l_genbin7_recobin7 acc 0.0943 eff 0.538 outinratio 0.0914 

ttH125_2e2mu_TCjmax_pT4l_genbin7_recobin7 acc 0.2244 eff 0.5399 outinratio 0.1814 

ZH125_2e2mu_TCjmax_pT4l_genbin7_recobin7 acc 0.1093 eff 0.5063 outinratio 0.1033 

ggH125_2e2mu_TCjmax_pT4l_genbin8_recobin7 acc 0.0039 eff 0.0049 outinratio 0.0863 

VBFH125_2e2mu_TCjmax_pT4l_genbin8_recobin7 acc 0.0127 eff 0.0046 outinratio 0.0338 

WminusH125_2e2mu_TCjmax_pT4l_genbin8_recobin7 acc 0.0117 eff 0.0131 outinratio 0.0855 

WplusH125_2e2mu_TCjmax_pT4l_genbin8_recobin7 acc 0.0151 eff 0.0216 outinratio 0.0914 

ttH125_2e2mu_TCjmax_pT4l_genbin8_recobin7 acc 0.0395 eff 0.004 outinratio 0.1814 

ZH125_2e2mu_TCjmax_pT4l_genbin8_recobin7 acc 0.015 eff 0.0105 outinratio 0.1033 

ggH125_2e2mu_TCjmax_pT4l_genbin0_recobin8 acc 0.2579 eff 0.0 outinratio 0.082 

VBFH125_2e2mu_TCjmax_pT4l_genbin0_recobin8 acc 0.0625 eff 0.0 outinratio 0.0323 

WminusH125_2e2mu_TCjmax_pT4l_genbin0_recobin8 acc 0.0839 eff 0.0027 outinratio 0.0689 

WplusH125_2e2mu_TCjmax_pT4l_genbin0_recobin8 acc 0.0732 eff 0.0027 outinratio 0.0597 

ttH125_2e2mu_TCjmax_pT4l_genbin0_recobin8 acc 0.0012 eff -1.0 outinratio 0.1421 

ZH125_2e2mu_TCjmax_pT4l_genbin0_recobin8 acc 0.0754 eff 0.004 outinratio 0.0818 

ggH125_2e2mu_TCjmax_pT4l_genbin1_recobin8 acc 0.0146 eff 0.0 outinratio 0.082 

VBFH125_2e2mu_TCjmax_pT4l_genbin1_recobin8 acc 0.0284 eff 0.0 outinratio 0.0323 

WminusH125_2e2mu_TCjmax_pT4l_genbin1_recobin8 acc 0.0259 eff 0.0 outinratio 0.0689 

WplusH125_2e2mu_TCjmax_pT4l_genbin1_recobin8 acc 0.0211 eff 0.0 outinratio 0.0597 

ttH125_2e2mu_TCjmax_pT4l_genbin1_recobin8 acc 0.0051 eff 0.0 outinratio 0.1421 

ZH125_2e2mu_TCjmax_pT4l_genbin1_recobin8 acc 0.0275 eff 0.0 outinratio 0.0818 

ggH125_2e2mu_TCjmax_pT4l_genbin2_recobin8 acc 0.0319 eff 0.0 outinratio 0.082 

VBFH125_2e2mu_TCjmax_pT4l_genbin2_recobin8 acc 0.041 eff 0.0 outinratio 0.0323 

WminusH125_2e2mu_TCjmax_pT4l_genbin2_recobin8 acc 0.0318 eff 0.0 outinratio 0.0689 

WplusH125_2e2mu_TCjmax_pT4l_genbin2_recobin8 acc 0.0251 eff 0.0 outinratio 0.0597 

ttH125_2e2mu_TCjmax_pT4l_genbin2_recobin8 acc 0.0055 eff 0.0 outinratio 0.1421 

ZH125_2e2mu_TCjmax_pT4l_genbin2_recobin8 acc 0.0278 eff 0.0 outinratio 0.0818 

ggH125_2e2mu_TCjmax_pT4l_genbin3_recobin8 acc 0.0199 eff 0.0 outinratio 0.082 

VBFH125_2e2mu_TCjmax_pT4l_genbin3_recobin8 acc 0.036 eff 0.0 outinratio 0.0323 

WminusH125_2e2mu_TCjmax_pT4l_genbin3_recobin8 acc 0.0237 eff 0.0 outinratio 0.0689 

WplusH125_2e2mu_TCjmax_pT4l_genbin3_recobin8 acc 0.0203 eff 0.0 outinratio 0.0597 

ttH125_2e2mu_TCjmax_pT4l_genbin3_recobin8 acc 0.0052 eff 0.0 outinratio 0.1421 

ZH125_2e2mu_TCjmax_pT4l_genbin3_recobin8 acc 0.0183 eff 0.0 outinratio 0.0818 

ggH125_2e2mu_TCjmax_pT4l_genbin4_recobin8 acc 0.0192 eff 0.0 outinratio 0.082 

VBFH125_2e2mu_TCjmax_pT4l_genbin4_recobin8 acc 0.0536 eff 0.0 outinratio 0.0323 

WminusH125_2e2mu_TCjmax_pT4l_genbin4_recobin8 acc 0.0252 eff 0.0 outinratio 0.0689 

WplusH125_2e2mu_TCjmax_pT4l_genbin4_recobin8 acc 0.0204 eff 0.0 outinratio 0.0597 

ttH125_2e2mu_TCjmax_pT4l_genbin4_recobin8 acc 0.0063 eff 0.0 outinratio 0.1421 

ZH125_2e2mu_TCjmax_pT4l_genbin4_recobin8 acc 0.0225 eff 0.0 outinratio 0.0818 

ggH125_2e2mu_TCjmax_pT4l_genbin5_recobin8 acc 0.0139 eff 0.0 outinratio 0.082 

VBFH125_2e2mu_TCjmax_pT4l_genbin5_recobin8 acc 0.0655 eff 0.0 outinratio 0.0323 

WminusH125_2e2mu_TCjmax_pT4l_genbin5_recobin8 acc 0.0224 eff 0.0 outinratio 0.0689 

WplusH125_2e2mu_TCjmax_pT4l_genbin5_recobin8 acc 0.0206 eff 0.0 outinratio 0.0597 

ttH125_2e2mu_TCjmax_pT4l_genbin5_recobin8 acc 0.0084 eff 0.0 outinratio 0.1421 

ZH125_2e2mu_TCjmax_pT4l_genbin5_recobin8 acc 0.0218 eff 0.0 outinratio 0.0818 

ggH125_2e2mu_TCjmax_pT4l_genbin6_recobin8 acc 0.0094 eff 0.005 outinratio 0.082 

VBFH125_2e2mu_TCjmax_pT4l_genbin6_recobin8 acc 0.0723 eff 0.0014 outinratio 0.0323 

WminusH125_2e2mu_TCjmax_pT4l_genbin6_recobin8 acc 0.015 eff 0.0108 outinratio 0.0689 

WplusH125_2e2mu_TCjmax_pT4l_genbin6_recobin8 acc 0.015 eff 0.0117 outinratio 0.0597 

ttH125_2e2mu_TCjmax_pT4l_genbin6_recobin8 acc 0.0162 eff 0.0435 outinratio 0.1421 

ZH125_2e2mu_TCjmax_pT4l_genbin6_recobin8 acc 0.013 eff 0.0083 outinratio 0.0818 

ggH125_2e2mu_TCjmax_pT4l_genbin7_recobin8 acc 0.0248 eff 0.0006 outinratio 0.082 

VBFH125_2e2mu_TCjmax_pT4l_genbin7_recobin8 acc 0.0668 eff 0.0022 outinratio 0.0323 

WminusH125_2e2mu_TCjmax_pT4l_genbin7_recobin8 acc 0.1022 eff 0.0014 outinratio 0.0689 

WplusH125_2e2mu_TCjmax_pT4l_genbin7_recobin8 acc 0.0943 eff 0.0008 outinratio 0.0597 

ttH125_2e2mu_TCjmax_pT4l_genbin7_recobin8 acc 0.2244 eff 0.0014 outinratio 0.1421 

ZH125_2e2mu_TCjmax_pT4l_genbin7_recobin8 acc 0.1093 eff 0.0001 outinratio 0.0818 

ggH125_2e2mu_TCjmax_pT4l_genbin8_recobin8 acc 0.0039 eff 0.4889 outinratio 0.082 

VBFH125_2e2mu_TCjmax_pT4l_genbin8_recobin8 acc 0.0127 eff 0.5621 outinratio 0.0323 

WminusH125_2e2mu_TCjmax_pT4l_genbin8_recobin8 acc 0.0117 eff 0.5496 outinratio 0.0689 

WplusH125_2e2mu_TCjmax_pT4l_genbin8_recobin8 acc 0.0151 eff 0.5818 outinratio 0.0597 

ttH125_2e2mu_TCjmax_pT4l_genbin8_recobin8 acc 0.0395 eff 0.584 outinratio 0.1421 

ZH125_2e2mu_TCjmax_pT4l_genbin8_recobin8 acc 0.015 eff 0.547 outinratio 0.0818 

Coeff fullNNLOPS
