Welcome in RunCoefficients!
['2023postBPix_1']
It is a double-differential measurement, binning for the 1st variable {0: [-100.0, 0.0], 1: [0.0, 30.0], 2: [0.0, 30.0], 3: [0.0, 30.0], 4: [0.0, 30.0], 5: [0.0, 30.0], 6: [0.0, 30.0], 7: [30.0, 10000.0], 8: [30.0, 10000.0]} and for the 2nd variable {0: [0.0, 10000.0], 1: [0.0, 35.0], 2: [35.0, 55.0], 3: [55.0, 70.0], 4: [70.0, 90.0], 5: [90.0, 125.0], 6: [125.0, 10000.0], 7: [0.0, 250.0], 8: [250.0, 10000.0]}
{0: [-100.0, 0.0, 0.0, 10000.0], 1: [0.0, 30.0, 0.0, 35.0], 2: [0.0, 30.0, 35.0, 55.0], 3: [0.0, 30.0, 55.0, 70.0], 4: [0.0, 30.0, 70.0, 90.0], 5: [0.0, 30.0, 90.0, 125.0], 6: [0.0, 30.0, 125.0, 10000.0], 7: [30.0, 10000.0, 0.0, 250.0], 8: [30.0, 10000.0, 250.0, 10000.0]}
TCjMax
Following observables extracted from dictionary: RECO =  TCjMax  GEN =  GENTCjMax
It is a double-differential measurement: RECO_2nd =  ZZPt  GEN_2nd =  GENpT4l
LUMI: 9.693
ttH124 0.00043539403
Processing ggH124 2023postBPix_1
Signal created
Signal failed created
Processing VBFH124 2023postBPix_1
Signal created
Signal failed created
Processing WminusH124 2023postBPix_1
Signal created
Signal failed created
Processing WplusH124 2023postBPix_1
Signal created
Signal failed created
Processing ZH124 2023postBPix_1
Signal created
Signal failed created
Processing ttH124 2023postBPix_1
Signal created
Signal failed created
2023postBPix_1 SKIMMED df CREATED
2023postBPix_1 ggH124
2023postBPix_1 VBFH124
2023postBPix_1 WminusH124
2023postBPix_1 WplusH124
2023postBPix_1 ZH124
2023postBPix_1 ttH124
Dataframes created successfully
Coeff std
ggH124_4l_TCjmax_pT4l_genbin0_recobin0 acc 0.2818 eff 0.5184 outinratio 0.0068 

VBFH124_4l_TCjmax_pT4l_genbin0_recobin0 acc 0.0683 eff 0.4207 outinratio 0.0094 

WminusH124_4l_TCjmax_pT4l_genbin0_recobin0 acc 0.0986 eff 0.4014 outinratio 0.0252 

WplusH124_4l_TCjmax_pT4l_genbin0_recobin0 acc 0.0857 eff 0.395 outinratio 0.0223 

ZH124_4l_TCjmax_pT4l_genbin0_recobin0 acc 0.0804 eff 0.4669 outinratio 0.0776 

ttH124_4l_TCjmax_pT4l_genbin0_recobin0 acc 0.0012 eff 0.0573 outinratio 0.0577 

ggH124_4l_TCjmax_pT4l_genbin1_recobin0 acc 0.0165 eff 0.1196 outinratio 0.0068 

VBFH124_4l_TCjmax_pT4l_genbin1_recobin0 acc 0.029 eff 0.0541 outinratio 0.0094 

WminusH124_4l_TCjmax_pT4l_genbin1_recobin0 acc 0.0321 eff 0.0498 outinratio 0.0252 

WplusH124_4l_TCjmax_pT4l_genbin1_recobin0 acc 0.0254 eff 0.0467 outinratio 0.0223 

ZH124_4l_TCjmax_pT4l_genbin1_recobin0 acc 0.0299 eff 0.0456 outinratio 0.0776 

ttH124_4l_TCjmax_pT4l_genbin1_recobin0 acc 0.0084 eff 0.0 outinratio 0.0577 

ggH124_4l_TCjmax_pT4l_genbin2_recobin0 acc 0.0334 eff 0.0923 outinratio 0.0068 

VBFH124_4l_TCjmax_pT4l_genbin2_recobin0 acc 0.0445 eff 0.0658 outinratio 0.0094 

WminusH124_4l_TCjmax_pT4l_genbin2_recobin0 acc 0.0385 eff 0.0391 outinratio 0.0252 

WplusH124_4l_TCjmax_pT4l_genbin2_recobin0 acc 0.0309 eff 0.0414 outinratio 0.0223 

ZH124_4l_TCjmax_pT4l_genbin2_recobin0 acc 0.0367 eff 0.0297 outinratio 0.0776 

ttH124_4l_TCjmax_pT4l_genbin2_recobin0 acc 0.0117 eff 0.0108 outinratio 0.0577 

ggH124_4l_TCjmax_pT4l_genbin3_recobin0 acc 0.0227 eff 0.0656 outinratio 0.0068 

VBFH124_4l_TCjmax_pT4l_genbin3_recobin0 acc 0.0422 eff 0.047 outinratio 0.0094 

WminusH124_4l_TCjmax_pT4l_genbin3_recobin0 acc 0.0271 eff 0.031 outinratio 0.0252 

WplusH124_4l_TCjmax_pT4l_genbin3_recobin0 acc 0.023 eff 0.0276 outinratio 0.0223 

ZH124_4l_TCjmax_pT4l_genbin3_recobin0 acc 0.0263 eff 0.0552 outinratio 0.0776 

ttH124_4l_TCjmax_pT4l_genbin3_recobin0 acc 0.0084 eff 0.0006 outinratio 0.0577 

ggH124_4l_TCjmax_pT4l_genbin4_recobin0 acc 0.0202 eff 0.0395 outinratio 0.0068 

VBFH124_4l_TCjmax_pT4l_genbin4_recobin0 acc 0.0548 eff 0.0367 outinratio 0.0094 

WminusH124_4l_TCjmax_pT4l_genbin4_recobin0 acc 0.0282 eff 0.0206 outinratio 0.0252 

WplusH124_4l_TCjmax_pT4l_genbin4_recobin0 acc 0.0242 eff 0.026 outinratio 0.0223 

ZH124_4l_TCjmax_pT4l_genbin4_recobin0 acc 0.0264 eff 0.0235 outinratio 0.0776 

ttH124_4l_TCjmax_pT4l_genbin4_recobin0 acc 0.0095 eff 0.0 outinratio 0.0577 

ggH124_4l_TCjmax_pT4l_genbin5_recobin0 acc 0.0162 eff 0.0114 outinratio 0.0068 

VBFH124_4l_TCjmax_pT4l_genbin5_recobin0 acc 0.0713 eff 0.0169 outinratio 0.0094 

WminusH124_4l_TCjmax_pT4l_genbin5_recobin0 acc 0.0263 eff 0.0157 outinratio 0.0252 

WplusH124_4l_TCjmax_pT4l_genbin5_recobin0 acc 0.0229 eff 0.0212 outinratio 0.0223 

ZH124_4l_TCjmax_pT4l_genbin5_recobin0 acc 0.0244 eff 0.0219 outinratio 0.0776 

ttH124_4l_TCjmax_pT4l_genbin5_recobin0 acc 0.0138 eff 0.0059 outinratio 0.0577 

ggH124_4l_TCjmax_pT4l_genbin6_recobin0 acc 0.0097 eff 0.0039 outinratio 0.0068 

VBFH124_4l_TCjmax_pT4l_genbin6_recobin0 acc 0.0747 eff 0.0034 outinratio 0.0094 

WminusH124_4l_TCjmax_pT4l_genbin6_recobin0 acc 0.0171 eff 0.0213 outinratio 0.0252 

WplusH124_4l_TCjmax_pT4l_genbin6_recobin0 acc 0.0158 eff 0.0199 outinratio 0.0223 

ZH124_4l_TCjmax_pT4l_genbin6_recobin0 acc 0.0163 eff 0.0448 outinratio 0.0776 

ttH124_4l_TCjmax_pT4l_genbin6_recobin0 acc 0.0229 eff 0.0065 outinratio 0.0577 

ggH124_4l_TCjmax_pT4l_genbin7_recobin0 acc 0.0285 eff 0.0009 outinratio 0.0068 

VBFH124_4l_TCjmax_pT4l_genbin7_recobin0 acc 0.0721 eff 0.006 outinratio 0.0094 

WminusH124_4l_TCjmax_pT4l_genbin7_recobin0 acc 0.1191 eff 0.0024 outinratio 0.0252 

WplusH124_4l_TCjmax_pT4l_genbin7_recobin0 acc 0.1091 eff 0.0016 outinratio 0.0223 

ZH124_4l_TCjmax_pT4l_genbin7_recobin0 acc 0.1214 eff 0.0014 outinratio 0.0776 

ttH124_4l_TCjmax_pT4l_genbin7_recobin0 acc 0.3443 eff 0.0004 outinratio 0.0577 

ggH124_4l_TCjmax_pT4l_genbin8_recobin0 acc 0.0043 eff 0.0 outinratio 0.0068 

VBFH124_4l_TCjmax_pT4l_genbin8_recobin0 acc 0.0125 eff 0.0033 outinratio 0.0094 

WminusH124_4l_TCjmax_pT4l_genbin8_recobin0 acc 0.013 eff 0.0 outinratio 0.0252 

WplusH124_4l_TCjmax_pT4l_genbin8_recobin0 acc 0.0161 eff 0.0006 outinratio 0.0223 

ZH124_4l_TCjmax_pT4l_genbin8_recobin0 acc 0.0155 eff 0.0 outinratio 0.0776 

ttH124_4l_TCjmax_pT4l_genbin8_recobin0 acc 0.0493 eff 0.0 outinratio 0.0577 

ggH124_4l_TCjmax_pT4l_genbin0_recobin1 acc 0.2818 eff 0.0346 outinratio 0.0063 

VBFH124_4l_TCjmax_pT4l_genbin0_recobin1 acc 0.0683 eff 0.0471 outinratio 0.0142 

WminusH124_4l_TCjmax_pT4l_genbin0_recobin1 acc 0.0986 eff 0.0323 outinratio 0.0141 

WplusH124_4l_TCjmax_pT4l_genbin0_recobin1 acc 0.0857 eff 0.0283 outinratio 0.0181 

ZH124_4l_TCjmax_pT4l_genbin0_recobin1 acc 0.0804 eff 0.016 outinratio 0.037 

ttH124_4l_TCjmax_pT4l_genbin0_recobin1 acc 0.0012 eff 0.0 outinratio 0.0431 

ggH124_4l_TCjmax_pT4l_genbin1_recobin1 acc 0.0165 eff 0.4001 outinratio 0.0063 

VBFH124_4l_TCjmax_pT4l_genbin1_recobin1 acc 0.029 eff 0.4615 outinratio 0.0142 

WminusH124_4l_TCjmax_pT4l_genbin1_recobin1 acc 0.0321 eff 0.411 outinratio 0.0141 

WplusH124_4l_TCjmax_pT4l_genbin1_recobin1 acc 0.0254 eff 0.4103 outinratio 0.0181 

ZH124_4l_TCjmax_pT4l_genbin1_recobin1 acc 0.0299 eff 0.41 outinratio 0.037 

ttH124_4l_TCjmax_pT4l_genbin1_recobin1 acc 0.0084 eff 0.2512 outinratio 0.0431 

ggH124_4l_TCjmax_pT4l_genbin2_recobin1 acc 0.0334 eff 0.0181 outinratio 0.0063 

VBFH124_4l_TCjmax_pT4l_genbin2_recobin1 acc 0.0445 eff 0.0096 outinratio 0.0142 

WminusH124_4l_TCjmax_pT4l_genbin2_recobin1 acc 0.0385 eff 0.0123 outinratio 0.0141 

WplusH124_4l_TCjmax_pT4l_genbin2_recobin1 acc 0.0309 eff 0.0146 outinratio 0.0181 

ZH124_4l_TCjmax_pT4l_genbin2_recobin1 acc 0.0367 eff 0.013 outinratio 0.037 

ttH124_4l_TCjmax_pT4l_genbin2_recobin1 acc 0.0117 eff 0.008 outinratio 0.0431 

ggH124_4l_TCjmax_pT4l_genbin3_recobin1 acc 0.0227 eff 0.0 outinratio 0.0063 

VBFH124_4l_TCjmax_pT4l_genbin3_recobin1 acc 0.0422 eff 0.0 outinratio 0.0142 

WminusH124_4l_TCjmax_pT4l_genbin3_recobin1 acc 0.0271 eff 0.0001 outinratio 0.0141 

WplusH124_4l_TCjmax_pT4l_genbin3_recobin1 acc 0.023 eff 0.0 outinratio 0.0181 

ZH124_4l_TCjmax_pT4l_genbin3_recobin1 acc 0.0263 eff 0.0 outinratio 0.037 

ttH124_4l_TCjmax_pT4l_genbin3_recobin1 acc 0.0084 eff 0.0 outinratio 0.0431 

ggH124_4l_TCjmax_pT4l_genbin4_recobin1 acc 0.0202 eff 0.0 outinratio 0.0063 

VBFH124_4l_TCjmax_pT4l_genbin4_recobin1 acc 0.0548 eff 0.0 outinratio 0.0142 

WminusH124_4l_TCjmax_pT4l_genbin4_recobin1 acc 0.0282 eff 0.0 outinratio 0.0141 

WplusH124_4l_TCjmax_pT4l_genbin4_recobin1 acc 0.0242 eff 0.0 outinratio 0.0181 

ZH124_4l_TCjmax_pT4l_genbin4_recobin1 acc 0.0264 eff 0.0 outinratio 0.037 

ttH124_4l_TCjmax_pT4l_genbin4_recobin1 acc 0.0095 eff 0.0 outinratio 0.0431 

ggH124_4l_TCjmax_pT4l_genbin5_recobin1 acc 0.0162 eff 0.0 outinratio 0.0063 

VBFH124_4l_TCjmax_pT4l_genbin5_recobin1 acc 0.0713 eff 0.0 outinratio 0.0142 

WminusH124_4l_TCjmax_pT4l_genbin5_recobin1 acc 0.0263 eff 0.0 outinratio 0.0141 

WplusH124_4l_TCjmax_pT4l_genbin5_recobin1 acc 0.0229 eff 0.0 outinratio 0.0181 

ZH124_4l_TCjmax_pT4l_genbin5_recobin1 acc 0.0244 eff 0.0 outinratio 0.037 

ttH124_4l_TCjmax_pT4l_genbin5_recobin1 acc 0.0138 eff 0.0 outinratio 0.0431 

ggH124_4l_TCjmax_pT4l_genbin6_recobin1 acc 0.0097 eff 0.0 outinratio 0.0063 

VBFH124_4l_TCjmax_pT4l_genbin6_recobin1 acc 0.0747 eff 0.0 outinratio 0.0142 

WminusH124_4l_TCjmax_pT4l_genbin6_recobin1 acc 0.0171 eff 0.0 outinratio 0.0141 

WplusH124_4l_TCjmax_pT4l_genbin6_recobin1 acc 0.0158 eff 0.0 outinratio 0.0181 

ZH124_4l_TCjmax_pT4l_genbin6_recobin1 acc 0.0163 eff 0.0 outinratio 0.037 

ttH124_4l_TCjmax_pT4l_genbin6_recobin1 acc 0.0229 eff 0.0 outinratio 0.0431 

ggH124_4l_TCjmax_pT4l_genbin7_recobin1 acc 0.0285 eff 0.0017 outinratio 0.0063 

VBFH124_4l_TCjmax_pT4l_genbin7_recobin1 acc 0.0721 eff 0.0026 outinratio 0.0142 

WminusH124_4l_TCjmax_pT4l_genbin7_recobin1 acc 0.1191 eff 0.0023 outinratio 0.0141 

WplusH124_4l_TCjmax_pT4l_genbin7_recobin1 acc 0.1091 eff 0.0019 outinratio 0.0181 

ZH124_4l_TCjmax_pT4l_genbin7_recobin1 acc 0.1214 eff 0.0004 outinratio 0.037 

ttH124_4l_TCjmax_pT4l_genbin7_recobin1 acc 0.3443 eff 0.0029 outinratio 0.0431 

ggH124_4l_TCjmax_pT4l_genbin8_recobin1 acc 0.0043 eff 0.0 outinratio 0.0063 

VBFH124_4l_TCjmax_pT4l_genbin8_recobin1 acc 0.0125 eff 0.0 outinratio 0.0142 

WminusH124_4l_TCjmax_pT4l_genbin8_recobin1 acc 0.013 eff 0.0 outinratio 0.0141 

WplusH124_4l_TCjmax_pT4l_genbin8_recobin1 acc 0.0161 eff 0.0 outinratio 0.0181 

ZH124_4l_TCjmax_pT4l_genbin8_recobin1 acc 0.0155 eff 0.0 outinratio 0.037 

ttH124_4l_TCjmax_pT4l_genbin8_recobin1 acc 0.0493 eff 0.0 outinratio 0.0431 

ggH124_4l_TCjmax_pT4l_genbin0_recobin2 acc 0.2818 eff 0.0156 outinratio 0.0095 

VBFH124_4l_TCjmax_pT4l_genbin0_recobin2 acc 0.0683 eff 0.0545 outinratio 0.0055 

WminusH124_4l_TCjmax_pT4l_genbin0_recobin2 acc 0.0986 eff 0.0274 outinratio 0.0151 

WplusH124_4l_TCjmax_pT4l_genbin0_recobin2 acc 0.0857 eff 0.0224 outinratio 0.0151 

ZH124_4l_TCjmax_pT4l_genbin0_recobin2 acc 0.0804 eff 0.0194 outinratio 0.0334 

ttH124_4l_TCjmax_pT4l_genbin0_recobin2 acc 0.0012 eff 0.0 outinratio 0.0 

ggH124_4l_TCjmax_pT4l_genbin1_recobin2 acc 0.0165 eff 0.0158 outinratio 0.0095 

VBFH124_4l_TCjmax_pT4l_genbin1_recobin2 acc 0.029 eff 0.0154 outinratio 0.0055 

WminusH124_4l_TCjmax_pT4l_genbin1_recobin2 acc 0.0321 eff 0.0128 outinratio 0.0151 

WplusH124_4l_TCjmax_pT4l_genbin1_recobin2 acc 0.0254 eff 0.0125 outinratio 0.0151 

ZH124_4l_TCjmax_pT4l_genbin1_recobin2 acc 0.0299 eff 0.0021 outinratio 0.0334 

ttH124_4l_TCjmax_pT4l_genbin1_recobin2 acc 0.0084 eff 0.009 outinratio 0.0 

ggH124_4l_TCjmax_pT4l_genbin2_recobin2 acc 0.0334 eff 0.4556 outinratio 0.0095 

VBFH124_4l_TCjmax_pT4l_genbin2_recobin2 acc 0.0445 eff 0.4655 outinratio 0.0055 

WminusH124_4l_TCjmax_pT4l_genbin2_recobin2 acc 0.0385 eff 0.4178 outinratio 0.0151 

WplusH124_4l_TCjmax_pT4l_genbin2_recobin2 acc 0.0309 eff 0.4172 outinratio 0.0151 

ZH124_4l_TCjmax_pT4l_genbin2_recobin2 acc 0.0367 eff 0.426 outinratio 0.0334 

ttH124_4l_TCjmax_pT4l_genbin2_recobin2 acc 0.0117 eff 0.2456 outinratio 0.0 

ggH124_4l_TCjmax_pT4l_genbin3_recobin2 acc 0.0227 eff 0.0357 outinratio 0.0095 

VBFH124_4l_TCjmax_pT4l_genbin3_recobin2 acc 0.0422 eff 0.0325 outinratio 0.0055 

WminusH124_4l_TCjmax_pT4l_genbin3_recobin2 acc 0.0271 eff 0.0271 outinratio 0.0151 

WplusH124_4l_TCjmax_pT4l_genbin3_recobin2 acc 0.023 eff 0.0293 outinratio 0.0151 

ZH124_4l_TCjmax_pT4l_genbin3_recobin2 acc 0.0263 eff 0.0206 outinratio 0.0334 

ttH124_4l_TCjmax_pT4l_genbin3_recobin2 acc 0.0084 eff 0.0352 outinratio 0.0 

ggH124_4l_TCjmax_pT4l_genbin4_recobin2 acc 0.0202 eff 0.0001 outinratio 0.0095 

VBFH124_4l_TCjmax_pT4l_genbin4_recobin2 acc 0.0548 eff 0.0 outinratio 0.0055 

WminusH124_4l_TCjmax_pT4l_genbin4_recobin2 acc 0.0282 eff 0.0 outinratio 0.0151 

WplusH124_4l_TCjmax_pT4l_genbin4_recobin2 acc 0.0242 eff 0.0 outinratio 0.0151 

ZH124_4l_TCjmax_pT4l_genbin4_recobin2 acc 0.0264 eff 0.0 outinratio 0.0334 

ttH124_4l_TCjmax_pT4l_genbin4_recobin2 acc 0.0095 eff 0.0 outinratio 0.0 

ggH124_4l_TCjmax_pT4l_genbin5_recobin2 acc 0.0162 eff 0.0 outinratio 0.0095 

VBFH124_4l_TCjmax_pT4l_genbin5_recobin2 acc 0.0713 eff 0.0 outinratio 0.0055 

WminusH124_4l_TCjmax_pT4l_genbin5_recobin2 acc 0.0263 eff 0.0 outinratio 0.0151 

WplusH124_4l_TCjmax_pT4l_genbin5_recobin2 acc 0.0229 eff 0.0 outinratio 0.0151 

ZH124_4l_TCjmax_pT4l_genbin5_recobin2 acc 0.0244 eff 0.0 outinratio 0.0334 

ttH124_4l_TCjmax_pT4l_genbin5_recobin2 acc 0.0138 eff 0.0 outinratio 0.0 

ggH124_4l_TCjmax_pT4l_genbin6_recobin2 acc 0.0097 eff 0.0 outinratio 0.0095 

VBFH124_4l_TCjmax_pT4l_genbin6_recobin2 acc 0.0747 eff 0.0 outinratio 0.0055 

WminusH124_4l_TCjmax_pT4l_genbin6_recobin2 acc 0.0171 eff 0.0 outinratio 0.0151 

WplusH124_4l_TCjmax_pT4l_genbin6_recobin2 acc 0.0158 eff 0.0 outinratio 0.0151 

ZH124_4l_TCjmax_pT4l_genbin6_recobin2 acc 0.0163 eff 0.0 outinratio 0.0334 

ttH124_4l_TCjmax_pT4l_genbin6_recobin2 acc 0.0229 eff 0.0 outinratio 0.0 

ggH124_4l_TCjmax_pT4l_genbin7_recobin2 acc 0.0285 eff 0.004 outinratio 0.0095 

VBFH124_4l_TCjmax_pT4l_genbin7_recobin2 acc 0.0721 eff 0.0037 outinratio 0.0055 

WminusH124_4l_TCjmax_pT4l_genbin7_recobin2 acc 0.1191 eff 0.0048 outinratio 0.0151 

WplusH124_4l_TCjmax_pT4l_genbin7_recobin2 acc 0.1091 eff 0.0039 outinratio 0.0151 

ZH124_4l_TCjmax_pT4l_genbin7_recobin2 acc 0.1214 eff 0.0035 outinratio 0.0334 

ttH124_4l_TCjmax_pT4l_genbin7_recobin2 acc 0.3443 eff 0.0024 outinratio 0.0 

ggH124_4l_TCjmax_pT4l_genbin8_recobin2 acc 0.0043 eff 0.0 outinratio 0.0095 

VBFH124_4l_TCjmax_pT4l_genbin8_recobin2 acc 0.0125 eff 0.0 outinratio 0.0055 

WminusH124_4l_TCjmax_pT4l_genbin8_recobin2 acc 0.013 eff 0.0 outinratio 0.0151 

WplusH124_4l_TCjmax_pT4l_genbin8_recobin2 acc 0.0161 eff 0.0 outinratio 0.0151 

ZH124_4l_TCjmax_pT4l_genbin8_recobin2 acc 0.0155 eff 0.0 outinratio 0.0334 

ttH124_4l_TCjmax_pT4l_genbin8_recobin2 acc 0.0493 eff 0.0 outinratio 0.0 

ggH124_4l_TCjmax_pT4l_genbin0_recobin3 acc 0.2818 eff 0.0025 outinratio 0.0142 

VBFH124_4l_TCjmax_pT4l_genbin0_recobin3 acc 0.0683 eff 0.0297 outinratio 0.0064 

WminusH124_4l_TCjmax_pT4l_genbin0_recobin3 acc 0.0986 eff 0.014 outinratio 0.0161 

WplusH124_4l_TCjmax_pT4l_genbin0_recobin3 acc 0.0857 eff 0.0142 outinratio 0.0087 

ZH124_4l_TCjmax_pT4l_genbin0_recobin3 acc 0.0804 eff 0.0121 outinratio 0.0615 

ttH124_4l_TCjmax_pT4l_genbin0_recobin3 acc 0.0012 eff 0.0 outinratio 0.0998 

ggH124_4l_TCjmax_pT4l_genbin1_recobin3 acc 0.0165 eff 0.0 outinratio 0.0142 

VBFH124_4l_TCjmax_pT4l_genbin1_recobin3 acc 0.029 eff 0.0 outinratio 0.0064 

WminusH124_4l_TCjmax_pT4l_genbin1_recobin3 acc 0.0321 eff 0.0 outinratio 0.0161 

WplusH124_4l_TCjmax_pT4l_genbin1_recobin3 acc 0.0254 eff 0.0 outinratio 0.0087 

ZH124_4l_TCjmax_pT4l_genbin1_recobin3 acc 0.0299 eff 0.0 outinratio 0.0615 

ttH124_4l_TCjmax_pT4l_genbin1_recobin3 acc 0.0084 eff 0.0 outinratio 0.0998 

ggH124_4l_TCjmax_pT4l_genbin2_recobin3 acc 0.0334 eff 0.0079 outinratio 0.0142 

VBFH124_4l_TCjmax_pT4l_genbin2_recobin3 acc 0.0445 eff 0.0143 outinratio 0.0064 

WminusH124_4l_TCjmax_pT4l_genbin2_recobin3 acc 0.0385 eff 0.0132 outinratio 0.0161 

WplusH124_4l_TCjmax_pT4l_genbin2_recobin3 acc 0.0309 eff 0.014 outinratio 0.0087 

ZH124_4l_TCjmax_pT4l_genbin2_recobin3 acc 0.0367 eff 0.0123 outinratio 0.0615 

ttH124_4l_TCjmax_pT4l_genbin2_recobin3 acc 0.0117 eff 0.0 outinratio 0.0998 

ggH124_4l_TCjmax_pT4l_genbin3_recobin3 acc 0.0227 eff 0.4314 outinratio 0.0142 

VBFH124_4l_TCjmax_pT4l_genbin3_recobin3 acc 0.0422 eff 0.4888 outinratio 0.0064 

WminusH124_4l_TCjmax_pT4l_genbin3_recobin3 acc 0.0271 eff 0.4082 outinratio 0.0161 

WplusH124_4l_TCjmax_pT4l_genbin3_recobin3 acc 0.023 eff 0.4028 outinratio 0.0087 

ZH124_4l_TCjmax_pT4l_genbin3_recobin3 acc 0.0263 eff 0.4294 outinratio 0.0615 

ttH124_4l_TCjmax_pT4l_genbin3_recobin3 acc 0.0084 eff 0.2615 outinratio 0.0998 

ggH124_4l_TCjmax_pT4l_genbin4_recobin3 acc 0.0202 eff 0.0383 outinratio 0.0142 

VBFH124_4l_TCjmax_pT4l_genbin4_recobin3 acc 0.0548 eff 0.0259 outinratio 0.0064 

WminusH124_4l_TCjmax_pT4l_genbin4_recobin3 acc 0.0282 eff 0.0238 outinratio 0.0161 

WplusH124_4l_TCjmax_pT4l_genbin4_recobin3 acc 0.0242 eff 0.0286 outinratio 0.0087 

ZH124_4l_TCjmax_pT4l_genbin4_recobin3 acc 0.0264 eff 0.0255 outinratio 0.0615 

ttH124_4l_TCjmax_pT4l_genbin4_recobin3 acc 0.0095 eff 0.0169 outinratio 0.0998 

ggH124_4l_TCjmax_pT4l_genbin5_recobin3 acc 0.0162 eff 0.0 outinratio 0.0142 

VBFH124_4l_TCjmax_pT4l_genbin5_recobin3 acc 0.0713 eff 0.0 outinratio 0.0064 

WminusH124_4l_TCjmax_pT4l_genbin5_recobin3 acc 0.0263 eff 0.0004 outinratio 0.0161 

WplusH124_4l_TCjmax_pT4l_genbin5_recobin3 acc 0.0229 eff 0.0002 outinratio 0.0087 

ZH124_4l_TCjmax_pT4l_genbin5_recobin3 acc 0.0244 eff 0.0 outinratio 0.0615 

ttH124_4l_TCjmax_pT4l_genbin5_recobin3 acc 0.0138 eff 0.0 outinratio 0.0998 

ggH124_4l_TCjmax_pT4l_genbin6_recobin3 acc 0.0097 eff 0.0 outinratio 0.0142 

VBFH124_4l_TCjmax_pT4l_genbin6_recobin3 acc 0.0747 eff 0.0 outinratio 0.0064 

WminusH124_4l_TCjmax_pT4l_genbin6_recobin3 acc 0.0171 eff 0.0 outinratio 0.0161 

WplusH124_4l_TCjmax_pT4l_genbin6_recobin3 acc 0.0158 eff 0.0 outinratio 0.0087 

ZH124_4l_TCjmax_pT4l_genbin6_recobin3 acc 0.0163 eff 0.0 outinratio 0.0615 

ttH124_4l_TCjmax_pT4l_genbin6_recobin3 acc 0.0229 eff 0.0 outinratio 0.0998 

ggH124_4l_TCjmax_pT4l_genbin7_recobin3 acc 0.0285 eff 0.0077 outinratio 0.0142 

VBFH124_4l_TCjmax_pT4l_genbin7_recobin3 acc 0.0721 eff 0.0013 outinratio 0.0064 

WminusH124_4l_TCjmax_pT4l_genbin7_recobin3 acc 0.1191 eff 0.0061 outinratio 0.0161 

WplusH124_4l_TCjmax_pT4l_genbin7_recobin3 acc 0.1091 eff 0.0048 outinratio 0.0087 

ZH124_4l_TCjmax_pT4l_genbin7_recobin3 acc 0.1214 eff 0.0072 outinratio 0.0615 

ttH124_4l_TCjmax_pT4l_genbin7_recobin3 acc 0.3443 eff 0.0016 outinratio 0.0998 

ggH124_4l_TCjmax_pT4l_genbin8_recobin3 acc 0.0043 eff 0.0 outinratio 0.0142 

VBFH124_4l_TCjmax_pT4l_genbin8_recobin3 acc 0.0125 eff 0.0 outinratio 0.0064 

WminusH124_4l_TCjmax_pT4l_genbin8_recobin3 acc 0.013 eff 0.0 outinratio 0.0161 

WplusH124_4l_TCjmax_pT4l_genbin8_recobin3 acc 0.0161 eff 0.0 outinratio 0.0087 

ZH124_4l_TCjmax_pT4l_genbin8_recobin3 acc 0.0155 eff 0.0 outinratio 0.0615 

ttH124_4l_TCjmax_pT4l_genbin8_recobin3 acc 0.0493 eff 0.0 outinratio 0.0998 

ggH124_4l_TCjmax_pT4l_genbin0_recobin4 acc 0.2818 eff 0.0011 outinratio 0.0089 

VBFH124_4l_TCjmax_pT4l_genbin0_recobin4 acc 0.0683 eff 0.0127 outinratio 0.0096 

WminusH124_4l_TCjmax_pT4l_genbin0_recobin4 acc 0.0986 eff 0.0132 outinratio 0.0125 

WplusH124_4l_TCjmax_pT4l_genbin0_recobin4 acc 0.0857 eff 0.0124 outinratio 0.0123 

ZH124_4l_TCjmax_pT4l_genbin0_recobin4 acc 0.0804 eff 0.0062 outinratio 0.0646 

ttH124_4l_TCjmax_pT4l_genbin0_recobin4 acc 0.0012 eff 0.0 outinratio 0.0151 

ggH124_4l_TCjmax_pT4l_genbin1_recobin4 acc 0.0165 eff 0.0 outinratio 0.0089 

VBFH124_4l_TCjmax_pT4l_genbin1_recobin4 acc 0.029 eff 0.0 outinratio 0.0096 

WminusH124_4l_TCjmax_pT4l_genbin1_recobin4 acc 0.0321 eff 0.0 outinratio 0.0125 

WplusH124_4l_TCjmax_pT4l_genbin1_recobin4 acc 0.0254 eff 0.0 outinratio 0.0123 

ZH124_4l_TCjmax_pT4l_genbin1_recobin4 acc 0.0299 eff 0.0 outinratio 0.0646 

ttH124_4l_TCjmax_pT4l_genbin1_recobin4 acc 0.0084 eff 0.0 outinratio 0.0151 

ggH124_4l_TCjmax_pT4l_genbin2_recobin4 acc 0.0334 eff 0.0 outinratio 0.0089 

VBFH124_4l_TCjmax_pT4l_genbin2_recobin4 acc 0.0445 eff 0.0 outinratio 0.0096 

WminusH124_4l_TCjmax_pT4l_genbin2_recobin4 acc 0.0385 eff 0.0 outinratio 0.0125 

WplusH124_4l_TCjmax_pT4l_genbin2_recobin4 acc 0.0309 eff 0.0002 outinratio 0.0123 

ZH124_4l_TCjmax_pT4l_genbin2_recobin4 acc 0.0367 eff 0.0 outinratio 0.0646 

ttH124_4l_TCjmax_pT4l_genbin2_recobin4 acc 0.0117 eff 0.0 outinratio 0.0151 

ggH124_4l_TCjmax_pT4l_genbin3_recobin4 acc 0.0227 eff 0.0164 outinratio 0.0089 

VBFH124_4l_TCjmax_pT4l_genbin3_recobin4 acc 0.0422 eff 0.0167 outinratio 0.0096 

WminusH124_4l_TCjmax_pT4l_genbin3_recobin4 acc 0.0271 eff 0.017 outinratio 0.0125 

WplusH124_4l_TCjmax_pT4l_genbin3_recobin4 acc 0.023 eff 0.0175 outinratio 0.0123 

ZH124_4l_TCjmax_pT4l_genbin3_recobin4 acc 0.0263 eff 0.0087 outinratio 0.0646 

ttH124_4l_TCjmax_pT4l_genbin3_recobin4 acc 0.0084 eff 0.0025 outinratio 0.0151 

ggH124_4l_TCjmax_pT4l_genbin4_recobin4 acc 0.0202 eff 0.4737 outinratio 0.0089 

VBFH124_4l_TCjmax_pT4l_genbin4_recobin4 acc 0.0548 eff 0.5167 outinratio 0.0096 

WminusH124_4l_TCjmax_pT4l_genbin4_recobin4 acc 0.0282 eff 0.4225 outinratio 0.0125 

WplusH124_4l_TCjmax_pT4l_genbin4_recobin4 acc 0.0242 eff 0.4114 outinratio 0.0123 

ZH124_4l_TCjmax_pT4l_genbin4_recobin4 acc 0.0264 eff 0.459 outinratio 0.0646 

ttH124_4l_TCjmax_pT4l_genbin4_recobin4 acc 0.0095 eff 0.3072 outinratio 0.0151 

ggH124_4l_TCjmax_pT4l_genbin5_recobin4 acc 0.0162 eff 0.039 outinratio 0.0089 

VBFH124_4l_TCjmax_pT4l_genbin5_recobin4 acc 0.0713 eff 0.0192 outinratio 0.0096 

WminusH124_4l_TCjmax_pT4l_genbin5_recobin4 acc 0.0263 eff 0.0238 outinratio 0.0125 

WplusH124_4l_TCjmax_pT4l_genbin5_recobin4 acc 0.0229 eff 0.0194 outinratio 0.0123 

ZH124_4l_TCjmax_pT4l_genbin5_recobin4 acc 0.0244 eff 0.0261 outinratio 0.0646 

ttH124_4l_TCjmax_pT4l_genbin5_recobin4 acc 0.0138 eff 0.0061 outinratio 0.0151 

ggH124_4l_TCjmax_pT4l_genbin6_recobin4 acc 0.0097 eff 0.0 outinratio 0.0089 

VBFH124_4l_TCjmax_pT4l_genbin6_recobin4 acc 0.0747 eff 0.0 outinratio 0.0096 

WminusH124_4l_TCjmax_pT4l_genbin6_recobin4 acc 0.0171 eff 0.0 outinratio 0.0125 

WplusH124_4l_TCjmax_pT4l_genbin6_recobin4 acc 0.0158 eff 0.0 outinratio 0.0123 

ZH124_4l_TCjmax_pT4l_genbin6_recobin4 acc 0.0163 eff 0.0 outinratio 0.0646 

ttH124_4l_TCjmax_pT4l_genbin6_recobin4 acc 0.0229 eff 0.0 outinratio 0.0151 

ggH124_4l_TCjmax_pT4l_genbin7_recobin4 acc 0.0285 eff 0.0115 outinratio 0.0089 

VBFH124_4l_TCjmax_pT4l_genbin7_recobin4 acc 0.0721 eff 0.0068 outinratio 0.0096 

WminusH124_4l_TCjmax_pT4l_genbin7_recobin4 acc 0.1191 eff 0.0093 outinratio 0.0125 

WplusH124_4l_TCjmax_pT4l_genbin7_recobin4 acc 0.1091 eff 0.0089 outinratio 0.0123 

ZH124_4l_TCjmax_pT4l_genbin7_recobin4 acc 0.1214 eff 0.0079 outinratio 0.0646 

ttH124_4l_TCjmax_pT4l_genbin7_recobin4 acc 0.3443 eff 0.002 outinratio 0.0151 

ggH124_4l_TCjmax_pT4l_genbin8_recobin4 acc 0.0043 eff 0.0 outinratio 0.0089 

VBFH124_4l_TCjmax_pT4l_genbin8_recobin4 acc 0.0125 eff 0.0 outinratio 0.0096 

WminusH124_4l_TCjmax_pT4l_genbin8_recobin4 acc 0.013 eff 0.0 outinratio 0.0125 

WplusH124_4l_TCjmax_pT4l_genbin8_recobin4 acc 0.0161 eff 0.0 outinratio 0.0123 

ZH124_4l_TCjmax_pT4l_genbin8_recobin4 acc 0.0155 eff 0.0 outinratio 0.0646 

ttH124_4l_TCjmax_pT4l_genbin8_recobin4 acc 0.0493 eff 0.0 outinratio 0.0151 

ggH124_4l_TCjmax_pT4l_genbin0_recobin5 acc 0.2818 eff 0.0 outinratio 0.0102 

VBFH124_4l_TCjmax_pT4l_genbin0_recobin5 acc 0.0683 eff 0.0084 outinratio 0.0129 

WminusH124_4l_TCjmax_pT4l_genbin0_recobin5 acc 0.0986 eff 0.0126 outinratio 0.0108 

WplusH124_4l_TCjmax_pT4l_genbin0_recobin5 acc 0.0857 eff 0.0126 outinratio 0.0129 

ZH124_4l_TCjmax_pT4l_genbin0_recobin5 acc 0.0804 eff 0.0049 outinratio 0.051 

ttH124_4l_TCjmax_pT4l_genbin0_recobin5 acc 0.0012 eff 0.0 outinratio 0.067 

ggH124_4l_TCjmax_pT4l_genbin1_recobin5 acc 0.0165 eff 0.0 outinratio 0.0102 

VBFH124_4l_TCjmax_pT4l_genbin1_recobin5 acc 0.029 eff 0.0 outinratio 0.0129 

WminusH124_4l_TCjmax_pT4l_genbin1_recobin5 acc 0.0321 eff 0.0 outinratio 0.0108 

WplusH124_4l_TCjmax_pT4l_genbin1_recobin5 acc 0.0254 eff 0.0 outinratio 0.0129 

ZH124_4l_TCjmax_pT4l_genbin1_recobin5 acc 0.0299 eff 0.0 outinratio 0.051 

ttH124_4l_TCjmax_pT4l_genbin1_recobin5 acc 0.0084 eff 0.0 outinratio 0.067 

ggH124_4l_TCjmax_pT4l_genbin2_recobin5 acc 0.0334 eff 0.0 outinratio 0.0102 

VBFH124_4l_TCjmax_pT4l_genbin2_recobin5 acc 0.0445 eff 0.0 outinratio 0.0129 

WminusH124_4l_TCjmax_pT4l_genbin2_recobin5 acc 0.0385 eff 0.0 outinratio 0.0108 

WplusH124_4l_TCjmax_pT4l_genbin2_recobin5 acc 0.0309 eff 0.0 outinratio 0.0129 

ZH124_4l_TCjmax_pT4l_genbin2_recobin5 acc 0.0367 eff 0.0 outinratio 0.051 

ttH124_4l_TCjmax_pT4l_genbin2_recobin5 acc 0.0117 eff 0.0 outinratio 0.067 

ggH124_4l_TCjmax_pT4l_genbin3_recobin5 acc 0.0227 eff 0.0 outinratio 0.0102 

VBFH124_4l_TCjmax_pT4l_genbin3_recobin5 acc 0.0422 eff 0.0 outinratio 0.0129 

WminusH124_4l_TCjmax_pT4l_genbin3_recobin5 acc 0.0271 eff 0.0002 outinratio 0.0108 

WplusH124_4l_TCjmax_pT4l_genbin3_recobin5 acc 0.023 eff 0.0 outinratio 0.0129 

ZH124_4l_TCjmax_pT4l_genbin3_recobin5 acc 0.0263 eff 0.0 outinratio 0.051 

ttH124_4l_TCjmax_pT4l_genbin3_recobin5 acc 0.0084 eff 0.0 outinratio 0.067 

ggH124_4l_TCjmax_pT4l_genbin4_recobin5 acc 0.0202 eff 0.0113 outinratio 0.0102 

VBFH124_4l_TCjmax_pT4l_genbin4_recobin5 acc 0.0548 eff 0.018 outinratio 0.0129 

WminusH124_4l_TCjmax_pT4l_genbin4_recobin5 acc 0.0282 eff 0.0117 outinratio 0.0108 

WplusH124_4l_TCjmax_pT4l_genbin4_recobin5 acc 0.0242 eff 0.012 outinratio 0.0129 

ZH124_4l_TCjmax_pT4l_genbin4_recobin5 acc 0.0264 eff 0.0056 outinratio 0.051 

ttH124_4l_TCjmax_pT4l_genbin4_recobin5 acc 0.0095 eff 0.0507 outinratio 0.067 

ggH124_4l_TCjmax_pT4l_genbin5_recobin5 acc 0.0162 eff 0.5217 outinratio 0.0102 

VBFH124_4l_TCjmax_pT4l_genbin5_recobin5 acc 0.0713 eff 0.5404 outinratio 0.0129 

WminusH124_4l_TCjmax_pT4l_genbin5_recobin5 acc 0.0263 eff 0.4326 outinratio 0.0108 

WplusH124_4l_TCjmax_pT4l_genbin5_recobin5 acc 0.0229 eff 0.4181 outinratio 0.0129 

ZH124_4l_TCjmax_pT4l_genbin5_recobin5 acc 0.0244 eff 0.4749 outinratio 0.051 

ttH124_4l_TCjmax_pT4l_genbin5_recobin5 acc 0.0138 eff 0.316 outinratio 0.067 

ggH124_4l_TCjmax_pT4l_genbin6_recobin5 acc 0.0097 eff 0.014 outinratio 0.0102 

VBFH124_4l_TCjmax_pT4l_genbin6_recobin5 acc 0.0747 eff 0.0165 outinratio 0.0129 

WminusH124_4l_TCjmax_pT4l_genbin6_recobin5 acc 0.0171 eff 0.0122 outinratio 0.0108 

WplusH124_4l_TCjmax_pT4l_genbin6_recobin5 acc 0.0158 eff 0.0131 outinratio 0.0129 

ZH124_4l_TCjmax_pT4l_genbin6_recobin5 acc 0.0163 eff 0.0 outinratio 0.051 

ttH124_4l_TCjmax_pT4l_genbin6_recobin5 acc 0.0229 eff 0.0034 outinratio 0.067 

ggH124_4l_TCjmax_pT4l_genbin7_recobin5 acc 0.0285 eff 0.0178 outinratio 0.0102 

VBFH124_4l_TCjmax_pT4l_genbin7_recobin5 acc 0.0721 eff 0.0105 outinratio 0.0129 

WminusH124_4l_TCjmax_pT4l_genbin7_recobin5 acc 0.1191 eff 0.0129 outinratio 0.0108 

WplusH124_4l_TCjmax_pT4l_genbin7_recobin5 acc 0.1091 eff 0.0125 outinratio 0.0129 

ZH124_4l_TCjmax_pT4l_genbin7_recobin5 acc 0.1214 eff 0.0156 outinratio 0.051 

ttH124_4l_TCjmax_pT4l_genbin7_recobin5 acc 0.3443 eff 0.0051 outinratio 0.067 

ggH124_4l_TCjmax_pT4l_genbin8_recobin5 acc 0.0043 eff 0.0 outinratio 0.0102 

VBFH124_4l_TCjmax_pT4l_genbin8_recobin5 acc 0.0125 eff 0.0 outinratio 0.0129 

WminusH124_4l_TCjmax_pT4l_genbin8_recobin5 acc 0.013 eff 0.0 outinratio 0.0108 

WplusH124_4l_TCjmax_pT4l_genbin8_recobin5 acc 0.0161 eff 0.0 outinratio 0.0129 

ZH124_4l_TCjmax_pT4l_genbin8_recobin5 acc 0.0155 eff 0.0 outinratio 0.051 

ttH124_4l_TCjmax_pT4l_genbin8_recobin5 acc 0.0493 eff 0.0 outinratio 0.067 

ggH124_4l_TCjmax_pT4l_genbin0_recobin6 acc 0.2818 eff 0.0 outinratio 0.0038 

VBFH124_4l_TCjmax_pT4l_genbin0_recobin6 acc 0.0683 eff 0.0005 outinratio 0.0075 

WminusH124_4l_TCjmax_pT4l_genbin0_recobin6 acc 0.0986 eff 0.0139 outinratio 0.0147 

WplusH124_4l_TCjmax_pT4l_genbin0_recobin6 acc 0.0857 eff 0.0187 outinratio 0.0157 

ZH124_4l_TCjmax_pT4l_genbin0_recobin6 acc 0.0804 eff 0.0057 outinratio 0.0787 

ttH124_4l_TCjmax_pT4l_genbin0_recobin6 acc 0.0012 eff 0.0 outinratio 0.0499 

ggH124_4l_TCjmax_pT4l_genbin1_recobin6 acc 0.0165 eff 0.0 outinratio 0.0038 

VBFH124_4l_TCjmax_pT4l_genbin1_recobin6 acc 0.029 eff 0.0 outinratio 0.0075 

WminusH124_4l_TCjmax_pT4l_genbin1_recobin6 acc 0.0321 eff 0.0 outinratio 0.0147 

WplusH124_4l_TCjmax_pT4l_genbin1_recobin6 acc 0.0254 eff 0.0 outinratio 0.0157 

ZH124_4l_TCjmax_pT4l_genbin1_recobin6 acc 0.0299 eff 0.0 outinratio 0.0787 

ttH124_4l_TCjmax_pT4l_genbin1_recobin6 acc 0.0084 eff 0.0 outinratio 0.0499 

ggH124_4l_TCjmax_pT4l_genbin2_recobin6 acc 0.0334 eff 0.0 outinratio 0.0038 

VBFH124_4l_TCjmax_pT4l_genbin2_recobin6 acc 0.0445 eff 0.0 outinratio 0.0075 

WminusH124_4l_TCjmax_pT4l_genbin2_recobin6 acc 0.0385 eff 0.0 outinratio 0.0147 

WplusH124_4l_TCjmax_pT4l_genbin2_recobin6 acc 0.0309 eff 0.0 outinratio 0.0157 

ZH124_4l_TCjmax_pT4l_genbin2_recobin6 acc 0.0367 eff 0.0 outinratio 0.0787 

ttH124_4l_TCjmax_pT4l_genbin2_recobin6 acc 0.0117 eff 0.0 outinratio 0.0499 

ggH124_4l_TCjmax_pT4l_genbin3_recobin6 acc 0.0227 eff 0.0 outinratio 0.0038 

VBFH124_4l_TCjmax_pT4l_genbin3_recobin6 acc 0.0422 eff 0.0 outinratio 0.0075 

WminusH124_4l_TCjmax_pT4l_genbin3_recobin6 acc 0.0271 eff 0.0 outinratio 0.0147 

WplusH124_4l_TCjmax_pT4l_genbin3_recobin6 acc 0.023 eff 0.0 outinratio 0.0157 

ZH124_4l_TCjmax_pT4l_genbin3_recobin6 acc 0.0263 eff 0.0 outinratio 0.0787 

ttH124_4l_TCjmax_pT4l_genbin3_recobin6 acc 0.0084 eff 0.0 outinratio 0.0499 

ggH124_4l_TCjmax_pT4l_genbin4_recobin6 acc 0.0202 eff 0.0 outinratio 0.0038 

VBFH124_4l_TCjmax_pT4l_genbin4_recobin6 acc 0.0548 eff 0.0 outinratio 0.0075 

WminusH124_4l_TCjmax_pT4l_genbin4_recobin6 acc 0.0282 eff 0.0 outinratio 0.0147 

WplusH124_4l_TCjmax_pT4l_genbin4_recobin6 acc 0.0242 eff 0.0 outinratio 0.0157 

ZH124_4l_TCjmax_pT4l_genbin4_recobin6 acc 0.0264 eff 0.0 outinratio 0.0787 

ttH124_4l_TCjmax_pT4l_genbin4_recobin6 acc 0.0095 eff 0.0 outinratio 0.0499 

ggH124_4l_TCjmax_pT4l_genbin5_recobin6 acc 0.0162 eff 0.0042 outinratio 0.0038 

VBFH124_4l_TCjmax_pT4l_genbin5_recobin6 acc 0.0713 eff 0.0123 outinratio 0.0075 

WminusH124_4l_TCjmax_pT4l_genbin5_recobin6 acc 0.0263 eff 0.0083 outinratio 0.0147 

WplusH124_4l_TCjmax_pT4l_genbin5_recobin6 acc 0.0229 eff 0.0081 outinratio 0.0157 

ZH124_4l_TCjmax_pT4l_genbin5_recobin6 acc 0.0244 eff 0.0036 outinratio 0.0787 

ttH124_4l_TCjmax_pT4l_genbin5_recobin6 acc 0.0138 eff 0.0 outinratio 0.0499 

ggH124_4l_TCjmax_pT4l_genbin6_recobin6 acc 0.0097 eff 0.5364 outinratio 0.0038 

VBFH124_4l_TCjmax_pT4l_genbin6_recobin6 acc 0.0747 eff 0.6102 outinratio 0.0075 

WminusH124_4l_TCjmax_pT4l_genbin6_recobin6 acc 0.0171 eff 0.4614 outinratio 0.0147 

WplusH124_4l_TCjmax_pT4l_genbin6_recobin6 acc 0.0158 eff 0.4514 outinratio 0.0157 

ZH124_4l_TCjmax_pT4l_genbin6_recobin6 acc 0.0163 eff 0.4832 outinratio 0.0787 

ttH124_4l_TCjmax_pT4l_genbin6_recobin6 acc 0.0229 eff 0.393 outinratio 0.0499 

ggH124_4l_TCjmax_pT4l_genbin7_recobin6 acc 0.0285 eff 0.0116 outinratio 0.0038 

VBFH124_4l_TCjmax_pT4l_genbin7_recobin6 acc 0.0721 eff 0.0212 outinratio 0.0075 

WminusH124_4l_TCjmax_pT4l_genbin7_recobin6 acc 0.1191 eff 0.0117 outinratio 0.0147 

WplusH124_4l_TCjmax_pT4l_genbin7_recobin6 acc 0.1091 eff 0.0102 outinratio 0.0157 

ZH124_4l_TCjmax_pT4l_genbin7_recobin6 acc 0.1214 eff 0.0117 outinratio 0.0787 

ttH124_4l_TCjmax_pT4l_genbin7_recobin6 acc 0.3443 eff 0.0072 outinratio 0.0499 

ggH124_4l_TCjmax_pT4l_genbin8_recobin6 acc 0.0043 eff 0.0065 outinratio 0.0038 

VBFH124_4l_TCjmax_pT4l_genbin8_recobin6 acc 0.0125 eff 0.0243 outinratio 0.0075 

WminusH124_4l_TCjmax_pT4l_genbin8_recobin6 acc 0.013 eff 0.0068 outinratio 0.0147 

WplusH124_4l_TCjmax_pT4l_genbin8_recobin6 acc 0.0161 eff 0.0061 outinratio 0.0157 

ZH124_4l_TCjmax_pT4l_genbin8_recobin6 acc 0.0155 eff 0.0168 outinratio 0.0787 

ttH124_4l_TCjmax_pT4l_genbin8_recobin6 acc 0.0493 eff 0.0093 outinratio 0.0499 

ggH124_4l_TCjmax_pT4l_genbin0_recobin7 acc 0.2818 eff 0.0028 outinratio 0.0045 

VBFH124_4l_TCjmax_pT4l_genbin0_recobin7 acc 0.0683 eff 0.0032 outinratio 0.0067 

WminusH124_4l_TCjmax_pT4l_genbin0_recobin7 acc 0.0986 eff 0.0264 outinratio 0.0131 

WplusH124_4l_TCjmax_pT4l_genbin0_recobin7 acc 0.0857 eff 0.027 outinratio 0.0136 

ZH124_4l_TCjmax_pT4l_genbin0_recobin7 acc 0.0804 eff 0.0089 outinratio 0.0271 

ttH124_4l_TCjmax_pT4l_genbin0_recobin7 acc 0.0012 eff 0.1437 outinratio 0.0442 

ggH124_4l_TCjmax_pT4l_genbin1_recobin7 acc 0.0165 eff 0.0094 outinratio 0.0045 

VBFH124_4l_TCjmax_pT4l_genbin1_recobin7 acc 0.029 eff 0.0192 outinratio 0.0067 

WminusH124_4l_TCjmax_pT4l_genbin1_recobin7 acc 0.0321 eff 0.0371 outinratio 0.0131 

WplusH124_4l_TCjmax_pT4l_genbin1_recobin7 acc 0.0254 eff 0.0328 outinratio 0.0136 

ZH124_4l_TCjmax_pT4l_genbin1_recobin7 acc 0.0299 eff 0.0567 outinratio 0.0271 

ttH124_4l_TCjmax_pT4l_genbin1_recobin7 acc 0.0084 eff 0.1681 outinratio 0.0442 

ggH124_4l_TCjmax_pT4l_genbin2_recobin7 acc 0.0334 eff 0.0076 outinratio 0.0045 

VBFH124_4l_TCjmax_pT4l_genbin2_recobin7 acc 0.0445 eff 0.0185 outinratio 0.0067 

WminusH124_4l_TCjmax_pT4l_genbin2_recobin7 acc 0.0385 eff 0.0405 outinratio 0.0131 

WplusH124_4l_TCjmax_pT4l_genbin2_recobin7 acc 0.0309 eff 0.0457 outinratio 0.0136 

ZH124_4l_TCjmax_pT4l_genbin2_recobin7 acc 0.0367 eff 0.0429 outinratio 0.0271 

ttH124_4l_TCjmax_pT4l_genbin2_recobin7 acc 0.0117 eff 0.1051 outinratio 0.0442 

ggH124_4l_TCjmax_pT4l_genbin3_recobin7 acc 0.0227 eff 0.0195 outinratio 0.0045 

VBFH124_4l_TCjmax_pT4l_genbin3_recobin7 acc 0.0422 eff 0.0157 outinratio 0.0067 

WminusH124_4l_TCjmax_pT4l_genbin3_recobin7 acc 0.0271 eff 0.0542 outinratio 0.0131 

WplusH124_4l_TCjmax_pT4l_genbin3_recobin7 acc 0.023 eff 0.0478 outinratio 0.0136 

ZH124_4l_TCjmax_pT4l_genbin3_recobin7 acc 0.0263 eff 0.0698 outinratio 0.0271 

ttH124_4l_TCjmax_pT4l_genbin3_recobin7 acc 0.0084 eff 0.0808 outinratio 0.0442 

ggH124_4l_TCjmax_pT4l_genbin4_recobin7 acc 0.0202 eff 0.024 outinratio 0.0045 

VBFH124_4l_TCjmax_pT4l_genbin4_recobin7 acc 0.0548 eff 0.0178 outinratio 0.0067 

WminusH124_4l_TCjmax_pT4l_genbin4_recobin7 acc 0.0282 eff 0.0722 outinratio 0.0131 

WplusH124_4l_TCjmax_pT4l_genbin4_recobin7 acc 0.0242 eff 0.0684 outinratio 0.0136 

ZH124_4l_TCjmax_pT4l_genbin4_recobin7 acc 0.0264 eff 0.0618 outinratio 0.0271 

ttH124_4l_TCjmax_pT4l_genbin4_recobin7 acc 0.0095 eff 0.1909 outinratio 0.0442 

ggH124_4l_TCjmax_pT4l_genbin5_recobin7 acc 0.0162 eff 0.0272 outinratio 0.0045 

VBFH124_4l_TCjmax_pT4l_genbin5_recobin7 acc 0.0713 eff 0.0208 outinratio 0.0067 

WminusH124_4l_TCjmax_pT4l_genbin5_recobin7 acc 0.0263 eff 0.0828 outinratio 0.0131 

WplusH124_4l_TCjmax_pT4l_genbin5_recobin7 acc 0.0229 eff 0.0762 outinratio 0.0136 

ZH124_4l_TCjmax_pT4l_genbin5_recobin7 acc 0.0244 eff 0.0836 outinratio 0.0271 

ttH124_4l_TCjmax_pT4l_genbin5_recobin7 acc 0.0138 eff 0.1144 outinratio 0.0442 

ggH124_4l_TCjmax_pT4l_genbin6_recobin7 acc 0.0097 eff 0.0296 outinratio 0.0045 

VBFH124_4l_TCjmax_pT4l_genbin6_recobin7 acc 0.0747 eff 0.0278 outinratio 0.0067 

WminusH124_4l_TCjmax_pT4l_genbin6_recobin7 acc 0.0171 eff 0.0911 outinratio 0.0131 

WplusH124_4l_TCjmax_pT4l_genbin6_recobin7 acc 0.0158 eff 0.0853 outinratio 0.0136 

ZH124_4l_TCjmax_pT4l_genbin6_recobin7 acc 0.0163 eff 0.0767 outinratio 0.0271 

ttH124_4l_TCjmax_pT4l_genbin6_recobin7 acc 0.0229 eff 0.102 outinratio 0.0442 

ggH124_4l_TCjmax_pT4l_genbin7_recobin7 acc 0.0285 eff 0.538 outinratio 0.0045 

VBFH124_4l_TCjmax_pT4l_genbin7_recobin7 acc 0.0721 eff 0.5615 outinratio 0.0067 

WminusH124_4l_TCjmax_pT4l_genbin7_recobin7 acc 0.1191 eff 0.521 outinratio 0.0131 

WplusH124_4l_TCjmax_pT4l_genbin7_recobin7 acc 0.1091 eff 0.5149 outinratio 0.0136 

ZH124_4l_TCjmax_pT4l_genbin7_recobin7 acc 0.1214 eff 0.5165 outinratio 0.0271 

ttH124_4l_TCjmax_pT4l_genbin7_recobin7 acc 0.3443 eff 0.4033 outinratio 0.0442 

ggH124_4l_TCjmax_pT4l_genbin8_recobin7 acc 0.0043 eff 0.0313 outinratio 0.0045 

VBFH124_4l_TCjmax_pT4l_genbin8_recobin7 acc 0.0125 eff 0.0145 outinratio 0.0067 

WminusH124_4l_TCjmax_pT4l_genbin8_recobin7 acc 0.013 eff 0.0134 outinratio 0.0131 

WplusH124_4l_TCjmax_pT4l_genbin8_recobin7 acc 0.0161 eff 0.0179 outinratio 0.0136 

ZH124_4l_TCjmax_pT4l_genbin8_recobin7 acc 0.0155 eff 0.0101 outinratio 0.0271 

ttH124_4l_TCjmax_pT4l_genbin8_recobin7 acc 0.0493 eff 0.0224 outinratio 0.0442 

ggH124_4l_TCjmax_pT4l_genbin0_recobin8 acc 0.2818 eff 0.0 outinratio 0.0282 

VBFH124_4l_TCjmax_pT4l_genbin0_recobin8 acc 0.0683 eff 0.0 outinratio 0.0142 

WminusH124_4l_TCjmax_pT4l_genbin0_recobin8 acc 0.0986 eff 0.0028 outinratio 0.0128 

WplusH124_4l_TCjmax_pT4l_genbin0_recobin8 acc 0.0857 eff 0.0039 outinratio 0.013 

ZH124_4l_TCjmax_pT4l_genbin0_recobin8 acc 0.0804 eff 0.0 outinratio 0.0339 

ttH124_4l_TCjmax_pT4l_genbin0_recobin8 acc 0.0012 eff 0.0474 outinratio 0.0092 

ggH124_4l_TCjmax_pT4l_genbin1_recobin8 acc 0.0165 eff 0.0 outinratio 0.0282 

VBFH124_4l_TCjmax_pT4l_genbin1_recobin8 acc 0.029 eff 0.0 outinratio 0.0142 

WminusH124_4l_TCjmax_pT4l_genbin1_recobin8 acc 0.0321 eff 0.0 outinratio 0.0128 

WplusH124_4l_TCjmax_pT4l_genbin1_recobin8 acc 0.0254 eff 0.0 outinratio 0.013 

ZH124_4l_TCjmax_pT4l_genbin1_recobin8 acc 0.0299 eff 0.0 outinratio 0.0339 

ttH124_4l_TCjmax_pT4l_genbin1_recobin8 acc 0.0084 eff 0.0 outinratio 0.0092 

ggH124_4l_TCjmax_pT4l_genbin2_recobin8 acc 0.0334 eff 0.0 outinratio 0.0282 

VBFH124_4l_TCjmax_pT4l_genbin2_recobin8 acc 0.0445 eff 0.0 outinratio 0.0142 

WminusH124_4l_TCjmax_pT4l_genbin2_recobin8 acc 0.0385 eff 0.0 outinratio 0.0128 

WplusH124_4l_TCjmax_pT4l_genbin2_recobin8 acc 0.0309 eff 0.0 outinratio 0.013 

ZH124_4l_TCjmax_pT4l_genbin2_recobin8 acc 0.0367 eff 0.0 outinratio 0.0339 

ttH124_4l_TCjmax_pT4l_genbin2_recobin8 acc 0.0117 eff 0.0 outinratio 0.0092 

ggH124_4l_TCjmax_pT4l_genbin3_recobin8 acc 0.0227 eff 0.0 outinratio 0.0282 

VBFH124_4l_TCjmax_pT4l_genbin3_recobin8 acc 0.0422 eff 0.0 outinratio 0.0142 

WminusH124_4l_TCjmax_pT4l_genbin3_recobin8 acc 0.0271 eff 0.0 outinratio 0.0128 

WplusH124_4l_TCjmax_pT4l_genbin3_recobin8 acc 0.023 eff 0.0 outinratio 0.013 

ZH124_4l_TCjmax_pT4l_genbin3_recobin8 acc 0.0263 eff 0.0 outinratio 0.0339 

ttH124_4l_TCjmax_pT4l_genbin3_recobin8 acc 0.0084 eff 0.0 outinratio 0.0092 

ggH124_4l_TCjmax_pT4l_genbin4_recobin8 acc 0.0202 eff 0.0 outinratio 0.0282 

VBFH124_4l_TCjmax_pT4l_genbin4_recobin8 acc 0.0548 eff 0.0 outinratio 0.0142 

WminusH124_4l_TCjmax_pT4l_genbin4_recobin8 acc 0.0282 eff 0.0 outinratio 0.0128 

WplusH124_4l_TCjmax_pT4l_genbin4_recobin8 acc 0.0242 eff 0.0 outinratio 0.013 

ZH124_4l_TCjmax_pT4l_genbin4_recobin8 acc 0.0264 eff 0.0 outinratio 0.0339 

ttH124_4l_TCjmax_pT4l_genbin4_recobin8 acc 0.0095 eff 0.0 outinratio 0.0092 

ggH124_4l_TCjmax_pT4l_genbin5_recobin8 acc 0.0162 eff 0.0 outinratio 0.0282 

VBFH124_4l_TCjmax_pT4l_genbin5_recobin8 acc 0.0713 eff 0.0 outinratio 0.0142 

WminusH124_4l_TCjmax_pT4l_genbin5_recobin8 acc 0.0263 eff 0.0 outinratio 0.0128 

WplusH124_4l_TCjmax_pT4l_genbin5_recobin8 acc 0.0229 eff 0.0 outinratio 0.013 

ZH124_4l_TCjmax_pT4l_genbin5_recobin8 acc 0.0244 eff 0.0 outinratio 0.0339 

ttH124_4l_TCjmax_pT4l_genbin5_recobin8 acc 0.0138 eff 0.0 outinratio 0.0092 

ggH124_4l_TCjmax_pT4l_genbin6_recobin8 acc 0.0097 eff 0.0091 outinratio 0.0282 

VBFH124_4l_TCjmax_pT4l_genbin6_recobin8 acc 0.0747 eff 0.0042 outinratio 0.0142 

WminusH124_4l_TCjmax_pT4l_genbin6_recobin8 acc 0.0171 eff 0.0094 outinratio 0.0128 

WplusH124_4l_TCjmax_pT4l_genbin6_recobin8 acc 0.0158 eff 0.0082 outinratio 0.013 

ZH124_4l_TCjmax_pT4l_genbin6_recobin8 acc 0.0163 eff 0.0 outinratio 0.0339 

ttH124_4l_TCjmax_pT4l_genbin6_recobin8 acc 0.0229 eff 0.0297 outinratio 0.0092 

ggH124_4l_TCjmax_pT4l_genbin7_recobin8 acc 0.0285 eff 0.0016 outinratio 0.0282 

VBFH124_4l_TCjmax_pT4l_genbin7_recobin8 acc 0.0721 eff 0.0022 outinratio 0.0142 

WminusH124_4l_TCjmax_pT4l_genbin7_recobin8 acc 0.1191 eff 0.0015 outinratio 0.0128 

WplusH124_4l_TCjmax_pT4l_genbin7_recobin8 acc 0.1091 eff 0.0014 outinratio 0.013 

ZH124_4l_TCjmax_pT4l_genbin7_recobin8 acc 0.1214 eff 0.0006 outinratio 0.0339 

ttH124_4l_TCjmax_pT4l_genbin7_recobin8 acc 0.3443 eff 0.0011 outinratio 0.0092 

ggH124_4l_TCjmax_pT4l_genbin8_recobin8 acc 0.0043 eff 0.6969 outinratio 0.0282 

VBFH124_4l_TCjmax_pT4l_genbin8_recobin8 acc 0.0125 eff 0.6538 outinratio 0.0142 

WminusH124_4l_TCjmax_pT4l_genbin8_recobin8 acc 0.013 eff 0.6465 outinratio 0.0128 

WplusH124_4l_TCjmax_pT4l_genbin8_recobin8 acc 0.0161 eff 0.6256 outinratio 0.013 

ZH124_4l_TCjmax_pT4l_genbin8_recobin8 acc 0.0155 eff 0.7304 outinratio 0.0339 

ttH124_4l_TCjmax_pT4l_genbin8_recobin8 acc 0.0493 eff 0.557 outinratio 0.0092 

ggH124_4e_TCjmax_pT4l_genbin0_recobin0 acc 0.2631 eff 0.3145 outinratio 0.0098 

VBFH124_4e_TCjmax_pT4l_genbin0_recobin0 acc 0.0654 eff 0.281 outinratio 0.0121 

WminusH124_4e_TCjmax_pT4l_genbin0_recobin0 acc 0.0968 eff 0.2718 outinratio 0.0334 

WplusH124_4e_TCjmax_pT4l_genbin0_recobin0 acc 0.0822 eff 0.2578 outinratio 0.0316 

ZH124_4e_TCjmax_pT4l_genbin0_recobin0 acc 0.0794 eff 0.2856 outinratio 0.0561 

ttH124_4e_TCjmax_pT4l_genbin0_recobin0 acc 0.0011 eff -1.0 outinratio 0.0 

ggH124_4e_TCjmax_pT4l_genbin1_recobin0 acc 0.0155 eff 0.0567 outinratio 0.0098 

VBFH124_4e_TCjmax_pT4l_genbin1_recobin0 acc 0.0279 eff 0.0272 outinratio 0.0121 

WminusH124_4e_TCjmax_pT4l_genbin1_recobin0 acc 0.0293 eff 0.0354 outinratio 0.0334 

WplusH124_4e_TCjmax_pT4l_genbin1_recobin0 acc 0.0244 eff 0.0297 outinratio 0.0316 

ZH124_4e_TCjmax_pT4l_genbin1_recobin0 acc 0.0281 eff 0.0407 outinratio 0.0561 

ttH124_4e_TCjmax_pT4l_genbin1_recobin0 acc 0.0083 eff 0.0 outinratio 0.0 

ggH124_4e_TCjmax_pT4l_genbin2_recobin0 acc 0.0322 eff 0.063 outinratio 0.0098 

VBFH124_4e_TCjmax_pT4l_genbin2_recobin0 acc 0.0417 eff 0.0416 outinratio 0.0121 

WminusH124_4e_TCjmax_pT4l_genbin2_recobin0 acc 0.0379 eff 0.0222 outinratio 0.0334 

WplusH124_4e_TCjmax_pT4l_genbin2_recobin0 acc 0.0291 eff 0.0263 outinratio 0.0316 

ZH124_4e_TCjmax_pT4l_genbin2_recobin0 acc 0.0323 eff 0.0477 outinratio 0.0561 

ttH124_4e_TCjmax_pT4l_genbin2_recobin0 acc 0.0107 eff 0.0 outinratio 0.0 

ggH124_4e_TCjmax_pT4l_genbin3_recobin0 acc 0.0211 eff 0.0455 outinratio 0.0098 

VBFH124_4e_TCjmax_pT4l_genbin3_recobin0 acc 0.0403 eff 0.0285 outinratio 0.0121 

WminusH124_4e_TCjmax_pT4l_genbin3_recobin0 acc 0.0256 eff 0.0173 outinratio 0.0334 

WplusH124_4e_TCjmax_pT4l_genbin3_recobin0 acc 0.0222 eff 0.0177 outinratio 0.0316 

ZH124_4e_TCjmax_pT4l_genbin3_recobin0 acc 0.0251 eff 0.0296 outinratio 0.0561 

ttH124_4e_TCjmax_pT4l_genbin3_recobin0 acc 0.0092 eff 0.0 outinratio 0.0 

ggH124_4e_TCjmax_pT4l_genbin4_recobin0 acc 0.0195 eff 0.0206 outinratio 0.0098 

VBFH124_4e_TCjmax_pT4l_genbin4_recobin0 acc 0.0534 eff 0.0267 outinratio 0.0121 

WminusH124_4e_TCjmax_pT4l_genbin4_recobin0 acc 0.0271 eff 0.0084 outinratio 0.0334 

WplusH124_4e_TCjmax_pT4l_genbin4_recobin0 acc 0.0235 eff 0.0179 outinratio 0.0316 

ZH124_4e_TCjmax_pT4l_genbin4_recobin0 acc 0.0279 eff 0.0405 outinratio 0.0561 

ttH124_4e_TCjmax_pT4l_genbin4_recobin0 acc 0.0088 eff 0.0 outinratio 0.0 

ggH124_4e_TCjmax_pT4l_genbin5_recobin0 acc 0.014 eff 0.0013 outinratio 0.0098 

VBFH124_4e_TCjmax_pT4l_genbin5_recobin0 acc 0.0677 eff 0.0128 outinratio 0.0121 

WminusH124_4e_TCjmax_pT4l_genbin5_recobin0 acc 0.0246 eff 0.0128 outinratio 0.0334 

WplusH124_4e_TCjmax_pT4l_genbin5_recobin0 acc 0.0219 eff 0.0145 outinratio 0.0316 

ZH124_4e_TCjmax_pT4l_genbin5_recobin0 acc 0.023 eff 0.0158 outinratio 0.0561 

ttH124_4e_TCjmax_pT4l_genbin5_recobin0 acc 0.0133 eff 0.0 outinratio 0.0 

ggH124_4e_TCjmax_pT4l_genbin6_recobin0 acc 0.0106 eff 0.0056 outinratio 0.0098 

VBFH124_4e_TCjmax_pT4l_genbin6_recobin0 acc 0.0729 eff 0.0039 outinratio 0.0121 

WminusH124_4e_TCjmax_pT4l_genbin6_recobin0 acc 0.0162 eff 0.0093 outinratio 0.0334 

WplusH124_4e_TCjmax_pT4l_genbin6_recobin0 acc 0.0152 eff 0.0111 outinratio 0.0316 

ZH124_4e_TCjmax_pT4l_genbin6_recobin0 acc 0.0164 eff 0.0142 outinratio 0.0561 

ttH124_4e_TCjmax_pT4l_genbin6_recobin0 acc 0.0218 eff 0.0 outinratio 0.0 

ggH124_4e_TCjmax_pT4l_genbin7_recobin0 acc 0.0289 eff 0.0004 outinratio 0.0098 

VBFH124_4e_TCjmax_pT4l_genbin7_recobin0 acc 0.0681 eff 0.0053 outinratio 0.0121 

WminusH124_4e_TCjmax_pT4l_genbin7_recobin0 acc 0.116 eff 0.001 outinratio 0.0334 

WplusH124_4e_TCjmax_pT4l_genbin7_recobin0 acc 0.105 eff 0.0013 outinratio 0.0316 

ZH124_4e_TCjmax_pT4l_genbin7_recobin0 acc 0.1181 eff 0.0 outinratio 0.0561 

ttH124_4e_TCjmax_pT4l_genbin7_recobin0 acc 0.3356 eff 0.0 outinratio 0.0 

ggH124_4e_TCjmax_pT4l_genbin8_recobin0 acc 0.0044 eff 0.0 outinratio 0.0098 

VBFH124_4e_TCjmax_pT4l_genbin8_recobin0 acc 0.0143 eff 0.0 outinratio 0.0121 

WminusH124_4e_TCjmax_pT4l_genbin8_recobin0 acc 0.0124 eff 0.0 outinratio 0.0334 

WplusH124_4e_TCjmax_pT4l_genbin8_recobin0 acc 0.0155 eff 0.0 outinratio 0.0316 

ZH124_4e_TCjmax_pT4l_genbin8_recobin0 acc 0.0115 eff 0.0 outinratio 0.0561 

ttH124_4e_TCjmax_pT4l_genbin8_recobin0 acc 0.0507 eff 0.0 outinratio 0.0 

ggH124_4e_TCjmax_pT4l_genbin0_recobin1 acc 0.2631 eff 0.0163 outinratio 0.011 

VBFH124_4e_TCjmax_pT4l_genbin0_recobin1 acc 0.0654 eff 0.0197 outinratio 0.01 

WminusH124_4e_TCjmax_pT4l_genbin0_recobin1 acc 0.0968 eff 0.0213 outinratio 0.0247 

WplusH124_4e_TCjmax_pT4l_genbin0_recobin1 acc 0.0822 eff 0.0137 outinratio 0.0526 

ZH124_4e_TCjmax_pT4l_genbin0_recobin1 acc 0.0794 eff 0.0084 outinratio 0.085 

ttH124_4e_TCjmax_pT4l_genbin0_recobin1 acc 0.0011 eff -1.0 outinratio 0.0927 

ggH124_4e_TCjmax_pT4l_genbin1_recobin1 acc 0.0155 eff 0.2046 outinratio 0.011 

VBFH124_4e_TCjmax_pT4l_genbin1_recobin1 acc 0.0279 eff 0.2671 outinratio 0.01 

WminusH124_4e_TCjmax_pT4l_genbin1_recobin1 acc 0.0293 eff 0.2548 outinratio 0.0247 

WplusH124_4e_TCjmax_pT4l_genbin1_recobin1 acc 0.0244 eff 0.2417 outinratio 0.0526 

ZH124_4e_TCjmax_pT4l_genbin1_recobin1 acc 0.0281 eff 0.1871 outinratio 0.085 

ttH124_4e_TCjmax_pT4l_genbin1_recobin1 acc 0.0083 eff 0.1631 outinratio 0.0927 

ggH124_4e_TCjmax_pT4l_genbin2_recobin1 acc 0.0322 eff 0.0132 outinratio 0.011 

VBFH124_4e_TCjmax_pT4l_genbin2_recobin1 acc 0.0417 eff 0.0082 outinratio 0.01 

WminusH124_4e_TCjmax_pT4l_genbin2_recobin1 acc 0.0379 eff 0.0093 outinratio 0.0247 

WplusH124_4e_TCjmax_pT4l_genbin2_recobin1 acc 0.0291 eff 0.0167 outinratio 0.0526 

ZH124_4e_TCjmax_pT4l_genbin2_recobin1 acc 0.0323 eff 0.0036 outinratio 0.085 

ttH124_4e_TCjmax_pT4l_genbin2_recobin1 acc 0.0107 eff 0.0297 outinratio 0.0927 

ggH124_4e_TCjmax_pT4l_genbin3_recobin1 acc 0.0211 eff 0.0 outinratio 0.011 

VBFH124_4e_TCjmax_pT4l_genbin3_recobin1 acc 0.0403 eff 0.0 outinratio 0.01 

WminusH124_4e_TCjmax_pT4l_genbin3_recobin1 acc 0.0256 eff 0.0 outinratio 0.0247 

WplusH124_4e_TCjmax_pT4l_genbin3_recobin1 acc 0.0222 eff 0.0 outinratio 0.0526 

ZH124_4e_TCjmax_pT4l_genbin3_recobin1 acc 0.0251 eff 0.0 outinratio 0.085 

ttH124_4e_TCjmax_pT4l_genbin3_recobin1 acc 0.0092 eff 0.0 outinratio 0.0927 

ggH124_4e_TCjmax_pT4l_genbin4_recobin1 acc 0.0195 eff 0.0 outinratio 0.011 

VBFH124_4e_TCjmax_pT4l_genbin4_recobin1 acc 0.0534 eff 0.0 outinratio 0.01 

WminusH124_4e_TCjmax_pT4l_genbin4_recobin1 acc 0.0271 eff 0.0 outinratio 0.0247 

WplusH124_4e_TCjmax_pT4l_genbin4_recobin1 acc 0.0235 eff 0.0 outinratio 0.0526 

ZH124_4e_TCjmax_pT4l_genbin4_recobin1 acc 0.0279 eff 0.0 outinratio 0.085 

ttH124_4e_TCjmax_pT4l_genbin4_recobin1 acc 0.0088 eff 0.0 outinratio 0.0927 

ggH124_4e_TCjmax_pT4l_genbin5_recobin1 acc 0.014 eff 0.0 outinratio 0.011 

VBFH124_4e_TCjmax_pT4l_genbin5_recobin1 acc 0.0677 eff 0.0 outinratio 0.01 

WminusH124_4e_TCjmax_pT4l_genbin5_recobin1 acc 0.0246 eff 0.0 outinratio 0.0247 

WplusH124_4e_TCjmax_pT4l_genbin5_recobin1 acc 0.0219 eff 0.0 outinratio 0.0526 

ZH124_4e_TCjmax_pT4l_genbin5_recobin1 acc 0.023 eff 0.0 outinratio 0.085 

ttH124_4e_TCjmax_pT4l_genbin5_recobin1 acc 0.0133 eff 0.0 outinratio 0.0927 

ggH124_4e_TCjmax_pT4l_genbin6_recobin1 acc 0.0106 eff 0.0 outinratio 0.011 

VBFH124_4e_TCjmax_pT4l_genbin6_recobin1 acc 0.0729 eff 0.0 outinratio 0.01 

WminusH124_4e_TCjmax_pT4l_genbin6_recobin1 acc 0.0162 eff 0.0 outinratio 0.0247 

WplusH124_4e_TCjmax_pT4l_genbin6_recobin1 acc 0.0152 eff 0.0 outinratio 0.0526 

ZH124_4e_TCjmax_pT4l_genbin6_recobin1 acc 0.0164 eff 0.0 outinratio 0.085 

ttH124_4e_TCjmax_pT4l_genbin6_recobin1 acc 0.0218 eff 0.0 outinratio 0.0927 

ggH124_4e_TCjmax_pT4l_genbin7_recobin1 acc 0.0289 eff 0.0 outinratio 0.011 

VBFH124_4e_TCjmax_pT4l_genbin7_recobin1 acc 0.0681 eff 0.0002 outinratio 0.01 

WminusH124_4e_TCjmax_pT4l_genbin7_recobin1 acc 0.116 eff 0.0013 outinratio 0.0247 

WplusH124_4e_TCjmax_pT4l_genbin7_recobin1 acc 0.105 eff 0.0007 outinratio 0.0526 

ZH124_4e_TCjmax_pT4l_genbin7_recobin1 acc 0.1181 eff 0.0 outinratio 0.085 

ttH124_4e_TCjmax_pT4l_genbin7_recobin1 acc 0.3356 eff 0.003 outinratio 0.0927 

ggH124_4e_TCjmax_pT4l_genbin8_recobin1 acc 0.0044 eff 0.0 outinratio 0.011 

VBFH124_4e_TCjmax_pT4l_genbin8_recobin1 acc 0.0143 eff 0.0 outinratio 0.01 

WminusH124_4e_TCjmax_pT4l_genbin8_recobin1 acc 0.0124 eff 0.0 outinratio 0.0247 

WplusH124_4e_TCjmax_pT4l_genbin8_recobin1 acc 0.0155 eff 0.0 outinratio 0.0526 

ZH124_4e_TCjmax_pT4l_genbin8_recobin1 acc 0.0115 eff 0.0 outinratio 0.085 

ttH124_4e_TCjmax_pT4l_genbin8_recobin1 acc 0.0507 eff 0.0 outinratio 0.0927 

ggH124_4e_TCjmax_pT4l_genbin0_recobin2 acc 0.2631 eff 0.0101 outinratio 0.023 

VBFH124_4e_TCjmax_pT4l_genbin0_recobin2 acc 0.0654 eff 0.0274 outinratio 0.0093 

WminusH124_4e_TCjmax_pT4l_genbin0_recobin2 acc 0.0968 eff 0.0187 outinratio 0.0216 

WplusH124_4e_TCjmax_pT4l_genbin0_recobin2 acc 0.0822 eff 0.0137 outinratio 0.0183 

ZH124_4e_TCjmax_pT4l_genbin0_recobin2 acc 0.0794 eff 0.0106 outinratio 0.0334 

ttH124_4e_TCjmax_pT4l_genbin0_recobin2 acc 0.0011 eff -1.0 outinratio 0.0 

ggH124_4e_TCjmax_pT4l_genbin1_recobin2 acc 0.0155 eff 0.0152 outinratio 0.023 

VBFH124_4e_TCjmax_pT4l_genbin1_recobin2 acc 0.0279 eff 0.0095 outinratio 0.0093 

WminusH124_4e_TCjmax_pT4l_genbin1_recobin2 acc 0.0293 eff 0.0092 outinratio 0.0216 

WplusH124_4e_TCjmax_pT4l_genbin1_recobin2 acc 0.0244 eff 0.0112 outinratio 0.0183 

ZH124_4e_TCjmax_pT4l_genbin1_recobin2 acc 0.0281 eff 0.0081 outinratio 0.0334 

ttH124_4e_TCjmax_pT4l_genbin1_recobin2 acc 0.0083 eff 0.0 outinratio 0.0 

ggH124_4e_TCjmax_pT4l_genbin2_recobin2 acc 0.0322 eff 0.2511 outinratio 0.023 

VBFH124_4e_TCjmax_pT4l_genbin2_recobin2 acc 0.0417 eff 0.2714 outinratio 0.0093 

WminusH124_4e_TCjmax_pT4l_genbin2_recobin2 acc 0.0379 eff 0.2584 outinratio 0.0216 

WplusH124_4e_TCjmax_pT4l_genbin2_recobin2 acc 0.0291 eff 0.2539 outinratio 0.0183 

ZH124_4e_TCjmax_pT4l_genbin2_recobin2 acc 0.0323 eff 0.2928 outinratio 0.0334 

ttH124_4e_TCjmax_pT4l_genbin2_recobin2 acc 0.0107 eff 0.1008 outinratio 0.0 

ggH124_4e_TCjmax_pT4l_genbin3_recobin2 acc 0.0211 eff 0.037 outinratio 0.023 

VBFH124_4e_TCjmax_pT4l_genbin3_recobin2 acc 0.0403 eff 0.0408 outinratio 0.0093 

WminusH124_4e_TCjmax_pT4l_genbin3_recobin2 acc 0.0256 eff 0.0305 outinratio 0.0216 

WplusH124_4e_TCjmax_pT4l_genbin3_recobin2 acc 0.0222 eff 0.0242 outinratio 0.0183 

ZH124_4e_TCjmax_pT4l_genbin3_recobin2 acc 0.0251 eff 0.0102 outinratio 0.0334 

ttH124_4e_TCjmax_pT4l_genbin3_recobin2 acc 0.0092 eff 0.0 outinratio 0.0 

ggH124_4e_TCjmax_pT4l_genbin4_recobin2 acc 0.0195 eff 0.0 outinratio 0.023 

VBFH124_4e_TCjmax_pT4l_genbin4_recobin2 acc 0.0534 eff 0.0 outinratio 0.0093 

WminusH124_4e_TCjmax_pT4l_genbin4_recobin2 acc 0.0271 eff 0.0002 outinratio 0.0216 

WplusH124_4e_TCjmax_pT4l_genbin4_recobin2 acc 0.0235 eff 0.0 outinratio 0.0183 

ZH124_4e_TCjmax_pT4l_genbin4_recobin2 acc 0.0279 eff 0.0 outinratio 0.0334 

ttH124_4e_TCjmax_pT4l_genbin4_recobin2 acc 0.0088 eff 0.0 outinratio 0.0 

ggH124_4e_TCjmax_pT4l_genbin5_recobin2 acc 0.014 eff 0.0 outinratio 0.023 

VBFH124_4e_TCjmax_pT4l_genbin5_recobin2 acc 0.0677 eff 0.0 outinratio 0.0093 

WminusH124_4e_TCjmax_pT4l_genbin5_recobin2 acc 0.0246 eff 0.0 outinratio 0.0216 

WplusH124_4e_TCjmax_pT4l_genbin5_recobin2 acc 0.0219 eff 0.0 outinratio 0.0183 

ZH124_4e_TCjmax_pT4l_genbin5_recobin2 acc 0.023 eff 0.0 outinratio 0.0334 

ttH124_4e_TCjmax_pT4l_genbin5_recobin2 acc 0.0133 eff 0.0 outinratio 0.0 

ggH124_4e_TCjmax_pT4l_genbin6_recobin2 acc 0.0106 eff 0.0 outinratio 0.023 

VBFH124_4e_TCjmax_pT4l_genbin6_recobin2 acc 0.0729 eff 0.0 outinratio 0.0093 

WminusH124_4e_TCjmax_pT4l_genbin6_recobin2 acc 0.0162 eff 0.0 outinratio 0.0216 

WplusH124_4e_TCjmax_pT4l_genbin6_recobin2 acc 0.0152 eff 0.0 outinratio 0.0183 

ZH124_4e_TCjmax_pT4l_genbin6_recobin2 acc 0.0164 eff 0.0 outinratio 0.0334 

ttH124_4e_TCjmax_pT4l_genbin6_recobin2 acc 0.0218 eff 0.0 outinratio 0.0 

ggH124_4e_TCjmax_pT4l_genbin7_recobin2 acc 0.0289 eff 0.0 outinratio 0.023 

VBFH124_4e_TCjmax_pT4l_genbin7_recobin2 acc 0.0681 eff 0.0026 outinratio 0.0093 

WminusH124_4e_TCjmax_pT4l_genbin7_recobin2 acc 0.116 eff 0.0025 outinratio 0.0216 

WplusH124_4e_TCjmax_pT4l_genbin7_recobin2 acc 0.105 eff 0.0025 outinratio 0.0183 

ZH124_4e_TCjmax_pT4l_genbin7_recobin2 acc 0.1181 eff 0.0 outinratio 0.0334 

ttH124_4e_TCjmax_pT4l_genbin7_recobin2 acc 0.3356 eff 0.0016 outinratio 0.0 

ggH124_4e_TCjmax_pT4l_genbin8_recobin2 acc 0.0044 eff 0.0 outinratio 0.023 

VBFH124_4e_TCjmax_pT4l_genbin8_recobin2 acc 0.0143 eff 0.0 outinratio 0.0093 

WminusH124_4e_TCjmax_pT4l_genbin8_recobin2 acc 0.0124 eff 0.0 outinratio 0.0216 

WplusH124_4e_TCjmax_pT4l_genbin8_recobin2 acc 0.0155 eff 0.0 outinratio 0.0183 

ZH124_4e_TCjmax_pT4l_genbin8_recobin2 acc 0.0115 eff 0.0 outinratio 0.0334 

ttH124_4e_TCjmax_pT4l_genbin8_recobin2 acc 0.0507 eff 0.0 outinratio 0.0 

ggH124_4e_TCjmax_pT4l_genbin0_recobin3 acc 0.2631 eff 0.0012 outinratio 0.0026 

VBFH124_4e_TCjmax_pT4l_genbin0_recobin3 acc 0.0654 eff 0.0159 outinratio 0.0053 

WminusH124_4e_TCjmax_pT4l_genbin0_recobin3 acc 0.0968 eff 0.0094 outinratio 0.0201 

WplusH124_4e_TCjmax_pT4l_genbin0_recobin3 acc 0.0822 eff 0.0098 outinratio 0.0149 

ZH124_4e_TCjmax_pT4l_genbin0_recobin3 acc 0.0794 eff 0.0017 outinratio 0.0 

ttH124_4e_TCjmax_pT4l_genbin0_recobin3 acc 0.0011 eff -1.0 outinratio 0.6335 

ggH124_4e_TCjmax_pT4l_genbin1_recobin3 acc 0.0155 eff 0.0 outinratio 0.0026 

VBFH124_4e_TCjmax_pT4l_genbin1_recobin3 acc 0.0279 eff 0.0 outinratio 0.0053 

WminusH124_4e_TCjmax_pT4l_genbin1_recobin3 acc 0.0293 eff 0.0 outinratio 0.0201 

WplusH124_4e_TCjmax_pT4l_genbin1_recobin3 acc 0.0244 eff 0.0 outinratio 0.0149 

ZH124_4e_TCjmax_pT4l_genbin1_recobin3 acc 0.0281 eff 0.0 outinratio 0.0 

ttH124_4e_TCjmax_pT4l_genbin1_recobin3 acc 0.0083 eff 0.0 outinratio 0.6335 

ggH124_4e_TCjmax_pT4l_genbin2_recobin3 acc 0.0322 eff 0.0028 outinratio 0.0026 

VBFH124_4e_TCjmax_pT4l_genbin2_recobin3 acc 0.0417 eff 0.0208 outinratio 0.0053 

WminusH124_4e_TCjmax_pT4l_genbin2_recobin3 acc 0.0379 eff 0.0126 outinratio 0.0201 

WplusH124_4e_TCjmax_pT4l_genbin2_recobin3 acc 0.0291 eff 0.0118 outinratio 0.0149 

ZH124_4e_TCjmax_pT4l_genbin2_recobin3 acc 0.0323 eff 0.0131 outinratio 0.0 

ttH124_4e_TCjmax_pT4l_genbin2_recobin3 acc 0.0107 eff 0.0 outinratio 0.6335 

ggH124_4e_TCjmax_pT4l_genbin3_recobin3 acc 0.0211 eff 0.2781 outinratio 0.0026 

VBFH124_4e_TCjmax_pT4l_genbin3_recobin3 acc 0.0403 eff 0.2963 outinratio 0.0053 

WminusH124_4e_TCjmax_pT4l_genbin3_recobin3 acc 0.0256 eff 0.2388 outinratio 0.0201 

WplusH124_4e_TCjmax_pT4l_genbin3_recobin3 acc 0.0222 eff 0.2468 outinratio 0.0149 

ZH124_4e_TCjmax_pT4l_genbin3_recobin3 acc 0.0251 eff 0.2266 outinratio 0.0 

ttH124_4e_TCjmax_pT4l_genbin3_recobin3 acc 0.0092 eff 0.1535 outinratio 0.6335 

ggH124_4e_TCjmax_pT4l_genbin4_recobin3 acc 0.0195 eff 0.0347 outinratio 0.0026 

VBFH124_4e_TCjmax_pT4l_genbin4_recobin3 acc 0.0534 eff 0.0164 outinratio 0.0053 

WminusH124_4e_TCjmax_pT4l_genbin4_recobin3 acc 0.0271 eff 0.0278 outinratio 0.0201 

WplusH124_4e_TCjmax_pT4l_genbin4_recobin3 acc 0.0235 eff 0.0264 outinratio 0.0149 

ZH124_4e_TCjmax_pT4l_genbin4_recobin3 acc 0.0279 eff 0.0231 outinratio 0.0 

ttH124_4e_TCjmax_pT4l_genbin4_recobin3 acc 0.0088 eff 0.0 outinratio 0.6335 

ggH124_4e_TCjmax_pT4l_genbin5_recobin3 acc 0.014 eff 0.0 outinratio 0.0026 

VBFH124_4e_TCjmax_pT4l_genbin5_recobin3 acc 0.0677 eff 0.0 outinratio 0.0053 

WminusH124_4e_TCjmax_pT4l_genbin5_recobin3 acc 0.0246 eff 0.0 outinratio 0.0201 

WplusH124_4e_TCjmax_pT4l_genbin5_recobin3 acc 0.0219 eff 0.0007 outinratio 0.0149 

ZH124_4e_TCjmax_pT4l_genbin5_recobin3 acc 0.023 eff 0.0 outinratio 0.0 

ttH124_4e_TCjmax_pT4l_genbin5_recobin3 acc 0.0133 eff 0.0 outinratio 0.6335 

ggH124_4e_TCjmax_pT4l_genbin6_recobin3 acc 0.0106 eff 0.0 outinratio 0.0026 

VBFH124_4e_TCjmax_pT4l_genbin6_recobin3 acc 0.0729 eff 0.0 outinratio 0.0053 

WminusH124_4e_TCjmax_pT4l_genbin6_recobin3 acc 0.0162 eff 0.0 outinratio 0.0201 

WplusH124_4e_TCjmax_pT4l_genbin6_recobin3 acc 0.0152 eff 0.0 outinratio 0.0149 

ZH124_4e_TCjmax_pT4l_genbin6_recobin3 acc 0.0164 eff 0.0 outinratio 0.0 

ttH124_4e_TCjmax_pT4l_genbin6_recobin3 acc 0.0218 eff 0.0 outinratio 0.6335 

ggH124_4e_TCjmax_pT4l_genbin7_recobin3 acc 0.0289 eff 0.0052 outinratio 0.0026 

VBFH124_4e_TCjmax_pT4l_genbin7_recobin3 acc 0.0681 eff 0.0002 outinratio 0.0053 

WminusH124_4e_TCjmax_pT4l_genbin7_recobin3 acc 0.116 eff 0.0045 outinratio 0.0201 

WplusH124_4e_TCjmax_pT4l_genbin7_recobin3 acc 0.105 eff 0.0021 outinratio 0.0149 

ZH124_4e_TCjmax_pT4l_genbin7_recobin3 acc 0.1181 eff 0.0034 outinratio 0.0 

ttH124_4e_TCjmax_pT4l_genbin7_recobin3 acc 0.3356 eff 0.001 outinratio 0.6335 

ggH124_4e_TCjmax_pT4l_genbin8_recobin3 acc 0.0044 eff 0.0 outinratio 0.0026 

VBFH124_4e_TCjmax_pT4l_genbin8_recobin3 acc 0.0143 eff 0.0 outinratio 0.0053 

WminusH124_4e_TCjmax_pT4l_genbin8_recobin3 acc 0.0124 eff 0.0 outinratio 0.0201 

WplusH124_4e_TCjmax_pT4l_genbin8_recobin3 acc 0.0155 eff 0.0 outinratio 0.0149 

ZH124_4e_TCjmax_pT4l_genbin8_recobin3 acc 0.0115 eff 0.0 outinratio 0.0 

ttH124_4e_TCjmax_pT4l_genbin8_recobin3 acc 0.0507 eff 0.0 outinratio 0.6335 

ggH124_4e_TCjmax_pT4l_genbin0_recobin4 acc 0.2631 eff 0.0006 outinratio 0.0222 

VBFH124_4e_TCjmax_pT4l_genbin0_recobin4 acc 0.0654 eff 0.0065 outinratio 0.0081 

WminusH124_4e_TCjmax_pT4l_genbin0_recobin4 acc 0.0968 eff 0.0075 outinratio 0.0184 

WplusH124_4e_TCjmax_pT4l_genbin0_recobin4 acc 0.0822 eff 0.007 outinratio 0.011 

ZH124_4e_TCjmax_pT4l_genbin0_recobin4 acc 0.0794 eff 0.0084 outinratio 0.0214 

ttH124_4e_TCjmax_pT4l_genbin0_recobin4 acc 0.0011 eff -1.0 outinratio 0.0 

ggH124_4e_TCjmax_pT4l_genbin1_recobin4 acc 0.0155 eff 0.0 outinratio 0.0222 

VBFH124_4e_TCjmax_pT4l_genbin1_recobin4 acc 0.0279 eff 0.0 outinratio 0.0081 

WminusH124_4e_TCjmax_pT4l_genbin1_recobin4 acc 0.0293 eff 0.0 outinratio 0.0184 

WplusH124_4e_TCjmax_pT4l_genbin1_recobin4 acc 0.0244 eff 0.0 outinratio 0.011 

ZH124_4e_TCjmax_pT4l_genbin1_recobin4 acc 0.0281 eff 0.0 outinratio 0.0214 

ttH124_4e_TCjmax_pT4l_genbin1_recobin4 acc 0.0083 eff 0.0 outinratio 0.0 

ggH124_4e_TCjmax_pT4l_genbin2_recobin4 acc 0.0322 eff 0.0 outinratio 0.0222 

VBFH124_4e_TCjmax_pT4l_genbin2_recobin4 acc 0.0417 eff 0.0 outinratio 0.0081 

WminusH124_4e_TCjmax_pT4l_genbin2_recobin4 acc 0.0379 eff 0.0 outinratio 0.0184 

WplusH124_4e_TCjmax_pT4l_genbin2_recobin4 acc 0.0291 eff 0.0 outinratio 0.011 

ZH124_4e_TCjmax_pT4l_genbin2_recobin4 acc 0.0323 eff 0.0 outinratio 0.0214 

ttH124_4e_TCjmax_pT4l_genbin2_recobin4 acc 0.0107 eff 0.0 outinratio 0.0 

ggH124_4e_TCjmax_pT4l_genbin3_recobin4 acc 0.0211 eff 0.0116 outinratio 0.0222 

VBFH124_4e_TCjmax_pT4l_genbin3_recobin4 acc 0.0403 eff 0.0204 outinratio 0.0081 

WminusH124_4e_TCjmax_pT4l_genbin3_recobin4 acc 0.0256 eff 0.0157 outinratio 0.0184 

WplusH124_4e_TCjmax_pT4l_genbin3_recobin4 acc 0.0222 eff 0.0167 outinratio 0.011 

ZH124_4e_TCjmax_pT4l_genbin3_recobin4 acc 0.0251 eff 0.0147 outinratio 0.0214 

ttH124_4e_TCjmax_pT4l_genbin3_recobin4 acc 0.0092 eff 0.0 outinratio 0.0 

ggH124_4e_TCjmax_pT4l_genbin4_recobin4 acc 0.0195 eff 0.3113 outinratio 0.0222 

VBFH124_4e_TCjmax_pT4l_genbin4_recobin4 acc 0.0534 eff 0.3261 outinratio 0.0081 

WminusH124_4e_TCjmax_pT4l_genbin4_recobin4 acc 0.0271 eff 0.263 outinratio 0.0184 

WplusH124_4e_TCjmax_pT4l_genbin4_recobin4 acc 0.0235 eff 0.2613 outinratio 0.011 

ZH124_4e_TCjmax_pT4l_genbin4_recobin4 acc 0.0279 eff 0.2906 outinratio 0.0214 

ttH124_4e_TCjmax_pT4l_genbin4_recobin4 acc 0.0088 eff 0.2374 outinratio 0.0 

ggH124_4e_TCjmax_pT4l_genbin5_recobin4 acc 0.014 eff 0.0584 outinratio 0.0222 

VBFH124_4e_TCjmax_pT4l_genbin5_recobin4 acc 0.0677 eff 0.0157 outinratio 0.0081 

WminusH124_4e_TCjmax_pT4l_genbin5_recobin4 acc 0.0246 eff 0.0155 outinratio 0.0184 

WplusH124_4e_TCjmax_pT4l_genbin5_recobin4 acc 0.0219 eff 0.0208 outinratio 0.011 

ZH124_4e_TCjmax_pT4l_genbin5_recobin4 acc 0.023 eff 0.0251 outinratio 0.0214 

ttH124_4e_TCjmax_pT4l_genbin5_recobin4 acc 0.0133 eff 0.0208 outinratio 0.0 

ggH124_4e_TCjmax_pT4l_genbin6_recobin4 acc 0.0106 eff 0.0 outinratio 0.0222 

VBFH124_4e_TCjmax_pT4l_genbin6_recobin4 acc 0.0729 eff 0.0 outinratio 0.0081 

WminusH124_4e_TCjmax_pT4l_genbin6_recobin4 acc 0.0162 eff 0.0 outinratio 0.0184 

WplusH124_4e_TCjmax_pT4l_genbin6_recobin4 acc 0.0152 eff 0.0 outinratio 0.011 

ZH124_4e_TCjmax_pT4l_genbin6_recobin4 acc 0.0164 eff 0.0 outinratio 0.0214 

ttH124_4e_TCjmax_pT4l_genbin6_recobin4 acc 0.0218 eff 0.0 outinratio 0.0 

ggH124_4e_TCjmax_pT4l_genbin7_recobin4 acc 0.0289 eff 0.0057 outinratio 0.0222 

VBFH124_4e_TCjmax_pT4l_genbin7_recobin4 acc 0.0681 eff 0.0004 outinratio 0.0081 

WminusH124_4e_TCjmax_pT4l_genbin7_recobin4 acc 0.116 eff 0.0056 outinratio 0.0184 

WplusH124_4e_TCjmax_pT4l_genbin7_recobin4 acc 0.105 eff 0.0068 outinratio 0.011 

ZH124_4e_TCjmax_pT4l_genbin7_recobin4 acc 0.1181 eff 0.0149 outinratio 0.0214 

ttH124_4e_TCjmax_pT4l_genbin7_recobin4 acc 0.3356 eff 0.0011 outinratio 0.0 

ggH124_4e_TCjmax_pT4l_genbin8_recobin4 acc 0.0044 eff 0.0 outinratio 0.0222 

VBFH124_4e_TCjmax_pT4l_genbin8_recobin4 acc 0.0143 eff 0.0 outinratio 0.0081 

WminusH124_4e_TCjmax_pT4l_genbin8_recobin4 acc 0.0124 eff 0.0 outinratio 0.0184 

WplusH124_4e_TCjmax_pT4l_genbin8_recobin4 acc 0.0155 eff 0.0 outinratio 0.011 

ZH124_4e_TCjmax_pT4l_genbin8_recobin4 acc 0.0115 eff 0.0 outinratio 0.0214 

ttH124_4e_TCjmax_pT4l_genbin8_recobin4 acc 0.0507 eff 0.0 outinratio 0.0 

ggH124_4e_TCjmax_pT4l_genbin0_recobin5 acc 0.2631 eff 0.0002 outinratio 0.0 

VBFH124_4e_TCjmax_pT4l_genbin0_recobin5 acc 0.0654 eff 0.0046 outinratio 0.0128 

WminusH124_4e_TCjmax_pT4l_genbin0_recobin5 acc 0.0968 eff 0.0072 outinratio 0.0193 

WplusH124_4e_TCjmax_pT4l_genbin0_recobin5 acc 0.0822 eff 0.0072 outinratio 0.0286 

ZH124_4e_TCjmax_pT4l_genbin0_recobin5 acc 0.0794 eff 0.0037 outinratio 0.0618 

ttH124_4e_TCjmax_pT4l_genbin0_recobin5 acc 0.0011 eff -1.0 outinratio 0.0862 

ggH124_4e_TCjmax_pT4l_genbin1_recobin5 acc 0.0155 eff 0.0 outinratio 0.0 

VBFH124_4e_TCjmax_pT4l_genbin1_recobin5 acc 0.0279 eff 0.0 outinratio 0.0128 

WminusH124_4e_TCjmax_pT4l_genbin1_recobin5 acc 0.0293 eff 0.0 outinratio 0.0193 

WplusH124_4e_TCjmax_pT4l_genbin1_recobin5 acc 0.0244 eff 0.0 outinratio 0.0286 

ZH124_4e_TCjmax_pT4l_genbin1_recobin5 acc 0.0281 eff 0.0 outinratio 0.0618 

ttH124_4e_TCjmax_pT4l_genbin1_recobin5 acc 0.0083 eff 0.0 outinratio 0.0862 

ggH124_4e_TCjmax_pT4l_genbin2_recobin5 acc 0.0322 eff 0.0 outinratio 0.0 

VBFH124_4e_TCjmax_pT4l_genbin2_recobin5 acc 0.0417 eff 0.0 outinratio 0.0128 

WminusH124_4e_TCjmax_pT4l_genbin2_recobin5 acc 0.0379 eff 0.0 outinratio 0.0193 

WplusH124_4e_TCjmax_pT4l_genbin2_recobin5 acc 0.0291 eff 0.0 outinratio 0.0286 

ZH124_4e_TCjmax_pT4l_genbin2_recobin5 acc 0.0323 eff 0.0 outinratio 0.0618 

ttH124_4e_TCjmax_pT4l_genbin2_recobin5 acc 0.0107 eff 0.0 outinratio 0.0862 

ggH124_4e_TCjmax_pT4l_genbin3_recobin5 acc 0.0211 eff 0.0 outinratio 0.0 

VBFH124_4e_TCjmax_pT4l_genbin3_recobin5 acc 0.0403 eff 0.0 outinratio 0.0128 

WminusH124_4e_TCjmax_pT4l_genbin3_recobin5 acc 0.0256 eff 0.0 outinratio 0.0193 

WplusH124_4e_TCjmax_pT4l_genbin3_recobin5 acc 0.0222 eff 0.0 outinratio 0.0286 

ZH124_4e_TCjmax_pT4l_genbin3_recobin5 acc 0.0251 eff 0.0 outinratio 0.0618 

ttH124_4e_TCjmax_pT4l_genbin3_recobin5 acc 0.0092 eff 0.0 outinratio 0.0862 

ggH124_4e_TCjmax_pT4l_genbin4_recobin5 acc 0.0195 eff 0.0186 outinratio 0.0 

VBFH124_4e_TCjmax_pT4l_genbin4_recobin5 acc 0.0534 eff 0.014 outinratio 0.0128 

WminusH124_4e_TCjmax_pT4l_genbin4_recobin5 acc 0.0271 eff 0.011 outinratio 0.0193 

WplusH124_4e_TCjmax_pT4l_genbin4_recobin5 acc 0.0235 eff 0.0064 outinratio 0.0286 

ZH124_4e_TCjmax_pT4l_genbin4_recobin5 acc 0.0279 eff 0.0032 outinratio 0.0618 

ttH124_4e_TCjmax_pT4l_genbin4_recobin5 acc 0.0088 eff 0.0 outinratio 0.0862 

ggH124_4e_TCjmax_pT4l_genbin5_recobin5 acc 0.014 eff 0.2551 outinratio 0.0 

VBFH124_4e_TCjmax_pT4l_genbin5_recobin5 acc 0.0677 eff 0.3631 outinratio 0.0128 

WminusH124_4e_TCjmax_pT4l_genbin5_recobin5 acc 0.0246 eff 0.2925 outinratio 0.0193 

WplusH124_4e_TCjmax_pT4l_genbin5_recobin5 acc 0.0219 eff 0.2709 outinratio 0.0286 

ZH124_4e_TCjmax_pT4l_genbin5_recobin5 acc 0.023 eff 0.2891 outinratio 0.0618 

ttH124_4e_TCjmax_pT4l_genbin5_recobin5 acc 0.0133 eff 0.223 outinratio 0.0862 

ggH124_4e_TCjmax_pT4l_genbin6_recobin5 acc 0.0106 eff 0.0014 outinratio 0.0 

VBFH124_4e_TCjmax_pT4l_genbin6_recobin5 acc 0.0729 eff 0.0216 outinratio 0.0128 

WminusH124_4e_TCjmax_pT4l_genbin6_recobin5 acc 0.0162 eff 0.0131 outinratio 0.0193 

WplusH124_4e_TCjmax_pT4l_genbin6_recobin5 acc 0.0152 eff 0.0132 outinratio 0.0286 

ZH124_4e_TCjmax_pT4l_genbin6_recobin5 acc 0.0164 eff 0.0 outinratio 0.0618 

ttH124_4e_TCjmax_pT4l_genbin6_recobin5 acc 0.0218 eff 0.0 outinratio 0.0862 

ggH124_4e_TCjmax_pT4l_genbin7_recobin5 acc 0.0289 eff 0.0072 outinratio 0.0 

VBFH124_4e_TCjmax_pT4l_genbin7_recobin5 acc 0.0681 eff 0.0052 outinratio 0.0128 

WminusH124_4e_TCjmax_pT4l_genbin7_recobin5 acc 0.116 eff 0.0088 outinratio 0.0193 

WplusH124_4e_TCjmax_pT4l_genbin7_recobin5 acc 0.105 eff 0.0076 outinratio 0.0286 

ZH124_4e_TCjmax_pT4l_genbin7_recobin5 acc 0.1181 eff 0.0074 outinratio 0.0618 

ttH124_4e_TCjmax_pT4l_genbin7_recobin5 acc 0.3356 eff 0.0024 outinratio 0.0862 

ggH124_4e_TCjmax_pT4l_genbin8_recobin5 acc 0.0044 eff 0.0 outinratio 0.0 

VBFH124_4e_TCjmax_pT4l_genbin8_recobin5 acc 0.0143 eff 0.0 outinratio 0.0128 

WminusH124_4e_TCjmax_pT4l_genbin8_recobin5 acc 0.0124 eff 0.0 outinratio 0.0193 

WplusH124_4e_TCjmax_pT4l_genbin8_recobin5 acc 0.0155 eff 0.0 outinratio 0.0286 

ZH124_4e_TCjmax_pT4l_genbin8_recobin5 acc 0.0115 eff 0.0 outinratio 0.0618 

ttH124_4e_TCjmax_pT4l_genbin8_recobin5 acc 0.0507 eff 0.0 outinratio 0.0862 

ggH124_4e_TCjmax_pT4l_genbin0_recobin6 acc 0.2631 eff 0.0 outinratio 0.0 

VBFH124_4e_TCjmax_pT4l_genbin0_recobin6 acc 0.0654 eff 0.0 outinratio 0.0115 

WminusH124_4e_TCjmax_pT4l_genbin0_recobin6 acc 0.0968 eff 0.0094 outinratio 0.0231 

WplusH124_4e_TCjmax_pT4l_genbin0_recobin6 acc 0.0822 eff 0.0138 outinratio 0.0287 

ZH124_4e_TCjmax_pT4l_genbin0_recobin6 acc 0.0794 eff 0.0036 outinratio 0.0285 

ttH124_4e_TCjmax_pT4l_genbin0_recobin6 acc 0.0011 eff -1.0 outinratio 0.0428 

ggH124_4e_TCjmax_pT4l_genbin1_recobin6 acc 0.0155 eff 0.0 outinratio 0.0 

VBFH124_4e_TCjmax_pT4l_genbin1_recobin6 acc 0.0279 eff 0.0 outinratio 0.0115 

WminusH124_4e_TCjmax_pT4l_genbin1_recobin6 acc 0.0293 eff 0.0 outinratio 0.0231 

WplusH124_4e_TCjmax_pT4l_genbin1_recobin6 acc 0.0244 eff 0.0 outinratio 0.0287 

ZH124_4e_TCjmax_pT4l_genbin1_recobin6 acc 0.0281 eff 0.0 outinratio 0.0285 

ttH124_4e_TCjmax_pT4l_genbin1_recobin6 acc 0.0083 eff 0.0 outinratio 0.0428 

ggH124_4e_TCjmax_pT4l_genbin2_recobin6 acc 0.0322 eff 0.0 outinratio 0.0 

VBFH124_4e_TCjmax_pT4l_genbin2_recobin6 acc 0.0417 eff 0.0 outinratio 0.0115 

WminusH124_4e_TCjmax_pT4l_genbin2_recobin6 acc 0.0379 eff 0.0 outinratio 0.0231 

WplusH124_4e_TCjmax_pT4l_genbin2_recobin6 acc 0.0291 eff 0.0 outinratio 0.0287 

ZH124_4e_TCjmax_pT4l_genbin2_recobin6 acc 0.0323 eff 0.0 outinratio 0.0285 

ttH124_4e_TCjmax_pT4l_genbin2_recobin6 acc 0.0107 eff 0.0 outinratio 0.0428 

ggH124_4e_TCjmax_pT4l_genbin3_recobin6 acc 0.0211 eff 0.0 outinratio 0.0 

VBFH124_4e_TCjmax_pT4l_genbin3_recobin6 acc 0.0403 eff 0.0 outinratio 0.0115 

WminusH124_4e_TCjmax_pT4l_genbin3_recobin6 acc 0.0256 eff 0.0 outinratio 0.0231 

WplusH124_4e_TCjmax_pT4l_genbin3_recobin6 acc 0.0222 eff 0.0 outinratio 0.0287 

ZH124_4e_TCjmax_pT4l_genbin3_recobin6 acc 0.0251 eff 0.0 outinratio 0.0285 

ttH124_4e_TCjmax_pT4l_genbin3_recobin6 acc 0.0092 eff 0.0 outinratio 0.0428 

ggH124_4e_TCjmax_pT4l_genbin4_recobin6 acc 0.0195 eff 0.0 outinratio 0.0 

VBFH124_4e_TCjmax_pT4l_genbin4_recobin6 acc 0.0534 eff 0.0 outinratio 0.0115 

WminusH124_4e_TCjmax_pT4l_genbin4_recobin6 acc 0.0271 eff 0.0 outinratio 0.0231 

WplusH124_4e_TCjmax_pT4l_genbin4_recobin6 acc 0.0235 eff 0.0 outinratio 0.0287 

ZH124_4e_TCjmax_pT4l_genbin4_recobin6 acc 0.0279 eff 0.0 outinratio 0.0285 

ttH124_4e_TCjmax_pT4l_genbin4_recobin6 acc 0.0088 eff 0.0 outinratio 0.0428 

ggH124_4e_TCjmax_pT4l_genbin5_recobin6 acc 0.014 eff 0.001 outinratio 0.0 

VBFH124_4e_TCjmax_pT4l_genbin5_recobin6 acc 0.0677 eff 0.0072 outinratio 0.0115 

WminusH124_4e_TCjmax_pT4l_genbin5_recobin6 acc 0.0246 eff 0.0058 outinratio 0.0231 

WplusH124_4e_TCjmax_pT4l_genbin5_recobin6 acc 0.0219 eff 0.0018 outinratio 0.0287 

ZH124_4e_TCjmax_pT4l_genbin5_recobin6 acc 0.023 eff 0.0 outinratio 0.0285 

ttH124_4e_TCjmax_pT4l_genbin5_recobin6 acc 0.0133 eff 0.0 outinratio 0.0428 

ggH124_4e_TCjmax_pT4l_genbin6_recobin6 acc 0.0106 eff 0.4164 outinratio 0.0 

VBFH124_4e_TCjmax_pT4l_genbin6_recobin6 acc 0.0729 eff 0.424 outinratio 0.0115 

WminusH124_4e_TCjmax_pT4l_genbin6_recobin6 acc 0.0162 eff 0.3437 outinratio 0.0231 

WplusH124_4e_TCjmax_pT4l_genbin6_recobin6 acc 0.0152 eff 0.3129 outinratio 0.0287 

ZH124_4e_TCjmax_pT4l_genbin6_recobin6 acc 0.0164 eff 0.4197 outinratio 0.0285 

ttH124_4e_TCjmax_pT4l_genbin6_recobin6 acc 0.0218 eff 0.2947 outinratio 0.0428 

ggH124_4e_TCjmax_pT4l_genbin7_recobin6 acc 0.0289 eff 0.0143 outinratio 0.0 

VBFH124_4e_TCjmax_pT4l_genbin7_recobin6 acc 0.0681 eff 0.0186 outinratio 0.0115 

WminusH124_4e_TCjmax_pT4l_genbin7_recobin6 acc 0.116 eff 0.0072 outinratio 0.0231 

WplusH124_4e_TCjmax_pT4l_genbin7_recobin6 acc 0.105 eff 0.0066 outinratio 0.0287 

ZH124_4e_TCjmax_pT4l_genbin7_recobin6 acc 0.1181 eff 0.0159 outinratio 0.0285 

ttH124_4e_TCjmax_pT4l_genbin7_recobin6 acc 0.3356 eff 0.0064 outinratio 0.0428 

ggH124_4e_TCjmax_pT4l_genbin8_recobin6 acc 0.0044 eff 0.0014 outinratio 0.0 

VBFH124_4e_TCjmax_pT4l_genbin8_recobin6 acc 0.0143 eff 0.0225 outinratio 0.0115 

WminusH124_4e_TCjmax_pT4l_genbin8_recobin6 acc 0.0124 eff 0.0068 outinratio 0.0231 

WplusH124_4e_TCjmax_pT4l_genbin8_recobin6 acc 0.0155 eff 0.007 outinratio 0.0287 

ZH124_4e_TCjmax_pT4l_genbin8_recobin6 acc 0.0115 eff 0.0238 outinratio 0.0285 

ttH124_4e_TCjmax_pT4l_genbin8_recobin6 acc 0.0507 eff 0.0091 outinratio 0.0428 

ggH124_4e_TCjmax_pT4l_genbin0_recobin7 acc 0.2631 eff 0.0021 outinratio 0.0 

VBFH124_4e_TCjmax_pT4l_genbin0_recobin7 acc 0.0654 eff 0.0023 outinratio 0.0135 

WminusH124_4e_TCjmax_pT4l_genbin0_recobin7 acc 0.0968 eff 0.0151 outinratio 0.0156 

WplusH124_4e_TCjmax_pT4l_genbin0_recobin7 acc 0.0822 eff 0.0204 outinratio 0.0215 

ZH124_4e_TCjmax_pT4l_genbin0_recobin7 acc 0.0794 eff 0.0087 outinratio 0.0207 

ttH124_4e_TCjmax_pT4l_genbin0_recobin7 acc 0.0011 eff -1.0 outinratio 0.0595 

ggH124_4e_TCjmax_pT4l_genbin1_recobin7 acc 0.0155 eff 0.0053 outinratio 0.0 

VBFH124_4e_TCjmax_pT4l_genbin1_recobin7 acc 0.0279 eff 0.0218 outinratio 0.0135 

WminusH124_4e_TCjmax_pT4l_genbin1_recobin7 acc 0.0293 eff 0.0236 outinratio 0.0156 

WplusH124_4e_TCjmax_pT4l_genbin1_recobin7 acc 0.0244 eff 0.0197 outinratio 0.0215 

ZH124_4e_TCjmax_pT4l_genbin1_recobin7 acc 0.0281 eff 0.0552 outinratio 0.0207 

ttH124_4e_TCjmax_pT4l_genbin1_recobin7 acc 0.0083 eff 0.1922 outinratio 0.0595 

ggH124_4e_TCjmax_pT4l_genbin2_recobin7 acc 0.0322 eff 0.0009 outinratio 0.0 

VBFH124_4e_TCjmax_pT4l_genbin2_recobin7 acc 0.0417 eff 0.01 outinratio 0.0135 

WminusH124_4e_TCjmax_pT4l_genbin2_recobin7 acc 0.0379 eff 0.0263 outinratio 0.0156 

WplusH124_4e_TCjmax_pT4l_genbin2_recobin7 acc 0.0291 eff 0.0302 outinratio 0.0215 

ZH124_4e_TCjmax_pT4l_genbin2_recobin7 acc 0.0323 eff 0.0299 outinratio 0.0207 

ttH124_4e_TCjmax_pT4l_genbin2_recobin7 acc 0.0107 eff 0.0005 outinratio 0.0595 

ggH124_4e_TCjmax_pT4l_genbin3_recobin7 acc 0.0211 eff 0.0051 outinratio 0.0 

VBFH124_4e_TCjmax_pT4l_genbin3_recobin7 acc 0.0403 eff 0.0082 outinratio 0.0135 

WminusH124_4e_TCjmax_pT4l_genbin3_recobin7 acc 0.0256 eff 0.0382 outinratio 0.0156 

WplusH124_4e_TCjmax_pT4l_genbin3_recobin7 acc 0.0222 eff 0.0274 outinratio 0.0215 

ZH124_4e_TCjmax_pT4l_genbin3_recobin7 acc 0.0251 eff 0.0678 outinratio 0.0207 

ttH124_4e_TCjmax_pT4l_genbin3_recobin7 acc 0.0092 eff 0.1029 outinratio 0.0595 

ggH124_4e_TCjmax_pT4l_genbin4_recobin7 acc 0.0195 eff 0.0141 outinratio 0.0 

VBFH124_4e_TCjmax_pT4l_genbin4_recobin7 acc 0.0534 eff 0.0149 outinratio 0.0135 

WminusH124_4e_TCjmax_pT4l_genbin4_recobin7 acc 0.0271 eff 0.045 outinratio 0.0156 

WplusH124_4e_TCjmax_pT4l_genbin4_recobin7 acc 0.0235 eff 0.0506 outinratio 0.0215 

ZH124_4e_TCjmax_pT4l_genbin4_recobin7 acc 0.0279 eff 0.0704 outinratio 0.0207 

ttH124_4e_TCjmax_pT4l_genbin4_recobin7 acc 0.0088 eff 0.0402 outinratio 0.0595 

ggH124_4e_TCjmax_pT4l_genbin5_recobin7 acc 0.014 eff 0.0154 outinratio 0.0 

VBFH124_4e_TCjmax_pT4l_genbin5_recobin7 acc 0.0677 eff 0.0151 outinratio 0.0135 

WminusH124_4e_TCjmax_pT4l_genbin5_recobin7 acc 0.0246 eff 0.0463 outinratio 0.0156 

WplusH124_4e_TCjmax_pT4l_genbin5_recobin7 acc 0.0219 eff 0.039 outinratio 0.0215 

ZH124_4e_TCjmax_pT4l_genbin5_recobin7 acc 0.023 eff 0.0833 outinratio 0.0207 

ttH124_4e_TCjmax_pT4l_genbin5_recobin7 acc 0.0133 eff 0.078 outinratio 0.0595 

ggH124_4e_TCjmax_pT4l_genbin6_recobin7 acc 0.0106 eff 0.0441 outinratio 0.0 

VBFH124_4e_TCjmax_pT4l_genbin6_recobin7 acc 0.0729 eff 0.0193 outinratio 0.0135 

WminusH124_4e_TCjmax_pT4l_genbin6_recobin7 acc 0.0162 eff 0.055 outinratio 0.0156 

WplusH124_4e_TCjmax_pT4l_genbin6_recobin7 acc 0.0152 eff 0.0566 outinratio 0.0215 

ZH124_4e_TCjmax_pT4l_genbin6_recobin7 acc 0.0164 eff 0.0041 outinratio 0.0207 

ttH124_4e_TCjmax_pT4l_genbin6_recobin7 acc 0.0218 eff 0.1168 outinratio 0.0595 

ggH124_4e_TCjmax_pT4l_genbin7_recobin7 acc 0.0289 eff 0.3767 outinratio 0.0 

VBFH124_4e_TCjmax_pT4l_genbin7_recobin7 acc 0.0681 eff 0.4014 outinratio 0.0135 

WminusH124_4e_TCjmax_pT4l_genbin7_recobin7 acc 0.116 eff 0.3572 outinratio 0.0156 

WplusH124_4e_TCjmax_pT4l_genbin7_recobin7 acc 0.105 eff 0.3526 outinratio 0.0215 

ZH124_4e_TCjmax_pT4l_genbin7_recobin7 acc 0.1181 eff 0.3235 outinratio 0.0207 

ttH124_4e_TCjmax_pT4l_genbin7_recobin7 acc 0.3356 eff 0.2976 outinratio 0.0595 

ggH124_4e_TCjmax_pT4l_genbin8_recobin7 acc 0.0044 eff 0.0008 outinratio 0.0 

VBFH124_4e_TCjmax_pT4l_genbin8_recobin7 acc 0.0143 eff 0.0071 outinratio 0.0135 

WminusH124_4e_TCjmax_pT4l_genbin8_recobin7 acc 0.0124 eff 0.0137 outinratio 0.0156 

WplusH124_4e_TCjmax_pT4l_genbin8_recobin7 acc 0.0155 eff 0.0161 outinratio 0.0215 

ZH124_4e_TCjmax_pT4l_genbin8_recobin7 acc 0.0115 eff 0.0424 outinratio 0.0207 

ttH124_4e_TCjmax_pT4l_genbin8_recobin7 acc 0.0507 eff 0.014 outinratio 0.0595 

ggH124_4e_TCjmax_pT4l_genbin0_recobin8 acc 0.2631 eff 0.0 outinratio 0.0564 

VBFH124_4e_TCjmax_pT4l_genbin0_recobin8 acc 0.0654 eff 0.0 outinratio 0.0 

WminusH124_4e_TCjmax_pT4l_genbin0_recobin8 acc 0.0968 eff 0.0026 outinratio 0.0185 

WplusH124_4e_TCjmax_pT4l_genbin0_recobin8 acc 0.0822 eff 0.0018 outinratio 0.0193 

ZH124_4e_TCjmax_pT4l_genbin0_recobin8 acc 0.0794 eff 0.0 outinratio 0.0 

ttH124_4e_TCjmax_pT4l_genbin0_recobin8 acc 0.0011 eff -1.0 outinratio -0.0026 

ggH124_4e_TCjmax_pT4l_genbin1_recobin8 acc 0.0155 eff 0.0 outinratio 0.0564 

VBFH124_4e_TCjmax_pT4l_genbin1_recobin8 acc 0.0279 eff 0.0 outinratio 0.0 

WminusH124_4e_TCjmax_pT4l_genbin1_recobin8 acc 0.0293 eff 0.0 outinratio 0.0185 

WplusH124_4e_TCjmax_pT4l_genbin1_recobin8 acc 0.0244 eff 0.0 outinratio 0.0193 

ZH124_4e_TCjmax_pT4l_genbin1_recobin8 acc 0.0281 eff 0.0 outinratio 0.0 

ttH124_4e_TCjmax_pT4l_genbin1_recobin8 acc 0.0083 eff 0.0 outinratio -0.0026 

ggH124_4e_TCjmax_pT4l_genbin2_recobin8 acc 0.0322 eff 0.0 outinratio 0.0564 

VBFH124_4e_TCjmax_pT4l_genbin2_recobin8 acc 0.0417 eff 0.0 outinratio 0.0 

WminusH124_4e_TCjmax_pT4l_genbin2_recobin8 acc 0.0379 eff 0.0 outinratio 0.0185 

WplusH124_4e_TCjmax_pT4l_genbin2_recobin8 acc 0.0291 eff 0.0 outinratio 0.0193 

ZH124_4e_TCjmax_pT4l_genbin2_recobin8 acc 0.0323 eff 0.0 outinratio 0.0 

ttH124_4e_TCjmax_pT4l_genbin2_recobin8 acc 0.0107 eff 0.0 outinratio -0.0026 

ggH124_4e_TCjmax_pT4l_genbin3_recobin8 acc 0.0211 eff 0.0 outinratio 0.0564 

VBFH124_4e_TCjmax_pT4l_genbin3_recobin8 acc 0.0403 eff 0.0 outinratio 0.0 

WminusH124_4e_TCjmax_pT4l_genbin3_recobin8 acc 0.0256 eff 0.0 outinratio 0.0185 

WplusH124_4e_TCjmax_pT4l_genbin3_recobin8 acc 0.0222 eff 0.0 outinratio 0.0193 

ZH124_4e_TCjmax_pT4l_genbin3_recobin8 acc 0.0251 eff 0.0 outinratio 0.0 

ttH124_4e_TCjmax_pT4l_genbin3_recobin8 acc 0.0092 eff 0.0 outinratio -0.0026 

ggH124_4e_TCjmax_pT4l_genbin4_recobin8 acc 0.0195 eff 0.0 outinratio 0.0564 

VBFH124_4e_TCjmax_pT4l_genbin4_recobin8 acc 0.0534 eff 0.0 outinratio 0.0 

WminusH124_4e_TCjmax_pT4l_genbin4_recobin8 acc 0.0271 eff 0.0 outinratio 0.0185 

WplusH124_4e_TCjmax_pT4l_genbin4_recobin8 acc 0.0235 eff 0.0 outinratio 0.0193 

ZH124_4e_TCjmax_pT4l_genbin4_recobin8 acc 0.0279 eff 0.0 outinratio 0.0 

ttH124_4e_TCjmax_pT4l_genbin4_recobin8 acc 0.0088 eff 0.0 outinratio -0.0026 

ggH124_4e_TCjmax_pT4l_genbin5_recobin8 acc 0.014 eff 0.0 outinratio 0.0564 

VBFH124_4e_TCjmax_pT4l_genbin5_recobin8 acc 0.0677 eff 0.0 outinratio 0.0 

WminusH124_4e_TCjmax_pT4l_genbin5_recobin8 acc 0.0246 eff 0.0 outinratio 0.0185 

WplusH124_4e_TCjmax_pT4l_genbin5_recobin8 acc 0.0219 eff 0.0 outinratio 0.0193 

ZH124_4e_TCjmax_pT4l_genbin5_recobin8 acc 0.023 eff 0.0 outinratio 0.0 

ttH124_4e_TCjmax_pT4l_genbin5_recobin8 acc 0.0133 eff 0.0 outinratio -0.0026 

ggH124_4e_TCjmax_pT4l_genbin6_recobin8 acc 0.0106 eff 0.0116 outinratio 0.0564 

VBFH124_4e_TCjmax_pT4l_genbin6_recobin8 acc 0.0729 eff 0.0019 outinratio 0.0 

WminusH124_4e_TCjmax_pT4l_genbin6_recobin8 acc 0.0162 eff 0.0072 outinratio 0.0185 

WplusH124_4e_TCjmax_pT4l_genbin6_recobin8 acc 0.0152 eff 0.0049 outinratio 0.0193 

ZH124_4e_TCjmax_pT4l_genbin6_recobin8 acc 0.0164 eff 0.0 outinratio 0.0 

ttH124_4e_TCjmax_pT4l_genbin6_recobin8 acc 0.0218 eff 0.0273 outinratio -0.0026 

ggH124_4e_TCjmax_pT4l_genbin7_recobin8 acc 0.0289 eff 0.0 outinratio 0.0564 

VBFH124_4e_TCjmax_pT4l_genbin7_recobin8 acc 0.0681 eff 0.0043 outinratio 0.0 

WminusH124_4e_TCjmax_pT4l_genbin7_recobin8 acc 0.116 eff 0.0006 outinratio 0.0185 

WplusH124_4e_TCjmax_pT4l_genbin7_recobin8 acc 0.105 eff 0.0007 outinratio 0.0193 

ZH124_4e_TCjmax_pT4l_genbin7_recobin8 acc 0.1181 eff 0.0 outinratio 0.0 

ttH124_4e_TCjmax_pT4l_genbin7_recobin8 acc 0.3356 eff 0.0007 outinratio -0.0026 

ggH124_4e_TCjmax_pT4l_genbin8_recobin8 acc 0.0044 eff 0.5633 outinratio 0.0564 

VBFH124_4e_TCjmax_pT4l_genbin8_recobin8 acc 0.0143 eff 0.5417 outinratio 0.0 

WminusH124_4e_TCjmax_pT4l_genbin8_recobin8 acc 0.0124 eff 0.4723 outinratio 0.0185 

WplusH124_4e_TCjmax_pT4l_genbin8_recobin8 acc 0.0155 eff 0.4492 outinratio 0.0193 

ZH124_4e_TCjmax_pT4l_genbin8_recobin8 acc 0.0115 eff 0.5179 outinratio 0.0 

ttH124_4e_TCjmax_pT4l_genbin8_recobin8 acc 0.0507 eff 0.4562 outinratio -0.0026 

ggH124_4mu_TCjmax_pT4l_genbin0_recobin0 acc 0.3034 eff 0.724 outinratio 0.004 

VBFH124_4mu_TCjmax_pT4l_genbin0_recobin0 acc 0.0736 eff 0.5988 outinratio 0.0151 

WminusH124_4mu_TCjmax_pT4l_genbin0_recobin0 acc 0.1072 eff 0.5557 outinratio 0.0151 

WplusH124_4mu_TCjmax_pT4l_genbin0_recobin0 acc 0.0907 eff 0.5469 outinratio 0.0143 

ZH124_4mu_TCjmax_pT4l_genbin0_recobin0 acc 0.0852 eff 0.6596 outinratio 0.0774 

ttH124_4mu_TCjmax_pT4l_genbin0_recobin0 acc 0.0011 eff -1.0 outinratio 0.2431 

ggH124_4mu_TCjmax_pT4l_genbin1_recobin0 acc 0.0188 eff 0.1882 outinratio 0.004 

VBFH124_4mu_TCjmax_pT4l_genbin1_recobin0 acc 0.0308 eff 0.0571 outinratio 0.0151 

WminusH124_4mu_TCjmax_pT4l_genbin1_recobin0 acc 0.034 eff 0.0803 outinratio 0.0151 

WplusH124_4mu_TCjmax_pT4l_genbin1_recobin0 acc 0.0271 eff 0.0623 outinratio 0.0143 

ZH124_4mu_TCjmax_pT4l_genbin1_recobin0 acc 0.0306 eff 0.0641 outinratio 0.0774 

ttH124_4mu_TCjmax_pT4l_genbin1_recobin0 acc 0.0095 eff 0.0 outinratio 0.2431 

ggH124_4mu_TCjmax_pT4l_genbin2_recobin0 acc 0.0353 eff 0.1339 outinratio 0.004 

VBFH124_4mu_TCjmax_pT4l_genbin2_recobin0 acc 0.0479 eff 0.0902 outinratio 0.0151 

WminusH124_4mu_TCjmax_pT4l_genbin2_recobin0 acc 0.0408 eff 0.0462 outinratio 0.0151 

WplusH124_4mu_TCjmax_pT4l_genbin2_recobin0 acc 0.0334 eff 0.058 outinratio 0.0143 

ZH124_4mu_TCjmax_pT4l_genbin2_recobin0 acc 0.0417 eff 0.011 outinratio 0.0774 

ttH124_4mu_TCjmax_pT4l_genbin2_recobin0 acc 0.0129 eff 0.0 outinratio 0.2431 

ggH124_4mu_TCjmax_pT4l_genbin3_recobin0 acc 0.0258 eff 0.0618 outinratio 0.004 

VBFH124_4mu_TCjmax_pT4l_genbin3_recobin0 acc 0.0446 eff 0.0822 outinratio 0.0151 

WminusH124_4mu_TCjmax_pT4l_genbin3_recobin0 acc 0.0291 eff 0.0421 outinratio 0.0151 

WplusH124_4mu_TCjmax_pT4l_genbin3_recobin0 acc 0.0247 eff 0.0398 outinratio 0.0143 

ZH124_4mu_TCjmax_pT4l_genbin3_recobin0 acc 0.0275 eff 0.0297 outinratio 0.0774 

ttH124_4mu_TCjmax_pT4l_genbin3_recobin0 acc 0.0092 eff 0.0023 outinratio 0.2431 

ggH124_4mu_TCjmax_pT4l_genbin4_recobin0 acc 0.0228 eff 0.0362 outinratio 0.004 

VBFH124_4mu_TCjmax_pT4l_genbin4_recobin0 acc 0.0619 eff 0.0394 outinratio 0.0151 

WminusH124_4mu_TCjmax_pT4l_genbin4_recobin0 acc 0.0295 eff 0.0335 outinratio 0.0151 

WplusH124_4mu_TCjmax_pT4l_genbin4_recobin0 acc 0.026 eff 0.0331 outinratio 0.0143 

ZH124_4mu_TCjmax_pT4l_genbin4_recobin0 acc 0.028 eff 0.0253 outinratio 0.0774 

ttH124_4mu_TCjmax_pT4l_genbin4_recobin0 acc 0.0118 eff 0.0 outinratio 0.2431 

ggH124_4mu_TCjmax_pT4l_genbin5_recobin0 acc 0.0199 eff 0.0118 outinratio 0.004 

VBFH124_4mu_TCjmax_pT4l_genbin5_recobin0 acc 0.0729 eff 0.0221 outinratio 0.0151 

WminusH124_4mu_TCjmax_pT4l_genbin5_recobin0 acc 0.0271 eff 0.0182 outinratio 0.0151 

WplusH124_4mu_TCjmax_pT4l_genbin5_recobin0 acc 0.0251 eff 0.0265 outinratio 0.0143 

ZH124_4mu_TCjmax_pT4l_genbin5_recobin0 acc 0.0262 eff 0.0434 outinratio 0.0774 

ttH124_4mu_TCjmax_pT4l_genbin5_recobin0 acc 0.0148 eff 0.0 outinratio 0.2431 

ggH124_4mu_TCjmax_pT4l_genbin6_recobin0 acc 0.0086 eff 0.01 outinratio 0.004 

VBFH124_4mu_TCjmax_pT4l_genbin6_recobin0 acc 0.0804 eff 0.0027 outinratio 0.0151 

WminusH124_4mu_TCjmax_pT4l_genbin6_recobin0 acc 0.0178 eff 0.0316 outinratio 0.0151 

WplusH124_4mu_TCjmax_pT4l_genbin6_recobin0 acc 0.017 eff 0.0318 outinratio 0.0143 

ZH124_4mu_TCjmax_pT4l_genbin6_recobin0 acc 0.0159 eff 0.1022 outinratio 0.0774 

ttH124_4mu_TCjmax_pT4l_genbin6_recobin0 acc 0.0223 eff 0.0 outinratio 0.2431 

ggH124_4mu_TCjmax_pT4l_genbin7_recobin0 acc 0.0291 eff 0.0029 outinratio 0.004 

VBFH124_4mu_TCjmax_pT4l_genbin7_recobin0 acc 0.0786 eff 0.0091 outinratio 0.0151 

WminusH124_4mu_TCjmax_pT4l_genbin7_recobin0 acc 0.1258 eff 0.0032 outinratio 0.0151 

WplusH124_4mu_TCjmax_pT4l_genbin7_recobin0 acc 0.1166 eff 0.0025 outinratio 0.0143 

ZH124_4mu_TCjmax_pT4l_genbin7_recobin0 acc 0.1278 eff 0.0023 outinratio 0.0774 

ttH124_4mu_TCjmax_pT4l_genbin7_recobin0 acc 0.3766 eff 0.0013 outinratio 0.2431 

ggH124_4mu_TCjmax_pT4l_genbin8_recobin0 acc 0.0045 eff 0.0 outinratio 0.004 

VBFH124_4mu_TCjmax_pT4l_genbin8_recobin0 acc 0.0115 eff 0.0075 outinratio 0.0151 

WminusH124_4mu_TCjmax_pT4l_genbin8_recobin0 acc 0.0142 eff 0.0 outinratio 0.0151 

WplusH124_4mu_TCjmax_pT4l_genbin8_recobin0 acc 0.0166 eff 0.0 outinratio 0.0143 

ZH124_4mu_TCjmax_pT4l_genbin8_recobin0 acc 0.0164 eff 0.0 outinratio 0.0774 

ttH124_4mu_TCjmax_pT4l_genbin8_recobin0 acc 0.0464 eff 0.0 outinratio 0.2431 

ggH124_4mu_TCjmax_pT4l_genbin0_recobin1 acc 0.3034 eff 0.0497 outinratio 0.0 

VBFH124_4mu_TCjmax_pT4l_genbin0_recobin1 acc 0.0736 eff 0.073 outinratio 0.0075 

WminusH124_4mu_TCjmax_pT4l_genbin0_recobin1 acc 0.1072 eff 0.0445 outinratio 0.0089 

WplusH124_4mu_TCjmax_pT4l_genbin0_recobin1 acc 0.0907 eff 0.04 outinratio 0.0076 

ZH124_4mu_TCjmax_pT4l_genbin0_recobin1 acc 0.0852 eff 0.0133 outinratio 0.0237 

ttH124_4mu_TCjmax_pT4l_genbin0_recobin1 acc 0.0011 eff -1.0 outinratio 0.0533 

ggH124_4mu_TCjmax_pT4l_genbin1_recobin1 acc 0.0188 eff 0.5481 outinratio 0.0 

VBFH124_4mu_TCjmax_pT4l_genbin1_recobin1 acc 0.0308 eff 0.7262 outinratio 0.0075 

WminusH124_4mu_TCjmax_pT4l_genbin1_recobin1 acc 0.034 eff 0.5846 outinratio 0.0089 

WplusH124_4mu_TCjmax_pT4l_genbin1_recobin1 acc 0.0271 eff 0.6002 outinratio 0.0076 

ZH124_4mu_TCjmax_pT4l_genbin1_recobin1 acc 0.0306 eff 0.6601 outinratio 0.0237 

ttH124_4mu_TCjmax_pT4l_genbin1_recobin1 acc 0.0095 eff 0.2873 outinratio 0.0533 

ggH124_4mu_TCjmax_pT4l_genbin2_recobin1 acc 0.0353 eff 0.0217 outinratio 0.0 

VBFH124_4mu_TCjmax_pT4l_genbin2_recobin1 acc 0.0479 eff 0.0043 outinratio 0.0075 

WminusH124_4mu_TCjmax_pT4l_genbin2_recobin1 acc 0.0408 eff 0.0153 outinratio 0.0089 

WplusH124_4mu_TCjmax_pT4l_genbin2_recobin1 acc 0.0334 eff 0.0175 outinratio 0.0076 

ZH124_4mu_TCjmax_pT4l_genbin2_recobin1 acc 0.0417 eff 0.0258 outinratio 0.0237 

ttH124_4mu_TCjmax_pT4l_genbin2_recobin1 acc 0.0129 eff 0.0032 outinratio 0.0533 

ggH124_4mu_TCjmax_pT4l_genbin3_recobin1 acc 0.0258 eff 0.0 outinratio 0.0 

VBFH124_4mu_TCjmax_pT4l_genbin3_recobin1 acc 0.0446 eff 0.0 outinratio 0.0075 

WminusH124_4mu_TCjmax_pT4l_genbin3_recobin1 acc 0.0291 eff 0.0 outinratio 0.0089 

WplusH124_4mu_TCjmax_pT4l_genbin3_recobin1 acc 0.0247 eff 0.0 outinratio 0.0076 

ZH124_4mu_TCjmax_pT4l_genbin3_recobin1 acc 0.0275 eff 0.0 outinratio 0.0237 

ttH124_4mu_TCjmax_pT4l_genbin3_recobin1 acc 0.0092 eff 0.0 outinratio 0.0533 

ggH124_4mu_TCjmax_pT4l_genbin4_recobin1 acc 0.0228 eff 0.0 outinratio 0.0 

VBFH124_4mu_TCjmax_pT4l_genbin4_recobin1 acc 0.0619 eff 0.0 outinratio 0.0075 

WminusH124_4mu_TCjmax_pT4l_genbin4_recobin1 acc 0.0295 eff 0.0 outinratio 0.0089 

WplusH124_4mu_TCjmax_pT4l_genbin4_recobin1 acc 0.026 eff 0.0 outinratio 0.0076 

ZH124_4mu_TCjmax_pT4l_genbin4_recobin1 acc 0.028 eff 0.0 outinratio 0.0237 

ttH124_4mu_TCjmax_pT4l_genbin4_recobin1 acc 0.0118 eff 0.0 outinratio 0.0533 

ggH124_4mu_TCjmax_pT4l_genbin5_recobin1 acc 0.0199 eff 0.0 outinratio 0.0 

VBFH124_4mu_TCjmax_pT4l_genbin5_recobin1 acc 0.0729 eff 0.0 outinratio 0.0075 

WminusH124_4mu_TCjmax_pT4l_genbin5_recobin1 acc 0.0271 eff 0.0 outinratio 0.0089 

WplusH124_4mu_TCjmax_pT4l_genbin5_recobin1 acc 0.0251 eff 0.0 outinratio 0.0076 

ZH124_4mu_TCjmax_pT4l_genbin5_recobin1 acc 0.0262 eff 0.0 outinratio 0.0237 

ttH124_4mu_TCjmax_pT4l_genbin5_recobin1 acc 0.0148 eff 0.0 outinratio 0.0533 

ggH124_4mu_TCjmax_pT4l_genbin6_recobin1 acc 0.0086 eff 0.0 outinratio 0.0 

VBFH124_4mu_TCjmax_pT4l_genbin6_recobin1 acc 0.0804 eff 0.0 outinratio 0.0075 

WminusH124_4mu_TCjmax_pT4l_genbin6_recobin1 acc 0.0178 eff 0.0 outinratio 0.0089 

WplusH124_4mu_TCjmax_pT4l_genbin6_recobin1 acc 0.017 eff 0.0 outinratio 0.0076 

ZH124_4mu_TCjmax_pT4l_genbin6_recobin1 acc 0.0159 eff 0.0 outinratio 0.0237 

ttH124_4mu_TCjmax_pT4l_genbin6_recobin1 acc 0.0223 eff 0.0 outinratio 0.0533 

ggH124_4mu_TCjmax_pT4l_genbin7_recobin1 acc 0.0291 eff 0.0 outinratio 0.0 

VBFH124_4mu_TCjmax_pT4l_genbin7_recobin1 acc 0.0786 eff 0.0031 outinratio 0.0075 

WminusH124_4mu_TCjmax_pT4l_genbin7_recobin1 acc 0.1258 eff 0.0034 outinratio 0.0089 

WplusH124_4mu_TCjmax_pT4l_genbin7_recobin1 acc 0.1166 eff 0.0027 outinratio 0.0076 

ZH124_4mu_TCjmax_pT4l_genbin7_recobin1 acc 0.1278 eff 0.001 outinratio 0.0237 

ttH124_4mu_TCjmax_pT4l_genbin7_recobin1 acc 0.3766 eff 0.0065 outinratio 0.0533 

ggH124_4mu_TCjmax_pT4l_genbin8_recobin1 acc 0.0045 eff 0.0 outinratio 0.0 

VBFH124_4mu_TCjmax_pT4l_genbin8_recobin1 acc 0.0115 eff 0.0 outinratio 0.0075 

WminusH124_4mu_TCjmax_pT4l_genbin8_recobin1 acc 0.0142 eff 0.0 outinratio 0.0089 

WplusH124_4mu_TCjmax_pT4l_genbin8_recobin1 acc 0.0166 eff 0.0 outinratio 0.0076 

ZH124_4mu_TCjmax_pT4l_genbin8_recobin1 acc 0.0164 eff 0.0 outinratio 0.0237 

ttH124_4mu_TCjmax_pT4l_genbin8_recobin1 acc 0.0464 eff 0.0 outinratio 0.0533 

ggH124_4mu_TCjmax_pT4l_genbin0_recobin2 acc 0.3034 eff 0.0213 outinratio 0.0079 

VBFH124_4mu_TCjmax_pT4l_genbin0_recobin2 acc 0.0736 eff 0.0846 outinratio 0.0009 

WminusH124_4mu_TCjmax_pT4l_genbin0_recobin2 acc 0.1072 eff 0.0363 outinratio 0.0099 

WplusH124_4mu_TCjmax_pT4l_genbin0_recobin2 acc 0.0907 eff 0.032 outinratio 0.0147 

ZH124_4mu_TCjmax_pT4l_genbin0_recobin2 acc 0.0852 eff 0.0311 outinratio 0.0377 

ttH124_4mu_TCjmax_pT4l_genbin0_recobin2 acc 0.0011 eff -1.0 outinratio 0.0 

ggH124_4mu_TCjmax_pT4l_genbin1_recobin2 acc 0.0188 eff 0.0201 outinratio 0.0079 

VBFH124_4mu_TCjmax_pT4l_genbin1_recobin2 acc 0.0308 eff 0.0142 outinratio 0.0009 

WminusH124_4mu_TCjmax_pT4l_genbin1_recobin2 acc 0.034 eff 0.0101 outinratio 0.0099 

WplusH124_4mu_TCjmax_pT4l_genbin1_recobin2 acc 0.0271 eff 0.0137 outinratio 0.0147 

ZH124_4mu_TCjmax_pT4l_genbin1_recobin2 acc 0.0306 eff 0.0001 outinratio 0.0377 

ttH124_4mu_TCjmax_pT4l_genbin1_recobin2 acc 0.0095 eff 0.0 outinratio 0.0 

ggH124_4mu_TCjmax_pT4l_genbin2_recobin2 acc 0.0353 eff 0.6239 outinratio 0.0079 

VBFH124_4mu_TCjmax_pT4l_genbin2_recobin2 acc 0.0479 eff 0.6835 outinratio 0.0009 

WminusH124_4mu_TCjmax_pT4l_genbin2_recobin2 acc 0.0408 eff 0.5999 outinratio 0.0099 

WplusH124_4mu_TCjmax_pT4l_genbin2_recobin2 acc 0.0334 eff 0.5758 outinratio 0.0147 

ZH124_4mu_TCjmax_pT4l_genbin2_recobin2 acc 0.0417 eff 0.5296 outinratio 0.0377 

ttH124_4mu_TCjmax_pT4l_genbin2_recobin2 acc 0.0129 eff 0.3921 outinratio 0.0 

ggH124_4mu_TCjmax_pT4l_genbin3_recobin2 acc 0.0258 eff 0.0381 outinratio 0.0079 

VBFH124_4mu_TCjmax_pT4l_genbin3_recobin2 acc 0.0446 eff 0.0242 outinratio 0.0009 

WminusH124_4mu_TCjmax_pT4l_genbin3_recobin2 acc 0.0291 eff 0.0231 outinratio 0.0099 

WplusH124_4mu_TCjmax_pT4l_genbin3_recobin2 acc 0.0247 eff 0.0285 outinratio 0.0147 

ZH124_4mu_TCjmax_pT4l_genbin3_recobin2 acc 0.0275 eff 0.0209 outinratio 0.0377 

ttH124_4mu_TCjmax_pT4l_genbin3_recobin2 acc 0.0092 eff 0.0295 outinratio 0.0 

ggH124_4mu_TCjmax_pT4l_genbin4_recobin2 acc 0.0228 eff 0.0003 outinratio 0.0079 

VBFH124_4mu_TCjmax_pT4l_genbin4_recobin2 acc 0.0619 eff 0.0 outinratio 0.0009 

WminusH124_4mu_TCjmax_pT4l_genbin4_recobin2 acc 0.0295 eff 0.0 outinratio 0.0099 

WplusH124_4mu_TCjmax_pT4l_genbin4_recobin2 acc 0.026 eff 0.0002 outinratio 0.0147 

ZH124_4mu_TCjmax_pT4l_genbin4_recobin2 acc 0.028 eff 0.0 outinratio 0.0377 

ttH124_4mu_TCjmax_pT4l_genbin4_recobin2 acc 0.0118 eff 0.0 outinratio 0.0 

ggH124_4mu_TCjmax_pT4l_genbin5_recobin2 acc 0.0199 eff 0.0 outinratio 0.0079 

VBFH124_4mu_TCjmax_pT4l_genbin5_recobin2 acc 0.0729 eff 0.0 outinratio 0.0009 

WminusH124_4mu_TCjmax_pT4l_genbin5_recobin2 acc 0.0271 eff 0.0 outinratio 0.0099 

WplusH124_4mu_TCjmax_pT4l_genbin5_recobin2 acc 0.0251 eff 0.0 outinratio 0.0147 

ZH124_4mu_TCjmax_pT4l_genbin5_recobin2 acc 0.0262 eff 0.0 outinratio 0.0377 

ttH124_4mu_TCjmax_pT4l_genbin5_recobin2 acc 0.0148 eff 0.0 outinratio 0.0 

ggH124_4mu_TCjmax_pT4l_genbin6_recobin2 acc 0.0086 eff 0.0 outinratio 0.0079 

VBFH124_4mu_TCjmax_pT4l_genbin6_recobin2 acc 0.0804 eff 0.0 outinratio 0.0009 

WminusH124_4mu_TCjmax_pT4l_genbin6_recobin2 acc 0.0178 eff 0.0 outinratio 0.0099 

WplusH124_4mu_TCjmax_pT4l_genbin6_recobin2 acc 0.017 eff 0.0 outinratio 0.0147 

ZH124_4mu_TCjmax_pT4l_genbin6_recobin2 acc 0.0159 eff 0.0 outinratio 0.0377 

ttH124_4mu_TCjmax_pT4l_genbin6_recobin2 acc 0.0223 eff 0.0 outinratio 0.0 

ggH124_4mu_TCjmax_pT4l_genbin7_recobin2 acc 0.0291 eff 0.0078 outinratio 0.0079 

VBFH124_4mu_TCjmax_pT4l_genbin7_recobin2 acc 0.0786 eff 0.0051 outinratio 0.0009 

WminusH124_4mu_TCjmax_pT4l_genbin7_recobin2 acc 0.1258 eff 0.0071 outinratio 0.0099 

WplusH124_4mu_TCjmax_pT4l_genbin7_recobin2 acc 0.1166 eff 0.0059 outinratio 0.0147 

ZH124_4mu_TCjmax_pT4l_genbin7_recobin2 acc 0.1278 eff 0.0071 outinratio 0.0377 

ttH124_4mu_TCjmax_pT4l_genbin7_recobin2 acc 0.3766 eff 0.0024 outinratio 0.0 

ggH124_4mu_TCjmax_pT4l_genbin8_recobin2 acc 0.0045 eff 0.0 outinratio 0.0079 

VBFH124_4mu_TCjmax_pT4l_genbin8_recobin2 acc 0.0115 eff 0.0 outinratio 0.0009 

WminusH124_4mu_TCjmax_pT4l_genbin8_recobin2 acc 0.0142 eff 0.0 outinratio 0.0099 

WplusH124_4mu_TCjmax_pT4l_genbin8_recobin2 acc 0.0166 eff 0.0 outinratio 0.0147 

ZH124_4mu_TCjmax_pT4l_genbin8_recobin2 acc 0.0164 eff 0.0 outinratio 0.0377 

ttH124_4mu_TCjmax_pT4l_genbin8_recobin2 acc 0.0464 eff 0.0 outinratio 0.0 

ggH124_4mu_TCjmax_pT4l_genbin0_recobin3 acc 0.3034 eff 0.003 outinratio 0.0013 

VBFH124_4mu_TCjmax_pT4l_genbin0_recobin3 acc 0.0736 eff 0.0436 outinratio 0.0071 

WminusH124_4mu_TCjmax_pT4l_genbin0_recobin3 acc 0.1072 eff 0.0216 outinratio 0.0062 

WplusH124_4mu_TCjmax_pT4l_genbin0_recobin3 acc 0.0907 eff 0.0185 outinratio 0.0055 

ZH124_4mu_TCjmax_pT4l_genbin0_recobin3 acc 0.0852 eff 0.019 outinratio 0.0691 

ttH124_4mu_TCjmax_pT4l_genbin0_recobin3 acc 0.0011 eff -1.0 outinratio 0.0 

ggH124_4mu_TCjmax_pT4l_genbin1_recobin3 acc 0.0188 eff 0.0 outinratio 0.0013 

VBFH124_4mu_TCjmax_pT4l_genbin1_recobin3 acc 0.0308 eff 0.0 outinratio 0.0071 

WminusH124_4mu_TCjmax_pT4l_genbin1_recobin3 acc 0.034 eff 0.0 outinratio 0.0062 

WplusH124_4mu_TCjmax_pT4l_genbin1_recobin3 acc 0.0271 eff 0.0 outinratio 0.0055 

ZH124_4mu_TCjmax_pT4l_genbin1_recobin3 acc 0.0306 eff 0.0 outinratio 0.0691 

ttH124_4mu_TCjmax_pT4l_genbin1_recobin3 acc 0.0095 eff 0.0 outinratio 0.0 

ggH124_4mu_TCjmax_pT4l_genbin2_recobin3 acc 0.0353 eff 0.0126 outinratio 0.0013 

VBFH124_4mu_TCjmax_pT4l_genbin2_recobin3 acc 0.0479 eff 0.0094 outinratio 0.0071 

WminusH124_4mu_TCjmax_pT4l_genbin2_recobin3 acc 0.0408 eff 0.0142 outinratio 0.0062 

WplusH124_4mu_TCjmax_pT4l_genbin2_recobin3 acc 0.0334 eff 0.0123 outinratio 0.0055 

ZH124_4mu_TCjmax_pT4l_genbin2_recobin3 acc 0.0417 eff 0.0077 outinratio 0.0691 

ttH124_4mu_TCjmax_pT4l_genbin2_recobin3 acc 0.0129 eff 0.0 outinratio 0.0 

ggH124_4mu_TCjmax_pT4l_genbin3_recobin3 acc 0.0258 eff 0.5585 outinratio 0.0013 

VBFH124_4mu_TCjmax_pT4l_genbin3_recobin3 acc 0.0446 eff 0.7281 outinratio 0.0071 

WminusH124_4mu_TCjmax_pT4l_genbin3_recobin3 acc 0.0291 eff 0.579 outinratio 0.0062 

WplusH124_4mu_TCjmax_pT4l_genbin3_recobin3 acc 0.0247 eff 0.6106 outinratio 0.0055 

ZH124_4mu_TCjmax_pT4l_genbin3_recobin3 acc 0.0275 eff 0.635 outinratio 0.0691 

ttH124_4mu_TCjmax_pT4l_genbin3_recobin3 acc 0.0092 eff 0.4007 outinratio 0.0 

ggH124_4mu_TCjmax_pT4l_genbin4_recobin3 acc 0.0228 eff 0.0527 outinratio 0.0013 

VBFH124_4mu_TCjmax_pT4l_genbin4_recobin3 acc 0.0619 eff 0.0294 outinratio 0.0071 

WminusH124_4mu_TCjmax_pT4l_genbin4_recobin3 acc 0.0295 eff 0.0236 outinratio 0.0062 

WplusH124_4mu_TCjmax_pT4l_genbin4_recobin3 acc 0.026 eff 0.0415 outinratio 0.0055 

ZH124_4mu_TCjmax_pT4l_genbin4_recobin3 acc 0.028 eff 0.0412 outinratio 0.0691 

ttH124_4mu_TCjmax_pT4l_genbin4_recobin3 acc 0.0118 eff 0.0 outinratio 0.0 

ggH124_4mu_TCjmax_pT4l_genbin5_recobin3 acc 0.0199 eff 0.0 outinratio 0.0013 

VBFH124_4mu_TCjmax_pT4l_genbin5_recobin3 acc 0.0729 eff 0.0 outinratio 0.0071 

WminusH124_4mu_TCjmax_pT4l_genbin5_recobin3 acc 0.0271 eff 0.0007 outinratio 0.0062 

WplusH124_4mu_TCjmax_pT4l_genbin5_recobin3 acc 0.0251 eff 0.0 outinratio 0.0055 

ZH124_4mu_TCjmax_pT4l_genbin5_recobin3 acc 0.0262 eff 0.0 outinratio 0.0691 

ttH124_4mu_TCjmax_pT4l_genbin5_recobin3 acc 0.0148 eff 0.0 outinratio 0.0 

ggH124_4mu_TCjmax_pT4l_genbin6_recobin3 acc 0.0086 eff 0.0 outinratio 0.0013 

VBFH124_4mu_TCjmax_pT4l_genbin6_recobin3 acc 0.0804 eff 0.0 outinratio 0.0071 

WminusH124_4mu_TCjmax_pT4l_genbin6_recobin3 acc 0.0178 eff 0.0 outinratio 0.0062 

WplusH124_4mu_TCjmax_pT4l_genbin6_recobin3 acc 0.017 eff 0.0 outinratio 0.0055 

ZH124_4mu_TCjmax_pT4l_genbin6_recobin3 acc 0.0159 eff 0.0 outinratio 0.0691 

ttH124_4mu_TCjmax_pT4l_genbin6_recobin3 acc 0.0223 eff 0.0 outinratio 0.0 

ggH124_4mu_TCjmax_pT4l_genbin7_recobin3 acc 0.0291 eff 0.0159 outinratio 0.0013 

VBFH124_4mu_TCjmax_pT4l_genbin7_recobin3 acc 0.0786 eff 0.0021 outinratio 0.0071 

WminusH124_4mu_TCjmax_pT4l_genbin7_recobin3 acc 0.1258 eff 0.0093 outinratio 0.0062 

WplusH124_4mu_TCjmax_pT4l_genbin7_recobin3 acc 0.1166 eff 0.0062 outinratio 0.0055 

ZH124_4mu_TCjmax_pT4l_genbin7_recobin3 acc 0.1278 eff 0.0102 outinratio 0.0691 

ttH124_4mu_TCjmax_pT4l_genbin7_recobin3 acc 0.3766 eff 0.0018 outinratio 0.0 

ggH124_4mu_TCjmax_pT4l_genbin8_recobin3 acc 0.0045 eff 0.0 outinratio 0.0013 

VBFH124_4mu_TCjmax_pT4l_genbin8_recobin3 acc 0.0115 eff 0.0 outinratio 0.0071 

WminusH124_4mu_TCjmax_pT4l_genbin8_recobin3 acc 0.0142 eff 0.0 outinratio 0.0062 

WplusH124_4mu_TCjmax_pT4l_genbin8_recobin3 acc 0.0166 eff 0.0 outinratio 0.0055 

ZH124_4mu_TCjmax_pT4l_genbin8_recobin3 acc 0.0164 eff 0.0 outinratio 0.0691 

ttH124_4mu_TCjmax_pT4l_genbin8_recobin3 acc 0.0464 eff 0.0 outinratio 0.0 

ggH124_4mu_TCjmax_pT4l_genbin0_recobin4 acc 0.3034 eff 0.0022 outinratio 0.0039 

VBFH124_4mu_TCjmax_pT4l_genbin0_recobin4 acc 0.0736 eff 0.0169 outinratio 0.0093 

WminusH124_4mu_TCjmax_pT4l_genbin0_recobin4 acc 0.1072 eff 0.0193 outinratio 0.0055 

WplusH124_4mu_TCjmax_pT4l_genbin0_recobin4 acc 0.0907 eff 0.018 outinratio 0.0093 

ZH124_4mu_TCjmax_pT4l_genbin0_recobin4 acc 0.0852 eff 0.0098 outinratio 0.0788 

ttH124_4mu_TCjmax_pT4l_genbin0_recobin4 acc 0.0011 eff -1.0 outinratio 0.0351 

ggH124_4mu_TCjmax_pT4l_genbin1_recobin4 acc 0.0188 eff 0.0 outinratio 0.0039 

VBFH124_4mu_TCjmax_pT4l_genbin1_recobin4 acc 0.0308 eff 0.0 outinratio 0.0093 

WminusH124_4mu_TCjmax_pT4l_genbin1_recobin4 acc 0.034 eff 0.0 outinratio 0.0055 

WplusH124_4mu_TCjmax_pT4l_genbin1_recobin4 acc 0.0271 eff 0.0 outinratio 0.0093 

ZH124_4mu_TCjmax_pT4l_genbin1_recobin4 acc 0.0306 eff 0.0 outinratio 0.0788 

ttH124_4mu_TCjmax_pT4l_genbin1_recobin4 acc 0.0095 eff 0.0 outinratio 0.0351 

ggH124_4mu_TCjmax_pT4l_genbin2_recobin4 acc 0.0353 eff 0.0 outinratio 0.0039 

VBFH124_4mu_TCjmax_pT4l_genbin2_recobin4 acc 0.0479 eff 0.0 outinratio 0.0093 

WminusH124_4mu_TCjmax_pT4l_genbin2_recobin4 acc 0.0408 eff 0.0 outinratio 0.0055 

WplusH124_4mu_TCjmax_pT4l_genbin2_recobin4 acc 0.0334 eff 0.0 outinratio 0.0093 

ZH124_4mu_TCjmax_pT4l_genbin2_recobin4 acc 0.0417 eff 0.0 outinratio 0.0788 

ttH124_4mu_TCjmax_pT4l_genbin2_recobin4 acc 0.0129 eff 0.0 outinratio 0.0351 

ggH124_4mu_TCjmax_pT4l_genbin3_recobin4 acc 0.0258 eff 0.0148 outinratio 0.0039 

VBFH124_4mu_TCjmax_pT4l_genbin3_recobin4 acc 0.0446 eff 0.0149 outinratio 0.0093 

WminusH124_4mu_TCjmax_pT4l_genbin3_recobin4 acc 0.0291 eff 0.0222 outinratio 0.0055 

WplusH124_4mu_TCjmax_pT4l_genbin3_recobin4 acc 0.0247 eff 0.0175 outinratio 0.0093 

ZH124_4mu_TCjmax_pT4l_genbin3_recobin4 acc 0.0275 eff 0.0033 outinratio 0.0788 

ttH124_4mu_TCjmax_pT4l_genbin3_recobin4 acc 0.0092 eff 0.0 outinratio 0.0351 

ggH124_4mu_TCjmax_pT4l_genbin4_recobin4 acc 0.0228 eff 0.6529 outinratio 0.0039 

VBFH124_4mu_TCjmax_pT4l_genbin4_recobin4 acc 0.0619 eff 0.7453 outinratio 0.0093 

WminusH124_4mu_TCjmax_pT4l_genbin4_recobin4 acc 0.0295 eff 0.601 outinratio 0.0055 

WplusH124_4mu_TCjmax_pT4l_genbin4_recobin4 acc 0.026 eff 0.5721 outinratio 0.0093 

ZH124_4mu_TCjmax_pT4l_genbin4_recobin4 acc 0.028 eff 0.7507 outinratio 0.0788 

ttH124_4mu_TCjmax_pT4l_genbin4_recobin4 acc 0.0118 eff 0.4508 outinratio 0.0351 

ggH124_4mu_TCjmax_pT4l_genbin5_recobin4 acc 0.0199 eff 0.0356 outinratio 0.0039 

VBFH124_4mu_TCjmax_pT4l_genbin5_recobin4 acc 0.0729 eff 0.0181 outinratio 0.0093 

WminusH124_4mu_TCjmax_pT4l_genbin5_recobin4 acc 0.0271 eff 0.0335 outinratio 0.0055 

WplusH124_4mu_TCjmax_pT4l_genbin5_recobin4 acc 0.0251 eff 0.0222 outinratio 0.0093 

ZH124_4mu_TCjmax_pT4l_genbin5_recobin4 acc 0.0262 eff 0.0126 outinratio 0.0788 

ttH124_4mu_TCjmax_pT4l_genbin5_recobin4 acc 0.0148 eff 0.0 outinratio 0.0351 

ggH124_4mu_TCjmax_pT4l_genbin6_recobin4 acc 0.0086 eff 0.0 outinratio 0.0039 

VBFH124_4mu_TCjmax_pT4l_genbin6_recobin4 acc 0.0804 eff 0.0 outinratio 0.0093 

WminusH124_4mu_TCjmax_pT4l_genbin6_recobin4 acc 0.0178 eff 0.0 outinratio 0.0055 

WplusH124_4mu_TCjmax_pT4l_genbin6_recobin4 acc 0.017 eff 0.0 outinratio 0.0093 

ZH124_4mu_TCjmax_pT4l_genbin6_recobin4 acc 0.0159 eff 0.0 outinratio 0.0788 

ttH124_4mu_TCjmax_pT4l_genbin6_recobin4 acc 0.0223 eff 0.0 outinratio 0.0351 

ggH124_4mu_TCjmax_pT4l_genbin7_recobin4 acc 0.0291 eff 0.0161 outinratio 0.0039 

VBFH124_4mu_TCjmax_pT4l_genbin7_recobin4 acc 0.0786 eff 0.0127 outinratio 0.0093 

WminusH124_4mu_TCjmax_pT4l_genbin7_recobin4 acc 0.1258 eff 0.0131 outinratio 0.0055 

WplusH124_4mu_TCjmax_pT4l_genbin7_recobin4 acc 0.1166 eff 0.0124 outinratio 0.0093 

ZH124_4mu_TCjmax_pT4l_genbin7_recobin4 acc 0.1278 eff 0.0107 outinratio 0.0788 

ttH124_4mu_TCjmax_pT4l_genbin7_recobin4 acc 0.3766 eff 0.0021 outinratio 0.0351 

ggH124_4mu_TCjmax_pT4l_genbin8_recobin4 acc 0.0045 eff 0.0 outinratio 0.0039 

VBFH124_4mu_TCjmax_pT4l_genbin8_recobin4 acc 0.0115 eff 0.0 outinratio 0.0093 

WminusH124_4mu_TCjmax_pT4l_genbin8_recobin4 acc 0.0142 eff 0.0 outinratio 0.0055 

WplusH124_4mu_TCjmax_pT4l_genbin8_recobin4 acc 0.0166 eff 0.0 outinratio 0.0093 

ZH124_4mu_TCjmax_pT4l_genbin8_recobin4 acc 0.0164 eff 0.0 outinratio 0.0788 

ttH124_4mu_TCjmax_pT4l_genbin8_recobin4 acc 0.0464 eff 0.0 outinratio 0.0351 

ggH124_4mu_TCjmax_pT4l_genbin0_recobin5 acc 0.3034 eff 0.0 outinratio 0.006 

VBFH124_4mu_TCjmax_pT4l_genbin0_recobin5 acc 0.0736 eff 0.0152 outinratio 0.0112 

WminusH124_4mu_TCjmax_pT4l_genbin0_recobin5 acc 0.1072 eff 0.0189 outinratio 0.0078 

WplusH124_4mu_TCjmax_pT4l_genbin0_recobin5 acc 0.0907 eff 0.0197 outinratio 0.0059 

ZH124_4mu_TCjmax_pT4l_genbin0_recobin5 acc 0.0852 eff 0.0063 outinratio 0.0224 

ttH124_4mu_TCjmax_pT4l_genbin0_recobin5 acc 0.0011 eff -1.0 outinratio 0.0928 

ggH124_4mu_TCjmax_pT4l_genbin1_recobin5 acc 0.0188 eff 0.0 outinratio 0.006 

VBFH124_4mu_TCjmax_pT4l_genbin1_recobin5 acc 0.0308 eff 0.0 outinratio 0.0112 

WminusH124_4mu_TCjmax_pT4l_genbin1_recobin5 acc 0.034 eff 0.0 outinratio 0.0078 

WplusH124_4mu_TCjmax_pT4l_genbin1_recobin5 acc 0.0271 eff 0.0 outinratio 0.0059 

ZH124_4mu_TCjmax_pT4l_genbin1_recobin5 acc 0.0306 eff 0.0 outinratio 0.0224 

ttH124_4mu_TCjmax_pT4l_genbin1_recobin5 acc 0.0095 eff 0.0 outinratio 0.0928 

ggH124_4mu_TCjmax_pT4l_genbin2_recobin5 acc 0.0353 eff 0.0 outinratio 0.006 

VBFH124_4mu_TCjmax_pT4l_genbin2_recobin5 acc 0.0479 eff 0.0 outinratio 0.0112 

WminusH124_4mu_TCjmax_pT4l_genbin2_recobin5 acc 0.0408 eff 0.0 outinratio 0.0078 

WplusH124_4mu_TCjmax_pT4l_genbin2_recobin5 acc 0.0334 eff 0.0 outinratio 0.0059 

ZH124_4mu_TCjmax_pT4l_genbin2_recobin5 acc 0.0417 eff 0.0 outinratio 0.0224 

ttH124_4mu_TCjmax_pT4l_genbin2_recobin5 acc 0.0129 eff 0.0 outinratio 0.0928 

ggH124_4mu_TCjmax_pT4l_genbin3_recobin5 acc 0.0258 eff 0.0 outinratio 0.006 

VBFH124_4mu_TCjmax_pT4l_genbin3_recobin5 acc 0.0446 eff 0.0 outinratio 0.0112 

WminusH124_4mu_TCjmax_pT4l_genbin3_recobin5 acc 0.0291 eff 0.0006 outinratio 0.0078 

WplusH124_4mu_TCjmax_pT4l_genbin3_recobin5 acc 0.0247 eff 0.0 outinratio 0.0059 

ZH124_4mu_TCjmax_pT4l_genbin3_recobin5 acc 0.0275 eff 0.0 outinratio 0.0224 

ttH124_4mu_TCjmax_pT4l_genbin3_recobin5 acc 0.0092 eff 0.0 outinratio 0.0928 

ggH124_4mu_TCjmax_pT4l_genbin4_recobin5 acc 0.0228 eff 0.0175 outinratio 0.006 

VBFH124_4mu_TCjmax_pT4l_genbin4_recobin5 acc 0.0619 eff 0.0175 outinratio 0.0112 

WminusH124_4mu_TCjmax_pT4l_genbin4_recobin5 acc 0.0295 eff 0.0145 outinratio 0.0078 

WplusH124_4mu_TCjmax_pT4l_genbin4_recobin5 acc 0.026 eff 0.0237 outinratio 0.0059 

ZH124_4mu_TCjmax_pT4l_genbin4_recobin5 acc 0.028 eff 0.0017 outinratio 0.0224 

ttH124_4mu_TCjmax_pT4l_genbin4_recobin5 acc 0.0118 eff 0.0734 outinratio 0.0928 

ggH124_4mu_TCjmax_pT4l_genbin5_recobin5 acc 0.0199 eff 0.7662 outinratio 0.006 

VBFH124_4mu_TCjmax_pT4l_genbin5_recobin5 acc 0.0729 eff 0.738 outinratio 0.0112 

WminusH124_4mu_TCjmax_pT4l_genbin5_recobin5 acc 0.0271 eff 0.5901 outinratio 0.0078 

WplusH124_4mu_TCjmax_pT4l_genbin5_recobin5 acc 0.0251 eff 0.5622 outinratio 0.0059 

ZH124_4mu_TCjmax_pT4l_genbin5_recobin5 acc 0.0262 eff 0.6123 outinratio 0.0224 

ttH124_4mu_TCjmax_pT4l_genbin5_recobin5 acc 0.0148 eff 0.4517 outinratio 0.0928 

ggH124_4mu_TCjmax_pT4l_genbin6_recobin5 acc 0.0086 eff 0.0037 outinratio 0.006 

VBFH124_4mu_TCjmax_pT4l_genbin6_recobin5 acc 0.0804 eff 0.0169 outinratio 0.0112 

WminusH124_4mu_TCjmax_pT4l_genbin6_recobin5 acc 0.0178 eff 0.0099 outinratio 0.0078 

WplusH124_4mu_TCjmax_pT4l_genbin6_recobin5 acc 0.017 eff 0.0167 outinratio 0.0059 

ZH124_4mu_TCjmax_pT4l_genbin6_recobin5 acc 0.0159 eff 0.0 outinratio 0.0224 

ttH124_4mu_TCjmax_pT4l_genbin6_recobin5 acc 0.0223 eff 0.0135 outinratio 0.0928 

ggH124_4mu_TCjmax_pT4l_genbin7_recobin5 acc 0.0291 eff 0.0301 outinratio 0.006 

VBFH124_4mu_TCjmax_pT4l_genbin7_recobin5 acc 0.0786 eff 0.0168 outinratio 0.0112 

WminusH124_4mu_TCjmax_pT4l_genbin7_recobin5 acc 0.1258 eff 0.0182 outinratio 0.0078 

WplusH124_4mu_TCjmax_pT4l_genbin7_recobin5 acc 0.1166 eff 0.0175 outinratio 0.0059 

ZH124_4mu_TCjmax_pT4l_genbin7_recobin5 acc 0.1278 eff 0.0264 outinratio 0.0224 

ttH124_4mu_TCjmax_pT4l_genbin7_recobin5 acc 0.3766 eff 0.0053 outinratio 0.0928 

ggH124_4mu_TCjmax_pT4l_genbin8_recobin5 acc 0.0045 eff 0.0 outinratio 0.006 

VBFH124_4mu_TCjmax_pT4l_genbin8_recobin5 acc 0.0115 eff 0.0 outinratio 0.0112 

WminusH124_4mu_TCjmax_pT4l_genbin8_recobin5 acc 0.0142 eff 0.0 outinratio 0.0078 

WplusH124_4mu_TCjmax_pT4l_genbin8_recobin5 acc 0.0166 eff 0.0 outinratio 0.0059 

ZH124_4mu_TCjmax_pT4l_genbin8_recobin5 acc 0.0164 eff 0.0 outinratio 0.0224 

ttH124_4mu_TCjmax_pT4l_genbin8_recobin5 acc 0.0464 eff 0.0 outinratio 0.0928 

ggH124_4mu_TCjmax_pT4l_genbin0_recobin6 acc 0.3034 eff 0.0 outinratio 0.0 

VBFH124_4mu_TCjmax_pT4l_genbin0_recobin6 acc 0.0736 eff 0.0006 outinratio 0.0066 

WminusH124_4mu_TCjmax_pT4l_genbin0_recobin6 acc 0.1072 eff 0.0183 outinratio 0.0105 

WplusH124_4mu_TCjmax_pT4l_genbin0_recobin6 acc 0.0907 eff 0.0246 outinratio 0.0126 

ZH124_4mu_TCjmax_pT4l_genbin0_recobin6 acc 0.0852 eff 0.0074 outinratio 0.0781 

ttH124_4mu_TCjmax_pT4l_genbin0_recobin6 acc 0.0011 eff -1.0 outinratio 0.096 

ggH124_4mu_TCjmax_pT4l_genbin1_recobin6 acc 0.0188 eff 0.0 outinratio 0.0 

VBFH124_4mu_TCjmax_pT4l_genbin1_recobin6 acc 0.0308 eff 0.0 outinratio 0.0066 

WminusH124_4mu_TCjmax_pT4l_genbin1_recobin6 acc 0.034 eff 0.0 outinratio 0.0105 

WplusH124_4mu_TCjmax_pT4l_genbin1_recobin6 acc 0.0271 eff 0.0 outinratio 0.0126 

ZH124_4mu_TCjmax_pT4l_genbin1_recobin6 acc 0.0306 eff 0.0 outinratio 0.0781 

ttH124_4mu_TCjmax_pT4l_genbin1_recobin6 acc 0.0095 eff 0.0 outinratio 0.096 

ggH124_4mu_TCjmax_pT4l_genbin2_recobin6 acc 0.0353 eff 0.0 outinratio 0.0 

VBFH124_4mu_TCjmax_pT4l_genbin2_recobin6 acc 0.0479 eff 0.0 outinratio 0.0066 

WminusH124_4mu_TCjmax_pT4l_genbin2_recobin6 acc 0.0408 eff 0.0 outinratio 0.0105 

WplusH124_4mu_TCjmax_pT4l_genbin2_recobin6 acc 0.0334 eff 0.0 outinratio 0.0126 

ZH124_4mu_TCjmax_pT4l_genbin2_recobin6 acc 0.0417 eff 0.0 outinratio 0.0781 

ttH124_4mu_TCjmax_pT4l_genbin2_recobin6 acc 0.0129 eff 0.0 outinratio 0.096 

ggH124_4mu_TCjmax_pT4l_genbin3_recobin6 acc 0.0258 eff 0.0 outinratio 0.0 

VBFH124_4mu_TCjmax_pT4l_genbin3_recobin6 acc 0.0446 eff 0.0 outinratio 0.0066 

WminusH124_4mu_TCjmax_pT4l_genbin3_recobin6 acc 0.0291 eff 0.0 outinratio 0.0105 

WplusH124_4mu_TCjmax_pT4l_genbin3_recobin6 acc 0.0247 eff 0.0 outinratio 0.0126 

ZH124_4mu_TCjmax_pT4l_genbin3_recobin6 acc 0.0275 eff 0.0 outinratio 0.0781 

ttH124_4mu_TCjmax_pT4l_genbin3_recobin6 acc 0.0092 eff 0.0 outinratio 0.096 

ggH124_4mu_TCjmax_pT4l_genbin4_recobin6 acc 0.0228 eff 0.0 outinratio 0.0 

VBFH124_4mu_TCjmax_pT4l_genbin4_recobin6 acc 0.0619 eff 0.0 outinratio 0.0066 

WminusH124_4mu_TCjmax_pT4l_genbin4_recobin6 acc 0.0295 eff 0.0 outinratio 0.0105 

WplusH124_4mu_TCjmax_pT4l_genbin4_recobin6 acc 0.026 eff 0.0 outinratio 0.0126 

ZH124_4mu_TCjmax_pT4l_genbin4_recobin6 acc 0.028 eff 0.0 outinratio 0.0781 

ttH124_4mu_TCjmax_pT4l_genbin4_recobin6 acc 0.0118 eff 0.0 outinratio 0.096 

ggH124_4mu_TCjmax_pT4l_genbin5_recobin6 acc 0.0199 eff 0.0021 outinratio 0.0 

VBFH124_4mu_TCjmax_pT4l_genbin5_recobin6 acc 0.0729 eff 0.0162 outinratio 0.0066 

WminusH124_4mu_TCjmax_pT4l_genbin5_recobin6 acc 0.0271 eff 0.0102 outinratio 0.0105 

WplusH124_4mu_TCjmax_pT4l_genbin5_recobin6 acc 0.0251 eff 0.011 outinratio 0.0126 

ZH124_4mu_TCjmax_pT4l_genbin5_recobin6 acc 0.0262 eff 0.0128 outinratio 0.0781 

ttH124_4mu_TCjmax_pT4l_genbin5_recobin6 acc 0.0148 eff 0.0 outinratio 0.096 

ggH124_4mu_TCjmax_pT4l_genbin6_recobin6 acc 0.0086 eff 0.6649 outinratio 0.0 

VBFH124_4mu_TCjmax_pT4l_genbin6_recobin6 acc 0.0804 eff 0.8073 outinratio 0.0066 

WminusH124_4mu_TCjmax_pT4l_genbin6_recobin6 acc 0.0178 eff 0.5835 outinratio 0.0105 

WplusH124_4mu_TCjmax_pT4l_genbin6_recobin6 acc 0.017 eff 0.604 outinratio 0.0126 

ZH124_4mu_TCjmax_pT4l_genbin6_recobin6 acc 0.0159 eff 0.5752 outinratio 0.0781 

ttH124_4mu_TCjmax_pT4l_genbin6_recobin6 acc 0.0223 eff 0.4612 outinratio 0.096 

ggH124_4mu_TCjmax_pT4l_genbin7_recobin6 acc 0.0291 eff 0.0102 outinratio 0.0 

VBFH124_4mu_TCjmax_pT4l_genbin7_recobin6 acc 0.0786 eff 0.0272 outinratio 0.0066 

WminusH124_4mu_TCjmax_pT4l_genbin7_recobin6 acc 0.1258 eff 0.0148 outinratio 0.0105 

WplusH124_4mu_TCjmax_pT4l_genbin7_recobin6 acc 0.1166 eff 0.0131 outinratio 0.0126 

ZH124_4mu_TCjmax_pT4l_genbin7_recobin6 acc 0.1278 eff 0.0113 outinratio 0.0781 

ttH124_4mu_TCjmax_pT4l_genbin7_recobin6 acc 0.3766 eff 0.009 outinratio 0.096 

ggH124_4mu_TCjmax_pT4l_genbin8_recobin6 acc 0.0045 eff 0.004 outinratio 0.0 

VBFH124_4mu_TCjmax_pT4l_genbin8_recobin6 acc 0.0115 eff 0.0093 outinratio 0.0066 

WminusH124_4mu_TCjmax_pT4l_genbin8_recobin6 acc 0.0142 eff 0.006 outinratio 0.0105 

WplusH124_4mu_TCjmax_pT4l_genbin8_recobin6 acc 0.0166 eff 0.0078 outinratio 0.0126 

ZH124_4mu_TCjmax_pT4l_genbin8_recobin6 acc 0.0164 eff 0.0438 outinratio 0.0781 

ttH124_4mu_TCjmax_pT4l_genbin8_recobin6 acc 0.0464 eff 0.0227 outinratio 0.096 

ggH124_4mu_TCjmax_pT4l_genbin0_recobin7 acc 0.3034 eff 0.0056 outinratio 0.0065 

VBFH124_4mu_TCjmax_pT4l_genbin0_recobin7 acc 0.0736 eff 0.0033 outinratio 0.005 

WminusH124_4mu_TCjmax_pT4l_genbin0_recobin7 acc 0.1072 eff 0.0375 outinratio 0.0104 

WplusH124_4mu_TCjmax_pT4l_genbin0_recobin7 acc 0.0907 eff 0.0333 outinratio 0.0097 

ZH124_4mu_TCjmax_pT4l_genbin0_recobin7 acc 0.0852 eff 0.0112 outinratio 0.0201 

ttH124_4mu_TCjmax_pT4l_genbin0_recobin7 acc 0.0011 eff -1.0 outinratio 0.0326 

ggH124_4mu_TCjmax_pT4l_genbin1_recobin7 acc 0.0188 eff 0.0252 outinratio 0.0065 

VBFH124_4mu_TCjmax_pT4l_genbin1_recobin7 acc 0.0308 eff 0.0129 outinratio 0.005 

WminusH124_4mu_TCjmax_pT4l_genbin1_recobin7 acc 0.034 eff 0.0518 outinratio 0.0104 

WplusH124_4mu_TCjmax_pT4l_genbin1_recobin7 acc 0.0271 eff 0.0463 outinratio 0.0097 

ZH124_4mu_TCjmax_pT4l_genbin1_recobin7 acc 0.0306 eff 0.0581 outinratio 0.0201 

ttH124_4mu_TCjmax_pT4l_genbin1_recobin7 acc 0.0095 eff 0.1858 outinratio 0.0326 

ggH124_4mu_TCjmax_pT4l_genbin2_recobin7 acc 0.0353 eff 0.0175 outinratio 0.0065 

VBFH124_4mu_TCjmax_pT4l_genbin2_recobin7 acc 0.0479 eff 0.0234 outinratio 0.005 

WminusH124_4mu_TCjmax_pT4l_genbin2_recobin7 acc 0.0408 eff 0.0511 outinratio 0.0104 

WplusH124_4mu_TCjmax_pT4l_genbin2_recobin7 acc 0.0334 eff 0.061 outinratio 0.0097 

ZH124_4mu_TCjmax_pT4l_genbin2_recobin7 acc 0.0417 eff 0.0591 outinratio 0.0201 

ttH124_4mu_TCjmax_pT4l_genbin2_recobin7 acc 0.0129 eff 0.2306 outinratio 0.0326 

ggH124_4mu_TCjmax_pT4l_genbin3_recobin7 acc 0.0258 eff 0.041 outinratio 0.0065 

VBFH124_4mu_TCjmax_pT4l_genbin3_recobin7 acc 0.0446 eff 0.0212 outinratio 0.005 

WminusH124_4mu_TCjmax_pT4l_genbin3_recobin7 acc 0.0291 eff 0.0742 outinratio 0.0104 

WplusH124_4mu_TCjmax_pT4l_genbin3_recobin7 acc 0.0247 eff 0.0619 outinratio 0.0097 

ZH124_4mu_TCjmax_pT4l_genbin3_recobin7 acc 0.0275 eff 0.0661 outinratio 0.0201 

ttH124_4mu_TCjmax_pT4l_genbin3_recobin7 acc 0.0092 eff 0.109 outinratio 0.0326 

ggH124_4mu_TCjmax_pT4l_genbin4_recobin7 acc 0.0228 eff 0.0427 outinratio 0.0065 

VBFH124_4mu_TCjmax_pT4l_genbin4_recobin7 acc 0.0619 eff 0.0289 outinratio 0.005 

WminusH124_4mu_TCjmax_pT4l_genbin4_recobin7 acc 0.0295 eff 0.1072 outinratio 0.0104 

WplusH124_4mu_TCjmax_pT4l_genbin4_recobin7 acc 0.026 eff 0.0876 outinratio 0.0097 

ZH124_4mu_TCjmax_pT4l_genbin4_recobin7 acc 0.028 eff 0.0852 outinratio 0.0201 

ttH124_4mu_TCjmax_pT4l_genbin4_recobin7 acc 0.0118 eff 0.2379 outinratio 0.0326 

ggH124_4mu_TCjmax_pT4l_genbin5_recobin7 acc 0.0199 eff 0.0523 outinratio 0.0065 

VBFH124_4mu_TCjmax_pT4l_genbin5_recobin7 acc 0.0729 eff 0.0357 outinratio 0.005 

WminusH124_4mu_TCjmax_pT4l_genbin5_recobin7 acc 0.0271 eff 0.1154 outinratio 0.0104 

WplusH124_4mu_TCjmax_pT4l_genbin5_recobin7 acc 0.0251 eff 0.1144 outinratio 0.0097 

ZH124_4mu_TCjmax_pT4l_genbin5_recobin7 acc 0.0262 eff 0.1257 outinratio 0.0201 

ttH124_4mu_TCjmax_pT4l_genbin5_recobin7 acc 0.0148 eff 0.1623 outinratio 0.0326 

ggH124_4mu_TCjmax_pT4l_genbin6_recobin7 acc 0.0086 eff 0.0311 outinratio 0.0065 

VBFH124_4mu_TCjmax_pT4l_genbin6_recobin7 acc 0.0804 eff 0.0346 outinratio 0.005 

WminusH124_4mu_TCjmax_pT4l_genbin6_recobin7 acc 0.0178 eff 0.1261 outinratio 0.0104 

WplusH124_4mu_TCjmax_pT4l_genbin6_recobin7 acc 0.017 eff 0.1059 outinratio 0.0097 

ZH124_4mu_TCjmax_pT4l_genbin6_recobin7 acc 0.0159 eff 0.2116 outinratio 0.0201 

ttH124_4mu_TCjmax_pT4l_genbin6_recobin7 acc 0.0223 eff 0.1255 outinratio 0.0326 

ggH124_4mu_TCjmax_pT4l_genbin7_recobin7 acc 0.0291 eff 0.7557 outinratio 0.0065 

VBFH124_4mu_TCjmax_pT4l_genbin7_recobin7 acc 0.0786 eff 0.7341 outinratio 0.005 

WminusH124_4mu_TCjmax_pT4l_genbin7_recobin7 acc 0.1258 eff 0.6979 outinratio 0.0104 

WplusH124_4mu_TCjmax_pT4l_genbin7_recobin7 acc 0.1166 eff 0.6956 outinratio 0.0097 

ZH124_4mu_TCjmax_pT4l_genbin7_recobin7 acc 0.1278 eff 0.7263 outinratio 0.0201 

ttH124_4mu_TCjmax_pT4l_genbin7_recobin7 acc 0.3766 eff 0.5061 outinratio 0.0326 

ggH124_4mu_TCjmax_pT4l_genbin8_recobin7 acc 0.0045 eff 0.0174 outinratio 0.0065 

VBFH124_4mu_TCjmax_pT4l_genbin8_recobin7 acc 0.0115 eff 0.0254 outinratio 0.005 

WminusH124_4mu_TCjmax_pT4l_genbin8_recobin7 acc 0.0142 eff 0.0132 outinratio 0.0104 

WplusH124_4mu_TCjmax_pT4l_genbin8_recobin7 acc 0.0166 eff 0.0178 outinratio 0.0097 

ZH124_4mu_TCjmax_pT4l_genbin8_recobin7 acc 0.0164 eff 0.0248 outinratio 0.0201 

ttH124_4mu_TCjmax_pT4l_genbin8_recobin7 acc 0.0464 eff 0.0192 outinratio 0.0326 

ggH124_4mu_TCjmax_pT4l_genbin0_recobin8 acc 0.3034 eff 0.0 outinratio 0.0037 

VBFH124_4mu_TCjmax_pT4l_genbin0_recobin8 acc 0.0736 eff 0.0 outinratio 0.0383 

WminusH124_4mu_TCjmax_pT4l_genbin0_recobin8 acc 0.1072 eff 0.0041 outinratio 0.0122 

WplusH124_4mu_TCjmax_pT4l_genbin0_recobin8 acc 0.0907 eff 0.0042 outinratio 0.0104 

ZH124_4mu_TCjmax_pT4l_genbin0_recobin8 acc 0.0852 eff 0.0 outinratio 0.0211 

ttH124_4mu_TCjmax_pT4l_genbin0_recobin8 acc 0.0011 eff -1.0 outinratio 0.0054 

ggH124_4mu_TCjmax_pT4l_genbin1_recobin8 acc 0.0188 eff 0.0 outinratio 0.0037 

VBFH124_4mu_TCjmax_pT4l_genbin1_recobin8 acc 0.0308 eff 0.0 outinratio 0.0383 

WminusH124_4mu_TCjmax_pT4l_genbin1_recobin8 acc 0.034 eff 0.0 outinratio 0.0122 

WplusH124_4mu_TCjmax_pT4l_genbin1_recobin8 acc 0.0271 eff 0.0 outinratio 0.0104 

ZH124_4mu_TCjmax_pT4l_genbin1_recobin8 acc 0.0306 eff 0.0 outinratio 0.0211 

ttH124_4mu_TCjmax_pT4l_genbin1_recobin8 acc 0.0095 eff 0.0 outinratio 0.0054 

ggH124_4mu_TCjmax_pT4l_genbin2_recobin8 acc 0.0353 eff 0.0 outinratio 0.0037 

VBFH124_4mu_TCjmax_pT4l_genbin2_recobin8 acc 0.0479 eff 0.0 outinratio 0.0383 

WminusH124_4mu_TCjmax_pT4l_genbin2_recobin8 acc 0.0408 eff 0.0 outinratio 0.0122 

WplusH124_4mu_TCjmax_pT4l_genbin2_recobin8 acc 0.0334 eff 0.0 outinratio 0.0104 

ZH124_4mu_TCjmax_pT4l_genbin2_recobin8 acc 0.0417 eff 0.0 outinratio 0.0211 

ttH124_4mu_TCjmax_pT4l_genbin2_recobin8 acc 0.0129 eff 0.0 outinratio 0.0054 

ggH124_4mu_TCjmax_pT4l_genbin3_recobin8 acc 0.0258 eff 0.0 outinratio 0.0037 

VBFH124_4mu_TCjmax_pT4l_genbin3_recobin8 acc 0.0446 eff 0.0 outinratio 0.0383 

WminusH124_4mu_TCjmax_pT4l_genbin3_recobin8 acc 0.0291 eff 0.0 outinratio 0.0122 

WplusH124_4mu_TCjmax_pT4l_genbin3_recobin8 acc 0.0247 eff 0.0 outinratio 0.0104 

ZH124_4mu_TCjmax_pT4l_genbin3_recobin8 acc 0.0275 eff 0.0 outinratio 0.0211 

ttH124_4mu_TCjmax_pT4l_genbin3_recobin8 acc 0.0092 eff 0.0 outinratio 0.0054 

ggH124_4mu_TCjmax_pT4l_genbin4_recobin8 acc 0.0228 eff 0.0 outinratio 0.0037 

VBFH124_4mu_TCjmax_pT4l_genbin4_recobin8 acc 0.0619 eff 0.0 outinratio 0.0383 

WminusH124_4mu_TCjmax_pT4l_genbin4_recobin8 acc 0.0295 eff 0.0 outinratio 0.0122 

WplusH124_4mu_TCjmax_pT4l_genbin4_recobin8 acc 0.026 eff 0.0 outinratio 0.0104 

ZH124_4mu_TCjmax_pT4l_genbin4_recobin8 acc 0.028 eff 0.0 outinratio 0.0211 

ttH124_4mu_TCjmax_pT4l_genbin4_recobin8 acc 0.0118 eff 0.0 outinratio 0.0054 

ggH124_4mu_TCjmax_pT4l_genbin5_recobin8 acc 0.0199 eff 0.0 outinratio 0.0037 

VBFH124_4mu_TCjmax_pT4l_genbin5_recobin8 acc 0.0729 eff 0.0 outinratio 0.0383 

WminusH124_4mu_TCjmax_pT4l_genbin5_recobin8 acc 0.0271 eff 0.0 outinratio 0.0122 

WplusH124_4mu_TCjmax_pT4l_genbin5_recobin8 acc 0.0251 eff 0.0 outinratio 0.0104 

ZH124_4mu_TCjmax_pT4l_genbin5_recobin8 acc 0.0262 eff 0.0 outinratio 0.0211 

ttH124_4mu_TCjmax_pT4l_genbin5_recobin8 acc 0.0148 eff 0.0 outinratio 0.0054 

ggH124_4mu_TCjmax_pT4l_genbin6_recobin8 acc 0.0086 eff 0.0 outinratio 0.0037 

VBFH124_4mu_TCjmax_pT4l_genbin6_recobin8 acc 0.0804 eff 0.0031 outinratio 0.0383 

WminusH124_4mu_TCjmax_pT4l_genbin6_recobin8 acc 0.0178 eff 0.0137 outinratio 0.0122 

WplusH124_4mu_TCjmax_pT4l_genbin6_recobin8 acc 0.017 eff 0.0103 outinratio 0.0104 

ZH124_4mu_TCjmax_pT4l_genbin6_recobin8 acc 0.0159 eff 0.0 outinratio 0.0211 

ttH124_4mu_TCjmax_pT4l_genbin6_recobin8 acc 0.0223 eff 0.0401 outinratio 0.0054 

ggH124_4mu_TCjmax_pT4l_genbin7_recobin8 acc 0.0291 eff 0.0029 outinratio 0.0037 

VBFH124_4mu_TCjmax_pT4l_genbin7_recobin8 acc 0.0786 eff 0.0027 outinratio 0.0383 

WminusH124_4mu_TCjmax_pT4l_genbin7_recobin8 acc 0.1258 eff 0.0017 outinratio 0.0122 

WplusH124_4mu_TCjmax_pT4l_genbin7_recobin8 acc 0.1166 eff 0.0017 outinratio 0.0104 

ZH124_4mu_TCjmax_pT4l_genbin7_recobin8 acc 0.1278 eff 0.0001 outinratio 0.0211 

ttH124_4mu_TCjmax_pT4l_genbin7_recobin8 acc 0.3766 eff 0.0017 outinratio 0.0054 

ggH124_4mu_TCjmax_pT4l_genbin8_recobin8 acc 0.0045 eff 0.851 outinratio 0.0037 

VBFH124_4mu_TCjmax_pT4l_genbin8_recobin8 acc 0.0115 eff 0.7227 outinratio 0.0383 

WminusH124_4mu_TCjmax_pT4l_genbin8_recobin8 acc 0.0142 eff 0.8308 outinratio 0.0122 

WplusH124_4mu_TCjmax_pT4l_genbin8_recobin8 acc 0.0166 eff 0.8273 outinratio 0.0104 

ZH124_4mu_TCjmax_pT4l_genbin8_recobin8 acc 0.0164 eff 0.9391 outinratio 0.0211 

ttH124_4mu_TCjmax_pT4l_genbin8_recobin8 acc 0.0464 eff 0.6545 outinratio 0.0054 

ggH124_2e2mu_TCjmax_pT4l_genbin0_recobin0 acc 0.2798 eff 0.4979 outinratio 0.0083 

VBFH124_2e2mu_TCjmax_pT4l_genbin0_recobin0 acc 0.0669 eff 0.3888 outinratio 0.0033 

WminusH124_2e2mu_TCjmax_pT4l_genbin0_recobin0 acc 0.0949 eff 0.3779 outinratio 0.031 

WplusH124_2e2mu_TCjmax_pT4l_genbin0_recobin0 acc 0.085 eff 0.3788 outinratio 0.0256 

ZH124_2e2mu_TCjmax_pT4l_genbin0_recobin0 acc 0.0784 eff 0.4538 outinratio 0.0858 

ttH124_2e2mu_TCjmax_pT4l_genbin0_recobin0 acc 0.0013 eff 0.0 outinratio 0.0 

ggH124_2e2mu_TCjmax_pT4l_genbin1_recobin0 acc 0.0158 eff 0.1075 outinratio 0.0083 

VBFH124_2e2mu_TCjmax_pT4l_genbin1_recobin0 acc 0.0287 eff 0.0668 outinratio 0.0033 

WminusH124_2e2mu_TCjmax_pT4l_genbin1_recobin0 acc 0.0326 eff 0.0393 outinratio 0.031 

WplusH124_2e2mu_TCjmax_pT4l_genbin1_recobin0 acc 0.0251 eff 0.0466 outinratio 0.0256 

ZH124_2e2mu_TCjmax_pT4l_genbin1_recobin0 acc 0.0306 eff 0.0378 outinratio 0.0858 

ttH124_2e2mu_TCjmax_pT4l_genbin1_recobin0 acc 0.0079 eff 0.0 outinratio 0.0 

ggH124_2e2mu_TCjmax_pT4l_genbin2_recobin0 acc 0.0329 eff 0.0828 outinratio 0.0083 

VBFH124_2e2mu_TCjmax_pT4l_genbin2_recobin0 acc 0.0441 eff 0.0639 outinratio 0.0033 

WminusH124_2e2mu_TCjmax_pT4l_genbin2_recobin0 acc 0.0377 eff 0.0441 outinratio 0.031 

WplusH124_2e2mu_TCjmax_pT4l_genbin2_recobin0 acc 0.0305 eff 0.0393 outinratio 0.0256 

ZH124_2e2mu_TCjmax_pT4l_genbin2_recobin0 acc 0.0363 eff 0.0326 outinratio 0.0858 

ttH124_2e2mu_TCjmax_pT4l_genbin2_recobin0 acc 0.0117 eff 0.0228 outinratio 0.0 

ggH124_2e2mu_TCjmax_pT4l_genbin3_recobin0 acc 0.0219 eff 0.0787 outinratio 0.0083 

VBFH124_2e2mu_TCjmax_pT4l_genbin3_recobin0 acc 0.0418 eff 0.0362 outinratio 0.0033 

WminusH124_2e2mu_TCjmax_pT4l_genbin3_recobin0 acc 0.0268 eff 0.0317 outinratio 0.031 

WplusH124_2e2mu_TCjmax_pT4l_genbin3_recobin0 acc 0.0224 eff 0.0255 outinratio 0.0256 

ZH124_2e2mu_TCjmax_pT4l_genbin3_recobin0 acc 0.0262 eff 0.0838 outinratio 0.0858 

ttH124_2e2mu_TCjmax_pT4l_genbin3_recobin0 acc 0.0074 eff 0.0 outinratio 0.0 

ggH124_2e2mu_TCjmax_pT4l_genbin4_recobin0 acc 0.0191 eff 0.0523 outinratio 0.0083 

VBFH124_2e2mu_TCjmax_pT4l_genbin4_recobin0 acc 0.0517 eff 0.0405 outinratio 0.0033 

WminusH124_2e2mu_TCjmax_pT4l_genbin4_recobin0 acc 0.0282 eff 0.0196 outinratio 0.031 

WplusH124_2e2mu_TCjmax_pT4l_genbin4_recobin0 acc 0.0237 eff 0.0262 outinratio 0.0256 

ZH124_2e2mu_TCjmax_pT4l_genbin4_recobin0 acc 0.0248 eff 0.0116 outinratio 0.0858 

ttH124_2e2mu_TCjmax_pT4l_genbin4_recobin0 acc 0.0087 eff 0.0 outinratio 0.0 

ggH124_2e2mu_TCjmax_pT4l_genbin5_recobin0 acc 0.0153 eff 0.0162 outinratio 0.0083 

VBFH124_2e2mu_TCjmax_pT4l_genbin5_recobin0 acc 0.0724 eff 0.0161 outinratio 0.0033 

WminusH124_2e2mu_TCjmax_pT4l_genbin5_recobin0 acc 0.0268 eff 0.0157 outinratio 0.031 

WplusH124_2e2mu_TCjmax_pT4l_genbin5_recobin0 acc 0.0222 eff 0.0215 outinratio 0.0256 

ZH124_2e2mu_TCjmax_pT4l_genbin5_recobin0 acc 0.0242 eff 0.0123 outinratio 0.0858 

ttH124_2e2mu_TCjmax_pT4l_genbin5_recobin0 acc 0.0135 eff 0.0126 outinratio 0.0 

ggH124_2e2mu_TCjmax_pT4l_genbin6_recobin0 acc 0.0099 eff 0.0 outinratio 0.0083 

VBFH124_2e2mu_TCjmax_pT4l_genbin6_recobin0 acc 0.0726 eff 0.0036 outinratio 0.0033 

WminusH124_2e2mu_TCjmax_pT4l_genbin6_recobin0 acc 0.0172 eff 0.0215 outinratio 0.031 

WplusH124_2e2mu_TCjmax_pT4l_genbin6_recobin0 acc 0.0155 eff 0.0175 outinratio 0.0256 

ZH124_2e2mu_TCjmax_pT4l_genbin6_recobin0 acc 0.0166 eff 0.0311 outinratio 0.0858 

ttH124_2e2mu_TCjmax_pT4l_genbin6_recobin0 acc 0.0238 eff 0.0131 outinratio 0.0 

ggH124_2e2mu_TCjmax_pT4l_genbin7_recobin0 acc 0.028 eff 0.0 outinratio 0.0083 

VBFH124_2e2mu_TCjmax_pT4l_genbin7_recobin0 acc 0.0708 eff 0.0045 outinratio 0.0033 

WminusH124_2e2mu_TCjmax_pT4l_genbin7_recobin0 acc 0.117 eff 0.0026 outinratio 0.031 

WplusH124_2e2mu_TCjmax_pT4l_genbin7_recobin0 acc 0.1072 eff 0.0012 outinratio 0.0256 

ZH124_2e2mu_TCjmax_pT4l_genbin7_recobin0 acc 0.1197 eff 0.0017 outinratio 0.0858 

ttH124_2e2mu_TCjmax_pT4l_genbin7_recobin0 acc 0.3313 eff 0.0 outinratio 0.0 

ggH124_2e2mu_TCjmax_pT4l_genbin8_recobin0 acc 0.0042 eff 0.0 outinratio 0.0083 

VBFH124_2e2mu_TCjmax_pT4l_genbin8_recobin0 acc 0.0121 eff 0.0033 outinratio 0.0033 

WminusH124_2e2mu_TCjmax_pT4l_genbin8_recobin0 acc 0.0127 eff 0.0 outinratio 0.031 

WplusH124_2e2mu_TCjmax_pT4l_genbin8_recobin0 acc 0.0162 eff 0.0012 outinratio 0.0256 

ZH124_2e2mu_TCjmax_pT4l_genbin8_recobin0 acc 0.0173 eff 0.0 outinratio 0.0858 

ttH124_2e2mu_TCjmax_pT4l_genbin8_recobin0 acc 0.0501 eff 0.0 outinratio 0.0 

ggH124_2e2mu_TCjmax_pT4l_genbin0_recobin1 acc 0.2798 eff 0.0348 outinratio 0.0106 

VBFH124_2e2mu_TCjmax_pT4l_genbin0_recobin1 acc 0.0669 eff 0.0463 outinratio 0.0223 

WminusH124_2e2mu_TCjmax_pT4l_genbin0_recobin1 acc 0.0949 eff 0.0308 outinratio 0.0151 

WplusH124_2e2mu_TCjmax_pT4l_genbin0_recobin1 acc 0.085 eff 0.0293 outinratio 0.0162 

ZH124_2e2mu_TCjmax_pT4l_genbin0_recobin1 acc 0.0784 eff 0.022 outinratio 0.0372 

ttH124_2e2mu_TCjmax_pT4l_genbin0_recobin1 acc 0.0013 eff 0.0 outinratio 0.0 

ggH124_2e2mu_TCjmax_pT4l_genbin1_recobin1 acc 0.0158 eff 0.4059 outinratio 0.0106 

VBFH124_2e2mu_TCjmax_pT4l_genbin1_recobin1 acc 0.0287 eff 0.4101 outinratio 0.0223 

WminusH124_2e2mu_TCjmax_pT4l_genbin1_recobin1 acc 0.0326 eff 0.3882 outinratio 0.0151 

WplusH124_2e2mu_TCjmax_pT4l_genbin1_recobin1 acc 0.0251 eff 0.3879 outinratio 0.0162 

ZH124_2e2mu_TCjmax_pT4l_genbin1_recobin1 acc 0.0306 eff 0.3863 outinratio 0.0372 

ttH124_2e2mu_TCjmax_pT4l_genbin1_recobin1 acc 0.0079 eff 0.2788 outinratio 0.0 

ggH124_2e2mu_TCjmax_pT4l_genbin2_recobin1 acc 0.0329 eff 0.0185 outinratio 0.0106 

VBFH124_2e2mu_TCjmax_pT4l_genbin2_recobin1 acc 0.0441 eff 0.0135 outinratio 0.0223 

WminusH124_2e2mu_TCjmax_pT4l_genbin2_recobin1 acc 0.0377 eff 0.0122 outinratio 0.0151 

WplusH124_2e2mu_TCjmax_pT4l_genbin2_recobin1 acc 0.0305 eff 0.0117 outinratio 0.0162 

ZH124_2e2mu_TCjmax_pT4l_genbin2_recobin1 acc 0.0363 eff 0.0095 outinratio 0.0372 

ttH124_2e2mu_TCjmax_pT4l_genbin2_recobin1 acc 0.0117 eff 0.0 outinratio 0.0 

ggH124_2e2mu_TCjmax_pT4l_genbin3_recobin1 acc 0.0219 eff 0.0 outinratio 0.0106 

VBFH124_2e2mu_TCjmax_pT4l_genbin3_recobin1 acc 0.0418 eff 0.0 outinratio 0.0223 

WminusH124_2e2mu_TCjmax_pT4l_genbin3_recobin1 acc 0.0268 eff 0.0003 outinratio 0.0151 

WplusH124_2e2mu_TCjmax_pT4l_genbin3_recobin1 acc 0.0224 eff 0.0 outinratio 0.0162 

ZH124_2e2mu_TCjmax_pT4l_genbin3_recobin1 acc 0.0262 eff 0.0 outinratio 0.0372 

ttH124_2e2mu_TCjmax_pT4l_genbin3_recobin1 acc 0.0074 eff 0.0 outinratio 0.0 

ggH124_2e2mu_TCjmax_pT4l_genbin4_recobin1 acc 0.0191 eff 0.0 outinratio 0.0106 

VBFH124_2e2mu_TCjmax_pT4l_genbin4_recobin1 acc 0.0517 eff 0.0 outinratio 0.0223 

WminusH124_2e2mu_TCjmax_pT4l_genbin4_recobin1 acc 0.0282 eff 0.0 outinratio 0.0151 

WplusH124_2e2mu_TCjmax_pT4l_genbin4_recobin1 acc 0.0237 eff 0.0 outinratio 0.0162 

ZH124_2e2mu_TCjmax_pT4l_genbin4_recobin1 acc 0.0248 eff 0.0 outinratio 0.0372 

ttH124_2e2mu_TCjmax_pT4l_genbin4_recobin1 acc 0.0087 eff 0.0 outinratio 0.0 

ggH124_2e2mu_TCjmax_pT4l_genbin5_recobin1 acc 0.0153 eff 0.0 outinratio 0.0106 

VBFH124_2e2mu_TCjmax_pT4l_genbin5_recobin1 acc 0.0724 eff 0.0 outinratio 0.0223 

WminusH124_2e2mu_TCjmax_pT4l_genbin5_recobin1 acc 0.0268 eff 0.0 outinratio 0.0151 

WplusH124_2e2mu_TCjmax_pT4l_genbin5_recobin1 acc 0.0222 eff 0.0 outinratio 0.0162 

ZH124_2e2mu_TCjmax_pT4l_genbin5_recobin1 acc 0.0242 eff 0.0 outinratio 0.0372 

ttH124_2e2mu_TCjmax_pT4l_genbin5_recobin1 acc 0.0135 eff 0.0 outinratio 0.0 

ggH124_2e2mu_TCjmax_pT4l_genbin6_recobin1 acc 0.0099 eff 0.0 outinratio 0.0106 

VBFH124_2e2mu_TCjmax_pT4l_genbin6_recobin1 acc 0.0726 eff 0.0 outinratio 0.0223 

WminusH124_2e2mu_TCjmax_pT4l_genbin6_recobin1 acc 0.0172 eff 0.0 outinratio 0.0151 

WplusH124_2e2mu_TCjmax_pT4l_genbin6_recobin1 acc 0.0155 eff 0.0 outinratio 0.0162 

ZH124_2e2mu_TCjmax_pT4l_genbin6_recobin1 acc 0.0166 eff 0.0 outinratio 0.0372 

ttH124_2e2mu_TCjmax_pT4l_genbin6_recobin1 acc 0.0238 eff 0.0 outinratio 0.0 

ggH124_2e2mu_TCjmax_pT4l_genbin7_recobin1 acc 0.028 eff 0.0037 outinratio 0.0106 

VBFH124_2e2mu_TCjmax_pT4l_genbin7_recobin1 acc 0.0708 eff 0.0037 outinratio 0.0223 

WminusH124_2e2mu_TCjmax_pT4l_genbin7_recobin1 acc 0.117 eff 0.0023 outinratio 0.0151 

WplusH124_2e2mu_TCjmax_pT4l_genbin7_recobin1 acc 0.1072 eff 0.0021 outinratio 0.0162 

ZH124_2e2mu_TCjmax_pT4l_genbin7_recobin1 acc 0.1197 eff 0.0002 outinratio 0.0372 

ttH124_2e2mu_TCjmax_pT4l_genbin7_recobin1 acc 0.3313 eff 0.0005 outinratio 0.0 

ggH124_2e2mu_TCjmax_pT4l_genbin8_recobin1 acc 0.0042 eff 0.0 outinratio 0.0106 

VBFH124_2e2mu_TCjmax_pT4l_genbin8_recobin1 acc 0.0121 eff 0.0 outinratio 0.0223 

WminusH124_2e2mu_TCjmax_pT4l_genbin8_recobin1 acc 0.0127 eff 0.0 outinratio 0.0151 

WplusH124_2e2mu_TCjmax_pT4l_genbin8_recobin1 acc 0.0162 eff 0.0 outinratio 0.0162 

ZH124_2e2mu_TCjmax_pT4l_genbin8_recobin1 acc 0.0173 eff 0.0 outinratio 0.0372 

ttH124_2e2mu_TCjmax_pT4l_genbin8_recobin1 acc 0.0501 eff 0.0 outinratio 0.0 

ggH124_2e2mu_TCjmax_pT4l_genbin0_recobin2 acc 0.2798 eff 0.015 outinratio 0.0066 

VBFH124_2e2mu_TCjmax_pT4l_genbin0_recobin2 acc 0.0669 eff 0.051 outinratio 0.0084 

WminusH124_2e2mu_TCjmax_pT4l_genbin0_recobin2 acc 0.0949 eff 0.0267 outinratio 0.0173 

WplusH124_2e2mu_TCjmax_pT4l_genbin0_recobin2 acc 0.085 eff 0.0215 outinratio 0.0144 

ZH124_2e2mu_TCjmax_pT4l_genbin0_recobin2 acc 0.0784 eff 0.0174 outinratio 0.0299 

ttH124_2e2mu_TCjmax_pT4l_genbin0_recobin2 acc 0.0013 eff 0.0 outinratio 0.0 

ggH124_2e2mu_TCjmax_pT4l_genbin1_recobin2 acc 0.0158 eff 0.0132 outinratio 0.0066 

VBFH124_2e2mu_TCjmax_pT4l_genbin1_recobin2 acc 0.0287 eff 0.0194 outinratio 0.0084 

WminusH124_2e2mu_TCjmax_pT4l_genbin1_recobin2 acc 0.0326 eff 0.0161 outinratio 0.0173 

WplusH124_2e2mu_TCjmax_pT4l_genbin1_recobin2 acc 0.0251 eff 0.0124 outinratio 0.0144 

ZH124_2e2mu_TCjmax_pT4l_genbin1_recobin2 acc 0.0306 eff 0.0002 outinratio 0.0299 

ttH124_2e2mu_TCjmax_pT4l_genbin1_recobin2 acc 0.0079 eff 0.0201 outinratio 0.0 

ggH124_2e2mu_TCjmax_pT4l_genbin2_recobin2 acc 0.0329 eff 0.4633 outinratio 0.0066 

VBFH124_2e2mu_TCjmax_pT4l_genbin2_recobin2 acc 0.0441 eff 0.4372 outinratio 0.0084 

WminusH124_2e2mu_TCjmax_pT4l_genbin2_recobin2 acc 0.0377 eff 0.3974 outinratio 0.0173 

WplusH124_2e2mu_TCjmax_pT4l_genbin2_recobin2 acc 0.0305 eff 0.4075 outinratio 0.0144 

ZH124_2e2mu_TCjmax_pT4l_genbin2_recobin2 acc 0.0363 eff 0.4265 outinratio 0.0299 

ttH124_2e2mu_TCjmax_pT4l_genbin2_recobin2 acc 0.0117 eff 0.23 outinratio 0.0 

ggH124_2e2mu_TCjmax_pT4l_genbin3_recobin2 acc 0.0219 eff 0.0334 outinratio 0.0066 

VBFH124_2e2mu_TCjmax_pT4l_genbin3_recobin2 acc 0.0418 eff 0.0329 outinratio 0.0084 

WminusH124_2e2mu_TCjmax_pT4l_genbin3_recobin2 acc 0.0268 eff 0.0276 outinratio 0.0173 

WplusH124_2e2mu_TCjmax_pT4l_genbin3_recobin2 acc 0.0224 eff 0.0325 outinratio 0.0144 

ZH124_2e2mu_TCjmax_pT4l_genbin3_recobin2 acc 0.0262 eff 0.0261 outinratio 0.0299 

ttH124_2e2mu_TCjmax_pT4l_genbin3_recobin2 acc 0.0074 eff 0.0631 outinratio 0.0 

ggH124_2e2mu_TCjmax_pT4l_genbin4_recobin2 acc 0.0191 eff 0.0 outinratio 0.0066 

VBFH124_2e2mu_TCjmax_pT4l_genbin4_recobin2 acc 0.0517 eff 0.0 outinratio 0.0084 

WminusH124_2e2mu_TCjmax_pT4l_genbin4_recobin2 acc 0.0282 eff 0.0 outinratio 0.0173 

WplusH124_2e2mu_TCjmax_pT4l_genbin4_recobin2 acc 0.0237 eff 0.0 outinratio 0.0144 

ZH124_2e2mu_TCjmax_pT4l_genbin4_recobin2 acc 0.0248 eff 0.0 outinratio 0.0299 

ttH124_2e2mu_TCjmax_pT4l_genbin4_recobin2 acc 0.0087 eff 0.0 outinratio 0.0 

ggH124_2e2mu_TCjmax_pT4l_genbin5_recobin2 acc 0.0153 eff 0.0 outinratio 0.0066 

VBFH124_2e2mu_TCjmax_pT4l_genbin5_recobin2 acc 0.0724 eff 0.0 outinratio 0.0084 

WminusH124_2e2mu_TCjmax_pT4l_genbin5_recobin2 acc 0.0268 eff 0.0 outinratio 0.0173 

WplusH124_2e2mu_TCjmax_pT4l_genbin5_recobin2 acc 0.0222 eff 0.0 outinratio 0.0144 

ZH124_2e2mu_TCjmax_pT4l_genbin5_recobin2 acc 0.0242 eff 0.0 outinratio 0.0299 

ttH124_2e2mu_TCjmax_pT4l_genbin5_recobin2 acc 0.0135 eff 0.0 outinratio 0.0 

ggH124_2e2mu_TCjmax_pT4l_genbin6_recobin2 acc 0.0099 eff 0.0 outinratio 0.0066 

VBFH124_2e2mu_TCjmax_pT4l_genbin6_recobin2 acc 0.0726 eff 0.0 outinratio 0.0084 

WminusH124_2e2mu_TCjmax_pT4l_genbin6_recobin2 acc 0.0172 eff 0.0 outinratio 0.0173 

WplusH124_2e2mu_TCjmax_pT4l_genbin6_recobin2 acc 0.0155 eff 0.0 outinratio 0.0144 

ZH124_2e2mu_TCjmax_pT4l_genbin6_recobin2 acc 0.0166 eff 0.0 outinratio 0.0299 

ttH124_2e2mu_TCjmax_pT4l_genbin6_recobin2 acc 0.0238 eff 0.0 outinratio 0.0 

ggH124_2e2mu_TCjmax_pT4l_genbin7_recobin2 acc 0.028 eff 0.0041 outinratio 0.0066 

VBFH124_2e2mu_TCjmax_pT4l_genbin7_recobin2 acc 0.0708 eff 0.0033 outinratio 0.0084 

WminusH124_2e2mu_TCjmax_pT4l_genbin7_recobin2 acc 0.117 eff 0.0046 outinratio 0.0173 

WplusH124_2e2mu_TCjmax_pT4l_genbin7_recobin2 acc 0.1072 eff 0.0035 outinratio 0.0144 

ZH124_2e2mu_TCjmax_pT4l_genbin7_recobin2 acc 0.1197 eff 0.0033 outinratio 0.0299 

ttH124_2e2mu_TCjmax_pT4l_genbin7_recobin2 acc 0.3313 eff 0.0027 outinratio 0.0 

ggH124_2e2mu_TCjmax_pT4l_genbin8_recobin2 acc 0.0042 eff 0.0 outinratio 0.0066 

VBFH124_2e2mu_TCjmax_pT4l_genbin8_recobin2 acc 0.0121 eff 0.0 outinratio 0.0084 

WminusH124_2e2mu_TCjmax_pT4l_genbin8_recobin2 acc 0.0127 eff 0.0 outinratio 0.0173 

WplusH124_2e2mu_TCjmax_pT4l_genbin8_recobin2 acc 0.0162 eff 0.0 outinratio 0.0144 

ZH124_2e2mu_TCjmax_pT4l_genbin8_recobin2 acc 0.0173 eff 0.0 outinratio 0.0299 

ttH124_2e2mu_TCjmax_pT4l_genbin8_recobin2 acc 0.0501 eff 0.0 outinratio 0.0 

ggH124_2e2mu_TCjmax_pT4l_genbin0_recobin3 acc 0.2798 eff 0.0028 outinratio 0.0296 

VBFH124_2e2mu_TCjmax_pT4l_genbin0_recobin3 acc 0.0669 eff 0.0287 outinratio 0.0061 

WminusH124_2e2mu_TCjmax_pT4l_genbin0_recobin3 acc 0.0949 eff 0.0119 outinratio 0.0235 

WplusH124_2e2mu_TCjmax_pT4l_genbin0_recobin3 acc 0.085 eff 0.014 outinratio 0.0095 

ZH124_2e2mu_TCjmax_pT4l_genbin0_recobin3 acc 0.0784 eff 0.0138 outinratio 0.0729 

ttH124_2e2mu_TCjmax_pT4l_genbin0_recobin3 acc 0.0013 eff 0.0 outinratio 0.0 

ggH124_2e2mu_TCjmax_pT4l_genbin1_recobin3 acc 0.0158 eff 0.0 outinratio 0.0296 

VBFH124_2e2mu_TCjmax_pT4l_genbin1_recobin3 acc 0.0287 eff 0.0 outinratio 0.0061 

WminusH124_2e2mu_TCjmax_pT4l_genbin1_recobin3 acc 0.0326 eff 0.0 outinratio 0.0235 

WplusH124_2e2mu_TCjmax_pT4l_genbin1_recobin3 acc 0.0251 eff 0.0 outinratio 0.0095 

ZH124_2e2mu_TCjmax_pT4l_genbin1_recobin3 acc 0.0306 eff 0.0 outinratio 0.0729 

ttH124_2e2mu_TCjmax_pT4l_genbin1_recobin3 acc 0.0079 eff 0.0 outinratio 0.0 

ggH124_2e2mu_TCjmax_pT4l_genbin2_recobin3 acc 0.0329 eff 0.0078 outinratio 0.0296 

VBFH124_2e2mu_TCjmax_pT4l_genbin2_recobin3 acc 0.0441 eff 0.0139 outinratio 0.0061 

WminusH124_2e2mu_TCjmax_pT4l_genbin2_recobin3 acc 0.0377 eff 0.0129 outinratio 0.0235 

WplusH124_2e2mu_TCjmax_pT4l_genbin2_recobin3 acc 0.0305 eff 0.0163 outinratio 0.0095 

ZH124_2e2mu_TCjmax_pT4l_genbin2_recobin3 acc 0.0363 eff 0.0147 outinratio 0.0729 

ttH124_2e2mu_TCjmax_pT4l_genbin2_recobin3 acc 0.0117 eff 0.0 outinratio 0.0 

ggH124_2e2mu_TCjmax_pT4l_genbin3_recobin3 acc 0.0219 eff 0.4277 outinratio 0.0296 

VBFH124_2e2mu_TCjmax_pT4l_genbin3_recobin3 acc 0.0418 eff 0.4513 outinratio 0.0061 

WminusH124_2e2mu_TCjmax_pT4l_genbin3_recobin3 acc 0.0268 eff 0.3949 outinratio 0.0235 

WplusH124_2e2mu_TCjmax_pT4l_genbin3_recobin3 acc 0.0224 eff 0.3616 outinratio 0.0095 

ZH124_2e2mu_TCjmax_pT4l_genbin3_recobin3 acc 0.0262 eff 0.4186 outinratio 0.0729 

ttH124_2e2mu_TCjmax_pT4l_genbin3_recobin3 acc 0.0074 eff 0.2403 outinratio 0.0 

ggH124_2e2mu_TCjmax_pT4l_genbin4_recobin3 acc 0.0191 eff 0.0307 outinratio 0.0296 

VBFH124_2e2mu_TCjmax_pT4l_genbin4_recobin3 acc 0.0517 eff 0.0291 outinratio 0.0061 

WminusH124_2e2mu_TCjmax_pT4l_genbin4_recobin3 acc 0.0282 eff 0.0217 outinratio 0.0235 

WplusH124_2e2mu_TCjmax_pT4l_genbin4_recobin3 acc 0.0237 eff 0.0219 outinratio 0.0095 

ZH124_2e2mu_TCjmax_pT4l_genbin4_recobin3 acc 0.0248 eff 0.0173 outinratio 0.0729 

ttH124_2e2mu_TCjmax_pT4l_genbin4_recobin3 acc 0.0087 eff 0.0389 outinratio 0.0 

ggH124_2e2mu_TCjmax_pT4l_genbin5_recobin3 acc 0.0153 eff 0.0 outinratio 0.0296 

VBFH124_2e2mu_TCjmax_pT4l_genbin5_recobin3 acc 0.0724 eff 0.0 outinratio 0.0061 

WminusH124_2e2mu_TCjmax_pT4l_genbin5_recobin3 acc 0.0268 eff 0.0004 outinratio 0.0235 

WplusH124_2e2mu_TCjmax_pT4l_genbin5_recobin3 acc 0.0222 eff 0.0 outinratio 0.0095 

ZH124_2e2mu_TCjmax_pT4l_genbin5_recobin3 acc 0.0242 eff 0.0 outinratio 0.0729 

ttH124_2e2mu_TCjmax_pT4l_genbin5_recobin3 acc 0.0135 eff 0.0 outinratio 0.0 

ggH124_2e2mu_TCjmax_pT4l_genbin6_recobin3 acc 0.0099 eff 0.0 outinratio 0.0296 

VBFH124_2e2mu_TCjmax_pT4l_genbin6_recobin3 acc 0.0726 eff 0.0 outinratio 0.0061 

WminusH124_2e2mu_TCjmax_pT4l_genbin6_recobin3 acc 0.0172 eff 0.0 outinratio 0.0235 

WplusH124_2e2mu_TCjmax_pT4l_genbin6_recobin3 acc 0.0155 eff 0.0 outinratio 0.0095 

ZH124_2e2mu_TCjmax_pT4l_genbin6_recobin3 acc 0.0166 eff 0.0 outinratio 0.0729 

ttH124_2e2mu_TCjmax_pT4l_genbin6_recobin3 acc 0.0238 eff 0.0 outinratio 0.0 

ggH124_2e2mu_TCjmax_pT4l_genbin7_recobin3 acc 0.028 eff 0.0043 outinratio 0.0296 

VBFH124_2e2mu_TCjmax_pT4l_genbin7_recobin3 acc 0.0708 eff 0.0013 outinratio 0.0061 

WminusH124_2e2mu_TCjmax_pT4l_genbin7_recobin3 acc 0.117 eff 0.005 outinratio 0.0235 

WplusH124_2e2mu_TCjmax_pT4l_genbin7_recobin3 acc 0.1072 eff 0.0053 outinratio 0.0095 

ZH124_2e2mu_TCjmax_pT4l_genbin7_recobin3 acc 0.1197 eff 0.0076 outinratio 0.0729 

ttH124_2e2mu_TCjmax_pT4l_genbin7_recobin3 acc 0.3313 eff 0.0018 outinratio 0.0 

ggH124_2e2mu_TCjmax_pT4l_genbin8_recobin3 acc 0.0042 eff 0.0 outinratio 0.0296 

VBFH124_2e2mu_TCjmax_pT4l_genbin8_recobin3 acc 0.0121 eff 0.0 outinratio 0.0061 

WminusH124_2e2mu_TCjmax_pT4l_genbin8_recobin3 acc 0.0127 eff 0.0 outinratio 0.0235 

WplusH124_2e2mu_TCjmax_pT4l_genbin8_recobin3 acc 0.0162 eff 0.0 outinratio 0.0095 

ZH124_2e2mu_TCjmax_pT4l_genbin8_recobin3 acc 0.0173 eff 0.0 outinratio 0.0729 

ttH124_2e2mu_TCjmax_pT4l_genbin8_recobin3 acc 0.0501 eff 0.0 outinratio 0.0 

ggH124_2e2mu_TCjmax_pT4l_genbin0_recobin4 acc 0.2798 eff 0.0006 outinratio 0.0083 

VBFH124_2e2mu_TCjmax_pT4l_genbin0_recobin4 acc 0.0669 eff 0.0135 outinratio 0.0104 

WminusH124_2e2mu_TCjmax_pT4l_genbin0_recobin4 acc 0.0949 eff 0.0126 outinratio 0.0165 

WplusH124_2e2mu_TCjmax_pT4l_genbin0_recobin4 acc 0.085 eff 0.012 outinratio 0.0154 

ZH124_2e2mu_TCjmax_pT4l_genbin0_recobin4 acc 0.0784 eff 0.0029 outinratio 0.073 

ttH124_2e2mu_TCjmax_pT4l_genbin0_recobin4 acc 0.0013 eff 0.0 outinratio 0.0 

ggH124_2e2mu_TCjmax_pT4l_genbin1_recobin4 acc 0.0158 eff 0.0 outinratio 0.0083 

VBFH124_2e2mu_TCjmax_pT4l_genbin1_recobin4 acc 0.0287 eff 0.0 outinratio 0.0104 

WminusH124_2e2mu_TCjmax_pT4l_genbin1_recobin4 acc 0.0326 eff 0.0 outinratio 0.0165 

WplusH124_2e2mu_TCjmax_pT4l_genbin1_recobin4 acc 0.0251 eff 0.0 outinratio 0.0154 

ZH124_2e2mu_TCjmax_pT4l_genbin1_recobin4 acc 0.0306 eff 0.0 outinratio 0.073 

ttH124_2e2mu_TCjmax_pT4l_genbin1_recobin4 acc 0.0079 eff 0.0 outinratio 0.0 

ggH124_2e2mu_TCjmax_pT4l_genbin2_recobin4 acc 0.0329 eff 0.0 outinratio 0.0083 

VBFH124_2e2mu_TCjmax_pT4l_genbin2_recobin4 acc 0.0441 eff 0.0 outinratio 0.0104 

WminusH124_2e2mu_TCjmax_pT4l_genbin2_recobin4 acc 0.0377 eff 0.0 outinratio 0.0165 

WplusH124_2e2mu_TCjmax_pT4l_genbin2_recobin4 acc 0.0305 eff 0.0003 outinratio 0.0154 

ZH124_2e2mu_TCjmax_pT4l_genbin2_recobin4 acc 0.0363 eff 0.0 outinratio 0.073 

ttH124_2e2mu_TCjmax_pT4l_genbin2_recobin4 acc 0.0117 eff 0.0 outinratio 0.0 

ggH124_2e2mu_TCjmax_pT4l_genbin3_recobin4 acc 0.0219 eff 0.0199 outinratio 0.0083 

VBFH124_2e2mu_TCjmax_pT4l_genbin3_recobin4 acc 0.0418 eff 0.0158 outinratio 0.0104 

WminusH124_2e2mu_TCjmax_pT4l_genbin3_recobin4 acc 0.0268 eff 0.0147 outinratio 0.0165 

WplusH124_2e2mu_TCjmax_pT4l_genbin3_recobin4 acc 0.0224 eff 0.018 outinratio 0.0154 

ZH124_2e2mu_TCjmax_pT4l_genbin3_recobin4 acc 0.0262 eff 0.0086 outinratio 0.073 

ttH124_2e2mu_TCjmax_pT4l_genbin3_recobin4 acc 0.0074 eff 0.006 outinratio 0.0 

ggH124_2e2mu_TCjmax_pT4l_genbin4_recobin4 acc 0.0191 eff 0.4446 outinratio 0.0083 

VBFH124_2e2mu_TCjmax_pT4l_genbin4_recobin4 acc 0.0517 eff 0.4754 outinratio 0.0104 

WminusH124_2e2mu_TCjmax_pT4l_genbin4_recobin4 acc 0.0282 eff 0.404 outinratio 0.0165 

WplusH124_2e2mu_TCjmax_pT4l_genbin4_recobin4 acc 0.0237 eff 0.3963 outinratio 0.0154 

ZH124_2e2mu_TCjmax_pT4l_genbin4_recobin4 acc 0.0248 eff 0.3826 outinratio 0.073 

ttH124_2e2mu_TCjmax_pT4l_genbin4_recobin4 acc 0.0087 eff 0.239 outinratio 0.0 

ggH124_2e2mu_TCjmax_pT4l_genbin5_recobin4 acc 0.0153 eff 0.0317 outinratio 0.0083 

VBFH124_2e2mu_TCjmax_pT4l_genbin5_recobin4 acc 0.0724 eff 0.0216 outinratio 0.0104 

WminusH124_2e2mu_TCjmax_pT4l_genbin5_recobin4 acc 0.0268 eff 0.0225 outinratio 0.0165 

WplusH124_2e2mu_TCjmax_pT4l_genbin5_recobin4 acc 0.0222 eff 0.0168 outinratio 0.0154 

ZH124_2e2mu_TCjmax_pT4l_genbin5_recobin4 acc 0.0242 eff 0.0347 outinratio 0.073 

ttH124_2e2mu_TCjmax_pT4l_genbin5_recobin4 acc 0.0135 eff 0.0017 outinratio 0.0 

ggH124_2e2mu_TCjmax_pT4l_genbin6_recobin4 acc 0.0099 eff 0.0 outinratio 0.0083 

VBFH124_2e2mu_TCjmax_pT4l_genbin6_recobin4 acc 0.0726 eff 0.0 outinratio 0.0104 

WminusH124_2e2mu_TCjmax_pT4l_genbin6_recobin4 acc 0.0172 eff 0.0 outinratio 0.0165 

WplusH124_2e2mu_TCjmax_pT4l_genbin6_recobin4 acc 0.0155 eff 0.0 outinratio 0.0154 

ZH124_2e2mu_TCjmax_pT4l_genbin6_recobin4 acc 0.0166 eff 0.0 outinratio 0.073 

ttH124_2e2mu_TCjmax_pT4l_genbin6_recobin4 acc 0.0238 eff 0.0 outinratio 0.0 

ggH124_2e2mu_TCjmax_pT4l_genbin7_recobin4 acc 0.028 eff 0.012 outinratio 0.0083 

VBFH124_2e2mu_TCjmax_pT4l_genbin7_recobin4 acc 0.0708 eff 0.0066 outinratio 0.0104 

WminusH124_2e2mu_TCjmax_pT4l_genbin7_recobin4 acc 0.117 eff 0.0091 outinratio 0.0165 

WplusH124_2e2mu_TCjmax_pT4l_genbin7_recobin4 acc 0.1072 eff 0.0078 outinratio 0.0154 

ZH124_2e2mu_TCjmax_pT4l_genbin7_recobin4 acc 0.1197 eff 0.0025 outinratio 0.073 

ttH124_2e2mu_TCjmax_pT4l_genbin7_recobin4 acc 0.3313 eff 0.0024 outinratio 0.0 

ggH124_2e2mu_TCjmax_pT4l_genbin8_recobin4 acc 0.0042 eff 0.0 outinratio 0.0083 

VBFH124_2e2mu_TCjmax_pT4l_genbin8_recobin4 acc 0.0121 eff 0.0 outinratio 0.0104 

WminusH124_2e2mu_TCjmax_pT4l_genbin8_recobin4 acc 0.0127 eff 0.0 outinratio 0.0165 

WplusH124_2e2mu_TCjmax_pT4l_genbin8_recobin4 acc 0.0162 eff 0.0 outinratio 0.0154 

ZH124_2e2mu_TCjmax_pT4l_genbin8_recobin4 acc 0.0173 eff 0.0 outinratio 0.073 

ttH124_2e2mu_TCjmax_pT4l_genbin8_recobin4 acc 0.0501 eff 0.0 outinratio 0.0 

ggH124_2e2mu_TCjmax_pT4l_genbin0_recobin5 acc 0.2798 eff 0.0 outinratio 0.0181 

VBFH124_2e2mu_TCjmax_pT4l_genbin0_recobin5 acc 0.0669 eff 0.0065 outinratio 0.0142 

WminusH124_2e2mu_TCjmax_pT4l_genbin0_recobin5 acc 0.0949 eff 0.0118 outinratio 0.0101 

WplusH124_2e2mu_TCjmax_pT4l_genbin0_recobin5 acc 0.085 eff 0.0112 outinratio 0.0134 

ZH124_2e2mu_TCjmax_pT4l_genbin0_recobin5 acc 0.0784 eff 0.0046 outinratio 0.0701 

ttH124_2e2mu_TCjmax_pT4l_genbin0_recobin5 acc 0.0013 eff 0.0 outinratio 0.0394 

ggH124_2e2mu_TCjmax_pT4l_genbin1_recobin5 acc 0.0158 eff 0.0 outinratio 0.0181 

VBFH124_2e2mu_TCjmax_pT4l_genbin1_recobin5 acc 0.0287 eff 0.0 outinratio 0.0142 

WminusH124_2e2mu_TCjmax_pT4l_genbin1_recobin5 acc 0.0326 eff 0.0 outinratio 0.0101 

WplusH124_2e2mu_TCjmax_pT4l_genbin1_recobin5 acc 0.0251 eff 0.0 outinratio 0.0134 

ZH124_2e2mu_TCjmax_pT4l_genbin1_recobin5 acc 0.0306 eff 0.0 outinratio 0.0701 

ttH124_2e2mu_TCjmax_pT4l_genbin1_recobin5 acc 0.0079 eff 0.0 outinratio 0.0394 

ggH124_2e2mu_TCjmax_pT4l_genbin2_recobin5 acc 0.0329 eff 0.0 outinratio 0.0181 

VBFH124_2e2mu_TCjmax_pT4l_genbin2_recobin5 acc 0.0441 eff 0.0 outinratio 0.0142 

WminusH124_2e2mu_TCjmax_pT4l_genbin2_recobin5 acc 0.0377 eff 0.0 outinratio 0.0101 

WplusH124_2e2mu_TCjmax_pT4l_genbin2_recobin5 acc 0.0305 eff 0.0 outinratio 0.0134 

ZH124_2e2mu_TCjmax_pT4l_genbin2_recobin5 acc 0.0363 eff 0.0 outinratio 0.0701 

ttH124_2e2mu_TCjmax_pT4l_genbin2_recobin5 acc 0.0117 eff 0.0 outinratio 0.0394 

ggH124_2e2mu_TCjmax_pT4l_genbin3_recobin5 acc 0.0219 eff 0.0 outinratio 0.0181 

VBFH124_2e2mu_TCjmax_pT4l_genbin3_recobin5 acc 0.0418 eff 0.0 outinratio 0.0142 

WminusH124_2e2mu_TCjmax_pT4l_genbin3_recobin5 acc 0.0268 eff 0.0 outinratio 0.0101 

WplusH124_2e2mu_TCjmax_pT4l_genbin3_recobin5 acc 0.0224 eff 0.0 outinratio 0.0134 

ZH124_2e2mu_TCjmax_pT4l_genbin3_recobin5 acc 0.0262 eff 0.0 outinratio 0.0701 

ttH124_2e2mu_TCjmax_pT4l_genbin3_recobin5 acc 0.0074 eff 0.0 outinratio 0.0394 

ggH124_2e2mu_TCjmax_pT4l_genbin4_recobin5 acc 0.0191 eff 0.0031 outinratio 0.0181 

VBFH124_2e2mu_TCjmax_pT4l_genbin4_recobin5 acc 0.0517 eff 0.0207 outinratio 0.0142 

WminusH124_2e2mu_TCjmax_pT4l_genbin4_recobin5 acc 0.0282 eff 0.0103 outinratio 0.0101 

WplusH124_2e2mu_TCjmax_pT4l_genbin4_recobin5 acc 0.0237 eff 0.008 outinratio 0.0134 

ZH124_2e2mu_TCjmax_pT4l_genbin4_recobin5 acc 0.0248 eff 0.0095 outinratio 0.0701 

ttH124_2e2mu_TCjmax_pT4l_genbin4_recobin5 acc 0.0087 eff 0.0619 outinratio 0.0394 

ggH124_2e2mu_TCjmax_pT4l_genbin5_recobin5 acc 0.0153 eff 0.4759 outinratio 0.0181 

VBFH124_2e2mu_TCjmax_pT4l_genbin5_recobin5 acc 0.0724 eff 0.523 outinratio 0.0142 

WminusH124_2e2mu_TCjmax_pT4l_genbin5_recobin5 acc 0.0268 eff 0.4155 outinratio 0.0101 

WplusH124_2e2mu_TCjmax_pT4l_genbin5_recobin5 acc 0.0222 eff 0.4087 outinratio 0.0134 

ZH124_2e2mu_TCjmax_pT4l_genbin5_recobin5 acc 0.0242 eff 0.4912 outinratio 0.0701 

ttH124_2e2mu_TCjmax_pT4l_genbin5_recobin5 acc 0.0135 eff 0.2846 outinratio 0.0394 

ggH124_2e2mu_TCjmax_pT4l_genbin6_recobin5 acc 0.0099 eff 0.0264 outinratio 0.0181 

VBFH124_2e2mu_TCjmax_pT4l_genbin6_recobin5 acc 0.0726 eff 0.0133 outinratio 0.0142 

WminusH124_2e2mu_TCjmax_pT4l_genbin6_recobin5 acc 0.0172 eff 0.0131 outinratio 0.0101 

WplusH124_2e2mu_TCjmax_pT4l_genbin6_recobin5 acc 0.0155 eff 0.0108 outinratio 0.0134 

ZH124_2e2mu_TCjmax_pT4l_genbin6_recobin5 acc 0.0166 eff 0.0 outinratio 0.0701 

ttH124_2e2mu_TCjmax_pT4l_genbin6_recobin5 acc 0.0238 eff 0.0 outinratio 0.0394 

ggH124_2e2mu_TCjmax_pT4l_genbin7_recobin5 acc 0.028 eff 0.0166 outinratio 0.0181 

VBFH124_2e2mu_TCjmax_pT4l_genbin7_recobin5 acc 0.0708 eff 0.0094 outinratio 0.0142 

WminusH124_2e2mu_TCjmax_pT4l_genbin7_recobin5 acc 0.117 eff 0.0121 outinratio 0.0101 

WplusH124_2e2mu_TCjmax_pT4l_genbin7_recobin5 acc 0.1072 eff 0.0121 outinratio 0.0134 

ZH124_2e2mu_TCjmax_pT4l_genbin7_recobin5 acc 0.1197 eff 0.0138 outinratio 0.0701 

ttH124_2e2mu_TCjmax_pT4l_genbin7_recobin5 acc 0.3313 eff 0.0064 outinratio 0.0394 

ggH124_2e2mu_TCjmax_pT4l_genbin8_recobin5 acc 0.0042 eff 0.0 outinratio 0.0181 

VBFH124_2e2mu_TCjmax_pT4l_genbin8_recobin5 acc 0.0121 eff 0.0 outinratio 0.0142 

WminusH124_2e2mu_TCjmax_pT4l_genbin8_recobin5 acc 0.0127 eff 0.0 outinratio 0.0101 

WplusH124_2e2mu_TCjmax_pT4l_genbin8_recobin5 acc 0.0162 eff 0.0 outinratio 0.0134 

ZH124_2e2mu_TCjmax_pT4l_genbin8_recobin5 acc 0.0173 eff 0.0 outinratio 0.0701 

ttH124_2e2mu_TCjmax_pT4l_genbin8_recobin5 acc 0.0501 eff 0.0 outinratio 0.0394 

ggH124_2e2mu_TCjmax_pT4l_genbin0_recobin6 acc 0.2798 eff 0.0 outinratio 0.0077 

VBFH124_2e2mu_TCjmax_pT4l_genbin0_recobin6 acc 0.0669 eff 0.0007 outinratio 0.0067 

WminusH124_2e2mu_TCjmax_pT4l_genbin0_recobin6 acc 0.0949 eff 0.0137 outinratio 0.0147 

WplusH124_2e2mu_TCjmax_pT4l_genbin0_recobin6 acc 0.085 eff 0.0178 outinratio 0.0132 

ZH124_2e2mu_TCjmax_pT4l_genbin0_recobin6 acc 0.0784 eff 0.0058 outinratio 0.1069 

ttH124_2e2mu_TCjmax_pT4l_genbin0_recobin6 acc 0.0013 eff 0.0 outinratio 0.0218 

ggH124_2e2mu_TCjmax_pT4l_genbin1_recobin6 acc 0.0158 eff 0.0 outinratio 0.0077 

VBFH124_2e2mu_TCjmax_pT4l_genbin1_recobin6 acc 0.0287 eff 0.0 outinratio 0.0067 

WminusH124_2e2mu_TCjmax_pT4l_genbin1_recobin6 acc 0.0326 eff 0.0 outinratio 0.0147 

WplusH124_2e2mu_TCjmax_pT4l_genbin1_recobin6 acc 0.0251 eff 0.0 outinratio 0.0132 

ZH124_2e2mu_TCjmax_pT4l_genbin1_recobin6 acc 0.0306 eff 0.0 outinratio 0.1069 

ttH124_2e2mu_TCjmax_pT4l_genbin1_recobin6 acc 0.0079 eff 0.0 outinratio 0.0218 

ggH124_2e2mu_TCjmax_pT4l_genbin2_recobin6 acc 0.0329 eff 0.0 outinratio 0.0077 

VBFH124_2e2mu_TCjmax_pT4l_genbin2_recobin6 acc 0.0441 eff 0.0 outinratio 0.0067 

WminusH124_2e2mu_TCjmax_pT4l_genbin2_recobin6 acc 0.0377 eff 0.0 outinratio 0.0147 

WplusH124_2e2mu_TCjmax_pT4l_genbin2_recobin6 acc 0.0305 eff 0.0 outinratio 0.0132 

ZH124_2e2mu_TCjmax_pT4l_genbin2_recobin6 acc 0.0363 eff 0.0 outinratio 0.1069 

ttH124_2e2mu_TCjmax_pT4l_genbin2_recobin6 acc 0.0117 eff 0.0 outinratio 0.0218 

ggH124_2e2mu_TCjmax_pT4l_genbin3_recobin6 acc 0.0219 eff 0.0 outinratio 0.0077 

VBFH124_2e2mu_TCjmax_pT4l_genbin3_recobin6 acc 0.0418 eff 0.0 outinratio 0.0067 

WminusH124_2e2mu_TCjmax_pT4l_genbin3_recobin6 acc 0.0268 eff 0.0 outinratio 0.0147 

WplusH124_2e2mu_TCjmax_pT4l_genbin3_recobin6 acc 0.0224 eff 0.0 outinratio 0.0132 

ZH124_2e2mu_TCjmax_pT4l_genbin3_recobin6 acc 0.0262 eff 0.0 outinratio 0.1069 

ttH124_2e2mu_TCjmax_pT4l_genbin3_recobin6 acc 0.0074 eff 0.0 outinratio 0.0218 

ggH124_2e2mu_TCjmax_pT4l_genbin4_recobin6 acc 0.0191 eff 0.0 outinratio 0.0077 

VBFH124_2e2mu_TCjmax_pT4l_genbin4_recobin6 acc 0.0517 eff 0.0 outinratio 0.0067 

WminusH124_2e2mu_TCjmax_pT4l_genbin4_recobin6 acc 0.0282 eff 0.0 outinratio 0.0147 

WplusH124_2e2mu_TCjmax_pT4l_genbin4_recobin6 acc 0.0237 eff 0.0 outinratio 0.0132 

ZH124_2e2mu_TCjmax_pT4l_genbin4_recobin6 acc 0.0248 eff 0.0 outinratio 0.1069 

ttH124_2e2mu_TCjmax_pT4l_genbin4_recobin6 acc 0.0087 eff 0.0 outinratio 0.0218 

ggH124_2e2mu_TCjmax_pT4l_genbin5_recobin6 acc 0.0153 eff 0.0074 outinratio 0.0077 

VBFH124_2e2mu_TCjmax_pT4l_genbin5_recobin6 acc 0.0724 eff 0.0127 outinratio 0.0067 

WminusH124_2e2mu_TCjmax_pT4l_genbin5_recobin6 acc 0.0268 eff 0.0085 outinratio 0.0147 

WplusH124_2e2mu_TCjmax_pT4l_genbin5_recobin6 acc 0.0222 eff 0.0098 outinratio 0.0132 

ZH124_2e2mu_TCjmax_pT4l_genbin5_recobin6 acc 0.0242 eff 0.0 outinratio 0.1069 

ttH124_2e2mu_TCjmax_pT4l_genbin5_recobin6 acc 0.0135 eff 0.0 outinratio 0.0218 

ggH124_2e2mu_TCjmax_pT4l_genbin6_recobin6 acc 0.0099 eff 0.5437 outinratio 0.0077 

VBFH124_2e2mu_TCjmax_pT4l_genbin6_recobin6 acc 0.0726 eff 0.5941 outinratio 0.0067 

WminusH124_2e2mu_TCjmax_pT4l_genbin6_recobin6 acc 0.0172 eff 0.4526 outinratio 0.0147 

WplusH124_2e2mu_TCjmax_pT4l_genbin6_recobin6 acc 0.0155 eff 0.4344 outinratio 0.0132 

ZH124_2e2mu_TCjmax_pT4l_genbin6_recobin6 acc 0.0166 eff 0.4694 outinratio 0.1069 

ttH124_2e2mu_TCjmax_pT4l_genbin6_recobin6 acc 0.0238 eff 0.4074 outinratio 0.0218 

ggH124_2e2mu_TCjmax_pT4l_genbin7_recobin6 acc 0.028 eff 0.0109 outinratio 0.0077 

VBFH124_2e2mu_TCjmax_pT4l_genbin7_recobin6 acc 0.0708 eff 0.019 outinratio 0.0067 

WminusH124_2e2mu_TCjmax_pT4l_genbin7_recobin6 acc 0.117 eff 0.0124 outinratio 0.0147 

WplusH124_2e2mu_TCjmax_pT4l_genbin7_recobin6 acc 0.1072 eff 0.0105 outinratio 0.0132 

ZH124_2e2mu_TCjmax_pT4l_genbin7_recobin6 acc 0.1197 eff 0.0096 outinratio 0.1069 

ttH124_2e2mu_TCjmax_pT4l_genbin7_recobin6 acc 0.3313 eff 0.0065 outinratio 0.0218 

ggH124_2e2mu_TCjmax_pT4l_genbin8_recobin6 acc 0.0042 eff 0.0109 outinratio 0.0077 

VBFH124_2e2mu_TCjmax_pT4l_genbin8_recobin6 acc 0.0121 eff 0.0334 outinratio 0.0067 

WminusH124_2e2mu_TCjmax_pT4l_genbin8_recobin6 acc 0.0127 eff 0.0074 outinratio 0.0147 

WplusH124_2e2mu_TCjmax_pT4l_genbin8_recobin6 acc 0.0162 eff 0.0047 outinratio 0.0132 

ZH124_2e2mu_TCjmax_pT4l_genbin8_recobin6 acc 0.0173 eff 0.0 outinratio 0.1069 

ttH124_2e2mu_TCjmax_pT4l_genbin8_recobin6 acc 0.0501 eff 0.0027 outinratio 0.0218 

ggH124_2e2mu_TCjmax_pT4l_genbin0_recobin7 acc 0.2798 eff 0.0016 outinratio 0.0045 

VBFH124_2e2mu_TCjmax_pT4l_genbin0_recobin7 acc 0.0669 eff 0.0036 outinratio 0.0054 

WminusH124_2e2mu_TCjmax_pT4l_genbin0_recobin7 acc 0.0949 eff 0.0258 outinratio 0.0145 

WplusH124_2e2mu_TCjmax_pT4l_genbin0_recobin7 acc 0.085 eff 0.0268 outinratio 0.0139 

ZH124_2e2mu_TCjmax_pT4l_genbin0_recobin7 acc 0.0784 eff 0.0077 outinratio 0.0358 

ttH124_2e2mu_TCjmax_pT4l_genbin0_recobin7 acc 0.0013 eff 0.1187 outinratio 0.047 

ggH124_2e2mu_TCjmax_pT4l_genbin1_recobin7 acc 0.0158 eff 0.0012 outinratio 0.0045 

VBFH124_2e2mu_TCjmax_pT4l_genbin1_recobin7 acc 0.0287 eff 0.0216 outinratio 0.0054 

WminusH124_2e2mu_TCjmax_pT4l_genbin1_recobin7 acc 0.0326 eff 0.0353 outinratio 0.0145 

WplusH124_2e2mu_TCjmax_pT4l_genbin1_recobin7 acc 0.0251 eff 0.0319 outinratio 0.0139 

ZH124_2e2mu_TCjmax_pT4l_genbin1_recobin7 acc 0.0306 eff 0.0566 outinratio 0.0358 

ttH124_2e2mu_TCjmax_pT4l_genbin1_recobin7 acc 0.0079 eff 0.1425 outinratio 0.047 

ggH124_2e2mu_TCjmax_pT4l_genbin2_recobin7 acc 0.0329 eff 0.0051 outinratio 0.0045 

VBFH124_2e2mu_TCjmax_pT4l_genbin2_recobin7 acc 0.0441 eff 0.0201 outinratio 0.0054 

WminusH124_2e2mu_TCjmax_pT4l_genbin2_recobin7 acc 0.0377 eff 0.042 outinratio 0.0145 

WplusH124_2e2mu_TCjmax_pT4l_genbin2_recobin7 acc 0.0305 eff 0.0448 outinratio 0.0139 

ZH124_2e2mu_TCjmax_pT4l_genbin2_recobin7 acc 0.0363 eff 0.0392 outinratio 0.0358 

ttH124_2e2mu_TCjmax_pT4l_genbin2_recobin7 acc 0.0117 eff 0.0819 outinratio 0.047 

ggH124_2e2mu_TCjmax_pT4l_genbin3_recobin7 acc 0.0219 eff 0.0128 outinratio 0.0045 

VBFH124_2e2mu_TCjmax_pT4l_genbin3_recobin7 acc 0.0418 eff 0.0164 outinratio 0.0054 

WminusH124_2e2mu_TCjmax_pT4l_genbin3_recobin7 acc 0.0268 eff 0.0505 outinratio 0.0145 

WplusH124_2e2mu_TCjmax_pT4l_genbin3_recobin7 acc 0.0224 eff 0.0503 outinratio 0.0139 

ZH124_2e2mu_TCjmax_pT4l_genbin3_recobin7 acc 0.0262 eff 0.0731 outinratio 0.0358 

ttH124_2e2mu_TCjmax_pT4l_genbin3_recobin7 acc 0.0074 eff 0.0465 outinratio 0.047 

ggH124_2e2mu_TCjmax_pT4l_genbin4_recobin7 acc 0.0191 eff 0.017 outinratio 0.0045 

VBFH124_2e2mu_TCjmax_pT4l_genbin4_recobin7 acc 0.0517 eff 0.0121 outinratio 0.0054 

WminusH124_2e2mu_TCjmax_pT4l_genbin4_recobin7 acc 0.0282 eff 0.0664 outinratio 0.0145 

WplusH124_2e2mu_TCjmax_pT4l_genbin4_recobin7 acc 0.0237 eff 0.0666 outinratio 0.0139 

ZH124_2e2mu_TCjmax_pT4l_genbin4_recobin7 acc 0.0248 eff 0.0418 outinratio 0.0358 

ttH124_2e2mu_TCjmax_pT4l_genbin4_recobin7 acc 0.0087 eff 0.2395 outinratio 0.047 

ggH124_2e2mu_TCjmax_pT4l_genbin5_recobin7 acc 0.0153 eff 0.0148 outinratio 0.0045 

VBFH124_2e2mu_TCjmax_pT4l_genbin5_recobin7 acc 0.0724 eff 0.0154 outinratio 0.0054 

WminusH124_2e2mu_TCjmax_pT4l_genbin5_recobin7 acc 0.0268 eff 0.083 outinratio 0.0145 

WplusH124_2e2mu_TCjmax_pT4l_genbin5_recobin7 acc 0.0222 eff 0.0728 outinratio 0.0139 

ZH124_2e2mu_TCjmax_pT4l_genbin5_recobin7 acc 0.0242 eff 0.0585 outinratio 0.0358 

ttH124_2e2mu_TCjmax_pT4l_genbin5_recobin7 acc 0.0135 eff 0.1051 outinratio 0.047 

ggH124_2e2mu_TCjmax_pT4l_genbin6_recobin7 acc 0.0099 eff 0.0204 outinratio 0.0045 

VBFH124_2e2mu_TCjmax_pT4l_genbin6_recobin7 acc 0.0726 eff 0.0283 outinratio 0.0054 

WminusH124_2e2mu_TCjmax_pT4l_genbin6_recobin7 acc 0.0172 eff 0.0898 outinratio 0.0145 

WplusH124_2e2mu_TCjmax_pT4l_genbin6_recobin7 acc 0.0155 eff 0.0885 outinratio 0.0139 

ZH124_2e2mu_TCjmax_pT4l_genbin6_recobin7 acc 0.0166 eff 0.045 outinratio 0.0358 

ttH124_2e2mu_TCjmax_pT4l_genbin6_recobin7 acc 0.0238 eff 0.0825 outinratio 0.047 

ggH124_2e2mu_TCjmax_pT4l_genbin7_recobin7 acc 0.028 eff 0.5022 outinratio 0.0045 

VBFH124_2e2mu_TCjmax_pT4l_genbin7_recobin7 acc 0.0708 eff 0.5417 outinratio 0.0054 

WminusH124_2e2mu_TCjmax_pT4l_genbin7_recobin7 acc 0.117 eff 0.5053 outinratio 0.0145 

WplusH124_2e2mu_TCjmax_pT4l_genbin7_recobin7 acc 0.1072 eff 0.4944 outinratio 0.0139 

ZH124_2e2mu_TCjmax_pT4l_genbin7_recobin7 acc 0.1197 eff 0.499 outinratio 0.0358 

ttH124_2e2mu_TCjmax_pT4l_genbin7_recobin7 acc 0.3313 eff 0.3982 outinratio 0.047 

ggH124_2e2mu_TCjmax_pT4l_genbin8_recobin7 acc 0.0042 eff 0.0566 outinratio 0.0045 

VBFH124_2e2mu_TCjmax_pT4l_genbin8_recobin7 acc 0.0121 eff 0.0137 outinratio 0.0054 

WminusH124_2e2mu_TCjmax_pT4l_genbin8_recobin7 acc 0.0127 eff 0.0134 outinratio 0.0145 

WplusH124_2e2mu_TCjmax_pT4l_genbin8_recobin7 acc 0.0162 eff 0.0189 outinratio 0.0139 

ZH124_2e2mu_TCjmax_pT4l_genbin8_recobin7 acc 0.0173 eff -0.0097 outinratio 0.0358 

ttH124_2e2mu_TCjmax_pT4l_genbin8_recobin7 acc 0.0501 eff 0.0288 outinratio 0.047 

ggH124_2e2mu_TCjmax_pT4l_genbin0_recobin8 acc 0.2798 eff 0.0 outinratio 0.0326 

VBFH124_2e2mu_TCjmax_pT4l_genbin0_recobin8 acc 0.0669 eff 0.0 outinratio 0.0083 

WminusH124_2e2mu_TCjmax_pT4l_genbin0_recobin8 acc 0.0949 eff 0.0022 outinratio 0.0109 

WplusH124_2e2mu_TCjmax_pT4l_genbin0_recobin8 acc 0.085 eff 0.0048 outinratio 0.0126 

ZH124_2e2mu_TCjmax_pT4l_genbin0_recobin8 acc 0.0784 eff 0.0 outinratio 0.052 

ttH124_2e2mu_TCjmax_pT4l_genbin0_recobin8 acc 0.0013 eff 0.0 outinratio 0.017 

ggH124_2e2mu_TCjmax_pT4l_genbin1_recobin8 acc 0.0158 eff 0.0 outinratio 0.0326 

VBFH124_2e2mu_TCjmax_pT4l_genbin1_recobin8 acc 0.0287 eff 0.0 outinratio 0.0083 

WminusH124_2e2mu_TCjmax_pT4l_genbin1_recobin8 acc 0.0326 eff 0.0 outinratio 0.0109 

WplusH124_2e2mu_TCjmax_pT4l_genbin1_recobin8 acc 0.0251 eff 0.0 outinratio 0.0126 

ZH124_2e2mu_TCjmax_pT4l_genbin1_recobin8 acc 0.0306 eff 0.0 outinratio 0.052 

ttH124_2e2mu_TCjmax_pT4l_genbin1_recobin8 acc 0.0079 eff 0.0 outinratio 0.017 

ggH124_2e2mu_TCjmax_pT4l_genbin2_recobin8 acc 0.0329 eff 0.0 outinratio 0.0326 

VBFH124_2e2mu_TCjmax_pT4l_genbin2_recobin8 acc 0.0441 eff 0.0 outinratio 0.0083 

WminusH124_2e2mu_TCjmax_pT4l_genbin2_recobin8 acc 0.0377 eff 0.0 outinratio 0.0109 

WplusH124_2e2mu_TCjmax_pT4l_genbin2_recobin8 acc 0.0305 eff 0.0 outinratio 0.0126 

ZH124_2e2mu_TCjmax_pT4l_genbin2_recobin8 acc 0.0363 eff 0.0 outinratio 0.052 

ttH124_2e2mu_TCjmax_pT4l_genbin2_recobin8 acc 0.0117 eff 0.0 outinratio 0.017 

ggH124_2e2mu_TCjmax_pT4l_genbin3_recobin8 acc 0.0219 eff 0.0 outinratio 0.0326 

VBFH124_2e2mu_TCjmax_pT4l_genbin3_recobin8 acc 0.0418 eff 0.0 outinratio 0.0083 

WminusH124_2e2mu_TCjmax_pT4l_genbin3_recobin8 acc 0.0268 eff 0.0 outinratio 0.0109 

WplusH124_2e2mu_TCjmax_pT4l_genbin3_recobin8 acc 0.0224 eff 0.0 outinratio 0.0126 

ZH124_2e2mu_TCjmax_pT4l_genbin3_recobin8 acc 0.0262 eff 0.0 outinratio 0.052 

ttH124_2e2mu_TCjmax_pT4l_genbin3_recobin8 acc 0.0074 eff 0.0 outinratio 0.017 

ggH124_2e2mu_TCjmax_pT4l_genbin4_recobin8 acc 0.0191 eff 0.0 outinratio 0.0326 

VBFH124_2e2mu_TCjmax_pT4l_genbin4_recobin8 acc 0.0517 eff 0.0 outinratio 0.0083 

WminusH124_2e2mu_TCjmax_pT4l_genbin4_recobin8 acc 0.0282 eff 0.0 outinratio 0.0109 

WplusH124_2e2mu_TCjmax_pT4l_genbin4_recobin8 acc 0.0237 eff 0.0 outinratio 0.0126 

ZH124_2e2mu_TCjmax_pT4l_genbin4_recobin8 acc 0.0248 eff 0.0 outinratio 0.052 

ttH124_2e2mu_TCjmax_pT4l_genbin4_recobin8 acc 0.0087 eff 0.0 outinratio 0.017 

ggH124_2e2mu_TCjmax_pT4l_genbin5_recobin8 acc 0.0153 eff 0.0 outinratio 0.0326 

VBFH124_2e2mu_TCjmax_pT4l_genbin5_recobin8 acc 0.0724 eff 0.0 outinratio 0.0083 

WminusH124_2e2mu_TCjmax_pT4l_genbin5_recobin8 acc 0.0268 eff 0.0 outinratio 0.0109 

WplusH124_2e2mu_TCjmax_pT4l_genbin5_recobin8 acc 0.0222 eff 0.0 outinratio 0.0126 

ZH124_2e2mu_TCjmax_pT4l_genbin5_recobin8 acc 0.0242 eff 0.0 outinratio 0.052 

ttH124_2e2mu_TCjmax_pT4l_genbin5_recobin8 acc 0.0135 eff 0.0 outinratio 0.017 

ggH124_2e2mu_TCjmax_pT4l_genbin6_recobin8 acc 0.0099 eff 0.0121 outinratio 0.0326 

VBFH124_2e2mu_TCjmax_pT4l_genbin6_recobin8 acc 0.0726 eff 0.0062 outinratio 0.0083 

WminusH124_2e2mu_TCjmax_pT4l_genbin6_recobin8 acc 0.0172 eff 0.0081 outinratio 0.0109 

WplusH124_2e2mu_TCjmax_pT4l_genbin6_recobin8 acc 0.0155 eff 0.0087 outinratio 0.0126 

ZH124_2e2mu_TCjmax_pT4l_genbin6_recobin8 acc 0.0166 eff 0.0 outinratio 0.052 

ttH124_2e2mu_TCjmax_pT4l_genbin6_recobin8 acc 0.0238 eff 0.0255 outinratio 0.017 

ggH124_2e2mu_TCjmax_pT4l_genbin7_recobin8 acc 0.028 eff 0.0016 outinratio 0.0326 

VBFH124_2e2mu_TCjmax_pT4l_genbin7_recobin8 acc 0.0708 eff 0.0009 outinratio 0.0083 

WminusH124_2e2mu_TCjmax_pT4l_genbin7_recobin8 acc 0.117 eff 0.002 outinratio 0.0109 

WplusH124_2e2mu_TCjmax_pT4l_genbin7_recobin8 acc 0.1072 eff 0.0015 outinratio 0.0126 

ZH124_2e2mu_TCjmax_pT4l_genbin7_recobin8 acc 0.1197 eff 0.0012 outinratio 0.052 

ttH124_2e2mu_TCjmax_pT4l_genbin7_recobin8 acc 0.3313 eff 0.001 outinratio 0.017 

ggH124_2e2mu_TCjmax_pT4l_genbin8_recobin8 acc 0.0042 eff 0.6812 outinratio 0.0326 

VBFH124_2e2mu_TCjmax_pT4l_genbin8_recobin8 acc 0.0121 eff 0.6914 outinratio 0.0083 

WminusH124_2e2mu_TCjmax_pT4l_genbin8_recobin8 acc 0.0127 eff 0.6264 outinratio 0.0109 

WplusH124_2e2mu_TCjmax_pT4l_genbin8_recobin8 acc 0.0162 eff 0.6049 outinratio 0.0126 

ZH124_2e2mu_TCjmax_pT4l_genbin8_recobin8 acc 0.0173 eff 0.7002 outinratio 0.052 

ttH124_2e2mu_TCjmax_pT4l_genbin8_recobin8 acc 0.0501 eff 0.5635 outinratio 0.017 

Coeff fullNNLOPS
