Welcome in RunCoefficients!
['2022_4']
It is a double-differential measurement, binning for the 1st variable {0: [-100.0, 0.0], 1: [0.0, 30.0], 2: [0.0, 30.0], 3: [0.0, 30.0], 4: [0.0, 30.0], 5: [0.0, 30.0], 6: [0.0, 30.0], 7: [30.0, 10000.0], 8: [30.0, 10000.0]} and for the 2nd variable {0: [0.0, 10000.0], 1: [0.0, 35.0], 2: [35.0, 55.0], 3: [55.0, 70.0], 4: [70.0, 90.0], 5: [90.0, 125.0], 6: [125.0, 10000.0], 7: [0.0, 250.0], 8: [250.0, 10000.0]}
{0: [-100.0, 0.0, 0.0, 10000.0], 1: [0.0, 30.0, 0.0, 35.0], 2: [0.0, 30.0, 35.0, 55.0], 3: [0.0, 30.0, 55.0, 70.0], 4: [0.0, 30.0, 70.0, 90.0], 5: [0.0, 30.0, 90.0, 125.0], 6: [0.0, 30.0, 125.0, 10000.0], 7: [30.0, 10000.0, 0.0, 250.0], 8: [30.0, 10000.0, 250.0, 10000.0]}
TCjMax
Following observables extracted from dictionary: RECO =  TCjMax  GEN =  GENTCjMax
It is a double-differential measurement: RECO_2nd =  ZZPt  GEN_2nd =  GENpT4l
LUMI: 1.9951
ttH124 0.0001462419
Processing ggH124 2022_4
Signal created
Signal failed created
Processing VBFH124 2022_4
Signal created
Signal failed created
Processing WminusH124 2022_4
Signal created
Signal failed created
Processing WplusH124 2022_4
Signal created
Signal failed created
Processing ZH124 2022_4
Signal created
Signal failed created
Processing ttH124 2022_4
Signal created
Signal failed created
2022_4 SKIMMED df CREATED
2022_4 ggH124
2022_4 VBFH124
2022_4 WminusH124
2022_4 WplusH124
2022_4 ZH124
2022_4 ttH124
Dataframes created successfully
Coeff std
ggH124_4l_TCjmax_pT4l_genbin0_recobin0 acc 0.2814 eff 0.4213 outinratio 0.0057 

VBFH124_4l_TCjmax_pT4l_genbin0_recobin0 acc 0.0724 eff 0.4089 outinratio 0.0042 

WminusH124_4l_TCjmax_pT4l_genbin0_recobin0 acc 0.1009 eff 0.3345 outinratio 0.0458 

WplusH124_4l_TCjmax_pT4l_genbin0_recobin0 acc 0.0862 eff 0.3555 outinratio 0.0346 

ZH124_4l_TCjmax_pT4l_genbin0_recobin0 acc 0.0801 eff 0.3755 outinratio 0.0727 

ttH124_4l_TCjmax_pT4l_genbin0_recobin0 acc 0.0022 eff 0.1816 outinratio 0.0 

ggH124_4l_TCjmax_pT4l_genbin1_recobin0 acc 0.0176 eff 0.1035 outinratio 0.0057 

VBFH124_4l_TCjmax_pT4l_genbin1_recobin0 acc 0.0344 eff 0.0638 outinratio 0.0042 

WminusH124_4l_TCjmax_pT4l_genbin1_recobin0 acc 0.0315 eff 0.0426 outinratio 0.0458 

WplusH124_4l_TCjmax_pT4l_genbin1_recobin0 acc 0.027 eff 0.0391 outinratio 0.0346 

ZH124_4l_TCjmax_pT4l_genbin1_recobin0 acc 0.0297 eff 0.0395 outinratio 0.0727 

ttH124_4l_TCjmax_pT4l_genbin1_recobin0 acc 0.009 eff 0.0041 outinratio 0.0 

ggH124_4l_TCjmax_pT4l_genbin2_recobin0 acc 0.0333 eff 0.0785 outinratio 0.0057 

VBFH124_4l_TCjmax_pT4l_genbin2_recobin0 acc 0.0425 eff 0.0542 outinratio 0.0042 

WminusH124_4l_TCjmax_pT4l_genbin2_recobin0 acc 0.0364 eff 0.0388 outinratio 0.0458 

WplusH124_4l_TCjmax_pT4l_genbin2_recobin0 acc 0.0308 eff 0.0361 outinratio 0.0346 

ZH124_4l_TCjmax_pT4l_genbin2_recobin0 acc 0.0345 eff 0.0331 outinratio 0.0727 

ttH124_4l_TCjmax_pT4l_genbin2_recobin0 acc 0.0083 eff 0.0 outinratio 0.0 

ggH124_4l_TCjmax_pT4l_genbin3_recobin0 acc 0.023 eff 0.0389 outinratio 0.0057 

VBFH124_4l_TCjmax_pT4l_genbin3_recobin0 acc 0.0411 eff 0.0494 outinratio 0.0042 

WminusH124_4l_TCjmax_pT4l_genbin3_recobin0 acc 0.0282 eff 0.0254 outinratio 0.0458 

WplusH124_4l_TCjmax_pT4l_genbin3_recobin0 acc 0.0245 eff 0.0316 outinratio 0.0346 

ZH124_4l_TCjmax_pT4l_genbin3_recobin0 acc 0.0262 eff 0.0298 outinratio 0.0727 

ttH124_4l_TCjmax_pT4l_genbin3_recobin0 acc 0.0077 eff 0.0 outinratio 0.0 

ggH124_4l_TCjmax_pT4l_genbin4_recobin0 acc 0.0198 eff 0.0411 outinratio 0.0057 

VBFH124_4l_TCjmax_pT4l_genbin4_recobin0 acc 0.0579 eff 0.0307 outinratio 0.0042 

WminusH124_4l_TCjmax_pT4l_genbin4_recobin0 acc 0.026 eff 0.0163 outinratio 0.0458 

WplusH124_4l_TCjmax_pT4l_genbin4_recobin0 acc 0.0244 eff 0.0214 outinratio 0.0346 

ZH124_4l_TCjmax_pT4l_genbin4_recobin0 acc 0.0286 eff 0.0278 outinratio 0.0727 

ttH124_4l_TCjmax_pT4l_genbin4_recobin0 acc 0.0105 eff 0.0 outinratio 0.0 

ggH124_4l_TCjmax_pT4l_genbin5_recobin0 acc 0.0144 eff 0.0127 outinratio 0.0057 

VBFH124_4l_TCjmax_pT4l_genbin5_recobin0 acc 0.0644 eff 0.0135 outinratio 0.0042 

WminusH124_4l_TCjmax_pT4l_genbin5_recobin0 acc 0.0264 eff 0.0156 outinratio 0.0458 

WplusH124_4l_TCjmax_pT4l_genbin5_recobin0 acc 0.0233 eff 0.0129 outinratio 0.0346 

ZH124_4l_TCjmax_pT4l_genbin5_recobin0 acc 0.0255 eff 0.0192 outinratio 0.0727 

ttH124_4l_TCjmax_pT4l_genbin5_recobin0 acc 0.0127 eff 0.0 outinratio 0.0 

ggH124_4l_TCjmax_pT4l_genbin6_recobin0 acc 0.0111 eff 0.0093 outinratio 0.0057 

VBFH124_4l_TCjmax_pT4l_genbin6_recobin0 acc 0.0717 eff 0.0047 outinratio 0.0042 

WminusH124_4l_TCjmax_pT4l_genbin6_recobin0 acc 0.0189 eff 0.0234 outinratio 0.0458 

WplusH124_4l_TCjmax_pT4l_genbin6_recobin0 acc 0.0162 eff 0.0221 outinratio 0.0346 

ZH124_4l_TCjmax_pT4l_genbin6_recobin0 acc 0.0161 eff 0.032 outinratio 0.0727 

ttH124_4l_TCjmax_pT4l_genbin6_recobin0 acc 0.0245 eff 0.0 outinratio 0.0 

ggH124_4l_TCjmax_pT4l_genbin7_recobin0 acc 0.0275 eff 0.0 outinratio 0.0057 

VBFH124_4l_TCjmax_pT4l_genbin7_recobin0 acc 0.0692 eff 0.0061 outinratio 0.0042 

WminusH124_4l_TCjmax_pT4l_genbin7_recobin0 acc 0.1137 eff 0.0026 outinratio 0.0458 

WplusH124_4l_TCjmax_pT4l_genbin7_recobin0 acc 0.1116 eff 0.0018 outinratio 0.0346 

ZH124_4l_TCjmax_pT4l_genbin7_recobin0 acc 0.1254 eff 0.0019 outinratio 0.0727 

ttH124_4l_TCjmax_pT4l_genbin7_recobin0 acc 0.3547 eff 0.0 outinratio 0.0 

ggH124_4l_TCjmax_pT4l_genbin8_recobin0 acc 0.0042 eff 0.012 outinratio 0.0057 

VBFH124_4l_TCjmax_pT4l_genbin8_recobin0 acc 0.0125 eff 0.0 outinratio 0.0042 

WminusH124_4l_TCjmax_pT4l_genbin8_recobin0 acc 0.0137 eff 0.0 outinratio 0.0458 

WplusH124_4l_TCjmax_pT4l_genbin8_recobin0 acc 0.016 eff 0.0 outinratio 0.0346 

ZH124_4l_TCjmax_pT4l_genbin8_recobin0 acc 0.0155 eff 0.0 outinratio 0.0727 

ttH124_4l_TCjmax_pT4l_genbin8_recobin0 acc 0.053 eff 0.0 outinratio 0.0 

ggH124_4l_TCjmax_pT4l_genbin0_recobin1 acc 0.2814 eff 0.0278 outinratio 0.0043 

VBFH124_4l_TCjmax_pT4l_genbin0_recobin1 acc 0.0724 eff 0.0409 outinratio 0.0 

WminusH124_4l_TCjmax_pT4l_genbin0_recobin1 acc 0.1009 eff 0.028 outinratio 0.0166 

WplusH124_4l_TCjmax_pT4l_genbin0_recobin1 acc 0.0862 eff 0.0214 outinratio 0.0221 

ZH124_4l_TCjmax_pT4l_genbin0_recobin1 acc 0.0801 eff 0.0196 outinratio 0.0635 

ttH124_4l_TCjmax_pT4l_genbin0_recobin1 acc 0.0022 eff 0.0 outinratio 0.0483 

ggH124_4l_TCjmax_pT4l_genbin1_recobin1 acc 0.0176 eff 0.3125 outinratio 0.0043 

VBFH124_4l_TCjmax_pT4l_genbin1_recobin1 acc 0.0344 eff 0.3883 outinratio 0.0 

WminusH124_4l_TCjmax_pT4l_genbin1_recobin1 acc 0.0315 eff 0.3469 outinratio 0.0166 

WplusH124_4l_TCjmax_pT4l_genbin1_recobin1 acc 0.027 eff 0.3592 outinratio 0.0221 

ZH124_4l_TCjmax_pT4l_genbin1_recobin1 acc 0.0297 eff 0.3248 outinratio 0.0635 

ttH124_4l_TCjmax_pT4l_genbin1_recobin1 acc 0.009 eff 0.1082 outinratio 0.0483 

ggH124_4l_TCjmax_pT4l_genbin2_recobin1 acc 0.0333 eff 0.0117 outinratio 0.0043 

VBFH124_4l_TCjmax_pT4l_genbin2_recobin1 acc 0.0425 eff 0.0122 outinratio 0.0 

WminusH124_4l_TCjmax_pT4l_genbin2_recobin1 acc 0.0364 eff 0.0088 outinratio 0.0166 

WplusH124_4l_TCjmax_pT4l_genbin2_recobin1 acc 0.0308 eff 0.0113 outinratio 0.0221 

ZH124_4l_TCjmax_pT4l_genbin2_recobin1 acc 0.0345 eff 0.0134 outinratio 0.0635 

ttH124_4l_TCjmax_pT4l_genbin2_recobin1 acc 0.0083 eff 0.016 outinratio 0.0483 

ggH124_4l_TCjmax_pT4l_genbin3_recobin1 acc 0.023 eff 0.0 outinratio 0.0043 

VBFH124_4l_TCjmax_pT4l_genbin3_recobin1 acc 0.0411 eff 0.0 outinratio 0.0 

WminusH124_4l_TCjmax_pT4l_genbin3_recobin1 acc 0.0282 eff 0.0 outinratio 0.0166 

WplusH124_4l_TCjmax_pT4l_genbin3_recobin1 acc 0.0245 eff 0.0 outinratio 0.0221 

ZH124_4l_TCjmax_pT4l_genbin3_recobin1 acc 0.0262 eff 0.0 outinratio 0.0635 

ttH124_4l_TCjmax_pT4l_genbin3_recobin1 acc 0.0077 eff 0.0 outinratio 0.0483 

ggH124_4l_TCjmax_pT4l_genbin4_recobin1 acc 0.0198 eff 0.0 outinratio 0.0043 

VBFH124_4l_TCjmax_pT4l_genbin4_recobin1 acc 0.0579 eff 0.0 outinratio 0.0 

WminusH124_4l_TCjmax_pT4l_genbin4_recobin1 acc 0.026 eff 0.0 outinratio 0.0166 

WplusH124_4l_TCjmax_pT4l_genbin4_recobin1 acc 0.0244 eff 0.0 outinratio 0.0221 

ZH124_4l_TCjmax_pT4l_genbin4_recobin1 acc 0.0286 eff 0.0 outinratio 0.0635 

ttH124_4l_TCjmax_pT4l_genbin4_recobin1 acc 0.0105 eff 0.0 outinratio 0.0483 

ggH124_4l_TCjmax_pT4l_genbin5_recobin1 acc 0.0144 eff 0.0 outinratio 0.0043 

VBFH124_4l_TCjmax_pT4l_genbin5_recobin1 acc 0.0644 eff 0.0 outinratio 0.0 

WminusH124_4l_TCjmax_pT4l_genbin5_recobin1 acc 0.0264 eff 0.0 outinratio 0.0166 

WplusH124_4l_TCjmax_pT4l_genbin5_recobin1 acc 0.0233 eff 0.0 outinratio 0.0221 

ZH124_4l_TCjmax_pT4l_genbin5_recobin1 acc 0.0255 eff 0.0 outinratio 0.0635 

ttH124_4l_TCjmax_pT4l_genbin5_recobin1 acc 0.0127 eff 0.0 outinratio 0.0483 

ggH124_4l_TCjmax_pT4l_genbin6_recobin1 acc 0.0111 eff 0.0 outinratio 0.0043 

VBFH124_4l_TCjmax_pT4l_genbin6_recobin1 acc 0.0717 eff 0.0 outinratio 0.0 

WminusH124_4l_TCjmax_pT4l_genbin6_recobin1 acc 0.0189 eff 0.0 outinratio 0.0166 

WplusH124_4l_TCjmax_pT4l_genbin6_recobin1 acc 0.0162 eff 0.0 outinratio 0.0221 

ZH124_4l_TCjmax_pT4l_genbin6_recobin1 acc 0.0161 eff 0.0 outinratio 0.0635 

ttH124_4l_TCjmax_pT4l_genbin6_recobin1 acc 0.0245 eff 0.0 outinratio 0.0483 

ggH124_4l_TCjmax_pT4l_genbin7_recobin1 acc 0.0275 eff 0.0008 outinratio 0.0043 

VBFH124_4l_TCjmax_pT4l_genbin7_recobin1 acc 0.0692 eff 0.0045 outinratio 0.0 

WminusH124_4l_TCjmax_pT4l_genbin7_recobin1 acc 0.1137 eff 0.0015 outinratio 0.0166 

WplusH124_4l_TCjmax_pT4l_genbin7_recobin1 acc 0.1116 eff 0.0022 outinratio 0.0221 

ZH124_4l_TCjmax_pT4l_genbin7_recobin1 acc 0.1254 eff 0.0028 outinratio 0.0635 

ttH124_4l_TCjmax_pT4l_genbin7_recobin1 acc 0.3547 eff 0.0016 outinratio 0.0483 

ggH124_4l_TCjmax_pT4l_genbin8_recobin1 acc 0.0042 eff 0.0 outinratio 0.0043 

VBFH124_4l_TCjmax_pT4l_genbin8_recobin1 acc 0.0125 eff 0.0 outinratio 0.0 

WminusH124_4l_TCjmax_pT4l_genbin8_recobin1 acc 0.0137 eff 0.0 outinratio 0.0166 

WplusH124_4l_TCjmax_pT4l_genbin8_recobin1 acc 0.016 eff 0.0 outinratio 0.0221 

ZH124_4l_TCjmax_pT4l_genbin8_recobin1 acc 0.0155 eff 0.0 outinratio 0.0635 

ttH124_4l_TCjmax_pT4l_genbin8_recobin1 acc 0.053 eff 0.0 outinratio 0.0483 

ggH124_4l_TCjmax_pT4l_genbin0_recobin2 acc 0.2814 eff 0.0124 outinratio 0.0058 

VBFH124_4l_TCjmax_pT4l_genbin0_recobin2 acc 0.0724 eff 0.0393 outinratio 0.0153 

WminusH124_4l_TCjmax_pT4l_genbin0_recobin2 acc 0.1009 eff 0.0218 outinratio 0.0148 

WplusH124_4l_TCjmax_pT4l_genbin0_recobin2 acc 0.0862 eff 0.0178 outinratio 0.0186 

ZH124_4l_TCjmax_pT4l_genbin0_recobin2 acc 0.0801 eff 0.0169 outinratio 0.0348 

ttH124_4l_TCjmax_pT4l_genbin0_recobin2 acc 0.0022 eff 0.0 outinratio 0.1495 

ggH124_4l_TCjmax_pT4l_genbin1_recobin2 acc 0.0176 eff 0.0165 outinratio 0.0058 

VBFH124_4l_TCjmax_pT4l_genbin1_recobin2 acc 0.0344 eff 0.0131 outinratio 0.0153 

WminusH124_4l_TCjmax_pT4l_genbin1_recobin2 acc 0.0315 eff 0.0088 outinratio 0.0148 

WplusH124_4l_TCjmax_pT4l_genbin1_recobin2 acc 0.027 eff 0.0119 outinratio 0.0186 

ZH124_4l_TCjmax_pT4l_genbin1_recobin2 acc 0.0297 eff 0.0119 outinratio 0.0348 

ttH124_4l_TCjmax_pT4l_genbin1_recobin2 acc 0.009 eff 0.0257 outinratio 0.1495 

ggH124_4l_TCjmax_pT4l_genbin2_recobin2 acc 0.0333 eff 0.345 outinratio 0.0058 

VBFH124_4l_TCjmax_pT4l_genbin2_recobin2 acc 0.0425 eff 0.407 outinratio 0.0153 

WminusH124_4l_TCjmax_pT4l_genbin2_recobin2 acc 0.0364 eff 0.383 outinratio 0.0148 

WplusH124_4l_TCjmax_pT4l_genbin2_recobin2 acc 0.0308 eff 0.3482 outinratio 0.0186 

ZH124_4l_TCjmax_pT4l_genbin2_recobin2 acc 0.0345 eff 0.3055 outinratio 0.0348 

ttH124_4l_TCjmax_pT4l_genbin2_recobin2 acc 0.0083 eff 0.1462 outinratio 0.1495 

ggH124_4l_TCjmax_pT4l_genbin3_recobin2 acc 0.023 eff 0.025 outinratio 0.0058 

VBFH124_4l_TCjmax_pT4l_genbin3_recobin2 acc 0.0411 eff 0.0065 outinratio 0.0153 

WminusH124_4l_TCjmax_pT4l_genbin3_recobin2 acc 0.0282 eff 0.0278 outinratio 0.0148 

WplusH124_4l_TCjmax_pT4l_genbin3_recobin2 acc 0.0245 eff 0.0149 outinratio 0.0186 

ZH124_4l_TCjmax_pT4l_genbin3_recobin2 acc 0.0262 eff 0.0267 outinratio 0.0348 

ttH124_4l_TCjmax_pT4l_genbin3_recobin2 acc 0.0077 eff 0.0 outinratio 0.1495 

ggH124_4l_TCjmax_pT4l_genbin4_recobin2 acc 0.0198 eff 0.0 outinratio 0.0058 

VBFH124_4l_TCjmax_pT4l_genbin4_recobin2 acc 0.0579 eff 0.0 outinratio 0.0153 

WminusH124_4l_TCjmax_pT4l_genbin4_recobin2 acc 0.026 eff 0.0 outinratio 0.0148 

WplusH124_4l_TCjmax_pT4l_genbin4_recobin2 acc 0.0244 eff 0.0 outinratio 0.0186 

ZH124_4l_TCjmax_pT4l_genbin4_recobin2 acc 0.0286 eff 0.0 outinratio 0.0348 

ttH124_4l_TCjmax_pT4l_genbin4_recobin2 acc 0.0105 eff 0.0 outinratio 0.1495 

ggH124_4l_TCjmax_pT4l_genbin5_recobin2 acc 0.0144 eff 0.0 outinratio 0.0058 

VBFH124_4l_TCjmax_pT4l_genbin5_recobin2 acc 0.0644 eff 0.0 outinratio 0.0153 

WminusH124_4l_TCjmax_pT4l_genbin5_recobin2 acc 0.0264 eff 0.0 outinratio 0.0148 

WplusH124_4l_TCjmax_pT4l_genbin5_recobin2 acc 0.0233 eff 0.0 outinratio 0.0186 

ZH124_4l_TCjmax_pT4l_genbin5_recobin2 acc 0.0255 eff 0.0 outinratio 0.0348 

ttH124_4l_TCjmax_pT4l_genbin5_recobin2 acc 0.0127 eff 0.0 outinratio 0.1495 

ggH124_4l_TCjmax_pT4l_genbin6_recobin2 acc 0.0111 eff 0.0 outinratio 0.0058 

VBFH124_4l_TCjmax_pT4l_genbin6_recobin2 acc 0.0717 eff 0.0 outinratio 0.0153 

WminusH124_4l_TCjmax_pT4l_genbin6_recobin2 acc 0.0189 eff 0.0 outinratio 0.0148 

WplusH124_4l_TCjmax_pT4l_genbin6_recobin2 acc 0.0162 eff 0.0 outinratio 0.0186 

ZH124_4l_TCjmax_pT4l_genbin6_recobin2 acc 0.0161 eff 0.0 outinratio 0.0348 

ttH124_4l_TCjmax_pT4l_genbin6_recobin2 acc 0.0245 eff 0.0 outinratio 0.1495 

ggH124_4l_TCjmax_pT4l_genbin7_recobin2 acc 0.0275 eff 0.0026 outinratio 0.0058 

VBFH124_4l_TCjmax_pT4l_genbin7_recobin2 acc 0.0692 eff 0.0072 outinratio 0.0153 

WminusH124_4l_TCjmax_pT4l_genbin7_recobin2 acc 0.1137 eff 0.0032 outinratio 0.0148 

WplusH124_4l_TCjmax_pT4l_genbin7_recobin2 acc 0.1116 eff 0.003 outinratio 0.0186 

ZH124_4l_TCjmax_pT4l_genbin7_recobin2 acc 0.1254 eff 0.0059 outinratio 0.0348 

ttH124_4l_TCjmax_pT4l_genbin7_recobin2 acc 0.3547 eff 0.0013 outinratio 0.1495 

ggH124_4l_TCjmax_pT4l_genbin8_recobin2 acc 0.0042 eff 0.0 outinratio 0.0058 

VBFH124_4l_TCjmax_pT4l_genbin8_recobin2 acc 0.0125 eff 0.0 outinratio 0.0153 

WminusH124_4l_TCjmax_pT4l_genbin8_recobin2 acc 0.0137 eff 0.0 outinratio 0.0148 

WplusH124_4l_TCjmax_pT4l_genbin8_recobin2 acc 0.016 eff 0.0 outinratio 0.0186 

ZH124_4l_TCjmax_pT4l_genbin8_recobin2 acc 0.0155 eff 0.0 outinratio 0.0348 

ttH124_4l_TCjmax_pT4l_genbin8_recobin2 acc 0.053 eff 0.0 outinratio 0.1495 

ggH124_4l_TCjmax_pT4l_genbin0_recobin3 acc 0.2814 eff 0.0043 outinratio 0.0043 

VBFH124_4l_TCjmax_pT4l_genbin0_recobin3 acc 0.0724 eff 0.0261 outinratio 0.0062 

WminusH124_4l_TCjmax_pT4l_genbin0_recobin3 acc 0.1009 eff 0.0115 outinratio 0.012 

WplusH124_4l_TCjmax_pT4l_genbin0_recobin3 acc 0.0862 eff 0.0081 outinratio 0.0134 

ZH124_4l_TCjmax_pT4l_genbin0_recobin3 acc 0.0801 eff 0.0083 outinratio 0.047 

ttH124_4l_TCjmax_pT4l_genbin0_recobin3 acc 0.0022 eff 0.0884 outinratio 0.1249 

ggH124_4l_TCjmax_pT4l_genbin1_recobin3 acc 0.0176 eff 0.0 outinratio 0.0043 

VBFH124_4l_TCjmax_pT4l_genbin1_recobin3 acc 0.0344 eff 0.0 outinratio 0.0062 

WminusH124_4l_TCjmax_pT4l_genbin1_recobin3 acc 0.0315 eff 0.0 outinratio 0.012 

WplusH124_4l_TCjmax_pT4l_genbin1_recobin3 acc 0.027 eff 0.0007 outinratio 0.0134 

ZH124_4l_TCjmax_pT4l_genbin1_recobin3 acc 0.0297 eff 0.0 outinratio 0.047 

ttH124_4l_TCjmax_pT4l_genbin1_recobin3 acc 0.009 eff 0.0 outinratio 0.1249 

ggH124_4l_TCjmax_pT4l_genbin2_recobin3 acc 0.0333 eff 0.0107 outinratio 0.0043 

VBFH124_4l_TCjmax_pT4l_genbin2_recobin3 acc 0.0425 eff 0.0239 outinratio 0.0062 

WminusH124_4l_TCjmax_pT4l_genbin2_recobin3 acc 0.0364 eff 0.0115 outinratio 0.012 

WplusH124_4l_TCjmax_pT4l_genbin2_recobin3 acc 0.0308 eff 0.0063 outinratio 0.0134 

ZH124_4l_TCjmax_pT4l_genbin2_recobin3 acc 0.0345 eff 0.0104 outinratio 0.047 

ttH124_4l_TCjmax_pT4l_genbin2_recobin3 acc 0.0083 eff 0.0 outinratio 0.1249 

ggH124_4l_TCjmax_pT4l_genbin3_recobin3 acc 0.023 eff 0.3667 outinratio 0.0043 

VBFH124_4l_TCjmax_pT4l_genbin3_recobin3 acc 0.0411 eff 0.4184 outinratio 0.0062 

WminusH124_4l_TCjmax_pT4l_genbin3_recobin3 acc 0.0282 eff 0.3273 outinratio 0.012 

WplusH124_4l_TCjmax_pT4l_genbin3_recobin3 acc 0.0245 eff 0.3314 outinratio 0.0134 

ZH124_4l_TCjmax_pT4l_genbin3_recobin3 acc 0.0262 eff 0.3096 outinratio 0.047 

ttH124_4l_TCjmax_pT4l_genbin3_recobin3 acc 0.0077 eff 0.1696 outinratio 0.1249 

ggH124_4l_TCjmax_pT4l_genbin4_recobin3 acc 0.0198 eff 0.0266 outinratio 0.0043 

VBFH124_4l_TCjmax_pT4l_genbin4_recobin3 acc 0.0579 eff 0.0256 outinratio 0.0062 

WminusH124_4l_TCjmax_pT4l_genbin4_recobin3 acc 0.026 eff 0.0241 outinratio 0.012 

WplusH124_4l_TCjmax_pT4l_genbin4_recobin3 acc 0.0244 eff 0.0221 outinratio 0.0134 

ZH124_4l_TCjmax_pT4l_genbin4_recobin3 acc 0.0286 eff 0.022 outinratio 0.047 

ttH124_4l_TCjmax_pT4l_genbin4_recobin3 acc 0.0105 eff 0.0113 outinratio 0.1249 

ggH124_4l_TCjmax_pT4l_genbin5_recobin3 acc 0.0144 eff 0.0 outinratio 0.0043 

VBFH124_4l_TCjmax_pT4l_genbin5_recobin3 acc 0.0644 eff 0.0 outinratio 0.0062 

WminusH124_4l_TCjmax_pT4l_genbin5_recobin3 acc 0.0264 eff 0.0 outinratio 0.012 

WplusH124_4l_TCjmax_pT4l_genbin5_recobin3 acc 0.0233 eff 0.0 outinratio 0.0134 

ZH124_4l_TCjmax_pT4l_genbin5_recobin3 acc 0.0255 eff 0.0 outinratio 0.047 

ttH124_4l_TCjmax_pT4l_genbin5_recobin3 acc 0.0127 eff 0.0 outinratio 0.1249 

ggH124_4l_TCjmax_pT4l_genbin6_recobin3 acc 0.0111 eff 0.0 outinratio 0.0043 

VBFH124_4l_TCjmax_pT4l_genbin6_recobin3 acc 0.0717 eff 0.0 outinratio 0.0062 

WminusH124_4l_TCjmax_pT4l_genbin6_recobin3 acc 0.0189 eff 0.0 outinratio 0.012 

WplusH124_4l_TCjmax_pT4l_genbin6_recobin3 acc 0.0162 eff 0.0 outinratio 0.0134 

ZH124_4l_TCjmax_pT4l_genbin6_recobin3 acc 0.0161 eff 0.0 outinratio 0.047 

ttH124_4l_TCjmax_pT4l_genbin6_recobin3 acc 0.0245 eff 0.0 outinratio 0.1249 

ggH124_4l_TCjmax_pT4l_genbin7_recobin3 acc 0.0275 eff 0.0092 outinratio 0.0043 

VBFH124_4l_TCjmax_pT4l_genbin7_recobin3 acc 0.0692 eff 0.0087 outinratio 0.0062 

WminusH124_4l_TCjmax_pT4l_genbin7_recobin3 acc 0.1137 eff 0.0045 outinratio 0.012 

WplusH124_4l_TCjmax_pT4l_genbin7_recobin3 acc 0.1116 eff 0.0041 outinratio 0.0134 

ZH124_4l_TCjmax_pT4l_genbin7_recobin3 acc 0.1254 eff 0.0037 outinratio 0.047 

ttH124_4l_TCjmax_pT4l_genbin7_recobin3 acc 0.3547 eff 0.0009 outinratio 0.1249 

ggH124_4l_TCjmax_pT4l_genbin8_recobin3 acc 0.0042 eff 0.0 outinratio 0.0043 

VBFH124_4l_TCjmax_pT4l_genbin8_recobin3 acc 0.0125 eff 0.0 outinratio 0.0062 

WminusH124_4l_TCjmax_pT4l_genbin8_recobin3 acc 0.0137 eff 0.0 outinratio 0.012 

WplusH124_4l_TCjmax_pT4l_genbin8_recobin3 acc 0.016 eff 0.0 outinratio 0.0134 

ZH124_4l_TCjmax_pT4l_genbin8_recobin3 acc 0.0155 eff 0.0 outinratio 0.047 

ttH124_4l_TCjmax_pT4l_genbin8_recobin3 acc 0.053 eff 0.0 outinratio 0.1249 

ggH124_4l_TCjmax_pT4l_genbin0_recobin4 acc 0.2814 eff 0.0016 outinratio 0.0 

VBFH124_4l_TCjmax_pT4l_genbin0_recobin4 acc 0.0724 eff 0.0282 outinratio 0.0028 

WminusH124_4l_TCjmax_pT4l_genbin0_recobin4 acc 0.1009 eff 0.0131 outinratio 0.0236 

WplusH124_4l_TCjmax_pT4l_genbin0_recobin4 acc 0.0862 eff 0.0092 outinratio 0.0168 

ZH124_4l_TCjmax_pT4l_genbin0_recobin4 acc 0.0801 eff 0.0085 outinratio 0.0312 

ttH124_4l_TCjmax_pT4l_genbin0_recobin4 acc 0.0022 eff 0.0 outinratio 0.0515 

ggH124_4l_TCjmax_pT4l_genbin1_recobin4 acc 0.0176 eff 0.0 outinratio 0.0 

VBFH124_4l_TCjmax_pT4l_genbin1_recobin4 acc 0.0344 eff 0.0 outinratio 0.0028 

WminusH124_4l_TCjmax_pT4l_genbin1_recobin4 acc 0.0315 eff 0.0 outinratio 0.0236 

WplusH124_4l_TCjmax_pT4l_genbin1_recobin4 acc 0.027 eff 0.0 outinratio 0.0168 

ZH124_4l_TCjmax_pT4l_genbin1_recobin4 acc 0.0297 eff 0.0 outinratio 0.0312 

ttH124_4l_TCjmax_pT4l_genbin1_recobin4 acc 0.009 eff 0.0 outinratio 0.0515 

ggH124_4l_TCjmax_pT4l_genbin2_recobin4 acc 0.0333 eff 0.0 outinratio 0.0 

VBFH124_4l_TCjmax_pT4l_genbin2_recobin4 acc 0.0425 eff 0.0 outinratio 0.0028 

WminusH124_4l_TCjmax_pT4l_genbin2_recobin4 acc 0.0364 eff 0.0 outinratio 0.0236 

WplusH124_4l_TCjmax_pT4l_genbin2_recobin4 acc 0.0308 eff 0.0 outinratio 0.0168 

ZH124_4l_TCjmax_pT4l_genbin2_recobin4 acc 0.0345 eff 0.0 outinratio 0.0312 

ttH124_4l_TCjmax_pT4l_genbin2_recobin4 acc 0.0083 eff 0.0 outinratio 0.0515 

ggH124_4l_TCjmax_pT4l_genbin3_recobin4 acc 0.023 eff 0.0132 outinratio 0.0 

VBFH124_4l_TCjmax_pT4l_genbin3_recobin4 acc 0.0411 eff 0.0118 outinratio 0.0028 

WminusH124_4l_TCjmax_pT4l_genbin3_recobin4 acc 0.0282 eff 0.0079 outinratio 0.0236 

WplusH124_4l_TCjmax_pT4l_genbin3_recobin4 acc 0.0245 eff 0.01 outinratio 0.0168 

ZH124_4l_TCjmax_pT4l_genbin3_recobin4 acc 0.0262 eff 0.0132 outinratio 0.0312 

ttH124_4l_TCjmax_pT4l_genbin3_recobin4 acc 0.0077 eff 0.0077 outinratio 0.0515 

ggH124_4l_TCjmax_pT4l_genbin4_recobin4 acc 0.0198 eff 0.4216 outinratio 0.0 

VBFH124_4l_TCjmax_pT4l_genbin4_recobin4 acc 0.0579 eff 0.4231 outinratio 0.0028 

WminusH124_4l_TCjmax_pT4l_genbin4_recobin4 acc 0.026 eff 0.3697 outinratio 0.0236 

WplusH124_4l_TCjmax_pT4l_genbin4_recobin4 acc 0.0244 eff 0.3487 outinratio 0.0168 

ZH124_4l_TCjmax_pT4l_genbin4_recobin4 acc 0.0286 eff 0.3329 outinratio 0.0312 

ttH124_4l_TCjmax_pT4l_genbin4_recobin4 acc 0.0105 eff 0.3102 outinratio 0.0515 

ggH124_4l_TCjmax_pT4l_genbin5_recobin4 acc 0.0144 eff 0.0242 outinratio 0.0 

VBFH124_4l_TCjmax_pT4l_genbin5_recobin4 acc 0.0644 eff 0.0137 outinratio 0.0028 

WminusH124_4l_TCjmax_pT4l_genbin5_recobin4 acc 0.0264 eff 0.0191 outinratio 0.0236 

WplusH124_4l_TCjmax_pT4l_genbin5_recobin4 acc 0.0233 eff 0.015 outinratio 0.0168 

ZH124_4l_TCjmax_pT4l_genbin5_recobin4 acc 0.0255 eff 0.0155 outinratio 0.0312 

ttH124_4l_TCjmax_pT4l_genbin5_recobin4 acc 0.0127 eff 0.0 outinratio 0.0515 

ggH124_4l_TCjmax_pT4l_genbin6_recobin4 acc 0.0111 eff 0.0 outinratio 0.0 

VBFH124_4l_TCjmax_pT4l_genbin6_recobin4 acc 0.0717 eff 0.0 outinratio 0.0028 

WminusH124_4l_TCjmax_pT4l_genbin6_recobin4 acc 0.0189 eff 0.0 outinratio 0.0236 

WplusH124_4l_TCjmax_pT4l_genbin6_recobin4 acc 0.0162 eff 0.0 outinratio 0.0168 

ZH124_4l_TCjmax_pT4l_genbin6_recobin4 acc 0.0161 eff 0.0 outinratio 0.0312 

ttH124_4l_TCjmax_pT4l_genbin6_recobin4 acc 0.0245 eff 0.0 outinratio 0.0515 

ggH124_4l_TCjmax_pT4l_genbin7_recobin4 acc 0.0275 eff 0.0127 outinratio 0.0 

VBFH124_4l_TCjmax_pT4l_genbin7_recobin4 acc 0.0692 eff 0.0072 outinratio 0.0028 

WminusH124_4l_TCjmax_pT4l_genbin7_recobin4 acc 0.1137 eff 0.007 outinratio 0.0236 

WplusH124_4l_TCjmax_pT4l_genbin7_recobin4 acc 0.1116 eff 0.0054 outinratio 0.0168 

ZH124_4l_TCjmax_pT4l_genbin7_recobin4 acc 0.1254 eff 0.0079 outinratio 0.0312 

ttH124_4l_TCjmax_pT4l_genbin7_recobin4 acc 0.3547 eff 0.0023 outinratio 0.0515 

ggH124_4l_TCjmax_pT4l_genbin8_recobin4 acc 0.0042 eff 0.0 outinratio 0.0 

VBFH124_4l_TCjmax_pT4l_genbin8_recobin4 acc 0.0125 eff 0.0 outinratio 0.0028 

WminusH124_4l_TCjmax_pT4l_genbin8_recobin4 acc 0.0137 eff 0.0 outinratio 0.0236 

WplusH124_4l_TCjmax_pT4l_genbin8_recobin4 acc 0.016 eff 0.0 outinratio 0.0168 

ZH124_4l_TCjmax_pT4l_genbin8_recobin4 acc 0.0155 eff 0.0 outinratio 0.0312 

ttH124_4l_TCjmax_pT4l_genbin8_recobin4 acc 0.053 eff 0.0 outinratio 0.0515 

ggH124_4l_TCjmax_pT4l_genbin0_recobin5 acc 0.2814 eff 0.0001 outinratio 0.013 

VBFH124_4l_TCjmax_pT4l_genbin0_recobin5 acc 0.0724 eff 0.0075 outinratio 0.004 

WminusH124_4l_TCjmax_pT4l_genbin0_recobin5 acc 0.1009 eff 0.0122 outinratio 0.0121 

WplusH124_4l_TCjmax_pT4l_genbin0_recobin5 acc 0.0862 eff 0.0095 outinratio 0.0096 

ZH124_4l_TCjmax_pT4l_genbin0_recobin5 acc 0.0801 eff 0.0048 outinratio 0.0701 

ttH124_4l_TCjmax_pT4l_genbin0_recobin5 acc 0.0022 eff 0.0 outinratio 0.0438 

ggH124_4l_TCjmax_pT4l_genbin1_recobin5 acc 0.0176 eff 0.0 outinratio 0.013 

VBFH124_4l_TCjmax_pT4l_genbin1_recobin5 acc 0.0344 eff 0.0 outinratio 0.004 

WminusH124_4l_TCjmax_pT4l_genbin1_recobin5 acc 0.0315 eff 0.0 outinratio 0.0121 

WplusH124_4l_TCjmax_pT4l_genbin1_recobin5 acc 0.027 eff 0.0 outinratio 0.0096 

ZH124_4l_TCjmax_pT4l_genbin1_recobin5 acc 0.0297 eff 0.0 outinratio 0.0701 

ttH124_4l_TCjmax_pT4l_genbin1_recobin5 acc 0.009 eff 0.0 outinratio 0.0438 

ggH124_4l_TCjmax_pT4l_genbin2_recobin5 acc 0.0333 eff 0.0 outinratio 0.013 

VBFH124_4l_TCjmax_pT4l_genbin2_recobin5 acc 0.0425 eff 0.0 outinratio 0.004 

WminusH124_4l_TCjmax_pT4l_genbin2_recobin5 acc 0.0364 eff 0.0 outinratio 0.0121 

WplusH124_4l_TCjmax_pT4l_genbin2_recobin5 acc 0.0308 eff 0.0 outinratio 0.0096 

ZH124_4l_TCjmax_pT4l_genbin2_recobin5 acc 0.0345 eff 0.0 outinratio 0.0701 

ttH124_4l_TCjmax_pT4l_genbin2_recobin5 acc 0.0083 eff 0.0 outinratio 0.0438 

ggH124_4l_TCjmax_pT4l_genbin3_recobin5 acc 0.023 eff 0.0 outinratio 0.013 

VBFH124_4l_TCjmax_pT4l_genbin3_recobin5 acc 0.0411 eff 0.0 outinratio 0.004 

WminusH124_4l_TCjmax_pT4l_genbin3_recobin5 acc 0.0282 eff 0.0 outinratio 0.0121 

WplusH124_4l_TCjmax_pT4l_genbin3_recobin5 acc 0.0245 eff 0.0 outinratio 0.0096 

ZH124_4l_TCjmax_pT4l_genbin3_recobin5 acc 0.0262 eff 0.0 outinratio 0.0701 

ttH124_4l_TCjmax_pT4l_genbin3_recobin5 acc 0.0077 eff 0.0 outinratio 0.0438 

ggH124_4l_TCjmax_pT4l_genbin4_recobin5 acc 0.0198 eff 0.0112 outinratio 0.013 

VBFH124_4l_TCjmax_pT4l_genbin4_recobin5 acc 0.0579 eff 0.0123 outinratio 0.004 

WminusH124_4l_TCjmax_pT4l_genbin4_recobin5 acc 0.026 eff 0.0079 outinratio 0.0121 

WplusH124_4l_TCjmax_pT4l_genbin4_recobin5 acc 0.0244 eff 0.0087 outinratio 0.0096 

ZH124_4l_TCjmax_pT4l_genbin4_recobin5 acc 0.0286 eff 0.0085 outinratio 0.0701 

ttH124_4l_TCjmax_pT4l_genbin4_recobin5 acc 0.0105 eff 0.0 outinratio 0.0438 

ggH124_4l_TCjmax_pT4l_genbin5_recobin5 acc 0.0144 eff 0.4186 outinratio 0.013 

VBFH124_4l_TCjmax_pT4l_genbin5_recobin5 acc 0.0644 eff 0.4124 outinratio 0.004 

WminusH124_4l_TCjmax_pT4l_genbin5_recobin5 acc 0.0264 eff 0.3704 outinratio 0.0121 

WplusH124_4l_TCjmax_pT4l_genbin5_recobin5 acc 0.0233 eff 0.3826 outinratio 0.0096 

ZH124_4l_TCjmax_pT4l_genbin5_recobin5 acc 0.0255 eff 0.3782 outinratio 0.0701 

ttH124_4l_TCjmax_pT4l_genbin5_recobin5 acc 0.0127 eff 0.2297 outinratio 0.0438 

ggH124_4l_TCjmax_pT4l_genbin6_recobin5 acc 0.0111 eff 0.0197 outinratio 0.013 

VBFH124_4l_TCjmax_pT4l_genbin6_recobin5 acc 0.0717 eff 0.0075 outinratio 0.004 

WminusH124_4l_TCjmax_pT4l_genbin6_recobin5 acc 0.0189 eff 0.0169 outinratio 0.0121 

WplusH124_4l_TCjmax_pT4l_genbin6_recobin5 acc 0.0162 eff 0.0146 outinratio 0.0096 

ZH124_4l_TCjmax_pT4l_genbin6_recobin5 acc 0.0161 eff 0.0147 outinratio 0.0701 

ttH124_4l_TCjmax_pT4l_genbin6_recobin5 acc 0.0245 eff 0.0091 outinratio 0.0438 

ggH124_4l_TCjmax_pT4l_genbin7_recobin5 acc 0.0275 eff 0.0135 outinratio 0.013 

VBFH124_4l_TCjmax_pT4l_genbin7_recobin5 acc 0.0692 eff 0.0101 outinratio 0.004 

WminusH124_4l_TCjmax_pT4l_genbin7_recobin5 acc 0.1137 eff 0.0149 outinratio 0.0121 

WplusH124_4l_TCjmax_pT4l_genbin7_recobin5 acc 0.1116 eff 0.0105 outinratio 0.0096 

ZH124_4l_TCjmax_pT4l_genbin7_recobin5 acc 0.1254 eff 0.0142 outinratio 0.0701 

ttH124_4l_TCjmax_pT4l_genbin7_recobin5 acc 0.3547 eff 0.0042 outinratio 0.0438 

ggH124_4l_TCjmax_pT4l_genbin8_recobin5 acc 0.0042 eff 0.0 outinratio 0.013 

VBFH124_4l_TCjmax_pT4l_genbin8_recobin5 acc 0.0125 eff 0.0 outinratio 0.004 

WminusH124_4l_TCjmax_pT4l_genbin8_recobin5 acc 0.0137 eff 0.0 outinratio 0.0121 

WplusH124_4l_TCjmax_pT4l_genbin8_recobin5 acc 0.016 eff 0.0 outinratio 0.0096 

ZH124_4l_TCjmax_pT4l_genbin8_recobin5 acc 0.0155 eff 0.0 outinratio 0.0701 

ttH124_4l_TCjmax_pT4l_genbin8_recobin5 acc 0.053 eff 0.0 outinratio 0.0438 

ggH124_4l_TCjmax_pT4l_genbin0_recobin6 acc 0.2814 eff 0.0 outinratio 0.0 

VBFH124_4l_TCjmax_pT4l_genbin0_recobin6 acc 0.0724 eff 0.0 outinratio 0.0122 

WminusH124_4l_TCjmax_pT4l_genbin0_recobin6 acc 0.1009 eff 0.0101 outinratio 0.0209 

WplusH124_4l_TCjmax_pT4l_genbin0_recobin6 acc 0.0862 eff 0.0141 outinratio 0.0183 

ZH124_4l_TCjmax_pT4l_genbin0_recobin6 acc 0.0801 eff 0.0036 outinratio 0.0564 

ttH124_4l_TCjmax_pT4l_genbin0_recobin6 acc 0.0022 eff 0.0 outinratio 0.0 

ggH124_4l_TCjmax_pT4l_genbin1_recobin6 acc 0.0176 eff 0.0 outinratio 0.0 

VBFH124_4l_TCjmax_pT4l_genbin1_recobin6 acc 0.0344 eff 0.0 outinratio 0.0122 

WminusH124_4l_TCjmax_pT4l_genbin1_recobin6 acc 0.0315 eff 0.0 outinratio 0.0209 

WplusH124_4l_TCjmax_pT4l_genbin1_recobin6 acc 0.027 eff 0.0 outinratio 0.0183 

ZH124_4l_TCjmax_pT4l_genbin1_recobin6 acc 0.0297 eff 0.0 outinratio 0.0564 

ttH124_4l_TCjmax_pT4l_genbin1_recobin6 acc 0.009 eff 0.0 outinratio 0.0 

ggH124_4l_TCjmax_pT4l_genbin2_recobin6 acc 0.0333 eff 0.0 outinratio 0.0 

VBFH124_4l_TCjmax_pT4l_genbin2_recobin6 acc 0.0425 eff 0.0 outinratio 0.0122 

WminusH124_4l_TCjmax_pT4l_genbin2_recobin6 acc 0.0364 eff 0.0 outinratio 0.0209 

WplusH124_4l_TCjmax_pT4l_genbin2_recobin6 acc 0.0308 eff 0.0 outinratio 0.0183 

ZH124_4l_TCjmax_pT4l_genbin2_recobin6 acc 0.0345 eff 0.0 outinratio 0.0564 

ttH124_4l_TCjmax_pT4l_genbin2_recobin6 acc 0.0083 eff 0.0 outinratio 0.0 

ggH124_4l_TCjmax_pT4l_genbin3_recobin6 acc 0.023 eff 0.0 outinratio 0.0 

VBFH124_4l_TCjmax_pT4l_genbin3_recobin6 acc 0.0411 eff 0.0 outinratio 0.0122 

WminusH124_4l_TCjmax_pT4l_genbin3_recobin6 acc 0.0282 eff 0.0 outinratio 0.0209 

WplusH124_4l_TCjmax_pT4l_genbin3_recobin6 acc 0.0245 eff 0.0 outinratio 0.0183 

ZH124_4l_TCjmax_pT4l_genbin3_recobin6 acc 0.0262 eff 0.0 outinratio 0.0564 

ttH124_4l_TCjmax_pT4l_genbin3_recobin6 acc 0.0077 eff 0.0 outinratio 0.0 

ggH124_4l_TCjmax_pT4l_genbin4_recobin6 acc 0.0198 eff 0.0 outinratio 0.0 

VBFH124_4l_TCjmax_pT4l_genbin4_recobin6 acc 0.0579 eff 0.0 outinratio 0.0122 

WminusH124_4l_TCjmax_pT4l_genbin4_recobin6 acc 0.026 eff 0.0 outinratio 0.0209 

WplusH124_4l_TCjmax_pT4l_genbin4_recobin6 acc 0.0244 eff 0.0 outinratio 0.0183 

ZH124_4l_TCjmax_pT4l_genbin4_recobin6 acc 0.0286 eff 0.0 outinratio 0.0564 

ttH124_4l_TCjmax_pT4l_genbin4_recobin6 acc 0.0105 eff 0.0 outinratio 0.0 

ggH124_4l_TCjmax_pT4l_genbin5_recobin6 acc 0.0144 eff 0.005 outinratio 0.0 

VBFH124_4l_TCjmax_pT4l_genbin5_recobin6 acc 0.0644 eff 0.0092 outinratio 0.0122 

WminusH124_4l_TCjmax_pT4l_genbin5_recobin6 acc 0.0264 eff 0.0019 outinratio 0.0209 

WplusH124_4l_TCjmax_pT4l_genbin5_recobin6 acc 0.0233 eff 0.0037 outinratio 0.0183 

ZH124_4l_TCjmax_pT4l_genbin5_recobin6 acc 0.0255 eff 0.006 outinratio 0.0564 

ttH124_4l_TCjmax_pT4l_genbin5_recobin6 acc 0.0127 eff 0.0139 outinratio 0.0 

ggH124_4l_TCjmax_pT4l_genbin6_recobin6 acc 0.0111 eff 0.4647 outinratio 0.0 

VBFH124_4l_TCjmax_pT4l_genbin6_recobin6 acc 0.0717 eff 0.4978 outinratio 0.0122 

WminusH124_4l_TCjmax_pT4l_genbin6_recobin6 acc 0.0189 eff 0.3887 outinratio 0.0209 

WplusH124_4l_TCjmax_pT4l_genbin6_recobin6 acc 0.0162 eff 0.3705 outinratio 0.0183 

ZH124_4l_TCjmax_pT4l_genbin6_recobin6 acc 0.0161 eff 0.4628 outinratio 0.0564 

ttH124_4l_TCjmax_pT4l_genbin6_recobin6 acc 0.0245 eff 0.2463 outinratio 0.0 

ggH124_4l_TCjmax_pT4l_genbin7_recobin6 acc 0.0275 eff 0.0053 outinratio 0.0 

VBFH124_4l_TCjmax_pT4l_genbin7_recobin6 acc 0.0692 eff 0.0172 outinratio 0.0122 

WminusH124_4l_TCjmax_pT4l_genbin7_recobin6 acc 0.1137 eff 0.0098 outinratio 0.0209 

WplusH124_4l_TCjmax_pT4l_genbin7_recobin6 acc 0.1116 eff 0.0048 outinratio 0.0183 

ZH124_4l_TCjmax_pT4l_genbin7_recobin6 acc 0.1254 eff 0.0119 outinratio 0.0564 

ttH124_4l_TCjmax_pT4l_genbin7_recobin6 acc 0.3547 eff 0.0067 outinratio 0.0 

ggH124_4l_TCjmax_pT4l_genbin8_recobin6 acc 0.0042 eff 0.0 outinratio 0.0 

VBFH124_4l_TCjmax_pT4l_genbin8_recobin6 acc 0.0125 eff 0.0156 outinratio 0.0122 

WminusH124_4l_TCjmax_pT4l_genbin8_recobin6 acc 0.0137 eff 0.0049 outinratio 0.0209 

WplusH124_4l_TCjmax_pT4l_genbin8_recobin6 acc 0.016 eff 0.0 outinratio 0.0183 

ZH124_4l_TCjmax_pT4l_genbin8_recobin6 acc 0.0155 eff 0.0042 outinratio 0.0564 

ttH124_4l_TCjmax_pT4l_genbin8_recobin6 acc 0.053 eff 0.0174 outinratio 0.0 

ggH124_4l_TCjmax_pT4l_genbin0_recobin7 acc 0.2814 eff 0.0009 outinratio 0.0059 

VBFH124_4l_TCjmax_pT4l_genbin0_recobin7 acc 0.0724 eff 0.0 outinratio 0.0098 

WminusH124_4l_TCjmax_pT4l_genbin0_recobin7 acc 0.1009 eff 0.0186 outinratio 0.0121 

WplusH124_4l_TCjmax_pT4l_genbin0_recobin7 acc 0.0862 eff 0.0197 outinratio 0.0118 

ZH124_4l_TCjmax_pT4l_genbin0_recobin7 acc 0.0801 eff 0.0087 outinratio 0.0391 

ttH124_4l_TCjmax_pT4l_genbin0_recobin7 acc 0.0022 eff 0.1226 outinratio 0.0429 

ggH124_4l_TCjmax_pT4l_genbin1_recobin7 acc 0.0176 eff 0.003 outinratio 0.0059 

VBFH124_4l_TCjmax_pT4l_genbin1_recobin7 acc 0.0344 eff 0.0094 outinratio 0.0098 

WminusH124_4l_TCjmax_pT4l_genbin1_recobin7 acc 0.0315 eff 0.0251 outinratio 0.0121 

WplusH124_4l_TCjmax_pT4l_genbin1_recobin7 acc 0.027 eff 0.0279 outinratio 0.0118 

ZH124_4l_TCjmax_pT4l_genbin1_recobin7 acc 0.0297 eff 0.0334 outinratio 0.0391 

ttH124_4l_TCjmax_pT4l_genbin1_recobin7 acc 0.009 eff 0.0929 outinratio 0.0429 

ggH124_4l_TCjmax_pT4l_genbin2_recobin7 acc 0.0333 eff 0.0048 outinratio 0.0059 

VBFH124_4l_TCjmax_pT4l_genbin2_recobin7 acc 0.0425 eff 0.0 outinratio 0.0098 

WminusH124_4l_TCjmax_pT4l_genbin2_recobin7 acc 0.0364 eff 0.0405 outinratio 0.0121 

WplusH124_4l_TCjmax_pT4l_genbin2_recobin7 acc 0.0308 eff 0.0312 outinratio 0.0118 

ZH124_4l_TCjmax_pT4l_genbin2_recobin7 acc 0.0345 eff 0.0449 outinratio 0.0391 

ttH124_4l_TCjmax_pT4l_genbin2_recobin7 acc 0.0083 eff 0.0534 outinratio 0.0429 

ggH124_4l_TCjmax_pT4l_genbin3_recobin7 acc 0.023 eff 0.0081 outinratio 0.0059 

VBFH124_4l_TCjmax_pT4l_genbin3_recobin7 acc 0.0411 eff 0.0149 outinratio 0.0098 

WminusH124_4l_TCjmax_pT4l_genbin3_recobin7 acc 0.0282 eff 0.0387 outinratio 0.0121 

WplusH124_4l_TCjmax_pT4l_genbin3_recobin7 acc 0.0245 eff 0.0534 outinratio 0.0118 

ZH124_4l_TCjmax_pT4l_genbin3_recobin7 acc 0.0262 eff 0.0563 outinratio 0.0391 

ttH124_4l_TCjmax_pT4l_genbin3_recobin7 acc 0.0077 eff 0.0803 outinratio 0.0429 

ggH124_4l_TCjmax_pT4l_genbin4_recobin7 acc 0.0198 eff 0.0183 outinratio 0.0059 

VBFH124_4l_TCjmax_pT4l_genbin4_recobin7 acc 0.0579 eff 0.0231 outinratio 0.0098 

WminusH124_4l_TCjmax_pT4l_genbin4_recobin7 acc 0.026 eff 0.0546 outinratio 0.0121 

WplusH124_4l_TCjmax_pT4l_genbin4_recobin7 acc 0.0244 eff 0.058 outinratio 0.0118 

ZH124_4l_TCjmax_pT4l_genbin4_recobin7 acc 0.0286 eff 0.0575 outinratio 0.0391 

ttH124_4l_TCjmax_pT4l_genbin4_recobin7 acc 0.0105 eff 0.0482 outinratio 0.0429 

ggH124_4l_TCjmax_pT4l_genbin5_recobin7 acc 0.0144 eff 0.0187 outinratio 0.0059 

VBFH124_4l_TCjmax_pT4l_genbin5_recobin7 acc 0.0644 eff 0.0235 outinratio 0.0098 

WminusH124_4l_TCjmax_pT4l_genbin5_recobin7 acc 0.0264 eff 0.0524 outinratio 0.0121 

WplusH124_4l_TCjmax_pT4l_genbin5_recobin7 acc 0.0233 eff 0.0652 outinratio 0.0118 

ZH124_4l_TCjmax_pT4l_genbin5_recobin7 acc 0.0255 eff 0.0736 outinratio 0.0391 

ttH124_4l_TCjmax_pT4l_genbin5_recobin7 acc 0.0127 eff 0.0828 outinratio 0.0429 

ggH124_4l_TCjmax_pT4l_genbin6_recobin7 acc 0.0111 eff 0.0166 outinratio 0.0059 

VBFH124_4l_TCjmax_pT4l_genbin6_recobin7 acc 0.0717 eff 0.0418 outinratio 0.0098 

WminusH124_4l_TCjmax_pT4l_genbin6_recobin7 acc 0.0189 eff 0.0879 outinratio 0.0121 

WplusH124_4l_TCjmax_pT4l_genbin6_recobin7 acc 0.0162 eff 0.0795 outinratio 0.0118 

ZH124_4l_TCjmax_pT4l_genbin6_recobin7 acc 0.0161 eff 0.0612 outinratio 0.0391 

ttH124_4l_TCjmax_pT4l_genbin6_recobin7 acc 0.0245 eff 0.1011 outinratio 0.0429 

ggH124_4l_TCjmax_pT4l_genbin7_recobin7 acc 0.0275 eff 0.4575 outinratio 0.0059 

VBFH124_4l_TCjmax_pT4l_genbin7_recobin7 acc 0.0692 eff 0.4277 outinratio 0.0098 

WminusH124_4l_TCjmax_pT4l_genbin7_recobin7 acc 0.1137 eff 0.433 outinratio 0.0121 

WplusH124_4l_TCjmax_pT4l_genbin7_recobin7 acc 0.1116 eff 0.4207 outinratio 0.0118 

ZH124_4l_TCjmax_pT4l_genbin7_recobin7 acc 0.1254 eff 0.4191 outinratio 0.0391 

ttH124_4l_TCjmax_pT4l_genbin7_recobin7 acc 0.3547 eff 0.3434 outinratio 0.0429 

ggH124_4l_TCjmax_pT4l_genbin8_recobin7 acc 0.0042 eff 0.0046 outinratio 0.0059 

VBFH124_4l_TCjmax_pT4l_genbin8_recobin7 acc 0.0125 eff 0.0 outinratio 0.0098 

WminusH124_4l_TCjmax_pT4l_genbin8_recobin7 acc 0.0137 eff 0.023 outinratio 0.0121 

WplusH124_4l_TCjmax_pT4l_genbin8_recobin7 acc 0.016 eff 0.0132 outinratio 0.0118 

ZH124_4l_TCjmax_pT4l_genbin8_recobin7 acc 0.0155 eff 0.0313 outinratio 0.0391 

ttH124_4l_TCjmax_pT4l_genbin8_recobin7 acc 0.053 eff 0.0141 outinratio 0.0429 

ggH124_4l_TCjmax_pT4l_genbin0_recobin8 acc 0.2814 eff 0.0 outinratio 0.0274 

VBFH124_4l_TCjmax_pT4l_genbin0_recobin8 acc 0.0724 eff 0.0 outinratio 0.0 

WminusH124_4l_TCjmax_pT4l_genbin0_recobin8 acc 0.1009 eff 0.002 outinratio 0.0083 

WplusH124_4l_TCjmax_pT4l_genbin0_recobin8 acc 0.0862 eff 0.0027 outinratio 0.0134 

ZH124_4l_TCjmax_pT4l_genbin0_recobin8 acc 0.0801 eff 0.0 outinratio 0.0398 

ttH124_4l_TCjmax_pT4l_genbin0_recobin8 acc 0.0022 eff 0.0 outinratio 0.0392 

ggH124_4l_TCjmax_pT4l_genbin1_recobin8 acc 0.0176 eff 0.0 outinratio 0.0274 

VBFH124_4l_TCjmax_pT4l_genbin1_recobin8 acc 0.0344 eff 0.0 outinratio 0.0 

WminusH124_4l_TCjmax_pT4l_genbin1_recobin8 acc 0.0315 eff 0.0 outinratio 0.0083 

WplusH124_4l_TCjmax_pT4l_genbin1_recobin8 acc 0.027 eff 0.0 outinratio 0.0134 

ZH124_4l_TCjmax_pT4l_genbin1_recobin8 acc 0.0297 eff 0.0 outinratio 0.0398 

ttH124_4l_TCjmax_pT4l_genbin1_recobin8 acc 0.009 eff 0.0 outinratio 0.0392 

ggH124_4l_TCjmax_pT4l_genbin2_recobin8 acc 0.0333 eff 0.0 outinratio 0.0274 

VBFH124_4l_TCjmax_pT4l_genbin2_recobin8 acc 0.0425 eff 0.0 outinratio 0.0 

WminusH124_4l_TCjmax_pT4l_genbin2_recobin8 acc 0.0364 eff 0.0 outinratio 0.0083 

WplusH124_4l_TCjmax_pT4l_genbin2_recobin8 acc 0.0308 eff 0.0 outinratio 0.0134 

ZH124_4l_TCjmax_pT4l_genbin2_recobin8 acc 0.0345 eff 0.0 outinratio 0.0398 

ttH124_4l_TCjmax_pT4l_genbin2_recobin8 acc 0.0083 eff 0.0 outinratio 0.0392 

ggH124_4l_TCjmax_pT4l_genbin3_recobin8 acc 0.023 eff 0.0 outinratio 0.0274 

VBFH124_4l_TCjmax_pT4l_genbin3_recobin8 acc 0.0411 eff 0.0 outinratio 0.0 

WminusH124_4l_TCjmax_pT4l_genbin3_recobin8 acc 0.0282 eff 0.0 outinratio 0.0083 

WplusH124_4l_TCjmax_pT4l_genbin3_recobin8 acc 0.0245 eff 0.0 outinratio 0.0134 

ZH124_4l_TCjmax_pT4l_genbin3_recobin8 acc 0.0262 eff 0.0 outinratio 0.0398 

ttH124_4l_TCjmax_pT4l_genbin3_recobin8 acc 0.0077 eff 0.0 outinratio 0.0392 

ggH124_4l_TCjmax_pT4l_genbin4_recobin8 acc 0.0198 eff 0.0 outinratio 0.0274 

VBFH124_4l_TCjmax_pT4l_genbin4_recobin8 acc 0.0579 eff 0.0 outinratio 0.0 

WminusH124_4l_TCjmax_pT4l_genbin4_recobin8 acc 0.026 eff 0.0 outinratio 0.0083 

WplusH124_4l_TCjmax_pT4l_genbin4_recobin8 acc 0.0244 eff 0.0 outinratio 0.0134 

ZH124_4l_TCjmax_pT4l_genbin4_recobin8 acc 0.0286 eff 0.0 outinratio 0.0398 

ttH124_4l_TCjmax_pT4l_genbin4_recobin8 acc 0.0105 eff 0.0 outinratio 0.0392 

ggH124_4l_TCjmax_pT4l_genbin5_recobin8 acc 0.0144 eff 0.0 outinratio 0.0274 

VBFH124_4l_TCjmax_pT4l_genbin5_recobin8 acc 0.0644 eff 0.0 outinratio 0.0 

WminusH124_4l_TCjmax_pT4l_genbin5_recobin8 acc 0.0264 eff 0.0 outinratio 0.0083 

WplusH124_4l_TCjmax_pT4l_genbin5_recobin8 acc 0.0233 eff 0.0 outinratio 0.0134 

ZH124_4l_TCjmax_pT4l_genbin5_recobin8 acc 0.0255 eff 0.0 outinratio 0.0398 

ttH124_4l_TCjmax_pT4l_genbin5_recobin8 acc 0.0127 eff 0.0 outinratio 0.0392 

ggH124_4l_TCjmax_pT4l_genbin6_recobin8 acc 0.0111 eff 0.0123 outinratio 0.0274 

VBFH124_4l_TCjmax_pT4l_genbin6_recobin8 acc 0.0717 eff 0.0092 outinratio 0.0 

WminusH124_4l_TCjmax_pT4l_genbin6_recobin8 acc 0.0189 eff 0.0059 outinratio 0.0083 

WplusH124_4l_TCjmax_pT4l_genbin6_recobin8 acc 0.0162 eff 0.0105 outinratio 0.0134 

ZH124_4l_TCjmax_pT4l_genbin6_recobin8 acc 0.0161 eff 0.0021 outinratio 0.0398 

ttH124_4l_TCjmax_pT4l_genbin6_recobin8 acc 0.0245 eff 0.0637 outinratio 0.0392 

ggH124_4l_TCjmax_pT4l_genbin7_recobin8 acc 0.0275 eff 0.0 outinratio 0.0274 

VBFH124_4l_TCjmax_pT4l_genbin7_recobin8 acc 0.0692 eff 0.002 outinratio 0.0 

WminusH124_4l_TCjmax_pT4l_genbin7_recobin8 acc 0.1137 eff 0.0004 outinratio 0.0083 

WplusH124_4l_TCjmax_pT4l_genbin7_recobin8 acc 0.1116 eff 0.0008 outinratio 0.0134 

ZH124_4l_TCjmax_pT4l_genbin7_recobin8 acc 0.1254 eff 0.0004 outinratio 0.0398 

ttH124_4l_TCjmax_pT4l_genbin7_recobin8 acc 0.3547 eff 0.0 outinratio 0.0392 

ggH124_4l_TCjmax_pT4l_genbin8_recobin8 acc 0.0042 eff 0.487 outinratio 0.0274 

VBFH124_4l_TCjmax_pT4l_genbin8_recobin8 acc 0.0125 eff 0.6011 outinratio 0.0 

WminusH124_4l_TCjmax_pT4l_genbin8_recobin8 acc 0.0137 eff 0.5186 outinratio 0.0083 

WplusH124_4l_TCjmax_pT4l_genbin8_recobin8 acc 0.016 eff 0.5095 outinratio 0.0134 

ZH124_4l_TCjmax_pT4l_genbin8_recobin8 acc 0.0155 eff 0.5053 outinratio 0.0398 

ttH124_4l_TCjmax_pT4l_genbin8_recobin8 acc 0.053 eff 0.496 outinratio 0.0392 

ggH124_4e_TCjmax_pT4l_genbin0_recobin0 acc 0.2672 eff 0.3009 outinratio 0.0051 

VBFH124_4e_TCjmax_pT4l_genbin0_recobin0 acc 0.0659 eff 0.2802 outinratio 0.0062 

WminusH124_4e_TCjmax_pT4l_genbin0_recobin0 acc 0.0916 eff 0.2594 outinratio 0.0496 

WplusH124_4e_TCjmax_pT4l_genbin0_recobin0 acc 0.0817 eff 0.2617 outinratio 0.0396 

ZH124_4e_TCjmax_pT4l_genbin0_recobin0 acc 0.0799 eff 0.2696 outinratio 0.0565 

ttH124_4e_TCjmax_pT4l_genbin0_recobin0 acc 0.0034 eff -1.0 outinratio 0.0 

ggH124_4e_TCjmax_pT4l_genbin1_recobin0 acc 0.018 eff 0.079 outinratio 0.0051 

VBFH124_4e_TCjmax_pT4l_genbin1_recobin0 acc 0.0322 eff 0.044 outinratio 0.0062 

WminusH124_4e_TCjmax_pT4l_genbin1_recobin0 acc 0.0259 eff 0.0219 outinratio 0.0496 

WplusH124_4e_TCjmax_pT4l_genbin1_recobin0 acc 0.0262 eff 0.0315 outinratio 0.0396 

ZH124_4e_TCjmax_pT4l_genbin1_recobin0 acc 0.0246 eff 0.0319 outinratio 0.0565 

ttH124_4e_TCjmax_pT4l_genbin1_recobin0 acc 0.0138 eff 0.0099 outinratio 0.0 

ggH124_4e_TCjmax_pT4l_genbin2_recobin0 acc 0.0325 eff 0.0582 outinratio 0.0051 

VBFH124_4e_TCjmax_pT4l_genbin2_recobin0 acc 0.0389 eff 0.0575 outinratio 0.0062 

WminusH124_4e_TCjmax_pT4l_genbin2_recobin0 acc 0.0317 eff 0.0537 outinratio 0.0496 

WplusH124_4e_TCjmax_pT4l_genbin2_recobin0 acc 0.0318 eff 0.0279 outinratio 0.0396 

ZH124_4e_TCjmax_pT4l_genbin2_recobin0 acc 0.0331 eff 0.021 outinratio 0.0565 

ttH124_4e_TCjmax_pT4l_genbin2_recobin0 acc 0.009 eff 0.0 outinratio 0.0 

ggH124_4e_TCjmax_pT4l_genbin3_recobin0 acc 0.0231 eff 0.0393 outinratio 0.0051 

VBFH124_4e_TCjmax_pT4l_genbin3_recobin0 acc 0.0405 eff 0.0 outinratio 0.0062 

WminusH124_4e_TCjmax_pT4l_genbin3_recobin0 acc 0.0283 eff 0.0162 outinratio 0.0496 

WplusH124_4e_TCjmax_pT4l_genbin3_recobin0 acc 0.0254 eff 0.0306 outinratio 0.0396 

ZH124_4e_TCjmax_pT4l_genbin3_recobin0 acc 0.0243 eff 0.0237 outinratio 0.0565 

ttH124_4e_TCjmax_pT4l_genbin3_recobin0 acc 0.009 eff 0.0 outinratio 0.0 

ggH124_4e_TCjmax_pT4l_genbin4_recobin0 acc 0.0167 eff 0.0531 outinratio 0.0051 

VBFH124_4e_TCjmax_pT4l_genbin4_recobin0 acc 0.0592 eff 0.0142 outinratio 0.0062 

WminusH124_4e_TCjmax_pT4l_genbin4_recobin0 acc 0.027 eff 0.0151 outinratio 0.0496 

WplusH124_4e_TCjmax_pT4l_genbin4_recobin0 acc 0.0229 eff 0.0218 outinratio 0.0396 

ZH124_4e_TCjmax_pT4l_genbin4_recobin0 acc 0.0275 eff 0.0194 outinratio 0.0565 

ttH124_4e_TCjmax_pT4l_genbin4_recobin0 acc 0.0131 eff 0.0 outinratio 0.0 

ggH124_4e_TCjmax_pT4l_genbin5_recobin0 acc 0.0138 eff 0.0 outinratio 0.0051 

VBFH124_4e_TCjmax_pT4l_genbin5_recobin0 acc 0.0654 eff 0.0 outinratio 0.0062 

WminusH124_4e_TCjmax_pT4l_genbin5_recobin0 acc 0.0231 eff 0.012 outinratio 0.0496 

WplusH124_4e_TCjmax_pT4l_genbin5_recobin0 acc 0.02 eff 0.019 outinratio 0.0396 

ZH124_4e_TCjmax_pT4l_genbin5_recobin0 acc 0.0243 eff 0.0118 outinratio 0.0565 

ttH124_4e_TCjmax_pT4l_genbin5_recobin0 acc 0.0124 eff 0.0 outinratio 0.0 

ggH124_4e_TCjmax_pT4l_genbin6_recobin0 acc 0.0107 eff 0.0 outinratio 0.0051 

VBFH124_4e_TCjmax_pT4l_genbin6_recobin0 acc 0.0778 eff 0.0078 outinratio 0.0062 

WminusH124_4e_TCjmax_pT4l_genbin6_recobin0 acc 0.0209 eff 0.0086 outinratio 0.0496 

WplusH124_4e_TCjmax_pT4l_genbin6_recobin0 acc 0.0146 eff 0.0125 outinratio 0.0396 

ZH124_4e_TCjmax_pT4l_genbin6_recobin0 acc 0.0141 eff 0.0532 outinratio 0.0565 

ttH124_4e_TCjmax_pT4l_genbin6_recobin0 acc 0.02 eff 0.0 outinratio 0.0 

ggH124_4e_TCjmax_pT4l_genbin7_recobin0 acc 0.0252 eff 0.0 outinratio 0.0051 

VBFH124_4e_TCjmax_pT4l_genbin7_recobin0 acc 0.0638 eff 0.0114 outinratio 0.0062 

WminusH124_4e_TCjmax_pT4l_genbin7_recobin0 acc 0.11 eff 0.0024 outinratio 0.0496 

WplusH124_4e_TCjmax_pT4l_genbin7_recobin0 acc 0.1086 eff 0.0034 outinratio 0.0396 

ZH124_4e_TCjmax_pT4l_genbin7_recobin0 acc 0.1188 eff 0.0008 outinratio 0.0565 

ttH124_4e_TCjmax_pT4l_genbin7_recobin0 acc 0.326 eff 0.0 outinratio 0.0 

ggH124_4e_TCjmax_pT4l_genbin8_recobin0 acc 0.003 eff 0.0638 outinratio 0.0051 

VBFH124_4e_TCjmax_pT4l_genbin8_recobin0 acc 0.0057 eff 0.0 outinratio 0.0062 

WminusH124_4e_TCjmax_pT4l_genbin8_recobin0 acc 0.012 eff 0.0 outinratio 0.0496 

WplusH124_4e_TCjmax_pT4l_genbin8_recobin0 acc 0.0155 eff 0.0 outinratio 0.0396 

ZH124_4e_TCjmax_pT4l_genbin8_recobin0 acc 0.0141 eff 0.0 outinratio 0.0565 

ttH124_4e_TCjmax_pT4l_genbin8_recobin0 acc 0.0496 eff 0.0 outinratio 0.0 

ggH124_4e_TCjmax_pT4l_genbin0_recobin1 acc 0.2672 eff 0.0238 outinratio 0.0 

VBFH124_4e_TCjmax_pT4l_genbin0_recobin1 acc 0.0659 eff 0.0277 outinratio 0.0 

WminusH124_4e_TCjmax_pT4l_genbin0_recobin1 acc 0.0916 eff 0.0199 outinratio 0.0264 

WplusH124_4e_TCjmax_pT4l_genbin0_recobin1 acc 0.0817 eff 0.0157 outinratio 0.0354 

ZH124_4e_TCjmax_pT4l_genbin0_recobin1 acc 0.0799 eff 0.0164 outinratio 0.0 

ttH124_4e_TCjmax_pT4l_genbin0_recobin1 acc 0.0034 eff -1.0 outinratio 0.0 

ggH124_4e_TCjmax_pT4l_genbin1_recobin1 acc 0.018 eff 0.1979 outinratio 0.0 

VBFH124_4e_TCjmax_pT4l_genbin1_recobin1 acc 0.0322 eff 0.2778 outinratio 0.0 

WminusH124_4e_TCjmax_pT4l_genbin1_recobin1 acc 0.0259 eff 0.2507 outinratio 0.0264 

WplusH124_4e_TCjmax_pT4l_genbin1_recobin1 acc 0.0262 eff 0.2449 outinratio 0.0354 

ZH124_4e_TCjmax_pT4l_genbin1_recobin1 acc 0.0246 eff 0.2622 outinratio 0.0 

ttH124_4e_TCjmax_pT4l_genbin1_recobin1 acc 0.0138 eff 0.1374 outinratio 0.0 

ggH124_4e_TCjmax_pT4l_genbin2_recobin1 acc 0.0325 eff 0.0172 outinratio 0.0 

VBFH124_4e_TCjmax_pT4l_genbin2_recobin1 acc 0.0389 eff 0.0 outinratio 0.0 

WminusH124_4e_TCjmax_pT4l_genbin2_recobin1 acc 0.0317 eff 0.0102 outinratio 0.0264 

WplusH124_4e_TCjmax_pT4l_genbin2_recobin1 acc 0.0318 eff 0.0143 outinratio 0.0354 

ZH124_4e_TCjmax_pT4l_genbin2_recobin1 acc 0.0331 eff 0.0174 outinratio 0.0 

ttH124_4e_TCjmax_pT4l_genbin2_recobin1 acc 0.009 eff 0.0 outinratio 0.0 

ggH124_4e_TCjmax_pT4l_genbin3_recobin1 acc 0.0231 eff 0.0 outinratio 0.0 

VBFH124_4e_TCjmax_pT4l_genbin3_recobin1 acc 0.0405 eff 0.0 outinratio 0.0 

WminusH124_4e_TCjmax_pT4l_genbin3_recobin1 acc 0.0283 eff 0.0 outinratio 0.0264 

WplusH124_4e_TCjmax_pT4l_genbin3_recobin1 acc 0.0254 eff 0.0 outinratio 0.0354 

ZH124_4e_TCjmax_pT4l_genbin3_recobin1 acc 0.0243 eff 0.0 outinratio 0.0 

ttH124_4e_TCjmax_pT4l_genbin3_recobin1 acc 0.009 eff 0.0 outinratio 0.0 

ggH124_4e_TCjmax_pT4l_genbin4_recobin1 acc 0.0167 eff 0.0 outinratio 0.0 

VBFH124_4e_TCjmax_pT4l_genbin4_recobin1 acc 0.0592 eff 0.0 outinratio 0.0 

WminusH124_4e_TCjmax_pT4l_genbin4_recobin1 acc 0.027 eff 0.0 outinratio 0.0264 

WplusH124_4e_TCjmax_pT4l_genbin4_recobin1 acc 0.0229 eff 0.0 outinratio 0.0354 

ZH124_4e_TCjmax_pT4l_genbin4_recobin1 acc 0.0275 eff 0.0 outinratio 0.0 

ttH124_4e_TCjmax_pT4l_genbin4_recobin1 acc 0.0131 eff 0.0 outinratio 0.0 

ggH124_4e_TCjmax_pT4l_genbin5_recobin1 acc 0.0138 eff 0.0 outinratio 0.0 

VBFH124_4e_TCjmax_pT4l_genbin5_recobin1 acc 0.0654 eff 0.0 outinratio 0.0 

WminusH124_4e_TCjmax_pT4l_genbin5_recobin1 acc 0.0231 eff 0.0 outinratio 0.0264 

WplusH124_4e_TCjmax_pT4l_genbin5_recobin1 acc 0.02 eff 0.0 outinratio 0.0354 

ZH124_4e_TCjmax_pT4l_genbin5_recobin1 acc 0.0243 eff 0.0 outinratio 0.0 

ttH124_4e_TCjmax_pT4l_genbin5_recobin1 acc 0.0124 eff 0.0 outinratio 0.0 

ggH124_4e_TCjmax_pT4l_genbin6_recobin1 acc 0.0107 eff 0.0 outinratio 0.0 

VBFH124_4e_TCjmax_pT4l_genbin6_recobin1 acc 0.0778 eff 0.0 outinratio 0.0 

WminusH124_4e_TCjmax_pT4l_genbin6_recobin1 acc 0.0209 eff 0.0 outinratio 0.0264 

WplusH124_4e_TCjmax_pT4l_genbin6_recobin1 acc 0.0146 eff 0.0 outinratio 0.0354 

ZH124_4e_TCjmax_pT4l_genbin6_recobin1 acc 0.0141 eff 0.0 outinratio 0.0 

ttH124_4e_TCjmax_pT4l_genbin6_recobin1 acc 0.02 eff 0.0 outinratio 0.0 

ggH124_4e_TCjmax_pT4l_genbin7_recobin1 acc 0.0252 eff 0.0 outinratio 0.0 

VBFH124_4e_TCjmax_pT4l_genbin7_recobin1 acc 0.0638 eff 0.0 outinratio 0.0 

WminusH124_4e_TCjmax_pT4l_genbin7_recobin1 acc 0.11 eff 0.0005 outinratio 0.0264 

WplusH124_4e_TCjmax_pT4l_genbin7_recobin1 acc 0.1086 eff 0.0026 outinratio 0.0354 

ZH124_4e_TCjmax_pT4l_genbin7_recobin1 acc 0.1188 eff 0.0 outinratio 0.0 

ttH124_4e_TCjmax_pT4l_genbin7_recobin1 acc 0.326 eff 0.0 outinratio 0.0 

ggH124_4e_TCjmax_pT4l_genbin8_recobin1 acc 0.003 eff 0.0 outinratio 0.0 

VBFH124_4e_TCjmax_pT4l_genbin8_recobin1 acc 0.0057 eff 0.0 outinratio 0.0 

WminusH124_4e_TCjmax_pT4l_genbin8_recobin1 acc 0.012 eff 0.0 outinratio 0.0264 

WplusH124_4e_TCjmax_pT4l_genbin8_recobin1 acc 0.0155 eff 0.0 outinratio 0.0354 

ZH124_4e_TCjmax_pT4l_genbin8_recobin1 acc 0.0141 eff 0.0 outinratio 0.0 

ttH124_4e_TCjmax_pT4l_genbin8_recobin1 acc 0.0496 eff 0.0 outinratio 0.0 

ggH124_4e_TCjmax_pT4l_genbin0_recobin2 acc 0.2672 eff 0.0135 outinratio 0.0254 

VBFH124_4e_TCjmax_pT4l_genbin0_recobin2 acc 0.0659 eff 0.0303 outinratio 0.0521 

WminusH124_4e_TCjmax_pT4l_genbin0_recobin2 acc 0.0916 eff 0.0167 outinratio 0.0236 

WplusH124_4e_TCjmax_pT4l_genbin0_recobin2 acc 0.0817 eff 0.0211 outinratio 0.0389 

ZH124_4e_TCjmax_pT4l_genbin0_recobin2 acc 0.0799 eff 0.0036 outinratio 0.0467 

ttH124_4e_TCjmax_pT4l_genbin0_recobin2 acc 0.0034 eff -1.0 outinratio 0.0 

ggH124_4e_TCjmax_pT4l_genbin1_recobin2 acc 0.018 eff 0.0158 outinratio 0.0254 

VBFH124_4e_TCjmax_pT4l_genbin1_recobin2 acc 0.0322 eff 0.0235 outinratio 0.0521 

WminusH124_4e_TCjmax_pT4l_genbin1_recobin2 acc 0.0259 eff 0.0054 outinratio 0.0236 

WplusH124_4e_TCjmax_pT4l_genbin1_recobin2 acc 0.0262 eff 0.005 outinratio 0.0389 

ZH124_4e_TCjmax_pT4l_genbin1_recobin2 acc 0.0246 eff 0.0161 outinratio 0.0467 

ttH124_4e_TCjmax_pT4l_genbin1_recobin2 acc 0.0138 eff 0.0 outinratio 0.0 

ggH124_4e_TCjmax_pT4l_genbin2_recobin2 acc 0.0325 eff 0.2295 outinratio 0.0254 

VBFH124_4e_TCjmax_pT4l_genbin2_recobin2 acc 0.0389 eff 0.2528 outinratio 0.0521 

WminusH124_4e_TCjmax_pT4l_genbin2_recobin2 acc 0.0317 eff 0.3017 outinratio 0.0236 

WplusH124_4e_TCjmax_pT4l_genbin2_recobin2 acc 0.0318 eff 0.2397 outinratio 0.0389 

ZH124_4e_TCjmax_pT4l_genbin2_recobin2 acc 0.0331 eff 0.201 outinratio 0.0467 

ttH124_4e_TCjmax_pT4l_genbin2_recobin2 acc 0.009 eff 0.0 outinratio 0.0 

ggH124_4e_TCjmax_pT4l_genbin3_recobin2 acc 0.0231 eff 0.0162 outinratio 0.0254 

VBFH124_4e_TCjmax_pT4l_genbin3_recobin2 acc 0.0405 eff 0.0069 outinratio 0.0521 

WminusH124_4e_TCjmax_pT4l_genbin3_recobin2 acc 0.0283 eff 0.0327 outinratio 0.0236 

WplusH124_4e_TCjmax_pT4l_genbin3_recobin2 acc 0.0254 eff 0.0187 outinratio 0.0389 

ZH124_4e_TCjmax_pT4l_genbin3_recobin2 acc 0.0243 eff 0.0206 outinratio 0.0467 

ttH124_4e_TCjmax_pT4l_genbin3_recobin2 acc 0.009 eff 0.0 outinratio 0.0 

ggH124_4e_TCjmax_pT4l_genbin4_recobin2 acc 0.0167 eff 0.0 outinratio 0.0254 

VBFH124_4e_TCjmax_pT4l_genbin4_recobin2 acc 0.0592 eff 0.0 outinratio 0.0521 

WminusH124_4e_TCjmax_pT4l_genbin4_recobin2 acc 0.027 eff 0.0 outinratio 0.0236 

WplusH124_4e_TCjmax_pT4l_genbin4_recobin2 acc 0.0229 eff 0.0 outinratio 0.0389 

ZH124_4e_TCjmax_pT4l_genbin4_recobin2 acc 0.0275 eff 0.0 outinratio 0.0467 

ttH124_4e_TCjmax_pT4l_genbin4_recobin2 acc 0.0131 eff 0.0 outinratio 0.0 

ggH124_4e_TCjmax_pT4l_genbin5_recobin2 acc 0.0138 eff 0.0 outinratio 0.0254 

VBFH124_4e_TCjmax_pT4l_genbin5_recobin2 acc 0.0654 eff 0.0 outinratio 0.0521 

WminusH124_4e_TCjmax_pT4l_genbin5_recobin2 acc 0.0231 eff 0.0 outinratio 0.0236 

WplusH124_4e_TCjmax_pT4l_genbin5_recobin2 acc 0.02 eff 0.0 outinratio 0.0389 

ZH124_4e_TCjmax_pT4l_genbin5_recobin2 acc 0.0243 eff 0.0 outinratio 0.0467 

ttH124_4e_TCjmax_pT4l_genbin5_recobin2 acc 0.0124 eff 0.0 outinratio 0.0 

ggH124_4e_TCjmax_pT4l_genbin6_recobin2 acc 0.0107 eff 0.0 outinratio 0.0254 

VBFH124_4e_TCjmax_pT4l_genbin6_recobin2 acc 0.0778 eff 0.0 outinratio 0.0521 

WminusH124_4e_TCjmax_pT4l_genbin6_recobin2 acc 0.0209 eff 0.0 outinratio 0.0236 

WplusH124_4e_TCjmax_pT4l_genbin6_recobin2 acc 0.0146 eff 0.0 outinratio 0.0389 

ZH124_4e_TCjmax_pT4l_genbin6_recobin2 acc 0.0141 eff 0.0 outinratio 0.0467 

ttH124_4e_TCjmax_pT4l_genbin6_recobin2 acc 0.02 eff 0.0 outinratio 0.0 

ggH124_4e_TCjmax_pT4l_genbin7_recobin2 acc 0.0252 eff 0.0 outinratio 0.0254 

VBFH124_4e_TCjmax_pT4l_genbin7_recobin2 acc 0.0638 eff 0.0 outinratio 0.0521 

WminusH124_4e_TCjmax_pT4l_genbin7_recobin2 acc 0.11 eff 0.0023 outinratio 0.0236 

WplusH124_4e_TCjmax_pT4l_genbin7_recobin2 acc 0.1086 eff 0.0029 outinratio 0.0389 

ZH124_4e_TCjmax_pT4l_genbin7_recobin2 acc 0.1188 eff 0.0041 outinratio 0.0467 

ttH124_4e_TCjmax_pT4l_genbin7_recobin2 acc 0.326 eff 0.0 outinratio 0.0 

ggH124_4e_TCjmax_pT4l_genbin8_recobin2 acc 0.003 eff 0.0 outinratio 0.0254 

VBFH124_4e_TCjmax_pT4l_genbin8_recobin2 acc 0.0057 eff 0.0 outinratio 0.0521 

WminusH124_4e_TCjmax_pT4l_genbin8_recobin2 acc 0.012 eff 0.0 outinratio 0.0236 

WplusH124_4e_TCjmax_pT4l_genbin8_recobin2 acc 0.0155 eff 0.0 outinratio 0.0389 

ZH124_4e_TCjmax_pT4l_genbin8_recobin2 acc 0.0141 eff 0.0 outinratio 0.0467 

ttH124_4e_TCjmax_pT4l_genbin8_recobin2 acc 0.0496 eff 0.0 outinratio 0.0 

ggH124_4e_TCjmax_pT4l_genbin0_recobin3 acc 0.2672 eff 0.0035 outinratio 0.0251 

VBFH124_4e_TCjmax_pT4l_genbin0_recobin3 acc 0.0659 eff 0.0388 outinratio 0.0 

WminusH124_4e_TCjmax_pT4l_genbin0_recobin3 acc 0.0916 eff 0.0043 outinratio 0.0 

WplusH124_4e_TCjmax_pT4l_genbin0_recobin3 acc 0.0817 eff 0.0112 outinratio 0.0375 

ZH124_4e_TCjmax_pT4l_genbin0_recobin3 acc 0.0799 eff 0.0005 outinratio 0.0478 

ttH124_4e_TCjmax_pT4l_genbin0_recobin3 acc 0.0034 eff -1.0 outinratio 0.2944 

ggH124_4e_TCjmax_pT4l_genbin1_recobin3 acc 0.018 eff 0.0 outinratio 0.0251 

VBFH124_4e_TCjmax_pT4l_genbin1_recobin3 acc 0.0322 eff 0.0 outinratio 0.0 

WminusH124_4e_TCjmax_pT4l_genbin1_recobin3 acc 0.0259 eff 0.0 outinratio 0.0 

WplusH124_4e_TCjmax_pT4l_genbin1_recobin3 acc 0.0262 eff 0.0026 outinratio 0.0375 

ZH124_4e_TCjmax_pT4l_genbin1_recobin3 acc 0.0246 eff 0.0 outinratio 0.0478 

ttH124_4e_TCjmax_pT4l_genbin1_recobin3 acc 0.0138 eff 0.0 outinratio 0.2944 

ggH124_4e_TCjmax_pT4l_genbin2_recobin3 acc 0.0325 eff 0.0095 outinratio 0.0251 

VBFH124_4e_TCjmax_pT4l_genbin2_recobin3 acc 0.0389 eff 0.0071 outinratio 0.0 

WminusH124_4e_TCjmax_pT4l_genbin2_recobin3 acc 0.0317 eff 0.0078 outinratio 0.0 

WplusH124_4e_TCjmax_pT4l_genbin2_recobin3 acc 0.0318 eff 0.0064 outinratio 0.0375 

ZH124_4e_TCjmax_pT4l_genbin2_recobin3 acc 0.0331 eff 0.0068 outinratio 0.0478 

ttH124_4e_TCjmax_pT4l_genbin2_recobin3 acc 0.009 eff 0.0 outinratio 0.2944 

ggH124_4e_TCjmax_pT4l_genbin3_recobin3 acc 0.0231 eff 0.2061 outinratio 0.0251 

VBFH124_4e_TCjmax_pT4l_genbin3_recobin3 acc 0.0405 eff 0.3663 outinratio 0.0 

WminusH124_4e_TCjmax_pT4l_genbin3_recobin3 acc 0.0283 eff 0.2448 outinratio 0.0 

WplusH124_4e_TCjmax_pT4l_genbin3_recobin3 acc 0.0254 eff 0.2627 outinratio 0.0375 

ZH124_4e_TCjmax_pT4l_genbin3_recobin3 acc 0.0243 eff 0.2715 outinratio 0.0478 

ttH124_4e_TCjmax_pT4l_genbin3_recobin3 acc 0.009 eff 0.1998 outinratio 0.2944 

ggH124_4e_TCjmax_pT4l_genbin4_recobin3 acc 0.0167 eff 0.0327 outinratio 0.0251 

VBFH124_4e_TCjmax_pT4l_genbin4_recobin3 acc 0.0592 eff 0.0204 outinratio 0.0 

WminusH124_4e_TCjmax_pT4l_genbin4_recobin3 acc 0.027 eff 0.0289 outinratio 0.0 

WplusH124_4e_TCjmax_pT4l_genbin4_recobin3 acc 0.0229 eff 0.0209 outinratio 0.0375 

ZH124_4e_TCjmax_pT4l_genbin4_recobin3 acc 0.0275 eff 0.0302 outinratio 0.0478 

ttH124_4e_TCjmax_pT4l_genbin4_recobin3 acc 0.0131 eff 0.034 outinratio 0.2944 

ggH124_4e_TCjmax_pT4l_genbin5_recobin3 acc 0.0138 eff 0.0 outinratio 0.0251 

VBFH124_4e_TCjmax_pT4l_genbin5_recobin3 acc 0.0654 eff 0.0 outinratio 0.0 

WminusH124_4e_TCjmax_pT4l_genbin5_recobin3 acc 0.0231 eff 0.0 outinratio 0.0 

WplusH124_4e_TCjmax_pT4l_genbin5_recobin3 acc 0.02 eff 0.0 outinratio 0.0375 

ZH124_4e_TCjmax_pT4l_genbin5_recobin3 acc 0.0243 eff 0.0 outinratio 0.0478 

ttH124_4e_TCjmax_pT4l_genbin5_recobin3 acc 0.0124 eff 0.0 outinratio 0.2944 

ggH124_4e_TCjmax_pT4l_genbin6_recobin3 acc 0.0107 eff 0.0 outinratio 0.0251 

VBFH124_4e_TCjmax_pT4l_genbin6_recobin3 acc 0.0778 eff 0.0 outinratio 0.0 

WminusH124_4e_TCjmax_pT4l_genbin6_recobin3 acc 0.0209 eff 0.0 outinratio 0.0 

WplusH124_4e_TCjmax_pT4l_genbin6_recobin3 acc 0.0146 eff 0.0 outinratio 0.0375 

ZH124_4e_TCjmax_pT4l_genbin6_recobin3 acc 0.0141 eff 0.0 outinratio 0.0478 

ttH124_4e_TCjmax_pT4l_genbin6_recobin3 acc 0.02 eff 0.0 outinratio 0.2944 

ggH124_4e_TCjmax_pT4l_genbin7_recobin3 acc 0.0252 eff 0.0184 outinratio 0.0251 

VBFH124_4e_TCjmax_pT4l_genbin7_recobin3 acc 0.0638 eff 0.0 outinratio 0.0 

WminusH124_4e_TCjmax_pT4l_genbin7_recobin3 acc 0.11 eff 0.0061 outinratio 0.0 

WplusH124_4e_TCjmax_pT4l_genbin7_recobin3 acc 0.1086 eff 0.0008 outinratio 0.0375 

ZH124_4e_TCjmax_pT4l_genbin7_recobin3 acc 0.1188 eff 0.0067 outinratio 0.0478 

ttH124_4e_TCjmax_pT4l_genbin7_recobin3 acc 0.326 eff 0.0025 outinratio 0.2944 

ggH124_4e_TCjmax_pT4l_genbin8_recobin3 acc 0.003 eff 0.0 outinratio 0.0251 

VBFH124_4e_TCjmax_pT4l_genbin8_recobin3 acc 0.0057 eff 0.0 outinratio 0.0 

WminusH124_4e_TCjmax_pT4l_genbin8_recobin3 acc 0.012 eff 0.0 outinratio 0.0 

WplusH124_4e_TCjmax_pT4l_genbin8_recobin3 acc 0.0155 eff 0.0 outinratio 0.0375 

ZH124_4e_TCjmax_pT4l_genbin8_recobin3 acc 0.0141 eff 0.0 outinratio 0.0478 

ttH124_4e_TCjmax_pT4l_genbin8_recobin3 acc 0.0496 eff 0.0 outinratio 0.2944 

ggH124_4e_TCjmax_pT4l_genbin0_recobin4 acc 0.2672 eff 0.0003 outinratio 0.0 

VBFH124_4e_TCjmax_pT4l_genbin0_recobin4 acc 0.0659 eff 0.0232 outinratio 0.0 

WminusH124_4e_TCjmax_pT4l_genbin0_recobin4 acc 0.0916 eff 0.0155 outinratio 0.0181 

WplusH124_4e_TCjmax_pT4l_genbin0_recobin4 acc 0.0817 eff 0.0089 outinratio 0.0324 

ZH124_4e_TCjmax_pT4l_genbin0_recobin4 acc 0.0799 eff 0.0068 outinratio 0.0524 

ttH124_4e_TCjmax_pT4l_genbin0_recobin4 acc 0.0034 eff -1.0 outinratio 0.0 

ggH124_4e_TCjmax_pT4l_genbin1_recobin4 acc 0.018 eff 0.0 outinratio 0.0 

VBFH124_4e_TCjmax_pT4l_genbin1_recobin4 acc 0.0322 eff 0.0 outinratio 0.0 

WminusH124_4e_TCjmax_pT4l_genbin1_recobin4 acc 0.0259 eff 0.0 outinratio 0.0181 

WplusH124_4e_TCjmax_pT4l_genbin1_recobin4 acc 0.0262 eff 0.0 outinratio 0.0324 

ZH124_4e_TCjmax_pT4l_genbin1_recobin4 acc 0.0246 eff 0.0 outinratio 0.0524 

ttH124_4e_TCjmax_pT4l_genbin1_recobin4 acc 0.0138 eff 0.0 outinratio 0.0 

ggH124_4e_TCjmax_pT4l_genbin2_recobin4 acc 0.0325 eff 0.0 outinratio 0.0 

VBFH124_4e_TCjmax_pT4l_genbin2_recobin4 acc 0.0389 eff 0.0 outinratio 0.0 

WminusH124_4e_TCjmax_pT4l_genbin2_recobin4 acc 0.0317 eff 0.0 outinratio 0.0181 

WplusH124_4e_TCjmax_pT4l_genbin2_recobin4 acc 0.0318 eff 0.0 outinratio 0.0324 

ZH124_4e_TCjmax_pT4l_genbin2_recobin4 acc 0.0331 eff 0.0 outinratio 0.0524 

ttH124_4e_TCjmax_pT4l_genbin2_recobin4 acc 0.009 eff 0.0 outinratio 0.0 

ggH124_4e_TCjmax_pT4l_genbin3_recobin4 acc 0.0231 eff 0.0105 outinratio 0.0 

VBFH124_4e_TCjmax_pT4l_genbin3_recobin4 acc 0.0405 eff 0.0 outinratio 0.0 

WminusH124_4e_TCjmax_pT4l_genbin3_recobin4 acc 0.0283 eff 0.005 outinratio 0.0181 

WplusH124_4e_TCjmax_pT4l_genbin3_recobin4 acc 0.0254 eff 0.0107 outinratio 0.0324 

ZH124_4e_TCjmax_pT4l_genbin3_recobin4 acc 0.0243 eff 0.0049 outinratio 0.0524 

ttH124_4e_TCjmax_pT4l_genbin3_recobin4 acc 0.009 eff 0.025 outinratio 0.0 

ggH124_4e_TCjmax_pT4l_genbin4_recobin4 acc 0.0167 eff 0.3425 outinratio 0.0 

VBFH124_4e_TCjmax_pT4l_genbin4_recobin4 acc 0.0592 eff 0.3091 outinratio 0.0 

WminusH124_4e_TCjmax_pT4l_genbin4_recobin4 acc 0.027 eff 0.2166 outinratio 0.0181 

WplusH124_4e_TCjmax_pT4l_genbin4_recobin4 acc 0.0229 eff 0.2404 outinratio 0.0324 

ZH124_4e_TCjmax_pT4l_genbin4_recobin4 acc 0.0275 eff 0.2795 outinratio 0.0524 

ttH124_4e_TCjmax_pT4l_genbin4_recobin4 acc 0.0131 eff 0.2252 outinratio 0.0 

ggH124_4e_TCjmax_pT4l_genbin5_recobin4 acc 0.0138 eff 0.0346 outinratio 0.0 

VBFH124_4e_TCjmax_pT4l_genbin5_recobin4 acc 0.0654 eff 0.0228 outinratio 0.0 

WminusH124_4e_TCjmax_pT4l_genbin5_recobin4 acc 0.0231 eff 0.0245 outinratio 0.0181 

WplusH124_4e_TCjmax_pT4l_genbin5_recobin4 acc 0.02 eff 0.0026 outinratio 0.0324 

ZH124_4e_TCjmax_pT4l_genbin5_recobin4 acc 0.0243 eff 0.0036 outinratio 0.0524 

ttH124_4e_TCjmax_pT4l_genbin5_recobin4 acc 0.0124 eff 0.0 outinratio 0.0 

ggH124_4e_TCjmax_pT4l_genbin6_recobin4 acc 0.0107 eff 0.0 outinratio 0.0 

VBFH124_4e_TCjmax_pT4l_genbin6_recobin4 acc 0.0778 eff 0.0 outinratio 0.0 

WminusH124_4e_TCjmax_pT4l_genbin6_recobin4 acc 0.0209 eff 0.0 outinratio 0.0181 

WplusH124_4e_TCjmax_pT4l_genbin6_recobin4 acc 0.0146 eff 0.0 outinratio 0.0324 

ZH124_4e_TCjmax_pT4l_genbin6_recobin4 acc 0.0141 eff 0.0 outinratio 0.0524 

ttH124_4e_TCjmax_pT4l_genbin6_recobin4 acc 0.02 eff 0.0 outinratio 0.0 

ggH124_4e_TCjmax_pT4l_genbin7_recobin4 acc 0.0252 eff 0.0136 outinratio 0.0 

VBFH124_4e_TCjmax_pT4l_genbin7_recobin4 acc 0.0638 eff 0.0 outinratio 0.0 

WminusH124_4e_TCjmax_pT4l_genbin7_recobin4 acc 0.11 eff -0.0 outinratio 0.0181 

WplusH124_4e_TCjmax_pT4l_genbin7_recobin4 acc 0.1086 eff 0.0035 outinratio 0.0324 

ZH124_4e_TCjmax_pT4l_genbin7_recobin4 acc 0.1188 eff 0.007 outinratio 0.0524 

ttH124_4e_TCjmax_pT4l_genbin7_recobin4 acc 0.326 eff 0.0021 outinratio 0.0 

ggH124_4e_TCjmax_pT4l_genbin8_recobin4 acc 0.003 eff 0.0 outinratio 0.0 

VBFH124_4e_TCjmax_pT4l_genbin8_recobin4 acc 0.0057 eff 0.0 outinratio 0.0 

WminusH124_4e_TCjmax_pT4l_genbin8_recobin4 acc 0.012 eff 0.0 outinratio 0.0181 

WplusH124_4e_TCjmax_pT4l_genbin8_recobin4 acc 0.0155 eff 0.0 outinratio 0.0324 

ZH124_4e_TCjmax_pT4l_genbin8_recobin4 acc 0.0141 eff 0.0 outinratio 0.0524 

ttH124_4e_TCjmax_pT4l_genbin8_recobin4 acc 0.0496 eff 0.0 outinratio 0.0 

ggH124_4e_TCjmax_pT4l_genbin0_recobin5 acc 0.2672 eff 0.0 outinratio 0.0261 

VBFH124_4e_TCjmax_pT4l_genbin0_recobin5 acc 0.0659 eff 0.0116 outinratio 0.0102 

WminusH124_4e_TCjmax_pT4l_genbin0_recobin5 acc 0.0916 eff 0.0106 outinratio 0.0364 

WplusH124_4e_TCjmax_pT4l_genbin0_recobin5 acc 0.0817 eff 0.0107 outinratio 0.0192 

ZH124_4e_TCjmax_pT4l_genbin0_recobin5 acc 0.0799 eff 0.0103 outinratio 0.0628 

ttH124_4e_TCjmax_pT4l_genbin0_recobin5 acc 0.0034 eff -1.0 outinratio 0.0 

ggH124_4e_TCjmax_pT4l_genbin1_recobin5 acc 0.018 eff 0.0 outinratio 0.0261 

VBFH124_4e_TCjmax_pT4l_genbin1_recobin5 acc 0.0322 eff 0.0 outinratio 0.0102 

WminusH124_4e_TCjmax_pT4l_genbin1_recobin5 acc 0.0259 eff 0.0 outinratio 0.0364 

WplusH124_4e_TCjmax_pT4l_genbin1_recobin5 acc 0.0262 eff 0.0 outinratio 0.0192 

ZH124_4e_TCjmax_pT4l_genbin1_recobin5 acc 0.0246 eff 0.0 outinratio 0.0628 

ttH124_4e_TCjmax_pT4l_genbin1_recobin5 acc 0.0138 eff 0.0 outinratio 0.0 

ggH124_4e_TCjmax_pT4l_genbin2_recobin5 acc 0.0325 eff 0.0 outinratio 0.0261 

VBFH124_4e_TCjmax_pT4l_genbin2_recobin5 acc 0.0389 eff 0.0 outinratio 0.0102 

WminusH124_4e_TCjmax_pT4l_genbin2_recobin5 acc 0.0317 eff 0.0 outinratio 0.0364 

WplusH124_4e_TCjmax_pT4l_genbin2_recobin5 acc 0.0318 eff 0.0 outinratio 0.0192 

ZH124_4e_TCjmax_pT4l_genbin2_recobin5 acc 0.0331 eff 0.0 outinratio 0.0628 

ttH124_4e_TCjmax_pT4l_genbin2_recobin5 acc 0.009 eff 0.0 outinratio 0.0 

ggH124_4e_TCjmax_pT4l_genbin3_recobin5 acc 0.0231 eff 0.0 outinratio 0.0261 

VBFH124_4e_TCjmax_pT4l_genbin3_recobin5 acc 0.0405 eff 0.0 outinratio 0.0102 

WminusH124_4e_TCjmax_pT4l_genbin3_recobin5 acc 0.0283 eff 0.0 outinratio 0.0364 

WplusH124_4e_TCjmax_pT4l_genbin3_recobin5 acc 0.0254 eff 0.0 outinratio 0.0192 

ZH124_4e_TCjmax_pT4l_genbin3_recobin5 acc 0.0243 eff 0.0 outinratio 0.0628 

ttH124_4e_TCjmax_pT4l_genbin3_recobin5 acc 0.009 eff 0.0 outinratio 0.0 

ggH124_4e_TCjmax_pT4l_genbin4_recobin5 acc 0.0167 eff 0.0164 outinratio 0.0261 

VBFH124_4e_TCjmax_pT4l_genbin4_recobin5 acc 0.0592 eff 0.0 outinratio 0.0102 

WminusH124_4e_TCjmax_pT4l_genbin4_recobin5 acc 0.027 eff 0.0 outinratio 0.0364 

WplusH124_4e_TCjmax_pT4l_genbin4_recobin5 acc 0.0229 eff 0.007 outinratio 0.0192 

ZH124_4e_TCjmax_pT4l_genbin4_recobin5 acc 0.0275 eff 0.0101 outinratio 0.0628 

ttH124_4e_TCjmax_pT4l_genbin4_recobin5 acc 0.0131 eff 0.0 outinratio 0.0 

ggH124_4e_TCjmax_pT4l_genbin5_recobin5 acc 0.0138 eff 0.3776 outinratio 0.0261 

VBFH124_4e_TCjmax_pT4l_genbin5_recobin5 acc 0.0654 eff 0.3191 outinratio 0.0102 

WminusH124_4e_TCjmax_pT4l_genbin5_recobin5 acc 0.0231 eff 0.2558 outinratio 0.0364 

WplusH124_4e_TCjmax_pT4l_genbin5_recobin5 acc 0.02 eff 0.2848 outinratio 0.0192 

ZH124_4e_TCjmax_pT4l_genbin5_recobin5 acc 0.0243 eff 0.292 outinratio 0.0628 

ttH124_4e_TCjmax_pT4l_genbin5_recobin5 acc 0.0124 eff 0.1215 outinratio 0.0 

ggH124_4e_TCjmax_pT4l_genbin6_recobin5 acc 0.0107 eff 0.0124 outinratio 0.0261 

VBFH124_4e_TCjmax_pT4l_genbin6_recobin5 acc 0.0778 eff 0.0 outinratio 0.0102 

WminusH124_4e_TCjmax_pT4l_genbin6_recobin5 acc 0.0209 eff 0.0344 outinratio 0.0364 

WplusH124_4e_TCjmax_pT4l_genbin6_recobin5 acc 0.0146 eff 0.0175 outinratio 0.0192 

ZH124_4e_TCjmax_pT4l_genbin6_recobin5 acc 0.0141 eff 0.0 outinratio 0.0628 

ttH124_4e_TCjmax_pT4l_genbin6_recobin5 acc 0.02 eff 0.0263 outinratio 0.0 

ggH124_4e_TCjmax_pT4l_genbin7_recobin5 acc 0.0252 eff 0.0143 outinratio 0.0261 

VBFH124_4e_TCjmax_pT4l_genbin7_recobin5 acc 0.0638 eff 0.0122 outinratio 0.0102 

WminusH124_4e_TCjmax_pT4l_genbin7_recobin5 acc 0.11 eff 0.0141 outinratio 0.0364 

WplusH124_4e_TCjmax_pT4l_genbin7_recobin5 acc 0.1086 eff 0.007 outinratio 0.0192 

ZH124_4e_TCjmax_pT4l_genbin7_recobin5 acc 0.1188 eff 0.0132 outinratio 0.0628 

ttH124_4e_TCjmax_pT4l_genbin7_recobin5 acc 0.326 eff 0.003 outinratio 0.0 

ggH124_4e_TCjmax_pT4l_genbin8_recobin5 acc 0.003 eff 0.0 outinratio 0.0261 

VBFH124_4e_TCjmax_pT4l_genbin8_recobin5 acc 0.0057 eff 0.0 outinratio 0.0102 

WminusH124_4e_TCjmax_pT4l_genbin8_recobin5 acc 0.012 eff 0.0 outinratio 0.0364 

WplusH124_4e_TCjmax_pT4l_genbin8_recobin5 acc 0.0155 eff 0.0 outinratio 0.0192 

ZH124_4e_TCjmax_pT4l_genbin8_recobin5 acc 0.0141 eff 0.0 outinratio 0.0628 

ttH124_4e_TCjmax_pT4l_genbin8_recobin5 acc 0.0496 eff 0.0 outinratio 0.0 

ggH124_4e_TCjmax_pT4l_genbin0_recobin6 acc 0.2672 eff 0.0 outinratio 0.0 

VBFH124_4e_TCjmax_pT4l_genbin0_recobin6 acc 0.0659 eff 0.0 outinratio 0.0266 

WminusH124_4e_TCjmax_pT4l_genbin0_recobin6 acc 0.0916 eff 0.0068 outinratio 0.0096 

WplusH124_4e_TCjmax_pT4l_genbin0_recobin6 acc 0.0817 eff 0.0106 outinratio 0.0187 

ZH124_4e_TCjmax_pT4l_genbin0_recobin6 acc 0.0799 eff 0.0047 outinratio 0.0833 

ttH124_4e_TCjmax_pT4l_genbin0_recobin6 acc 0.0034 eff -1.0 outinratio 0.0 

ggH124_4e_TCjmax_pT4l_genbin1_recobin6 acc 0.018 eff 0.0 outinratio 0.0 

VBFH124_4e_TCjmax_pT4l_genbin1_recobin6 acc 0.0322 eff 0.0 outinratio 0.0266 

WminusH124_4e_TCjmax_pT4l_genbin1_recobin6 acc 0.0259 eff 0.0 outinratio 0.0096 

WplusH124_4e_TCjmax_pT4l_genbin1_recobin6 acc 0.0262 eff 0.0 outinratio 0.0187 

ZH124_4e_TCjmax_pT4l_genbin1_recobin6 acc 0.0246 eff 0.0 outinratio 0.0833 

ttH124_4e_TCjmax_pT4l_genbin1_recobin6 acc 0.0138 eff 0.0 outinratio 0.0 

ggH124_4e_TCjmax_pT4l_genbin2_recobin6 acc 0.0325 eff 0.0 outinratio 0.0 

VBFH124_4e_TCjmax_pT4l_genbin2_recobin6 acc 0.0389 eff 0.0 outinratio 0.0266 

WminusH124_4e_TCjmax_pT4l_genbin2_recobin6 acc 0.0317 eff 0.0 outinratio 0.0096 

WplusH124_4e_TCjmax_pT4l_genbin2_recobin6 acc 0.0318 eff 0.0 outinratio 0.0187 

ZH124_4e_TCjmax_pT4l_genbin2_recobin6 acc 0.0331 eff 0.0 outinratio 0.0833 

ttH124_4e_TCjmax_pT4l_genbin2_recobin6 acc 0.009 eff 0.0 outinratio 0.0 

ggH124_4e_TCjmax_pT4l_genbin3_recobin6 acc 0.0231 eff 0.0 outinratio 0.0 

VBFH124_4e_TCjmax_pT4l_genbin3_recobin6 acc 0.0405 eff 0.0 outinratio 0.0266 

WminusH124_4e_TCjmax_pT4l_genbin3_recobin6 acc 0.0283 eff 0.0 outinratio 0.0096 

WplusH124_4e_TCjmax_pT4l_genbin3_recobin6 acc 0.0254 eff 0.0 outinratio 0.0187 

ZH124_4e_TCjmax_pT4l_genbin3_recobin6 acc 0.0243 eff 0.0 outinratio 0.0833 

ttH124_4e_TCjmax_pT4l_genbin3_recobin6 acc 0.009 eff 0.0 outinratio 0.0 

ggH124_4e_TCjmax_pT4l_genbin4_recobin6 acc 0.0167 eff 0.0 outinratio 0.0 

VBFH124_4e_TCjmax_pT4l_genbin4_recobin6 acc 0.0592 eff 0.0 outinratio 0.0266 

WminusH124_4e_TCjmax_pT4l_genbin4_recobin6 acc 0.027 eff 0.0 outinratio 0.0096 

WplusH124_4e_TCjmax_pT4l_genbin4_recobin6 acc 0.0229 eff 0.0 outinratio 0.0187 

ZH124_4e_TCjmax_pT4l_genbin4_recobin6 acc 0.0275 eff 0.0 outinratio 0.0833 

ttH124_4e_TCjmax_pT4l_genbin4_recobin6 acc 0.0131 eff 0.0 outinratio 0.0 

ggH124_4e_TCjmax_pT4l_genbin5_recobin6 acc 0.0138 eff 0.0 outinratio 0.0 

VBFH124_4e_TCjmax_pT4l_genbin5_recobin6 acc 0.0654 eff 0.0 outinratio 0.0266 

WminusH124_4e_TCjmax_pT4l_genbin5_recobin6 acc 0.0231 eff 0.0 outinratio 0.0096 

WplusH124_4e_TCjmax_pT4l_genbin5_recobin6 acc 0.02 eff 0.0093 outinratio 0.0187 

ZH124_4e_TCjmax_pT4l_genbin5_recobin6 acc 0.0243 eff 0.0119 outinratio 0.0833 

ttH124_4e_TCjmax_pT4l_genbin5_recobin6 acc 0.0124 eff 0.0 outinratio 0.0 

ggH124_4e_TCjmax_pT4l_genbin6_recobin6 acc 0.0107 eff 0.3986 outinratio 0.0 

VBFH124_4e_TCjmax_pT4l_genbin6_recobin6 acc 0.0778 eff 0.4531 outinratio 0.0266 

WminusH124_4e_TCjmax_pT4l_genbin6_recobin6 acc 0.0209 eff 0.3733 outinratio 0.0096 

WplusH124_4e_TCjmax_pT4l_genbin6_recobin6 acc 0.0146 eff 0.3007 outinratio 0.0187 

ZH124_4e_TCjmax_pT4l_genbin6_recobin6 acc 0.0141 eff 0.4474 outinratio 0.0833 

ttH124_4e_TCjmax_pT4l_genbin6_recobin6 acc 0.02 eff 0.0969 outinratio 0.0 

ggH124_4e_TCjmax_pT4l_genbin7_recobin6 acc 0.0252 eff 0.0038 outinratio 0.0 

VBFH124_4e_TCjmax_pT4l_genbin7_recobin6 acc 0.0638 eff 0.0018 outinratio 0.0266 

WminusH124_4e_TCjmax_pT4l_genbin7_recobin6 acc 0.11 eff 0.0066 outinratio 0.0096 

WplusH124_4e_TCjmax_pT4l_genbin7_recobin6 acc 0.1086 eff 0.0015 outinratio 0.0187 

ZH124_4e_TCjmax_pT4l_genbin7_recobin6 acc 0.1188 eff 0.017 outinratio 0.0833 

ttH124_4e_TCjmax_pT4l_genbin7_recobin6 acc 0.326 eff 0.0025 outinratio 0.0 

ggH124_4e_TCjmax_pT4l_genbin8_recobin6 acc 0.003 eff 0.0 outinratio 0.0 

VBFH124_4e_TCjmax_pT4l_genbin8_recobin6 acc 0.0057 eff 0.0 outinratio 0.0266 

WminusH124_4e_TCjmax_pT4l_genbin8_recobin6 acc 0.012 eff 0.0 outinratio 0.0096 

WplusH124_4e_TCjmax_pT4l_genbin8_recobin6 acc 0.0155 eff 0.0 outinratio 0.0187 

ZH124_4e_TCjmax_pT4l_genbin8_recobin6 acc 0.0141 eff 0.0 outinratio 0.0833 

ttH124_4e_TCjmax_pT4l_genbin8_recobin6 acc 0.0496 eff 0.0 outinratio 0.0 

ggH124_4e_TCjmax_pT4l_genbin0_recobin7 acc 0.2672 eff 0.0002 outinratio 0.0 

VBFH124_4e_TCjmax_pT4l_genbin0_recobin7 acc 0.0659 eff 0.0 outinratio 0.0 

WminusH124_4e_TCjmax_pT4l_genbin0_recobin7 acc 0.0916 eff 0.0114 outinratio 0.0184 

WplusH124_4e_TCjmax_pT4l_genbin0_recobin7 acc 0.0817 eff 0.0144 outinratio 0.0175 

ZH124_4e_TCjmax_pT4l_genbin0_recobin7 acc 0.0799 eff 0.0131 outinratio 0.0408 

ttH124_4e_TCjmax_pT4l_genbin0_recobin7 acc 0.0034 eff -1.0 outinratio 0.0352 

ggH124_4e_TCjmax_pT4l_genbin1_recobin7 acc 0.018 eff 0.0 outinratio 0.0 

VBFH124_4e_TCjmax_pT4l_genbin1_recobin7 acc 0.0322 eff 0.0 outinratio 0.0 

WminusH124_4e_TCjmax_pT4l_genbin1_recobin7 acc 0.0259 eff 0.0141 outinratio 0.0184 

WplusH124_4e_TCjmax_pT4l_genbin1_recobin7 acc 0.0262 eff 0.0137 outinratio 0.0175 

ZH124_4e_TCjmax_pT4l_genbin1_recobin7 acc 0.0246 eff 0.0319 outinratio 0.0408 

ttH124_4e_TCjmax_pT4l_genbin1_recobin7 acc 0.0138 eff 0.1017 outinratio 0.0352 

ggH124_4e_TCjmax_pT4l_genbin2_recobin7 acc 0.0325 eff 0.001 outinratio 0.0 

VBFH124_4e_TCjmax_pT4l_genbin2_recobin7 acc 0.0389 eff 0.0 outinratio 0.0 

WminusH124_4e_TCjmax_pT4l_genbin2_recobin7 acc 0.0317 eff 0.0208 outinratio 0.0184 

WplusH124_4e_TCjmax_pT4l_genbin2_recobin7 acc 0.0318 eff 0.0168 outinratio 0.0175 

ZH124_4e_TCjmax_pT4l_genbin2_recobin7 acc 0.0331 eff 0.0283 outinratio 0.0408 

ttH124_4e_TCjmax_pT4l_genbin2_recobin7 acc 0.009 eff 0.0 outinratio 0.0352 

ggH124_4e_TCjmax_pT4l_genbin3_recobin7 acc 0.0231 eff 0.0 outinratio 0.0 

VBFH124_4e_TCjmax_pT4l_genbin3_recobin7 acc 0.0405 eff 0.0224 outinratio 0.0 

WminusH124_4e_TCjmax_pT4l_genbin3_recobin7 acc 0.0283 eff 0.0259 outinratio 0.0184 

WplusH124_4e_TCjmax_pT4l_genbin3_recobin7 acc 0.0254 eff 0.0657 outinratio 0.0175 

ZH124_4e_TCjmax_pT4l_genbin3_recobin7 acc 0.0243 eff 0.0207 outinratio 0.0408 

ttH124_4e_TCjmax_pT4l_genbin3_recobin7 acc 0.009 eff 0.0 outinratio 0.0352 

ggH124_4e_TCjmax_pT4l_genbin4_recobin7 acc 0.0167 eff 0.0171 outinratio 0.0 

VBFH124_4e_TCjmax_pT4l_genbin4_recobin7 acc 0.0592 eff 0.0341 outinratio 0.0 

WminusH124_4e_TCjmax_pT4l_genbin4_recobin7 acc 0.027 eff 0.0509 outinratio 0.0184 

WplusH124_4e_TCjmax_pT4l_genbin4_recobin7 acc 0.0229 eff 0.048 outinratio 0.0175 

ZH124_4e_TCjmax_pT4l_genbin4_recobin7 acc 0.0275 eff 0.0373 outinratio 0.0408 

ttH124_4e_TCjmax_pT4l_genbin4_recobin7 acc 0.0131 eff 0.0512 outinratio 0.0352 

ggH124_4e_TCjmax_pT4l_genbin5_recobin7 acc 0.0138 eff 0.0273 outinratio 0.0 

VBFH124_4e_TCjmax_pT4l_genbin5_recobin7 acc 0.0654 eff 0.0019 outinratio 0.0 

WminusH124_4e_TCjmax_pT4l_genbin5_recobin7 acc 0.0231 eff 0.0463 outinratio 0.0184 

WplusH124_4e_TCjmax_pT4l_genbin5_recobin7 acc 0.02 eff 0.0451 outinratio 0.0175 

ZH124_4e_TCjmax_pT4l_genbin5_recobin7 acc 0.0243 eff 0.0783 outinratio 0.0408 

ttH124_4e_TCjmax_pT4l_genbin5_recobin7 acc 0.0124 eff 0.0869 outinratio 0.0352 

ggH124_4e_TCjmax_pT4l_genbin6_recobin7 acc 0.0107 eff 0.0 outinratio 0.0 

VBFH124_4e_TCjmax_pT4l_genbin6_recobin7 acc 0.0778 eff 0.0298 outinratio 0.0 

WminusH124_4e_TCjmax_pT4l_genbin6_recobin7 acc 0.0209 eff 0.0695 outinratio 0.0184 

WplusH124_4e_TCjmax_pT4l_genbin6_recobin7 acc 0.0146 eff 0.0842 outinratio 0.0175 

ZH124_4e_TCjmax_pT4l_genbin6_recobin7 acc 0.0141 eff 0.0242 outinratio 0.0408 

ttH124_4e_TCjmax_pT4l_genbin6_recobin7 acc 0.02 eff 0.1492 outinratio 0.0352 

ggH124_4e_TCjmax_pT4l_genbin7_recobin7 acc 0.0252 eff 0.3619 outinratio 0.0 

VBFH124_4e_TCjmax_pT4l_genbin7_recobin7 acc 0.0638 eff 0.3658 outinratio 0.0 

WminusH124_4e_TCjmax_pT4l_genbin7_recobin7 acc 0.11 eff 0.3693 outinratio 0.0184 

WplusH124_4e_TCjmax_pT4l_genbin7_recobin7 acc 0.1086 eff 0.3282 outinratio 0.0175 

ZH124_4e_TCjmax_pT4l_genbin7_recobin7 acc 0.1188 eff 0.3597 outinratio 0.0408 

ttH124_4e_TCjmax_pT4l_genbin7_recobin7 acc 0.326 eff 0.2696 outinratio 0.0352 

ggH124_4e_TCjmax_pT4l_genbin8_recobin7 acc 0.003 eff 0.0 outinratio 0.0 

VBFH124_4e_TCjmax_pT4l_genbin8_recobin7 acc 0.0057 eff 0.0 outinratio 0.0 

WminusH124_4e_TCjmax_pT4l_genbin8_recobin7 acc 0.012 eff 0.0178 outinratio 0.0184 

WplusH124_4e_TCjmax_pT4l_genbin8_recobin7 acc 0.0155 eff 0.0159 outinratio 0.0175 

ZH124_4e_TCjmax_pT4l_genbin8_recobin7 acc 0.0141 eff 0.0241 outinratio 0.0408 

ttH124_4e_TCjmax_pT4l_genbin8_recobin7 acc 0.0496 eff 0.0181 outinratio 0.0352 

ggH124_4e_TCjmax_pT4l_genbin0_recobin8 acc 0.2672 eff 0.0 outinratio 0.3292 

VBFH124_4e_TCjmax_pT4l_genbin0_recobin8 acc 0.0659 eff 0.0 outinratio 0.0 

WminusH124_4e_TCjmax_pT4l_genbin0_recobin8 acc 0.0916 eff 0.0006 outinratio 0.0 

WplusH124_4e_TCjmax_pT4l_genbin0_recobin8 acc 0.0817 eff 0.0002 outinratio 0.0173 

ZH124_4e_TCjmax_pT4l_genbin0_recobin8 acc 0.0799 eff 0.0 outinratio 0.126 

ttH124_4e_TCjmax_pT4l_genbin0_recobin8 acc 0.0034 eff -1.0 outinratio 0.0 

ggH124_4e_TCjmax_pT4l_genbin1_recobin8 acc 0.018 eff 0.0 outinratio 0.3292 

VBFH124_4e_TCjmax_pT4l_genbin1_recobin8 acc 0.0322 eff 0.0 outinratio 0.0 

WminusH124_4e_TCjmax_pT4l_genbin1_recobin8 acc 0.0259 eff 0.0 outinratio 0.0 

WplusH124_4e_TCjmax_pT4l_genbin1_recobin8 acc 0.0262 eff 0.0 outinratio 0.0173 

ZH124_4e_TCjmax_pT4l_genbin1_recobin8 acc 0.0246 eff 0.0 outinratio 0.126 

ttH124_4e_TCjmax_pT4l_genbin1_recobin8 acc 0.0138 eff 0.0 outinratio 0.0 

ggH124_4e_TCjmax_pT4l_genbin2_recobin8 acc 0.0325 eff 0.0 outinratio 0.3292 

VBFH124_4e_TCjmax_pT4l_genbin2_recobin8 acc 0.0389 eff 0.0 outinratio 0.0 

WminusH124_4e_TCjmax_pT4l_genbin2_recobin8 acc 0.0317 eff 0.0 outinratio 0.0 

WplusH124_4e_TCjmax_pT4l_genbin2_recobin8 acc 0.0318 eff 0.0 outinratio 0.0173 

ZH124_4e_TCjmax_pT4l_genbin2_recobin8 acc 0.0331 eff 0.0 outinratio 0.126 

ttH124_4e_TCjmax_pT4l_genbin2_recobin8 acc 0.009 eff 0.0 outinratio 0.0 

ggH124_4e_TCjmax_pT4l_genbin3_recobin8 acc 0.0231 eff 0.0 outinratio 0.3292 

VBFH124_4e_TCjmax_pT4l_genbin3_recobin8 acc 0.0405 eff 0.0 outinratio 0.0 

WminusH124_4e_TCjmax_pT4l_genbin3_recobin8 acc 0.0283 eff 0.0 outinratio 0.0 

WplusH124_4e_TCjmax_pT4l_genbin3_recobin8 acc 0.0254 eff 0.0 outinratio 0.0173 

ZH124_4e_TCjmax_pT4l_genbin3_recobin8 acc 0.0243 eff 0.0 outinratio 0.126 

ttH124_4e_TCjmax_pT4l_genbin3_recobin8 acc 0.009 eff 0.0 outinratio 0.0 

ggH124_4e_TCjmax_pT4l_genbin4_recobin8 acc 0.0167 eff 0.0 outinratio 0.3292 

VBFH124_4e_TCjmax_pT4l_genbin4_recobin8 acc 0.0592 eff 0.0 outinratio 0.0 

WminusH124_4e_TCjmax_pT4l_genbin4_recobin8 acc 0.027 eff 0.0 outinratio 0.0 

WplusH124_4e_TCjmax_pT4l_genbin4_recobin8 acc 0.0229 eff 0.0 outinratio 0.0173 

ZH124_4e_TCjmax_pT4l_genbin4_recobin8 acc 0.0275 eff 0.0 outinratio 0.126 

ttH124_4e_TCjmax_pT4l_genbin4_recobin8 acc 0.0131 eff 0.0 outinratio 0.0 

ggH124_4e_TCjmax_pT4l_genbin5_recobin8 acc 0.0138 eff 0.0 outinratio 0.3292 

VBFH124_4e_TCjmax_pT4l_genbin5_recobin8 acc 0.0654 eff 0.0 outinratio 0.0 

WminusH124_4e_TCjmax_pT4l_genbin5_recobin8 acc 0.0231 eff 0.0 outinratio 0.0 

WplusH124_4e_TCjmax_pT4l_genbin5_recobin8 acc 0.02 eff 0.0 outinratio 0.0173 

ZH124_4e_TCjmax_pT4l_genbin5_recobin8 acc 0.0243 eff 0.0 outinratio 0.126 

ttH124_4e_TCjmax_pT4l_genbin5_recobin8 acc 0.0124 eff 0.0 outinratio 0.0 

ggH124_4e_TCjmax_pT4l_genbin6_recobin8 acc 0.0107 eff 0.0 outinratio 0.3292 

VBFH124_4e_TCjmax_pT4l_genbin6_recobin8 acc 0.0778 eff 0.0 outinratio 0.0 

WminusH124_4e_TCjmax_pT4l_genbin6_recobin8 acc 0.0209 eff 0.0 outinratio 0.0 

WplusH124_4e_TCjmax_pT4l_genbin6_recobin8 acc 0.0146 eff 0.0149 outinratio 0.0173 

ZH124_4e_TCjmax_pT4l_genbin6_recobin8 acc 0.0141 eff 0.0 outinratio 0.126 

ttH124_4e_TCjmax_pT4l_genbin6_recobin8 acc 0.02 eff 0.0429 outinratio 0.0 

ggH124_4e_TCjmax_pT4l_genbin7_recobin8 acc 0.0252 eff 0.0 outinratio 0.3292 

VBFH124_4e_TCjmax_pT4l_genbin7_recobin8 acc 0.0638 eff 0.0 outinratio 0.0 

WminusH124_4e_TCjmax_pT4l_genbin7_recobin8 acc 0.11 eff 0.0 outinratio 0.0 

WplusH124_4e_TCjmax_pT4l_genbin7_recobin8 acc 0.1086 eff 0.0 outinratio 0.0173 

ZH124_4e_TCjmax_pT4l_genbin7_recobin8 acc 0.1188 eff -0.0015 outinratio 0.126 

ttH124_4e_TCjmax_pT4l_genbin7_recobin8 acc 0.326 eff 0.0 outinratio 0.0 

ggH124_4e_TCjmax_pT4l_genbin8_recobin8 acc 0.003 eff 0.2297 outinratio 0.3292 

VBFH124_4e_TCjmax_pT4l_genbin8_recobin8 acc 0.0057 eff 0.4367 outinratio 0.0 

WminusH124_4e_TCjmax_pT4l_genbin8_recobin8 acc 0.012 eff 0.523 outinratio 0.0 

WplusH124_4e_TCjmax_pT4l_genbin8_recobin8 acc 0.0155 eff 0.4532 outinratio 0.0173 

ZH124_4e_TCjmax_pT4l_genbin8_recobin8 acc 0.0141 eff 0.4104 outinratio 0.126 

ttH124_4e_TCjmax_pT4l_genbin8_recobin8 acc 0.0496 eff 0.3597 outinratio 0.0 

ggH124_4mu_TCjmax_pT4l_genbin0_recobin0 acc 0.2964 eff 0.5429 outinratio 0.0053 

VBFH124_4mu_TCjmax_pT4l_genbin0_recobin0 acc 0.077 eff 0.4821 outinratio 0.01 

WminusH124_4mu_TCjmax_pT4l_genbin0_recobin0 acc 0.1121 eff 0.4341 outinratio 0.0227 

WplusH124_4mu_TCjmax_pT4l_genbin0_recobin0 acc 0.0938 eff 0.4431 outinratio 0.0248 

ZH124_4mu_TCjmax_pT4l_genbin0_recobin0 acc 0.0827 eff 0.4664 outinratio 0.0735 

ttH124_4mu_TCjmax_pT4l_genbin0_recobin0 acc 0.0014 eff -1.0 outinratio 0.0 

ggH124_4mu_TCjmax_pT4l_genbin1_recobin0 acc 0.0194 eff 0.1074 outinratio 0.0053 

VBFH124_4mu_TCjmax_pT4l_genbin1_recobin0 acc 0.038 eff 0.0736 outinratio 0.01 

WminusH124_4mu_TCjmax_pT4l_genbin1_recobin0 acc 0.0363 eff 0.0718 outinratio 0.0227 

WplusH124_4mu_TCjmax_pT4l_genbin1_recobin0 acc 0.0286 eff 0.0381 outinratio 0.0248 

ZH124_4mu_TCjmax_pT4l_genbin1_recobin0 acc 0.0317 eff 0.0635 outinratio 0.0735 

ttH124_4mu_TCjmax_pT4l_genbin1_recobin0 acc 0.0123 eff 0.0 outinratio 0.0 

ggH124_4mu_TCjmax_pT4l_genbin2_recobin0 acc 0.0338 eff 0.0885 outinratio 0.0053 

VBFH124_4mu_TCjmax_pT4l_genbin2_recobin0 acc 0.04 eff 0.0729 outinratio 0.01 

WminusH124_4mu_TCjmax_pT4l_genbin2_recobin0 acc 0.0423 eff 0.0281 outinratio 0.0227 

WplusH124_4mu_TCjmax_pT4l_genbin2_recobin0 acc 0.0328 eff 0.0312 outinratio 0.0248 

ZH124_4mu_TCjmax_pT4l_genbin2_recobin0 acc 0.039 eff 0.029 outinratio 0.0735 

ttH124_4mu_TCjmax_pT4l_genbin2_recobin0 acc 0.0123 eff 0.0 outinratio 0.0 

ggH124_4mu_TCjmax_pT4l_genbin3_recobin0 acc 0.0266 eff 0.055 outinratio 0.0053 

VBFH124_4mu_TCjmax_pT4l_genbin3_recobin0 acc 0.0421 eff 0.0465 outinratio 0.01 

WminusH124_4mu_TCjmax_pT4l_genbin3_recobin0 acc 0.0293 eff 0.0457 outinratio 0.0227 

WplusH124_4mu_TCjmax_pT4l_genbin3_recobin0 acc 0.0238 eff 0.0341 outinratio 0.0248 

ZH124_4mu_TCjmax_pT4l_genbin3_recobin0 acc 0.0255 eff 0.0574 outinratio 0.0735 

ttH124_4mu_TCjmax_pT4l_genbin3_recobin0 acc 0.0101 eff 0.0 outinratio 0.0 

ggH124_4mu_TCjmax_pT4l_genbin4_recobin0 acc 0.021 eff 0.05 outinratio 0.0053 

VBFH124_4mu_TCjmax_pT4l_genbin4_recobin0 acc 0.0641 eff 0.0241 outinratio 0.01 

WminusH124_4mu_TCjmax_pT4l_genbin4_recobin0 acc 0.0266 eff 0.0227 outinratio 0.0227 

WplusH124_4mu_TCjmax_pT4l_genbin4_recobin0 acc 0.0257 eff 0.033 outinratio 0.0248 

ZH124_4mu_TCjmax_pT4l_genbin4_recobin0 acc 0.0285 eff 0.0292 outinratio 0.0735 

ttH124_4mu_TCjmax_pT4l_genbin4_recobin0 acc 0.0079 eff 0.0 outinratio 0.0 

ggH124_4mu_TCjmax_pT4l_genbin5_recobin0 acc 0.0147 eff 0.0178 outinratio 0.0053 

VBFH124_4mu_TCjmax_pT4l_genbin5_recobin0 acc 0.0682 eff 0.0096 outinratio 0.01 

WminusH124_4mu_TCjmax_pT4l_genbin5_recobin0 acc 0.0318 eff 0.0223 outinratio 0.0227 

WplusH124_4mu_TCjmax_pT4l_genbin5_recobin0 acc 0.0247 eff 0.0036 outinratio 0.0248 

ZH124_4mu_TCjmax_pT4l_genbin5_recobin0 acc 0.0323 eff 0.0256 outinratio 0.0735 

ttH124_4mu_TCjmax_pT4l_genbin5_recobin0 acc 0.0108 eff 0.0 outinratio 0.0 

ggH124_4mu_TCjmax_pT4l_genbin6_recobin0 acc 0.012 eff 0.0157 outinratio 0.0053 

VBFH124_4mu_TCjmax_pT4l_genbin6_recobin0 acc 0.0688 eff 0.008 outinratio 0.01 

WminusH124_4mu_TCjmax_pT4l_genbin6_recobin0 acc 0.019 eff 0.0148 outinratio 0.0227 

WplusH124_4mu_TCjmax_pT4l_genbin6_recobin0 acc 0.0164 eff 0.0314 outinratio 0.0248 

ZH124_4mu_TCjmax_pT4l_genbin6_recobin0 acc 0.0188 eff 0.027 outinratio 0.0735 

ttH124_4mu_TCjmax_pT4l_genbin6_recobin0 acc 0.0296 eff 0.0 outinratio 0.0 

ggH124_4mu_TCjmax_pT4l_genbin7_recobin0 acc 0.0296 eff 0.0 outinratio 0.0053 

VBFH124_4mu_TCjmax_pT4l_genbin7_recobin0 acc 0.0657 eff 0.0 outinratio 0.01 

WminusH124_4mu_TCjmax_pT4l_genbin7_recobin0 acc 0.1211 eff 0.0014 outinratio 0.0227 

WplusH124_4mu_TCjmax_pT4l_genbin7_recobin0 acc 0.1192 eff 0.0003 outinratio 0.0248 

ZH124_4mu_TCjmax_pT4l_genbin7_recobin0 acc 0.133 eff 0.0014 outinratio 0.0735 

ttH124_4mu_TCjmax_pT4l_genbin7_recobin0 acc 0.3942 eff 0.0 outinratio 0.0 

ggH124_4mu_TCjmax_pT4l_genbin8_recobin0 acc 0.0054 eff 0.0 outinratio 0.0053 

VBFH124_4mu_TCjmax_pT4l_genbin8_recobin0 acc 0.0133 eff 0.0 outinratio 0.01 

WminusH124_4mu_TCjmax_pT4l_genbin8_recobin0 acc 0.0144 eff 0.0 outinratio 0.0227 

WplusH124_4mu_TCjmax_pT4l_genbin8_recobin0 acc 0.0159 eff 0.0 outinratio 0.0248 

ZH124_4mu_TCjmax_pT4l_genbin8_recobin0 acc 0.0148 eff 0.0 outinratio 0.0735 

ttH124_4mu_TCjmax_pT4l_genbin8_recobin0 acc 0.0585 eff 0.0 outinratio 0.0 

ggH124_4mu_TCjmax_pT4l_genbin0_recobin1 acc 0.2964 eff 0.0356 outinratio 0.0 

VBFH124_4mu_TCjmax_pT4l_genbin0_recobin1 acc 0.077 eff 0.0462 outinratio 0.0 

WminusH124_4mu_TCjmax_pT4l_genbin0_recobin1 acc 0.1121 eff 0.0315 outinratio 0.0246 

WplusH124_4mu_TCjmax_pT4l_genbin0_recobin1 acc 0.0938 eff 0.034 outinratio 0.0186 

ZH124_4mu_TCjmax_pT4l_genbin0_recobin1 acc 0.0827 eff 0.0229 outinratio 0.1101 

ttH124_4mu_TCjmax_pT4l_genbin0_recobin1 acc 0.0014 eff -1.0 outinratio 0.0 

ggH124_4mu_TCjmax_pT4l_genbin1_recobin1 acc 0.0194 eff 0.397 outinratio 0.0 

VBFH124_4mu_TCjmax_pT4l_genbin1_recobin1 acc 0.038 eff 0.5557 outinratio 0.0 

WminusH124_4mu_TCjmax_pT4l_genbin1_recobin1 acc 0.0363 eff 0.4023 outinratio 0.0246 

WplusH124_4mu_TCjmax_pT4l_genbin1_recobin1 acc 0.0286 eff 0.4555 outinratio 0.0186 

ZH124_4mu_TCjmax_pT4l_genbin1_recobin1 acc 0.0317 eff 0.4256 outinratio 0.1101 

ttH124_4mu_TCjmax_pT4l_genbin1_recobin1 acc 0.0123 eff 0.2184 outinratio 0.0 

ggH124_4mu_TCjmax_pT4l_genbin2_recobin1 acc 0.0338 eff 0.0145 outinratio 0.0 

VBFH124_4mu_TCjmax_pT4l_genbin2_recobin1 acc 0.04 eff 0.0 outinratio 0.0 

WminusH124_4mu_TCjmax_pT4l_genbin2_recobin1 acc 0.0423 eff 0.0075 outinratio 0.0246 

WplusH124_4mu_TCjmax_pT4l_genbin2_recobin1 acc 0.0328 eff 0.0094 outinratio 0.0186 

ZH124_4mu_TCjmax_pT4l_genbin2_recobin1 acc 0.039 eff 0.0107 outinratio 0.1101 

ttH124_4mu_TCjmax_pT4l_genbin2_recobin1 acc 0.0123 eff 0.0425 outinratio 0.0 

ggH124_4mu_TCjmax_pT4l_genbin3_recobin1 acc 0.0266 eff 0.0 outinratio 0.0 

VBFH124_4mu_TCjmax_pT4l_genbin3_recobin1 acc 0.0421 eff 0.0 outinratio 0.0 

WminusH124_4mu_TCjmax_pT4l_genbin3_recobin1 acc 0.0293 eff 0.0 outinratio 0.0246 

WplusH124_4mu_TCjmax_pT4l_genbin3_recobin1 acc 0.0238 eff 0.0 outinratio 0.0186 

ZH124_4mu_TCjmax_pT4l_genbin3_recobin1 acc 0.0255 eff 0.0 outinratio 0.1101 

ttH124_4mu_TCjmax_pT4l_genbin3_recobin1 acc 0.0101 eff 0.0 outinratio 0.0 

ggH124_4mu_TCjmax_pT4l_genbin4_recobin1 acc 0.021 eff 0.0 outinratio 0.0 

VBFH124_4mu_TCjmax_pT4l_genbin4_recobin1 acc 0.0641 eff 0.0 outinratio 0.0 

WminusH124_4mu_TCjmax_pT4l_genbin4_recobin1 acc 0.0266 eff 0.0 outinratio 0.0246 

WplusH124_4mu_TCjmax_pT4l_genbin4_recobin1 acc 0.0257 eff 0.0 outinratio 0.0186 

ZH124_4mu_TCjmax_pT4l_genbin4_recobin1 acc 0.0285 eff 0.0 outinratio 0.1101 

ttH124_4mu_TCjmax_pT4l_genbin4_recobin1 acc 0.0079 eff 0.0 outinratio 0.0 

ggH124_4mu_TCjmax_pT4l_genbin5_recobin1 acc 0.0147 eff 0.0 outinratio 0.0 

VBFH124_4mu_TCjmax_pT4l_genbin5_recobin1 acc 0.0682 eff 0.0 outinratio 0.0 

WminusH124_4mu_TCjmax_pT4l_genbin5_recobin1 acc 0.0318 eff 0.0 outinratio 0.0246 

WplusH124_4mu_TCjmax_pT4l_genbin5_recobin1 acc 0.0247 eff 0.0 outinratio 0.0186 

ZH124_4mu_TCjmax_pT4l_genbin5_recobin1 acc 0.0323 eff 0.0 outinratio 0.1101 

ttH124_4mu_TCjmax_pT4l_genbin5_recobin1 acc 0.0108 eff 0.0 outinratio 0.0 

ggH124_4mu_TCjmax_pT4l_genbin6_recobin1 acc 0.012 eff 0.0 outinratio 0.0 

VBFH124_4mu_TCjmax_pT4l_genbin6_recobin1 acc 0.0688 eff 0.0 outinratio 0.0 

WminusH124_4mu_TCjmax_pT4l_genbin6_recobin1 acc 0.019 eff 0.0 outinratio 0.0246 

WplusH124_4mu_TCjmax_pT4l_genbin6_recobin1 acc 0.0164 eff 0.0 outinratio 0.0186 

ZH124_4mu_TCjmax_pT4l_genbin6_recobin1 acc 0.0188 eff 0.0 outinratio 0.1101 

ttH124_4mu_TCjmax_pT4l_genbin6_recobin1 acc 0.0296 eff 0.0 outinratio 0.0 

ggH124_4mu_TCjmax_pT4l_genbin7_recobin1 acc 0.0296 eff 0.0 outinratio 0.0 

VBFH124_4mu_TCjmax_pT4l_genbin7_recobin1 acc 0.0657 eff 0.0114 outinratio 0.0 

WminusH124_4mu_TCjmax_pT4l_genbin7_recobin1 acc 0.1211 eff 0.0006 outinratio 0.0246 

WplusH124_4mu_TCjmax_pT4l_genbin7_recobin1 acc 0.1192 eff 0.0015 outinratio 0.0186 

ZH124_4mu_TCjmax_pT4l_genbin7_recobin1 acc 0.133 eff 0.0005 outinratio 0.1101 

ttH124_4mu_TCjmax_pT4l_genbin7_recobin1 acc 0.3942 eff 0.0034 outinratio 0.0 

ggH124_4mu_TCjmax_pT4l_genbin8_recobin1 acc 0.0054 eff 0.0 outinratio 0.0 

VBFH124_4mu_TCjmax_pT4l_genbin8_recobin1 acc 0.0133 eff 0.0 outinratio 0.0 

WminusH124_4mu_TCjmax_pT4l_genbin8_recobin1 acc 0.0144 eff 0.0 outinratio 0.0246 

WplusH124_4mu_TCjmax_pT4l_genbin8_recobin1 acc 0.0159 eff 0.0 outinratio 0.0186 

ZH124_4mu_TCjmax_pT4l_genbin8_recobin1 acc 0.0148 eff 0.0 outinratio 0.1101 

ttH124_4mu_TCjmax_pT4l_genbin8_recobin1 acc 0.0585 eff 0.0 outinratio 0.0 

ggH124_4mu_TCjmax_pT4l_genbin0_recobin2 acc 0.2964 eff 0.0142 outinratio 0.0 

VBFH124_4mu_TCjmax_pT4l_genbin0_recobin2 acc 0.077 eff 0.0642 outinratio 0.0 

WminusH124_4mu_TCjmax_pT4l_genbin0_recobin2 acc 0.1121 eff 0.0243 outinratio 0.0037 

WplusH124_4mu_TCjmax_pT4l_genbin0_recobin2 acc 0.0938 eff 0.0213 outinratio 0.0193 

ZH124_4mu_TCjmax_pT4l_genbin0_recobin2 acc 0.0827 eff 0.0345 outinratio 0.0416 

ttH124_4mu_TCjmax_pT4l_genbin0_recobin2 acc 0.0014 eff -1.0 outinratio 0.1832 

ggH124_4mu_TCjmax_pT4l_genbin1_recobin2 acc 0.0194 eff 0.0091 outinratio 0.0 

VBFH124_4mu_TCjmax_pT4l_genbin1_recobin2 acc 0.038 eff 0.0 outinratio 0.0 

WminusH124_4mu_TCjmax_pT4l_genbin1_recobin2 acc 0.0363 eff 0.0136 outinratio 0.0037 

WplusH124_4mu_TCjmax_pT4l_genbin1_recobin2 acc 0.0286 eff 0.0142 outinratio 0.0193 

ZH124_4mu_TCjmax_pT4l_genbin1_recobin2 acc 0.0317 eff 0.0062 outinratio 0.0416 

ttH124_4mu_TCjmax_pT4l_genbin1_recobin2 acc 0.0123 eff 0.0739 outinratio 0.1832 

ggH124_4mu_TCjmax_pT4l_genbin2_recobin2 acc 0.0338 eff 0.4345 outinratio 0.0 

VBFH124_4mu_TCjmax_pT4l_genbin2_recobin2 acc 0.04 eff 0.5621 outinratio 0.0 

WminusH124_4mu_TCjmax_pT4l_genbin2_recobin2 acc 0.0423 eff 0.499 outinratio 0.0037 

WplusH124_4mu_TCjmax_pT4l_genbin2_recobin2 acc 0.0328 eff 0.4363 outinratio 0.0193 

ZH124_4mu_TCjmax_pT4l_genbin2_recobin2 acc 0.039 eff 0.3968 outinratio 0.0416 

ttH124_4mu_TCjmax_pT4l_genbin2_recobin2 acc 0.0123 eff 0.1667 outinratio 0.1832 

ggH124_4mu_TCjmax_pT4l_genbin3_recobin2 acc 0.0266 eff 0.0295 outinratio 0.0 

VBFH124_4mu_TCjmax_pT4l_genbin3_recobin2 acc 0.0421 eff 0.0 outinratio 0.0 

WminusH124_4mu_TCjmax_pT4l_genbin3_recobin2 acc 0.0293 eff 0.0124 outinratio 0.0037 

WplusH124_4mu_TCjmax_pT4l_genbin3_recobin2 acc 0.0238 eff 0.0085 outinratio 0.0193 

ZH124_4mu_TCjmax_pT4l_genbin3_recobin2 acc 0.0255 eff 0.0204 outinratio 0.0416 

ttH124_4mu_TCjmax_pT4l_genbin3_recobin2 acc 0.0101 eff 0.0 outinratio 0.1832 

ggH124_4mu_TCjmax_pT4l_genbin4_recobin2 acc 0.021 eff 0.0 outinratio 0.0 

VBFH124_4mu_TCjmax_pT4l_genbin4_recobin2 acc 0.0641 eff 0.0 outinratio 0.0 

WminusH124_4mu_TCjmax_pT4l_genbin4_recobin2 acc 0.0266 eff 0.0 outinratio 0.0037 

WplusH124_4mu_TCjmax_pT4l_genbin4_recobin2 acc 0.0257 eff 0.0 outinratio 0.0193 

ZH124_4mu_TCjmax_pT4l_genbin4_recobin2 acc 0.0285 eff 0.0 outinratio 0.0416 

ttH124_4mu_TCjmax_pT4l_genbin4_recobin2 acc 0.0079 eff 0.0 outinratio 0.1832 

ggH124_4mu_TCjmax_pT4l_genbin5_recobin2 acc 0.0147 eff 0.0 outinratio 0.0 

VBFH124_4mu_TCjmax_pT4l_genbin5_recobin2 acc 0.0682 eff 0.0 outinratio 0.0 

WminusH124_4mu_TCjmax_pT4l_genbin5_recobin2 acc 0.0318 eff 0.0 outinratio 0.0037 

WplusH124_4mu_TCjmax_pT4l_genbin5_recobin2 acc 0.0247 eff 0.0 outinratio 0.0193 

ZH124_4mu_TCjmax_pT4l_genbin5_recobin2 acc 0.0323 eff 0.0 outinratio 0.0416 

ttH124_4mu_TCjmax_pT4l_genbin5_recobin2 acc 0.0108 eff 0.0 outinratio 0.1832 

ggH124_4mu_TCjmax_pT4l_genbin6_recobin2 acc 0.012 eff 0.0 outinratio 0.0 

VBFH124_4mu_TCjmax_pT4l_genbin6_recobin2 acc 0.0688 eff 0.0 outinratio 0.0 

WminusH124_4mu_TCjmax_pT4l_genbin6_recobin2 acc 0.019 eff 0.0 outinratio 0.0037 

WplusH124_4mu_TCjmax_pT4l_genbin6_recobin2 acc 0.0164 eff 0.0 outinratio 0.0193 

ZH124_4mu_TCjmax_pT4l_genbin6_recobin2 acc 0.0188 eff 0.0 outinratio 0.0416 

ttH124_4mu_TCjmax_pT4l_genbin6_recobin2 acc 0.0296 eff 0.0 outinratio 0.1832 

ggH124_4mu_TCjmax_pT4l_genbin7_recobin2 acc 0.0296 eff 0.003 outinratio 0.0 

VBFH124_4mu_TCjmax_pT4l_genbin7_recobin2 acc 0.0657 eff 0.0098 outinratio 0.0 

WminusH124_4mu_TCjmax_pT4l_genbin7_recobin2 acc 0.1211 eff 0.0058 outinratio 0.0037 

WplusH124_4mu_TCjmax_pT4l_genbin7_recobin2 acc 0.1192 eff 0.0036 outinratio 0.0193 

ZH124_4mu_TCjmax_pT4l_genbin7_recobin2 acc 0.133 eff 0.0083 outinratio 0.0416 

ttH124_4mu_TCjmax_pT4l_genbin7_recobin2 acc 0.3942 eff 0.0017 outinratio 0.1832 

ggH124_4mu_TCjmax_pT4l_genbin8_recobin2 acc 0.0054 eff 0.0 outinratio 0.0 

VBFH124_4mu_TCjmax_pT4l_genbin8_recobin2 acc 0.0133 eff 0.0 outinratio 0.0 

WminusH124_4mu_TCjmax_pT4l_genbin8_recobin2 acc 0.0144 eff 0.0 outinratio 0.0037 

WplusH124_4mu_TCjmax_pT4l_genbin8_recobin2 acc 0.0159 eff 0.0 outinratio 0.0193 

ZH124_4mu_TCjmax_pT4l_genbin8_recobin2 acc 0.0148 eff 0.0 outinratio 0.0416 

ttH124_4mu_TCjmax_pT4l_genbin8_recobin2 acc 0.0585 eff 0.0 outinratio 0.1832 

ggH124_4mu_TCjmax_pT4l_genbin0_recobin3 acc 0.2964 eff 0.0042 outinratio 0.0 

VBFH124_4mu_TCjmax_pT4l_genbin0_recobin3 acc 0.077 eff 0.0485 outinratio 0.0 

WminusH124_4mu_TCjmax_pT4l_genbin0_recobin3 acc 0.1121 eff 0.0173 outinratio 0.0182 

WplusH124_4mu_TCjmax_pT4l_genbin0_recobin3 acc 0.0938 eff 0.0098 outinratio 0.0035 

ZH124_4mu_TCjmax_pT4l_genbin0_recobin3 acc 0.0827 eff 0.0116 outinratio 0.0838 

ttH124_4mu_TCjmax_pT4l_genbin0_recobin3 acc 0.0014 eff -1.0 outinratio 0.0 

ggH124_4mu_TCjmax_pT4l_genbin1_recobin3 acc 0.0194 eff 0.0 outinratio 0.0 

VBFH124_4mu_TCjmax_pT4l_genbin1_recobin3 acc 0.038 eff 0.0 outinratio 0.0 

WminusH124_4mu_TCjmax_pT4l_genbin1_recobin3 acc 0.0363 eff 0.0 outinratio 0.0182 

WplusH124_4mu_TCjmax_pT4l_genbin1_recobin3 acc 0.0286 eff 0.0 outinratio 0.0035 

ZH124_4mu_TCjmax_pT4l_genbin1_recobin3 acc 0.0317 eff 0.0 outinratio 0.0838 

ttH124_4mu_TCjmax_pT4l_genbin1_recobin3 acc 0.0123 eff 0.0 outinratio 0.0 

ggH124_4mu_TCjmax_pT4l_genbin2_recobin3 acc 0.0338 eff 0.0096 outinratio 0.0 

VBFH124_4mu_TCjmax_pT4l_genbin2_recobin3 acc 0.04 eff 0.0174 outinratio 0.0 

WminusH124_4mu_TCjmax_pT4l_genbin2_recobin3 acc 0.0423 eff 0.0082 outinratio 0.0182 

WplusH124_4mu_TCjmax_pT4l_genbin2_recobin3 acc 0.0328 eff 0.0077 outinratio 0.0035 

ZH124_4mu_TCjmax_pT4l_genbin2_recobin3 acc 0.039 eff 0.0116 outinratio 0.0838 

ttH124_4mu_TCjmax_pT4l_genbin2_recobin3 acc 0.0123 eff 0.0 outinratio 0.0 

ggH124_4mu_TCjmax_pT4l_genbin3_recobin3 acc 0.0266 eff 0.5007 outinratio 0.0 

VBFH124_4mu_TCjmax_pT4l_genbin3_recobin3 acc 0.0421 eff 0.6267 outinratio 0.0 

WminusH124_4mu_TCjmax_pT4l_genbin3_recobin3 acc 0.0293 eff 0.434 outinratio 0.0182 

WplusH124_4mu_TCjmax_pT4l_genbin3_recobin3 acc 0.0238 eff 0.4137 outinratio 0.0035 

ZH124_4mu_TCjmax_pT4l_genbin3_recobin3 acc 0.0255 eff 0.3765 outinratio 0.0838 

ttH124_4mu_TCjmax_pT4l_genbin3_recobin3 acc 0.0101 eff 0.1494 outinratio 0.0 

ggH124_4mu_TCjmax_pT4l_genbin4_recobin3 acc 0.021 eff 0.042 outinratio 0.0 

VBFH124_4mu_TCjmax_pT4l_genbin4_recobin3 acc 0.0641 eff 0.0351 outinratio 0.0 

WminusH124_4mu_TCjmax_pT4l_genbin4_recobin3 acc 0.0266 eff 0.0201 outinratio 0.0182 

WplusH124_4mu_TCjmax_pT4l_genbin4_recobin3 acc 0.0257 eff 0.0019 outinratio 0.0035 

ZH124_4mu_TCjmax_pT4l_genbin4_recobin3 acc 0.0285 eff 0.033 outinratio 0.0838 

ttH124_4mu_TCjmax_pT4l_genbin4_recobin3 acc 0.0079 eff 0.0 outinratio 0.0 

ggH124_4mu_TCjmax_pT4l_genbin5_recobin3 acc 0.0147 eff 0.0 outinratio 0.0 

VBFH124_4mu_TCjmax_pT4l_genbin5_recobin3 acc 0.0682 eff 0.0 outinratio 0.0 

WminusH124_4mu_TCjmax_pT4l_genbin5_recobin3 acc 0.0318 eff 0.0 outinratio 0.0182 

WplusH124_4mu_TCjmax_pT4l_genbin5_recobin3 acc 0.0247 eff 0.0 outinratio 0.0035 

ZH124_4mu_TCjmax_pT4l_genbin5_recobin3 acc 0.0323 eff 0.0 outinratio 0.0838 

ttH124_4mu_TCjmax_pT4l_genbin5_recobin3 acc 0.0108 eff 0.0 outinratio 0.0 

ggH124_4mu_TCjmax_pT4l_genbin6_recobin3 acc 0.012 eff 0.0 outinratio 0.0 

VBFH124_4mu_TCjmax_pT4l_genbin6_recobin3 acc 0.0688 eff 0.0 outinratio 0.0 

WminusH124_4mu_TCjmax_pT4l_genbin6_recobin3 acc 0.019 eff 0.0 outinratio 0.0182 

WplusH124_4mu_TCjmax_pT4l_genbin6_recobin3 acc 0.0164 eff 0.0 outinratio 0.0035 

ZH124_4mu_TCjmax_pT4l_genbin6_recobin3 acc 0.0188 eff 0.0 outinratio 0.0838 

ttH124_4mu_TCjmax_pT4l_genbin6_recobin3 acc 0.0296 eff 0.0 outinratio 0.0 

ggH124_4mu_TCjmax_pT4l_genbin7_recobin3 acc 0.0296 eff 0.0035 outinratio 0.0 

VBFH124_4mu_TCjmax_pT4l_genbin7_recobin3 acc 0.0657 eff 0.0278 outinratio 0.0 

WminusH124_4mu_TCjmax_pT4l_genbin7_recobin3 acc 0.1211 eff 0.0045 outinratio 0.0182 

WplusH124_4mu_TCjmax_pT4l_genbin7_recobin3 acc 0.1192 eff 0.0058 outinratio 0.0035 

ZH124_4mu_TCjmax_pT4l_genbin7_recobin3 acc 0.133 eff 0.0024 outinratio 0.0838 

ttH124_4mu_TCjmax_pT4l_genbin7_recobin3 acc 0.3942 eff 0.0 outinratio 0.0 

ggH124_4mu_TCjmax_pT4l_genbin8_recobin3 acc 0.0054 eff 0.0 outinratio 0.0 

VBFH124_4mu_TCjmax_pT4l_genbin8_recobin3 acc 0.0133 eff 0.0 outinratio 0.0 

WminusH124_4mu_TCjmax_pT4l_genbin8_recobin3 acc 0.0144 eff 0.0 outinratio 0.0182 

WplusH124_4mu_TCjmax_pT4l_genbin8_recobin3 acc 0.0159 eff 0.0 outinratio 0.0035 

ZH124_4mu_TCjmax_pT4l_genbin8_recobin3 acc 0.0148 eff 0.0 outinratio 0.0838 

ttH124_4mu_TCjmax_pT4l_genbin8_recobin3 acc 0.0585 eff 0.0 outinratio 0.0 

ggH124_4mu_TCjmax_pT4l_genbin0_recobin4 acc 0.2964 eff 0.0035 outinratio 0.0 

VBFH124_4mu_TCjmax_pT4l_genbin0_recobin4 acc 0.077 eff 0.0255 outinratio 0.0 

WminusH124_4mu_TCjmax_pT4l_genbin0_recobin4 acc 0.1121 eff 0.0155 outinratio 0.0158 

WplusH124_4mu_TCjmax_pT4l_genbin0_recobin4 acc 0.0938 eff 0.0064 outinratio 0.0147 

ZH124_4mu_TCjmax_pT4l_genbin0_recobin4 acc 0.0827 eff 0.0109 outinratio 0.0352 

ttH124_4mu_TCjmax_pT4l_genbin0_recobin4 acc 0.0014 eff -1.0 outinratio 0.0 

ggH124_4mu_TCjmax_pT4l_genbin1_recobin4 acc 0.0194 eff 0.0 outinratio 0.0 

VBFH124_4mu_TCjmax_pT4l_genbin1_recobin4 acc 0.038 eff 0.0 outinratio 0.0 

WminusH124_4mu_TCjmax_pT4l_genbin1_recobin4 acc 0.0363 eff 0.0 outinratio 0.0158 

WplusH124_4mu_TCjmax_pT4l_genbin1_recobin4 acc 0.0286 eff 0.0 outinratio 0.0147 

ZH124_4mu_TCjmax_pT4l_genbin1_recobin4 acc 0.0317 eff 0.0 outinratio 0.0352 

ttH124_4mu_TCjmax_pT4l_genbin1_recobin4 acc 0.0123 eff 0.0 outinratio 0.0 

ggH124_4mu_TCjmax_pT4l_genbin2_recobin4 acc 0.0338 eff 0.0 outinratio 0.0 

VBFH124_4mu_TCjmax_pT4l_genbin2_recobin4 acc 0.04 eff 0.0 outinratio 0.0 

WminusH124_4mu_TCjmax_pT4l_genbin2_recobin4 acc 0.0423 eff 0.0 outinratio 0.0158 

WplusH124_4mu_TCjmax_pT4l_genbin2_recobin4 acc 0.0328 eff 0.0 outinratio 0.0147 

ZH124_4mu_TCjmax_pT4l_genbin2_recobin4 acc 0.039 eff 0.0 outinratio 0.0352 

ttH124_4mu_TCjmax_pT4l_genbin2_recobin4 acc 0.0123 eff 0.0 outinratio 0.0 

ggH124_4mu_TCjmax_pT4l_genbin3_recobin4 acc 0.0266 eff 0.0153 outinratio 0.0 

VBFH124_4mu_TCjmax_pT4l_genbin3_recobin4 acc 0.0421 eff 0.027 outinratio 0.0 

WminusH124_4mu_TCjmax_pT4l_genbin3_recobin4 acc 0.0293 eff 0.0097 outinratio 0.0158 

WplusH124_4mu_TCjmax_pT4l_genbin3_recobin4 acc 0.0238 eff 0.0 outinratio 0.0147 

ZH124_4mu_TCjmax_pT4l_genbin3_recobin4 acc 0.0255 eff 0.0211 outinratio 0.0352 

ttH124_4mu_TCjmax_pT4l_genbin3_recobin4 acc 0.0101 eff 0.0 outinratio 0.0 

ggH124_4mu_TCjmax_pT4l_genbin4_recobin4 acc 0.021 eff 0.4973 outinratio 0.0 

VBFH124_4mu_TCjmax_pT4l_genbin4_recobin4 acc 0.0641 eff 0.4397 outinratio 0.0 

WminusH124_4mu_TCjmax_pT4l_genbin4_recobin4 acc 0.0266 eff 0.5021 outinratio 0.0158 

WplusH124_4mu_TCjmax_pT4l_genbin4_recobin4 acc 0.0257 eff 0.4669 outinratio 0.0147 

ZH124_4mu_TCjmax_pT4l_genbin4_recobin4 acc 0.0285 eff 0.4362 outinratio 0.0352 

ttH124_4mu_TCjmax_pT4l_genbin4_recobin4 acc 0.0079 eff 0.4186 outinratio 0.0 

ggH124_4mu_TCjmax_pT4l_genbin5_recobin4 acc 0.0147 eff 0.0051 outinratio 0.0 

VBFH124_4mu_TCjmax_pT4l_genbin5_recobin4 acc 0.0682 eff 0.0174 outinratio 0.0 

WminusH124_4mu_TCjmax_pT4l_genbin5_recobin4 acc 0.0318 eff 0.0205 outinratio 0.0158 

WplusH124_4mu_TCjmax_pT4l_genbin5_recobin4 acc 0.0247 eff 0.0189 outinratio 0.0147 

ZH124_4mu_TCjmax_pT4l_genbin5_recobin4 acc 0.0323 eff 0.0254 outinratio 0.0352 

ttH124_4mu_TCjmax_pT4l_genbin5_recobin4 acc 0.0108 eff 0.0 outinratio 0.0 

ggH124_4mu_TCjmax_pT4l_genbin6_recobin4 acc 0.012 eff 0.0 outinratio 0.0 

VBFH124_4mu_TCjmax_pT4l_genbin6_recobin4 acc 0.0688 eff 0.0 outinratio 0.0 

WminusH124_4mu_TCjmax_pT4l_genbin6_recobin4 acc 0.019 eff 0.0 outinratio 0.0158 

WplusH124_4mu_TCjmax_pT4l_genbin6_recobin4 acc 0.0164 eff 0.0 outinratio 0.0147 

ZH124_4mu_TCjmax_pT4l_genbin6_recobin4 acc 0.0188 eff 0.0 outinratio 0.0352 

ttH124_4mu_TCjmax_pT4l_genbin6_recobin4 acc 0.0296 eff 0.0 outinratio 0.0 

ggH124_4mu_TCjmax_pT4l_genbin7_recobin4 acc 0.0296 eff 0.0232 outinratio 0.0 

VBFH124_4mu_TCjmax_pT4l_genbin7_recobin4 acc 0.0657 eff 0.0182 outinratio 0.0 

WminusH124_4mu_TCjmax_pT4l_genbin7_recobin4 acc 0.1211 eff 0.0137 outinratio 0.0158 

WplusH124_4mu_TCjmax_pT4l_genbin7_recobin4 acc 0.1192 eff 0.0087 outinratio 0.0147 

ZH124_4mu_TCjmax_pT4l_genbin7_recobin4 acc 0.133 eff 0.0088 outinratio 0.0352 

ttH124_4mu_TCjmax_pT4l_genbin7_recobin4 acc 0.3942 eff 0.0016 outinratio 0.0 

ggH124_4mu_TCjmax_pT4l_genbin8_recobin4 acc 0.0054 eff 0.0 outinratio 0.0 

VBFH124_4mu_TCjmax_pT4l_genbin8_recobin4 acc 0.0133 eff 0.0 outinratio 0.0 

WminusH124_4mu_TCjmax_pT4l_genbin8_recobin4 acc 0.0144 eff 0.0 outinratio 0.0158 

WplusH124_4mu_TCjmax_pT4l_genbin8_recobin4 acc 0.0159 eff 0.0 outinratio 0.0147 

ZH124_4mu_TCjmax_pT4l_genbin8_recobin4 acc 0.0148 eff 0.0 outinratio 0.0352 

ttH124_4mu_TCjmax_pT4l_genbin8_recobin4 acc 0.0585 eff 0.0 outinratio 0.0 

ggH124_4mu_TCjmax_pT4l_genbin0_recobin5 acc 0.2964 eff 0.0003 outinratio 0.0 

VBFH124_4mu_TCjmax_pT4l_genbin0_recobin5 acc 0.077 eff 0.0108 outinratio 0.0052 

WminusH124_4mu_TCjmax_pT4l_genbin0_recobin5 acc 0.1121 eff 0.0144 outinratio 0.0025 

WplusH124_4mu_TCjmax_pT4l_genbin0_recobin5 acc 0.0938 eff 0.0089 outinratio -0.0012 

ZH124_4mu_TCjmax_pT4l_genbin0_recobin5 acc 0.0827 eff 0.0065 outinratio 0.0506 

ttH124_4mu_TCjmax_pT4l_genbin0_recobin5 acc 0.0014 eff -1.0 outinratio 0.0 

ggH124_4mu_TCjmax_pT4l_genbin1_recobin5 acc 0.0194 eff 0.0 outinratio 0.0 

VBFH124_4mu_TCjmax_pT4l_genbin1_recobin5 acc 0.038 eff 0.0 outinratio 0.0052 

WminusH124_4mu_TCjmax_pT4l_genbin1_recobin5 acc 0.0363 eff 0.0 outinratio 0.0025 

WplusH124_4mu_TCjmax_pT4l_genbin1_recobin5 acc 0.0286 eff 0.0 outinratio -0.0012 

ZH124_4mu_TCjmax_pT4l_genbin1_recobin5 acc 0.0317 eff 0.0 outinratio 0.0506 

ttH124_4mu_TCjmax_pT4l_genbin1_recobin5 acc 0.0123 eff 0.0 outinratio 0.0 

ggH124_4mu_TCjmax_pT4l_genbin2_recobin5 acc 0.0338 eff 0.0 outinratio 0.0 

VBFH124_4mu_TCjmax_pT4l_genbin2_recobin5 acc 0.04 eff 0.0 outinratio 0.0052 

WminusH124_4mu_TCjmax_pT4l_genbin2_recobin5 acc 0.0423 eff 0.0 outinratio 0.0025 

WplusH124_4mu_TCjmax_pT4l_genbin2_recobin5 acc 0.0328 eff 0.0 outinratio -0.0012 

ZH124_4mu_TCjmax_pT4l_genbin2_recobin5 acc 0.039 eff 0.0 outinratio 0.0506 

ttH124_4mu_TCjmax_pT4l_genbin2_recobin5 acc 0.0123 eff 0.0 outinratio 0.0 

ggH124_4mu_TCjmax_pT4l_genbin3_recobin5 acc 0.0266 eff 0.0 outinratio 0.0 

VBFH124_4mu_TCjmax_pT4l_genbin3_recobin5 acc 0.0421 eff 0.0 outinratio 0.0052 

WminusH124_4mu_TCjmax_pT4l_genbin3_recobin5 acc 0.0293 eff 0.0 outinratio 0.0025 

WplusH124_4mu_TCjmax_pT4l_genbin3_recobin5 acc 0.0238 eff 0.0 outinratio -0.0012 

ZH124_4mu_TCjmax_pT4l_genbin3_recobin5 acc 0.0255 eff 0.0 outinratio 0.0506 

ttH124_4mu_TCjmax_pT4l_genbin3_recobin5 acc 0.0101 eff 0.0 outinratio 0.0 

ggH124_4mu_TCjmax_pT4l_genbin4_recobin5 acc 0.021 eff 0.0111 outinratio 0.0 

VBFH124_4mu_TCjmax_pT4l_genbin4_recobin5 acc 0.0641 eff 0.0352 outinratio 0.0052 

WminusH124_4mu_TCjmax_pT4l_genbin4_recobin5 acc 0.0266 eff 0.0058 outinratio 0.0025 

WplusH124_4mu_TCjmax_pT4l_genbin4_recobin5 acc 0.0257 eff 0.0105 outinratio -0.0012 

ZH124_4mu_TCjmax_pT4l_genbin4_recobin5 acc 0.0285 eff 0.0083 outinratio 0.0506 

ttH124_4mu_TCjmax_pT4l_genbin4_recobin5 acc 0.0079 eff 0.0 outinratio 0.0 

ggH124_4mu_TCjmax_pT4l_genbin5_recobin5 acc 0.0147 eff 0.4669 outinratio 0.0 

VBFH124_4mu_TCjmax_pT4l_genbin5_recobin5 acc 0.0682 eff 0.5207 outinratio 0.0052 

WminusH124_4mu_TCjmax_pT4l_genbin5_recobin5 acc 0.0318 eff 0.4373 outinratio 0.0025 

WplusH124_4mu_TCjmax_pT4l_genbin5_recobin5 acc 0.0247 eff 0.4806 outinratio -0.0012 

ZH124_4mu_TCjmax_pT4l_genbin5_recobin5 acc 0.0323 eff 0.4185 outinratio 0.0506 

ttH124_4mu_TCjmax_pT4l_genbin5_recobin5 acc 0.0108 eff 0.273 outinratio 0.0 

ggH124_4mu_TCjmax_pT4l_genbin6_recobin5 acc 0.012 eff 0.033 outinratio 0.0 

VBFH124_4mu_TCjmax_pT4l_genbin6_recobin5 acc 0.0688 eff 0.0107 outinratio 0.0052 

WminusH124_4mu_TCjmax_pT4l_genbin6_recobin5 acc 0.019 eff 0.0022 outinratio 0.0025 

WplusH124_4mu_TCjmax_pT4l_genbin6_recobin5 acc 0.0164 eff 0.0014 outinratio -0.0012 

ZH124_4mu_TCjmax_pT4l_genbin6_recobin5 acc 0.0188 eff 0.0245 outinratio 0.0506 

ttH124_4mu_TCjmax_pT4l_genbin6_recobin5 acc 0.0296 eff 0.0109 outinratio 0.0 

ggH124_4mu_TCjmax_pT4l_genbin7_recobin5 acc 0.0296 eff 0.0199 outinratio 0.0 

VBFH124_4mu_TCjmax_pT4l_genbin7_recobin5 acc 0.0657 eff 0.0174 outinratio 0.0052 

WminusH124_4mu_TCjmax_pT4l_genbin7_recobin5 acc 0.1211 eff 0.0152 outinratio 0.0025 

WplusH124_4mu_TCjmax_pT4l_genbin7_recobin5 acc 0.1192 eff 0.0107 outinratio -0.0012 

ZH124_4mu_TCjmax_pT4l_genbin7_recobin5 acc 0.133 eff 0.0153 outinratio 0.0506 

ttH124_4mu_TCjmax_pT4l_genbin7_recobin5 acc 0.3942 eff 0.0024 outinratio 0.0 

ggH124_4mu_TCjmax_pT4l_genbin8_recobin5 acc 0.0054 eff 0.0 outinratio 0.0 

VBFH124_4mu_TCjmax_pT4l_genbin8_recobin5 acc 0.0133 eff 0.0 outinratio 0.0052 

WminusH124_4mu_TCjmax_pT4l_genbin8_recobin5 acc 0.0144 eff 0.0 outinratio 0.0025 

WplusH124_4mu_TCjmax_pT4l_genbin8_recobin5 acc 0.0159 eff 0.0 outinratio -0.0012 

ZH124_4mu_TCjmax_pT4l_genbin8_recobin5 acc 0.0148 eff 0.0 outinratio 0.0506 

ttH124_4mu_TCjmax_pT4l_genbin8_recobin5 acc 0.0585 eff 0.0 outinratio 0.0 

ggH124_4mu_TCjmax_pT4l_genbin0_recobin6 acc 0.2964 eff 0.0 outinratio 0.0 

VBFH124_4mu_TCjmax_pT4l_genbin0_recobin6 acc 0.077 eff 0.0 outinratio 0.0 

WminusH124_4mu_TCjmax_pT4l_genbin0_recobin6 acc 0.1121 eff 0.0113 outinratio 0.0019 

WplusH124_4mu_TCjmax_pT4l_genbin0_recobin6 acc 0.0938 eff 0.0153 outinratio 0.0 

ZH124_4mu_TCjmax_pT4l_genbin0_recobin6 acc 0.0827 eff 0.0004 outinratio 0.0322 

ttH124_4mu_TCjmax_pT4l_genbin0_recobin6 acc 0.0014 eff -1.0 outinratio 0.0 

ggH124_4mu_TCjmax_pT4l_genbin1_recobin6 acc 0.0194 eff 0.0 outinratio 0.0 

VBFH124_4mu_TCjmax_pT4l_genbin1_recobin6 acc 0.038 eff 0.0 outinratio 0.0 

WminusH124_4mu_TCjmax_pT4l_genbin1_recobin6 acc 0.0363 eff 0.0 outinratio 0.0019 

WplusH124_4mu_TCjmax_pT4l_genbin1_recobin6 acc 0.0286 eff 0.0 outinratio 0.0 

ZH124_4mu_TCjmax_pT4l_genbin1_recobin6 acc 0.0317 eff 0.0 outinratio 0.0322 

ttH124_4mu_TCjmax_pT4l_genbin1_recobin6 acc 0.0123 eff 0.0 outinratio 0.0 

ggH124_4mu_TCjmax_pT4l_genbin2_recobin6 acc 0.0338 eff 0.0 outinratio 0.0 

VBFH124_4mu_TCjmax_pT4l_genbin2_recobin6 acc 0.04 eff 0.0 outinratio 0.0 

WminusH124_4mu_TCjmax_pT4l_genbin2_recobin6 acc 0.0423 eff 0.0 outinratio 0.0019 

WplusH124_4mu_TCjmax_pT4l_genbin2_recobin6 acc 0.0328 eff 0.0 outinratio 0.0 

ZH124_4mu_TCjmax_pT4l_genbin2_recobin6 acc 0.039 eff 0.0 outinratio 0.0322 

ttH124_4mu_TCjmax_pT4l_genbin2_recobin6 acc 0.0123 eff 0.0 outinratio 0.0 

ggH124_4mu_TCjmax_pT4l_genbin3_recobin6 acc 0.0266 eff 0.0 outinratio 0.0 

VBFH124_4mu_TCjmax_pT4l_genbin3_recobin6 acc 0.0421 eff 0.0 outinratio 0.0 

WminusH124_4mu_TCjmax_pT4l_genbin3_recobin6 acc 0.0293 eff 0.0 outinratio 0.0019 

WplusH124_4mu_TCjmax_pT4l_genbin3_recobin6 acc 0.0238 eff 0.0 outinratio 0.0 

ZH124_4mu_TCjmax_pT4l_genbin3_recobin6 acc 0.0255 eff 0.0 outinratio 0.0322 

ttH124_4mu_TCjmax_pT4l_genbin3_recobin6 acc 0.0101 eff 0.0 outinratio 0.0 

ggH124_4mu_TCjmax_pT4l_genbin4_recobin6 acc 0.021 eff 0.0 outinratio 0.0 

VBFH124_4mu_TCjmax_pT4l_genbin4_recobin6 acc 0.0641 eff 0.0 outinratio 0.0 

WminusH124_4mu_TCjmax_pT4l_genbin4_recobin6 acc 0.0266 eff 0.0 outinratio 0.0019 

WplusH124_4mu_TCjmax_pT4l_genbin4_recobin6 acc 0.0257 eff 0.0 outinratio 0.0 

ZH124_4mu_TCjmax_pT4l_genbin4_recobin6 acc 0.0285 eff 0.0 outinratio 0.0322 

ttH124_4mu_TCjmax_pT4l_genbin4_recobin6 acc 0.0079 eff 0.0 outinratio 0.0 

ggH124_4mu_TCjmax_pT4l_genbin5_recobin6 acc 0.0147 eff 0.0 outinratio 0.0 

VBFH124_4mu_TCjmax_pT4l_genbin5_recobin6 acc 0.0682 eff 0.0194 outinratio 0.0 

WminusH124_4mu_TCjmax_pT4l_genbin5_recobin6 acc 0.0318 eff 0.0016 outinratio 0.0019 

WplusH124_4mu_TCjmax_pT4l_genbin5_recobin6 acc 0.0247 eff 0.0014 outinratio 0.0 

ZH124_4mu_TCjmax_pT4l_genbin5_recobin6 acc 0.0323 eff 0.0 outinratio 0.0322 

ttH124_4mu_TCjmax_pT4l_genbin5_recobin6 acc 0.0108 eff 0.0638 outinratio 0.0 

ggH124_4mu_TCjmax_pT4l_genbin6_recobin6 acc 0.012 eff 0.5982 outinratio 0.0 

VBFH124_4mu_TCjmax_pT4l_genbin6_recobin6 acc 0.0688 eff 0.5363 outinratio 0.0 

WminusH124_4mu_TCjmax_pT4l_genbin6_recobin6 acc 0.019 eff 0.5077 outinratio 0.0019 

WplusH124_4mu_TCjmax_pT4l_genbin6_recobin6 acc 0.0164 eff 0.4265 outinratio 0.0 

ZH124_4mu_TCjmax_pT4l_genbin6_recobin6 acc 0.0188 eff 0.5491 outinratio 0.0322 

ttH124_4mu_TCjmax_pT4l_genbin6_recobin6 acc 0.0296 eff 0.3541 outinratio 0.0 

ggH124_4mu_TCjmax_pT4l_genbin7_recobin6 acc 0.0296 eff 0.0053 outinratio 0.0 

VBFH124_4mu_TCjmax_pT4l_genbin7_recobin6 acc 0.0657 eff 0.0399 outinratio 0.0 

WminusH124_4mu_TCjmax_pT4l_genbin7_recobin6 acc 0.1211 eff 0.0107 outinratio 0.0019 

WplusH124_4mu_TCjmax_pT4l_genbin7_recobin6 acc 0.1192 eff 0.0066 outinratio 0.0 

ZH124_4mu_TCjmax_pT4l_genbin7_recobin6 acc 0.133 eff 0.0109 outinratio 0.0322 

ttH124_4mu_TCjmax_pT4l_genbin7_recobin6 acc 0.3942 eff 0.0102 outinratio 0.0 

ggH124_4mu_TCjmax_pT4l_genbin8_recobin6 acc 0.0054 eff 0.0 outinratio 0.0 

VBFH124_4mu_TCjmax_pT4l_genbin8_recobin6 acc 0.0133 eff 0.0551 outinratio 0.0 

WminusH124_4mu_TCjmax_pT4l_genbin8_recobin6 acc 0.0144 eff 0.0 outinratio 0.0019 

WplusH124_4mu_TCjmax_pT4l_genbin8_recobin6 acc 0.0159 eff 0.0 outinratio 0.0 

ZH124_4mu_TCjmax_pT4l_genbin8_recobin6 acc 0.0148 eff 0.0 outinratio 0.0322 

ttH124_4mu_TCjmax_pT4l_genbin8_recobin6 acc 0.0585 eff 0.0395 outinratio 0.0 

ggH124_4mu_TCjmax_pT4l_genbin0_recobin7 acc 0.2964 eff 0.0014 outinratio 0.0111 

VBFH124_4mu_TCjmax_pT4l_genbin0_recobin7 acc 0.077 eff 0.0 outinratio 0.0 

WminusH124_4mu_TCjmax_pT4l_genbin0_recobin7 acc 0.1121 eff 0.0203 outinratio 0.0093 

WplusH124_4mu_TCjmax_pT4l_genbin0_recobin7 acc 0.0938 eff 0.0205 outinratio 0.007 

ZH124_4mu_TCjmax_pT4l_genbin0_recobin7 acc 0.0827 eff 0.0048 outinratio 0.0328 

ttH124_4mu_TCjmax_pT4l_genbin0_recobin7 acc 0.0014 eff -1.0 outinratio 0.0259 

ggH124_4mu_TCjmax_pT4l_genbin1_recobin7 acc 0.0194 eff 0.0103 outinratio 0.0111 

VBFH124_4mu_TCjmax_pT4l_genbin1_recobin7 acc 0.038 eff 0.0165 outinratio 0.0 

WminusH124_4mu_TCjmax_pT4l_genbin1_recobin7 acc 0.0363 eff 0.0363 outinratio 0.0093 

WplusH124_4mu_TCjmax_pT4l_genbin1_recobin7 acc 0.0286 eff 0.0325 outinratio 0.007 

ZH124_4mu_TCjmax_pT4l_genbin1_recobin7 acc 0.0317 eff 0.0431 outinratio 0.0328 

ttH124_4mu_TCjmax_pT4l_genbin1_recobin7 acc 0.0123 eff 0.1227 outinratio 0.0259 

ggH124_4mu_TCjmax_pT4l_genbin2_recobin7 acc 0.0338 eff 0.0 outinratio 0.0111 

VBFH124_4mu_TCjmax_pT4l_genbin2_recobin7 acc 0.04 eff 0.0 outinratio 0.0 

WminusH124_4mu_TCjmax_pT4l_genbin2_recobin7 acc 0.0423 eff 0.0625 outinratio 0.0093 

WplusH124_4mu_TCjmax_pT4l_genbin2_recobin7 acc 0.0328 eff 0.0561 outinratio 0.007 

ZH124_4mu_TCjmax_pT4l_genbin2_recobin7 acc 0.039 eff 0.0579 outinratio 0.0328 

ttH124_4mu_TCjmax_pT4l_genbin2_recobin7 acc 0.0123 eff 0.1412 outinratio 0.0259 

ggH124_4mu_TCjmax_pT4l_genbin3_recobin7 acc 0.0266 eff 0.0156 outinratio 0.0111 

VBFH124_4mu_TCjmax_pT4l_genbin3_recobin7 acc 0.0421 eff 0.0103 outinratio 0.0 

WminusH124_4mu_TCjmax_pT4l_genbin3_recobin7 acc 0.0293 eff 0.0414 outinratio 0.0093 

WplusH124_4mu_TCjmax_pT4l_genbin3_recobin7 acc 0.0238 eff 0.0619 outinratio 0.007 

ZH124_4mu_TCjmax_pT4l_genbin3_recobin7 acc 0.0255 eff 0.0768 outinratio 0.0328 

ttH124_4mu_TCjmax_pT4l_genbin3_recobin7 acc 0.0101 eff 0.1839 outinratio 0.0259 

ggH124_4mu_TCjmax_pT4l_genbin4_recobin7 acc 0.021 eff 0.0053 outinratio 0.0111 

VBFH124_4mu_TCjmax_pT4l_genbin4_recobin7 acc 0.0641 eff 0.0283 outinratio 0.0 

WminusH124_4mu_TCjmax_pT4l_genbin4_recobin7 acc 0.0266 eff 0.0727 outinratio 0.0093 

WplusH124_4mu_TCjmax_pT4l_genbin4_recobin7 acc 0.0257 eff 0.0654 outinratio 0.007 

ZH124_4mu_TCjmax_pT4l_genbin4_recobin7 acc 0.0285 eff 0.0586 outinratio 0.0328 

ttH124_4mu_TCjmax_pT4l_genbin4_recobin7 acc 0.0079 eff 0.0 outinratio 0.0259 

ggH124_4mu_TCjmax_pT4l_genbin5_recobin7 acc 0.0147 eff 0.0159 outinratio 0.0111 

VBFH124_4mu_TCjmax_pT4l_genbin5_recobin7 acc 0.0682 eff 0.0271 outinratio 0.0 

WminusH124_4mu_TCjmax_pT4l_genbin5_recobin7 acc 0.0318 eff 0.0619 outinratio 0.0093 

WplusH124_4mu_TCjmax_pT4l_genbin5_recobin7 acc 0.0247 eff 0.0681 outinratio 0.007 

ZH124_4mu_TCjmax_pT4l_genbin5_recobin7 acc 0.0323 eff 0.0831 outinratio 0.0328 

ttH124_4mu_TCjmax_pT4l_genbin5_recobin7 acc 0.0108 eff 0.0625 outinratio 0.0259 

ggH124_4mu_TCjmax_pT4l_genbin6_recobin7 acc 0.012 eff 0.0434 outinratio 0.0111 

VBFH124_4mu_TCjmax_pT4l_genbin6_recobin7 acc 0.0688 eff 0.0432 outinratio 0.0 

WminusH124_4mu_TCjmax_pT4l_genbin6_recobin7 acc 0.019 eff 0.0839 outinratio 0.0093 

WplusH124_4mu_TCjmax_pT4l_genbin6_recobin7 acc 0.0164 eff 0.08 outinratio 0.007 

ZH124_4mu_TCjmax_pT4l_genbin6_recobin7 acc 0.0188 eff 0.0807 outinratio 0.0328 

ttH124_4mu_TCjmax_pT4l_genbin6_recobin7 acc 0.0296 eff 0.106 outinratio 0.0259 

ggH124_4mu_TCjmax_pT4l_genbin7_recobin7 acc 0.0296 eff 0.5502 outinratio 0.0111 

VBFH124_4mu_TCjmax_pT4l_genbin7_recobin7 acc 0.0657 eff 0.4952 outinratio 0.0 

WminusH124_4mu_TCjmax_pT4l_genbin7_recobin7 acc 0.1211 eff 0.5001 outinratio 0.0093 

WplusH124_4mu_TCjmax_pT4l_genbin7_recobin7 acc 0.1192 eff 0.5095 outinratio 0.007 

ZH124_4mu_TCjmax_pT4l_genbin7_recobin7 acc 0.133 eff 0.4832 outinratio 0.0328 

ttH124_4mu_TCjmax_pT4l_genbin7_recobin7 acc 0.3942 eff 0.3997 outinratio 0.0259 

ggH124_4mu_TCjmax_pT4l_genbin8_recobin7 acc 0.0054 eff 0.0 outinratio 0.0111 

VBFH124_4mu_TCjmax_pT4l_genbin8_recobin7 acc 0.0133 eff 0.0 outinratio 0.0 

WminusH124_4mu_TCjmax_pT4l_genbin8_recobin7 acc 0.0144 eff 0.0321 outinratio 0.0093 

WplusH124_4mu_TCjmax_pT4l_genbin8_recobin7 acc 0.0159 eff 0.0094 outinratio 0.007 

ZH124_4mu_TCjmax_pT4l_genbin8_recobin7 acc 0.0148 eff 0.021 outinratio 0.0328 

ttH124_4mu_TCjmax_pT4l_genbin8_recobin7 acc 0.0585 eff 0.0341 outinratio 0.0259 

ggH124_4mu_TCjmax_pT4l_genbin0_recobin8 acc 0.2964 eff 0.0 outinratio 0.0 

VBFH124_4mu_TCjmax_pT4l_genbin0_recobin8 acc 0.077 eff 0.0 outinratio 0.0 

WminusH124_4mu_TCjmax_pT4l_genbin0_recobin8 acc 0.1121 eff 0.0047 outinratio 0.0 

WplusH124_4mu_TCjmax_pT4l_genbin0_recobin8 acc 0.0938 eff 0.0038 outinratio 0.0209 

ZH124_4mu_TCjmax_pT4l_genbin0_recobin8 acc 0.0827 eff 0.0 outinratio 0.0271 

ttH124_4mu_TCjmax_pT4l_genbin0_recobin8 acc 0.0014 eff -1.0 outinratio 0.0467 

ggH124_4mu_TCjmax_pT4l_genbin1_recobin8 acc 0.0194 eff 0.0 outinratio 0.0 

VBFH124_4mu_TCjmax_pT4l_genbin1_recobin8 acc 0.038 eff 0.0 outinratio 0.0 

WminusH124_4mu_TCjmax_pT4l_genbin1_recobin8 acc 0.0363 eff 0.0 outinratio 0.0 

WplusH124_4mu_TCjmax_pT4l_genbin1_recobin8 acc 0.0286 eff 0.0 outinratio 0.0209 

ZH124_4mu_TCjmax_pT4l_genbin1_recobin8 acc 0.0317 eff 0.0 outinratio 0.0271 

ttH124_4mu_TCjmax_pT4l_genbin1_recobin8 acc 0.0123 eff 0.0 outinratio 0.0467 

ggH124_4mu_TCjmax_pT4l_genbin2_recobin8 acc 0.0338 eff 0.0 outinratio 0.0 

VBFH124_4mu_TCjmax_pT4l_genbin2_recobin8 acc 0.04 eff 0.0 outinratio 0.0 

WminusH124_4mu_TCjmax_pT4l_genbin2_recobin8 acc 0.0423 eff 0.0 outinratio 0.0 

WplusH124_4mu_TCjmax_pT4l_genbin2_recobin8 acc 0.0328 eff 0.0 outinratio 0.0209 

ZH124_4mu_TCjmax_pT4l_genbin2_recobin8 acc 0.039 eff 0.0 outinratio 0.0271 

ttH124_4mu_TCjmax_pT4l_genbin2_recobin8 acc 0.0123 eff 0.0 outinratio 0.0467 

ggH124_4mu_TCjmax_pT4l_genbin3_recobin8 acc 0.0266 eff 0.0 outinratio 0.0 

VBFH124_4mu_TCjmax_pT4l_genbin3_recobin8 acc 0.0421 eff 0.0 outinratio 0.0 

WminusH124_4mu_TCjmax_pT4l_genbin3_recobin8 acc 0.0293 eff 0.0 outinratio 0.0 

WplusH124_4mu_TCjmax_pT4l_genbin3_recobin8 acc 0.0238 eff 0.0 outinratio 0.0209 

ZH124_4mu_TCjmax_pT4l_genbin3_recobin8 acc 0.0255 eff 0.0 outinratio 0.0271 

ttH124_4mu_TCjmax_pT4l_genbin3_recobin8 acc 0.0101 eff 0.0 outinratio 0.0467 

ggH124_4mu_TCjmax_pT4l_genbin4_recobin8 acc 0.021 eff 0.0 outinratio 0.0 

VBFH124_4mu_TCjmax_pT4l_genbin4_recobin8 acc 0.0641 eff 0.0 outinratio 0.0 

WminusH124_4mu_TCjmax_pT4l_genbin4_recobin8 acc 0.0266 eff 0.0 outinratio 0.0 

WplusH124_4mu_TCjmax_pT4l_genbin4_recobin8 acc 0.0257 eff 0.0 outinratio 0.0209 

ZH124_4mu_TCjmax_pT4l_genbin4_recobin8 acc 0.0285 eff 0.0 outinratio 0.0271 

ttH124_4mu_TCjmax_pT4l_genbin4_recobin8 acc 0.0079 eff 0.0 outinratio 0.0467 

ggH124_4mu_TCjmax_pT4l_genbin5_recobin8 acc 0.0147 eff 0.0 outinratio 0.0 

VBFH124_4mu_TCjmax_pT4l_genbin5_recobin8 acc 0.0682 eff 0.0 outinratio 0.0 

WminusH124_4mu_TCjmax_pT4l_genbin5_recobin8 acc 0.0318 eff 0.0 outinratio 0.0 

WplusH124_4mu_TCjmax_pT4l_genbin5_recobin8 acc 0.0247 eff 0.0 outinratio 0.0209 

ZH124_4mu_TCjmax_pT4l_genbin5_recobin8 acc 0.0323 eff 0.0 outinratio 0.0271 

ttH124_4mu_TCjmax_pT4l_genbin5_recobin8 acc 0.0108 eff 0.0 outinratio 0.0467 

ggH124_4mu_TCjmax_pT4l_genbin6_recobin8 acc 0.012 eff 0.0 outinratio 0.0 

VBFH124_4mu_TCjmax_pT4l_genbin6_recobin8 acc 0.0688 eff 0.0268 outinratio 0.0 

WminusH124_4mu_TCjmax_pT4l_genbin6_recobin8 acc 0.019 eff 0.0084 outinratio 0.0 

WplusH124_4mu_TCjmax_pT4l_genbin6_recobin8 acc 0.0164 eff 0.0074 outinratio 0.0209 

ZH124_4mu_TCjmax_pT4l_genbin6_recobin8 acc 0.0188 eff 0.0 outinratio 0.0271 

ttH124_4mu_TCjmax_pT4l_genbin6_recobin8 acc 0.0296 eff 0.0647 outinratio 0.0467 

ggH124_4mu_TCjmax_pT4l_genbin7_recobin8 acc 0.0296 eff 0.0 outinratio 0.0 

VBFH124_4mu_TCjmax_pT4l_genbin7_recobin8 acc 0.0657 eff 0.0 outinratio 0.0 

WminusH124_4mu_TCjmax_pT4l_genbin7_recobin8 acc 0.1211 eff 0.0007 outinratio 0.0 

WplusH124_4mu_TCjmax_pT4l_genbin7_recobin8 acc 0.1192 eff 0.0011 outinratio 0.0209 

ZH124_4mu_TCjmax_pT4l_genbin7_recobin8 acc 0.133 eff 0.0013 outinratio 0.0271 

ttH124_4mu_TCjmax_pT4l_genbin7_recobin8 acc 0.3942 eff 0.0 outinratio 0.0467 

ggH124_4mu_TCjmax_pT4l_genbin8_recobin8 acc 0.0054 eff 0.6385 outinratio 0.0 

VBFH124_4mu_TCjmax_pT4l_genbin8_recobin8 acc 0.0133 eff 0.7162 outinratio 0.0 

WminusH124_4mu_TCjmax_pT4l_genbin8_recobin8 acc 0.0144 eff 0.6115 outinratio 0.0 

WplusH124_4mu_TCjmax_pT4l_genbin8_recobin8 acc 0.0159 eff 0.6406 outinratio 0.0209 

ZH124_4mu_TCjmax_pT4l_genbin8_recobin8 acc 0.0148 eff 0.6477 outinratio 0.0271 

ttH124_4mu_TCjmax_pT4l_genbin8_recobin8 acc 0.0585 eff 0.6134 outinratio 0.0467 

ggH124_2e2mu_TCjmax_pT4l_genbin0_recobin0 acc 0.2809 eff 0.4144 outinratio 0.0063 

VBFH124_2e2mu_TCjmax_pT4l_genbin0_recobin0 acc 0.0735 eff 0.4299 outinratio 0.0 

WminusH124_2e2mu_TCjmax_pT4l_genbin0_recobin0 acc 0.1001 eff 0.312 outinratio 0.0635 

WplusH124_2e2mu_TCjmax_pT4l_genbin0_recobin0 acc 0.0845 eff 0.3518 outinratio 0.0398 

ZH124_2e2mu_TCjmax_pT4l_genbin0_recobin0 acc 0.0789 eff 0.3822 outinratio 0.0787 

ttH124_2e2mu_TCjmax_pT4l_genbin0_recobin0 acc 0.0019 eff -1.0 outinratio 0.0 

ggH124_2e2mu_TCjmax_pT4l_genbin1_recobin0 acc 0.0165 eff 0.1159 outinratio 0.0063 

VBFH124_2e2mu_TCjmax_pT4l_genbin1_recobin0 acc 0.0337 eff 0.0682 outinratio 0.0 

WminusH124_2e2mu_TCjmax_pT4l_genbin1_recobin0 acc 0.0319 eff 0.0338 outinratio 0.0635 

WplusH124_2e2mu_TCjmax_pT4l_genbin1_recobin0 acc 0.0266 eff 0.0439 outinratio 0.0398 

ZH124_2e2mu_TCjmax_pT4l_genbin1_recobin0 acc 0.0314 eff 0.0295 outinratio 0.0787 

ttH124_2e2mu_TCjmax_pT4l_genbin1_recobin0 acc 0.0046 eff 0.0 outinratio 0.0 

ggH124_2e2mu_TCjmax_pT4l_genbin2_recobin0 acc 0.0335 eff 0.0838 outinratio 0.0063 

VBFH124_2e2mu_TCjmax_pT4l_genbin2_recobin0 acc 0.0458 eff 0.0434 outinratio 0.0 

WminusH124_2e2mu_TCjmax_pT4l_genbin2_recobin0 acc 0.0357 eff 0.0382 outinratio 0.0635 

WplusH124_2e2mu_TCjmax_pT4l_genbin2_recobin0 acc 0.029 eff 0.0442 outinratio 0.0398 

ZH124_2e2mu_TCjmax_pT4l_genbin2_recobin0 acc 0.0328 eff 0.0426 outinratio 0.0787 

ttH124_2e2mu_TCjmax_pT4l_genbin2_recobin0 acc 0.0058 eff 0.0 outinratio 0.0 

ggH124_2e2mu_TCjmax_pT4l_genbin3_recobin0 acc 0.0211 eff 0.0275 outinratio 0.0063 

VBFH124_2e2mu_TCjmax_pT4l_genbin3_recobin0 acc 0.0409 eff 0.0782 outinratio 0.0 

WminusH124_2e2mu_TCjmax_pT4l_genbin3_recobin0 acc 0.0276 eff 0.019 outinratio 0.0635 

WplusH124_2e2mu_TCjmax_pT4l_genbin3_recobin0 acc 0.0243 eff 0.0309 outinratio 0.0398 

ZH124_2e2mu_TCjmax_pT4l_genbin3_recobin0 acc 0.0275 eff 0.0188 outinratio 0.0787 

ttH124_2e2mu_TCjmax_pT4l_genbin3_recobin0 acc 0.0058 eff 0.0 outinratio 0.0 

ggH124_2e2mu_TCjmax_pT4l_genbin4_recobin0 acc 0.0209 eff 0.031 outinratio 0.0063 

VBFH124_2e2mu_TCjmax_pT4l_genbin4_recobin0 acc 0.0536 eff 0.0452 outinratio 0.0 

WminusH124_2e2mu_TCjmax_pT4l_genbin4_recobin0 acc 0.0252 eff 0.0133 outinratio 0.0635 

WplusH124_2e2mu_TCjmax_pT4l_genbin4_recobin0 acc 0.0244 eff 0.0146 outinratio 0.0398 

ZH124_2e2mu_TCjmax_pT4l_genbin4_recobin0 acc 0.0294 eff 0.0313 outinratio 0.0787 

ttH124_2e2mu_TCjmax_pT4l_genbin4_recobin0 acc 0.0104 eff 0.0 outinratio 0.0 

ggH124_2e2mu_TCjmax_pT4l_genbin5_recobin0 acc 0.0146 eff 0.0165 outinratio 0.0063 

VBFH124_2e2mu_TCjmax_pT4l_genbin5_recobin0 acc 0.0617 eff 0.0239 outinratio 0.0 

WminusH124_2e2mu_TCjmax_pT4l_genbin5_recobin0 acc 0.0252 eff 0.0129 outinratio 0.0635 

WplusH124_2e2mu_TCjmax_pT4l_genbin5_recobin0 acc 0.0243 eff 0.0154 outinratio 0.0398 

ZH124_2e2mu_TCjmax_pT4l_genbin5_recobin0 acc 0.0224 eff 0.0185 outinratio 0.0787 

ttH124_2e2mu_TCjmax_pT4l_genbin5_recobin0 acc 0.0138 eff 0.0 outinratio 0.0 

ggH124_2e2mu_TCjmax_pT4l_genbin6_recobin0 acc 0.0108 eff 0.0105 outinratio 0.0063 

VBFH124_2e2mu_TCjmax_pT4l_genbin6_recobin0 acc 0.07 eff 0.001 outinratio 0.0 

WminusH124_2e2mu_TCjmax_pT4l_genbin6_recobin0 acc 0.0178 eff 0.038 outinratio 0.0635 

WplusH124_2e2mu_TCjmax_pT4l_genbin6_recobin0 acc 0.0171 eff 0.0216 outinratio 0.0398 

ZH124_2e2mu_TCjmax_pT4l_genbin6_recobin0 acc 0.0156 eff 0.0247 outinratio 0.0787 

ttH124_2e2mu_TCjmax_pT4l_genbin6_recobin0 acc 0.0242 eff 0.0 outinratio 0.0 

ggH124_2e2mu_TCjmax_pT4l_genbin7_recobin0 acc 0.0276 eff 0.0 outinratio 0.0063 

VBFH124_2e2mu_TCjmax_pT4l_genbin7_recobin0 acc 0.0741 eff 0.0067 outinratio 0.0 

WminusH124_2e2mu_TCjmax_pT4l_genbin7_recobin0 acc 0.1117 eff 0.0035 outinratio 0.0635 

WplusH124_2e2mu_TCjmax_pT4l_genbin7_recobin0 acc 0.109 eff 0.0019 outinratio 0.0398 

ZH124_2e2mu_TCjmax_pT4l_genbin7_recobin0 acc 0.1249 eff 0.0027 outinratio 0.0787 

ttH124_2e2mu_TCjmax_pT4l_genbin7_recobin0 acc 0.3496 eff 0.0 outinratio 0.0 

ggH124_2e2mu_TCjmax_pT4l_genbin8_recobin0 acc 0.0041 eff 0.0 outinratio 0.0063 

VBFH124_2e2mu_TCjmax_pT4l_genbin8_recobin0 acc 0.0159 eff 0.0 outinratio 0.0 

WminusH124_2e2mu_TCjmax_pT4l_genbin8_recobin0 acc 0.0142 eff 0.0 outinratio 0.0635 

WplusH124_2e2mu_TCjmax_pT4l_genbin8_recobin0 acc 0.0163 eff 0.0 outinratio 0.0398 

ZH124_2e2mu_TCjmax_pT4l_genbin8_recobin0 acc 0.0166 eff 0.0 outinratio 0.0787 

ttH124_2e2mu_TCjmax_pT4l_genbin8_recobin0 acc 0.0519 eff 0.0 outinratio 0.0 

ggH124_2e2mu_TCjmax_pT4l_genbin0_recobin1 acc 0.2809 eff 0.0254 outinratio 0.0097 

VBFH124_2e2mu_TCjmax_pT4l_genbin0_recobin1 acc 0.0735 eff 0.0443 outinratio 0.0 

WminusH124_2e2mu_TCjmax_pT4l_genbin0_recobin1 acc 0.1001 eff 0.03 outinratio 0.0081 

WplusH124_2e2mu_TCjmax_pT4l_genbin0_recobin1 acc 0.0845 eff 0.0167 outinratio 0.0195 

ZH124_2e2mu_TCjmax_pT4l_genbin0_recobin1 acc 0.0789 eff 0.0195 outinratio 0.0538 

ttH124_2e2mu_TCjmax_pT4l_genbin0_recobin1 acc 0.0019 eff -1.0 outinratio 4.5214 

ggH124_2e2mu_TCjmax_pT4l_genbin1_recobin1 acc 0.0165 eff 0.3274 outinratio 0.0097 

VBFH124_2e2mu_TCjmax_pT4l_genbin1_recobin1 acc 0.0337 eff 0.3411 outinratio 0.0 

WminusH124_2e2mu_TCjmax_pT4l_genbin1_recobin1 acc 0.0319 eff 0.356 outinratio 0.0081 

WplusH124_2e2mu_TCjmax_pT4l_genbin1_recobin1 acc 0.0266 eff 0.3641 outinratio 0.0195 

ZH124_2e2mu_TCjmax_pT4l_genbin1_recobin1 acc 0.0314 eff 0.2958 outinratio 0.0538 

ttH124_2e2mu_TCjmax_pT4l_genbin1_recobin1 acc 0.0046 eff -0.0965 outinratio 4.5214 

ggH124_2e2mu_TCjmax_pT4l_genbin2_recobin1 acc 0.0335 eff 0.0073 outinratio 0.0097 

VBFH124_2e2mu_TCjmax_pT4l_genbin2_recobin1 acc 0.0458 eff 0.024 outinratio 0.0 

WminusH124_2e2mu_TCjmax_pT4l_genbin2_recobin1 acc 0.0357 eff 0.0089 outinratio 0.0081 

WplusH124_2e2mu_TCjmax_pT4l_genbin2_recobin1 acc 0.029 eff 0.0106 outinratio 0.0195 

ZH124_2e2mu_TCjmax_pT4l_genbin2_recobin1 acc 0.0328 eff 0.013 outinratio 0.0538 

ttH124_2e2mu_TCjmax_pT4l_genbin2_recobin1 acc 0.0058 eff 0.0 outinratio 4.5214 

ggH124_2e2mu_TCjmax_pT4l_genbin3_recobin1 acc 0.0211 eff 0.0 outinratio 0.0097 

VBFH124_2e2mu_TCjmax_pT4l_genbin3_recobin1 acc 0.0409 eff 0.0 outinratio 0.0 

WminusH124_2e2mu_TCjmax_pT4l_genbin3_recobin1 acc 0.0276 eff 0.0 outinratio 0.0081 

WplusH124_2e2mu_TCjmax_pT4l_genbin3_recobin1 acc 0.0243 eff 0.0 outinratio 0.0195 

ZH124_2e2mu_TCjmax_pT4l_genbin3_recobin1 acc 0.0275 eff 0.0 outinratio 0.0538 

ttH124_2e2mu_TCjmax_pT4l_genbin3_recobin1 acc 0.0058 eff 0.0 outinratio 4.5214 

ggH124_2e2mu_TCjmax_pT4l_genbin4_recobin1 acc 0.0209 eff 0.0 outinratio 0.0097 

VBFH124_2e2mu_TCjmax_pT4l_genbin4_recobin1 acc 0.0536 eff 0.0 outinratio 0.0 

WminusH124_2e2mu_TCjmax_pT4l_genbin4_recobin1 acc 0.0252 eff 0.0 outinratio 0.0081 

WplusH124_2e2mu_TCjmax_pT4l_genbin4_recobin1 acc 0.0244 eff 0.0 outinratio 0.0195 

ZH124_2e2mu_TCjmax_pT4l_genbin4_recobin1 acc 0.0294 eff 0.0 outinratio 0.0538 

ttH124_2e2mu_TCjmax_pT4l_genbin4_recobin1 acc 0.0104 eff 0.0 outinratio 4.5214 

ggH124_2e2mu_TCjmax_pT4l_genbin5_recobin1 acc 0.0146 eff 0.0 outinratio 0.0097 

VBFH124_2e2mu_TCjmax_pT4l_genbin5_recobin1 acc 0.0617 eff 0.0 outinratio 0.0 

WminusH124_2e2mu_TCjmax_pT4l_genbin5_recobin1 acc 0.0252 eff 0.0 outinratio 0.0081 

WplusH124_2e2mu_TCjmax_pT4l_genbin5_recobin1 acc 0.0243 eff 0.0 outinratio 0.0195 

ZH124_2e2mu_TCjmax_pT4l_genbin5_recobin1 acc 0.0224 eff 0.0 outinratio 0.0538 

ttH124_2e2mu_TCjmax_pT4l_genbin5_recobin1 acc 0.0138 eff 0.0 outinratio 4.5214 

ggH124_2e2mu_TCjmax_pT4l_genbin6_recobin1 acc 0.0108 eff 0.0 outinratio 0.0097 

VBFH124_2e2mu_TCjmax_pT4l_genbin6_recobin1 acc 0.07 eff 0.0 outinratio 0.0 

WminusH124_2e2mu_TCjmax_pT4l_genbin6_recobin1 acc 0.0178 eff 0.0 outinratio 0.0081 

WplusH124_2e2mu_TCjmax_pT4l_genbin6_recobin1 acc 0.0171 eff 0.0 outinratio 0.0195 

ZH124_2e2mu_TCjmax_pT4l_genbin6_recobin1 acc 0.0156 eff 0.0 outinratio 0.0538 

ttH124_2e2mu_TCjmax_pT4l_genbin6_recobin1 acc 0.0242 eff 0.0 outinratio 4.5214 

ggH124_2e2mu_TCjmax_pT4l_genbin7_recobin1 acc 0.0276 eff 0.0017 outinratio 0.0097 

VBFH124_2e2mu_TCjmax_pT4l_genbin7_recobin1 acc 0.0741 eff 0.0032 outinratio 0.0 

WminusH124_2e2mu_TCjmax_pT4l_genbin7_recobin1 acc 0.1117 eff 0.0025 outinratio 0.0081 

WplusH124_2e2mu_TCjmax_pT4l_genbin7_recobin1 acc 0.109 eff 0.0024 outinratio 0.0195 

ZH124_2e2mu_TCjmax_pT4l_genbin7_recobin1 acc 0.1249 eff 0.0056 outinratio 0.0538 

ttH124_2e2mu_TCjmax_pT4l_genbin7_recobin1 acc 0.3496 eff 0.0014 outinratio 4.5214 

ggH124_2e2mu_TCjmax_pT4l_genbin8_recobin1 acc 0.0041 eff 0.0 outinratio 0.0097 

VBFH124_2e2mu_TCjmax_pT4l_genbin8_recobin1 acc 0.0159 eff 0.0 outinratio 0.0 

WminusH124_2e2mu_TCjmax_pT4l_genbin8_recobin1 acc 0.0142 eff 0.0 outinratio 0.0081 

WplusH124_2e2mu_TCjmax_pT4l_genbin8_recobin1 acc 0.0163 eff 0.0 outinratio 0.0195 

ZH124_2e2mu_TCjmax_pT4l_genbin8_recobin1 acc 0.0166 eff 0.0 outinratio 0.0538 

ttH124_2e2mu_TCjmax_pT4l_genbin8_recobin1 acc 0.0519 eff 0.0 outinratio 4.5214 

ggH124_2e2mu_TCjmax_pT4l_genbin0_recobin2 acc 0.2809 eff 0.0107 outinratio 0.0019 

VBFH124_2e2mu_TCjmax_pT4l_genbin0_recobin2 acc 0.0735 eff 0.0292 outinratio 0.0144 

WminusH124_2e2mu_TCjmax_pT4l_genbin0_recobin2 acc 0.1001 eff 0.0228 outinratio 0.0204 

WplusH124_2e2mu_TCjmax_pT4l_genbin0_recobin2 acc 0.0845 eff 0.0138 outinratio 0.0089 

ZH124_2e2mu_TCjmax_pT4l_genbin0_recobin2 acc 0.0789 eff 0.0141 outinratio 0.0248 

ttH124_2e2mu_TCjmax_pT4l_genbin0_recobin2 acc 0.0019 eff -1.0 outinratio 0.0 

ggH124_2e2mu_TCjmax_pT4l_genbin1_recobin2 acc 0.0165 eff 0.0216 outinratio 0.0019 

VBFH124_2e2mu_TCjmax_pT4l_genbin1_recobin2 acc 0.0337 eff 0.0159 outinratio 0.0144 

WminusH124_2e2mu_TCjmax_pT4l_genbin1_recobin2 acc 0.0319 eff 0.0074 outinratio 0.0204 

WplusH124_2e2mu_TCjmax_pT4l_genbin1_recobin2 acc 0.0266 eff 0.0143 outinratio 0.0089 

ZH124_2e2mu_TCjmax_pT4l_genbin1_recobin2 acc 0.0314 eff 0.0133 outinratio 0.0248 

ttH124_2e2mu_TCjmax_pT4l_genbin1_recobin2 acc 0.0046 eff 0.0 outinratio 0.0 

ggH124_2e2mu_TCjmax_pT4l_genbin2_recobin2 acc 0.0335 eff 0.3574 outinratio 0.0019 

VBFH124_2e2mu_TCjmax_pT4l_genbin2_recobin2 acc 0.0458 eff 0.4037 outinratio 0.0144 

WminusH124_2e2mu_TCjmax_pT4l_genbin2_recobin2 acc 0.0357 eff 0.3484 outinratio 0.0204 

WplusH124_2e2mu_TCjmax_pT4l_genbin2_recobin2 acc 0.029 eff 0.3587 outinratio 0.0089 

ZH124_2e2mu_TCjmax_pT4l_genbin2_recobin2 acc 0.0328 eff 0.304 outinratio 0.0248 

ttH124_2e2mu_TCjmax_pT4l_genbin2_recobin2 acc 0.0058 eff 0.2497 outinratio 0.0 

ggH124_2e2mu_TCjmax_pT4l_genbin3_recobin2 acc 0.0211 eff 0.0272 outinratio 0.0019 

VBFH124_2e2mu_TCjmax_pT4l_genbin3_recobin2 acc 0.0409 eff 0.0099 outinratio 0.0144 

WminusH124_2e2mu_TCjmax_pT4l_genbin3_recobin2 acc 0.0276 eff 0.034 outinratio 0.0204 

WplusH124_2e2mu_TCjmax_pT4l_genbin3_recobin2 acc 0.0243 eff 0.0162 outinratio 0.0089 

ZH124_2e2mu_TCjmax_pT4l_genbin3_recobin2 acc 0.0275 eff 0.0328 outinratio 0.0248 

ttH124_2e2mu_TCjmax_pT4l_genbin3_recobin2 acc 0.0058 eff 0.0 outinratio 0.0 

ggH124_2e2mu_TCjmax_pT4l_genbin4_recobin2 acc 0.0209 eff 0.0 outinratio 0.0019 

VBFH124_2e2mu_TCjmax_pT4l_genbin4_recobin2 acc 0.0536 eff 0.0 outinratio 0.0144 

WminusH124_2e2mu_TCjmax_pT4l_genbin4_recobin2 acc 0.0252 eff 0.0 outinratio 0.0204 

WplusH124_2e2mu_TCjmax_pT4l_genbin4_recobin2 acc 0.0244 eff 0.0 outinratio 0.0089 

ZH124_2e2mu_TCjmax_pT4l_genbin4_recobin2 acc 0.0294 eff 0.0 outinratio 0.0248 

ttH124_2e2mu_TCjmax_pT4l_genbin4_recobin2 acc 0.0104 eff 0.0 outinratio 0.0 

ggH124_2e2mu_TCjmax_pT4l_genbin5_recobin2 acc 0.0146 eff 0.0 outinratio 0.0019 

VBFH124_2e2mu_TCjmax_pT4l_genbin5_recobin2 acc 0.0617 eff 0.0 outinratio 0.0144 

WminusH124_2e2mu_TCjmax_pT4l_genbin5_recobin2 acc 0.0252 eff 0.0 outinratio 0.0204 

WplusH124_2e2mu_TCjmax_pT4l_genbin5_recobin2 acc 0.0243 eff 0.0 outinratio 0.0089 

ZH124_2e2mu_TCjmax_pT4l_genbin5_recobin2 acc 0.0224 eff 0.0 outinratio 0.0248 

ttH124_2e2mu_TCjmax_pT4l_genbin5_recobin2 acc 0.0138 eff 0.0 outinratio 0.0 

ggH124_2e2mu_TCjmax_pT4l_genbin6_recobin2 acc 0.0108 eff 0.0 outinratio 0.0019 

VBFH124_2e2mu_TCjmax_pT4l_genbin6_recobin2 acc 0.07 eff 0.0 outinratio 0.0144 

WminusH124_2e2mu_TCjmax_pT4l_genbin6_recobin2 acc 0.0178 eff 0.0 outinratio 0.0204 

WplusH124_2e2mu_TCjmax_pT4l_genbin6_recobin2 acc 0.0171 eff 0.0 outinratio 0.0089 

ZH124_2e2mu_TCjmax_pT4l_genbin6_recobin2 acc 0.0156 eff 0.0 outinratio 0.0248 

ttH124_2e2mu_TCjmax_pT4l_genbin6_recobin2 acc 0.0242 eff 0.0 outinratio 0.0 

ggH124_2e2mu_TCjmax_pT4l_genbin7_recobin2 acc 0.0276 eff 0.0036 outinratio 0.0019 

VBFH124_2e2mu_TCjmax_pT4l_genbin7_recobin2 acc 0.0741 eff 0.0094 outinratio 0.0144 

WminusH124_2e2mu_TCjmax_pT4l_genbin7_recobin2 acc 0.1117 eff 0.0021 outinratio 0.0204 

WplusH124_2e2mu_TCjmax_pT4l_genbin7_recobin2 acc 0.109 eff 0.0027 outinratio 0.0089 

ZH124_2e2mu_TCjmax_pT4l_genbin7_recobin2 acc 0.1249 eff 0.0055 outinratio 0.0248 

ttH124_2e2mu_TCjmax_pT4l_genbin7_recobin2 acc 0.3496 eff 0.0017 outinratio 0.0 

ggH124_2e2mu_TCjmax_pT4l_genbin8_recobin2 acc 0.0041 eff 0.0 outinratio 0.0019 

VBFH124_2e2mu_TCjmax_pT4l_genbin8_recobin2 acc 0.0159 eff 0.0 outinratio 0.0144 

WminusH124_2e2mu_TCjmax_pT4l_genbin8_recobin2 acc 0.0142 eff 0.0 outinratio 0.0204 

WplusH124_2e2mu_TCjmax_pT4l_genbin8_recobin2 acc 0.0163 eff 0.0 outinratio 0.0089 

ZH124_2e2mu_TCjmax_pT4l_genbin8_recobin2 acc 0.0166 eff 0.0 outinratio 0.0248 

ttH124_2e2mu_TCjmax_pT4l_genbin8_recobin2 acc 0.0519 eff 0.0 outinratio 0.0 

ggH124_2e2mu_TCjmax_pT4l_genbin0_recobin3 acc 0.2809 eff 0.0049 outinratio 0.0 

VBFH124_2e2mu_TCjmax_pT4l_genbin0_recobin3 acc 0.0735 eff 0.0066 outinratio 0.0171 

WminusH124_2e2mu_TCjmax_pT4l_genbin0_recobin3 acc 0.1001 eff 0.0117 outinratio 0.0125 

WplusH124_2e2mu_TCjmax_pT4l_genbin0_recobin3 acc 0.0845 eff 0.0054 outinratio 0.0085 

ZH124_2e2mu_TCjmax_pT4l_genbin0_recobin3 acc 0.0789 eff 0.0107 outinratio 0.0218 

ttH124_2e2mu_TCjmax_pT4l_genbin0_recobin3 acc 0.0019 eff -1.0 outinratio 0.0 

ggH124_2e2mu_TCjmax_pT4l_genbin1_recobin3 acc 0.0165 eff 0.0 outinratio 0.0 

VBFH124_2e2mu_TCjmax_pT4l_genbin1_recobin3 acc 0.0337 eff 0.0 outinratio 0.0171 

WminusH124_2e2mu_TCjmax_pT4l_genbin1_recobin3 acc 0.0319 eff 0.0 outinratio 0.0125 

WplusH124_2e2mu_TCjmax_pT4l_genbin1_recobin3 acc 0.0266 eff 0.0 outinratio 0.0085 

ZH124_2e2mu_TCjmax_pT4l_genbin1_recobin3 acc 0.0314 eff 0.0 outinratio 0.0218 

ttH124_2e2mu_TCjmax_pT4l_genbin1_recobin3 acc 0.0046 eff 0.0 outinratio 0.0 

ggH124_2e2mu_TCjmax_pT4l_genbin2_recobin3 acc 0.0335 eff 0.0119 outinratio 0.0 

VBFH124_2e2mu_TCjmax_pT4l_genbin2_recobin3 acc 0.0458 eff 0.0349 outinratio 0.0171 

WminusH124_2e2mu_TCjmax_pT4l_genbin2_recobin3 acc 0.0357 eff 0.0154 outinratio 0.0125 

WplusH124_2e2mu_TCjmax_pT4l_genbin2_recobin3 acc 0.029 eff 0.0053 outinratio 0.0085 

ZH124_2e2mu_TCjmax_pT4l_genbin2_recobin3 acc 0.0328 eff 0.0117 outinratio 0.0218 

ttH124_2e2mu_TCjmax_pT4l_genbin2_recobin3 acc 0.0058 eff 0.0 outinratio 0.0 

ggH124_2e2mu_TCjmax_pT4l_genbin3_recobin3 acc 0.0211 eff 0.3714 outinratio 0.0 

VBFH124_2e2mu_TCjmax_pT4l_genbin3_recobin3 acc 0.0409 eff 0.3268 outinratio 0.0171 

WminusH124_2e2mu_TCjmax_pT4l_genbin3_recobin3 acc 0.0276 eff 0.3128 outinratio 0.0125 

WplusH124_2e2mu_TCjmax_pT4l_genbin3_recobin3 acc 0.0243 eff 0.3263 outinratio 0.0085 

ZH124_2e2mu_TCjmax_pT4l_genbin3_recobin3 acc 0.0275 eff 0.294 outinratio 0.0218 

ttH124_2e2mu_TCjmax_pT4l_genbin3_recobin3 acc 0.0058 eff 0.1622 outinratio 0.0 

ggH124_2e2mu_TCjmax_pT4l_genbin4_recobin3 acc 0.0209 eff 0.0154 outinratio 0.0 

VBFH124_2e2mu_TCjmax_pT4l_genbin4_recobin3 acc 0.0536 eff 0.0225 outinratio 0.0171 

WminusH124_2e2mu_TCjmax_pT4l_genbin4_recobin3 acc 0.0252 eff 0.0236 outinratio 0.0125 

WplusH124_2e2mu_TCjmax_pT4l_genbin4_recobin3 acc 0.0244 eff 0.0345 outinratio 0.0085 

ZH124_2e2mu_TCjmax_pT4l_genbin4_recobin3 acc 0.0294 eff 0.0118 outinratio 0.0218 

ttH124_2e2mu_TCjmax_pT4l_genbin4_recobin3 acc 0.0104 eff 0.0 outinratio 0.0 

ggH124_2e2mu_TCjmax_pT4l_genbin5_recobin3 acc 0.0146 eff 0.0 outinratio 0.0 

VBFH124_2e2mu_TCjmax_pT4l_genbin5_recobin3 acc 0.0617 eff 0.0 outinratio 0.0171 

WminusH124_2e2mu_TCjmax_pT4l_genbin5_recobin3 acc 0.0252 eff 0.0 outinratio 0.0125 

WplusH124_2e2mu_TCjmax_pT4l_genbin5_recobin3 acc 0.0243 eff 0.0 outinratio 0.0085 

ZH124_2e2mu_TCjmax_pT4l_genbin5_recobin3 acc 0.0224 eff 0.0 outinratio 0.0218 

ttH124_2e2mu_TCjmax_pT4l_genbin5_recobin3 acc 0.0138 eff 0.0 outinratio 0.0 

ggH124_2e2mu_TCjmax_pT4l_genbin6_recobin3 acc 0.0108 eff 0.0 outinratio 0.0 

VBFH124_2e2mu_TCjmax_pT4l_genbin6_recobin3 acc 0.07 eff 0.0 outinratio 0.0171 

WminusH124_2e2mu_TCjmax_pT4l_genbin6_recobin3 acc 0.0178 eff 0.0 outinratio 0.0125 

WplusH124_2e2mu_TCjmax_pT4l_genbin6_recobin3 acc 0.0171 eff 0.0 outinratio 0.0085 

ZH124_2e2mu_TCjmax_pT4l_genbin6_recobin3 acc 0.0156 eff 0.0 outinratio 0.0218 

ttH124_2e2mu_TCjmax_pT4l_genbin6_recobin3 acc 0.0242 eff 0.0 outinratio 0.0 

ggH124_2e2mu_TCjmax_pT4l_genbin7_recobin3 acc 0.0276 eff 0.0079 outinratio 0.0 

VBFH124_2e2mu_TCjmax_pT4l_genbin7_recobin3 acc 0.0741 eff 0.0033 outinratio 0.0171 

WminusH124_2e2mu_TCjmax_pT4l_genbin7_recobin3 acc 0.1117 eff 0.0035 outinratio 0.0125 

WplusH124_2e2mu_TCjmax_pT4l_genbin7_recobin3 acc 0.109 eff 0.0048 outinratio 0.0085 

ZH124_2e2mu_TCjmax_pT4l_genbin7_recobin3 acc 0.1249 eff 0.0029 outinratio 0.0218 

ttH124_2e2mu_TCjmax_pT4l_genbin7_recobin3 acc 0.3496 eff 0.0005 outinratio 0.0 

ggH124_2e2mu_TCjmax_pT4l_genbin8_recobin3 acc 0.0041 eff 0.0 outinratio 0.0 

VBFH124_2e2mu_TCjmax_pT4l_genbin8_recobin3 acc 0.0159 eff 0.0 outinratio 0.0171 

WminusH124_2e2mu_TCjmax_pT4l_genbin8_recobin3 acc 0.0142 eff 0.0 outinratio 0.0125 

WplusH124_2e2mu_TCjmax_pT4l_genbin8_recobin3 acc 0.0163 eff 0.0 outinratio 0.0085 

ZH124_2e2mu_TCjmax_pT4l_genbin8_recobin3 acc 0.0166 eff 0.0 outinratio 0.0218 

ttH124_2e2mu_TCjmax_pT4l_genbin8_recobin3 acc 0.0519 eff 0.0 outinratio 0.0 

ggH124_2e2mu_TCjmax_pT4l_genbin0_recobin4 acc 0.2809 eff 0.0012 outinratio 0.0 

VBFH124_2e2mu_TCjmax_pT4l_genbin0_recobin4 acc 0.0735 eff 0.0324 outinratio 0.0058 

WminusH124_2e2mu_TCjmax_pT4l_genbin0_recobin4 acc 0.1001 eff 0.0105 outinratio 0.0317 

WplusH124_2e2mu_TCjmax_pT4l_genbin0_recobin4 acc 0.0845 eff 0.0111 outinratio 0.0127 

ZH124_2e2mu_TCjmax_pT4l_genbin0_recobin4 acc 0.0789 eff 0.0082 outinratio 0.0185 

ttH124_2e2mu_TCjmax_pT4l_genbin0_recobin4 acc 0.0019 eff -1.0 outinratio 0.1018 

ggH124_2e2mu_TCjmax_pT4l_genbin1_recobin4 acc 0.0165 eff 0.0 outinratio 0.0 

VBFH124_2e2mu_TCjmax_pT4l_genbin1_recobin4 acc 0.0337 eff 0.0 outinratio 0.0058 

WminusH124_2e2mu_TCjmax_pT4l_genbin1_recobin4 acc 0.0319 eff 0.0 outinratio 0.0317 

WplusH124_2e2mu_TCjmax_pT4l_genbin1_recobin4 acc 0.0266 eff 0.0 outinratio 0.0127 

ZH124_2e2mu_TCjmax_pT4l_genbin1_recobin4 acc 0.0314 eff 0.0 outinratio 0.0185 

ttH124_2e2mu_TCjmax_pT4l_genbin1_recobin4 acc 0.0046 eff 0.0 outinratio 0.1018 

ggH124_2e2mu_TCjmax_pT4l_genbin2_recobin4 acc 0.0335 eff 0.0 outinratio 0.0 

VBFH124_2e2mu_TCjmax_pT4l_genbin2_recobin4 acc 0.0458 eff 0.0 outinratio 0.0058 

WminusH124_2e2mu_TCjmax_pT4l_genbin2_recobin4 acc 0.0357 eff 0.0 outinratio 0.0317 

WplusH124_2e2mu_TCjmax_pT4l_genbin2_recobin4 acc 0.029 eff 0.0 outinratio 0.0127 

ZH124_2e2mu_TCjmax_pT4l_genbin2_recobin4 acc 0.0328 eff 0.0 outinratio 0.0185 

ttH124_2e2mu_TCjmax_pT4l_genbin2_recobin4 acc 0.0058 eff 0.0 outinratio 0.1018 

ggH124_2e2mu_TCjmax_pT4l_genbin3_recobin4 acc 0.0211 eff 0.0134 outinratio 0.0 

VBFH124_2e2mu_TCjmax_pT4l_genbin3_recobin4 acc 0.0409 eff 0.0096 outinratio 0.0058 

WminusH124_2e2mu_TCjmax_pT4l_genbin3_recobin4 acc 0.0276 eff 0.0084 outinratio 0.0317 

WplusH124_2e2mu_TCjmax_pT4l_genbin3_recobin4 acc 0.0243 eff 0.0151 outinratio 0.0127 

ZH124_2e2mu_TCjmax_pT4l_genbin3_recobin4 acc 0.0275 eff 0.0133 outinratio 0.0185 

ttH124_2e2mu_TCjmax_pT4l_genbin3_recobin4 acc 0.0058 eff 0.0 outinratio 0.1018 

ggH124_2e2mu_TCjmax_pT4l_genbin4_recobin4 acc 0.0209 eff 0.4148 outinratio 0.0 

VBFH124_2e2mu_TCjmax_pT4l_genbin4_recobin4 acc 0.0536 eff 0.4817 outinratio 0.0058 

WminusH124_2e2mu_TCjmax_pT4l_genbin4_recobin4 acc 0.0252 eff 0.3847 outinratio 0.0317 

WplusH124_2e2mu_TCjmax_pT4l_genbin4_recobin4 acc 0.0244 eff 0.3359 outinratio 0.0127 

ZH124_2e2mu_TCjmax_pT4l_genbin4_recobin4 acc 0.0294 eff 0.3051 outinratio 0.0185 

ttH124_2e2mu_TCjmax_pT4l_genbin4_recobin4 acc 0.0104 eff 0.3258 outinratio 0.1018 

ggH124_2e2mu_TCjmax_pT4l_genbin5_recobin4 acc 0.0146 eff 0.0293 outinratio 0.0 

VBFH124_2e2mu_TCjmax_pT4l_genbin5_recobin4 acc 0.0617 eff 0.0059 outinratio 0.0058 

WminusH124_2e2mu_TCjmax_pT4l_genbin5_recobin4 acc 0.0252 eff 0.0155 outinratio 0.0317 

WplusH124_2e2mu_TCjmax_pT4l_genbin5_recobin4 acc 0.0243 eff 0.0183 outinratio 0.0127 

ZH124_2e2mu_TCjmax_pT4l_genbin5_recobin4 acc 0.0224 eff 0.0148 outinratio 0.0185 

ttH124_2e2mu_TCjmax_pT4l_genbin5_recobin4 acc 0.0138 eff 0.0 outinratio 0.1018 

ggH124_2e2mu_TCjmax_pT4l_genbin6_recobin4 acc 0.0108 eff 0.0 outinratio 0.0 

VBFH124_2e2mu_TCjmax_pT4l_genbin6_recobin4 acc 0.07 eff 0.0 outinratio 0.0058 

WminusH124_2e2mu_TCjmax_pT4l_genbin6_recobin4 acc 0.0178 eff 0.0 outinratio 0.0317 

WplusH124_2e2mu_TCjmax_pT4l_genbin6_recobin4 acc 0.0171 eff 0.0 outinratio 0.0127 

ZH124_2e2mu_TCjmax_pT4l_genbin6_recobin4 acc 0.0156 eff 0.0 outinratio 0.0185 

ttH124_2e2mu_TCjmax_pT4l_genbin6_recobin4 acc 0.0242 eff 0.0 outinratio 0.1018 

ggH124_2e2mu_TCjmax_pT4l_genbin7_recobin4 acc 0.0276 eff 0.006 outinratio 0.0 

VBFH124_2e2mu_TCjmax_pT4l_genbin7_recobin4 acc 0.0741 eff 0.0052 outinratio 0.0058 

WminusH124_2e2mu_TCjmax_pT4l_genbin7_recobin4 acc 0.1117 eff 0.0068 outinratio 0.0317 

WplusH124_2e2mu_TCjmax_pT4l_genbin7_recobin4 acc 0.109 eff 0.0044 outinratio 0.0127 

ZH124_2e2mu_TCjmax_pT4l_genbin7_recobin4 acc 0.1249 eff 0.0078 outinratio 0.0185 

ttH124_2e2mu_TCjmax_pT4l_genbin7_recobin4 acc 0.3496 eff 0.0028 outinratio 0.1018 

ggH124_2e2mu_TCjmax_pT4l_genbin8_recobin4 acc 0.0041 eff 0.0 outinratio 0.0 

VBFH124_2e2mu_TCjmax_pT4l_genbin8_recobin4 acc 0.0159 eff 0.0 outinratio 0.0058 

WminusH124_2e2mu_TCjmax_pT4l_genbin8_recobin4 acc 0.0142 eff 0.0 outinratio 0.0317 

WplusH124_2e2mu_TCjmax_pT4l_genbin8_recobin4 acc 0.0163 eff 0.0 outinratio 0.0127 

ZH124_2e2mu_TCjmax_pT4l_genbin8_recobin4 acc 0.0166 eff 0.0 outinratio 0.0185 

ttH124_2e2mu_TCjmax_pT4l_genbin8_recobin4 acc 0.0519 eff 0.0 outinratio 0.1018 

ggH124_2e2mu_TCjmax_pT4l_genbin0_recobin5 acc 0.2809 eff 0.0 outinratio 0.0153 

VBFH124_2e2mu_TCjmax_pT4l_genbin0_recobin5 acc 0.0735 eff 0.0035 outinratio 0.0 

WminusH124_2e2mu_TCjmax_pT4l_genbin0_recobin5 acc 0.1001 eff 0.0117 outinratio 0.0097 

WplusH124_2e2mu_TCjmax_pT4l_genbin0_recobin5 acc 0.0845 eff 0.0091 outinratio 0.0134 

ZH124_2e2mu_TCjmax_pT4l_genbin0_recobin5 acc 0.0789 eff 0.0007 outinratio 0.0896 

ttH124_2e2mu_TCjmax_pT4l_genbin0_recobin5 acc 0.0019 eff -1.0 outinratio 0.0736 

ggH124_2e2mu_TCjmax_pT4l_genbin1_recobin5 acc 0.0165 eff 0.0 outinratio 0.0153 

VBFH124_2e2mu_TCjmax_pT4l_genbin1_recobin5 acc 0.0337 eff 0.0 outinratio 0.0 

WminusH124_2e2mu_TCjmax_pT4l_genbin1_recobin5 acc 0.0319 eff 0.0 outinratio 0.0097 

WplusH124_2e2mu_TCjmax_pT4l_genbin1_recobin5 acc 0.0266 eff 0.0 outinratio 0.0134 

ZH124_2e2mu_TCjmax_pT4l_genbin1_recobin5 acc 0.0314 eff 0.0 outinratio 0.0896 

ttH124_2e2mu_TCjmax_pT4l_genbin1_recobin5 acc 0.0046 eff 0.0 outinratio 0.0736 

ggH124_2e2mu_TCjmax_pT4l_genbin2_recobin5 acc 0.0335 eff 0.0 outinratio 0.0153 

VBFH124_2e2mu_TCjmax_pT4l_genbin2_recobin5 acc 0.0458 eff 0.0 outinratio 0.0 

WminusH124_2e2mu_TCjmax_pT4l_genbin2_recobin5 acc 0.0357 eff 0.0 outinratio 0.0097 

WplusH124_2e2mu_TCjmax_pT4l_genbin2_recobin5 acc 0.029 eff 0.0 outinratio 0.0134 

ZH124_2e2mu_TCjmax_pT4l_genbin2_recobin5 acc 0.0328 eff 0.0 outinratio 0.0896 

ttH124_2e2mu_TCjmax_pT4l_genbin2_recobin5 acc 0.0058 eff 0.0 outinratio 0.0736 

ggH124_2e2mu_TCjmax_pT4l_genbin3_recobin5 acc 0.0211 eff 0.0 outinratio 0.0153 

VBFH124_2e2mu_TCjmax_pT4l_genbin3_recobin5 acc 0.0409 eff 0.0 outinratio 0.0 

WminusH124_2e2mu_TCjmax_pT4l_genbin3_recobin5 acc 0.0276 eff 0.0 outinratio 0.0097 

WplusH124_2e2mu_TCjmax_pT4l_genbin3_recobin5 acc 0.0243 eff 0.0 outinratio 0.0134 

ZH124_2e2mu_TCjmax_pT4l_genbin3_recobin5 acc 0.0275 eff 0.0 outinratio 0.0896 

ttH124_2e2mu_TCjmax_pT4l_genbin3_recobin5 acc 0.0058 eff 0.0 outinratio 0.0736 

ggH124_2e2mu_TCjmax_pT4l_genbin4_recobin5 acc 0.0209 eff 0.009 outinratio 0.0153 

VBFH124_2e2mu_TCjmax_pT4l_genbin4_recobin5 acc 0.0536 eff 0.0044 outinratio 0.0 

WminusH124_2e2mu_TCjmax_pT4l_genbin4_recobin5 acc 0.0252 eff 0.0137 outinratio 0.0097 

WplusH124_2e2mu_TCjmax_pT4l_genbin4_recobin5 acc 0.0244 eff 0.0085 outinratio 0.0134 

ZH124_2e2mu_TCjmax_pT4l_genbin4_recobin5 acc 0.0294 eff 0.0078 outinratio 0.0896 

ttH124_2e2mu_TCjmax_pT4l_genbin4_recobin5 acc 0.0104 eff 0.0 outinratio 0.0736 

ggH124_2e2mu_TCjmax_pT4l_genbin5_recobin5 acc 0.0146 eff 0.4134 outinratio 0.0153 

VBFH124_2e2mu_TCjmax_pT4l_genbin5_recobin5 acc 0.0617 eff 0.4 outinratio 0.0 

WminusH124_2e2mu_TCjmax_pT4l_genbin5_recobin5 acc 0.0252 eff 0.3827 outinratio 0.0097 

WplusH124_2e2mu_TCjmax_pT4l_genbin5_recobin5 acc 0.0243 eff 0.372 outinratio 0.0134 

ZH124_2e2mu_TCjmax_pT4l_genbin5_recobin5 acc 0.0224 eff 0.3977 outinratio 0.0896 

ttH124_2e2mu_TCjmax_pT4l_genbin5_recobin5 acc 0.0138 eff 0.2657 outinratio 0.0736 

ggH124_2e2mu_TCjmax_pT4l_genbin6_recobin5 acc 0.0108 eff 0.0155 outinratio 0.0153 

VBFH124_2e2mu_TCjmax_pT4l_genbin6_recobin5 acc 0.07 eff 0.0105 outinratio 0.0 

WminusH124_2e2mu_TCjmax_pT4l_genbin6_recobin5 acc 0.0178 eff 0.0141 outinratio 0.0097 

WplusH124_2e2mu_TCjmax_pT4l_genbin6_recobin5 acc 0.0171 eff 0.0202 outinratio 0.0134 

ZH124_2e2mu_TCjmax_pT4l_genbin6_recobin5 acc 0.0156 eff 0.0155 outinratio 0.0896 

ttH124_2e2mu_TCjmax_pT4l_genbin6_recobin5 acc 0.0242 eff 0.0 outinratio 0.0736 

ggH124_2e2mu_TCjmax_pT4l_genbin7_recobin5 acc 0.0276 eff 0.0093 outinratio 0.0153 

VBFH124_2e2mu_TCjmax_pT4l_genbin7_recobin5 acc 0.0741 eff 0.0056 outinratio 0.0 

WminusH124_2e2mu_TCjmax_pT4l_genbin7_recobin5 acc 0.1117 eff 0.0151 outinratio 0.0097 

WplusH124_2e2mu_TCjmax_pT4l_genbin7_recobin5 acc 0.109 eff 0.0122 outinratio 0.0134 

ZH124_2e2mu_TCjmax_pT4l_genbin7_recobin5 acc 0.1249 eff 0.0142 outinratio 0.0896 

ttH124_2e2mu_TCjmax_pT4l_genbin7_recobin5 acc 0.3496 eff 0.006 outinratio 0.0736 

ggH124_2e2mu_TCjmax_pT4l_genbin8_recobin5 acc 0.0041 eff 0.0 outinratio 0.0153 

VBFH124_2e2mu_TCjmax_pT4l_genbin8_recobin5 acc 0.0159 eff 0.0 outinratio 0.0 

WminusH124_2e2mu_TCjmax_pT4l_genbin8_recobin5 acc 0.0142 eff 0.0 outinratio 0.0097 

WplusH124_2e2mu_TCjmax_pT4l_genbin8_recobin5 acc 0.0163 eff 0.0 outinratio 0.0134 

ZH124_2e2mu_TCjmax_pT4l_genbin8_recobin5 acc 0.0166 eff 0.0 outinratio 0.0896 

ttH124_2e2mu_TCjmax_pT4l_genbin8_recobin5 acc 0.0519 eff 0.0 outinratio 0.0736 

ggH124_2e2mu_TCjmax_pT4l_genbin0_recobin6 acc 0.2809 eff 0.0 outinratio 0.0 

VBFH124_2e2mu_TCjmax_pT4l_genbin0_recobin6 acc 0.0735 eff 0.0 outinratio 0.0123 

WminusH124_2e2mu_TCjmax_pT4l_genbin0_recobin6 acc 0.1001 eff 0.011 outinratio 0.0426 

WplusH124_2e2mu_TCjmax_pT4l_genbin0_recobin6 acc 0.0845 eff 0.0153 outinratio 0.0293 

ZH124_2e2mu_TCjmax_pT4l_genbin0_recobin6 acc 0.0789 eff 0.0048 outinratio 0.0593 

ttH124_2e2mu_TCjmax_pT4l_genbin0_recobin6 acc 0.0019 eff -1.0 outinratio 0.0 

ggH124_2e2mu_TCjmax_pT4l_genbin1_recobin6 acc 0.0165 eff 0.0 outinratio 0.0 

VBFH124_2e2mu_TCjmax_pT4l_genbin1_recobin6 acc 0.0337 eff 0.0 outinratio 0.0123 

WminusH124_2e2mu_TCjmax_pT4l_genbin1_recobin6 acc 0.0319 eff 0.0 outinratio 0.0426 

WplusH124_2e2mu_TCjmax_pT4l_genbin1_recobin6 acc 0.0266 eff 0.0 outinratio 0.0293 

ZH124_2e2mu_TCjmax_pT4l_genbin1_recobin6 acc 0.0314 eff 0.0 outinratio 0.0593 

ttH124_2e2mu_TCjmax_pT4l_genbin1_recobin6 acc 0.0046 eff 0.0 outinratio 0.0 

ggH124_2e2mu_TCjmax_pT4l_genbin2_recobin6 acc 0.0335 eff 0.0 outinratio 0.0 

VBFH124_2e2mu_TCjmax_pT4l_genbin2_recobin6 acc 0.0458 eff 0.0 outinratio 0.0123 

WminusH124_2e2mu_TCjmax_pT4l_genbin2_recobin6 acc 0.0357 eff 0.0 outinratio 0.0426 

WplusH124_2e2mu_TCjmax_pT4l_genbin2_recobin6 acc 0.029 eff 0.0 outinratio 0.0293 

ZH124_2e2mu_TCjmax_pT4l_genbin2_recobin6 acc 0.0328 eff 0.0 outinratio 0.0593 

ttH124_2e2mu_TCjmax_pT4l_genbin2_recobin6 acc 0.0058 eff 0.0 outinratio 0.0 

ggH124_2e2mu_TCjmax_pT4l_genbin3_recobin6 acc 0.0211 eff 0.0 outinratio 0.0 

VBFH124_2e2mu_TCjmax_pT4l_genbin3_recobin6 acc 0.0409 eff 0.0 outinratio 0.0123 

WminusH124_2e2mu_TCjmax_pT4l_genbin3_recobin6 acc 0.0276 eff 0.0 outinratio 0.0426 

WplusH124_2e2mu_TCjmax_pT4l_genbin3_recobin6 acc 0.0243 eff 0.0 outinratio 0.0293 

ZH124_2e2mu_TCjmax_pT4l_genbin3_recobin6 acc 0.0275 eff 0.0 outinratio 0.0593 

ttH124_2e2mu_TCjmax_pT4l_genbin3_recobin6 acc 0.0058 eff 0.0 outinratio 0.0 

ggH124_2e2mu_TCjmax_pT4l_genbin4_recobin6 acc 0.0209 eff 0.0 outinratio 0.0 

VBFH124_2e2mu_TCjmax_pT4l_genbin4_recobin6 acc 0.0536 eff 0.0 outinratio 0.0123 

WminusH124_2e2mu_TCjmax_pT4l_genbin4_recobin6 acc 0.0252 eff 0.0 outinratio 0.0426 

WplusH124_2e2mu_TCjmax_pT4l_genbin4_recobin6 acc 0.0244 eff 0.0 outinratio 0.0293 

ZH124_2e2mu_TCjmax_pT4l_genbin4_recobin6 acc 0.0294 eff 0.0 outinratio 0.0593 

ttH124_2e2mu_TCjmax_pT4l_genbin4_recobin6 acc 0.0104 eff 0.0 outinratio 0.0 

ggH124_2e2mu_TCjmax_pT4l_genbin5_recobin6 acc 0.0146 eff 0.0103 outinratio 0.0 

VBFH124_2e2mu_TCjmax_pT4l_genbin5_recobin6 acc 0.0617 eff 0.0083 outinratio 0.0123 

WminusH124_2e2mu_TCjmax_pT4l_genbin5_recobin6 acc 0.0252 eff 0.0031 outinratio 0.0426 

WplusH124_2e2mu_TCjmax_pT4l_genbin5_recobin6 acc 0.0243 eff 0.0025 outinratio 0.0293 

ZH124_2e2mu_TCjmax_pT4l_genbin5_recobin6 acc 0.0224 eff 0.0073 outinratio 0.0593 

ttH124_2e2mu_TCjmax_pT4l_genbin5_recobin6 acc 0.0138 eff 0.0 outinratio 0.0 

ggH124_2e2mu_TCjmax_pT4l_genbin6_recobin6 acc 0.0108 eff 0.4195 outinratio 0.0 

VBFH124_2e2mu_TCjmax_pT4l_genbin6_recobin6 acc 0.07 eff 0.5042 outinratio 0.0123 

WminusH124_2e2mu_TCjmax_pT4l_genbin6_recobin6 acc 0.0178 eff 0.33 outinratio 0.0426 

WplusH124_2e2mu_TCjmax_pT4l_genbin6_recobin6 acc 0.0171 eff 0.3736 outinratio 0.0293 

ZH124_2e2mu_TCjmax_pT4l_genbin6_recobin6 acc 0.0156 eff 0.4131 outinratio 0.0593 

ttH124_2e2mu_TCjmax_pT4l_genbin6_recobin6 acc 0.0242 eff 0.2449 outinratio 0.0 

ggH124_2e2mu_TCjmax_pT4l_genbin7_recobin6 acc 0.0276 eff 0.0061 outinratio 0.0 

VBFH124_2e2mu_TCjmax_pT4l_genbin7_recobin6 acc 0.0741 eff 0.0132 outinratio 0.0123 

WminusH124_2e2mu_TCjmax_pT4l_genbin7_recobin6 acc 0.1117 eff 0.0111 outinratio 0.0426 

WplusH124_2e2mu_TCjmax_pT4l_genbin7_recobin6 acc 0.109 eff 0.0056 outinratio 0.0293 

ZH124_2e2mu_TCjmax_pT4l_genbin7_recobin6 acc 0.1249 eff 0.0098 outinratio 0.0593 

ttH124_2e2mu_TCjmax_pT4l_genbin7_recobin6 acc 0.3496 eff 0.0068 outinratio 0.0 

ggH124_2e2mu_TCjmax_pT4l_genbin8_recobin6 acc 0.0041 eff 0.0 outinratio 0.0 

VBFH124_2e2mu_TCjmax_pT4l_genbin8_recobin6 acc 0.0159 eff 0.0 outinratio 0.0123 

WminusH124_2e2mu_TCjmax_pT4l_genbin8_recobin6 acc 0.0142 eff 0.0098 outinratio 0.0426 

WplusH124_2e2mu_TCjmax_pT4l_genbin8_recobin6 acc 0.0163 eff 0.0 outinratio 0.0293 

ZH124_2e2mu_TCjmax_pT4l_genbin8_recobin6 acc 0.0166 eff 0.0083 outinratio 0.0593 

ttH124_2e2mu_TCjmax_pT4l_genbin8_recobin6 acc 0.0519 eff 0.0135 outinratio 0.0 

ggH124_2e2mu_TCjmax_pT4l_genbin0_recobin7 acc 0.2809 eff 0.001 outinratio 0.0045 

VBFH124_2e2mu_TCjmax_pT4l_genbin0_recobin7 acc 0.0735 eff 0.0 outinratio 0.0196 

WminusH124_2e2mu_TCjmax_pT4l_genbin0_recobin7 acc 0.1001 eff 0.0213 outinratio 0.0112 

WplusH124_2e2mu_TCjmax_pT4l_genbin0_recobin7 acc 0.0845 eff 0.0221 outinratio 0.0127 

ZH124_2e2mu_TCjmax_pT4l_genbin0_recobin7 acc 0.0789 eff 0.0084 outinratio 0.0427 

ttH124_2e2mu_TCjmax_pT4l_genbin0_recobin7 acc 0.0019 eff -1.0 outinratio 0.0582 

ggH124_2e2mu_TCjmax_pT4l_genbin1_recobin7 acc 0.0165 eff 0.0 outinratio 0.0045 

VBFH124_2e2mu_TCjmax_pT4l_genbin1_recobin7 acc 0.0337 eff 0.0098 outinratio 0.0196 

WminusH124_2e2mu_TCjmax_pT4l_genbin1_recobin7 acc 0.0319 eff 0.0232 outinratio 0.0112 

WplusH124_2e2mu_TCjmax_pT4l_genbin1_recobin7 acc 0.0266 eff 0.033 outinratio 0.0127 

ZH124_2e2mu_TCjmax_pT4l_genbin1_recobin7 acc 0.0314 eff 0.0286 outinratio 0.0427 

ttH124_2e2mu_TCjmax_pT4l_genbin1_recobin7 acc 0.0046 eff 0.0361 outinratio 0.0582 

ggH124_2e2mu_TCjmax_pT4l_genbin2_recobin7 acc 0.0335 eff 0.0094 outinratio 0.0045 

VBFH124_2e2mu_TCjmax_pT4l_genbin2_recobin7 acc 0.0458 eff 0.0 outinratio 0.0196 

WminusH124_2e2mu_TCjmax_pT4l_genbin2_recobin7 acc 0.0357 eff 0.0361 outinratio 0.0112 

WplusH124_2e2mu_TCjmax_pT4l_genbin2_recobin7 acc 0.029 eff 0.0243 outinratio 0.0127 

ZH124_2e2mu_TCjmax_pT4l_genbin2_recobin7 acc 0.0328 eff 0.0456 outinratio 0.0427 

ttH124_2e2mu_TCjmax_pT4l_genbin2_recobin7 acc 0.0058 eff 0.0 outinratio 0.0582 

ggH124_2e2mu_TCjmax_pT4l_genbin3_recobin7 acc 0.0211 eff 0.0077 outinratio 0.0045 

VBFH124_2e2mu_TCjmax_pT4l_genbin3_recobin7 acc 0.0409 eff 0.0134 outinratio 0.0196 

WminusH124_2e2mu_TCjmax_pT4l_genbin3_recobin7 acc 0.0276 eff 0.0444 outinratio 0.0112 

WplusH124_2e2mu_TCjmax_pT4l_genbin3_recobin7 acc 0.0243 eff 0.0417 outinratio 0.0127 

ZH124_2e2mu_TCjmax_pT4l_genbin3_recobin7 acc 0.0275 eff 0.0633 outinratio 0.0427 

ttH124_2e2mu_TCjmax_pT4l_genbin3_recobin7 acc 0.0058 eff 0.0532 outinratio 0.0582 

ggH124_2e2mu_TCjmax_pT4l_genbin4_recobin7 acc 0.0209 eff 0.0259 outinratio 0.0045 

VBFH124_2e2mu_TCjmax_pT4l_genbin4_recobin7 acc 0.0536 eff 0.0128 outinratio 0.0196 

WminusH124_2e2mu_TCjmax_pT4l_genbin4_recobin7 acc 0.0252 eff 0.0464 outinratio 0.0112 

WplusH124_2e2mu_TCjmax_pT4l_genbin4_recobin7 acc 0.0244 eff 0.0589 outinratio 0.0127 

ZH124_2e2mu_TCjmax_pT4l_genbin4_recobin7 acc 0.0294 eff 0.0673 outinratio 0.0427 

ttH124_2e2mu_TCjmax_pT4l_genbin4_recobin7 acc 0.0104 eff 0.0656 outinratio 0.0582 

ggH124_2e2mu_TCjmax_pT4l_genbin5_recobin7 acc 0.0146 eff 0.0157 outinratio 0.0045 

VBFH124_2e2mu_TCjmax_pT4l_genbin5_recobin7 acc 0.0617 eff 0.034 outinratio 0.0196 

WminusH124_2e2mu_TCjmax_pT4l_genbin5_recobin7 acc 0.0252 eff 0.049 outinratio 0.0112 

WplusH124_2e2mu_TCjmax_pT4l_genbin5_recobin7 acc 0.0243 eff 0.0727 outinratio 0.0127 

ZH124_2e2mu_TCjmax_pT4l_genbin5_recobin7 acc 0.0224 eff 0.0632 outinratio 0.0427 

ttH124_2e2mu_TCjmax_pT4l_genbin5_recobin7 acc 0.0138 eff 0.0892 outinratio 0.0582 

ggH124_2e2mu_TCjmax_pT4l_genbin6_recobin7 acc 0.0108 eff 0.0094 outinratio 0.0045 

VBFH124_2e2mu_TCjmax_pT4l_genbin6_recobin7 acc 0.07 eff 0.0484 outinratio 0.0196 

WminusH124_2e2mu_TCjmax_pT4l_genbin6_recobin7 acc 0.0178 eff 0.1021 outinratio 0.0112 

WplusH124_2e2mu_TCjmax_pT4l_genbin6_recobin7 acc 0.0171 eff 0.077 outinratio 0.0127 

ZH124_2e2mu_TCjmax_pT4l_genbin6_recobin7 acc 0.0156 eff 0.0667 outinratio 0.0427 

ttH124_2e2mu_TCjmax_pT4l_genbin6_recobin7 acc 0.0242 eff 0.0757 outinratio 0.0582 

ggH124_2e2mu_TCjmax_pT4l_genbin7_recobin7 acc 0.0276 eff 0.4513 outinratio 0.0045 

VBFH124_2e2mu_TCjmax_pT4l_genbin7_recobin7 acc 0.0741 eff 0.4238 outinratio 0.0196 

WminusH124_2e2mu_TCjmax_pT4l_genbin7_recobin7 acc 0.1117 eff 0.4281 outinratio 0.0112 

WplusH124_2e2mu_TCjmax_pT4l_genbin7_recobin7 acc 0.109 eff 0.4178 outinratio 0.0127 

ZH124_2e2mu_TCjmax_pT4l_genbin7_recobin7 acc 0.1249 eff 0.4127 outinratio 0.0427 

ttH124_2e2mu_TCjmax_pT4l_genbin7_recobin7 acc 0.3496 eff 0.3479 outinratio 0.0582 

ggH124_2e2mu_TCjmax_pT4l_genbin8_recobin7 acc 0.0041 eff 0.0098 outinratio 0.0045 

VBFH124_2e2mu_TCjmax_pT4l_genbin8_recobin7 acc 0.0159 eff 0.0 outinratio 0.0196 

WminusH124_2e2mu_TCjmax_pT4l_genbin8_recobin7 acc 0.0142 eff 0.0204 outinratio 0.0112 

WplusH124_2e2mu_TCjmax_pT4l_genbin8_recobin7 acc 0.0163 eff 0.0139 outinratio 0.0127 

ZH124_2e2mu_TCjmax_pT4l_genbin8_recobin7 acc 0.0166 eff 0.0396 outinratio 0.0427 

ttH124_2e2mu_TCjmax_pT4l_genbin8_recobin7 acc 0.0519 eff 0.0 outinratio 0.0582 

ggH124_2e2mu_TCjmax_pT4l_genbin0_recobin8 acc 0.2809 eff 0.0 outinratio 0.0 

VBFH124_2e2mu_TCjmax_pT4l_genbin0_recobin8 acc 0.0735 eff 0.0 outinratio 0.0 

WminusH124_2e2mu_TCjmax_pT4l_genbin0_recobin8 acc 0.1001 eff 0.001 outinratio 0.0187 

WplusH124_2e2mu_TCjmax_pT4l_genbin0_recobin8 acc 0.0845 eff 0.0033 outinratio 0.006 

ZH124_2e2mu_TCjmax_pT4l_genbin0_recobin8 acc 0.0789 eff 0.0 outinratio 0.0153 

ttH124_2e2mu_TCjmax_pT4l_genbin0_recobin8 acc 0.0019 eff -1.0 outinratio 0.0485 

ggH124_2e2mu_TCjmax_pT4l_genbin1_recobin8 acc 0.0165 eff 0.0 outinratio 0.0 

VBFH124_2e2mu_TCjmax_pT4l_genbin1_recobin8 acc 0.0337 eff 0.0 outinratio 0.0 

WminusH124_2e2mu_TCjmax_pT4l_genbin1_recobin8 acc 0.0319 eff 0.0 outinratio 0.0187 

WplusH124_2e2mu_TCjmax_pT4l_genbin1_recobin8 acc 0.0266 eff 0.0 outinratio 0.006 

ZH124_2e2mu_TCjmax_pT4l_genbin1_recobin8 acc 0.0314 eff 0.0 outinratio 0.0153 

ttH124_2e2mu_TCjmax_pT4l_genbin1_recobin8 acc 0.0046 eff 0.0 outinratio 0.0485 

ggH124_2e2mu_TCjmax_pT4l_genbin2_recobin8 acc 0.0335 eff 0.0 outinratio 0.0 

VBFH124_2e2mu_TCjmax_pT4l_genbin2_recobin8 acc 0.0458 eff 0.0 outinratio 0.0 

WminusH124_2e2mu_TCjmax_pT4l_genbin2_recobin8 acc 0.0357 eff 0.0 outinratio 0.0187 

WplusH124_2e2mu_TCjmax_pT4l_genbin2_recobin8 acc 0.029 eff 0.0 outinratio 0.006 

ZH124_2e2mu_TCjmax_pT4l_genbin2_recobin8 acc 0.0328 eff 0.0 outinratio 0.0153 

ttH124_2e2mu_TCjmax_pT4l_genbin2_recobin8 acc 0.0058 eff 0.0 outinratio 0.0485 

ggH124_2e2mu_TCjmax_pT4l_genbin3_recobin8 acc 0.0211 eff 0.0 outinratio 0.0 

VBFH124_2e2mu_TCjmax_pT4l_genbin3_recobin8 acc 0.0409 eff 0.0 outinratio 0.0 

WminusH124_2e2mu_TCjmax_pT4l_genbin3_recobin8 acc 0.0276 eff 0.0 outinratio 0.0187 

WplusH124_2e2mu_TCjmax_pT4l_genbin3_recobin8 acc 0.0243 eff 0.0 outinratio 0.006 

ZH124_2e2mu_TCjmax_pT4l_genbin3_recobin8 acc 0.0275 eff 0.0 outinratio 0.0153 

ttH124_2e2mu_TCjmax_pT4l_genbin3_recobin8 acc 0.0058 eff 0.0 outinratio 0.0485 

ggH124_2e2mu_TCjmax_pT4l_genbin4_recobin8 acc 0.0209 eff 0.0 outinratio 0.0 

VBFH124_2e2mu_TCjmax_pT4l_genbin4_recobin8 acc 0.0536 eff 0.0 outinratio 0.0 

WminusH124_2e2mu_TCjmax_pT4l_genbin4_recobin8 acc 0.0252 eff 0.0 outinratio 0.0187 

WplusH124_2e2mu_TCjmax_pT4l_genbin4_recobin8 acc 0.0244 eff 0.0 outinratio 0.006 

ZH124_2e2mu_TCjmax_pT4l_genbin4_recobin8 acc 0.0294 eff 0.0 outinratio 0.0153 

ttH124_2e2mu_TCjmax_pT4l_genbin4_recobin8 acc 0.0104 eff 0.0 outinratio 0.0485 

ggH124_2e2mu_TCjmax_pT4l_genbin5_recobin8 acc 0.0146 eff 0.0 outinratio 0.0 

VBFH124_2e2mu_TCjmax_pT4l_genbin5_recobin8 acc 0.0617 eff 0.0 outinratio 0.0 

WminusH124_2e2mu_TCjmax_pT4l_genbin5_recobin8 acc 0.0252 eff 0.0 outinratio 0.0187 

WplusH124_2e2mu_TCjmax_pT4l_genbin5_recobin8 acc 0.0243 eff 0.0 outinratio 0.006 

ZH124_2e2mu_TCjmax_pT4l_genbin5_recobin8 acc 0.0224 eff 0.0 outinratio 0.0153 

ttH124_2e2mu_TCjmax_pT4l_genbin5_recobin8 acc 0.0138 eff 0.0 outinratio 0.0485 

ggH124_2e2mu_TCjmax_pT4l_genbin6_recobin8 acc 0.0108 eff 0.0266 outinratio 0.0 

VBFH124_2e2mu_TCjmax_pT4l_genbin6_recobin8 acc 0.07 eff 0.0052 outinratio 0.0 

WminusH124_2e2mu_TCjmax_pT4l_genbin6_recobin8 acc 0.0178 eff 0.0082 outinratio 0.0187 

WplusH124_2e2mu_TCjmax_pT4l_genbin6_recobin8 acc 0.0171 eff 0.0102 outinratio 0.006 

ZH124_2e2mu_TCjmax_pT4l_genbin6_recobin8 acc 0.0156 eff 0.0046 outinratio 0.0153 

ttH124_2e2mu_TCjmax_pT4l_genbin6_recobin8 acc 0.0242 eff 0.0727 outinratio 0.0485 

ggH124_2e2mu_TCjmax_pT4l_genbin7_recobin8 acc 0.0276 eff 0.0 outinratio 0.0 

VBFH124_2e2mu_TCjmax_pT4l_genbin7_recobin8 acc 0.0741 eff 0.004 outinratio 0.0 

WminusH124_2e2mu_TCjmax_pT4l_genbin7_recobin8 acc 0.1117 eff 0.0004 outinratio 0.0187 

WplusH124_2e2mu_TCjmax_pT4l_genbin7_recobin8 acc 0.109 eff 0.0009 outinratio 0.006 

ZH124_2e2mu_TCjmax_pT4l_genbin7_recobin8 acc 0.1249 eff 0.0008 outinratio 0.0153 

ttH124_2e2mu_TCjmax_pT4l_genbin7_recobin8 acc 0.3496 eff 0.0 outinratio 0.0485 

ggH124_2e2mu_TCjmax_pT4l_genbin8_recobin8 acc 0.0041 eff 0.4809 outinratio 0.0 

VBFH124_2e2mu_TCjmax_pT4l_genbin8_recobin8 acc 0.0159 eff 0.5796 outinratio 0.0 

WminusH124_2e2mu_TCjmax_pT4l_genbin8_recobin8 acc 0.0142 eff 0.4656 outinratio 0.0187 

WplusH124_2e2mu_TCjmax_pT4l_genbin8_recobin8 acc 0.0163 eff 0.4684 outinratio 0.006 

ZH124_2e2mu_TCjmax_pT4l_genbin8_recobin8 acc 0.0166 eff 0.4797 outinratio 0.0153 

ttH124_2e2mu_TCjmax_pT4l_genbin8_recobin8 acc 0.0519 eff 0.4983 outinratio 0.0485 

Coeff fullNNLOPS
