Welcome in RunCoefficients!
['2024_7']
It is a double-differential measurement, binning for the 1st variable {0: [-100.0, 0.0], 1: [0.0, 30.0], 2: [0.0, 30.0], 3: [0.0, 30.0], 4: [0.0, 30.0], 5: [0.0, 30.0], 6: [0.0, 30.0], 7: [30.0, 10000.0], 8: [30.0, 10000.0]} and for the 2nd variable {0: [0.0, 10000.0], 1: [0.0, 35.0], 2: [35.0, 55.0], 3: [55.0, 70.0], 4: [70.0, 90.0], 5: [90.0, 125.0], 6: [125.0, 10000.0], 7: [0.0, 250.0], 8: [250.0, 10000.0]}
{0: [-100.0, 0.0, 0.0, 10000.0], 1: [0.0, 30.0, 0.0, 35.0], 2: [0.0, 30.0, 35.0, 55.0], 3: [0.0, 30.0, 55.0, 70.0], 4: [0.0, 30.0, 70.0, 90.0], 5: [0.0, 30.0, 90.0, 125.0], 6: [0.0, 30.0, 125.0, 10000.0], 7: [30.0, 10000.0, 0.0, 250.0], 8: [30.0, 10000.0, 250.0, 10000.0]}
TCjMax
Following observables extracted from dictionary: RECO =  TCjMax  GEN =  GENTCjMax
It is a double-differential measurement: RECO_2nd =  ZZPt  GEN_2nd =  GENpT4l
LUMI: 10.882200000000001
ttH124 0.0004353941
Processing ggH124 2024_7
Signal created
Signal failed created
Processing VBFH124 2024_7
Signal created
Signal failed created
Processing WminusH124 2024_7
Signal created
Signal failed created
Processing WplusH124 2024_7
Signal created
Signal failed created
Processing ZH124 2024_7
Signal created
Signal failed created
Processing ttH124 2024_7
Signal created
Signal failed created
2024_7 SKIMMED df CREATED
2024_7 ggH124
2024_7 VBFH124
2024_7 WminusH124
2024_7 WplusH124
2024_7 ZH124
2024_7 ttH124
Dataframes created successfully
Coeff std
ggH124_4l_TCjmax_pT4l_genbin0_recobin0 acc 0.2386 eff 0.4577 outinratio 0.0472 

VBFH124_4l_TCjmax_pT4l_genbin0_recobin0 acc 0.0387 eff 0.3791 outinratio 0.036 

WminusH124_4l_TCjmax_pT4l_genbin0_recobin0 acc 0.0814 eff 0.3278 outinratio 0.0965 

WplusH124_4l_TCjmax_pT4l_genbin0_recobin0 acc 0.0712 eff 0.3794 outinratio 0.07 

ZH124_4l_TCjmax_pT4l_genbin0_recobin0 acc 0.0769 eff 0.4224 outinratio 0.0498 

ttH124_4l_TCjmax_pT4l_genbin0_recobin0 acc 0.0005 eff 0.177 outinratio 0.1305 

ggH124_4l_TCjmax_pT4l_genbin1_recobin0 acc 0.0174 eff 0.1021 outinratio 0.0472 

VBFH124_4l_TCjmax_pT4l_genbin1_recobin0 acc 0.0338 eff 0.0453 outinratio 0.036 

WminusH124_4l_TCjmax_pT4l_genbin1_recobin0 acc 0.0259 eff 0.0644 outinratio 0.0965 

WplusH124_4l_TCjmax_pT4l_genbin1_recobin0 acc 0.0217 eff 0.0614 outinratio 0.07 

ZH124_4l_TCjmax_pT4l_genbin1_recobin0 acc 0.0241 eff 0.0565 outinratio 0.0498 

ttH124_4l_TCjmax_pT4l_genbin1_recobin0 acc 0.0056 eff 0.0 outinratio 0.1305 

ggH124_4l_TCjmax_pT4l_genbin2_recobin0 acc 0.0378 eff 0.1143 outinratio 0.0472 

VBFH124_4l_TCjmax_pT4l_genbin2_recobin0 acc 0.0502 eff 0.0525 outinratio 0.036 

WminusH124_4l_TCjmax_pT4l_genbin2_recobin0 acc 0.0337 eff 0.0266 outinratio 0.0965 

WplusH124_4l_TCjmax_pT4l_genbin2_recobin0 acc 0.0276 eff 0.0309 outinratio 0.07 

ZH124_4l_TCjmax_pT4l_genbin2_recobin0 acc 0.0279 eff 0.0478 outinratio 0.0498 

ttH124_4l_TCjmax_pT4l_genbin2_recobin0 acc 0.0066 eff 0.0 outinratio 0.1305 

ggH124_4l_TCjmax_pT4l_genbin3_recobin0 acc 0.0217 eff 0.0316 outinratio 0.0472 

VBFH124_4l_TCjmax_pT4l_genbin3_recobin0 acc 0.0434 eff 0.0343 outinratio 0.036 

WminusH124_4l_TCjmax_pT4l_genbin3_recobin0 acc 0.0201 eff 0.0738 outinratio 0.0965 

WplusH124_4l_TCjmax_pT4l_genbin3_recobin0 acc 0.019 eff 0.024 outinratio 0.07 

ZH124_4l_TCjmax_pT4l_genbin3_recobin0 acc 0.0205 eff 0.0164 outinratio 0.0498 

ttH124_4l_TCjmax_pT4l_genbin3_recobin0 acc 0.005 eff 0.0 outinratio 0.1305 

ggH124_4l_TCjmax_pT4l_genbin4_recobin0 acc 0.0165 eff 0.0101 outinratio 0.0472 

VBFH124_4l_TCjmax_pT4l_genbin4_recobin0 acc 0.0533 eff 0.0258 outinratio 0.036 

WminusH124_4l_TCjmax_pT4l_genbin4_recobin0 acc 0.0247 eff 0.018 outinratio 0.0965 

WplusH124_4l_TCjmax_pT4l_genbin4_recobin0 acc 0.0205 eff 0.0208 outinratio 0.07 

ZH124_4l_TCjmax_pT4l_genbin4_recobin0 acc 0.0204 eff 0.0287 outinratio 0.0498 

ttH124_4l_TCjmax_pT4l_genbin4_recobin0 acc 0.0073 eff 0.0 outinratio 0.1305 

ggH124_4l_TCjmax_pT4l_genbin5_recobin0 acc 0.0143 eff 0.0052 outinratio 0.0472 

VBFH124_4l_TCjmax_pT4l_genbin5_recobin0 acc 0.0668 eff 0.0114 outinratio 0.036 

WminusH124_4l_TCjmax_pT4l_genbin5_recobin0 acc 0.024 eff 0.0133 outinratio 0.0965 

WplusH124_4l_TCjmax_pT4l_genbin5_recobin0 acc 0.0215 eff 0.0126 outinratio 0.07 

ZH124_4l_TCjmax_pT4l_genbin5_recobin0 acc 0.0212 eff 0.0296 outinratio 0.0498 

ttH124_4l_TCjmax_pT4l_genbin5_recobin0 acc 0.0091 eff 0.0 outinratio 0.1305 

ggH124_4l_TCjmax_pT4l_genbin6_recobin0 acc 0.0086 eff 0.0 outinratio 0.0472 

VBFH124_4l_TCjmax_pT4l_genbin6_recobin0 acc 0.0716 eff 0.0029 outinratio 0.036 

WminusH124_4l_TCjmax_pT4l_genbin6_recobin0 acc 0.0143 eff 0.0139 outinratio 0.0965 

WplusH124_4l_TCjmax_pT4l_genbin6_recobin0 acc 0.0147 eff 0.0223 outinratio 0.07 

ZH124_4l_TCjmax_pT4l_genbin6_recobin0 acc 0.0155 eff 0.0202 outinratio 0.0498 

ttH124_4l_TCjmax_pT4l_genbin6_recobin0 acc 0.0168 eff 0.0015 outinratio 0.1305 

ggH124_4l_TCjmax_pT4l_genbin7_recobin0 acc 0.0251 eff 0.0021 outinratio 0.0472 

VBFH124_4l_TCjmax_pT4l_genbin7_recobin0 acc 0.0667 eff 0.003 outinratio 0.036 

WminusH124_4l_TCjmax_pT4l_genbin7_recobin0 acc 0.1055 eff 0.0004 outinratio 0.0965 

WplusH124_4l_TCjmax_pT4l_genbin7_recobin0 acc 0.0929 eff 0.0006 outinratio 0.07 

ZH124_4l_TCjmax_pT4l_genbin7_recobin0 acc 0.106 eff 0.0018 outinratio 0.0498 

ttH124_4l_TCjmax_pT4l_genbin7_recobin0 acc 0.2208 eff 0.0 outinratio 0.1305 

ggH124_4l_TCjmax_pT4l_genbin8_recobin0 acc 0.0062 eff 0.0 outinratio 0.0472 

VBFH124_4l_TCjmax_pT4l_genbin8_recobin0 acc 0.012 eff 0.0028 outinratio 0.036 

WminusH124_4l_TCjmax_pT4l_genbin8_recobin0 acc 0.0124 eff 0.0 outinratio 0.0965 

WplusH124_4l_TCjmax_pT4l_genbin8_recobin0 acc 0.0142 eff 0.0 outinratio 0.07 

ZH124_4l_TCjmax_pT4l_genbin8_recobin0 acc 0.0142 eff 0.0 outinratio 0.0498 

ttH124_4l_TCjmax_pT4l_genbin8_recobin0 acc 0.037 eff 0.0 outinratio 0.1305 

ggH124_4l_TCjmax_pT4l_genbin0_recobin1 acc 0.2386 eff 0.0493 outinratio 0.0673 

VBFH124_4l_TCjmax_pT4l_genbin0_recobin1 acc 0.0387 eff 0.0703 outinratio 0.0382 

WminusH124_4l_TCjmax_pT4l_genbin0_recobin1 acc 0.0814 eff 0.0368 outinratio 0.0956 

WplusH124_4l_TCjmax_pT4l_genbin0_recobin1 acc 0.0712 eff 0.0315 outinratio 0.0996 

ZH124_4l_TCjmax_pT4l_genbin0_recobin1 acc 0.0769 eff 0.0339 outinratio 0.1053 

ttH124_4l_TCjmax_pT4l_genbin0_recobin1 acc 0.0005 eff 0.0 outinratio 0.2164 

ggH124_4l_TCjmax_pT4l_genbin1_recobin1 acc 0.0174 eff 0.399 outinratio 0.0673 

VBFH124_4l_TCjmax_pT4l_genbin1_recobin1 acc 0.0338 eff 0.4551 outinratio 0.0382 

WminusH124_4l_TCjmax_pT4l_genbin1_recobin1 acc 0.0259 eff 0.4851 outinratio 0.0956 

WplusH124_4l_TCjmax_pT4l_genbin1_recobin1 acc 0.0217 eff 0.4261 outinratio 0.0996 

ZH124_4l_TCjmax_pT4l_genbin1_recobin1 acc 0.0241 eff 0.4011 outinratio 0.1053 

ttH124_4l_TCjmax_pT4l_genbin1_recobin1 acc 0.0056 eff 0.404 outinratio 0.2164 

ggH124_4l_TCjmax_pT4l_genbin2_recobin1 acc 0.0378 eff 0.0248 outinratio 0.0673 

VBFH124_4l_TCjmax_pT4l_genbin2_recobin1 acc 0.0502 eff 0.0142 outinratio 0.0382 

WminusH124_4l_TCjmax_pT4l_genbin2_recobin1 acc 0.0337 eff 0.0046 outinratio 0.0956 

WplusH124_4l_TCjmax_pT4l_genbin2_recobin1 acc 0.0276 eff 0.0132 outinratio 0.0996 

ZH124_4l_TCjmax_pT4l_genbin2_recobin1 acc 0.0279 eff 0.0117 outinratio 0.1053 

ttH124_4l_TCjmax_pT4l_genbin2_recobin1 acc 0.0066 eff 0.016 outinratio 0.2164 

ggH124_4l_TCjmax_pT4l_genbin3_recobin1 acc 0.0217 eff 0.0 outinratio 0.0673 

VBFH124_4l_TCjmax_pT4l_genbin3_recobin1 acc 0.0434 eff 0.0 outinratio 0.0382 

WminusH124_4l_TCjmax_pT4l_genbin3_recobin1 acc 0.0201 eff 0.0 outinratio 0.0956 

WplusH124_4l_TCjmax_pT4l_genbin3_recobin1 acc 0.019 eff 0.0 outinratio 0.0996 

ZH124_4l_TCjmax_pT4l_genbin3_recobin1 acc 0.0205 eff 0.0 outinratio 0.1053 

ttH124_4l_TCjmax_pT4l_genbin3_recobin1 acc 0.005 eff 0.0 outinratio 0.2164 

ggH124_4l_TCjmax_pT4l_genbin4_recobin1 acc 0.0165 eff 0.0 outinratio 0.0673 

VBFH124_4l_TCjmax_pT4l_genbin4_recobin1 acc 0.0533 eff 0.0 outinratio 0.0382 

WminusH124_4l_TCjmax_pT4l_genbin4_recobin1 acc 0.0247 eff 0.0 outinratio 0.0956 

WplusH124_4l_TCjmax_pT4l_genbin4_recobin1 acc 0.0205 eff 0.0 outinratio 0.0996 

ZH124_4l_TCjmax_pT4l_genbin4_recobin1 acc 0.0204 eff 0.0 outinratio 0.1053 

ttH124_4l_TCjmax_pT4l_genbin4_recobin1 acc 0.0073 eff 0.0 outinratio 0.2164 

ggH124_4l_TCjmax_pT4l_genbin5_recobin1 acc 0.0143 eff 0.0 outinratio 0.0673 

VBFH124_4l_TCjmax_pT4l_genbin5_recobin1 acc 0.0668 eff 0.0 outinratio 0.0382 

WminusH124_4l_TCjmax_pT4l_genbin5_recobin1 acc 0.024 eff 0.0 outinratio 0.0956 

WplusH124_4l_TCjmax_pT4l_genbin5_recobin1 acc 0.0215 eff 0.0 outinratio 0.0996 

ZH124_4l_TCjmax_pT4l_genbin5_recobin1 acc 0.0212 eff 0.0 outinratio 0.1053 

ttH124_4l_TCjmax_pT4l_genbin5_recobin1 acc 0.0091 eff 0.0 outinratio 0.2164 

ggH124_4l_TCjmax_pT4l_genbin6_recobin1 acc 0.0086 eff 0.0 outinratio 0.0673 

VBFH124_4l_TCjmax_pT4l_genbin6_recobin1 acc 0.0716 eff 0.0 outinratio 0.0382 

WminusH124_4l_TCjmax_pT4l_genbin6_recobin1 acc 0.0143 eff 0.0 outinratio 0.0956 

WplusH124_4l_TCjmax_pT4l_genbin6_recobin1 acc 0.0147 eff 0.0 outinratio 0.0996 

ZH124_4l_TCjmax_pT4l_genbin6_recobin1 acc 0.0155 eff 0.0 outinratio 0.1053 

ttH124_4l_TCjmax_pT4l_genbin6_recobin1 acc 0.0168 eff 0.0 outinratio 0.2164 

ggH124_4l_TCjmax_pT4l_genbin7_recobin1 acc 0.0251 eff 0.0 outinratio 0.0673 

VBFH124_4l_TCjmax_pT4l_genbin7_recobin1 acc 0.0667 eff 0.0011 outinratio 0.0382 

WminusH124_4l_TCjmax_pT4l_genbin7_recobin1 acc 0.1055 eff 0.0022 outinratio 0.0956 

WplusH124_4l_TCjmax_pT4l_genbin7_recobin1 acc 0.0929 eff 0.0025 outinratio 0.0996 

ZH124_4l_TCjmax_pT4l_genbin7_recobin1 acc 0.106 eff 0.0013 outinratio 0.1053 

ttH124_4l_TCjmax_pT4l_genbin7_recobin1 acc 0.2208 eff 0.0015 outinratio 0.2164 

ggH124_4l_TCjmax_pT4l_genbin8_recobin1 acc 0.0062 eff 0.0 outinratio 0.0673 

VBFH124_4l_TCjmax_pT4l_genbin8_recobin1 acc 0.012 eff 0.0 outinratio 0.0382 

WminusH124_4l_TCjmax_pT4l_genbin8_recobin1 acc 0.0124 eff 0.0 outinratio 0.0956 

WplusH124_4l_TCjmax_pT4l_genbin8_recobin1 acc 0.0142 eff 0.0 outinratio 0.0996 

ZH124_4l_TCjmax_pT4l_genbin8_recobin1 acc 0.0142 eff 0.0 outinratio 0.1053 

ttH124_4l_TCjmax_pT4l_genbin8_recobin1 acc 0.037 eff 0.0 outinratio 0.2164 

ggH124_4l_TCjmax_pT4l_genbin0_recobin2 acc 0.2386 eff 0.0118 outinratio 0.1006 

VBFH124_4l_TCjmax_pT4l_genbin0_recobin2 acc 0.0387 eff 0.0555 outinratio 0.04 

WminusH124_4l_TCjmax_pT4l_genbin0_recobin2 acc 0.0814 eff 0.0403 outinratio 0.1129 

WplusH124_4l_TCjmax_pT4l_genbin0_recobin2 acc 0.0712 eff 0.0344 outinratio 0.0824 

ZH124_4l_TCjmax_pT4l_genbin0_recobin2 acc 0.0769 eff 0.027 outinratio 0.0637 

ttH124_4l_TCjmax_pT4l_genbin0_recobin2 acc 0.0005 eff 0.0 outinratio 0.1603 

ggH124_4l_TCjmax_pT4l_genbin1_recobin2 acc 0.0174 eff 0.0095 outinratio 0.1006 

VBFH124_4l_TCjmax_pT4l_genbin1_recobin2 acc 0.0338 eff 0.0183 outinratio 0.04 

WminusH124_4l_TCjmax_pT4l_genbin1_recobin2 acc 0.0259 eff 0.0067 outinratio 0.1129 

WplusH124_4l_TCjmax_pT4l_genbin1_recobin2 acc 0.0217 eff 0.0119 outinratio 0.0824 

ZH124_4l_TCjmax_pT4l_genbin1_recobin2 acc 0.0241 eff 0.0144 outinratio 0.0637 

ttH124_4l_TCjmax_pT4l_genbin1_recobin2 acc 0.0056 eff 0.0192 outinratio 0.1603 

ggH124_4l_TCjmax_pT4l_genbin2_recobin2 acc 0.0378 eff 0.3907 outinratio 0.1006 

VBFH124_4l_TCjmax_pT4l_genbin2_recobin2 acc 0.0502 eff 0.4573 outinratio 0.04 

WminusH124_4l_TCjmax_pT4l_genbin2_recobin2 acc 0.0337 eff 0.4065 outinratio 0.1129 

WplusH124_4l_TCjmax_pT4l_genbin2_recobin2 acc 0.0276 eff 0.4298 outinratio 0.0824 

ZH124_4l_TCjmax_pT4l_genbin2_recobin2 acc 0.0279 eff 0.4253 outinratio 0.0637 

ttH124_4l_TCjmax_pT4l_genbin2_recobin2 acc 0.0066 eff 0.314 outinratio 0.1603 

ggH124_4l_TCjmax_pT4l_genbin3_recobin2 acc 0.0217 eff 0.0252 outinratio 0.1006 

VBFH124_4l_TCjmax_pT4l_genbin3_recobin2 acc 0.0434 eff 0.0295 outinratio 0.04 

WminusH124_4l_TCjmax_pT4l_genbin3_recobin2 acc 0.0201 eff 0.0726 outinratio 0.1129 

WplusH124_4l_TCjmax_pT4l_genbin3_recobin2 acc 0.019 eff 0.0262 outinratio 0.0824 

ZH124_4l_TCjmax_pT4l_genbin3_recobin2 acc 0.0205 eff 0.0467 outinratio 0.0637 

ttH124_4l_TCjmax_pT4l_genbin3_recobin2 acc 0.005 eff 0.0301 outinratio 0.1603 

ggH124_4l_TCjmax_pT4l_genbin4_recobin2 acc 0.0165 eff 0.0 outinratio 0.1006 

VBFH124_4l_TCjmax_pT4l_genbin4_recobin2 acc 0.0533 eff 0.0 outinratio 0.04 

WminusH124_4l_TCjmax_pT4l_genbin4_recobin2 acc 0.0247 eff 0.0 outinratio 0.1129 

WplusH124_4l_TCjmax_pT4l_genbin4_recobin2 acc 0.0205 eff 0.0 outinratio 0.0824 

ZH124_4l_TCjmax_pT4l_genbin4_recobin2 acc 0.0204 eff 0.0 outinratio 0.0637 

ttH124_4l_TCjmax_pT4l_genbin4_recobin2 acc 0.0073 eff 0.0 outinratio 0.1603 

ggH124_4l_TCjmax_pT4l_genbin5_recobin2 acc 0.0143 eff 0.0 outinratio 0.1006 

VBFH124_4l_TCjmax_pT4l_genbin5_recobin2 acc 0.0668 eff 0.0 outinratio 0.04 

WminusH124_4l_TCjmax_pT4l_genbin5_recobin2 acc 0.024 eff 0.0 outinratio 0.1129 

WplusH124_4l_TCjmax_pT4l_genbin5_recobin2 acc 0.0215 eff 0.0 outinratio 0.0824 

ZH124_4l_TCjmax_pT4l_genbin5_recobin2 acc 0.0212 eff 0.0 outinratio 0.0637 

ttH124_4l_TCjmax_pT4l_genbin5_recobin2 acc 0.0091 eff 0.0 outinratio 0.1603 

ggH124_4l_TCjmax_pT4l_genbin6_recobin2 acc 0.0086 eff 0.0 outinratio 0.1006 

VBFH124_4l_TCjmax_pT4l_genbin6_recobin2 acc 0.0716 eff 0.0 outinratio 0.04 

WminusH124_4l_TCjmax_pT4l_genbin6_recobin2 acc 0.0143 eff 0.0 outinratio 0.1129 

WplusH124_4l_TCjmax_pT4l_genbin6_recobin2 acc 0.0147 eff 0.0 outinratio 0.0824 

ZH124_4l_TCjmax_pT4l_genbin6_recobin2 acc 0.0155 eff 0.0 outinratio 0.0637 

ttH124_4l_TCjmax_pT4l_genbin6_recobin2 acc 0.0168 eff 0.0 outinratio 0.1603 

ggH124_4l_TCjmax_pT4l_genbin7_recobin2 acc 0.0251 eff 0.0084 outinratio 0.1006 

VBFH124_4l_TCjmax_pT4l_genbin7_recobin2 acc 0.0667 eff 0.0023 outinratio 0.04 

WminusH124_4l_TCjmax_pT4l_genbin7_recobin2 acc 0.1055 eff 0.0063 outinratio 0.1129 

WplusH124_4l_TCjmax_pT4l_genbin7_recobin2 acc 0.0929 eff 0.0031 outinratio 0.0824 

ZH124_4l_TCjmax_pT4l_genbin7_recobin2 acc 0.106 eff 0.0022 outinratio 0.0637 

ttH124_4l_TCjmax_pT4l_genbin7_recobin2 acc 0.2208 eff 0.004 outinratio 0.1603 

ggH124_4l_TCjmax_pT4l_genbin8_recobin2 acc 0.0062 eff 0.0 outinratio 0.1006 

VBFH124_4l_TCjmax_pT4l_genbin8_recobin2 acc 0.012 eff 0.0 outinratio 0.04 

WminusH124_4l_TCjmax_pT4l_genbin8_recobin2 acc 0.0124 eff 0.0 outinratio 0.1129 

WplusH124_4l_TCjmax_pT4l_genbin8_recobin2 acc 0.0142 eff 0.0 outinratio 0.0824 

ZH124_4l_TCjmax_pT4l_genbin8_recobin2 acc 0.0142 eff 0.0 outinratio 0.0637 

ttH124_4l_TCjmax_pT4l_genbin8_recobin2 acc 0.037 eff 0.0 outinratio 0.1603 

ggH124_4l_TCjmax_pT4l_genbin0_recobin3 acc 0.2386 eff 0.0047 outinratio 0.0521 

VBFH124_4l_TCjmax_pT4l_genbin0_recobin3 acc 0.0387 eff 0.0252 outinratio 0.0387 

WminusH124_4l_TCjmax_pT4l_genbin0_recobin3 acc 0.0814 eff 0.0195 outinratio 0.1051 

WplusH124_4l_TCjmax_pT4l_genbin0_recobin3 acc 0.0712 eff 0.013 outinratio 0.0908 

ZH124_4l_TCjmax_pT4l_genbin0_recobin3 acc 0.0769 eff 0.0143 outinratio 0.0806 

ttH124_4l_TCjmax_pT4l_genbin0_recobin3 acc 0.0005 eff 0.0 outinratio 0.1268 

ggH124_4l_TCjmax_pT4l_genbin1_recobin3 acc 0.0174 eff 0.0 outinratio 0.0521 

VBFH124_4l_TCjmax_pT4l_genbin1_recobin3 acc 0.0338 eff 0.0 outinratio 0.0387 

WminusH124_4l_TCjmax_pT4l_genbin1_recobin3 acc 0.0259 eff 0.0 outinratio 0.1051 

WplusH124_4l_TCjmax_pT4l_genbin1_recobin3 acc 0.0217 eff 0.0 outinratio 0.0908 

ZH124_4l_TCjmax_pT4l_genbin1_recobin3 acc 0.0241 eff 0.0 outinratio 0.0806 

ttH124_4l_TCjmax_pT4l_genbin1_recobin3 acc 0.0056 eff 0.0 outinratio 0.1268 

ggH124_4l_TCjmax_pT4l_genbin2_recobin3 acc 0.0378 eff 0.0048 outinratio 0.0521 

VBFH124_4l_TCjmax_pT4l_genbin2_recobin3 acc 0.0502 eff 0.0124 outinratio 0.0387 

WminusH124_4l_TCjmax_pT4l_genbin2_recobin3 acc 0.0337 eff 0.02 outinratio 0.1051 

WplusH124_4l_TCjmax_pT4l_genbin2_recobin3 acc 0.0276 eff 0.0093 outinratio 0.0908 

ZH124_4l_TCjmax_pT4l_genbin2_recobin3 acc 0.0279 eff 0.0163 outinratio 0.0806 

ttH124_4l_TCjmax_pT4l_genbin2_recobin3 acc 0.0066 eff 0.0067 outinratio 0.1268 

ggH124_4l_TCjmax_pT4l_genbin3_recobin3 acc 0.0217 eff 0.4358 outinratio 0.0521 

VBFH124_4l_TCjmax_pT4l_genbin3_recobin3 acc 0.0434 eff 0.4543 outinratio 0.0387 

WminusH124_4l_TCjmax_pT4l_genbin3_recobin3 acc 0.0201 eff 0.3795 outinratio 0.1051 

WplusH124_4l_TCjmax_pT4l_genbin3_recobin3 acc 0.019 eff 0.4244 outinratio 0.0908 

ZH124_4l_TCjmax_pT4l_genbin3_recobin3 acc 0.0205 eff 0.3685 outinratio 0.0806 

ttH124_4l_TCjmax_pT4l_genbin3_recobin3 acc 0.005 eff 0.3696 outinratio 0.1268 

ggH124_4l_TCjmax_pT4l_genbin4_recobin3 acc 0.0165 eff 0.0184 outinratio 0.0521 

VBFH124_4l_TCjmax_pT4l_genbin4_recobin3 acc 0.0533 eff 0.0254 outinratio 0.0387 

WminusH124_4l_TCjmax_pT4l_genbin4_recobin3 acc 0.0247 eff 0.0212 outinratio 0.1051 

WplusH124_4l_TCjmax_pT4l_genbin4_recobin3 acc 0.0205 eff 0.026 outinratio 0.0908 

ZH124_4l_TCjmax_pT4l_genbin4_recobin3 acc 0.0204 eff 0.0458 outinratio 0.0806 

ttH124_4l_TCjmax_pT4l_genbin4_recobin3 acc 0.0073 eff 0.0201 outinratio 0.1268 

ggH124_4l_TCjmax_pT4l_genbin5_recobin3 acc 0.0143 eff 0.0 outinratio 0.0521 

VBFH124_4l_TCjmax_pT4l_genbin5_recobin3 acc 0.0668 eff 0.0009 outinratio 0.0387 

WminusH124_4l_TCjmax_pT4l_genbin5_recobin3 acc 0.024 eff 0.0 outinratio 0.1051 

WplusH124_4l_TCjmax_pT4l_genbin5_recobin3 acc 0.0215 eff 0.0 outinratio 0.0908 

ZH124_4l_TCjmax_pT4l_genbin5_recobin3 acc 0.0212 eff 0.0 outinratio 0.0806 

ttH124_4l_TCjmax_pT4l_genbin5_recobin3 acc 0.0091 eff 0.0 outinratio 0.1268 

ggH124_4l_TCjmax_pT4l_genbin6_recobin3 acc 0.0086 eff 0.0 outinratio 0.0521 

VBFH124_4l_TCjmax_pT4l_genbin6_recobin3 acc 0.0716 eff 0.0 outinratio 0.0387 

WminusH124_4l_TCjmax_pT4l_genbin6_recobin3 acc 0.0143 eff 0.0 outinratio 0.1051 

WplusH124_4l_TCjmax_pT4l_genbin6_recobin3 acc 0.0147 eff 0.0 outinratio 0.0908 

ZH124_4l_TCjmax_pT4l_genbin6_recobin3 acc 0.0155 eff 0.0 outinratio 0.0806 

ttH124_4l_TCjmax_pT4l_genbin6_recobin3 acc 0.0168 eff 0.0 outinratio 0.1268 

ggH124_4l_TCjmax_pT4l_genbin7_recobin3 acc 0.0251 eff 0.0127 outinratio 0.0521 

VBFH124_4l_TCjmax_pT4l_genbin7_recobin3 acc 0.0667 eff 0.0029 outinratio 0.0387 

WminusH124_4l_TCjmax_pT4l_genbin7_recobin3 acc 0.1055 eff 0.0056 outinratio 0.1051 

WplusH124_4l_TCjmax_pT4l_genbin7_recobin3 acc 0.0929 eff 0.0065 outinratio 0.0908 

ZH124_4l_TCjmax_pT4l_genbin7_recobin3 acc 0.106 eff 0.0053 outinratio 0.0806 

ttH124_4l_TCjmax_pT4l_genbin7_recobin3 acc 0.2208 eff 0.0022 outinratio 0.1268 

ggH124_4l_TCjmax_pT4l_genbin8_recobin3 acc 0.0062 eff 0.0 outinratio 0.0521 

VBFH124_4l_TCjmax_pT4l_genbin8_recobin3 acc 0.012 eff 0.0 outinratio 0.0387 

WminusH124_4l_TCjmax_pT4l_genbin8_recobin3 acc 0.0124 eff 0.0 outinratio 0.1051 

WplusH124_4l_TCjmax_pT4l_genbin8_recobin3 acc 0.0142 eff 0.0 outinratio 0.0908 

ZH124_4l_TCjmax_pT4l_genbin8_recobin3 acc 0.0142 eff 0.0 outinratio 0.0806 

ttH124_4l_TCjmax_pT4l_genbin8_recobin3 acc 0.037 eff 0.0 outinratio 0.1268 

ggH124_4l_TCjmax_pT4l_genbin0_recobin4 acc 0.2386 eff 0.0007 outinratio 0.0742 

VBFH124_4l_TCjmax_pT4l_genbin0_recobin4 acc 0.0387 eff 0.0083 outinratio 0.0421 

WminusH124_4l_TCjmax_pT4l_genbin0_recobin4 acc 0.0814 eff 0.0088 outinratio 0.0721 

WplusH124_4l_TCjmax_pT4l_genbin0_recobin4 acc 0.0712 eff 0.0184 outinratio 0.0711 

ZH124_4l_TCjmax_pT4l_genbin0_recobin4 acc 0.0769 eff 0.0134 outinratio 0.0572 

ttH124_4l_TCjmax_pT4l_genbin0_recobin4 acc 0.0005 eff 0.0 outinratio 0.0793 

ggH124_4l_TCjmax_pT4l_genbin1_recobin4 acc 0.0174 eff 0.0 outinratio 0.0742 

VBFH124_4l_TCjmax_pT4l_genbin1_recobin4 acc 0.0338 eff 0.0 outinratio 0.0421 

WminusH124_4l_TCjmax_pT4l_genbin1_recobin4 acc 0.0259 eff 0.0 outinratio 0.0721 

WplusH124_4l_TCjmax_pT4l_genbin1_recobin4 acc 0.0217 eff 0.0 outinratio 0.0711 

ZH124_4l_TCjmax_pT4l_genbin1_recobin4 acc 0.0241 eff 0.0 outinratio 0.0572 

ttH124_4l_TCjmax_pT4l_genbin1_recobin4 acc 0.0056 eff 0.0 outinratio 0.0793 

ggH124_4l_TCjmax_pT4l_genbin2_recobin4 acc 0.0378 eff 0.0 outinratio 0.0742 

VBFH124_4l_TCjmax_pT4l_genbin2_recobin4 acc 0.0502 eff 0.0 outinratio 0.0421 

WminusH124_4l_TCjmax_pT4l_genbin2_recobin4 acc 0.0337 eff 0.0 outinratio 0.0721 

WplusH124_4l_TCjmax_pT4l_genbin2_recobin4 acc 0.0276 eff 0.0 outinratio 0.0711 

ZH124_4l_TCjmax_pT4l_genbin2_recobin4 acc 0.0279 eff 0.0 outinratio 0.0572 

ttH124_4l_TCjmax_pT4l_genbin2_recobin4 acc 0.0066 eff 0.0 outinratio 0.0793 

ggH124_4l_TCjmax_pT4l_genbin3_recobin4 acc 0.0217 eff 0.0197 outinratio 0.0742 

VBFH124_4l_TCjmax_pT4l_genbin3_recobin4 acc 0.0434 eff 0.0229 outinratio 0.0421 

WminusH124_4l_TCjmax_pT4l_genbin3_recobin4 acc 0.0201 eff 0.0152 outinratio 0.0721 

WplusH124_4l_TCjmax_pT4l_genbin3_recobin4 acc 0.019 eff 0.0174 outinratio 0.0711 

ZH124_4l_TCjmax_pT4l_genbin3_recobin4 acc 0.0205 eff 0.0214 outinratio 0.0572 

ttH124_4l_TCjmax_pT4l_genbin3_recobin4 acc 0.005 eff 0.0 outinratio 0.0793 

ggH124_4l_TCjmax_pT4l_genbin4_recobin4 acc 0.0165 eff 0.4446 outinratio 0.0742 

VBFH124_4l_TCjmax_pT4l_genbin4_recobin4 acc 0.0533 eff 0.4751 outinratio 0.0421 

WminusH124_4l_TCjmax_pT4l_genbin4_recobin4 acc 0.0247 eff 0.5117 outinratio 0.0721 

WplusH124_4l_TCjmax_pT4l_genbin4_recobin4 acc 0.0205 eff 0.4529 outinratio 0.0711 

ZH124_4l_TCjmax_pT4l_genbin4_recobin4 acc 0.0204 eff 0.3975 outinratio 0.0572 

ttH124_4l_TCjmax_pT4l_genbin4_recobin4 acc 0.0073 eff 0.3789 outinratio 0.0793 

ggH124_4l_TCjmax_pT4l_genbin5_recobin4 acc 0.0143 eff 0.0295 outinratio 0.0742 

VBFH124_4l_TCjmax_pT4l_genbin5_recobin4 acc 0.0668 eff 0.0219 outinratio 0.0421 

WminusH124_4l_TCjmax_pT4l_genbin5_recobin4 acc 0.024 eff 0.0519 outinratio 0.0721 

WplusH124_4l_TCjmax_pT4l_genbin5_recobin4 acc 0.0215 eff 0.0138 outinratio 0.0711 

ZH124_4l_TCjmax_pT4l_genbin5_recobin4 acc 0.0212 eff 0.0304 outinratio 0.0572 

ttH124_4l_TCjmax_pT4l_genbin5_recobin4 acc 0.0091 eff 0.0132 outinratio 0.0793 

ggH124_4l_TCjmax_pT4l_genbin6_recobin4 acc 0.0086 eff 0.0 outinratio 0.0742 

VBFH124_4l_TCjmax_pT4l_genbin6_recobin4 acc 0.0716 eff 0.0 outinratio 0.0421 

WminusH124_4l_TCjmax_pT4l_genbin6_recobin4 acc 0.0143 eff 0.0 outinratio 0.0721 

WplusH124_4l_TCjmax_pT4l_genbin6_recobin4 acc 0.0147 eff 0.0 outinratio 0.0711 

ZH124_4l_TCjmax_pT4l_genbin6_recobin4 acc 0.0155 eff 0.0 outinratio 0.0572 

ttH124_4l_TCjmax_pT4l_genbin6_recobin4 acc 0.0168 eff 0.0 outinratio 0.0793 

ggH124_4l_TCjmax_pT4l_genbin7_recobin4 acc 0.0251 eff 0.0162 outinratio 0.0742 

VBFH124_4l_TCjmax_pT4l_genbin7_recobin4 acc 0.0667 eff 0.0063 outinratio 0.0421 

WminusH124_4l_TCjmax_pT4l_genbin7_recobin4 acc 0.1055 eff 0.0059 outinratio 0.0721 

WplusH124_4l_TCjmax_pT4l_genbin7_recobin4 acc 0.0929 eff 0.0107 outinratio 0.0711 

ZH124_4l_TCjmax_pT4l_genbin7_recobin4 acc 0.106 eff 0.0123 outinratio 0.0572 

ttH124_4l_TCjmax_pT4l_genbin7_recobin4 acc 0.2208 eff 0.0027 outinratio 0.0793 

ggH124_4l_TCjmax_pT4l_genbin8_recobin4 acc 0.0062 eff 0.0 outinratio 0.0742 

VBFH124_4l_TCjmax_pT4l_genbin8_recobin4 acc 0.012 eff 0.0 outinratio 0.0421 

WminusH124_4l_TCjmax_pT4l_genbin8_recobin4 acc 0.0124 eff 0.0 outinratio 0.0721 

WplusH124_4l_TCjmax_pT4l_genbin8_recobin4 acc 0.0142 eff 0.0 outinratio 0.0711 

ZH124_4l_TCjmax_pT4l_genbin8_recobin4 acc 0.0142 eff 0.0 outinratio 0.0572 

ttH124_4l_TCjmax_pT4l_genbin8_recobin4 acc 0.037 eff 0.0 outinratio 0.0793 

ggH124_4l_TCjmax_pT4l_genbin0_recobin5 acc 0.2386 eff 0.0 outinratio 0.0309 

VBFH124_4l_TCjmax_pT4l_genbin0_recobin5 acc 0.0387 eff 0.0016 outinratio 0.0364 

WminusH124_4l_TCjmax_pT4l_genbin0_recobin5 acc 0.0814 eff 0.0204 outinratio 0.0406 

WplusH124_4l_TCjmax_pT4l_genbin0_recobin5 acc 0.0712 eff 0.0161 outinratio 0.0672 

ZH124_4l_TCjmax_pT4l_genbin0_recobin5 acc 0.0769 eff 0.0115 outinratio 0.0437 

ttH124_4l_TCjmax_pT4l_genbin0_recobin5 acc 0.0005 eff 0.0 outinratio 0.1387 

ggH124_4l_TCjmax_pT4l_genbin1_recobin5 acc 0.0174 eff 0.0 outinratio 0.0309 

VBFH124_4l_TCjmax_pT4l_genbin1_recobin5 acc 0.0338 eff 0.0 outinratio 0.0364 

WminusH124_4l_TCjmax_pT4l_genbin1_recobin5 acc 0.0259 eff 0.0 outinratio 0.0406 

WplusH124_4l_TCjmax_pT4l_genbin1_recobin5 acc 0.0217 eff 0.0 outinratio 0.0672 

ZH124_4l_TCjmax_pT4l_genbin1_recobin5 acc 0.0241 eff 0.0 outinratio 0.0437 

ttH124_4l_TCjmax_pT4l_genbin1_recobin5 acc 0.0056 eff 0.0 outinratio 0.1387 

ggH124_4l_TCjmax_pT4l_genbin2_recobin5 acc 0.0378 eff 0.0 outinratio 0.0309 

VBFH124_4l_TCjmax_pT4l_genbin2_recobin5 acc 0.0502 eff 0.0 outinratio 0.0364 

WminusH124_4l_TCjmax_pT4l_genbin2_recobin5 acc 0.0337 eff 0.0 outinratio 0.0406 

WplusH124_4l_TCjmax_pT4l_genbin2_recobin5 acc 0.0276 eff 0.0 outinratio 0.0672 

ZH124_4l_TCjmax_pT4l_genbin2_recobin5 acc 0.0279 eff 0.0 outinratio 0.0437 

ttH124_4l_TCjmax_pT4l_genbin2_recobin5 acc 0.0066 eff 0.0 outinratio 0.1387 

ggH124_4l_TCjmax_pT4l_genbin3_recobin5 acc 0.0217 eff 0.0 outinratio 0.0309 

VBFH124_4l_TCjmax_pT4l_genbin3_recobin5 acc 0.0434 eff 0.0002 outinratio 0.0364 

WminusH124_4l_TCjmax_pT4l_genbin3_recobin5 acc 0.0201 eff 0.0 outinratio 0.0406 

WplusH124_4l_TCjmax_pT4l_genbin3_recobin5 acc 0.019 eff 0.0 outinratio 0.0672 

ZH124_4l_TCjmax_pT4l_genbin3_recobin5 acc 0.0205 eff 0.0 outinratio 0.0437 

ttH124_4l_TCjmax_pT4l_genbin3_recobin5 acc 0.005 eff 0.0 outinratio 0.1387 

ggH124_4l_TCjmax_pT4l_genbin4_recobin5 acc 0.0165 eff 0.0 outinratio 0.0309 

VBFH124_4l_TCjmax_pT4l_genbin4_recobin5 acc 0.0533 eff 0.0146 outinratio 0.0364 

WminusH124_4l_TCjmax_pT4l_genbin4_recobin5 acc 0.0247 eff 0.0299 outinratio 0.0406 

WplusH124_4l_TCjmax_pT4l_genbin4_recobin5 acc 0.0205 eff 0.0085 outinratio 0.0672 

ZH124_4l_TCjmax_pT4l_genbin4_recobin5 acc 0.0204 eff 0.008 outinratio 0.0437 

ttH124_4l_TCjmax_pT4l_genbin4_recobin5 acc 0.0073 eff 0.0163 outinratio 0.1387 

ggH124_4l_TCjmax_pT4l_genbin5_recobin5 acc 0.0143 eff 0.4637 outinratio 0.0309 

VBFH124_4l_TCjmax_pT4l_genbin5_recobin5 acc 0.0668 eff 0.5075 outinratio 0.0364 

WminusH124_4l_TCjmax_pT4l_genbin5_recobin5 acc 0.024 eff 0.5232 outinratio 0.0406 

WplusH124_4l_TCjmax_pT4l_genbin5_recobin5 acc 0.0215 eff 0.4256 outinratio 0.0672 

ZH124_4l_TCjmax_pT4l_genbin5_recobin5 acc 0.0212 eff 0.4235 outinratio 0.0437 

ttH124_4l_TCjmax_pT4l_genbin5_recobin5 acc 0.0091 eff 0.4208 outinratio 0.1387 

ggH124_4l_TCjmax_pT4l_genbin6_recobin5 acc 0.0086 eff 0.0367 outinratio 0.0309 

VBFH124_4l_TCjmax_pT4l_genbin6_recobin5 acc 0.0716 eff 0.0132 outinratio 0.0364 

WminusH124_4l_TCjmax_pT4l_genbin6_recobin5 acc 0.0143 eff 0.0 outinratio 0.0406 

WplusH124_4l_TCjmax_pT4l_genbin6_recobin5 acc 0.0147 eff 0.0153 outinratio 0.0672 

ZH124_4l_TCjmax_pT4l_genbin6_recobin5 acc 0.0155 eff 0.0443 outinratio 0.0437 

ttH124_4l_TCjmax_pT4l_genbin6_recobin5 acc 0.0168 eff 0.0024 outinratio 0.1387 

ggH124_4l_TCjmax_pT4l_genbin7_recobin5 acc 0.0251 eff 0.0037 outinratio 0.0309 

VBFH124_4l_TCjmax_pT4l_genbin7_recobin5 acc 0.0667 eff 0.0141 outinratio 0.0364 

WminusH124_4l_TCjmax_pT4l_genbin7_recobin5 acc 0.1055 eff 0.0169 outinratio 0.0406 

WplusH124_4l_TCjmax_pT4l_genbin7_recobin5 acc 0.0929 eff 0.0102 outinratio 0.0672 

ZH124_4l_TCjmax_pT4l_genbin7_recobin5 acc 0.106 eff 0.0189 outinratio 0.0437 

ttH124_4l_TCjmax_pT4l_genbin7_recobin5 acc 0.2208 eff 0.0044 outinratio 0.1387 

ggH124_4l_TCjmax_pT4l_genbin8_recobin5 acc 0.0062 eff 0.0 outinratio 0.0309 

VBFH124_4l_TCjmax_pT4l_genbin8_recobin5 acc 0.012 eff 0.0 outinratio 0.0364 

WminusH124_4l_TCjmax_pT4l_genbin8_recobin5 acc 0.0124 eff 0.0 outinratio 0.0406 

WplusH124_4l_TCjmax_pT4l_genbin8_recobin5 acc 0.0142 eff 0.0 outinratio 0.0672 

ZH124_4l_TCjmax_pT4l_genbin8_recobin5 acc 0.0142 eff 0.0 outinratio 0.0437 

ttH124_4l_TCjmax_pT4l_genbin8_recobin5 acc 0.037 eff 0.0 outinratio 0.1387 

ggH124_4l_TCjmax_pT4l_genbin0_recobin6 acc 0.2386 eff 0.0 outinratio 0.0511 

VBFH124_4l_TCjmax_pT4l_genbin0_recobin6 acc 0.0387 eff 0.0 outinratio 0.0373 

WminusH124_4l_TCjmax_pT4l_genbin0_recobin6 acc 0.0814 eff 0.0242 outinratio 0.061 

WplusH124_4l_TCjmax_pT4l_genbin0_recobin6 acc 0.0712 eff 0.0216 outinratio 0.0578 

ZH124_4l_TCjmax_pT4l_genbin0_recobin6 acc 0.0769 eff 0.0141 outinratio 0.0592 

ttH124_4l_TCjmax_pT4l_genbin0_recobin6 acc 0.0005 eff 0.0718 outinratio 0.1176 

ggH124_4l_TCjmax_pT4l_genbin1_recobin6 acc 0.0174 eff 0.0 outinratio 0.0511 

VBFH124_4l_TCjmax_pT4l_genbin1_recobin6 acc 0.0338 eff 0.0 outinratio 0.0373 

WminusH124_4l_TCjmax_pT4l_genbin1_recobin6 acc 0.0259 eff 0.0 outinratio 0.061 

WplusH124_4l_TCjmax_pT4l_genbin1_recobin6 acc 0.0217 eff 0.0 outinratio 0.0578 

ZH124_4l_TCjmax_pT4l_genbin1_recobin6 acc 0.0241 eff 0.0 outinratio 0.0592 

ttH124_4l_TCjmax_pT4l_genbin1_recobin6 acc 0.0056 eff 0.0 outinratio 0.1176 

ggH124_4l_TCjmax_pT4l_genbin2_recobin6 acc 0.0378 eff 0.0 outinratio 0.0511 

VBFH124_4l_TCjmax_pT4l_genbin2_recobin6 acc 0.0502 eff 0.0 outinratio 0.0373 

WminusH124_4l_TCjmax_pT4l_genbin2_recobin6 acc 0.0337 eff 0.0 outinratio 0.061 

WplusH124_4l_TCjmax_pT4l_genbin2_recobin6 acc 0.0276 eff 0.0 outinratio 0.0578 

ZH124_4l_TCjmax_pT4l_genbin2_recobin6 acc 0.0279 eff 0.0 outinratio 0.0592 

ttH124_4l_TCjmax_pT4l_genbin2_recobin6 acc 0.0066 eff 0.0 outinratio 0.1176 

ggH124_4l_TCjmax_pT4l_genbin3_recobin6 acc 0.0217 eff 0.0 outinratio 0.0511 

VBFH124_4l_TCjmax_pT4l_genbin3_recobin6 acc 0.0434 eff 0.0 outinratio 0.0373 

WminusH124_4l_TCjmax_pT4l_genbin3_recobin6 acc 0.0201 eff 0.0 outinratio 0.061 

WplusH124_4l_TCjmax_pT4l_genbin3_recobin6 acc 0.019 eff 0.0 outinratio 0.0578 

ZH124_4l_TCjmax_pT4l_genbin3_recobin6 acc 0.0205 eff 0.0 outinratio 0.0592 

ttH124_4l_TCjmax_pT4l_genbin3_recobin6 acc 0.005 eff 0.0 outinratio 0.1176 

ggH124_4l_TCjmax_pT4l_genbin4_recobin6 acc 0.0165 eff 0.0 outinratio 0.0511 

VBFH124_4l_TCjmax_pT4l_genbin4_recobin6 acc 0.0533 eff 0.0 outinratio 0.0373 

WminusH124_4l_TCjmax_pT4l_genbin4_recobin6 acc 0.0247 eff 0.0 outinratio 0.061 

WplusH124_4l_TCjmax_pT4l_genbin4_recobin6 acc 0.0205 eff 0.0 outinratio 0.0578 

ZH124_4l_TCjmax_pT4l_genbin4_recobin6 acc 0.0204 eff 0.0 outinratio 0.0592 

ttH124_4l_TCjmax_pT4l_genbin4_recobin6 acc 0.0073 eff 0.0 outinratio 0.1176 

ggH124_4l_TCjmax_pT4l_genbin5_recobin6 acc 0.0143 eff 0.0071 outinratio 0.0511 

VBFH124_4l_TCjmax_pT4l_genbin5_recobin6 acc 0.0668 eff 0.0079 outinratio 0.0373 

WminusH124_4l_TCjmax_pT4l_genbin5_recobin6 acc 0.024 eff 0.0037 outinratio 0.061 

WplusH124_4l_TCjmax_pT4l_genbin5_recobin6 acc 0.0215 eff 0.0074 outinratio 0.0578 

ZH124_4l_TCjmax_pT4l_genbin5_recobin6 acc 0.0212 eff 0.0025 outinratio 0.0592 

ttH124_4l_TCjmax_pT4l_genbin5_recobin6 acc 0.0091 eff 0.0059 outinratio 0.1176 

ggH124_4l_TCjmax_pT4l_genbin6_recobin6 acc 0.0086 eff 0.4813 outinratio 0.0511 

VBFH124_4l_TCjmax_pT4l_genbin6_recobin6 acc 0.0716 eff 0.5392 outinratio 0.0373 

WminusH124_4l_TCjmax_pT4l_genbin6_recobin6 acc 0.0143 eff 0.3879 outinratio 0.061 

WplusH124_4l_TCjmax_pT4l_genbin6_recobin6 acc 0.0147 eff 0.4633 outinratio 0.0578 

ZH124_4l_TCjmax_pT4l_genbin6_recobin6 acc 0.0155 eff 0.4034 outinratio 0.0592 

ttH124_4l_TCjmax_pT4l_genbin6_recobin6 acc 0.0168 eff 0.3964 outinratio 0.1176 

ggH124_4l_TCjmax_pT4l_genbin7_recobin6 acc 0.0251 eff 0.0159 outinratio 0.0511 

VBFH124_4l_TCjmax_pT4l_genbin7_recobin6 acc 0.0667 eff 0.0251 outinratio 0.0373 

WminusH124_4l_TCjmax_pT4l_genbin7_recobin6 acc 0.1055 eff 0.005 outinratio 0.061 

WplusH124_4l_TCjmax_pT4l_genbin7_recobin6 acc 0.0929 eff 0.0102 outinratio 0.0578 

ZH124_4l_TCjmax_pT4l_genbin7_recobin6 acc 0.106 eff 0.008 outinratio 0.0592 

ttH124_4l_TCjmax_pT4l_genbin7_recobin6 acc 0.2208 eff 0.0063 outinratio 0.1176 

ggH124_4l_TCjmax_pT4l_genbin8_recobin6 acc 0.0062 eff 0.0098 outinratio 0.0511 

VBFH124_4l_TCjmax_pT4l_genbin8_recobin6 acc 0.012 eff 0.0123 outinratio 0.0373 

WminusH124_4l_TCjmax_pT4l_genbin8_recobin6 acc 0.0124 eff 0.0156 outinratio 0.061 

WplusH124_4l_TCjmax_pT4l_genbin8_recobin6 acc 0.0142 eff 0.0069 outinratio 0.0578 

ZH124_4l_TCjmax_pT4l_genbin8_recobin6 acc 0.0142 eff 0.0 outinratio 0.0592 

ttH124_4l_TCjmax_pT4l_genbin8_recobin6 acc 0.037 eff 0.0109 outinratio 0.1176 

ggH124_4l_TCjmax_pT4l_genbin0_recobin7 acc 0.2386 eff 0.0027 outinratio 0.0431 

VBFH124_4l_TCjmax_pT4l_genbin0_recobin7 acc 0.0387 eff 0.0021 outinratio 0.0451 

WminusH124_4l_TCjmax_pT4l_genbin0_recobin7 acc 0.0814 eff 0.0257 outinratio 0.0988 

WplusH124_4l_TCjmax_pT4l_genbin0_recobin7 acc 0.0712 eff 0.0223 outinratio 0.0771 

ZH124_4l_TCjmax_pT4l_genbin0_recobin7 acc 0.0769 eff 0.0196 outinratio 0.0936 

ttH124_4l_TCjmax_pT4l_genbin0_recobin7 acc 0.0005 eff 0.2818 outinratio 0.1908 

ggH124_4l_TCjmax_pT4l_genbin1_recobin7 acc 0.0174 eff 0.0059 outinratio 0.0431 

VBFH124_4l_TCjmax_pT4l_genbin1_recobin7 acc 0.0338 eff 0.0126 outinratio 0.0451 

WminusH124_4l_TCjmax_pT4l_genbin1_recobin7 acc 0.0259 eff 0.0216 outinratio 0.0988 

WplusH124_4l_TCjmax_pT4l_genbin1_recobin7 acc 0.0217 eff 0.0231 outinratio 0.0771 

ZH124_4l_TCjmax_pT4l_genbin1_recobin7 acc 0.0241 eff 0.0394 outinratio 0.0936 

ttH124_4l_TCjmax_pT4l_genbin1_recobin7 acc 0.0056 eff 0.09 outinratio 0.1908 

ggH124_4l_TCjmax_pT4l_genbin2_recobin7 acc 0.0378 eff 0.0098 outinratio 0.0431 

VBFH124_4l_TCjmax_pT4l_genbin2_recobin7 acc 0.0502 eff 0.0114 outinratio 0.0451 

WminusH124_4l_TCjmax_pT4l_genbin2_recobin7 acc 0.0337 eff 0.0356 outinratio 0.0988 

WplusH124_4l_TCjmax_pT4l_genbin2_recobin7 acc 0.0276 eff 0.0504 outinratio 0.0771 

ZH124_4l_TCjmax_pT4l_genbin2_recobin7 acc 0.0279 eff 0.0505 outinratio 0.0936 

ttH124_4l_TCjmax_pT4l_genbin2_recobin7 acc 0.0066 eff 0.1094 outinratio 0.1908 

ggH124_4l_TCjmax_pT4l_genbin3_recobin7 acc 0.0217 eff 0.0175 outinratio 0.0431 

VBFH124_4l_TCjmax_pT4l_genbin3_recobin7 acc 0.0434 eff 0.0114 outinratio 0.0451 

WminusH124_4l_TCjmax_pT4l_genbin3_recobin7 acc 0.0201 eff 0.0442 outinratio 0.0988 

WplusH124_4l_TCjmax_pT4l_genbin3_recobin7 acc 0.019 eff 0.0461 outinratio 0.0771 

ZH124_4l_TCjmax_pT4l_genbin3_recobin7 acc 0.0205 eff 0.0772 outinratio 0.0936 

ttH124_4l_TCjmax_pT4l_genbin3_recobin7 acc 0.005 eff 0.1071 outinratio 0.1908 

ggH124_4l_TCjmax_pT4l_genbin4_recobin7 acc 0.0165 eff 0.0024 outinratio 0.0431 

VBFH124_4l_TCjmax_pT4l_genbin4_recobin7 acc 0.0533 eff 0.0202 outinratio 0.0451 

WminusH124_4l_TCjmax_pT4l_genbin4_recobin7 acc 0.0247 eff 0.0592 outinratio 0.0988 

WplusH124_4l_TCjmax_pT4l_genbin4_recobin7 acc 0.0205 eff 0.0498 outinratio 0.0771 

ZH124_4l_TCjmax_pT4l_genbin4_recobin7 acc 0.0204 eff 0.0542 outinratio 0.0936 

ttH124_4l_TCjmax_pT4l_genbin4_recobin7 acc 0.0073 eff 0.1291 outinratio 0.1908 

ggH124_4l_TCjmax_pT4l_genbin5_recobin7 acc 0.0143 eff 0.0345 outinratio 0.0431 

VBFH124_4l_TCjmax_pT4l_genbin5_recobin7 acc 0.0668 eff 0.0207 outinratio 0.0451 

WminusH124_4l_TCjmax_pT4l_genbin5_recobin7 acc 0.024 eff 0.042 outinratio 0.0988 

WplusH124_4l_TCjmax_pT4l_genbin5_recobin7 acc 0.0215 eff 0.1024 outinratio 0.0771 

ZH124_4l_TCjmax_pT4l_genbin5_recobin7 acc 0.0212 eff 0.0601 outinratio 0.0936 

ttH124_4l_TCjmax_pT4l_genbin5_recobin7 acc 0.0091 eff 0.1236 outinratio 0.1908 

ggH124_4l_TCjmax_pT4l_genbin6_recobin7 acc 0.0086 eff 0.0192 outinratio 0.0431 

VBFH124_4l_TCjmax_pT4l_genbin6_recobin7 acc 0.0716 eff 0.0203 outinratio 0.0451 

WminusH124_4l_TCjmax_pT4l_genbin6_recobin7 acc 0.0143 eff 0.0419 outinratio 0.0988 

WplusH124_4l_TCjmax_pT4l_genbin6_recobin7 acc 0.0147 eff 0.0678 outinratio 0.0771 

ZH124_4l_TCjmax_pT4l_genbin6_recobin7 acc 0.0155 eff 0.0663 outinratio 0.0936 

ttH124_4l_TCjmax_pT4l_genbin6_recobin7 acc 0.0168 eff 0.1019 outinratio 0.1908 

ggH124_4l_TCjmax_pT4l_genbin7_recobin7 acc 0.0251 eff 0.5097 outinratio 0.0431 

VBFH124_4l_TCjmax_pT4l_genbin7_recobin7 acc 0.0667 eff 0.5253 outinratio 0.0451 

WminusH124_4l_TCjmax_pT4l_genbin7_recobin7 acc 0.1055 eff 0.5039 outinratio 0.0988 

WplusH124_4l_TCjmax_pT4l_genbin7_recobin7 acc 0.0929 eff 0.5071 outinratio 0.0771 

ZH124_4l_TCjmax_pT4l_genbin7_recobin7 acc 0.106 eff 0.4907 outinratio 0.0936 

ttH124_4l_TCjmax_pT4l_genbin7_recobin7 acc 0.2208 eff 0.5199 outinratio 0.1908 

ggH124_4l_TCjmax_pT4l_genbin8_recobin7 acc 0.0062 eff 0.0203 outinratio 0.0431 

VBFH124_4l_TCjmax_pT4l_genbin8_recobin7 acc 0.012 eff 0.0131 outinratio 0.0451 

WminusH124_4l_TCjmax_pT4l_genbin8_recobin7 acc 0.0124 eff 0.0269 outinratio 0.0988 

WplusH124_4l_TCjmax_pT4l_genbin8_recobin7 acc 0.0142 eff 0.021 outinratio 0.0771 

ZH124_4l_TCjmax_pT4l_genbin8_recobin7 acc 0.0142 eff 0.0355 outinratio 0.0936 

ttH124_4l_TCjmax_pT4l_genbin8_recobin7 acc 0.037 eff 0.0094 outinratio 0.1908 

ggH124_4l_TCjmax_pT4l_genbin0_recobin8 acc 0.2386 eff 0.0 outinratio 0.025 

VBFH124_4l_TCjmax_pT4l_genbin0_recobin8 acc 0.0387 eff 0.0 outinratio 0.0374 

WminusH124_4l_TCjmax_pT4l_genbin0_recobin8 acc 0.0814 eff 0.0 outinratio 0.023 

WplusH124_4l_TCjmax_pT4l_genbin0_recobin8 acc 0.0712 eff 0.0025 outinratio 0.0583 

ZH124_4l_TCjmax_pT4l_genbin0_recobin8 acc 0.0769 eff 0.0005 outinratio 0.0746 

ttH124_4l_TCjmax_pT4l_genbin0_recobin8 acc 0.0005 eff 0.1033 outinratio 0.1408 

ggH124_4l_TCjmax_pT4l_genbin1_recobin8 acc 0.0174 eff 0.0 outinratio 0.025 

VBFH124_4l_TCjmax_pT4l_genbin1_recobin8 acc 0.0338 eff 0.0 outinratio 0.0374 

WminusH124_4l_TCjmax_pT4l_genbin1_recobin8 acc 0.0259 eff 0.0 outinratio 0.023 

WplusH124_4l_TCjmax_pT4l_genbin1_recobin8 acc 0.0217 eff 0.0 outinratio 0.0583 

ZH124_4l_TCjmax_pT4l_genbin1_recobin8 acc 0.0241 eff 0.0 outinratio 0.0746 

ttH124_4l_TCjmax_pT4l_genbin1_recobin8 acc 0.0056 eff 0.0 outinratio 0.1408 

ggH124_4l_TCjmax_pT4l_genbin2_recobin8 acc 0.0378 eff 0.0 outinratio 0.025 

VBFH124_4l_TCjmax_pT4l_genbin2_recobin8 acc 0.0502 eff 0.0 outinratio 0.0374 

WminusH124_4l_TCjmax_pT4l_genbin2_recobin8 acc 0.0337 eff 0.0 outinratio 0.023 

WplusH124_4l_TCjmax_pT4l_genbin2_recobin8 acc 0.0276 eff 0.0 outinratio 0.0583 

ZH124_4l_TCjmax_pT4l_genbin2_recobin8 acc 0.0279 eff 0.0 outinratio 0.0746 

ttH124_4l_TCjmax_pT4l_genbin2_recobin8 acc 0.0066 eff 0.0 outinratio 0.1408 

ggH124_4l_TCjmax_pT4l_genbin3_recobin8 acc 0.0217 eff 0.0 outinratio 0.025 

VBFH124_4l_TCjmax_pT4l_genbin3_recobin8 acc 0.0434 eff 0.0 outinratio 0.0374 

WminusH124_4l_TCjmax_pT4l_genbin3_recobin8 acc 0.0201 eff 0.0 outinratio 0.023 

WplusH124_4l_TCjmax_pT4l_genbin3_recobin8 acc 0.019 eff 0.0 outinratio 0.0583 

ZH124_4l_TCjmax_pT4l_genbin3_recobin8 acc 0.0205 eff 0.0 outinratio 0.0746 

ttH124_4l_TCjmax_pT4l_genbin3_recobin8 acc 0.005 eff 0.0 outinratio 0.1408 

ggH124_4l_TCjmax_pT4l_genbin4_recobin8 acc 0.0165 eff 0.0 outinratio 0.025 

VBFH124_4l_TCjmax_pT4l_genbin4_recobin8 acc 0.0533 eff 0.0 outinratio 0.0374 

WminusH124_4l_TCjmax_pT4l_genbin4_recobin8 acc 0.0247 eff 0.0 outinratio 0.023 

WplusH124_4l_TCjmax_pT4l_genbin4_recobin8 acc 0.0205 eff 0.0 outinratio 0.0583 

ZH124_4l_TCjmax_pT4l_genbin4_recobin8 acc 0.0204 eff 0.0 outinratio 0.0746 

ttH124_4l_TCjmax_pT4l_genbin4_recobin8 acc 0.0073 eff 0.0 outinratio 0.1408 

ggH124_4l_TCjmax_pT4l_genbin5_recobin8 acc 0.0143 eff 0.0 outinratio 0.025 

VBFH124_4l_TCjmax_pT4l_genbin5_recobin8 acc 0.0668 eff 0.0 outinratio 0.0374 

WminusH124_4l_TCjmax_pT4l_genbin5_recobin8 acc 0.024 eff 0.0 outinratio 0.023 

WplusH124_4l_TCjmax_pT4l_genbin5_recobin8 acc 0.0215 eff 0.0 outinratio 0.0583 

ZH124_4l_TCjmax_pT4l_genbin5_recobin8 acc 0.0212 eff 0.0 outinratio 0.0746 

ttH124_4l_TCjmax_pT4l_genbin5_recobin8 acc 0.0091 eff 0.0 outinratio 0.1408 

ggH124_4l_TCjmax_pT4l_genbin6_recobin8 acc 0.0086 eff 0.0069 outinratio 0.025 

VBFH124_4l_TCjmax_pT4l_genbin6_recobin8 acc 0.0716 eff 0.0043 outinratio 0.0374 

WminusH124_4l_TCjmax_pT4l_genbin6_recobin8 acc 0.0143 eff 0.0362 outinratio 0.023 

WplusH124_4l_TCjmax_pT4l_genbin6_recobin8 acc 0.0147 eff 0.0179 outinratio 0.0583 

ZH124_4l_TCjmax_pT4l_genbin6_recobin8 acc 0.0155 eff 0.0104 outinratio 0.0746 

ttH124_4l_TCjmax_pT4l_genbin6_recobin8 acc 0.0168 eff 0.0515 outinratio 0.1408 

ggH124_4l_TCjmax_pT4l_genbin7_recobin8 acc 0.0251 eff 0.0 outinratio 0.025 

VBFH124_4l_TCjmax_pT4l_genbin7_recobin8 acc 0.0667 eff 0.0015 outinratio 0.0374 

WminusH124_4l_TCjmax_pT4l_genbin7_recobin8 acc 0.1055 eff 0.0012 outinratio 0.023 

WplusH124_4l_TCjmax_pT4l_genbin7_recobin8 acc 0.0929 eff 0.0008 outinratio 0.0583 

ZH124_4l_TCjmax_pT4l_genbin7_recobin8 acc 0.106 eff 0.001 outinratio 0.0746 

ttH124_4l_TCjmax_pT4l_genbin7_recobin8 acc 0.2208 eff 0.0016 outinratio 0.1408 

ggH124_4l_TCjmax_pT4l_genbin8_recobin8 acc 0.0062 eff 0.4538 outinratio 0.025 

VBFH124_4l_TCjmax_pT4l_genbin8_recobin8 acc 0.012 eff 0.5806 outinratio 0.0374 

WminusH124_4l_TCjmax_pT4l_genbin8_recobin8 acc 0.0124 eff 0.4591 outinratio 0.023 

WplusH124_4l_TCjmax_pT4l_genbin8_recobin8 acc 0.0142 eff 0.5597 outinratio 0.0583 

ZH124_4l_TCjmax_pT4l_genbin8_recobin8 acc 0.0142 eff 0.6122 outinratio 0.0746 

ttH124_4l_TCjmax_pT4l_genbin8_recobin8 acc 0.037 eff 0.5696 outinratio 0.1408 

ggH124_4e_TCjmax_pT4l_genbin0_recobin0 acc 0.2321 eff 0.2588 outinratio 0.0427 

VBFH124_4e_TCjmax_pT4l_genbin0_recobin0 acc 0.0364 eff 0.2386 outinratio 0.025 

WminusH124_4e_TCjmax_pT4l_genbin0_recobin0 acc 0.0839 eff 0.1953 outinratio 0.1145 

WplusH124_4e_TCjmax_pT4l_genbin0_recobin0 acc 0.0705 eff 0.2417 outinratio 0.0522 

ZH124_4e_TCjmax_pT4l_genbin0_recobin0 acc 0.0725 eff 0.2522 outinratio 0.0436 

ttH124_4e_TCjmax_pT4l_genbin0_recobin0 acc 1e-04 eff -1.0 outinratio 0.0 

ggH124_4e_TCjmax_pT4l_genbin1_recobin0 acc 0.0191 eff 0.0342 outinratio 0.0427 

VBFH124_4e_TCjmax_pT4l_genbin1_recobin0 acc 0.0324 eff 0.0255 outinratio 0.025 

WminusH124_4e_TCjmax_pT4l_genbin1_recobin0 acc 0.0218 eff 0.0 outinratio 0.1145 

WplusH124_4e_TCjmax_pT4l_genbin1_recobin0 acc 0.0202 eff 0.0361 outinratio 0.0522 

ZH124_4e_TCjmax_pT4l_genbin1_recobin0 acc 0.0274 eff 0.0325 outinratio 0.0436 

ttH124_4e_TCjmax_pT4l_genbin1_recobin0 acc 0.0046 eff 0.0 outinratio 0.0 

ggH124_4e_TCjmax_pT4l_genbin2_recobin0 acc 0.0322 eff 0.0803 outinratio 0.0427 

VBFH124_4e_TCjmax_pT4l_genbin2_recobin0 acc 0.0482 eff 0.0236 outinratio 0.025 

WminusH124_4e_TCjmax_pT4l_genbin2_recobin0 acc 0.0324 eff 0.0 outinratio 0.1145 

WplusH124_4e_TCjmax_pT4l_genbin2_recobin0 acc 0.027 eff 0.0088 outinratio 0.0522 

ZH124_4e_TCjmax_pT4l_genbin2_recobin0 acc 0.0248 eff 0.0164 outinratio 0.0436 

ttH124_4e_TCjmax_pT4l_genbin2_recobin0 acc 0.0066 eff 0.0 outinratio 0.0 

ggH124_4e_TCjmax_pT4l_genbin3_recobin0 acc 0.0181 eff 0.035 outinratio 0.0427 

VBFH124_4e_TCjmax_pT4l_genbin3_recobin0 acc 0.0396 eff 0.0219 outinratio 0.025 

WminusH124_4e_TCjmax_pT4l_genbin3_recobin0 acc 0.0175 eff 0.1051 outinratio 0.1145 

WplusH124_4e_TCjmax_pT4l_genbin3_recobin0 acc 0.0186 eff 0.0123 outinratio 0.0522 

ZH124_4e_TCjmax_pT4l_genbin3_recobin0 acc 0.0188 eff 0.0 outinratio 0.0436 

ttH124_4e_TCjmax_pT4l_genbin3_recobin0 acc 0.005 eff 0.0 outinratio 0.0 

ggH124_4e_TCjmax_pT4l_genbin4_recobin0 acc 0.0188 eff 0.0197 outinratio 0.0427 

VBFH124_4e_TCjmax_pT4l_genbin4_recobin0 acc 0.0504 eff 0.0188 outinratio 0.025 

WminusH124_4e_TCjmax_pT4l_genbin4_recobin0 acc 0.0165 eff 0.0215 outinratio 0.1145 

WplusH124_4e_TCjmax_pT4l_genbin4_recobin0 acc 0.0196 eff 0.0236 outinratio 0.0522 

ZH124_4e_TCjmax_pT4l_genbin4_recobin0 acc 0.0213 eff 0.0441 outinratio 0.0436 

ttH124_4e_TCjmax_pT4l_genbin4_recobin0 acc 0.0069 eff 0.0 outinratio 0.0 

ggH124_4e_TCjmax_pT4l_genbin5_recobin0 acc 0.0141 eff 0.0 outinratio 0.0427 

VBFH124_4e_TCjmax_pT4l_genbin5_recobin0 acc 0.0679 eff 0.0097 outinratio 0.025 

WminusH124_4e_TCjmax_pT4l_genbin5_recobin0 acc 0.0202 eff 0.0 outinratio 0.1145 

WplusH124_4e_TCjmax_pT4l_genbin5_recobin0 acc 0.0213 eff 0.0027 outinratio 0.0522 

ZH124_4e_TCjmax_pT4l_genbin5_recobin0 acc 0.0216 eff 0.0039 outinratio 0.0436 

ttH124_4e_TCjmax_pT4l_genbin5_recobin0 acc 0.01 eff 0.0 outinratio 0.0 

ggH124_4e_TCjmax_pT4l_genbin6_recobin0 acc 0.0094 eff 0.0 outinratio 0.0427 

VBFH124_4e_TCjmax_pT4l_genbin6_recobin0 acc 0.0691 eff 0.004 outinratio 0.025 

WminusH124_4e_TCjmax_pT4l_genbin6_recobin0 acc 0.0112 eff 0.0 outinratio 0.1145 

WplusH124_4e_TCjmax_pT4l_genbin6_recobin0 acc 0.0136 eff 0.006 outinratio 0.0522 

ZH124_4e_TCjmax_pT4l_genbin6_recobin0 acc 0.0143 eff 0.0689 outinratio 0.0436 

ttH124_4e_TCjmax_pT4l_genbin6_recobin0 acc 0.0172 eff 0.0 outinratio 0.0 

ggH124_4e_TCjmax_pT4l_genbin7_recobin0 acc 0.0245 eff 0.0 outinratio 0.0427 

VBFH124_4e_TCjmax_pT4l_genbin7_recobin0 acc 0.064 eff 0.0031 outinratio 0.025 

WminusH124_4e_TCjmax_pT4l_genbin7_recobin0 acc 0.1089 eff 0.0 outinratio 0.1145 

WplusH124_4e_TCjmax_pT4l_genbin7_recobin0 acc 0.0924 eff 0.0006 outinratio 0.0522 

ZH124_4e_TCjmax_pT4l_genbin7_recobin0 acc 0.0954 eff 0.0 outinratio 0.0436 

ttH124_4e_TCjmax_pT4l_genbin7_recobin0 acc 0.2181 eff 0.0 outinratio 0.0 

ggH124_4e_TCjmax_pT4l_genbin8_recobin0 acc 0.007 eff 0.0 outinratio 0.0427 

VBFH124_4e_TCjmax_pT4l_genbin8_recobin0 acc 0.0111 eff 0.0 outinratio 0.025 

WminusH124_4e_TCjmax_pT4l_genbin8_recobin0 acc 0.0154 eff 0.0 outinratio 0.1145 

WplusH124_4e_TCjmax_pT4l_genbin8_recobin0 acc 0.0154 eff 0.0 outinratio 0.0522 

ZH124_4e_TCjmax_pT4l_genbin8_recobin0 acc 0.0105 eff 0.0 outinratio 0.0436 

ttH124_4e_TCjmax_pT4l_genbin8_recobin0 acc 0.0369 eff 0.0 outinratio 0.0 

ggH124_4e_TCjmax_pT4l_genbin0_recobin1 acc 0.2321 eff 0.0237 outinratio 0.0367 

VBFH124_4e_TCjmax_pT4l_genbin0_recobin1 acc 0.0364 eff 0.0359 outinratio 0.0588 

WminusH124_4e_TCjmax_pT4l_genbin0_recobin1 acc 0.0839 eff 0.0172 outinratio 0.3634 

WplusH124_4e_TCjmax_pT4l_genbin0_recobin1 acc 0.0705 eff 0.0179 outinratio 0.1092 

ZH124_4e_TCjmax_pT4l_genbin0_recobin1 acc 0.0725 eff 0.0312 outinratio 0.0649 

ttH124_4e_TCjmax_pT4l_genbin0_recobin1 acc 1e-04 eff -1.0 outinratio 0.517 

ggH124_4e_TCjmax_pT4l_genbin1_recobin1 acc 0.0191 eff 0.2901 outinratio 0.0367 

VBFH124_4e_TCjmax_pT4l_genbin1_recobin1 acc 0.0324 eff 0.2467 outinratio 0.0588 

WminusH124_4e_TCjmax_pT4l_genbin1_recobin1 acc 0.0218 eff 0.2865 outinratio 0.3634 

WplusH124_4e_TCjmax_pT4l_genbin1_recobin1 acc 0.0202 eff 0.2174 outinratio 0.1092 

ZH124_4e_TCjmax_pT4l_genbin1_recobin1 acc 0.0274 eff 0.2372 outinratio 0.0649 

ttH124_4e_TCjmax_pT4l_genbin1_recobin1 acc 0.0046 eff 0.1228 outinratio 0.517 

ggH124_4e_TCjmax_pT4l_genbin2_recobin1 acc 0.0322 eff 0.0194 outinratio 0.0367 

VBFH124_4e_TCjmax_pT4l_genbin2_recobin1 acc 0.0482 eff 0.0095 outinratio 0.0588 

WminusH124_4e_TCjmax_pT4l_genbin2_recobin1 acc 0.0324 eff 0.0182 outinratio 0.3634 

WplusH124_4e_TCjmax_pT4l_genbin2_recobin1 acc 0.027 eff 0.007 outinratio 0.1092 

ZH124_4e_TCjmax_pT4l_genbin2_recobin1 acc 0.0248 eff 0.015 outinratio 0.0649 

ttH124_4e_TCjmax_pT4l_genbin2_recobin1 acc 0.0066 eff 0.0279 outinratio 0.517 

ggH124_4e_TCjmax_pT4l_genbin3_recobin1 acc 0.0181 eff 0.0 outinratio 0.0367 

VBFH124_4e_TCjmax_pT4l_genbin3_recobin1 acc 0.0396 eff 0.0 outinratio 0.0588 

WminusH124_4e_TCjmax_pT4l_genbin3_recobin1 acc 0.0175 eff 0.0 outinratio 0.3634 

WplusH124_4e_TCjmax_pT4l_genbin3_recobin1 acc 0.0186 eff 0.0 outinratio 0.1092 

ZH124_4e_TCjmax_pT4l_genbin3_recobin1 acc 0.0188 eff 0.0 outinratio 0.0649 

ttH124_4e_TCjmax_pT4l_genbin3_recobin1 acc 0.005 eff 0.0 outinratio 0.517 

ggH124_4e_TCjmax_pT4l_genbin4_recobin1 acc 0.0188 eff 0.0 outinratio 0.0367 

VBFH124_4e_TCjmax_pT4l_genbin4_recobin1 acc 0.0504 eff 0.0 outinratio 0.0588 

WminusH124_4e_TCjmax_pT4l_genbin4_recobin1 acc 0.0165 eff 0.0 outinratio 0.3634 

WplusH124_4e_TCjmax_pT4l_genbin4_recobin1 acc 0.0196 eff 0.0 outinratio 0.1092 

ZH124_4e_TCjmax_pT4l_genbin4_recobin1 acc 0.0213 eff 0.0 outinratio 0.0649 

ttH124_4e_TCjmax_pT4l_genbin4_recobin1 acc 0.0069 eff 0.0 outinratio 0.517 

ggH124_4e_TCjmax_pT4l_genbin5_recobin1 acc 0.0141 eff 0.0 outinratio 0.0367 

VBFH124_4e_TCjmax_pT4l_genbin5_recobin1 acc 0.0679 eff 0.0 outinratio 0.0588 

WminusH124_4e_TCjmax_pT4l_genbin5_recobin1 acc 0.0202 eff 0.0 outinratio 0.3634 

WplusH124_4e_TCjmax_pT4l_genbin5_recobin1 acc 0.0213 eff 0.0 outinratio 0.1092 

ZH124_4e_TCjmax_pT4l_genbin5_recobin1 acc 0.0216 eff 0.0 outinratio 0.0649 

ttH124_4e_TCjmax_pT4l_genbin5_recobin1 acc 0.01 eff 0.0 outinratio 0.517 

ggH124_4e_TCjmax_pT4l_genbin6_recobin1 acc 0.0094 eff 0.0 outinratio 0.0367 

VBFH124_4e_TCjmax_pT4l_genbin6_recobin1 acc 0.0691 eff 0.0 outinratio 0.0588 

WminusH124_4e_TCjmax_pT4l_genbin6_recobin1 acc 0.0112 eff 0.0 outinratio 0.3634 

WplusH124_4e_TCjmax_pT4l_genbin6_recobin1 acc 0.0136 eff 0.0 outinratio 0.1092 

ZH124_4e_TCjmax_pT4l_genbin6_recobin1 acc 0.0143 eff 0.0 outinratio 0.0649 

ttH124_4e_TCjmax_pT4l_genbin6_recobin1 acc 0.0172 eff 0.0 outinratio 0.517 

ggH124_4e_TCjmax_pT4l_genbin7_recobin1 acc 0.0245 eff 0.0 outinratio 0.0367 

VBFH124_4e_TCjmax_pT4l_genbin7_recobin1 acc 0.064 eff 0.0011 outinratio 0.0588 

WminusH124_4e_TCjmax_pT4l_genbin7_recobin1 acc 0.1089 eff 0.0 outinratio 0.3634 

WplusH124_4e_TCjmax_pT4l_genbin7_recobin1 acc 0.0924 eff 0.0024 outinratio 0.1092 

ZH124_4e_TCjmax_pT4l_genbin7_recobin1 acc 0.0954 eff 0.0 outinratio 0.0649 

ttH124_4e_TCjmax_pT4l_genbin7_recobin1 acc 0.2181 eff 0.0009 outinratio 0.517 

ggH124_4e_TCjmax_pT4l_genbin8_recobin1 acc 0.007 eff 0.0 outinratio 0.0367 

VBFH124_4e_TCjmax_pT4l_genbin8_recobin1 acc 0.0111 eff 0.0 outinratio 0.0588 

WminusH124_4e_TCjmax_pT4l_genbin8_recobin1 acc 0.0154 eff 0.0 outinratio 0.3634 

WplusH124_4e_TCjmax_pT4l_genbin8_recobin1 acc 0.0154 eff 0.0 outinratio 0.1092 

ZH124_4e_TCjmax_pT4l_genbin8_recobin1 acc 0.0105 eff 0.0 outinratio 0.0649 

ttH124_4e_TCjmax_pT4l_genbin8_recobin1 acc 0.0369 eff 0.0 outinratio 0.517 

ggH124_4e_TCjmax_pT4l_genbin0_recobin2 acc 0.2321 eff 0.0039 outinratio 0.0442 

VBFH124_4e_TCjmax_pT4l_genbin0_recobin2 acc 0.0364 eff 0.0391 outinratio 0.0425 

WminusH124_4e_TCjmax_pT4l_genbin0_recobin2 acc 0.0839 eff 0.0356 outinratio 0.1029 

WplusH124_4e_TCjmax_pT4l_genbin0_recobin2 acc 0.0705 eff 0.0191 outinratio 0.0904 

ZH124_4e_TCjmax_pT4l_genbin0_recobin2 acc 0.0725 eff 0.0325 outinratio 0.0565 

ttH124_4e_TCjmax_pT4l_genbin0_recobin2 acc 1e-04 eff -1.0 outinratio 0.3034 

ggH124_4e_TCjmax_pT4l_genbin1_recobin2 acc 0.0191 eff 0.0 outinratio 0.0442 

VBFH124_4e_TCjmax_pT4l_genbin1_recobin2 acc 0.0324 eff 0.0204 outinratio 0.0425 

WminusH124_4e_TCjmax_pT4l_genbin1_recobin2 acc 0.0218 eff 0.0 outinratio 0.1029 

WplusH124_4e_TCjmax_pT4l_genbin1_recobin2 acc 0.0202 eff 0.013 outinratio 0.0904 

ZH124_4e_TCjmax_pT4l_genbin1_recobin2 acc 0.0274 eff 0.0255 outinratio 0.0565 

ttH124_4e_TCjmax_pT4l_genbin1_recobin2 acc 0.0046 eff 0.0178 outinratio 0.3034 

ggH124_4e_TCjmax_pT4l_genbin2_recobin2 acc 0.0322 eff 0.2374 outinratio 0.0442 

VBFH124_4e_TCjmax_pT4l_genbin2_recobin2 acc 0.0482 eff 0.2465 outinratio 0.0425 

WminusH124_4e_TCjmax_pT4l_genbin2_recobin2 acc 0.0324 eff 0.2568 outinratio 0.1029 

WplusH124_4e_TCjmax_pT4l_genbin2_recobin2 acc 0.027 eff 0.2365 outinratio 0.0904 

ZH124_4e_TCjmax_pT4l_genbin2_recobin2 acc 0.0248 eff 0.1515 outinratio 0.0565 

ttH124_4e_TCjmax_pT4l_genbin2_recobin2 acc 0.0066 eff 0.1221 outinratio 0.3034 

ggH124_4e_TCjmax_pT4l_genbin3_recobin2 acc 0.0181 eff 0.0569 outinratio 0.0442 

VBFH124_4e_TCjmax_pT4l_genbin3_recobin2 acc 0.0396 eff 0.0352 outinratio 0.0425 

WminusH124_4e_TCjmax_pT4l_genbin3_recobin2 acc 0.0175 eff 0.0 outinratio 0.1029 

WplusH124_4e_TCjmax_pT4l_genbin3_recobin2 acc 0.0186 eff 0.01 outinratio 0.0904 

ZH124_4e_TCjmax_pT4l_genbin3_recobin2 acc 0.0188 eff 0.0302 outinratio 0.0565 

ttH124_4e_TCjmax_pT4l_genbin3_recobin2 acc 0.005 eff 0.0168 outinratio 0.3034 

ggH124_4e_TCjmax_pT4l_genbin4_recobin2 acc 0.0188 eff 0.0 outinratio 0.0442 

VBFH124_4e_TCjmax_pT4l_genbin4_recobin2 acc 0.0504 eff 0.0 outinratio 0.0425 

WminusH124_4e_TCjmax_pT4l_genbin4_recobin2 acc 0.0165 eff 0.0 outinratio 0.1029 

WplusH124_4e_TCjmax_pT4l_genbin4_recobin2 acc 0.0196 eff 0.0 outinratio 0.0904 

ZH124_4e_TCjmax_pT4l_genbin4_recobin2 acc 0.0213 eff 0.0 outinratio 0.0565 

ttH124_4e_TCjmax_pT4l_genbin4_recobin2 acc 0.0069 eff 0.0 outinratio 0.3034 

ggH124_4e_TCjmax_pT4l_genbin5_recobin2 acc 0.0141 eff 0.0 outinratio 0.0442 

VBFH124_4e_TCjmax_pT4l_genbin5_recobin2 acc 0.0679 eff 0.0 outinratio 0.0425 

WminusH124_4e_TCjmax_pT4l_genbin5_recobin2 acc 0.0202 eff 0.0 outinratio 0.1029 

WplusH124_4e_TCjmax_pT4l_genbin5_recobin2 acc 0.0213 eff 0.0 outinratio 0.0904 

ZH124_4e_TCjmax_pT4l_genbin5_recobin2 acc 0.0216 eff 0.0 outinratio 0.0565 

ttH124_4e_TCjmax_pT4l_genbin5_recobin2 acc 0.01 eff 0.0 outinratio 0.3034 

ggH124_4e_TCjmax_pT4l_genbin6_recobin2 acc 0.0094 eff 0.0 outinratio 0.0442 

VBFH124_4e_TCjmax_pT4l_genbin6_recobin2 acc 0.0691 eff 0.0 outinratio 0.0425 

WminusH124_4e_TCjmax_pT4l_genbin6_recobin2 acc 0.0112 eff 0.0 outinratio 0.1029 

WplusH124_4e_TCjmax_pT4l_genbin6_recobin2 acc 0.0136 eff 0.0 outinratio 0.0904 

ZH124_4e_TCjmax_pT4l_genbin6_recobin2 acc 0.0143 eff 0.0 outinratio 0.0565 

ttH124_4e_TCjmax_pT4l_genbin6_recobin2 acc 0.0172 eff 0.0 outinratio 0.3034 

ggH124_4e_TCjmax_pT4l_genbin7_recobin2 acc 0.0245 eff 0.0 outinratio 0.0442 

VBFH124_4e_TCjmax_pT4l_genbin7_recobin2 acc 0.064 eff 0.0016 outinratio 0.0425 

WminusH124_4e_TCjmax_pT4l_genbin7_recobin2 acc 0.1089 eff 0.0032 outinratio 0.1029 

WplusH124_4e_TCjmax_pT4l_genbin7_recobin2 acc 0.0924 eff 0.0043 outinratio 0.0904 

ZH124_4e_TCjmax_pT4l_genbin7_recobin2 acc 0.0954 eff 0.0 outinratio 0.0565 

ttH124_4e_TCjmax_pT4l_genbin7_recobin2 acc 0.2181 eff 0.0021 outinratio 0.3034 

ggH124_4e_TCjmax_pT4l_genbin8_recobin2 acc 0.007 eff 0.0 outinratio 0.0442 

VBFH124_4e_TCjmax_pT4l_genbin8_recobin2 acc 0.0111 eff 0.0 outinratio 0.0425 

WminusH124_4e_TCjmax_pT4l_genbin8_recobin2 acc 0.0154 eff 0.0 outinratio 0.1029 

WplusH124_4e_TCjmax_pT4l_genbin8_recobin2 acc 0.0154 eff 0.0 outinratio 0.0904 

ZH124_4e_TCjmax_pT4l_genbin8_recobin2 acc 0.0105 eff 0.0 outinratio 0.0565 

ttH124_4e_TCjmax_pT4l_genbin8_recobin2 acc 0.0369 eff 0.0 outinratio 0.3034 

ggH124_4e_TCjmax_pT4l_genbin0_recobin3 acc 0.2321 eff 0.0019 outinratio 0.0617 

VBFH124_4e_TCjmax_pT4l_genbin0_recobin3 acc 0.0364 eff 0.0118 outinratio 0.029 

WminusH124_4e_TCjmax_pT4l_genbin0_recobin3 acc 0.0839 eff 0.0056 outinratio 0.1091 

WplusH124_4e_TCjmax_pT4l_genbin0_recobin3 acc 0.0705 eff 0.0078 outinratio 0.1082 

ZH124_4e_TCjmax_pT4l_genbin0_recobin3 acc 0.0725 eff 0.0075 outinratio 0.0605 

ttH124_4e_TCjmax_pT4l_genbin0_recobin3 acc 1e-04 eff -1.0 outinratio 0.3459 

ggH124_4e_TCjmax_pT4l_genbin1_recobin3 acc 0.0191 eff 0.0 outinratio 0.0617 

VBFH124_4e_TCjmax_pT4l_genbin1_recobin3 acc 0.0324 eff 0.0 outinratio 0.029 

WminusH124_4e_TCjmax_pT4l_genbin1_recobin3 acc 0.0218 eff 0.0 outinratio 0.1091 

WplusH124_4e_TCjmax_pT4l_genbin1_recobin3 acc 0.0202 eff 0.0 outinratio 0.1082 

ZH124_4e_TCjmax_pT4l_genbin1_recobin3 acc 0.0274 eff 0.0 outinratio 0.0605 

ttH124_4e_TCjmax_pT4l_genbin1_recobin3 acc 0.0046 eff 0.0 outinratio 0.3459 

ggH124_4e_TCjmax_pT4l_genbin2_recobin3 acc 0.0322 eff 0.0062 outinratio 0.0617 

VBFH124_4e_TCjmax_pT4l_genbin2_recobin3 acc 0.0482 eff 0.0106 outinratio 0.029 

WminusH124_4e_TCjmax_pT4l_genbin2_recobin3 acc 0.0324 eff 0.011 outinratio 0.1091 

WplusH124_4e_TCjmax_pT4l_genbin2_recobin3 acc 0.027 eff 0.006 outinratio 0.1082 

ZH124_4e_TCjmax_pT4l_genbin2_recobin3 acc 0.0248 eff 0.0 outinratio 0.0605 

ttH124_4e_TCjmax_pT4l_genbin2_recobin3 acc 0.0066 eff 0.0 outinratio 0.3459 

ggH124_4e_TCjmax_pT4l_genbin3_recobin3 acc 0.0181 eff 0.1825 outinratio 0.0617 

VBFH124_4e_TCjmax_pT4l_genbin3_recobin3 acc 0.0396 eff 0.238 outinratio 0.029 

WminusH124_4e_TCjmax_pT4l_genbin3_recobin3 acc 0.0175 eff 0.286 outinratio 0.1091 

WplusH124_4e_TCjmax_pT4l_genbin3_recobin3 acc 0.0186 eff 0.268 outinratio 0.1082 

ZH124_4e_TCjmax_pT4l_genbin3_recobin3 acc 0.0188 eff 0.1914 outinratio 0.0605 

ttH124_4e_TCjmax_pT4l_genbin3_recobin3 acc 0.005 eff 0.2162 outinratio 0.3459 

ggH124_4e_TCjmax_pT4l_genbin4_recobin3 acc 0.0188 eff 0.0059 outinratio 0.0617 

VBFH124_4e_TCjmax_pT4l_genbin4_recobin3 acc 0.0504 eff 0.022 outinratio 0.029 

WminusH124_4e_TCjmax_pT4l_genbin4_recobin3 acc 0.0165 eff 0.0253 outinratio 0.1091 

WplusH124_4e_TCjmax_pT4l_genbin4_recobin3 acc 0.0196 eff 0.023 outinratio 0.1082 

ZH124_4e_TCjmax_pT4l_genbin4_recobin3 acc 0.0213 eff 0.0109 outinratio 0.0605 

ttH124_4e_TCjmax_pT4l_genbin4_recobin3 acc 0.0069 eff 0.0108 outinratio 0.3459 

ggH124_4e_TCjmax_pT4l_genbin5_recobin3 acc 0.0141 eff 0.0 outinratio 0.0617 

VBFH124_4e_TCjmax_pT4l_genbin5_recobin3 acc 0.0679 eff 0.0027 outinratio 0.029 

WminusH124_4e_TCjmax_pT4l_genbin5_recobin3 acc 0.0202 eff 0.0 outinratio 0.1091 

WplusH124_4e_TCjmax_pT4l_genbin5_recobin3 acc 0.0213 eff 0.0 outinratio 0.1082 

ZH124_4e_TCjmax_pT4l_genbin5_recobin3 acc 0.0216 eff 0.0 outinratio 0.0605 

ttH124_4e_TCjmax_pT4l_genbin5_recobin3 acc 0.01 eff 0.0 outinratio 0.3459 

ggH124_4e_TCjmax_pT4l_genbin6_recobin3 acc 0.0094 eff 0.0 outinratio 0.0617 

VBFH124_4e_TCjmax_pT4l_genbin6_recobin3 acc 0.0691 eff 0.0 outinratio 0.029 

WminusH124_4e_TCjmax_pT4l_genbin6_recobin3 acc 0.0112 eff 0.0 outinratio 0.1091 

WplusH124_4e_TCjmax_pT4l_genbin6_recobin3 acc 0.0136 eff 0.0 outinratio 0.1082 

ZH124_4e_TCjmax_pT4l_genbin6_recobin3 acc 0.0143 eff 0.0 outinratio 0.0605 

ttH124_4e_TCjmax_pT4l_genbin6_recobin3 acc 0.0172 eff 0.0 outinratio 0.3459 

ggH124_4e_TCjmax_pT4l_genbin7_recobin3 acc 0.0245 eff 0.0 outinratio 0.0617 

VBFH124_4e_TCjmax_pT4l_genbin7_recobin3 acc 0.064 eff 0.0019 outinratio 0.029 

WminusH124_4e_TCjmax_pT4l_genbin7_recobin3 acc 0.1089 eff 0.0 outinratio 0.1091 

WplusH124_4e_TCjmax_pT4l_genbin7_recobin3 acc 0.0924 eff 0.0027 outinratio 0.1082 

ZH124_4e_TCjmax_pT4l_genbin7_recobin3 acc 0.0954 eff 0.0074 outinratio 0.0605 

ttH124_4e_TCjmax_pT4l_genbin7_recobin3 acc 0.2181 eff 0.0004 outinratio 0.3459 

ggH124_4e_TCjmax_pT4l_genbin8_recobin3 acc 0.007 eff 0.0 outinratio 0.0617 

VBFH124_4e_TCjmax_pT4l_genbin8_recobin3 acc 0.0111 eff 0.0 outinratio 0.029 

WminusH124_4e_TCjmax_pT4l_genbin8_recobin3 acc 0.0154 eff 0.0 outinratio 0.1091 

WplusH124_4e_TCjmax_pT4l_genbin8_recobin3 acc 0.0154 eff 0.0 outinratio 0.1082 

ZH124_4e_TCjmax_pT4l_genbin8_recobin3 acc 0.0105 eff 0.0 outinratio 0.0605 

ttH124_4e_TCjmax_pT4l_genbin8_recobin3 acc 0.0369 eff 0.0 outinratio 0.3459 

ggH124_4e_TCjmax_pT4l_genbin0_recobin4 acc 0.2321 eff 0.0 outinratio 0.2221 

VBFH124_4e_TCjmax_pT4l_genbin0_recobin4 acc 0.0364 eff 0.0064 outinratio 0.0328 

WminusH124_4e_TCjmax_pT4l_genbin0_recobin4 acc 0.0839 eff 0.0051 outinratio 0.0709 

WplusH124_4e_TCjmax_pT4l_genbin0_recobin4 acc 0.0705 eff 0.0117 outinratio 0.0676 

ZH124_4e_TCjmax_pT4l_genbin0_recobin4 acc 0.0725 eff 0.0071 outinratio 0.0282 

ttH124_4e_TCjmax_pT4l_genbin0_recobin4 acc 1e-04 eff -1.0 outinratio 0.1012 

ggH124_4e_TCjmax_pT4l_genbin1_recobin4 acc 0.0191 eff 0.0 outinratio 0.2221 

VBFH124_4e_TCjmax_pT4l_genbin1_recobin4 acc 0.0324 eff 0.0 outinratio 0.0328 

WminusH124_4e_TCjmax_pT4l_genbin1_recobin4 acc 0.0218 eff 0.0 outinratio 0.0709 

WplusH124_4e_TCjmax_pT4l_genbin1_recobin4 acc 0.0202 eff 0.0 outinratio 0.0676 

ZH124_4e_TCjmax_pT4l_genbin1_recobin4 acc 0.0274 eff 0.0 outinratio 0.0282 

ttH124_4e_TCjmax_pT4l_genbin1_recobin4 acc 0.0046 eff 0.0 outinratio 0.1012 

ggH124_4e_TCjmax_pT4l_genbin2_recobin4 acc 0.0322 eff 0.0 outinratio 0.2221 

VBFH124_4e_TCjmax_pT4l_genbin2_recobin4 acc 0.0482 eff 0.0 outinratio 0.0328 

WminusH124_4e_TCjmax_pT4l_genbin2_recobin4 acc 0.0324 eff 0.0 outinratio 0.0709 

WplusH124_4e_TCjmax_pT4l_genbin2_recobin4 acc 0.027 eff 0.0 outinratio 0.0676 

ZH124_4e_TCjmax_pT4l_genbin2_recobin4 acc 0.0248 eff 0.0 outinratio 0.0282 

ttH124_4e_TCjmax_pT4l_genbin2_recobin4 acc 0.0066 eff 0.0 outinratio 0.1012 

ggH124_4e_TCjmax_pT4l_genbin3_recobin4 acc 0.0181 eff 0.0114 outinratio 0.2221 

VBFH124_4e_TCjmax_pT4l_genbin3_recobin4 acc 0.0396 eff 0.0124 outinratio 0.0328 

WminusH124_4e_TCjmax_pT4l_genbin3_recobin4 acc 0.0175 eff 0.0 outinratio 0.0709 

WplusH124_4e_TCjmax_pT4l_genbin3_recobin4 acc 0.0186 eff 0.0105 outinratio 0.0676 

ZH124_4e_TCjmax_pT4l_genbin3_recobin4 acc 0.0188 eff 0.0088 outinratio 0.0282 

ttH124_4e_TCjmax_pT4l_genbin3_recobin4 acc 0.005 eff 0.0 outinratio 0.1012 

ggH124_4e_TCjmax_pT4l_genbin4_recobin4 acc 0.0188 eff 0.2529 outinratio 0.2221 

VBFH124_4e_TCjmax_pT4l_genbin4_recobin4 acc 0.0504 eff 0.278 outinratio 0.0328 

WminusH124_4e_TCjmax_pT4l_genbin4_recobin4 acc 0.0165 eff 0.3238 outinratio 0.0709 

WplusH124_4e_TCjmax_pT4l_genbin4_recobin4 acc 0.0196 eff 0.2234 outinratio 0.0676 

ZH124_4e_TCjmax_pT4l_genbin4_recobin4 acc 0.0213 eff 0.2043 outinratio 0.0282 

ttH124_4e_TCjmax_pT4l_genbin4_recobin4 acc 0.0069 eff 0.2784 outinratio 0.1012 

ggH124_4e_TCjmax_pT4l_genbin5_recobin4 acc 0.0141 eff 0.0337 outinratio 0.2221 

VBFH124_4e_TCjmax_pT4l_genbin5_recobin4 acc 0.0679 eff 0.0245 outinratio 0.0328 

WminusH124_4e_TCjmax_pT4l_genbin5_recobin4 acc 0.0202 eff 0.0385 outinratio 0.0709 

WplusH124_4e_TCjmax_pT4l_genbin5_recobin4 acc 0.0213 eff 0.0162 outinratio 0.0676 

ZH124_4e_TCjmax_pT4l_genbin5_recobin4 acc 0.0216 eff 0.022 outinratio 0.0282 

ttH124_4e_TCjmax_pT4l_genbin5_recobin4 acc 0.01 eff 0.0327 outinratio 0.1012 

ggH124_4e_TCjmax_pT4l_genbin6_recobin4 acc 0.0094 eff 0.0 outinratio 0.2221 

VBFH124_4e_TCjmax_pT4l_genbin6_recobin4 acc 0.0691 eff 0.0 outinratio 0.0328 

WminusH124_4e_TCjmax_pT4l_genbin6_recobin4 acc 0.0112 eff 0.0 outinratio 0.0709 

WplusH124_4e_TCjmax_pT4l_genbin6_recobin4 acc 0.0136 eff 0.0 outinratio 0.0676 

ZH124_4e_TCjmax_pT4l_genbin6_recobin4 acc 0.0143 eff 0.0 outinratio 0.0282 

ttH124_4e_TCjmax_pT4l_genbin6_recobin4 acc 0.0172 eff 0.0 outinratio 0.1012 

ggH124_4e_TCjmax_pT4l_genbin7_recobin4 acc 0.0245 eff 0.0 outinratio 0.2221 

VBFH124_4e_TCjmax_pT4l_genbin7_recobin4 acc 0.064 eff 0.0032 outinratio 0.0328 

WminusH124_4e_TCjmax_pT4l_genbin7_recobin4 acc 0.1089 eff 0.0057 outinratio 0.0709 

WplusH124_4e_TCjmax_pT4l_genbin7_recobin4 acc 0.0924 eff 0.0063 outinratio 0.0676 

ZH124_4e_TCjmax_pT4l_genbin7_recobin4 acc 0.0954 eff 0.0095 outinratio 0.0282 

ttH124_4e_TCjmax_pT4l_genbin7_recobin4 acc 0.2181 eff 0.0003 outinratio 0.1012 

ggH124_4e_TCjmax_pT4l_genbin8_recobin4 acc 0.007 eff 0.0 outinratio 0.2221 

VBFH124_4e_TCjmax_pT4l_genbin8_recobin4 acc 0.0111 eff 0.0 outinratio 0.0328 

WminusH124_4e_TCjmax_pT4l_genbin8_recobin4 acc 0.0154 eff 0.0 outinratio 0.0709 

WplusH124_4e_TCjmax_pT4l_genbin8_recobin4 acc 0.0154 eff 0.0 outinratio 0.0676 

ZH124_4e_TCjmax_pT4l_genbin8_recobin4 acc 0.0105 eff 0.0 outinratio 0.0282 

ttH124_4e_TCjmax_pT4l_genbin8_recobin4 acc 0.0369 eff 0.0 outinratio 0.1012 

ggH124_4e_TCjmax_pT4l_genbin0_recobin5 acc 0.2321 eff 0.0 outinratio 0.0 

VBFH124_4e_TCjmax_pT4l_genbin0_recobin5 acc 0.0364 eff 0.0011 outinratio 0.0286 

WminusH124_4e_TCjmax_pT4l_genbin0_recobin5 acc 0.0839 eff 0.0014 outinratio 0.0 

WplusH124_4e_TCjmax_pT4l_genbin0_recobin5 acc 0.0705 eff 0.0095 outinratio 0.0959 

ZH124_4e_TCjmax_pT4l_genbin0_recobin5 acc 0.0725 eff 0.0097 outinratio 0.0426 

ttH124_4e_TCjmax_pT4l_genbin0_recobin5 acc 1e-04 eff -1.0 outinratio 0.1434 

ggH124_4e_TCjmax_pT4l_genbin1_recobin5 acc 0.0191 eff 0.0 outinratio 0.0 

VBFH124_4e_TCjmax_pT4l_genbin1_recobin5 acc 0.0324 eff 0.0 outinratio 0.0286 

WminusH124_4e_TCjmax_pT4l_genbin1_recobin5 acc 0.0218 eff 0.0 outinratio 0.0 

WplusH124_4e_TCjmax_pT4l_genbin1_recobin5 acc 0.0202 eff 0.0 outinratio 0.0959 

ZH124_4e_TCjmax_pT4l_genbin1_recobin5 acc 0.0274 eff 0.0 outinratio 0.0426 

ttH124_4e_TCjmax_pT4l_genbin1_recobin5 acc 0.0046 eff 0.0 outinratio 0.1434 

ggH124_4e_TCjmax_pT4l_genbin2_recobin5 acc 0.0322 eff 0.0 outinratio 0.0 

VBFH124_4e_TCjmax_pT4l_genbin2_recobin5 acc 0.0482 eff 0.0 outinratio 0.0286 

WminusH124_4e_TCjmax_pT4l_genbin2_recobin5 acc 0.0324 eff 0.0 outinratio 0.0 

WplusH124_4e_TCjmax_pT4l_genbin2_recobin5 acc 0.027 eff 0.0 outinratio 0.0959 

ZH124_4e_TCjmax_pT4l_genbin2_recobin5 acc 0.0248 eff 0.0 outinratio 0.0426 

ttH124_4e_TCjmax_pT4l_genbin2_recobin5 acc 0.0066 eff 0.0 outinratio 0.1434 

ggH124_4e_TCjmax_pT4l_genbin3_recobin5 acc 0.0181 eff 0.0 outinratio 0.0 

VBFH124_4e_TCjmax_pT4l_genbin3_recobin5 acc 0.0396 eff 0.0009 outinratio 0.0286 

WminusH124_4e_TCjmax_pT4l_genbin3_recobin5 acc 0.0175 eff 0.0 outinratio 0.0 

WplusH124_4e_TCjmax_pT4l_genbin3_recobin5 acc 0.0186 eff 0.0 outinratio 0.0959 

ZH124_4e_TCjmax_pT4l_genbin3_recobin5 acc 0.0188 eff 0.0 outinratio 0.0426 

ttH124_4e_TCjmax_pT4l_genbin3_recobin5 acc 0.005 eff 0.0 outinratio 0.1434 

ggH124_4e_TCjmax_pT4l_genbin4_recobin5 acc 0.0188 eff 0.0 outinratio 0.0 

VBFH124_4e_TCjmax_pT4l_genbin4_recobin5 acc 0.0504 eff 0.0127 outinratio 0.0286 

WminusH124_4e_TCjmax_pT4l_genbin4_recobin5 acc 0.0165 eff 0.0 outinratio 0.0 

WplusH124_4e_TCjmax_pT4l_genbin4_recobin5 acc 0.0196 eff 0.012 outinratio 0.0959 

ZH124_4e_TCjmax_pT4l_genbin4_recobin5 acc 0.0213 eff -0.0088 outinratio 0.0426 

ttH124_4e_TCjmax_pT4l_genbin4_recobin5 acc 0.0069 eff 0.04 outinratio 0.1434 

ggH124_4e_TCjmax_pT4l_genbin5_recobin5 acc 0.0141 eff 0.3054 outinratio 0.0 

VBFH124_4e_TCjmax_pT4l_genbin5_recobin5 acc 0.0679 eff 0.3142 outinratio 0.0286 

WminusH124_4e_TCjmax_pT4l_genbin5_recobin5 acc 0.0202 eff 0.339 outinratio 0.0 

WplusH124_4e_TCjmax_pT4l_genbin5_recobin5 acc 0.0213 eff 0.2336 outinratio 0.0959 

ZH124_4e_TCjmax_pT4l_genbin5_recobin5 acc 0.0216 eff 0.2695 outinratio 0.0426 

ttH124_4e_TCjmax_pT4l_genbin5_recobin5 acc 0.01 eff 0.2061 outinratio 0.1434 

ggH124_4e_TCjmax_pT4l_genbin6_recobin5 acc 0.0094 eff 0.0 outinratio 0.0 

VBFH124_4e_TCjmax_pT4l_genbin6_recobin5 acc 0.0691 eff 0.0121 outinratio 0.0286 

WminusH124_4e_TCjmax_pT4l_genbin6_recobin5 acc 0.0112 eff 0.0 outinratio 0.0 

WplusH124_4e_TCjmax_pT4l_genbin6_recobin5 acc 0.0136 eff 0.0133 outinratio 0.0959 

ZH124_4e_TCjmax_pT4l_genbin6_recobin5 acc 0.0143 eff 0.0326 outinratio 0.0426 

ttH124_4e_TCjmax_pT4l_genbin6_recobin5 acc 0.0172 eff 0.0 outinratio 0.1434 

ggH124_4e_TCjmax_pT4l_genbin7_recobin5 acc 0.0245 eff 0.0 outinratio 0.0 

VBFH124_4e_TCjmax_pT4l_genbin7_recobin5 acc 0.064 eff 0.0092 outinratio 0.0286 

WminusH124_4e_TCjmax_pT4l_genbin7_recobin5 acc 0.1089 eff 0.0105 outinratio 0.0 

WplusH124_4e_TCjmax_pT4l_genbin7_recobin5 acc 0.0924 eff 0.0076 outinratio 0.0959 

ZH124_4e_TCjmax_pT4l_genbin7_recobin5 acc 0.0954 eff 0.0173 outinratio 0.0426 

ttH124_4e_TCjmax_pT4l_genbin7_recobin5 acc 0.2181 eff 0.0034 outinratio 0.1434 

ggH124_4e_TCjmax_pT4l_genbin8_recobin5 acc 0.007 eff 0.0 outinratio 0.0 

VBFH124_4e_TCjmax_pT4l_genbin8_recobin5 acc 0.0111 eff 0.0 outinratio 0.0286 

WminusH124_4e_TCjmax_pT4l_genbin8_recobin5 acc 0.0154 eff 0.0 outinratio 0.0 

WplusH124_4e_TCjmax_pT4l_genbin8_recobin5 acc 0.0154 eff 0.0 outinratio 0.0959 

ZH124_4e_TCjmax_pT4l_genbin8_recobin5 acc 0.0105 eff 0.0 outinratio 0.0426 

ttH124_4e_TCjmax_pT4l_genbin8_recobin5 acc 0.0369 eff 0.0 outinratio 0.1434 

ggH124_4e_TCjmax_pT4l_genbin0_recobin6 acc 0.2321 eff 0.0 outinratio 0.0203 

VBFH124_4e_TCjmax_pT4l_genbin0_recobin6 acc 0.0364 eff 0.0 outinratio 0.0255 

WminusH124_4e_TCjmax_pT4l_genbin0_recobin6 acc 0.0839 eff 0.0 outinratio 0.0 

WplusH124_4e_TCjmax_pT4l_genbin0_recobin6 acc 0.0705 eff 0.0108 outinratio 0.0224 

ZH124_4e_TCjmax_pT4l_genbin0_recobin6 acc 0.0725 eff -0.0035 outinratio 0.025 

ttH124_4e_TCjmax_pT4l_genbin0_recobin6 acc 1e-04 eff -1.0 outinratio 0.0939 

ggH124_4e_TCjmax_pT4l_genbin1_recobin6 acc 0.0191 eff 0.0 outinratio 0.0203 

VBFH124_4e_TCjmax_pT4l_genbin1_recobin6 acc 0.0324 eff 0.0 outinratio 0.0255 

WminusH124_4e_TCjmax_pT4l_genbin1_recobin6 acc 0.0218 eff 0.0 outinratio 0.0 

WplusH124_4e_TCjmax_pT4l_genbin1_recobin6 acc 0.0202 eff 0.0 outinratio 0.0224 

ZH124_4e_TCjmax_pT4l_genbin1_recobin6 acc 0.0274 eff 0.0 outinratio 0.025 

ttH124_4e_TCjmax_pT4l_genbin1_recobin6 acc 0.0046 eff 0.0 outinratio 0.0939 

ggH124_4e_TCjmax_pT4l_genbin2_recobin6 acc 0.0322 eff 0.0 outinratio 0.0203 

VBFH124_4e_TCjmax_pT4l_genbin2_recobin6 acc 0.0482 eff 0.0 outinratio 0.0255 

WminusH124_4e_TCjmax_pT4l_genbin2_recobin6 acc 0.0324 eff 0.0 outinratio 0.0 

WplusH124_4e_TCjmax_pT4l_genbin2_recobin6 acc 0.027 eff 0.0 outinratio 0.0224 

ZH124_4e_TCjmax_pT4l_genbin2_recobin6 acc 0.0248 eff 0.0 outinratio 0.025 

ttH124_4e_TCjmax_pT4l_genbin2_recobin6 acc 0.0066 eff 0.0 outinratio 0.0939 

ggH124_4e_TCjmax_pT4l_genbin3_recobin6 acc 0.0181 eff 0.0 outinratio 0.0203 

VBFH124_4e_TCjmax_pT4l_genbin3_recobin6 acc 0.0396 eff 0.0 outinratio 0.0255 

WminusH124_4e_TCjmax_pT4l_genbin3_recobin6 acc 0.0175 eff 0.0 outinratio 0.0 

WplusH124_4e_TCjmax_pT4l_genbin3_recobin6 acc 0.0186 eff 0.0 outinratio 0.0224 

ZH124_4e_TCjmax_pT4l_genbin3_recobin6 acc 0.0188 eff 0.0 outinratio 0.025 

ttH124_4e_TCjmax_pT4l_genbin3_recobin6 acc 0.005 eff 0.0 outinratio 0.0939 

ggH124_4e_TCjmax_pT4l_genbin4_recobin6 acc 0.0188 eff 0.0 outinratio 0.0203 

VBFH124_4e_TCjmax_pT4l_genbin4_recobin6 acc 0.0504 eff 0.0 outinratio 0.0255 

WminusH124_4e_TCjmax_pT4l_genbin4_recobin6 acc 0.0165 eff 0.0 outinratio 0.0 

WplusH124_4e_TCjmax_pT4l_genbin4_recobin6 acc 0.0196 eff 0.0 outinratio 0.0224 

ZH124_4e_TCjmax_pT4l_genbin4_recobin6 acc 0.0213 eff 0.0 outinratio 0.025 

ttH124_4e_TCjmax_pT4l_genbin4_recobin6 acc 0.0069 eff 0.0 outinratio 0.0939 

ggH124_4e_TCjmax_pT4l_genbin5_recobin6 acc 0.0141 eff 0.0 outinratio 0.0203 

VBFH124_4e_TCjmax_pT4l_genbin5_recobin6 acc 0.0679 eff 0.0033 outinratio 0.0255 

WminusH124_4e_TCjmax_pT4l_genbin5_recobin6 acc 0.0202 eff 0.0 outinratio 0.0 

WplusH124_4e_TCjmax_pT4l_genbin5_recobin6 acc 0.0213 eff 0.0029 outinratio 0.0224 

ZH124_4e_TCjmax_pT4l_genbin5_recobin6 acc 0.0216 eff 0.0 outinratio 0.025 

ttH124_4e_TCjmax_pT4l_genbin5_recobin6 acc 0.01 eff 0.0 outinratio 0.0939 

ggH124_4e_TCjmax_pT4l_genbin6_recobin6 acc 0.0094 eff 0.3129 outinratio 0.0203 

VBFH124_4e_TCjmax_pT4l_genbin6_recobin6 acc 0.0691 eff 0.3455 outinratio 0.0255 

WminusH124_4e_TCjmax_pT4l_genbin6_recobin6 acc 0.0112 eff 0.4253 outinratio 0.0 

WplusH124_4e_TCjmax_pT4l_genbin6_recobin6 acc 0.0136 eff 0.2644 outinratio 0.0224 

ZH124_4e_TCjmax_pT4l_genbin6_recobin6 acc 0.0143 eff 0.2003 outinratio 0.025 

ttH124_4e_TCjmax_pT4l_genbin6_recobin6 acc 0.0172 eff 0.2268 outinratio 0.0939 

ggH124_4e_TCjmax_pT4l_genbin7_recobin6 acc 0.0245 eff 0.0339 outinratio 0.0203 

VBFH124_4e_TCjmax_pT4l_genbin7_recobin6 acc 0.064 eff 0.0128 outinratio 0.0255 

WminusH124_4e_TCjmax_pT4l_genbin7_recobin6 acc 0.1089 eff 0.0 outinratio 0.0 

WplusH124_4e_TCjmax_pT4l_genbin7_recobin6 acc 0.0924 eff 0.0046 outinratio 0.0224 

ZH124_4e_TCjmax_pT4l_genbin7_recobin6 acc 0.0954 eff 0.0056 outinratio 0.025 

ttH124_4e_TCjmax_pT4l_genbin7_recobin6 acc 0.2181 eff 0.0044 outinratio 0.0939 

ggH124_4e_TCjmax_pT4l_genbin8_recobin6 acc 0.007 eff 0.033 outinratio 0.0203 

VBFH124_4e_TCjmax_pT4l_genbin8_recobin6 acc 0.0111 eff 0.002 outinratio 0.0255 

WminusH124_4e_TCjmax_pT4l_genbin8_recobin6 acc 0.0154 eff 0.0 outinratio 0.0 

WplusH124_4e_TCjmax_pT4l_genbin8_recobin6 acc 0.0154 eff 0.0053 outinratio 0.0224 

ZH124_4e_TCjmax_pT4l_genbin8_recobin6 acc 0.0105 eff 0.0 outinratio 0.025 

ttH124_4e_TCjmax_pT4l_genbin8_recobin6 acc 0.0369 eff 0.0073 outinratio 0.0939 

ggH124_4e_TCjmax_pT4l_genbin0_recobin7 acc 0.2321 eff 0.0 outinratio 0.0499 

VBFH124_4e_TCjmax_pT4l_genbin0_recobin7 acc 0.0364 eff 0.0017 outinratio 0.0397 

WminusH124_4e_TCjmax_pT4l_genbin0_recobin7 acc 0.0839 eff 0.0148 outinratio 0.1662 

WplusH124_4e_TCjmax_pT4l_genbin0_recobin7 acc 0.0705 eff 0.0113 outinratio 0.0808 

ZH124_4e_TCjmax_pT4l_genbin0_recobin7 acc 0.0725 eff 0.0082 outinratio 0.0929 

ttH124_4e_TCjmax_pT4l_genbin0_recobin7 acc 1e-04 eff -1.0 outinratio 0.2139 

ggH124_4e_TCjmax_pT4l_genbin1_recobin7 acc 0.0191 eff 0.0 outinratio 0.0499 

VBFH124_4e_TCjmax_pT4l_genbin1_recobin7 acc 0.0324 eff 0.0113 outinratio 0.0397 

WminusH124_4e_TCjmax_pT4l_genbin1_recobin7 acc 0.0218 eff 0.0218 outinratio 0.1662 

WplusH124_4e_TCjmax_pT4l_genbin1_recobin7 acc 0.0202 eff 0.0162 outinratio 0.0808 

ZH124_4e_TCjmax_pT4l_genbin1_recobin7 acc 0.0274 eff 0.0172 outinratio 0.0929 

ttH124_4e_TCjmax_pT4l_genbin1_recobin7 acc 0.0046 eff 0.0152 outinratio 0.2139 

ggH124_4e_TCjmax_pT4l_genbin2_recobin7 acc 0.0322 eff 0.0 outinratio 0.0499 

VBFH124_4e_TCjmax_pT4l_genbin2_recobin7 acc 0.0482 eff 0.0028 outinratio 0.0397 

WminusH124_4e_TCjmax_pT4l_genbin2_recobin7 acc 0.0324 eff 0.0149 outinratio 0.1662 

WplusH124_4e_TCjmax_pT4l_genbin2_recobin7 acc 0.027 eff 0.0195 outinratio 0.0808 

ZH124_4e_TCjmax_pT4l_genbin2_recobin7 acc 0.0248 eff 0.0109 outinratio 0.0929 

ttH124_4e_TCjmax_pT4l_genbin2_recobin7 acc 0.0066 eff 0.0807 outinratio 0.2139 

ggH124_4e_TCjmax_pT4l_genbin3_recobin7 acc 0.0181 eff 0.0171 outinratio 0.0499 

VBFH124_4e_TCjmax_pT4l_genbin3_recobin7 acc 0.0396 eff 0.0052 outinratio 0.0397 

WminusH124_4e_TCjmax_pT4l_genbin3_recobin7 acc 0.0175 eff 0.0746 outinratio 0.1662 

WplusH124_4e_TCjmax_pT4l_genbin3_recobin7 acc 0.0186 eff 0.0381 outinratio 0.0808 

ZH124_4e_TCjmax_pT4l_genbin3_recobin7 acc 0.0188 eff 0.0481 outinratio 0.0929 

ttH124_4e_TCjmax_pT4l_genbin3_recobin7 acc 0.005 eff 0.0859 outinratio 0.2139 

ggH124_4e_TCjmax_pT4l_genbin4_recobin7 acc 0.0188 eff 0.0 outinratio 0.0499 

VBFH124_4e_TCjmax_pT4l_genbin4_recobin7 acc 0.0504 eff 0.0119 outinratio 0.0397 

WminusH124_4e_TCjmax_pT4l_genbin4_recobin7 acc 0.0165 eff 0.0318 outinratio 0.1662 

WplusH124_4e_TCjmax_pT4l_genbin4_recobin7 acc 0.0196 eff 0.0358 outinratio 0.0808 

ZH124_4e_TCjmax_pT4l_genbin4_recobin7 acc 0.0213 eff 0.0267 outinratio 0.0929 

ttH124_4e_TCjmax_pT4l_genbin4_recobin7 acc 0.0069 eff 0.1144 outinratio 0.2139 

ggH124_4e_TCjmax_pT4l_genbin5_recobin7 acc 0.0141 eff 0.0353 outinratio 0.0499 

VBFH124_4e_TCjmax_pT4l_genbin5_recobin7 acc 0.0679 eff 0.0115 outinratio 0.0397 

WminusH124_4e_TCjmax_pT4l_genbin5_recobin7 acc 0.0202 eff 0.0383 outinratio 0.1662 

WplusH124_4e_TCjmax_pT4l_genbin5_recobin7 acc 0.0213 eff 0.0697 outinratio 0.0808 

ZH124_4e_TCjmax_pT4l_genbin5_recobin7 acc 0.0216 eff 0.0312 outinratio 0.0929 

ttH124_4e_TCjmax_pT4l_genbin5_recobin7 acc 0.01 eff 0.113 outinratio 0.2139 

ggH124_4e_TCjmax_pT4l_genbin6_recobin7 acc 0.0094 eff 0.0092 outinratio 0.0499 

VBFH124_4e_TCjmax_pT4l_genbin6_recobin7 acc 0.0691 eff 0.0111 outinratio 0.0397 

WminusH124_4e_TCjmax_pT4l_genbin6_recobin7 acc 0.0112 eff -0.0273 outinratio 0.1662 

WplusH124_4e_TCjmax_pT4l_genbin6_recobin7 acc 0.0136 eff 0.0384 outinratio 0.0808 

ZH124_4e_TCjmax_pT4l_genbin6_recobin7 acc 0.0143 eff 0.0303 outinratio 0.0929 

ttH124_4e_TCjmax_pT4l_genbin6_recobin7 acc 0.0172 eff 0.0714 outinratio 0.2139 

ggH124_4e_TCjmax_pT4l_genbin7_recobin7 acc 0.0245 eff 0.3914 outinratio 0.0499 

VBFH124_4e_TCjmax_pT4l_genbin7_recobin7 acc 0.064 eff 0.3336 outinratio 0.0397 

WminusH124_4e_TCjmax_pT4l_genbin7_recobin7 acc 0.1089 eff 0.3094 outinratio 0.1662 

WplusH124_4e_TCjmax_pT4l_genbin7_recobin7 acc 0.0924 eff 0.3089 outinratio 0.0808 

ZH124_4e_TCjmax_pT4l_genbin7_recobin7 acc 0.0954 eff 0.2903 outinratio 0.0929 

ttH124_4e_TCjmax_pT4l_genbin7_recobin7 acc 0.2181 eff 0.3127 outinratio 0.2139 

ggH124_4e_TCjmax_pT4l_genbin8_recobin7 acc 0.007 eff 0.0 outinratio 0.0499 

VBFH124_4e_TCjmax_pT4l_genbin8_recobin7 acc 0.0111 eff 0.0097 outinratio 0.0397 

WminusH124_4e_TCjmax_pT4l_genbin8_recobin7 acc 0.0154 eff 0.0356 outinratio 0.1662 

WplusH124_4e_TCjmax_pT4l_genbin8_recobin7 acc 0.0154 eff 0.0173 outinratio 0.0808 

ZH124_4e_TCjmax_pT4l_genbin8_recobin7 acc 0.0105 eff 0.0521 outinratio 0.0929 

ttH124_4e_TCjmax_pT4l_genbin8_recobin7 acc 0.0369 eff 0.002 outinratio 0.2139 

ggH124_4e_TCjmax_pT4l_genbin0_recobin8 acc 0.2321 eff 0.0 outinratio 0.0 

VBFH124_4e_TCjmax_pT4l_genbin0_recobin8 acc 0.0364 eff 0.0 outinratio 0.0201 

WminusH124_4e_TCjmax_pT4l_genbin0_recobin8 acc 0.0839 eff 0.0 outinratio 0.0 

WplusH124_4e_TCjmax_pT4l_genbin0_recobin8 acc 0.0705 eff 0.0029 outinratio 0.0632 

ZH124_4e_TCjmax_pT4l_genbin0_recobin8 acc 0.0725 eff 0.0 outinratio 0.0 

ttH124_4e_TCjmax_pT4l_genbin0_recobin8 acc 1e-04 eff -1.0 outinratio 0.1473 

ggH124_4e_TCjmax_pT4l_genbin1_recobin8 acc 0.0191 eff 0.0 outinratio 0.0 

VBFH124_4e_TCjmax_pT4l_genbin1_recobin8 acc 0.0324 eff 0.0 outinratio 0.0201 

WminusH124_4e_TCjmax_pT4l_genbin1_recobin8 acc 0.0218 eff 0.0 outinratio 0.0 

WplusH124_4e_TCjmax_pT4l_genbin1_recobin8 acc 0.0202 eff 0.0 outinratio 0.0632 

ZH124_4e_TCjmax_pT4l_genbin1_recobin8 acc 0.0274 eff 0.0 outinratio 0.0 

ttH124_4e_TCjmax_pT4l_genbin1_recobin8 acc 0.0046 eff 0.0 outinratio 0.1473 

ggH124_4e_TCjmax_pT4l_genbin2_recobin8 acc 0.0322 eff 0.0 outinratio 0.0 

VBFH124_4e_TCjmax_pT4l_genbin2_recobin8 acc 0.0482 eff 0.0 outinratio 0.0201 

WminusH124_4e_TCjmax_pT4l_genbin2_recobin8 acc 0.0324 eff 0.0 outinratio 0.0 

WplusH124_4e_TCjmax_pT4l_genbin2_recobin8 acc 0.027 eff 0.0 outinratio 0.0632 

ZH124_4e_TCjmax_pT4l_genbin2_recobin8 acc 0.0248 eff 0.0 outinratio 0.0 

ttH124_4e_TCjmax_pT4l_genbin2_recobin8 acc 0.0066 eff 0.0 outinratio 0.1473 

ggH124_4e_TCjmax_pT4l_genbin3_recobin8 acc 0.0181 eff 0.0 outinratio 0.0 

VBFH124_4e_TCjmax_pT4l_genbin3_recobin8 acc 0.0396 eff 0.0 outinratio 0.0201 

WminusH124_4e_TCjmax_pT4l_genbin3_recobin8 acc 0.0175 eff 0.0 outinratio 0.0 

WplusH124_4e_TCjmax_pT4l_genbin3_recobin8 acc 0.0186 eff 0.0 outinratio 0.0632 

ZH124_4e_TCjmax_pT4l_genbin3_recobin8 acc 0.0188 eff 0.0 outinratio 0.0 

ttH124_4e_TCjmax_pT4l_genbin3_recobin8 acc 0.005 eff 0.0 outinratio 0.1473 

ggH124_4e_TCjmax_pT4l_genbin4_recobin8 acc 0.0188 eff 0.0 outinratio 0.0 

VBFH124_4e_TCjmax_pT4l_genbin4_recobin8 acc 0.0504 eff 0.0 outinratio 0.0201 

WminusH124_4e_TCjmax_pT4l_genbin4_recobin8 acc 0.0165 eff 0.0 outinratio 0.0 

WplusH124_4e_TCjmax_pT4l_genbin4_recobin8 acc 0.0196 eff 0.0 outinratio 0.0632 

ZH124_4e_TCjmax_pT4l_genbin4_recobin8 acc 0.0213 eff 0.0 outinratio 0.0 

ttH124_4e_TCjmax_pT4l_genbin4_recobin8 acc 0.0069 eff 0.0 outinratio 0.1473 

ggH124_4e_TCjmax_pT4l_genbin5_recobin8 acc 0.0141 eff 0.0 outinratio 0.0 

VBFH124_4e_TCjmax_pT4l_genbin5_recobin8 acc 0.0679 eff 0.0 outinratio 0.0201 

WminusH124_4e_TCjmax_pT4l_genbin5_recobin8 acc 0.0202 eff 0.0 outinratio 0.0 

WplusH124_4e_TCjmax_pT4l_genbin5_recobin8 acc 0.0213 eff 0.0 outinratio 0.0632 

ZH124_4e_TCjmax_pT4l_genbin5_recobin8 acc 0.0216 eff 0.0 outinratio 0.0 

ttH124_4e_TCjmax_pT4l_genbin5_recobin8 acc 0.01 eff 0.0 outinratio 0.1473 

ggH124_4e_TCjmax_pT4l_genbin6_recobin8 acc 0.0094 eff 0.0 outinratio 0.0 

VBFH124_4e_TCjmax_pT4l_genbin6_recobin8 acc 0.0691 eff 0.0024 outinratio 0.0201 

WminusH124_4e_TCjmax_pT4l_genbin6_recobin8 acc 0.0112 eff 0.0 outinratio 0.0 

WplusH124_4e_TCjmax_pT4l_genbin6_recobin8 acc 0.0136 eff 0.0078 outinratio 0.0632 

ZH124_4e_TCjmax_pT4l_genbin6_recobin8 acc 0.0143 eff 0.0 outinratio 0.0 

ttH124_4e_TCjmax_pT4l_genbin6_recobin8 acc 0.0172 eff 0.0446 outinratio 0.1473 

ggH124_4e_TCjmax_pT4l_genbin7_recobin8 acc 0.0245 eff 0.0 outinratio 0.0 

VBFH124_4e_TCjmax_pT4l_genbin7_recobin8 acc 0.064 eff 0.0006 outinratio 0.0201 

WminusH124_4e_TCjmax_pT4l_genbin7_recobin8 acc 0.1089 eff 0.0 outinratio 0.0 

WplusH124_4e_TCjmax_pT4l_genbin7_recobin8 acc 0.0924 eff 0.0008 outinratio 0.0632 

ZH124_4e_TCjmax_pT4l_genbin7_recobin8 acc 0.0954 eff 0.0021 outinratio 0.0 

ttH124_4e_TCjmax_pT4l_genbin7_recobin8 acc 0.2181 eff 0.0006 outinratio 0.1473 

ggH124_4e_TCjmax_pT4l_genbin8_recobin8 acc 0.007 eff 0.2056 outinratio 0.0 

VBFH124_4e_TCjmax_pT4l_genbin8_recobin8 acc 0.0111 eff 0.3423 outinratio 0.0201 

WminusH124_4e_TCjmax_pT4l_genbin8_recobin8 acc 0.0154 eff 0.336 outinratio 0.0 

WplusH124_4e_TCjmax_pT4l_genbin8_recobin8 acc 0.0154 eff 0.3619 outinratio 0.0632 

ZH124_4e_TCjmax_pT4l_genbin8_recobin8 acc 0.0105 eff 0.2607 outinratio 0.0 

ttH124_4e_TCjmax_pT4l_genbin8_recobin8 acc 0.0369 eff 0.397 outinratio 0.1473 

ggH124_4mu_TCjmax_pT4l_genbin0_recobin0 acc 0.2596 eff 0.6786 outinratio 0.0466 

VBFH124_4mu_TCjmax_pT4l_genbin0_recobin0 acc 0.0412 eff 0.5192 outinratio 0.0385 

WminusH124_4mu_TCjmax_pT4l_genbin0_recobin0 acc 0.0884 eff 0.462 outinratio 0.0577 

WplusH124_4mu_TCjmax_pT4l_genbin0_recobin0 acc 0.0766 eff 0.5461 outinratio 0.0591 

ZH124_4mu_TCjmax_pT4l_genbin0_recobin0 acc 0.0852 eff 0.5864 outinratio 0.0593 

ttH124_4mu_TCjmax_pT4l_genbin0_recobin0 acc 0.0006 eff -1.0 outinratio 0.254 

ggH124_4mu_TCjmax_pT4l_genbin1_recobin0 acc 0.0179 eff 0.1368 outinratio 0.0466 

VBFH124_4mu_TCjmax_pT4l_genbin1_recobin0 acc 0.0353 eff 0.0745 outinratio 0.0385 

WminusH124_4mu_TCjmax_pT4l_genbin1_recobin0 acc 0.0314 eff 0.1329 outinratio 0.0577 

WplusH124_4mu_TCjmax_pT4l_genbin1_recobin0 acc 0.0235 eff 0.0813 outinratio 0.0591 

ZH124_4mu_TCjmax_pT4l_genbin1_recobin0 acc 0.0265 eff 0.0925 outinratio 0.0593 

ttH124_4mu_TCjmax_pT4l_genbin1_recobin0 acc 0.0071 eff 0.0 outinratio 0.254 

ggH124_4mu_TCjmax_pT4l_genbin2_recobin0 acc 0.0396 eff 0.2202 outinratio 0.0466 

VBFH124_4mu_TCjmax_pT4l_genbin2_recobin0 acc 0.0553 eff 0.0803 outinratio 0.0385 

WminusH124_4mu_TCjmax_pT4l_genbin2_recobin0 acc 0.0361 eff 0.0235 outinratio 0.0577 

WplusH124_4mu_TCjmax_pT4l_genbin2_recobin0 acc 0.0289 eff 0.0528 outinratio 0.0591 

ZH124_4mu_TCjmax_pT4l_genbin2_recobin0 acc 0.0324 eff 0.0603 outinratio 0.0593 

ttH124_4mu_TCjmax_pT4l_genbin2_recobin0 acc 0.0065 eff 0.0 outinratio 0.254 

ggH124_4mu_TCjmax_pT4l_genbin3_recobin0 acc 0.0233 eff 0.0414 outinratio 0.0466 

VBFH124_4mu_TCjmax_pT4l_genbin3_recobin0 acc 0.0467 eff 0.0443 outinratio 0.0385 

WminusH124_4mu_TCjmax_pT4l_genbin3_recobin0 acc 0.022 eff 0.1219 outinratio 0.0577 

WplusH124_4mu_TCjmax_pT4l_genbin3_recobin0 acc 0.02 eff 0.0424 outinratio 0.0591 

ZH124_4mu_TCjmax_pT4l_genbin3_recobin0 acc 0.0265 eff 0.0321 outinratio 0.0593 

ttH124_4mu_TCjmax_pT4l_genbin3_recobin0 acc 0.006 eff 0.0 outinratio 0.254 

ggH124_4mu_TCjmax_pT4l_genbin4_recobin0 acc 0.0139 eff 0.0 outinratio 0.0466 

VBFH124_4mu_TCjmax_pT4l_genbin4_recobin0 acc 0.0576 eff 0.0389 outinratio 0.0385 

WminusH124_4mu_TCjmax_pT4l_genbin4_recobin0 acc 0.0314 eff 0.0 outinratio 0.0577 

WplusH124_4mu_TCjmax_pT4l_genbin4_recobin0 acc 0.0227 eff 0.0148 outinratio 0.0591 

ZH124_4mu_TCjmax_pT4l_genbin4_recobin0 acc 0.024 eff 0.023 outinratio 0.0593 

ttH124_4mu_TCjmax_pT4l_genbin4_recobin0 acc 0.0091 eff 0.0 outinratio 0.254 

ggH124_4mu_TCjmax_pT4l_genbin5_recobin0 acc 0.0183 eff 0.0 outinratio 0.0466 

VBFH124_4mu_TCjmax_pT4l_genbin5_recobin0 acc 0.068 eff 0.0177 outinratio 0.0385 

WminusH124_4mu_TCjmax_pT4l_genbin5_recobin0 acc 0.023 eff 0.0332 outinratio 0.0577 

WplusH124_4mu_TCjmax_pT4l_genbin5_recobin0 acc 0.0217 eff 0.0005 outinratio 0.0591 

ZH124_4mu_TCjmax_pT4l_genbin5_recobin0 acc 0.0221 eff 0.0839 outinratio 0.0593 

ttH124_4mu_TCjmax_pT4l_genbin5_recobin0 acc 0.0091 eff 0.0 outinratio 0.254 

ggH124_4mu_TCjmax_pT4l_genbin6_recobin0 acc 0.0098 eff 0.0 outinratio 0.0466 

VBFH124_4mu_TCjmax_pT4l_genbin6_recobin0 acc 0.0755 eff 0.0056 outinratio 0.0385 

WminusH124_4mu_TCjmax_pT4l_genbin6_recobin0 acc 0.0146 eff 0.0517 outinratio 0.0577 

WplusH124_4mu_TCjmax_pT4l_genbin6_recobin0 acc 0.0161 eff 0.0366 outinratio 0.0591 

ZH124_4mu_TCjmax_pT4l_genbin6_recobin0 acc 0.0147 eff 0.0 outinratio 0.0593 

ttH124_4mu_TCjmax_pT4l_genbin6_recobin0 acc 0.0192 eff 0.0049 outinratio 0.254 

ggH124_4mu_TCjmax_pT4l_genbin7_recobin0 acc 0.027 eff 0.0 outinratio 0.0466 

VBFH124_4mu_TCjmax_pT4l_genbin7_recobin0 acc 0.0692 eff 0.0044 outinratio 0.0385 

WminusH124_4mu_TCjmax_pT4l_genbin7_recobin0 acc 0.1067 eff 0.0 outinratio 0.0577 

WplusH124_4mu_TCjmax_pT4l_genbin7_recobin0 acc 0.0977 eff 0.0 outinratio 0.0591 

ZH124_4mu_TCjmax_pT4l_genbin7_recobin0 acc 0.1114 eff 0.0037 outinratio 0.0593 

ttH124_4mu_TCjmax_pT4l_genbin7_recobin0 acc 0.2329 eff 0.0 outinratio 0.254 

ggH124_4mu_TCjmax_pT4l_genbin8_recobin0 acc 0.0088 eff 0.0 outinratio 0.0466 

VBFH124_4mu_TCjmax_pT4l_genbin8_recobin0 acc 0.0126 eff 0.0063 outinratio 0.0385 

WminusH124_4mu_TCjmax_pT4l_genbin8_recobin0 acc 0.0115 eff 0.0 outinratio 0.0577 

WplusH124_4mu_TCjmax_pT4l_genbin8_recobin0 acc 0.0155 eff 0.0 outinratio 0.0591 

ZH124_4mu_TCjmax_pT4l_genbin8_recobin0 acc 0.0181 eff 0.0 outinratio 0.0593 

ttH124_4mu_TCjmax_pT4l_genbin8_recobin0 acc 0.0396 eff 0.0 outinratio 0.254 

ggH124_4mu_TCjmax_pT4l_genbin0_recobin1 acc 0.2596 eff 0.0716 outinratio 0.0717 

VBFH124_4mu_TCjmax_pT4l_genbin0_recobin1 acc 0.0412 eff 0.1242 outinratio 0.0324 

WminusH124_4mu_TCjmax_pT4l_genbin0_recobin1 acc 0.0884 eff 0.0823 outinratio 0.0413 

WplusH124_4mu_TCjmax_pT4l_genbin0_recobin1 acc 0.0766 eff 0.0604 outinratio 0.0836 

ZH124_4mu_TCjmax_pT4l_genbin0_recobin1 acc 0.0852 eff 0.0464 outinratio 0.1308 

ttH124_4mu_TCjmax_pT4l_genbin0_recobin1 acc 0.0006 eff -1.0 outinratio 0.2434 

ggH124_4mu_TCjmax_pT4l_genbin1_recobin1 acc 0.0179 eff 0.5524 outinratio 0.0717 

VBFH124_4mu_TCjmax_pT4l_genbin1_recobin1 acc 0.0353 eff 0.6797 outinratio 0.0324 

WminusH124_4mu_TCjmax_pT4l_genbin1_recobin1 acc 0.0314 eff 0.696 outinratio 0.0413 

WplusH124_4mu_TCjmax_pT4l_genbin1_recobin1 acc 0.0235 eff 0.6818 outinratio 0.0836 

ZH124_4mu_TCjmax_pT4l_genbin1_recobin1 acc 0.0265 eff 0.6414 outinratio 0.1308 

ttH124_4mu_TCjmax_pT4l_genbin1_recobin1 acc 0.0071 eff 0.6157 outinratio 0.2434 

ggH124_4mu_TCjmax_pT4l_genbin2_recobin1 acc 0.0396 eff 0.0136 outinratio 0.0717 

VBFH124_4mu_TCjmax_pT4l_genbin2_recobin1 acc 0.0553 eff 0.0135 outinratio 0.0324 

WminusH124_4mu_TCjmax_pT4l_genbin2_recobin1 acc 0.0361 eff 0.0 outinratio 0.0413 

WplusH124_4mu_TCjmax_pT4l_genbin2_recobin1 acc 0.0289 eff 0.0164 outinratio 0.0836 

ZH124_4mu_TCjmax_pT4l_genbin2_recobin1 acc 0.0324 eff 0.0201 outinratio 0.1308 

ttH124_4mu_TCjmax_pT4l_genbin2_recobin1 acc 0.0065 eff 0.0162 outinratio 0.2434 

ggH124_4mu_TCjmax_pT4l_genbin3_recobin1 acc 0.0233 eff 0.0 outinratio 0.0717 

VBFH124_4mu_TCjmax_pT4l_genbin3_recobin1 acc 0.0467 eff 0.0 outinratio 0.0324 

WminusH124_4mu_TCjmax_pT4l_genbin3_recobin1 acc 0.022 eff 0.0 outinratio 0.0413 

WplusH124_4mu_TCjmax_pT4l_genbin3_recobin1 acc 0.02 eff 0.0 outinratio 0.0836 

ZH124_4mu_TCjmax_pT4l_genbin3_recobin1 acc 0.0265 eff 0.0 outinratio 0.1308 

ttH124_4mu_TCjmax_pT4l_genbin3_recobin1 acc 0.006 eff 0.0 outinratio 0.2434 

ggH124_4mu_TCjmax_pT4l_genbin4_recobin1 acc 0.0139 eff 0.0 outinratio 0.0717 

VBFH124_4mu_TCjmax_pT4l_genbin4_recobin1 acc 0.0576 eff 0.0 outinratio 0.0324 

WminusH124_4mu_TCjmax_pT4l_genbin4_recobin1 acc 0.0314 eff 0.0 outinratio 0.0413 

WplusH124_4mu_TCjmax_pT4l_genbin4_recobin1 acc 0.0227 eff 0.0 outinratio 0.0836 

ZH124_4mu_TCjmax_pT4l_genbin4_recobin1 acc 0.024 eff 0.0 outinratio 0.1308 

ttH124_4mu_TCjmax_pT4l_genbin4_recobin1 acc 0.0091 eff 0.0 outinratio 0.2434 

ggH124_4mu_TCjmax_pT4l_genbin5_recobin1 acc 0.0183 eff 0.0 outinratio 0.0717 

VBFH124_4mu_TCjmax_pT4l_genbin5_recobin1 acc 0.068 eff 0.0 outinratio 0.0324 

WminusH124_4mu_TCjmax_pT4l_genbin5_recobin1 acc 0.023 eff 0.0 outinratio 0.0413 

WplusH124_4mu_TCjmax_pT4l_genbin5_recobin1 acc 0.0217 eff 0.0 outinratio 0.0836 

ZH124_4mu_TCjmax_pT4l_genbin5_recobin1 acc 0.0221 eff 0.0 outinratio 0.1308 

ttH124_4mu_TCjmax_pT4l_genbin5_recobin1 acc 0.0091 eff 0.0 outinratio 0.2434 

ggH124_4mu_TCjmax_pT4l_genbin6_recobin1 acc 0.0098 eff 0.0 outinratio 0.0717 

VBFH124_4mu_TCjmax_pT4l_genbin6_recobin1 acc 0.0755 eff 0.0 outinratio 0.0324 

WminusH124_4mu_TCjmax_pT4l_genbin6_recobin1 acc 0.0146 eff 0.0 outinratio 0.0413 

WplusH124_4mu_TCjmax_pT4l_genbin6_recobin1 acc 0.0161 eff 0.0 outinratio 0.0836 

ZH124_4mu_TCjmax_pT4l_genbin6_recobin1 acc 0.0147 eff 0.0 outinratio 0.1308 

ttH124_4mu_TCjmax_pT4l_genbin6_recobin1 acc 0.0192 eff 0.0 outinratio 0.2434 

ggH124_4mu_TCjmax_pT4l_genbin7_recobin1 acc 0.027 eff 0.0 outinratio 0.0717 

VBFH124_4mu_TCjmax_pT4l_genbin7_recobin1 acc 0.0692 eff 0.0014 outinratio 0.0324 

WminusH124_4mu_TCjmax_pT4l_genbin7_recobin1 acc 0.1067 eff 0.0084 outinratio 0.0413 

WplusH124_4mu_TCjmax_pT4l_genbin7_recobin1 acc 0.0977 eff 0.0041 outinratio 0.0836 

ZH124_4mu_TCjmax_pT4l_genbin7_recobin1 acc 0.1114 eff 0.0034 outinratio 0.1308 

ttH124_4mu_TCjmax_pT4l_genbin7_recobin1 acc 0.2329 eff 0.0021 outinratio 0.2434 

ggH124_4mu_TCjmax_pT4l_genbin8_recobin1 acc 0.0088 eff 0.0 outinratio 0.0717 

VBFH124_4mu_TCjmax_pT4l_genbin8_recobin1 acc 0.0126 eff 0.0 outinratio 0.0324 

WminusH124_4mu_TCjmax_pT4l_genbin8_recobin1 acc 0.0115 eff 0.0 outinratio 0.0413 

WplusH124_4mu_TCjmax_pT4l_genbin8_recobin1 acc 0.0155 eff 0.0 outinratio 0.0836 

ZH124_4mu_TCjmax_pT4l_genbin8_recobin1 acc 0.0181 eff 0.0 outinratio 0.1308 

ttH124_4mu_TCjmax_pT4l_genbin8_recobin1 acc 0.0396 eff 0.0 outinratio 0.2434 

ggH124_4mu_TCjmax_pT4l_genbin0_recobin2 acc 0.2596 eff 0.0198 outinratio 0.1393 

VBFH124_4mu_TCjmax_pT4l_genbin0_recobin2 acc 0.0412 eff 0.065 outinratio 0.0358 

WminusH124_4mu_TCjmax_pT4l_genbin0_recobin2 acc 0.0884 eff 0.0772 outinratio 0.0953 

WplusH124_4mu_TCjmax_pT4l_genbin0_recobin2 acc 0.0766 eff 0.0504 outinratio 0.0875 

ZH124_4mu_TCjmax_pT4l_genbin0_recobin2 acc 0.0852 eff 0.0377 outinratio 0.0723 

ttH124_4mu_TCjmax_pT4l_genbin0_recobin2 acc 0.0006 eff -1.0 outinratio 0.0902 

ggH124_4mu_TCjmax_pT4l_genbin1_recobin2 acc 0.0179 eff 0.0204 outinratio 0.1393 

VBFH124_4mu_TCjmax_pT4l_genbin1_recobin2 acc 0.0353 eff 0.014 outinratio 0.0358 

WminusH124_4mu_TCjmax_pT4l_genbin1_recobin2 acc 0.0314 eff 0.0 outinratio 0.0953 

WplusH124_4mu_TCjmax_pT4l_genbin1_recobin2 acc 0.0235 eff 0.0118 outinratio 0.0875 

ZH124_4mu_TCjmax_pT4l_genbin1_recobin2 acc 0.0265 eff 0.0238 outinratio 0.0723 

ttH124_4mu_TCjmax_pT4l_genbin1_recobin2 acc 0.0071 eff 0.0275 outinratio 0.0902 

ggH124_4mu_TCjmax_pT4l_genbin2_recobin2 acc 0.0396 eff 0.4483 outinratio 0.1393 

VBFH124_4mu_TCjmax_pT4l_genbin2_recobin2 acc 0.0553 eff 0.6795 outinratio 0.0358 

WminusH124_4mu_TCjmax_pT4l_genbin2_recobin2 acc 0.0361 eff 0.6487 outinratio 0.0953 

WplusH124_4mu_TCjmax_pT4l_genbin2_recobin2 acc 0.0289 eff 0.6277 outinratio 0.0875 

ZH124_4mu_TCjmax_pT4l_genbin2_recobin2 acc 0.0324 eff 0.6041 outinratio 0.0723 

ttH124_4mu_TCjmax_pT4l_genbin2_recobin2 acc 0.0065 eff 0.5829 outinratio 0.0902 

ggH124_4mu_TCjmax_pT4l_genbin3_recobin2 acc 0.0233 eff 0.0252 outinratio 0.1393 

VBFH124_4mu_TCjmax_pT4l_genbin3_recobin2 acc 0.0467 eff 0.0274 outinratio 0.0358 

WminusH124_4mu_TCjmax_pT4l_genbin3_recobin2 acc 0.022 eff 0.0669 outinratio 0.0953 

WplusH124_4mu_TCjmax_pT4l_genbin3_recobin2 acc 0.02 eff 0.0457 outinratio 0.0875 

ZH124_4mu_TCjmax_pT4l_genbin3_recobin2 acc 0.0265 eff 0.0624 outinratio 0.0723 

ttH124_4mu_TCjmax_pT4l_genbin3_recobin2 acc 0.006 eff 0.068 outinratio 0.0902 

ggH124_4mu_TCjmax_pT4l_genbin4_recobin2 acc 0.0139 eff 0.0 outinratio 0.1393 

VBFH124_4mu_TCjmax_pT4l_genbin4_recobin2 acc 0.0576 eff 0.0 outinratio 0.0358 

WminusH124_4mu_TCjmax_pT4l_genbin4_recobin2 acc 0.0314 eff 0.0 outinratio 0.0953 

WplusH124_4mu_TCjmax_pT4l_genbin4_recobin2 acc 0.0227 eff 0.0 outinratio 0.0875 

ZH124_4mu_TCjmax_pT4l_genbin4_recobin2 acc 0.024 eff 0.0 outinratio 0.0723 

ttH124_4mu_TCjmax_pT4l_genbin4_recobin2 acc 0.0091 eff 0.0 outinratio 0.0902 

ggH124_4mu_TCjmax_pT4l_genbin5_recobin2 acc 0.0183 eff 0.0 outinratio 0.1393 

VBFH124_4mu_TCjmax_pT4l_genbin5_recobin2 acc 0.068 eff 0.0 outinratio 0.0358 

WminusH124_4mu_TCjmax_pT4l_genbin5_recobin2 acc 0.023 eff 0.0 outinratio 0.0953 

WplusH124_4mu_TCjmax_pT4l_genbin5_recobin2 acc 0.0217 eff 0.0 outinratio 0.0875 

ZH124_4mu_TCjmax_pT4l_genbin5_recobin2 acc 0.0221 eff 0.0 outinratio 0.0723 

ttH124_4mu_TCjmax_pT4l_genbin5_recobin2 acc 0.0091 eff 0.0 outinratio 0.0902 

ggH124_4mu_TCjmax_pT4l_genbin6_recobin2 acc 0.0098 eff 0.0 outinratio 0.1393 

VBFH124_4mu_TCjmax_pT4l_genbin6_recobin2 acc 0.0755 eff 0.0 outinratio 0.0358 

WminusH124_4mu_TCjmax_pT4l_genbin6_recobin2 acc 0.0146 eff 0.0 outinratio 0.0953 

WplusH124_4mu_TCjmax_pT4l_genbin6_recobin2 acc 0.0161 eff 0.0 outinratio 0.0875 

ZH124_4mu_TCjmax_pT4l_genbin6_recobin2 acc 0.0147 eff 0.0 outinratio 0.0723 

ttH124_4mu_TCjmax_pT4l_genbin6_recobin2 acc 0.0192 eff 0.0 outinratio 0.0902 

ggH124_4mu_TCjmax_pT4l_genbin7_recobin2 acc 0.027 eff 0.0087 outinratio 0.1393 

VBFH124_4mu_TCjmax_pT4l_genbin7_recobin2 acc 0.0692 eff 0.0021 outinratio 0.0358 

WminusH124_4mu_TCjmax_pT4l_genbin7_recobin2 acc 0.1067 eff 0.0034 outinratio 0.0953 

WplusH124_4mu_TCjmax_pT4l_genbin7_recobin2 acc 0.0977 eff 0.0033 outinratio 0.0875 

ZH124_4mu_TCjmax_pT4l_genbin7_recobin2 acc 0.1114 eff 0.0021 outinratio 0.0723 

ttH124_4mu_TCjmax_pT4l_genbin7_recobin2 acc 0.2329 eff 0.0063 outinratio 0.0902 

ggH124_4mu_TCjmax_pT4l_genbin8_recobin2 acc 0.0088 eff 0.0 outinratio 0.1393 

VBFH124_4mu_TCjmax_pT4l_genbin8_recobin2 acc 0.0126 eff 0.0 outinratio 0.0358 

WminusH124_4mu_TCjmax_pT4l_genbin8_recobin2 acc 0.0115 eff 0.0 outinratio 0.0953 

WplusH124_4mu_TCjmax_pT4l_genbin8_recobin2 acc 0.0155 eff 0.0 outinratio 0.0875 

ZH124_4mu_TCjmax_pT4l_genbin8_recobin2 acc 0.0181 eff 0.0 outinratio 0.0723 

ttH124_4mu_TCjmax_pT4l_genbin8_recobin2 acc 0.0396 eff 0.0 outinratio 0.0902 

ggH124_4mu_TCjmax_pT4l_genbin0_recobin3 acc 0.2596 eff 0.0068 outinratio 0.0126 

VBFH124_4mu_TCjmax_pT4l_genbin0_recobin3 acc 0.0412 eff 0.0374 outinratio 0.0358 

WminusH124_4mu_TCjmax_pT4l_genbin0_recobin3 acc 0.0884 eff 0.0357 outinratio 0.154 

WplusH124_4mu_TCjmax_pT4l_genbin0_recobin3 acc 0.0766 eff 0.0155 outinratio 0.1083 

ZH124_4mu_TCjmax_pT4l_genbin0_recobin3 acc 0.0852 eff 0.0244 outinratio 0.0612 

ttH124_4mu_TCjmax_pT4l_genbin0_recobin3 acc 0.0006 eff -1.0 outinratio 0.1591 

ggH124_4mu_TCjmax_pT4l_genbin1_recobin3 acc 0.0179 eff 0.0 outinratio 0.0126 

VBFH124_4mu_TCjmax_pT4l_genbin1_recobin3 acc 0.0353 eff 0.0 outinratio 0.0358 

WminusH124_4mu_TCjmax_pT4l_genbin1_recobin3 acc 0.0314 eff 0.0 outinratio 0.154 

WplusH124_4mu_TCjmax_pT4l_genbin1_recobin3 acc 0.0235 eff 0.0 outinratio 0.1083 

ZH124_4mu_TCjmax_pT4l_genbin1_recobin3 acc 0.0265 eff 0.0 outinratio 0.0612 

ttH124_4mu_TCjmax_pT4l_genbin1_recobin3 acc 0.0071 eff 0.0 outinratio 0.1591 

ggH124_4mu_TCjmax_pT4l_genbin2_recobin3 acc 0.0396 eff 0.0072 outinratio 0.0126 

VBFH124_4mu_TCjmax_pT4l_genbin2_recobin3 acc 0.0553 eff 0.0202 outinratio 0.0358 

WminusH124_4mu_TCjmax_pT4l_genbin2_recobin3 acc 0.0361 eff 0.0314 outinratio 0.154 

WplusH124_4mu_TCjmax_pT4l_genbin2_recobin3 acc 0.0289 eff 0.0177 outinratio 0.1083 

ZH124_4mu_TCjmax_pT4l_genbin2_recobin3 acc 0.0324 eff 0.0279 outinratio 0.0612 

ttH124_4mu_TCjmax_pT4l_genbin2_recobin3 acc 0.0065 eff 0.0 outinratio 0.1591 

ggH124_4mu_TCjmax_pT4l_genbin3_recobin3 acc 0.0233 eff 0.6686 outinratio 0.0126 

VBFH124_4mu_TCjmax_pT4l_genbin3_recobin3 acc 0.0467 eff 0.7009 outinratio 0.0358 

WminusH124_4mu_TCjmax_pT4l_genbin3_recobin3 acc 0.022 eff 0.5734 outinratio 0.154 

WplusH124_4mu_TCjmax_pT4l_genbin3_recobin3 acc 0.02 eff 0.5825 outinratio 0.1083 

ZH124_4mu_TCjmax_pT4l_genbin3_recobin3 acc 0.0265 eff 0.5291 outinratio 0.0612 

ttH124_4mu_TCjmax_pT4l_genbin3_recobin3 acc 0.006 eff 0.643 outinratio 0.1591 

ggH124_4mu_TCjmax_pT4l_genbin4_recobin3 acc 0.0139 eff 0.0321 outinratio 0.0126 

VBFH124_4mu_TCjmax_pT4l_genbin4_recobin3 acc 0.0576 eff 0.0283 outinratio 0.0358 

WminusH124_4mu_TCjmax_pT4l_genbin4_recobin3 acc 0.0314 eff 0.0157 outinratio 0.154 

WplusH124_4mu_TCjmax_pT4l_genbin4_recobin3 acc 0.0227 eff 0.0299 outinratio 0.1083 

ZH124_4mu_TCjmax_pT4l_genbin4_recobin3 acc 0.024 eff 0.0847 outinratio 0.0612 

ttH124_4mu_TCjmax_pT4l_genbin4_recobin3 acc 0.0091 eff 0.0112 outinratio 0.1591 

ggH124_4mu_TCjmax_pT4l_genbin5_recobin3 acc 0.0183 eff 0.0 outinratio 0.0126 

VBFH124_4mu_TCjmax_pT4l_genbin5_recobin3 acc 0.068 eff 0.0006 outinratio 0.0358 

WminusH124_4mu_TCjmax_pT4l_genbin5_recobin3 acc 0.023 eff 0.0 outinratio 0.154 

WplusH124_4mu_TCjmax_pT4l_genbin5_recobin3 acc 0.0217 eff 0.0 outinratio 0.1083 

ZH124_4mu_TCjmax_pT4l_genbin5_recobin3 acc 0.0221 eff 0.0 outinratio 0.0612 

ttH124_4mu_TCjmax_pT4l_genbin5_recobin3 acc 0.0091 eff 0.0 outinratio 0.1591 

ggH124_4mu_TCjmax_pT4l_genbin6_recobin3 acc 0.0098 eff 0.0 outinratio 0.0126 

VBFH124_4mu_TCjmax_pT4l_genbin6_recobin3 acc 0.0755 eff 0.0 outinratio 0.0358 

WminusH124_4mu_TCjmax_pT4l_genbin6_recobin3 acc 0.0146 eff 0.0 outinratio 0.154 

WplusH124_4mu_TCjmax_pT4l_genbin6_recobin3 acc 0.0161 eff 0.0 outinratio 0.1083 

ZH124_4mu_TCjmax_pT4l_genbin6_recobin3 acc 0.0147 eff 0.0 outinratio 0.0612 

ttH124_4mu_TCjmax_pT4l_genbin6_recobin3 acc 0.0192 eff 0.0 outinratio 0.1591 

ggH124_4mu_TCjmax_pT4l_genbin7_recobin3 acc 0.027 eff 0.037 outinratio 0.0126 

VBFH124_4mu_TCjmax_pT4l_genbin7_recobin3 acc 0.0692 eff 0.0037 outinratio 0.0358 

WminusH124_4mu_TCjmax_pT4l_genbin7_recobin3 acc 0.1067 eff 0.0073 outinratio 0.154 

WplusH124_4mu_TCjmax_pT4l_genbin7_recobin3 acc 0.0977 eff 0.0086 outinratio 0.1083 

ZH124_4mu_TCjmax_pT4l_genbin7_recobin3 acc 0.1114 eff 0.0013 outinratio 0.0612 

ttH124_4mu_TCjmax_pT4l_genbin7_recobin3 acc 0.2329 eff 0.0037 outinratio 0.1591 

ggH124_4mu_TCjmax_pT4l_genbin8_recobin3 acc 0.0088 eff 0.0 outinratio 0.0126 

VBFH124_4mu_TCjmax_pT4l_genbin8_recobin3 acc 0.0126 eff 0.0 outinratio 0.0358 

WminusH124_4mu_TCjmax_pT4l_genbin8_recobin3 acc 0.0115 eff 0.0 outinratio 0.154 

WplusH124_4mu_TCjmax_pT4l_genbin8_recobin3 acc 0.0155 eff 0.0 outinratio 0.1083 

ZH124_4mu_TCjmax_pT4l_genbin8_recobin3 acc 0.0181 eff 0.0 outinratio 0.0612 

ttH124_4mu_TCjmax_pT4l_genbin8_recobin3 acc 0.0396 eff 0.0 outinratio 0.1591 

ggH124_4mu_TCjmax_pT4l_genbin0_recobin4 acc 0.2596 eff 0.0014 outinratio 0.0353 

VBFH124_4mu_TCjmax_pT4l_genbin0_recobin4 acc 0.0412 eff 0.0064 outinratio 0.0419 

WminusH124_4mu_TCjmax_pT4l_genbin0_recobin4 acc 0.0884 eff 0.0056 outinratio 0.0754 

WplusH124_4mu_TCjmax_pT4l_genbin0_recobin4 acc 0.0766 eff 0.0272 outinratio 0.0626 

ZH124_4mu_TCjmax_pT4l_genbin0_recobin4 acc 0.0852 eff 0.0179 outinratio 0.0686 

ttH124_4mu_TCjmax_pT4l_genbin0_recobin4 acc 0.0006 eff -1.0 outinratio 0.0986 

ggH124_4mu_TCjmax_pT4l_genbin1_recobin4 acc 0.0179 eff 0.0 outinratio 0.0353 

VBFH124_4mu_TCjmax_pT4l_genbin1_recobin4 acc 0.0353 eff 0.0 outinratio 0.0419 

WminusH124_4mu_TCjmax_pT4l_genbin1_recobin4 acc 0.0314 eff 0.0 outinratio 0.0754 

WplusH124_4mu_TCjmax_pT4l_genbin1_recobin4 acc 0.0235 eff 0.0 outinratio 0.0626 

ZH124_4mu_TCjmax_pT4l_genbin1_recobin4 acc 0.0265 eff 0.0 outinratio 0.0686 

ttH124_4mu_TCjmax_pT4l_genbin1_recobin4 acc 0.0071 eff 0.0 outinratio 0.0986 

ggH124_4mu_TCjmax_pT4l_genbin2_recobin4 acc 0.0396 eff 0.0 outinratio 0.0353 

VBFH124_4mu_TCjmax_pT4l_genbin2_recobin4 acc 0.0553 eff 0.0 outinratio 0.0419 

WminusH124_4mu_TCjmax_pT4l_genbin2_recobin4 acc 0.0361 eff 0.0 outinratio 0.0754 

WplusH124_4mu_TCjmax_pT4l_genbin2_recobin4 acc 0.0289 eff 0.0 outinratio 0.0626 

ZH124_4mu_TCjmax_pT4l_genbin2_recobin4 acc 0.0324 eff 0.0 outinratio 0.0686 

ttH124_4mu_TCjmax_pT4l_genbin2_recobin4 acc 0.0065 eff 0.0 outinratio 0.0986 

ggH124_4mu_TCjmax_pT4l_genbin3_recobin4 acc 0.0233 eff 0.0421 outinratio 0.0353 

VBFH124_4mu_TCjmax_pT4l_genbin3_recobin4 acc 0.0467 eff 0.0242 outinratio 0.0419 

WminusH124_4mu_TCjmax_pT4l_genbin3_recobin4 acc 0.022 eff 0.006 outinratio 0.0754 

WplusH124_4mu_TCjmax_pT4l_genbin3_recobin4 acc 0.02 eff 0.0173 outinratio 0.0626 

ZH124_4mu_TCjmax_pT4l_genbin3_recobin4 acc 0.0265 eff 0.0329 outinratio 0.0686 

ttH124_4mu_TCjmax_pT4l_genbin3_recobin4 acc 0.006 eff 0.0 outinratio 0.0986 

ggH124_4mu_TCjmax_pT4l_genbin4_recobin4 acc 0.0139 eff 0.7127 outinratio 0.0353 

VBFH124_4mu_TCjmax_pT4l_genbin4_recobin4 acc 0.0576 eff 0.6825 outinratio 0.0419 

WminusH124_4mu_TCjmax_pT4l_genbin4_recobin4 acc 0.0314 eff 0.7868 outinratio 0.0754 

WplusH124_4mu_TCjmax_pT4l_genbin4_recobin4 acc 0.0227 eff 0.6601 outinratio 0.0626 

ZH124_4mu_TCjmax_pT4l_genbin4_recobin4 acc 0.024 eff 0.6944 outinratio 0.0686 

ttH124_4mu_TCjmax_pT4l_genbin4_recobin4 acc 0.0091 eff 0.5353 outinratio 0.0986 

ggH124_4mu_TCjmax_pT4l_genbin5_recobin4 acc 0.0183 eff 0.0 outinratio 0.0353 

VBFH124_4mu_TCjmax_pT4l_genbin5_recobin4 acc 0.068 eff 0.0169 outinratio 0.0419 

WminusH124_4mu_TCjmax_pT4l_genbin5_recobin4 acc 0.023 eff 0.1013 outinratio 0.0754 

WplusH124_4mu_TCjmax_pT4l_genbin5_recobin4 acc 0.0217 eff 0.0131 outinratio 0.0626 

ZH124_4mu_TCjmax_pT4l_genbin5_recobin4 acc 0.0221 eff 0.0485 outinratio 0.0686 

ttH124_4mu_TCjmax_pT4l_genbin5_recobin4 acc 0.0091 eff 0.0047 outinratio 0.0986 

ggH124_4mu_TCjmax_pT4l_genbin6_recobin4 acc 0.0098 eff 0.0 outinratio 0.0353 

VBFH124_4mu_TCjmax_pT4l_genbin6_recobin4 acc 0.0755 eff 0.0 outinratio 0.0419 

WminusH124_4mu_TCjmax_pT4l_genbin6_recobin4 acc 0.0146 eff 0.0 outinratio 0.0754 

WplusH124_4mu_TCjmax_pT4l_genbin6_recobin4 acc 0.0161 eff 0.0 outinratio 0.0626 

ZH124_4mu_TCjmax_pT4l_genbin6_recobin4 acc 0.0147 eff 0.0 outinratio 0.0686 

ttH124_4mu_TCjmax_pT4l_genbin6_recobin4 acc 0.0192 eff 0.0 outinratio 0.0986 

ggH124_4mu_TCjmax_pT4l_genbin7_recobin4 acc 0.027 eff 0.0217 outinratio 0.0353 

VBFH124_4mu_TCjmax_pT4l_genbin7_recobin4 acc 0.0692 eff 0.0138 outinratio 0.0419 

WminusH124_4mu_TCjmax_pT4l_genbin7_recobin4 acc 0.1067 eff 0.0134 outinratio 0.0754 

WplusH124_4mu_TCjmax_pT4l_genbin7_recobin4 acc 0.0977 eff 0.0071 outinratio 0.0626 

ZH124_4mu_TCjmax_pT4l_genbin7_recobin4 acc 0.1114 eff 0.0223 outinratio 0.0686 

ttH124_4mu_TCjmax_pT4l_genbin7_recobin4 acc 0.2329 eff 0.0038 outinratio 0.0986 

ggH124_4mu_TCjmax_pT4l_genbin8_recobin4 acc 0.0088 eff 0.0 outinratio 0.0353 

VBFH124_4mu_TCjmax_pT4l_genbin8_recobin4 acc 0.0126 eff 0.0 outinratio 0.0419 

WminusH124_4mu_TCjmax_pT4l_genbin8_recobin4 acc 0.0115 eff 0.0 outinratio 0.0754 

WplusH124_4mu_TCjmax_pT4l_genbin8_recobin4 acc 0.0155 eff 0.0 outinratio 0.0626 

ZH124_4mu_TCjmax_pT4l_genbin8_recobin4 acc 0.0181 eff 0.0 outinratio 0.0686 

ttH124_4mu_TCjmax_pT4l_genbin8_recobin4 acc 0.0396 eff 0.0 outinratio 0.0986 

ggH124_4mu_TCjmax_pT4l_genbin0_recobin5 acc 0.2596 eff 0.0 outinratio 0.0327 

VBFH124_4mu_TCjmax_pT4l_genbin0_recobin5 acc 0.0412 eff 0.0015 outinratio 0.0354 

WminusH124_4mu_TCjmax_pT4l_genbin0_recobin5 acc 0.0884 eff 0.0333 outinratio 0.037 

WplusH124_4mu_TCjmax_pT4l_genbin0_recobin5 acc 0.0766 eff 0.0218 outinratio 0.0686 

ZH124_4mu_TCjmax_pT4l_genbin0_recobin5 acc 0.0852 eff 0.01 outinratio 0.0423 

ttH124_4mu_TCjmax_pT4l_genbin0_recobin5 acc 0.0006 eff -1.0 outinratio 0.1413 

ggH124_4mu_TCjmax_pT4l_genbin1_recobin5 acc 0.0179 eff 0.0 outinratio 0.0327 

VBFH124_4mu_TCjmax_pT4l_genbin1_recobin5 acc 0.0353 eff 0.0 outinratio 0.0354 

WminusH124_4mu_TCjmax_pT4l_genbin1_recobin5 acc 0.0314 eff 0.0 outinratio 0.037 

WplusH124_4mu_TCjmax_pT4l_genbin1_recobin5 acc 0.0235 eff 0.0 outinratio 0.0686 

ZH124_4mu_TCjmax_pT4l_genbin1_recobin5 acc 0.0265 eff 0.0 outinratio 0.0423 

ttH124_4mu_TCjmax_pT4l_genbin1_recobin5 acc 0.0071 eff 0.0 outinratio 0.1413 

ggH124_4mu_TCjmax_pT4l_genbin2_recobin5 acc 0.0396 eff 0.0 outinratio 0.0327 

VBFH124_4mu_TCjmax_pT4l_genbin2_recobin5 acc 0.0553 eff 0.0 outinratio 0.0354 

WminusH124_4mu_TCjmax_pT4l_genbin2_recobin5 acc 0.0361 eff 0.0 outinratio 0.037 

WplusH124_4mu_TCjmax_pT4l_genbin2_recobin5 acc 0.0289 eff 0.0 outinratio 0.0686 

ZH124_4mu_TCjmax_pT4l_genbin2_recobin5 acc 0.0324 eff 0.0 outinratio 0.0423 

ttH124_4mu_TCjmax_pT4l_genbin2_recobin5 acc 0.0065 eff 0.0 outinratio 0.1413 

ggH124_4mu_TCjmax_pT4l_genbin3_recobin5 acc 0.0233 eff 0.0 outinratio 0.0327 

VBFH124_4mu_TCjmax_pT4l_genbin3_recobin5 acc 0.0467 eff 0.0 outinratio 0.0354 

WminusH124_4mu_TCjmax_pT4l_genbin3_recobin5 acc 0.022 eff 0.0 outinratio 0.037 

WplusH124_4mu_TCjmax_pT4l_genbin3_recobin5 acc 0.02 eff 0.0 outinratio 0.0686 

ZH124_4mu_TCjmax_pT4l_genbin3_recobin5 acc 0.0265 eff 0.0 outinratio 0.0423 

ttH124_4mu_TCjmax_pT4l_genbin3_recobin5 acc 0.006 eff 0.0 outinratio 0.1413 

ggH124_4mu_TCjmax_pT4l_genbin4_recobin5 acc 0.0139 eff 0.0 outinratio 0.0327 

VBFH124_4mu_TCjmax_pT4l_genbin4_recobin5 acc 0.0576 eff 0.0158 outinratio 0.0354 

WminusH124_4mu_TCjmax_pT4l_genbin4_recobin5 acc 0.0314 eff 0.0056 outinratio 0.037 

WplusH124_4mu_TCjmax_pT4l_genbin4_recobin5 acc 0.0227 eff 0.0116 outinratio 0.0686 

ZH124_4mu_TCjmax_pT4l_genbin4_recobin5 acc 0.024 eff 0.0192 outinratio 0.0423 

ttH124_4mu_TCjmax_pT4l_genbin4_recobin5 acc 0.0091 eff 0.0198 outinratio 0.1413 

ggH124_4mu_TCjmax_pT4l_genbin5_recobin5 acc 0.0183 eff 0.6252 outinratio 0.0327 

VBFH124_4mu_TCjmax_pT4l_genbin5_recobin5 acc 0.068 eff 0.7168 outinratio 0.0354 

WminusH124_4mu_TCjmax_pT4l_genbin5_recobin5 acc 0.023 eff 0.8088 outinratio 0.037 

WplusH124_4mu_TCjmax_pT4l_genbin5_recobin5 acc 0.0217 eff 0.6811 outinratio 0.0686 

ZH124_4mu_TCjmax_pT4l_genbin5_recobin5 acc 0.0221 eff 0.6831 outinratio 0.0423 

ttH124_4mu_TCjmax_pT4l_genbin5_recobin5 acc 0.0091 eff 0.6543 outinratio 0.1413 

ggH124_4mu_TCjmax_pT4l_genbin6_recobin5 acc 0.0098 eff 0.0394 outinratio 0.0327 

VBFH124_4mu_TCjmax_pT4l_genbin6_recobin5 acc 0.0755 eff 0.0165 outinratio 0.0354 

WminusH124_4mu_TCjmax_pT4l_genbin6_recobin5 acc 0.0146 eff 0.0 outinratio 0.037 

WplusH124_4mu_TCjmax_pT4l_genbin6_recobin5 acc 0.0161 eff 0.0142 outinratio 0.0686 

ZH124_4mu_TCjmax_pT4l_genbin6_recobin5 acc 0.0147 eff 0.0266 outinratio 0.0423 

ttH124_4mu_TCjmax_pT4l_genbin6_recobin5 acc 0.0192 eff 0.0 outinratio 0.1413 

ggH124_4mu_TCjmax_pT4l_genbin7_recobin5 acc 0.027 eff 0.0 outinratio 0.0327 

VBFH124_4mu_TCjmax_pT4l_genbin7_recobin5 acc 0.0692 eff 0.0138 outinratio 0.0354 

WminusH124_4mu_TCjmax_pT4l_genbin7_recobin5 acc 0.1067 eff 0.0105 outinratio 0.037 

WplusH124_4mu_TCjmax_pT4l_genbin7_recobin5 acc 0.0977 eff 0.0159 outinratio 0.0686 

ZH124_4mu_TCjmax_pT4l_genbin7_recobin5 acc 0.1114 eff 0.0265 outinratio 0.0423 

ttH124_4mu_TCjmax_pT4l_genbin7_recobin5 acc 0.2329 eff 0.0087 outinratio 0.1413 

ggH124_4mu_TCjmax_pT4l_genbin8_recobin5 acc 0.0088 eff 0.0 outinratio 0.0327 

VBFH124_4mu_TCjmax_pT4l_genbin8_recobin5 acc 0.0126 eff 0.0 outinratio 0.0354 

WminusH124_4mu_TCjmax_pT4l_genbin8_recobin5 acc 0.0115 eff 0.0 outinratio 0.037 

WplusH124_4mu_TCjmax_pT4l_genbin8_recobin5 acc 0.0155 eff 0.0 outinratio 0.0686 

ZH124_4mu_TCjmax_pT4l_genbin8_recobin5 acc 0.0181 eff 0.0 outinratio 0.0423 

ttH124_4mu_TCjmax_pT4l_genbin8_recobin5 acc 0.0396 eff 0.0 outinratio 0.1413 

ggH124_4mu_TCjmax_pT4l_genbin0_recobin6 acc 0.2596 eff 0.0 outinratio 0.1067 

VBFH124_4mu_TCjmax_pT4l_genbin0_recobin6 acc 0.0412 eff 0.0 outinratio 0.0441 

WminusH124_4mu_TCjmax_pT4l_genbin0_recobin6 acc 0.0884 eff 0.0396 outinratio 0.0456 

WplusH124_4mu_TCjmax_pT4l_genbin0_recobin6 acc 0.0766 eff 0.0345 outinratio 0.0413 

ZH124_4mu_TCjmax_pT4l_genbin0_recobin6 acc 0.0852 eff 0.0328 outinratio 0.0106 

ttH124_4mu_TCjmax_pT4l_genbin0_recobin6 acc 0.0006 eff -1.0 outinratio 0.0581 

ggH124_4mu_TCjmax_pT4l_genbin1_recobin6 acc 0.0179 eff 0.0 outinratio 0.1067 

VBFH124_4mu_TCjmax_pT4l_genbin1_recobin6 acc 0.0353 eff 0.0 outinratio 0.0441 

WminusH124_4mu_TCjmax_pT4l_genbin1_recobin6 acc 0.0314 eff 0.0 outinratio 0.0456 

WplusH124_4mu_TCjmax_pT4l_genbin1_recobin6 acc 0.0235 eff 0.0 outinratio 0.0413 

ZH124_4mu_TCjmax_pT4l_genbin1_recobin6 acc 0.0265 eff 0.0 outinratio 0.0106 

ttH124_4mu_TCjmax_pT4l_genbin1_recobin6 acc 0.0071 eff 0.0 outinratio 0.0581 

ggH124_4mu_TCjmax_pT4l_genbin2_recobin6 acc 0.0396 eff 0.0 outinratio 0.1067 

VBFH124_4mu_TCjmax_pT4l_genbin2_recobin6 acc 0.0553 eff 0.0 outinratio 0.0441 

WminusH124_4mu_TCjmax_pT4l_genbin2_recobin6 acc 0.0361 eff 0.0 outinratio 0.0456 

WplusH124_4mu_TCjmax_pT4l_genbin2_recobin6 acc 0.0289 eff 0.0 outinratio 0.0413 

ZH124_4mu_TCjmax_pT4l_genbin2_recobin6 acc 0.0324 eff 0.0 outinratio 0.0106 

ttH124_4mu_TCjmax_pT4l_genbin2_recobin6 acc 0.0065 eff 0.0 outinratio 0.0581 

ggH124_4mu_TCjmax_pT4l_genbin3_recobin6 acc 0.0233 eff 0.0 outinratio 0.1067 

VBFH124_4mu_TCjmax_pT4l_genbin3_recobin6 acc 0.0467 eff 0.0 outinratio 0.0441 

WminusH124_4mu_TCjmax_pT4l_genbin3_recobin6 acc 0.022 eff 0.0 outinratio 0.0456 

WplusH124_4mu_TCjmax_pT4l_genbin3_recobin6 acc 0.02 eff 0.0 outinratio 0.0413 

ZH124_4mu_TCjmax_pT4l_genbin3_recobin6 acc 0.0265 eff 0.0 outinratio 0.0106 

ttH124_4mu_TCjmax_pT4l_genbin3_recobin6 acc 0.006 eff 0.0 outinratio 0.0581 

ggH124_4mu_TCjmax_pT4l_genbin4_recobin6 acc 0.0139 eff 0.0 outinratio 0.1067 

VBFH124_4mu_TCjmax_pT4l_genbin4_recobin6 acc 0.0576 eff 0.0 outinratio 0.0441 

WminusH124_4mu_TCjmax_pT4l_genbin4_recobin6 acc 0.0314 eff 0.0 outinratio 0.0456 

WplusH124_4mu_TCjmax_pT4l_genbin4_recobin6 acc 0.0227 eff 0.0 outinratio 0.0413 

ZH124_4mu_TCjmax_pT4l_genbin4_recobin6 acc 0.024 eff 0.0 outinratio 0.0106 

ttH124_4mu_TCjmax_pT4l_genbin4_recobin6 acc 0.0091 eff 0.0 outinratio 0.0581 

ggH124_4mu_TCjmax_pT4l_genbin5_recobin6 acc 0.0183 eff 0.0213 outinratio 0.1067 

VBFH124_4mu_TCjmax_pT4l_genbin5_recobin6 acc 0.068 eff 0.0148 outinratio 0.0441 

WminusH124_4mu_TCjmax_pT4l_genbin5_recobin6 acc 0.023 eff 0.0 outinratio 0.0456 

WplusH124_4mu_TCjmax_pT4l_genbin5_recobin6 acc 0.0217 eff 0.0104 outinratio 0.0413 

ZH124_4mu_TCjmax_pT4l_genbin5_recobin6 acc 0.0221 eff 0.0 outinratio 0.0106 

ttH124_4mu_TCjmax_pT4l_genbin5_recobin6 acc 0.0091 eff 0.0228 outinratio 0.0581 

ggH124_4mu_TCjmax_pT4l_genbin6_recobin6 acc 0.0098 eff 0.7181 outinratio 0.1067 

VBFH124_4mu_TCjmax_pT4l_genbin6_recobin6 acc 0.0755 eff 0.7721 outinratio 0.0441 

WminusH124_4mu_TCjmax_pT4l_genbin6_recobin6 acc 0.0146 eff 0.5328 outinratio 0.0456 

WplusH124_4mu_TCjmax_pT4l_genbin6_recobin6 acc 0.0161 eff 0.6366 outinratio 0.0413 

ZH124_4mu_TCjmax_pT4l_genbin6_recobin6 acc 0.0147 eff 0.5692 outinratio 0.0106 

ttH124_4mu_TCjmax_pT4l_genbin6_recobin6 acc 0.0192 eff 0.5488 outinratio 0.0581 

ggH124_4mu_TCjmax_pT4l_genbin7_recobin6 acc 0.027 eff 0.0176 outinratio 0.1067 

VBFH124_4mu_TCjmax_pT4l_genbin7_recobin6 acc 0.0692 eff 0.0311 outinratio 0.0441 

WminusH124_4mu_TCjmax_pT4l_genbin7_recobin6 acc 0.1067 eff 0.0109 outinratio 0.0456 

WplusH124_4mu_TCjmax_pT4l_genbin7_recobin6 acc 0.0977 eff 0.0156 outinratio 0.0413 

ZH124_4mu_TCjmax_pT4l_genbin7_recobin6 acc 0.1114 eff 0.0174 outinratio 0.0106 

ttH124_4mu_TCjmax_pT4l_genbin7_recobin6 acc 0.2329 eff 0.0093 outinratio 0.0581 

ggH124_4mu_TCjmax_pT4l_genbin8_recobin6 acc 0.0088 eff 0.0 outinratio 0.1067 

VBFH124_4mu_TCjmax_pT4l_genbin8_recobin6 acc 0.0126 eff 0.0162 outinratio 0.0441 

WminusH124_4mu_TCjmax_pT4l_genbin8_recobin6 acc 0.0115 eff 0.0331 outinratio 0.0456 

WplusH124_4mu_TCjmax_pT4l_genbin8_recobin6 acc 0.0155 eff 0.0161 outinratio 0.0413 

ZH124_4mu_TCjmax_pT4l_genbin8_recobin6 acc 0.0181 eff 0.0 outinratio 0.0106 

ttH124_4mu_TCjmax_pT4l_genbin8_recobin6 acc 0.0396 eff 0.0136 outinratio 0.0581 

ggH124_4mu_TCjmax_pT4l_genbin0_recobin7 acc 0.2596 eff 0.009 outinratio 0.0306 

VBFH124_4mu_TCjmax_pT4l_genbin0_recobin7 acc 0.0412 eff 0.0038 outinratio 0.0411 

WminusH124_4mu_TCjmax_pT4l_genbin0_recobin7 acc 0.0884 eff 0.0334 outinratio 0.0813 

WplusH124_4mu_TCjmax_pT4l_genbin0_recobin7 acc 0.0766 eff 0.0372 outinratio 0.0751 

ZH124_4mu_TCjmax_pT4l_genbin0_recobin7 acc 0.0852 eff 0.0192 outinratio 0.0994 

ttH124_4mu_TCjmax_pT4l_genbin0_recobin7 acc 0.0006 eff -1.0 outinratio 0.1541 

ggH124_4mu_TCjmax_pT4l_genbin1_recobin7 acc 0.0179 eff 0.0168 outinratio 0.0306 

VBFH124_4mu_TCjmax_pT4l_genbin1_recobin7 acc 0.0353 eff 0.0186 outinratio 0.0411 

WminusH124_4mu_TCjmax_pT4l_genbin1_recobin7 acc 0.0314 eff 0.0149 outinratio 0.0813 

WplusH124_4mu_TCjmax_pT4l_genbin1_recobin7 acc 0.0235 eff 0.0263 outinratio 0.0751 

ZH124_4mu_TCjmax_pT4l_genbin1_recobin7 acc 0.0265 eff 0.0421 outinratio 0.0994 

ttH124_4mu_TCjmax_pT4l_genbin1_recobin7 acc 0.0071 eff 0.0993 outinratio 0.1541 

ggH124_4mu_TCjmax_pT4l_genbin2_recobin7 acc 0.0396 eff 0.026 outinratio 0.0306 

VBFH124_4mu_TCjmax_pT4l_genbin2_recobin7 acc 0.0553 eff 0.0186 outinratio 0.0411 

WminusH124_4mu_TCjmax_pT4l_genbin2_recobin7 acc 0.0361 eff 0.0623 outinratio 0.0813 

WplusH124_4mu_TCjmax_pT4l_genbin2_recobin7 acc 0.0289 eff 0.0763 outinratio 0.0751 

ZH124_4mu_TCjmax_pT4l_genbin2_recobin7 acc 0.0324 eff 0.0426 outinratio 0.0994 

ttH124_4mu_TCjmax_pT4l_genbin2_recobin7 acc 0.0065 eff 0.1198 outinratio 0.1541 

ggH124_4mu_TCjmax_pT4l_genbin3_recobin7 acc 0.0233 eff 0.0105 outinratio 0.0306 

VBFH124_4mu_TCjmax_pT4l_genbin3_recobin7 acc 0.0467 eff 0.0247 outinratio 0.0411 

WminusH124_4mu_TCjmax_pT4l_genbin3_recobin7 acc 0.022 eff 0.0888 outinratio 0.0813 

WplusH124_4mu_TCjmax_pT4l_genbin3_recobin7 acc 0.02 eff 0.0433 outinratio 0.0751 

ZH124_4mu_TCjmax_pT4l_genbin3_recobin7 acc 0.0265 eff 0.089 outinratio 0.0994 

ttH124_4mu_TCjmax_pT4l_genbin3_recobin7 acc 0.006 eff 0.1113 outinratio 0.1541 

ggH124_4mu_TCjmax_pT4l_genbin4_recobin7 acc 0.0139 eff 0.0 outinratio 0.0306 

VBFH124_4mu_TCjmax_pT4l_genbin4_recobin7 acc 0.0576 eff 0.0242 outinratio 0.0411 

WminusH124_4mu_TCjmax_pT4l_genbin4_recobin7 acc 0.0314 eff 0.1093 outinratio 0.0813 

WplusH124_4mu_TCjmax_pT4l_genbin4_recobin7 acc 0.0227 eff 0.0842 outinratio 0.0751 

ZH124_4mu_TCjmax_pT4l_genbin4_recobin7 acc 0.024 eff 0.0455 outinratio 0.0994 

ttH124_4mu_TCjmax_pT4l_genbin4_recobin7 acc 0.0091 eff 0.0965 outinratio 0.1541 

ggH124_4mu_TCjmax_pT4l_genbin5_recobin7 acc 0.0183 eff 0.0491 outinratio 0.0306 

VBFH124_4mu_TCjmax_pT4l_genbin5_recobin7 acc 0.068 eff 0.0281 outinratio 0.0411 

WminusH124_4mu_TCjmax_pT4l_genbin5_recobin7 acc 0.023 eff 0.1089 outinratio 0.0813 

WplusH124_4mu_TCjmax_pT4l_genbin5_recobin7 acc 0.0217 eff 0.119 outinratio 0.0751 

ZH124_4mu_TCjmax_pT4l_genbin5_recobin7 acc 0.0221 eff 0.0784 outinratio 0.0994 

ttH124_4mu_TCjmax_pT4l_genbin5_recobin7 acc 0.0091 eff 0.1653 outinratio 0.1541 

ggH124_4mu_TCjmax_pT4l_genbin6_recobin7 acc 0.0098 eff 0.0245 outinratio 0.0306 

VBFH124_4mu_TCjmax_pT4l_genbin6_recobin7 acc 0.0755 eff 0.0304 outinratio 0.0411 

WminusH124_4mu_TCjmax_pT4l_genbin6_recobin7 acc 0.0146 eff 0.0254 outinratio 0.0813 

WplusH124_4mu_TCjmax_pT4l_genbin6_recobin7 acc 0.0161 eff 0.0941 outinratio 0.0751 

ZH124_4mu_TCjmax_pT4l_genbin6_recobin7 acc 0.0147 eff 0.1015 outinratio 0.0994 

ttH124_4mu_TCjmax_pT4l_genbin6_recobin7 acc 0.0192 eff 0.1404 outinratio 0.1541 

ggH124_4mu_TCjmax_pT4l_genbin7_recobin7 acc 0.027 eff 0.694 outinratio 0.0306 

VBFH124_4mu_TCjmax_pT4l_genbin7_recobin7 acc 0.0692 eff 0.7538 outinratio 0.0411 

WminusH124_4mu_TCjmax_pT4l_genbin7_recobin7 acc 0.1067 eff 0.6917 outinratio 0.0813 

WplusH124_4mu_TCjmax_pT4l_genbin7_recobin7 acc 0.0977 eff 0.7445 outinratio 0.0751 

ZH124_4mu_TCjmax_pT4l_genbin7_recobin7 acc 0.1114 eff 0.6868 outinratio 0.0994 

ttH124_4mu_TCjmax_pT4l_genbin7_recobin7 acc 0.2329 eff 0.7753 outinratio 0.1541 

ggH124_4mu_TCjmax_pT4l_genbin8_recobin7 acc 0.0088 eff 0.0555 outinratio 0.0306 

VBFH124_4mu_TCjmax_pT4l_genbin8_recobin7 acc 0.0126 eff 0.0203 outinratio 0.0411 

WminusH124_4mu_TCjmax_pT4l_genbin8_recobin7 acc 0.0115 eff 0.0632 outinratio 0.0813 

WplusH124_4mu_TCjmax_pT4l_genbin8_recobin7 acc 0.0155 eff 0.0409 outinratio 0.0751 

ZH124_4mu_TCjmax_pT4l_genbin8_recobin7 acc 0.0181 eff 0.0459 outinratio 0.0994 

ttH124_4mu_TCjmax_pT4l_genbin8_recobin7 acc 0.0396 eff 0.0126 outinratio 0.1541 

ggH124_4mu_TCjmax_pT4l_genbin0_recobin8 acc 0.2596 eff 0.0 outinratio 0.0 

VBFH124_4mu_TCjmax_pT4l_genbin0_recobin8 acc 0.0412 eff 0.0 outinratio 0.0187 

WminusH124_4mu_TCjmax_pT4l_genbin0_recobin8 acc 0.0884 eff 0.0 outinratio 0.0 

WplusH124_4mu_TCjmax_pT4l_genbin0_recobin8 acc 0.0766 eff 0.0008 outinratio 0.042 

ZH124_4mu_TCjmax_pT4l_genbin0_recobin8 acc 0.0852 eff 0.0 outinratio 0.101 

ttH124_4mu_TCjmax_pT4l_genbin0_recobin8 acc 0.0006 eff -1.0 outinratio 0.0715 

ggH124_4mu_TCjmax_pT4l_genbin1_recobin8 acc 0.0179 eff 0.0 outinratio 0.0 

VBFH124_4mu_TCjmax_pT4l_genbin1_recobin8 acc 0.0353 eff 0.0 outinratio 0.0187 

WminusH124_4mu_TCjmax_pT4l_genbin1_recobin8 acc 0.0314 eff 0.0 outinratio 0.0 

WplusH124_4mu_TCjmax_pT4l_genbin1_recobin8 acc 0.0235 eff 0.0 outinratio 0.042 

ZH124_4mu_TCjmax_pT4l_genbin1_recobin8 acc 0.0265 eff 0.0 outinratio 0.101 

ttH124_4mu_TCjmax_pT4l_genbin1_recobin8 acc 0.0071 eff 0.0 outinratio 0.0715 

ggH124_4mu_TCjmax_pT4l_genbin2_recobin8 acc 0.0396 eff 0.0 outinratio 0.0 

VBFH124_4mu_TCjmax_pT4l_genbin2_recobin8 acc 0.0553 eff 0.0 outinratio 0.0187 

WminusH124_4mu_TCjmax_pT4l_genbin2_recobin8 acc 0.0361 eff 0.0 outinratio 0.0 

WplusH124_4mu_TCjmax_pT4l_genbin2_recobin8 acc 0.0289 eff 0.0 outinratio 0.042 

ZH124_4mu_TCjmax_pT4l_genbin2_recobin8 acc 0.0324 eff 0.0 outinratio 0.101 

ttH124_4mu_TCjmax_pT4l_genbin2_recobin8 acc 0.0065 eff 0.0 outinratio 0.0715 

ggH124_4mu_TCjmax_pT4l_genbin3_recobin8 acc 0.0233 eff 0.0 outinratio 0.0 

VBFH124_4mu_TCjmax_pT4l_genbin3_recobin8 acc 0.0467 eff 0.0 outinratio 0.0187 

WminusH124_4mu_TCjmax_pT4l_genbin3_recobin8 acc 0.022 eff 0.0 outinratio 0.0 

WplusH124_4mu_TCjmax_pT4l_genbin3_recobin8 acc 0.02 eff 0.0 outinratio 0.042 

ZH124_4mu_TCjmax_pT4l_genbin3_recobin8 acc 0.0265 eff 0.0 outinratio 0.101 

ttH124_4mu_TCjmax_pT4l_genbin3_recobin8 acc 0.006 eff 0.0 outinratio 0.0715 

ggH124_4mu_TCjmax_pT4l_genbin4_recobin8 acc 0.0139 eff 0.0 outinratio 0.0 

VBFH124_4mu_TCjmax_pT4l_genbin4_recobin8 acc 0.0576 eff 0.0 outinratio 0.0187 

WminusH124_4mu_TCjmax_pT4l_genbin4_recobin8 acc 0.0314 eff 0.0 outinratio 0.0 

WplusH124_4mu_TCjmax_pT4l_genbin4_recobin8 acc 0.0227 eff 0.0 outinratio 0.042 

ZH124_4mu_TCjmax_pT4l_genbin4_recobin8 acc 0.024 eff 0.0 outinratio 0.101 

ttH124_4mu_TCjmax_pT4l_genbin4_recobin8 acc 0.0091 eff 0.0 outinratio 0.0715 

ggH124_4mu_TCjmax_pT4l_genbin5_recobin8 acc 0.0183 eff 0.0 outinratio 0.0 

VBFH124_4mu_TCjmax_pT4l_genbin5_recobin8 acc 0.068 eff 0.0 outinratio 0.0187 

WminusH124_4mu_TCjmax_pT4l_genbin5_recobin8 acc 0.023 eff 0.0 outinratio 0.0 

WplusH124_4mu_TCjmax_pT4l_genbin5_recobin8 acc 0.0217 eff 0.0 outinratio 0.042 

ZH124_4mu_TCjmax_pT4l_genbin5_recobin8 acc 0.0221 eff 0.0 outinratio 0.101 

ttH124_4mu_TCjmax_pT4l_genbin5_recobin8 acc 0.0091 eff 0.0 outinratio 0.0715 

ggH124_4mu_TCjmax_pT4l_genbin6_recobin8 acc 0.0098 eff 0.0 outinratio 0.0 

VBFH124_4mu_TCjmax_pT4l_genbin6_recobin8 acc 0.0755 eff 0.0044 outinratio 0.0187 

WminusH124_4mu_TCjmax_pT4l_genbin6_recobin8 acc 0.0146 eff 0.05 outinratio 0.0 

WplusH124_4mu_TCjmax_pT4l_genbin6_recobin8 acc 0.0161 eff 0.0381 outinratio 0.042 

ZH124_4mu_TCjmax_pT4l_genbin6_recobin8 acc 0.0147 eff 0.0 outinratio 0.101 

ttH124_4mu_TCjmax_pT4l_genbin6_recobin8 acc 0.0192 eff 0.0566 outinratio 0.0715 

ggH124_4mu_TCjmax_pT4l_genbin7_recobin8 acc 0.027 eff 0.0 outinratio 0.0 

VBFH124_4mu_TCjmax_pT4l_genbin7_recobin8 acc 0.0692 eff 0.0006 outinratio 0.0187 

WminusH124_4mu_TCjmax_pT4l_genbin7_recobin8 acc 0.1067 eff 0.0 outinratio 0.0 

WplusH124_4mu_TCjmax_pT4l_genbin7_recobin8 acc 0.0977 eff 0.0016 outinratio 0.042 

ZH124_4mu_TCjmax_pT4l_genbin7_recobin8 acc 0.1114 eff 0.0 outinratio 0.101 

ttH124_4mu_TCjmax_pT4l_genbin7_recobin8 acc 0.2329 eff 0.0013 outinratio 0.0715 

ggH124_4mu_TCjmax_pT4l_genbin8_recobin8 acc 0.0088 eff 0.7618 outinratio 0.0 

VBFH124_4mu_TCjmax_pT4l_genbin8_recobin8 acc 0.0126 eff 0.8392 outinratio 0.0187 

WminusH124_4mu_TCjmax_pT4l_genbin8_recobin8 acc 0.0115 eff 0.6764 outinratio 0.0 

WplusH124_4mu_TCjmax_pT4l_genbin8_recobin8 acc 0.0155 eff 0.8146 outinratio 0.042 

ZH124_4mu_TCjmax_pT4l_genbin8_recobin8 acc 0.0181 eff 0.768 outinratio 0.101 

ttH124_4mu_TCjmax_pT4l_genbin8_recobin8 acc 0.0396 eff 0.7761 outinratio 0.0715 

ggH124_2e2mu_TCjmax_pT4l_genbin0_recobin0 acc 0.2307 eff 0.4324 outinratio 0.0492 

VBFH124_2e2mu_TCjmax_pT4l_genbin0_recobin0 acc 0.0386 eff 0.3705 outinratio 0.0377 

WminusH124_2e2mu_TCjmax_pT4l_genbin0_recobin0 acc 0.0761 eff 0.3211 outinratio 0.1276 

WplusH124_2e2mu_TCjmax_pT4l_genbin0_recobin0 acc 0.0686 eff 0.3545 outinratio 0.0866 

ZH124_2e2mu_TCjmax_pT4l_genbin0_recobin0 acc 0.0748 eff 0.4086 outinratio 0.0429 

ttH124_2e2mu_TCjmax_pT4l_genbin0_recobin0 acc 0.0006 eff -1.0 outinratio 0.0 

ggH124_2e2mu_TCjmax_pT4l_genbin1_recobin0 acc 0.0161 eff 0.1252 outinratio 0.0492 

VBFH124_2e2mu_TCjmax_pT4l_genbin1_recobin0 acc 0.0337 eff 0.0391 outinratio 0.0377 

WminusH124_2e2mu_TCjmax_pT4l_genbin1_recobin0 acc 0.0252 eff 0.0476 outinratio 0.1276 

WplusH124_2e2mu_TCjmax_pT4l_genbin1_recobin0 acc 0.0215 eff 0.0625 outinratio 0.0866 

ZH124_2e2mu_TCjmax_pT4l_genbin1_recobin0 acc 0.021 eff 0.0483 outinratio 0.0429 

ttH124_2e2mu_TCjmax_pT4l_genbin1_recobin0 acc 0.0052 eff 0.0 outinratio 0.0 

ggH124_2e2mu_TCjmax_pT4l_genbin2_recobin0 acc 0.0399 eff 0.0725 outinratio 0.0492 

VBFH124_2e2mu_TCjmax_pT4l_genbin2_recobin0 acc 0.0485 eff 0.0511 outinratio 0.0377 

WminusH124_2e2mu_TCjmax_pT4l_genbin2_recobin0 acc 0.033 eff 0.0428 outinratio 0.1276 

WplusH124_2e2mu_TCjmax_pT4l_genbin2_recobin0 acc 0.0272 eff 0.0301 outinratio 0.0866 

ZH124_2e2mu_TCjmax_pT4l_genbin2_recobin0 acc 0.0271 eff 0.0551 outinratio 0.0429 

ttH124_2e2mu_TCjmax_pT4l_genbin2_recobin0 acc 0.0068 eff 0.0 outinratio 0.0 

ggH124_2e2mu_TCjmax_pT4l_genbin3_recobin0 acc 0.0227 eff 0.0246 outinratio 0.0492 

VBFH124_2e2mu_TCjmax_pT4l_genbin3_recobin0 acc 0.0436 eff 0.0346 outinratio 0.0377 

WminusH124_2e2mu_TCjmax_pT4l_genbin3_recobin0 acc 0.0205 eff 0.0308 outinratio 0.1276 

WplusH124_2e2mu_TCjmax_pT4l_genbin3_recobin0 acc 0.0187 eff 0.0196 outinratio 0.0866 

ZH124_2e2mu_TCjmax_pT4l_genbin3_recobin0 acc 0.0181 eff 0.0128 outinratio 0.0429 

ttH124_2e2mu_TCjmax_pT4l_genbin3_recobin0 acc 0.0044 eff 0.0 outinratio 0.0 

ggH124_2e2mu_TCjmax_pT4l_genbin4_recobin0 acc 0.0167 eff 0.0087 outinratio 0.0492 

VBFH124_2e2mu_TCjmax_pT4l_genbin4_recobin0 acc 0.0526 eff 0.0217 outinratio 0.0377 

WminusH124_2e2mu_TCjmax_pT4l_genbin4_recobin0 acc 0.0255 eff 0.0289 outinratio 0.1276 

WplusH124_2e2mu_TCjmax_pT4l_genbin4_recobin0 acc 0.0197 eff 0.023 outinratio 0.0866 

ZH124_2e2mu_TCjmax_pT4l_genbin4_recobin0 acc 0.0179 eff 0.023 outinratio 0.0429 

ttH124_2e2mu_TCjmax_pT4l_genbin4_recobin0 acc 0.0066 eff 0.0 outinratio 0.0 

ggH124_2e2mu_TCjmax_pT4l_genbin5_recobin0 acc 0.0123 eff 0.0126 outinratio 0.0492 

VBFH124_2e2mu_TCjmax_pT4l_genbin5_recobin0 acc 0.0656 eff 0.0087 outinratio 0.0377 

WminusH124_2e2mu_TCjmax_pT4l_genbin5_recobin0 acc 0.0266 eff 0.0093 outinratio 0.1276 

WplusH124_2e2mu_TCjmax_pT4l_genbin5_recobin0 acc 0.0214 eff 0.0249 outinratio 0.0866 

ZH124_2e2mu_TCjmax_pT4l_genbin5_recobin0 acc 0.0205 eff 0.0118 outinratio 0.0429 

ttH124_2e2mu_TCjmax_pT4l_genbin5_recobin0 acc 0.0086 eff 0.0 outinratio 0.0 

ggH124_2e2mu_TCjmax_pT4l_genbin6_recobin0 acc 0.0075 eff 0.0 outinratio 0.0492 

VBFH124_2e2mu_TCjmax_pT4l_genbin6_recobin0 acc 0.0709 eff 0.0008 outinratio 0.0377 

WminusH124_2e2mu_TCjmax_pT4l_genbin6_recobin0 acc 0.0159 eff 0.0 outinratio 0.1276 

WplusH124_2e2mu_TCjmax_pT4l_genbin6_recobin0 acc 0.0145 eff 0.0219 outinratio 0.0866 

ZH124_2e2mu_TCjmax_pT4l_genbin6_recobin0 acc 0.0165 eff 0.0071 outinratio 0.0429 

ttH124_2e2mu_TCjmax_pT4l_genbin6_recobin0 acc 0.0153 eff 0.0 outinratio 0.0 

ggH124_2e2mu_TCjmax_pT4l_genbin7_recobin0 acc 0.0244 eff 0.0046 outinratio 0.0492 

VBFH124_2e2mu_TCjmax_pT4l_genbin7_recobin0 acc 0.0669 eff 0.0021 outinratio 0.0377 

WminusH124_2e2mu_TCjmax_pT4l_genbin7_recobin0 acc 0.103 eff 0.0009 outinratio 0.1276 

WplusH124_2e2mu_TCjmax_pT4l_genbin7_recobin0 acc 0.0904 eff 0.0008 outinratio 0.0866 

ZH124_2e2mu_TCjmax_pT4l_genbin7_recobin0 acc 0.1088 eff 0.0016 outinratio 0.0429 

ttH124_2e2mu_TCjmax_pT4l_genbin7_recobin0 acc 0.2158 eff 0.0 outinratio 0.0 

ggH124_2e2mu_TCjmax_pT4l_genbin8_recobin0 acc 0.0044 eff 0.0 outinratio 0.0492 

VBFH124_2e2mu_TCjmax_pT4l_genbin8_recobin0 acc 0.0122 eff 0.0021 outinratio 0.0377 

WminusH124_2e2mu_TCjmax_pT4l_genbin8_recobin0 acc 0.0113 eff 0.0 outinratio 0.1276 

WplusH124_2e2mu_TCjmax_pT4l_genbin8_recobin0 acc 0.0127 eff 0.0 outinratio 0.0866 

ZH124_2e2mu_TCjmax_pT4l_genbin8_recobin0 acc 0.0141 eff 0.0 outinratio 0.0429 

ttH124_2e2mu_TCjmax_pT4l_genbin8_recobin0 acc 0.0357 eff 0.0 outinratio 0.0 

ggH124_2e2mu_TCjmax_pT4l_genbin0_recobin1 acc 0.2307 eff 0.0498 outinratio 0.0741 

VBFH124_2e2mu_TCjmax_pT4l_genbin0_recobin1 acc 0.0386 eff 0.0567 outinratio 0.0371 

WminusH124_2e2mu_TCjmax_pT4l_genbin0_recobin1 acc 0.0761 eff 0.0193 outinratio 0.0708 

WplusH124_2e2mu_TCjmax_pT4l_genbin0_recobin1 acc 0.0686 eff 0.0213 outinratio 0.1152 

ZH124_2e2mu_TCjmax_pT4l_genbin0_recobin1 acc 0.0748 eff 0.0274 outinratio 0.0937 

ttH124_2e2mu_TCjmax_pT4l_genbin0_recobin1 acc 0.0006 eff -1.0 outinratio 0.1225 

ggH124_2e2mu_TCjmax_pT4l_genbin1_recobin1 acc 0.0161 eff 0.3773 outinratio 0.0741 

VBFH124_2e2mu_TCjmax_pT4l_genbin1_recobin1 acc 0.0337 eff 0.4371 outinratio 0.0371 

WminusH124_2e2mu_TCjmax_pT4l_genbin1_recobin1 acc 0.0252 eff 0.4333 outinratio 0.0708 

WplusH124_2e2mu_TCjmax_pT4l_genbin1_recobin1 acc 0.0215 eff 0.3795 outinratio 0.1152 

ZH124_2e2mu_TCjmax_pT4l_genbin1_recobin1 acc 0.021 eff 0.3487 outinratio 0.0937 

ttH124_2e2mu_TCjmax_pT4l_genbin1_recobin1 acc 0.0052 eff 0.3838 outinratio 0.1225 

ggH124_2e2mu_TCjmax_pT4l_genbin2_recobin1 acc 0.0399 eff 0.0333 outinratio 0.0741 

VBFH124_2e2mu_TCjmax_pT4l_genbin2_recobin1 acc 0.0485 eff 0.0173 outinratio 0.0371 

WminusH124_2e2mu_TCjmax_pT4l_genbin2_recobin1 acc 0.033 eff 0.0 outinratio 0.0708 

WplusH124_2e2mu_TCjmax_pT4l_genbin2_recobin1 acc 0.0272 eff 0.0148 outinratio 0.1152 

ZH124_2e2mu_TCjmax_pT4l_genbin2_recobin1 acc 0.0271 eff 0.0044 outinratio 0.0937 

ttH124_2e2mu_TCjmax_pT4l_genbin2_recobin1 acc 0.0068 eff 0.0097 outinratio 0.1225 

ggH124_2e2mu_TCjmax_pT4l_genbin3_recobin1 acc 0.0227 eff 0.0 outinratio 0.0741 

VBFH124_2e2mu_TCjmax_pT4l_genbin3_recobin1 acc 0.0436 eff 0.0 outinratio 0.0371 

WminusH124_2e2mu_TCjmax_pT4l_genbin3_recobin1 acc 0.0205 eff 0.0 outinratio 0.0708 

WplusH124_2e2mu_TCjmax_pT4l_genbin3_recobin1 acc 0.0187 eff 0.0 outinratio 0.1152 

ZH124_2e2mu_TCjmax_pT4l_genbin3_recobin1 acc 0.0181 eff 0.0 outinratio 0.0937 

ttH124_2e2mu_TCjmax_pT4l_genbin3_recobin1 acc 0.0044 eff 0.0 outinratio 0.1225 

ggH124_2e2mu_TCjmax_pT4l_genbin4_recobin1 acc 0.0167 eff 0.0 outinratio 0.0741 

VBFH124_2e2mu_TCjmax_pT4l_genbin4_recobin1 acc 0.0526 eff 0.0 outinratio 0.0371 

WminusH124_2e2mu_TCjmax_pT4l_genbin4_recobin1 acc 0.0255 eff 0.0 outinratio 0.0708 

WplusH124_2e2mu_TCjmax_pT4l_genbin4_recobin1 acc 0.0197 eff 0.0 outinratio 0.1152 

ZH124_2e2mu_TCjmax_pT4l_genbin4_recobin1 acc 0.0179 eff 0.0 outinratio 0.0937 

ttH124_2e2mu_TCjmax_pT4l_genbin4_recobin1 acc 0.0066 eff 0.0 outinratio 0.1225 

ggH124_2e2mu_TCjmax_pT4l_genbin5_recobin1 acc 0.0123 eff 0.0 outinratio 0.0741 

VBFH124_2e2mu_TCjmax_pT4l_genbin5_recobin1 acc 0.0656 eff 0.0 outinratio 0.0371 

WminusH124_2e2mu_TCjmax_pT4l_genbin5_recobin1 acc 0.0266 eff 0.0 outinratio 0.0708 

WplusH124_2e2mu_TCjmax_pT4l_genbin5_recobin1 acc 0.0214 eff 0.0 outinratio 0.1152 

ZH124_2e2mu_TCjmax_pT4l_genbin5_recobin1 acc 0.0205 eff 0.0 outinratio 0.0937 

ttH124_2e2mu_TCjmax_pT4l_genbin5_recobin1 acc 0.0086 eff 0.0 outinratio 0.1225 

ggH124_2e2mu_TCjmax_pT4l_genbin6_recobin1 acc 0.0075 eff 0.0 outinratio 0.0741 

VBFH124_2e2mu_TCjmax_pT4l_genbin6_recobin1 acc 0.0709 eff 0.0 outinratio 0.0371 

WminusH124_2e2mu_TCjmax_pT4l_genbin6_recobin1 acc 0.0159 eff 0.0 outinratio 0.0708 

WplusH124_2e2mu_TCjmax_pT4l_genbin6_recobin1 acc 0.0145 eff 0.0 outinratio 0.1152 

ZH124_2e2mu_TCjmax_pT4l_genbin6_recobin1 acc 0.0165 eff 0.0 outinratio 0.0937 

ttH124_2e2mu_TCjmax_pT4l_genbin6_recobin1 acc 0.0153 eff 0.0 outinratio 0.1225 

ggH124_2e2mu_TCjmax_pT4l_genbin7_recobin1 acc 0.0244 eff 0.0 outinratio 0.0741 

VBFH124_2e2mu_TCjmax_pT4l_genbin7_recobin1 acc 0.0669 eff 0.001 outinratio 0.0371 

WminusH124_2e2mu_TCjmax_pT4l_genbin7_recobin1 acc 0.103 eff 0.0 outinratio 0.0708 

WplusH124_2e2mu_TCjmax_pT4l_genbin7_recobin1 acc 0.0904 eff 0.0017 outinratio 0.1152 

ZH124_2e2mu_TCjmax_pT4l_genbin7_recobin1 acc 0.1088 eff 0.0008 outinratio 0.0937 

ttH124_2e2mu_TCjmax_pT4l_genbin7_recobin1 acc 0.2158 eff 0.0016 outinratio 0.1225 

ggH124_2e2mu_TCjmax_pT4l_genbin8_recobin1 acc 0.0044 eff 0.0 outinratio 0.0741 

VBFH124_2e2mu_TCjmax_pT4l_genbin8_recobin1 acc 0.0122 eff 0.0 outinratio 0.0371 

WminusH124_2e2mu_TCjmax_pT4l_genbin8_recobin1 acc 0.0113 eff 0.0 outinratio 0.0708 

WplusH124_2e2mu_TCjmax_pT4l_genbin8_recobin1 acc 0.0127 eff 0.0 outinratio 0.1152 

ZH124_2e2mu_TCjmax_pT4l_genbin8_recobin1 acc 0.0141 eff 0.0 outinratio 0.0937 

ttH124_2e2mu_TCjmax_pT4l_genbin8_recobin1 acc 0.0357 eff 0.0 outinratio 0.1225 

ggH124_2e2mu_TCjmax_pT4l_genbin0_recobin2 acc 0.2307 eff 0.0113 outinratio 0.0903 

VBFH124_2e2mu_TCjmax_pT4l_genbin0_recobin2 acc 0.0386 eff 0.0585 outinratio 0.0431 

WminusH124_2e2mu_TCjmax_pT4l_genbin0_recobin2 acc 0.0761 eff 0.0194 outinratio 0.1361 

WplusH124_2e2mu_TCjmax_pT4l_genbin0_recobin2 acc 0.0686 eff 0.0332 outinratio 0.0753 

ZH124_2e2mu_TCjmax_pT4l_genbin0_recobin2 acc 0.0748 eff 0.0172 outinratio 0.0573 

ttH124_2e2mu_TCjmax_pT4l_genbin0_recobin2 acc 0.0006 eff -1.0 outinratio 0.2 

ggH124_2e2mu_TCjmax_pT4l_genbin1_recobin2 acc 0.0161 eff 0.0091 outinratio 0.0903 

VBFH124_2e2mu_TCjmax_pT4l_genbin1_recobin2 acc 0.0337 eff 0.0197 outinratio 0.0431 

WminusH124_2e2mu_TCjmax_pT4l_genbin1_recobin2 acc 0.0252 eff 0.0145 outinratio 0.1361 

WplusH124_2e2mu_TCjmax_pT4l_genbin1_recobin2 acc 0.0215 eff 0.0115 outinratio 0.0753 

ZH124_2e2mu_TCjmax_pT4l_genbin1_recobin2 acc 0.021 eff 0.0 outinratio 0.0573 

ttH124_2e2mu_TCjmax_pT4l_genbin1_recobin2 acc 0.0052 eff 0.0137 outinratio 0.2 

ggH124_2e2mu_TCjmax_pT4l_genbin2_recobin2 acc 0.0399 eff 0.4273 outinratio 0.0903 

VBFH124_2e2mu_TCjmax_pT4l_genbin2_recobin2 acc 0.0485 eff 0.4343 outinratio 0.0431 

WminusH124_2e2mu_TCjmax_pT4l_genbin2_recobin2 acc 0.033 eff 0.3399 outinratio 0.1361 

WplusH124_2e2mu_TCjmax_pT4l_genbin2_recobin2 acc 0.0272 eff 0.4197 outinratio 0.0753 

ZH124_2e2mu_TCjmax_pT4l_genbin2_recobin2 acc 0.0271 eff 0.4431 outinratio 0.0573 

ttH124_2e2mu_TCjmax_pT4l_genbin2_recobin2 acc 0.0068 eff 0.2763 outinratio 0.2 

ggH124_2e2mu_TCjmax_pT4l_genbin3_recobin2 acc 0.0227 eff 0.0114 outinratio 0.0903 

VBFH124_2e2mu_TCjmax_pT4l_genbin3_recobin2 acc 0.0436 eff 0.028 outinratio 0.0431 

WminusH124_2e2mu_TCjmax_pT4l_genbin3_recobin2 acc 0.0205 eff 0.1098 outinratio 0.1361 

WplusH124_2e2mu_TCjmax_pT4l_genbin3_recobin2 acc 0.0187 eff 0.0236 outinratio 0.0753 

ZH124_2e2mu_TCjmax_pT4l_genbin3_recobin2 acc 0.0181 eff 0.0432 outinratio 0.0573 

ttH124_2e2mu_TCjmax_pT4l_genbin3_recobin2 acc 0.0044 eff 0.0106 outinratio 0.2 

ggH124_2e2mu_TCjmax_pT4l_genbin4_recobin2 acc 0.0167 eff 0.0 outinratio 0.0903 

VBFH124_2e2mu_TCjmax_pT4l_genbin4_recobin2 acc 0.0526 eff 0.0 outinratio 0.0431 

WminusH124_2e2mu_TCjmax_pT4l_genbin4_recobin2 acc 0.0255 eff 0.0 outinratio 0.1361 

WplusH124_2e2mu_TCjmax_pT4l_genbin4_recobin2 acc 0.0197 eff 0.0 outinratio 0.0753 

ZH124_2e2mu_TCjmax_pT4l_genbin4_recobin2 acc 0.0179 eff 0.0 outinratio 0.0573 

ttH124_2e2mu_TCjmax_pT4l_genbin4_recobin2 acc 0.0066 eff 0.0 outinratio 0.2 

ggH124_2e2mu_TCjmax_pT4l_genbin5_recobin2 acc 0.0123 eff 0.0 outinratio 0.0903 

VBFH124_2e2mu_TCjmax_pT4l_genbin5_recobin2 acc 0.0656 eff 0.0 outinratio 0.0431 

WminusH124_2e2mu_TCjmax_pT4l_genbin5_recobin2 acc 0.0266 eff 0.0 outinratio 0.1361 

WplusH124_2e2mu_TCjmax_pT4l_genbin5_recobin2 acc 0.0214 eff 0.0 outinratio 0.0753 

ZH124_2e2mu_TCjmax_pT4l_genbin5_recobin2 acc 0.0205 eff 0.0 outinratio 0.0573 

ttH124_2e2mu_TCjmax_pT4l_genbin5_recobin2 acc 0.0086 eff 0.0 outinratio 0.2 

ggH124_2e2mu_TCjmax_pT4l_genbin6_recobin2 acc 0.0075 eff 0.0 outinratio 0.0903 

VBFH124_2e2mu_TCjmax_pT4l_genbin6_recobin2 acc 0.0709 eff 0.0 outinratio 0.0431 

WminusH124_2e2mu_TCjmax_pT4l_genbin6_recobin2 acc 0.0159 eff 0.0 outinratio 0.1361 

WplusH124_2e2mu_TCjmax_pT4l_genbin6_recobin2 acc 0.0145 eff 0.0 outinratio 0.0753 

ZH124_2e2mu_TCjmax_pT4l_genbin6_recobin2 acc 0.0165 eff 0.0 outinratio 0.0573 

ttH124_2e2mu_TCjmax_pT4l_genbin6_recobin2 acc 0.0153 eff 0.0 outinratio 0.2 

ggH124_2e2mu_TCjmax_pT4l_genbin7_recobin2 acc 0.0244 eff 0.0128 outinratio 0.0903 

VBFH124_2e2mu_TCjmax_pT4l_genbin7_recobin2 acc 0.0669 eff 0.0028 outinratio 0.0431 

WminusH124_2e2mu_TCjmax_pT4l_genbin7_recobin2 acc 0.103 eff 0.0097 outinratio 0.1361 

WplusH124_2e2mu_TCjmax_pT4l_genbin7_recobin2 acc 0.0904 eff 0.0023 outinratio 0.0753 

ZH124_2e2mu_TCjmax_pT4l_genbin7_recobin2 acc 0.1088 eff 0.0033 outinratio 0.0573 

ttH124_2e2mu_TCjmax_pT4l_genbin7_recobin2 acc 0.2158 eff 0.0036 outinratio 0.2 

ggH124_2e2mu_TCjmax_pT4l_genbin8_recobin2 acc 0.0044 eff 0.0 outinratio 0.0903 

VBFH124_2e2mu_TCjmax_pT4l_genbin8_recobin2 acc 0.0122 eff 0.0 outinratio 0.0431 

WminusH124_2e2mu_TCjmax_pT4l_genbin8_recobin2 acc 0.0113 eff 0.0 outinratio 0.1361 

WplusH124_2e2mu_TCjmax_pT4l_genbin8_recobin2 acc 0.0127 eff 0.0 outinratio 0.0753 

ZH124_2e2mu_TCjmax_pT4l_genbin8_recobin2 acc 0.0141 eff 0.0 outinratio 0.0573 

ttH124_2e2mu_TCjmax_pT4l_genbin8_recobin2 acc 0.0357 eff 0.0 outinratio 0.2 

ggH124_2e2mu_TCjmax_pT4l_genbin0_recobin3 acc 0.2307 eff 0.005 outinratio 0.0868 

VBFH124_2e2mu_TCjmax_pT4l_genbin0_recobin3 acc 0.0386 eff 0.025 outinratio 0.0444 

WminusH124_2e2mu_TCjmax_pT4l_genbin0_recobin3 acc 0.0761 eff 0.0175 outinratio 0.0528 

WplusH124_2e2mu_TCjmax_pT4l_genbin0_recobin3 acc 0.0686 eff 0.0144 outinratio 0.0704 

ZH124_2e2mu_TCjmax_pT4l_genbin0_recobin3 acc 0.0748 eff 0.0114 outinratio 0.1103 

ttH124_2e2mu_TCjmax_pT4l_genbin0_recobin3 acc 0.0006 eff -1.0 outinratio 0.0091 

ggH124_2e2mu_TCjmax_pT4l_genbin1_recobin3 acc 0.0161 eff 0.0 outinratio 0.0868 

VBFH124_2e2mu_TCjmax_pT4l_genbin1_recobin3 acc 0.0337 eff 0.0 outinratio 0.0444 

WminusH124_2e2mu_TCjmax_pT4l_genbin1_recobin3 acc 0.0252 eff 0.0 outinratio 0.0528 

WplusH124_2e2mu_TCjmax_pT4l_genbin1_recobin3 acc 0.0215 eff 0.0 outinratio 0.0704 

ZH124_2e2mu_TCjmax_pT4l_genbin1_recobin3 acc 0.021 eff 0.0 outinratio 0.1103 

ttH124_2e2mu_TCjmax_pT4l_genbin1_recobin3 acc 0.0052 eff 0.0 outinratio 0.0091 

ggH124_2e2mu_TCjmax_pT4l_genbin2_recobin3 acc 0.0399 eff 0.003 outinratio 0.0868 

VBFH124_2e2mu_TCjmax_pT4l_genbin2_recobin3 acc 0.0485 eff 0.0086 outinratio 0.0444 

WminusH124_2e2mu_TCjmax_pT4l_genbin2_recobin3 acc 0.033 eff 0.0178 outinratio 0.0528 

WplusH124_2e2mu_TCjmax_pT4l_genbin2_recobin3 acc 0.0272 eff 0.0061 outinratio 0.0704 

ZH124_2e2mu_TCjmax_pT4l_genbin2_recobin3 acc 0.0271 eff 0.0166 outinratio 0.1103 

ttH124_2e2mu_TCjmax_pT4l_genbin2_recobin3 acc 0.0068 eff 0.0136 outinratio 0.0091 

ggH124_2e2mu_TCjmax_pT4l_genbin3_recobin3 acc 0.0227 eff 0.4166 outinratio 0.0868 

VBFH124_2e2mu_TCjmax_pT4l_genbin3_recobin3 acc 0.0436 eff 0.4181 outinratio 0.0444 

WminusH124_2e2mu_TCjmax_pT4l_genbin3_recobin3 acc 0.0205 eff 0.3083 outinratio 0.0528 

WplusH124_2e2mu_TCjmax_pT4l_genbin3_recobin3 acc 0.0187 eff 0.4169 outinratio 0.0704 

ZH124_2e2mu_TCjmax_pT4l_genbin3_recobin3 acc 0.0181 eff 0.3377 outinratio 0.1103 

ttH124_2e2mu_TCjmax_pT4l_genbin3_recobin3 acc 0.0044 eff 0.2648 outinratio 0.0091 

ggH124_2e2mu_TCjmax_pT4l_genbin4_recobin3 acc 0.0167 eff 0.0198 outinratio 0.0868 

VBFH124_2e2mu_TCjmax_pT4l_genbin4_recobin3 acc 0.0526 eff 0.0256 outinratio 0.0444 

WminusH124_2e2mu_TCjmax_pT4l_genbin4_recobin3 acc 0.0255 eff 0.0236 outinratio 0.0528 

WplusH124_2e2mu_TCjmax_pT4l_genbin4_recobin3 acc 0.0197 eff 0.0253 outinratio 0.0704 

ZH124_2e2mu_TCjmax_pT4l_genbin4_recobin3 acc 0.0179 eff 0.0395 outinratio 0.1103 

ttH124_2e2mu_TCjmax_pT4l_genbin4_recobin3 acc 0.0066 eff 0.0319 outinratio 0.0091 

ggH124_2e2mu_TCjmax_pT4l_genbin5_recobin3 acc 0.0123 eff 0.0 outinratio 0.0868 

VBFH124_2e2mu_TCjmax_pT4l_genbin5_recobin3 acc 0.0656 eff 0.0 outinratio 0.0444 

WminusH124_2e2mu_TCjmax_pT4l_genbin5_recobin3 acc 0.0266 eff 0.0 outinratio 0.0528 

WplusH124_2e2mu_TCjmax_pT4l_genbin5_recobin3 acc 0.0214 eff 0.0 outinratio 0.0704 

ZH124_2e2mu_TCjmax_pT4l_genbin5_recobin3 acc 0.0205 eff 0.0 outinratio 0.1103 

ttH124_2e2mu_TCjmax_pT4l_genbin5_recobin3 acc 0.0086 eff 0.0 outinratio 0.0091 

ggH124_2e2mu_TCjmax_pT4l_genbin6_recobin3 acc 0.0075 eff 0.0 outinratio 0.0868 

VBFH124_2e2mu_TCjmax_pT4l_genbin6_recobin3 acc 0.0709 eff 0.0 outinratio 0.0444 

WminusH124_2e2mu_TCjmax_pT4l_genbin6_recobin3 acc 0.0159 eff 0.0 outinratio 0.0528 

WplusH124_2e2mu_TCjmax_pT4l_genbin6_recobin3 acc 0.0145 eff 0.0 outinratio 0.0704 

ZH124_2e2mu_TCjmax_pT4l_genbin6_recobin3 acc 0.0165 eff 0.0 outinratio 0.1103 

ttH124_2e2mu_TCjmax_pT4l_genbin6_recobin3 acc 0.0153 eff 0.0 outinratio 0.0091 

ggH124_2e2mu_TCjmax_pT4l_genbin7_recobin3 acc 0.0244 eff 0.005 outinratio 0.0868 

VBFH124_2e2mu_TCjmax_pT4l_genbin7_recobin3 acc 0.0669 eff 0.0031 outinratio 0.0444 

WminusH124_2e2mu_TCjmax_pT4l_genbin7_recobin3 acc 0.103 eff 0.0078 outinratio 0.0528 

WplusH124_2e2mu_TCjmax_pT4l_genbin7_recobin3 acc 0.0904 eff 0.0074 outinratio 0.0704 

ZH124_2e2mu_TCjmax_pT4l_genbin7_recobin3 acc 0.1088 eff 0.0066 outinratio 0.1103 

ttH124_2e2mu_TCjmax_pT4l_genbin7_recobin3 acc 0.2158 eff 0.0023 outinratio 0.0091 

ggH124_2e2mu_TCjmax_pT4l_genbin8_recobin3 acc 0.0044 eff 0.0 outinratio 0.0868 

VBFH124_2e2mu_TCjmax_pT4l_genbin8_recobin3 acc 0.0122 eff 0.0 outinratio 0.0444 

WminusH124_2e2mu_TCjmax_pT4l_genbin8_recobin3 acc 0.0113 eff 0.0 outinratio 0.0528 

WplusH124_2e2mu_TCjmax_pT4l_genbin8_recobin3 acc 0.0127 eff 0.0 outinratio 0.0704 

ZH124_2e2mu_TCjmax_pT4l_genbin8_recobin3 acc 0.0141 eff 0.0 outinratio 0.1103 

ttH124_2e2mu_TCjmax_pT4l_genbin8_recobin3 acc 0.0357 eff 0.0 outinratio 0.0091 

ggH124_2e2mu_TCjmax_pT4l_genbin0_recobin4 acc 0.2307 eff 0.0005 outinratio 0.0529 

VBFH124_2e2mu_TCjmax_pT4l_genbin0_recobin4 acc 0.0386 eff 0.0105 outinratio 0.0453 

WminusH124_2e2mu_TCjmax_pT4l_genbin0_recobin4 acc 0.0761 eff 0.0131 outinratio 0.0682 

WplusH124_2e2mu_TCjmax_pT4l_genbin0_recobin4 acc 0.0686 eff 0.0167 outinratio 0.0793 

ZH124_2e2mu_TCjmax_pT4l_genbin0_recobin4 acc 0.0748 eff 0.0138 outinratio 0.052 

ttH124_2e2mu_TCjmax_pT4l_genbin0_recobin4 acc 0.0006 eff -1.0 outinratio 0.049 

ggH124_2e2mu_TCjmax_pT4l_genbin1_recobin4 acc 0.0161 eff 0.0 outinratio 0.0529 

VBFH124_2e2mu_TCjmax_pT4l_genbin1_recobin4 acc 0.0337 eff 0.0 outinratio 0.0453 

WminusH124_2e2mu_TCjmax_pT4l_genbin1_recobin4 acc 0.0252 eff 0.0 outinratio 0.0682 

WplusH124_2e2mu_TCjmax_pT4l_genbin1_recobin4 acc 0.0215 eff 0.0 outinratio 0.0793 

ZH124_2e2mu_TCjmax_pT4l_genbin1_recobin4 acc 0.021 eff 0.0 outinratio 0.052 

ttH124_2e2mu_TCjmax_pT4l_genbin1_recobin4 acc 0.0052 eff 0.0 outinratio 0.049 

ggH124_2e2mu_TCjmax_pT4l_genbin2_recobin4 acc 0.0399 eff 0.0 outinratio 0.0529 

VBFH124_2e2mu_TCjmax_pT4l_genbin2_recobin4 acc 0.0485 eff 0.0 outinratio 0.0453 

WminusH124_2e2mu_TCjmax_pT4l_genbin2_recobin4 acc 0.033 eff 0.0 outinratio 0.0682 

WplusH124_2e2mu_TCjmax_pT4l_genbin2_recobin4 acc 0.0272 eff 0.0 outinratio 0.0793 

ZH124_2e2mu_TCjmax_pT4l_genbin2_recobin4 acc 0.0271 eff 0.0 outinratio 0.052 

ttH124_2e2mu_TCjmax_pT4l_genbin2_recobin4 acc 0.0068 eff 0.0 outinratio 0.049 

ggH124_2e2mu_TCjmax_pT4l_genbin3_recobin4 acc 0.0227 eff 0.0108 outinratio 0.0529 

VBFH124_2e2mu_TCjmax_pT4l_genbin3_recobin4 acc 0.0436 eff 0.0273 outinratio 0.0453 

WminusH124_2e2mu_TCjmax_pT4l_genbin3_recobin4 acc 0.0205 eff 0.0278 outinratio 0.0682 

WplusH124_2e2mu_TCjmax_pT4l_genbin3_recobin4 acc 0.0187 eff 0.0212 outinratio 0.0793 

ZH124_2e2mu_TCjmax_pT4l_genbin3_recobin4 acc 0.0181 eff 0.0192 outinratio 0.052 

ttH124_2e2mu_TCjmax_pT4l_genbin3_recobin4 acc 0.0044 eff 0.0 outinratio 0.049 

ggH124_2e2mu_TCjmax_pT4l_genbin4_recobin4 acc 0.0167 eff 0.4417 outinratio 0.0529 

VBFH124_2e2mu_TCjmax_pT4l_genbin4_recobin4 acc 0.0526 eff 0.4553 outinratio 0.0453 

WminusH124_2e2mu_TCjmax_pT4l_genbin4_recobin4 acc 0.0255 eff 0.3903 outinratio 0.0682 

WplusH124_2e2mu_TCjmax_pT4l_genbin4_recobin4 acc 0.0197 eff 0.4465 outinratio 0.0793 

ZH124_2e2mu_TCjmax_pT4l_genbin4_recobin4 acc 0.0179 eff 0.3013 outinratio 0.052 

ttH124_2e2mu_TCjmax_pT4l_genbin4_recobin4 acc 0.0066 eff 0.3201 outinratio 0.049 

ggH124_2e2mu_TCjmax_pT4l_genbin5_recobin4 acc 0.0123 eff 0.0507 outinratio 0.0529 

VBFH124_2e2mu_TCjmax_pT4l_genbin5_recobin4 acc 0.0656 eff 0.0232 outinratio 0.0453 

WminusH124_2e2mu_TCjmax_pT4l_genbin5_recobin4 acc 0.0266 eff 0.0338 outinratio 0.0682 

WplusH124_2e2mu_TCjmax_pT4l_genbin5_recobin4 acc 0.0214 eff 0.0129 outinratio 0.0793 

ZH124_2e2mu_TCjmax_pT4l_genbin5_recobin4 acc 0.0205 eff 0.0243 outinratio 0.052 

ttH124_2e2mu_TCjmax_pT4l_genbin5_recobin4 acc 0.0086 eff 0.0058 outinratio 0.049 

ggH124_2e2mu_TCjmax_pT4l_genbin6_recobin4 acc 0.0075 eff 0.0 outinratio 0.0529 

VBFH124_2e2mu_TCjmax_pT4l_genbin6_recobin4 acc 0.0709 eff 0.0 outinratio 0.0453 

WminusH124_2e2mu_TCjmax_pT4l_genbin6_recobin4 acc 0.0159 eff 0.0 outinratio 0.0682 

WplusH124_2e2mu_TCjmax_pT4l_genbin6_recobin4 acc 0.0145 eff 0.0 outinratio 0.0793 

ZH124_2e2mu_TCjmax_pT4l_genbin6_recobin4 acc 0.0165 eff 0.0 outinratio 0.052 

ttH124_2e2mu_TCjmax_pT4l_genbin6_recobin4 acc 0.0153 eff 0.0 outinratio 0.049 

ggH124_2e2mu_TCjmax_pT4l_genbin7_recobin4 acc 0.0244 eff 0.0217 outinratio 0.0529 

VBFH124_2e2mu_TCjmax_pT4l_genbin7_recobin4 acc 0.0669 eff 0.0036 outinratio 0.0453 

WminusH124_2e2mu_TCjmax_pT4l_genbin7_recobin4 acc 0.103 eff 0.0017 outinratio 0.0682 

WplusH124_2e2mu_TCjmax_pT4l_genbin7_recobin4 acc 0.0904 eff 0.0154 outinratio 0.0793 

ZH124_2e2mu_TCjmax_pT4l_genbin7_recobin4 acc 0.1088 eff 0.008 outinratio 0.052 

ttH124_2e2mu_TCjmax_pT4l_genbin7_recobin4 acc 0.2158 eff 0.0034 outinratio 0.049 

ggH124_2e2mu_TCjmax_pT4l_genbin8_recobin4 acc 0.0044 eff 0.0 outinratio 0.0529 

VBFH124_2e2mu_TCjmax_pT4l_genbin8_recobin4 acc 0.0122 eff 0.0 outinratio 0.0453 

WminusH124_2e2mu_TCjmax_pT4l_genbin8_recobin4 acc 0.0113 eff 0.0 outinratio 0.0682 

WplusH124_2e2mu_TCjmax_pT4l_genbin8_recobin4 acc 0.0127 eff 0.0 outinratio 0.0793 

ZH124_2e2mu_TCjmax_pT4l_genbin8_recobin4 acc 0.0141 eff 0.0 outinratio 0.052 

ttH124_2e2mu_TCjmax_pT4l_genbin8_recobin4 acc 0.0357 eff 0.0 outinratio 0.049 

ggH124_2e2mu_TCjmax_pT4l_genbin0_recobin5 acc 0.2307 eff 0.0 outinratio 0.0412 

VBFH124_2e2mu_TCjmax_pT4l_genbin0_recobin5 acc 0.0386 eff 0.0019 outinratio 0.04 

WminusH124_2e2mu_TCjmax_pT4l_genbin0_recobin5 acc 0.0761 eff 0.0236 outinratio 0.053 

WplusH124_2e2mu_TCjmax_pT4l_genbin0_recobin5 acc 0.0686 eff 0.0164 outinratio 0.0555 

ZH124_2e2mu_TCjmax_pT4l_genbin0_recobin5 acc 0.0748 eff 0.0134 outinratio 0.0457 

ttH124_2e2mu_TCjmax_pT4l_genbin0_recobin5 acc 0.0006 eff -1.0 outinratio 0.1343 

ggH124_2e2mu_TCjmax_pT4l_genbin1_recobin5 acc 0.0161 eff 0.0 outinratio 0.0412 

VBFH124_2e2mu_TCjmax_pT4l_genbin1_recobin5 acc 0.0337 eff 0.0 outinratio 0.04 

WminusH124_2e2mu_TCjmax_pT4l_genbin1_recobin5 acc 0.0252 eff 0.0 outinratio 0.053 

WplusH124_2e2mu_TCjmax_pT4l_genbin1_recobin5 acc 0.0215 eff 0.0 outinratio 0.0555 

ZH124_2e2mu_TCjmax_pT4l_genbin1_recobin5 acc 0.021 eff 0.0 outinratio 0.0457 

ttH124_2e2mu_TCjmax_pT4l_genbin1_recobin5 acc 0.0052 eff 0.0 outinratio 0.1343 

ggH124_2e2mu_TCjmax_pT4l_genbin2_recobin5 acc 0.0399 eff 0.0 outinratio 0.0412 

VBFH124_2e2mu_TCjmax_pT4l_genbin2_recobin5 acc 0.0485 eff 0.0 outinratio 0.04 

WminusH124_2e2mu_TCjmax_pT4l_genbin2_recobin5 acc 0.033 eff 0.0 outinratio 0.053 

WplusH124_2e2mu_TCjmax_pT4l_genbin2_recobin5 acc 0.0272 eff 0.0 outinratio 0.0555 

ZH124_2e2mu_TCjmax_pT4l_genbin2_recobin5 acc 0.0271 eff 0.0 outinratio 0.0457 

ttH124_2e2mu_TCjmax_pT4l_genbin2_recobin5 acc 0.0068 eff 0.0 outinratio 0.1343 

ggH124_2e2mu_TCjmax_pT4l_genbin3_recobin5 acc 0.0227 eff 0.0 outinratio 0.0412 

VBFH124_2e2mu_TCjmax_pT4l_genbin3_recobin5 acc 0.0436 eff 0.0 outinratio 0.04 

WminusH124_2e2mu_TCjmax_pT4l_genbin3_recobin5 acc 0.0205 eff 0.0 outinratio 0.053 

WplusH124_2e2mu_TCjmax_pT4l_genbin3_recobin5 acc 0.0187 eff 0.0 outinratio 0.0555 

ZH124_2e2mu_TCjmax_pT4l_genbin3_recobin5 acc 0.0181 eff 0.0 outinratio 0.0457 

ttH124_2e2mu_TCjmax_pT4l_genbin3_recobin5 acc 0.0044 eff 0.0 outinratio 0.1343 

ggH124_2e2mu_TCjmax_pT4l_genbin4_recobin5 acc 0.0167 eff 0.0 outinratio 0.0412 

VBFH124_2e2mu_TCjmax_pT4l_genbin4_recobin5 acc 0.0526 eff 0.0149 outinratio 0.04 

WminusH124_2e2mu_TCjmax_pT4l_genbin4_recobin5 acc 0.0255 eff 0.057 outinratio 0.053 

WplusH124_2e2mu_TCjmax_pT4l_genbin4_recobin5 acc 0.0197 eff 0.0046 outinratio 0.0555 

ZH124_2e2mu_TCjmax_pT4l_genbin4_recobin5 acc 0.0179 eff 0.0106 outinratio 0.0457 

ttH124_2e2mu_TCjmax_pT4l_genbin4_recobin5 acc 0.0066 eff 0.0 outinratio 0.1343 

ggH124_2e2mu_TCjmax_pT4l_genbin5_recobin5 acc 0.0123 eff 0.4327 outinratio 0.0412 

VBFH124_2e2mu_TCjmax_pT4l_genbin5_recobin5 acc 0.0656 eff 0.4993 outinratio 0.04 

WminusH124_2e2mu_TCjmax_pT4l_genbin5_recobin5 acc 0.0266 eff 0.4628 outinratio 0.053 

WplusH124_2e2mu_TCjmax_pT4l_genbin5_recobin5 acc 0.0214 eff 0.3878 outinratio 0.0555 

ZH124_2e2mu_TCjmax_pT4l_genbin5_recobin5 acc 0.0205 eff 0.3561 outinratio 0.0457 

ttH124_2e2mu_TCjmax_pT4l_genbin5_recobin5 acc 0.0086 eff 0.4241 outinratio 0.1343 

ggH124_2e2mu_TCjmax_pT4l_genbin6_recobin5 acc 0.0075 eff 0.0598 outinratio 0.0412 

VBFH124_2e2mu_TCjmax_pT4l_genbin6_recobin5 acc 0.0709 eff 0.012 outinratio 0.04 

WminusH124_2e2mu_TCjmax_pT4l_genbin6_recobin5 acc 0.0159 eff 0.0 outinratio 0.053 

WplusH124_2e2mu_TCjmax_pT4l_genbin6_recobin5 acc 0.0145 eff 0.0171 outinratio 0.0555 

ZH124_2e2mu_TCjmax_pT4l_genbin6_recobin5 acc 0.0165 eff 0.0586 outinratio 0.0457 

ttH124_2e2mu_TCjmax_pT4l_genbin6_recobin5 acc 0.0153 eff 0.0054 outinratio 0.1343 

ggH124_2e2mu_TCjmax_pT4l_genbin7_recobin5 acc 0.0244 eff 0.0079 outinratio 0.0412 

VBFH124_2e2mu_TCjmax_pT4l_genbin7_recobin5 acc 0.0669 eff 0.0169 outinratio 0.04 

WminusH124_2e2mu_TCjmax_pT4l_genbin7_recobin5 acc 0.103 eff 0.0242 outinratio 0.053 

WplusH124_2e2mu_TCjmax_pT4l_genbin7_recobin5 acc 0.0904 eff 0.0081 outinratio 0.0555 

ZH124_2e2mu_TCjmax_pT4l_genbin7_recobin5 acc 0.1088 eff 0.0154 outinratio 0.0457 

ttH124_2e2mu_TCjmax_pT4l_genbin7_recobin5 acc 0.2158 eff 0.0025 outinratio 0.1343 

ggH124_2e2mu_TCjmax_pT4l_genbin8_recobin5 acc 0.0044 eff 0.0 outinratio 0.0412 

VBFH124_2e2mu_TCjmax_pT4l_genbin8_recobin5 acc 0.0122 eff 0.0 outinratio 0.04 

WminusH124_2e2mu_TCjmax_pT4l_genbin8_recobin5 acc 0.0113 eff 0.0 outinratio 0.053 

WplusH124_2e2mu_TCjmax_pT4l_genbin8_recobin5 acc 0.0127 eff 0.0 outinratio 0.0555 

ZH124_2e2mu_TCjmax_pT4l_genbin8_recobin5 acc 0.0141 eff 0.0 outinratio 0.0457 

ttH124_2e2mu_TCjmax_pT4l_genbin8_recobin5 acc 0.0357 eff 0.0 outinratio 0.1343 

ggH124_2e2mu_TCjmax_pT4l_genbin0_recobin6 acc 0.2307 eff 0.0 outinratio 0.0 

VBFH124_2e2mu_TCjmax_pT4l_genbin0_recobin6 acc 0.0386 eff 0.0 outinratio 0.0356 

WminusH124_2e2mu_TCjmax_pT4l_genbin0_recobin6 acc 0.0761 eff 0.0288 outinratio 0.0953 

WplusH124_2e2mu_TCjmax_pT4l_genbin0_recobin6 acc 0.0686 eff 0.0197 outinratio 0.0832 

ZH124_2e2mu_TCjmax_pT4l_genbin0_recobin6 acc 0.0748 eff 0.0116 outinratio 0.109 

ttH124_2e2mu_TCjmax_pT4l_genbin0_recobin6 acc 0.0006 eff -1.0 outinratio 0.1821 

ggH124_2e2mu_TCjmax_pT4l_genbin1_recobin6 acc 0.0161 eff 0.0 outinratio 0.0 

VBFH124_2e2mu_TCjmax_pT4l_genbin1_recobin6 acc 0.0337 eff 0.0 outinratio 0.0356 

WminusH124_2e2mu_TCjmax_pT4l_genbin1_recobin6 acc 0.0252 eff 0.0 outinratio 0.0953 

WplusH124_2e2mu_TCjmax_pT4l_genbin1_recobin6 acc 0.0215 eff 0.0 outinratio 0.0832 

ZH124_2e2mu_TCjmax_pT4l_genbin1_recobin6 acc 0.021 eff 0.0 outinratio 0.109 

ttH124_2e2mu_TCjmax_pT4l_genbin1_recobin6 acc 0.0052 eff 0.0 outinratio 0.1821 

ggH124_2e2mu_TCjmax_pT4l_genbin2_recobin6 acc 0.0399 eff 0.0 outinratio 0.0 

VBFH124_2e2mu_TCjmax_pT4l_genbin2_recobin6 acc 0.0485 eff 0.0 outinratio 0.0356 

WminusH124_2e2mu_TCjmax_pT4l_genbin2_recobin6 acc 0.033 eff 0.0 outinratio 0.0953 

WplusH124_2e2mu_TCjmax_pT4l_genbin2_recobin6 acc 0.0272 eff 0.0 outinratio 0.0832 

ZH124_2e2mu_TCjmax_pT4l_genbin2_recobin6 acc 0.0271 eff 0.0 outinratio 0.109 

ttH124_2e2mu_TCjmax_pT4l_genbin2_recobin6 acc 0.0068 eff 0.0 outinratio 0.1821 

ggH124_2e2mu_TCjmax_pT4l_genbin3_recobin6 acc 0.0227 eff 0.0 outinratio 0.0 

VBFH124_2e2mu_TCjmax_pT4l_genbin3_recobin6 acc 0.0436 eff 0.0 outinratio 0.0356 

WminusH124_2e2mu_TCjmax_pT4l_genbin3_recobin6 acc 0.0205 eff 0.0 outinratio 0.0953 

WplusH124_2e2mu_TCjmax_pT4l_genbin3_recobin6 acc 0.0187 eff 0.0 outinratio 0.0832 

ZH124_2e2mu_TCjmax_pT4l_genbin3_recobin6 acc 0.0181 eff 0.0 outinratio 0.109 

ttH124_2e2mu_TCjmax_pT4l_genbin3_recobin6 acc 0.0044 eff 0.0 outinratio 0.1821 

ggH124_2e2mu_TCjmax_pT4l_genbin4_recobin6 acc 0.0167 eff 0.0 outinratio 0.0 

VBFH124_2e2mu_TCjmax_pT4l_genbin4_recobin6 acc 0.0526 eff 0.0 outinratio 0.0356 

WminusH124_2e2mu_TCjmax_pT4l_genbin4_recobin6 acc 0.0255 eff 0.0 outinratio 0.0953 

WplusH124_2e2mu_TCjmax_pT4l_genbin4_recobin6 acc 0.0197 eff 0.0 outinratio 0.0832 

ZH124_2e2mu_TCjmax_pT4l_genbin4_recobin6 acc 0.0179 eff 0.0 outinratio 0.109 

ttH124_2e2mu_TCjmax_pT4l_genbin4_recobin6 acc 0.0066 eff 0.0 outinratio 0.1821 

ggH124_2e2mu_TCjmax_pT4l_genbin5_recobin6 acc 0.0123 eff 0.0 outinratio 0.0 

VBFH124_2e2mu_TCjmax_pT4l_genbin5_recobin6 acc 0.0656 eff 0.0067 outinratio 0.0356 

WminusH124_2e2mu_TCjmax_pT4l_genbin5_recobin6 acc 0.0266 eff 0.007 outinratio 0.0953 

WplusH124_2e2mu_TCjmax_pT4l_genbin5_recobin6 acc 0.0214 eff 0.0083 outinratio 0.0832 

ZH124_2e2mu_TCjmax_pT4l_genbin5_recobin6 acc 0.0205 eff 0.0054 outinratio 0.109 

ttH124_2e2mu_TCjmax_pT4l_genbin5_recobin6 acc 0.0086 eff 0.0 outinratio 0.1821 

ggH124_2e2mu_TCjmax_pT4l_genbin6_recobin6 acc 0.0075 eff 0.4287 outinratio 0.0 

VBFH124_2e2mu_TCjmax_pT4l_genbin6_recobin6 acc 0.0709 eff 0.5078 outinratio 0.0356 

WminusH124_2e2mu_TCjmax_pT4l_genbin6_recobin6 acc 0.0159 eff 0.2999 outinratio 0.0953 

WplusH124_2e2mu_TCjmax_pT4l_genbin6_recobin6 acc 0.0145 eff 0.4598 outinratio 0.0832 

ZH124_2e2mu_TCjmax_pT4l_genbin6_recobin6 acc 0.0165 eff 0.4177 outinratio 0.109 

ttH124_2e2mu_TCjmax_pT4l_genbin6_recobin6 acc 0.0153 eff 0.3972 outinratio 0.1821 

ggH124_2e2mu_TCjmax_pT4l_genbin7_recobin6 acc 0.0244 eff 0.0051 outinratio 0.0 

VBFH124_2e2mu_TCjmax_pT4l_genbin7_recobin6 acc 0.0669 eff 0.0282 outinratio 0.0356 

WminusH124_2e2mu_TCjmax_pT4l_genbin7_recobin6 acc 0.103 eff 0.0045 outinratio 0.0953 

WplusH124_2e2mu_TCjmax_pT4l_genbin7_recobin6 acc 0.0904 eff 0.0102 outinratio 0.0832 

ZH124_2e2mu_TCjmax_pT4l_genbin7_recobin6 acc 0.1088 eff 0.0039 outinratio 0.109 

ttH124_2e2mu_TCjmax_pT4l_genbin7_recobin6 acc 0.2158 eff 0.0056 outinratio 0.1821 

ggH124_2e2mu_TCjmax_pT4l_genbin8_recobin6 acc 0.0044 eff 0.0 outinratio 0.0 

VBFH124_2e2mu_TCjmax_pT4l_genbin8_recobin6 acc 0.0122 eff 0.0153 outinratio 0.0356 

WminusH124_2e2mu_TCjmax_pT4l_genbin8_recobin6 acc 0.0113 eff 0.0174 outinratio 0.0953 

WplusH124_2e2mu_TCjmax_pT4l_genbin8_recobin6 acc 0.0127 eff 0.0018 outinratio 0.0832 

ZH124_2e2mu_TCjmax_pT4l_genbin8_recobin6 acc 0.0141 eff 0.0 outinratio 0.109 

ttH124_2e2mu_TCjmax_pT4l_genbin8_recobin6 acc 0.0357 eff 0.0114 outinratio 0.1821 

ggH124_2e2mu_TCjmax_pT4l_genbin0_recobin7 acc 0.2307 eff 0.0004 outinratio 0.053 

VBFH124_2e2mu_TCjmax_pT4l_genbin0_recobin7 acc 0.0386 eff 0.0014 outinratio 0.0504 

WminusH124_2e2mu_TCjmax_pT4l_genbin0_recobin7 acc 0.0761 eff 0.0273 outinratio 0.0892 

WplusH124_2e2mu_TCjmax_pT4l_genbin0_recobin7 acc 0.0686 eff 0.0194 outinratio 0.0777 

ZH124_2e2mu_TCjmax_pT4l_genbin0_recobin7 acc 0.0748 eff 0.0259 outinratio 0.0893 

ttH124_2e2mu_TCjmax_pT4l_genbin0_recobin7 acc 0.0006 eff -1.0 outinratio 0.2164 

ggH124_2e2mu_TCjmax_pT4l_genbin1_recobin7 acc 0.0161 eff 0.0031 outinratio 0.053 

VBFH124_2e2mu_TCjmax_pT4l_genbin1_recobin7 acc 0.0337 eff 0.0098 outinratio 0.0504 

WminusH124_2e2mu_TCjmax_pT4l_genbin1_recobin7 acc 0.0252 eff 0.0261 outinratio 0.0892 

WplusH124_2e2mu_TCjmax_pT4l_genbin1_recobin7 acc 0.0215 eff 0.0246 outinratio 0.0777 

ZH124_2e2mu_TCjmax_pT4l_genbin1_recobin7 acc 0.021 eff 0.0533 outinratio 0.0893 

ttH124_2e2mu_TCjmax_pT4l_genbin1_recobin7 acc 0.0052 eff 0.1191 outinratio 0.2164 

ggH124_2e2mu_TCjmax_pT4l_genbin2_recobin7 acc 0.0399 eff 0.0054 outinratio 0.053 

VBFH124_2e2mu_TCjmax_pT4l_genbin2_recobin7 acc 0.0485 eff 0.0116 outinratio 0.0504 

WminusH124_2e2mu_TCjmax_pT4l_genbin2_recobin7 acc 0.033 eff 0.0305 outinratio 0.0892 

WplusH124_2e2mu_TCjmax_pT4l_genbin2_recobin7 acc 0.0272 eff 0.0522 outinratio 0.0777 

ZH124_2e2mu_TCjmax_pT4l_genbin2_recobin7 acc 0.0271 eff 0.0756 outinratio 0.0893 

ttH124_2e2mu_TCjmax_pT4l_genbin2_recobin7 acc 0.0068 eff 0.1191 outinratio 0.2164 

ggH124_2e2mu_TCjmax_pT4l_genbin3_recobin7 acc 0.0227 eff 0.0215 outinratio 0.053 

VBFH124_2e2mu_TCjmax_pT4l_genbin3_recobin7 acc 0.0436 eff 0.0067 outinratio 0.0504 

WminusH124_2e2mu_TCjmax_pT4l_genbin3_recobin7 acc 0.0205 eff 0.0037 outinratio 0.0892 

WplusH124_2e2mu_TCjmax_pT4l_genbin3_recobin7 acc 0.0187 eff 0.0523 outinratio 0.0777 

ZH124_2e2mu_TCjmax_pT4l_genbin3_recobin7 acc 0.0181 eff 0.084 outinratio 0.0893 

ttH124_2e2mu_TCjmax_pT4l_genbin3_recobin7 acc 0.0044 eff 0.1171 outinratio 0.2164 

ggH124_2e2mu_TCjmax_pT4l_genbin4_recobin7 acc 0.0167 eff 0.0049 outinratio 0.053 

VBFH124_2e2mu_TCjmax_pT4l_genbin4_recobin7 acc 0.0526 eff 0.0221 outinratio 0.0504 

WminusH124_2e2mu_TCjmax_pT4l_genbin4_recobin7 acc 0.0255 eff 0.0347 outinratio 0.0892 

WplusH124_2e2mu_TCjmax_pT4l_genbin4_recobin7 acc 0.0197 eff 0.0355 outinratio 0.0777 

ZH124_2e2mu_TCjmax_pT4l_genbin4_recobin7 acc 0.0179 eff 0.0785 outinratio 0.0893 

ttH124_2e2mu_TCjmax_pT4l_genbin4_recobin7 acc 0.0066 eff 0.1618 outinratio 0.2164 

ggH124_2e2mu_TCjmax_pT4l_genbin5_recobin7 acc 0.0123 eff 0.0223 outinratio 0.053 

VBFH124_2e2mu_TCjmax_pT4l_genbin5_recobin7 acc 0.0656 eff 0.0218 outinratio 0.0504 

WminusH124_2e2mu_TCjmax_pT4l_genbin5_recobin7 acc 0.0266 eff 0.0114 outinratio 0.0892 

WplusH124_2e2mu_TCjmax_pT4l_genbin5_recobin7 acc 0.0214 eff 0.1112 outinratio 0.0777 

ZH124_2e2mu_TCjmax_pT4l_genbin5_recobin7 acc 0.0205 eff 0.0658 outinratio 0.0893 

ttH124_2e2mu_TCjmax_pT4l_genbin5_recobin7 acc 0.0086 eff 0.1067 outinratio 0.2164 

ggH124_2e2mu_TCjmax_pT4l_genbin6_recobin7 acc 0.0075 eff 0.0223 outinratio 0.053 

VBFH124_2e2mu_TCjmax_pT4l_genbin6_recobin7 acc 0.0709 eff 0.0193 outinratio 0.0504 

WminusH124_2e2mu_TCjmax_pT4l_genbin6_recobin7 acc 0.0159 eff 0.0767 outinratio 0.0892 

WplusH124_2e2mu_TCjmax_pT4l_genbin6_recobin7 acc 0.0145 eff 0.0669 outinratio 0.0777 

ZH124_2e2mu_TCjmax_pT4l_genbin6_recobin7 acc 0.0165 eff 0.066 outinratio 0.0893 

ttH124_2e2mu_TCjmax_pT4l_genbin6_recobin7 acc 0.0153 eff 0.0947 outinratio 0.2164 

ggH124_2e2mu_TCjmax_pT4l_genbin7_recobin7 acc 0.0244 eff 0.4638 outinratio 0.053 

VBFH124_2e2mu_TCjmax_pT4l_genbin7_recobin7 acc 0.0669 eff 0.4973 outinratio 0.0504 

WminusH124_2e2mu_TCjmax_pT4l_genbin7_recobin7 acc 0.103 eff 0.5083 outinratio 0.0892 

WplusH124_2e2mu_TCjmax_pT4l_genbin7_recobin7 acc 0.0904 eff 0.4769 outinratio 0.0777 

ZH124_2e2mu_TCjmax_pT4l_genbin7_recobin7 acc 0.1088 eff 0.4748 outinratio 0.0893 

ttH124_2e2mu_TCjmax_pT4l_genbin7_recobin7 acc 0.2158 eff 0.485 outinratio 0.2164 

ggH124_2e2mu_TCjmax_pT4l_genbin8_recobin7 acc 0.0044 eff 0.0 outinratio 0.053 

VBFH124_2e2mu_TCjmax_pT4l_genbin8_recobin7 acc 0.0122 eff 0.0107 outinratio 0.0504 

WminusH124_2e2mu_TCjmax_pT4l_genbin8_recobin7 acc 0.0113 eff 0.0 outinratio 0.0892 

WplusH124_2e2mu_TCjmax_pT4l_genbin8_recobin7 acc 0.0127 eff 0.0099 outinratio 0.0777 

ZH124_2e2mu_TCjmax_pT4l_genbin8_recobin7 acc 0.0141 eff 0.0213 outinratio 0.0893 

ttH124_2e2mu_TCjmax_pT4l_genbin8_recobin7 acc 0.0357 eff 0.0116 outinratio 0.2164 

ggH124_2e2mu_TCjmax_pT4l_genbin0_recobin8 acc 0.2307 eff 0.0 outinratio 0.0938 

VBFH124_2e2mu_TCjmax_pT4l_genbin0_recobin8 acc 0.0386 eff 0.0 outinratio 0.0582 

WminusH124_2e2mu_TCjmax_pT4l_genbin0_recobin8 acc 0.0761 eff 0.0 outinratio 0.0529 

WplusH124_2e2mu_TCjmax_pT4l_genbin0_recobin8 acc 0.0686 eff 0.0033 outinratio 0.0732 

ZH124_2e2mu_TCjmax_pT4l_genbin0_recobin8 acc 0.0748 eff 0.001 outinratio 0.0658 

ttH124_2e2mu_TCjmax_pT4l_genbin0_recobin8 acc 0.0006 eff -1.0 outinratio 0.196 

ggH124_2e2mu_TCjmax_pT4l_genbin1_recobin8 acc 0.0161 eff 0.0 outinratio 0.0938 

VBFH124_2e2mu_TCjmax_pT4l_genbin1_recobin8 acc 0.0337 eff 0.0 outinratio 0.0582 

WminusH124_2e2mu_TCjmax_pT4l_genbin1_recobin8 acc 0.0252 eff 0.0 outinratio 0.0529 

WplusH124_2e2mu_TCjmax_pT4l_genbin1_recobin8 acc 0.0215 eff 0.0 outinratio 0.0732 

ZH124_2e2mu_TCjmax_pT4l_genbin1_recobin8 acc 0.021 eff 0.0 outinratio 0.0658 

ttH124_2e2mu_TCjmax_pT4l_genbin1_recobin8 acc 0.0052 eff 0.0 outinratio 0.196 

ggH124_2e2mu_TCjmax_pT4l_genbin2_recobin8 acc 0.0399 eff 0.0 outinratio 0.0938 

VBFH124_2e2mu_TCjmax_pT4l_genbin2_recobin8 acc 0.0485 eff 0.0 outinratio 0.0582 

WminusH124_2e2mu_TCjmax_pT4l_genbin2_recobin8 acc 0.033 eff 0.0 outinratio 0.0529 

WplusH124_2e2mu_TCjmax_pT4l_genbin2_recobin8 acc 0.0272 eff 0.0 outinratio 0.0732 

ZH124_2e2mu_TCjmax_pT4l_genbin2_recobin8 acc 0.0271 eff 0.0 outinratio 0.0658 

ttH124_2e2mu_TCjmax_pT4l_genbin2_recobin8 acc 0.0068 eff 0.0 outinratio 0.196 

ggH124_2e2mu_TCjmax_pT4l_genbin3_recobin8 acc 0.0227 eff 0.0 outinratio 0.0938 

VBFH124_2e2mu_TCjmax_pT4l_genbin3_recobin8 acc 0.0436 eff 0.0 outinratio 0.0582 

WminusH124_2e2mu_TCjmax_pT4l_genbin3_recobin8 acc 0.0205 eff 0.0 outinratio 0.0529 

WplusH124_2e2mu_TCjmax_pT4l_genbin3_recobin8 acc 0.0187 eff 0.0 outinratio 0.0732 

ZH124_2e2mu_TCjmax_pT4l_genbin3_recobin8 acc 0.0181 eff 0.0 outinratio 0.0658 

ttH124_2e2mu_TCjmax_pT4l_genbin3_recobin8 acc 0.0044 eff 0.0 outinratio 0.196 

ggH124_2e2mu_TCjmax_pT4l_genbin4_recobin8 acc 0.0167 eff 0.0 outinratio 0.0938 

VBFH124_2e2mu_TCjmax_pT4l_genbin4_recobin8 acc 0.0526 eff 0.0 outinratio 0.0582 

WminusH124_2e2mu_TCjmax_pT4l_genbin4_recobin8 acc 0.0255 eff 0.0 outinratio 0.0529 

WplusH124_2e2mu_TCjmax_pT4l_genbin4_recobin8 acc 0.0197 eff 0.0 outinratio 0.0732 

ZH124_2e2mu_TCjmax_pT4l_genbin4_recobin8 acc 0.0179 eff 0.0 outinratio 0.0658 

ttH124_2e2mu_TCjmax_pT4l_genbin4_recobin8 acc 0.0066 eff 0.0 outinratio 0.196 

ggH124_2e2mu_TCjmax_pT4l_genbin5_recobin8 acc 0.0123 eff 0.0 outinratio 0.0938 

VBFH124_2e2mu_TCjmax_pT4l_genbin5_recobin8 acc 0.0656 eff 0.0 outinratio 0.0582 

WminusH124_2e2mu_TCjmax_pT4l_genbin5_recobin8 acc 0.0266 eff 0.0 outinratio 0.0529 

WplusH124_2e2mu_TCjmax_pT4l_genbin5_recobin8 acc 0.0214 eff 0.0 outinratio 0.0732 

ZH124_2e2mu_TCjmax_pT4l_genbin5_recobin8 acc 0.0205 eff 0.0 outinratio 0.0658 

ttH124_2e2mu_TCjmax_pT4l_genbin5_recobin8 acc 0.0086 eff 0.0 outinratio 0.196 

ggH124_2e2mu_TCjmax_pT4l_genbin6_recobin8 acc 0.0075 eff 0.0166 outinratio 0.0938 

VBFH124_2e2mu_TCjmax_pT4l_genbin6_recobin8 acc 0.0709 eff 0.0053 outinratio 0.0582 

WminusH124_2e2mu_TCjmax_pT4l_genbin6_recobin8 acc 0.0159 eff 0.0431 outinratio 0.0529 

WplusH124_2e2mu_TCjmax_pT4l_genbin6_recobin8 acc 0.0145 eff 0.0107 outinratio 0.0732 

ZH124_2e2mu_TCjmax_pT4l_genbin6_recobin8 acc 0.0165 eff 0.0204 outinratio 0.0658 

ttH124_2e2mu_TCjmax_pT4l_genbin6_recobin8 acc 0.0153 eff 0.0522 outinratio 0.196 

ggH124_2e2mu_TCjmax_pT4l_genbin7_recobin8 acc 0.0244 eff 0.0 outinratio 0.0938 

VBFH124_2e2mu_TCjmax_pT4l_genbin7_recobin8 acc 0.0669 eff 0.0025 outinratio 0.0582 

WminusH124_2e2mu_TCjmax_pT4l_genbin7_recobin8 acc 0.103 eff 0.0025 outinratio 0.0529 

WplusH124_2e2mu_TCjmax_pT4l_genbin7_recobin8 acc 0.0904 eff 0.0004 outinratio 0.0732 

ZH124_2e2mu_TCjmax_pT4l_genbin7_recobin8 acc 0.1088 eff 0.0011 outinratio 0.0658 

ttH124_2e2mu_TCjmax_pT4l_genbin7_recobin8 acc 0.2158 eff 0.0022 outinratio 0.196 

ggH124_2e2mu_TCjmax_pT4l_genbin8_recobin8 acc 0.0044 eff 0.3372 outinratio 0.0938 

VBFH124_2e2mu_TCjmax_pT4l_genbin8_recobin8 acc 0.0122 eff 0.5537 outinratio 0.0582 

WminusH124_2e2mu_TCjmax_pT4l_genbin8_recobin8 acc 0.0113 eff 0.4281 outinratio 0.0529 

WplusH124_2e2mu_TCjmax_pT4l_genbin8_recobin8 acc 0.0127 eff 0.5201 outinratio 0.0732 

ZH124_2e2mu_TCjmax_pT4l_genbin8_recobin8 acc 0.0141 eff 0.6438 outinratio 0.0658 

ttH124_2e2mu_TCjmax_pT4l_genbin8_recobin8 acc 0.0357 eff 0.5429 outinratio 0.196 

Coeff fullNNLOPS
