Welcome in RunCoefficients!
OPT SPLIT
DEBUG opt.YEAR = 2024_7
It is a single-differential measurement, binning [-1.0, -0.75, -0.5, -0.25, 0.0, 0.25, 0.5, 0.75, 1.0]
costheta1
Following observables extracted from dictionary: RECO =  costheta1  GEN =  GENcostheta1
LUMI: 10.882200000000001
ttH126 0.00046886125
Processing ggH126 2024_7
Signal created
Signal failed created
Processing VBFH126 2024_7
Signal created
Signal failed created
Processing WminusH126 2024_7
Signal created
Signal failed created
Processing WplusH126 2024_7
Signal created
Signal failed created
Processing ZH126 2024_7
Signal created
Signal failed created
Processing ttH126 2024_7
Signal created
Signal failed created
2024_7 SKIMMED df CREATED
2024_7 ggH126
2024_7 VBFH126
2024_7 WminusH126
2024_7 WplusH126
2024_7 ZH126
2024_7 ttH126
Dataframes created successfully
Coeff std
ggH126_4l_costhetaZ1_genbin0_recobin0 acc 0.0408 eff 0.5456 outinratio 0.0286 

VBFH126_4l_costhetaZ1_genbin0_recobin0 acc 0.043 eff 0.4761 outinratio 0.0361 

WminusH126_4l_costhetaZ1_genbin0_recobin0 acc 0.0317 eff 0.5039 outinratio 0.0769 

WplusH126_4l_costhetaZ1_genbin0_recobin0 acc 0.0293 eff 0.499 outinratio 0.0598 

ZH126_4l_costhetaZ1_genbin0_recobin0 acc 0.0318 eff 0.5057 outinratio 0.0898 

ttH126_4l_costhetaZ1_genbin0_recobin0 acc 0.0295 eff 0.4898 outinratio 0.1703 

ggH126_4l_costhetaZ1_genbin1_recobin0 acc 0.054 eff 0.0195 outinratio 0.0286 

VBFH126_4l_costhetaZ1_genbin1_recobin0 acc 0.0571 eff 0.0136 outinratio 0.0361 

WminusH126_4l_costhetaZ1_genbin1_recobin0 acc 0.0423 eff 0.0233 outinratio 0.0769 

WplusH126_4l_costhetaZ1_genbin1_recobin0 acc 0.0354 eff 0.0171 outinratio 0.0598 

ZH126_4l_costhetaZ1_genbin1_recobin0 acc 0.04 eff 0.0118 outinratio 0.0898 

ttH126_4l_costhetaZ1_genbin1_recobin0 acc 0.0388 eff 0.0226 outinratio 0.1703 

ggH126_4l_costhetaZ1_genbin2_recobin0 acc 0.0519 eff 0.0 outinratio 0.0286 

VBFH126_4l_costhetaZ1_genbin2_recobin0 acc 0.0574 eff 0.0031 outinratio 0.0361 

WminusH126_4l_costhetaZ1_genbin2_recobin0 acc 0.0473 eff 0.0022 outinratio 0.0769 

WplusH126_4l_costhetaZ1_genbin2_recobin0 acc 0.0472 eff 0.0 outinratio 0.0598 

ZH126_4l_costhetaZ1_genbin2_recobin0 acc 0.045 eff 0.0 outinratio 0.0898 

ttH126_4l_costhetaZ1_genbin2_recobin0 acc 0.0444 eff 0.0004 outinratio 0.1703 

ggH126_4l_costhetaZ1_genbin3_recobin0 acc 0.0625 eff 0.0 outinratio 0.0286 

VBFH126_4l_costhetaZ1_genbin3_recobin0 acc 0.0649 eff 0.0 outinratio 0.0361 

WminusH126_4l_costhetaZ1_genbin3_recobin0 acc 0.0513 eff 0.0 outinratio 0.0769 

WplusH126_4l_costhetaZ1_genbin3_recobin0 acc 0.0467 eff 0.0 outinratio 0.0598 

ZH126_4l_costhetaZ1_genbin3_recobin0 acc 0.0501 eff 0.0 outinratio 0.0898 

ttH126_4l_costhetaZ1_genbin3_recobin0 acc 0.0462 eff 0.0 outinratio 0.1703 

ggH126_4l_costhetaZ1_genbin4_recobin0 acc 0.0571 eff 0.0 outinratio 0.0286 

VBFH126_4l_costhetaZ1_genbin4_recobin0 acc 0.0684 eff 0.0 outinratio 0.0361 

WminusH126_4l_costhetaZ1_genbin4_recobin0 acc 0.0541 eff 0.0 outinratio 0.0769 

WplusH126_4l_costhetaZ1_genbin4_recobin0 acc 0.0441 eff 0.0007 outinratio 0.0598 

ZH126_4l_costhetaZ1_genbin4_recobin0 acc 0.0534 eff 0.0 outinratio 0.0898 

ttH126_4l_costhetaZ1_genbin4_recobin0 acc 0.0476 eff 0.0 outinratio 0.1703 

ggH126_4l_costhetaZ1_genbin5_recobin0 acc 0.0569 eff 0.0 outinratio 0.0286 

VBFH126_4l_costhetaZ1_genbin5_recobin0 acc 0.0638 eff 0.0 outinratio 0.0361 

WminusH126_4l_costhetaZ1_genbin5_recobin0 acc 0.0502 eff 0.0 outinratio 0.0769 

WplusH126_4l_costhetaZ1_genbin5_recobin0 acc 0.0411 eff 0.0 outinratio 0.0598 

ZH126_4l_costhetaZ1_genbin5_recobin0 acc 0.0491 eff 0.0 outinratio 0.0898 

ttH126_4l_costhetaZ1_genbin5_recobin0 acc 0.0425 eff 0.0 outinratio 0.1703 

ggH126_4l_costhetaZ1_genbin6_recobin0 acc 0.0451 eff 0.0 outinratio 0.0286 

VBFH126_4l_costhetaZ1_genbin6_recobin0 acc 0.0588 eff 0.0 outinratio 0.0361 

WminusH126_4l_costhetaZ1_genbin6_recobin0 acc 0.0386 eff 0.0 outinratio 0.0769 

WplusH126_4l_costhetaZ1_genbin6_recobin0 acc 0.0386 eff 0.0 outinratio 0.0598 

ZH126_4l_costhetaZ1_genbin6_recobin0 acc 0.0403 eff 0.0 outinratio 0.0898 

ttH126_4l_costhetaZ1_genbin6_recobin0 acc 0.0377 eff 0.0 outinratio 0.1703 

ggH126_4l_costhetaZ1_genbin7_recobin0 acc 0.0404 eff 0.0 outinratio 0.0286 

VBFH126_4l_costhetaZ1_genbin7_recobin0 acc 0.0415 eff 0.0 outinratio 0.0361 

WminusH126_4l_costhetaZ1_genbin7_recobin0 acc 0.0327 eff 0.0 outinratio 0.0769 

WplusH126_4l_costhetaZ1_genbin7_recobin0 acc 0.0315 eff 0.0 outinratio 0.0598 

ZH126_4l_costhetaZ1_genbin7_recobin0 acc 0.0316 eff 0.0 outinratio 0.0898 

ttH126_4l_costhetaZ1_genbin7_recobin0 acc 0.0304 eff 0.0 outinratio 0.1703 

ggH126_4l_costhetaZ1_genbin0_recobin1 acc 0.0408 eff 0.0216 outinratio 0.0379 

VBFH126_4l_costhetaZ1_genbin0_recobin1 acc 0.043 eff 0.0312 outinratio 0.0489 

WminusH126_4l_costhetaZ1_genbin0_recobin1 acc 0.0317 eff 0.0281 outinratio 0.0598 

WplusH126_4l_costhetaZ1_genbin0_recobin1 acc 0.0293 eff 0.0267 outinratio 0.0823 

ZH126_4l_costhetaZ1_genbin0_recobin1 acc 0.0318 eff 0.0246 outinratio 0.0877 

ttH126_4l_costhetaZ1_genbin0_recobin1 acc 0.0295 eff 0.0215 outinratio 0.1491 

ggH126_4l_costhetaZ1_genbin1_recobin1 acc 0.054 eff 0.548 outinratio 0.0379 

VBFH126_4l_costhetaZ1_genbin1_recobin1 acc 0.0571 eff 0.5315 outinratio 0.0489 

WminusH126_4l_costhetaZ1_genbin1_recobin1 acc 0.0423 eff 0.5058 outinratio 0.0598 

WplusH126_4l_costhetaZ1_genbin1_recobin1 acc 0.0354 eff 0.4659 outinratio 0.0823 

ZH126_4l_costhetaZ1_genbin1_recobin1 acc 0.04 eff 0.5018 outinratio 0.0877 

ttH126_4l_costhetaZ1_genbin1_recobin1 acc 0.0388 eff 0.468 outinratio 0.1491 

ggH126_4l_costhetaZ1_genbin2_recobin1 acc 0.0519 eff 0.0233 outinratio 0.0379 

VBFH126_4l_costhetaZ1_genbin2_recobin1 acc 0.0574 eff 0.0271 outinratio 0.0489 

WminusH126_4l_costhetaZ1_genbin2_recobin1 acc 0.0473 eff 0.0312 outinratio 0.0598 

WplusH126_4l_costhetaZ1_genbin2_recobin1 acc 0.0472 eff 0.0446 outinratio 0.0823 

ZH126_4l_costhetaZ1_genbin2_recobin1 acc 0.045 eff 0.0335 outinratio 0.0877 

ttH126_4l_costhetaZ1_genbin2_recobin1 acc 0.0444 eff 0.0277 outinratio 0.1491 

ggH126_4l_costhetaZ1_genbin3_recobin1 acc 0.0625 eff 0.0021 outinratio 0.0379 

VBFH126_4l_costhetaZ1_genbin3_recobin1 acc 0.0649 eff 0.0007 outinratio 0.0489 

WminusH126_4l_costhetaZ1_genbin3_recobin1 acc 0.0513 eff 0.0021 outinratio 0.0598 

WplusH126_4l_costhetaZ1_genbin3_recobin1 acc 0.0467 eff 0.003 outinratio 0.0823 

ZH126_4l_costhetaZ1_genbin3_recobin1 acc 0.0501 eff 0.0006 outinratio 0.0877 

ttH126_4l_costhetaZ1_genbin3_recobin1 acc 0.0462 eff 0.0028 outinratio 0.1491 

ggH126_4l_costhetaZ1_genbin4_recobin1 acc 0.0571 eff 0.0 outinratio 0.0379 

VBFH126_4l_costhetaZ1_genbin4_recobin1 acc 0.0684 eff 0.0 outinratio 0.0489 

WminusH126_4l_costhetaZ1_genbin4_recobin1 acc 0.0541 eff 0.0 outinratio 0.0598 

WplusH126_4l_costhetaZ1_genbin4_recobin1 acc 0.0441 eff 0.0 outinratio 0.0823 

ZH126_4l_costhetaZ1_genbin4_recobin1 acc 0.0534 eff 0.0 outinratio 0.0877 

ttH126_4l_costhetaZ1_genbin4_recobin1 acc 0.0476 eff 0.0001 outinratio 0.1491 

ggH126_4l_costhetaZ1_genbin5_recobin1 acc 0.0569 eff 0.0 outinratio 0.0379 

VBFH126_4l_costhetaZ1_genbin5_recobin1 acc 0.0638 eff 0.0 outinratio 0.0489 

WminusH126_4l_costhetaZ1_genbin5_recobin1 acc 0.0502 eff 0.0 outinratio 0.0598 

WplusH126_4l_costhetaZ1_genbin5_recobin1 acc 0.0411 eff 0.0 outinratio 0.0823 

ZH126_4l_costhetaZ1_genbin5_recobin1 acc 0.0491 eff 0.0 outinratio 0.0877 

ttH126_4l_costhetaZ1_genbin5_recobin1 acc 0.0425 eff 0.0 outinratio 0.1491 

ggH126_4l_costhetaZ1_genbin6_recobin1 acc 0.0451 eff 0.0 outinratio 0.0379 

VBFH126_4l_costhetaZ1_genbin6_recobin1 acc 0.0588 eff 0.0 outinratio 0.0489 

WminusH126_4l_costhetaZ1_genbin6_recobin1 acc 0.0386 eff 0.0 outinratio 0.0598 

WplusH126_4l_costhetaZ1_genbin6_recobin1 acc 0.0386 eff 0.0 outinratio 0.0823 

ZH126_4l_costhetaZ1_genbin6_recobin1 acc 0.0403 eff 0.0 outinratio 0.0877 

ttH126_4l_costhetaZ1_genbin6_recobin1 acc 0.0377 eff 0.0 outinratio 0.1491 

ggH126_4l_costhetaZ1_genbin7_recobin1 acc 0.0404 eff 0.0 outinratio 0.0379 

VBFH126_4l_costhetaZ1_genbin7_recobin1 acc 0.0415 eff 0.0 outinratio 0.0489 

WminusH126_4l_costhetaZ1_genbin7_recobin1 acc 0.0327 eff 0.0011 outinratio 0.0598 

WplusH126_4l_costhetaZ1_genbin7_recobin1 acc 0.0315 eff 0.0 outinratio 0.0823 

ZH126_4l_costhetaZ1_genbin7_recobin1 acc 0.0316 eff 0.0 outinratio 0.0877 

ttH126_4l_costhetaZ1_genbin7_recobin1 acc 0.0304 eff 0.0 outinratio 0.1491 

ggH126_4l_costhetaZ1_genbin0_recobin2 acc 0.0408 eff 0.0073 outinratio 0.0488 

VBFH126_4l_costhetaZ1_genbin0_recobin2 acc 0.043 eff 0.0 outinratio 0.0531 

WminusH126_4l_costhetaZ1_genbin0_recobin2 acc 0.0317 eff 0.0 outinratio 0.0745 

WplusH126_4l_costhetaZ1_genbin0_recobin2 acc 0.0293 eff 0.0024 outinratio 0.0454 

ZH126_4l_costhetaZ1_genbin0_recobin2 acc 0.0318 eff 0.001 outinratio 0.0551 

ttH126_4l_costhetaZ1_genbin0_recobin2 acc 0.0295 eff 0.0012 outinratio 0.189 

ggH126_4l_costhetaZ1_genbin1_recobin2 acc 0.054 eff 0.0125 outinratio 0.0488 

VBFH126_4l_costhetaZ1_genbin1_recobin2 acc 0.0571 eff 0.0275 outinratio 0.0531 

WminusH126_4l_costhetaZ1_genbin1_recobin2 acc 0.0423 eff 0.027 outinratio 0.0745 

WplusH126_4l_costhetaZ1_genbin1_recobin2 acc 0.0354 eff 0.0375 outinratio 0.0454 

ZH126_4l_costhetaZ1_genbin1_recobin2 acc 0.04 eff 0.0377 outinratio 0.0551 

ttH126_4l_costhetaZ1_genbin1_recobin2 acc 0.0388 eff 0.0349 outinratio 0.189 

ggH126_4l_costhetaZ1_genbin2_recobin2 acc 0.0519 eff 0.4719 outinratio 0.0488 

VBFH126_4l_costhetaZ1_genbin2_recobin2 acc 0.0574 eff 0.5054 outinratio 0.0531 

WminusH126_4l_costhetaZ1_genbin2_recobin2 acc 0.0473 eff 0.4977 outinratio 0.0745 

WplusH126_4l_costhetaZ1_genbin2_recobin2 acc 0.0472 eff 0.4624 outinratio 0.0454 

ZH126_4l_costhetaZ1_genbin2_recobin2 acc 0.045 eff 0.4656 outinratio 0.0551 

ttH126_4l_costhetaZ1_genbin2_recobin2 acc 0.0444 eff 0.4773 outinratio 0.189 

ggH126_4l_costhetaZ1_genbin3_recobin2 acc 0.0625 eff 0.0297 outinratio 0.0488 

VBFH126_4l_costhetaZ1_genbin3_recobin2 acc 0.0649 eff 0.0268 outinratio 0.0531 

WminusH126_4l_costhetaZ1_genbin3_recobin2 acc 0.0513 eff 0.0487 outinratio 0.0745 

WplusH126_4l_costhetaZ1_genbin3_recobin2 acc 0.0467 eff 0.0412 outinratio 0.0454 

ZH126_4l_costhetaZ1_genbin3_recobin2 acc 0.0501 eff 0.0369 outinratio 0.0551 

ttH126_4l_costhetaZ1_genbin3_recobin2 acc 0.0462 eff 0.0324 outinratio 0.189 

ggH126_4l_costhetaZ1_genbin4_recobin2 acc 0.0571 eff 0.0023 outinratio 0.0488 

VBFH126_4l_costhetaZ1_genbin4_recobin2 acc 0.0684 eff 0.0 outinratio 0.0531 

WminusH126_4l_costhetaZ1_genbin4_recobin2 acc 0.0541 eff 0.0021 outinratio 0.0745 

WplusH126_4l_costhetaZ1_genbin4_recobin2 acc 0.0441 eff 0.003 outinratio 0.0454 

ZH126_4l_costhetaZ1_genbin4_recobin2 acc 0.0534 eff 0.0026 outinratio 0.0551 

ttH126_4l_costhetaZ1_genbin4_recobin2 acc 0.0476 eff 0.0008 outinratio 0.189 

ggH126_4l_costhetaZ1_genbin5_recobin2 acc 0.0569 eff 0.0 outinratio 0.0488 

VBFH126_4l_costhetaZ1_genbin5_recobin2 acc 0.0638 eff 0.0 outinratio 0.0531 

WminusH126_4l_costhetaZ1_genbin5_recobin2 acc 0.0502 eff 0.0 outinratio 0.0745 

WplusH126_4l_costhetaZ1_genbin5_recobin2 acc 0.0411 eff 0.0009 outinratio 0.0454 

ZH126_4l_costhetaZ1_genbin5_recobin2 acc 0.0491 eff 0.0 outinratio 0.0551 

ttH126_4l_costhetaZ1_genbin5_recobin2 acc 0.0425 eff 0.0008 outinratio 0.189 

ggH126_4l_costhetaZ1_genbin6_recobin2 acc 0.0451 eff 0.0 outinratio 0.0488 

VBFH126_4l_costhetaZ1_genbin6_recobin2 acc 0.0588 eff 0.0 outinratio 0.0531 

WminusH126_4l_costhetaZ1_genbin6_recobin2 acc 0.0386 eff 0.0 outinratio 0.0745 

WplusH126_4l_costhetaZ1_genbin6_recobin2 acc 0.0386 eff 0.0 outinratio 0.0454 

ZH126_4l_costhetaZ1_genbin6_recobin2 acc 0.0403 eff 0.0 outinratio 0.0551 

ttH126_4l_costhetaZ1_genbin6_recobin2 acc 0.0377 eff 0.0002 outinratio 0.189 

ggH126_4l_costhetaZ1_genbin7_recobin2 acc 0.0404 eff 0.0 outinratio 0.0488 

VBFH126_4l_costhetaZ1_genbin7_recobin2 acc 0.0415 eff 0.0 outinratio 0.0531 

WminusH126_4l_costhetaZ1_genbin7_recobin2 acc 0.0327 eff 0.0 outinratio 0.0745 

WplusH126_4l_costhetaZ1_genbin7_recobin2 acc 0.0315 eff 0.0 outinratio 0.0454 

ZH126_4l_costhetaZ1_genbin7_recobin2 acc 0.0316 eff 0.0 outinratio 0.0551 

ttH126_4l_costhetaZ1_genbin7_recobin2 acc 0.0304 eff 0.0 outinratio 0.189 

ggH126_4l_costhetaZ1_genbin0_recobin3 acc 0.0408 eff 0.0 outinratio 0.0102 

VBFH126_4l_costhetaZ1_genbin0_recobin3 acc 0.043 eff 0.0 outinratio 0.0293 

WminusH126_4l_costhetaZ1_genbin0_recobin3 acc 0.0317 eff 0.0 outinratio 0.0711 

WplusH126_4l_costhetaZ1_genbin0_recobin3 acc 0.0293 eff 0.0 outinratio 0.0754 

ZH126_4l_costhetaZ1_genbin0_recobin3 acc 0.0318 eff 0.0 outinratio 0.0794 

ttH126_4l_costhetaZ1_genbin0_recobin3 acc 0.0295 eff 0.0 outinratio 0.1579 

ggH126_4l_costhetaZ1_genbin1_recobin3 acc 0.054 eff 0.0 outinratio 0.0102 

VBFH126_4l_costhetaZ1_genbin1_recobin3 acc 0.0571 eff 0.0 outinratio 0.0293 

WminusH126_4l_costhetaZ1_genbin1_recobin3 acc 0.0423 eff 0.0032 outinratio 0.0711 

WplusH126_4l_costhetaZ1_genbin1_recobin3 acc 0.0354 eff 0.0014 outinratio 0.0754 

ZH126_4l_costhetaZ1_genbin1_recobin3 acc 0.04 eff 0.0 outinratio 0.0794 

ttH126_4l_costhetaZ1_genbin1_recobin3 acc 0.0388 eff 0.0005 outinratio 0.1579 

ggH126_4l_costhetaZ1_genbin2_recobin3 acc 0.0519 eff 0.0283 outinratio 0.0102 

VBFH126_4l_costhetaZ1_genbin2_recobin3 acc 0.0574 eff 0.0338 outinratio 0.0293 

WminusH126_4l_costhetaZ1_genbin2_recobin3 acc 0.0473 eff 0.0292 outinratio 0.0711 

WplusH126_4l_costhetaZ1_genbin2_recobin3 acc 0.0472 eff 0.0342 outinratio 0.0754 

ZH126_4l_costhetaZ1_genbin2_recobin3 acc 0.045 eff 0.0316 outinratio 0.0794 

ttH126_4l_costhetaZ1_genbin2_recobin3 acc 0.0444 eff 0.0388 outinratio 0.1579 

ggH126_4l_costhetaZ1_genbin3_recobin3 acc 0.0625 eff 0.5163 outinratio 0.0102 

VBFH126_4l_costhetaZ1_genbin3_recobin3 acc 0.0649 eff 0.4657 outinratio 0.0293 

WminusH126_4l_costhetaZ1_genbin3_recobin3 acc 0.0513 eff 0.4795 outinratio 0.0711 

WplusH126_4l_costhetaZ1_genbin3_recobin3 acc 0.0467 eff 0.4996 outinratio 0.0754 

ZH126_4l_costhetaZ1_genbin3_recobin3 acc 0.0501 eff 0.4894 outinratio 0.0794 

ttH126_4l_costhetaZ1_genbin3_recobin3 acc 0.0462 eff 0.4734 outinratio 0.1579 

ggH126_4l_costhetaZ1_genbin4_recobin3 acc 0.0571 eff 0.042 outinratio 0.0102 

VBFH126_4l_costhetaZ1_genbin4_recobin3 acc 0.0684 eff 0.0315 outinratio 0.0293 

WminusH126_4l_costhetaZ1_genbin4_recobin3 acc 0.0541 eff 0.036 outinratio 0.0711 

WplusH126_4l_costhetaZ1_genbin4_recobin3 acc 0.0441 eff 0.043 outinratio 0.0754 

ZH126_4l_costhetaZ1_genbin4_recobin3 acc 0.0534 eff 0.0367 outinratio 0.0794 

ttH126_4l_costhetaZ1_genbin4_recobin3 acc 0.0476 eff 0.036 outinratio 0.1579 

ggH126_4l_costhetaZ1_genbin5_recobin3 acc 0.0569 eff 0.0 outinratio 0.0102 

VBFH126_4l_costhetaZ1_genbin5_recobin3 acc 0.0638 eff 0.0 outinratio 0.0293 

WminusH126_4l_costhetaZ1_genbin5_recobin3 acc 0.0502 eff 0.0021 outinratio 0.0711 

WplusH126_4l_costhetaZ1_genbin5_recobin3 acc 0.0411 eff 0.0008 outinratio 0.0754 

ZH126_4l_costhetaZ1_genbin5_recobin3 acc 0.0491 eff 0.0 outinratio 0.0794 

ttH126_4l_costhetaZ1_genbin5_recobin3 acc 0.0425 eff 0.0033 outinratio 0.1579 

ggH126_4l_costhetaZ1_genbin6_recobin3 acc 0.0451 eff 0.0 outinratio 0.0102 

VBFH126_4l_costhetaZ1_genbin6_recobin3 acc 0.0588 eff 0.0006 outinratio 0.0293 

WminusH126_4l_costhetaZ1_genbin6_recobin3 acc 0.0386 eff 0.0017 outinratio 0.0711 

WplusH126_4l_costhetaZ1_genbin6_recobin3 acc 0.0386 eff 0.0 outinratio 0.0754 

ZH126_4l_costhetaZ1_genbin6_recobin3 acc 0.0403 eff 0.0019 outinratio 0.0794 

ttH126_4l_costhetaZ1_genbin6_recobin3 acc 0.0377 eff 0.0002 outinratio 0.1579 

ggH126_4l_costhetaZ1_genbin7_recobin3 acc 0.0404 eff 0.0 outinratio 0.0102 

VBFH126_4l_costhetaZ1_genbin7_recobin3 acc 0.0415 eff 0.0 outinratio 0.0293 

WminusH126_4l_costhetaZ1_genbin7_recobin3 acc 0.0327 eff 0.0 outinratio 0.0711 

WplusH126_4l_costhetaZ1_genbin7_recobin3 acc 0.0315 eff 0.0 outinratio 0.0754 

ZH126_4l_costhetaZ1_genbin7_recobin3 acc 0.0316 eff 0.0 outinratio 0.0794 

ttH126_4l_costhetaZ1_genbin7_recobin3 acc 0.0304 eff 0.0 outinratio 0.1579 

ggH126_4l_costhetaZ1_genbin0_recobin4 acc 0.0408 eff 0.0 outinratio 0.0801 

VBFH126_4l_costhetaZ1_genbin0_recobin4 acc 0.043 eff 0.0 outinratio 0.0417 

WminusH126_4l_costhetaZ1_genbin0_recobin4 acc 0.0317 eff 0.0 outinratio 0.0822 

WplusH126_4l_costhetaZ1_genbin0_recobin4 acc 0.0293 eff 0.0 outinratio 0.0582 

ZH126_4l_costhetaZ1_genbin0_recobin4 acc 0.0318 eff 0.0 outinratio 0.088 

ttH126_4l_costhetaZ1_genbin0_recobin4 acc 0.0295 eff 0.0 outinratio 0.1403 

ggH126_4l_costhetaZ1_genbin1_recobin4 acc 0.054 eff 0.0 outinratio 0.0801 

VBFH126_4l_costhetaZ1_genbin1_recobin4 acc 0.0571 eff 0.0 outinratio 0.0417 

WminusH126_4l_costhetaZ1_genbin1_recobin4 acc 0.0423 eff 0.0 outinratio 0.0822 

WplusH126_4l_costhetaZ1_genbin1_recobin4 acc 0.0354 eff 0.0 outinratio 0.0582 

ZH126_4l_costhetaZ1_genbin1_recobin4 acc 0.04 eff 0.0 outinratio 0.088 

ttH126_4l_costhetaZ1_genbin1_recobin4 acc 0.0388 eff 0.0004 outinratio 0.1403 

ggH126_4l_costhetaZ1_genbin2_recobin4 acc 0.0519 eff 0.0 outinratio 0.0801 

VBFH126_4l_costhetaZ1_genbin2_recobin4 acc 0.0574 eff 0.0035 outinratio 0.0417 

WminusH126_4l_costhetaZ1_genbin2_recobin4 acc 0.0473 eff 0.0036 outinratio 0.0822 

WplusH126_4l_costhetaZ1_genbin2_recobin4 acc 0.0472 eff 0.0038 outinratio 0.0582 

ZH126_4l_costhetaZ1_genbin2_recobin4 acc 0.045 eff 0.0033 outinratio 0.088 

ttH126_4l_costhetaZ1_genbin2_recobin4 acc 0.0444 eff 0.0015 outinratio 0.1403 

ggH126_4l_costhetaZ1_genbin3_recobin4 acc 0.0625 eff 0.0232 outinratio 0.0801 

VBFH126_4l_costhetaZ1_genbin3_recobin4 acc 0.0649 eff 0.0368 outinratio 0.0417 

WminusH126_4l_costhetaZ1_genbin3_recobin4 acc 0.0513 eff 0.0397 outinratio 0.0822 

WplusH126_4l_costhetaZ1_genbin3_recobin4 acc 0.0467 eff 0.0274 outinratio 0.0582 

ZH126_4l_costhetaZ1_genbin3_recobin4 acc 0.0501 eff 0.038 outinratio 0.088 

ttH126_4l_costhetaZ1_genbin3_recobin4 acc 0.0462 eff 0.0357 outinratio 0.1403 

ggH126_4l_costhetaZ1_genbin4_recobin4 acc 0.0571 eff 0.4684 outinratio 0.0801 

VBFH126_4l_costhetaZ1_genbin4_recobin4 acc 0.0684 eff 0.508 outinratio 0.0417 

WminusH126_4l_costhetaZ1_genbin4_recobin4 acc 0.0541 eff 0.4811 outinratio 0.0822 

WplusH126_4l_costhetaZ1_genbin4_recobin4 acc 0.0441 eff 0.4927 outinratio 0.0582 

ZH126_4l_costhetaZ1_genbin4_recobin4 acc 0.0534 eff 0.486 outinratio 0.088 

ttH126_4l_costhetaZ1_genbin4_recobin4 acc 0.0476 eff 0.477 outinratio 0.1403 

ggH126_4l_costhetaZ1_genbin5_recobin4 acc 0.0569 eff 0.0342 outinratio 0.0801 

VBFH126_4l_costhetaZ1_genbin5_recobin4 acc 0.0638 eff 0.0276 outinratio 0.0417 

WminusH126_4l_costhetaZ1_genbin5_recobin4 acc 0.0502 eff 0.032 outinratio 0.0822 

WplusH126_4l_costhetaZ1_genbin5_recobin4 acc 0.0411 eff 0.0366 outinratio 0.0582 

ZH126_4l_costhetaZ1_genbin5_recobin4 acc 0.0491 eff 0.0364 outinratio 0.088 

ttH126_4l_costhetaZ1_genbin5_recobin4 acc 0.0425 eff 0.0415 outinratio 0.1403 

ggH126_4l_costhetaZ1_genbin6_recobin4 acc 0.0451 eff 0.0096 outinratio 0.0801 

VBFH126_4l_costhetaZ1_genbin6_recobin4 acc 0.0588 eff 0.0 outinratio 0.0417 

WminusH126_4l_costhetaZ1_genbin6_recobin4 acc 0.0386 eff 0.0008 outinratio 0.0822 

WplusH126_4l_costhetaZ1_genbin6_recobin4 acc 0.0386 eff 0.0069 outinratio 0.0582 

ZH126_4l_costhetaZ1_genbin6_recobin4 acc 0.0403 eff 0.001 outinratio 0.088 

ttH126_4l_costhetaZ1_genbin6_recobin4 acc 0.0377 eff 0.0012 outinratio 0.1403 

ggH126_4l_costhetaZ1_genbin7_recobin4 acc 0.0404 eff 0.0 outinratio 0.0801 

VBFH126_4l_costhetaZ1_genbin7_recobin4 acc 0.0415 eff 0.0 outinratio 0.0417 

WminusH126_4l_costhetaZ1_genbin7_recobin4 acc 0.0327 eff 0.0 outinratio 0.0822 

WplusH126_4l_costhetaZ1_genbin7_recobin4 acc 0.0315 eff 0.0 outinratio 0.0582 

ZH126_4l_costhetaZ1_genbin7_recobin4 acc 0.0316 eff 0.0 outinratio 0.088 

ttH126_4l_costhetaZ1_genbin7_recobin4 acc 0.0304 eff 0.0001 outinratio 0.1403 

ggH126_4l_costhetaZ1_genbin0_recobin5 acc 0.0408 eff 0.0 outinratio 0.0581 

VBFH126_4l_costhetaZ1_genbin0_recobin5 acc 0.043 eff 0.0 outinratio 0.0316 

WminusH126_4l_costhetaZ1_genbin0_recobin5 acc 0.0317 eff 0.0 outinratio 0.0544 

WplusH126_4l_costhetaZ1_genbin0_recobin5 acc 0.0293 eff 0.0 outinratio 0.0516 

ZH126_4l_costhetaZ1_genbin0_recobin5 acc 0.0318 eff 0.0 outinratio 0.0697 

ttH126_4l_costhetaZ1_genbin0_recobin5 acc 0.0295 eff 0.0 outinratio 0.184 

ggH126_4l_costhetaZ1_genbin1_recobin5 acc 0.054 eff 0.0 outinratio 0.0581 

VBFH126_4l_costhetaZ1_genbin1_recobin5 acc 0.0571 eff 0.0 outinratio 0.0316 

WminusH126_4l_costhetaZ1_genbin1_recobin5 acc 0.0423 eff 0.0 outinratio 0.0544 

WplusH126_4l_costhetaZ1_genbin1_recobin5 acc 0.0354 eff 0.0 outinratio 0.0516 

ZH126_4l_costhetaZ1_genbin1_recobin5 acc 0.04 eff 0.0 outinratio 0.0697 

ttH126_4l_costhetaZ1_genbin1_recobin5 acc 0.0388 eff 0.0 outinratio 0.184 

ggH126_4l_costhetaZ1_genbin2_recobin5 acc 0.0519 eff 0.0 outinratio 0.0581 

VBFH126_4l_costhetaZ1_genbin2_recobin5 acc 0.0574 eff 0.0 outinratio 0.0316 

WminusH126_4l_costhetaZ1_genbin2_recobin5 acc 0.0473 eff 0.0016 outinratio 0.0544 

WplusH126_4l_costhetaZ1_genbin2_recobin5 acc 0.0472 eff 0.0 outinratio 0.0516 

ZH126_4l_costhetaZ1_genbin2_recobin5 acc 0.045 eff 0.0008 outinratio 0.0697 

ttH126_4l_costhetaZ1_genbin2_recobin5 acc 0.0444 eff 0.0005 outinratio 0.184 

ggH126_4l_costhetaZ1_genbin3_recobin5 acc 0.0625 eff 0.0056 outinratio 0.0581 

VBFH126_4l_costhetaZ1_genbin3_recobin5 acc 0.0649 eff 0.0 outinratio 0.0316 

WminusH126_4l_costhetaZ1_genbin3_recobin5 acc 0.0513 eff 0.0002 outinratio 0.0544 

WplusH126_4l_costhetaZ1_genbin3_recobin5 acc 0.0467 eff 0.0 outinratio 0.0516 

ZH126_4l_costhetaZ1_genbin3_recobin5 acc 0.0501 eff 0.0007 outinratio 0.0697 

ttH126_4l_costhetaZ1_genbin3_recobin5 acc 0.0462 eff 0.0011 outinratio 0.184 

ggH126_4l_costhetaZ1_genbin4_recobin5 acc 0.0571 eff 0.0333 outinratio 0.0581 

VBFH126_4l_costhetaZ1_genbin4_recobin5 acc 0.0684 eff 0.0463 outinratio 0.0316 

WminusH126_4l_costhetaZ1_genbin4_recobin5 acc 0.0541 eff 0.0296 outinratio 0.0544 

WplusH126_4l_costhetaZ1_genbin4_recobin5 acc 0.0441 eff 0.0477 outinratio 0.0516 

ZH126_4l_costhetaZ1_genbin4_recobin5 acc 0.0534 eff 0.0389 outinratio 0.0697 

ttH126_4l_costhetaZ1_genbin4_recobin5 acc 0.0476 eff 0.037 outinratio 0.184 

ggH126_4l_costhetaZ1_genbin5_recobin5 acc 0.0569 eff 0.4121 outinratio 0.0581 

VBFH126_4l_costhetaZ1_genbin5_recobin5 acc 0.0638 eff 0.4818 outinratio 0.0316 

WminusH126_4l_costhetaZ1_genbin5_recobin5 acc 0.0502 eff 0.5111 outinratio 0.0544 

WplusH126_4l_costhetaZ1_genbin5_recobin5 acc 0.0411 eff 0.5006 outinratio 0.0516 

ZH126_4l_costhetaZ1_genbin5_recobin5 acc 0.0491 eff 0.4668 outinratio 0.0697 

ttH126_4l_costhetaZ1_genbin5_recobin5 acc 0.0425 eff 0.4873 outinratio 0.184 

ggH126_4l_costhetaZ1_genbin6_recobin5 acc 0.0451 eff 0.0193 outinratio 0.0581 

VBFH126_4l_costhetaZ1_genbin6_recobin5 acc 0.0588 eff 0.0392 outinratio 0.0316 

WminusH126_4l_costhetaZ1_genbin6_recobin5 acc 0.0386 eff 0.0412 outinratio 0.0544 

WplusH126_4l_costhetaZ1_genbin6_recobin5 acc 0.0386 eff 0.028 outinratio 0.0516 

ZH126_4l_costhetaZ1_genbin6_recobin5 acc 0.0403 eff 0.0236 outinratio 0.0697 

ttH126_4l_costhetaZ1_genbin6_recobin5 acc 0.0377 eff 0.0323 outinratio 0.184 

ggH126_4l_costhetaZ1_genbin7_recobin5 acc 0.0404 eff 0.0103 outinratio 0.0581 

VBFH126_4l_costhetaZ1_genbin7_recobin5 acc 0.0415 eff 0.0008 outinratio 0.0316 

WminusH126_4l_costhetaZ1_genbin7_recobin5 acc 0.0327 eff 0.0011 outinratio 0.0544 

WplusH126_4l_costhetaZ1_genbin7_recobin5 acc 0.0315 eff 0.0 outinratio 0.0516 

ZH126_4l_costhetaZ1_genbin7_recobin5 acc 0.0316 eff 0.0 outinratio 0.0697 

ttH126_4l_costhetaZ1_genbin7_recobin5 acc 0.0304 eff 0.0 outinratio 0.184 

ggH126_4l_costhetaZ1_genbin0_recobin6 acc 0.0408 eff 0.0 outinratio 0.0626 

VBFH126_4l_costhetaZ1_genbin0_recobin6 acc 0.043 eff 0.0 outinratio 0.0294 

WminusH126_4l_costhetaZ1_genbin0_recobin6 acc 0.0317 eff 0.0 outinratio 0.0699 

WplusH126_4l_costhetaZ1_genbin0_recobin6 acc 0.0293 eff 0.0 outinratio 0.0485 

ZH126_4l_costhetaZ1_genbin0_recobin6 acc 0.0318 eff 0.0 outinratio 0.0828 

ttH126_4l_costhetaZ1_genbin0_recobin6 acc 0.0295 eff 0.0006 outinratio 0.1751 

ggH126_4l_costhetaZ1_genbin1_recobin6 acc 0.054 eff 0.0 outinratio 0.0626 

VBFH126_4l_costhetaZ1_genbin1_recobin6 acc 0.0571 eff 0.0 outinratio 0.0294 

WminusH126_4l_costhetaZ1_genbin1_recobin6 acc 0.0423 eff 0.0 outinratio 0.0699 

WplusH126_4l_costhetaZ1_genbin1_recobin6 acc 0.0354 eff 0.0 outinratio 0.0485 

ZH126_4l_costhetaZ1_genbin1_recobin6 acc 0.04 eff 0.0 outinratio 0.0828 

ttH126_4l_costhetaZ1_genbin1_recobin6 acc 0.0388 eff 0.0 outinratio 0.1751 

ggH126_4l_costhetaZ1_genbin2_recobin6 acc 0.0519 eff 0.0 outinratio 0.0626 

VBFH126_4l_costhetaZ1_genbin2_recobin6 acc 0.0574 eff 0.0 outinratio 0.0294 

WminusH126_4l_costhetaZ1_genbin2_recobin6 acc 0.0473 eff 0.0 outinratio 0.0699 

WplusH126_4l_costhetaZ1_genbin2_recobin6 acc 0.0472 eff 0.0 outinratio 0.0485 

ZH126_4l_costhetaZ1_genbin2_recobin6 acc 0.045 eff 0.0 outinratio 0.0828 

ttH126_4l_costhetaZ1_genbin2_recobin6 acc 0.0444 eff 0.0002 outinratio 0.1751 

ggH126_4l_costhetaZ1_genbin3_recobin6 acc 0.0625 eff 0.0 outinratio 0.0626 

VBFH126_4l_costhetaZ1_genbin3_recobin6 acc 0.0649 eff 0.0044 outinratio 0.0294 

WminusH126_4l_costhetaZ1_genbin3_recobin6 acc 0.0513 eff 0.0006 outinratio 0.0699 

WplusH126_4l_costhetaZ1_genbin3_recobin6 acc 0.0467 eff 0.0 outinratio 0.0485 

ZH126_4l_costhetaZ1_genbin3_recobin6 acc 0.0501 eff 0.0009 outinratio 0.0828 

ttH126_4l_costhetaZ1_genbin3_recobin6 acc 0.0462 eff 0.0 outinratio 0.1751 

ggH126_4l_costhetaZ1_genbin4_recobin6 acc 0.0571 eff 0.0 outinratio 0.0626 

VBFH126_4l_costhetaZ1_genbin4_recobin6 acc 0.0684 eff 0.0016 outinratio 0.0294 

WminusH126_4l_costhetaZ1_genbin4_recobin6 acc 0.0541 eff 0.0011 outinratio 0.0699 

WplusH126_4l_costhetaZ1_genbin4_recobin6 acc 0.0441 eff 0.002 outinratio 0.0485 

ZH126_4l_costhetaZ1_genbin4_recobin6 acc 0.0534 eff 0.0006 outinratio 0.0828 

ttH126_4l_costhetaZ1_genbin4_recobin6 acc 0.0476 eff 0.0011 outinratio 0.1751 

ggH126_4l_costhetaZ1_genbin5_recobin6 acc 0.0569 eff 0.035 outinratio 0.0626 

VBFH126_4l_costhetaZ1_genbin5_recobin6 acc 0.0638 eff 0.0245 outinratio 0.0294 

WminusH126_4l_costhetaZ1_genbin5_recobin6 acc 0.0502 eff 0.0318 outinratio 0.0699 

WplusH126_4l_costhetaZ1_genbin5_recobin6 acc 0.0411 eff 0.0345 outinratio 0.0485 

ZH126_4l_costhetaZ1_genbin5_recobin6 acc 0.0491 eff 0.0321 outinratio 0.0828 

ttH126_4l_costhetaZ1_genbin5_recobin6 acc 0.0425 eff 0.0316 outinratio 0.1751 

ggH126_4l_costhetaZ1_genbin6_recobin6 acc 0.0451 eff 0.4531 outinratio 0.0626 

VBFH126_4l_costhetaZ1_genbin6_recobin6 acc 0.0588 eff 0.5498 outinratio 0.0294 

WminusH126_4l_costhetaZ1_genbin6_recobin6 acc 0.0386 eff 0.5087 outinratio 0.0699 

WplusH126_4l_costhetaZ1_genbin6_recobin6 acc 0.0386 eff 0.5153 outinratio 0.0485 

ZH126_4l_costhetaZ1_genbin6_recobin6 acc 0.0403 eff 0.5382 outinratio 0.0828 

ttH126_4l_costhetaZ1_genbin6_recobin6 acc 0.0377 eff 0.4637 outinratio 0.1751 

ggH126_4l_costhetaZ1_genbin7_recobin6 acc 0.0404 eff 0.0123 outinratio 0.0626 

VBFH126_4l_costhetaZ1_genbin7_recobin6 acc 0.0415 eff 0.0396 outinratio 0.0294 

WminusH126_4l_costhetaZ1_genbin7_recobin6 acc 0.0327 eff 0.023 outinratio 0.0699 

WplusH126_4l_costhetaZ1_genbin7_recobin6 acc 0.0315 eff 0.0293 outinratio 0.0485 

ZH126_4l_costhetaZ1_genbin7_recobin6 acc 0.0316 eff 0.0204 outinratio 0.0828 

ttH126_4l_costhetaZ1_genbin7_recobin6 acc 0.0304 eff 0.0218 outinratio 0.1751 

ggH126_4l_costhetaZ1_genbin0_recobin7 acc 0.0408 eff 0.0 outinratio 0.0254 

VBFH126_4l_costhetaZ1_genbin0_recobin7 acc 0.043 eff 0.0 outinratio 0.0445 

WminusH126_4l_costhetaZ1_genbin0_recobin7 acc 0.0317 eff 0.0 outinratio 0.0744 

WplusH126_4l_costhetaZ1_genbin0_recobin7 acc 0.0293 eff 0.0032 outinratio 0.0574 

ZH126_4l_costhetaZ1_genbin0_recobin7 acc 0.0318 eff 0.0 outinratio 0.093 

ttH126_4l_costhetaZ1_genbin0_recobin7 acc 0.0295 eff 0.0 outinratio 0.1675 

ggH126_4l_costhetaZ1_genbin1_recobin7 acc 0.054 eff 0.0 outinratio 0.0254 

VBFH126_4l_costhetaZ1_genbin1_recobin7 acc 0.0571 eff 0.0 outinratio 0.0445 

WminusH126_4l_costhetaZ1_genbin1_recobin7 acc 0.0423 eff 0.0 outinratio 0.0744 

WplusH126_4l_costhetaZ1_genbin1_recobin7 acc 0.0354 eff 0.0 outinratio 0.0574 

ZH126_4l_costhetaZ1_genbin1_recobin7 acc 0.04 eff 0.0 outinratio 0.093 

ttH126_4l_costhetaZ1_genbin1_recobin7 acc 0.0388 eff 0.0 outinratio 0.1675 

ggH126_4l_costhetaZ1_genbin2_recobin7 acc 0.0519 eff 0.0 outinratio 0.0254 

VBFH126_4l_costhetaZ1_genbin2_recobin7 acc 0.0574 eff 0.0006 outinratio 0.0445 

WminusH126_4l_costhetaZ1_genbin2_recobin7 acc 0.0473 eff 0.0 outinratio 0.0744 

WplusH126_4l_costhetaZ1_genbin2_recobin7 acc 0.0472 eff 0.0 outinratio 0.0574 

ZH126_4l_costhetaZ1_genbin2_recobin7 acc 0.045 eff 0.0 outinratio 0.093 

ttH126_4l_costhetaZ1_genbin2_recobin7 acc 0.0444 eff 0.0 outinratio 0.1675 

ggH126_4l_costhetaZ1_genbin3_recobin7 acc 0.0625 eff 0.0 outinratio 0.0254 

VBFH126_4l_costhetaZ1_genbin3_recobin7 acc 0.0649 eff 0.0011 outinratio 0.0445 

WminusH126_4l_costhetaZ1_genbin3_recobin7 acc 0.0513 eff 0.0 outinratio 0.0744 

WplusH126_4l_costhetaZ1_genbin3_recobin7 acc 0.0467 eff 0.0 outinratio 0.0574 

ZH126_4l_costhetaZ1_genbin3_recobin7 acc 0.0501 eff 0.0 outinratio 0.093 

ttH126_4l_costhetaZ1_genbin3_recobin7 acc 0.0462 eff 0.0 outinratio 0.1675 

ggH126_4l_costhetaZ1_genbin4_recobin7 acc 0.0571 eff 0.0 outinratio 0.0254 

VBFH126_4l_costhetaZ1_genbin4_recobin7 acc 0.0684 eff 0.001 outinratio 0.0445 

WminusH126_4l_costhetaZ1_genbin4_recobin7 acc 0.0541 eff 0.0003 outinratio 0.0744 

WplusH126_4l_costhetaZ1_genbin4_recobin7 acc 0.0441 eff 0.0 outinratio 0.0574 

ZH126_4l_costhetaZ1_genbin4_recobin7 acc 0.0534 eff 0.0 outinratio 0.093 

ttH126_4l_costhetaZ1_genbin4_recobin7 acc 0.0476 eff 0.0003 outinratio 0.1675 

ggH126_4l_costhetaZ1_genbin5_recobin7 acc 0.0569 eff 0.0 outinratio 0.0254 

VBFH126_4l_costhetaZ1_genbin5_recobin7 acc 0.0638 eff 0.0034 outinratio 0.0445 

WminusH126_4l_costhetaZ1_genbin5_recobin7 acc 0.0502 eff 0.0 outinratio 0.0744 

WplusH126_4l_costhetaZ1_genbin5_recobin7 acc 0.0411 eff 0.0 outinratio 0.0574 

ZH126_4l_costhetaZ1_genbin5_recobin7 acc 0.0491 eff 0.0008 outinratio 0.093 

ttH126_4l_costhetaZ1_genbin5_recobin7 acc 0.0425 eff 0.0014 outinratio 0.1675 

ggH126_4l_costhetaZ1_genbin6_recobin7 acc 0.0451 eff 0.0097 outinratio 0.0254 

VBFH126_4l_costhetaZ1_genbin6_recobin7 acc 0.0588 eff 0.0176 outinratio 0.0445 

WminusH126_4l_costhetaZ1_genbin6_recobin7 acc 0.0386 eff 0.0161 outinratio 0.0744 

WplusH126_4l_costhetaZ1_genbin6_recobin7 acc 0.0386 eff 0.022 outinratio 0.0574 

ZH126_4l_costhetaZ1_genbin6_recobin7 acc 0.0403 eff 0.0196 outinratio 0.093 

ttH126_4l_costhetaZ1_genbin6_recobin7 acc 0.0377 eff 0.0227 outinratio 0.1675 

ggH126_4l_costhetaZ1_genbin7_recobin7 acc 0.0404 eff 0.5696 outinratio 0.0254 

VBFH126_4l_costhetaZ1_genbin7_recobin7 acc 0.0415 eff 0.488 outinratio 0.0445 

WminusH126_4l_costhetaZ1_genbin7_recobin7 acc 0.0327 eff 0.5189 outinratio 0.0744 

WplusH126_4l_costhetaZ1_genbin7_recobin7 acc 0.0315 eff 0.5397 outinratio 0.0574 

ZH126_4l_costhetaZ1_genbin7_recobin7 acc 0.0316 eff 0.5233 outinratio 0.093 

ttH126_4l_costhetaZ1_genbin7_recobin7 acc 0.0304 eff 0.5102 outinratio 0.1675 

ggH126_4e_costhetaZ1_genbin0_recobin0 acc 0.0417 eff 0.3222 outinratio 0.0697 

VBFH126_4e_costhetaZ1_genbin0_recobin0 acc 0.045 eff 0.313 outinratio 0.084 

WminusH126_4e_costhetaZ1_genbin0_recobin0 acc 0.0301 eff 0.2883 outinratio 0.0431 

WplusH126_4e_costhetaZ1_genbin0_recobin0 acc 0.0278 eff 0.2526 outinratio 0.0692 

ZH126_4e_costhetaZ1_genbin0_recobin0 acc 0.0304 eff 0.253 outinratio 0.0814 

ttH126_4e_costhetaZ1_genbin0_recobin0 acc 0.0278 eff 0.2934 outinratio 0.2596 

ggH126_4e_costhetaZ1_genbin1_recobin0 acc 0.0504 eff 0.0151 outinratio 0.0697 

VBFH126_4e_costhetaZ1_genbin1_recobin0 acc 0.057 eff 0.0148 outinratio 0.084 

WminusH126_4e_costhetaZ1_genbin1_recobin0 acc 0.0474 eff 0.0179 outinratio 0.0431 

WplusH126_4e_costhetaZ1_genbin1_recobin0 acc 0.0339 eff 0.0148 outinratio 0.0692 

ZH126_4e_costhetaZ1_genbin1_recobin0 acc 0.042 eff 0.0081 outinratio 0.0814 

ttH126_4e_costhetaZ1_genbin1_recobin0 acc 0.0388 eff 0.0156 outinratio 0.2596 

ggH126_4e_costhetaZ1_genbin2_recobin0 acc 0.0409 eff 0.0 outinratio 0.0697 

VBFH126_4e_costhetaZ1_genbin2_recobin0 acc 0.0588 eff 0.0 outinratio 0.084 

WminusH126_4e_costhetaZ1_genbin2_recobin0 acc 0.0497 eff 0.0023 outinratio 0.0431 

WplusH126_4e_costhetaZ1_genbin2_recobin0 acc 0.0408 eff 0.0 outinratio 0.0692 

ZH126_4e_costhetaZ1_genbin2_recobin0 acc 0.042 eff 0.0 outinratio 0.0814 

ttH126_4e_costhetaZ1_genbin2_recobin0 acc 0.0435 eff 0.0 outinratio 0.2596 

ggH126_4e_costhetaZ1_genbin3_recobin0 acc 0.0669 eff 0.0 outinratio 0.0697 

VBFH126_4e_costhetaZ1_genbin3_recobin0 acc 0.0659 eff 0.0 outinratio 0.084 

WminusH126_4e_costhetaZ1_genbin3_recobin0 acc 0.0484 eff 0.0 outinratio 0.0431 

WplusH126_4e_costhetaZ1_genbin3_recobin0 acc 0.0477 eff 0.0 outinratio 0.0692 

ZH126_4e_costhetaZ1_genbin3_recobin0 acc 0.0526 eff 0.0 outinratio 0.0814 

ttH126_4e_costhetaZ1_genbin3_recobin0 acc 0.0452 eff 0.0 outinratio 0.2596 

ggH126_4e_costhetaZ1_genbin4_recobin0 acc 0.0567 eff 0.0 outinratio 0.0697 

VBFH126_4e_costhetaZ1_genbin4_recobin0 acc 0.0654 eff 0.0 outinratio 0.084 

WminusH126_4e_costhetaZ1_genbin4_recobin0 acc 0.0495 eff 0.0 outinratio 0.0431 

WplusH126_4e_costhetaZ1_genbin4_recobin0 acc 0.0411 eff 0.0 outinratio 0.0692 

ZH126_4e_costhetaZ1_genbin4_recobin0 acc 0.0562 eff 0.0 outinratio 0.0814 

ttH126_4e_costhetaZ1_genbin4_recobin0 acc 0.0471 eff 0.0 outinratio 0.2596 

ggH126_4e_costhetaZ1_genbin5_recobin0 acc 0.0496 eff 0.0 outinratio 0.0697 

VBFH126_4e_costhetaZ1_genbin5_recobin0 acc 0.0552 eff 0.0 outinratio 0.084 

WminusH126_4e_costhetaZ1_genbin5_recobin0 acc 0.0456 eff 0.0 outinratio 0.0431 

WplusH126_4e_costhetaZ1_genbin5_recobin0 acc 0.0441 eff 0.0 outinratio 0.0692 

ZH126_4e_costhetaZ1_genbin5_recobin0 acc 0.0464 eff 0.0 outinratio 0.0814 

ttH126_4e_costhetaZ1_genbin5_recobin0 acc 0.0444 eff 0.0 outinratio 0.2596 

ggH126_4e_costhetaZ1_genbin6_recobin0 acc 0.0394 eff 0.0 outinratio 0.0697 

VBFH126_4e_costhetaZ1_genbin6_recobin0 acc 0.0476 eff 0.0 outinratio 0.084 

WminusH126_4e_costhetaZ1_genbin6_recobin0 acc 0.0377 eff 0.0 outinratio 0.0431 

WplusH126_4e_costhetaZ1_genbin6_recobin0 acc 0.0342 eff 0.0 outinratio 0.0692 

ZH126_4e_costhetaZ1_genbin6_recobin0 acc 0.0349 eff 0.0 outinratio 0.0814 

ttH126_4e_costhetaZ1_genbin6_recobin0 acc 0.0369 eff 0.0 outinratio 0.2596 

ggH126_4e_costhetaZ1_genbin7_recobin0 acc 0.0378 eff 0.0 outinratio 0.0697 

VBFH126_4e_costhetaZ1_genbin7_recobin0 acc 0.0356 eff 0.0 outinratio 0.084 

WminusH126_4e_costhetaZ1_genbin7_recobin0 acc 0.0286 eff 0.0 outinratio 0.0431 

WplusH126_4e_costhetaZ1_genbin7_recobin0 acc 0.0295 eff 0.0 outinratio 0.0692 

ZH126_4e_costhetaZ1_genbin7_recobin0 acc 0.0289 eff 0.0 outinratio 0.0814 

ttH126_4e_costhetaZ1_genbin7_recobin0 acc 0.0282 eff 0.0 outinratio 0.2596 

ggH126_4e_costhetaZ1_genbin0_recobin1 acc 0.0417 eff 0.0107 outinratio 0.0659 

VBFH126_4e_costhetaZ1_genbin0_recobin1 acc 0.045 eff 0.0163 outinratio 0.0256 

WminusH126_4e_costhetaZ1_genbin0_recobin1 acc 0.0301 eff 0.0035 outinratio 0.0356 

WplusH126_4e_costhetaZ1_genbin0_recobin1 acc 0.0278 eff 0.0495 outinratio 0.1517 

ZH126_4e_costhetaZ1_genbin0_recobin1 acc 0.0304 eff 0.0295 outinratio 0.0474 

ttH126_4e_costhetaZ1_genbin0_recobin1 acc 0.0278 eff 0.03 outinratio 0.1839 

ggH126_4e_costhetaZ1_genbin1_recobin1 acc 0.0504 eff 0.3139 outinratio 0.0659 

VBFH126_4e_costhetaZ1_genbin1_recobin1 acc 0.057 eff 0.3044 outinratio 0.0256 

WminusH126_4e_costhetaZ1_genbin1_recobin1 acc 0.0474 eff 0.2791 outinratio 0.0356 

WplusH126_4e_costhetaZ1_genbin1_recobin1 acc 0.0339 eff 0.2158 outinratio 0.1517 

ZH126_4e_costhetaZ1_genbin1_recobin1 acc 0.042 eff 0.3054 outinratio 0.0474 

ttH126_4e_costhetaZ1_genbin1_recobin1 acc 0.0388 eff 0.2682 outinratio 0.1839 

ggH126_4e_costhetaZ1_genbin2_recobin1 acc 0.0409 eff 0.0436 outinratio 0.0659 

VBFH126_4e_costhetaZ1_genbin2_recobin1 acc 0.0588 eff 0.0105 outinratio 0.0256 

WminusH126_4e_costhetaZ1_genbin2_recobin1 acc 0.0497 eff 0.0072 outinratio 0.0356 

WplusH126_4e_costhetaZ1_genbin2_recobin1 acc 0.0408 eff 0.0414 outinratio 0.1517 

ZH126_4e_costhetaZ1_genbin2_recobin1 acc 0.042 eff 0.0277 outinratio 0.0474 

ttH126_4e_costhetaZ1_genbin2_recobin1 acc 0.0435 eff 0.027 outinratio 0.1839 

ggH126_4e_costhetaZ1_genbin3_recobin1 acc 0.0669 eff 0.0 outinratio 0.0659 

VBFH126_4e_costhetaZ1_genbin3_recobin1 acc 0.0659 eff 0.0026 outinratio 0.0256 

WminusH126_4e_costhetaZ1_genbin3_recobin1 acc 0.0484 eff -0.0012 outinratio 0.0356 

WplusH126_4e_costhetaZ1_genbin3_recobin1 acc 0.0477 eff 0.0113 outinratio 0.1517 

ZH126_4e_costhetaZ1_genbin3_recobin1 acc 0.0526 eff 0.0 outinratio 0.0474 

ttH126_4e_costhetaZ1_genbin3_recobin1 acc 0.0452 eff 0.0003 outinratio 0.1839 

ggH126_4e_costhetaZ1_genbin4_recobin1 acc 0.0567 eff 0.0 outinratio 0.0659 

VBFH126_4e_costhetaZ1_genbin4_recobin1 acc 0.0654 eff 0.0 outinratio 0.0256 

WminusH126_4e_costhetaZ1_genbin4_recobin1 acc 0.0495 eff 0.0 outinratio 0.0356 

WplusH126_4e_costhetaZ1_genbin4_recobin1 acc 0.0411 eff 0.0 outinratio 0.1517 

ZH126_4e_costhetaZ1_genbin4_recobin1 acc 0.0562 eff 0.0 outinratio 0.0474 

ttH126_4e_costhetaZ1_genbin4_recobin1 acc 0.0471 eff 0.0005 outinratio 0.1839 

ggH126_4e_costhetaZ1_genbin5_recobin1 acc 0.0496 eff 0.0 outinratio 0.0659 

VBFH126_4e_costhetaZ1_genbin5_recobin1 acc 0.0552 eff 0.0 outinratio 0.0256 

WminusH126_4e_costhetaZ1_genbin5_recobin1 acc 0.0456 eff 0.0 outinratio 0.0356 

WplusH126_4e_costhetaZ1_genbin5_recobin1 acc 0.0441 eff 0.0 outinratio 0.1517 

ZH126_4e_costhetaZ1_genbin5_recobin1 acc 0.0464 eff 0.0 outinratio 0.0474 

ttH126_4e_costhetaZ1_genbin5_recobin1 acc 0.0444 eff 0.0 outinratio 0.1839 

ggH126_4e_costhetaZ1_genbin6_recobin1 acc 0.0394 eff 0.0 outinratio 0.0659 

VBFH126_4e_costhetaZ1_genbin6_recobin1 acc 0.0476 eff 0.0 outinratio 0.0256 

WminusH126_4e_costhetaZ1_genbin6_recobin1 acc 0.0377 eff 0.0 outinratio 0.0356 

WplusH126_4e_costhetaZ1_genbin6_recobin1 acc 0.0342 eff 0.0 outinratio 0.1517 

ZH126_4e_costhetaZ1_genbin6_recobin1 acc 0.0349 eff 0.0 outinratio 0.0474 

ttH126_4e_costhetaZ1_genbin6_recobin1 acc 0.0369 eff 0.0 outinratio 0.1839 

ggH126_4e_costhetaZ1_genbin7_recobin1 acc 0.0378 eff 0.0 outinratio 0.0659 

VBFH126_4e_costhetaZ1_genbin7_recobin1 acc 0.0356 eff 0.0 outinratio 0.0256 

WminusH126_4e_costhetaZ1_genbin7_recobin1 acc 0.0286 eff 0.0 outinratio 0.0356 

WplusH126_4e_costhetaZ1_genbin7_recobin1 acc 0.0295 eff 0.0 outinratio 0.1517 

ZH126_4e_costhetaZ1_genbin7_recobin1 acc 0.0289 eff 0.0 outinratio 0.0474 

ttH126_4e_costhetaZ1_genbin7_recobin1 acc 0.0282 eff 0.0 outinratio 0.1839 

ggH126_4e_costhetaZ1_genbin0_recobin2 acc 0.0417 eff 0.0 outinratio 0.0 

VBFH126_4e_costhetaZ1_genbin0_recobin2 acc 0.045 eff 0.0 outinratio 0.0885 

WminusH126_4e_costhetaZ1_genbin0_recobin2 acc 0.0301 eff 0.0 outinratio 0.0966 

WplusH126_4e_costhetaZ1_genbin0_recobin2 acc 0.0278 eff 0.003 outinratio 0.029 

ZH126_4e_costhetaZ1_genbin0_recobin2 acc 0.0304 eff 0.0042 outinratio 0.097 

ttH126_4e_costhetaZ1_genbin0_recobin2 acc 0.0278 eff 0.0015 outinratio 0.2518 

ggH126_4e_costhetaZ1_genbin1_recobin2 acc 0.0504 eff 0.0102 outinratio 0.0 

VBFH126_4e_costhetaZ1_genbin1_recobin2 acc 0.057 eff 0.0267 outinratio 0.0885 

WminusH126_4e_costhetaZ1_genbin1_recobin2 acc 0.0474 eff 0.0429 outinratio 0.0966 

WplusH126_4e_costhetaZ1_genbin1_recobin2 acc 0.0339 eff 0.0381 outinratio 0.029 

ZH126_4e_costhetaZ1_genbin1_recobin2 acc 0.042 eff 0.0338 outinratio 0.097 

ttH126_4e_costhetaZ1_genbin1_recobin2 acc 0.0388 eff 0.0373 outinratio 0.2518 

ggH126_4e_costhetaZ1_genbin2_recobin2 acc 0.0409 eff 0.1678 outinratio 0.0 

VBFH126_4e_costhetaZ1_genbin2_recobin2 acc 0.0588 eff 0.3196 outinratio 0.0885 

WminusH126_4e_costhetaZ1_genbin2_recobin2 acc 0.0497 eff 0.3014 outinratio 0.0966 

WplusH126_4e_costhetaZ1_genbin2_recobin2 acc 0.0408 eff 0.3184 outinratio 0.029 

ZH126_4e_costhetaZ1_genbin2_recobin2 acc 0.042 eff 0.2225 outinratio 0.097 

ttH126_4e_costhetaZ1_genbin2_recobin2 acc 0.0435 eff 0.256 outinratio 0.2518 

ggH126_4e_costhetaZ1_genbin3_recobin2 acc 0.0669 eff 0.0165 outinratio 0.0 

VBFH126_4e_costhetaZ1_genbin3_recobin2 acc 0.0659 eff 0.0405 outinratio 0.0885 

WminusH126_4e_costhetaZ1_genbin3_recobin2 acc 0.0484 eff 0.0413 outinratio 0.0966 

WplusH126_4e_costhetaZ1_genbin3_recobin2 acc 0.0477 eff 0.0241 outinratio 0.029 

ZH126_4e_costhetaZ1_genbin3_recobin2 acc 0.0526 eff 0.0251 outinratio 0.097 

ttH126_4e_costhetaZ1_genbin3_recobin2 acc 0.0452 eff 0.0323 outinratio 0.2518 

ggH126_4e_costhetaZ1_genbin4_recobin2 acc 0.0567 eff 0.0084 outinratio 0.0 

VBFH126_4e_costhetaZ1_genbin4_recobin2 acc 0.0654 eff 0.0 outinratio 0.0885 

WminusH126_4e_costhetaZ1_genbin4_recobin2 acc 0.0495 eff 0.0067 outinratio 0.0966 

WplusH126_4e_costhetaZ1_genbin4_recobin2 acc 0.0411 eff 0.0 outinratio 0.029 

ZH126_4e_costhetaZ1_genbin4_recobin2 acc 0.0562 eff 0.0022 outinratio 0.097 

ttH126_4e_costhetaZ1_genbin4_recobin2 acc 0.0471 eff 0.003 outinratio 0.2518 

ggH126_4e_costhetaZ1_genbin5_recobin2 acc 0.0496 eff 0.0 outinratio 0.0 

VBFH126_4e_costhetaZ1_genbin5_recobin2 acc 0.0552 eff 0.0 outinratio 0.0885 

WminusH126_4e_costhetaZ1_genbin5_recobin2 acc 0.0456 eff 0.0 outinratio 0.0966 

WplusH126_4e_costhetaZ1_genbin5_recobin2 acc 0.0441 eff 0.0032 outinratio 0.029 

ZH126_4e_costhetaZ1_genbin5_recobin2 acc 0.0464 eff 0.0 outinratio 0.097 

ttH126_4e_costhetaZ1_genbin5_recobin2 acc 0.0444 eff 0.0 outinratio 0.2518 

ggH126_4e_costhetaZ1_genbin6_recobin2 acc 0.0394 eff 0.0 outinratio 0.0 

VBFH126_4e_costhetaZ1_genbin6_recobin2 acc 0.0476 eff 0.0 outinratio 0.0885 

WminusH126_4e_costhetaZ1_genbin6_recobin2 acc 0.0377 eff 0.0 outinratio 0.0966 

WplusH126_4e_costhetaZ1_genbin6_recobin2 acc 0.0342 eff 0.0 outinratio 0.029 

ZH126_4e_costhetaZ1_genbin6_recobin2 acc 0.0349 eff 0.0 outinratio 0.097 

ttH126_4e_costhetaZ1_genbin6_recobin2 acc 0.0369 eff 0.0006 outinratio 0.2518 

ggH126_4e_costhetaZ1_genbin7_recobin2 acc 0.0378 eff 0.0 outinratio 0.0 

VBFH126_4e_costhetaZ1_genbin7_recobin2 acc 0.0356 eff 0.0 outinratio 0.0885 

WminusH126_4e_costhetaZ1_genbin7_recobin2 acc 0.0286 eff 0.0 outinratio 0.0966 

WplusH126_4e_costhetaZ1_genbin7_recobin2 acc 0.0295 eff 0.0 outinratio 0.029 

ZH126_4e_costhetaZ1_genbin7_recobin2 acc 0.0289 eff 0.0 outinratio 0.097 

ttH126_4e_costhetaZ1_genbin7_recobin2 acc 0.0282 eff 0.0 outinratio 0.2518 

ggH126_4e_costhetaZ1_genbin0_recobin3 acc 0.0417 eff 0.0 outinratio 0.0252 

VBFH126_4e_costhetaZ1_genbin0_recobin3 acc 0.045 eff 0.0 outinratio 0.0359 

WminusH126_4e_costhetaZ1_genbin0_recobin3 acc 0.0301 eff 0.0 outinratio 0.0525 

WplusH126_4e_costhetaZ1_genbin0_recobin3 acc 0.0278 eff 0.0 outinratio 0.0834 

ZH126_4e_costhetaZ1_genbin0_recobin3 acc 0.0304 eff 0.0 outinratio 0.0815 

ttH126_4e_costhetaZ1_genbin0_recobin3 acc 0.0278 eff 0.0 outinratio 0.1746 

ggH126_4e_costhetaZ1_genbin1_recobin3 acc 0.0504 eff 0.0 outinratio 0.0252 

VBFH126_4e_costhetaZ1_genbin1_recobin3 acc 0.057 eff 0.0 outinratio 0.0359 

WminusH126_4e_costhetaZ1_genbin1_recobin3 acc 0.0474 eff 0.0 outinratio 0.0525 

WplusH126_4e_costhetaZ1_genbin1_recobin3 acc 0.0339 eff 0.0 outinratio 0.0834 

ZH126_4e_costhetaZ1_genbin1_recobin3 acc 0.042 eff 0.0 outinratio 0.0815 

ttH126_4e_costhetaZ1_genbin1_recobin3 acc 0.0388 eff 0.0 outinratio 0.1746 

ggH126_4e_costhetaZ1_genbin2_recobin3 acc 0.0409 eff 0.0189 outinratio 0.0252 

VBFH126_4e_costhetaZ1_genbin2_recobin3 acc 0.0588 eff 0.0395 outinratio 0.0359 

WminusH126_4e_costhetaZ1_genbin2_recobin3 acc 0.0497 eff 0.0449 outinratio 0.0525 

WplusH126_4e_costhetaZ1_genbin2_recobin3 acc 0.0408 eff 0.0077 outinratio 0.0834 

ZH126_4e_costhetaZ1_genbin2_recobin3 acc 0.042 eff 0.0242 outinratio 0.0815 

ttH126_4e_costhetaZ1_genbin2_recobin3 acc 0.0435 eff 0.0393 outinratio 0.1746 

ggH126_4e_costhetaZ1_genbin3_recobin3 acc 0.0669 eff 0.1985 outinratio 0.0252 

VBFH126_4e_costhetaZ1_genbin3_recobin3 acc 0.0659 eff 0.2776 outinratio 0.0359 

WminusH126_4e_costhetaZ1_genbin3_recobin3 acc 0.0484 eff 0.2832 outinratio 0.0525 

WplusH126_4e_costhetaZ1_genbin3_recobin3 acc 0.0477 eff 0.2532 outinratio 0.0834 

ZH126_4e_costhetaZ1_genbin3_recobin3 acc 0.0526 eff 0.2344 outinratio 0.0815 

ttH126_4e_costhetaZ1_genbin3_recobin3 acc 0.0452 eff 0.3018 outinratio 0.1746 

ggH126_4e_costhetaZ1_genbin4_recobin3 acc 0.0567 eff 0.0783 outinratio 0.0252 

VBFH126_4e_costhetaZ1_genbin4_recobin3 acc 0.0654 eff 0.0291 outinratio 0.0359 

WminusH126_4e_costhetaZ1_genbin4_recobin3 acc 0.0495 eff 0.039 outinratio 0.0525 

WplusH126_4e_costhetaZ1_genbin4_recobin3 acc 0.0411 eff 0.0458 outinratio 0.0834 

ZH126_4e_costhetaZ1_genbin4_recobin3 acc 0.0562 eff 0.0295 outinratio 0.0815 

ttH126_4e_costhetaZ1_genbin4_recobin3 acc 0.0471 eff 0.0335 outinratio 0.1746 

ggH126_4e_costhetaZ1_genbin5_recobin3 acc 0.0496 eff 0.0 outinratio 0.0252 

VBFH126_4e_costhetaZ1_genbin5_recobin3 acc 0.0552 eff 0.0 outinratio 0.0359 

WminusH126_4e_costhetaZ1_genbin5_recobin3 acc 0.0456 eff 0.0 outinratio 0.0525 

WplusH126_4e_costhetaZ1_genbin5_recobin3 acc 0.0441 eff 0.0 outinratio 0.0834 

ZH126_4e_costhetaZ1_genbin5_recobin3 acc 0.0464 eff 0.0 outinratio 0.0815 

ttH126_4e_costhetaZ1_genbin5_recobin3 acc 0.0444 eff 0.001 outinratio 0.1746 

ggH126_4e_costhetaZ1_genbin6_recobin3 acc 0.0394 eff 0.0 outinratio 0.0252 

VBFH126_4e_costhetaZ1_genbin6_recobin3 acc 0.0476 eff 0.0 outinratio 0.0359 

WminusH126_4e_costhetaZ1_genbin6_recobin3 acc 0.0377 eff 0.0 outinratio 0.0525 

WplusH126_4e_costhetaZ1_genbin6_recobin3 acc 0.0342 eff 0.0 outinratio 0.0834 

ZH126_4e_costhetaZ1_genbin6_recobin3 acc 0.0349 eff 0.0086 outinratio 0.0815 

ttH126_4e_costhetaZ1_genbin6_recobin3 acc 0.0369 eff 0.0 outinratio 0.1746 

ggH126_4e_costhetaZ1_genbin7_recobin3 acc 0.0378 eff 0.0 outinratio 0.0252 

VBFH126_4e_costhetaZ1_genbin7_recobin3 acc 0.0356 eff 0.0 outinratio 0.0359 

WminusH126_4e_costhetaZ1_genbin7_recobin3 acc 0.0286 eff 0.0 outinratio 0.0525 

WplusH126_4e_costhetaZ1_genbin7_recobin3 acc 0.0295 eff 0.0 outinratio 0.0834 

ZH126_4e_costhetaZ1_genbin7_recobin3 acc 0.0289 eff 0.0 outinratio 0.0815 

ttH126_4e_costhetaZ1_genbin7_recobin3 acc 0.0282 eff 0.0 outinratio 0.1746 

ggH126_4e_costhetaZ1_genbin0_recobin4 acc 0.0417 eff 0.0 outinratio 0.107 

VBFH126_4e_costhetaZ1_genbin0_recobin4 acc 0.045 eff 0.0 outinratio 0.0401 

WminusH126_4e_costhetaZ1_genbin0_recobin4 acc 0.0301 eff 0.0 outinratio 0.0628 

WplusH126_4e_costhetaZ1_genbin0_recobin4 acc 0.0278 eff 0.0 outinratio 0.0533 

ZH126_4e_costhetaZ1_genbin0_recobin4 acc 0.0304 eff 0.0 outinratio 0.0176 

ttH126_4e_costhetaZ1_genbin0_recobin4 acc 0.0278 eff 0.0 outinratio 0.1847 

ggH126_4e_costhetaZ1_genbin1_recobin4 acc 0.0504 eff 0.0 outinratio 0.107 

VBFH126_4e_costhetaZ1_genbin1_recobin4 acc 0.057 eff 0.0 outinratio 0.0401 

WminusH126_4e_costhetaZ1_genbin1_recobin4 acc 0.0474 eff 0.0 outinratio 0.0628 

WplusH126_4e_costhetaZ1_genbin1_recobin4 acc 0.0339 eff 0.0 outinratio 0.0533 

ZH126_4e_costhetaZ1_genbin1_recobin4 acc 0.042 eff 0.0 outinratio 0.0176 

ttH126_4e_costhetaZ1_genbin1_recobin4 acc 0.0388 eff 0.0016 outinratio 0.1847 

ggH126_4e_costhetaZ1_genbin2_recobin4 acc 0.0409 eff 0.0 outinratio 0.107 

VBFH126_4e_costhetaZ1_genbin2_recobin4 acc 0.0588 eff 0.0 outinratio 0.0401 

WminusH126_4e_costhetaZ1_genbin2_recobin4 acc 0.0497 eff 0.0024 outinratio 0.0628 

WplusH126_4e_costhetaZ1_genbin2_recobin4 acc 0.0408 eff 0.0025 outinratio 0.0533 

ZH126_4e_costhetaZ1_genbin2_recobin4 acc 0.042 eff 0.0 outinratio 0.0176 

ttH126_4e_costhetaZ1_genbin2_recobin4 acc 0.0435 eff 0.0017 outinratio 0.1847 

ggH126_4e_costhetaZ1_genbin3_recobin4 acc 0.0669 eff 0.0 outinratio 0.107 

VBFH126_4e_costhetaZ1_genbin3_recobin4 acc 0.0659 eff 0.0162 outinratio 0.0401 

WminusH126_4e_costhetaZ1_genbin3_recobin4 acc 0.0484 eff 0.0676 outinratio 0.0628 

WplusH126_4e_costhetaZ1_genbin3_recobin4 acc 0.0477 eff 0.0206 outinratio 0.0533 

ZH126_4e_costhetaZ1_genbin3_recobin4 acc 0.0526 eff 0.0475 outinratio 0.0176 

ttH126_4e_costhetaZ1_genbin3_recobin4 acc 0.0452 eff 0.0262 outinratio 0.1847 

ggH126_4e_costhetaZ1_genbin4_recobin4 acc 0.0567 eff 0.3959 outinratio 0.107 

VBFH126_4e_costhetaZ1_genbin4_recobin4 acc 0.0654 eff 0.318 outinratio 0.0401 

WminusH126_4e_costhetaZ1_genbin4_recobin4 acc 0.0495 eff 0.2856 outinratio 0.0628 

WplusH126_4e_costhetaZ1_genbin4_recobin4 acc 0.0411 eff 0.2565 outinratio 0.0533 

ZH126_4e_costhetaZ1_genbin4_recobin4 acc 0.0562 eff 0.2669 outinratio 0.0176 

ttH126_4e_costhetaZ1_genbin4_recobin4 acc 0.0471 eff 0.267 outinratio 0.1847 

ggH126_4e_costhetaZ1_genbin5_recobin4 acc 0.0496 eff 0.0551 outinratio 0.107 

VBFH126_4e_costhetaZ1_genbin5_recobin4 acc 0.0552 eff 0.0043 outinratio 0.0401 

WminusH126_4e_costhetaZ1_genbin5_recobin4 acc 0.0456 eff 0.0327 outinratio 0.0628 

WplusH126_4e_costhetaZ1_genbin5_recobin4 acc 0.0441 eff 0.0507 outinratio 0.0533 

ZH126_4e_costhetaZ1_genbin5_recobin4 acc 0.0464 eff 0.0191 outinratio 0.0176 

ttH126_4e_costhetaZ1_genbin5_recobin4 acc 0.0444 eff 0.036 outinratio 0.1847 

ggH126_4e_costhetaZ1_genbin6_recobin4 acc 0.0394 eff 0.0271 outinratio 0.107 

VBFH126_4e_costhetaZ1_genbin6_recobin4 acc 0.0476 eff 0.0 outinratio 0.0401 

WminusH126_4e_costhetaZ1_genbin6_recobin4 acc 0.0377 eff 0.0 outinratio 0.0628 

WplusH126_4e_costhetaZ1_genbin6_recobin4 acc 0.0342 eff 0.0075 outinratio 0.0533 

ZH126_4e_costhetaZ1_genbin6_recobin4 acc 0.0349 eff 0.0045 outinratio 0.0176 

ttH126_4e_costhetaZ1_genbin6_recobin4 acc 0.0369 eff 0.0 outinratio 0.1847 

ggH126_4e_costhetaZ1_genbin7_recobin4 acc 0.0378 eff 0.0 outinratio 0.107 

VBFH126_4e_costhetaZ1_genbin7_recobin4 acc 0.0356 eff 0.0 outinratio 0.0401 

WminusH126_4e_costhetaZ1_genbin7_recobin4 acc 0.0286 eff 0.0 outinratio 0.0628 

WplusH126_4e_costhetaZ1_genbin7_recobin4 acc 0.0295 eff 0.0 outinratio 0.0533 

ZH126_4e_costhetaZ1_genbin7_recobin4 acc 0.0289 eff 0.0 outinratio 0.0176 

ttH126_4e_costhetaZ1_genbin7_recobin4 acc 0.0282 eff 0.0006 outinratio 0.1847 

ggH126_4e_costhetaZ1_genbin0_recobin5 acc 0.0417 eff 0.0 outinratio 0.0 

VBFH126_4e_costhetaZ1_genbin0_recobin5 acc 0.045 eff 0.0 outinratio 0.0571 

WminusH126_4e_costhetaZ1_genbin0_recobin5 acc 0.0301 eff 0.0 outinratio 0.0871 

WplusH126_4e_costhetaZ1_genbin0_recobin5 acc 0.0278 eff 0.0 outinratio 0.1045 

ZH126_4e_costhetaZ1_genbin0_recobin5 acc 0.0304 eff 0.0 outinratio 0.0614 

ttH126_4e_costhetaZ1_genbin0_recobin5 acc 0.0278 eff 0.0 outinratio 0.218 

ggH126_4e_costhetaZ1_genbin1_recobin5 acc 0.0504 eff 0.0 outinratio 0.0 

VBFH126_4e_costhetaZ1_genbin1_recobin5 acc 0.057 eff 0.0 outinratio 0.0571 

WminusH126_4e_costhetaZ1_genbin1_recobin5 acc 0.0474 eff 0.0 outinratio 0.0871 

WplusH126_4e_costhetaZ1_genbin1_recobin5 acc 0.0339 eff 0.0 outinratio 0.1045 

ZH126_4e_costhetaZ1_genbin1_recobin5 acc 0.042 eff 0.0 outinratio 0.0614 

ttH126_4e_costhetaZ1_genbin1_recobin5 acc 0.0388 eff 0.0 outinratio 0.218 

ggH126_4e_costhetaZ1_genbin2_recobin5 acc 0.0409 eff 0.0 outinratio 0.0 

VBFH126_4e_costhetaZ1_genbin2_recobin5 acc 0.0588 eff 0.0 outinratio 0.0571 

WminusH126_4e_costhetaZ1_genbin2_recobin5 acc 0.0497 eff 0.0 outinratio 0.0871 

WplusH126_4e_costhetaZ1_genbin2_recobin5 acc 0.0408 eff 0.0 outinratio 0.1045 

ZH126_4e_costhetaZ1_genbin2_recobin5 acc 0.042 eff 0.0032 outinratio 0.0614 

ttH126_4e_costhetaZ1_genbin2_recobin5 acc 0.0435 eff 0.0005 outinratio 0.218 

ggH126_4e_costhetaZ1_genbin3_recobin5 acc 0.0669 eff 0.0191 outinratio 0.0 

VBFH126_4e_costhetaZ1_genbin3_recobin5 acc 0.0659 eff 0.0 outinratio 0.0571 

WminusH126_4e_costhetaZ1_genbin3_recobin5 acc 0.0484 eff -0.0019 outinratio 0.0871 

WplusH126_4e_costhetaZ1_genbin3_recobin5 acc 0.0477 eff 0.0 outinratio 0.1045 

ZH126_4e_costhetaZ1_genbin3_recobin5 acc 0.0526 eff 0.0027 outinratio 0.0614 

ttH126_4e_costhetaZ1_genbin3_recobin5 acc 0.0452 eff 0.0038 outinratio 0.218 

ggH126_4e_costhetaZ1_genbin4_recobin5 acc 0.0567 eff 0.0084 outinratio 0.0 

VBFH126_4e_costhetaZ1_genbin4_recobin5 acc 0.0654 eff 0.0603 outinratio 0.0571 

WminusH126_4e_costhetaZ1_genbin4_recobin5 acc 0.0495 eff 0.0236 outinratio 0.0871 

WplusH126_4e_costhetaZ1_genbin4_recobin5 acc 0.0411 eff 0.0308 outinratio 0.1045 

ZH126_4e_costhetaZ1_genbin4_recobin5 acc 0.0562 eff 0.0335 outinratio 0.0614 

ttH126_4e_costhetaZ1_genbin4_recobin5 acc 0.0471 eff 0.0263 outinratio 0.218 

ggH126_4e_costhetaZ1_genbin5_recobin5 acc 0.0496 eff 0.1623 outinratio 0.0 

VBFH126_4e_costhetaZ1_genbin5_recobin5 acc 0.0552 eff 0.3132 outinratio 0.0571 

WminusH126_4e_costhetaZ1_genbin5_recobin5 acc 0.0456 eff 0.3114 outinratio 0.0871 

WplusH126_4e_costhetaZ1_genbin5_recobin5 acc 0.0441 eff 0.3062 outinratio 0.1045 

ZH126_4e_costhetaZ1_genbin5_recobin5 acc 0.0464 eff 0.2199 outinratio 0.0614 

ttH126_4e_costhetaZ1_genbin5_recobin5 acc 0.0444 eff 0.3014 outinratio 0.218 

ggH126_4e_costhetaZ1_genbin6_recobin5 acc 0.0394 eff 0.0 outinratio 0.0 

VBFH126_4e_costhetaZ1_genbin6_recobin5 acc 0.0476 eff 0.0546 outinratio 0.0571 

WminusH126_4e_costhetaZ1_genbin6_recobin5 acc 0.0377 eff 0.0207 outinratio 0.0871 

WplusH126_4e_costhetaZ1_genbin6_recobin5 acc 0.0342 eff 0.0208 outinratio 0.1045 

ZH126_4e_costhetaZ1_genbin6_recobin5 acc 0.0349 eff 0.038 outinratio 0.0614 

ttH126_4e_costhetaZ1_genbin6_recobin5 acc 0.0369 eff 0.0271 outinratio 0.218 

ggH126_4e_costhetaZ1_genbin7_recobin5 acc 0.0378 eff 0.0398 outinratio 0.0 

VBFH126_4e_costhetaZ1_genbin7_recobin5 acc 0.0356 eff 0.0 outinratio 0.0571 

WminusH126_4e_costhetaZ1_genbin7_recobin5 acc 0.0286 eff 0.0 outinratio 0.0871 

WplusH126_4e_costhetaZ1_genbin7_recobin5 acc 0.0295 eff 0.0 outinratio 0.1045 

ZH126_4e_costhetaZ1_genbin7_recobin5 acc 0.0289 eff 0.0 outinratio 0.0614 

ttH126_4e_costhetaZ1_genbin7_recobin5 acc 0.0282 eff 0.0004 outinratio 0.218 

ggH126_4e_costhetaZ1_genbin0_recobin6 acc 0.0417 eff 0.0 outinratio 0.033 

VBFH126_4e_costhetaZ1_genbin0_recobin6 acc 0.045 eff 0.0 outinratio 0.0305 

WminusH126_4e_costhetaZ1_genbin0_recobin6 acc 0.0301 eff 0.0 outinratio 0.1007 

WplusH126_4e_costhetaZ1_genbin0_recobin6 acc 0.0278 eff 0.0 outinratio 0.0403 

ZH126_4e_costhetaZ1_genbin0_recobin6 acc 0.0304 eff 0.0 outinratio 0.0338 

ttH126_4e_costhetaZ1_genbin0_recobin6 acc 0.0278 eff 0.0 outinratio 0.1586 

ggH126_4e_costhetaZ1_genbin1_recobin6 acc 0.0504 eff 0.0 outinratio 0.033 

VBFH126_4e_costhetaZ1_genbin1_recobin6 acc 0.057 eff 0.0 outinratio 0.0305 

WminusH126_4e_costhetaZ1_genbin1_recobin6 acc 0.0474 eff 0.0 outinratio 0.1007 

WplusH126_4e_costhetaZ1_genbin1_recobin6 acc 0.0339 eff 0.0 outinratio 0.0403 

ZH126_4e_costhetaZ1_genbin1_recobin6 acc 0.042 eff 0.0 outinratio 0.0338 

ttH126_4e_costhetaZ1_genbin1_recobin6 acc 0.0388 eff 0.0 outinratio 0.1586 

ggH126_4e_costhetaZ1_genbin2_recobin6 acc 0.0409 eff 0.0 outinratio 0.033 

VBFH126_4e_costhetaZ1_genbin2_recobin6 acc 0.0588 eff 0.0 outinratio 0.0305 

WminusH126_4e_costhetaZ1_genbin2_recobin6 acc 0.0497 eff 0.0 outinratio 0.1007 

WplusH126_4e_costhetaZ1_genbin2_recobin6 acc 0.0408 eff 0.0 outinratio 0.0403 

ZH126_4e_costhetaZ1_genbin2_recobin6 acc 0.042 eff 0.0 outinratio 0.0338 

ttH126_4e_costhetaZ1_genbin2_recobin6 acc 0.0435 eff 0.0008 outinratio 0.1586 

ggH126_4e_costhetaZ1_genbin3_recobin6 acc 0.0669 eff 0.0 outinratio 0.033 

VBFH126_4e_costhetaZ1_genbin3_recobin6 acc 0.0659 eff 0.0 outinratio 0.0305 

WminusH126_4e_costhetaZ1_genbin3_recobin6 acc 0.0484 eff 0.0 outinratio 0.1007 

WplusH126_4e_costhetaZ1_genbin3_recobin6 acc 0.0477 eff 0.0 outinratio 0.0403 

ZH126_4e_costhetaZ1_genbin3_recobin6 acc 0.0526 eff 0.0 outinratio 0.0338 

ttH126_4e_costhetaZ1_genbin3_recobin6 acc 0.0452 eff 0.0 outinratio 0.1586 

ggH126_4e_costhetaZ1_genbin4_recobin6 acc 0.0567 eff 0.0 outinratio 0.033 

VBFH126_4e_costhetaZ1_genbin4_recobin6 acc 0.0654 eff 0.0045 outinratio 0.0305 

WminusH126_4e_costhetaZ1_genbin4_recobin6 acc 0.0495 eff 0.0047 outinratio 0.1007 

WplusH126_4e_costhetaZ1_genbin4_recobin6 acc 0.0411 eff 0.0 outinratio 0.0403 

ZH126_4e_costhetaZ1_genbin4_recobin6 acc 0.0562 eff 0.0 outinratio 0.0338 

ttH126_4e_costhetaZ1_genbin4_recobin6 acc 0.0471 eff 0.0031 outinratio 0.1586 

ggH126_4e_costhetaZ1_genbin5_recobin6 acc 0.0496 eff 0.0264 outinratio 0.033 

VBFH126_4e_costhetaZ1_genbin5_recobin6 acc 0.0552 eff 0.0 outinratio 0.0305 

WminusH126_4e_costhetaZ1_genbin5_recobin6 acc 0.0456 eff 0.0215 outinratio 0.1007 

WplusH126_4e_costhetaZ1_genbin5_recobin6 acc 0.0441 eff 0.0541 outinratio 0.0403 

ZH126_4e_costhetaZ1_genbin5_recobin6 acc 0.0464 eff 0.0244 outinratio 0.0338 

ttH126_4e_costhetaZ1_genbin5_recobin6 acc 0.0444 eff 0.0298 outinratio 0.1586 

ggH126_4e_costhetaZ1_genbin6_recobin6 acc 0.0394 eff 0.3216 outinratio 0.033 

VBFH126_4e_costhetaZ1_genbin6_recobin6 acc 0.0476 eff 0.2973 outinratio 0.0305 

WminusH126_4e_costhetaZ1_genbin6_recobin6 acc 0.0377 eff 0.3061 outinratio 0.1007 

WplusH126_4e_costhetaZ1_genbin6_recobin6 acc 0.0342 eff 0.3582 outinratio 0.0403 

ZH126_4e_costhetaZ1_genbin6_recobin6 acc 0.0349 eff 0.2898 outinratio 0.0338 

ttH126_4e_costhetaZ1_genbin6_recobin6 acc 0.0369 eff 0.2746 outinratio 0.1586 

ggH126_4e_costhetaZ1_genbin7_recobin6 acc 0.0378 eff 0.0128 outinratio 0.033 

VBFH126_4e_costhetaZ1_genbin7_recobin6 acc 0.0356 eff 0.0666 outinratio 0.0305 

WminusH126_4e_costhetaZ1_genbin7_recobin6 acc 0.0286 eff 0.0272 outinratio 0.1007 

WplusH126_4e_costhetaZ1_genbin7_recobin6 acc 0.0295 eff 0.0286 outinratio 0.0403 

ZH126_4e_costhetaZ1_genbin7_recobin6 acc 0.0289 eff 0.0086 outinratio 0.0338 

ttH126_4e_costhetaZ1_genbin7_recobin6 acc 0.0282 eff 0.0119 outinratio 0.1586 

ggH126_4e_costhetaZ1_genbin0_recobin7 acc 0.0417 eff 0.0 outinratio 0.0 

VBFH126_4e_costhetaZ1_genbin0_recobin7 acc 0.045 eff 0.0 outinratio 0.0159 

WminusH126_4e_costhetaZ1_genbin0_recobin7 acc 0.0301 eff 0.0 outinratio 0.0844 

WplusH126_4e_costhetaZ1_genbin0_recobin7 acc 0.0278 eff 0.0 outinratio 0.0559 

ZH126_4e_costhetaZ1_genbin0_recobin7 acc 0.0304 eff 0.0 outinratio 0.0745 

ttH126_4e_costhetaZ1_genbin0_recobin7 acc 0.0278 eff 0.0 outinratio 0.1727 

ggH126_4e_costhetaZ1_genbin1_recobin7 acc 0.0504 eff 0.0 outinratio 0.0 

VBFH126_4e_costhetaZ1_genbin1_recobin7 acc 0.057 eff 0.0 outinratio 0.0159 

WminusH126_4e_costhetaZ1_genbin1_recobin7 acc 0.0474 eff 0.0 outinratio 0.0844 

WplusH126_4e_costhetaZ1_genbin1_recobin7 acc 0.0339 eff 0.0 outinratio 0.0559 

ZH126_4e_costhetaZ1_genbin1_recobin7 acc 0.042 eff 0.0 outinratio 0.0745 

ttH126_4e_costhetaZ1_genbin1_recobin7 acc 0.0388 eff 0.0 outinratio 0.1727 

ggH126_4e_costhetaZ1_genbin2_recobin7 acc 0.0409 eff 0.0 outinratio 0.0 

VBFH126_4e_costhetaZ1_genbin2_recobin7 acc 0.0588 eff 0.0 outinratio 0.0159 

WminusH126_4e_costhetaZ1_genbin2_recobin7 acc 0.0497 eff 0.0 outinratio 0.0844 

WplusH126_4e_costhetaZ1_genbin2_recobin7 acc 0.0408 eff 0.0 outinratio 0.0559 

ZH126_4e_costhetaZ1_genbin2_recobin7 acc 0.042 eff 0.0 outinratio 0.0745 

ttH126_4e_costhetaZ1_genbin2_recobin7 acc 0.0435 eff 0.0 outinratio 0.1727 

ggH126_4e_costhetaZ1_genbin3_recobin7 acc 0.0669 eff 0.0 outinratio 0.0 

VBFH126_4e_costhetaZ1_genbin3_recobin7 acc 0.0659 eff 0.0 outinratio 0.0159 

WminusH126_4e_costhetaZ1_genbin3_recobin7 acc 0.0484 eff 0.0 outinratio 0.0844 

WplusH126_4e_costhetaZ1_genbin3_recobin7 acc 0.0477 eff 0.0 outinratio 0.0559 

ZH126_4e_costhetaZ1_genbin3_recobin7 acc 0.0526 eff 0.0 outinratio 0.0745 

ttH126_4e_costhetaZ1_genbin3_recobin7 acc 0.0452 eff 0.0 outinratio 0.1727 

ggH126_4e_costhetaZ1_genbin4_recobin7 acc 0.0567 eff 0.0 outinratio 0.0 

VBFH126_4e_costhetaZ1_genbin4_recobin7 acc 0.0654 eff 0.0041 outinratio 0.0159 

WminusH126_4e_costhetaZ1_genbin4_recobin7 acc 0.0495 eff 0.0 outinratio 0.0844 

WplusH126_4e_costhetaZ1_genbin4_recobin7 acc 0.0411 eff 0.0 outinratio 0.0559 

ZH126_4e_costhetaZ1_genbin4_recobin7 acc 0.0562 eff 0.0 outinratio 0.0745 

ttH126_4e_costhetaZ1_genbin4_recobin7 acc 0.0471 eff 0.0 outinratio 0.1727 

ggH126_4e_costhetaZ1_genbin5_recobin7 acc 0.0496 eff 0.0 outinratio 0.0 

VBFH126_4e_costhetaZ1_genbin5_recobin7 acc 0.0552 eff 0.0151 outinratio 0.0159 

WminusH126_4e_costhetaZ1_genbin5_recobin7 acc 0.0456 eff 0.0 outinratio 0.0844 

WplusH126_4e_costhetaZ1_genbin5_recobin7 acc 0.0441 eff 0.0 outinratio 0.0559 

ZH126_4e_costhetaZ1_genbin5_recobin7 acc 0.0464 eff 0.0 outinratio 0.0745 

ttH126_4e_costhetaZ1_genbin5_recobin7 acc 0.0444 eff 0.0005 outinratio 0.1727 

ggH126_4e_costhetaZ1_genbin6_recobin7 acc 0.0394 eff 0.0077 outinratio 0.0 

VBFH126_4e_costhetaZ1_genbin6_recobin7 acc 0.0476 eff 0.0169 outinratio 0.0159 

WminusH126_4e_costhetaZ1_genbin6_recobin7 acc 0.0377 eff 0.0104 outinratio 0.0844 

WplusH126_4e_costhetaZ1_genbin6_recobin7 acc 0.0342 eff 0.0205 outinratio 0.0559 

ZH126_4e_costhetaZ1_genbin6_recobin7 acc 0.0349 eff 0.0144 outinratio 0.0745 

ttH126_4e_costhetaZ1_genbin6_recobin7 acc 0.0369 eff 0.0113 outinratio 0.1727 

ggH126_4e_costhetaZ1_genbin7_recobin7 acc 0.0378 eff 0.3883 outinratio 0.0 

VBFH126_4e_costhetaZ1_genbin7_recobin7 acc 0.0356 eff 0.2112 outinratio 0.0159 

WminusH126_4e_costhetaZ1_genbin7_recobin7 acc 0.0286 eff 0.2613 outinratio 0.0844 

WplusH126_4e_costhetaZ1_genbin7_recobin7 acc 0.0295 eff 0.1977 outinratio 0.0559 

ZH126_4e_costhetaZ1_genbin7_recobin7 acc 0.0289 eff 0.2987 outinratio 0.0745 

ttH126_4e_costhetaZ1_genbin7_recobin7 acc 0.0282 eff 0.3009 outinratio 0.1727 

ggH126_4mu_costhetaZ1_genbin0_recobin0 acc 0.0482 eff 0.7729 outinratio 0.0405 

VBFH126_4mu_costhetaZ1_genbin0_recobin0 acc 0.0457 eff 0.6981 outinratio 0.0166 

WminusH126_4mu_costhetaZ1_genbin0_recobin0 acc 0.0362 eff 0.7155 outinratio 0.0839 

WplusH126_4mu_costhetaZ1_genbin0_recobin0 acc 0.0312 eff 0.7736 outinratio 0.0396 

ZH126_4mu_costhetaZ1_genbin0_recobin0 acc 0.0342 eff 0.7601 outinratio 0.0337 

ttH126_4mu_costhetaZ1_genbin0_recobin0 acc 0.0322 eff 0.7482 outinratio 0.1249 

ggH126_4mu_costhetaZ1_genbin1_recobin0 acc 0.0549 eff 0.0129 outinratio 0.0405 

VBFH126_4mu_costhetaZ1_genbin1_recobin0 acc 0.0609 eff 0.0051 outinratio 0.0166 

WminusH126_4mu_costhetaZ1_genbin1_recobin0 acc 0.0412 eff 0.0164 outinratio 0.0839 

WplusH126_4mu_costhetaZ1_genbin1_recobin0 acc 0.039 eff 0.0181 outinratio 0.0396 

ZH126_4mu_costhetaZ1_genbin1_recobin0 acc 0.0375 eff 0.0185 outinratio 0.0337 

ttH126_4mu_costhetaZ1_genbin1_recobin0 acc 0.0393 eff 0.023 outinratio 0.1249 

ggH126_4mu_costhetaZ1_genbin2_recobin0 acc 0.0634 eff 0.0 outinratio 0.0405 

VBFH126_4mu_costhetaZ1_genbin2_recobin0 acc 0.0692 eff 0.0097 outinratio 0.0166 

WminusH126_4mu_costhetaZ1_genbin2_recobin0 acc 0.0487 eff 0.0 outinratio 0.0839 

WplusH126_4mu_costhetaZ1_genbin2_recobin0 acc 0.0513 eff 0.0 outinratio 0.0396 

ZH126_4mu_costhetaZ1_genbin2_recobin0 acc 0.0467 eff 0.0 outinratio 0.0337 

ttH126_4mu_costhetaZ1_genbin2_recobin0 acc 0.0483 eff 0.0014 outinratio 0.1249 

ggH126_4mu_costhetaZ1_genbin3_recobin0 acc 0.0752 eff 0.0 outinratio 0.0405 

VBFH126_4mu_costhetaZ1_genbin3_recobin0 acc 0.0613 eff 0.0 outinratio 0.0166 

WminusH126_4mu_costhetaZ1_genbin3_recobin0 acc 0.0567 eff 0.0 outinratio 0.0839 

WplusH126_4mu_costhetaZ1_genbin3_recobin0 acc 0.0515 eff 0.0 outinratio 0.0396 

ZH126_4mu_costhetaZ1_genbin3_recobin0 acc 0.0533 eff 0.0 outinratio 0.0337 

ttH126_4mu_costhetaZ1_genbin3_recobin0 acc 0.0509 eff 0.0 outinratio 0.1249 

ggH126_4mu_costhetaZ1_genbin4_recobin0 acc 0.0617 eff 0.0 outinratio 0.0405 

VBFH126_4mu_costhetaZ1_genbin4_recobin0 acc 0.077 eff 0.0 outinratio 0.0166 

WminusH126_4mu_costhetaZ1_genbin4_recobin0 acc 0.0525 eff 0.0 outinratio 0.0839 

WplusH126_4mu_costhetaZ1_genbin4_recobin0 acc 0.0449 eff 0.0 outinratio 0.0396 

ZH126_4mu_costhetaZ1_genbin4_recobin0 acc 0.0552 eff 0.0 outinratio 0.0337 

ttH126_4mu_costhetaZ1_genbin4_recobin0 acc 0.0515 eff 0.0 outinratio 0.1249 

ggH126_4mu_costhetaZ1_genbin5_recobin0 acc 0.0685 eff 0.0 outinratio 0.0405 

VBFH126_4mu_costhetaZ1_genbin5_recobin0 acc 0.0687 eff 0.0 outinratio 0.0166 

WminusH126_4mu_costhetaZ1_genbin5_recobin0 acc 0.0567 eff 0.0 outinratio 0.0839 

WplusH126_4mu_costhetaZ1_genbin5_recobin0 acc 0.046 eff 0.0 outinratio 0.0396 

ZH126_4mu_costhetaZ1_genbin5_recobin0 acc 0.0515 eff 0.0 outinratio 0.0337 

ttH126_4mu_costhetaZ1_genbin5_recobin0 acc 0.0446 eff 0.0 outinratio 0.1249 

ggH126_4mu_costhetaZ1_genbin6_recobin0 acc 0.049 eff 0.0 outinratio 0.0405 

VBFH126_4mu_costhetaZ1_genbin6_recobin0 acc 0.0687 eff 0.0 outinratio 0.0166 

WminusH126_4mu_costhetaZ1_genbin6_recobin0 acc 0.0448 eff 0.0 outinratio 0.0839 

WplusH126_4mu_costhetaZ1_genbin6_recobin0 acc 0.044 eff 0.0 outinratio 0.0396 

ZH126_4mu_costhetaZ1_genbin6_recobin0 acc 0.0463 eff 0.0 outinratio 0.0337 

ttH126_4mu_costhetaZ1_genbin6_recobin0 acc 0.0399 eff 0.0 outinratio 0.1249 

ggH126_4mu_costhetaZ1_genbin7_recobin0 acc 0.0355 eff 0.0 outinratio 0.0405 

VBFH126_4mu_costhetaZ1_genbin7_recobin0 acc 0.0457 eff 0.0 outinratio 0.0166 

WminusH126_4mu_costhetaZ1_genbin7_recobin0 acc 0.0359 eff 0.0 outinratio 0.0839 

WplusH126_4mu_costhetaZ1_genbin7_recobin0 acc 0.0326 eff 0.0 outinratio 0.0396 

ZH126_4mu_costhetaZ1_genbin7_recobin0 acc 0.0311 eff 0.0 outinratio 0.0337 

ttH126_4mu_costhetaZ1_genbin7_recobin0 acc 0.0337 eff 0.0 outinratio 0.1249 

ggH126_4mu_costhetaZ1_genbin0_recobin1 acc 0.0482 eff 0.0248 outinratio 0.0109 

VBFH126_4mu_costhetaZ1_genbin0_recobin1 acc 0.0457 eff 0.0169 outinratio 0.0782 

WminusH126_4mu_costhetaZ1_genbin0_recobin1 acc 0.0362 eff 0.0396 outinratio 0.0606 

WplusH126_4mu_costhetaZ1_genbin0_recobin1 acc 0.0312 eff 0.0 outinratio 0.0511 

ZH126_4mu_costhetaZ1_genbin0_recobin1 acc 0.0342 eff 0.0391 outinratio 0.1154 

ttH126_4mu_costhetaZ1_genbin0_recobin1 acc 0.0322 eff 0.0226 outinratio 0.1237 

ggH126_4mu_costhetaZ1_genbin1_recobin1 acc 0.0549 eff 0.9355 outinratio 0.0109 

VBFH126_4mu_costhetaZ1_genbin1_recobin1 acc 0.0609 eff 0.765 outinratio 0.0782 

WminusH126_4mu_costhetaZ1_genbin1_recobin1 acc 0.0412 eff 0.7947 outinratio 0.0606 

WplusH126_4mu_costhetaZ1_genbin1_recobin1 acc 0.039 eff 0.7267 outinratio 0.0511 

ZH126_4mu_costhetaZ1_genbin1_recobin1 acc 0.0375 eff 0.7751 outinratio 0.1154 

ttH126_4mu_costhetaZ1_genbin1_recobin1 acc 0.0393 eff 0.6882 outinratio 0.1237 

ggH126_4mu_costhetaZ1_genbin2_recobin1 acc 0.0634 eff 0.0184 outinratio 0.0109 

VBFH126_4mu_costhetaZ1_genbin2_recobin1 acc 0.0692 eff 0.0493 outinratio 0.0782 

WminusH126_4mu_costhetaZ1_genbin2_recobin1 acc 0.0487 eff 0.0258 outinratio 0.0606 

WplusH126_4mu_costhetaZ1_genbin2_recobin1 acc 0.0513 eff 0.0754 outinratio 0.0511 

ZH126_4mu_costhetaZ1_genbin2_recobin1 acc 0.0467 eff 0.0727 outinratio 0.1154 

ttH126_4mu_costhetaZ1_genbin2_recobin1 acc 0.0483 eff 0.027 outinratio 0.1237 

ggH126_4mu_costhetaZ1_genbin3_recobin1 acc 0.0752 eff 0.0 outinratio 0.0109 

VBFH126_4mu_costhetaZ1_genbin3_recobin1 acc 0.0613 eff 0.0 outinratio 0.0782 

WminusH126_4mu_costhetaZ1_genbin3_recobin1 acc 0.0567 eff 0.0 outinratio 0.0606 

WplusH126_4mu_costhetaZ1_genbin3_recobin1 acc 0.0515 eff 0.0 outinratio 0.0511 

ZH126_4mu_costhetaZ1_genbin3_recobin1 acc 0.0533 eff 0.0 outinratio 0.1154 

ttH126_4mu_costhetaZ1_genbin3_recobin1 acc 0.0509 eff 0.002 outinratio 0.1237 

ggH126_4mu_costhetaZ1_genbin4_recobin1 acc 0.0617 eff 0.0 outinratio 0.0109 

VBFH126_4mu_costhetaZ1_genbin4_recobin1 acc 0.077 eff 0.0 outinratio 0.0782 

WminusH126_4mu_costhetaZ1_genbin4_recobin1 acc 0.0525 eff 0.0 outinratio 0.0606 

WplusH126_4mu_costhetaZ1_genbin4_recobin1 acc 0.0449 eff 0.0 outinratio 0.0511 

ZH126_4mu_costhetaZ1_genbin4_recobin1 acc 0.0552 eff 0.0 outinratio 0.1154 

ttH126_4mu_costhetaZ1_genbin4_recobin1 acc 0.0515 eff 0.0 outinratio 0.1237 

ggH126_4mu_costhetaZ1_genbin5_recobin1 acc 0.0685 eff 0.0 outinratio 0.0109 

VBFH126_4mu_costhetaZ1_genbin5_recobin1 acc 0.0687 eff 0.0 outinratio 0.0782 

WminusH126_4mu_costhetaZ1_genbin5_recobin1 acc 0.0567 eff 0.0 outinratio 0.0606 

WplusH126_4mu_costhetaZ1_genbin5_recobin1 acc 0.046 eff 0.0 outinratio 0.0511 

ZH126_4mu_costhetaZ1_genbin5_recobin1 acc 0.0515 eff 0.0 outinratio 0.1154 

ttH126_4mu_costhetaZ1_genbin5_recobin1 acc 0.0446 eff 0.0 outinratio 0.1237 

ggH126_4mu_costhetaZ1_genbin6_recobin1 acc 0.049 eff 0.0 outinratio 0.0109 

VBFH126_4mu_costhetaZ1_genbin6_recobin1 acc 0.0687 eff 0.0 outinratio 0.0782 

WminusH126_4mu_costhetaZ1_genbin6_recobin1 acc 0.0448 eff 0.0 outinratio 0.0606 

WplusH126_4mu_costhetaZ1_genbin6_recobin1 acc 0.044 eff 0.0 outinratio 0.0511 

ZH126_4mu_costhetaZ1_genbin6_recobin1 acc 0.0463 eff 0.0 outinratio 0.1154 

ttH126_4mu_costhetaZ1_genbin6_recobin1 acc 0.0399 eff 0.0 outinratio 0.1237 

ggH126_4mu_costhetaZ1_genbin7_recobin1 acc 0.0355 eff 0.0 outinratio 0.0109 

VBFH126_4mu_costhetaZ1_genbin7_recobin1 acc 0.0457 eff 0.0 outinratio 0.0782 

WminusH126_4mu_costhetaZ1_genbin7_recobin1 acc 0.0359 eff 0.0 outinratio 0.0606 

WplusH126_4mu_costhetaZ1_genbin7_recobin1 acc 0.0326 eff 0.0 outinratio 0.0511 

ZH126_4mu_costhetaZ1_genbin7_recobin1 acc 0.0311 eff 0.0 outinratio 0.1154 

ttH126_4mu_costhetaZ1_genbin7_recobin1 acc 0.0337 eff 0.0 outinratio 0.1237 

ggH126_4mu_costhetaZ1_genbin0_recobin2 acc 0.0482 eff 0.0 outinratio 0.097 

VBFH126_4mu_costhetaZ1_genbin0_recobin2 acc 0.0457 eff 0.0 outinratio 0.0546 

WminusH126_4mu_costhetaZ1_genbin0_recobin2 acc 0.0362 eff 0.0 outinratio 0.075 

WplusH126_4mu_costhetaZ1_genbin0_recobin2 acc 0.0312 eff 0.0 outinratio 0.0026 

ZH126_4mu_costhetaZ1_genbin0_recobin2 acc 0.0342 eff 0.0 outinratio 0.0363 

ttH126_4mu_costhetaZ1_genbin0_recobin2 acc 0.0322 eff 0.0019 outinratio 0.1451 

ggH126_4mu_costhetaZ1_genbin1_recobin2 acc 0.0549 eff 0.0109 outinratio 0.097 

VBFH126_4mu_costhetaZ1_genbin1_recobin2 acc 0.0609 eff 0.0232 outinratio 0.0546 

WminusH126_4mu_costhetaZ1_genbin1_recobin2 acc 0.0412 eff 0.0289 outinratio 0.075 

WplusH126_4mu_costhetaZ1_genbin1_recobin2 acc 0.039 eff 0.0176 outinratio 0.0026 

ZH126_4mu_costhetaZ1_genbin1_recobin2 acc 0.0375 eff 0.038 outinratio 0.0363 

ttH126_4mu_costhetaZ1_genbin1_recobin2 acc 0.0393 eff 0.0402 outinratio 0.1451 

ggH126_4mu_costhetaZ1_genbin2_recobin2 acc 0.0634 eff 0.7321 outinratio 0.097 

VBFH126_4mu_costhetaZ1_genbin2_recobin2 acc 0.0692 eff 0.7498 outinratio 0.0546 

WminusH126_4mu_costhetaZ1_genbin2_recobin2 acc 0.0487 eff 0.7121 outinratio 0.075 

WplusH126_4mu_costhetaZ1_genbin2_recobin2 acc 0.0513 eff 0.6788 outinratio 0.0026 

ZH126_4mu_costhetaZ1_genbin2_recobin2 acc 0.0467 eff 0.7533 outinratio 0.0363 

ttH126_4mu_costhetaZ1_genbin2_recobin2 acc 0.0483 eff 0.7082 outinratio 0.1451 

ggH126_4mu_costhetaZ1_genbin3_recobin2 acc 0.0752 eff 0.0157 outinratio 0.097 

VBFH126_4mu_costhetaZ1_genbin3_recobin2 acc 0.0613 eff 0.0102 outinratio 0.0546 

WminusH126_4mu_costhetaZ1_genbin3_recobin2 acc 0.0567 eff 0.0593 outinratio 0.075 

WplusH126_4mu_costhetaZ1_genbin3_recobin2 acc 0.0515 eff 0.0452 outinratio 0.0026 

ZH126_4mu_costhetaZ1_genbin3_recobin2 acc 0.0533 eff 0.0395 outinratio 0.0363 

ttH126_4mu_costhetaZ1_genbin3_recobin2 acc 0.0509 eff 0.0325 outinratio 0.1451 

ggH126_4mu_costhetaZ1_genbin4_recobin2 acc 0.0617 eff 0.0 outinratio 0.097 

VBFH126_4mu_costhetaZ1_genbin4_recobin2 acc 0.077 eff 0.0 outinratio 0.0546 

WminusH126_4mu_costhetaZ1_genbin4_recobin2 acc 0.0525 eff 0.0 outinratio 0.075 

WplusH126_4mu_costhetaZ1_genbin4_recobin2 acc 0.0449 eff 0.0 outinratio 0.0026 

ZH126_4mu_costhetaZ1_genbin4_recobin2 acc 0.0552 eff 0.0048 outinratio 0.0363 

ttH126_4mu_costhetaZ1_genbin4_recobin2 acc 0.0515 eff 0.0 outinratio 0.1451 

ggH126_4mu_costhetaZ1_genbin5_recobin2 acc 0.0685 eff 0.0 outinratio 0.097 

VBFH126_4mu_costhetaZ1_genbin5_recobin2 acc 0.0687 eff 0.0 outinratio 0.0546 

WminusH126_4mu_costhetaZ1_genbin5_recobin2 acc 0.0567 eff 0.0 outinratio 0.075 

WplusH126_4mu_costhetaZ1_genbin5_recobin2 acc 0.046 eff 0.0 outinratio 0.0026 

ZH126_4mu_costhetaZ1_genbin5_recobin2 acc 0.0515 eff 0.0 outinratio 0.0363 

ttH126_4mu_costhetaZ1_genbin5_recobin2 acc 0.0446 eff 0.002 outinratio 0.1451 

ggH126_4mu_costhetaZ1_genbin6_recobin2 acc 0.049 eff 0.0 outinratio 0.097 

VBFH126_4mu_costhetaZ1_genbin6_recobin2 acc 0.0687 eff 0.0 outinratio 0.0546 

WminusH126_4mu_costhetaZ1_genbin6_recobin2 acc 0.0448 eff 0.0 outinratio 0.075 

WplusH126_4mu_costhetaZ1_genbin6_recobin2 acc 0.044 eff 0.0 outinratio 0.0026 

ZH126_4mu_costhetaZ1_genbin6_recobin2 acc 0.0463 eff 0.0 outinratio 0.0363 

ttH126_4mu_costhetaZ1_genbin6_recobin2 acc 0.0399 eff 0.0 outinratio 0.1451 

ggH126_4mu_costhetaZ1_genbin7_recobin2 acc 0.0355 eff 0.0 outinratio 0.097 

VBFH126_4mu_costhetaZ1_genbin7_recobin2 acc 0.0457 eff 0.0 outinratio 0.0546 

WminusH126_4mu_costhetaZ1_genbin7_recobin2 acc 0.0359 eff 0.0 outinratio 0.075 

WplusH126_4mu_costhetaZ1_genbin7_recobin2 acc 0.0326 eff 0.0 outinratio 0.0026 

ZH126_4mu_costhetaZ1_genbin7_recobin2 acc 0.0311 eff 0.0 outinratio 0.0363 

ttH126_4mu_costhetaZ1_genbin7_recobin2 acc 0.0337 eff 0.0 outinratio 0.1451 

ggH126_4mu_costhetaZ1_genbin0_recobin3 acc 0.0482 eff 0.0 outinratio 0.0 

VBFH126_4mu_costhetaZ1_genbin0_recobin3 acc 0.0457 eff 0.0 outinratio 0.0233 

WminusH126_4mu_costhetaZ1_genbin0_recobin3 acc 0.0362 eff 0.0 outinratio 0.0748 

WplusH126_4mu_costhetaZ1_genbin0_recobin3 acc 0.0312 eff 0.0 outinratio 0.0602 

ZH126_4mu_costhetaZ1_genbin0_recobin3 acc 0.0342 eff 0.0 outinratio 0.0805 

ttH126_4mu_costhetaZ1_genbin0_recobin3 acc 0.0322 eff 0.0 outinratio 0.1081 

ggH126_4mu_costhetaZ1_genbin1_recobin3 acc 0.0549 eff 0.0 outinratio 0.0 

VBFH126_4mu_costhetaZ1_genbin1_recobin3 acc 0.0609 eff 0.0 outinratio 0.0233 

WminusH126_4mu_costhetaZ1_genbin1_recobin3 acc 0.0412 eff 0.0125 outinratio 0.0748 

WplusH126_4mu_costhetaZ1_genbin1_recobin3 acc 0.039 eff 0.0 outinratio 0.0602 

ZH126_4mu_costhetaZ1_genbin1_recobin3 acc 0.0375 eff 0.0 outinratio 0.0805 

ttH126_4mu_costhetaZ1_genbin1_recobin3 acc 0.0393 eff 0.0 outinratio 0.1081 

ggH126_4mu_costhetaZ1_genbin2_recobin3 acc 0.0634 eff 0.0426 outinratio 0.0 

VBFH126_4mu_costhetaZ1_genbin2_recobin3 acc 0.0692 eff 0.0264 outinratio 0.0233 

WminusH126_4mu_costhetaZ1_genbin2_recobin3 acc 0.0487 eff 0.0186 outinratio 0.0748 

WplusH126_4mu_costhetaZ1_genbin2_recobin3 acc 0.0513 eff 0.0563 outinratio 0.0602 

ZH126_4mu_costhetaZ1_genbin2_recobin3 acc 0.0467 eff 0.0311 outinratio 0.0805 

ttH126_4mu_costhetaZ1_genbin2_recobin3 acc 0.0483 eff 0.0265 outinratio 0.1081 

ggH126_4mu_costhetaZ1_genbin3_recobin3 acc 0.0752 eff 0.8148 outinratio 0.0 

VBFH126_4mu_costhetaZ1_genbin3_recobin3 acc 0.0613 eff 0.6989 outinratio 0.0233 

WminusH126_4mu_costhetaZ1_genbin3_recobin3 acc 0.0567 eff 0.6416 outinratio 0.0748 

WplusH126_4mu_costhetaZ1_genbin3_recobin3 acc 0.0515 eff 0.7615 outinratio 0.0602 

ZH126_4mu_costhetaZ1_genbin3_recobin3 acc 0.0533 eff 0.7253 outinratio 0.0805 

ttH126_4mu_costhetaZ1_genbin3_recobin3 acc 0.0509 eff 0.6883 outinratio 0.1081 

ggH126_4mu_costhetaZ1_genbin4_recobin3 acc 0.0617 eff 0.0 outinratio 0.0 

VBFH126_4mu_costhetaZ1_genbin4_recobin3 acc 0.077 eff 0.0138 outinratio 0.0233 

WminusH126_4mu_costhetaZ1_genbin4_recobin3 acc 0.0525 eff 0.0368 outinratio 0.0748 

WplusH126_4mu_costhetaZ1_genbin4_recobin3 acc 0.0449 eff 0.0235 outinratio 0.0602 

ZH126_4mu_costhetaZ1_genbin4_recobin3 acc 0.0552 eff 0.024 outinratio 0.0805 

ttH126_4mu_costhetaZ1_genbin4_recobin3 acc 0.0515 eff 0.0283 outinratio 0.1081 

ggH126_4mu_costhetaZ1_genbin5_recobin3 acc 0.0685 eff 0.0 outinratio 0.0 

VBFH126_4mu_costhetaZ1_genbin5_recobin3 acc 0.0687 eff 0.0 outinratio 0.0233 

WminusH126_4mu_costhetaZ1_genbin5_recobin3 acc 0.0567 eff 0.0045 outinratio 0.0748 

WplusH126_4mu_costhetaZ1_genbin5_recobin3 acc 0.046 eff 0.0 outinratio 0.0602 

ZH126_4mu_costhetaZ1_genbin5_recobin3 acc 0.0515 eff 0.0 outinratio 0.0805 

ttH126_4mu_costhetaZ1_genbin5_recobin3 acc 0.0446 eff 0.0016 outinratio 0.1081 

ggH126_4mu_costhetaZ1_genbin6_recobin3 acc 0.049 eff 0.0 outinratio 0.0 

VBFH126_4mu_costhetaZ1_genbin6_recobin3 acc 0.0687 eff 0.0 outinratio 0.0233 

WminusH126_4mu_costhetaZ1_genbin6_recobin3 acc 0.0448 eff 0.0057 outinratio 0.0748 

WplusH126_4mu_costhetaZ1_genbin6_recobin3 acc 0.044 eff 0.0 outinratio 0.0602 

ZH126_4mu_costhetaZ1_genbin6_recobin3 acc 0.0463 eff 0.0 outinratio 0.0805 

ttH126_4mu_costhetaZ1_genbin6_recobin3 acc 0.0399 eff 0.0 outinratio 0.1081 

ggH126_4mu_costhetaZ1_genbin7_recobin3 acc 0.0355 eff 0.0 outinratio 0.0 

VBFH126_4mu_costhetaZ1_genbin7_recobin3 acc 0.0457 eff 0.0 outinratio 0.0233 

WminusH126_4mu_costhetaZ1_genbin7_recobin3 acc 0.0359 eff 0.0 outinratio 0.0748 

WplusH126_4mu_costhetaZ1_genbin7_recobin3 acc 0.0326 eff 0.0 outinratio 0.0602 

ZH126_4mu_costhetaZ1_genbin7_recobin3 acc 0.0311 eff 0.0 outinratio 0.0805 

ttH126_4mu_costhetaZ1_genbin7_recobin3 acc 0.0337 eff 0.0 outinratio 0.1081 

ggH126_4mu_costhetaZ1_genbin0_recobin4 acc 0.0482 eff 0.0 outinratio 0.0859 

VBFH126_4mu_costhetaZ1_genbin0_recobin4 acc 0.0457 eff 0.0 outinratio 0.0291 

WminusH126_4mu_costhetaZ1_genbin0_recobin4 acc 0.0362 eff 0.0 outinratio 0.0823 

WplusH126_4mu_costhetaZ1_genbin0_recobin4 acc 0.0312 eff 0.0 outinratio 0.0691 

ZH126_4mu_costhetaZ1_genbin0_recobin4 acc 0.0342 eff 0.0 outinratio 0.101 

ttH126_4mu_costhetaZ1_genbin0_recobin4 acc 0.0322 eff 0.0 outinratio 0.1284 

ggH126_4mu_costhetaZ1_genbin1_recobin4 acc 0.0549 eff 0.0 outinratio 0.0859 

VBFH126_4mu_costhetaZ1_genbin1_recobin4 acc 0.0609 eff 0.0 outinratio 0.0291 

WminusH126_4mu_costhetaZ1_genbin1_recobin4 acc 0.0412 eff 0.0 outinratio 0.0823 

WplusH126_4mu_costhetaZ1_genbin1_recobin4 acc 0.039 eff 0.0 outinratio 0.0691 

ZH126_4mu_costhetaZ1_genbin1_recobin4 acc 0.0375 eff 0.0 outinratio 0.101 

ttH126_4mu_costhetaZ1_genbin1_recobin4 acc 0.0393 eff 0.0 outinratio 0.1284 

ggH126_4mu_costhetaZ1_genbin2_recobin4 acc 0.0634 eff 0.0 outinratio 0.0859 

VBFH126_4mu_costhetaZ1_genbin2_recobin4 acc 0.0692 eff 0.0048 outinratio 0.0291 

WminusH126_4mu_costhetaZ1_genbin2_recobin4 acc 0.0487 eff 0.0 outinratio 0.0823 

WplusH126_4mu_costhetaZ1_genbin2_recobin4 acc 0.0513 eff 0.0081 outinratio 0.0691 

ZH126_4mu_costhetaZ1_genbin2_recobin4 acc 0.0467 eff 0.0 outinratio 0.101 

ttH126_4mu_costhetaZ1_genbin2_recobin4 acc 0.0483 eff 0.0021 outinratio 0.1284 

ggH126_4mu_costhetaZ1_genbin3_recobin4 acc 0.0752 eff 0.0144 outinratio 0.0859 

VBFH126_4mu_costhetaZ1_genbin3_recobin4 acc 0.0613 eff 0.0306 outinratio 0.0291 

WminusH126_4mu_costhetaZ1_genbin3_recobin4 acc 0.0567 eff 0.0346 outinratio 0.0823 

WplusH126_4mu_costhetaZ1_genbin3_recobin4 acc 0.0515 eff 0.0129 outinratio 0.0691 

ZH126_4mu_costhetaZ1_genbin3_recobin4 acc 0.0533 eff 0.0392 outinratio 0.101 

ttH126_4mu_costhetaZ1_genbin3_recobin4 acc 0.0509 eff 0.039 outinratio 0.1284 

ggH126_4mu_costhetaZ1_genbin4_recobin4 acc 0.0617 eff 0.6845 outinratio 0.0859 

VBFH126_4mu_costhetaZ1_genbin4_recobin4 acc 0.077 eff 0.8085 outinratio 0.0291 

WminusH126_4mu_costhetaZ1_genbin4_recobin4 acc 0.0525 eff 0.7168 outinratio 0.0823 

WplusH126_4mu_costhetaZ1_genbin4_recobin4 acc 0.0449 eff 0.8232 outinratio 0.0691 

ZH126_4mu_costhetaZ1_genbin4_recobin4 acc 0.0552 eff 0.6798 outinratio 0.101 

ttH126_4mu_costhetaZ1_genbin4_recobin4 acc 0.0515 eff 0.7048 outinratio 0.1284 

ggH126_4mu_costhetaZ1_genbin5_recobin4 acc 0.0685 eff 0.0142 outinratio 0.0859 

VBFH126_4mu_costhetaZ1_genbin5_recobin4 acc 0.0687 eff 0.0617 outinratio 0.0291 

WminusH126_4mu_costhetaZ1_genbin5_recobin4 acc 0.0567 eff 0.0214 outinratio 0.0823 

WplusH126_4mu_costhetaZ1_genbin5_recobin4 acc 0.046 eff 0.0399 outinratio 0.0691 

ZH126_4mu_costhetaZ1_genbin5_recobin4 acc 0.0515 eff 0.0622 outinratio 0.101 

ttH126_4mu_costhetaZ1_genbin5_recobin4 acc 0.0446 eff 0.0648 outinratio 0.1284 

ggH126_4mu_costhetaZ1_genbin6_recobin4 acc 0.049 eff 0.0 outinratio 0.0859 

VBFH126_4mu_costhetaZ1_genbin6_recobin4 acc 0.0687 eff 0.0 outinratio 0.0291 

WminusH126_4mu_costhetaZ1_genbin6_recobin4 acc 0.0448 eff 0.0 outinratio 0.0823 

WplusH126_4mu_costhetaZ1_genbin6_recobin4 acc 0.044 eff 0.0 outinratio 0.0691 

ZH126_4mu_costhetaZ1_genbin6_recobin4 acc 0.0463 eff 0.0 outinratio 0.101 

ttH126_4mu_costhetaZ1_genbin6_recobin4 acc 0.0399 eff 0.0 outinratio 0.1284 

ggH126_4mu_costhetaZ1_genbin7_recobin4 acc 0.0355 eff 0.0 outinratio 0.0859 

VBFH126_4mu_costhetaZ1_genbin7_recobin4 acc 0.0457 eff 0.0 outinratio 0.0291 

WminusH126_4mu_costhetaZ1_genbin7_recobin4 acc 0.0359 eff 0.0 outinratio 0.0823 

WplusH126_4mu_costhetaZ1_genbin7_recobin4 acc 0.0326 eff 0.0 outinratio 0.0691 

ZH126_4mu_costhetaZ1_genbin7_recobin4 acc 0.0311 eff 0.0 outinratio 0.101 

ttH126_4mu_costhetaZ1_genbin7_recobin4 acc 0.0337 eff 0.0 outinratio 0.1284 

ggH126_4mu_costhetaZ1_genbin0_recobin5 acc 0.0482 eff 0.0 outinratio 0.0699 

VBFH126_4mu_costhetaZ1_genbin0_recobin5 acc 0.0457 eff 0.0 outinratio 0.0231 

WminusH126_4mu_costhetaZ1_genbin0_recobin5 acc 0.0362 eff 0.0 outinratio 0.0386 

WplusH126_4mu_costhetaZ1_genbin0_recobin5 acc 0.0312 eff 0.0 outinratio 0.0462 

ZH126_4mu_costhetaZ1_genbin0_recobin5 acc 0.0342 eff 0.0 outinratio 0.0897 

ttH126_4mu_costhetaZ1_genbin0_recobin5 acc 0.0322 eff 0.0 outinratio 0.1566 

ggH126_4mu_costhetaZ1_genbin1_recobin5 acc 0.0549 eff 0.0 outinratio 0.0699 

VBFH126_4mu_costhetaZ1_genbin1_recobin5 acc 0.0609 eff 0.0 outinratio 0.0231 

WminusH126_4mu_costhetaZ1_genbin1_recobin5 acc 0.0412 eff 0.0 outinratio 0.0386 

WplusH126_4mu_costhetaZ1_genbin1_recobin5 acc 0.039 eff 0.0 outinratio 0.0462 

ZH126_4mu_costhetaZ1_genbin1_recobin5 acc 0.0375 eff 0.0 outinratio 0.0897 

ttH126_4mu_costhetaZ1_genbin1_recobin5 acc 0.0393 eff 0.0 outinratio 0.1566 

ggH126_4mu_costhetaZ1_genbin2_recobin5 acc 0.0634 eff 0.0 outinratio 0.0699 

VBFH126_4mu_costhetaZ1_genbin2_recobin5 acc 0.0692 eff 0.0 outinratio 0.0231 

WminusH126_4mu_costhetaZ1_genbin2_recobin5 acc 0.0487 eff 0.0059 outinratio 0.0386 

WplusH126_4mu_costhetaZ1_genbin2_recobin5 acc 0.0513 eff 0.0 outinratio 0.0462 

ZH126_4mu_costhetaZ1_genbin2_recobin5 acc 0.0467 eff 0.0 outinratio 0.0897 

ttH126_4mu_costhetaZ1_genbin2_recobin5 acc 0.0483 eff 0.0011 outinratio 0.1566 

ggH126_4mu_costhetaZ1_genbin3_recobin5 acc 0.0752 eff 0.0 outinratio 0.0699 

VBFH126_4mu_costhetaZ1_genbin3_recobin5 acc 0.0613 eff 0.0 outinratio 0.0231 

WminusH126_4mu_costhetaZ1_genbin3_recobin5 acc 0.0567 eff 0.0022 outinratio 0.0386 

WplusH126_4mu_costhetaZ1_genbin3_recobin5 acc 0.0515 eff 0.0 outinratio 0.0462 

ZH126_4mu_costhetaZ1_genbin3_recobin5 acc 0.0533 eff 0.0 outinratio 0.0897 

ttH126_4mu_costhetaZ1_genbin3_recobin5 acc 0.0509 eff 0.0 outinratio 0.1566 

ggH126_4mu_costhetaZ1_genbin4_recobin5 acc 0.0617 eff 0.0053 outinratio 0.0699 

VBFH126_4mu_costhetaZ1_genbin4_recobin5 acc 0.077 eff 0.0647 outinratio 0.0231 

WminusH126_4mu_costhetaZ1_genbin4_recobin5 acc 0.0525 eff 0.0373 outinratio 0.0386 

WplusH126_4mu_costhetaZ1_genbin4_recobin5 acc 0.0449 eff 0.0535 outinratio 0.0462 

ZH126_4mu_costhetaZ1_genbin4_recobin5 acc 0.0552 eff 0.0526 outinratio 0.0897 

ttH126_4mu_costhetaZ1_genbin4_recobin5 acc 0.0515 eff 0.0392 outinratio 0.1566 

ggH126_4mu_costhetaZ1_genbin5_recobin5 acc 0.0685 eff 0.638 outinratio 0.0699 

VBFH126_4mu_costhetaZ1_genbin5_recobin5 acc 0.0687 eff 0.686 outinratio 0.0231 

WminusH126_4mu_costhetaZ1_genbin5_recobin5 acc 0.0567 eff 0.745 outinratio 0.0386 

WplusH126_4mu_costhetaZ1_genbin5_recobin5 acc 0.046 eff 0.6804 outinratio 0.0462 

ZH126_4mu_costhetaZ1_genbin5_recobin5 acc 0.0515 eff 0.7302 outinratio 0.0897 

ttH126_4mu_costhetaZ1_genbin5_recobin5 acc 0.0446 eff 0.719 outinratio 0.1566 

ggH126_4mu_costhetaZ1_genbin6_recobin5 acc 0.049 eff 0.0204 outinratio 0.0699 

VBFH126_4mu_costhetaZ1_genbin6_recobin5 acc 0.0687 eff 0.0213 outinratio 0.0231 

WminusH126_4mu_costhetaZ1_genbin6_recobin5 acc 0.0448 eff 0.0635 outinratio 0.0386 

WplusH126_4mu_costhetaZ1_genbin6_recobin5 acc 0.044 eff 0.0242 outinratio 0.0462 

ZH126_4mu_costhetaZ1_genbin6_recobin5 acc 0.0463 eff 0.0132 outinratio 0.0897 

ttH126_4mu_costhetaZ1_genbin6_recobin5 acc 0.0399 eff 0.045 outinratio 0.1566 

ggH126_4mu_costhetaZ1_genbin7_recobin5 acc 0.0355 eff 0.0 outinratio 0.0699 

VBFH126_4mu_costhetaZ1_genbin7_recobin5 acc 0.0457 eff 0.0 outinratio 0.0231 

WminusH126_4mu_costhetaZ1_genbin7_recobin5 acc 0.0359 eff 0.0038 outinratio 0.0386 

WplusH126_4mu_costhetaZ1_genbin7_recobin5 acc 0.0326 eff 0.0 outinratio 0.0462 

ZH126_4mu_costhetaZ1_genbin7_recobin5 acc 0.0311 eff 0.0 outinratio 0.0897 

ttH126_4mu_costhetaZ1_genbin7_recobin5 acc 0.0337 eff -0.0015 outinratio 0.1566 

ggH126_4mu_costhetaZ1_genbin0_recobin6 acc 0.0482 eff 0.0 outinratio 0.0667 

VBFH126_4mu_costhetaZ1_genbin0_recobin6 acc 0.0457 eff 0.0 outinratio 0.0365 

WminusH126_4mu_costhetaZ1_genbin0_recobin6 acc 0.0362 eff 0.0 outinratio 0.0446 

WplusH126_4mu_costhetaZ1_genbin0_recobin6 acc 0.0312 eff 0.0 outinratio 0.0261 

ZH126_4mu_costhetaZ1_genbin0_recobin6 acc 0.0342 eff 0.0 outinratio 0.1079 

ttH126_4mu_costhetaZ1_genbin0_recobin6 acc 0.0322 eff 0.0 outinratio 0.1528 

ggH126_4mu_costhetaZ1_genbin1_recobin6 acc 0.0549 eff 0.0 outinratio 0.0667 

VBFH126_4mu_costhetaZ1_genbin1_recobin6 acc 0.0609 eff 0.0 outinratio 0.0365 

WminusH126_4mu_costhetaZ1_genbin1_recobin6 acc 0.0412 eff 0.0 outinratio 0.0446 

WplusH126_4mu_costhetaZ1_genbin1_recobin6 acc 0.039 eff 0.0 outinratio 0.0261 

ZH126_4mu_costhetaZ1_genbin1_recobin6 acc 0.0375 eff 0.0 outinratio 0.1079 

ttH126_4mu_costhetaZ1_genbin1_recobin6 acc 0.0393 eff 0.0 outinratio 0.1528 

ggH126_4mu_costhetaZ1_genbin2_recobin6 acc 0.0634 eff 0.0 outinratio 0.0667 

VBFH126_4mu_costhetaZ1_genbin2_recobin6 acc 0.0692 eff 0.0 outinratio 0.0365 

WminusH126_4mu_costhetaZ1_genbin2_recobin6 acc 0.0487 eff 0.0 outinratio 0.0446 

WplusH126_4mu_costhetaZ1_genbin2_recobin6 acc 0.0513 eff 0.0 outinratio 0.0261 

ZH126_4mu_costhetaZ1_genbin2_recobin6 acc 0.0467 eff 0.0 outinratio 0.1079 

ttH126_4mu_costhetaZ1_genbin2_recobin6 acc 0.0483 eff 0.0 outinratio 0.1528 

ggH126_4mu_costhetaZ1_genbin3_recobin6 acc 0.0752 eff 0.0 outinratio 0.0667 

VBFH126_4mu_costhetaZ1_genbin3_recobin6 acc 0.0613 eff 0.0 outinratio 0.0365 

WminusH126_4mu_costhetaZ1_genbin3_recobin6 acc 0.0567 eff 0.0 outinratio 0.0446 

WplusH126_4mu_costhetaZ1_genbin3_recobin6 acc 0.0515 eff 0.0 outinratio 0.0261 

ZH126_4mu_costhetaZ1_genbin3_recobin6 acc 0.0533 eff 0.0 outinratio 0.1079 

ttH126_4mu_costhetaZ1_genbin3_recobin6 acc 0.0509 eff 0.0 outinratio 0.1528 

ggH126_4mu_costhetaZ1_genbin4_recobin6 acc 0.0617 eff 0.0 outinratio 0.0667 

VBFH126_4mu_costhetaZ1_genbin4_recobin6 acc 0.077 eff 0.0015 outinratio 0.0365 

WminusH126_4mu_costhetaZ1_genbin4_recobin6 acc 0.0525 eff 0.0 outinratio 0.0446 

WplusH126_4mu_costhetaZ1_genbin4_recobin6 acc 0.0449 eff 0.0 outinratio 0.0261 

ZH126_4mu_costhetaZ1_genbin4_recobin6 acc 0.0552 eff 0.0 outinratio 0.1079 

ttH126_4mu_costhetaZ1_genbin4_recobin6 acc 0.0515 eff 0.0 outinratio 0.1528 

ggH126_4mu_costhetaZ1_genbin5_recobin6 acc 0.0685 eff 0.0496 outinratio 0.0667 

VBFH126_4mu_costhetaZ1_genbin5_recobin6 acc 0.0687 eff 0.0266 outinratio 0.0365 

WminusH126_4mu_costhetaZ1_genbin5_recobin6 acc 0.0567 eff 0.0337 outinratio 0.0446 

WplusH126_4mu_costhetaZ1_genbin5_recobin6 acc 0.046 eff 0.0153 outinratio 0.0261 

ZH126_4mu_costhetaZ1_genbin5_recobin6 acc 0.0515 eff 0.0352 outinratio 0.1079 

ttH126_4mu_costhetaZ1_genbin5_recobin6 acc 0.0446 eff 0.0289 outinratio 0.1528 

ggH126_4mu_costhetaZ1_genbin6_recobin6 acc 0.049 eff 0.7313 outinratio 0.0667 

VBFH126_4mu_costhetaZ1_genbin6_recobin6 acc 0.0687 eff 0.8424 outinratio 0.0365 

WminusH126_4mu_costhetaZ1_genbin6_recobin6 acc 0.0448 eff 0.7496 outinratio 0.0446 

WplusH126_4mu_costhetaZ1_genbin6_recobin6 acc 0.044 eff 0.7494 outinratio 0.0261 

ZH126_4mu_costhetaZ1_genbin6_recobin6 acc 0.0463 eff 0.7766 outinratio 0.1079 

ttH126_4mu_costhetaZ1_genbin6_recobin6 acc 0.0399 eff 0.702 outinratio 0.1528 

ggH126_4mu_costhetaZ1_genbin7_recobin6 acc 0.0355 eff 0.0263 outinratio 0.0667 

VBFH126_4mu_costhetaZ1_genbin7_recobin6 acc 0.0457 eff 0.0198 outinratio 0.0365 

WminusH126_4mu_costhetaZ1_genbin7_recobin6 acc 0.0359 eff 0.0264 outinratio 0.0446 

WplusH126_4mu_costhetaZ1_genbin7_recobin6 acc 0.0326 eff 0.0054 outinratio 0.0261 

ZH126_4mu_costhetaZ1_genbin7_recobin6 acc 0.0311 eff 0.0192 outinratio 0.1079 

ttH126_4mu_costhetaZ1_genbin7_recobin6 acc 0.0337 eff 0.0323 outinratio 0.1528 

ggH126_4mu_costhetaZ1_genbin0_recobin7 acc 0.0482 eff 0.0 outinratio 0.0 

VBFH126_4mu_costhetaZ1_genbin0_recobin7 acc 0.0457 eff 0.0 outinratio 0.088 

WminusH126_4mu_costhetaZ1_genbin0_recobin7 acc 0.0362 eff 0.0 outinratio 0.0492 

WplusH126_4mu_costhetaZ1_genbin0_recobin7 acc 0.0312 eff 0.0 outinratio 0.0463 

ZH126_4mu_costhetaZ1_genbin0_recobin7 acc 0.0342 eff 0.0 outinratio 0.0978 

ttH126_4mu_costhetaZ1_genbin0_recobin7 acc 0.0322 eff 0.0 outinratio 0.1657 

ggH126_4mu_costhetaZ1_genbin1_recobin7 acc 0.0549 eff 0.0 outinratio 0.0 

VBFH126_4mu_costhetaZ1_genbin1_recobin7 acc 0.0609 eff 0.0 outinratio 0.088 

WminusH126_4mu_costhetaZ1_genbin1_recobin7 acc 0.0412 eff 0.0 outinratio 0.0492 

WplusH126_4mu_costhetaZ1_genbin1_recobin7 acc 0.039 eff 0.0 outinratio 0.0463 

ZH126_4mu_costhetaZ1_genbin1_recobin7 acc 0.0375 eff 0.0 outinratio 0.0978 

ttH126_4mu_costhetaZ1_genbin1_recobin7 acc 0.0393 eff 0.0 outinratio 0.1657 

ggH126_4mu_costhetaZ1_genbin2_recobin7 acc 0.0634 eff 0.0 outinratio 0.0 

VBFH126_4mu_costhetaZ1_genbin2_recobin7 acc 0.0692 eff 0.0 outinratio 0.088 

WminusH126_4mu_costhetaZ1_genbin2_recobin7 acc 0.0487 eff 0.0 outinratio 0.0492 

WplusH126_4mu_costhetaZ1_genbin2_recobin7 acc 0.0513 eff 0.0 outinratio 0.0463 

ZH126_4mu_costhetaZ1_genbin2_recobin7 acc 0.0467 eff 0.0 outinratio 0.0978 

ttH126_4mu_costhetaZ1_genbin2_recobin7 acc 0.0483 eff 0.0 outinratio 0.1657 

ggH126_4mu_costhetaZ1_genbin3_recobin7 acc 0.0752 eff 0.0 outinratio 0.0 

VBFH126_4mu_costhetaZ1_genbin3_recobin7 acc 0.0613 eff 0.0 outinratio 0.088 

WminusH126_4mu_costhetaZ1_genbin3_recobin7 acc 0.0567 eff 0.0 outinratio 0.0492 

WplusH126_4mu_costhetaZ1_genbin3_recobin7 acc 0.0515 eff 0.0 outinratio 0.0463 

ZH126_4mu_costhetaZ1_genbin3_recobin7 acc 0.0533 eff 0.0 outinratio 0.0978 

ttH126_4mu_costhetaZ1_genbin3_recobin7 acc 0.0509 eff 0.0 outinratio 0.1657 

ggH126_4mu_costhetaZ1_genbin4_recobin7 acc 0.0617 eff 0.0 outinratio 0.0 

VBFH126_4mu_costhetaZ1_genbin4_recobin7 acc 0.077 eff 0.0 outinratio 0.088 

WminusH126_4mu_costhetaZ1_genbin4_recobin7 acc 0.0525 eff 0.0014 outinratio 0.0492 

WplusH126_4mu_costhetaZ1_genbin4_recobin7 acc 0.0449 eff 0.0 outinratio 0.0463 

ZH126_4mu_costhetaZ1_genbin4_recobin7 acc 0.0552 eff 0.0 outinratio 0.0978 

ttH126_4mu_costhetaZ1_genbin4_recobin7 acc 0.0515 eff 0.0009 outinratio 0.1657 

ggH126_4mu_costhetaZ1_genbin5_recobin7 acc 0.0685 eff 0.0 outinratio 0.0 

VBFH126_4mu_costhetaZ1_genbin5_recobin7 acc 0.0687 eff 0.0 outinratio 0.088 

WminusH126_4mu_costhetaZ1_genbin5_recobin7 acc 0.0567 eff 0.0 outinratio 0.0492 

WplusH126_4mu_costhetaZ1_genbin5_recobin7 acc 0.046 eff 0.0 outinratio 0.0463 

ZH126_4mu_costhetaZ1_genbin5_recobin7 acc 0.0515 eff 0.003 outinratio 0.0978 

ttH126_4mu_costhetaZ1_genbin5_recobin7 acc 0.0446 eff 0.003 outinratio 0.1657 

ggH126_4mu_costhetaZ1_genbin6_recobin7 acc 0.049 eff 0.0 outinratio 0.0 

VBFH126_4mu_costhetaZ1_genbin6_recobin7 acc 0.0687 eff 0.0107 outinratio 0.088 

WminusH126_4mu_costhetaZ1_genbin6_recobin7 acc 0.0448 eff 0.0 outinratio 0.0492 

WplusH126_4mu_costhetaZ1_genbin6_recobin7 acc 0.044 eff 0.0148 outinratio 0.0463 

ZH126_4mu_costhetaZ1_genbin6_recobin7 acc 0.0463 eff 0.0021 outinratio 0.0978 

ttH126_4mu_costhetaZ1_genbin6_recobin7 acc 0.0399 eff 0.0141 outinratio 0.1657 

ggH126_4mu_costhetaZ1_genbin7_recobin7 acc 0.0355 eff 0.7663 outinratio 0.0 

VBFH126_4mu_costhetaZ1_genbin7_recobin7 acc 0.0457 eff 0.6918 outinratio 0.088 

WminusH126_4mu_costhetaZ1_genbin7_recobin7 acc 0.0359 eff 0.7432 outinratio 0.0492 

WplusH126_4mu_costhetaZ1_genbin7_recobin7 acc 0.0326 eff 0.7931 outinratio 0.0463 

ZH126_4mu_costhetaZ1_genbin7_recobin7 acc 0.0311 eff 0.8378 outinratio 0.0978 

ttH126_4mu_costhetaZ1_genbin7_recobin7 acc 0.0337 eff 0.7449 outinratio 0.1657 

ggH126_2e2mu_costhetaZ1_genbin0_recobin0 acc 0.0362 eff 0.5313 outinratio 0.0 

VBFH126_2e2mu_costhetaZ1_genbin0_recobin0 acc 0.0405 eff 0.4353 outinratio 0.0344 

WminusH126_2e2mu_costhetaZ1_genbin0_recobin0 acc 0.0301 eff 0.4804 outinratio 0.0814 

WplusH126_2e2mu_costhetaZ1_genbin0_recobin0 acc 0.0291 eff 0.4691 outinratio 0.0759 

ZH126_2e2mu_costhetaZ1_genbin0_recobin0 acc 0.0312 eff 0.486 outinratio 0.145 

ttH126_2e2mu_costhetaZ1_genbin0_recobin0 acc 0.029 eff 0.4337 outinratio 0.1851 

ggH126_2e2mu_costhetaZ1_genbin1_recobin0 acc 0.0557 eff 0.0253 outinratio 0.0 

VBFH126_2e2mu_costhetaZ1_genbin1_recobin0 acc 0.055 eff 0.0182 outinratio 0.0344 

WminusH126_2e2mu_costhetaZ1_genbin1_recobin0 acc 0.0402 eff 0.0306 outinratio 0.0814 

WplusH126_2e2mu_costhetaZ1_genbin1_recobin0 acc 0.0344 eff 0.0178 outinratio 0.0759 

ZH126_2e2mu_costhetaZ1_genbin1_recobin0 acc 0.0404 eff 0.0106 outinratio 0.145 

ttH126_2e2mu_costhetaZ1_genbin1_recobin0 acc 0.0386 eff 0.0263 outinratio 0.1851 

ggH126_2e2mu_costhetaZ1_genbin2_recobin0 acc 0.052 eff 0.0 outinratio 0.0 

VBFH126_2e2mu_costhetaZ1_genbin2_recobin0 acc 0.0502 eff 0.0 outinratio 0.0344 

WminusH126_2e2mu_costhetaZ1_genbin2_recobin0 acc 0.0453 eff 0.0033 outinratio 0.0814 

WplusH126_2e2mu_costhetaZ1_genbin2_recobin0 acc 0.0485 eff 0.0 outinratio 0.0759 

ZH126_2e2mu_costhetaZ1_genbin2_recobin0 acc 0.0457 eff 0.0 outinratio 0.145 

ttH126_2e2mu_costhetaZ1_genbin2_recobin0 acc 0.0427 eff 0.0 outinratio 0.1851 

ggH126_2e2mu_costhetaZ1_genbin3_recobin0 acc 0.0529 eff 0.0 outinratio 0.0 

VBFH126_2e2mu_costhetaZ1_genbin3_recobin0 acc 0.0664 eff 0.0 outinratio 0.0344 

WminusH126_2e2mu_costhetaZ1_genbin3_recobin0 acc 0.0499 eff 0.0 outinratio 0.0814 

WplusH126_2e2mu_costhetaZ1_genbin3_recobin0 acc 0.0436 eff 0.0 outinratio 0.0759 

ZH126_2e2mu_costhetaZ1_genbin3_recobin0 acc 0.0469 eff 0.0 outinratio 0.145 

ttH126_2e2mu_costhetaZ1_genbin3_recobin0 acc 0.0442 eff 0.0 outinratio 0.1851 

ggH126_2e2mu_costhetaZ1_genbin4_recobin0 acc 0.0548 eff 0.0 outinratio 0.0 

VBFH126_2e2mu_costhetaZ1_genbin4_recobin0 acc 0.0652 eff 0.0 outinratio 0.0344 

WminusH126_2e2mu_costhetaZ1_genbin4_recobin0 acc 0.0575 eff 0.0 outinratio 0.0814 

WplusH126_2e2mu_costhetaZ1_genbin4_recobin0 acc 0.0454 eff 0.0013 outinratio 0.0759 

ZH126_2e2mu_costhetaZ1_genbin4_recobin0 acc 0.0509 eff 0.0 outinratio 0.145 

ttH126_2e2mu_costhetaZ1_genbin4_recobin0 acc 0.0457 eff 0.0 outinratio 0.1851 

ggH126_2e2mu_costhetaZ1_genbin5_recobin0 acc 0.0548 eff 0.0 outinratio 0.0 

VBFH126_2e2mu_costhetaZ1_genbin5_recobin0 acc 0.0657 eff 0.0 outinratio 0.0344 

WminusH126_2e2mu_costhetaZ1_genbin5_recobin0 acc 0.0491 eff 0.0 outinratio 0.0814 

WplusH126_2e2mu_costhetaZ1_genbin5_recobin0 acc 0.0369 eff 0.0 outinratio 0.0759 

ZH126_2e2mu_costhetaZ1_genbin5_recobin0 acc 0.0493 eff 0.0 outinratio 0.145 

ttH126_2e2mu_costhetaZ1_genbin5_recobin0 acc 0.0403 eff 0.0 outinratio 0.1851 

ggH126_2e2mu_costhetaZ1_genbin6_recobin0 acc 0.0464 eff 0.0 outinratio 0.0 

VBFH126_2e2mu_costhetaZ1_genbin6_recobin0 acc 0.0594 eff 0.0 outinratio 0.0344 

WminusH126_2e2mu_costhetaZ1_genbin6_recobin0 acc 0.0358 eff 0.0 outinratio 0.0814 

WplusH126_2e2mu_costhetaZ1_genbin6_recobin0 acc 0.0381 eff 0.0 outinratio 0.0759 

ZH126_2e2mu_costhetaZ1_genbin6_recobin0 acc 0.0399 eff 0.0 outinratio 0.145 

ttH126_2e2mu_costhetaZ1_genbin6_recobin0 acc 0.0369 eff 0.0 outinratio 0.1851 

ggH126_2e2mu_costhetaZ1_genbin7_recobin0 acc 0.0445 eff 0.0 outinratio 0.0 

VBFH126_2e2mu_costhetaZ1_genbin7_recobin0 acc 0.0424 eff 0.0 outinratio 0.0344 

WminusH126_2e2mu_costhetaZ1_genbin7_recobin0 acc 0.0332 eff 0.0 outinratio 0.0814 

WplusH126_2e2mu_costhetaZ1_genbin7_recobin0 acc 0.032 eff 0.0 outinratio 0.0759 

ZH126_2e2mu_costhetaZ1_genbin7_recobin0 acc 0.0333 eff 0.0 outinratio 0.145 

ttH126_2e2mu_costhetaZ1_genbin7_recobin0 acc 0.0299 eff 0.0 outinratio 0.1851 

ggH126_2e2mu_costhetaZ1_genbin0_recobin1 acc 0.0362 eff 0.0268 outinratio 0.0557 

VBFH126_2e2mu_costhetaZ1_genbin0_recobin1 acc 0.0405 eff 0.0492 outinratio 0.0302 

WminusH126_2e2mu_costhetaZ1_genbin0_recobin1 acc 0.0301 eff 0.0337 outinratio 0.0667 

WplusH126_2e2mu_costhetaZ1_genbin0_recobin1 acc 0.0291 eff 0.0301 outinratio 0.0897 

ZH126_2e2mu_costhetaZ1_genbin0_recobin1 acc 0.0312 eff 0.0133 outinratio 0.0783 

ttH126_2e2mu_costhetaZ1_genbin0_recobin1 acc 0.029 eff 0.0162 outinratio 0.1582 

ggH126_2e2mu_costhetaZ1_genbin1_recobin1 acc 0.0557 eff 0.463 outinratio 0.0557 

VBFH126_2e2mu_costhetaZ1_genbin1_recobin1 acc 0.055 eff 0.5155 outinratio 0.0302 

WminusH126_2e2mu_costhetaZ1_genbin1_recobin1 acc 0.0402 eff 0.4874 outinratio 0.0667 

WplusH126_2e2mu_costhetaZ1_genbin1_recobin1 acc 0.0344 eff 0.4409 outinratio 0.0897 

ZH126_2e2mu_costhetaZ1_genbin1_recobin1 acc 0.0404 eff 0.473 outinratio 0.0783 

ttH126_2e2mu_costhetaZ1_genbin1_recobin1 acc 0.0386 eff 0.4538 outinratio 0.1582 

ggH126_2e2mu_costhetaZ1_genbin2_recobin1 acc 0.052 eff 0.0173 outinratio 0.0557 

VBFH126_2e2mu_costhetaZ1_genbin2_recobin1 acc 0.0502 eff 0.0206 outinratio 0.0302 

WminusH126_2e2mu_costhetaZ1_genbin2_recobin1 acc 0.0453 eff 0.0483 outinratio 0.0667 

WplusH126_2e2mu_costhetaZ1_genbin2_recobin1 acc 0.0485 eff 0.0288 outinratio 0.0897 

ZH126_2e2mu_costhetaZ1_genbin2_recobin1 acc 0.0457 eff 0.0144 outinratio 0.0783 

ttH126_2e2mu_costhetaZ1_genbin2_recobin1 acc 0.0427 eff 0.0285 outinratio 0.1582 

ggH126_2e2mu_costhetaZ1_genbin3_recobin1 acc 0.0529 eff 0.0053 outinratio 0.0557 

VBFH126_2e2mu_costhetaZ1_genbin3_recobin1 acc 0.0664 eff 0.0 outinratio 0.0302 

WminusH126_2e2mu_costhetaZ1_genbin3_recobin1 acc 0.0499 eff 0.005 outinratio 0.0667 

WplusH126_2e2mu_costhetaZ1_genbin3_recobin1 acc 0.0436 eff 0.0 outinratio 0.0897 

ZH126_2e2mu_costhetaZ1_genbin3_recobin1 acc 0.0469 eff 0.0013 outinratio 0.0783 

ttH126_2e2mu_costhetaZ1_genbin3_recobin1 acc 0.0442 eff 0.0048 outinratio 0.1582 

ggH126_2e2mu_costhetaZ1_genbin4_recobin1 acc 0.0548 eff 0.0 outinratio 0.0557 

VBFH126_2e2mu_costhetaZ1_genbin4_recobin1 acc 0.0652 eff 0.0 outinratio 0.0302 

WminusH126_2e2mu_costhetaZ1_genbin4_recobin1 acc 0.0575 eff 0.0 outinratio 0.0667 

WplusH126_2e2mu_costhetaZ1_genbin4_recobin1 acc 0.0454 eff 0.0 outinratio 0.0897 

ZH126_2e2mu_costhetaZ1_genbin4_recobin1 acc 0.0509 eff 0.0 outinratio 0.0783 

ttH126_2e2mu_costhetaZ1_genbin4_recobin1 acc 0.0457 eff 0.0 outinratio 0.1582 

ggH126_2e2mu_costhetaZ1_genbin5_recobin1 acc 0.0548 eff 0.0 outinratio 0.0557 

VBFH126_2e2mu_costhetaZ1_genbin5_recobin1 acc 0.0657 eff 0.0 outinratio 0.0302 

WminusH126_2e2mu_costhetaZ1_genbin5_recobin1 acc 0.0491 eff 0.0 outinratio 0.0667 

WplusH126_2e2mu_costhetaZ1_genbin5_recobin1 acc 0.0369 eff 0.0 outinratio 0.0897 

ZH126_2e2mu_costhetaZ1_genbin5_recobin1 acc 0.0493 eff 0.0 outinratio 0.0783 

ttH126_2e2mu_costhetaZ1_genbin5_recobin1 acc 0.0403 eff 0.0 outinratio 0.1582 

ggH126_2e2mu_costhetaZ1_genbin6_recobin1 acc 0.0464 eff 0.0 outinratio 0.0557 

VBFH126_2e2mu_costhetaZ1_genbin6_recobin1 acc 0.0594 eff 0.0 outinratio 0.0302 

WminusH126_2e2mu_costhetaZ1_genbin6_recobin1 acc 0.0358 eff 0.0 outinratio 0.0667 

WplusH126_2e2mu_costhetaZ1_genbin6_recobin1 acc 0.0381 eff 0.0 outinratio 0.0897 

ZH126_2e2mu_costhetaZ1_genbin6_recobin1 acc 0.0399 eff 0.0 outinratio 0.0783 

ttH126_2e2mu_costhetaZ1_genbin6_recobin1 acc 0.0369 eff 0.0 outinratio 0.1582 

ggH126_2e2mu_costhetaZ1_genbin7_recobin1 acc 0.0445 eff 0.0 outinratio 0.0557 

VBFH126_2e2mu_costhetaZ1_genbin7_recobin1 acc 0.0424 eff 0.0 outinratio 0.0302 

WminusH126_2e2mu_costhetaZ1_genbin7_recobin1 acc 0.0332 eff 0.0023 outinratio 0.0667 

WplusH126_2e2mu_costhetaZ1_genbin7_recobin1 acc 0.032 eff 0.0 outinratio 0.0897 

ZH126_2e2mu_costhetaZ1_genbin7_recobin1 acc 0.0333 eff 0.0 outinratio 0.0783 

ttH126_2e2mu_costhetaZ1_genbin7_recobin1 acc 0.0299 eff 0.0 outinratio 0.1582 

ggH126_2e2mu_costhetaZ1_genbin0_recobin2 acc 0.0362 eff 0.0177 outinratio 0.0109 

VBFH126_2e2mu_costhetaZ1_genbin0_recobin2 acc 0.0405 eff 0.0 outinratio 0.034 

WminusH126_2e2mu_costhetaZ1_genbin0_recobin2 acc 0.0301 eff 0.0 outinratio 0.065 

WplusH126_2e2mu_costhetaZ1_genbin0_recobin2 acc 0.0291 eff 0.0034 outinratio 0.0874 

ZH126_2e2mu_costhetaZ1_genbin0_recobin2 acc 0.0312 eff 0.0 outinratio 0.0605 

ttH126_2e2mu_costhetaZ1_genbin0_recobin2 acc 0.029 eff 0.0006 outinratio 0.2082 

ggH126_2e2mu_costhetaZ1_genbin1_recobin2 acc 0.0557 eff 0.0147 outinratio 0.0109 

VBFH126_2e2mu_costhetaZ1_genbin1_recobin2 acc 0.055 eff 0.0307 outinratio 0.034 

WminusH126_2e2mu_costhetaZ1_genbin1_recobin2 acc 0.0402 eff 0.016 outinratio 0.065 

WplusH126_2e2mu_costhetaZ1_genbin1_recobin2 acc 0.0344 eff 0.0492 outinratio 0.0874 

ZH126_2e2mu_costhetaZ1_genbin1_recobin2 acc 0.0404 eff 0.0398 outinratio 0.0605 

ttH126_2e2mu_costhetaZ1_genbin1_recobin2 acc 0.0386 eff 0.0305 outinratio 0.2082 

ggH126_2e2mu_costhetaZ1_genbin2_recobin2 acc 0.052 eff 0.4387 outinratio 0.0109 

VBFH126_2e2mu_costhetaZ1_genbin2_recobin2 acc 0.0502 eff 0.4361 outinratio 0.034 

WminusH126_2e2mu_costhetaZ1_genbin2_recobin2 acc 0.0453 eff 0.4871 outinratio 0.065 

WplusH126_2e2mu_costhetaZ1_genbin2_recobin2 acc 0.0485 eff 0.4056 outinratio 0.0874 

ZH126_2e2mu_costhetaZ1_genbin2_recobin2 acc 0.0457 eff 0.4251 outinratio 0.0605 

ttH126_2e2mu_costhetaZ1_genbin2_recobin2 acc 0.0427 eff 0.4565 outinratio 0.2082 

ggH126_2e2mu_costhetaZ1_genbin3_recobin2 acc 0.0529 eff 0.0504 outinratio 0.0109 

VBFH126_2e2mu_costhetaZ1_genbin3_recobin2 acc 0.0664 eff 0.028 outinratio 0.034 

WminusH126_2e2mu_costhetaZ1_genbin3_recobin2 acc 0.0499 eff 0.046 outinratio 0.065 

WplusH126_2e2mu_costhetaZ1_genbin3_recobin2 acc 0.0436 eff 0.0487 outinratio 0.0874 

ZH126_2e2mu_costhetaZ1_genbin3_recobin2 acc 0.0469 eff 0.0426 outinratio 0.0605 

ttH126_2e2mu_costhetaZ1_genbin3_recobin2 acc 0.0442 eff 0.0324 outinratio 0.2082 

ggH126_2e2mu_costhetaZ1_genbin4_recobin2 acc 0.0548 eff 0.0 outinratio 0.0109 

VBFH126_2e2mu_costhetaZ1_genbin4_recobin2 acc 0.0652 eff 0.0 outinratio 0.034 

WminusH126_2e2mu_costhetaZ1_genbin4_recobin2 acc 0.0575 eff 0.0011 outinratio 0.065 

WplusH126_2e2mu_costhetaZ1_genbin4_recobin2 acc 0.0454 eff 0.006 outinratio 0.0874 

ZH126_2e2mu_costhetaZ1_genbin4_recobin2 acc 0.0509 eff 0.0016 outinratio 0.0605 

ttH126_2e2mu_costhetaZ1_genbin4_recobin2 acc 0.0457 eff 0.0 outinratio 0.2082 

ggH126_2e2mu_costhetaZ1_genbin5_recobin2 acc 0.0548 eff 0.0 outinratio 0.0109 

VBFH126_2e2mu_costhetaZ1_genbin5_recobin2 acc 0.0657 eff 0.0 outinratio 0.034 

WminusH126_2e2mu_costhetaZ1_genbin5_recobin2 acc 0.0491 eff 0.0 outinratio 0.065 

WplusH126_2e2mu_costhetaZ1_genbin5_recobin2 acc 0.0369 eff 0.0 outinratio 0.0874 

ZH126_2e2mu_costhetaZ1_genbin5_recobin2 acc 0.0493 eff 0.0 outinratio 0.0605 

ttH126_2e2mu_costhetaZ1_genbin5_recobin2 acc 0.0403 eff 0.0006 outinratio 0.2082 

ggH126_2e2mu_costhetaZ1_genbin6_recobin2 acc 0.0464 eff 0.0 outinratio 0.0109 

VBFH126_2e2mu_costhetaZ1_genbin6_recobin2 acc 0.0594 eff 0.0 outinratio 0.034 

WminusH126_2e2mu_costhetaZ1_genbin6_recobin2 acc 0.0358 eff 0.0 outinratio 0.065 

WplusH126_2e2mu_costhetaZ1_genbin6_recobin2 acc 0.0381 eff 0.0 outinratio 0.0874 

ZH126_2e2mu_costhetaZ1_genbin6_recobin2 acc 0.0399 eff 0.0 outinratio 0.0605 

ttH126_2e2mu_costhetaZ1_genbin6_recobin2 acc 0.0369 eff 0.0 outinratio 0.2082 

ggH126_2e2mu_costhetaZ1_genbin7_recobin2 acc 0.0445 eff 0.0 outinratio 0.0109 

VBFH126_2e2mu_costhetaZ1_genbin7_recobin2 acc 0.0424 eff 0.0 outinratio 0.034 

WminusH126_2e2mu_costhetaZ1_genbin7_recobin2 acc 0.0332 eff 0.0 outinratio 0.065 

WplusH126_2e2mu_costhetaZ1_genbin7_recobin2 acc 0.032 eff 0.0 outinratio 0.0874 

ZH126_2e2mu_costhetaZ1_genbin7_recobin2 acc 0.0333 eff 0.0 outinratio 0.0605 

ttH126_2e2mu_costhetaZ1_genbin7_recobin2 acc 0.0299 eff 0.0 outinratio 0.2082 

ggH126_2e2mu_costhetaZ1_genbin0_recobin3 acc 0.0362 eff 0.0 outinratio 0.0164 

VBFH126_2e2mu_costhetaZ1_genbin0_recobin3 acc 0.0405 eff 0.0 outinratio 0.0313 

WminusH126_2e2mu_costhetaZ1_genbin0_recobin3 acc 0.0301 eff 0.0 outinratio 0.0747 

WplusH126_2e2mu_costhetaZ1_genbin0_recobin3 acc 0.0291 eff 0.0 outinratio 0.0869 

ZH126_2e2mu_costhetaZ1_genbin0_recobin3 acc 0.0312 eff 0.0 outinratio 0.0779 

ttH126_2e2mu_costhetaZ1_genbin0_recobin3 acc 0.029 eff 0.0 outinratio 0.1964 

ggH126_2e2mu_costhetaZ1_genbin1_recobin3 acc 0.0557 eff 0.0 outinratio 0.0164 

VBFH126_2e2mu_costhetaZ1_genbin1_recobin3 acc 0.055 eff 0.0 outinratio 0.0313 

WminusH126_2e2mu_costhetaZ1_genbin1_recobin3 acc 0.0402 eff 0.0 outinratio 0.0747 

WplusH126_2e2mu_costhetaZ1_genbin1_recobin3 acc 0.0344 eff 0.0029 outinratio 0.0869 

ZH126_2e2mu_costhetaZ1_genbin1_recobin3 acc 0.0404 eff 0.0 outinratio 0.0779 

ttH126_2e2mu_costhetaZ1_genbin1_recobin3 acc 0.0386 eff 0.001 outinratio 0.1964 

ggH126_2e2mu_costhetaZ1_genbin2_recobin3 acc 0.052 eff 0.0231 outinratio 0.0164 

VBFH126_2e2mu_costhetaZ1_genbin2_recobin3 acc 0.0502 eff 0.0359 outinratio 0.0313 

WminusH126_2e2mu_costhetaZ1_genbin2_recobin3 acc 0.0453 eff 0.0263 outinratio 0.0747 

WplusH126_2e2mu_costhetaZ1_genbin2_recobin3 acc 0.0485 eff 0.0337 outinratio 0.0869 

ZH126_2e2mu_costhetaZ1_genbin2_recobin3 acc 0.0457 eff 0.0356 outinratio 0.0779 

ttH126_2e2mu_costhetaZ1_genbin2_recobin3 acc 0.0427 eff 0.0463 outinratio 0.1964 

ggH126_2e2mu_costhetaZ1_genbin3_recobin3 acc 0.0529 eff 0.5202 outinratio 0.0164 

VBFH126_2e2mu_costhetaZ1_genbin3_recobin3 acc 0.0664 eff 0.4473 outinratio 0.0313 

WminusH126_2e2mu_costhetaZ1_genbin3_recobin3 acc 0.0499 eff 0.4805 outinratio 0.0747 

WplusH126_2e2mu_costhetaZ1_genbin3_recobin3 acc 0.0436 eff 0.4797 outinratio 0.0869 

ZH126_2e2mu_costhetaZ1_genbin3_recobin3 acc 0.0469 eff 0.4973 outinratio 0.0779 

ttH126_2e2mu_costhetaZ1_genbin3_recobin3 acc 0.0442 eff 0.4323 outinratio 0.1964 

ggH126_2e2mu_costhetaZ1_genbin4_recobin3 acc 0.0548 eff 0.0457 outinratio 0.0164 

VBFH126_2e2mu_costhetaZ1_genbin4_recobin3 acc 0.0652 eff 0.0444 outinratio 0.0313 

WminusH126_2e2mu_costhetaZ1_genbin4_recobin3 acc 0.0575 eff 0.0342 outinratio 0.0747 

WplusH126_2e2mu_costhetaZ1_genbin4_recobin3 acc 0.0454 eff 0.052 outinratio 0.0869 

ZH126_2e2mu_costhetaZ1_genbin4_recobin3 acc 0.0509 eff 0.0486 outinratio 0.0779 

ttH126_2e2mu_costhetaZ1_genbin4_recobin3 acc 0.0457 eff 0.0423 outinratio 0.1964 

ggH126_2e2mu_costhetaZ1_genbin5_recobin3 acc 0.0548 eff 0.0 outinratio 0.0164 

VBFH126_2e2mu_costhetaZ1_genbin5_recobin3 acc 0.0657 eff 0.0 outinratio 0.0313 

WminusH126_2e2mu_costhetaZ1_genbin5_recobin3 acc 0.0491 eff 0.0016 outinratio 0.0747 

WplusH126_2e2mu_costhetaZ1_genbin5_recobin3 acc 0.0369 eff 0.0019 outinratio 0.0869 

ZH126_2e2mu_costhetaZ1_genbin5_recobin3 acc 0.0493 eff 0.0 outinratio 0.0779 

ttH126_2e2mu_costhetaZ1_genbin5_recobin3 acc 0.0403 eff 0.0056 outinratio 0.1964 

ggH126_2e2mu_costhetaZ1_genbin6_recobin3 acc 0.0464 eff 0.0 outinratio 0.0164 

VBFH126_2e2mu_costhetaZ1_genbin6_recobin3 acc 0.0594 eff 0.0012 outinratio 0.0313 

WminusH126_2e2mu_costhetaZ1_genbin6_recobin3 acc 0.0358 eff 0.0 outinratio 0.0747 

WplusH126_2e2mu_costhetaZ1_genbin6_recobin3 acc 0.0381 eff 0.0 outinratio 0.0869 

ZH126_2e2mu_costhetaZ1_genbin6_recobin3 acc 0.0399 eff 0.0 outinratio 0.0779 

ttH126_2e2mu_costhetaZ1_genbin6_recobin3 acc 0.0369 eff 0.0004 outinratio 0.1964 

ggH126_2e2mu_costhetaZ1_genbin7_recobin3 acc 0.0445 eff 0.0 outinratio 0.0164 

VBFH126_2e2mu_costhetaZ1_genbin7_recobin3 acc 0.0424 eff 0.0 outinratio 0.0313 

WminusH126_2e2mu_costhetaZ1_genbin7_recobin3 acc 0.0332 eff 0.0 outinratio 0.0747 

WplusH126_2e2mu_costhetaZ1_genbin7_recobin3 acc 0.032 eff 0.0 outinratio 0.0869 

ZH126_2e2mu_costhetaZ1_genbin7_recobin3 acc 0.0333 eff 0.0 outinratio 0.0779 

ttH126_2e2mu_costhetaZ1_genbin7_recobin3 acc 0.0299 eff 0.0 outinratio 0.1964 

ggH126_2e2mu_costhetaZ1_genbin0_recobin4 acc 0.0362 eff 0.0 outinratio 0.0583 

VBFH126_2e2mu_costhetaZ1_genbin0_recobin4 acc 0.0405 eff 0.0 outinratio 0.0573 

WminusH126_2e2mu_costhetaZ1_genbin0_recobin4 acc 0.0301 eff 0.0 outinratio 0.0887 

WplusH126_2e2mu_costhetaZ1_genbin0_recobin4 acc 0.0291 eff 0.0 outinratio 0.0497 

ZH126_2e2mu_costhetaZ1_genbin0_recobin4 acc 0.0312 eff 0.0 outinratio 0.102 

ttH126_2e2mu_costhetaZ1_genbin0_recobin4 acc 0.029 eff 0.0 outinratio 0.1358 

ggH126_2e2mu_costhetaZ1_genbin1_recobin4 acc 0.0557 eff 0.0 outinratio 0.0583 

VBFH126_2e2mu_costhetaZ1_genbin1_recobin4 acc 0.055 eff 0.0 outinratio 0.0573 

WminusH126_2e2mu_costhetaZ1_genbin1_recobin4 acc 0.0402 eff 0.0 outinratio 0.0887 

WplusH126_2e2mu_costhetaZ1_genbin1_recobin4 acc 0.0344 eff 0.0 outinratio 0.0497 

ZH126_2e2mu_costhetaZ1_genbin1_recobin4 acc 0.0404 eff 0.0 outinratio 0.102 

ttH126_2e2mu_costhetaZ1_genbin1_recobin4 acc 0.0386 eff 0.0 outinratio 0.1358 

ggH126_2e2mu_costhetaZ1_genbin2_recobin4 acc 0.052 eff 0.0 outinratio 0.0583 

VBFH126_2e2mu_costhetaZ1_genbin2_recobin4 acc 0.0502 eff 0.0048 outinratio 0.0573 

WminusH126_2e2mu_costhetaZ1_genbin2_recobin4 acc 0.0453 eff 0.0063 outinratio 0.0887 

WplusH126_2e2mu_costhetaZ1_genbin2_recobin4 acc 0.0485 eff 0.002 outinratio 0.0497 

ZH126_2e2mu_costhetaZ1_genbin2_recobin4 acc 0.0457 eff 0.0067 outinratio 0.102 

ttH126_2e2mu_costhetaZ1_genbin2_recobin4 acc 0.0427 eff 0.0009 outinratio 0.1358 

ggH126_2e2mu_costhetaZ1_genbin3_recobin4 acc 0.0529 eff 0.0473 outinratio 0.0583 

VBFH126_2e2mu_costhetaZ1_genbin3_recobin4 acc 0.0664 eff 0.0511 outinratio 0.0573 

WminusH126_2e2mu_costhetaZ1_genbin3_recobin4 acc 0.0499 eff 0.0286 outinratio 0.0887 

WplusH126_2e2mu_costhetaZ1_genbin3_recobin4 acc 0.0436 eff 0.0406 outinratio 0.0497 

ZH126_2e2mu_costhetaZ1_genbin3_recobin4 acc 0.0469 eff 0.0314 outinratio 0.102 

ttH126_2e2mu_costhetaZ1_genbin3_recobin4 acc 0.0442 eff 0.039 outinratio 0.1358 

ggH126_2e2mu_costhetaZ1_genbin4_recobin4 acc 0.0548 eff 0.3788 outinratio 0.0583 

VBFH126_2e2mu_costhetaZ1_genbin4_recobin4 acc 0.0652 eff 0.414 outinratio 0.0573 

WminusH126_2e2mu_costhetaZ1_genbin4_recobin4 acc 0.0575 eff 0.4537 outinratio 0.0887 

WplusH126_2e2mu_costhetaZ1_genbin4_recobin4 acc 0.0454 eff 0.4337 outinratio 0.0497 

ZH126_2e2mu_costhetaZ1_genbin4_recobin4 acc 0.0509 eff 0.5017 outinratio 0.102 

ttH126_2e2mu_costhetaZ1_genbin4_recobin4 acc 0.0457 eff 0.4535 outinratio 0.1358 

ggH126_2e2mu_costhetaZ1_genbin5_recobin4 acc 0.0548 eff 0.0367 outinratio 0.0583 

VBFH126_2e2mu_costhetaZ1_genbin5_recobin4 acc 0.0657 eff 0.0184 outinratio 0.0573 

WminusH126_2e2mu_costhetaZ1_genbin5_recobin4 acc 0.0491 eff 0.0384 outinratio 0.0887 

WplusH126_2e2mu_costhetaZ1_genbin5_recobin4 acc 0.0369 eff 0.0254 outinratio 0.0497 

ZH126_2e2mu_costhetaZ1_genbin5_recobin4 acc 0.0493 eff 0.0304 outinratio 0.102 

ttH126_2e2mu_costhetaZ1_genbin5_recobin4 acc 0.0403 eff 0.0304 outinratio 0.1358 

ggH126_2e2mu_costhetaZ1_genbin6_recobin4 acc 0.0464 eff 0.0065 outinratio 0.0583 

VBFH126_2e2mu_costhetaZ1_genbin6_recobin4 acc 0.0594 eff 0.0 outinratio 0.0573 

WminusH126_2e2mu_costhetaZ1_genbin6_recobin4 acc 0.0358 eff 0.0019 outinratio 0.0887 

WplusH126_2e2mu_costhetaZ1_genbin6_recobin4 acc 0.0381 eff 0.0108 outinratio 0.0497 

ZH126_2e2mu_costhetaZ1_genbin6_recobin4 acc 0.0399 eff 0.0 outinratio 0.102 

ttH126_2e2mu_costhetaZ1_genbin6_recobin4 acc 0.0369 eff 0.0025 outinratio 0.1358 

ggH126_2e2mu_costhetaZ1_genbin7_recobin4 acc 0.0445 eff 0.0 outinratio 0.0583 

VBFH126_2e2mu_costhetaZ1_genbin7_recobin4 acc 0.0424 eff 0.0 outinratio 0.0573 

WminusH126_2e2mu_costhetaZ1_genbin7_recobin4 acc 0.0332 eff 0.0 outinratio 0.0887 

WplusH126_2e2mu_costhetaZ1_genbin7_recobin4 acc 0.032 eff 0.0 outinratio 0.0497 

ZH126_2e2mu_costhetaZ1_genbin7_recobin4 acc 0.0333 eff 0.0 outinratio 0.102 

ttH126_2e2mu_costhetaZ1_genbin7_recobin4 acc 0.0299 eff 0.0 outinratio 0.1358 

ggH126_2e2mu_costhetaZ1_genbin0_recobin5 acc 0.0362 eff 0.0 outinratio 0.0618 

VBFH126_2e2mu_costhetaZ1_genbin0_recobin5 acc 0.0405 eff 0.0 outinratio 0.0292 

WminusH126_2e2mu_costhetaZ1_genbin0_recobin5 acc 0.0301 eff 0.0 outinratio 0.0593 

WplusH126_2e2mu_costhetaZ1_genbin0_recobin5 acc 0.0291 eff 0.0 outinratio 0.0362 

ZH126_2e2mu_costhetaZ1_genbin0_recobin5 acc 0.0312 eff 0.0 outinratio 0.0537 

ttH126_2e2mu_costhetaZ1_genbin0_recobin5 acc 0.029 eff 0.0 outinratio 0.1956 

ggH126_2e2mu_costhetaZ1_genbin1_recobin5 acc 0.0557 eff 0.0 outinratio 0.0618 

VBFH126_2e2mu_costhetaZ1_genbin1_recobin5 acc 0.055 eff 0.0 outinratio 0.0292 

WminusH126_2e2mu_costhetaZ1_genbin1_recobin5 acc 0.0402 eff 0.0 outinratio 0.0593 

WplusH126_2e2mu_costhetaZ1_genbin1_recobin5 acc 0.0344 eff 0.0 outinratio 0.0362 

ZH126_2e2mu_costhetaZ1_genbin1_recobin5 acc 0.0404 eff 0.0 outinratio 0.0537 

ttH126_2e2mu_costhetaZ1_genbin1_recobin5 acc 0.0386 eff 0.0 outinratio 0.1956 

ggH126_2e2mu_costhetaZ1_genbin2_recobin5 acc 0.052 eff 0.0 outinratio 0.0618 

VBFH126_2e2mu_costhetaZ1_genbin2_recobin5 acc 0.0502 eff 0.0 outinratio 0.0292 

WminusH126_2e2mu_costhetaZ1_genbin2_recobin5 acc 0.0453 eff 0.0 outinratio 0.0593 

WplusH126_2e2mu_costhetaZ1_genbin2_recobin5 acc 0.0485 eff 0.0 outinratio 0.0362 

ZH126_2e2mu_costhetaZ1_genbin2_recobin5 acc 0.0457 eff 0.0 outinratio 0.0537 

ttH126_2e2mu_costhetaZ1_genbin2_recobin5 acc 0.0427 eff 0.0 outinratio 0.1956 

ggH126_2e2mu_costhetaZ1_genbin3_recobin5 acc 0.0529 eff 0.0 outinratio 0.0618 

VBFH126_2e2mu_costhetaZ1_genbin3_recobin5 acc 0.0664 eff 0.0 outinratio 0.0292 

WminusH126_2e2mu_costhetaZ1_genbin3_recobin5 acc 0.0499 eff 0.0 outinratio 0.0593 

WplusH126_2e2mu_costhetaZ1_genbin3_recobin5 acc 0.0436 eff 0.0 outinratio 0.0362 

ZH126_2e2mu_costhetaZ1_genbin3_recobin5 acc 0.0469 eff 0.0 outinratio 0.0537 

ttH126_2e2mu_costhetaZ1_genbin3_recobin5 acc 0.0442 eff 0.0002 outinratio 0.1956 

ggH126_2e2mu_costhetaZ1_genbin4_recobin5 acc 0.0548 eff 0.0659 outinratio 0.0618 

VBFH126_2e2mu_costhetaZ1_genbin4_recobin5 acc 0.0652 eff 0.0264 outinratio 0.0292 

WminusH126_2e2mu_costhetaZ1_genbin4_recobin5 acc 0.0575 eff 0.0285 outinratio 0.0593 

WplusH126_2e2mu_costhetaZ1_genbin4_recobin5 acc 0.0454 eff 0.053 outinratio 0.0362 

ZH126_2e2mu_costhetaZ1_genbin4_recobin5 acc 0.0509 eff 0.034 outinratio 0.0537 

ttH126_2e2mu_costhetaZ1_genbin4_recobin5 acc 0.0457 eff 0.0418 outinratio 0.1956 

ggH126_2e2mu_costhetaZ1_genbin5_recobin5 acc 0.0548 eff 0.3905 outinratio 0.0618 

VBFH126_2e2mu_costhetaZ1_genbin5_recobin5 acc 0.0657 eff 0.44 outinratio 0.0292 

WminusH126_2e2mu_costhetaZ1_genbin5_recobin5 acc 0.0491 eff 0.4631 outinratio 0.0593 

WplusH126_2e2mu_costhetaZ1_genbin5_recobin5 acc 0.0369 eff 0.5063 outinratio 0.0362 

ZH126_2e2mu_costhetaZ1_genbin5_recobin5 acc 0.0493 eff 0.4416 outinratio 0.0537 

ttH126_2e2mu_costhetaZ1_genbin5_recobin5 acc 0.0403 eff 0.4576 outinratio 0.1956 

ggH126_2e2mu_costhetaZ1_genbin6_recobin5 acc 0.0464 eff 0.0283 outinratio 0.0618 

VBFH126_2e2mu_costhetaZ1_genbin6_recobin5 acc 0.0594 eff 0.0441 outinratio 0.0292 

WminusH126_2e2mu_costhetaZ1_genbin6_recobin5 acc 0.0358 eff 0.0375 outinratio 0.0593 

WplusH126_2e2mu_costhetaZ1_genbin6_recobin5 acc 0.0381 eff 0.0338 outinratio 0.0362 

ZH126_2e2mu_costhetaZ1_genbin6_recobin5 acc 0.0399 eff 0.0235 outinratio 0.0537 

ttH126_2e2mu_costhetaZ1_genbin6_recobin5 acc 0.0369 eff 0.0274 outinratio 0.1956 

ggH126_2e2mu_costhetaZ1_genbin7_recobin5 acc 0.0445 eff 0.0 outinratio 0.0618 

VBFH126_2e2mu_costhetaZ1_genbin7_recobin5 acc 0.0424 eff 0.0016 outinratio 0.0292 

WminusH126_2e2mu_costhetaZ1_genbin7_recobin5 acc 0.0332 eff 0.0 outinratio 0.0593 

WplusH126_2e2mu_costhetaZ1_genbin7_recobin5 acc 0.032 eff 0.0 outinratio 0.0362 

ZH126_2e2mu_costhetaZ1_genbin7_recobin5 acc 0.0333 eff 0.0 outinratio 0.0537 

ttH126_2e2mu_costhetaZ1_genbin7_recobin5 acc 0.0299 eff 0.0007 outinratio 0.1956 

ggH126_2e2mu_costhetaZ1_genbin0_recobin6 acc 0.0362 eff 0.0 outinratio 0.0713 

VBFH126_2e2mu_costhetaZ1_genbin0_recobin6 acc 0.0405 eff 0.0 outinratio 0.0218 

WminusH126_2e2mu_costhetaZ1_genbin0_recobin6 acc 0.0301 eff 0.0 outinratio 0.0848 

WplusH126_2e2mu_costhetaZ1_genbin0_recobin6 acc 0.0291 eff 0.0 outinratio 0.0724 

ZH126_2e2mu_costhetaZ1_genbin0_recobin6 acc 0.0312 eff 0.0 outinratio 0.0729 

ttH126_2e2mu_costhetaZ1_genbin0_recobin6 acc 0.029 eff 0.0013 outinratio 0.2024 

ggH126_2e2mu_costhetaZ1_genbin1_recobin6 acc 0.0557 eff 0.0 outinratio 0.0713 

VBFH126_2e2mu_costhetaZ1_genbin1_recobin6 acc 0.055 eff 0.0 outinratio 0.0218 

WminusH126_2e2mu_costhetaZ1_genbin1_recobin6 acc 0.0402 eff 0.0 outinratio 0.0848 

WplusH126_2e2mu_costhetaZ1_genbin1_recobin6 acc 0.0344 eff 0.0 outinratio 0.0724 

ZH126_2e2mu_costhetaZ1_genbin1_recobin6 acc 0.0404 eff 0.0 outinratio 0.0729 

ttH126_2e2mu_costhetaZ1_genbin1_recobin6 acc 0.0386 eff 0.0 outinratio 0.2024 

ggH126_2e2mu_costhetaZ1_genbin2_recobin6 acc 0.052 eff 0.0 outinratio 0.0713 

VBFH126_2e2mu_costhetaZ1_genbin2_recobin6 acc 0.0502 eff 0.0 outinratio 0.0218 

WminusH126_2e2mu_costhetaZ1_genbin2_recobin6 acc 0.0453 eff 0.0 outinratio 0.0848 

WplusH126_2e2mu_costhetaZ1_genbin2_recobin6 acc 0.0485 eff 0.0 outinratio 0.0724 

ZH126_2e2mu_costhetaZ1_genbin2_recobin6 acc 0.0457 eff 0.0 outinratio 0.0729 

ttH126_2e2mu_costhetaZ1_genbin2_recobin6 acc 0.0427 eff 0.0 outinratio 0.2024 

ggH126_2e2mu_costhetaZ1_genbin3_recobin6 acc 0.0529 eff 0.0 outinratio 0.0713 

VBFH126_2e2mu_costhetaZ1_genbin3_recobin6 acc 0.0664 eff 0.0091 outinratio 0.0218 

WminusH126_2e2mu_costhetaZ1_genbin3_recobin6 acc 0.0499 eff 0.0013 outinratio 0.0848 

WplusH126_2e2mu_costhetaZ1_genbin3_recobin6 acc 0.0436 eff 0.0 outinratio 0.0724 

ZH126_2e2mu_costhetaZ1_genbin3_recobin6 acc 0.0469 eff 0.0021 outinratio 0.0729 

ttH126_2e2mu_costhetaZ1_genbin3_recobin6 acc 0.0442 eff 0.0 outinratio 0.2024 

ggH126_2e2mu_costhetaZ1_genbin4_recobin6 acc 0.0548 eff 0.0 outinratio 0.0713 

VBFH126_2e2mu_costhetaZ1_genbin4_recobin6 acc 0.0652 eff 0.0 outinratio 0.0218 

WminusH126_2e2mu_costhetaZ1_genbin4_recobin6 acc 0.0575 eff 0.0 outinratio 0.0848 

WplusH126_2e2mu_costhetaZ1_genbin4_recobin6 acc 0.0454 eff 0.0041 outinratio 0.0724 

ZH126_2e2mu_costhetaZ1_genbin4_recobin6 acc 0.0509 eff 0.0014 outinratio 0.0729 

ttH126_2e2mu_costhetaZ1_genbin4_recobin6 acc 0.0457 eff 0.0008 outinratio 0.2024 

ggH126_2e2mu_costhetaZ1_genbin5_recobin6 acc 0.0548 eff 0.0296 outinratio 0.0713 

VBFH126_2e2mu_costhetaZ1_genbin5_recobin6 acc 0.0657 eff 0.0345 outinratio 0.0218 

WminusH126_2e2mu_costhetaZ1_genbin5_recobin6 acc 0.0491 eff 0.0356 outinratio 0.0848 

WplusH126_2e2mu_costhetaZ1_genbin5_recobin6 acc 0.0369 eff 0.0345 outinratio 0.0724 

ZH126_2e2mu_costhetaZ1_genbin5_recobin6 acc 0.0493 eff 0.0342 outinratio 0.0729 

ttH126_2e2mu_costhetaZ1_genbin5_recobin6 acc 0.0403 eff 0.0343 outinratio 0.2024 

ggH126_2e2mu_costhetaZ1_genbin6_recobin6 acc 0.0464 eff 0.3575 outinratio 0.0713 

VBFH126_2e2mu_costhetaZ1_genbin6_recobin6 acc 0.0594 eff 0.4714 outinratio 0.0218 

WminusH126_2e2mu_costhetaZ1_genbin6_recobin6 acc 0.0358 eff 0.4586 outinratio 0.0848 

WplusH126_2e2mu_costhetaZ1_genbin6_recobin6 acc 0.0381 eff 0.4468 outinratio 0.0724 

ZH126_2e2mu_costhetaZ1_genbin6_recobin6 acc 0.0399 eff 0.5039 outinratio 0.0729 

ttH126_2e2mu_costhetaZ1_genbin6_recobin6 acc 0.0369 eff 0.4246 outinratio 0.2024 

ggH126_2e2mu_costhetaZ1_genbin7_recobin6 acc 0.0445 eff 0.0059 outinratio 0.0713 

VBFH126_2e2mu_costhetaZ1_genbin7_recobin6 acc 0.0424 eff 0.0391 outinratio 0.0218 

WminusH126_2e2mu_costhetaZ1_genbin7_recobin6 acc 0.0332 eff 0.0191 outinratio 0.0848 

WplusH126_2e2mu_costhetaZ1_genbin7_recobin6 acc 0.032 eff 0.0426 outinratio 0.0724 

ZH126_2e2mu_costhetaZ1_genbin7_recobin6 acc 0.0333 eff 0.0265 outinratio 0.0729 

ttH126_2e2mu_costhetaZ1_genbin7_recobin6 acc 0.0299 eff 0.0204 outinratio 0.2024 

ggH126_2e2mu_costhetaZ1_genbin0_recobin7 acc 0.0362 eff 0.0 outinratio 0.0483 

VBFH126_2e2mu_costhetaZ1_genbin0_recobin7 acc 0.0405 eff 0.0 outinratio 0.0161 

WminusH126_2e2mu_costhetaZ1_genbin0_recobin7 acc 0.0301 eff 0.0 outinratio 0.0925 

WplusH126_2e2mu_costhetaZ1_genbin0_recobin7 acc 0.0291 eff 0.0068 outinratio 0.0658 

ZH126_2e2mu_costhetaZ1_genbin0_recobin7 acc 0.0312 eff 0.0 outinratio 0.0943 

ttH126_2e2mu_costhetaZ1_genbin0_recobin7 acc 0.029 eff 0.0 outinratio 0.1676 

ggH126_2e2mu_costhetaZ1_genbin1_recobin7 acc 0.0557 eff 0.0 outinratio 0.0483 

VBFH126_2e2mu_costhetaZ1_genbin1_recobin7 acc 0.055 eff 0.0 outinratio 0.0161 

WminusH126_2e2mu_costhetaZ1_genbin1_recobin7 acc 0.0402 eff 0.0 outinratio 0.0925 

WplusH126_2e2mu_costhetaZ1_genbin1_recobin7 acc 0.0344 eff 0.0 outinratio 0.0658 

ZH126_2e2mu_costhetaZ1_genbin1_recobin7 acc 0.0404 eff 0.0 outinratio 0.0943 

ttH126_2e2mu_costhetaZ1_genbin1_recobin7 acc 0.0386 eff 0.0 outinratio 0.1676 

ggH126_2e2mu_costhetaZ1_genbin2_recobin7 acc 0.052 eff 0.0 outinratio 0.0483 

VBFH126_2e2mu_costhetaZ1_genbin2_recobin7 acc 0.0502 eff 0.0016 outinratio 0.0161 

WminusH126_2e2mu_costhetaZ1_genbin2_recobin7 acc 0.0453 eff 0.0 outinratio 0.0925 

WplusH126_2e2mu_costhetaZ1_genbin2_recobin7 acc 0.0485 eff 0.0 outinratio 0.0658 

ZH126_2e2mu_costhetaZ1_genbin2_recobin7 acc 0.0457 eff 0.0 outinratio 0.0943 

ttH126_2e2mu_costhetaZ1_genbin2_recobin7 acc 0.0427 eff 0.0 outinratio 0.1676 

ggH126_2e2mu_costhetaZ1_genbin3_recobin7 acc 0.0529 eff 0.0 outinratio 0.0483 

VBFH126_2e2mu_costhetaZ1_genbin3_recobin7 acc 0.0664 eff 0.0024 outinratio 0.0161 

WminusH126_2e2mu_costhetaZ1_genbin3_recobin7 acc 0.0499 eff 0.0 outinratio 0.0925 

WplusH126_2e2mu_costhetaZ1_genbin3_recobin7 acc 0.0436 eff 0.0 outinratio 0.0658 

ZH126_2e2mu_costhetaZ1_genbin3_recobin7 acc 0.0469 eff 0.0 outinratio 0.0943 

ttH126_2e2mu_costhetaZ1_genbin3_recobin7 acc 0.0442 eff 0.0 outinratio 0.1676 

ggH126_2e2mu_costhetaZ1_genbin4_recobin7 acc 0.0548 eff 0.0 outinratio 0.0483 

VBFH126_2e2mu_costhetaZ1_genbin4_recobin7 acc 0.0652 eff 0.0 outinratio 0.0161 

WminusH126_2e2mu_costhetaZ1_genbin4_recobin7 acc 0.0575 eff 0.0 outinratio 0.0925 

WplusH126_2e2mu_costhetaZ1_genbin4_recobin7 acc 0.0454 eff 0.0 outinratio 0.0658 

ZH126_2e2mu_costhetaZ1_genbin4_recobin7 acc 0.0509 eff 0.0 outinratio 0.0943 

ttH126_2e2mu_costhetaZ1_genbin4_recobin7 acc 0.0457 eff 0.0 outinratio 0.1676 

ggH126_2e2mu_costhetaZ1_genbin5_recobin7 acc 0.0548 eff 0.0 outinratio 0.0483 

VBFH126_2e2mu_costhetaZ1_genbin5_recobin7 acc 0.0657 eff 0.0 outinratio 0.0161 

WminusH126_2e2mu_costhetaZ1_genbin5_recobin7 acc 0.0491 eff 0.0 outinratio 0.0925 

WplusH126_2e2mu_costhetaZ1_genbin5_recobin7 acc 0.0369 eff 0.0 outinratio 0.0658 

ZH126_2e2mu_costhetaZ1_genbin5_recobin7 acc 0.0493 eff 0.0 outinratio 0.0943 

ttH126_2e2mu_costhetaZ1_genbin5_recobin7 acc 0.0403 eff 0.0009 outinratio 0.1676 

ggH126_2e2mu_costhetaZ1_genbin6_recobin7 acc 0.0464 eff 0.0164 outinratio 0.0483 

VBFH126_2e2mu_costhetaZ1_genbin6_recobin7 acc 0.0594 eff 0.0223 outinratio 0.0161 

WminusH126_2e2mu_costhetaZ1_genbin6_recobin7 acc 0.0358 eff 0.0302 outinratio 0.0925 

WplusH126_2e2mu_costhetaZ1_genbin6_recobin7 acc 0.0381 eff 0.0271 outinratio 0.0658 

ZH126_2e2mu_costhetaZ1_genbin6_recobin7 acc 0.0399 eff 0.0333 outinratio 0.0943 

ttH126_2e2mu_costhetaZ1_genbin6_recobin7 acc 0.0369 eff 0.0342 outinratio 0.1676 

ggH126_2e2mu_costhetaZ1_genbin7_recobin7 acc 0.0445 eff 0.5743 outinratio 0.0483 

VBFH126_2e2mu_costhetaZ1_genbin7_recobin7 acc 0.0424 eff 0.4922 outinratio 0.0161 

WminusH126_2e2mu_costhetaZ1_genbin7_recobin7 acc 0.0332 eff 0.5053 outinratio 0.0925 

WplusH126_2e2mu_costhetaZ1_genbin7_recobin7 acc 0.032 eff 0.572 outinratio 0.0658 

ZH126_2e2mu_costhetaZ1_genbin7_recobin7 acc 0.0333 eff 0.467 outinratio 0.0943 

ttH126_2e2mu_costhetaZ1_genbin7_recobin7 acc 0.0299 eff 0.4718 outinratio 0.1676 

Coeff fullNNLOPS
