Welcome in RunCoefficients!
OPT SPLIT
DEBUG opt.YEAR = 2022_2
It is a single-differential measurement, binning [-1.0, -0.75, -0.5, -0.25, 0.0, 0.25, 0.5, 0.75, 1.0]
costheta1
Following observables extracted from dictionary: RECO =  costheta1  GEN =  GENcostheta1
LUMI: 1.9951
ttH126 0.00016778593
Processing ggH126 2022_2
Signal created
Signal failed created
Processing VBFH126 2022_2
Signal created
Signal failed created
Processing WminusH126 2022_2
Signal created
Signal failed created
Processing WplusH126 2022_2
Signal created
Signal failed created
Processing ZH126 2022_2
Signal created
Signal failed created
Processing ttH126 2022_2
Signal created
Signal failed created
2022_2 SKIMMED df CREATED
2022_2 ggH126
2022_2 VBFH126
2022_2 WminusH126
2022_2 WplusH126
2022_2 ZH126
2022_2 ttH126
Dataframes created successfully
Coeff std
ggH126_4l_costhetaZ1_genbin0_recobin0 acc 0.0421 eff 0.4643 outinratio 0.0066 

VBFH126_4l_costhetaZ1_genbin0_recobin0 acc 0.0462 eff 0.4724 outinratio 0.0138 

WminusH126_4l_costhetaZ1_genbin0_recobin0 acc 0.0385 eff 0.4401 outinratio 0.0256 

WplusH126_4l_costhetaZ1_genbin0_recobin0 acc 0.0336 eff 0.4388 outinratio 0.0168 

ZH126_4l_costhetaZ1_genbin0_recobin0 acc 0.0362 eff 0.448 outinratio 0.0592 

ttH126_4l_costhetaZ1_genbin0_recobin0 acc 0.0483 eff 0.3609 outinratio 0.0341 

ggH126_4l_costhetaZ1_genbin1_recobin0 acc 0.0531 eff 0.0177 outinratio 0.0066 

VBFH126_4l_costhetaZ1_genbin1_recobin0 acc 0.0581 eff 0.016 outinratio 0.0138 

WminusH126_4l_costhetaZ1_genbin1_recobin0 acc 0.0513 eff 0.0152 outinratio 0.0256 

WplusH126_4l_costhetaZ1_genbin1_recobin0 acc 0.0429 eff 0.014 outinratio 0.0168 

ZH126_4l_costhetaZ1_genbin1_recobin0 acc 0.0466 eff 0.0199 outinratio 0.0592 

ttH126_4l_costhetaZ1_genbin1_recobin0 acc 0.0562 eff 0.0123 outinratio 0.0341 

ggH126_4l_costhetaZ1_genbin2_recobin0 acc 0.0626 eff 0.0011 outinratio 0.0066 

VBFH126_4l_costhetaZ1_genbin2_recobin0 acc 0.0653 eff 0.0021 outinratio 0.0138 

WminusH126_4l_costhetaZ1_genbin2_recobin0 acc 0.0591 eff 0.0014 outinratio 0.0256 

WplusH126_4l_costhetaZ1_genbin2_recobin0 acc 0.0512 eff 0.0016 outinratio 0.0168 

ZH126_4l_costhetaZ1_genbin2_recobin0 acc 0.0547 eff 0.0002 outinratio 0.0592 

ttH126_4l_costhetaZ1_genbin2_recobin0 acc 0.0678 eff 0.0017 outinratio 0.0341 

ggH126_4l_costhetaZ1_genbin3_recobin0 acc 0.0672 eff 0.0002 outinratio 0.0066 

VBFH126_4l_costhetaZ1_genbin3_recobin0 acc 0.0706 eff 0.0019 outinratio 0.0138 

WminusH126_4l_costhetaZ1_genbin3_recobin0 acc 0.0601 eff 0.0004 outinratio 0.0256 

WplusH126_4l_costhetaZ1_genbin3_recobin0 acc 0.0541 eff 0.0002 outinratio 0.0168 

ZH126_4l_costhetaZ1_genbin3_recobin0 acc 0.0569 eff 0.0004 outinratio 0.0592 

ttH126_4l_costhetaZ1_genbin3_recobin0 acc 0.0745 eff 0.0003 outinratio 0.0341 

ggH126_4l_costhetaZ1_genbin4_recobin0 acc 0.0653 eff 0.0 outinratio 0.0066 

VBFH126_4l_costhetaZ1_genbin4_recobin0 acc 0.0702 eff 0.0 outinratio 0.0138 

WminusH126_4l_costhetaZ1_genbin4_recobin0 acc 0.0605 eff 0.0004 outinratio 0.0256 

WplusH126_4l_costhetaZ1_genbin4_recobin0 acc 0.054 eff 0.0002 outinratio 0.0168 

ZH126_4l_costhetaZ1_genbin4_recobin0 acc 0.0575 eff 0.0003 outinratio 0.0592 

ttH126_4l_costhetaZ1_genbin4_recobin0 acc 0.0734 eff 0.0011 outinratio 0.0341 

ggH126_4l_costhetaZ1_genbin5_recobin0 acc 0.0617 eff 0.0005 outinratio 0.0066 

VBFH126_4l_costhetaZ1_genbin5_recobin0 acc 0.0673 eff 0.0 outinratio 0.0138 

WminusH126_4l_costhetaZ1_genbin5_recobin0 acc 0.0568 eff 0.0 outinratio 0.0256 

WplusH126_4l_costhetaZ1_genbin5_recobin0 acc 0.0509 eff 0.0 outinratio 0.0168 

ZH126_4l_costhetaZ1_genbin5_recobin0 acc 0.0535 eff 0.0 outinratio 0.0592 

ttH126_4l_costhetaZ1_genbin5_recobin0 acc 0.0672 eff 0.0 outinratio 0.0341 

ggH126_4l_costhetaZ1_genbin6_recobin0 acc 0.0551 eff 0.0007 outinratio 0.0066 

VBFH126_4l_costhetaZ1_genbin6_recobin0 acc 0.0608 eff 0.0 outinratio 0.0138 

WminusH126_4l_costhetaZ1_genbin6_recobin0 acc 0.0486 eff 0.0 outinratio 0.0256 

WplusH126_4l_costhetaZ1_genbin6_recobin0 acc 0.0443 eff 0.0002 outinratio 0.0168 

ZH126_4l_costhetaZ1_genbin6_recobin0 acc 0.0471 eff 0.0003 outinratio 0.0592 

ttH126_4l_costhetaZ1_genbin6_recobin0 acc 0.0558 eff 0.0 outinratio 0.0341 

ggH126_4l_costhetaZ1_genbin7_recobin0 acc 0.0413 eff 0.0 outinratio 0.0066 

VBFH126_4l_costhetaZ1_genbin7_recobin0 acc 0.0434 eff 0.0 outinratio 0.0138 

WminusH126_4l_costhetaZ1_genbin7_recobin0 acc 0.039 eff 0.0 outinratio 0.0256 

WplusH126_4l_costhetaZ1_genbin7_recobin0 acc 0.0339 eff 0.0 outinratio 0.0168 

ZH126_4l_costhetaZ1_genbin7_recobin0 acc 0.0377 eff 0.0 outinratio 0.0592 

ttH126_4l_costhetaZ1_genbin7_recobin0 acc 0.0447 eff 0.0009 outinratio 0.0341 

ggH126_4l_costhetaZ1_genbin0_recobin1 acc 0.0421 eff 0.0229 outinratio 0.0079 

VBFH126_4l_costhetaZ1_genbin0_recobin1 acc 0.0462 eff 0.0145 outinratio 0.0026 

WminusH126_4l_costhetaZ1_genbin0_recobin1 acc 0.0385 eff 0.0189 outinratio 0.0199 

WplusH126_4l_costhetaZ1_genbin0_recobin1 acc 0.0336 eff 0.0184 outinratio 0.017 

ZH126_4l_costhetaZ1_genbin0_recobin1 acc 0.0362 eff 0.0192 outinratio 0.0642 

ttH126_4l_costhetaZ1_genbin0_recobin1 acc 0.0483 eff 0.0067 outinratio 0.0351 

ggH126_4l_costhetaZ1_genbin1_recobin1 acc 0.0531 eff 0.4236 outinratio 0.0079 

VBFH126_4l_costhetaZ1_genbin1_recobin1 acc 0.0581 eff 0.463 outinratio 0.0026 

WminusH126_4l_costhetaZ1_genbin1_recobin1 acc 0.0513 eff 0.4186 outinratio 0.0199 

WplusH126_4l_costhetaZ1_genbin1_recobin1 acc 0.0429 eff 0.4323 outinratio 0.017 

ZH126_4l_costhetaZ1_genbin1_recobin1 acc 0.0466 eff 0.4122 outinratio 0.0642 

ttH126_4l_costhetaZ1_genbin1_recobin1 acc 0.0562 eff 0.3587 outinratio 0.0351 

ggH126_4l_costhetaZ1_genbin2_recobin1 acc 0.0626 eff 0.0267 outinratio 0.0079 

VBFH126_4l_costhetaZ1_genbin2_recobin1 acc 0.0653 eff 0.0303 outinratio 0.0026 

WminusH126_4l_costhetaZ1_genbin2_recobin1 acc 0.0591 eff 0.0208 outinratio 0.0199 

WplusH126_4l_costhetaZ1_genbin2_recobin1 acc 0.0512 eff 0.0279 outinratio 0.017 

ZH126_4l_costhetaZ1_genbin2_recobin1 acc 0.0547 eff 0.0207 outinratio 0.0642 

ttH126_4l_costhetaZ1_genbin2_recobin1 acc 0.0678 eff 0.0175 outinratio 0.0351 

ggH126_4l_costhetaZ1_genbin3_recobin1 acc 0.0672 eff 0.0009 outinratio 0.0079 

VBFH126_4l_costhetaZ1_genbin3_recobin1 acc 0.0706 eff 0.0045 outinratio 0.0026 

WminusH126_4l_costhetaZ1_genbin3_recobin1 acc 0.0601 eff 0.0004 outinratio 0.0199 

WplusH126_4l_costhetaZ1_genbin3_recobin1 acc 0.0541 eff 0.0005 outinratio 0.017 

ZH126_4l_costhetaZ1_genbin3_recobin1 acc 0.0569 eff 0.0015 outinratio 0.0642 

ttH126_4l_costhetaZ1_genbin3_recobin1 acc 0.0745 eff 0.0018 outinratio 0.0351 

ggH126_4l_costhetaZ1_genbin4_recobin1 acc 0.0653 eff 0.0004 outinratio 0.0079 

VBFH126_4l_costhetaZ1_genbin4_recobin1 acc 0.0702 eff 0.0 outinratio 0.0026 

WminusH126_4l_costhetaZ1_genbin4_recobin1 acc 0.0605 eff 0.0004 outinratio 0.0199 

WplusH126_4l_costhetaZ1_genbin4_recobin1 acc 0.054 eff 0.0002 outinratio 0.017 

ZH126_4l_costhetaZ1_genbin4_recobin1 acc 0.0575 eff 0.0003 outinratio 0.0642 

ttH126_4l_costhetaZ1_genbin4_recobin1 acc 0.0734 eff 0.0 outinratio 0.0351 

ggH126_4l_costhetaZ1_genbin5_recobin1 acc 0.0617 eff 0.0002 outinratio 0.0079 

VBFH126_4l_costhetaZ1_genbin5_recobin1 acc 0.0673 eff 0.0 outinratio 0.0026 

WminusH126_4l_costhetaZ1_genbin5_recobin1 acc 0.0568 eff 0.0007 outinratio 0.0199 

WplusH126_4l_costhetaZ1_genbin5_recobin1 acc 0.0509 eff 0.0004 outinratio 0.017 

ZH126_4l_costhetaZ1_genbin5_recobin1 acc 0.0535 eff 0.0003 outinratio 0.0642 

ttH126_4l_costhetaZ1_genbin5_recobin1 acc 0.0672 eff 0.0 outinratio 0.0351 

ggH126_4l_costhetaZ1_genbin6_recobin1 acc 0.0551 eff 0.0003 outinratio 0.0079 

VBFH126_4l_costhetaZ1_genbin6_recobin1 acc 0.0608 eff 0.0 outinratio 0.0026 

WminusH126_4l_costhetaZ1_genbin6_recobin1 acc 0.0486 eff 0.0 outinratio 0.0199 

WplusH126_4l_costhetaZ1_genbin6_recobin1 acc 0.0443 eff 0.0 outinratio 0.017 

ZH126_4l_costhetaZ1_genbin6_recobin1 acc 0.0471 eff 0.0 outinratio 0.0642 

ttH126_4l_costhetaZ1_genbin6_recobin1 acc 0.0558 eff 0.0 outinratio 0.0351 

ggH126_4l_costhetaZ1_genbin7_recobin1 acc 0.0413 eff 0.0002 outinratio 0.0079 

VBFH126_4l_costhetaZ1_genbin7_recobin1 acc 0.0434 eff 0.0 outinratio 0.0026 

WminusH126_4l_costhetaZ1_genbin7_recobin1 acc 0.039 eff 0.0 outinratio 0.0199 

WplusH126_4l_costhetaZ1_genbin7_recobin1 acc 0.0339 eff 0.0 outinratio 0.017 

ZH126_4l_costhetaZ1_genbin7_recobin1 acc 0.0377 eff 0.0005 outinratio 0.0642 

ttH126_4l_costhetaZ1_genbin7_recobin1 acc 0.0447 eff 0.0006 outinratio 0.0351 

ggH126_4l_costhetaZ1_genbin0_recobin2 acc 0.0421 eff 0.0019 outinratio 0.0099 

VBFH126_4l_costhetaZ1_genbin0_recobin2 acc 0.0462 eff 0.0034 outinratio 0.0075 

WminusH126_4l_costhetaZ1_genbin0_recobin2 acc 0.0385 eff 0.0017 outinratio 0.0165 

WplusH126_4l_costhetaZ1_genbin0_recobin2 acc 0.0336 eff 0.0008 outinratio 0.0203 

ZH126_4l_costhetaZ1_genbin0_recobin2 acc 0.0362 eff 0.0007 outinratio 0.0537 

ttH126_4l_costhetaZ1_genbin0_recobin2 acc 0.0483 eff 0.0 outinratio 0.0392 

ggH126_4l_costhetaZ1_genbin1_recobin2 acc 0.0531 eff 0.0277 outinratio 0.0099 

VBFH126_4l_costhetaZ1_genbin1_recobin2 acc 0.0581 eff 0.0331 outinratio 0.0075 

WminusH126_4l_costhetaZ1_genbin1_recobin2 acc 0.0513 eff 0.0267 outinratio 0.0165 

WplusH126_4l_costhetaZ1_genbin1_recobin2 acc 0.0429 eff 0.0252 outinratio 0.0203 

ZH126_4l_costhetaZ1_genbin1_recobin2 acc 0.0466 eff 0.025 outinratio 0.0537 

ttH126_4l_costhetaZ1_genbin1_recobin2 acc 0.0562 eff 0.0203 outinratio 0.0392 

ggH126_4l_costhetaZ1_genbin2_recobin2 acc 0.0626 eff 0.421 outinratio 0.0099 

VBFH126_4l_costhetaZ1_genbin2_recobin2 acc 0.0653 eff 0.4917 outinratio 0.0075 

WminusH126_4l_costhetaZ1_genbin2_recobin2 acc 0.0591 eff 0.4149 outinratio 0.0165 

WplusH126_4l_costhetaZ1_genbin2_recobin2 acc 0.0512 eff 0.4104 outinratio 0.0203 

ZH126_4l_costhetaZ1_genbin2_recobin2 acc 0.0547 eff 0.3929 outinratio 0.0537 

ttH126_4l_costhetaZ1_genbin2_recobin2 acc 0.0678 eff 0.3251 outinratio 0.0392 

ggH126_4l_costhetaZ1_genbin3_recobin2 acc 0.0672 eff 0.0297 outinratio 0.0099 

VBFH126_4l_costhetaZ1_genbin3_recobin2 acc 0.0706 eff 0.0326 outinratio 0.0075 

WminusH126_4l_costhetaZ1_genbin3_recobin2 acc 0.0601 eff 0.0258 outinratio 0.0165 

WplusH126_4l_costhetaZ1_genbin3_recobin2 acc 0.0541 eff 0.0341 outinratio 0.0203 

ZH126_4l_costhetaZ1_genbin3_recobin2 acc 0.0569 eff 0.0229 outinratio 0.0537 

ttH126_4l_costhetaZ1_genbin3_recobin2 acc 0.0745 eff 0.019 outinratio 0.0392 

ggH126_4l_costhetaZ1_genbin4_recobin2 acc 0.0653 eff 0.0013 outinratio 0.0099 

VBFH126_4l_costhetaZ1_genbin4_recobin2 acc 0.0702 eff 0.0019 outinratio 0.0075 

WminusH126_4l_costhetaZ1_genbin4_recobin2 acc 0.0605 eff 0.0005 outinratio 0.0165 

WplusH126_4l_costhetaZ1_genbin4_recobin2 acc 0.054 eff 0.001 outinratio 0.0203 

ZH126_4l_costhetaZ1_genbin4_recobin2 acc 0.0575 eff 0.0027 outinratio 0.0537 

ttH126_4l_costhetaZ1_genbin4_recobin2 acc 0.0734 eff 0.0006 outinratio 0.0392 

ggH126_4l_costhetaZ1_genbin5_recobin2 acc 0.0617 eff 0.0004 outinratio 0.0099 

VBFH126_4l_costhetaZ1_genbin5_recobin2 acc 0.0673 eff 0.0 outinratio 0.0075 

WminusH126_4l_costhetaZ1_genbin5_recobin2 acc 0.0568 eff 0.0001 outinratio 0.0165 

WplusH126_4l_costhetaZ1_genbin5_recobin2 acc 0.0509 eff 0.0002 outinratio 0.0203 

ZH126_4l_costhetaZ1_genbin5_recobin2 acc 0.0535 eff 0.0003 outinratio 0.0537 

ttH126_4l_costhetaZ1_genbin5_recobin2 acc 0.0672 eff 0.0 outinratio 0.0392 

ggH126_4l_costhetaZ1_genbin6_recobin2 acc 0.0551 eff 0.0 outinratio 0.0099 

VBFH126_4l_costhetaZ1_genbin6_recobin2 acc 0.0608 eff 0.0 outinratio 0.0075 

WminusH126_4l_costhetaZ1_genbin6_recobin2 acc 0.0486 eff 0.0005 outinratio 0.0165 

WplusH126_4l_costhetaZ1_genbin6_recobin2 acc 0.0443 eff 0.0002 outinratio 0.0203 

ZH126_4l_costhetaZ1_genbin6_recobin2 acc 0.0471 eff 0.0003 outinratio 0.0537 

ttH126_4l_costhetaZ1_genbin6_recobin2 acc 0.0558 eff 0.0003 outinratio 0.0392 

ggH126_4l_costhetaZ1_genbin7_recobin2 acc 0.0413 eff 0.0005 outinratio 0.0099 

VBFH126_4l_costhetaZ1_genbin7_recobin2 acc 0.0434 eff 0.0 outinratio 0.0075 

WminusH126_4l_costhetaZ1_genbin7_recobin2 acc 0.039 eff 0.0 outinratio 0.0165 

WplusH126_4l_costhetaZ1_genbin7_recobin2 acc 0.0339 eff 0.0 outinratio 0.0203 

ZH126_4l_costhetaZ1_genbin7_recobin2 acc 0.0377 eff 0.0 outinratio 0.0537 

ttH126_4l_costhetaZ1_genbin7_recobin2 acc 0.0447 eff 0.0 outinratio 0.0392 

ggH126_4l_costhetaZ1_genbin0_recobin3 acc 0.0421 eff 0.0004 outinratio 0.0063 

VBFH126_4l_costhetaZ1_genbin0_recobin3 acc 0.0462 eff 0.0 outinratio 0.0095 

WminusH126_4l_costhetaZ1_genbin0_recobin3 acc 0.0385 eff 0.0 outinratio 0.0223 

WplusH126_4l_costhetaZ1_genbin0_recobin3 acc 0.0336 eff 0.0005 outinratio 0.0165 

ZH126_4l_costhetaZ1_genbin0_recobin3 acc 0.0362 eff 0.0008 outinratio 0.0406 

ttH126_4l_costhetaZ1_genbin0_recobin3 acc 0.0483 eff 0.0 outinratio 0.0463 

ggH126_4l_costhetaZ1_genbin1_recobin3 acc 0.0531 eff 0.0006 outinratio 0.0063 

VBFH126_4l_costhetaZ1_genbin1_recobin3 acc 0.0581 eff 0.0044 outinratio 0.0095 

WminusH126_4l_costhetaZ1_genbin1_recobin3 acc 0.0513 eff 0.0017 outinratio 0.0223 

WplusH126_4l_costhetaZ1_genbin1_recobin3 acc 0.0429 eff 0.0017 outinratio 0.0165 

ZH126_4l_costhetaZ1_genbin1_recobin3 acc 0.0466 eff 0.0 outinratio 0.0406 

ttH126_4l_costhetaZ1_genbin1_recobin3 acc 0.0562 eff 0.0021 outinratio 0.0463 

ggH126_4l_costhetaZ1_genbin2_recobin3 acc 0.0626 eff 0.0273 outinratio 0.0063 

VBFH126_4l_costhetaZ1_genbin2_recobin3 acc 0.0653 eff 0.0324 outinratio 0.0095 

WminusH126_4l_costhetaZ1_genbin2_recobin3 acc 0.0591 eff 0.0327 outinratio 0.0223 

WplusH126_4l_costhetaZ1_genbin2_recobin3 acc 0.0512 eff 0.0298 outinratio 0.0165 

ZH126_4l_costhetaZ1_genbin2_recobin3 acc 0.0547 eff 0.0341 outinratio 0.0406 

ttH126_4l_costhetaZ1_genbin2_recobin3 acc 0.0678 eff 0.025 outinratio 0.0463 

ggH126_4l_costhetaZ1_genbin3_recobin3 acc 0.0672 eff 0.4299 outinratio 0.0063 

VBFH126_4l_costhetaZ1_genbin3_recobin3 acc 0.0706 eff 0.4367 outinratio 0.0095 

WminusH126_4l_costhetaZ1_genbin3_recobin3 acc 0.0601 eff 0.4214 outinratio 0.0223 

WplusH126_4l_costhetaZ1_genbin3_recobin3 acc 0.0541 eff 0.3985 outinratio 0.0165 

ZH126_4l_costhetaZ1_genbin3_recobin3 acc 0.0569 eff 0.4188 outinratio 0.0406 

ttH126_4l_costhetaZ1_genbin3_recobin3 acc 0.0745 eff 0.3254 outinratio 0.0463 

ggH126_4l_costhetaZ1_genbin4_recobin3 acc 0.0653 eff 0.0322 outinratio 0.0063 

VBFH126_4l_costhetaZ1_genbin4_recobin3 acc 0.0702 eff 0.0355 outinratio 0.0095 

WminusH126_4l_costhetaZ1_genbin4_recobin3 acc 0.0605 eff 0.0353 outinratio 0.0223 

WplusH126_4l_costhetaZ1_genbin4_recobin3 acc 0.054 eff 0.0246 outinratio 0.0165 

ZH126_4l_costhetaZ1_genbin4_recobin3 acc 0.0575 eff 0.0262 outinratio 0.0406 

ttH126_4l_costhetaZ1_genbin4_recobin3 acc 0.0734 eff 0.0211 outinratio 0.0463 

ggH126_4l_costhetaZ1_genbin5_recobin3 acc 0.0617 eff 0.0012 outinratio 0.0063 

VBFH126_4l_costhetaZ1_genbin5_recobin3 acc 0.0673 eff 0.002 outinratio 0.0095 

WminusH126_4l_costhetaZ1_genbin5_recobin3 acc 0.0568 eff 0.001 outinratio 0.0223 

WplusH126_4l_costhetaZ1_genbin5_recobin3 acc 0.0509 eff 0.0006 outinratio 0.0165 

ZH126_4l_costhetaZ1_genbin5_recobin3 acc 0.0535 eff 0.0003 outinratio 0.0406 

ttH126_4l_costhetaZ1_genbin5_recobin3 acc 0.0672 eff 0.003 outinratio 0.0463 

ggH126_4l_costhetaZ1_genbin6_recobin3 acc 0.0551 eff 0.0 outinratio 0.0063 

VBFH126_4l_costhetaZ1_genbin6_recobin3 acc 0.0608 eff 0.0016 outinratio 0.0095 

WminusH126_4l_costhetaZ1_genbin6_recobin3 acc 0.0486 eff 0.0002 outinratio 0.0223 

WplusH126_4l_costhetaZ1_genbin6_recobin3 acc 0.0443 eff 0.0005 outinratio 0.0165 

ZH126_4l_costhetaZ1_genbin6_recobin3 acc 0.0471 eff 0.0 outinratio 0.0406 

ttH126_4l_costhetaZ1_genbin6_recobin3 acc 0.0558 eff 0.0 outinratio 0.0463 

ggH126_4l_costhetaZ1_genbin7_recobin3 acc 0.0413 eff 0.0004 outinratio 0.0063 

VBFH126_4l_costhetaZ1_genbin7_recobin3 acc 0.0434 eff 0.0024 outinratio 0.0095 

WminusH126_4l_costhetaZ1_genbin7_recobin3 acc 0.039 eff 0.0003 outinratio 0.0223 

WplusH126_4l_costhetaZ1_genbin7_recobin3 acc 0.0339 eff 0.0 outinratio 0.0165 

ZH126_4l_costhetaZ1_genbin7_recobin3 acc 0.0377 eff 0.0 outinratio 0.0406 

ttH126_4l_costhetaZ1_genbin7_recobin3 acc 0.0447 eff 0.0012 outinratio 0.0463 

ggH126_4l_costhetaZ1_genbin0_recobin4 acc 0.0421 eff 0.0003 outinratio 0.0067 

VBFH126_4l_costhetaZ1_genbin0_recobin4 acc 0.0462 eff 0.0011 outinratio 0.0032 

WminusH126_4l_costhetaZ1_genbin0_recobin4 acc 0.0385 eff 0.0 outinratio 0.0208 

WplusH126_4l_costhetaZ1_genbin0_recobin4 acc 0.0336 eff 0.0007 outinratio 0.0169 

ZH126_4l_costhetaZ1_genbin0_recobin4 acc 0.0362 eff 0.0005 outinratio 0.0553 

ttH126_4l_costhetaZ1_genbin0_recobin4 acc 0.0483 eff 0.0 outinratio 0.0471 

ggH126_4l_costhetaZ1_genbin1_recobin4 acc 0.0531 eff 0.0 outinratio 0.0067 

VBFH126_4l_costhetaZ1_genbin1_recobin4 acc 0.0581 eff 0.0 outinratio 0.0032 

WminusH126_4l_costhetaZ1_genbin1_recobin4 acc 0.0513 eff 0.0001 outinratio 0.0208 

WplusH126_4l_costhetaZ1_genbin1_recobin4 acc 0.0429 eff 0.0 outinratio 0.0169 

ZH126_4l_costhetaZ1_genbin1_recobin4 acc 0.0466 eff 0.0008 outinratio 0.0553 

ttH126_4l_costhetaZ1_genbin1_recobin4 acc 0.0562 eff 0.0013 outinratio 0.0471 

ggH126_4l_costhetaZ1_genbin2_recobin4 acc 0.0626 eff 0.0003 outinratio 0.0067 

VBFH126_4l_costhetaZ1_genbin2_recobin4 acc 0.0653 eff 0.0 outinratio 0.0032 

WminusH126_4l_costhetaZ1_genbin2_recobin4 acc 0.0591 eff 0.0011 outinratio 0.0208 

WplusH126_4l_costhetaZ1_genbin2_recobin4 acc 0.0512 eff 0.0007 outinratio 0.0169 

ZH126_4l_costhetaZ1_genbin2_recobin4 acc 0.0547 eff 0.0015 outinratio 0.0553 

ttH126_4l_costhetaZ1_genbin2_recobin4 acc 0.0678 eff 0.0024 outinratio 0.0471 

ggH126_4l_costhetaZ1_genbin3_recobin4 acc 0.0672 eff 0.0326 outinratio 0.0067 

VBFH126_4l_costhetaZ1_genbin3_recobin4 acc 0.0706 eff 0.0379 outinratio 0.0032 

WminusH126_4l_costhetaZ1_genbin3_recobin4 acc 0.0601 eff 0.0321 outinratio 0.0208 

WplusH126_4l_costhetaZ1_genbin3_recobin4 acc 0.0541 eff 0.0332 outinratio 0.0169 

ZH126_4l_costhetaZ1_genbin3_recobin4 acc 0.0569 eff 0.0276 outinratio 0.0553 

ttH126_4l_costhetaZ1_genbin3_recobin4 acc 0.0745 eff 0.0261 outinratio 0.0471 

ggH126_4l_costhetaZ1_genbin4_recobin4 acc 0.0653 eff 0.4253 outinratio 0.0067 

VBFH126_4l_costhetaZ1_genbin4_recobin4 acc 0.0702 eff 0.4692 outinratio 0.0032 

WminusH126_4l_costhetaZ1_genbin4_recobin4 acc 0.0605 eff 0.3962 outinratio 0.0208 

WplusH126_4l_costhetaZ1_genbin4_recobin4 acc 0.054 eff 0.4146 outinratio 0.0169 

ZH126_4l_costhetaZ1_genbin4_recobin4 acc 0.0575 eff 0.4024 outinratio 0.0553 

ttH126_4l_costhetaZ1_genbin4_recobin4 acc 0.0734 eff 0.3259 outinratio 0.0471 

ggH126_4l_costhetaZ1_genbin5_recobin4 acc 0.0617 eff 0.0326 outinratio 0.0067 

VBFH126_4l_costhetaZ1_genbin5_recobin4 acc 0.0673 eff 0.0356 outinratio 0.0032 

WminusH126_4l_costhetaZ1_genbin5_recobin4 acc 0.0568 eff 0.0278 outinratio 0.0208 

WplusH126_4l_costhetaZ1_genbin5_recobin4 acc 0.0509 eff 0.0264 outinratio 0.0169 

ZH126_4l_costhetaZ1_genbin5_recobin4 acc 0.0535 eff 0.0299 outinratio 0.0553 

ttH126_4l_costhetaZ1_genbin5_recobin4 acc 0.0672 eff 0.0326 outinratio 0.0471 

ggH126_4l_costhetaZ1_genbin6_recobin4 acc 0.0551 eff 0.0007 outinratio 0.0067 

VBFH126_4l_costhetaZ1_genbin6_recobin4 acc 0.0608 eff 0.001 outinratio 0.0032 

WminusH126_4l_costhetaZ1_genbin6_recobin4 acc 0.0486 eff 0.0006 outinratio 0.0208 

WplusH126_4l_costhetaZ1_genbin6_recobin4 acc 0.0443 eff 0.0005 outinratio 0.0169 

ZH126_4l_costhetaZ1_genbin6_recobin4 acc 0.0471 eff 0.0015 outinratio 0.0553 

ttH126_4l_costhetaZ1_genbin6_recobin4 acc 0.0558 eff 0.0016 outinratio 0.0471 

ggH126_4l_costhetaZ1_genbin7_recobin4 acc 0.0413 eff 0.0007 outinratio 0.0067 

VBFH126_4l_costhetaZ1_genbin7_recobin4 acc 0.0434 eff 0.0 outinratio 0.0032 

WminusH126_4l_costhetaZ1_genbin7_recobin4 acc 0.039 eff 0.0 outinratio 0.0208 

WplusH126_4l_costhetaZ1_genbin7_recobin4 acc 0.0339 eff 0.0 outinratio 0.0169 

ZH126_4l_costhetaZ1_genbin7_recobin4 acc 0.0377 eff 0.0006 outinratio 0.0553 

ttH126_4l_costhetaZ1_genbin7_recobin4 acc 0.0447 eff 0.0 outinratio 0.0471 

ggH126_4l_costhetaZ1_genbin0_recobin5 acc 0.0421 eff 0.0003 outinratio 0.0101 

VBFH126_4l_costhetaZ1_genbin0_recobin5 acc 0.0462 eff 0.0 outinratio 0.075 

WminusH126_4l_costhetaZ1_genbin0_recobin5 acc 0.0385 eff 0.0 outinratio 0.0202 

WplusH126_4l_costhetaZ1_genbin0_recobin5 acc 0.0336 eff 0.0 outinratio 0.0171 

ZH126_4l_costhetaZ1_genbin0_recobin5 acc 0.0362 eff 0.0 outinratio 0.0395 

ttH126_4l_costhetaZ1_genbin0_recobin5 acc 0.0483 eff 0.0014 outinratio 0.0218 

ggH126_4l_costhetaZ1_genbin1_recobin5 acc 0.0531 eff 0.0 outinratio 0.0101 

VBFH126_4l_costhetaZ1_genbin1_recobin5 acc 0.0581 eff 0.0 outinratio 0.075 

WminusH126_4l_costhetaZ1_genbin1_recobin5 acc 0.0513 eff 0.0 outinratio 0.0202 

WplusH126_4l_costhetaZ1_genbin1_recobin5 acc 0.0429 eff 0.0001 outinratio 0.0171 

ZH126_4l_costhetaZ1_genbin1_recobin5 acc 0.0466 eff 0.0 outinratio 0.0395 

ttH126_4l_costhetaZ1_genbin1_recobin5 acc 0.0562 eff 0.0 outinratio 0.0218 

ggH126_4l_costhetaZ1_genbin2_recobin5 acc 0.0626 eff 0.0001 outinratio 0.0101 

VBFH126_4l_costhetaZ1_genbin2_recobin5 acc 0.0653 eff 0.0 outinratio 0.075 

WminusH126_4l_costhetaZ1_genbin2_recobin5 acc 0.0591 eff 0.0002 outinratio 0.0202 

WplusH126_4l_costhetaZ1_genbin2_recobin5 acc 0.0512 eff 0.0003 outinratio 0.0171 

ZH126_4l_costhetaZ1_genbin2_recobin5 acc 0.0547 eff 0.0006 outinratio 0.0395 

ttH126_4l_costhetaZ1_genbin2_recobin5 acc 0.0678 eff 0.0 outinratio 0.0218 

ggH126_4l_costhetaZ1_genbin3_recobin5 acc 0.0672 eff 0.0019 outinratio 0.0101 

VBFH126_4l_costhetaZ1_genbin3_recobin5 acc 0.0706 eff 0.0 outinratio 0.075 

WminusH126_4l_costhetaZ1_genbin3_recobin5 acc 0.0601 eff 0.0005 outinratio 0.0202 

WplusH126_4l_costhetaZ1_genbin3_recobin5 acc 0.0541 eff 0.0006 outinratio 0.0171 

ZH126_4l_costhetaZ1_genbin3_recobin5 acc 0.0569 eff 0.0004 outinratio 0.0395 

ttH126_4l_costhetaZ1_genbin3_recobin5 acc 0.0745 eff 0.0008 outinratio 0.0218 

ggH126_4l_costhetaZ1_genbin4_recobin5 acc 0.0653 eff 0.0277 outinratio 0.0101 

VBFH126_4l_costhetaZ1_genbin4_recobin5 acc 0.0702 eff 0.0376 outinratio 0.075 

WminusH126_4l_costhetaZ1_genbin4_recobin5 acc 0.0605 eff 0.0286 outinratio 0.0202 

WplusH126_4l_costhetaZ1_genbin4_recobin5 acc 0.054 eff 0.0279 outinratio 0.0171 

ZH126_4l_costhetaZ1_genbin4_recobin5 acc 0.0575 eff 0.0312 outinratio 0.0395 

ttH126_4l_costhetaZ1_genbin4_recobin5 acc 0.0734 eff 0.0244 outinratio 0.0218 

ggH126_4l_costhetaZ1_genbin5_recobin5 acc 0.0617 eff 0.423 outinratio 0.0101 

VBFH126_4l_costhetaZ1_genbin5_recobin5 acc 0.0673 eff 0.4425 outinratio 0.075 

WminusH126_4l_costhetaZ1_genbin5_recobin5 acc 0.0568 eff 0.4065 outinratio 0.0202 

WplusH126_4l_costhetaZ1_genbin5_recobin5 acc 0.0509 eff 0.4063 outinratio 0.0171 

ZH126_4l_costhetaZ1_genbin5_recobin5 acc 0.0535 eff 0.4249 outinratio 0.0395 

ttH126_4l_costhetaZ1_genbin5_recobin5 acc 0.0672 eff 0.3395 outinratio 0.0218 

ggH126_4l_costhetaZ1_genbin6_recobin5 acc 0.0551 eff 0.0313 outinratio 0.0101 

VBFH126_4l_costhetaZ1_genbin6_recobin5 acc 0.0608 eff 0.0385 outinratio 0.075 

WminusH126_4l_costhetaZ1_genbin6_recobin5 acc 0.0486 eff 0.029 outinratio 0.0202 

WplusH126_4l_costhetaZ1_genbin6_recobin5 acc 0.0443 eff 0.024 outinratio 0.0171 

ZH126_4l_costhetaZ1_genbin6_recobin5 acc 0.0471 eff 0.022 outinratio 0.0395 

ttH126_4l_costhetaZ1_genbin6_recobin5 acc 0.0558 eff 0.0287 outinratio 0.0218 

ggH126_4l_costhetaZ1_genbin7_recobin5 acc 0.0413 eff 0.0013 outinratio 0.0101 

VBFH126_4l_costhetaZ1_genbin7_recobin5 acc 0.0434 eff 0.0 outinratio 0.075 

WminusH126_4l_costhetaZ1_genbin7_recobin5 acc 0.039 eff 0.0 outinratio 0.0202 

WplusH126_4l_costhetaZ1_genbin7_recobin5 acc 0.0339 eff 0.0001 outinratio 0.0171 

ZH126_4l_costhetaZ1_genbin7_recobin5 acc 0.0377 eff 0.0007 outinratio 0.0395 

ttH126_4l_costhetaZ1_genbin7_recobin5 acc 0.0447 eff 0.0037 outinratio 0.0218 

ggH126_4l_costhetaZ1_genbin0_recobin6 acc 0.0421 eff 0.0002 outinratio 0.0067 

VBFH126_4l_costhetaZ1_genbin0_recobin6 acc 0.0462 eff 0.0 outinratio 0.0109 

WminusH126_4l_costhetaZ1_genbin0_recobin6 acc 0.0385 eff 0.0 outinratio 0.0102 

WplusH126_4l_costhetaZ1_genbin0_recobin6 acc 0.0336 eff 0.0 outinratio 0.0176 

ZH126_4l_costhetaZ1_genbin0_recobin6 acc 0.0362 eff 0.0 outinratio 0.0663 

ttH126_4l_costhetaZ1_genbin0_recobin6 acc 0.0483 eff 0.0 outinratio 0.0467 

ggH126_4l_costhetaZ1_genbin1_recobin6 acc 0.0531 eff 0.0003 outinratio 0.0067 

VBFH126_4l_costhetaZ1_genbin1_recobin6 acc 0.0581 eff 0.0 outinratio 0.0109 

WminusH126_4l_costhetaZ1_genbin1_recobin6 acc 0.0513 eff 0.0 outinratio 0.0102 

WplusH126_4l_costhetaZ1_genbin1_recobin6 acc 0.0429 eff 0.0 outinratio 0.0176 

ZH126_4l_costhetaZ1_genbin1_recobin6 acc 0.0466 eff 0.0003 outinratio 0.0663 

ttH126_4l_costhetaZ1_genbin1_recobin6 acc 0.0562 eff 0.0007 outinratio 0.0467 

ggH126_4l_costhetaZ1_genbin2_recobin6 acc 0.0626 eff 0.0002 outinratio 0.0067 

VBFH126_4l_costhetaZ1_genbin2_recobin6 acc 0.0653 eff 0.002 outinratio 0.0109 

WminusH126_4l_costhetaZ1_genbin2_recobin6 acc 0.0591 eff 0.0004 outinratio 0.0102 

WplusH126_4l_costhetaZ1_genbin2_recobin6 acc 0.0512 eff 0.0005 outinratio 0.0176 

ZH126_4l_costhetaZ1_genbin2_recobin6 acc 0.0547 eff 0.0 outinratio 0.0663 

ttH126_4l_costhetaZ1_genbin2_recobin6 acc 0.0678 eff 0.0 outinratio 0.0467 

ggH126_4l_costhetaZ1_genbin3_recobin6 acc 0.0672 eff 0.0006 outinratio 0.0067 

VBFH126_4l_costhetaZ1_genbin3_recobin6 acc 0.0706 eff 0.0 outinratio 0.0109 

WminusH126_4l_costhetaZ1_genbin3_recobin6 acc 0.0601 eff 0.0005 outinratio 0.0102 

WplusH126_4l_costhetaZ1_genbin3_recobin6 acc 0.0541 eff 0.0003 outinratio 0.0176 

ZH126_4l_costhetaZ1_genbin3_recobin6 acc 0.0569 eff 0.0005 outinratio 0.0663 

ttH126_4l_costhetaZ1_genbin3_recobin6 acc 0.0745 eff 0.0 outinratio 0.0467 

ggH126_4l_costhetaZ1_genbin4_recobin6 acc 0.0653 eff 0.0019 outinratio 0.0067 

VBFH126_4l_costhetaZ1_genbin4_recobin6 acc 0.0702 eff 0.0 outinratio 0.0109 

WminusH126_4l_costhetaZ1_genbin4_recobin6 acc 0.0605 eff 0.0005 outinratio 0.0102 

WplusH126_4l_costhetaZ1_genbin4_recobin6 acc 0.054 eff 0.0013 outinratio 0.0176 

ZH126_4l_costhetaZ1_genbin4_recobin6 acc 0.0575 eff 0.0014 outinratio 0.0663 

ttH126_4l_costhetaZ1_genbin4_recobin6 acc 0.0734 eff 0.001 outinratio 0.0467 

ggH126_4l_costhetaZ1_genbin5_recobin6 acc 0.0617 eff 0.0277 outinratio 0.0067 

VBFH126_4l_costhetaZ1_genbin5_recobin6 acc 0.0673 eff 0.0212 outinratio 0.0109 

WminusH126_4l_costhetaZ1_genbin5_recobin6 acc 0.0568 eff 0.0257 outinratio 0.0102 

WplusH126_4l_costhetaZ1_genbin5_recobin6 acc 0.0509 eff 0.027 outinratio 0.0176 

ZH126_4l_costhetaZ1_genbin5_recobin6 acc 0.0535 eff 0.0216 outinratio 0.0663 

ttH126_4l_costhetaZ1_genbin5_recobin6 acc 0.0672 eff 0.0217 outinratio 0.0467 

ggH126_4l_costhetaZ1_genbin6_recobin6 acc 0.0551 eff 0.4405 outinratio 0.0067 

VBFH126_4l_costhetaZ1_genbin6_recobin6 acc 0.0608 eff 0.4742 outinratio 0.0109 

WminusH126_4l_costhetaZ1_genbin6_recobin6 acc 0.0486 eff 0.4236 outinratio 0.0102 

WplusH126_4l_costhetaZ1_genbin6_recobin6 acc 0.0443 eff 0.419 outinratio 0.0176 

ZH126_4l_costhetaZ1_genbin6_recobin6 acc 0.0471 eff 0.4066 outinratio 0.0663 

ttH126_4l_costhetaZ1_genbin6_recobin6 acc 0.0558 eff 0.3243 outinratio 0.0467 

ggH126_4l_costhetaZ1_genbin7_recobin6 acc 0.0413 eff 0.0197 outinratio 0.0067 

VBFH126_4l_costhetaZ1_genbin7_recobin6 acc 0.0434 eff 0.0143 outinratio 0.0109 

WminusH126_4l_costhetaZ1_genbin7_recobin6 acc 0.039 eff 0.0169 outinratio 0.0102 

WplusH126_4l_costhetaZ1_genbin7_recobin6 acc 0.0339 eff 0.0172 outinratio 0.0176 

ZH126_4l_costhetaZ1_genbin7_recobin6 acc 0.0377 eff 0.0173 outinratio 0.0663 

ttH126_4l_costhetaZ1_genbin7_recobin6 acc 0.0447 eff 0.0126 outinratio 0.0467 

ggH126_4l_costhetaZ1_genbin0_recobin7 acc 0.0421 eff 0.0004 outinratio 0.0095 

VBFH126_4l_costhetaZ1_genbin0_recobin7 acc 0.0462 eff 0.0 outinratio 0.0035 

WminusH126_4l_costhetaZ1_genbin0_recobin7 acc 0.0385 eff 0.0 outinratio 0.0212 

WplusH126_4l_costhetaZ1_genbin0_recobin7 acc 0.0336 eff 0.0004 outinratio 0.014 

ZH126_4l_costhetaZ1_genbin0_recobin7 acc 0.0362 eff 0.0 outinratio 0.0602 

ttH126_4l_costhetaZ1_genbin0_recobin7 acc 0.0483 eff 0.0 outinratio 0.0447 

ggH126_4l_costhetaZ1_genbin1_recobin7 acc 0.0531 eff 0.0 outinratio 0.0095 

VBFH126_4l_costhetaZ1_genbin1_recobin7 acc 0.0581 eff 0.0 outinratio 0.0035 

WminusH126_4l_costhetaZ1_genbin1_recobin7 acc 0.0513 eff 0.0 outinratio 0.0212 

WplusH126_4l_costhetaZ1_genbin1_recobin7 acc 0.0429 eff 0.0001 outinratio 0.014 

ZH126_4l_costhetaZ1_genbin1_recobin7 acc 0.0466 eff 0.0006 outinratio 0.0602 

ttH126_4l_costhetaZ1_genbin1_recobin7 acc 0.0562 eff 0.0 outinratio 0.0447 

ggH126_4l_costhetaZ1_genbin2_recobin7 acc 0.0626 eff 0.0 outinratio 0.0095 

VBFH126_4l_costhetaZ1_genbin2_recobin7 acc 0.0653 eff 0.0 outinratio 0.0035 

WminusH126_4l_costhetaZ1_genbin2_recobin7 acc 0.0591 eff 0.0002 outinratio 0.0212 

WplusH126_4l_costhetaZ1_genbin2_recobin7 acc 0.0512 eff 0.0003 outinratio 0.014 

ZH126_4l_costhetaZ1_genbin2_recobin7 acc 0.0547 eff 0.0 outinratio 0.0602 

ttH126_4l_costhetaZ1_genbin2_recobin7 acc 0.0678 eff 0.0 outinratio 0.0447 

ggH126_4l_costhetaZ1_genbin3_recobin7 acc 0.0672 eff 0.0001 outinratio 0.0095 

VBFH126_4l_costhetaZ1_genbin3_recobin7 acc 0.0706 eff 0.0 outinratio 0.0035 

WminusH126_4l_costhetaZ1_genbin3_recobin7 acc 0.0601 eff 0.0 outinratio 0.0212 

WplusH126_4l_costhetaZ1_genbin3_recobin7 acc 0.0541 eff 0.0002 outinratio 0.014 

ZH126_4l_costhetaZ1_genbin3_recobin7 acc 0.0569 eff 0.0003 outinratio 0.0602 

ttH126_4l_costhetaZ1_genbin3_recobin7 acc 0.0745 eff 0.0 outinratio 0.0447 

ggH126_4l_costhetaZ1_genbin4_recobin7 acc 0.0653 eff 0.0 outinratio 0.0095 

VBFH126_4l_costhetaZ1_genbin4_recobin7 acc 0.0702 eff 0.0 outinratio 0.0035 

WminusH126_4l_costhetaZ1_genbin4_recobin7 acc 0.0605 eff 0.0004 outinratio 0.0212 

WplusH126_4l_costhetaZ1_genbin4_recobin7 acc 0.054 eff 0.0 outinratio 0.014 

ZH126_4l_costhetaZ1_genbin4_recobin7 acc 0.0575 eff 0.0 outinratio 0.0602 

ttH126_4l_costhetaZ1_genbin4_recobin7 acc 0.0734 eff 0.0002 outinratio 0.0447 

ggH126_4l_costhetaZ1_genbin5_recobin7 acc 0.0617 eff 0.0013 outinratio 0.0095 

VBFH126_4l_costhetaZ1_genbin5_recobin7 acc 0.0673 eff 0.0 outinratio 0.0035 

WminusH126_4l_costhetaZ1_genbin5_recobin7 acc 0.0568 eff 0.0001 outinratio 0.0212 

WplusH126_4l_costhetaZ1_genbin5_recobin7 acc 0.0509 eff 0.0014 outinratio 0.014 

ZH126_4l_costhetaZ1_genbin5_recobin7 acc 0.0535 eff 0.0002 outinratio 0.0602 

ttH126_4l_costhetaZ1_genbin5_recobin7 acc 0.0672 eff 0.0003 outinratio 0.0447 

ggH126_4l_costhetaZ1_genbin6_recobin7 acc 0.0551 eff 0.0147 outinratio 0.0095 

VBFH126_4l_costhetaZ1_genbin6_recobin7 acc 0.0608 eff 0.0136 outinratio 0.0035 

WminusH126_4l_costhetaZ1_genbin6_recobin7 acc 0.0486 eff 0.019 outinratio 0.0212 

WplusH126_4l_costhetaZ1_genbin6_recobin7 acc 0.0443 eff 0.0169 outinratio 0.014 

ZH126_4l_costhetaZ1_genbin6_recobin7 acc 0.0471 eff 0.0226 outinratio 0.0602 

ttH126_4l_costhetaZ1_genbin6_recobin7 acc 0.0558 eff 0.0196 outinratio 0.0447 

ggH126_4l_costhetaZ1_genbin7_recobin7 acc 0.0413 eff 0.4594 outinratio 0.0095 

VBFH126_4l_costhetaZ1_genbin7_recobin7 acc 0.0434 eff 0.5057 outinratio 0.0035 

WminusH126_4l_costhetaZ1_genbin7_recobin7 acc 0.039 eff 0.4438 outinratio 0.0212 

WplusH126_4l_costhetaZ1_genbin7_recobin7 acc 0.0339 eff 0.4458 outinratio 0.014 

ZH126_4l_costhetaZ1_genbin7_recobin7 acc 0.0377 eff 0.4432 outinratio 0.0602 

ttH126_4l_costhetaZ1_genbin7_recobin7 acc 0.0447 eff 0.3697 outinratio 0.0447 

ggH126_4e_costhetaZ1_genbin0_recobin0 acc 0.0419 eff 0.3445 outinratio 0.0098 

VBFH126_4e_costhetaZ1_genbin0_recobin0 acc 0.0427 eff 0.4183 outinratio 0.0374 

WminusH126_4e_costhetaZ1_genbin0_recobin0 acc 0.0349 eff 0.3298 outinratio 0.0362 

WplusH126_4e_costhetaZ1_genbin0_recobin0 acc 0.0312 eff 0.3519 outinratio 0.0242 

ZH126_4e_costhetaZ1_genbin0_recobin0 acc 0.0319 eff 0.3339 outinratio 0.0518 

ttH126_4e_costhetaZ1_genbin0_recobin0 acc 0.0473 eff 0.2685 outinratio 0.0086 

ggH126_4e_costhetaZ1_genbin1_recobin0 acc 0.0495 eff 0.0189 outinratio 0.0098 

VBFH126_4e_costhetaZ1_genbin1_recobin0 acc 0.0603 eff 0.0 outinratio 0.0374 

WminusH126_4e_costhetaZ1_genbin1_recobin0 acc 0.0479 eff 0.0174 outinratio 0.0362 

WplusH126_4e_costhetaZ1_genbin1_recobin0 acc 0.041 eff 0.014 outinratio 0.0242 

ZH126_4e_costhetaZ1_genbin1_recobin0 acc 0.0464 eff 0.0345 outinratio 0.0518 

ttH126_4e_costhetaZ1_genbin1_recobin0 acc 0.0534 eff 0.0128 outinratio 0.0086 

ggH126_4e_costhetaZ1_genbin2_recobin0 acc 0.0587 eff 0.0023 outinratio 0.0098 

VBFH126_4e_costhetaZ1_genbin2_recobin0 acc 0.0564 eff 0.0 outinratio 0.0374 

WminusH126_4e_costhetaZ1_genbin2_recobin0 acc 0.0582 eff 0.0018 outinratio 0.0362 

WplusH126_4e_costhetaZ1_genbin2_recobin0 acc 0.0488 eff 0.0036 outinratio 0.0242 

ZH126_4e_costhetaZ1_genbin2_recobin0 acc 0.0518 eff 0.0 outinratio 0.0518 

ttH126_4e_costhetaZ1_genbin2_recobin0 acc 0.064 eff 0.0 outinratio 0.0086 

ggH126_4e_costhetaZ1_genbin3_recobin0 acc 0.0635 eff 0.0 outinratio 0.0098 

VBFH126_4e_costhetaZ1_genbin3_recobin0 acc 0.0744 eff 0.0008 outinratio 0.0374 

WminusH126_4e_costhetaZ1_genbin3_recobin0 acc 0.0586 eff 0.0 outinratio 0.0362 

WplusH126_4e_costhetaZ1_genbin3_recobin0 acc 0.0534 eff 0.0 outinratio 0.0242 

ZH126_4e_costhetaZ1_genbin3_recobin0 acc 0.0545 eff 0.0 outinratio 0.0518 

ttH126_4e_costhetaZ1_genbin3_recobin0 acc 0.0745 eff 0.0 outinratio 0.0086 

ggH126_4e_costhetaZ1_genbin4_recobin0 acc 0.0634 eff 0.0 outinratio 0.0098 

VBFH126_4e_costhetaZ1_genbin4_recobin0 acc 0.0631 eff 0.0 outinratio 0.0374 

WminusH126_4e_costhetaZ1_genbin4_recobin0 acc 0.058 eff 0.0 outinratio 0.0362 

WplusH126_4e_costhetaZ1_genbin4_recobin0 acc 0.0519 eff 0.0 outinratio 0.0242 

ZH126_4e_costhetaZ1_genbin4_recobin0 acc 0.0568 eff 0.0 outinratio 0.0518 

ttH126_4e_costhetaZ1_genbin4_recobin0 acc 0.0697 eff 0.0 outinratio 0.0086 

ggH126_4e_costhetaZ1_genbin5_recobin0 acc 0.0588 eff 0.0 outinratio 0.0098 

VBFH126_4e_costhetaZ1_genbin5_recobin0 acc 0.0698 eff 0.0 outinratio 0.0374 

WminusH126_4e_costhetaZ1_genbin5_recobin0 acc 0.0556 eff 0.0 outinratio 0.0362 

WplusH126_4e_costhetaZ1_genbin5_recobin0 acc 0.0487 eff 0.0 outinratio 0.0242 

ZH126_4e_costhetaZ1_genbin5_recobin0 acc 0.05 eff 0.0 outinratio 0.0518 

ttH126_4e_costhetaZ1_genbin5_recobin0 acc 0.067 eff 0.0 outinratio 0.0086 

ggH126_4e_costhetaZ1_genbin6_recobin0 acc 0.052 eff 0.0007 outinratio 0.0098 

VBFH126_4e_costhetaZ1_genbin6_recobin0 acc 0.0546 eff 0.0 outinratio 0.0374 

WminusH126_4e_costhetaZ1_genbin6_recobin0 acc 0.0495 eff 0.0 outinratio 0.0362 

WplusH126_4e_costhetaZ1_genbin6_recobin0 acc 0.0422 eff 0.0 outinratio 0.0242 

ZH126_4e_costhetaZ1_genbin6_recobin0 acc 0.0457 eff 0.0 outinratio 0.0518 

ttH126_4e_costhetaZ1_genbin6_recobin0 acc 0.0586 eff 0.0 outinratio 0.0086 

ggH126_4e_costhetaZ1_genbin7_recobin0 acc 0.0391 eff 0.0 outinratio 0.0098 

VBFH126_4e_costhetaZ1_genbin7_recobin0 acc 0.0398 eff 0.0 outinratio 0.0374 

WminusH126_4e_costhetaZ1_genbin7_recobin0 acc 0.0365 eff 0.0 outinratio 0.0362 

WplusH126_4e_costhetaZ1_genbin7_recobin0 acc 0.0316 eff 0.0 outinratio 0.0242 

ZH126_4e_costhetaZ1_genbin7_recobin0 acc 0.0386 eff 0.0 outinratio 0.0518 

ttH126_4e_costhetaZ1_genbin7_recobin0 acc 0.0412 eff 0.0 outinratio 0.0086 

ggH126_4e_costhetaZ1_genbin0_recobin1 acc 0.0419 eff 0.0269 outinratio 0.0039 

VBFH126_4e_costhetaZ1_genbin0_recobin1 acc 0.0427 eff 0.0149 outinratio 0.0 

WminusH126_4e_costhetaZ1_genbin0_recobin1 acc 0.0349 eff 0.0145 outinratio 0.0179 

WplusH126_4e_costhetaZ1_genbin0_recobin1 acc 0.0312 eff 0.019 outinratio 0.0178 

ZH126_4e_costhetaZ1_genbin0_recobin1 acc 0.0319 eff 0.0344 outinratio 0.0755 

ttH126_4e_costhetaZ1_genbin0_recobin1 acc 0.0473 eff 0.0 outinratio 0.0059 

ggH126_4e_costhetaZ1_genbin1_recobin1 acc 0.0495 eff 0.3025 outinratio 0.0039 

VBFH126_4e_costhetaZ1_genbin1_recobin1 acc 0.0603 eff 0.4527 outinratio 0.0 

WminusH126_4e_costhetaZ1_genbin1_recobin1 acc 0.0479 eff 0.3097 outinratio 0.0179 

WplusH126_4e_costhetaZ1_genbin1_recobin1 acc 0.041 eff 0.3377 outinratio 0.0178 

ZH126_4e_costhetaZ1_genbin1_recobin1 acc 0.0464 eff 0.2911 outinratio 0.0755 

ttH126_4e_costhetaZ1_genbin1_recobin1 acc 0.0534 eff 0.3119 outinratio 0.0059 

ggH126_4e_costhetaZ1_genbin2_recobin1 acc 0.0587 eff 0.034 outinratio 0.0039 

VBFH126_4e_costhetaZ1_genbin2_recobin1 acc 0.0564 eff 0.0305 outinratio 0.0 

WminusH126_4e_costhetaZ1_genbin2_recobin1 acc 0.0582 eff 0.028 outinratio 0.0179 

WplusH126_4e_costhetaZ1_genbin2_recobin1 acc 0.0488 eff 0.0322 outinratio 0.0178 

ZH126_4e_costhetaZ1_genbin2_recobin1 acc 0.0518 eff 0.0195 outinratio 0.0755 

ttH126_4e_costhetaZ1_genbin2_recobin1 acc 0.064 eff 0.0199 outinratio 0.0059 

ggH126_4e_costhetaZ1_genbin3_recobin1 acc 0.0635 eff 0.002 outinratio 0.0039 

VBFH126_4e_costhetaZ1_genbin3_recobin1 acc 0.0744 eff 0.0079 outinratio 0.0 

WminusH126_4e_costhetaZ1_genbin3_recobin1 acc 0.0586 eff 0.0 outinratio 0.0179 

WplusH126_4e_costhetaZ1_genbin3_recobin1 acc 0.0534 eff 0.0011 outinratio 0.0178 

ZH126_4e_costhetaZ1_genbin3_recobin1 acc 0.0545 eff 0.0014 outinratio 0.0755 

ttH126_4e_costhetaZ1_genbin3_recobin1 acc 0.0745 eff 0.002 outinratio 0.0059 

ggH126_4e_costhetaZ1_genbin4_recobin1 acc 0.0634 eff 0.0009 outinratio 0.0039 

VBFH126_4e_costhetaZ1_genbin4_recobin1 acc 0.0631 eff 0.0 outinratio 0.0 

WminusH126_4e_costhetaZ1_genbin4_recobin1 acc 0.058 eff 0.0 outinratio 0.0179 

WplusH126_4e_costhetaZ1_genbin4_recobin1 acc 0.0519 eff 0.0 outinratio 0.0178 

ZH126_4e_costhetaZ1_genbin4_recobin1 acc 0.0568 eff 0.0 outinratio 0.0755 

ttH126_4e_costhetaZ1_genbin4_recobin1 acc 0.0697 eff 0.0 outinratio 0.0059 

ggH126_4e_costhetaZ1_genbin5_recobin1 acc 0.0588 eff 0.0 outinratio 0.0039 

VBFH126_4e_costhetaZ1_genbin5_recobin1 acc 0.0698 eff 0.0 outinratio 0.0 

WminusH126_4e_costhetaZ1_genbin5_recobin1 acc 0.0556 eff 0.001 outinratio 0.0179 

WplusH126_4e_costhetaZ1_genbin5_recobin1 acc 0.0487 eff 0.0 outinratio 0.0178 

ZH126_4e_costhetaZ1_genbin5_recobin1 acc 0.05 eff 0.0 outinratio 0.0755 

ttH126_4e_costhetaZ1_genbin5_recobin1 acc 0.067 eff 0.0 outinratio 0.0059 

ggH126_4e_costhetaZ1_genbin6_recobin1 acc 0.052 eff 0.0 outinratio 0.0039 

VBFH126_4e_costhetaZ1_genbin6_recobin1 acc 0.0546 eff 0.0 outinratio 0.0 

WminusH126_4e_costhetaZ1_genbin6_recobin1 acc 0.0495 eff 0.0 outinratio 0.0179 

WplusH126_4e_costhetaZ1_genbin6_recobin1 acc 0.0422 eff 0.0 outinratio 0.0178 

ZH126_4e_costhetaZ1_genbin6_recobin1 acc 0.0457 eff 0.0 outinratio 0.0755 

ttH126_4e_costhetaZ1_genbin6_recobin1 acc 0.0586 eff 0.0 outinratio 0.0059 

ggH126_4e_costhetaZ1_genbin7_recobin1 acc 0.0391 eff 0.0 outinratio 0.0039 

VBFH126_4e_costhetaZ1_genbin7_recobin1 acc 0.0398 eff 0.0 outinratio 0.0 

WminusH126_4e_costhetaZ1_genbin7_recobin1 acc 0.0365 eff 0.0 outinratio 0.0179 

WplusH126_4e_costhetaZ1_genbin7_recobin1 acc 0.0316 eff 0.0 outinratio 0.0178 

ZH126_4e_costhetaZ1_genbin7_recobin1 acc 0.0386 eff 0.0 outinratio 0.0755 

ttH126_4e_costhetaZ1_genbin7_recobin1 acc 0.0412 eff 0.0 outinratio 0.0059 

ggH126_4e_costhetaZ1_genbin0_recobin2 acc 0.0419 eff 0.0052 outinratio 0.0163 

VBFH126_4e_costhetaZ1_genbin0_recobin2 acc 0.0427 eff 0.0139 outinratio 0.0083 

WminusH126_4e_costhetaZ1_genbin0_recobin2 acc 0.0349 eff 0.0033 outinratio 0.0185 

WplusH126_4e_costhetaZ1_genbin0_recobin2 acc 0.0312 eff 0.0029 outinratio 0.0451 

ZH126_4e_costhetaZ1_genbin0_recobin2 acc 0.0319 eff 0.0012 outinratio 0.032 

ttH126_4e_costhetaZ1_genbin0_recobin2 acc 0.0473 eff 0.0 outinratio 0.0831 

ggH126_4e_costhetaZ1_genbin1_recobin2 acc 0.0495 eff 0.027 outinratio 0.0163 

VBFH126_4e_costhetaZ1_genbin1_recobin2 acc 0.0603 eff 0.0206 outinratio 0.0083 

WminusH126_4e_costhetaZ1_genbin1_recobin2 acc 0.0479 eff 0.0298 outinratio 0.0185 

WplusH126_4e_costhetaZ1_genbin1_recobin2 acc 0.041 eff 0.0294 outinratio 0.0451 

ZH126_4e_costhetaZ1_genbin1_recobin2 acc 0.0464 eff 0.0272 outinratio 0.032 

ttH126_4e_costhetaZ1_genbin1_recobin2 acc 0.0534 eff 0.0138 outinratio 0.0831 

ggH126_4e_costhetaZ1_genbin2_recobin2 acc 0.0587 eff 0.3039 outinratio 0.0163 

VBFH126_4e_costhetaZ1_genbin2_recobin2 acc 0.0564 eff 0.3181 outinratio 0.0083 

WminusH126_4e_costhetaZ1_genbin2_recobin2 acc 0.0582 eff 0.3191 outinratio 0.0185 

WplusH126_4e_costhetaZ1_genbin2_recobin2 acc 0.0488 eff 0.2824 outinratio 0.0451 

ZH126_4e_costhetaZ1_genbin2_recobin2 acc 0.0518 eff 0.2791 outinratio 0.032 

ttH126_4e_costhetaZ1_genbin2_recobin2 acc 0.064 eff 0.2308 outinratio 0.0831 

ggH126_4e_costhetaZ1_genbin3_recobin2 acc 0.0635 eff 0.0347 outinratio 0.0163 

VBFH126_4e_costhetaZ1_genbin3_recobin2 acc 0.0744 eff 0.035 outinratio 0.0083 

WminusH126_4e_costhetaZ1_genbin3_recobin2 acc 0.0586 eff 0.024 outinratio 0.0185 

WplusH126_4e_costhetaZ1_genbin3_recobin2 acc 0.0534 eff 0.0292 outinratio 0.0451 

ZH126_4e_costhetaZ1_genbin3_recobin2 acc 0.0545 eff 0.0275 outinratio 0.032 

ttH126_4e_costhetaZ1_genbin3_recobin2 acc 0.0745 eff 0.0149 outinratio 0.0831 

ggH126_4e_costhetaZ1_genbin4_recobin2 acc 0.0634 eff 0.0024 outinratio 0.0163 

VBFH126_4e_costhetaZ1_genbin4_recobin2 acc 0.0631 eff 0.0 outinratio 0.0083 

WminusH126_4e_costhetaZ1_genbin4_recobin2 acc 0.058 eff 0.0 outinratio 0.0185 

WplusH126_4e_costhetaZ1_genbin4_recobin2 acc 0.0519 eff 0.0019 outinratio 0.0451 

ZH126_4e_costhetaZ1_genbin4_recobin2 acc 0.0568 eff 0.0096 outinratio 0.032 

ttH126_4e_costhetaZ1_genbin4_recobin2 acc 0.0697 eff 0.0 outinratio 0.0831 

ggH126_4e_costhetaZ1_genbin5_recobin2 acc 0.0588 eff 0.0004 outinratio 0.0163 

VBFH126_4e_costhetaZ1_genbin5_recobin2 acc 0.0698 eff 0.0 outinratio 0.0083 

WminusH126_4e_costhetaZ1_genbin5_recobin2 acc 0.0556 eff 0.0 outinratio 0.0185 

WplusH126_4e_costhetaZ1_genbin5_recobin2 acc 0.0487 eff 0.0 outinratio 0.0451 

ZH126_4e_costhetaZ1_genbin5_recobin2 acc 0.05 eff 0.0013 outinratio 0.032 

ttH126_4e_costhetaZ1_genbin5_recobin2 acc 0.067 eff 0.0 outinratio 0.0831 

ggH126_4e_costhetaZ1_genbin6_recobin2 acc 0.052 eff 0.0 outinratio 0.0163 

VBFH126_4e_costhetaZ1_genbin6_recobin2 acc 0.0546 eff 0.0 outinratio 0.0083 

WminusH126_4e_costhetaZ1_genbin6_recobin2 acc 0.0495 eff 0.0 outinratio 0.0185 

WplusH126_4e_costhetaZ1_genbin6_recobin2 acc 0.0422 eff 0.0 outinratio 0.0451 

ZH126_4e_costhetaZ1_genbin6_recobin2 acc 0.0457 eff 0.0011 outinratio 0.032 

ttH126_4e_costhetaZ1_genbin6_recobin2 acc 0.0586 eff 0.0 outinratio 0.0831 

ggH126_4e_costhetaZ1_genbin7_recobin2 acc 0.0391 eff 0.0 outinratio 0.0163 

VBFH126_4e_costhetaZ1_genbin7_recobin2 acc 0.0398 eff 0.0 outinratio 0.0083 

WminusH126_4e_costhetaZ1_genbin7_recobin2 acc 0.0365 eff 0.0 outinratio 0.0185 

WplusH126_4e_costhetaZ1_genbin7_recobin2 acc 0.0316 eff 0.0 outinratio 0.0451 

ZH126_4e_costhetaZ1_genbin7_recobin2 acc 0.0386 eff 0.0 outinratio 0.032 

ttH126_4e_costhetaZ1_genbin7_recobin2 acc 0.0412 eff 0.0 outinratio 0.0831 

ggH126_4e_costhetaZ1_genbin0_recobin3 acc 0.0419 eff 0.0012 outinratio 0.0074 

VBFH126_4e_costhetaZ1_genbin0_recobin3 acc 0.0427 eff 0.0 outinratio 0.0156 

WminusH126_4e_costhetaZ1_genbin0_recobin3 acc 0.0349 eff 0.0 outinratio 0.0167 

WplusH126_4e_costhetaZ1_genbin0_recobin3 acc 0.0312 eff 0.0 outinratio 0.0217 

ZH126_4e_costhetaZ1_genbin0_recobin3 acc 0.0319 eff 0.0011 outinratio 0.0321 

ttH126_4e_costhetaZ1_genbin0_recobin3 acc 0.0473 eff 0.0 outinratio 0.0573 

ggH126_4e_costhetaZ1_genbin1_recobin3 acc 0.0495 eff 0.0 outinratio 0.0074 

VBFH126_4e_costhetaZ1_genbin1_recobin3 acc 0.0603 eff 0.0159 outinratio 0.0156 

WminusH126_4e_costhetaZ1_genbin1_recobin3 acc 0.0479 eff 0.0014 outinratio 0.0167 

WplusH126_4e_costhetaZ1_genbin1_recobin3 acc 0.041 eff 0.0031 outinratio 0.0217 

ZH126_4e_costhetaZ1_genbin1_recobin3 acc 0.0464 eff 0.0 outinratio 0.0321 

ttH126_4e_costhetaZ1_genbin1_recobin3 acc 0.0534 eff 0.0 outinratio 0.0573 

ggH126_4e_costhetaZ1_genbin2_recobin3 acc 0.0587 eff 0.0267 outinratio 0.0074 

VBFH126_4e_costhetaZ1_genbin2_recobin3 acc 0.0564 eff 0.0394 outinratio 0.0156 

WminusH126_4e_costhetaZ1_genbin2_recobin3 acc 0.0582 eff 0.0218 outinratio 0.0167 

WplusH126_4e_costhetaZ1_genbin2_recobin3 acc 0.0488 eff 0.0367 outinratio 0.0217 

ZH126_4e_costhetaZ1_genbin2_recobin3 acc 0.0518 eff 0.0442 outinratio 0.0321 

ttH126_4e_costhetaZ1_genbin2_recobin3 acc 0.064 eff 0.0272 outinratio 0.0573 

ggH126_4e_costhetaZ1_genbin3_recobin3 acc 0.0635 eff 0.3286 outinratio 0.0074 

VBFH126_4e_costhetaZ1_genbin3_recobin3 acc 0.0744 eff 0.3446 outinratio 0.0156 

WminusH126_4e_costhetaZ1_genbin3_recobin3 acc 0.0586 eff 0.3413 outinratio 0.0167 

WplusH126_4e_costhetaZ1_genbin3_recobin3 acc 0.0534 eff 0.2977 outinratio 0.0217 

ZH126_4e_costhetaZ1_genbin3_recobin3 acc 0.0545 eff 0.3225 outinratio 0.0321 

ttH126_4e_costhetaZ1_genbin3_recobin3 acc 0.0745 eff 0.2559 outinratio 0.0573 

ggH126_4e_costhetaZ1_genbin4_recobin3 acc 0.0634 eff 0.0343 outinratio 0.0074 

VBFH126_4e_costhetaZ1_genbin4_recobin3 acc 0.0631 eff 0.0441 outinratio 0.0156 

WminusH126_4e_costhetaZ1_genbin4_recobin3 acc 0.058 eff 0.0458 outinratio 0.0167 

WplusH126_4e_costhetaZ1_genbin4_recobin3 acc 0.0519 eff 0.0253 outinratio 0.0217 

ZH126_4e_costhetaZ1_genbin4_recobin3 acc 0.0568 eff 0.0356 outinratio 0.0321 

ttH126_4e_costhetaZ1_genbin4_recobin3 acc 0.0697 eff 0.0241 outinratio 0.0573 

ggH126_4e_costhetaZ1_genbin5_recobin3 acc 0.0588 eff 0.0005 outinratio 0.0074 

VBFH126_4e_costhetaZ1_genbin5_recobin3 acc 0.0698 eff 0.0 outinratio 0.0156 

WminusH126_4e_costhetaZ1_genbin5_recobin3 acc 0.0556 eff 0.0004 outinratio 0.0167 

WplusH126_4e_costhetaZ1_genbin5_recobin3 acc 0.0487 eff 0.001 outinratio 0.0217 

ZH126_4e_costhetaZ1_genbin5_recobin3 acc 0.05 eff 0.0 outinratio 0.0321 

ttH126_4e_costhetaZ1_genbin5_recobin3 acc 0.067 eff 0.0023 outinratio 0.0573 

ggH126_4e_costhetaZ1_genbin6_recobin3 acc 0.052 eff 0.0 outinratio 0.0074 

VBFH126_4e_costhetaZ1_genbin6_recobin3 acc 0.0546 eff 0.0 outinratio 0.0156 

WminusH126_4e_costhetaZ1_genbin6_recobin3 acc 0.0495 eff 0.0 outinratio 0.0167 

WplusH126_4e_costhetaZ1_genbin6_recobin3 acc 0.0422 eff 0.0 outinratio 0.0217 

ZH126_4e_costhetaZ1_genbin6_recobin3 acc 0.0457 eff 0.0 outinratio 0.0321 

ttH126_4e_costhetaZ1_genbin6_recobin3 acc 0.0586 eff 0.0 outinratio 0.0573 

ggH126_4e_costhetaZ1_genbin7_recobin3 acc 0.0391 eff 0.0018 outinratio 0.0074 

VBFH126_4e_costhetaZ1_genbin7_recobin3 acc 0.0398 eff 0.0 outinratio 0.0156 

WminusH126_4e_costhetaZ1_genbin7_recobin3 acc 0.0365 eff 0.0 outinratio 0.0167 

WplusH126_4e_costhetaZ1_genbin7_recobin3 acc 0.0316 eff 0.0 outinratio 0.0217 

ZH126_4e_costhetaZ1_genbin7_recobin3 acc 0.0386 eff 0.0 outinratio 0.0321 

ttH126_4e_costhetaZ1_genbin7_recobin3 acc 0.0412 eff 0.0 outinratio 0.0573 

ggH126_4e_costhetaZ1_genbin0_recobin4 acc 0.0419 eff 0.0012 outinratio 0.0103 

VBFH126_4e_costhetaZ1_genbin0_recobin4 acc 0.0427 eff 0.0 outinratio 0.0 

WminusH126_4e_costhetaZ1_genbin0_recobin4 acc 0.0349 eff 0.0 outinratio 0.0308 

WplusH126_4e_costhetaZ1_genbin0_recobin4 acc 0.0312 eff 0.0 outinratio 0.0292 

ZH126_4e_costhetaZ1_genbin0_recobin4 acc 0.0319 eff 0.0 outinratio 0.1022 

ttH126_4e_costhetaZ1_genbin0_recobin4 acc 0.0473 eff 0.0 outinratio 0.0407 

ggH126_4e_costhetaZ1_genbin1_recobin4 acc 0.0495 eff 0.0 outinratio 0.0103 

VBFH126_4e_costhetaZ1_genbin1_recobin4 acc 0.0603 eff 0.0 outinratio 0.0 

WminusH126_4e_costhetaZ1_genbin1_recobin4 acc 0.0479 eff 0.0 outinratio 0.0308 

WplusH126_4e_costhetaZ1_genbin1_recobin4 acc 0.041 eff 0.0 outinratio 0.0292 

ZH126_4e_costhetaZ1_genbin1_recobin4 acc 0.0464 eff 0.0 outinratio 0.1022 

ttH126_4e_costhetaZ1_genbin1_recobin4 acc 0.0534 eff 0.005 outinratio 0.0407 

ggH126_4e_costhetaZ1_genbin2_recobin4 acc 0.0587 eff 0.0002 outinratio 0.0103 

VBFH126_4e_costhetaZ1_genbin2_recobin4 acc 0.0564 eff 0.0 outinratio 0.0 

WminusH126_4e_costhetaZ1_genbin2_recobin4 acc 0.0582 eff 0.0016 outinratio 0.0308 

WplusH126_4e_costhetaZ1_genbin2_recobin4 acc 0.0488 eff 0.0013 outinratio 0.0292 

ZH126_4e_costhetaZ1_genbin2_recobin4 acc 0.0518 eff 0.0014 outinratio 0.1022 

ttH126_4e_costhetaZ1_genbin2_recobin4 acc 0.064 eff 0.0066 outinratio 0.0407 

ggH126_4e_costhetaZ1_genbin3_recobin4 acc 0.0635 eff 0.0399 outinratio 0.0103 

VBFH126_4e_costhetaZ1_genbin3_recobin4 acc 0.0744 eff 0.067 outinratio 0.0 

WminusH126_4e_costhetaZ1_genbin3_recobin4 acc 0.0586 eff 0.0278 outinratio 0.0308 

WplusH126_4e_costhetaZ1_genbin3_recobin4 acc 0.0534 eff 0.0382 outinratio 0.0292 

ZH126_4e_costhetaZ1_genbin3_recobin4 acc 0.0545 eff 0.0307 outinratio 0.1022 

ttH126_4e_costhetaZ1_genbin3_recobin4 acc 0.0745 eff 0.0193 outinratio 0.0407 

ggH126_4e_costhetaZ1_genbin4_recobin4 acc 0.0634 eff 0.3184 outinratio 0.0103 

VBFH126_4e_costhetaZ1_genbin4_recobin4 acc 0.0631 eff 0.3494 outinratio 0.0 

WminusH126_4e_costhetaZ1_genbin4_recobin4 acc 0.058 eff 0.2962 outinratio 0.0308 

WplusH126_4e_costhetaZ1_genbin4_recobin4 acc 0.0519 eff 0.3002 outinratio 0.0292 

ZH126_4e_costhetaZ1_genbin4_recobin4 acc 0.0568 eff 0.3006 outinratio 0.1022 

ttH126_4e_costhetaZ1_genbin4_recobin4 acc 0.0697 eff 0.2976 outinratio 0.0407 

ggH126_4e_costhetaZ1_genbin5_recobin4 acc 0.0588 eff 0.0375 outinratio 0.0103 

VBFH126_4e_costhetaZ1_genbin5_recobin4 acc 0.0698 eff 0.0503 outinratio 0.0 

WminusH126_4e_costhetaZ1_genbin5_recobin4 acc 0.0556 eff 0.0238 outinratio 0.0308 

WplusH126_4e_costhetaZ1_genbin5_recobin4 acc 0.0487 eff 0.0265 outinratio 0.0292 

ZH126_4e_costhetaZ1_genbin5_recobin4 acc 0.05 eff 0.0324 outinratio 0.1022 

ttH126_4e_costhetaZ1_genbin5_recobin4 acc 0.067 eff 0.0559 outinratio 0.0407 

ggH126_4e_costhetaZ1_genbin6_recobin4 acc 0.052 eff 0.0023 outinratio 0.0103 

VBFH126_4e_costhetaZ1_genbin6_recobin4 acc 0.0546 eff 0.0 outinratio 0.0 

WminusH126_4e_costhetaZ1_genbin6_recobin4 acc 0.0495 eff 0.0018 outinratio 0.0308 

WplusH126_4e_costhetaZ1_genbin6_recobin4 acc 0.0422 eff 0.0003 outinratio 0.0292 

ZH126_4e_costhetaZ1_genbin6_recobin4 acc 0.0457 eff 0.003 outinratio 0.1022 

ttH126_4e_costhetaZ1_genbin6_recobin4 acc 0.0586 eff 0.0 outinratio 0.0407 

ggH126_4e_costhetaZ1_genbin7_recobin4 acc 0.0391 eff 0.0014 outinratio 0.0103 

VBFH126_4e_costhetaZ1_genbin7_recobin4 acc 0.0398 eff 0.0 outinratio 0.0 

WminusH126_4e_costhetaZ1_genbin7_recobin4 acc 0.0365 eff 0.0 outinratio 0.0308 

WplusH126_4e_costhetaZ1_genbin7_recobin4 acc 0.0316 eff 0.0 outinratio 0.0292 

ZH126_4e_costhetaZ1_genbin7_recobin4 acc 0.0386 eff 0.0015 outinratio 0.1022 

ttH126_4e_costhetaZ1_genbin7_recobin4 acc 0.0412 eff 0.0 outinratio 0.0407 

ggH126_4e_costhetaZ1_genbin0_recobin5 acc 0.0419 eff 0.0 outinratio 0.019 

VBFH126_4e_costhetaZ1_genbin0_recobin5 acc 0.0427 eff 0.0 outinratio 0.3231 

WminusH126_4e_costhetaZ1_genbin0_recobin5 acc 0.0349 eff 0.0 outinratio 0.0275 

WplusH126_4e_costhetaZ1_genbin0_recobin5 acc 0.0312 eff 0.0 outinratio 0.0191 

ZH126_4e_costhetaZ1_genbin0_recobin5 acc 0.0319 eff 0.0 outinratio 0.0418 

ttH126_4e_costhetaZ1_genbin0_recobin5 acc 0.0473 eff 0.0 outinratio 0.0378 

ggH126_4e_costhetaZ1_genbin1_recobin5 acc 0.0495 eff 0.0 outinratio 0.019 

VBFH126_4e_costhetaZ1_genbin1_recobin5 acc 0.0603 eff 0.0 outinratio 0.3231 

WminusH126_4e_costhetaZ1_genbin1_recobin5 acc 0.0479 eff 0.0 outinratio 0.0275 

WplusH126_4e_costhetaZ1_genbin1_recobin5 acc 0.041 eff 0.0004 outinratio 0.0191 

ZH126_4e_costhetaZ1_genbin1_recobin5 acc 0.0464 eff 0.0 outinratio 0.0418 

ttH126_4e_costhetaZ1_genbin1_recobin5 acc 0.0534 eff 0.0 outinratio 0.0378 

ggH126_4e_costhetaZ1_genbin2_recobin5 acc 0.0587 eff 0.0003 outinratio 0.019 

VBFH126_4e_costhetaZ1_genbin2_recobin5 acc 0.0564 eff 0.0 outinratio 0.3231 

WminusH126_4e_costhetaZ1_genbin2_recobin5 acc 0.0582 eff 0.0 outinratio 0.0275 

WplusH126_4e_costhetaZ1_genbin2_recobin5 acc 0.0488 eff 0.0 outinratio 0.0191 

ZH126_4e_costhetaZ1_genbin2_recobin5 acc 0.0518 eff 0.0 outinratio 0.0418 

ttH126_4e_costhetaZ1_genbin2_recobin5 acc 0.064 eff 0.0 outinratio 0.0378 

ggH126_4e_costhetaZ1_genbin3_recobin5 acc 0.0635 eff 0.0009 outinratio 0.019 

VBFH126_4e_costhetaZ1_genbin3_recobin5 acc 0.0744 eff 0.0 outinratio 0.3231 

WminusH126_4e_costhetaZ1_genbin3_recobin5 acc 0.0586 eff 0.0005 outinratio 0.0275 

WplusH126_4e_costhetaZ1_genbin3_recobin5 acc 0.0534 eff 0.0011 outinratio 0.0191 

ZH126_4e_costhetaZ1_genbin3_recobin5 acc 0.0545 eff -0.0003 outinratio 0.0418 

ttH126_4e_costhetaZ1_genbin3_recobin5 acc 0.0745 eff 0.003 outinratio 0.0378 

ggH126_4e_costhetaZ1_genbin4_recobin5 acc 0.0634 eff 0.0321 outinratio 0.019 

VBFH126_4e_costhetaZ1_genbin4_recobin5 acc 0.0631 eff 0.0384 outinratio 0.3231 

WminusH126_4e_costhetaZ1_genbin4_recobin5 acc 0.058 eff 0.0313 outinratio 0.0275 

WplusH126_4e_costhetaZ1_genbin4_recobin5 acc 0.0519 eff 0.034 outinratio 0.0191 

ZH126_4e_costhetaZ1_genbin4_recobin5 acc 0.0568 eff 0.0395 outinratio 0.0418 

ttH126_4e_costhetaZ1_genbin4_recobin5 acc 0.0697 eff 0.0343 outinratio 0.0378 

ggH126_4e_costhetaZ1_genbin5_recobin5 acc 0.0588 eff 0.3108 outinratio 0.019 

VBFH126_4e_costhetaZ1_genbin5_recobin5 acc 0.0698 eff 0.3791 outinratio 0.3231 

WminusH126_4e_costhetaZ1_genbin5_recobin5 acc 0.0556 eff 0.3022 outinratio 0.0275 

WplusH126_4e_costhetaZ1_genbin5_recobin5 acc 0.0487 eff 0.334 outinratio 0.0191 

ZH126_4e_costhetaZ1_genbin5_recobin5 acc 0.05 eff 0.3406 outinratio 0.0418 

ttH126_4e_costhetaZ1_genbin5_recobin5 acc 0.067 eff 0.2731 outinratio 0.0378 

ggH126_4e_costhetaZ1_genbin6_recobin5 acc 0.052 eff 0.0315 outinratio 0.019 

VBFH126_4e_costhetaZ1_genbin6_recobin5 acc 0.0546 eff 0.029 outinratio 0.3231 

WminusH126_4e_costhetaZ1_genbin6_recobin5 acc 0.0495 eff 0.0263 outinratio 0.0275 

WplusH126_4e_costhetaZ1_genbin6_recobin5 acc 0.0422 eff 0.0212 outinratio 0.0191 

ZH126_4e_costhetaZ1_genbin6_recobin5 acc 0.0457 eff 0.0273 outinratio 0.0418 

ttH126_4e_costhetaZ1_genbin6_recobin5 acc 0.0586 eff 0.0407 outinratio 0.0378 

ggH126_4e_costhetaZ1_genbin7_recobin5 acc 0.0391 eff 0.0 outinratio 0.019 

VBFH126_4e_costhetaZ1_genbin7_recobin5 acc 0.0398 eff 0.0 outinratio 0.3231 

WminusH126_4e_costhetaZ1_genbin7_recobin5 acc 0.0365 eff 0.0 outinratio 0.0275 

WplusH126_4e_costhetaZ1_genbin7_recobin5 acc 0.0316 eff 0.0006 outinratio 0.0191 

ZH126_4e_costhetaZ1_genbin7_recobin5 acc 0.0386 eff 0.0 outinratio 0.0418 

ttH126_4e_costhetaZ1_genbin7_recobin5 acc 0.0412 eff 0.0 outinratio 0.0378 

ggH126_4e_costhetaZ1_genbin0_recobin6 acc 0.0419 eff 0.0 outinratio 0.0085 

VBFH126_4e_costhetaZ1_genbin0_recobin6 acc 0.0427 eff 0.0 outinratio 0.0423 

WminusH126_4e_costhetaZ1_genbin0_recobin6 acc 0.0349 eff 0.0 outinratio 0.0135 

WplusH126_4e_costhetaZ1_genbin0_recobin6 acc 0.0312 eff 0.0 outinratio 0.0329 

ZH126_4e_costhetaZ1_genbin0_recobin6 acc 0.0319 eff 0.0 outinratio 0.068 

ttH126_4e_costhetaZ1_genbin0_recobin6 acc 0.0473 eff 0.0 outinratio 0.0497 

ggH126_4e_costhetaZ1_genbin1_recobin6 acc 0.0495 eff 0.0 outinratio 0.0085 

VBFH126_4e_costhetaZ1_genbin1_recobin6 acc 0.0603 eff 0.0 outinratio 0.0423 

WminusH126_4e_costhetaZ1_genbin1_recobin6 acc 0.0479 eff 0.0 outinratio 0.0135 

WplusH126_4e_costhetaZ1_genbin1_recobin6 acc 0.041 eff 0.0 outinratio 0.0329 

ZH126_4e_costhetaZ1_genbin1_recobin6 acc 0.0464 eff 0.0 outinratio 0.068 

ttH126_4e_costhetaZ1_genbin1_recobin6 acc 0.0534 eff 0.0 outinratio 0.0497 

ggH126_4e_costhetaZ1_genbin2_recobin6 acc 0.0587 eff 0.0 outinratio 0.0085 

VBFH126_4e_costhetaZ1_genbin2_recobin6 acc 0.0564 eff 0.0 outinratio 0.0423 

WminusH126_4e_costhetaZ1_genbin2_recobin6 acc 0.0582 eff 0.0 outinratio 0.0135 

WplusH126_4e_costhetaZ1_genbin2_recobin6 acc 0.0488 eff 0.0 outinratio 0.0329 

ZH126_4e_costhetaZ1_genbin2_recobin6 acc 0.0518 eff 0.0 outinratio 0.068 

ttH126_4e_costhetaZ1_genbin2_recobin6 acc 0.064 eff 0.0 outinratio 0.0497 

ggH126_4e_costhetaZ1_genbin3_recobin6 acc 0.0635 eff 0.0 outinratio 0.0085 

VBFH126_4e_costhetaZ1_genbin3_recobin6 acc 0.0744 eff 0.0 outinratio 0.0423 

WminusH126_4e_costhetaZ1_genbin3_recobin6 acc 0.0586 eff 0.0018 outinratio 0.0135 

WplusH126_4e_costhetaZ1_genbin3_recobin6 acc 0.0534 eff 0.0003 outinratio 0.0329 

ZH126_4e_costhetaZ1_genbin3_recobin6 acc 0.0545 eff 0.0 outinratio 0.068 

ttH126_4e_costhetaZ1_genbin3_recobin6 acc 0.0745 eff 0.0 outinratio 0.0497 

ggH126_4e_costhetaZ1_genbin4_recobin6 acc 0.0634 eff 0.0024 outinratio 0.0085 

VBFH126_4e_costhetaZ1_genbin4_recobin6 acc 0.0631 eff 0.0 outinratio 0.0423 

WminusH126_4e_costhetaZ1_genbin4_recobin6 acc 0.058 eff 0.0 outinratio 0.0135 

WplusH126_4e_costhetaZ1_genbin4_recobin6 acc 0.0519 eff 0.0024 outinratio 0.0329 

ZH126_4e_costhetaZ1_genbin4_recobin6 acc 0.0568 eff 0.004 outinratio 0.068 

ttH126_4e_costhetaZ1_genbin4_recobin6 acc 0.0697 eff 0.0 outinratio 0.0497 

ggH126_4e_costhetaZ1_genbin5_recobin6 acc 0.0588 eff 0.0291 outinratio 0.0085 

VBFH126_4e_costhetaZ1_genbin5_recobin6 acc 0.0698 eff 0.0436 outinratio 0.0423 

WminusH126_4e_costhetaZ1_genbin5_recobin6 acc 0.0556 eff 0.0274 outinratio 0.0135 

WplusH126_4e_costhetaZ1_genbin5_recobin6 acc 0.0487 eff 0.0359 outinratio 0.0329 

ZH126_4e_costhetaZ1_genbin5_recobin6 acc 0.05 eff 0.0273 outinratio 0.068 

ttH126_4e_costhetaZ1_genbin5_recobin6 acc 0.067 eff 0.0192 outinratio 0.0497 

ggH126_4e_costhetaZ1_genbin6_recobin6 acc 0.052 eff 0.2956 outinratio 0.0085 

VBFH126_4e_costhetaZ1_genbin6_recobin6 acc 0.0546 eff 0.3542 outinratio 0.0423 

WminusH126_4e_costhetaZ1_genbin6_recobin6 acc 0.0495 eff 0.3014 outinratio 0.0135 

WplusH126_4e_costhetaZ1_genbin6_recobin6 acc 0.0422 eff 0.3324 outinratio 0.0329 

ZH126_4e_costhetaZ1_genbin6_recobin6 acc 0.0457 eff 0.3158 outinratio 0.068 

ttH126_4e_costhetaZ1_genbin6_recobin6 acc 0.0586 eff 0.2685 outinratio 0.0497 

ggH126_4e_costhetaZ1_genbin7_recobin6 acc 0.0391 eff 0.0126 outinratio 0.0085 

VBFH126_4e_costhetaZ1_genbin7_recobin6 acc 0.0398 eff 0.0172 outinratio 0.0423 

WminusH126_4e_costhetaZ1_genbin7_recobin6 acc 0.0365 eff 0.0193 outinratio 0.0135 

WplusH126_4e_costhetaZ1_genbin7_recobin6 acc 0.0316 eff 0.0172 outinratio 0.0329 

ZH126_4e_costhetaZ1_genbin7_recobin6 acc 0.0386 eff 0.0119 outinratio 0.068 

ttH126_4e_costhetaZ1_genbin7_recobin6 acc 0.0412 eff 0.0086 outinratio 0.0497 

ggH126_4e_costhetaZ1_genbin0_recobin7 acc 0.0419 eff 0.0 outinratio 0.0173 

VBFH126_4e_costhetaZ1_genbin0_recobin7 acc 0.0427 eff 0.0 outinratio 0.0 

WminusH126_4e_costhetaZ1_genbin0_recobin7 acc 0.0349 eff 0.0 outinratio 0.0362 

WplusH126_4e_costhetaZ1_genbin0_recobin7 acc 0.0312 eff 0.0 outinratio 0.0212 

ZH126_4e_costhetaZ1_genbin0_recobin7 acc 0.0319 eff 0.0 outinratio 0.0541 

ttH126_4e_costhetaZ1_genbin0_recobin7 acc 0.0473 eff 0.0 outinratio 0.0383 

ggH126_4e_costhetaZ1_genbin1_recobin7 acc 0.0495 eff 0.0 outinratio 0.0173 

VBFH126_4e_costhetaZ1_genbin1_recobin7 acc 0.0603 eff 0.0 outinratio 0.0 

WminusH126_4e_costhetaZ1_genbin1_recobin7 acc 0.0479 eff 0.0 outinratio 0.0362 

WplusH126_4e_costhetaZ1_genbin1_recobin7 acc 0.041 eff 0.0 outinratio 0.0212 

ZH126_4e_costhetaZ1_genbin1_recobin7 acc 0.0464 eff 0.0 outinratio 0.0541 

ttH126_4e_costhetaZ1_genbin1_recobin7 acc 0.0534 eff 0.0 outinratio 0.0383 

ggH126_4e_costhetaZ1_genbin2_recobin7 acc 0.0587 eff 0.0 outinratio 0.0173 

VBFH126_4e_costhetaZ1_genbin2_recobin7 acc 0.0564 eff 0.0 outinratio 0.0 

WminusH126_4e_costhetaZ1_genbin2_recobin7 acc 0.0582 eff 0.0 outinratio 0.0362 

WplusH126_4e_costhetaZ1_genbin2_recobin7 acc 0.0488 eff 0.0 outinratio 0.0212 

ZH126_4e_costhetaZ1_genbin2_recobin7 acc 0.0518 eff 0.0 outinratio 0.0541 

ttH126_4e_costhetaZ1_genbin2_recobin7 acc 0.064 eff 0.0 outinratio 0.0383 

ggH126_4e_costhetaZ1_genbin3_recobin7 acc 0.0635 eff 0.0 outinratio 0.0173 

VBFH126_4e_costhetaZ1_genbin3_recobin7 acc 0.0744 eff 0.0 outinratio 0.0 

WminusH126_4e_costhetaZ1_genbin3_recobin7 acc 0.0586 eff 0.0 outinratio 0.0362 

WplusH126_4e_costhetaZ1_genbin3_recobin7 acc 0.0534 eff 0.0006 outinratio 0.0212 

ZH126_4e_costhetaZ1_genbin3_recobin7 acc 0.0545 eff 0.0 outinratio 0.0541 

ttH126_4e_costhetaZ1_genbin3_recobin7 acc 0.0745 eff 0.0 outinratio 0.0383 

ggH126_4e_costhetaZ1_genbin4_recobin7 acc 0.0634 eff 0.0 outinratio 0.0173 

VBFH126_4e_costhetaZ1_genbin4_recobin7 acc 0.0631 eff 0.0 outinratio 0.0 

WminusH126_4e_costhetaZ1_genbin4_recobin7 acc 0.058 eff 0.0 outinratio 0.0362 

WplusH126_4e_costhetaZ1_genbin4_recobin7 acc 0.0519 eff 0.0 outinratio 0.0212 

ZH126_4e_costhetaZ1_genbin4_recobin7 acc 0.0568 eff 0.0 outinratio 0.0541 

ttH126_4e_costhetaZ1_genbin4_recobin7 acc 0.0697 eff 0.0 outinratio 0.0383 

ggH126_4e_costhetaZ1_genbin5_recobin7 acc 0.0588 eff 0.0011 outinratio 0.0173 

VBFH126_4e_costhetaZ1_genbin5_recobin7 acc 0.0698 eff 0.0 outinratio 0.0 

WminusH126_4e_costhetaZ1_genbin5_recobin7 acc 0.0556 eff 0.0 outinratio 0.0362 

WplusH126_4e_costhetaZ1_genbin5_recobin7 acc 0.0487 eff 0.0037 outinratio 0.0212 

ZH126_4e_costhetaZ1_genbin5_recobin7 acc 0.05 eff 0.0006 outinratio 0.0541 

ttH126_4e_costhetaZ1_genbin5_recobin7 acc 0.067 eff 0.0 outinratio 0.0383 

ggH126_4e_costhetaZ1_genbin6_recobin7 acc 0.052 eff 0.0175 outinratio 0.0173 

VBFH126_4e_costhetaZ1_genbin6_recobin7 acc 0.0546 eff 0.0295 outinratio 0.0 

WminusH126_4e_costhetaZ1_genbin6_recobin7 acc 0.0495 eff 0.0237 outinratio 0.0362 

WplusH126_4e_costhetaZ1_genbin6_recobin7 acc 0.0422 eff 0.0316 outinratio 0.0212 

ZH126_4e_costhetaZ1_genbin6_recobin7 acc 0.0457 eff 0.0116 outinratio 0.0541 

ttH126_4e_costhetaZ1_genbin6_recobin7 acc 0.0586 eff 0.0215 outinratio 0.0383 

ggH126_4e_costhetaZ1_genbin7_recobin7 acc 0.0391 eff 0.3298 outinratio 0.0173 

VBFH126_4e_costhetaZ1_genbin7_recobin7 acc 0.0398 eff 0.4466 outinratio 0.0 

WminusH126_4e_costhetaZ1_genbin7_recobin7 acc 0.0365 eff 0.3659 outinratio 0.0362 

WplusH126_4e_costhetaZ1_genbin7_recobin7 acc 0.0316 eff 0.3643 outinratio 0.0212 

ZH126_4e_costhetaZ1_genbin7_recobin7 acc 0.0386 eff 0.3403 outinratio 0.0541 

ttH126_4e_costhetaZ1_genbin7_recobin7 acc 0.0412 eff 0.3545 outinratio 0.0383 

ggH126_4mu_costhetaZ1_genbin0_recobin0 acc 0.0439 eff 0.5934 outinratio 0.0065 

VBFH126_4mu_costhetaZ1_genbin0_recobin0 acc 0.0491 eff 0.5778 outinratio 0.0177 

WminusH126_4mu_costhetaZ1_genbin0_recobin0 acc 0.0431 eff 0.5388 outinratio 0.0189 

WplusH126_4mu_costhetaZ1_genbin0_recobin0 acc 0.0353 eff 0.5223 outinratio 0.0177 

ZH126_4mu_costhetaZ1_genbin0_recobin0 acc 0.0388 eff 0.5584 outinratio 0.0476 

ttH126_4mu_costhetaZ1_genbin0_recobin0 acc 0.0485 eff 0.4182 outinratio 0.0441 

ggH126_4mu_costhetaZ1_genbin1_recobin0 acc 0.0556 eff 0.0123 outinratio 0.0065 

VBFH126_4mu_costhetaZ1_genbin1_recobin0 acc 0.0633 eff 0.0257 outinratio 0.0177 

WminusH126_4mu_costhetaZ1_genbin1_recobin0 acc 0.0518 eff 0.0166 outinratio 0.0189 

WplusH126_4mu_costhetaZ1_genbin1_recobin0 acc 0.0442 eff 0.0109 outinratio 0.0177 

ZH126_4mu_costhetaZ1_genbin1_recobin0 acc 0.05 eff 0.0127 outinratio 0.0476 

ttH126_4mu_costhetaZ1_genbin1_recobin0 acc 0.0646 eff 0.0084 outinratio 0.0441 

ggH126_4mu_costhetaZ1_genbin2_recobin0 acc 0.0676 eff 0.001 outinratio 0.0065 

VBFH126_4mu_costhetaZ1_genbin2_recobin0 acc 0.0694 eff 0.0 outinratio 0.0177 

WminusH126_4mu_costhetaZ1_genbin2_recobin0 acc 0.0617 eff 0.0013 outinratio 0.0189 

WplusH126_4mu_costhetaZ1_genbin2_recobin0 acc 0.0538 eff 0.0005 outinratio 0.0177 

ZH126_4mu_costhetaZ1_genbin2_recobin0 acc 0.0599 eff 0.0006 outinratio 0.0476 

ttH126_4mu_costhetaZ1_genbin2_recobin0 acc 0.0719 eff 0.0035 outinratio 0.0441 

ggH126_4mu_costhetaZ1_genbin3_recobin0 acc 0.0712 eff 0.0 outinratio 0.0065 

VBFH126_4mu_costhetaZ1_genbin3_recobin0 acc 0.0747 eff 0.0061 outinratio 0.0177 

WminusH126_4mu_costhetaZ1_genbin3_recobin0 acc 0.0658 eff 0.0013 outinratio 0.0189 

WplusH126_4mu_costhetaZ1_genbin3_recobin0 acc 0.0559 eff 0.0 outinratio 0.0177 

ZH126_4mu_costhetaZ1_genbin3_recobin0 acc 0.0599 eff 0.0 outinratio 0.0476 

ttH126_4mu_costhetaZ1_genbin3_recobin0 acc 0.0842 eff 0.0 outinratio 0.0441 

ggH126_4mu_costhetaZ1_genbin4_recobin0 acc 0.0695 eff 0.0 outinratio 0.0065 

VBFH126_4mu_costhetaZ1_genbin4_recobin0 acc 0.0815 eff 0.0 outinratio 0.0177 

WminusH126_4mu_costhetaZ1_genbin4_recobin0 acc 0.0652 eff 0.0 outinratio 0.0189 

WplusH126_4mu_costhetaZ1_genbin4_recobin0 acc 0.0577 eff 0.0 outinratio 0.0177 

ZH126_4mu_costhetaZ1_genbin4_recobin0 acc 0.0615 eff 0.0 outinratio 0.0476 

ttH126_4mu_costhetaZ1_genbin4_recobin0 acc 0.075 eff 0.0 outinratio 0.0441 

ggH126_4mu_costhetaZ1_genbin5_recobin0 acc 0.0669 eff 0.0008 outinratio 0.0065 

VBFH126_4mu_costhetaZ1_genbin5_recobin0 acc 0.0708 eff 0.0 outinratio 0.0177 

WminusH126_4mu_costhetaZ1_genbin5_recobin0 acc 0.0574 eff 0.0 outinratio 0.0189 

WplusH126_4mu_costhetaZ1_genbin5_recobin0 acc 0.0525 eff 0.0 outinratio 0.0177 

ZH126_4mu_costhetaZ1_genbin5_recobin0 acc 0.0549 eff 0.0 outinratio 0.0476 

ttH126_4mu_costhetaZ1_genbin5_recobin0 acc 0.0752 eff 0.0 outinratio 0.0441 

ggH126_4mu_costhetaZ1_genbin6_recobin0 acc 0.0578 eff 0.0 outinratio 0.0065 

VBFH126_4mu_costhetaZ1_genbin6_recobin0 acc 0.0648 eff 0.0 outinratio 0.0177 

WminusH126_4mu_costhetaZ1_genbin6_recobin0 acc 0.0509 eff 0.0 outinratio 0.0189 

WplusH126_4mu_costhetaZ1_genbin6_recobin0 acc 0.0459 eff 0.0 outinratio 0.0177 

ZH126_4mu_costhetaZ1_genbin6_recobin0 acc 0.0497 eff 0.0 outinratio 0.0476 

ttH126_4mu_costhetaZ1_genbin6_recobin0 acc 0.0597 eff 0.0 outinratio 0.0441 

ggH126_4mu_costhetaZ1_genbin7_recobin0 acc 0.0445 eff 0.0 outinratio 0.0065 

VBFH126_4mu_costhetaZ1_genbin7_recobin0 acc 0.0473 eff 0.0 outinratio 0.0177 

WminusH126_4mu_costhetaZ1_genbin7_recobin0 acc 0.0404 eff 0.0 outinratio 0.0189 

WplusH126_4mu_costhetaZ1_genbin7_recobin0 acc 0.0367 eff 0.0 outinratio 0.0177 

ZH126_4mu_costhetaZ1_genbin7_recobin0 acc 0.0365 eff 0.0 outinratio 0.0476 

ttH126_4mu_costhetaZ1_genbin7_recobin0 acc 0.0494 eff 0.0 outinratio 0.0441 

ggH126_4mu_costhetaZ1_genbin0_recobin1 acc 0.0439 eff 0.0134 outinratio 0.0069 

VBFH126_4mu_costhetaZ1_genbin0_recobin1 acc 0.0491 eff 0.0312 outinratio 0.0074 

WminusH126_4mu_costhetaZ1_genbin0_recobin1 acc 0.0431 eff 0.0153 outinratio 0.0194 

WplusH126_4mu_costhetaZ1_genbin0_recobin1 acc 0.0353 eff 0.0113 outinratio 0.0035 

ZH126_4mu_costhetaZ1_genbin0_recobin1 acc 0.0388 eff 0.0079 outinratio 0.0446 

ttH126_4mu_costhetaZ1_genbin0_recobin1 acc 0.0485 eff 0.01 outinratio 0.0402 

ggH126_4mu_costhetaZ1_genbin1_recobin1 acc 0.0556 eff 0.5394 outinratio 0.0069 

VBFH126_4mu_costhetaZ1_genbin1_recobin1 acc 0.0633 eff 0.5591 outinratio 0.0074 

WminusH126_4mu_costhetaZ1_genbin1_recobin1 acc 0.0518 eff 0.5332 outinratio 0.0194 

WplusH126_4mu_costhetaZ1_genbin1_recobin1 acc 0.0442 eff 0.5193 outinratio 0.0035 

ZH126_4mu_costhetaZ1_genbin1_recobin1 acc 0.05 eff 0.538 outinratio 0.0446 

ttH126_4mu_costhetaZ1_genbin1_recobin1 acc 0.0646 eff 0.4166 outinratio 0.0402 

ggH126_4mu_costhetaZ1_genbin2_recobin1 acc 0.0676 eff 0.0215 outinratio 0.0069 

VBFH126_4mu_costhetaZ1_genbin2_recobin1 acc 0.0694 eff 0.0278 outinratio 0.0074 

WminusH126_4mu_costhetaZ1_genbin2_recobin1 acc 0.0617 eff 0.016 outinratio 0.0194 

WplusH126_4mu_costhetaZ1_genbin2_recobin1 acc 0.0538 eff 0.0252 outinratio 0.0035 

ZH126_4mu_costhetaZ1_genbin2_recobin1 acc 0.0599 eff 0.0228 outinratio 0.0446 

ttH126_4mu_costhetaZ1_genbin2_recobin1 acc 0.0719 eff 0.0181 outinratio 0.0402 

ggH126_4mu_costhetaZ1_genbin3_recobin1 acc 0.0712 eff 0.0012 outinratio 0.0069 

VBFH126_4mu_costhetaZ1_genbin3_recobin1 acc 0.0747 eff 0.0082 outinratio 0.0074 

WminusH126_4mu_costhetaZ1_genbin3_recobin1 acc 0.0658 eff 0.0 outinratio 0.0194 

WplusH126_4mu_costhetaZ1_genbin3_recobin1 acc 0.0559 eff 0.0 outinratio 0.0035 

ZH126_4mu_costhetaZ1_genbin3_recobin1 acc 0.0599 eff 0.0018 outinratio 0.0446 

ttH126_4mu_costhetaZ1_genbin3_recobin1 acc 0.0842 eff 0.0026 outinratio 0.0402 

ggH126_4mu_costhetaZ1_genbin4_recobin1 acc 0.0695 eff 0.0 outinratio 0.0069 

VBFH126_4mu_costhetaZ1_genbin4_recobin1 acc 0.0815 eff 0.0 outinratio 0.0074 

WminusH126_4mu_costhetaZ1_genbin4_recobin1 acc 0.0652 eff 0.0 outinratio 0.0194 

WplusH126_4mu_costhetaZ1_genbin4_recobin1 acc 0.0577 eff 0.0007 outinratio 0.0035 

ZH126_4mu_costhetaZ1_genbin4_recobin1 acc 0.0615 eff 0.0 outinratio 0.0446 

ttH126_4mu_costhetaZ1_genbin4_recobin1 acc 0.075 eff 0.0 outinratio 0.0402 

ggH126_4mu_costhetaZ1_genbin5_recobin1 acc 0.0669 eff 0.0007 outinratio 0.0069 

VBFH126_4mu_costhetaZ1_genbin5_recobin1 acc 0.0708 eff 0.0 outinratio 0.0074 

WminusH126_4mu_costhetaZ1_genbin5_recobin1 acc 0.0574 eff 0.0 outinratio 0.0194 

WplusH126_4mu_costhetaZ1_genbin5_recobin1 acc 0.0525 eff 0.0 outinratio 0.0035 

ZH126_4mu_costhetaZ1_genbin5_recobin1 acc 0.0549 eff 0.0 outinratio 0.0446 

ttH126_4mu_costhetaZ1_genbin5_recobin1 acc 0.0752 eff 0.0 outinratio 0.0402 

ggH126_4mu_costhetaZ1_genbin6_recobin1 acc 0.0578 eff 0.0 outinratio 0.0069 

VBFH126_4mu_costhetaZ1_genbin6_recobin1 acc 0.0648 eff 0.0 outinratio 0.0074 

WminusH126_4mu_costhetaZ1_genbin6_recobin1 acc 0.0509 eff 0.0 outinratio 0.0194 

WplusH126_4mu_costhetaZ1_genbin6_recobin1 acc 0.0459 eff 0.0 outinratio 0.0035 

ZH126_4mu_costhetaZ1_genbin6_recobin1 acc 0.0497 eff 0.0 outinratio 0.0446 

ttH126_4mu_costhetaZ1_genbin6_recobin1 acc 0.0597 eff 0.0 outinratio 0.0402 

ggH126_4mu_costhetaZ1_genbin7_recobin1 acc 0.0445 eff 0.0 outinratio 0.0069 

VBFH126_4mu_costhetaZ1_genbin7_recobin1 acc 0.0473 eff 0.0 outinratio 0.0074 

WminusH126_4mu_costhetaZ1_genbin7_recobin1 acc 0.0404 eff 0.0 outinratio 0.0194 

WplusH126_4mu_costhetaZ1_genbin7_recobin1 acc 0.0367 eff 0.0 outinratio 0.0035 

ZH126_4mu_costhetaZ1_genbin7_recobin1 acc 0.0365 eff 0.0 outinratio 0.0446 

ttH126_4mu_costhetaZ1_genbin7_recobin1 acc 0.0494 eff 0.0 outinratio 0.0402 

ggH126_4mu_costhetaZ1_genbin0_recobin2 acc 0.0439 eff 0.0011 outinratio 0.0083 

VBFH126_4mu_costhetaZ1_genbin0_recobin2 acc 0.0491 eff 0.0 outinratio 0.0029 

WminusH126_4mu_costhetaZ1_genbin0_recobin2 acc 0.0431 eff 0.0021 outinratio 0.0184 

WplusH126_4mu_costhetaZ1_genbin0_recobin2 acc 0.0353 eff 0.0002 outinratio 0.0152 

ZH126_4mu_costhetaZ1_genbin0_recobin2 acc 0.0388 eff 0.0015 outinratio 0.0519 

ttH126_4mu_costhetaZ1_genbin0_recobin2 acc 0.0485 eff 0.0 outinratio 0.0177 

ggH126_4mu_costhetaZ1_genbin1_recobin2 acc 0.0556 eff 0.024 outinratio 0.0083 

VBFH126_4mu_costhetaZ1_genbin1_recobin2 acc 0.0633 eff 0.0414 outinratio 0.0029 

WminusH126_4mu_costhetaZ1_genbin1_recobin2 acc 0.0518 eff 0.0347 outinratio 0.0184 

WplusH126_4mu_costhetaZ1_genbin1_recobin2 acc 0.0442 eff 0.0215 outinratio 0.0152 

ZH126_4mu_costhetaZ1_genbin1_recobin2 acc 0.05 eff 0.0219 outinratio 0.0519 

ttH126_4mu_costhetaZ1_genbin1_recobin2 acc 0.0646 eff 0.0151 outinratio 0.0177 

ggH126_4mu_costhetaZ1_genbin2_recobin2 acc 0.0676 eff 0.5504 outinratio 0.0083 

VBFH126_4mu_costhetaZ1_genbin2_recobin2 acc 0.0694 eff 0.6279 outinratio 0.0029 

WminusH126_4mu_costhetaZ1_genbin2_recobin2 acc 0.0617 eff 0.5065 outinratio 0.0184 

WplusH126_4mu_costhetaZ1_genbin2_recobin2 acc 0.0538 eff 0.5461 outinratio 0.0152 

ZH126_4mu_costhetaZ1_genbin2_recobin2 acc 0.0599 eff 0.523 outinratio 0.0519 

ttH126_4mu_costhetaZ1_genbin2_recobin2 acc 0.0719 eff 0.4554 outinratio 0.0177 

ggH126_4mu_costhetaZ1_genbin3_recobin2 acc 0.0712 eff 0.0212 outinratio 0.0083 

VBFH126_4mu_costhetaZ1_genbin3_recobin2 acc 0.0747 eff 0.0338 outinratio 0.0029 

WminusH126_4mu_costhetaZ1_genbin3_recobin2 acc 0.0658 eff 0.0231 outinratio 0.0184 

WplusH126_4mu_costhetaZ1_genbin3_recobin2 acc 0.0559 eff 0.0232 outinratio 0.0152 

ZH126_4mu_costhetaZ1_genbin3_recobin2 acc 0.0599 eff 0.0186 outinratio 0.0519 

ttH126_4mu_costhetaZ1_genbin3_recobin2 acc 0.0842 eff 0.0174 outinratio 0.0177 

ggH126_4mu_costhetaZ1_genbin4_recobin2 acc 0.0695 eff 0.0007 outinratio 0.0083 

VBFH126_4mu_costhetaZ1_genbin4_recobin2 acc 0.0815 eff 0.0 outinratio 0.0029 

WminusH126_4mu_costhetaZ1_genbin4_recobin2 acc 0.0652 eff -0.0002 outinratio 0.0184 

WplusH126_4mu_costhetaZ1_genbin4_recobin2 acc 0.0577 eff 0.0008 outinratio 0.0152 

ZH126_4mu_costhetaZ1_genbin4_recobin2 acc 0.0615 eff 0.0 outinratio 0.0519 

ttH126_4mu_costhetaZ1_genbin4_recobin2 acc 0.075 eff 0.0 outinratio 0.0177 

ggH126_4mu_costhetaZ1_genbin5_recobin2 acc 0.0669 eff 0.0 outinratio 0.0083 

VBFH126_4mu_costhetaZ1_genbin5_recobin2 acc 0.0708 eff 0.0 outinratio 0.0029 

WminusH126_4mu_costhetaZ1_genbin5_recobin2 acc 0.0574 eff 0.0 outinratio 0.0184 

WplusH126_4mu_costhetaZ1_genbin5_recobin2 acc 0.0525 eff 0.0004 outinratio 0.0152 

ZH126_4mu_costhetaZ1_genbin5_recobin2 acc 0.0549 eff 0.0 outinratio 0.0519 

ttH126_4mu_costhetaZ1_genbin5_recobin2 acc 0.0752 eff 0.0 outinratio 0.0177 

ggH126_4mu_costhetaZ1_genbin6_recobin2 acc 0.0578 eff 0.0 outinratio 0.0083 

VBFH126_4mu_costhetaZ1_genbin6_recobin2 acc 0.0648 eff 0.0 outinratio 0.0029 

WminusH126_4mu_costhetaZ1_genbin6_recobin2 acc 0.0509 eff 0.0 outinratio 0.0184 

WplusH126_4mu_costhetaZ1_genbin6_recobin2 acc 0.0459 eff 0.0 outinratio 0.0152 

ZH126_4mu_costhetaZ1_genbin6_recobin2 acc 0.0497 eff 0.0 outinratio 0.0519 

ttH126_4mu_costhetaZ1_genbin6_recobin2 acc 0.0597 eff 0.0 outinratio 0.0177 

ggH126_4mu_costhetaZ1_genbin7_recobin2 acc 0.0445 eff 0.0 outinratio 0.0083 

VBFH126_4mu_costhetaZ1_genbin7_recobin2 acc 0.0473 eff 0.0 outinratio 0.0029 

WminusH126_4mu_costhetaZ1_genbin7_recobin2 acc 0.0404 eff 0.0 outinratio 0.0184 

WplusH126_4mu_costhetaZ1_genbin7_recobin2 acc 0.0367 eff 0.0 outinratio 0.0152 

ZH126_4mu_costhetaZ1_genbin7_recobin2 acc 0.0365 eff 0.0 outinratio 0.0519 

ttH126_4mu_costhetaZ1_genbin7_recobin2 acc 0.0494 eff 0.0 outinratio 0.0177 

ggH126_4mu_costhetaZ1_genbin0_recobin3 acc 0.0439 eff 0.0 outinratio 0.0048 

VBFH126_4mu_costhetaZ1_genbin0_recobin3 acc 0.0491 eff 0.0 outinratio 0.0133 

WminusH126_4mu_costhetaZ1_genbin0_recobin3 acc 0.0431 eff 0.0 outinratio 0.0232 

WplusH126_4mu_costhetaZ1_genbin0_recobin3 acc 0.0353 eff 0.0013 outinratio 0.0105 

ZH126_4mu_costhetaZ1_genbin0_recobin3 acc 0.0388 eff 0.0 outinratio 0.0282 

ttH126_4mu_costhetaZ1_genbin0_recobin3 acc 0.0485 eff 0.0 outinratio 0.0311 

ggH126_4mu_costhetaZ1_genbin1_recobin3 acc 0.0556 eff 0.001 outinratio 0.0048 

VBFH126_4mu_costhetaZ1_genbin1_recobin3 acc 0.0633 eff 0.0 outinratio 0.0133 

WminusH126_4mu_costhetaZ1_genbin1_recobin3 acc 0.0518 eff 0.0004 outinratio 0.0232 

WplusH126_4mu_costhetaZ1_genbin1_recobin3 acc 0.0442 eff 0.0017 outinratio 0.0105 

ZH126_4mu_costhetaZ1_genbin1_recobin3 acc 0.05 eff 0.0 outinratio 0.0282 

ttH126_4mu_costhetaZ1_genbin1_recobin3 acc 0.0646 eff 0.0 outinratio 0.0311 

ggH126_4mu_costhetaZ1_genbin2_recobin3 acc 0.0676 eff 0.0231 outinratio 0.0048 

VBFH126_4mu_costhetaZ1_genbin2_recobin3 acc 0.0694 eff 0.0271 outinratio 0.0133 

WminusH126_4mu_costhetaZ1_genbin2_recobin3 acc 0.0617 eff 0.0338 outinratio 0.0232 

WplusH126_4mu_costhetaZ1_genbin2_recobin3 acc 0.0538 eff 0.0203 outinratio 0.0105 

ZH126_4mu_costhetaZ1_genbin2_recobin3 acc 0.0599 eff 0.0274 outinratio 0.0282 

ttH126_4mu_costhetaZ1_genbin2_recobin3 acc 0.0719 eff 0.0204 outinratio 0.0311 

ggH126_4mu_costhetaZ1_genbin3_recobin3 acc 0.0712 eff 0.5481 outinratio 0.0048 

VBFH126_4mu_costhetaZ1_genbin3_recobin3 acc 0.0747 eff 0.5392 outinratio 0.0133 

WminusH126_4mu_costhetaZ1_genbin3_recobin3 acc 0.0658 eff 0.5042 outinratio 0.0232 

WplusH126_4mu_costhetaZ1_genbin3_recobin3 acc 0.0559 eff 0.5071 outinratio 0.0105 

ZH126_4mu_costhetaZ1_genbin3_recobin3 acc 0.0599 eff 0.5091 outinratio 0.0282 

ttH126_4mu_costhetaZ1_genbin3_recobin3 acc 0.0842 eff 0.3803 outinratio 0.0311 

ggH126_4mu_costhetaZ1_genbin4_recobin3 acc 0.0695 eff 0.0309 outinratio 0.0048 

VBFH126_4mu_costhetaZ1_genbin4_recobin3 acc 0.0815 eff 0.0462 outinratio 0.0133 

WminusH126_4mu_costhetaZ1_genbin4_recobin3 acc 0.0652 eff 0.0313 outinratio 0.0232 

WplusH126_4mu_costhetaZ1_genbin4_recobin3 acc 0.0577 eff 0.0227 outinratio 0.0105 

ZH126_4mu_costhetaZ1_genbin4_recobin3 acc 0.0615 eff 0.0218 outinratio 0.0282 

ttH126_4mu_costhetaZ1_genbin4_recobin3 acc 0.075 eff 0.0175 outinratio 0.0311 

ggH126_4mu_costhetaZ1_genbin5_recobin3 acc 0.0669 eff 0.0025 outinratio 0.0048 

VBFH126_4mu_costhetaZ1_genbin5_recobin3 acc 0.0708 eff 0.0 outinratio 0.0133 

WminusH126_4mu_costhetaZ1_genbin5_recobin3 acc 0.0574 eff 0.0011 outinratio 0.0232 

WplusH126_4mu_costhetaZ1_genbin5_recobin3 acc 0.0525 eff 0.0003 outinratio 0.0105 

ZH126_4mu_costhetaZ1_genbin5_recobin3 acc 0.0549 eff 0.0 outinratio 0.0282 

ttH126_4mu_costhetaZ1_genbin5_recobin3 acc 0.0752 eff 0.0056 outinratio 0.0311 

ggH126_4mu_costhetaZ1_genbin6_recobin3 acc 0.0578 eff 0.0 outinratio 0.0048 

VBFH126_4mu_costhetaZ1_genbin6_recobin3 acc 0.0648 eff 0.0058 outinratio 0.0133 

WminusH126_4mu_costhetaZ1_genbin6_recobin3 acc 0.0509 eff 0.0006 outinratio 0.0232 

WplusH126_4mu_costhetaZ1_genbin6_recobin3 acc 0.0459 eff 0.0002 outinratio 0.0105 

ZH126_4mu_costhetaZ1_genbin6_recobin3 acc 0.0497 eff 0.0 outinratio 0.0282 

ttH126_4mu_costhetaZ1_genbin6_recobin3 acc 0.0597 eff 0.0 outinratio 0.0311 

ggH126_4mu_costhetaZ1_genbin7_recobin3 acc 0.0445 eff 0.0 outinratio 0.0048 

VBFH126_4mu_costhetaZ1_genbin7_recobin3 acc 0.0473 eff 0.0 outinratio 0.0133 

WminusH126_4mu_costhetaZ1_genbin7_recobin3 acc 0.0404 eff 0.0011 outinratio 0.0232 

WplusH126_4mu_costhetaZ1_genbin7_recobin3 acc 0.0367 eff 0.0 outinratio 0.0105 

ZH126_4mu_costhetaZ1_genbin7_recobin3 acc 0.0365 eff 0.0 outinratio 0.0282 

ttH126_4mu_costhetaZ1_genbin7_recobin3 acc 0.0494 eff 0.0 outinratio 0.0311 

ggH126_4mu_costhetaZ1_genbin0_recobin4 acc 0.0439 eff 0.0 outinratio 0.007 

VBFH126_4mu_costhetaZ1_genbin0_recobin4 acc 0.0491 eff 0.0 outinratio 0.0 

WminusH126_4mu_costhetaZ1_genbin0_recobin4 acc 0.0431 eff 0.0 outinratio 0.0151 

WplusH126_4mu_costhetaZ1_genbin0_recobin4 acc 0.0353 eff 0.0 outinratio 0.0095 

ZH126_4mu_costhetaZ1_genbin0_recobin4 acc 0.0388 eff 0.0 outinratio 0.0378 

ttH126_4mu_costhetaZ1_genbin0_recobin4 acc 0.0485 eff 0.0 outinratio 0.0392 

ggH126_4mu_costhetaZ1_genbin1_recobin4 acc 0.0556 eff 0.0 outinratio 0.007 

VBFH126_4mu_costhetaZ1_genbin1_recobin4 acc 0.0633 eff 0.0 outinratio 0.0 

WminusH126_4mu_costhetaZ1_genbin1_recobin4 acc 0.0518 eff 0.0003 outinratio 0.0151 

WplusH126_4mu_costhetaZ1_genbin1_recobin4 acc 0.0442 eff 0.0 outinratio 0.0095 

ZH126_4mu_costhetaZ1_genbin1_recobin4 acc 0.05 eff 0.0 outinratio 0.0378 

ttH126_4mu_costhetaZ1_genbin1_recobin4 acc 0.0646 eff 0.0 outinratio 0.0392 

ggH126_4mu_costhetaZ1_genbin2_recobin4 acc 0.0676 eff 0.0007 outinratio 0.007 

VBFH126_4mu_costhetaZ1_genbin2_recobin4 acc 0.0694 eff 0.0 outinratio 0.0 

WminusH126_4mu_costhetaZ1_genbin2_recobin4 acc 0.0617 eff 0.0015 outinratio 0.0151 

WplusH126_4mu_costhetaZ1_genbin2_recobin4 acc 0.0538 eff 0.0007 outinratio 0.0095 

ZH126_4mu_costhetaZ1_genbin2_recobin4 acc 0.0599 eff 0.0028 outinratio 0.0378 

ttH126_4mu_costhetaZ1_genbin2_recobin4 acc 0.0719 eff 0.0026 outinratio 0.0392 

ggH126_4mu_costhetaZ1_genbin3_recobin4 acc 0.0712 eff 0.0341 outinratio 0.007 

VBFH126_4mu_costhetaZ1_genbin3_recobin4 acc 0.0747 eff 0.0237 outinratio 0.0 

WminusH126_4mu_costhetaZ1_genbin3_recobin4 acc 0.0658 eff 0.0326 outinratio 0.0151 

WplusH126_4mu_costhetaZ1_genbin3_recobin4 acc 0.0559 eff 0.0266 outinratio 0.0095 

ZH126_4mu_costhetaZ1_genbin3_recobin4 acc 0.0599 eff 0.0241 outinratio 0.0378 

ttH126_4mu_costhetaZ1_genbin3_recobin4 acc 0.0842 eff 0.0299 outinratio 0.0392 

ggH126_4mu_costhetaZ1_genbin4_recobin4 acc 0.0695 eff 0.5635 outinratio 0.007 

VBFH126_4mu_costhetaZ1_genbin4_recobin4 acc 0.0815 eff 0.5639 outinratio 0.0 

WminusH126_4mu_costhetaZ1_genbin4_recobin4 acc 0.0652 eff 0.5123 outinratio 0.0151 

WplusH126_4mu_costhetaZ1_genbin4_recobin4 acc 0.0577 eff 0.5337 outinratio 0.0095 

ZH126_4mu_costhetaZ1_genbin4_recobin4 acc 0.0615 eff 0.5114 outinratio 0.0378 

ttH126_4mu_costhetaZ1_genbin4_recobin4 acc 0.075 eff 0.3891 outinratio 0.0392 

ggH126_4mu_costhetaZ1_genbin5_recobin4 acc 0.0669 eff 0.0334 outinratio 0.007 

VBFH126_4mu_costhetaZ1_genbin5_recobin4 acc 0.0708 eff 0.0178 outinratio 0.0 

WminusH126_4mu_costhetaZ1_genbin5_recobin4 acc 0.0574 eff 0.0185 outinratio 0.0151 

WplusH126_4mu_costhetaZ1_genbin5_recobin4 acc 0.0525 eff 0.0237 outinratio 0.0095 

ZH126_4mu_costhetaZ1_genbin5_recobin4 acc 0.0549 eff 0.0233 outinratio 0.0378 

ttH126_4mu_costhetaZ1_genbin5_recobin4 acc 0.0752 eff 0.0224 outinratio 0.0392 

ggH126_4mu_costhetaZ1_genbin6_recobin4 acc 0.0578 eff 0.0 outinratio 0.007 

VBFH126_4mu_costhetaZ1_genbin6_recobin4 acc 0.0648 eff 0.0 outinratio 0.0 

WminusH126_4mu_costhetaZ1_genbin6_recobin4 acc 0.0509 eff 0.0009 outinratio 0.0151 

WplusH126_4mu_costhetaZ1_genbin6_recobin4 acc 0.0459 eff 0.0014 outinratio 0.0095 

ZH126_4mu_costhetaZ1_genbin6_recobin4 acc 0.0497 eff 0.0015 outinratio 0.0378 

ttH126_4mu_costhetaZ1_genbin6_recobin4 acc 0.0597 eff 0.0 outinratio 0.0392 

ggH126_4mu_costhetaZ1_genbin7_recobin4 acc 0.0445 eff 0.0 outinratio 0.007 

VBFH126_4mu_costhetaZ1_genbin7_recobin4 acc 0.0473 eff 0.0 outinratio 0.0 

WminusH126_4mu_costhetaZ1_genbin7_recobin4 acc 0.0404 eff 0.0 outinratio 0.0151 

WplusH126_4mu_costhetaZ1_genbin7_recobin4 acc 0.0367 eff 0.0 outinratio 0.0095 

ZH126_4mu_costhetaZ1_genbin7_recobin4 acc 0.0365 eff 0.0006 outinratio 0.0378 

ttH126_4mu_costhetaZ1_genbin7_recobin4 acc 0.0494 eff 0.0 outinratio 0.0392 

ggH126_4mu_costhetaZ1_genbin0_recobin5 acc 0.0439 eff 0.0 outinratio 0.0107 

VBFH126_4mu_costhetaZ1_genbin0_recobin5 acc 0.0491 eff 0.0 outinratio 0.0 

WminusH126_4mu_costhetaZ1_genbin0_recobin5 acc 0.0431 eff 0.0 outinratio 0.0165 

WplusH126_4mu_costhetaZ1_genbin0_recobin5 acc 0.0353 eff 0.0 outinratio 0.0105 

ZH126_4mu_costhetaZ1_genbin0_recobin5 acc 0.0388 eff 0.0 outinratio 0.0455 

ttH126_4mu_costhetaZ1_genbin0_recobin5 acc 0.0485 eff 0.0 outinratio 0.03 

ggH126_4mu_costhetaZ1_genbin1_recobin5 acc 0.0556 eff 0.0 outinratio 0.0107 

VBFH126_4mu_costhetaZ1_genbin1_recobin5 acc 0.0633 eff 0.0 outinratio 0.0 

WminusH126_4mu_costhetaZ1_genbin1_recobin5 acc 0.0518 eff 0.0 outinratio 0.0165 

WplusH126_4mu_costhetaZ1_genbin1_recobin5 acc 0.0442 eff 0.0 outinratio 0.0105 

ZH126_4mu_costhetaZ1_genbin1_recobin5 acc 0.05 eff 0.0 outinratio 0.0455 

ttH126_4mu_costhetaZ1_genbin1_recobin5 acc 0.0646 eff 0.0 outinratio 0.03 

ggH126_4mu_costhetaZ1_genbin2_recobin5 acc 0.0676 eff 0.0 outinratio 0.0107 

VBFH126_4mu_costhetaZ1_genbin2_recobin5 acc 0.0694 eff 0.0 outinratio 0.0 

WminusH126_4mu_costhetaZ1_genbin2_recobin5 acc 0.0617 eff 0.0 outinratio 0.0165 

WplusH126_4mu_costhetaZ1_genbin2_recobin5 acc 0.0538 eff 0.0 outinratio 0.0105 

ZH126_4mu_costhetaZ1_genbin2_recobin5 acc 0.0599 eff 0.0 outinratio 0.0455 

ttH126_4mu_costhetaZ1_genbin2_recobin5 acc 0.0719 eff 0.0 outinratio 0.03 

ggH126_4mu_costhetaZ1_genbin3_recobin5 acc 0.0712 eff 0.0011 outinratio 0.0107 

VBFH126_4mu_costhetaZ1_genbin3_recobin5 acc 0.0747 eff 0.0 outinratio 0.0 

WminusH126_4mu_costhetaZ1_genbin3_recobin5 acc 0.0658 eff 0.0 outinratio 0.0165 

WplusH126_4mu_costhetaZ1_genbin3_recobin5 acc 0.0559 eff 0.0 outinratio 0.0105 

ZH126_4mu_costhetaZ1_genbin3_recobin5 acc 0.0599 eff 0.0019 outinratio 0.0455 

ttH126_4mu_costhetaZ1_genbin3_recobin5 acc 0.0842 eff 0.0 outinratio 0.03 

ggH126_4mu_costhetaZ1_genbin4_recobin5 acc 0.0695 eff 0.0193 outinratio 0.0107 

VBFH126_4mu_costhetaZ1_genbin4_recobin5 acc 0.0815 eff 0.0112 outinratio 0.0 

WminusH126_4mu_costhetaZ1_genbin4_recobin5 acc 0.0652 eff 0.0274 outinratio 0.0165 

WplusH126_4mu_costhetaZ1_genbin4_recobin5 acc 0.0577 eff 0.0213 outinratio 0.0105 

ZH126_4mu_costhetaZ1_genbin4_recobin5 acc 0.0615 eff 0.0236 outinratio 0.0455 

ttH126_4mu_costhetaZ1_genbin4_recobin5 acc 0.075 eff 0.0236 outinratio 0.03 

ggH126_4mu_costhetaZ1_genbin5_recobin5 acc 0.0669 eff 0.5305 outinratio 0.0107 

VBFH126_4mu_costhetaZ1_genbin5_recobin5 acc 0.0708 eff 0.5475 outinratio 0.0 

WminusH126_4mu_costhetaZ1_genbin5_recobin5 acc 0.0574 eff 0.5064 outinratio 0.0165 

WplusH126_4mu_costhetaZ1_genbin5_recobin5 acc 0.0525 eff 0.502 outinratio 0.0105 

ZH126_4mu_costhetaZ1_genbin5_recobin5 acc 0.0549 eff 0.5244 outinratio 0.0455 

ttH126_4mu_costhetaZ1_genbin5_recobin5 acc 0.0752 eff 0.4175 outinratio 0.03 

ggH126_4mu_costhetaZ1_genbin6_recobin5 acc 0.0578 eff 0.023 outinratio 0.0107 

VBFH126_4mu_costhetaZ1_genbin6_recobin5 acc 0.0648 eff 0.0426 outinratio 0.0 

WminusH126_4mu_costhetaZ1_genbin6_recobin5 acc 0.0509 eff 0.0204 outinratio 0.0165 

WplusH126_4mu_costhetaZ1_genbin6_recobin5 acc 0.0459 eff 0.0246 outinratio 0.0105 

ZH126_4mu_costhetaZ1_genbin6_recobin5 acc 0.0497 eff 0.0104 outinratio 0.0455 

ttH126_4mu_costhetaZ1_genbin6_recobin5 acc 0.0597 eff 0.0226 outinratio 0.03 

ggH126_4mu_costhetaZ1_genbin7_recobin5 acc 0.0445 eff 0.0011 outinratio 0.0107 

VBFH126_4mu_costhetaZ1_genbin7_recobin5 acc 0.0473 eff 0.0 outinratio 0.0 

WminusH126_4mu_costhetaZ1_genbin7_recobin5 acc 0.0404 eff 0.0 outinratio 0.0165 

WplusH126_4mu_costhetaZ1_genbin7_recobin5 acc 0.0367 eff 0.0 outinratio 0.0105 

ZH126_4mu_costhetaZ1_genbin7_recobin5 acc 0.0365 eff 0.0027 outinratio 0.0455 

ttH126_4mu_costhetaZ1_genbin7_recobin5 acc 0.0494 eff 0.0093 outinratio 0.03 

ggH126_4mu_costhetaZ1_genbin0_recobin6 acc 0.0439 eff 0.0 outinratio 0.0034 

VBFH126_4mu_costhetaZ1_genbin0_recobin6 acc 0.0491 eff 0.0 outinratio 0.0081 

WminusH126_4mu_costhetaZ1_genbin0_recobin6 acc 0.0431 eff 0.0 outinratio 0.0088 

WplusH126_4mu_costhetaZ1_genbin0_recobin6 acc 0.0353 eff 0.0 outinratio 0.0149 

ZH126_4mu_costhetaZ1_genbin0_recobin6 acc 0.0388 eff 0.0 outinratio 0.0549 

ttH126_4mu_costhetaZ1_genbin0_recobin6 acc 0.0485 eff 0.0 outinratio 0.0324 

ggH126_4mu_costhetaZ1_genbin1_recobin6 acc 0.0556 eff 0.0 outinratio 0.0034 

VBFH126_4mu_costhetaZ1_genbin1_recobin6 acc 0.0633 eff 0.0 outinratio 0.0081 

WminusH126_4mu_costhetaZ1_genbin1_recobin6 acc 0.0518 eff 0.0 outinratio 0.0088 

WplusH126_4mu_costhetaZ1_genbin1_recobin6 acc 0.0442 eff 0.0 outinratio 0.0149 

ZH126_4mu_costhetaZ1_genbin1_recobin6 acc 0.05 eff 0.0 outinratio 0.0549 

ttH126_4mu_costhetaZ1_genbin1_recobin6 acc 0.0646 eff 0.0 outinratio 0.0324 

ggH126_4mu_costhetaZ1_genbin2_recobin6 acc 0.0676 eff 0.0 outinratio 0.0034 

VBFH126_4mu_costhetaZ1_genbin2_recobin6 acc 0.0694 eff 0.0 outinratio 0.0081 

WminusH126_4mu_costhetaZ1_genbin2_recobin6 acc 0.0617 eff 0.0 outinratio 0.0088 

WplusH126_4mu_costhetaZ1_genbin2_recobin6 acc 0.0538 eff 0.0017 outinratio 0.0149 

ZH126_4mu_costhetaZ1_genbin2_recobin6 acc 0.0599 eff 0.0 outinratio 0.0549 

ttH126_4mu_costhetaZ1_genbin2_recobin6 acc 0.0719 eff 0.0 outinratio 0.0324 

ggH126_4mu_costhetaZ1_genbin3_recobin6 acc 0.0712 eff 0.0 outinratio 0.0034 

VBFH126_4mu_costhetaZ1_genbin3_recobin6 acc 0.0747 eff 0.0 outinratio 0.0081 

WminusH126_4mu_costhetaZ1_genbin3_recobin6 acc 0.0658 eff 0.0 outinratio 0.0088 

WplusH126_4mu_costhetaZ1_genbin3_recobin6 acc 0.0559 eff 0.0 outinratio 0.0149 

ZH126_4mu_costhetaZ1_genbin3_recobin6 acc 0.0599 eff 0.0018 outinratio 0.0549 

ttH126_4mu_costhetaZ1_genbin3_recobin6 acc 0.0842 eff 0.0 outinratio 0.0324 

ggH126_4mu_costhetaZ1_genbin4_recobin6 acc 0.0695 eff 0.0013 outinratio 0.0034 

VBFH126_4mu_costhetaZ1_genbin4_recobin6 acc 0.0815 eff 0.0 outinratio 0.0081 

WminusH126_4mu_costhetaZ1_genbin4_recobin6 acc 0.0652 eff 0.0 outinratio 0.0088 

WplusH126_4mu_costhetaZ1_genbin4_recobin6 acc 0.0577 eff 0.0008 outinratio 0.0149 

ZH126_4mu_costhetaZ1_genbin4_recobin6 acc 0.0615 eff 0.0 outinratio 0.0549 

ttH126_4mu_costhetaZ1_genbin4_recobin6 acc 0.075 eff 0.0 outinratio 0.0324 

ggH126_4mu_costhetaZ1_genbin5_recobin6 acc 0.0669 eff 0.0198 outinratio 0.0034 

VBFH126_4mu_costhetaZ1_genbin5_recobin6 acc 0.0708 eff 0.0209 outinratio 0.0081 

WminusH126_4mu_costhetaZ1_genbin5_recobin6 acc 0.0574 eff 0.0235 outinratio 0.0088 

WplusH126_4mu_costhetaZ1_genbin5_recobin6 acc 0.0525 eff 0.0215 outinratio 0.0149 

ZH126_4mu_costhetaZ1_genbin5_recobin6 acc 0.0549 eff 0.0128 outinratio 0.0549 

ttH126_4mu_costhetaZ1_genbin5_recobin6 acc 0.0752 eff 0.0296 outinratio 0.0324 

ggH126_4mu_costhetaZ1_genbin6_recobin6 acc 0.0578 eff 0.5802 outinratio 0.0034 

VBFH126_4mu_costhetaZ1_genbin6_recobin6 acc 0.0648 eff 0.536 outinratio 0.0081 

WminusH126_4mu_costhetaZ1_genbin6_recobin6 acc 0.0509 eff 0.5313 outinratio 0.0088 

WplusH126_4mu_costhetaZ1_genbin6_recobin6 acc 0.0459 eff 0.5032 outinratio 0.0149 

ZH126_4mu_costhetaZ1_genbin6_recobin6 acc 0.0497 eff 0.5412 outinratio 0.0549 

ttH126_4mu_costhetaZ1_genbin6_recobin6 acc 0.0597 eff 0.3589 outinratio 0.0324 

ggH126_4mu_costhetaZ1_genbin7_recobin6 acc 0.0445 eff 0.0188 outinratio 0.0034 

VBFH126_4mu_costhetaZ1_genbin7_recobin6 acc 0.0473 eff 0.0181 outinratio 0.0081 

WminusH126_4mu_costhetaZ1_genbin7_recobin6 acc 0.0404 eff 0.0108 outinratio 0.0088 

WplusH126_4mu_costhetaZ1_genbin7_recobin6 acc 0.0367 eff 0.0151 outinratio 0.0149 

ZH126_4mu_costhetaZ1_genbin7_recobin6 acc 0.0365 eff 0.0153 outinratio 0.0549 

ttH126_4mu_costhetaZ1_genbin7_recobin6 acc 0.0494 eff 0.0183 outinratio 0.0324 

ggH126_4mu_costhetaZ1_genbin0_recobin7 acc 0.0439 eff 0.0 outinratio 0.0077 

VBFH126_4mu_costhetaZ1_genbin0_recobin7 acc 0.0491 eff 0.0 outinratio 0.0 

WminusH126_4mu_costhetaZ1_genbin0_recobin7 acc 0.0431 eff 0.0 outinratio 0.0146 

WplusH126_4mu_costhetaZ1_genbin0_recobin7 acc 0.0353 eff 0.0 outinratio 0.0129 

ZH126_4mu_costhetaZ1_genbin0_recobin7 acc 0.0388 eff 0.0 outinratio 0.0532 

ttH126_4mu_costhetaZ1_genbin0_recobin7 acc 0.0485 eff 0.0 outinratio 0.0295 

ggH126_4mu_costhetaZ1_genbin1_recobin7 acc 0.0556 eff 0.0 outinratio 0.0077 

VBFH126_4mu_costhetaZ1_genbin1_recobin7 acc 0.0633 eff 0.0 outinratio 0.0 

WminusH126_4mu_costhetaZ1_genbin1_recobin7 acc 0.0518 eff 0.0 outinratio 0.0146 

WplusH126_4mu_costhetaZ1_genbin1_recobin7 acc 0.0442 eff 0.0003 outinratio 0.0129 

ZH126_4mu_costhetaZ1_genbin1_recobin7 acc 0.05 eff 0.0022 outinratio 0.0532 

ttH126_4mu_costhetaZ1_genbin1_recobin7 acc 0.0646 eff 0.0 outinratio 0.0295 

ggH126_4mu_costhetaZ1_genbin2_recobin7 acc 0.0676 eff 0.0 outinratio 0.0077 

VBFH126_4mu_costhetaZ1_genbin2_recobin7 acc 0.0694 eff 0.0 outinratio 0.0 

WminusH126_4mu_costhetaZ1_genbin2_recobin7 acc 0.0617 eff 0.0 outinratio 0.0146 

WplusH126_4mu_costhetaZ1_genbin2_recobin7 acc 0.0538 eff 0.0013 outinratio 0.0129 

ZH126_4mu_costhetaZ1_genbin2_recobin7 acc 0.0599 eff 0.0 outinratio 0.0532 

ttH126_4mu_costhetaZ1_genbin2_recobin7 acc 0.0719 eff 0.0 outinratio 0.0295 

ggH126_4mu_costhetaZ1_genbin3_recobin7 acc 0.0712 eff 0.0 outinratio 0.0077 

VBFH126_4mu_costhetaZ1_genbin3_recobin7 acc 0.0747 eff 0.0 outinratio 0.0 

WminusH126_4mu_costhetaZ1_genbin3_recobin7 acc 0.0658 eff 0.0 outinratio 0.0146 

WplusH126_4mu_costhetaZ1_genbin3_recobin7 acc 0.0559 eff 0.0 outinratio 0.0129 

ZH126_4mu_costhetaZ1_genbin3_recobin7 acc 0.0599 eff 0.001 outinratio 0.0532 

ttH126_4mu_costhetaZ1_genbin3_recobin7 acc 0.0842 eff 0.0 outinratio 0.0295 

ggH126_4mu_costhetaZ1_genbin4_recobin7 acc 0.0695 eff 0.0 outinratio 0.0077 

VBFH126_4mu_costhetaZ1_genbin4_recobin7 acc 0.0815 eff 0.0 outinratio 0.0 

WminusH126_4mu_costhetaZ1_genbin4_recobin7 acc 0.0652 eff 0.0 outinratio 0.0146 

WplusH126_4mu_costhetaZ1_genbin4_recobin7 acc 0.0577 eff 0.0 outinratio 0.0129 

ZH126_4mu_costhetaZ1_genbin4_recobin7 acc 0.0615 eff 0.0 outinratio 0.0532 

ttH126_4mu_costhetaZ1_genbin4_recobin7 acc 0.075 eff 0.0 outinratio 0.0295 

ggH126_4mu_costhetaZ1_genbin5_recobin7 acc 0.0669 eff 0.0016 outinratio 0.0077 

VBFH126_4mu_costhetaZ1_genbin5_recobin7 acc 0.0708 eff 0.0 outinratio 0.0 

WminusH126_4mu_costhetaZ1_genbin5_recobin7 acc 0.0574 eff 0.0 outinratio 0.0146 

WplusH126_4mu_costhetaZ1_genbin5_recobin7 acc 0.0525 eff 0.0009 outinratio 0.0129 

ZH126_4mu_costhetaZ1_genbin5_recobin7 acc 0.0549 eff 0.0 outinratio 0.0532 

ttH126_4mu_costhetaZ1_genbin5_recobin7 acc 0.0752 eff 0.0011 outinratio 0.0295 

ggH126_4mu_costhetaZ1_genbin6_recobin7 acc 0.0578 eff 0.0115 outinratio 0.0077 

VBFH126_4mu_costhetaZ1_genbin6_recobin7 acc 0.0648 eff 0.0098 outinratio 0.0 

WminusH126_4mu_costhetaZ1_genbin6_recobin7 acc 0.0509 eff 0.0183 outinratio 0.0146 

WplusH126_4mu_costhetaZ1_genbin6_recobin7 acc 0.0459 eff 0.0113 outinratio 0.0129 

ZH126_4mu_costhetaZ1_genbin6_recobin7 acc 0.0497 eff 0.0251 outinratio 0.0532 

ttH126_4mu_costhetaZ1_genbin6_recobin7 acc 0.0597 eff 0.0213 outinratio 0.0295 

ggH126_4mu_costhetaZ1_genbin7_recobin7 acc 0.0445 eff 0.5782 outinratio 0.0077 

VBFH126_4mu_costhetaZ1_genbin7_recobin7 acc 0.0473 eff 0.5722 outinratio 0.0 

WminusH126_4mu_costhetaZ1_genbin7_recobin7 acc 0.0404 eff 0.5329 outinratio 0.0146 

WplusH126_4mu_costhetaZ1_genbin7_recobin7 acc 0.0367 eff 0.5582 outinratio 0.0129 

ZH126_4mu_costhetaZ1_genbin7_recobin7 acc 0.0365 eff 0.5597 outinratio 0.0532 

ttH126_4mu_costhetaZ1_genbin7_recobin7 acc 0.0494 eff 0.4504 outinratio 0.0295 

ggH126_2e2mu_costhetaZ1_genbin0_recobin0 acc 0.0412 eff 0.4561 outinratio 0.0053 

VBFH126_2e2mu_costhetaZ1_genbin0_recobin0 acc 0.0465 eff 0.4385 outinratio 0.0 

WminusH126_2e2mu_costhetaZ1_genbin0_recobin0 acc 0.0379 eff 0.4338 outinratio 0.0267 

WplusH126_2e2mu_costhetaZ1_genbin0_recobin0 acc 0.0341 eff 0.435 outinratio 0.0131 

ZH126_2e2mu_costhetaZ1_genbin0_recobin0 acc 0.0372 eff 0.4394 outinratio 0.0703 

ttH126_2e2mu_costhetaZ1_genbin0_recobin0 acc 0.0489 eff 0.3792 outinratio 0.0379 

ggH126_2e2mu_costhetaZ1_genbin1_recobin0 acc 0.0537 eff 0.0201 outinratio 0.0053 

VBFH126_2e2mu_costhetaZ1_genbin1_recobin0 acc 0.054 eff 0.0197 outinratio 0.0 

WminusH126_2e2mu_costhetaZ1_genbin1_recobin0 acc 0.053 eff 0.0133 outinratio 0.0267 

WplusH126_2e2mu_costhetaZ1_genbin1_recobin0 acc 0.0433 eff 0.0157 outinratio 0.0131 

ZH126_2e2mu_costhetaZ1_genbin1_recobin0 acc 0.0449 eff 0.016 outinratio 0.0703 

ttH126_2e2mu_costhetaZ1_genbin1_recobin0 acc 0.0532 eff 0.0147 outinratio 0.0379 

ggH126_2e2mu_costhetaZ1_genbin2_recobin0 acc 0.062 eff 0.0004 outinratio 0.0053 

VBFH126_2e2mu_costhetaZ1_genbin2_recobin0 acc 0.068 eff 0.0042 outinratio 0.0 

WminusH126_2e2mu_costhetaZ1_genbin2_recobin0 acc 0.0581 eff 0.0012 outinratio 0.0267 

WplusH126_2e2mu_costhetaZ1_genbin2_recobin0 acc 0.0512 eff 0.0011 outinratio 0.0131 

ZH126_2e2mu_costhetaZ1_genbin2_recobin0 acc 0.0535 eff 0.0 outinratio 0.0703 

ttH126_2e2mu_costhetaZ1_genbin2_recobin0 acc 0.0676 eff 0.0016 outinratio 0.0379 

ggH126_2e2mu_costhetaZ1_genbin3_recobin0 acc 0.0671 eff 0.0004 outinratio 0.0053 

VBFH126_2e2mu_costhetaZ1_genbin3_recobin0 acc 0.0662 eff 0.0 outinratio 0.0 

WminusH126_2e2mu_costhetaZ1_genbin3_recobin0 acc 0.0578 eff 0.0 outinratio 0.0267 

WplusH126_2e2mu_costhetaZ1_genbin3_recobin0 acc 0.0535 eff 0.0005 outinratio 0.0131 

ZH126_2e2mu_costhetaZ1_genbin3_recobin0 acc 0.0567 eff 0.0007 outinratio 0.0703 

ttH126_2e2mu_costhetaZ1_genbin3_recobin0 acc 0.0693 eff 0.0008 outinratio 0.0379 

ggH126_2e2mu_costhetaZ1_genbin4_recobin0 acc 0.064 eff 0.0 outinratio 0.0053 

VBFH126_2e2mu_costhetaZ1_genbin4_recobin0 acc 0.068 eff 0.0 outinratio 0.0 

WminusH126_2e2mu_costhetaZ1_genbin4_recobin0 acc 0.0594 eff 0.0009 outinratio 0.0267 

WplusH126_2e2mu_costhetaZ1_genbin4_recobin0 acc 0.0531 eff 0.0004 outinratio 0.0131 

ZH126_2e2mu_costhetaZ1_genbin4_recobin0 acc 0.0557 eff 0.0006 outinratio 0.0703 

ttH126_2e2mu_costhetaZ1_genbin4_recobin0 acc 0.0746 eff 0.0022 outinratio 0.0379 

ggH126_2e2mu_costhetaZ1_genbin5_recobin0 acc 0.0605 eff 0.0007 outinratio 0.0053 

VBFH126_2e2mu_costhetaZ1_genbin5_recobin0 acc 0.0639 eff 0.0 outinratio 0.0 

WminusH126_2e2mu_costhetaZ1_genbin5_recobin0 acc 0.0571 eff 0.0 outinratio 0.0267 

WplusH126_2e2mu_costhetaZ1_genbin5_recobin0 acc 0.0511 eff 0.0 outinratio 0.0131 

ZH126_2e2mu_costhetaZ1_genbin5_recobin0 acc 0.0547 eff 0.0 outinratio 0.0703 

ttH126_2e2mu_costhetaZ1_genbin5_recobin0 acc 0.0628 eff 0.0 outinratio 0.0379 

ggH126_2e2mu_costhetaZ1_genbin6_recobin0 acc 0.0553 eff 0.001 outinratio 0.0053 

VBFH126_2e2mu_costhetaZ1_genbin6_recobin0 acc 0.0621 eff 0.0 outinratio 0.0 

WminusH126_2e2mu_costhetaZ1_genbin6_recobin0 acc 0.0467 eff 0.0 outinratio 0.0267 

WplusH126_2e2mu_costhetaZ1_genbin6_recobin0 acc 0.0446 eff 0.0004 outinratio 0.0131 

ZH126_2e2mu_costhetaZ1_genbin6_recobin0 acc 0.0466 eff 0.0006 outinratio 0.0703 

ttH126_2e2mu_costhetaZ1_genbin6_recobin0 acc 0.0521 eff 0.0 outinratio 0.0379 

ggH126_2e2mu_costhetaZ1_genbin7_recobin0 acc 0.0408 eff 0.0 outinratio 0.0053 

VBFH126_2e2mu_costhetaZ1_genbin7_recobin0 acc 0.0432 eff 0.0 outinratio 0.0 

WminusH126_2e2mu_costhetaZ1_genbin7_recobin0 acc 0.0396 eff 0.0 outinratio 0.0267 

WplusH126_2e2mu_costhetaZ1_genbin7_recobin0 acc 0.0336 eff 0.0 outinratio 0.0131 

ZH126_2e2mu_costhetaZ1_genbin7_recobin0 acc 0.0378 eff 0.0 outinratio 0.0703 

ttH126_2e2mu_costhetaZ1_genbin7_recobin0 acc 0.0441 eff 0.002 outinratio 0.0379 

ggH126_2e2mu_costhetaZ1_genbin0_recobin1 acc 0.0412 eff 0.0261 outinratio 0.0101 

VBFH126_2e2mu_costhetaZ1_genbin0_recobin1 acc 0.0465 eff 0.0046 outinratio 0.0 

WminusH126_2e2mu_costhetaZ1_genbin0_recobin1 acc 0.0379 eff 0.0234 outinratio 0.0209 

WplusH126_2e2mu_costhetaZ1_genbin0_recobin1 acc 0.0341 eff 0.0222 outinratio 0.0253 

ZH126_2e2mu_costhetaZ1_genbin0_recobin1 acc 0.0372 eff 0.0185 outinratio 0.0745 

ttH126_2e2mu_costhetaZ1_genbin0_recobin1 acc 0.0489 eff 0.0084 outinratio 0.0457 

ggH126_2e2mu_costhetaZ1_genbin1_recobin1 acc 0.0537 eff 0.4193 outinratio 0.0101 

VBFH126_2e2mu_costhetaZ1_genbin1_recobin1 acc 0.054 eff 0.4071 outinratio 0.0 

WminusH126_2e2mu_costhetaZ1_genbin1_recobin1 acc 0.053 eff 0.4109 outinratio 0.0209 

WplusH126_2e2mu_costhetaZ1_genbin1_recobin1 acc 0.0433 eff 0.4329 outinratio 0.0253 

ZH126_2e2mu_costhetaZ1_genbin1_recobin1 acc 0.0449 eff 0.4052 outinratio 0.0745 

ttH126_2e2mu_costhetaZ1_genbin1_recobin1 acc 0.0532 eff 0.3463 outinratio 0.0457 

ggH126_2e2mu_costhetaZ1_genbin2_recobin1 acc 0.062 eff 0.0259 outinratio 0.0101 

VBFH126_2e2mu_costhetaZ1_genbin2_recobin1 acc 0.068 eff 0.0317 outinratio 0.0 

WminusH126_2e2mu_costhetaZ1_genbin2_recobin1 acc 0.0581 eff 0.0196 outinratio 0.0209 

WplusH126_2e2mu_costhetaZ1_genbin2_recobin1 acc 0.0512 eff 0.0271 outinratio 0.0253 

ZH126_2e2mu_costhetaZ1_genbin2_recobin1 acc 0.0535 eff 0.02 outinratio 0.0745 

ttH126_2e2mu_costhetaZ1_genbin2_recobin1 acc 0.0676 eff 0.0158 outinratio 0.0457 

ggH126_2e2mu_costhetaZ1_genbin3_recobin1 acc 0.0671 eff 0.0001 outinratio 0.0101 

VBFH126_2e2mu_costhetaZ1_genbin3_recobin1 acc 0.0662 eff 0.0 outinratio 0.0 

WminusH126_2e2mu_costhetaZ1_genbin3_recobin1 acc 0.0578 eff 0.0008 outinratio 0.0209 

WplusH126_2e2mu_costhetaZ1_genbin3_recobin1 acc 0.0535 eff 0.0005 outinratio 0.0253 

ZH126_2e2mu_costhetaZ1_genbin3_recobin1 acc 0.0567 eff 0.0014 outinratio 0.0745 

ttH126_2e2mu_costhetaZ1_genbin3_recobin1 acc 0.0693 eff 0.0011 outinratio 0.0457 

ggH126_2e2mu_costhetaZ1_genbin4_recobin1 acc 0.064 eff 0.0003 outinratio 0.0101 

VBFH126_2e2mu_costhetaZ1_genbin4_recobin1 acc 0.068 eff 0.0 outinratio 0.0 

WminusH126_2e2mu_costhetaZ1_genbin4_recobin1 acc 0.0594 eff 0.001 outinratio 0.0209 

WplusH126_2e2mu_costhetaZ1_genbin4_recobin1 acc 0.0531 eff 0.0 outinratio 0.0253 

ZH126_2e2mu_costhetaZ1_genbin4_recobin1 acc 0.0557 eff 0.0007 outinratio 0.0745 

ttH126_2e2mu_costhetaZ1_genbin4_recobin1 acc 0.0746 eff 0.0 outinratio 0.0457 

ggH126_2e2mu_costhetaZ1_genbin5_recobin1 acc 0.0605 eff 0.0 outinratio 0.0101 

VBFH126_2e2mu_costhetaZ1_genbin5_recobin1 acc 0.0639 eff 0.0 outinratio 0.0 

WminusH126_2e2mu_costhetaZ1_genbin5_recobin1 acc 0.0571 eff 0.0009 outinratio 0.0209 

WplusH126_2e2mu_costhetaZ1_genbin5_recobin1 acc 0.0511 eff 0.0009 outinratio 0.0253 

ZH126_2e2mu_costhetaZ1_genbin5_recobin1 acc 0.0547 eff 0.0006 outinratio 0.0745 

ttH126_2e2mu_costhetaZ1_genbin5_recobin1 acc 0.0628 eff 0.0 outinratio 0.0457 

ggH126_2e2mu_costhetaZ1_genbin6_recobin1 acc 0.0553 eff 0.0006 outinratio 0.0101 

VBFH126_2e2mu_costhetaZ1_genbin6_recobin1 acc 0.0621 eff 0.0 outinratio 0.0 

WminusH126_2e2mu_costhetaZ1_genbin6_recobin1 acc 0.0467 eff 0.0 outinratio 0.0209 

WplusH126_2e2mu_costhetaZ1_genbin6_recobin1 acc 0.0446 eff 0.0 outinratio 0.0253 

ZH126_2e2mu_costhetaZ1_genbin6_recobin1 acc 0.0466 eff 0.0 outinratio 0.0745 

ttH126_2e2mu_costhetaZ1_genbin6_recobin1 acc 0.0521 eff 0.0 outinratio 0.0457 

ggH126_2e2mu_costhetaZ1_genbin7_recobin1 acc 0.0408 eff 0.0004 outinratio 0.0101 

VBFH126_2e2mu_costhetaZ1_genbin7_recobin1 acc 0.0432 eff 0.0 outinratio 0.0 

WminusH126_2e2mu_costhetaZ1_genbin7_recobin1 acc 0.0396 eff 0.0 outinratio 0.0209 

WplusH126_2e2mu_costhetaZ1_genbin7_recobin1 acc 0.0336 eff 0.0 outinratio 0.0253 

ZH126_2e2mu_costhetaZ1_genbin7_recobin1 acc 0.0378 eff 0.0011 outinratio 0.0745 

ttH126_2e2mu_costhetaZ1_genbin7_recobin1 acc 0.0441 eff 0.0013 outinratio 0.0457 

ggH126_2e2mu_costhetaZ1_genbin0_recobin2 acc 0.0412 eff 0.0006 outinratio 0.0085 

VBFH126_2e2mu_costhetaZ1_genbin0_recobin2 acc 0.0465 eff 0.0 outinratio 0.0105 

WminusH126_2e2mu_costhetaZ1_genbin0_recobin2 acc 0.0379 eff 0.0006 outinratio 0.0143 

WplusH126_2e2mu_costhetaZ1_genbin0_recobin2 acc 0.0341 eff 0.0 outinratio 0.0144 

ZH126_2e2mu_costhetaZ1_genbin0_recobin2 acc 0.0372 eff 0.0 outinratio 0.0645 

ttH126_2e2mu_costhetaZ1_genbin0_recobin2 acc 0.0489 eff 0.0 outinratio 0.0396 

ggH126_2e2mu_costhetaZ1_genbin1_recobin2 acc 0.0537 eff 0.0302 outinratio 0.0085 

VBFH126_2e2mu_costhetaZ1_genbin1_recobin2 acc 0.054 eff 0.0355 outinratio 0.0105 

WminusH126_2e2mu_costhetaZ1_genbin1_recobin2 acc 0.053 eff 0.0207 outinratio 0.0143 

WplusH126_2e2mu_costhetaZ1_genbin1_recobin2 acc 0.0433 eff 0.0252 outinratio 0.0144 

ZH126_2e2mu_costhetaZ1_genbin1_recobin2 acc 0.0449 eff 0.0257 outinratio 0.0645 

ttH126_2e2mu_costhetaZ1_genbin1_recobin2 acc 0.0532 eff 0.0273 outinratio 0.0396 

ggH126_2e2mu_costhetaZ1_genbin2_recobin2 acc 0.062 eff 0.4048 outinratio 0.0085 

VBFH126_2e2mu_costhetaZ1_genbin2_recobin2 acc 0.068 eff 0.4951 outinratio 0.0105 

WminusH126_2e2mu_costhetaZ1_genbin2_recobin2 acc 0.0581 eff 0.4139 outinratio 0.0143 

WplusH126_2e2mu_costhetaZ1_genbin2_recobin2 acc 0.0512 eff 0.3995 outinratio 0.0144 

ZH126_2e2mu_costhetaZ1_genbin2_recobin2 acc 0.0535 eff 0.3747 outinratio 0.0645 

ttH126_2e2mu_costhetaZ1_genbin2_recobin2 acc 0.0676 eff 0.2987 outinratio 0.0396 

ggH126_2e2mu_costhetaZ1_genbin3_recobin2 acc 0.0671 eff 0.0321 outinratio 0.0085 

VBFH126_2e2mu_costhetaZ1_genbin3_recobin2 acc 0.0662 eff 0.0303 outinratio 0.0105 

WminusH126_2e2mu_costhetaZ1_genbin3_recobin2 acc 0.0578 eff 0.0285 outinratio 0.0143 

WplusH126_2e2mu_costhetaZ1_genbin3_recobin2 acc 0.0535 eff 0.0429 outinratio 0.0144 

ZH126_2e2mu_costhetaZ1_genbin3_recobin2 acc 0.0567 eff 0.0229 outinratio 0.0645 

ttH126_2e2mu_costhetaZ1_genbin3_recobin2 acc 0.0693 eff 0.0224 outinratio 0.0396 

ggH126_2e2mu_costhetaZ1_genbin4_recobin2 acc 0.064 eff 0.0011 outinratio 0.0085 

VBFH126_2e2mu_costhetaZ1_genbin4_recobin2 acc 0.068 eff 0.0041 outinratio 0.0105 

WminusH126_2e2mu_costhetaZ1_genbin4_recobin2 acc 0.0594 eff 0.0013 outinratio 0.0143 

WplusH126_2e2mu_costhetaZ1_genbin4_recobin2 acc 0.0531 eff 0.0006 outinratio 0.0144 

ZH126_2e2mu_costhetaZ1_genbin4_recobin2 acc 0.0557 eff 0.0005 outinratio 0.0645 

ttH126_2e2mu_costhetaZ1_genbin4_recobin2 acc 0.0746 eff 0.0013 outinratio 0.0396 

ggH126_2e2mu_costhetaZ1_genbin5_recobin2 acc 0.0605 eff 0.0006 outinratio 0.0085 

VBFH126_2e2mu_costhetaZ1_genbin5_recobin2 acc 0.0639 eff 0.0 outinratio 0.0105 

WminusH126_2e2mu_costhetaZ1_genbin5_recobin2 acc 0.0571 eff 0.0003 outinratio 0.0143 

WplusH126_2e2mu_costhetaZ1_genbin5_recobin2 acc 0.0511 eff 0.0002 outinratio 0.0144 

ZH126_2e2mu_costhetaZ1_genbin5_recobin2 acc 0.0547 eff 0.0 outinratio 0.0645 

ttH126_2e2mu_costhetaZ1_genbin5_recobin2 acc 0.0628 eff 0.0 outinratio 0.0396 

ggH126_2e2mu_costhetaZ1_genbin6_recobin2 acc 0.0553 eff 0.0 outinratio 0.0085 

VBFH126_2e2mu_costhetaZ1_genbin6_recobin2 acc 0.0621 eff 0.0 outinratio 0.0105 

WminusH126_2e2mu_costhetaZ1_genbin6_recobin2 acc 0.0467 eff 0.0012 outinratio 0.0143 

WplusH126_2e2mu_costhetaZ1_genbin6_recobin2 acc 0.0446 eff 0.0005 outinratio 0.0144 

ZH126_2e2mu_costhetaZ1_genbin6_recobin2 acc 0.0466 eff 0.0 outinratio 0.0645 

ttH126_2e2mu_costhetaZ1_genbin6_recobin2 acc 0.0521 eff 0.0006 outinratio 0.0396 

ggH126_2e2mu_costhetaZ1_genbin7_recobin2 acc 0.0408 eff 0.0011 outinratio 0.0085 

VBFH126_2e2mu_costhetaZ1_genbin7_recobin2 acc 0.0432 eff 0.0 outinratio 0.0105 

WminusH126_2e2mu_costhetaZ1_genbin7_recobin2 acc 0.0396 eff 0.0 outinratio 0.0143 

WplusH126_2e2mu_costhetaZ1_genbin7_recobin2 acc 0.0336 eff 0.0 outinratio 0.0144 

ZH126_2e2mu_costhetaZ1_genbin7_recobin2 acc 0.0378 eff 0.0 outinratio 0.0645 

ttH126_2e2mu_costhetaZ1_genbin7_recobin2 acc 0.0441 eff 0.0 outinratio 0.0396 

ggH126_2e2mu_costhetaZ1_genbin0_recobin3 acc 0.0412 eff 0.0003 outinratio 0.0069 

VBFH126_2e2mu_costhetaZ1_genbin0_recobin3 acc 0.0465 eff 0.0 outinratio 0.0033 

WminusH126_2e2mu_costhetaZ1_genbin0_recobin3 acc 0.0379 eff 0.0 outinratio 0.0242 

WplusH126_2e2mu_costhetaZ1_genbin0_recobin3 acc 0.0341 eff 0.0003 outinratio 0.0185 

ZH126_2e2mu_costhetaZ1_genbin0_recobin3 acc 0.0372 eff 0.001 outinratio 0.0528 

ttH126_2e2mu_costhetaZ1_genbin0_recobin3 acc 0.0489 eff 0.0 outinratio 0.0521 

ggH126_2e2mu_costhetaZ1_genbin1_recobin3 acc 0.0537 eff 0.0006 outinratio 0.0069 

VBFH126_2e2mu_costhetaZ1_genbin1_recobin3 acc 0.054 eff 0.0 outinratio 0.0033 

WminusH126_2e2mu_costhetaZ1_genbin1_recobin3 acc 0.053 eff 0.0026 outinratio 0.0242 

WplusH126_2e2mu_costhetaZ1_genbin1_recobin3 acc 0.0433 eff 0.0009 outinratio 0.0185 

ZH126_2e2mu_costhetaZ1_genbin1_recobin3 acc 0.0449 eff 0.0 outinratio 0.0528 

ttH126_2e2mu_costhetaZ1_genbin1_recobin3 acc 0.0532 eff 0.0046 outinratio 0.0521 

ggH126_2e2mu_costhetaZ1_genbin2_recobin3 acc 0.062 eff 0.0301 outinratio 0.0069 

VBFH126_2e2mu_costhetaZ1_genbin2_recobin3 acc 0.068 eff 0.0322 outinratio 0.0033 

WminusH126_2e2mu_costhetaZ1_genbin2_recobin3 acc 0.0581 eff 0.0382 outinratio 0.0242 

WplusH126_2e2mu_costhetaZ1_genbin2_recobin3 acc 0.0512 eff 0.0316 outinratio 0.0185 

ZH126_2e2mu_costhetaZ1_genbin2_recobin3 acc 0.0535 eff 0.0328 outinratio 0.0528 

ttH126_2e2mu_costhetaZ1_genbin2_recobin3 acc 0.0676 eff 0.0265 outinratio 0.0521 

ggH126_2e2mu_costhetaZ1_genbin3_recobin3 acc 0.0671 eff 0.414 outinratio 0.0069 

VBFH126_2e2mu_costhetaZ1_genbin3_recobin3 acc 0.0662 eff 0.4305 outinratio 0.0033 

WminusH126_2e2mu_costhetaZ1_genbin3_recobin3 acc 0.0578 eff 0.4141 outinratio 0.0242 

WplusH126_2e2mu_costhetaZ1_genbin3_recobin3 acc 0.0535 eff 0.3917 outinratio 0.0185 

ZH126_2e2mu_costhetaZ1_genbin3_recobin3 acc 0.0567 eff 0.4181 outinratio 0.0528 

ttH126_2e2mu_costhetaZ1_genbin3_recobin3 acc 0.0693 eff 0.3303 outinratio 0.0521 

ggH126_2e2mu_costhetaZ1_genbin4_recobin3 acc 0.064 eff 0.0318 outinratio 0.0069 

VBFH126_2e2mu_costhetaZ1_genbin4_recobin3 acc 0.068 eff 0.024 outinratio 0.0033 

WminusH126_2e2mu_costhetaZ1_genbin4_recobin3 acc 0.0594 eff 0.0321 outinratio 0.0242 

WplusH126_2e2mu_costhetaZ1_genbin4_recobin3 acc 0.0531 eff 0.0254 outinratio 0.0185 

ZH126_2e2mu_costhetaZ1_genbin4_recobin3 acc 0.0557 eff 0.0237 outinratio 0.0528 

ttH126_2e2mu_costhetaZ1_genbin4_recobin3 acc 0.0746 eff 0.0215 outinratio 0.0521 

ggH126_2e2mu_costhetaZ1_genbin5_recobin3 acc 0.0605 eff 0.0007 outinratio 0.0069 

VBFH126_2e2mu_costhetaZ1_genbin5_recobin3 acc 0.0639 eff 0.0043 outinratio 0.0033 

WminusH126_2e2mu_costhetaZ1_genbin5_recobin3 acc 0.0571 eff 0.0013 outinratio 0.0242 

WplusH126_2e2mu_costhetaZ1_genbin5_recobin3 acc 0.0511 eff 0.0006 outinratio 0.0185 

ZH126_2e2mu_costhetaZ1_genbin5_recobin3 acc 0.0547 eff 0.0006 outinratio 0.0528 

ttH126_2e2mu_costhetaZ1_genbin5_recobin3 acc 0.0628 eff 0.0016 outinratio 0.0521 

ggH126_2e2mu_costhetaZ1_genbin6_recobin3 acc 0.0553 eff 0.0 outinratio 0.0069 

VBFH126_2e2mu_costhetaZ1_genbin6_recobin3 acc 0.0621 eff 0.0 outinratio 0.0033 

WminusH126_2e2mu_costhetaZ1_genbin6_recobin3 acc 0.0467 eff 0.0 outinratio 0.0242 

WplusH126_2e2mu_costhetaZ1_genbin6_recobin3 acc 0.0446 eff 0.001 outinratio 0.0185 

ZH126_2e2mu_costhetaZ1_genbin6_recobin3 acc 0.0466 eff 0.0 outinratio 0.0528 

ttH126_2e2mu_costhetaZ1_genbin6_recobin3 acc 0.0521 eff 0.0 outinratio 0.0521 

ggH126_2e2mu_costhetaZ1_genbin7_recobin3 acc 0.0408 eff 0.0 outinratio 0.0069 

VBFH126_2e2mu_costhetaZ1_genbin7_recobin3 acc 0.0432 eff 0.005 outinratio 0.0033 

WminusH126_2e2mu_costhetaZ1_genbin7_recobin3 acc 0.0396 eff 0.0 outinratio 0.0242 

WplusH126_2e2mu_costhetaZ1_genbin7_recobin3 acc 0.0336 eff 0.0 outinratio 0.0185 

ZH126_2e2mu_costhetaZ1_genbin7_recobin3 acc 0.0378 eff 0.0 outinratio 0.0528 

ttH126_2e2mu_costhetaZ1_genbin7_recobin3 acc 0.0441 eff 0.0025 outinratio 0.0521 

ggH126_2e2mu_costhetaZ1_genbin0_recobin4 acc 0.0412 eff 0.0 outinratio 0.0048 

VBFH126_2e2mu_costhetaZ1_genbin0_recobin4 acc 0.0465 eff 0.0024 outinratio 0.0072 

WminusH126_2e2mu_costhetaZ1_genbin0_recobin4 acc 0.0379 eff 0.0 outinratio 0.021 

WplusH126_2e2mu_costhetaZ1_genbin0_recobin4 acc 0.0341 eff 0.0015 outinratio 0.0172 

ZH126_2e2mu_costhetaZ1_genbin0_recobin4 acc 0.0372 eff 0.001 outinratio 0.0474 

ttH126_2e2mu_costhetaZ1_genbin0_recobin4 acc 0.0489 eff 0.0 outinratio 0.0562 

ggH126_2e2mu_costhetaZ1_genbin1_recobin4 acc 0.0537 eff 0.0 outinratio 0.0048 

VBFH126_2e2mu_costhetaZ1_genbin1_recobin4 acc 0.054 eff 0.0 outinratio 0.0072 

WminusH126_2e2mu_costhetaZ1_genbin1_recobin4 acc 0.053 eff 0.0 outinratio 0.021 

WplusH126_2e2mu_costhetaZ1_genbin1_recobin4 acc 0.0433 eff 0.0 outinratio 0.0172 

ZH126_2e2mu_costhetaZ1_genbin1_recobin4 acc 0.0449 eff 0.0017 outinratio 0.0474 

ttH126_2e2mu_costhetaZ1_genbin1_recobin4 acc 0.0532 eff 0.0 outinratio 0.0562 

ggH126_2e2mu_costhetaZ1_genbin2_recobin4 acc 0.062 eff 0.0002 outinratio 0.0048 

VBFH126_2e2mu_costhetaZ1_genbin2_recobin4 acc 0.068 eff 0.0 outinratio 0.0072 

WminusH126_2e2mu_costhetaZ1_genbin2_recobin4 acc 0.0581 eff 0.0007 outinratio 0.021 

WplusH126_2e2mu_costhetaZ1_genbin2_recobin4 acc 0.0512 eff 0.0005 outinratio 0.0172 

ZH126_2e2mu_costhetaZ1_genbin2_recobin4 acc 0.0535 eff 0.0009 outinratio 0.0474 

ttH126_2e2mu_costhetaZ1_genbin2_recobin4 acc 0.0676 eff 0.0 outinratio 0.0562 

ggH126_2e2mu_costhetaZ1_genbin3_recobin4 acc 0.0671 eff 0.028 outinratio 0.0048 

VBFH126_2e2mu_costhetaZ1_genbin3_recobin4 acc 0.0662 eff 0.0285 outinratio 0.0072 

WminusH126_2e2mu_costhetaZ1_genbin3_recobin4 acc 0.0578 eff 0.0342 outinratio 0.021 

WplusH126_2e2mu_costhetaZ1_genbin3_recobin4 acc 0.0535 eff 0.0343 outinratio 0.0172 

ZH126_2e2mu_costhetaZ1_genbin3_recobin4 acc 0.0567 eff 0.0279 outinratio 0.0474 

ttH126_2e2mu_costhetaZ1_genbin3_recobin4 acc 0.0693 eff 0.0276 outinratio 0.0562 

ggH126_2e2mu_costhetaZ1_genbin4_recobin4 acc 0.064 eff 0.4015 outinratio 0.0048 

VBFH126_2e2mu_costhetaZ1_genbin4_recobin4 acc 0.068 eff 0.4684 outinratio 0.0072 

WminusH126_2e2mu_costhetaZ1_genbin4_recobin4 acc 0.0594 eff 0.3795 outinratio 0.021 

WplusH126_2e2mu_costhetaZ1_genbin4_recobin4 acc 0.0531 eff 0.4052 outinratio 0.0172 

ZH126_2e2mu_costhetaZ1_genbin4_recobin4 acc 0.0557 eff 0.3942 outinratio 0.0474 

ttH126_2e2mu_costhetaZ1_genbin4_recobin4 acc 0.0746 eff 0.3058 outinratio 0.0562 

ggH126_2e2mu_costhetaZ1_genbin5_recobin4 acc 0.0605 eff 0.0295 outinratio 0.0048 

VBFH126_2e2mu_costhetaZ1_genbin5_recobin4 acc 0.0639 eff 0.0376 outinratio 0.0072 

WminusH126_2e2mu_costhetaZ1_genbin5_recobin4 acc 0.0571 eff 0.0352 outinratio 0.021 

WplusH126_2e2mu_costhetaZ1_genbin5_recobin4 acc 0.0511 eff 0.0279 outinratio 0.0172 

ZH126_2e2mu_costhetaZ1_genbin5_recobin4 acc 0.0547 eff 0.0323 outinratio 0.0474 

ttH126_2e2mu_costhetaZ1_genbin5_recobin4 acc 0.0628 eff 0.0256 outinratio 0.0562 

ggH126_2e2mu_costhetaZ1_genbin6_recobin4 acc 0.0553 eff 0.0002 outinratio 0.0048 

VBFH126_2e2mu_costhetaZ1_genbin6_recobin4 acc 0.0621 eff 0.0021 outinratio 0.0072 

WminusH126_2e2mu_costhetaZ1_genbin6_recobin4 acc 0.0467 eff -0.0004 outinratio 0.021 

WplusH126_2e2mu_costhetaZ1_genbin6_recobin4 acc 0.0446 eff 0.0002 outinratio 0.0172 

ZH126_2e2mu_costhetaZ1_genbin6_recobin4 acc 0.0466 eff 0.0008 outinratio 0.0474 

ttH126_2e2mu_costhetaZ1_genbin6_recobin4 acc 0.0521 eff 0.0035 outinratio 0.0562 

ggH126_2e2mu_costhetaZ1_genbin7_recobin4 acc 0.0408 eff 0.0007 outinratio 0.0048 

VBFH126_2e2mu_costhetaZ1_genbin7_recobin4 acc 0.0432 eff 0.0 outinratio 0.0072 

WminusH126_2e2mu_costhetaZ1_genbin7_recobin4 acc 0.0396 eff 0.0 outinratio 0.021 

WplusH126_2e2mu_costhetaZ1_genbin7_recobin4 acc 0.0336 eff 0.0 outinratio 0.0172 

ZH126_2e2mu_costhetaZ1_genbin7_recobin4 acc 0.0378 eff 0.0 outinratio 0.0474 

ttH126_2e2mu_costhetaZ1_genbin7_recobin4 acc 0.0441 eff 0.0 outinratio 0.0562 

ggH126_2e2mu_costhetaZ1_genbin0_recobin5 acc 0.0412 eff 0.0007 outinratio 0.006 

VBFH126_2e2mu_costhetaZ1_genbin0_recobin5 acc 0.0465 eff 0.0 outinratio 0.0 

WminusH126_2e2mu_costhetaZ1_genbin0_recobin5 acc 0.0379 eff 0.0 outinratio 0.0196 

WplusH126_2e2mu_costhetaZ1_genbin0_recobin5 acc 0.0341 eff 0.0 outinratio 0.0206 

ZH126_2e2mu_costhetaZ1_genbin0_recobin5 acc 0.0372 eff 0.0 outinratio 0.0345 

ttH126_2e2mu_costhetaZ1_genbin0_recobin5 acc 0.0489 eff 0.003 outinratio 0.0064 

ggH126_2e2mu_costhetaZ1_genbin1_recobin5 acc 0.0537 eff 0.0 outinratio 0.006 

VBFH126_2e2mu_costhetaZ1_genbin1_recobin5 acc 0.054 eff 0.0 outinratio 0.0 

WminusH126_2e2mu_costhetaZ1_genbin1_recobin5 acc 0.053 eff 0.0 outinratio 0.0196 

WplusH126_2e2mu_costhetaZ1_genbin1_recobin5 acc 0.0433 eff 0.0 outinratio 0.0206 

ZH126_2e2mu_costhetaZ1_genbin1_recobin5 acc 0.0449 eff 0.0 outinratio 0.0345 

ttH126_2e2mu_costhetaZ1_genbin1_recobin5 acc 0.0532 eff 0.0 outinratio 0.0064 

ggH126_2e2mu_costhetaZ1_genbin2_recobin5 acc 0.062 eff 0.0 outinratio 0.006 

VBFH126_2e2mu_costhetaZ1_genbin2_recobin5 acc 0.068 eff 0.0 outinratio 0.0 

WminusH126_2e2mu_costhetaZ1_genbin2_recobin5 acc 0.0581 eff 0.0003 outinratio 0.0196 

WplusH126_2e2mu_costhetaZ1_genbin2_recobin5 acc 0.0512 eff 0.0006 outinratio 0.0206 

ZH126_2e2mu_costhetaZ1_genbin2_recobin5 acc 0.0535 eff 0.0013 outinratio 0.0345 

ttH126_2e2mu_costhetaZ1_genbin2_recobin5 acc 0.0676 eff 0.0 outinratio 0.0064 

ggH126_2e2mu_costhetaZ1_genbin3_recobin5 acc 0.0671 eff 0.0029 outinratio 0.006 

VBFH126_2e2mu_costhetaZ1_genbin3_recobin5 acc 0.0662 eff 0.0 outinratio 0.0 

WminusH126_2e2mu_costhetaZ1_genbin3_recobin5 acc 0.0578 eff 0.0009 outinratio 0.0196 

WplusH126_2e2mu_costhetaZ1_genbin3_recobin5 acc 0.0535 eff 0.0006 outinratio 0.0206 

ZH126_2e2mu_costhetaZ1_genbin3_recobin5 acc 0.0567 eff 0.0 outinratio 0.0345 

ttH126_2e2mu_costhetaZ1_genbin3_recobin5 acc 0.0693 eff 0.0 outinratio 0.0064 

ggH126_2e2mu_costhetaZ1_genbin4_recobin5 acc 0.064 eff 0.0303 outinratio 0.006 

VBFH126_2e2mu_costhetaZ1_genbin4_recobin5 acc 0.068 eff 0.0548 outinratio 0.0 

WminusH126_2e2mu_costhetaZ1_genbin4_recobin5 acc 0.0594 eff 0.028 outinratio 0.0196 

WplusH126_2e2mu_costhetaZ1_genbin4_recobin5 acc 0.0531 eff 0.0285 outinratio 0.0206 

ZH126_2e2mu_costhetaZ1_genbin4_recobin5 acc 0.0557 eff 0.031 outinratio 0.0345 

ttH126_2e2mu_costhetaZ1_genbin4_recobin5 acc 0.0746 eff 0.0197 outinratio 0.0064 

ggH126_2e2mu_costhetaZ1_genbin5_recobin5 acc 0.0605 eff 0.418 outinratio 0.006 

VBFH126_2e2mu_costhetaZ1_genbin5_recobin5 acc 0.0639 eff 0.4168 outinratio 0.0 

WminusH126_2e2mu_costhetaZ1_genbin5_recobin5 acc 0.0571 eff 0.4069 outinratio 0.0196 

WplusH126_2e2mu_costhetaZ1_genbin5_recobin5 acc 0.0511 eff 0.3905 outinratio 0.0206 

ZH126_2e2mu_costhetaZ1_genbin5_recobin5 acc 0.0547 eff 0.4132 outinratio 0.0345 

ttH126_2e2mu_costhetaZ1_genbin5_recobin5 acc 0.0628 eff 0.3276 outinratio 0.0064 

ggH126_2e2mu_costhetaZ1_genbin6_recobin5 acc 0.0553 eff 0.0359 outinratio 0.006 

VBFH126_2e2mu_costhetaZ1_genbin6_recobin5 acc 0.0621 eff 0.0408 outinratio 0.0 

WminusH126_2e2mu_costhetaZ1_genbin6_recobin5 acc 0.0467 eff 0.0357 outinratio 0.0196 

WplusH126_2e2mu_costhetaZ1_genbin6_recobin5 acc 0.0446 eff 0.0252 outinratio 0.0206 

ZH126_2e2mu_costhetaZ1_genbin6_recobin5 acc 0.0466 eff 0.0258 outinratio 0.0345 

ttH126_2e2mu_costhetaZ1_genbin6_recobin5 acc 0.0521 eff 0.0251 outinratio 0.0064 

ggH126_2e2mu_costhetaZ1_genbin7_recobin5 acc 0.0408 eff 0.002 outinratio 0.006 

VBFH126_2e2mu_costhetaZ1_genbin7_recobin5 acc 0.0432 eff 0.0 outinratio 0.0 

WminusH126_2e2mu_costhetaZ1_genbin7_recobin5 acc 0.0396 eff 0.0 outinratio 0.0196 

WplusH126_2e2mu_costhetaZ1_genbin7_recobin5 acc 0.0336 eff 0.0 outinratio 0.0206 

ZH126_2e2mu_costhetaZ1_genbin7_recobin5 acc 0.0378 eff 0.0 outinratio 0.0345 

ttH126_2e2mu_costhetaZ1_genbin7_recobin5 acc 0.0441 eff 0.0023 outinratio 0.0064 

ggH126_2e2mu_costhetaZ1_genbin0_recobin6 acc 0.0412 eff 0.0004 outinratio 0.0084 

VBFH126_2e2mu_costhetaZ1_genbin0_recobin6 acc 0.0465 eff 0.0 outinratio 0.0 

WminusH126_2e2mu_costhetaZ1_genbin0_recobin6 acc 0.0379 eff 0.0 outinratio 0.0099 

WplusH126_2e2mu_costhetaZ1_genbin0_recobin6 acc 0.0341 eff 0.0 outinratio 0.0127 

ZH126_2e2mu_costhetaZ1_genbin0_recobin6 acc 0.0372 eff 0.0 outinratio 0.0743 

ttH126_2e2mu_costhetaZ1_genbin0_recobin6 acc 0.0489 eff 0.0 outinratio 0.0551 

ggH126_2e2mu_costhetaZ1_genbin1_recobin6 acc 0.0537 eff 0.0006 outinratio 0.0084 

VBFH126_2e2mu_costhetaZ1_genbin1_recobin6 acc 0.054 eff 0.0 outinratio 0.0 

WminusH126_2e2mu_costhetaZ1_genbin1_recobin6 acc 0.053 eff 0.0 outinratio 0.0099 

WplusH126_2e2mu_costhetaZ1_genbin1_recobin6 acc 0.0433 eff 0.0 outinratio 0.0127 

ZH126_2e2mu_costhetaZ1_genbin1_recobin6 acc 0.0449 eff 0.0008 outinratio 0.0743 

ttH126_2e2mu_costhetaZ1_genbin1_recobin6 acc 0.0532 eff 0.0017 outinratio 0.0551 

ggH126_2e2mu_costhetaZ1_genbin2_recobin6 acc 0.062 eff 0.0004 outinratio 0.0084 

VBFH126_2e2mu_costhetaZ1_genbin2_recobin6 acc 0.068 eff 0.004 outinratio 0.0 

WminusH126_2e2mu_costhetaZ1_genbin2_recobin6 acc 0.0581 eff 0.0009 outinratio 0.0099 

WplusH126_2e2mu_costhetaZ1_genbin2_recobin6 acc 0.0512 eff 0.0 outinratio 0.0127 

ZH126_2e2mu_costhetaZ1_genbin2_recobin6 acc 0.0535 eff 0.0 outinratio 0.0743 

ttH126_2e2mu_costhetaZ1_genbin2_recobin6 acc 0.0676 eff 0.0 outinratio 0.0551 

ggH126_2e2mu_costhetaZ1_genbin3_recobin6 acc 0.0671 eff 0.0012 outinratio 0.0084 

VBFH126_2e2mu_costhetaZ1_genbin3_recobin6 acc 0.0662 eff 0.0 outinratio 0.0 

WminusH126_2e2mu_costhetaZ1_genbin3_recobin6 acc 0.0578 eff 0.0002 outinratio 0.0099 

WplusH126_2e2mu_costhetaZ1_genbin3_recobin6 acc 0.0535 eff 0.0005 outinratio 0.0127 

ZH126_2e2mu_costhetaZ1_genbin3_recobin6 acc 0.0567 eff 0.0 outinratio 0.0743 

ttH126_2e2mu_costhetaZ1_genbin3_recobin6 acc 0.0693 eff 0.0 outinratio 0.0551 

ggH126_2e2mu_costhetaZ1_genbin4_recobin6 acc 0.064 eff 0.0021 outinratio 0.0084 

VBFH126_2e2mu_costhetaZ1_genbin4_recobin6 acc 0.068 eff 0.0 outinratio 0.0 

WminusH126_2e2mu_costhetaZ1_genbin4_recobin6 acc 0.0594 eff 0.001 outinratio 0.0099 

WplusH126_2e2mu_costhetaZ1_genbin4_recobin6 acc 0.0531 eff 0.0009 outinratio 0.0127 

ZH126_2e2mu_costhetaZ1_genbin4_recobin6 acc 0.0557 eff 0.0008 outinratio 0.0743 

ttH126_2e2mu_costhetaZ1_genbin4_recobin6 acc 0.0746 eff 0.002 outinratio 0.0551 

ggH126_2e2mu_costhetaZ1_genbin5_recobin6 acc 0.0605 eff 0.0316 outinratio 0.0084 

VBFH126_2e2mu_costhetaZ1_genbin5_recobin6 acc 0.0639 eff 0.0077 outinratio 0.0 

WminusH126_2e2mu_costhetaZ1_genbin5_recobin6 acc 0.0571 eff 0.026 outinratio 0.0099 

WplusH126_2e2mu_costhetaZ1_genbin5_recobin6 acc 0.0511 eff 0.0255 outinratio 0.0127 

ZH126_2e2mu_costhetaZ1_genbin5_recobin6 acc 0.0547 eff 0.0235 outinratio 0.0743 

ttH126_2e2mu_costhetaZ1_genbin5_recobin6 acc 0.0628 eff 0.0179 outinratio 0.0551 

ggH126_2e2mu_costhetaZ1_genbin6_recobin6 acc 0.0553 eff 0.4357 outinratio 0.0084 

VBFH126_2e2mu_costhetaZ1_genbin6_recobin6 acc 0.0621 eff 0.4975 outinratio 0.0 

WminusH126_2e2mu_costhetaZ1_genbin6_recobin6 acc 0.0467 eff 0.4301 outinratio 0.0099 

WplusH126_2e2mu_costhetaZ1_genbin6_recobin6 acc 0.0446 eff 0.4166 outinratio 0.0127 

ZH126_2e2mu_costhetaZ1_genbin6_recobin6 acc 0.0466 eff 0.3777 outinratio 0.0743 

ttH126_2e2mu_costhetaZ1_genbin6_recobin6 acc 0.0521 eff 0.3372 outinratio 0.0551 

ggH126_2e2mu_costhetaZ1_genbin7_recobin6 acc 0.0408 eff 0.024 outinratio 0.0084 

VBFH126_2e2mu_costhetaZ1_genbin7_recobin6 acc 0.0432 eff 0.0104 outinratio 0.0 

WminusH126_2e2mu_costhetaZ1_genbin7_recobin6 acc 0.0396 eff 0.0192 outinratio 0.0099 

WplusH126_2e2mu_costhetaZ1_genbin7_recobin6 acc 0.0336 eff 0.0183 outinratio 0.0127 

ZH126_2e2mu_costhetaZ1_genbin7_recobin6 acc 0.0378 eff 0.0214 outinratio 0.0743 

ttH126_2e2mu_costhetaZ1_genbin7_recobin6 acc 0.0441 eff 0.0111 outinratio 0.0551 

ggH126_2e2mu_costhetaZ1_genbin0_recobin7 acc 0.0412 eff 0.0008 outinratio 0.0077 

VBFH126_2e2mu_costhetaZ1_genbin0_recobin7 acc 0.0465 eff 0.0 outinratio 0.0076 

WminusH126_2e2mu_costhetaZ1_genbin0_recobin7 acc 0.0379 eff 0.0 outinratio 0.019 

WplusH126_2e2mu_costhetaZ1_genbin0_recobin7 acc 0.0341 eff 0.0007 outinratio 0.0113 

ZH126_2e2mu_costhetaZ1_genbin0_recobin7 acc 0.0372 eff 0.0 outinratio 0.0674 

ttH126_2e2mu_costhetaZ1_genbin0_recobin7 acc 0.0489 eff 0.0 outinratio 0.0611 

ggH126_2e2mu_costhetaZ1_genbin1_recobin7 acc 0.0537 eff 0.0 outinratio 0.0077 

VBFH126_2e2mu_costhetaZ1_genbin1_recobin7 acc 0.054 eff 0.0 outinratio 0.0076 

WminusH126_2e2mu_costhetaZ1_genbin1_recobin7 acc 0.053 eff 0.0 outinratio 0.019 

WplusH126_2e2mu_costhetaZ1_genbin1_recobin7 acc 0.0433 eff 0.0 outinratio 0.0113 

ZH126_2e2mu_costhetaZ1_genbin1_recobin7 acc 0.0449 eff 0.0 outinratio 0.0674 

ttH126_2e2mu_costhetaZ1_genbin1_recobin7 acc 0.0532 eff 0.0 outinratio 0.0611 

ggH126_2e2mu_costhetaZ1_genbin2_recobin7 acc 0.062 eff 0.0 outinratio 0.0077 

VBFH126_2e2mu_costhetaZ1_genbin2_recobin7 acc 0.068 eff 0.0 outinratio 0.0076 

WminusH126_2e2mu_costhetaZ1_genbin2_recobin7 acc 0.0581 eff 0.0005 outinratio 0.019 

WplusH126_2e2mu_costhetaZ1_genbin2_recobin7 acc 0.0512 eff 0.0 outinratio 0.0113 

ZH126_2e2mu_costhetaZ1_genbin2_recobin7 acc 0.0535 eff 0.0 outinratio 0.0674 

ttH126_2e2mu_costhetaZ1_genbin2_recobin7 acc 0.0676 eff 0.0 outinratio 0.0611 

ggH126_2e2mu_costhetaZ1_genbin3_recobin7 acc 0.0671 eff 0.0003 outinratio 0.0077 

VBFH126_2e2mu_costhetaZ1_genbin3_recobin7 acc 0.0662 eff 0.0 outinratio 0.0076 

WminusH126_2e2mu_costhetaZ1_genbin3_recobin7 acc 0.0578 eff 0.0 outinratio 0.019 

WplusH126_2e2mu_costhetaZ1_genbin3_recobin7 acc 0.0535 eff 0.0 outinratio 0.0113 

ZH126_2e2mu_costhetaZ1_genbin3_recobin7 acc 0.0567 eff 0.0 outinratio 0.0674 

ttH126_2e2mu_costhetaZ1_genbin3_recobin7 acc 0.0693 eff 0.0 outinratio 0.0611 

ggH126_2e2mu_costhetaZ1_genbin4_recobin7 acc 0.064 eff 0.0 outinratio 0.0077 

VBFH126_2e2mu_costhetaZ1_genbin4_recobin7 acc 0.068 eff 0.0 outinratio 0.0076 

WminusH126_2e2mu_costhetaZ1_genbin4_recobin7 acc 0.0594 eff 0.0008 outinratio 0.019 

WplusH126_2e2mu_costhetaZ1_genbin4_recobin7 acc 0.0531 eff 0.0 outinratio 0.0113 

ZH126_2e2mu_costhetaZ1_genbin4_recobin7 acc 0.0557 eff 0.0 outinratio 0.0674 

ttH126_2e2mu_costhetaZ1_genbin4_recobin7 acc 0.0746 eff 0.0004 outinratio 0.0611 

ggH126_2e2mu_costhetaZ1_genbin5_recobin7 acc 0.0605 eff 0.0012 outinratio 0.0077 

VBFH126_2e2mu_costhetaZ1_genbin5_recobin7 acc 0.0639 eff 0.0 outinratio 0.0076 

WminusH126_2e2mu_costhetaZ1_genbin5_recobin7 acc 0.0571 eff 0.0003 outinratio 0.019 

WplusH126_2e2mu_costhetaZ1_genbin5_recobin7 acc 0.0511 eff 0.0005 outinratio 0.0113 

ZH126_2e2mu_costhetaZ1_genbin5_recobin7 acc 0.0547 eff 0.0 outinratio 0.0674 

ttH126_2e2mu_costhetaZ1_genbin5_recobin7 acc 0.0628 eff 0.0 outinratio 0.0611 

ggH126_2e2mu_costhetaZ1_genbin6_recobin7 acc 0.0553 eff 0.0151 outinratio 0.0077 

VBFH126_2e2mu_costhetaZ1_genbin6_recobin7 acc 0.0621 eff 0.008 outinratio 0.0076 

WminusH126_2e2mu_costhetaZ1_genbin6_recobin7 acc 0.0467 eff 0.0166 outinratio 0.019 

WplusH126_2e2mu_costhetaZ1_genbin6_recobin7 acc 0.0446 eff 0.0124 outinratio 0.0113 

ZH126_2e2mu_costhetaZ1_genbin6_recobin7 acc 0.0466 eff 0.0271 outinratio 0.0674 

ttH126_2e2mu_costhetaZ1_genbin6_recobin7 acc 0.0521 eff 0.0174 outinratio 0.0611 

ggH126_2e2mu_costhetaZ1_genbin7_recobin7 acc 0.0408 eff 0.457 outinratio 0.0077 

VBFH126_2e2mu_costhetaZ1_genbin7_recobin7 acc 0.0432 eff 0.4959 outinratio 0.0076 

WminusH126_2e2mu_costhetaZ1_genbin7_recobin7 acc 0.0396 eff 0.4331 outinratio 0.019 

WplusH126_2e2mu_costhetaZ1_genbin7_recobin7 acc 0.0336 eff 0.4208 outinratio 0.0113 

ZH126_2e2mu_costhetaZ1_genbin7_recobin7 acc 0.0378 eff 0.4402 outinratio 0.0674 

ttH126_2e2mu_costhetaZ1_genbin7_recobin7 acc 0.0441 eff 0.328 outinratio 0.0611 

Coeff fullNNLOPS
