Welcome in RunCoefficients!
OPT SPLIT
DEBUG opt.YEAR = 2024_1
It is a single-differential measurement, binning [12.0, 22.0, 26.0, 28.0, 32.0, 34.0, 40.0, 50.0, 65.0]
Z2Mass
Following observables extracted from dictionary: RECO =  Z2Mass  GEN =  GENmassZ2
LUMI: 10.882200000000001
ttH126 0.00046886125
Processing ggH126 2024_1
Signal created
Signal failed created
Processing VBFH126 2024_1
Signal created
Signal failed created
Processing WminusH126 2024_1
Signal created
Signal failed created
Processing WplusH126 2024_1
Signal created
Signal failed created
Processing ZH126 2024_1
Signal created
Signal failed created
Processing ttH126 2024_1
Signal created
Signal failed created
2024_1 SKIMMED df CREATED
2024_1 ggH126
2024_1 VBFH126
2024_1 WminusH126
2024_1 WplusH126
2024_1 ZH126
2024_1 ttH126
Dataframes created successfully
Coeff std
ggH126_4l_massZ2_genbin0_recobin0 acc 0.0966 eff 0.5196 outinratio 0.0625 

VBFH126_4l_massZ2_genbin0_recobin0 acc 0.1123 eff 0.5505 outinratio 0.0421 

WminusH126_4l_massZ2_genbin0_recobin0 acc 0.0937 eff 0.503 outinratio 0.0913 

WplusH126_4l_massZ2_genbin0_recobin0 acc 0.0744 eff 0.5263 outinratio 0.0995 

ZH126_4l_massZ2_genbin0_recobin0 acc 0.0876 eff 0.5454 outinratio 0.0872 

ttH126_4l_massZ2_genbin0_recobin0 acc 0.0803 eff 0.531 outinratio 0.1664 

ggH126_4l_massZ2_genbin1_recobin0 acc 0.0617 eff 0.0426 outinratio 0.0625 

VBFH126_4l_massZ2_genbin1_recobin0 acc 0.072 eff 0.0452 outinratio 0.0421 

WminusH126_4l_massZ2_genbin1_recobin0 acc 0.0584 eff 0.0522 outinratio 0.0913 

WplusH126_4l_massZ2_genbin1_recobin0 acc 0.0492 eff 0.0389 outinratio 0.0995 

ZH126_4l_massZ2_genbin1_recobin0 acc 0.0547 eff 0.0439 outinratio 0.0872 

ttH126_4l_massZ2_genbin1_recobin0 acc 0.0507 eff 0.0407 outinratio 0.1664 

ggH126_4l_massZ2_genbin2_recobin0 acc 0.0373 eff 0.0045 outinratio 0.0625 

VBFH126_4l_massZ2_genbin2_recobin0 acc 0.0414 eff 0.0037 outinratio 0.0421 

WminusH126_4l_massZ2_genbin2_recobin0 acc 0.0313 eff 0.0 outinratio 0.0913 

WplusH126_4l_massZ2_genbin2_recobin0 acc 0.0291 eff 0.0043 outinratio 0.0995 

ZH126_4l_massZ2_genbin2_recobin0 acc 0.0312 eff 0.005 outinratio 0.0872 

ttH126_4l_massZ2_genbin2_recobin0 acc 0.0282 eff 0.006 outinratio 0.1664 

ggH126_4l_massZ2_genbin3_recobin0 acc 0.0798 eff 0.001 outinratio 0.0625 

VBFH126_4l_massZ2_genbin3_recobin0 acc 0.0856 eff 0.001 outinratio 0.0421 

WminusH126_4l_massZ2_genbin3_recobin0 acc 0.0687 eff 0.0 outinratio 0.0913 

WplusH126_4l_massZ2_genbin3_recobin0 acc 0.0622 eff 0.0007 outinratio 0.0995 

ZH126_4l_massZ2_genbin3_recobin0 acc 0.0653 eff 0.0019 outinratio 0.0872 

ttH126_4l_massZ2_genbin3_recobin0 acc 0.0603 eff 0.002 outinratio 0.1664 

ggH126_4l_massZ2_genbin4_recobin0 acc 0.0334 eff 0.0004 outinratio 0.0625 

VBFH126_4l_massZ2_genbin4_recobin0 acc 0.0367 eff 0.0 outinratio 0.0421 

WminusH126_4l_massZ2_genbin4_recobin0 acc 0.0313 eff 0.0 outinratio 0.0913 

WplusH126_4l_massZ2_genbin4_recobin0 acc 0.0253 eff 0.0 outinratio 0.0995 

ZH126_4l_massZ2_genbin4_recobin0 acc 0.0271 eff 0.0 outinratio 0.0872 

ttH126_4l_massZ2_genbin4_recobin0 acc 0.0255 eff 0.0005 outinratio 0.1664 

ggH126_4l_massZ2_genbin5_recobin0 acc 0.0448 eff 0.0004 outinratio 0.0625 

VBFH126_4l_massZ2_genbin5_recobin0 acc 0.0483 eff 0.0005 outinratio 0.0421 

WminusH126_4l_massZ2_genbin5_recobin0 acc 0.0384 eff 0.0 outinratio 0.0913 

WplusH126_4l_massZ2_genbin5_recobin0 acc 0.0331 eff 0.0007 outinratio 0.0995 

ZH126_4l_massZ2_genbin5_recobin0 acc 0.0353 eff 0.0014 outinratio 0.0872 

ttH126_4l_massZ2_genbin5_recobin0 acc 0.0337 eff 0.0011 outinratio 0.1664 

ggH126_4l_massZ2_genbin6_recobin0 acc 0.0355 eff 0.0005 outinratio 0.0625 

VBFH126_4l_massZ2_genbin6_recobin0 acc 0.0375 eff 0.0004 outinratio 0.0421 

WminusH126_4l_massZ2_genbin6_recobin0 acc 0.0281 eff 0.0 outinratio 0.0913 

WplusH126_4l_massZ2_genbin6_recobin0 acc 0.0268 eff 0.0008 outinratio 0.0995 

ZH126_4l_massZ2_genbin6_recobin0 acc 0.029 eff 0.0024 outinratio 0.0872 

ttH126_4l_massZ2_genbin6_recobin0 acc 0.027 eff 0.0011 outinratio 0.1664 

ggH126_4l_massZ2_genbin7_recobin0 acc 0.0179 eff 0.0002 outinratio 0.0625 

VBFH126_4l_massZ2_genbin7_recobin0 acc 0.019 eff 0.0006 outinratio 0.0421 

WminusH126_4l_massZ2_genbin7_recobin0 acc 0.0156 eff 0.0 outinratio 0.0913 

WplusH126_4l_massZ2_genbin7_recobin0 acc 0.0122 eff 0.0 outinratio 0.0995 

ZH126_4l_massZ2_genbin7_recobin0 acc 0.015 eff 0.0 outinratio 0.0872 

ttH126_4l_massZ2_genbin7_recobin0 acc 0.0131 eff 0.0 outinratio 0.1664 

ggH126_4l_massZ2_genbin0_recobin1 acc 0.0966 eff 0.0105 outinratio 0.0594 

VBFH126_4l_massZ2_genbin0_recobin1 acc 0.1123 eff 0.01 outinratio 0.0367 

WminusH126_4l_massZ2_genbin0_recobin1 acc 0.0937 eff 0.0113 outinratio 0.0705 

WplusH126_4l_massZ2_genbin0_recobin1 acc 0.0744 eff 0.0107 outinratio 0.0509 

ZH126_4l_massZ2_genbin0_recobin1 acc 0.0876 eff 0.0082 outinratio 0.0698 

ttH126_4l_massZ2_genbin0_recobin1 acc 0.0803 eff 0.011 outinratio 0.1799 

ggH126_4l_massZ2_genbin1_recobin1 acc 0.0617 eff 0.4811 outinratio 0.0594 

VBFH126_4l_massZ2_genbin1_recobin1 acc 0.072 eff 0.487 outinratio 0.0367 

WminusH126_4l_massZ2_genbin1_recobin1 acc 0.0584 eff 0.5201 outinratio 0.0705 

WplusH126_4l_massZ2_genbin1_recobin1 acc 0.0492 eff 0.4804 outinratio 0.0509 

ZH126_4l_massZ2_genbin1_recobin1 acc 0.0547 eff 0.4851 outinratio 0.0698 

ttH126_4l_massZ2_genbin1_recobin1 acc 0.0507 eff 0.4713 outinratio 0.1799 

ggH126_4l_massZ2_genbin2_recobin1 acc 0.0373 eff 0.0918 outinratio 0.0594 

VBFH126_4l_massZ2_genbin2_recobin1 acc 0.0414 eff 0.0897 outinratio 0.0367 

WminusH126_4l_massZ2_genbin2_recobin1 acc 0.0313 eff 0.0862 outinratio 0.0705 

WplusH126_4l_massZ2_genbin2_recobin1 acc 0.0291 eff 0.091 outinratio 0.0509 

ZH126_4l_massZ2_genbin2_recobin1 acc 0.0312 eff 0.089 outinratio 0.0698 

ttH126_4l_massZ2_genbin2_recobin1 acc 0.0282 eff 0.0854 outinratio 0.1799 

ggH126_4l_massZ2_genbin3_recobin1 acc 0.0798 eff 0.0116 outinratio 0.0594 

VBFH126_4l_massZ2_genbin3_recobin1 acc 0.0856 eff 0.0093 outinratio 0.0367 

WminusH126_4l_massZ2_genbin3_recobin1 acc 0.0687 eff 0.0214 outinratio 0.0705 

WplusH126_4l_massZ2_genbin3_recobin1 acc 0.0622 eff 0.0157 outinratio 0.0509 

ZH126_4l_massZ2_genbin3_recobin1 acc 0.0653 eff 0.012 outinratio 0.0698 

ttH126_4l_massZ2_genbin3_recobin1 acc 0.0603 eff 0.0077 outinratio 0.1799 

ggH126_4l_massZ2_genbin4_recobin1 acc 0.0334 eff 0.0033 outinratio 0.0594 

VBFH126_4l_massZ2_genbin4_recobin1 acc 0.0367 eff 0.002 outinratio 0.0367 

WminusH126_4l_massZ2_genbin4_recobin1 acc 0.0313 eff 0.0 outinratio 0.0705 

WplusH126_4l_massZ2_genbin4_recobin1 acc 0.0253 eff 0.0004 outinratio 0.0509 

ZH126_4l_massZ2_genbin4_recobin1 acc 0.0271 eff 0.0025 outinratio 0.0698 

ttH126_4l_massZ2_genbin4_recobin1 acc 0.0255 eff 0.0022 outinratio 0.1799 

ggH126_4l_massZ2_genbin5_recobin1 acc 0.0448 eff 0.0013 outinratio 0.0594 

VBFH126_4l_massZ2_genbin5_recobin1 acc 0.0483 eff 0.0008 outinratio 0.0367 

WminusH126_4l_massZ2_genbin5_recobin1 acc 0.0384 eff 0.0 outinratio 0.0705 

WplusH126_4l_massZ2_genbin5_recobin1 acc 0.0331 eff 0.0006 outinratio 0.0509 

ZH126_4l_massZ2_genbin5_recobin1 acc 0.0353 eff 0.001 outinratio 0.0698 

ttH126_4l_massZ2_genbin5_recobin1 acc 0.0337 eff 0.0013 outinratio 0.1799 

ggH126_4l_massZ2_genbin6_recobin1 acc 0.0355 eff 0.0004 outinratio 0.0594 

VBFH126_4l_massZ2_genbin6_recobin1 acc 0.0375 eff 0.0003 outinratio 0.0367 

WminusH126_4l_massZ2_genbin6_recobin1 acc 0.0281 eff 0.0 outinratio 0.0705 

WplusH126_4l_massZ2_genbin6_recobin1 acc 0.0268 eff 0.0013 outinratio 0.0509 

ZH126_4l_massZ2_genbin6_recobin1 acc 0.029 eff 0.0 outinratio 0.0698 

ttH126_4l_massZ2_genbin6_recobin1 acc 0.027 eff 0.0023 outinratio 0.1799 

ggH126_4l_massZ2_genbin7_recobin1 acc 0.0179 eff 0.0013 outinratio 0.0594 

VBFH126_4l_massZ2_genbin7_recobin1 acc 0.019 eff 0.0002 outinratio 0.0367 

WminusH126_4l_massZ2_genbin7_recobin1 acc 0.0156 eff 0.0 outinratio 0.0705 

WplusH126_4l_massZ2_genbin7_recobin1 acc 0.0122 eff 0.0 outinratio 0.0509 

ZH126_4l_massZ2_genbin7_recobin1 acc 0.015 eff 0.0 outinratio 0.0698 

ttH126_4l_massZ2_genbin7_recobin1 acc 0.0131 eff 0.0 outinratio 0.1799 

ggH126_4l_massZ2_genbin0_recobin2 acc 0.0966 eff 0.0 outinratio 0.0547 

VBFH126_4l_massZ2_genbin0_recobin2 acc 0.1123 eff 0.0007 outinratio 0.031 

WminusH126_4l_massZ2_genbin0_recobin2 acc 0.0937 eff 0.0 outinratio 0.1073 

WplusH126_4l_massZ2_genbin0_recobin2 acc 0.0744 eff 0.0004 outinratio 0.0562 

ZH126_4l_massZ2_genbin0_recobin2 acc 0.0876 eff 0.0001 outinratio 0.0795 

ttH126_4l_massZ2_genbin0_recobin2 acc 0.0803 eff 0.0 outinratio 0.157 

ggH126_4l_massZ2_genbin1_recobin2 acc 0.0617 eff 0.0187 outinratio 0.0547 

VBFH126_4l_massZ2_genbin1_recobin2 acc 0.072 eff 0.0212 outinratio 0.031 

WminusH126_4l_massZ2_genbin1_recobin2 acc 0.0584 eff 0.0326 outinratio 0.1073 

WplusH126_4l_massZ2_genbin1_recobin2 acc 0.0492 eff 0.0228 outinratio 0.0562 

ZH126_4l_massZ2_genbin1_recobin2 acc 0.0547 eff 0.024 outinratio 0.0795 

ttH126_4l_massZ2_genbin1_recobin2 acc 0.0507 eff 0.0212 outinratio 0.157 

ggH126_4l_massZ2_genbin2_recobin2 acc 0.0373 eff 0.3993 outinratio 0.0547 

VBFH126_4l_massZ2_genbin2_recobin2 acc 0.0414 eff 0.4217 outinratio 0.031 

WminusH126_4l_massZ2_genbin2_recobin2 acc 0.0313 eff 0.3665 outinratio 0.1073 

WplusH126_4l_massZ2_genbin2_recobin2 acc 0.0291 eff 0.394 outinratio 0.0562 

ZH126_4l_massZ2_genbin2_recobin2 acc 0.0312 eff 0.3825 outinratio 0.0795 

ttH126_4l_massZ2_genbin2_recobin2 acc 0.0282 eff 0.4189 outinratio 0.157 

ggH126_4l_massZ2_genbin3_recobin2 acc 0.0798 eff 0.0478 outinratio 0.0547 

VBFH126_4l_massZ2_genbin3_recobin2 acc 0.0856 eff 0.0485 outinratio 0.031 

WminusH126_4l_massZ2_genbin3_recobin2 acc 0.0687 eff 0.0337 outinratio 0.1073 

WplusH126_4l_massZ2_genbin3_recobin2 acc 0.0622 eff 0.0439 outinratio 0.0562 

ZH126_4l_massZ2_genbin3_recobin2 acc 0.0653 eff 0.0458 outinratio 0.0795 

ttH126_4l_massZ2_genbin3_recobin2 acc 0.0603 eff 0.0441 outinratio 0.157 

ggH126_4l_massZ2_genbin4_recobin2 acc 0.0334 eff 0.0041 outinratio 0.0547 

VBFH126_4l_massZ2_genbin4_recobin2 acc 0.0367 eff 0.0029 outinratio 0.031 

WminusH126_4l_massZ2_genbin4_recobin2 acc 0.0313 eff 0.022 outinratio 0.1073 

WplusH126_4l_massZ2_genbin4_recobin2 acc 0.0253 eff 0.0021 outinratio 0.0562 

ZH126_4l_massZ2_genbin4_recobin2 acc 0.0271 eff 0.005 outinratio 0.0795 

ttH126_4l_massZ2_genbin4_recobin2 acc 0.0255 eff 0.0058 outinratio 0.157 

ggH126_4l_massZ2_genbin5_recobin2 acc 0.0448 eff 0.0016 outinratio 0.0547 

VBFH126_4l_massZ2_genbin5_recobin2 acc 0.0483 eff 0.0014 outinratio 0.031 

WminusH126_4l_massZ2_genbin5_recobin2 acc 0.0384 eff 0.0 outinratio 0.1073 

WplusH126_4l_massZ2_genbin5_recobin2 acc 0.0331 eff 0.0015 outinratio 0.0562 

ZH126_4l_massZ2_genbin5_recobin2 acc 0.0353 eff 0.0025 outinratio 0.0795 

ttH126_4l_massZ2_genbin5_recobin2 acc 0.0337 eff 0.0024 outinratio 0.157 

ggH126_4l_massZ2_genbin6_recobin2 acc 0.0355 eff 0.0001 outinratio 0.0547 

VBFH126_4l_massZ2_genbin6_recobin2 acc 0.0375 eff 0.0002 outinratio 0.031 

WminusH126_4l_massZ2_genbin6_recobin2 acc 0.0281 eff 0.0 outinratio 0.1073 

WplusH126_4l_massZ2_genbin6_recobin2 acc 0.0268 eff 0.0 outinratio 0.0562 

ZH126_4l_massZ2_genbin6_recobin2 acc 0.029 eff 0.0003 outinratio 0.0795 

ttH126_4l_massZ2_genbin6_recobin2 acc 0.027 eff 0.001 outinratio 0.157 

ggH126_4l_massZ2_genbin7_recobin2 acc 0.0179 eff 0.0 outinratio 0.0547 

VBFH126_4l_massZ2_genbin7_recobin2 acc 0.019 eff 0.0005 outinratio 0.031 

WminusH126_4l_massZ2_genbin7_recobin2 acc 0.0156 eff 0.0 outinratio 0.1073 

WplusH126_4l_massZ2_genbin7_recobin2 acc 0.0122 eff 0.0017 outinratio 0.0562 

ZH126_4l_massZ2_genbin7_recobin2 acc 0.015 eff 0.0024 outinratio 0.0795 

ttH126_4l_massZ2_genbin7_recobin2 acc 0.0131 eff 0.0024 outinratio 0.157 

ggH126_4l_massZ2_genbin0_recobin3 acc 0.0966 eff 0.0004 outinratio 0.0452 

VBFH126_4l_massZ2_genbin0_recobin3 acc 0.1123 eff 0.0005 outinratio 0.0348 

WminusH126_4l_massZ2_genbin0_recobin3 acc 0.0937 eff 0.0 outinratio 0.0469 

WplusH126_4l_massZ2_genbin0_recobin3 acc 0.0744 eff 0.0015 outinratio 0.0543 

ZH126_4l_massZ2_genbin0_recobin3 acc 0.0876 eff 0.0 outinratio 0.089 

ttH126_4l_massZ2_genbin0_recobin3 acc 0.0803 eff 0.0013 outinratio 0.1494 

ggH126_4l_massZ2_genbin1_recobin3 acc 0.0617 eff 0.0019 outinratio 0.0452 

VBFH126_4l_massZ2_genbin1_recobin3 acc 0.072 eff 0.002 outinratio 0.0348 

WminusH126_4l_massZ2_genbin1_recobin3 acc 0.0584 eff 0.0 outinratio 0.0469 

WplusH126_4l_massZ2_genbin1_recobin3 acc 0.0492 eff 0.001 outinratio 0.0543 

ZH126_4l_massZ2_genbin1_recobin3 acc 0.0547 eff 0.0008 outinratio 0.089 

ttH126_4l_massZ2_genbin1_recobin3 acc 0.0507 eff 0.0005 outinratio 0.1494 

ggH126_4l_massZ2_genbin2_recobin3 acc 0.0373 eff 0.0407 outinratio 0.0452 

VBFH126_4l_massZ2_genbin2_recobin3 acc 0.0414 eff 0.0423 outinratio 0.0348 

WminusH126_4l_massZ2_genbin2_recobin3 acc 0.0313 eff 0.0494 outinratio 0.0469 

WplusH126_4l_massZ2_genbin2_recobin3 acc 0.0291 eff 0.0513 outinratio 0.0543 

ZH126_4l_massZ2_genbin2_recobin3 acc 0.0312 eff 0.0454 outinratio 0.089 

ttH126_4l_massZ2_genbin2_recobin3 acc 0.0282 eff 0.0371 outinratio 0.1494 

ggH126_4l_massZ2_genbin3_recobin3 acc 0.0798 eff 0.46 outinratio 0.0452 

VBFH126_4l_massZ2_genbin3_recobin3 acc 0.0856 eff 0.4772 outinratio 0.0348 

WminusH126_4l_massZ2_genbin3_recobin3 acc 0.0687 eff 0.4638 outinratio 0.0469 

WplusH126_4l_massZ2_genbin3_recobin3 acc 0.0622 eff 0.4447 outinratio 0.0543 

ZH126_4l_massZ2_genbin3_recobin3 acc 0.0653 eff 0.4702 outinratio 0.089 

ttH126_4l_massZ2_genbin3_recobin3 acc 0.0603 eff 0.4586 outinratio 0.1494 

ggH126_4l_massZ2_genbin4_recobin3 acc 0.0334 eff 0.1131 outinratio 0.0452 

VBFH126_4l_massZ2_genbin4_recobin3 acc 0.0367 eff 0.107 outinratio 0.0348 

WminusH126_4l_massZ2_genbin4_recobin3 acc 0.0313 eff 0.1209 outinratio 0.0469 

WplusH126_4l_massZ2_genbin4_recobin3 acc 0.0253 eff 0.1018 outinratio 0.0543 

ZH126_4l_massZ2_genbin4_recobin3 acc 0.0271 eff 0.1125 outinratio 0.089 

ttH126_4l_massZ2_genbin4_recobin3 acc 0.0255 eff 0.1062 outinratio 0.1494 

ggH126_4l_massZ2_genbin5_recobin3 acc 0.0448 eff 0.0158 outinratio 0.0452 

VBFH126_4l_massZ2_genbin5_recobin3 acc 0.0483 eff 0.0176 outinratio 0.0348 

WminusH126_4l_massZ2_genbin5_recobin3 acc 0.0384 eff 0.0149 outinratio 0.0469 

WplusH126_4l_massZ2_genbin5_recobin3 acc 0.0331 eff 0.017 outinratio 0.0543 

ZH126_4l_massZ2_genbin5_recobin3 acc 0.0353 eff 0.0092 outinratio 0.089 

ttH126_4l_massZ2_genbin5_recobin3 acc 0.0337 eff 0.0097 outinratio 0.1494 

ggH126_4l_massZ2_genbin6_recobin3 acc 0.0355 eff 0.0018 outinratio 0.0452 

VBFH126_4l_massZ2_genbin6_recobin3 acc 0.0375 eff 0.0022 outinratio 0.0348 

WminusH126_4l_massZ2_genbin6_recobin3 acc 0.0281 eff 0.0 outinratio 0.0469 

WplusH126_4l_massZ2_genbin6_recobin3 acc 0.0268 eff 0.0011 outinratio 0.0543 

ZH126_4l_massZ2_genbin6_recobin3 acc 0.029 eff 0.0018 outinratio 0.089 

ttH126_4l_massZ2_genbin6_recobin3 acc 0.027 eff 0.0005 outinratio 0.1494 

ggH126_4l_massZ2_genbin7_recobin3 acc 0.0179 eff 0.0002 outinratio 0.0452 

VBFH126_4l_massZ2_genbin7_recobin3 acc 0.019 eff 0.0002 outinratio 0.0348 

WminusH126_4l_massZ2_genbin7_recobin3 acc 0.0156 eff 0.0 outinratio 0.0469 

WplusH126_4l_massZ2_genbin7_recobin3 acc 0.0122 eff 0.0024 outinratio 0.0543 

ZH126_4l_massZ2_genbin7_recobin3 acc 0.015 eff 0.003 outinratio 0.089 

ttH126_4l_massZ2_genbin7_recobin3 acc 0.0131 eff 0.0 outinratio 0.1494 

ggH126_4l_massZ2_genbin0_recobin4 acc 0.0966 eff 0.0001 outinratio 0.0464 

VBFH126_4l_massZ2_genbin0_recobin4 acc 0.1123 eff 0.0001 outinratio 0.038 

WminusH126_4l_massZ2_genbin0_recobin4 acc 0.0937 eff 0.0 outinratio 0.0331 

WplusH126_4l_massZ2_genbin0_recobin4 acc 0.0744 eff 0.0 outinratio 0.1076 

ZH126_4l_massZ2_genbin0_recobin4 acc 0.0876 eff 0.0002 outinratio 0.101 

ttH126_4l_massZ2_genbin0_recobin4 acc 0.0803 eff 0.0006 outinratio 0.1393 

ggH126_4l_massZ2_genbin1_recobin4 acc 0.0617 eff 0.0002 outinratio 0.0464 

VBFH126_4l_massZ2_genbin1_recobin4 acc 0.072 eff 0.0004 outinratio 0.038 

WminusH126_4l_massZ2_genbin1_recobin4 acc 0.0584 eff 0.0 outinratio 0.0331 

WplusH126_4l_massZ2_genbin1_recobin4 acc 0.0492 eff 0.0001 outinratio 0.1076 

ZH126_4l_massZ2_genbin1_recobin4 acc 0.0547 eff 0.0006 outinratio 0.101 

ttH126_4l_massZ2_genbin1_recobin4 acc 0.0507 eff 0.0002 outinratio 0.1393 

ggH126_4l_massZ2_genbin2_recobin4 acc 0.0373 eff 0.0002 outinratio 0.0464 

VBFH126_4l_massZ2_genbin2_recobin4 acc 0.0414 eff 0.0006 outinratio 0.038 

WminusH126_4l_massZ2_genbin2_recobin4 acc 0.0313 eff 0.0 outinratio 0.0331 

WplusH126_4l_massZ2_genbin2_recobin4 acc 0.0291 eff 0.0 outinratio 0.1076 

ZH126_4l_massZ2_genbin2_recobin4 acc 0.0312 eff 0.0004 outinratio 0.101 

ttH126_4l_massZ2_genbin2_recobin4 acc 0.0282 eff 0.0011 outinratio 0.1393 

ggH126_4l_massZ2_genbin3_recobin4 acc 0.0798 eff 0.0266 outinratio 0.0464 

VBFH126_4l_massZ2_genbin3_recobin4 acc 0.0856 eff 0.0261 outinratio 0.038 

WminusH126_4l_massZ2_genbin3_recobin4 acc 0.0687 eff 0.0209 outinratio 0.0331 

WplusH126_4l_massZ2_genbin3_recobin4 acc 0.0622 eff 0.0224 outinratio 0.1076 

ZH126_4l_massZ2_genbin3_recobin4 acc 0.0653 eff 0.0251 outinratio 0.101 

ttH126_4l_massZ2_genbin3_recobin4 acc 0.0603 eff 0.0227 outinratio 0.1393 

ggH126_4l_massZ2_genbin4_recobin4 acc 0.0334 eff 0.3989 outinratio 0.0464 

VBFH126_4l_massZ2_genbin4_recobin4 acc 0.0367 eff 0.3988 outinratio 0.038 

WminusH126_4l_massZ2_genbin4_recobin4 acc 0.0313 eff 0.3708 outinratio 0.0331 

WplusH126_4l_massZ2_genbin4_recobin4 acc 0.0253 eff 0.3851 outinratio 0.1076 

ZH126_4l_massZ2_genbin4_recobin4 acc 0.0271 eff 0.3923 outinratio 0.101 

ttH126_4l_massZ2_genbin4_recobin4 acc 0.0255 eff 0.3932 outinratio 0.1393 

ggH126_4l_massZ2_genbin5_recobin4 acc 0.0448 eff 0.0591 outinratio 0.0464 

VBFH126_4l_massZ2_genbin5_recobin4 acc 0.0483 eff 0.0576 outinratio 0.038 

WminusH126_4l_massZ2_genbin5_recobin4 acc 0.0384 eff 0.0612 outinratio 0.0331 

WplusH126_4l_massZ2_genbin5_recobin4 acc 0.0331 eff 0.0498 outinratio 0.1076 

ZH126_4l_massZ2_genbin5_recobin4 acc 0.0353 eff 0.0545 outinratio 0.101 

ttH126_4l_massZ2_genbin5_recobin4 acc 0.0337 eff 0.0636 outinratio 0.1393 

ggH126_4l_massZ2_genbin6_recobin4 acc 0.0355 eff 0.0014 outinratio 0.0464 

VBFH126_4l_massZ2_genbin6_recobin4 acc 0.0375 eff 0.0009 outinratio 0.038 

WminusH126_4l_massZ2_genbin6_recobin4 acc 0.0281 eff 0.0026 outinratio 0.0331 

WplusH126_4l_massZ2_genbin6_recobin4 acc 0.0268 eff 0.0022 outinratio 0.1076 

ZH126_4l_massZ2_genbin6_recobin4 acc 0.029 eff 0.0004 outinratio 0.101 

ttH126_4l_massZ2_genbin6_recobin4 acc 0.027 eff 0.0006 outinratio 0.1393 

ggH126_4l_massZ2_genbin7_recobin4 acc 0.0179 eff 0.0002 outinratio 0.0464 

VBFH126_4l_massZ2_genbin7_recobin4 acc 0.019 eff 0.0007 outinratio 0.038 

WminusH126_4l_massZ2_genbin7_recobin4 acc 0.0156 eff 0.0 outinratio 0.0331 

WplusH126_4l_massZ2_genbin7_recobin4 acc 0.0122 eff 0.0041 outinratio 0.1076 

ZH126_4l_massZ2_genbin7_recobin4 acc 0.015 eff 0.0014 outinratio 0.101 

ttH126_4l_massZ2_genbin7_recobin4 acc 0.0131 eff 0.0 outinratio 0.1393 

ggH126_4l_massZ2_genbin0_recobin5 acc 0.0966 eff 0.0002 outinratio 0.044 

VBFH126_4l_massZ2_genbin0_recobin5 acc 0.1123 eff 0.0002 outinratio 0.03 

WminusH126_4l_massZ2_genbin0_recobin5 acc 0.0937 eff 0.0 outinratio 0.0562 

WplusH126_4l_massZ2_genbin0_recobin5 acc 0.0744 eff 0.0 outinratio 0.0729 

ZH126_4l_massZ2_genbin0_recobin5 acc 0.0876 eff 0.0001 outinratio 0.0739 

ttH126_4l_massZ2_genbin0_recobin5 acc 0.0803 eff 0.0002 outinratio 0.1635 

ggH126_4l_massZ2_genbin1_recobin5 acc 0.0617 eff 0.0002 outinratio 0.044 

VBFH126_4l_massZ2_genbin1_recobin5 acc 0.072 eff 0.0004 outinratio 0.03 

WminusH126_4l_massZ2_genbin1_recobin5 acc 0.0584 eff 0.0 outinratio 0.0562 

WplusH126_4l_massZ2_genbin1_recobin5 acc 0.0492 eff 0.0006 outinratio 0.0729 

ZH126_4l_massZ2_genbin1_recobin5 acc 0.0547 eff 0.0017 outinratio 0.0739 

ttH126_4l_massZ2_genbin1_recobin5 acc 0.0507 eff 0.0002 outinratio 0.1635 

ggH126_4l_massZ2_genbin2_recobin5 acc 0.0373 eff 0.0001 outinratio 0.044 

VBFH126_4l_massZ2_genbin2_recobin5 acc 0.0414 eff 0.0007 outinratio 0.03 

WminusH126_4l_massZ2_genbin2_recobin5 acc 0.0313 eff 0.0 outinratio 0.0562 

WplusH126_4l_massZ2_genbin2_recobin5 acc 0.0291 eff 0.0002 outinratio 0.0729 

ZH126_4l_massZ2_genbin2_recobin5 acc 0.0312 eff 0.0 outinratio 0.0739 

ttH126_4l_massZ2_genbin2_recobin5 acc 0.0282 eff 0.0006 outinratio 0.1635 

ggH126_4l_massZ2_genbin3_recobin5 acc 0.0798 eff 0.0021 outinratio 0.044 

VBFH126_4l_massZ2_genbin3_recobin5 acc 0.0856 eff 0.0027 outinratio 0.03 

WminusH126_4l_massZ2_genbin3_recobin5 acc 0.0687 eff 0.0097 outinratio 0.0562 

WplusH126_4l_massZ2_genbin3_recobin5 acc 0.0622 eff 0.0033 outinratio 0.0729 

ZH126_4l_massZ2_genbin3_recobin5 acc 0.0653 eff 0.0035 outinratio 0.0739 

ttH126_4l_massZ2_genbin3_recobin5 acc 0.0603 eff 0.0025 outinratio 0.1635 

ggH126_4l_massZ2_genbin4_recobin5 acc 0.0334 eff 0.048 outinratio 0.044 

VBFH126_4l_massZ2_genbin4_recobin5 acc 0.0367 eff 0.0492 outinratio 0.03 

WminusH126_4l_massZ2_genbin4_recobin5 acc 0.0313 eff 0.0325 outinratio 0.0562 

WplusH126_4l_massZ2_genbin4_recobin5 acc 0.0253 eff 0.0464 outinratio 0.0729 

ZH126_4l_massZ2_genbin4_recobin5 acc 0.0271 eff 0.0627 outinratio 0.0739 

ttH126_4l_massZ2_genbin4_recobin5 acc 0.0255 eff 0.0448 outinratio 0.1635 

ggH126_4l_massZ2_genbin5_recobin5 acc 0.0448 eff 0.4691 outinratio 0.044 

VBFH126_4l_massZ2_genbin5_recobin5 acc 0.0483 eff 0.4929 outinratio 0.03 

WminusH126_4l_massZ2_genbin5_recobin5 acc 0.0384 eff 0.4858 outinratio 0.0562 

WplusH126_4l_massZ2_genbin5_recobin5 acc 0.0331 eff 0.4638 outinratio 0.0729 

ZH126_4l_massZ2_genbin5_recobin5 acc 0.0353 eff 0.4811 outinratio 0.0739 

ttH126_4l_massZ2_genbin5_recobin5 acc 0.0337 eff 0.4891 outinratio 0.1635 

ggH126_4l_massZ2_genbin6_recobin5 acc 0.0355 eff 0.0474 outinratio 0.044 

VBFH126_4l_massZ2_genbin6_recobin5 acc 0.0375 eff 0.0421 outinratio 0.03 

WminusH126_4l_massZ2_genbin6_recobin5 acc 0.0281 eff 0.041 outinratio 0.0562 

WplusH126_4l_massZ2_genbin6_recobin5 acc 0.0268 eff 0.05 outinratio 0.0729 

ZH126_4l_massZ2_genbin6_recobin5 acc 0.029 eff 0.0535 outinratio 0.0739 

ttH126_4l_massZ2_genbin6_recobin5 acc 0.027 eff 0.0422 outinratio 0.1635 

ggH126_4l_massZ2_genbin7_recobin5 acc 0.0179 eff 0.0031 outinratio 0.044 

VBFH126_4l_massZ2_genbin7_recobin5 acc 0.019 eff 0.0017 outinratio 0.03 

WminusH126_4l_massZ2_genbin7_recobin5 acc 0.0156 eff 0.0 outinratio 0.0562 

WplusH126_4l_massZ2_genbin7_recobin5 acc 0.0122 eff 0.0 outinratio 0.0729 

ZH126_4l_massZ2_genbin7_recobin5 acc 0.015 eff 0.0007 outinratio 0.0739 

ttH126_4l_massZ2_genbin7_recobin5 acc 0.0131 eff 0.0032 outinratio 0.1635 

ggH126_4l_massZ2_genbin0_recobin6 acc 0.0966 eff 0.0004 outinratio 0.0426 

VBFH126_4l_massZ2_genbin0_recobin6 acc 0.1123 eff 0.0003 outinratio 0.025 

WminusH126_4l_massZ2_genbin0_recobin6 acc 0.0937 eff 0.0 outinratio 0.0403 

WplusH126_4l_massZ2_genbin0_recobin6 acc 0.0744 eff 0.0 outinratio 0.064 

ZH126_4l_massZ2_genbin0_recobin6 acc 0.0876 eff 0.0002 outinratio 0.0811 

ttH126_4l_massZ2_genbin0_recobin6 acc 0.0803 eff 0.0 outinratio 0.1667 

ggH126_4l_massZ2_genbin1_recobin6 acc 0.0617 eff 0.0002 outinratio 0.0426 

VBFH126_4l_massZ2_genbin1_recobin6 acc 0.072 eff 0.0002 outinratio 0.025 

WminusH126_4l_massZ2_genbin1_recobin6 acc 0.0584 eff 0.0 outinratio 0.0403 

WplusH126_4l_massZ2_genbin1_recobin6 acc 0.0492 eff 0.0 outinratio 0.064 

ZH126_4l_massZ2_genbin1_recobin6 acc 0.0547 eff 0.0004 outinratio 0.0811 

ttH126_4l_massZ2_genbin1_recobin6 acc 0.0507 eff 0.0001 outinratio 0.1667 

ggH126_4l_massZ2_genbin2_recobin6 acc 0.0373 eff 0.0007 outinratio 0.0426 

VBFH126_4l_massZ2_genbin2_recobin6 acc 0.0414 eff 0.0004 outinratio 0.025 

WminusH126_4l_massZ2_genbin2_recobin6 acc 0.0313 eff 0.0 outinratio 0.0403 

WplusH126_4l_massZ2_genbin2_recobin6 acc 0.0291 eff 0.0 outinratio 0.064 

ZH126_4l_massZ2_genbin2_recobin6 acc 0.0312 eff 0.0 outinratio 0.0811 

ttH126_4l_massZ2_genbin2_recobin6 acc 0.0282 eff 0.0005 outinratio 0.1667 

ggH126_4l_massZ2_genbin3_recobin6 acc 0.0798 eff 0.0007 outinratio 0.0426 

VBFH126_4l_massZ2_genbin3_recobin6 acc 0.0856 eff 0.0007 outinratio 0.025 

WminusH126_4l_massZ2_genbin3_recobin6 acc 0.0687 eff 0.0 outinratio 0.0403 

WplusH126_4l_massZ2_genbin3_recobin6 acc 0.0622 eff 0.0012 outinratio 0.064 

ZH126_4l_massZ2_genbin3_recobin6 acc 0.0653 eff 0.0014 outinratio 0.0811 

ttH126_4l_massZ2_genbin3_recobin6 acc 0.0603 eff 0.0004 outinratio 0.1667 

ggH126_4l_massZ2_genbin4_recobin6 acc 0.0334 eff 0.0015 outinratio 0.0426 

VBFH126_4l_massZ2_genbin4_recobin6 acc 0.0367 eff 0.0007 outinratio 0.025 

WminusH126_4l_massZ2_genbin4_recobin6 acc 0.0313 eff 0.0 outinratio 0.0403 

WplusH126_4l_massZ2_genbin4_recobin6 acc 0.0253 eff 0.0006 outinratio 0.064 

ZH126_4l_massZ2_genbin4_recobin6 acc 0.0271 eff 0.0 outinratio 0.0811 

ttH126_4l_massZ2_genbin4_recobin6 acc 0.0255 eff 0.0018 outinratio 0.1667 

ggH126_4l_massZ2_genbin5_recobin6 acc 0.0448 eff 0.0186 outinratio 0.0426 

VBFH126_4l_massZ2_genbin5_recobin6 acc 0.0483 eff 0.0165 outinratio 0.025 

WminusH126_4l_massZ2_genbin5_recobin6 acc 0.0384 eff 0.0127 outinratio 0.0403 

WplusH126_4l_massZ2_genbin5_recobin6 acc 0.0331 eff 0.023 outinratio 0.064 

ZH126_4l_massZ2_genbin5_recobin6 acc 0.0353 eff 0.0156 outinratio 0.0811 

ttH126_4l_massZ2_genbin5_recobin6 acc 0.0337 eff 0.014 outinratio 0.1667 

ggH126_4l_massZ2_genbin6_recobin6 acc 0.0355 eff 0.5189 outinratio 0.0426 

VBFH126_4l_massZ2_genbin6_recobin6 acc 0.0375 eff 0.5397 outinratio 0.025 

WminusH126_4l_massZ2_genbin6_recobin6 acc 0.0281 eff 0.5542 outinratio 0.0403 

WplusH126_4l_massZ2_genbin6_recobin6 acc 0.0268 eff 0.4873 outinratio 0.064 

ZH126_4l_massZ2_genbin6_recobin6 acc 0.029 eff 0.4764 outinratio 0.0811 

ttH126_4l_massZ2_genbin6_recobin6 acc 0.027 eff 0.5405 outinratio 0.1667 

ggH126_4l_massZ2_genbin7_recobin6 acc 0.0179 eff 0.0583 outinratio 0.0426 

VBFH126_4l_massZ2_genbin7_recobin6 acc 0.019 eff 0.0645 outinratio 0.025 

WminusH126_4l_massZ2_genbin7_recobin6 acc 0.0156 eff 0.0788 outinratio 0.0403 

WplusH126_4l_massZ2_genbin7_recobin6 acc 0.0122 eff 0.0497 outinratio 0.064 

ZH126_4l_massZ2_genbin7_recobin6 acc 0.015 eff 0.0589 outinratio 0.0811 

ttH126_4l_massZ2_genbin7_recobin6 acc 0.0131 eff 0.0495 outinratio 0.1667 

ggH126_4l_massZ2_genbin0_recobin7 acc 0.0966 eff 0.0 outinratio 0.0332 

VBFH126_4l_massZ2_genbin0_recobin7 acc 0.1123 eff 0.0002 outinratio 0.024 

WminusH126_4l_massZ2_genbin0_recobin7 acc 0.0937 eff 0.0 outinratio 0.1518 

WplusH126_4l_massZ2_genbin0_recobin7 acc 0.0744 eff 0.0 outinratio 0.0263 

ZH126_4l_massZ2_genbin0_recobin7 acc 0.0876 eff 0.0003 outinratio 0.0894 

ttH126_4l_massZ2_genbin0_recobin7 acc 0.0803 eff 0.0002 outinratio 0.1483 

ggH126_4l_massZ2_genbin1_recobin7 acc 0.0617 eff 0.0001 outinratio 0.0332 

VBFH126_4l_massZ2_genbin1_recobin7 acc 0.072 eff 0.0 outinratio 0.024 

WminusH126_4l_massZ2_genbin1_recobin7 acc 0.0584 eff 0.0 outinratio 0.1518 

WplusH126_4l_massZ2_genbin1_recobin7 acc 0.0492 eff 0.0 outinratio 0.0263 

ZH126_4l_massZ2_genbin1_recobin7 acc 0.0547 eff 0.0005 outinratio 0.0894 

ttH126_4l_massZ2_genbin1_recobin7 acc 0.0507 eff 0.0 outinratio 0.1483 

ggH126_4l_massZ2_genbin2_recobin7 acc 0.0373 eff 0.0 outinratio 0.0332 

VBFH126_4l_massZ2_genbin2_recobin7 acc 0.0414 eff 0.0 outinratio 0.024 

WminusH126_4l_massZ2_genbin2_recobin7 acc 0.0313 eff 0.0 outinratio 0.1518 

WplusH126_4l_massZ2_genbin2_recobin7 acc 0.0291 eff 0.0 outinratio 0.0263 

ZH126_4l_massZ2_genbin2_recobin7 acc 0.0312 eff 0.0 outinratio 0.0894 

ttH126_4l_massZ2_genbin2_recobin7 acc 0.0282 eff 0.0 outinratio 0.1483 

ggH126_4l_massZ2_genbin3_recobin7 acc 0.0798 eff 0.0 outinratio 0.0332 

VBFH126_4l_massZ2_genbin3_recobin7 acc 0.0856 eff 0.0001 outinratio 0.024 

WminusH126_4l_massZ2_genbin3_recobin7 acc 0.0687 eff 0.0 outinratio 0.1518 

WplusH126_4l_massZ2_genbin3_recobin7 acc 0.0622 eff 0.0008 outinratio 0.0263 

ZH126_4l_massZ2_genbin3_recobin7 acc 0.0653 eff 0.0 outinratio 0.0894 

ttH126_4l_massZ2_genbin3_recobin7 acc 0.0603 eff 0.0 outinratio 0.1483 

ggH126_4l_massZ2_genbin4_recobin7 acc 0.0334 eff 0.0001 outinratio 0.0332 

VBFH126_4l_massZ2_genbin4_recobin7 acc 0.0367 eff 0.0001 outinratio 0.024 

WminusH126_4l_massZ2_genbin4_recobin7 acc 0.0313 eff 0.0 outinratio 0.1518 

WplusH126_4l_massZ2_genbin4_recobin7 acc 0.0253 eff 0.0 outinratio 0.0263 

ZH126_4l_massZ2_genbin4_recobin7 acc 0.0271 eff 0.0 outinratio 0.0894 

ttH126_4l_massZ2_genbin4_recobin7 acc 0.0255 eff 0.0 outinratio 0.1483 

ggH126_4l_massZ2_genbin5_recobin7 acc 0.0448 eff 0.0006 outinratio 0.0332 

VBFH126_4l_massZ2_genbin5_recobin7 acc 0.0483 eff 0.001 outinratio 0.024 

WminusH126_4l_massZ2_genbin5_recobin7 acc 0.0384 eff 0.0 outinratio 0.1518 

WplusH126_4l_massZ2_genbin5_recobin7 acc 0.0331 eff 0.0005 outinratio 0.0263 

ZH126_4l_massZ2_genbin5_recobin7 acc 0.0353 eff 0.0004 outinratio 0.0894 

ttH126_4l_massZ2_genbin5_recobin7 acc 0.0337 eff 0.0006 outinratio 0.1483 

ggH126_4l_massZ2_genbin6_recobin7 acc 0.0355 eff 0.0147 outinratio 0.0332 

VBFH126_4l_massZ2_genbin6_recobin7 acc 0.0375 eff 0.019 outinratio 0.024 

WminusH126_4l_massZ2_genbin6_recobin7 acc 0.0281 eff 0.0107 outinratio 0.1518 

WplusH126_4l_massZ2_genbin6_recobin7 acc 0.0268 eff 0.0148 outinratio 0.0263 

ZH126_4l_massZ2_genbin6_recobin7 acc 0.029 eff 0.013 outinratio 0.0894 

ttH126_4l_massZ2_genbin6_recobin7 acc 0.027 eff 0.0168 outinratio 0.1483 

ggH126_4l_massZ2_genbin7_recobin7 acc 0.0179 eff 0.5128 outinratio 0.0332 

VBFH126_4l_massZ2_genbin7_recobin7 acc 0.019 eff 0.5393 outinratio 0.024 

WminusH126_4l_massZ2_genbin7_recobin7 acc 0.0156 eff 0.4565 outinratio 0.1518 

WplusH126_4l_massZ2_genbin7_recobin7 acc 0.0122 eff 0.4766 outinratio 0.0263 

ZH126_4l_massZ2_genbin7_recobin7 acc 0.015 eff 0.4934 outinratio 0.0894 

ttH126_4l_massZ2_genbin7_recobin7 acc 0.0131 eff 0.54 outinratio 0.1483 

ggH126_4e_massZ2_genbin0_recobin0 acc 0.0837 eff 0.2808 outinratio 0.0702 

VBFH126_4e_massZ2_genbin0_recobin0 acc 0.1023 eff 0.3314 outinratio 0.0399 

WminusH126_4e_massZ2_genbin0_recobin0 acc 0.0898 eff 0.3038 outinratio 0.0949 

WplusH126_4e_massZ2_genbin0_recobin0 acc 0.0666 eff 0.3448 outinratio 0.0845 

ZH126_4e_massZ2_genbin0_recobin0 acc 0.0799 eff 0.3428 outinratio 0.0632 

ttH126_4e_massZ2_genbin0_recobin0 acc 0.0728 eff 0.3288 outinratio 0.2146 

ggH126_4e_massZ2_genbin1_recobin0 acc 0.0553 eff 0.0496 outinratio 0.0702 

VBFH126_4e_massZ2_genbin1_recobin0 acc 0.0658 eff 0.0516 outinratio 0.0399 

WminusH126_4e_massZ2_genbin1_recobin0 acc 0.0534 eff 0.0768 outinratio 0.0949 

WplusH126_4e_massZ2_genbin1_recobin0 acc 0.0485 eff 0.0541 outinratio 0.0845 

ZH126_4e_massZ2_genbin1_recobin0 acc 0.049 eff 0.0659 outinratio 0.0632 

ttH126_4e_massZ2_genbin1_recobin0 acc 0.0481 eff 0.0496 outinratio 0.2146 

ggH126_4e_massZ2_genbin2_recobin0 acc 0.0362 eff 0.005 outinratio 0.0702 

VBFH126_4e_massZ2_genbin2_recobin0 acc 0.0386 eff 0.006 outinratio 0.0399 

WminusH126_4e_massZ2_genbin2_recobin0 acc 0.0252 eff 0.0 outinratio 0.0949 

WplusH126_4e_massZ2_genbin2_recobin0 acc 0.0261 eff 0.002 outinratio 0.0845 

ZH126_4e_massZ2_genbin2_recobin0 acc 0.031 eff 0.01 outinratio 0.0632 

ttH126_4e_massZ2_genbin2_recobin0 acc 0.0261 eff 0.0059 outinratio 0.2146 

ggH126_4e_massZ2_genbin3_recobin0 acc 0.0766 eff 0.001 outinratio 0.0702 

VBFH126_4e_massZ2_genbin3_recobin0 acc 0.0804 eff 0.0017 outinratio 0.0399 

WminusH126_4e_massZ2_genbin3_recobin0 acc 0.0653 eff 0.0 outinratio 0.0949 

WplusH126_4e_massZ2_genbin3_recobin0 acc 0.0581 eff 0.0007 outinratio 0.0845 

ZH126_4e_massZ2_genbin3_recobin0 acc 0.0582 eff 0.0039 outinratio 0.0632 

ttH126_4e_massZ2_genbin3_recobin0 acc 0.0564 eff 0.0029 outinratio 0.2146 

ggH126_4e_massZ2_genbin4_recobin0 acc 0.0318 eff 0.0002 outinratio 0.0702 

VBFH126_4e_massZ2_genbin4_recobin0 acc 0.0357 eff 0.0 outinratio 0.0399 

WminusH126_4e_massZ2_genbin4_recobin0 acc 0.0349 eff 0.0 outinratio 0.0949 

WplusH126_4e_massZ2_genbin4_recobin0 acc 0.0221 eff 0.0 outinratio 0.0845 

ZH126_4e_massZ2_genbin4_recobin0 acc 0.0257 eff 0.0 outinratio 0.0632 

ttH126_4e_massZ2_genbin4_recobin0 acc 0.026 eff 0.0 outinratio 0.2146 

ggH126_4e_massZ2_genbin5_recobin0 acc 0.0482 eff 0.0001 outinratio 0.0702 

VBFH126_4e_massZ2_genbin5_recobin0 acc 0.049 eff 0.0011 outinratio 0.0399 

WminusH126_4e_massZ2_genbin5_recobin0 acc 0.0423 eff 0.0 outinratio 0.0949 

WplusH126_4e_massZ2_genbin5_recobin0 acc 0.0373 eff 0.0 outinratio 0.0845 

ZH126_4e_massZ2_genbin5_recobin0 acc 0.0384 eff 0.0 outinratio 0.0632 

ttH126_4e_massZ2_genbin5_recobin0 acc 0.036 eff 0.0015 outinratio 0.2146 

ggH126_4e_massZ2_genbin6_recobin0 acc 0.0402 eff 0.0013 outinratio 0.0702 

VBFH126_4e_massZ2_genbin6_recobin0 acc 0.0422 eff 0.0013 outinratio 0.0399 

WminusH126_4e_massZ2_genbin6_recobin0 acc 0.0334 eff 0.0 outinratio 0.0949 

WplusH126_4e_massZ2_genbin6_recobin0 acc 0.0336 eff 0.0 outinratio 0.0845 

ZH126_4e_massZ2_genbin6_recobin0 acc 0.0355 eff 0.0073 outinratio 0.0632 

ttH126_4e_massZ2_genbin6_recobin0 acc 0.0292 eff 0.004 outinratio 0.2146 

ggH126_4e_massZ2_genbin7_recobin0 acc 0.0205 eff 0.0 outinratio 0.0702 

VBFH126_4e_massZ2_genbin7_recobin0 acc 0.0215 eff 0.0022 outinratio 0.0399 

WminusH126_4e_massZ2_genbin7_recobin0 acc 0.0178 eff 0.0 outinratio 0.0949 

WplusH126_4e_massZ2_genbin7_recobin0 acc 0.0142 eff 0.0 outinratio 0.0845 

ZH126_4e_massZ2_genbin7_recobin0 acc 0.0166 eff 0.0 outinratio 0.0632 

ttH126_4e_massZ2_genbin7_recobin0 acc 0.0144 eff 0.0 outinratio 0.2146 

ggH126_4e_massZ2_genbin0_recobin1 acc 0.0837 eff 0.009 outinratio 0.0539 

VBFH126_4e_massZ2_genbin0_recobin1 acc 0.1023 eff 0.0086 outinratio 0.0376 

WminusH126_4e_massZ2_genbin0_recobin1 acc 0.0898 eff 0.0026 outinratio 0.0997 

WplusH126_4e_massZ2_genbin0_recobin1 acc 0.0666 eff 0.0071 outinratio 0.0754 

ZH126_4e_massZ2_genbin0_recobin1 acc 0.0799 eff 0.0033 outinratio 0.0658 

ttH126_4e_massZ2_genbin0_recobin1 acc 0.0728 eff 0.0058 outinratio 0.2248 

ggH126_4e_massZ2_genbin1_recobin1 acc 0.0553 eff 0.2319 outinratio 0.0539 

VBFH126_4e_massZ2_genbin1_recobin1 acc 0.0658 eff 0.2551 outinratio 0.0376 

WminusH126_4e_massZ2_genbin1_recobin1 acc 0.0534 eff 0.2468 outinratio 0.0997 

WplusH126_4e_massZ2_genbin1_recobin1 acc 0.0485 eff 0.238 outinratio 0.0754 

ZH126_4e_massZ2_genbin1_recobin1 acc 0.049 eff 0.2473 outinratio 0.0658 

ttH126_4e_massZ2_genbin1_recobin1 acc 0.0481 eff 0.2677 outinratio 0.2248 

ggH126_4e_massZ2_genbin2_recobin1 acc 0.0362 eff 0.0981 outinratio 0.0539 

VBFH126_4e_massZ2_genbin2_recobin1 acc 0.0386 eff 0.1025 outinratio 0.0376 

WminusH126_4e_massZ2_genbin2_recobin1 acc 0.0252 eff 0.0213 outinratio 0.0997 

WplusH126_4e_massZ2_genbin2_recobin1 acc 0.0261 eff 0.1039 outinratio 0.0754 

ZH126_4e_massZ2_genbin2_recobin1 acc 0.031 eff 0.1113 outinratio 0.0658 

ttH126_4e_massZ2_genbin2_recobin1 acc 0.0261 eff 0.0955 outinratio 0.2248 

ggH126_4e_massZ2_genbin3_recobin1 acc 0.0766 eff 0.0117 outinratio 0.0539 

VBFH126_4e_massZ2_genbin3_recobin1 acc 0.0804 eff 0.0129 outinratio 0.0376 

WminusH126_4e_massZ2_genbin3_recobin1 acc 0.0653 eff 0.035 outinratio 0.0997 

WplusH126_4e_massZ2_genbin3_recobin1 acc 0.0581 eff 0.0192 outinratio 0.0754 

ZH126_4e_massZ2_genbin3_recobin1 acc 0.0582 eff 0.0185 outinratio 0.0658 

ttH126_4e_massZ2_genbin3_recobin1 acc 0.0564 eff 0.0103 outinratio 0.2248 

ggH126_4e_massZ2_genbin4_recobin1 acc 0.0318 eff 0.0045 outinratio 0.0539 

VBFH126_4e_massZ2_genbin4_recobin1 acc 0.0357 eff 0.0026 outinratio 0.0376 

WminusH126_4e_massZ2_genbin4_recobin1 acc 0.0349 eff 0.0 outinratio 0.0997 

WplusH126_4e_massZ2_genbin4_recobin1 acc 0.0221 eff 0.0 outinratio 0.0754 

ZH126_4e_massZ2_genbin4_recobin1 acc 0.0257 eff 0.0035 outinratio 0.0658 

ttH126_4e_massZ2_genbin4_recobin1 acc 0.026 eff 0.0043 outinratio 0.2248 

ggH126_4e_massZ2_genbin5_recobin1 acc 0.0482 eff 0.0009 outinratio 0.0539 

VBFH126_4e_massZ2_genbin5_recobin1 acc 0.049 eff 0.0017 outinratio 0.0376 

WminusH126_4e_massZ2_genbin5_recobin1 acc 0.0423 eff 0.0 outinratio 0.0997 

WplusH126_4e_massZ2_genbin5_recobin1 acc 0.0373 eff 0.0 outinratio 0.0754 

ZH126_4e_massZ2_genbin5_recobin1 acc 0.0384 eff 0.0 outinratio 0.0658 

ttH126_4e_massZ2_genbin5_recobin1 acc 0.036 eff 0.0 outinratio 0.2248 

ggH126_4e_massZ2_genbin6_recobin1 acc 0.0402 eff 0.0003 outinratio 0.0539 

VBFH126_4e_massZ2_genbin6_recobin1 acc 0.0422 eff 0.0 outinratio 0.0376 

WminusH126_4e_massZ2_genbin6_recobin1 acc 0.0334 eff 0.0 outinratio 0.0997 

WplusH126_4e_massZ2_genbin6_recobin1 acc 0.0336 eff 0.004 outinratio 0.0754 

ZH126_4e_massZ2_genbin6_recobin1 acc 0.0355 eff 0.0 outinratio 0.0658 

ttH126_4e_massZ2_genbin6_recobin1 acc 0.0292 eff 0.0031 outinratio 0.2248 

ggH126_4e_massZ2_genbin7_recobin1 acc 0.0205 eff 0.0026 outinratio 0.0539 

VBFH126_4e_massZ2_genbin7_recobin1 acc 0.0215 eff 0.0 outinratio 0.0376 

WminusH126_4e_massZ2_genbin7_recobin1 acc 0.0178 eff 0.0 outinratio 0.0997 

WplusH126_4e_massZ2_genbin7_recobin1 acc 0.0142 eff 0.0 outinratio 0.0754 

ZH126_4e_massZ2_genbin7_recobin1 acc 0.0166 eff 0.0 outinratio 0.0658 

ttH126_4e_massZ2_genbin7_recobin1 acc 0.0144 eff 0.0 outinratio 0.2248 

ggH126_4e_massZ2_genbin0_recobin2 acc 0.0837 eff 0.0 outinratio 0.0769 

VBFH126_4e_massZ2_genbin0_recobin2 acc 0.1023 eff 0.0005 outinratio 0.0214 

WminusH126_4e_massZ2_genbin0_recobin2 acc 0.0898 eff 0.0 outinratio 0.0 

WplusH126_4e_massZ2_genbin0_recobin2 acc 0.0666 eff 0.0003 outinratio 0.0704 

ZH126_4e_massZ2_genbin0_recobin2 acc 0.0799 eff 0.0006 outinratio 0.0882 

ttH126_4e_massZ2_genbin0_recobin2 acc 0.0728 eff 0.0 outinratio 0.2007 

ggH126_4e_massZ2_genbin1_recobin2 acc 0.0553 eff 0.018 outinratio 0.0769 

VBFH126_4e_massZ2_genbin1_recobin2 acc 0.0658 eff 0.0209 outinratio 0.0214 

WminusH126_4e_massZ2_genbin1_recobin2 acc 0.0534 eff 0.0192 outinratio 0.0 

WplusH126_4e_massZ2_genbin1_recobin2 acc 0.0485 eff 0.0027 outinratio 0.0704 

ZH126_4e_massZ2_genbin1_recobin2 acc 0.049 eff 0.0204 outinratio 0.0882 

ttH126_4e_massZ2_genbin1_recobin2 acc 0.0481 eff 0.0178 outinratio 0.2007 

ggH126_4e_massZ2_genbin2_recobin2 acc 0.0362 eff 0.1718 outinratio 0.0769 

VBFH126_4e_massZ2_genbin2_recobin2 acc 0.0386 eff 0.1862 outinratio 0.0214 

WminusH126_4e_massZ2_genbin2_recobin2 acc 0.0252 eff 0.1118 outinratio 0.0 

WplusH126_4e_massZ2_genbin2_recobin2 acc 0.0261 eff 0.1218 outinratio 0.0704 

ZH126_4e_massZ2_genbin2_recobin2 acc 0.031 eff 0.1588 outinratio 0.0882 

ttH126_4e_massZ2_genbin2_recobin2 acc 0.0261 eff 0.1821 outinratio 0.2007 

ggH126_4e_massZ2_genbin3_recobin2 acc 0.0766 eff 0.0523 outinratio 0.0769 

VBFH126_4e_massZ2_genbin3_recobin2 acc 0.0804 eff 0.0536 outinratio 0.0214 

WminusH126_4e_massZ2_genbin3_recobin2 acc 0.0653 eff 0.0742 outinratio 0.0 

WplusH126_4e_massZ2_genbin3_recobin2 acc 0.0581 eff 0.0367 outinratio 0.0704 

ZH126_4e_massZ2_genbin3_recobin2 acc 0.0582 eff 0.0446 outinratio 0.0882 

ttH126_4e_massZ2_genbin3_recobin2 acc 0.0564 eff 0.0455 outinratio 0.2007 

ggH126_4e_massZ2_genbin4_recobin2 acc 0.0318 eff 0.0044 outinratio 0.0769 

VBFH126_4e_massZ2_genbin4_recobin2 acc 0.0357 eff 0.0067 outinratio 0.0214 

WminusH126_4e_massZ2_genbin4_recobin2 acc 0.0349 eff 0.0 outinratio 0.0 

WplusH126_4e_massZ2_genbin4_recobin2 acc 0.0221 eff 0.0 outinratio 0.0704 

ZH126_4e_massZ2_genbin4_recobin2 acc 0.0257 eff 0.0127 outinratio 0.0882 

ttH126_4e_massZ2_genbin4_recobin2 acc 0.026 eff 0.0012 outinratio 0.2007 

ggH126_4e_massZ2_genbin5_recobin2 acc 0.0482 eff 0.0033 outinratio 0.0769 

VBFH126_4e_massZ2_genbin5_recobin2 acc 0.049 eff 0.0021 outinratio 0.0214 

WminusH126_4e_massZ2_genbin5_recobin2 acc 0.0423 eff 0.0 outinratio 0.0 

WplusH126_4e_massZ2_genbin5_recobin2 acc 0.0373 eff 0.0029 outinratio 0.0704 

ZH126_4e_massZ2_genbin5_recobin2 acc 0.0384 eff 0.0023 outinratio 0.0882 

ttH126_4e_massZ2_genbin5_recobin2 acc 0.036 eff 0.007 outinratio 0.2007 

ggH126_4e_massZ2_genbin6_recobin2 acc 0.0402 eff 0.0 outinratio 0.0769 

VBFH126_4e_massZ2_genbin6_recobin2 acc 0.0422 eff 0.0 outinratio 0.0214 

WminusH126_4e_massZ2_genbin6_recobin2 acc 0.0334 eff 0.0 outinratio 0.0 

WplusH126_4e_massZ2_genbin6_recobin2 acc 0.0336 eff 0.0 outinratio 0.0704 

ZH126_4e_massZ2_genbin6_recobin2 acc 0.0355 eff 0.0009 outinratio 0.0882 

ttH126_4e_massZ2_genbin6_recobin2 acc 0.0292 eff 0.0038 outinratio 0.2007 

ggH126_4e_massZ2_genbin7_recobin2 acc 0.0205 eff 0.0 outinratio 0.0769 

VBFH126_4e_massZ2_genbin7_recobin2 acc 0.0215 eff 0.0011 outinratio 0.0214 

WminusH126_4e_massZ2_genbin7_recobin2 acc 0.0178 eff 0.0 outinratio 0.0 

WplusH126_4e_massZ2_genbin7_recobin2 acc 0.0142 eff 0.0 outinratio 0.0704 

ZH126_4e_massZ2_genbin7_recobin2 acc 0.0166 eff 0.0081 outinratio 0.0882 

ttH126_4e_massZ2_genbin7_recobin2 acc 0.0144 eff 0.0085 outinratio 0.2007 

ggH126_4e_massZ2_genbin0_recobin3 acc 0.0837 eff 0.0003 outinratio 0.0456 

VBFH126_4e_massZ2_genbin0_recobin3 acc 0.1023 eff 0.001 outinratio 0.035 

WminusH126_4e_massZ2_genbin0_recobin3 acc 0.0898 eff 0.0 outinratio 0.0198 

WplusH126_4e_massZ2_genbin0_recobin3 acc 0.0666 eff 0.0 outinratio 0.0376 

ZH126_4e_massZ2_genbin0_recobin3 acc 0.0799 eff 0.0 outinratio 0.0906 

ttH126_4e_massZ2_genbin0_recobin3 acc 0.0728 eff 0.001 outinratio 0.1903 

ggH126_4e_massZ2_genbin1_recobin3 acc 0.0553 eff 0.0019 outinratio 0.0456 

VBFH126_4e_massZ2_genbin1_recobin3 acc 0.0658 eff 0.0011 outinratio 0.035 

WminusH126_4e_massZ2_genbin1_recobin3 acc 0.0534 eff 0.0 outinratio 0.0198 

WplusH126_4e_massZ2_genbin1_recobin3 acc 0.0485 eff 0.0013 outinratio 0.0376 

ZH126_4e_massZ2_genbin1_recobin3 acc 0.049 eff 0.0008 outinratio 0.0906 

ttH126_4e_massZ2_genbin1_recobin3 acc 0.0481 eff 0.0006 outinratio 0.1903 

ggH126_4e_massZ2_genbin2_recobin3 acc 0.0362 eff 0.0315 outinratio 0.0456 

VBFH126_4e_massZ2_genbin2_recobin3 acc 0.0386 eff 0.0368 outinratio 0.035 

WminusH126_4e_massZ2_genbin2_recobin3 acc 0.0252 eff 0.0 outinratio 0.0198 

WplusH126_4e_massZ2_genbin2_recobin3 acc 0.0261 eff 0.0285 outinratio 0.0376 

ZH126_4e_massZ2_genbin2_recobin3 acc 0.031 eff 0.0474 outinratio 0.0906 

ttH126_4e_massZ2_genbin2_recobin3 acc 0.0261 eff 0.0276 outinratio 0.1903 

ggH126_4e_massZ2_genbin3_recobin3 acc 0.0766 eff 0.2355 outinratio 0.0456 

VBFH126_4e_massZ2_genbin3_recobin3 acc 0.0804 eff 0.2478 outinratio 0.035 

WminusH126_4e_massZ2_genbin3_recobin3 acc 0.0653 eff 0.2416 outinratio 0.0198 

WplusH126_4e_massZ2_genbin3_recobin3 acc 0.0581 eff 0.2412 outinratio 0.0376 

ZH126_4e_massZ2_genbin3_recobin3 acc 0.0582 eff 0.2462 outinratio 0.0906 

ttH126_4e_massZ2_genbin3_recobin3 acc 0.0564 eff 0.2305 outinratio 0.1903 

ggH126_4e_massZ2_genbin4_recobin3 acc 0.0318 eff 0.115 outinratio 0.0456 

VBFH126_4e_massZ2_genbin4_recobin3 acc 0.0357 eff 0.1124 outinratio 0.035 

WminusH126_4e_massZ2_genbin4_recobin3 acc 0.0349 eff 0.1805 outinratio 0.0198 

WplusH126_4e_massZ2_genbin4_recobin3 acc 0.0221 eff 0.1013 outinratio 0.0376 

ZH126_4e_massZ2_genbin4_recobin3 acc 0.0257 eff 0.1077 outinratio 0.0906 

ttH126_4e_massZ2_genbin4_recobin3 acc 0.026 eff 0.1174 outinratio 0.1903 

ggH126_4e_massZ2_genbin5_recobin3 acc 0.0482 eff 0.022 outinratio 0.0456 

VBFH126_4e_massZ2_genbin5_recobin3 acc 0.049 eff 0.0274 outinratio 0.035 

WminusH126_4e_massZ2_genbin5_recobin3 acc 0.0423 eff 0.0 outinratio 0.0198 

WplusH126_4e_massZ2_genbin5_recobin3 acc 0.0373 eff 0.0164 outinratio 0.0376 

ZH126_4e_massZ2_genbin5_recobin3 acc 0.0384 eff 0.0119 outinratio 0.0906 

ttH126_4e_massZ2_genbin5_recobin3 acc 0.036 eff 0.0072 outinratio 0.1903 

ggH126_4e_massZ2_genbin6_recobin3 acc 0.0402 eff 0.0025 outinratio 0.0456 

VBFH126_4e_massZ2_genbin6_recobin3 acc 0.0422 eff 0.0028 outinratio 0.035 

WminusH126_4e_massZ2_genbin6_recobin3 acc 0.0334 eff 0.0 outinratio 0.0198 

WplusH126_4e_massZ2_genbin6_recobin3 acc 0.0336 eff 0.0024 outinratio 0.0376 

ZH126_4e_massZ2_genbin6_recobin3 acc 0.0355 eff 0.0012 outinratio 0.0906 

ttH126_4e_massZ2_genbin6_recobin3 acc 0.0292 eff 0.0012 outinratio 0.1903 

ggH126_4e_massZ2_genbin7_recobin3 acc 0.0205 eff 0.0 outinratio 0.0456 

VBFH126_4e_massZ2_genbin7_recobin3 acc 0.0215 eff 0.0008 outinratio 0.035 

WminusH126_4e_massZ2_genbin7_recobin3 acc 0.0178 eff 0.0 outinratio 0.0198 

WplusH126_4e_massZ2_genbin7_recobin3 acc 0.0142 eff 0.0 outinratio 0.0376 

ZH126_4e_massZ2_genbin7_recobin3 acc 0.0166 eff 0.0 outinratio 0.0906 

ttH126_4e_massZ2_genbin7_recobin3 acc 0.0144 eff 0.0 outinratio 0.1903 

ggH126_4e_massZ2_genbin0_recobin4 acc 0.0837 eff 0.0004 outinratio 0.0433 

VBFH126_4e_massZ2_genbin0_recobin4 acc 0.1023 eff 0.0 outinratio 0.0481 

WminusH126_4e_massZ2_genbin0_recobin4 acc 0.0898 eff 0.0 outinratio 0.0428 

WplusH126_4e_massZ2_genbin0_recobin4 acc 0.0666 eff 0.0 outinratio 0.1486 

ZH126_4e_massZ2_genbin0_recobin4 acc 0.0799 eff 0.0 outinratio 0.1023 

ttH126_4e_massZ2_genbin0_recobin4 acc 0.0728 eff 0.0 outinratio 0.1822 

ggH126_4e_massZ2_genbin1_recobin4 acc 0.0553 eff 0.0001 outinratio 0.0433 

VBFH126_4e_massZ2_genbin1_recobin4 acc 0.0658 eff 0.0001 outinratio 0.0481 

WminusH126_4e_massZ2_genbin1_recobin4 acc 0.0534 eff 0.0 outinratio 0.0428 

WplusH126_4e_massZ2_genbin1_recobin4 acc 0.0485 eff 0.0 outinratio 0.1486 

ZH126_4e_massZ2_genbin1_recobin4 acc 0.049 eff 0.0 outinratio 0.1023 

ttH126_4e_massZ2_genbin1_recobin4 acc 0.0481 eff 0.0 outinratio 0.1822 

ggH126_4e_massZ2_genbin2_recobin4 acc 0.0362 eff 0.0 outinratio 0.0433 

VBFH126_4e_massZ2_genbin2_recobin4 acc 0.0386 eff 0.0 outinratio 0.0481 

WminusH126_4e_massZ2_genbin2_recobin4 acc 0.0252 eff 0.0 outinratio 0.0428 

WplusH126_4e_massZ2_genbin2_recobin4 acc 0.0261 eff 0.0 outinratio 0.1486 

ZH126_4e_massZ2_genbin2_recobin4 acc 0.031 eff 0.0015 outinratio 0.1023 

ttH126_4e_massZ2_genbin2_recobin4 acc 0.0261 eff 0.0009 outinratio 0.1822 

ggH126_4e_massZ2_genbin3_recobin4 acc 0.0766 eff 0.0239 outinratio 0.0433 

VBFH126_4e_massZ2_genbin3_recobin4 acc 0.0804 eff 0.0236 outinratio 0.0481 

WminusH126_4e_massZ2_genbin3_recobin4 acc 0.0653 eff 0.0185 outinratio 0.0428 

WplusH126_4e_massZ2_genbin3_recobin4 acc 0.0581 eff 0.013 outinratio 0.1486 

ZH126_4e_massZ2_genbin3_recobin4 acc 0.0582 eff 0.0166 outinratio 0.1023 

ttH126_4e_massZ2_genbin3_recobin4 acc 0.0564 eff 0.0192 outinratio 0.1822 

ggH126_4e_massZ2_genbin4_recobin4 acc 0.0318 eff 0.161 outinratio 0.0433 

VBFH126_4e_massZ2_genbin4_recobin4 acc 0.0357 eff 0.1696 outinratio 0.0481 

WminusH126_4e_massZ2_genbin4_recobin4 acc 0.0349 eff 0.2507 outinratio 0.0428 

WplusH126_4e_massZ2_genbin4_recobin4 acc 0.0221 eff 0.1933 outinratio 0.1486 

ZH126_4e_massZ2_genbin4_recobin4 acc 0.0257 eff 0.1761 outinratio 0.1023 

ttH126_4e_massZ2_genbin4_recobin4 acc 0.026 eff 0.1677 outinratio 0.1822 

ggH126_4e_massZ2_genbin5_recobin4 acc 0.0482 eff 0.0477 outinratio 0.0433 

VBFH126_4e_massZ2_genbin5_recobin4 acc 0.049 eff 0.0508 outinratio 0.0481 

WminusH126_4e_massZ2_genbin5_recobin4 acc 0.0423 eff 0.0617 outinratio 0.0428 

WplusH126_4e_massZ2_genbin5_recobin4 acc 0.0373 eff 0.056 outinratio 0.1486 

ZH126_4e_massZ2_genbin5_recobin4 acc 0.0384 eff 0.0433 outinratio 0.1023 

ttH126_4e_massZ2_genbin5_recobin4 acc 0.036 eff 0.0745 outinratio 0.1822 

ggH126_4e_massZ2_genbin6_recobin4 acc 0.0402 eff 0.002 outinratio 0.0433 

VBFH126_4e_massZ2_genbin6_recobin4 acc 0.0422 eff 0.0019 outinratio 0.0481 

WminusH126_4e_massZ2_genbin6_recobin4 acc 0.0334 eff 0.0083 outinratio 0.0428 

WplusH126_4e_massZ2_genbin6_recobin4 acc 0.0336 eff 0.0042 outinratio 0.1486 

ZH126_4e_massZ2_genbin6_recobin4 acc 0.0355 eff 0.0012 outinratio 0.1023 

ttH126_4e_massZ2_genbin6_recobin4 acc 0.0292 eff 0.0022 outinratio 0.1822 

ggH126_4e_massZ2_genbin7_recobin4 acc 0.0205 eff 0.0 outinratio 0.0433 

VBFH126_4e_massZ2_genbin7_recobin4 acc 0.0215 eff 0.0021 outinratio 0.0481 

WminusH126_4e_massZ2_genbin7_recobin4 acc 0.0178 eff 0.0 outinratio 0.0428 

WplusH126_4e_massZ2_genbin7_recobin4 acc 0.0142 eff 0.0 outinratio 0.1486 

ZH126_4e_massZ2_genbin7_recobin4 acc 0.0166 eff 0.0 outinratio 0.1023 

ttH126_4e_massZ2_genbin7_recobin4 acc 0.0144 eff 0.0 outinratio 0.1822 

ggH126_4e_massZ2_genbin0_recobin5 acc 0.0837 eff 0.0001 outinratio 0.0445 

VBFH126_4e_massZ2_genbin0_recobin5 acc 0.1023 eff 0.0005 outinratio 0.0312 

WminusH126_4e_massZ2_genbin0_recobin5 acc 0.0898 eff 0.0 outinratio 0.091 

WplusH126_4e_massZ2_genbin0_recobin5 acc 0.0666 eff 0.0 outinratio 0.0764 

ZH126_4e_massZ2_genbin0_recobin5 acc 0.0799 eff 0.0 outinratio 0.0772 

ttH126_4e_massZ2_genbin0_recobin5 acc 0.0728 eff 0.0 outinratio 0.1537 

ggH126_4e_massZ2_genbin1_recobin5 acc 0.0553 eff 0.0011 outinratio 0.0445 

VBFH126_4e_massZ2_genbin1_recobin5 acc 0.0658 eff 0.0008 outinratio 0.0312 

WminusH126_4e_massZ2_genbin1_recobin5 acc 0.0534 eff 0.0 outinratio 0.091 

WplusH126_4e_massZ2_genbin1_recobin5 acc 0.0485 eff 0.0 outinratio 0.0764 

ZH126_4e_massZ2_genbin1_recobin5 acc 0.049 eff 0.0037 outinratio 0.0772 

ttH126_4e_massZ2_genbin1_recobin5 acc 0.0481 eff 0.0 outinratio 0.1537 

ggH126_4e_massZ2_genbin2_recobin5 acc 0.0362 eff 0.0 outinratio 0.0445 

VBFH126_4e_massZ2_genbin2_recobin5 acc 0.0386 eff 0.0009 outinratio 0.0312 

WminusH126_4e_massZ2_genbin2_recobin5 acc 0.0252 eff 0.0 outinratio 0.091 

WplusH126_4e_massZ2_genbin2_recobin5 acc 0.0261 eff 0.001 outinratio 0.0764 

ZH126_4e_massZ2_genbin2_recobin5 acc 0.031 eff 0.0 outinratio 0.0772 

ttH126_4e_massZ2_genbin2_recobin5 acc 0.0261 eff 0.0 outinratio 0.1537 

ggH126_4e_massZ2_genbin3_recobin5 acc 0.0766 eff 0.0035 outinratio 0.0445 

VBFH126_4e_massZ2_genbin3_recobin5 acc 0.0804 eff 0.0033 outinratio 0.0312 

WminusH126_4e_massZ2_genbin3_recobin5 acc 0.0653 eff 0.027 outinratio 0.091 

WplusH126_4e_massZ2_genbin3_recobin5 acc 0.0581 eff 0.0035 outinratio 0.0764 

ZH126_4e_massZ2_genbin3_recobin5 acc 0.0582 eff 0.0039 outinratio 0.0772 

ttH126_4e_massZ2_genbin3_recobin5 acc 0.0564 eff 0.006 outinratio 0.1537 

ggH126_4e_massZ2_genbin4_recobin5 acc 0.0318 eff 0.0455 outinratio 0.0445 

VBFH126_4e_massZ2_genbin4_recobin5 acc 0.0357 eff 0.0431 outinratio 0.0312 

WminusH126_4e_massZ2_genbin4_recobin5 acc 0.0349 eff 0.0372 outinratio 0.091 

WplusH126_4e_massZ2_genbin4_recobin5 acc 0.0221 eff 0.0486 outinratio 0.0764 

ZH126_4e_massZ2_genbin4_recobin5 acc 0.0257 eff 0.068 outinratio 0.0772 

ttH126_4e_massZ2_genbin4_recobin5 acc 0.026 eff 0.061 outinratio 0.1537 

ggH126_4e_massZ2_genbin5_recobin5 acc 0.0482 eff 0.2533 outinratio 0.0445 

VBFH126_4e_massZ2_genbin5_recobin5 acc 0.049 eff 0.2643 outinratio 0.0312 

WminusH126_4e_massZ2_genbin5_recobin5 acc 0.0423 eff 0.2263 outinratio 0.091 

WplusH126_4e_massZ2_genbin5_recobin5 acc 0.0373 eff 0.285 outinratio 0.0764 

ZH126_4e_massZ2_genbin5_recobin5 acc 0.0384 eff 0.2719 outinratio 0.0772 

ttH126_4e_massZ2_genbin5_recobin5 acc 0.036 eff 0.2755 outinratio 0.1537 

ggH126_4e_massZ2_genbin6_recobin5 acc 0.0402 eff 0.0476 outinratio 0.0445 

VBFH126_4e_massZ2_genbin6_recobin5 acc 0.0422 eff 0.0485 outinratio 0.0312 

WminusH126_4e_massZ2_genbin6_recobin5 acc 0.0334 eff 0.0276 outinratio 0.091 

WplusH126_4e_massZ2_genbin6_recobin5 acc 0.0336 eff 0.0646 outinratio 0.0764 

ZH126_4e_massZ2_genbin6_recobin5 acc 0.0355 eff 0.054 outinratio 0.0772 

ttH126_4e_massZ2_genbin6_recobin5 acc 0.0292 eff 0.0411 outinratio 0.1537 

ggH126_4e_massZ2_genbin7_recobin5 acc 0.0205 eff 0.0052 outinratio 0.0445 

VBFH126_4e_massZ2_genbin7_recobin5 acc 0.0215 eff 0.0021 outinratio 0.0312 

WminusH126_4e_massZ2_genbin7_recobin5 acc 0.0178 eff 0.0 outinratio 0.091 

WplusH126_4e_massZ2_genbin7_recobin5 acc 0.0142 eff 0.0 outinratio 0.0764 

ZH126_4e_massZ2_genbin7_recobin5 acc 0.0166 eff 0.0022 outinratio 0.0772 

ttH126_4e_massZ2_genbin7_recobin5 acc 0.0144 eff 0.0067 outinratio 0.1537 

ggH126_4e_massZ2_genbin0_recobin6 acc 0.0837 eff 0.0002 outinratio 0.042 

VBFH126_4e_massZ2_genbin0_recobin6 acc 0.1023 eff 0.0009 outinratio 0.0218 

WminusH126_4e_massZ2_genbin0_recobin6 acc 0.0898 eff 0.0 outinratio 0.0467 

WplusH126_4e_massZ2_genbin0_recobin6 acc 0.0666 eff 0.0 outinratio 0.0742 

ZH126_4e_massZ2_genbin0_recobin6 acc 0.0799 eff 0.0 outinratio 0.1012 

ttH126_4e_massZ2_genbin0_recobin6 acc 0.0728 eff 0.0 outinratio 0.2491 

ggH126_4e_massZ2_genbin1_recobin6 acc 0.0553 eff 0.0002 outinratio 0.042 

VBFH126_4e_massZ2_genbin1_recobin6 acc 0.0658 eff 0.0004 outinratio 0.0218 

WminusH126_4e_massZ2_genbin1_recobin6 acc 0.0534 eff 0.0 outinratio 0.0467 

WplusH126_4e_massZ2_genbin1_recobin6 acc 0.0485 eff 0.0 outinratio 0.0742 

ZH126_4e_massZ2_genbin1_recobin6 acc 0.049 eff 0.0016 outinratio 0.1012 

ttH126_4e_massZ2_genbin1_recobin6 acc 0.0481 eff 0.0002 outinratio 0.2491 

ggH126_4e_massZ2_genbin2_recobin6 acc 0.0362 eff 0.0003 outinratio 0.042 

VBFH126_4e_massZ2_genbin2_recobin6 acc 0.0386 eff 0.0005 outinratio 0.0218 

WminusH126_4e_massZ2_genbin2_recobin6 acc 0.0252 eff 0.0 outinratio 0.0467 

WplusH126_4e_massZ2_genbin2_recobin6 acc 0.0261 eff 0.0 outinratio 0.0742 

ZH126_4e_massZ2_genbin2_recobin6 acc 0.031 eff 0.0 outinratio 0.1012 

ttH126_4e_massZ2_genbin2_recobin6 acc 0.0261 eff 0.0012 outinratio 0.2491 

ggH126_4e_massZ2_genbin3_recobin6 acc 0.0766 eff 0.0012 outinratio 0.042 

VBFH126_4e_massZ2_genbin3_recobin6 acc 0.0804 eff 0.0006 outinratio 0.0218 

WminusH126_4e_massZ2_genbin3_recobin6 acc 0.0653 eff 0.0 outinratio 0.0467 

WplusH126_4e_massZ2_genbin3_recobin6 acc 0.0581 eff 0.0 outinratio 0.0742 

ZH126_4e_massZ2_genbin3_recobin6 acc 0.0582 eff 0.0029 outinratio 0.1012 

ttH126_4e_massZ2_genbin3_recobin6 acc 0.0564 eff 0.0005 outinratio 0.2491 

ggH126_4e_massZ2_genbin4_recobin6 acc 0.0318 eff 0.0011 outinratio 0.042 

VBFH126_4e_massZ2_genbin4_recobin6 acc 0.0357 eff 0.0008 outinratio 0.0218 

WminusH126_4e_massZ2_genbin4_recobin6 acc 0.0349 eff 0.0 outinratio 0.0467 

WplusH126_4e_massZ2_genbin4_recobin6 acc 0.0221 eff 0.0028 outinratio 0.0742 

ZH126_4e_massZ2_genbin4_recobin6 acc 0.0257 eff 0.0 outinratio 0.1012 

ttH126_4e_massZ2_genbin4_recobin6 acc 0.026 eff 0.0011 outinratio 0.2491 

ggH126_4e_massZ2_genbin5_recobin6 acc 0.0482 eff 0.0184 outinratio 0.042 

VBFH126_4e_massZ2_genbin5_recobin6 acc 0.049 eff 0.0159 outinratio 0.0218 

WminusH126_4e_massZ2_genbin5_recobin6 acc 0.0423 eff 0.0206 outinratio 0.0467 

WplusH126_4e_massZ2_genbin5_recobin6 acc 0.0373 eff 0.016 outinratio 0.0742 

ZH126_4e_massZ2_genbin5_recobin6 acc 0.0384 eff 0.0187 outinratio 0.1012 

ttH126_4e_massZ2_genbin5_recobin6 acc 0.036 eff 0.0186 outinratio 0.2491 

ggH126_4e_massZ2_genbin6_recobin6 acc 0.0402 eff 0.3187 outinratio 0.042 

VBFH126_4e_massZ2_genbin6_recobin6 acc 0.0422 eff 0.3213 outinratio 0.0218 

WminusH126_4e_massZ2_genbin6_recobin6 acc 0.0334 eff 0.3558 outinratio 0.0467 

WplusH126_4e_massZ2_genbin6_recobin6 acc 0.0336 eff 0.2682 outinratio 0.0742 

ZH126_4e_massZ2_genbin6_recobin6 acc 0.0355 eff 0.276 outinratio 0.1012 

ttH126_4e_massZ2_genbin6_recobin6 acc 0.0292 eff 0.3085 outinratio 0.2491 

ggH126_4e_massZ2_genbin7_recobin6 acc 0.0205 eff 0.0645 outinratio 0.042 

VBFH126_4e_massZ2_genbin7_recobin6 acc 0.0215 eff 0.0634 outinratio 0.0218 

WminusH126_4e_massZ2_genbin7_recobin6 acc 0.0178 eff 0.2015 outinratio 0.0467 

WplusH126_4e_massZ2_genbin7_recobin6 acc 0.0142 eff 0.0728 outinratio 0.0742 

ZH126_4e_massZ2_genbin7_recobin6 acc 0.0166 eff 0.0608 outinratio 0.1012 

ttH126_4e_massZ2_genbin7_recobin6 acc 0.0144 eff 0.0598 outinratio 0.2491 

ggH126_4e_massZ2_genbin0_recobin7 acc 0.0837 eff 0.0 outinratio 0.0249 

VBFH126_4e_massZ2_genbin0_recobin7 acc 0.1023 eff 0.0001 outinratio 0.0296 

WminusH126_4e_massZ2_genbin0_recobin7 acc 0.0898 eff 0.0 outinratio 0.0 

WplusH126_4e_massZ2_genbin0_recobin7 acc 0.0666 eff 0.0 outinratio 0.0128 

ZH126_4e_massZ2_genbin0_recobin7 acc 0.0799 eff 0.0012 outinratio 0.0698 

ttH126_4e_massZ2_genbin0_recobin7 acc 0.0728 eff 0.0007 outinratio 0.2174 

ggH126_4e_massZ2_genbin1_recobin7 acc 0.0553 eff 0.0002 outinratio 0.0249 

VBFH126_4e_massZ2_genbin1_recobin7 acc 0.0658 eff 0.0 outinratio 0.0296 

WminusH126_4e_massZ2_genbin1_recobin7 acc 0.0534 eff 0.0 outinratio 0.0 

WplusH126_4e_massZ2_genbin1_recobin7 acc 0.0485 eff 0.0 outinratio 0.0128 

ZH126_4e_massZ2_genbin1_recobin7 acc 0.049 eff 0.0011 outinratio 0.0698 

ttH126_4e_massZ2_genbin1_recobin7 acc 0.0481 eff 0.0 outinratio 0.2174 

ggH126_4e_massZ2_genbin2_recobin7 acc 0.0362 eff 0.0 outinratio 0.0249 

VBFH126_4e_massZ2_genbin2_recobin7 acc 0.0386 eff 0.0 outinratio 0.0296 

WminusH126_4e_massZ2_genbin2_recobin7 acc 0.0252 eff 0.0 outinratio 0.0 

WplusH126_4e_massZ2_genbin2_recobin7 acc 0.0261 eff 0.0 outinratio 0.0128 

ZH126_4e_massZ2_genbin2_recobin7 acc 0.031 eff 0.0 outinratio 0.0698 

ttH126_4e_massZ2_genbin2_recobin7 acc 0.0261 eff 0.0 outinratio 0.2174 

ggH126_4e_massZ2_genbin3_recobin7 acc 0.0766 eff 0.0 outinratio 0.0249 

VBFH126_4e_massZ2_genbin3_recobin7 acc 0.0804 eff 0.0002 outinratio 0.0296 

WminusH126_4e_massZ2_genbin3_recobin7 acc 0.0653 eff 0.0 outinratio 0.0 

WplusH126_4e_massZ2_genbin3_recobin7 acc 0.0581 eff 0.0 outinratio 0.0128 

ZH126_4e_massZ2_genbin3_recobin7 acc 0.0582 eff 0.0 outinratio 0.0698 

ttH126_4e_massZ2_genbin3_recobin7 acc 0.0564 eff 0.0 outinratio 0.2174 

ggH126_4e_massZ2_genbin4_recobin7 acc 0.0318 eff 0.0 outinratio 0.0249 

VBFH126_4e_massZ2_genbin4_recobin7 acc 0.0357 eff 0.0005 outinratio 0.0296 

WminusH126_4e_massZ2_genbin4_recobin7 acc 0.0349 eff 0.0 outinratio 0.0 

WplusH126_4e_massZ2_genbin4_recobin7 acc 0.0221 eff 0.0 outinratio 0.0128 

ZH126_4e_massZ2_genbin4_recobin7 acc 0.0257 eff 0.0 outinratio 0.0698 

ttH126_4e_massZ2_genbin4_recobin7 acc 0.026 eff 0.0 outinratio 0.2174 

ggH126_4e_massZ2_genbin5_recobin7 acc 0.0482 eff 0.0004 outinratio 0.0249 

VBFH126_4e_massZ2_genbin5_recobin7 acc 0.049 eff 0.0024 outinratio 0.0296 

WminusH126_4e_massZ2_genbin5_recobin7 acc 0.0423 eff 0.0 outinratio 0.0 

WplusH126_4e_massZ2_genbin5_recobin7 acc 0.0373 eff 0.0016 outinratio 0.0128 

ZH126_4e_massZ2_genbin5_recobin7 acc 0.0384 eff 0.0 outinratio 0.0698 

ttH126_4e_massZ2_genbin5_recobin7 acc 0.036 eff 0.0013 outinratio 0.2174 

ggH126_4e_massZ2_genbin6_recobin7 acc 0.0402 eff 0.0147 outinratio 0.0249 

VBFH126_4e_massZ2_genbin6_recobin7 acc 0.0422 eff 0.018 outinratio 0.0296 

WminusH126_4e_massZ2_genbin6_recobin7 acc 0.0334 eff 0.0 outinratio 0.0 

WplusH126_4e_massZ2_genbin6_recobin7 acc 0.0336 eff 0.011 outinratio 0.0128 

ZH126_4e_massZ2_genbin6_recobin7 acc 0.0355 eff 0.0112 outinratio 0.0698 

ttH126_4e_massZ2_genbin6_recobin7 acc 0.0292 eff 0.0154 outinratio 0.2174 

ggH126_4e_massZ2_genbin7_recobin7 acc 0.0205 eff 0.3334 outinratio 0.0249 

VBFH126_4e_massZ2_genbin7_recobin7 acc 0.0215 eff 0.3342 outinratio 0.0296 

WminusH126_4e_massZ2_genbin7_recobin7 acc 0.0178 eff 0.3314 outinratio 0.0 

WplusH126_4e_massZ2_genbin7_recobin7 acc 0.0142 eff 0.3291 outinratio 0.0128 

ZH126_4e_massZ2_genbin7_recobin7 acc 0.0166 eff 0.3117 outinratio 0.0698 

ttH126_4e_massZ2_genbin7_recobin7 acc 0.0144 eff 0.3094 outinratio 0.2174 

ggH126_4mu_massZ2_genbin0_recobin0 acc 0.1033 eff 0.7676 outinratio 0.0593 

VBFH126_4mu_massZ2_genbin0_recobin0 acc 0.1195 eff 0.7958 outinratio 0.0414 

WminusH126_4mu_massZ2_genbin0_recobin0 acc 0.1026 eff 0.6799 outinratio 0.0887 

WplusH126_4mu_massZ2_genbin0_recobin0 acc 0.0788 eff 0.761 outinratio 0.0997 

ZH126_4mu_massZ2_genbin0_recobin0 acc 0.0956 eff 0.791 outinratio 0.0874 

ttH126_4mu_massZ2_genbin0_recobin0 acc 0.0875 eff 0.7535 outinratio 0.1448 

ggH126_4mu_massZ2_genbin1_recobin0 acc 0.0665 eff 0.0415 outinratio 0.0593 

VBFH126_4mu_massZ2_genbin1_recobin0 acc 0.0754 eff 0.0335 outinratio 0.0414 

WminusH126_4mu_massZ2_genbin1_recobin0 acc 0.0651 eff 0.0148 outinratio 0.0887 

WplusH126_4mu_massZ2_genbin1_recobin0 acc 0.0556 eff 0.0201 outinratio 0.0997 

ZH126_4mu_massZ2_genbin1_recobin0 acc 0.0573 eff 0.0295 outinratio 0.0874 

ttH126_4mu_massZ2_genbin1_recobin0 acc 0.0512 eff 0.0316 outinratio 0.1448 

ggH126_4mu_massZ2_genbin2_recobin0 acc 0.0389 eff 0.0049 outinratio 0.0593 

VBFH126_4mu_massZ2_genbin2_recobin0 acc 0.0436 eff 0.0016 outinratio 0.0414 

WminusH126_4mu_massZ2_genbin2_recobin0 acc 0.0368 eff 0.0 outinratio 0.0887 

WplusH126_4mu_massZ2_genbin2_recobin0 acc 0.0313 eff 0.0088 outinratio 0.0997 

ZH126_4mu_massZ2_genbin2_recobin0 acc 0.0289 eff 0.0043 outinratio 0.0874 

ttH126_4mu_massZ2_genbin2_recobin0 acc 0.0292 eff 0.0043 outinratio 0.1448 

ggH126_4mu_massZ2_genbin3_recobin0 acc 0.0815 eff 0.0005 outinratio 0.0593 

VBFH126_4mu_massZ2_genbin3_recobin0 acc 0.0902 eff 0.0004 outinratio 0.0414 

WminusH126_4mu_massZ2_genbin3_recobin0 acc 0.0735 eff 0.0 outinratio 0.0887 

WplusH126_4mu_massZ2_genbin3_recobin0 acc 0.0626 eff 0.0 outinratio 0.0997 

ZH126_4mu_massZ2_genbin3_recobin0 acc 0.0685 eff 0.0006 outinratio 0.0874 

ttH126_4mu_massZ2_genbin3_recobin0 acc 0.0631 eff 0.0028 outinratio 0.1448 

ggH126_4mu_massZ2_genbin4_recobin0 acc 0.0345 eff 0.0007 outinratio 0.0593 

VBFH126_4mu_massZ2_genbin4_recobin0 acc 0.038 eff 0.0 outinratio 0.0414 

WminusH126_4mu_massZ2_genbin4_recobin0 acc 0.0276 eff 0.0 outinratio 0.0887 

WplusH126_4mu_massZ2_genbin4_recobin0 acc 0.0243 eff 0.0 outinratio 0.0997 

ZH126_4mu_massZ2_genbin4_recobin0 acc 0.027 eff 0.0 outinratio 0.0874 

ttH126_4mu_massZ2_genbin4_recobin0 acc 0.0252 eff 0.002 outinratio 0.1448 

ggH126_4mu_massZ2_genbin5_recobin0 acc 0.0486 eff 0.0003 outinratio 0.0593 

VBFH126_4mu_massZ2_genbin5_recobin0 acc 0.0536 eff 0.0003 outinratio 0.0414 

WminusH126_4mu_massZ2_genbin5_recobin0 acc 0.0391 eff 0.0 outinratio 0.0887 

WplusH126_4mu_massZ2_genbin5_recobin0 acc 0.0349 eff 0.0 outinratio 0.0997 

ZH126_4mu_massZ2_genbin5_recobin0 acc 0.0366 eff 0.0052 outinratio 0.0874 

ttH126_4mu_massZ2_genbin5_recobin0 acc 0.0363 eff 0.0023 outinratio 0.1448 

ggH126_4mu_massZ2_genbin6_recobin0 acc 0.0385 eff 0.0003 outinratio 0.0593 

VBFH126_4mu_massZ2_genbin6_recobin0 acc 0.0415 eff 0.0 outinratio 0.0414 

WminusH126_4mu_massZ2_genbin6_recobin0 acc 0.0352 eff 0.0 outinratio 0.0887 

WplusH126_4mu_massZ2_genbin6_recobin0 acc 0.0317 eff 0.0026 outinratio 0.0997 

ZH126_4mu_massZ2_genbin6_recobin0 acc 0.0297 eff 0.0 outinratio 0.0874 

ttH126_4mu_massZ2_genbin6_recobin0 acc 0.0321 eff 0.0 outinratio 0.1448 

ggH126_4mu_massZ2_genbin7_recobin0 acc 0.0205 eff 0.0008 outinratio 0.0593 

VBFH126_4mu_massZ2_genbin7_recobin0 acc 0.0216 eff 0.0 outinratio 0.0414 

WminusH126_4mu_massZ2_genbin7_recobin0 acc 0.0237 eff 0.0 outinratio 0.0887 

WplusH126_4mu_massZ2_genbin7_recobin0 acc 0.0126 eff 0.0 outinratio 0.0997 

ZH126_4mu_massZ2_genbin7_recobin0 acc 0.0162 eff 0.0 outinratio 0.0874 

ttH126_4mu_massZ2_genbin7_recobin0 acc 0.0174 eff 0.0 outinratio 0.1448 

ggH126_4mu_massZ2_genbin0_recobin1 acc 0.1033 eff 0.011 outinratio 0.0538 

VBFH126_4mu_massZ2_genbin0_recobin1 acc 0.1195 eff 0.0113 outinratio 0.0381 

WminusH126_4mu_massZ2_genbin0_recobin1 acc 0.1026 eff 0.0258 outinratio 0.0783 

WplusH126_4mu_massZ2_genbin0_recobin1 acc 0.0788 eff 0.0111 outinratio 0.0504 

ZH126_4mu_massZ2_genbin0_recobin1 acc 0.0956 eff 0.0094 outinratio 0.0704 

ttH126_4mu_massZ2_genbin0_recobin1 acc 0.0875 eff 0.0172 outinratio 0.171 

ggH126_4mu_massZ2_genbin1_recobin1 acc 0.0665 eff 0.7351 outinratio 0.0538 

VBFH126_4mu_massZ2_genbin1_recobin1 acc 0.0754 eff 0.7368 outinratio 0.0381 

WminusH126_4mu_massZ2_genbin1_recobin1 acc 0.0651 eff 0.8048 outinratio 0.0783 

WplusH126_4mu_massZ2_genbin1_recobin1 acc 0.0556 eff 0.7538 outinratio 0.0504 

ZH126_4mu_massZ2_genbin1_recobin1 acc 0.0573 eff 0.7485 outinratio 0.0704 

ttH126_4mu_massZ2_genbin1_recobin1 acc 0.0512 eff 0.6934 outinratio 0.171 

ggH126_4mu_massZ2_genbin2_recobin1 acc 0.0389 eff 0.0814 outinratio 0.0538 

VBFH126_4mu_massZ2_genbin2_recobin1 acc 0.0436 eff 0.0851 outinratio 0.0381 

WminusH126_4mu_massZ2_genbin2_recobin1 acc 0.0368 eff 0.082 outinratio 0.0783 

WplusH126_4mu_massZ2_genbin2_recobin1 acc 0.0313 eff 0.0565 outinratio 0.0504 

ZH126_4mu_massZ2_genbin2_recobin1 acc 0.0289 eff 0.0501 outinratio 0.0704 

ttH126_4mu_massZ2_genbin2_recobin1 acc 0.0292 eff 0.0829 outinratio 0.171 

ggH126_4mu_massZ2_genbin3_recobin1 acc 0.0815 eff 0.0061 outinratio 0.0538 

VBFH126_4mu_massZ2_genbin3_recobin1 acc 0.0902 eff 0.0051 outinratio 0.0381 

WminusH126_4mu_massZ2_genbin3_recobin1 acc 0.0735 eff 0.0 outinratio 0.0783 

WplusH126_4mu_massZ2_genbin3_recobin1 acc 0.0626 eff 0.0108 outinratio 0.0504 

ZH126_4mu_massZ2_genbin3_recobin1 acc 0.0685 eff 0.0056 outinratio 0.0704 

ttH126_4mu_massZ2_genbin3_recobin1 acc 0.0631 eff 0.0105 outinratio 0.171 

ggH126_4mu_massZ2_genbin4_recobin1 acc 0.0345 eff 0.0016 outinratio 0.0538 

VBFH126_4mu_massZ2_genbin4_recobin1 acc 0.038 eff 0.0017 outinratio 0.0381 

WminusH126_4mu_massZ2_genbin4_recobin1 acc 0.0276 eff 0.0 outinratio 0.0783 

WplusH126_4mu_massZ2_genbin4_recobin1 acc 0.0243 eff 0.0 outinratio 0.0504 

ZH126_4mu_massZ2_genbin4_recobin1 acc 0.027 eff 0.0 outinratio 0.0704 

ttH126_4mu_massZ2_genbin4_recobin1 acc 0.0252 eff 0.0014 outinratio 0.171 

ggH126_4mu_massZ2_genbin5_recobin1 acc 0.0486 eff 0.0004 outinratio 0.0538 

VBFH126_4mu_massZ2_genbin5_recobin1 acc 0.0536 eff 0.0011 outinratio 0.0381 

WminusH126_4mu_massZ2_genbin5_recobin1 acc 0.0391 eff 0.0 outinratio 0.0783 

WplusH126_4mu_massZ2_genbin5_recobin1 acc 0.0349 eff 0.0022 outinratio 0.0504 

ZH126_4mu_massZ2_genbin5_recobin1 acc 0.0366 eff 0.0016 outinratio 0.0704 

ttH126_4mu_massZ2_genbin5_recobin1 acc 0.0363 eff 0.0018 outinratio 0.171 

ggH126_4mu_massZ2_genbin6_recobin1 acc 0.0385 eff 0.001 outinratio 0.0538 

VBFH126_4mu_massZ2_genbin6_recobin1 acc 0.0415 eff 0.0012 outinratio 0.0381 

WminusH126_4mu_massZ2_genbin6_recobin1 acc 0.0352 eff 0.0 outinratio 0.0783 

WplusH126_4mu_massZ2_genbin6_recobin1 acc 0.0317 eff 0.0 outinratio 0.0504 

ZH126_4mu_massZ2_genbin6_recobin1 acc 0.0297 eff 0.0 outinratio 0.0704 

ttH126_4mu_massZ2_genbin6_recobin1 acc 0.0321 eff 0.0045 outinratio 0.171 

ggH126_4mu_massZ2_genbin7_recobin1 acc 0.0205 eff 0.0016 outinratio 0.0538 

VBFH126_4mu_massZ2_genbin7_recobin1 acc 0.0216 eff 0.0006 outinratio 0.0381 

WminusH126_4mu_massZ2_genbin7_recobin1 acc 0.0237 eff 0.0 outinratio 0.0783 

WplusH126_4mu_massZ2_genbin7_recobin1 acc 0.0126 eff 0.0 outinratio 0.0504 

ZH126_4mu_massZ2_genbin7_recobin1 acc 0.0162 eff 0.0 outinratio 0.0704 

ttH126_4mu_massZ2_genbin7_recobin1 acc 0.0174 eff 0.0 outinratio 0.171 

ggH126_4mu_massZ2_genbin0_recobin2 acc 0.1033 eff 0.0001 outinratio 0.0447 

VBFH126_4mu_massZ2_genbin0_recobin2 acc 0.1195 eff 0.0016 outinratio 0.0291 

WminusH126_4mu_massZ2_genbin0_recobin2 acc 0.1026 eff 0.0 outinratio 0.165 

WplusH126_4mu_massZ2_genbin0_recobin2 acc 0.0788 eff 0.0 outinratio 0.044 

ZH126_4mu_massZ2_genbin0_recobin2 acc 0.0956 eff 0.0 outinratio 0.0952 

ttH126_4mu_massZ2_genbin0_recobin2 acc 0.0875 eff 0.0 outinratio 0.1332 

ggH126_4mu_massZ2_genbin1_recobin2 acc 0.0665 eff 0.0192 outinratio 0.0447 

VBFH126_4mu_massZ2_genbin1_recobin2 acc 0.0754 eff 0.0259 outinratio 0.0291 

WminusH126_4mu_massZ2_genbin1_recobin2 acc 0.0651 eff 0.0269 outinratio 0.165 

WplusH126_4mu_massZ2_genbin1_recobin2 acc 0.0556 eff 0.0334 outinratio 0.044 

ZH126_4mu_massZ2_genbin1_recobin2 acc 0.0573 eff 0.0275 outinratio 0.0952 

ttH126_4mu_massZ2_genbin1_recobin2 acc 0.0512 eff 0.0258 outinratio 0.1332 

ggH126_4mu_massZ2_genbin2_recobin2 acc 0.0389 eff 0.6867 outinratio 0.0447 

VBFH126_4mu_massZ2_genbin2_recobin2 acc 0.0436 eff 0.686 outinratio 0.0291 

WminusH126_4mu_massZ2_genbin2_recobin2 acc 0.0368 eff 0.6321 outinratio 0.165 

WplusH126_4mu_massZ2_genbin2_recobin2 acc 0.0313 eff 0.6816 outinratio 0.044 

ZH126_4mu_massZ2_genbin2_recobin2 acc 0.0289 eff 0.6578 outinratio 0.0952 

ttH126_4mu_massZ2_genbin2_recobin2 acc 0.0292 eff 0.6461 outinratio 0.1332 

ggH126_4mu_massZ2_genbin3_recobin2 acc 0.0815 eff 0.0387 outinratio 0.0447 

VBFH126_4mu_massZ2_genbin3_recobin2 acc 0.0902 eff 0.0454 outinratio 0.0291 

WminusH126_4mu_massZ2_genbin3_recobin2 acc 0.0735 eff 0.0253 outinratio 0.165 

WplusH126_4mu_massZ2_genbin3_recobin2 acc 0.0626 eff 0.0465 outinratio 0.044 

ZH126_4mu_massZ2_genbin3_recobin2 acc 0.0685 eff 0.0475 outinratio 0.0952 

ttH126_4mu_massZ2_genbin3_recobin2 acc 0.0631 eff 0.0376 outinratio 0.1332 

ggH126_4mu_massZ2_genbin4_recobin2 acc 0.0345 eff 0.0039 outinratio 0.0447 

VBFH126_4mu_massZ2_genbin4_recobin2 acc 0.038 eff 0.0012 outinratio 0.0291 

WminusH126_4mu_massZ2_genbin4_recobin2 acc 0.0276 eff 0.0 outinratio 0.165 

WplusH126_4mu_massZ2_genbin4_recobin2 acc 0.0243 eff 0.005 outinratio 0.044 

ZH126_4mu_massZ2_genbin4_recobin2 acc 0.027 eff 0.0 outinratio 0.0952 

ttH126_4mu_massZ2_genbin4_recobin2 acc 0.0252 eff 0.004 outinratio 0.1332 

ggH126_4mu_massZ2_genbin5_recobin2 acc 0.0486 eff 0.0006 outinratio 0.0447 

VBFH126_4mu_massZ2_genbin5_recobin2 acc 0.0536 eff 0.0006 outinratio 0.0291 

WminusH126_4mu_massZ2_genbin5_recobin2 acc 0.0391 eff 0.0 outinratio 0.165 

WplusH126_4mu_massZ2_genbin5_recobin2 acc 0.0349 eff 0.0023 outinratio 0.044 

ZH126_4mu_massZ2_genbin5_recobin2 acc 0.0366 eff 0.0 outinratio 0.0952 

ttH126_4mu_massZ2_genbin5_recobin2 acc 0.0363 eff 0.001 outinratio 0.1332 

ggH126_4mu_massZ2_genbin6_recobin2 acc 0.0385 eff 0.0004 outinratio 0.0447 

VBFH126_4mu_massZ2_genbin6_recobin2 acc 0.0415 eff 0.0004 outinratio 0.0291 

WminusH126_4mu_massZ2_genbin6_recobin2 acc 0.0352 eff 0.0 outinratio 0.165 

WplusH126_4mu_massZ2_genbin6_recobin2 acc 0.0317 eff 0.0 outinratio 0.044 

ZH126_4mu_massZ2_genbin6_recobin2 acc 0.0297 eff 0.0 outinratio 0.0952 

ttH126_4mu_massZ2_genbin6_recobin2 acc 0.0321 eff 0.0 outinratio 0.1332 

ggH126_4mu_massZ2_genbin7_recobin2 acc 0.0205 eff 0.0 outinratio 0.0447 

VBFH126_4mu_massZ2_genbin7_recobin2 acc 0.0216 eff 0.0006 outinratio 0.0291 

WminusH126_4mu_massZ2_genbin7_recobin2 acc 0.0237 eff 0.0 outinratio 0.165 

WplusH126_4mu_massZ2_genbin7_recobin2 acc 0.0126 eff 0.0064 outinratio 0.044 

ZH126_4mu_massZ2_genbin7_recobin2 acc 0.0162 eff 0.0 outinratio 0.0952 

ttH126_4mu_massZ2_genbin7_recobin2 acc 0.0174 eff 0.0 outinratio 0.1332 

ggH126_4mu_massZ2_genbin0_recobin3 acc 0.1033 eff 0.0005 outinratio 0.0413 

VBFH126_4mu_massZ2_genbin0_recobin3 acc 0.1195 eff 0.0006 outinratio 0.0333 

WminusH126_4mu_massZ2_genbin0_recobin3 acc 0.1026 eff 0.0 outinratio 0.0468 

WplusH126_4mu_massZ2_genbin0_recobin3 acc 0.0788 eff 0.0034 outinratio 0.0504 

ZH126_4mu_massZ2_genbin0_recobin3 acc 0.0956 eff 0.0 outinratio 0.0927 

ttH126_4mu_massZ2_genbin0_recobin3 acc 0.0875 eff 0.0029 outinratio 0.1406 

ggH126_4mu_massZ2_genbin1_recobin3 acc 0.0665 eff 0.0024 outinratio 0.0413 

VBFH126_4mu_massZ2_genbin1_recobin3 acc 0.0754 eff 0.0036 outinratio 0.0333 

WminusH126_4mu_massZ2_genbin1_recobin3 acc 0.0651 eff 0.0 outinratio 0.0468 

WplusH126_4mu_massZ2_genbin1_recobin3 acc 0.0556 eff 0.0015 outinratio 0.0504 

ZH126_4mu_massZ2_genbin1_recobin3 acc 0.0573 eff 0.0036 outinratio 0.0927 

ttH126_4mu_massZ2_genbin1_recobin3 acc 0.0512 eff 0.0007 outinratio 0.1406 

ggH126_4mu_massZ2_genbin2_recobin3 acc 0.0389 eff 0.0447 outinratio 0.0413 

VBFH126_4mu_massZ2_genbin2_recobin3 acc 0.0436 eff 0.046 outinratio 0.0333 

WminusH126_4mu_massZ2_genbin2_recobin3 acc 0.0368 eff 0.0661 outinratio 0.0468 

WplusH126_4mu_massZ2_genbin2_recobin3 acc 0.0313 eff 0.0546 outinratio 0.0504 

ZH126_4mu_massZ2_genbin2_recobin3 acc 0.0289 eff 0.0583 outinratio 0.0927 

ttH126_4mu_massZ2_genbin2_recobin3 acc 0.0292 eff 0.0343 outinratio 0.1406 

ggH126_4mu_massZ2_genbin3_recobin3 acc 0.0815 eff 0.738 outinratio 0.0413 

VBFH126_4mu_massZ2_genbin3_recobin3 acc 0.0902 eff 0.7344 outinratio 0.0333 

WminusH126_4mu_massZ2_genbin3_recobin3 acc 0.0735 eff 0.7805 outinratio 0.0468 

WplusH126_4mu_massZ2_genbin3_recobin3 acc 0.0626 eff 0.6964 outinratio 0.0504 

ZH126_4mu_massZ2_genbin3_recobin3 acc 0.0685 eff 0.7084 outinratio 0.0927 

ttH126_4mu_massZ2_genbin3_recobin3 acc 0.0631 eff 0.7015 outinratio 0.1406 

ggH126_4mu_massZ2_genbin4_recobin3 acc 0.0345 eff 0.1096 outinratio 0.0413 

VBFH126_4mu_massZ2_genbin4_recobin3 acc 0.038 eff 0.095 outinratio 0.0333 

WminusH126_4mu_massZ2_genbin4_recobin3 acc 0.0276 eff 0.0863 outinratio 0.0468 

WplusH126_4mu_massZ2_genbin4_recobin3 acc 0.0243 eff 0.1086 outinratio 0.0504 

ZH126_4mu_massZ2_genbin4_recobin3 acc 0.027 eff 0.0835 outinratio 0.0927 

ttH126_4mu_massZ2_genbin4_recobin3 acc 0.0252 eff 0.101 outinratio 0.1406 

ggH126_4mu_massZ2_genbin5_recobin3 acc 0.0486 eff 0.0115 outinratio 0.0413 

VBFH126_4mu_massZ2_genbin5_recobin3 acc 0.0536 eff 0.0098 outinratio 0.0333 

WminusH126_4mu_massZ2_genbin5_recobin3 acc 0.0391 eff 0.0 outinratio 0.0468 

WplusH126_4mu_massZ2_genbin5_recobin3 acc 0.0349 eff 0.0246 outinratio 0.0504 

ZH126_4mu_massZ2_genbin5_recobin3 acc 0.0366 eff 0.012 outinratio 0.0927 

ttH126_4mu_massZ2_genbin5_recobin3 acc 0.0363 eff 0.0125 outinratio 0.1406 

ggH126_4mu_massZ2_genbin6_recobin3 acc 0.0385 eff 0.0024 outinratio 0.0413 

VBFH126_4mu_massZ2_genbin6_recobin3 acc 0.0415 eff 0.0012 outinratio 0.0333 

WminusH126_4mu_massZ2_genbin6_recobin3 acc 0.0352 eff 0.0 outinratio 0.0468 

WplusH126_4mu_massZ2_genbin6_recobin3 acc 0.0317 eff 0.001 outinratio 0.0504 

ZH126_4mu_massZ2_genbin6_recobin3 acc 0.0297 eff 0.0053 outinratio 0.0927 

ttH126_4mu_massZ2_genbin6_recobin3 acc 0.0321 eff 0.0005 outinratio 0.1406 

ggH126_4mu_massZ2_genbin7_recobin3 acc 0.0205 eff 0.0007 outinratio 0.0413 

VBFH126_4mu_massZ2_genbin7_recobin3 acc 0.0216 eff 0.0 outinratio 0.0333 

WminusH126_4mu_massZ2_genbin7_recobin3 acc 0.0237 eff 0.0 outinratio 0.0468 

WplusH126_4mu_massZ2_genbin7_recobin3 acc 0.0126 eff 0.0089 outinratio 0.0504 

ZH126_4mu_massZ2_genbin7_recobin3 acc 0.0162 eff 0.0107 outinratio 0.0927 

ttH126_4mu_massZ2_genbin7_recobin3 acc 0.0174 eff 0.0 outinratio 0.1406 

ggH126_4mu_massZ2_genbin0_recobin4 acc 0.1033 eff 0.0 outinratio 0.0489 

VBFH126_4mu_massZ2_genbin0_recobin4 acc 0.1195 eff 0.0002 outinratio 0.0311 

WminusH126_4mu_massZ2_genbin0_recobin4 acc 0.1026 eff 0.0 outinratio 0.0205 

WplusH126_4mu_massZ2_genbin0_recobin4 acc 0.0788 eff 0.0 outinratio 0.0655 

ZH126_4mu_massZ2_genbin0_recobin4 acc 0.0956 eff 0.0 outinratio 0.1148 

ttH126_4mu_massZ2_genbin0_recobin4 acc 0.0875 eff 0.0021 outinratio 0.1153 

ggH126_4mu_massZ2_genbin1_recobin4 acc 0.0665 eff 0.0 outinratio 0.0489 

VBFH126_4mu_massZ2_genbin1_recobin4 acc 0.0754 eff 0.0008 outinratio 0.0311 

WminusH126_4mu_massZ2_genbin1_recobin4 acc 0.0651 eff 0.0 outinratio 0.0205 

WplusH126_4mu_massZ2_genbin1_recobin4 acc 0.0556 eff 0.0 outinratio 0.0655 

ZH126_4mu_massZ2_genbin1_recobin4 acc 0.0573 eff 0.0018 outinratio 0.1148 

ttH126_4mu_massZ2_genbin1_recobin4 acc 0.0512 eff 0.0009 outinratio 0.1153 

ggH126_4mu_massZ2_genbin2_recobin4 acc 0.0389 eff 0.0004 outinratio 0.0489 

VBFH126_4mu_massZ2_genbin2_recobin4 acc 0.0436 eff 0.0012 outinratio 0.0311 

WminusH126_4mu_massZ2_genbin2_recobin4 acc 0.0368 eff 0.0 outinratio 0.0205 

WplusH126_4mu_massZ2_genbin2_recobin4 acc 0.0313 eff 0.0 outinratio 0.0655 

ZH126_4mu_massZ2_genbin2_recobin4 acc 0.0289 eff 0.0 outinratio 0.1148 

ttH126_4mu_massZ2_genbin2_recobin4 acc 0.0292 eff 0.0 outinratio 0.1153 

ggH126_4mu_massZ2_genbin3_recobin4 acc 0.0815 eff 0.0299 outinratio 0.0489 

VBFH126_4mu_massZ2_genbin3_recobin4 acc 0.0902 eff 0.0293 outinratio 0.0311 

WminusH126_4mu_massZ2_genbin3_recobin4 acc 0.0735 eff -0.0031 outinratio 0.0205 

WplusH126_4mu_massZ2_genbin3_recobin4 acc 0.0626 eff 0.0334 outinratio 0.0655 

ZH126_4mu_massZ2_genbin3_recobin4 acc 0.0685 eff 0.032 outinratio 0.1148 

ttH126_4mu_massZ2_genbin3_recobin4 acc 0.0631 eff 0.028 outinratio 0.1153 

ggH126_4mu_massZ2_genbin4_recobin4 acc 0.0345 eff 0.6875 outinratio 0.0489 

VBFH126_4mu_massZ2_genbin4_recobin4 acc 0.038 eff 0.6589 outinratio 0.0311 

WminusH126_4mu_massZ2_genbin4_recobin4 acc 0.0276 eff 0.6515 outinratio 0.0205 

WplusH126_4mu_massZ2_genbin4_recobin4 acc 0.0243 eff 0.6395 outinratio 0.0655 

ZH126_4mu_massZ2_genbin4_recobin4 acc 0.027 eff 0.6688 outinratio 0.1148 

ttH126_4mu_massZ2_genbin4_recobin4 acc 0.0252 eff 0.6651 outinratio 0.1153 

ggH126_4mu_massZ2_genbin5_recobin4 acc 0.0486 eff 0.0592 outinratio 0.0489 

VBFH126_4mu_massZ2_genbin5_recobin4 acc 0.0536 eff 0.0573 outinratio 0.0311 

WminusH126_4mu_massZ2_genbin5_recobin4 acc 0.0391 eff 0.0816 outinratio 0.0205 

WplusH126_4mu_massZ2_genbin5_recobin4 acc 0.0349 eff 0.0564 outinratio 0.0655 

ZH126_4mu_massZ2_genbin5_recobin4 acc 0.0366 eff 0.0692 outinratio 0.1148 

ttH126_4mu_massZ2_genbin5_recobin4 acc 0.0363 eff 0.0522 outinratio 0.1153 

ggH126_4mu_massZ2_genbin6_recobin4 acc 0.0385 eff 0.0013 outinratio 0.0489 

VBFH126_4mu_massZ2_genbin6_recobin4 acc 0.0415 eff 0.0001 outinratio 0.0311 

WminusH126_4mu_massZ2_genbin6_recobin4 acc 0.0352 eff 0.0 outinratio 0.0205 

WplusH126_4mu_massZ2_genbin6_recobin4 acc 0.0317 eff 0.0 outinratio 0.0655 

ZH126_4mu_massZ2_genbin6_recobin4 acc 0.0297 eff 0.0 outinratio 0.1148 

ttH126_4mu_massZ2_genbin6_recobin4 acc 0.0321 eff 0.0 outinratio 0.1153 

ggH126_4mu_massZ2_genbin7_recobin4 acc 0.0205 eff 0.0 outinratio 0.0489 

VBFH126_4mu_massZ2_genbin7_recobin4 acc 0.0216 eff 0.0 outinratio 0.0311 

WminusH126_4mu_massZ2_genbin7_recobin4 acc 0.0237 eff 0.0 outinratio 0.0205 

WplusH126_4mu_massZ2_genbin7_recobin4 acc 0.0126 eff 0.0157 outinratio 0.0655 

ZH126_4mu_massZ2_genbin7_recobin4 acc 0.0162 eff 0.005 outinratio 0.1148 

ttH126_4mu_massZ2_genbin7_recobin4 acc 0.0174 eff 0.0 outinratio 0.1153 

ggH126_4mu_massZ2_genbin0_recobin5 acc 0.1033 eff 0.0007 outinratio 0.0461 

VBFH126_4mu_massZ2_genbin0_recobin5 acc 0.1195 eff 0.0002 outinratio 0.0249 

WminusH126_4mu_massZ2_genbin0_recobin5 acc 0.1026 eff 0.0 outinratio 0.0 

WplusH126_4mu_massZ2_genbin0_recobin5 acc 0.0788 eff 0.0 outinratio 0.0457 

ZH126_4mu_massZ2_genbin0_recobin5 acc 0.0956 eff 0.0004 outinratio 0.0687 

ttH126_4mu_massZ2_genbin0_recobin5 acc 0.0875 eff 0.0 outinratio 0.1884 

ggH126_4mu_massZ2_genbin1_recobin5 acc 0.0665 eff 0.0 outinratio 0.0461 

VBFH126_4mu_massZ2_genbin1_recobin5 acc 0.0754 eff 0.0005 outinratio 0.0249 

WminusH126_4mu_massZ2_genbin1_recobin5 acc 0.0651 eff 0.0 outinratio 0.0 

WplusH126_4mu_massZ2_genbin1_recobin5 acc 0.0556 eff 0.0 outinratio 0.0457 

ZH126_4mu_massZ2_genbin1_recobin5 acc 0.0573 eff 0.0028 outinratio 0.0687 

ttH126_4mu_massZ2_genbin1_recobin5 acc 0.0512 eff 0.0 outinratio 0.1884 

ggH126_4mu_massZ2_genbin2_recobin5 acc 0.0389 eff 0.0 outinratio 0.0461 

VBFH126_4mu_massZ2_genbin2_recobin5 acc 0.0436 eff 0.0009 outinratio 0.0249 

WminusH126_4mu_massZ2_genbin2_recobin5 acc 0.0368 eff 0.0 outinratio 0.0 

WplusH126_4mu_massZ2_genbin2_recobin5 acc 0.0313 eff 0.0 outinratio 0.0457 

ZH126_4mu_massZ2_genbin2_recobin5 acc 0.0289 eff 0.0 outinratio 0.0687 

ttH126_4mu_massZ2_genbin2_recobin5 acc 0.0292 eff 0.0 outinratio 0.1884 

ggH126_4mu_massZ2_genbin3_recobin5 acc 0.0815 eff 0.0014 outinratio 0.0461 

VBFH126_4mu_massZ2_genbin3_recobin5 acc 0.0902 eff 0.0015 outinratio 0.0249 

WminusH126_4mu_massZ2_genbin3_recobin5 acc 0.0735 eff 0.0 outinratio 0.0 

WplusH126_4mu_massZ2_genbin3_recobin5 acc 0.0626 eff 0.0029 outinratio 0.0457 

ZH126_4mu_massZ2_genbin3_recobin5 acc 0.0685 eff 0.0052 outinratio 0.0687 

ttH126_4mu_massZ2_genbin3_recobin5 acc 0.0631 eff 0.0015 outinratio 0.1884 

ggH126_4mu_massZ2_genbin4_recobin5 acc 0.0345 eff 0.0486 outinratio 0.0461 

VBFH126_4mu_massZ2_genbin4_recobin5 acc 0.038 eff 0.055 outinratio 0.0249 

WminusH126_4mu_massZ2_genbin4_recobin5 acc 0.0276 eff 0.0543 outinratio 0.0 

WplusH126_4mu_massZ2_genbin4_recobin5 acc 0.0243 eff 0.0313 outinratio 0.0457 

ZH126_4mu_massZ2_genbin4_recobin5 acc 0.027 eff 0.0465 outinratio 0.0687 

ttH126_4mu_massZ2_genbin4_recobin5 acc 0.0252 eff 0.0445 outinratio 0.1884 

ggH126_4mu_massZ2_genbin5_recobin5 acc 0.0486 eff 0.7437 outinratio 0.0461 

VBFH126_4mu_massZ2_genbin5_recobin5 acc 0.0536 eff 0.7375 outinratio 0.0249 

WminusH126_4mu_massZ2_genbin5_recobin5 acc 0.0391 eff 0.7159 outinratio 0.0 

WplusH126_4mu_massZ2_genbin5_recobin5 acc 0.0349 eff 0.7221 outinratio 0.0457 

ZH126_4mu_massZ2_genbin5_recobin5 acc 0.0366 eff 0.739 outinratio 0.0687 

ttH126_4mu_massZ2_genbin5_recobin5 acc 0.0363 eff 0.7227 outinratio 0.1884 

ggH126_4mu_massZ2_genbin6_recobin5 acc 0.0385 eff 0.0463 outinratio 0.0461 

VBFH126_4mu_massZ2_genbin6_recobin5 acc 0.0415 eff 0.0299 outinratio 0.0249 

WminusH126_4mu_massZ2_genbin6_recobin5 acc 0.0352 eff 0.0789 outinratio 0.0 

WplusH126_4mu_massZ2_genbin6_recobin5 acc 0.0317 eff 0.0429 outinratio 0.0457 

ZH126_4mu_massZ2_genbin6_recobin5 acc 0.0297 eff 0.0479 outinratio 0.0687 

ttH126_4mu_massZ2_genbin6_recobin5 acc 0.0321 eff 0.0341 outinratio 0.1884 

ggH126_4mu_massZ2_genbin7_recobin5 acc 0.0205 eff 0.0003 outinratio 0.0461 

VBFH126_4mu_massZ2_genbin7_recobin5 acc 0.0216 eff 0.0032 outinratio 0.0249 

WminusH126_4mu_massZ2_genbin7_recobin5 acc 0.0237 eff 0.0 outinratio 0.0 

WplusH126_4mu_massZ2_genbin7_recobin5 acc 0.0126 eff 0.0 outinratio 0.0457 

ZH126_4mu_massZ2_genbin7_recobin5 acc 0.0162 eff 0.0 outinratio 0.0687 

ttH126_4mu_massZ2_genbin7_recobin5 acc 0.0174 eff 0.0037 outinratio 0.1884 

ggH126_4mu_massZ2_genbin0_recobin6 acc 0.1033 eff 0.0011 outinratio 0.0427 

VBFH126_4mu_massZ2_genbin0_recobin6 acc 0.1195 eff 0.0005 outinratio 0.0235 

WminusH126_4mu_massZ2_genbin0_recobin6 acc 0.1026 eff 0.0 outinratio 0.0208 

WplusH126_4mu_massZ2_genbin0_recobin6 acc 0.0788 eff 0.0 outinratio 0.0556 

ZH126_4mu_massZ2_genbin0_recobin6 acc 0.0956 eff 0.0007 outinratio 0.0843 

ttH126_4mu_massZ2_genbin0_recobin6 acc 0.0875 eff 0.0 outinratio 0.114 

ggH126_4mu_massZ2_genbin1_recobin6 acc 0.0665 eff 0.0005 outinratio 0.0427 

VBFH126_4mu_massZ2_genbin1_recobin6 acc 0.0754 eff 0.0002 outinratio 0.0235 

WminusH126_4mu_massZ2_genbin1_recobin6 acc 0.0651 eff 0.0 outinratio 0.0208 

WplusH126_4mu_massZ2_genbin1_recobin6 acc 0.0556 eff 0.0 outinratio 0.0556 

ZH126_4mu_massZ2_genbin1_recobin6 acc 0.0573 eff 0.0 outinratio 0.0843 

ttH126_4mu_massZ2_genbin1_recobin6 acc 0.0512 eff 0.0 outinratio 0.114 

ggH126_4mu_massZ2_genbin2_recobin6 acc 0.0389 eff 0.0013 outinratio 0.0427 

VBFH126_4mu_massZ2_genbin2_recobin6 acc 0.0436 eff 0.0007 outinratio 0.0235 

WminusH126_4mu_massZ2_genbin2_recobin6 acc 0.0368 eff 0.0 outinratio 0.0208 

WplusH126_4mu_massZ2_genbin2_recobin6 acc 0.0313 eff 0.0 outinratio 0.0556 

ZH126_4mu_massZ2_genbin2_recobin6 acc 0.0289 eff 0.0 outinratio 0.0843 

ttH126_4mu_massZ2_genbin2_recobin6 acc 0.0292 eff 0.0006 outinratio 0.114 

ggH126_4mu_massZ2_genbin3_recobin6 acc 0.0815 eff 0.0008 outinratio 0.0427 

VBFH126_4mu_massZ2_genbin3_recobin6 acc 0.0902 eff 0.0012 outinratio 0.0235 

WminusH126_4mu_massZ2_genbin3_recobin6 acc 0.0735 eff 0.0 outinratio 0.0208 

WplusH126_4mu_massZ2_genbin3_recobin6 acc 0.0626 eff 0.0013 outinratio 0.0556 

ZH126_4mu_massZ2_genbin3_recobin6 acc 0.0685 eff 0.002 outinratio 0.0843 

ttH126_4mu_massZ2_genbin3_recobin6 acc 0.0631 eff 0.0 outinratio 0.114 

ggH126_4mu_massZ2_genbin4_recobin6 acc 0.0345 eff 0.0012 outinratio 0.0427 

VBFH126_4mu_massZ2_genbin4_recobin6 acc 0.038 eff 0.0007 outinratio 0.0235 

WminusH126_4mu_massZ2_genbin4_recobin6 acc 0.0276 eff 0.0 outinratio 0.0208 

WplusH126_4mu_massZ2_genbin4_recobin6 acc 0.0243 eff 0.0 outinratio 0.0556 

ZH126_4mu_massZ2_genbin4_recobin6 acc 0.027 eff 0.0 outinratio 0.0843 

ttH126_4mu_massZ2_genbin4_recobin6 acc 0.0252 eff 0.0024 outinratio 0.114 

ggH126_4mu_massZ2_genbin5_recobin6 acc 0.0486 eff 0.0213 outinratio 0.0427 

VBFH126_4mu_massZ2_genbin5_recobin6 acc 0.0536 eff 0.0186 outinratio 0.0235 

WminusH126_4mu_massZ2_genbin5_recobin6 acc 0.0391 eff 0.0 outinratio 0.0208 

WplusH126_4mu_massZ2_genbin5_recobin6 acc 0.0349 eff 0.0277 outinratio 0.0556 

ZH126_4mu_massZ2_genbin5_recobin6 acc 0.0366 eff 0.0181 outinratio 0.0843 

ttH126_4mu_massZ2_genbin5_recobin6 acc 0.0363 eff 0.0129 outinratio 0.114 

ggH126_4mu_massZ2_genbin6_recobin6 acc 0.0385 eff 0.7636 outinratio 0.0427 

VBFH126_4mu_massZ2_genbin6_recobin6 acc 0.0415 eff 0.792 outinratio 0.0235 

WminusH126_4mu_massZ2_genbin6_recobin6 acc 0.0352 eff 0.7284 outinratio 0.0208 

WplusH126_4mu_massZ2_genbin6_recobin6 acc 0.0317 eff 0.7392 outinratio 0.0556 

ZH126_4mu_massZ2_genbin6_recobin6 acc 0.0297 eff 0.7893 outinratio 0.0843 

ttH126_4mu_massZ2_genbin6_recobin6 acc 0.0321 eff 0.7782 outinratio 0.114 

ggH126_4mu_massZ2_genbin7_recobin6 acc 0.0205 eff 0.0529 outinratio 0.0427 

VBFH126_4mu_massZ2_genbin7_recobin6 acc 0.0216 eff 0.0489 outinratio 0.0235 

WminusH126_4mu_massZ2_genbin7_recobin6 acc 0.0237 eff 0.0 outinratio 0.0208 

WplusH126_4mu_massZ2_genbin7_recobin6 acc 0.0126 eff 0.022 outinratio 0.0556 

ZH126_4mu_massZ2_genbin7_recobin6 acc 0.0162 eff 0.0468 outinratio 0.0843 

ttH126_4mu_massZ2_genbin7_recobin6 acc 0.0174 eff 0.0384 outinratio 0.114 

ggH126_4mu_massZ2_genbin0_recobin7 acc 0.1033 eff 0.0001 outinratio 0.033 

VBFH126_4mu_massZ2_genbin0_recobin7 acc 0.1195 eff 0.0005 outinratio 0.0226 

WminusH126_4mu_massZ2_genbin0_recobin7 acc 0.1026 eff 0.0 outinratio 0.0382 

WplusH126_4mu_massZ2_genbin0_recobin7 acc 0.0788 eff 0.0 outinratio 0.0245 

ZH126_4mu_massZ2_genbin0_recobin7 acc 0.0956 eff 0.0 outinratio 0.1085 

ttH126_4mu_massZ2_genbin0_recobin7 acc 0.0875 eff 0.0 outinratio 0.0926 

ggH126_4mu_massZ2_genbin1_recobin7 acc 0.0665 eff 0.0 outinratio 0.033 

VBFH126_4mu_massZ2_genbin1_recobin7 acc 0.0754 eff 0.0002 outinratio 0.0226 

WminusH126_4mu_massZ2_genbin1_recobin7 acc 0.0651 eff 0.0 outinratio 0.0382 

WplusH126_4mu_massZ2_genbin1_recobin7 acc 0.0556 eff 0.0 outinratio 0.0245 

ZH126_4mu_massZ2_genbin1_recobin7 acc 0.0573 eff 0.001 outinratio 0.1085 

ttH126_4mu_massZ2_genbin1_recobin7 acc 0.0512 eff 0.0 outinratio 0.0926 

ggH126_4mu_massZ2_genbin2_recobin7 acc 0.0389 eff 0.0 outinratio 0.033 

VBFH126_4mu_massZ2_genbin2_recobin7 acc 0.0436 eff 0.0 outinratio 0.0226 

WminusH126_4mu_massZ2_genbin2_recobin7 acc 0.0368 eff 0.0 outinratio 0.0382 

WplusH126_4mu_massZ2_genbin2_recobin7 acc 0.0313 eff 0.0 outinratio 0.0245 

ZH126_4mu_massZ2_genbin2_recobin7 acc 0.0289 eff 0.0 outinratio 0.1085 

ttH126_4mu_massZ2_genbin2_recobin7 acc 0.0292 eff 0.0 outinratio 0.0926 

ggH126_4mu_massZ2_genbin3_recobin7 acc 0.0815 eff 0.0 outinratio 0.033 

VBFH126_4mu_massZ2_genbin3_recobin7 acc 0.0902 eff 0.0 outinratio 0.0226 

WminusH126_4mu_massZ2_genbin3_recobin7 acc 0.0735 eff 0.0 outinratio 0.0382 

WplusH126_4mu_massZ2_genbin3_recobin7 acc 0.0626 eff 0.0032 outinratio 0.0245 

ZH126_4mu_massZ2_genbin3_recobin7 acc 0.0685 eff 0.0 outinratio 0.1085 

ttH126_4mu_massZ2_genbin3_recobin7 acc 0.0631 eff 0.0 outinratio 0.0926 

ggH126_4mu_massZ2_genbin4_recobin7 acc 0.0345 eff 0.0004 outinratio 0.033 

VBFH126_4mu_massZ2_genbin4_recobin7 acc 0.038 eff 0.0 outinratio 0.0226 

WminusH126_4mu_massZ2_genbin4_recobin7 acc 0.0276 eff 0.0 outinratio 0.0382 

WplusH126_4mu_massZ2_genbin4_recobin7 acc 0.0243 eff 0.0 outinratio 0.0245 

ZH126_4mu_massZ2_genbin4_recobin7 acc 0.027 eff 0.0 outinratio 0.1085 

ttH126_4mu_massZ2_genbin4_recobin7 acc 0.0252 eff 0.0 outinratio 0.0926 

ggH126_4mu_massZ2_genbin5_recobin7 acc 0.0486 eff 0.0013 outinratio 0.033 

VBFH126_4mu_massZ2_genbin5_recobin7 acc 0.0536 eff 0.0008 outinratio 0.0226 

WminusH126_4mu_massZ2_genbin5_recobin7 acc 0.0391 eff 0.0 outinratio 0.0382 

WplusH126_4mu_massZ2_genbin5_recobin7 acc 0.0349 eff 0.0 outinratio 0.0245 

ZH126_4mu_massZ2_genbin5_recobin7 acc 0.0366 eff 0.0 outinratio 0.1085 

ttH126_4mu_massZ2_genbin5_recobin7 acc 0.0363 eff 0.0 outinratio 0.0926 

ggH126_4mu_massZ2_genbin6_recobin7 acc 0.0385 eff 0.0181 outinratio 0.033 

VBFH126_4mu_massZ2_genbin6_recobin7 acc 0.0415 eff 0.0161 outinratio 0.0226 

WminusH126_4mu_massZ2_genbin6_recobin7 acc 0.0352 eff 0.0197 outinratio 0.0382 

WplusH126_4mu_massZ2_genbin6_recobin7 acc 0.0317 eff 0.0152 outinratio 0.0245 

ZH126_4mu_massZ2_genbin6_recobin7 acc 0.0297 eff 0.0122 outinratio 0.1085 

ttH126_4mu_massZ2_genbin6_recobin7 acc 0.0321 eff 0.0202 outinratio 0.0926 

ggH126_4mu_massZ2_genbin7_recobin7 acc 0.0205 eff 0.7488 outinratio 0.033 

VBFH126_4mu_massZ2_genbin7_recobin7 acc 0.0216 eff 0.7991 outinratio 0.0226 

WminusH126_4mu_massZ2_genbin7_recobin7 acc 0.0237 eff 0.6773 outinratio 0.0382 

WplusH126_4mu_massZ2_genbin7_recobin7 acc 0.0126 eff 0.707 outinratio 0.0245 

ZH126_4mu_massZ2_genbin7_recobin7 acc 0.0162 eff 0.7913 outinratio 0.1085 

ttH126_4mu_massZ2_genbin7_recobin7 acc 0.0174 eff 0.802 outinratio 0.0926 

ggH126_2e2mu_massZ2_genbin0_recobin0 acc 0.1 eff 0.4898 outinratio 0.0631 

VBFH126_2e2mu_massZ2_genbin0_recobin0 acc 0.1139 eff 0.518 outinratio 0.0434 

WminusH126_2e2mu_massZ2_genbin0_recobin0 acc 0.0911 eff 0.5048 outinratio 0.092 

WplusH126_2e2mu_massZ2_genbin0_recobin0 acc 0.0763 eff 0.4831 outinratio 0.1046 

ZH126_2e2mu_massZ2_genbin0_recobin0 acc 0.0874 eff 0.5014 outinratio 0.0959 

ttH126_2e2mu_massZ2_genbin0_recobin0 acc 0.0804 eff 0.4957 outinratio 0.1691 

ggH126_2e2mu_massZ2_genbin1_recobin0 acc 0.0627 eff 0.0398 outinratio 0.0631 

VBFH126_2e2mu_massZ2_genbin1_recobin0 acc 0.0736 eff 0.0486 outinratio 0.0434 

WminusH126_2e2mu_massZ2_genbin1_recobin0 acc 0.0576 eff 0.0624 outinratio 0.092 

WplusH126_2e2mu_massZ2_genbin1_recobin0 acc 0.0462 eff 0.0423 outinratio 0.1046 

ZH126_2e2mu_massZ2_genbin1_recobin0 acc 0.0564 eff 0.0413 outinratio 0.0959 

ttH126_2e2mu_massZ2_genbin1_recobin0 acc 0.0519 eff 0.0412 outinratio 0.1691 

ggH126_2e2mu_massZ2_genbin2_recobin0 acc 0.0369 eff 0.0039 outinratio 0.0631 

VBFH126_2e2mu_massZ2_genbin2_recobin0 acc 0.0417 eff 0.0037 outinratio 0.0434 

WminusH126_2e2mu_massZ2_genbin2_recobin0 acc 0.0317 eff 0.0 outinratio 0.092 

WplusH126_2e2mu_massZ2_genbin2_recobin0 acc 0.0294 eff 0.0028 outinratio 0.1046 

ZH126_2e2mu_massZ2_genbin2_recobin0 acc 0.0325 eff 0.0027 outinratio 0.0959 

ttH126_2e2mu_massZ2_genbin2_recobin0 acc 0.0287 eff 0.007 outinratio 0.1691 

ggH126_2e2mu_massZ2_genbin3_recobin0 acc 0.0806 eff 0.0014 outinratio 0.0631 

VBFH126_2e2mu_massZ2_genbin3_recobin0 acc 0.086 eff 0.0009 outinratio 0.0434 

WminusH126_2e2mu_massZ2_genbin3_recobin0 acc 0.0681 eff 0.0 outinratio 0.092 

WplusH126_2e2mu_massZ2_genbin3_recobin0 acc 0.0643 eff 0.001 outinratio 0.1046 

ZH126_2e2mu_massZ2_genbin3_recobin0 acc 0.0674 eff 0.0016 outinratio 0.0959 

ttH126_2e2mu_massZ2_genbin3_recobin0 acc 0.0609 eff 0.0012 outinratio 0.1691 

ggH126_2e2mu_massZ2_genbin4_recobin0 acc 0.0337 eff 0.0002 outinratio 0.0631 

VBFH126_2e2mu_massZ2_genbin4_recobin0 acc 0.0365 eff 0.0 outinratio 0.0434 

WminusH126_2e2mu_massZ2_genbin4_recobin0 acc 0.0313 eff 0.0 outinratio 0.092 

WplusH126_2e2mu_massZ2_genbin4_recobin0 acc 0.0274 eff 0.0 outinratio 0.1046 

ZH126_2e2mu_massZ2_genbin4_recobin0 acc 0.028 eff 0.0 outinratio 0.0959 

ttH126_2e2mu_massZ2_genbin4_recobin0 acc 0.0254 eff 0.0 outinratio 0.1691 

ggH126_2e2mu_massZ2_genbin5_recobin0 acc 0.041 eff 0.0006 outinratio 0.0631 

VBFH126_2e2mu_massZ2_genbin5_recobin0 acc 0.0449 eff 0.0002 outinratio 0.0434 

WminusH126_2e2mu_massZ2_genbin5_recobin0 acc 0.0359 eff 0.0 outinratio 0.092 

WplusH126_2e2mu_massZ2_genbin5_recobin0 acc 0.0299 eff 0.0017 outinratio 0.1046 

ZH126_2e2mu_massZ2_genbin5_recobin0 acc 0.033 eff 0.0 outinratio 0.0959 

ttH126_2e2mu_massZ2_genbin5_recobin0 acc 0.0311 eff 0.0 outinratio 0.1691 

ggH126_2e2mu_massZ2_genbin6_recobin0 acc 0.0312 eff 0.0 outinratio 0.0631 

VBFH126_2e2mu_massZ2_genbin6_recobin0 acc 0.0327 eff 0.0 outinratio 0.0434 

WminusH126_2e2mu_massZ2_genbin6_recobin0 acc 0.0213 eff 0.0 outinratio 0.092 

WplusH126_2e2mu_massZ2_genbin6_recobin0 acc 0.0205 eff 0.0 outinratio 0.1046 

ZH126_2e2mu_massZ2_genbin6_recobin0 acc 0.0252 eff 0.0 outinratio 0.0959 

ttH126_2e2mu_massZ2_genbin6_recobin0 acc 0.023 eff 0.0 outinratio 0.1691 

ggH126_2e2mu_massZ2_genbin7_recobin0 acc 0.0151 eff 0.0 outinratio 0.0631 

VBFH126_2e2mu_massZ2_genbin7_recobin0 acc 0.0163 eff 0.0 outinratio 0.0434 

WminusH126_2e2mu_massZ2_genbin7_recobin0 acc 0.01 eff 0.0 outinratio 0.092 

WplusH126_2e2mu_massZ2_genbin7_recobin0 acc 0.011 eff 0.0 outinratio 0.1046 

ZH126_2e2mu_massZ2_genbin7_recobin0 acc 0.0134 eff 0.0 outinratio 0.0959 

ttH126_2e2mu_massZ2_genbin7_recobin0 acc 0.0101 eff 0.0 outinratio 0.1691 

ggH126_2e2mu_massZ2_genbin0_recobin1 acc 0.1 eff 0.0109 outinratio 0.0658 

VBFH126_2e2mu_massZ2_genbin0_recobin1 acc 0.1139 eff 0.01 outinratio 0.0351 

WminusH126_2e2mu_massZ2_genbin0_recobin1 acc 0.0911 eff 0.0073 outinratio 0.0555 

WplusH126_2e2mu_massZ2_genbin0_recobin1 acc 0.0763 eff 0.0121 outinratio 0.0431 

ZH126_2e2mu_massZ2_genbin0_recobin1 acc 0.0874 eff 0.0099 outinratio 0.0706 

ttH126_2e2mu_massZ2_genbin0_recobin1 acc 0.0804 eff 0.0098 outinratio 0.1725 

ggH126_2e2mu_massZ2_genbin1_recobin1 acc 0.0627 eff 0.4553 outinratio 0.0658 

VBFH126_2e2mu_massZ2_genbin1_recobin1 acc 0.0736 eff 0.461 outinratio 0.0351 

WminusH126_2e2mu_massZ2_genbin1_recobin1 acc 0.0576 eff 0.4873 outinratio 0.0555 

WplusH126_2e2mu_massZ2_genbin1_recobin1 acc 0.0462 eff 0.4428 outinratio 0.0431 

ZH126_2e2mu_massZ2_genbin1_recobin1 acc 0.0564 eff 0.4534 outinratio 0.0706 

ttH126_2e2mu_massZ2_genbin1_recobin1 acc 0.0519 eff 0.4517 outinratio 0.1725 

ggH126_2e2mu_massZ2_genbin2_recobin1 acc 0.0369 eff 0.0944 outinratio 0.0658 

VBFH126_2e2mu_massZ2_genbin2_recobin1 acc 0.0417 eff 0.0858 outinratio 0.0351 

WminusH126_2e2mu_massZ2_genbin2_recobin1 acc 0.0317 eff 0.118 outinratio 0.0555 

WplusH126_2e2mu_massZ2_genbin2_recobin1 acc 0.0294 eff 0.1044 outinratio 0.0431 

ZH126_2e2mu_massZ2_genbin2_recobin1 acc 0.0325 eff 0.0961 outinratio 0.0706 

ttH126_2e2mu_massZ2_genbin2_recobin1 acc 0.0287 eff 0.0819 outinratio 0.1725 

ggH126_2e2mu_massZ2_genbin3_recobin1 acc 0.0806 eff 0.0146 outinratio 0.0658 

VBFH126_2e2mu_massZ2_genbin3_recobin1 acc 0.086 eff 0.0099 outinratio 0.0351 

WminusH126_2e2mu_massZ2_genbin3_recobin1 acc 0.0681 eff 0.0266 outinratio 0.0555 

WplusH126_2e2mu_massZ2_genbin3_recobin1 acc 0.0643 eff 0.0165 outinratio 0.0431 

ZH126_2e2mu_massZ2_genbin3_recobin1 acc 0.0674 eff 0.0125 outinratio 0.0706 

ttH126_2e2mu_massZ2_genbin3_recobin1 acc 0.0609 eff 0.0048 outinratio 0.1725 

ggH126_2e2mu_massZ2_genbin4_recobin1 acc 0.0337 eff 0.0036 outinratio 0.0658 

VBFH126_2e2mu_massZ2_genbin4_recobin1 acc 0.0365 eff 0.0018 outinratio 0.0351 

WminusH126_2e2mu_massZ2_genbin4_recobin1 acc 0.0313 eff 0.0 outinratio 0.0555 

WplusH126_2e2mu_massZ2_genbin4_recobin1 acc 0.0274 eff 0.0007 outinratio 0.0431 

ZH126_2e2mu_massZ2_genbin4_recobin1 acc 0.028 eff 0.0033 outinratio 0.0706 

ttH126_2e2mu_massZ2_genbin4_recobin1 acc 0.0254 eff 0.0015 outinratio 0.1725 

ggH126_2e2mu_massZ2_genbin5_recobin1 acc 0.041 eff 0.0021 outinratio 0.0658 

VBFH126_2e2mu_massZ2_genbin5_recobin1 acc 0.0449 eff 0.0001 outinratio 0.0351 

WminusH126_2e2mu_massZ2_genbin5_recobin1 acc 0.0359 eff 0.0 outinratio 0.0555 

WplusH126_2e2mu_massZ2_genbin5_recobin1 acc 0.0299 eff 0.0 outinratio 0.0431 

ZH126_2e2mu_massZ2_genbin5_recobin1 acc 0.033 eff 0.0012 outinratio 0.0706 

ttH126_2e2mu_massZ2_genbin5_recobin1 acc 0.0311 eff 0.0017 outinratio 0.1725 

ggH126_2e2mu_massZ2_genbin6_recobin1 acc 0.0312 eff 0.0 outinratio 0.0658 

VBFH126_2e2mu_massZ2_genbin6_recobin1 acc 0.0327 eff 0.0 outinratio 0.0351 

WminusH126_2e2mu_massZ2_genbin6_recobin1 acc 0.0213 eff 0.0 outinratio 0.0555 

WplusH126_2e2mu_massZ2_genbin6_recobin1 acc 0.0205 eff 0.0 outinratio 0.0431 

ZH126_2e2mu_massZ2_genbin6_recobin1 acc 0.0252 eff 0.0 outinratio 0.0706 

ttH126_2e2mu_massZ2_genbin6_recobin1 acc 0.023 eff 0.0 outinratio 0.1725 

ggH126_2e2mu_massZ2_genbin7_recobin1 acc 0.0151 eff 0.0 outinratio 0.0658 

VBFH126_2e2mu_massZ2_genbin7_recobin1 acc 0.0163 eff 0.0 outinratio 0.0351 

WminusH126_2e2mu_massZ2_genbin7_recobin1 acc 0.01 eff 0.0 outinratio 0.0555 

WplusH126_2e2mu_massZ2_genbin7_recobin1 acc 0.011 eff 0.0 outinratio 0.0431 

ZH126_2e2mu_massZ2_genbin7_recobin1 acc 0.0134 eff 0.0 outinratio 0.0706 

ttH126_2e2mu_massZ2_genbin7_recobin1 acc 0.0101 eff 0.0 outinratio 0.1725 

ggH126_2e2mu_massZ2_genbin0_recobin2 acc 0.1 eff 0.0 outinratio 0.0563 

VBFH126_2e2mu_massZ2_genbin0_recobin2 acc 0.1139 eff 0.0004 outinratio 0.0359 

WminusH126_2e2mu_massZ2_genbin0_recobin2 acc 0.0911 eff 0.0 outinratio 0.0859 

WplusH126_2e2mu_massZ2_genbin0_recobin2 acc 0.0763 eff 0.0008 outinratio 0.0647 

ZH126_2e2mu_massZ2_genbin0_recobin2 acc 0.0874 eff 0.0 outinratio 0.0646 

ttH126_2e2mu_massZ2_genbin0_recobin2 acc 0.0804 eff 0.0 outinratio 0.1631 

ggH126_2e2mu_massZ2_genbin1_recobin2 acc 0.0627 eff 0.0187 outinratio 0.0563 

VBFH126_2e2mu_massZ2_genbin1_recobin2 acc 0.0736 eff 0.0188 outinratio 0.0359 

WminusH126_2e2mu_massZ2_genbin1_recobin2 acc 0.0576 eff 0.043 outinratio 0.0859 

WplusH126_2e2mu_massZ2_genbin1_recobin2 acc 0.0462 eff 0.0273 outinratio 0.0647 

ZH126_2e2mu_massZ2_genbin1_recobin2 acc 0.0564 eff 0.0239 outinratio 0.0646 

ttH126_2e2mu_massZ2_genbin1_recobin2 acc 0.0519 eff 0.0203 outinratio 0.1631 

ggH126_2e2mu_massZ2_genbin2_recobin2 acc 0.0369 eff 0.3569 outinratio 0.0563 

VBFH126_2e2mu_massZ2_genbin2_recobin2 acc 0.0417 eff 0.3905 outinratio 0.0359 

WminusH126_2e2mu_massZ2_genbin2_recobin2 acc 0.0317 eff 0.3126 outinratio 0.0859 

WplusH126_2e2mu_massZ2_genbin2_recobin2 acc 0.0294 eff 0.3619 outinratio 0.0647 

ZH126_2e2mu_massZ2_genbin2_recobin2 acc 0.0325 eff 0.3669 outinratio 0.0646 

ttH126_2e2mu_massZ2_genbin2_recobin2 acc 0.0287 eff 0.4069 outinratio 0.1631 

ggH126_2e2mu_massZ2_genbin3_recobin2 acc 0.0806 eff 0.0504 outinratio 0.0563 

VBFH126_2e2mu_massZ2_genbin3_recobin2 acc 0.086 eff 0.0477 outinratio 0.0359 

WminusH126_2e2mu_massZ2_genbin3_recobin2 acc 0.0681 eff 0.0168 outinratio 0.0859 

WplusH126_2e2mu_massZ2_genbin3_recobin2 acc 0.0643 eff 0.0461 outinratio 0.0647 

ZH126_2e2mu_massZ2_genbin3_recobin2 acc 0.0674 eff 0.0455 outinratio 0.0646 

ttH126_2e2mu_massZ2_genbin3_recobin2 acc 0.0609 eff 0.0471 outinratio 0.1631 

ggH126_2e2mu_massZ2_genbin4_recobin2 acc 0.0337 eff 0.004 outinratio 0.0563 

VBFH126_2e2mu_massZ2_genbin4_recobin2 acc 0.0365 eff 0.0018 outinratio 0.0359 

WminusH126_2e2mu_massZ2_genbin4_recobin2 acc 0.0313 eff 0.0463 outinratio 0.0859 

WplusH126_2e2mu_massZ2_genbin4_recobin2 acc 0.0274 eff 0.0016 outinratio 0.0647 

ZH126_2e2mu_massZ2_genbin4_recobin2 acc 0.028 eff 0.0038 outinratio 0.0646 

ttH126_2e2mu_massZ2_genbin4_recobin2 acc 0.0254 eff 0.0093 outinratio 0.1631 

ggH126_2e2mu_massZ2_genbin5_recobin2 acc 0.041 eff 0.0012 outinratio 0.0563 

VBFH126_2e2mu_massZ2_genbin5_recobin2 acc 0.0449 eff 0.0014 outinratio 0.0359 

WminusH126_2e2mu_massZ2_genbin5_recobin2 acc 0.0359 eff 0.0 outinratio 0.0859 

WplusH126_2e2mu_massZ2_genbin5_recobin2 acc 0.0299 eff 0.0 outinratio 0.0647 

ZH126_2e2mu_massZ2_genbin5_recobin2 acc 0.033 eff 0.0041 outinratio 0.0646 

ttH126_2e2mu_massZ2_genbin5_recobin2 acc 0.0311 eff 0.0006 outinratio 0.1631 

ggH126_2e2mu_massZ2_genbin6_recobin2 acc 0.0312 eff 0.0 outinratio 0.0563 

VBFH126_2e2mu_massZ2_genbin6_recobin2 acc 0.0327 eff 0.0001 outinratio 0.0359 

WminusH126_2e2mu_massZ2_genbin6_recobin2 acc 0.0213 eff 0.0 outinratio 0.0859 

WplusH126_2e2mu_massZ2_genbin6_recobin2 acc 0.0205 eff 0.0 outinratio 0.0647 

ZH126_2e2mu_massZ2_genbin6_recobin2 acc 0.0252 eff 0.0 outinratio 0.0646 

ttH126_2e2mu_massZ2_genbin6_recobin2 acc 0.023 eff 0.0 outinratio 0.1631 

ggH126_2e2mu_massZ2_genbin7_recobin2 acc 0.0151 eff 0.0 outinratio 0.0563 

VBFH126_2e2mu_massZ2_genbin7_recobin2 acc 0.0163 eff 0.0 outinratio 0.0359 

WminusH126_2e2mu_massZ2_genbin7_recobin2 acc 0.01 eff 0.0 outinratio 0.0859 

WplusH126_2e2mu_massZ2_genbin7_recobin2 acc 0.011 eff 0.0 outinratio 0.0647 

ZH126_2e2mu_massZ2_genbin7_recobin2 acc 0.0134 eff 0.0 outinratio 0.0646 

ttH126_2e2mu_massZ2_genbin7_recobin2 acc 0.0101 eff 0.0 outinratio 0.1631 

ggH126_2e2mu_massZ2_genbin0_recobin3 acc 0.1 eff 0.0005 outinratio 0.0486 

VBFH126_2e2mu_massZ2_genbin0_recobin3 acc 0.1139 eff 0.0001 outinratio 0.036 

WminusH126_2e2mu_massZ2_genbin0_recobin3 acc 0.0911 eff 0.0 outinratio 0.0572 

WplusH126_2e2mu_massZ2_genbin0_recobin3 acc 0.0763 eff 0.0012 outinratio 0.0627 

ZH126_2e2mu_massZ2_genbin0_recobin3 acc 0.0874 eff 0.0 outinratio 0.0855 

ttH126_2e2mu_massZ2_genbin0_recobin3 acc 0.0804 eff 0.0005 outinratio 0.1449 

ggH126_2e2mu_massZ2_genbin1_recobin3 acc 0.0627 eff 0.0016 outinratio 0.0486 

VBFH126_2e2mu_massZ2_genbin1_recobin3 acc 0.0736 eff 0.0016 outinratio 0.036 

WminusH126_2e2mu_massZ2_genbin1_recobin3 acc 0.0576 eff 0.0 outinratio 0.0572 

WplusH126_2e2mu_massZ2_genbin1_recobin3 acc 0.0462 eff 0.0005 outinratio 0.0627 

ZH126_2e2mu_massZ2_genbin1_recobin3 acc 0.0564 eff -0.0007 outinratio 0.0855 

ttH126_2e2mu_massZ2_genbin1_recobin3 acc 0.0519 eff 0.0002 outinratio 0.1449 

ggH126_2e2mu_massZ2_genbin2_recobin3 acc 0.0369 eff 0.0433 outinratio 0.0486 

VBFH126_2e2mu_massZ2_genbin2_recobin3 acc 0.0417 eff 0.0429 outinratio 0.036 

WminusH126_2e2mu_massZ2_genbin2_recobin3 acc 0.0317 eff 0.0609 outinratio 0.0572 

WplusH126_2e2mu_massZ2_genbin2_recobin3 acc 0.0294 eff 0.0604 outinratio 0.0627 

ZH126_2e2mu_massZ2_genbin2_recobin3 acc 0.0325 eff 0.0381 outinratio 0.0855 

ttH126_2e2mu_massZ2_genbin2_recobin3 acc 0.0287 eff 0.0432 outinratio 0.1449 

ggH126_2e2mu_massZ2_genbin3_recobin3 acc 0.0806 eff 0.4243 outinratio 0.0486 

VBFH126_2e2mu_massZ2_genbin3_recobin3 acc 0.086 eff 0.4476 outinratio 0.036 

WminusH126_2e2mu_massZ2_genbin3_recobin3 acc 0.0681 eff 0.3972 outinratio 0.0572 

WplusH126_2e2mu_massZ2_genbin3_recobin3 acc 0.0643 eff 0.4137 outinratio 0.0627 

ZH126_2e2mu_massZ2_genbin3_recobin3 acc 0.0674 eff 0.4452 outinratio 0.0855 

ttH126_2e2mu_massZ2_genbin3_recobin3 acc 0.0609 eff 0.4332 outinratio 0.1449 

ggH126_2e2mu_massZ2_genbin4_recobin3 acc 0.0337 eff 0.1139 outinratio 0.0486 

VBFH126_2e2mu_massZ2_genbin4_recobin3 acc 0.0365 eff 0.111 outinratio 0.036 

WminusH126_2e2mu_massZ2_genbin4_recobin3 acc 0.0313 eff 0.1001 outinratio 0.0572 

WplusH126_2e2mu_massZ2_genbin4_recobin3 acc 0.0274 eff 0.0989 outinratio 0.0627 

ZH126_2e2mu_massZ2_genbin4_recobin3 acc 0.028 eff 0.1301 outinratio 0.0855 

ttH126_2e2mu_massZ2_genbin4_recobin3 acc 0.0254 eff 0.1029 outinratio 0.1449 

ggH126_2e2mu_massZ2_genbin5_recobin3 acc 0.041 eff 0.0145 outinratio 0.0486 

VBFH126_2e2mu_massZ2_genbin5_recobin3 acc 0.0449 eff 0.0168 outinratio 0.036 

WminusH126_2e2mu_massZ2_genbin5_recobin3 acc 0.0359 eff 0.0335 outinratio 0.0572 

WplusH126_2e2mu_massZ2_genbin5_recobin3 acc 0.0299 eff 0.0127 outinratio 0.0627 

ZH126_2e2mu_massZ2_genbin5_recobin3 acc 0.033 eff 0.0059 outinratio 0.0855 

ttH126_2e2mu_massZ2_genbin5_recobin3 acc 0.0311 eff 0.0094 outinratio 0.1449 

ggH126_2e2mu_massZ2_genbin6_recobin3 acc 0.0312 eff 0.001 outinratio 0.0486 

VBFH126_2e2mu_massZ2_genbin6_recobin3 acc 0.0327 eff 0.0026 outinratio 0.036 

WminusH126_2e2mu_massZ2_genbin6_recobin3 acc 0.0213 eff 0.0 outinratio 0.0572 

WplusH126_2e2mu_massZ2_genbin6_recobin3 acc 0.0205 eff 0.0 outinratio 0.0627 

ZH126_2e2mu_massZ2_genbin6_recobin3 acc 0.0252 eff 0.0 outinratio 0.0855 

ttH126_2e2mu_massZ2_genbin6_recobin3 acc 0.023 eff 0.0 outinratio 0.1449 

ggH126_2e2mu_massZ2_genbin7_recobin3 acc 0.0151 eff 0.0 outinratio 0.0486 

VBFH126_2e2mu_massZ2_genbin7_recobin3 acc 0.0163 eff 0.0 outinratio 0.036 

WminusH126_2e2mu_massZ2_genbin7_recobin3 acc 0.01 eff 0.0 outinratio 0.0572 

WplusH126_2e2mu_massZ2_genbin7_recobin3 acc 0.011 eff 0.0 outinratio 0.0627 

ZH126_2e2mu_massZ2_genbin7_recobin3 acc 0.0134 eff 0.0 outinratio 0.0855 

ttH126_2e2mu_massZ2_genbin7_recobin3 acc 0.0101 eff 0.0 outinratio 0.1449 

ggH126_2e2mu_massZ2_genbin0_recobin4 acc 0.1 eff 0.0 outinratio 0.045 

VBFH126_2e2mu_massZ2_genbin0_recobin4 acc 0.1139 eff 0.0001 outinratio 0.0411 

WminusH126_2e2mu_massZ2_genbin0_recobin4 acc 0.0911 eff 0.0 outinratio 0.0383 

WplusH126_2e2mu_massZ2_genbin0_recobin4 acc 0.0763 eff 0.0 outinratio 0.1305 

ZH126_2e2mu_massZ2_genbin0_recobin4 acc 0.0874 eff 0.0005 outinratio 0.0879 

ttH126_2e2mu_massZ2_genbin0_recobin4 acc 0.0804 eff 0.0 outinratio 0.146 

ggH126_2e2mu_massZ2_genbin1_recobin4 acc 0.0627 eff 0.0003 outinratio 0.045 

VBFH126_2e2mu_massZ2_genbin1_recobin4 acc 0.0736 eff 0.0004 outinratio 0.0411 

WminusH126_2e2mu_massZ2_genbin1_recobin4 acc 0.0576 eff 0.0 outinratio 0.0383 

WplusH126_2e2mu_massZ2_genbin1_recobin4 acc 0.0462 eff 0.0003 outinratio 0.1305 

ZH126_2e2mu_massZ2_genbin1_recobin4 acc 0.0564 eff 0.0003 outinratio 0.0879 

ttH126_2e2mu_massZ2_genbin1_recobin4 acc 0.0519 eff 0.0 outinratio 0.146 

ggH126_2e2mu_massZ2_genbin2_recobin4 acc 0.0369 eff 0.0002 outinratio 0.045 

VBFH126_2e2mu_massZ2_genbin2_recobin4 acc 0.0417 eff 0.0006 outinratio 0.0411 

WminusH126_2e2mu_massZ2_genbin2_recobin4 acc 0.0317 eff 0.0 outinratio 0.0383 

WplusH126_2e2mu_massZ2_genbin2_recobin4 acc 0.0294 eff 0.0 outinratio 0.1305 

ZH126_2e2mu_massZ2_genbin2_recobin4 acc 0.0325 eff 0.0 outinratio 0.0879 

ttH126_2e2mu_massZ2_genbin2_recobin4 acc 0.0287 eff 0.0017 outinratio 0.146 

ggH126_2e2mu_massZ2_genbin3_recobin4 acc 0.0806 eff 0.0262 outinratio 0.045 

VBFH126_2e2mu_massZ2_genbin3_recobin4 acc 0.086 eff 0.0255 outinratio 0.0411 

WminusH126_2e2mu_massZ2_genbin3_recobin4 acc 0.0681 eff 0.0363 outinratio 0.0383 

WplusH126_2e2mu_massZ2_genbin3_recobin4 acc 0.0643 eff 0.0213 outinratio 0.1305 

ZH126_2e2mu_massZ2_genbin3_recobin4 acc 0.0674 eff 0.0253 outinratio 0.0879 

ttH126_2e2mu_massZ2_genbin3_recobin4 acc 0.0609 eff 0.0213 outinratio 0.146 

ggH126_2e2mu_massZ2_genbin4_recobin4 acc 0.0337 eff 0.3613 outinratio 0.045 

VBFH126_2e2mu_massZ2_genbin4_recobin4 acc 0.0365 eff 0.3738 outinratio 0.0411 

WminusH126_2e2mu_massZ2_genbin4_recobin4 acc 0.0313 eff 0.3112 outinratio 0.0383 

WplusH126_2e2mu_massZ2_genbin4_recobin4 acc 0.0274 eff 0.3489 outinratio 0.1305 

ZH126_2e2mu_massZ2_genbin4_recobin4 acc 0.028 eff 0.3567 outinratio 0.0879 

ttH126_2e2mu_massZ2_genbin4_recobin4 acc 0.0254 eff 0.3678 outinratio 0.146 

ggH126_2e2mu_massZ2_genbin5_recobin4 acc 0.041 eff 0.0665 outinratio 0.045 

VBFH126_2e2mu_massZ2_genbin5_recobin4 acc 0.0449 eff 0.062 outinratio 0.0411 

WminusH126_2e2mu_massZ2_genbin5_recobin4 acc 0.0359 eff 0.0487 outinratio 0.0383 

WplusH126_2e2mu_massZ2_genbin5_recobin4 acc 0.0299 eff 0.0415 outinratio 0.1305 

ZH126_2e2mu_massZ2_genbin5_recobin4 acc 0.033 eff 0.0527 outinratio 0.0879 

ttH126_2e2mu_massZ2_genbin5_recobin4 acc 0.0311 eff 0.0641 outinratio 0.146 

ggH126_2e2mu_massZ2_genbin6_recobin4 acc 0.0312 eff 0.0012 outinratio 0.045 

VBFH126_2e2mu_massZ2_genbin6_recobin4 acc 0.0327 eff 0.0008 outinratio 0.0411 

WminusH126_2e2mu_massZ2_genbin6_recobin4 acc 0.0213 eff 0.0 outinratio 0.0383 

WplusH126_2e2mu_massZ2_genbin6_recobin4 acc 0.0205 eff 0.0023 outinratio 0.1305 

ZH126_2e2mu_massZ2_genbin6_recobin4 acc 0.0252 eff 0.0 outinratio 0.0879 

ttH126_2e2mu_massZ2_genbin6_recobin4 acc 0.023 eff 0.0 outinratio 0.146 

ggH126_2e2mu_massZ2_genbin7_recobin4 acc 0.0151 eff 0.0005 outinratio 0.045 

VBFH126_2e2mu_massZ2_genbin7_recobin4 acc 0.0163 eff 0.0001 outinratio 0.0411 

WminusH126_2e2mu_massZ2_genbin7_recobin4 acc 0.01 eff 0.0 outinratio 0.0383 

WplusH126_2e2mu_massZ2_genbin7_recobin4 acc 0.011 eff 0.0 outinratio 0.1305 

ZH126_2e2mu_massZ2_genbin7_recobin4 acc 0.0134 eff 0.0 outinratio 0.0879 

ttH126_2e2mu_massZ2_genbin7_recobin4 acc 0.0101 eff 0.0 outinratio 0.146 

ggH126_2e2mu_massZ2_genbin0_recobin5 acc 0.1 eff 0.0 outinratio 0.0416 

VBFH126_2e2mu_massZ2_genbin0_recobin5 acc 0.1139 eff 0.0001 outinratio 0.0344 

WminusH126_2e2mu_massZ2_genbin0_recobin5 acc 0.0911 eff 0.0 outinratio 0.0922 

WplusH126_2e2mu_massZ2_genbin0_recobin5 acc 0.0763 eff 0.0 outinratio 0.0972 

ZH126_2e2mu_massZ2_genbin0_recobin5 acc 0.0874 eff 0.0 outinratio 0.0771 

ttH126_2e2mu_massZ2_genbin0_recobin5 acc 0.0804 eff 0.0004 outinratio 0.1444 

ggH126_2e2mu_massZ2_genbin1_recobin5 acc 0.0627 eff 0.0 outinratio 0.0416 

VBFH126_2e2mu_massZ2_genbin1_recobin5 acc 0.0736 eff 0.0002 outinratio 0.0344 

WminusH126_2e2mu_massZ2_genbin1_recobin5 acc 0.0576 eff 0.0 outinratio 0.0922 

WplusH126_2e2mu_massZ2_genbin1_recobin5 acc 0.0462 eff 0.0013 outinratio 0.0972 

ZH126_2e2mu_massZ2_genbin1_recobin5 acc 0.0564 eff 0.0 outinratio 0.0771 

ttH126_2e2mu_massZ2_genbin1_recobin5 acc 0.0519 eff 0.0004 outinratio 0.1444 

ggH126_2e2mu_massZ2_genbin2_recobin5 acc 0.0369 eff 0.0002 outinratio 0.0416 

VBFH126_2e2mu_massZ2_genbin2_recobin5 acc 0.0417 eff 0.0004 outinratio 0.0344 

WminusH126_2e2mu_massZ2_genbin2_recobin5 acc 0.0317 eff 0.0 outinratio 0.0922 

WplusH126_2e2mu_massZ2_genbin2_recobin5 acc 0.0294 eff 0.0 outinratio 0.0972 

ZH126_2e2mu_massZ2_genbin2_recobin5 acc 0.0325 eff 0.0 outinratio 0.0771 

ttH126_2e2mu_massZ2_genbin2_recobin5 acc 0.0287 eff 0.0013 outinratio 0.1444 

ggH126_2e2mu_massZ2_genbin3_recobin5 acc 0.0806 eff 0.0018 outinratio 0.0416 

VBFH126_2e2mu_massZ2_genbin3_recobin5 acc 0.086 eff 0.003 outinratio 0.0344 

WminusH126_2e2mu_massZ2_genbin3_recobin5 acc 0.0681 eff 0.006 outinratio 0.0922 

WplusH126_2e2mu_massZ2_genbin3_recobin5 acc 0.0643 eff 0.0034 outinratio 0.0972 

ZH126_2e2mu_massZ2_genbin3_recobin5 acc 0.0674 eff 0.0023 outinratio 0.0771 

ttH126_2e2mu_massZ2_genbin3_recobin5 acc 0.0609 eff 0.0013 outinratio 0.1444 

ggH126_2e2mu_massZ2_genbin4_recobin5 acc 0.0337 eff 0.0489 outinratio 0.0416 

VBFH126_2e2mu_massZ2_genbin4_recobin5 acc 0.0365 eff 0.0492 outinratio 0.0344 

WminusH126_2e2mu_massZ2_genbin4_recobin5 acc 0.0313 eff 0.0192 outinratio 0.0922 

WplusH126_2e2mu_massZ2_genbin4_recobin5 acc 0.0274 eff 0.0527 outinratio 0.0972 

ZH126_2e2mu_massZ2_genbin4_recobin5 acc 0.028 eff 0.0684 outinratio 0.0771 

ttH126_2e2mu_massZ2_genbin4_recobin5 acc 0.0254 eff 0.036 outinratio 0.1444 

ggH126_2e2mu_massZ2_genbin5_recobin5 acc 0.041 eff 0.4313 outinratio 0.0416 

VBFH126_2e2mu_massZ2_genbin5_recobin5 acc 0.0449 eff 0.4704 outinratio 0.0344 

WminusH126_2e2mu_massZ2_genbin5_recobin5 acc 0.0359 eff 0.5213 outinratio 0.0922 

WplusH126_2e2mu_massZ2_genbin5_recobin5 acc 0.0299 eff 0.4237 outinratio 0.0972 

ZH126_2e2mu_massZ2_genbin5_recobin5 acc 0.033 eff 0.4598 outinratio 0.0771 

ttH126_2e2mu_massZ2_genbin5_recobin5 acc 0.0311 eff 0.4714 outinratio 0.1444 

ggH126_2e2mu_massZ2_genbin6_recobin5 acc 0.0312 eff 0.048 outinratio 0.0416 

VBFH126_2e2mu_massZ2_genbin6_recobin5 acc 0.0327 eff 0.046 outinratio 0.0344 

WminusH126_2e2mu_massZ2_genbin6_recobin5 acc 0.0213 eff 0.0188 outinratio 0.0922 

WplusH126_2e2mu_massZ2_genbin6_recobin5 acc 0.0205 eff 0.0429 outinratio 0.0972 

ZH126_2e2mu_massZ2_genbin6_recobin5 acc 0.0252 eff 0.0566 outinratio 0.0771 

ttH126_2e2mu_massZ2_genbin6_recobin5 acc 0.023 eff 0.0492 outinratio 0.1444 

ggH126_2e2mu_massZ2_genbin7_recobin5 acc 0.0151 eff 0.0036 outinratio 0.0416 

VBFH126_2e2mu_massZ2_genbin7_recobin5 acc 0.0163 eff 0.0002 outinratio 0.0344 

WminusH126_2e2mu_massZ2_genbin7_recobin5 acc 0.01 eff 0.0 outinratio 0.0922 

WplusH126_2e2mu_massZ2_genbin7_recobin5 acc 0.011 eff 0.0 outinratio 0.0972 

ZH126_2e2mu_massZ2_genbin7_recobin5 acc 0.0134 eff 0.0 outinratio 0.0771 

ttH126_2e2mu_massZ2_genbin7_recobin5 acc 0.0101 eff 0.0 outinratio 0.1444 

ggH126_2e2mu_massZ2_genbin0_recobin6 acc 0.1 eff 0.0 outinratio 0.0429 

VBFH126_2e2mu_massZ2_genbin0_recobin6 acc 0.1139 eff 0.0 outinratio 0.0279 

WminusH126_2e2mu_massZ2_genbin0_recobin6 acc 0.0911 eff 0.0 outinratio 0.0565 

WplusH126_2e2mu_massZ2_genbin0_recobin6 acc 0.0763 eff 0.0 outinratio 0.0686 

ZH126_2e2mu_massZ2_genbin0_recobin6 acc 0.0874 eff 0.0 outinratio 0.0669 

ttH126_2e2mu_massZ2_genbin0_recobin6 acc 0.0804 eff 0.0 outinratio 0.1895 

ggH126_2e2mu_massZ2_genbin1_recobin6 acc 0.0627 eff 0.0 outinratio 0.0429 

VBFH126_2e2mu_massZ2_genbin1_recobin6 acc 0.0736 eff 0.0001 outinratio 0.0279 

WminusH126_2e2mu_massZ2_genbin1_recobin6 acc 0.0576 eff 0.0 outinratio 0.0565 

WplusH126_2e2mu_massZ2_genbin1_recobin6 acc 0.0462 eff 0.0 outinratio 0.0686 

ZH126_2e2mu_massZ2_genbin1_recobin6 acc 0.0564 eff 0.0 outinratio 0.0669 

ttH126_2e2mu_massZ2_genbin1_recobin6 acc 0.0519 eff 0.0 outinratio 0.1895 

ggH126_2e2mu_massZ2_genbin2_recobin6 acc 0.0369 eff 0.0006 outinratio 0.0429 

VBFH126_2e2mu_massZ2_genbin2_recobin6 acc 0.0417 eff 0.0001 outinratio 0.0279 

WminusH126_2e2mu_massZ2_genbin2_recobin6 acc 0.0317 eff 0.0 outinratio 0.0565 

WplusH126_2e2mu_massZ2_genbin2_recobin6 acc 0.0294 eff 0.0 outinratio 0.0686 

ZH126_2e2mu_massZ2_genbin2_recobin6 acc 0.0325 eff 0.0 outinratio 0.0669 

ttH126_2e2mu_massZ2_genbin2_recobin6 acc 0.0287 eff 0.0 outinratio 0.1895 

ggH126_2e2mu_massZ2_genbin3_recobin6 acc 0.0806 eff 0.0004 outinratio 0.0429 

VBFH126_2e2mu_massZ2_genbin3_recobin6 acc 0.086 eff 0.0004 outinratio 0.0279 

WminusH126_2e2mu_massZ2_genbin3_recobin6 acc 0.0681 eff 0.0 outinratio 0.0565 

WplusH126_2e2mu_massZ2_genbin3_recobin6 acc 0.0643 eff 0.0018 outinratio 0.0686 

ZH126_2e2mu_massZ2_genbin3_recobin6 acc 0.0674 eff 0.0004 outinratio 0.0669 

ttH126_2e2mu_massZ2_genbin3_recobin6 acc 0.0609 eff 0.0006 outinratio 0.1895 

ggH126_2e2mu_massZ2_genbin4_recobin6 acc 0.0337 eff 0.0019 outinratio 0.0429 

VBFH126_2e2mu_massZ2_genbin4_recobin6 acc 0.0365 eff 0.0007 outinratio 0.0279 

WminusH126_2e2mu_massZ2_genbin4_recobin6 acc 0.0313 eff 0.0 outinratio 0.0565 

WplusH126_2e2mu_massZ2_genbin4_recobin6 acc 0.0274 eff 0.0 outinratio 0.0686 

ZH126_2e2mu_massZ2_genbin4_recobin6 acc 0.028 eff 0.0 outinratio 0.0669 

ttH126_2e2mu_massZ2_genbin4_recobin6 acc 0.0254 eff 0.0019 outinratio 0.1895 

ggH126_2e2mu_massZ2_genbin5_recobin6 acc 0.041 eff 0.017 outinratio 0.0429 

VBFH126_2e2mu_massZ2_genbin5_recobin6 acc 0.0449 eff 0.0154 outinratio 0.0279 

WminusH126_2e2mu_massZ2_genbin5_recobin6 acc 0.0359 eff 0.0149 outinratio 0.0565 

WplusH126_2e2mu_massZ2_genbin5_recobin6 acc 0.0299 eff 0.0249 outinratio 0.0686 

ZH126_2e2mu_massZ2_genbin5_recobin6 acc 0.033 eff 0.0121 outinratio 0.0669 

ttH126_2e2mu_massZ2_genbin5_recobin6 acc 0.0311 eff 0.0118 outinratio 0.1895 

ggH126_2e2mu_massZ2_genbin6_recobin6 acc 0.0312 eff 0.4964 outinratio 0.0429 

VBFH126_2e2mu_massZ2_genbin6_recobin6 acc 0.0327 eff 0.5197 outinratio 0.0279 

WminusH126_2e2mu_massZ2_genbin6_recobin6 acc 0.0213 eff 0.572 outinratio 0.0565 

WplusH126_2e2mu_massZ2_genbin6_recobin6 acc 0.0205 eff 0.4745 outinratio 0.0686 

ZH126_2e2mu_massZ2_genbin6_recobin6 acc 0.0252 eff 0.4317 outinratio 0.0669 

ttH126_2e2mu_massZ2_genbin6_recobin6 acc 0.023 eff 0.5154 outinratio 0.1895 

ggH126_2e2mu_massZ2_genbin7_recobin6 acc 0.0151 eff 0.0576 outinratio 0.0429 

VBFH126_2e2mu_massZ2_genbin7_recobin6 acc 0.0163 eff 0.0767 outinratio 0.0279 

WminusH126_2e2mu_massZ2_genbin7_recobin6 acc 0.01 eff 0.058 outinratio 0.0565 

WplusH126_2e2mu_massZ2_genbin7_recobin6 acc 0.011 eff 0.0504 outinratio 0.0686 

ZH126_2e2mu_massZ2_genbin7_recobin6 acc 0.0134 eff 0.0655 outinratio 0.0669 

ttH126_2e2mu_massZ2_genbin7_recobin6 acc 0.0101 eff 0.052 outinratio 0.1895 

ggH126_2e2mu_massZ2_genbin0_recobin7 acc 0.1 eff 0.0 outinratio 0.0379 

VBFH126_2e2mu_massZ2_genbin0_recobin7 acc 0.1139 eff 0.0 outinratio 0.0228 

WminusH126_2e2mu_massZ2_genbin0_recobin7 acc 0.0911 eff 0.0 outinratio 0.6297 

WplusH126_2e2mu_massZ2_genbin0_recobin7 acc 0.0763 eff 0.0 outinratio 0.0352 

ZH126_2e2mu_massZ2_genbin0_recobin7 acc 0.0874 eff 0.0 outinratio 0.0769 

ttH126_2e2mu_massZ2_genbin0_recobin7 acc 0.0804 eff 0.0 outinratio 0.2002 

ggH126_2e2mu_massZ2_genbin1_recobin7 acc 0.0627 eff 0.0 outinratio 0.0379 

VBFH126_2e2mu_massZ2_genbin1_recobin7 acc 0.0736 eff 0.0 outinratio 0.0228 

WminusH126_2e2mu_massZ2_genbin1_recobin7 acc 0.0576 eff 0.0 outinratio 0.6297 

WplusH126_2e2mu_massZ2_genbin1_recobin7 acc 0.0462 eff 0.0 outinratio 0.0352 

ZH126_2e2mu_massZ2_genbin1_recobin7 acc 0.0564 eff 0.0 outinratio 0.0769 

ttH126_2e2mu_massZ2_genbin1_recobin7 acc 0.0519 eff 0.0 outinratio 0.2002 

ggH126_2e2mu_massZ2_genbin2_recobin7 acc 0.0369 eff 0.0 outinratio 0.0379 

VBFH126_2e2mu_massZ2_genbin2_recobin7 acc 0.0417 eff 0.0 outinratio 0.0228 

WminusH126_2e2mu_massZ2_genbin2_recobin7 acc 0.0317 eff 0.0 outinratio 0.6297 

WplusH126_2e2mu_massZ2_genbin2_recobin7 acc 0.0294 eff 0.0 outinratio 0.0352 

ZH126_2e2mu_massZ2_genbin2_recobin7 acc 0.0325 eff 0.0 outinratio 0.0769 

ttH126_2e2mu_massZ2_genbin2_recobin7 acc 0.0287 eff 0.0 outinratio 0.2002 

ggH126_2e2mu_massZ2_genbin3_recobin7 acc 0.0806 eff 0.0 outinratio 0.0379 

VBFH126_2e2mu_massZ2_genbin3_recobin7 acc 0.086 eff 0.0 outinratio 0.0228 

WminusH126_2e2mu_massZ2_genbin3_recobin7 acc 0.0681 eff 0.0 outinratio 0.6297 

WplusH126_2e2mu_massZ2_genbin3_recobin7 acc 0.0643 eff 0.0 outinratio 0.0352 

ZH126_2e2mu_massZ2_genbin3_recobin7 acc 0.0674 eff 0.0 outinratio 0.0769 

ttH126_2e2mu_massZ2_genbin3_recobin7 acc 0.0609 eff 0.0 outinratio 0.2002 

ggH126_2e2mu_massZ2_genbin4_recobin7 acc 0.0337 eff 0.0 outinratio 0.0379 

VBFH126_2e2mu_massZ2_genbin4_recobin7 acc 0.0365 eff 0.0 outinratio 0.0228 

WminusH126_2e2mu_massZ2_genbin4_recobin7 acc 0.0313 eff 0.0 outinratio 0.6297 

WplusH126_2e2mu_massZ2_genbin4_recobin7 acc 0.0274 eff 0.0 outinratio 0.0352 

ZH126_2e2mu_massZ2_genbin4_recobin7 acc 0.028 eff 0.0 outinratio 0.0769 

ttH126_2e2mu_massZ2_genbin4_recobin7 acc 0.0254 eff 0.0 outinratio 0.2002 

ggH126_2e2mu_massZ2_genbin5_recobin7 acc 0.041 eff 0.0002 outinratio 0.0379 

VBFH126_2e2mu_massZ2_genbin5_recobin7 acc 0.0449 eff 0.0004 outinratio 0.0228 

WminusH126_2e2mu_massZ2_genbin5_recobin7 acc 0.0359 eff 0.0 outinratio 0.6297 

WplusH126_2e2mu_massZ2_genbin5_recobin7 acc 0.0299 eff 0.0 outinratio 0.0352 

ZH126_2e2mu_massZ2_genbin5_recobin7 acc 0.033 eff 0.0009 outinratio 0.0769 

ttH126_2e2mu_massZ2_genbin5_recobin7 acc 0.0311 eff 0.0006 outinratio 0.2002 

ggH126_2e2mu_massZ2_genbin6_recobin7 acc 0.0312 eff 0.0124 outinratio 0.0379 

VBFH126_2e2mu_massZ2_genbin6_recobin7 acc 0.0327 eff 0.0216 outinratio 0.0228 

WminusH126_2e2mu_massZ2_genbin6_recobin7 acc 0.0213 eff 0.0121 outinratio 0.6297 

WplusH126_2e2mu_massZ2_genbin6_recobin7 acc 0.0205 eff 0.0179 outinratio 0.0352 

ZH126_2e2mu_massZ2_genbin6_recobin7 acc 0.0252 eff 0.015 outinratio 0.0769 

ttH126_2e2mu_massZ2_genbin6_recobin7 acc 0.023 eff 0.0152 outinratio 0.2002 

ggH126_2e2mu_massZ2_genbin7_recobin7 acc 0.0151 eff 0.4722 outinratio 0.0379 

VBFH126_2e2mu_massZ2_genbin7_recobin7 acc 0.0163 eff 0.4998 outinratio 0.0228 

WminusH126_2e2mu_massZ2_genbin7_recobin7 acc 0.01 eff 0.2966 outinratio 0.6297 

WplusH126_2e2mu_massZ2_genbin7_recobin7 acc 0.011 eff 0.4398 outinratio 0.0352 

ZH126_2e2mu_massZ2_genbin7_recobin7 acc 0.0134 eff 0.4217 outinratio 0.0769 

ttH126_2e2mu_massZ2_genbin7_recobin7 acc 0.0101 eff 0.4673 outinratio 0.2002 

Coeff fullNNLOPS
