Welcome in RunCoefficients!
OPT SPLIT
DEBUG opt.YEAR = 2022EE_5
It is a single-differential measurement, binning [0.0, 0.12, 0.24, 0.36, 0.5, 0.6, 0.75, 0.9, 1.1, 1.3, 10000.0]
ZZy
Following observables extracted from dictionary: RECO =  ZZy  GEN =  GENrapidity4l
LUMI: 4.4454666666666665
ttH126 0.00016778591
Processing ggH126 2022EE_5
Signal created
Signal failed created
Processing VBFH126 2022EE_5
Signal created
Signal failed created
Processing WminusH126 2022EE_5
Signal created
Signal failed created
Processing WplusH126 2022EE_5
Signal created
Signal failed created
Processing ZH126 2022EE_5
Signal created
Signal failed created
Processing ttH126 2022EE_5
Signal created
Signal failed created
2022EE_5 SKIMMED df CREATED
2022EE_5 ggH126
2022EE_5 VBFH126
2022EE_5 WminusH126
2022EE_5 WplusH126
2022EE_5 ZH126
2022EE_5 ttH126
Dataframes created successfully
Coeff std
ggH126_4l_rapidity4l_genbin0_recobin0 acc 0.0389 eff 0.5331 outinratio 0.0062 

VBFH126_4l_rapidity4l_genbin0_recobin0 acc 0.0409 eff 0.5767 outinratio 0.0105 

WminusH126_4l_rapidity4l_genbin0_recobin0 acc 0.0321 eff 0.5243 outinratio 0.0114 

WplusH126_4l_rapidity4l_genbin0_recobin0 acc 0.026 eff 0.5246 outinratio 0.0158 

ZH126_4l_rapidity4l_genbin0_recobin0 acc 0.03 eff 0.5285 outinratio 0.0572 

ttH126_4l_rapidity4l_genbin0_recobin0 acc 0.0523 eff 0.3956 outinratio 0.047 

ggH126_4l_rapidity4l_genbin1_recobin0 acc 0.0378 eff 0.0125 outinratio 0.0062 

VBFH126_4l_rapidity4l_genbin1_recobin0 acc 0.0407 eff 0.0074 outinratio 0.0105 

WminusH126_4l_rapidity4l_genbin1_recobin0 acc 0.0307 eff 0.0118 outinratio 0.0114 

WplusH126_4l_rapidity4l_genbin1_recobin0 acc 0.0263 eff 0.013 outinratio 0.0158 

ZH126_4l_rapidity4l_genbin1_recobin0 acc 0.0281 eff 0.0084 outinratio 0.0572 

ttH126_4l_rapidity4l_genbin1_recobin0 acc 0.0437 eff 0.0 outinratio 0.047 

ggH126_4l_rapidity4l_genbin2_recobin0 acc 0.0376 eff 0.0 outinratio 0.0062 

VBFH126_4l_rapidity4l_genbin2_recobin0 acc 0.0411 eff 0.0 outinratio 0.0105 

WminusH126_4l_rapidity4l_genbin2_recobin0 acc 0.0322 eff 0.0004 outinratio 0.0114 

WplusH126_4l_rapidity4l_genbin2_recobin0 acc 0.0262 eff 0.0 outinratio 0.0158 

ZH126_4l_rapidity4l_genbin2_recobin0 acc 0.0295 eff 0.0 outinratio 0.0572 

ttH126_4l_rapidity4l_genbin2_recobin0 acc 0.0448 eff 0.0 outinratio 0.047 

ggH126_4l_rapidity4l_genbin3_recobin0 acc 0.0433 eff 0.0 outinratio 0.0062 

VBFH126_4l_rapidity4l_genbin3_recobin0 acc 0.0434 eff 0.0 outinratio 0.0105 

WminusH126_4l_rapidity4l_genbin3_recobin0 acc 0.0359 eff 0.0 outinratio 0.0114 

WplusH126_4l_rapidity4l_genbin3_recobin0 acc 0.03 eff 0.0 outinratio 0.0158 

ZH126_4l_rapidity4l_genbin3_recobin0 acc 0.0353 eff 0.0 outinratio 0.0572 

ttH126_4l_rapidity4l_genbin3_recobin0 acc 0.0471 eff 0.0 outinratio 0.047 

ggH126_4l_rapidity4l_genbin4_recobin0 acc 0.0299 eff 0.0 outinratio 0.0062 

VBFH126_4l_rapidity4l_genbin4_recobin0 acc 0.0308 eff 0.0 outinratio 0.0105 

WminusH126_4l_rapidity4l_genbin4_recobin0 acc 0.0264 eff 0.0 outinratio 0.0114 

WplusH126_4l_rapidity4l_genbin4_recobin0 acc 0.0219 eff 0.0 outinratio 0.0158 

ZH126_4l_rapidity4l_genbin4_recobin0 acc 0.0245 eff 0.0 outinratio 0.0572 

ttH126_4l_rapidity4l_genbin4_recobin0 acc 0.0414 eff 0.0 outinratio 0.047 

ggH126_4l_rapidity4l_genbin5_recobin0 acc 0.0443 eff 0.0 outinratio 0.0062 

VBFH126_4l_rapidity4l_genbin5_recobin0 acc 0.0466 eff 0.0 outinratio 0.0105 

WminusH126_4l_rapidity4l_genbin5_recobin0 acc 0.0375 eff 0.0 outinratio 0.0114 

WplusH126_4l_rapidity4l_genbin5_recobin0 acc 0.0319 eff 0.0 outinratio 0.0158 

ZH126_4l_rapidity4l_genbin5_recobin0 acc 0.0351 eff 0.0 outinratio 0.0572 

ttH126_4l_rapidity4l_genbin5_recobin0 acc 0.0511 eff 0.0 outinratio 0.047 

ggH126_4l_rapidity4l_genbin6_recobin0 acc 0.0419 eff 0.0 outinratio 0.0062 

VBFH126_4l_rapidity4l_genbin6_recobin0 acc 0.0417 eff 0.0 outinratio 0.0105 

WminusH126_4l_rapidity4l_genbin6_recobin0 acc 0.0366 eff 0.0 outinratio 0.0114 

WplusH126_4l_rapidity4l_genbin6_recobin0 acc 0.0317 eff 0.0 outinratio 0.0158 

ZH126_4l_rapidity4l_genbin6_recobin0 acc 0.0338 eff 0.0 outinratio 0.0572 

ttH126_4l_rapidity4l_genbin6_recobin0 acc 0.05 eff 0.0 outinratio 0.047 

ggH126_4l_rapidity4l_genbin7_recobin0 acc 0.0491 eff 0.0 outinratio 0.0062 

VBFH126_4l_rapidity4l_genbin7_recobin0 acc 0.0556 eff 0.0 outinratio 0.0105 

WminusH126_4l_rapidity4l_genbin7_recobin0 acc 0.0463 eff 0.0 outinratio 0.0114 

WplusH126_4l_rapidity4l_genbin7_recobin0 acc 0.0404 eff 0.0 outinratio 0.0158 

ZH126_4l_rapidity4l_genbin7_recobin0 acc 0.0431 eff 0.0 outinratio 0.0572 

ttH126_4l_rapidity4l_genbin7_recobin0 acc 0.0511 eff 0.0 outinratio 0.047 

ggH126_4l_rapidity4l_genbin8_recobin0 acc 0.0431 eff 0.0 outinratio 0.0062 

VBFH126_4l_rapidity4l_genbin8_recobin0 acc 0.0477 eff 0.0 outinratio 0.0105 

WminusH126_4l_rapidity4l_genbin8_recobin0 acc 0.0404 eff 0.0 outinratio 0.0114 

WplusH126_4l_rapidity4l_genbin8_recobin0 acc 0.0371 eff 0.0 outinratio 0.0158 

ZH126_4l_rapidity4l_genbin8_recobin0 acc 0.0379 eff 0.0 outinratio 0.0572 

ttH126_4l_rapidity4l_genbin8_recobin0 acc 0.0419 eff 0.0 outinratio 0.047 

ggH126_4l_rapidity4l_genbin9_recobin0 acc 0.0811 eff 0.0 outinratio 0.0062 

VBFH126_4l_rapidity4l_genbin9_recobin0 acc 0.0965 eff 0.0 outinratio 0.0105 

WminusH126_4l_rapidity4l_genbin9_recobin0 acc 0.0915 eff 0.0 outinratio 0.0114 

WplusH126_4l_rapidity4l_genbin9_recobin0 acc 0.0947 eff 0.0 outinratio 0.0158 

ZH126_4l_rapidity4l_genbin9_recobin0 acc 0.0931 eff 0.0 outinratio 0.0572 

ttH126_4l_rapidity4l_genbin9_recobin0 acc 0.0672 eff 0.0 outinratio 0.047 

ggH126_4l_rapidity4l_genbin0_recobin1 acc 0.0389 eff 0.0125 outinratio 0.0071 

VBFH126_4l_rapidity4l_genbin0_recobin1 acc 0.0409 eff 0.0159 outinratio 0.004 

WminusH126_4l_rapidity4l_genbin0_recobin1 acc 0.0321 eff 0.013 outinratio 0.0173 

WplusH126_4l_rapidity4l_genbin0_recobin1 acc 0.026 eff 0.0113 outinratio 0.0155 

ZH126_4l_rapidity4l_genbin0_recobin1 acc 0.03 eff 0.016 outinratio 0.0699 

ttH126_4l_rapidity4l_genbin0_recobin1 acc 0.0523 eff 0.0 outinratio 0.0 

ggH126_4l_rapidity4l_genbin1_recobin1 acc 0.0378 eff 0.5175 outinratio 0.0071 

VBFH126_4l_rapidity4l_genbin1_recobin1 acc 0.0407 eff 0.5165 outinratio 0.004 

WminusH126_4l_rapidity4l_genbin1_recobin1 acc 0.0307 eff 0.5128 outinratio 0.0173 

WplusH126_4l_rapidity4l_genbin1_recobin1 acc 0.0263 eff 0.5166 outinratio 0.0155 

ZH126_4l_rapidity4l_genbin1_recobin1 acc 0.0281 eff 0.5019 outinratio 0.0699 

ttH126_4l_rapidity4l_genbin1_recobin1 acc 0.0437 eff 0.3239 outinratio 0.0 

ggH126_4l_rapidity4l_genbin2_recobin1 acc 0.0376 eff 0.0141 outinratio 0.0071 

VBFH126_4l_rapidity4l_genbin2_recobin1 acc 0.0411 eff 0.0117 outinratio 0.004 

WminusH126_4l_rapidity4l_genbin2_recobin1 acc 0.0322 eff 0.0167 outinratio 0.0173 

WplusH126_4l_rapidity4l_genbin2_recobin1 acc 0.0262 eff 0.0137 outinratio 0.0155 

ZH126_4l_rapidity4l_genbin2_recobin1 acc 0.0295 eff 0.0135 outinratio 0.0699 

ttH126_4l_rapidity4l_genbin2_recobin1 acc 0.0448 eff 0.0 outinratio 0.0 

ggH126_4l_rapidity4l_genbin3_recobin1 acc 0.0433 eff 0.0 outinratio 0.0071 

VBFH126_4l_rapidity4l_genbin3_recobin1 acc 0.0434 eff 0.0 outinratio 0.004 

WminusH126_4l_rapidity4l_genbin3_recobin1 acc 0.0359 eff 0.0 outinratio 0.0173 

WplusH126_4l_rapidity4l_genbin3_recobin1 acc 0.03 eff 0.0 outinratio 0.0155 

ZH126_4l_rapidity4l_genbin3_recobin1 acc 0.0353 eff 0.0 outinratio 0.0699 

ttH126_4l_rapidity4l_genbin3_recobin1 acc 0.0471 eff 0.0 outinratio 0.0 

ggH126_4l_rapidity4l_genbin4_recobin1 acc 0.0299 eff 0.0 outinratio 0.0071 

VBFH126_4l_rapidity4l_genbin4_recobin1 acc 0.0308 eff 0.0 outinratio 0.004 

WminusH126_4l_rapidity4l_genbin4_recobin1 acc 0.0264 eff 0.0 outinratio 0.0173 

WplusH126_4l_rapidity4l_genbin4_recobin1 acc 0.0219 eff 0.0 outinratio 0.0155 

ZH126_4l_rapidity4l_genbin4_recobin1 acc 0.0245 eff 0.0 outinratio 0.0699 

ttH126_4l_rapidity4l_genbin4_recobin1 acc 0.0414 eff 0.0 outinratio 0.0 

ggH126_4l_rapidity4l_genbin5_recobin1 acc 0.0443 eff 0.0 outinratio 0.0071 

VBFH126_4l_rapidity4l_genbin5_recobin1 acc 0.0466 eff 0.0 outinratio 0.004 

WminusH126_4l_rapidity4l_genbin5_recobin1 acc 0.0375 eff 0.0 outinratio 0.0173 

WplusH126_4l_rapidity4l_genbin5_recobin1 acc 0.0319 eff 0.0 outinratio 0.0155 

ZH126_4l_rapidity4l_genbin5_recobin1 acc 0.0351 eff 0.0 outinratio 0.0699 

ttH126_4l_rapidity4l_genbin5_recobin1 acc 0.0511 eff 0.0 outinratio 0.0 

ggH126_4l_rapidity4l_genbin6_recobin1 acc 0.0419 eff 0.0 outinratio 0.0071 

VBFH126_4l_rapidity4l_genbin6_recobin1 acc 0.0417 eff 0.0 outinratio 0.004 

WminusH126_4l_rapidity4l_genbin6_recobin1 acc 0.0366 eff 0.0 outinratio 0.0173 

WplusH126_4l_rapidity4l_genbin6_recobin1 acc 0.0317 eff 0.0 outinratio 0.0155 

ZH126_4l_rapidity4l_genbin6_recobin1 acc 0.0338 eff 0.0 outinratio 0.0699 

ttH126_4l_rapidity4l_genbin6_recobin1 acc 0.05 eff 0.0 outinratio 0.0 

ggH126_4l_rapidity4l_genbin7_recobin1 acc 0.0491 eff 0.0 outinratio 0.0071 

VBFH126_4l_rapidity4l_genbin7_recobin1 acc 0.0556 eff 0.0 outinratio 0.004 

WminusH126_4l_rapidity4l_genbin7_recobin1 acc 0.0463 eff 0.0 outinratio 0.0173 

WplusH126_4l_rapidity4l_genbin7_recobin1 acc 0.0404 eff 0.0 outinratio 0.0155 

ZH126_4l_rapidity4l_genbin7_recobin1 acc 0.0431 eff 0.0 outinratio 0.0699 

ttH126_4l_rapidity4l_genbin7_recobin1 acc 0.0511 eff 0.0 outinratio 0.0 

ggH126_4l_rapidity4l_genbin8_recobin1 acc 0.0431 eff 0.0 outinratio 0.0071 

VBFH126_4l_rapidity4l_genbin8_recobin1 acc 0.0477 eff 0.0 outinratio 0.004 

WminusH126_4l_rapidity4l_genbin8_recobin1 acc 0.0404 eff 0.0 outinratio 0.0173 

WplusH126_4l_rapidity4l_genbin8_recobin1 acc 0.0371 eff 0.0 outinratio 0.0155 

ZH126_4l_rapidity4l_genbin8_recobin1 acc 0.0379 eff 0.0 outinratio 0.0699 

ttH126_4l_rapidity4l_genbin8_recobin1 acc 0.0419 eff 0.0 outinratio 0.0 

ggH126_4l_rapidity4l_genbin9_recobin1 acc 0.0811 eff 0.0 outinratio 0.0071 

VBFH126_4l_rapidity4l_genbin9_recobin1 acc 0.0965 eff 0.0 outinratio 0.004 

WminusH126_4l_rapidity4l_genbin9_recobin1 acc 0.0915 eff 0.0 outinratio 0.0173 

WplusH126_4l_rapidity4l_genbin9_recobin1 acc 0.0947 eff 0.0 outinratio 0.0155 

ZH126_4l_rapidity4l_genbin9_recobin1 acc 0.0931 eff 0.0 outinratio 0.0699 

ttH126_4l_rapidity4l_genbin9_recobin1 acc 0.0672 eff 0.0 outinratio 0.0 

ggH126_4l_rapidity4l_genbin0_recobin2 acc 0.0389 eff 0.0 outinratio 0.0071 

VBFH126_4l_rapidity4l_genbin0_recobin2 acc 0.0409 eff 0.0 outinratio 0.0065 

WminusH126_4l_rapidity4l_genbin0_recobin2 acc 0.0321 eff 0.0 outinratio 0.0175 

WplusH126_4l_rapidity4l_genbin0_recobin2 acc 0.026 eff 0.0 outinratio 0.0179 

ZH126_4l_rapidity4l_genbin0_recobin2 acc 0.03 eff 0.0 outinratio 0.0418 

ttH126_4l_rapidity4l_genbin0_recobin2 acc 0.0523 eff 0.0 outinratio 0.0432 

ggH126_4l_rapidity4l_genbin1_recobin2 acc 0.0378 eff 0.013 outinratio 0.0071 

VBFH126_4l_rapidity4l_genbin1_recobin2 acc 0.0407 eff 0.0148 outinratio 0.0065 

WminusH126_4l_rapidity4l_genbin1_recobin2 acc 0.0307 eff 0.0143 outinratio 0.0175 

WplusH126_4l_rapidity4l_genbin1_recobin2 acc 0.0263 eff 0.0145 outinratio 0.0179 

ZH126_4l_rapidity4l_genbin1_recobin2 acc 0.0281 eff 0.0179 outinratio 0.0418 

ttH126_4l_rapidity4l_genbin1_recobin2 acc 0.0437 eff 0.0272 outinratio 0.0432 

ggH126_4l_rapidity4l_genbin2_recobin2 acc 0.0376 eff 0.5178 outinratio 0.0071 

VBFH126_4l_rapidity4l_genbin2_recobin2 acc 0.0411 eff 0.565 outinratio 0.0065 

WminusH126_4l_rapidity4l_genbin2_recobin2 acc 0.0322 eff 0.5085 outinratio 0.0175 

WplusH126_4l_rapidity4l_genbin2_recobin2 acc 0.0262 eff 0.5211 outinratio 0.0179 

ZH126_4l_rapidity4l_genbin2_recobin2 acc 0.0295 eff 0.5094 outinratio 0.0418 

ttH126_4l_rapidity4l_genbin2_recobin2 acc 0.0448 eff 0.3992 outinratio 0.0432 

ggH126_4l_rapidity4l_genbin3_recobin2 acc 0.0433 eff 0.0158 outinratio 0.0071 

VBFH126_4l_rapidity4l_genbin3_recobin2 acc 0.0434 eff 0.0194 outinratio 0.0065 

WminusH126_4l_rapidity4l_genbin3_recobin2 acc 0.0359 eff 0.0144 outinratio 0.0175 

WplusH126_4l_rapidity4l_genbin3_recobin2 acc 0.03 eff 0.0099 outinratio 0.0179 

ZH126_4l_rapidity4l_genbin3_recobin2 acc 0.0353 eff 0.0108 outinratio 0.0418 

ttH126_4l_rapidity4l_genbin3_recobin2 acc 0.0471 eff 0.0111 outinratio 0.0432 

ggH126_4l_rapidity4l_genbin4_recobin2 acc 0.0299 eff 0.0 outinratio 0.0071 

VBFH126_4l_rapidity4l_genbin4_recobin2 acc 0.0308 eff 0.0 outinratio 0.0065 

WminusH126_4l_rapidity4l_genbin4_recobin2 acc 0.0264 eff 0.0 outinratio 0.0175 

WplusH126_4l_rapidity4l_genbin4_recobin2 acc 0.0219 eff 0.0 outinratio 0.0179 

ZH126_4l_rapidity4l_genbin4_recobin2 acc 0.0245 eff 0.0 outinratio 0.0418 

ttH126_4l_rapidity4l_genbin4_recobin2 acc 0.0414 eff 0.0 outinratio 0.0432 

ggH126_4l_rapidity4l_genbin5_recobin2 acc 0.0443 eff 0.0 outinratio 0.0071 

VBFH126_4l_rapidity4l_genbin5_recobin2 acc 0.0466 eff 0.0 outinratio 0.0065 

WminusH126_4l_rapidity4l_genbin5_recobin2 acc 0.0375 eff 0.0 outinratio 0.0175 

WplusH126_4l_rapidity4l_genbin5_recobin2 acc 0.0319 eff 0.0 outinratio 0.0179 

ZH126_4l_rapidity4l_genbin5_recobin2 acc 0.0351 eff 0.0 outinratio 0.0418 

ttH126_4l_rapidity4l_genbin5_recobin2 acc 0.0511 eff 0.0 outinratio 0.0432 

ggH126_4l_rapidity4l_genbin6_recobin2 acc 0.0419 eff 0.0 outinratio 0.0071 

VBFH126_4l_rapidity4l_genbin6_recobin2 acc 0.0417 eff 0.0 outinratio 0.0065 

WminusH126_4l_rapidity4l_genbin6_recobin2 acc 0.0366 eff 0.0 outinratio 0.0175 

WplusH126_4l_rapidity4l_genbin6_recobin2 acc 0.0317 eff 0.0 outinratio 0.0179 

ZH126_4l_rapidity4l_genbin6_recobin2 acc 0.0338 eff 0.0 outinratio 0.0418 

ttH126_4l_rapidity4l_genbin6_recobin2 acc 0.05 eff 0.0 outinratio 0.0432 

ggH126_4l_rapidity4l_genbin7_recobin2 acc 0.0491 eff 0.0 outinratio 0.0071 

VBFH126_4l_rapidity4l_genbin7_recobin2 acc 0.0556 eff 0.0 outinratio 0.0065 

WminusH126_4l_rapidity4l_genbin7_recobin2 acc 0.0463 eff 0.0 outinratio 0.0175 

WplusH126_4l_rapidity4l_genbin7_recobin2 acc 0.0404 eff 0.0 outinratio 0.0179 

ZH126_4l_rapidity4l_genbin7_recobin2 acc 0.0431 eff 0.0 outinratio 0.0418 

ttH126_4l_rapidity4l_genbin7_recobin2 acc 0.0511 eff 0.0 outinratio 0.0432 

ggH126_4l_rapidity4l_genbin8_recobin2 acc 0.0431 eff 0.0 outinratio 0.0071 

VBFH126_4l_rapidity4l_genbin8_recobin2 acc 0.0477 eff 0.0 outinratio 0.0065 

WminusH126_4l_rapidity4l_genbin8_recobin2 acc 0.0404 eff 0.0 outinratio 0.0175 

WplusH126_4l_rapidity4l_genbin8_recobin2 acc 0.0371 eff 0.0 outinratio 0.0179 

ZH126_4l_rapidity4l_genbin8_recobin2 acc 0.0379 eff 0.0 outinratio 0.0418 

ttH126_4l_rapidity4l_genbin8_recobin2 acc 0.0419 eff 0.0 outinratio 0.0432 

ggH126_4l_rapidity4l_genbin9_recobin2 acc 0.0811 eff 0.0 outinratio 0.0071 

VBFH126_4l_rapidity4l_genbin9_recobin2 acc 0.0965 eff 0.0 outinratio 0.0065 

WminusH126_4l_rapidity4l_genbin9_recobin2 acc 0.0915 eff 0.0 outinratio 0.0175 

WplusH126_4l_rapidity4l_genbin9_recobin2 acc 0.0947 eff 0.0 outinratio 0.0179 

ZH126_4l_rapidity4l_genbin9_recobin2 acc 0.0931 eff 0.0 outinratio 0.0418 

ttH126_4l_rapidity4l_genbin9_recobin2 acc 0.0672 eff 0.0 outinratio 0.0432 

ggH126_4l_rapidity4l_genbin0_recobin3 acc 0.0389 eff 0.0 outinratio 0.0103 

VBFH126_4l_rapidity4l_genbin0_recobin3 acc 0.0409 eff 0.0 outinratio 0.0055 

WminusH126_4l_rapidity4l_genbin0_recobin3 acc 0.0321 eff 0.0 outinratio 0.0192 

WplusH126_4l_rapidity4l_genbin0_recobin3 acc 0.026 eff 0.0 outinratio 0.0143 

ZH126_4l_rapidity4l_genbin0_recobin3 acc 0.03 eff 0.0 outinratio 0.0592 

ttH126_4l_rapidity4l_genbin0_recobin3 acc 0.0523 eff 0.0 outinratio 0.0196 

ggH126_4l_rapidity4l_genbin1_recobin3 acc 0.0378 eff 0.0 outinratio 0.0103 

VBFH126_4l_rapidity4l_genbin1_recobin3 acc 0.0407 eff 0.0 outinratio 0.0055 

WminusH126_4l_rapidity4l_genbin1_recobin3 acc 0.0307 eff 0.0 outinratio 0.0192 

WplusH126_4l_rapidity4l_genbin1_recobin3 acc 0.0263 eff 0.0 outinratio 0.0143 

ZH126_4l_rapidity4l_genbin1_recobin3 acc 0.0281 eff 0.0 outinratio 0.0592 

ttH126_4l_rapidity4l_genbin1_recobin3 acc 0.0437 eff 0.0 outinratio 0.0196 

ggH126_4l_rapidity4l_genbin2_recobin3 acc 0.0376 eff 0.0154 outinratio 0.0103 

VBFH126_4l_rapidity4l_genbin2_recobin3 acc 0.0411 eff 0.016 outinratio 0.0055 

WminusH126_4l_rapidity4l_genbin2_recobin3 acc 0.0322 eff 0.013 outinratio 0.0192 

WplusH126_4l_rapidity4l_genbin2_recobin3 acc 0.0262 eff 0.0118 outinratio 0.0143 

ZH126_4l_rapidity4l_genbin2_recobin3 acc 0.0295 eff 0.0179 outinratio 0.0592 

ttH126_4l_rapidity4l_genbin2_recobin3 acc 0.0448 eff 0.0134 outinratio 0.0196 

ggH126_4l_rapidity4l_genbin3_recobin3 acc 0.0433 eff 0.4987 outinratio 0.0103 

VBFH126_4l_rapidity4l_genbin3_recobin3 acc 0.0434 eff 0.5437 outinratio 0.0055 

WminusH126_4l_rapidity4l_genbin3_recobin3 acc 0.0359 eff 0.5004 outinratio 0.0192 

WplusH126_4l_rapidity4l_genbin3_recobin3 acc 0.03 eff 0.5222 outinratio 0.0143 

ZH126_4l_rapidity4l_genbin3_recobin3 acc 0.0353 eff 0.5121 outinratio 0.0592 

ttH126_4l_rapidity4l_genbin3_recobin3 acc 0.0471 eff 0.3855 outinratio 0.0196 

ggH126_4l_rapidity4l_genbin4_recobin3 acc 0.0299 eff 0.02 outinratio 0.0103 

VBFH126_4l_rapidity4l_genbin4_recobin3 acc 0.0308 eff 0.0223 outinratio 0.0055 

WminusH126_4l_rapidity4l_genbin4_recobin3 acc 0.0264 eff 0.0187 outinratio 0.0192 

WplusH126_4l_rapidity4l_genbin4_recobin3 acc 0.0219 eff 0.0172 outinratio 0.0143 

ZH126_4l_rapidity4l_genbin4_recobin3 acc 0.0245 eff 0.0212 outinratio 0.0592 

ttH126_4l_rapidity4l_genbin4_recobin3 acc 0.0414 eff 0.0 outinratio 0.0196 

ggH126_4l_rapidity4l_genbin5_recobin3 acc 0.0443 eff 0.0 outinratio 0.0103 

VBFH126_4l_rapidity4l_genbin5_recobin3 acc 0.0466 eff 0.0 outinratio 0.0055 

WminusH126_4l_rapidity4l_genbin5_recobin3 acc 0.0375 eff 0.0 outinratio 0.0192 

WplusH126_4l_rapidity4l_genbin5_recobin3 acc 0.0319 eff 0.0 outinratio 0.0143 

ZH126_4l_rapidity4l_genbin5_recobin3 acc 0.0351 eff 0.0 outinratio 0.0592 

ttH126_4l_rapidity4l_genbin5_recobin3 acc 0.0511 eff 0.0 outinratio 0.0196 

ggH126_4l_rapidity4l_genbin6_recobin3 acc 0.0419 eff 0.0 outinratio 0.0103 

VBFH126_4l_rapidity4l_genbin6_recobin3 acc 0.0417 eff 0.0 outinratio 0.0055 

WminusH126_4l_rapidity4l_genbin6_recobin3 acc 0.0366 eff 0.0 outinratio 0.0192 

WplusH126_4l_rapidity4l_genbin6_recobin3 acc 0.0317 eff 0.0 outinratio 0.0143 

ZH126_4l_rapidity4l_genbin6_recobin3 acc 0.0338 eff 0.0 outinratio 0.0592 

ttH126_4l_rapidity4l_genbin6_recobin3 acc 0.05 eff 0.0 outinratio 0.0196 

ggH126_4l_rapidity4l_genbin7_recobin3 acc 0.0491 eff 0.0 outinratio 0.0103 

VBFH126_4l_rapidity4l_genbin7_recobin3 acc 0.0556 eff 0.0 outinratio 0.0055 

WminusH126_4l_rapidity4l_genbin7_recobin3 acc 0.0463 eff 0.0 outinratio 0.0192 

WplusH126_4l_rapidity4l_genbin7_recobin3 acc 0.0404 eff 0.0 outinratio 0.0143 

ZH126_4l_rapidity4l_genbin7_recobin3 acc 0.0431 eff 0.0 outinratio 0.0592 

ttH126_4l_rapidity4l_genbin7_recobin3 acc 0.0511 eff 0.0 outinratio 0.0196 

ggH126_4l_rapidity4l_genbin8_recobin3 acc 0.0431 eff 0.0 outinratio 0.0103 

VBFH126_4l_rapidity4l_genbin8_recobin3 acc 0.0477 eff 0.0 outinratio 0.0055 

WminusH126_4l_rapidity4l_genbin8_recobin3 acc 0.0404 eff 0.0 outinratio 0.0192 

WplusH126_4l_rapidity4l_genbin8_recobin3 acc 0.0371 eff 0.0 outinratio 0.0143 

ZH126_4l_rapidity4l_genbin8_recobin3 acc 0.0379 eff 0.0 outinratio 0.0592 

ttH126_4l_rapidity4l_genbin8_recobin3 acc 0.0419 eff 0.0 outinratio 0.0196 

ggH126_4l_rapidity4l_genbin9_recobin3 acc 0.0811 eff 0.0 outinratio 0.0103 

VBFH126_4l_rapidity4l_genbin9_recobin3 acc 0.0965 eff 0.0 outinratio 0.0055 

WminusH126_4l_rapidity4l_genbin9_recobin3 acc 0.0915 eff 0.0 outinratio 0.0192 

WplusH126_4l_rapidity4l_genbin9_recobin3 acc 0.0947 eff 0.0 outinratio 0.0143 

ZH126_4l_rapidity4l_genbin9_recobin3 acc 0.0931 eff 0.0 outinratio 0.0592 

ttH126_4l_rapidity4l_genbin9_recobin3 acc 0.0672 eff 0.0 outinratio 0.0196 

ggH126_4l_rapidity4l_genbin0_recobin4 acc 0.0389 eff 0.0 outinratio 0.0063 

VBFH126_4l_rapidity4l_genbin0_recobin4 acc 0.0409 eff 0.0 outinratio 0.0078 

WminusH126_4l_rapidity4l_genbin0_recobin4 acc 0.0321 eff 0.0 outinratio 0.0186 

WplusH126_4l_rapidity4l_genbin0_recobin4 acc 0.026 eff 0.0 outinratio 0.0198 

ZH126_4l_rapidity4l_genbin0_recobin4 acc 0.03 eff 0.0 outinratio 0.0597 

ttH126_4l_rapidity4l_genbin0_recobin4 acc 0.0523 eff 0.0 outinratio 0.0484 

ggH126_4l_rapidity4l_genbin1_recobin4 acc 0.0378 eff 0.0 outinratio 0.0063 

VBFH126_4l_rapidity4l_genbin1_recobin4 acc 0.0407 eff 0.0 outinratio 0.0078 

WminusH126_4l_rapidity4l_genbin1_recobin4 acc 0.0307 eff 0.0 outinratio 0.0186 

WplusH126_4l_rapidity4l_genbin1_recobin4 acc 0.0263 eff 0.0 outinratio 0.0198 

ZH126_4l_rapidity4l_genbin1_recobin4 acc 0.0281 eff 0.0 outinratio 0.0597 

ttH126_4l_rapidity4l_genbin1_recobin4 acc 0.0437 eff 0.0 outinratio 0.0484 

ggH126_4l_rapidity4l_genbin2_recobin4 acc 0.0376 eff 0.0 outinratio 0.0063 

VBFH126_4l_rapidity4l_genbin2_recobin4 acc 0.0411 eff 0.0 outinratio 0.0078 

WminusH126_4l_rapidity4l_genbin2_recobin4 acc 0.0322 eff 0.0 outinratio 0.0186 

WplusH126_4l_rapidity4l_genbin2_recobin4 acc 0.0262 eff 0.0 outinratio 0.0198 

ZH126_4l_rapidity4l_genbin2_recobin4 acc 0.0295 eff 0.0 outinratio 0.0597 

ttH126_4l_rapidity4l_genbin2_recobin4 acc 0.0448 eff 0.0 outinratio 0.0484 

ggH126_4l_rapidity4l_genbin3_recobin4 acc 0.0433 eff 0.0095 outinratio 0.0063 

VBFH126_4l_rapidity4l_genbin3_recobin4 acc 0.0434 eff 0.0112 outinratio 0.0078 

WminusH126_4l_rapidity4l_genbin3_recobin4 acc 0.0359 eff 0.0091 outinratio 0.0186 

WplusH126_4l_rapidity4l_genbin3_recobin4 acc 0.03 eff 0.0098 outinratio 0.0198 

ZH126_4l_rapidity4l_genbin3_recobin4 acc 0.0353 eff 0.0136 outinratio 0.0597 

ttH126_4l_rapidity4l_genbin3_recobin4 acc 0.0471 eff -0.0033 outinratio 0.0484 

ggH126_4l_rapidity4l_genbin4_recobin4 acc 0.0299 eff 0.4786 outinratio 0.0063 

VBFH126_4l_rapidity4l_genbin4_recobin4 acc 0.0308 eff 0.5107 outinratio 0.0078 

WminusH126_4l_rapidity4l_genbin4_recobin4 acc 0.0264 eff 0.4861 outinratio 0.0186 

WplusH126_4l_rapidity4l_genbin4_recobin4 acc 0.0219 eff 0.4798 outinratio 0.0198 

ZH126_4l_rapidity4l_genbin4_recobin4 acc 0.0245 eff 0.4867 outinratio 0.0597 

ttH126_4l_rapidity4l_genbin4_recobin4 acc 0.0414 eff 0.3966 outinratio 0.0484 

ggH126_4l_rapidity4l_genbin5_recobin4 acc 0.0443 eff 0.0152 outinratio 0.0063 

VBFH126_4l_rapidity4l_genbin5_recobin4 acc 0.0466 eff 0.0187 outinratio 0.0078 

WminusH126_4l_rapidity4l_genbin5_recobin4 acc 0.0375 eff 0.0114 outinratio 0.0186 

WplusH126_4l_rapidity4l_genbin5_recobin4 acc 0.0319 eff 0.0106 outinratio 0.0198 

ZH126_4l_rapidity4l_genbin5_recobin4 acc 0.0351 eff 0.0106 outinratio 0.0597 

ttH126_4l_rapidity4l_genbin5_recobin4 acc 0.0511 eff 0.0 outinratio 0.0484 

ggH126_4l_rapidity4l_genbin6_recobin4 acc 0.0419 eff 0.0 outinratio 0.0063 

VBFH126_4l_rapidity4l_genbin6_recobin4 acc 0.0417 eff 0.0 outinratio 0.0078 

WminusH126_4l_rapidity4l_genbin6_recobin4 acc 0.0366 eff 0.0 outinratio 0.0186 

WplusH126_4l_rapidity4l_genbin6_recobin4 acc 0.0317 eff 0.0 outinratio 0.0198 

ZH126_4l_rapidity4l_genbin6_recobin4 acc 0.0338 eff 0.0 outinratio 0.0597 

ttH126_4l_rapidity4l_genbin6_recobin4 acc 0.05 eff 0.0 outinratio 0.0484 

ggH126_4l_rapidity4l_genbin7_recobin4 acc 0.0491 eff 0.0 outinratio 0.0063 

VBFH126_4l_rapidity4l_genbin7_recobin4 acc 0.0556 eff 0.0 outinratio 0.0078 

WminusH126_4l_rapidity4l_genbin7_recobin4 acc 0.0463 eff 0.0 outinratio 0.0186 

WplusH126_4l_rapidity4l_genbin7_recobin4 acc 0.0404 eff 0.0 outinratio 0.0198 

ZH126_4l_rapidity4l_genbin7_recobin4 acc 0.0431 eff 0.0 outinratio 0.0597 

ttH126_4l_rapidity4l_genbin7_recobin4 acc 0.0511 eff 0.0 outinratio 0.0484 

ggH126_4l_rapidity4l_genbin8_recobin4 acc 0.0431 eff 0.0 outinratio 0.0063 

VBFH126_4l_rapidity4l_genbin8_recobin4 acc 0.0477 eff 0.0 outinratio 0.0078 

WminusH126_4l_rapidity4l_genbin8_recobin4 acc 0.0404 eff 0.0 outinratio 0.0186 

WplusH126_4l_rapidity4l_genbin8_recobin4 acc 0.0371 eff 0.0 outinratio 0.0198 

ZH126_4l_rapidity4l_genbin8_recobin4 acc 0.0379 eff 0.0 outinratio 0.0597 

ttH126_4l_rapidity4l_genbin8_recobin4 acc 0.0419 eff 0.0 outinratio 0.0484 

ggH126_4l_rapidity4l_genbin9_recobin4 acc 0.0811 eff 0.0 outinratio 0.0063 

VBFH126_4l_rapidity4l_genbin9_recobin4 acc 0.0965 eff 0.0 outinratio 0.0078 

WminusH126_4l_rapidity4l_genbin9_recobin4 acc 0.0915 eff 0.0 outinratio 0.0186 

WplusH126_4l_rapidity4l_genbin9_recobin4 acc 0.0947 eff 0.0 outinratio 0.0198 

ZH126_4l_rapidity4l_genbin9_recobin4 acc 0.0931 eff 0.0 outinratio 0.0597 

ttH126_4l_rapidity4l_genbin9_recobin4 acc 0.0672 eff 0.0 outinratio 0.0484 

ggH126_4l_rapidity4l_genbin0_recobin5 acc 0.0389 eff 0.0 outinratio 0.0078 

VBFH126_4l_rapidity4l_genbin0_recobin5 acc 0.0409 eff 0.0 outinratio 0.0032 

WminusH126_4l_rapidity4l_genbin0_recobin5 acc 0.0321 eff 0.0 outinratio 0.0152 

WplusH126_4l_rapidity4l_genbin0_recobin5 acc 0.026 eff 0.0 outinratio 0.0185 

ZH126_4l_rapidity4l_genbin0_recobin5 acc 0.03 eff 0.0 outinratio 0.0497 

ttH126_4l_rapidity4l_genbin0_recobin5 acc 0.0523 eff 0.0 outinratio 0.0152 

ggH126_4l_rapidity4l_genbin1_recobin5 acc 0.0378 eff 0.0 outinratio 0.0078 

VBFH126_4l_rapidity4l_genbin1_recobin5 acc 0.0407 eff 0.0 outinratio 0.0032 

WminusH126_4l_rapidity4l_genbin1_recobin5 acc 0.0307 eff 0.0 outinratio 0.0152 

WplusH126_4l_rapidity4l_genbin1_recobin5 acc 0.0263 eff 0.0 outinratio 0.0185 

ZH126_4l_rapidity4l_genbin1_recobin5 acc 0.0281 eff 0.0 outinratio 0.0497 

ttH126_4l_rapidity4l_genbin1_recobin5 acc 0.0437 eff 0.0 outinratio 0.0152 

ggH126_4l_rapidity4l_genbin2_recobin5 acc 0.0376 eff 0.0 outinratio 0.0078 

VBFH126_4l_rapidity4l_genbin2_recobin5 acc 0.0411 eff 0.0 outinratio 0.0032 

WminusH126_4l_rapidity4l_genbin2_recobin5 acc 0.0322 eff 0.0 outinratio 0.0152 

WplusH126_4l_rapidity4l_genbin2_recobin5 acc 0.0262 eff 0.0 outinratio 0.0185 

ZH126_4l_rapidity4l_genbin2_recobin5 acc 0.0295 eff 0.0 outinratio 0.0497 

ttH126_4l_rapidity4l_genbin2_recobin5 acc 0.0448 eff 0.0 outinratio 0.0152 

ggH126_4l_rapidity4l_genbin3_recobin5 acc 0.0433 eff 0.0 outinratio 0.0078 

VBFH126_4l_rapidity4l_genbin3_recobin5 acc 0.0434 eff 0.0 outinratio 0.0032 

WminusH126_4l_rapidity4l_genbin3_recobin5 acc 0.0359 eff 0.0 outinratio 0.0152 

WplusH126_4l_rapidity4l_genbin3_recobin5 acc 0.03 eff 0.0 outinratio 0.0185 

ZH126_4l_rapidity4l_genbin3_recobin5 acc 0.0353 eff 0.0 outinratio 0.0497 

ttH126_4l_rapidity4l_genbin3_recobin5 acc 0.0471 eff 0.0 outinratio 0.0152 

ggH126_4l_rapidity4l_genbin4_recobin5 acc 0.0299 eff 0.0167 outinratio 0.0078 

VBFH126_4l_rapidity4l_genbin4_recobin5 acc 0.0308 eff 0.0119 outinratio 0.0032 

WminusH126_4l_rapidity4l_genbin4_recobin5 acc 0.0264 eff 0.018 outinratio 0.0152 

WplusH126_4l_rapidity4l_genbin4_recobin5 acc 0.0219 eff 0.0148 outinratio 0.0185 

ZH126_4l_rapidity4l_genbin4_recobin5 acc 0.0245 eff 0.0187 outinratio 0.0497 

ttH126_4l_rapidity4l_genbin4_recobin5 acc 0.0414 eff 0.0 outinratio 0.0152 

ggH126_4l_rapidity4l_genbin5_recobin5 acc 0.0443 eff 0.4834 outinratio 0.0078 

VBFH126_4l_rapidity4l_genbin5_recobin5 acc 0.0466 eff 0.5314 outinratio 0.0032 

WminusH126_4l_rapidity4l_genbin5_recobin5 acc 0.0375 eff 0.4832 outinratio 0.0152 

WplusH126_4l_rapidity4l_genbin5_recobin5 acc 0.0319 eff 0.4941 outinratio 0.0185 

ZH126_4l_rapidity4l_genbin5_recobin5 acc 0.0351 eff 0.4898 outinratio 0.0497 

ttH126_4l_rapidity4l_genbin5_recobin5 acc 0.0511 eff 0.4189 outinratio 0.0152 

ggH126_4l_rapidity4l_genbin6_recobin5 acc 0.0419 eff 0.0148 outinratio 0.0078 

VBFH126_4l_rapidity4l_genbin6_recobin5 acc 0.0417 eff 0.0126 outinratio 0.0032 

WminusH126_4l_rapidity4l_genbin6_recobin5 acc 0.0366 eff 0.0103 outinratio 0.0152 

WplusH126_4l_rapidity4l_genbin6_recobin5 acc 0.0317 eff 0.0112 outinratio 0.0185 

ZH126_4l_rapidity4l_genbin6_recobin5 acc 0.0338 eff 0.012 outinratio 0.0497 

ttH126_4l_rapidity4l_genbin6_recobin5 acc 0.05 eff 0.0 outinratio 0.0152 

ggH126_4l_rapidity4l_genbin7_recobin5 acc 0.0491 eff 0.0 outinratio 0.0078 

VBFH126_4l_rapidity4l_genbin7_recobin5 acc 0.0556 eff 0.0 outinratio 0.0032 

WminusH126_4l_rapidity4l_genbin7_recobin5 acc 0.0463 eff 0.0 outinratio 0.0152 

WplusH126_4l_rapidity4l_genbin7_recobin5 acc 0.0404 eff 0.0 outinratio 0.0185 

ZH126_4l_rapidity4l_genbin7_recobin5 acc 0.0431 eff 0.0 outinratio 0.0497 

ttH126_4l_rapidity4l_genbin7_recobin5 acc 0.0511 eff 0.0 outinratio 0.0152 

ggH126_4l_rapidity4l_genbin8_recobin5 acc 0.0431 eff 0.0 outinratio 0.0078 

VBFH126_4l_rapidity4l_genbin8_recobin5 acc 0.0477 eff 0.0 outinratio 0.0032 

WminusH126_4l_rapidity4l_genbin8_recobin5 acc 0.0404 eff 0.0 outinratio 0.0152 

WplusH126_4l_rapidity4l_genbin8_recobin5 acc 0.0371 eff 0.0 outinratio 0.0185 

ZH126_4l_rapidity4l_genbin8_recobin5 acc 0.0379 eff 0.0 outinratio 0.0497 

ttH126_4l_rapidity4l_genbin8_recobin5 acc 0.0419 eff 0.0 outinratio 0.0152 

ggH126_4l_rapidity4l_genbin9_recobin5 acc 0.0811 eff 0.0 outinratio 0.0078 

VBFH126_4l_rapidity4l_genbin9_recobin5 acc 0.0965 eff 0.0 outinratio 0.0032 

WminusH126_4l_rapidity4l_genbin9_recobin5 acc 0.0915 eff 0.0 outinratio 0.0152 

WplusH126_4l_rapidity4l_genbin9_recobin5 acc 0.0947 eff 0.0 outinratio 0.0185 

ZH126_4l_rapidity4l_genbin9_recobin5 acc 0.0931 eff 0.0 outinratio 0.0497 

ttH126_4l_rapidity4l_genbin9_recobin5 acc 0.0672 eff 0.0 outinratio 0.0152 

ggH126_4l_rapidity4l_genbin0_recobin6 acc 0.0389 eff 0.0 outinratio 0.0065 

VBFH126_4l_rapidity4l_genbin0_recobin6 acc 0.0409 eff 0.0 outinratio 0.0065 

WminusH126_4l_rapidity4l_genbin0_recobin6 acc 0.0321 eff 0.0 outinratio 0.0139 

WplusH126_4l_rapidity4l_genbin0_recobin6 acc 0.026 eff 0.0 outinratio 0.0154 

ZH126_4l_rapidity4l_genbin0_recobin6 acc 0.03 eff 0.0 outinratio 0.0437 

ttH126_4l_rapidity4l_genbin0_recobin6 acc 0.0523 eff 0.0 outinratio 0.0553 

ggH126_4l_rapidity4l_genbin1_recobin6 acc 0.0378 eff 0.0 outinratio 0.0065 

VBFH126_4l_rapidity4l_genbin1_recobin6 acc 0.0407 eff 0.0 outinratio 0.0065 

WminusH126_4l_rapidity4l_genbin1_recobin6 acc 0.0307 eff 0.0 outinratio 0.0139 

WplusH126_4l_rapidity4l_genbin1_recobin6 acc 0.0263 eff 0.0 outinratio 0.0154 

ZH126_4l_rapidity4l_genbin1_recobin6 acc 0.0281 eff 0.0 outinratio 0.0437 

ttH126_4l_rapidity4l_genbin1_recobin6 acc 0.0437 eff 0.0 outinratio 0.0553 

ggH126_4l_rapidity4l_genbin2_recobin6 acc 0.0376 eff 0.0 outinratio 0.0065 

VBFH126_4l_rapidity4l_genbin2_recobin6 acc 0.0411 eff 0.0 outinratio 0.0065 

WminusH126_4l_rapidity4l_genbin2_recobin6 acc 0.0322 eff 0.0 outinratio 0.0139 

WplusH126_4l_rapidity4l_genbin2_recobin6 acc 0.0262 eff 0.0 outinratio 0.0154 

ZH126_4l_rapidity4l_genbin2_recobin6 acc 0.0295 eff 0.0 outinratio 0.0437 

ttH126_4l_rapidity4l_genbin2_recobin6 acc 0.0448 eff 0.0 outinratio 0.0553 

ggH126_4l_rapidity4l_genbin3_recobin6 acc 0.0433 eff 0.0 outinratio 0.0065 

VBFH126_4l_rapidity4l_genbin3_recobin6 acc 0.0434 eff 0.0 outinratio 0.0065 

WminusH126_4l_rapidity4l_genbin3_recobin6 acc 0.0359 eff 0.0 outinratio 0.0139 

WplusH126_4l_rapidity4l_genbin3_recobin6 acc 0.03 eff 0.0 outinratio 0.0154 

ZH126_4l_rapidity4l_genbin3_recobin6 acc 0.0353 eff 0.0 outinratio 0.0437 

ttH126_4l_rapidity4l_genbin3_recobin6 acc 0.0471 eff 0.0 outinratio 0.0553 

ggH126_4l_rapidity4l_genbin4_recobin6 acc 0.0299 eff 0.0 outinratio 0.0065 

VBFH126_4l_rapidity4l_genbin4_recobin6 acc 0.0308 eff 0.0 outinratio 0.0065 

WminusH126_4l_rapidity4l_genbin4_recobin6 acc 0.0264 eff 0.0 outinratio 0.0139 

WplusH126_4l_rapidity4l_genbin4_recobin6 acc 0.0219 eff 0.0 outinratio 0.0154 

ZH126_4l_rapidity4l_genbin4_recobin6 acc 0.0245 eff 0.0 outinratio 0.0437 

ttH126_4l_rapidity4l_genbin4_recobin6 acc 0.0414 eff 0.0 outinratio 0.0553 

ggH126_4l_rapidity4l_genbin5_recobin6 acc 0.0443 eff 0.0114 outinratio 0.0065 

VBFH126_4l_rapidity4l_genbin5_recobin6 acc 0.0466 eff 0.0087 outinratio 0.0065 

WminusH126_4l_rapidity4l_genbin5_recobin6 acc 0.0375 eff 0.0089 outinratio 0.0139 

WplusH126_4l_rapidity4l_genbin5_recobin6 acc 0.0319 eff 0.0104 outinratio 0.0154 

ZH126_4l_rapidity4l_genbin5_recobin6 acc 0.0351 eff 0.0087 outinratio 0.0437 

ttH126_4l_rapidity4l_genbin5_recobin6 acc 0.0511 eff 0.0071 outinratio 0.0553 

ggH126_4l_rapidity4l_genbin6_recobin6 acc 0.0419 eff 0.4716 outinratio 0.0065 

VBFH126_4l_rapidity4l_genbin6_recobin6 acc 0.0417 eff 0.5082 outinratio 0.0065 

WminusH126_4l_rapidity4l_genbin6_recobin6 acc 0.0366 eff 0.4528 outinratio 0.0139 

WplusH126_4l_rapidity4l_genbin6_recobin6 acc 0.0317 eff 0.4695 outinratio 0.0154 

ZH126_4l_rapidity4l_genbin6_recobin6 acc 0.0338 eff 0.4862 outinratio 0.0437 

ttH126_4l_rapidity4l_genbin6_recobin6 acc 0.05 eff 0.3463 outinratio 0.0553 

ggH126_4l_rapidity4l_genbin7_recobin6 acc 0.0491 eff 0.011 outinratio 0.0065 

VBFH126_4l_rapidity4l_genbin7_recobin6 acc 0.0556 eff 0.0105 outinratio 0.0065 

WminusH126_4l_rapidity4l_genbin7_recobin6 acc 0.0463 eff 0.0085 outinratio 0.0139 

WplusH126_4l_rapidity4l_genbin7_recobin6 acc 0.0404 eff 0.0087 outinratio 0.0154 

ZH126_4l_rapidity4l_genbin7_recobin6 acc 0.0431 eff 0.0103 outinratio 0.0437 

ttH126_4l_rapidity4l_genbin7_recobin6 acc 0.0511 eff 0.0125 outinratio 0.0553 

ggH126_4l_rapidity4l_genbin8_recobin6 acc 0.0431 eff 0.0 outinratio 0.0065 

VBFH126_4l_rapidity4l_genbin8_recobin6 acc 0.0477 eff 0.0 outinratio 0.0065 

WminusH126_4l_rapidity4l_genbin8_recobin6 acc 0.0404 eff 0.0 outinratio 0.0139 

WplusH126_4l_rapidity4l_genbin8_recobin6 acc 0.0371 eff 0.0 outinratio 0.0154 

ZH126_4l_rapidity4l_genbin8_recobin6 acc 0.0379 eff 0.0 outinratio 0.0437 

ttH126_4l_rapidity4l_genbin8_recobin6 acc 0.0419 eff 0.0 outinratio 0.0553 

ggH126_4l_rapidity4l_genbin9_recobin6 acc 0.0811 eff 0.0 outinratio 0.0065 

VBFH126_4l_rapidity4l_genbin9_recobin6 acc 0.0965 eff 0.0 outinratio 0.0065 

WminusH126_4l_rapidity4l_genbin9_recobin6 acc 0.0915 eff 0.0 outinratio 0.0139 

WplusH126_4l_rapidity4l_genbin9_recobin6 acc 0.0947 eff 0.0 outinratio 0.0154 

ZH126_4l_rapidity4l_genbin9_recobin6 acc 0.0931 eff 0.0 outinratio 0.0437 

ttH126_4l_rapidity4l_genbin9_recobin6 acc 0.0672 eff 0.0 outinratio 0.0553 

ggH126_4l_rapidity4l_genbin0_recobin7 acc 0.0389 eff 0.0 outinratio 0.0059 

VBFH126_4l_rapidity4l_genbin0_recobin7 acc 0.0409 eff 0.0 outinratio 0.0075 

WminusH126_4l_rapidity4l_genbin0_recobin7 acc 0.0321 eff 0.0 outinratio 0.0225 

WplusH126_4l_rapidity4l_genbin0_recobin7 acc 0.026 eff 0.0 outinratio 0.0168 

ZH126_4l_rapidity4l_genbin0_recobin7 acc 0.03 eff 0.0 outinratio 0.0497 

ttH126_4l_rapidity4l_genbin0_recobin7 acc 0.0523 eff 0.0 outinratio 0.0174 

ggH126_4l_rapidity4l_genbin1_recobin7 acc 0.0378 eff 0.0 outinratio 0.0059 

VBFH126_4l_rapidity4l_genbin1_recobin7 acc 0.0407 eff 0.0 outinratio 0.0075 

WminusH126_4l_rapidity4l_genbin1_recobin7 acc 0.0307 eff 0.0 outinratio 0.0225 

WplusH126_4l_rapidity4l_genbin1_recobin7 acc 0.0263 eff 0.0 outinratio 0.0168 

ZH126_4l_rapidity4l_genbin1_recobin7 acc 0.0281 eff 0.0 outinratio 0.0497 

ttH126_4l_rapidity4l_genbin1_recobin7 acc 0.0437 eff 0.0 outinratio 0.0174 

ggH126_4l_rapidity4l_genbin2_recobin7 acc 0.0376 eff 0.0 outinratio 0.0059 

VBFH126_4l_rapidity4l_genbin2_recobin7 acc 0.0411 eff 0.0 outinratio 0.0075 

WminusH126_4l_rapidity4l_genbin2_recobin7 acc 0.0322 eff 0.0 outinratio 0.0225 

WplusH126_4l_rapidity4l_genbin2_recobin7 acc 0.0262 eff 0.0 outinratio 0.0168 

ZH126_4l_rapidity4l_genbin2_recobin7 acc 0.0295 eff 0.0 outinratio 0.0497 

ttH126_4l_rapidity4l_genbin2_recobin7 acc 0.0448 eff 0.0 outinratio 0.0174 

ggH126_4l_rapidity4l_genbin3_recobin7 acc 0.0433 eff 0.0 outinratio 0.0059 

VBFH126_4l_rapidity4l_genbin3_recobin7 acc 0.0434 eff 0.0 outinratio 0.0075 

WminusH126_4l_rapidity4l_genbin3_recobin7 acc 0.0359 eff 0.0 outinratio 0.0225 

WplusH126_4l_rapidity4l_genbin3_recobin7 acc 0.03 eff 0.0 outinratio 0.0168 

ZH126_4l_rapidity4l_genbin3_recobin7 acc 0.0353 eff 0.0 outinratio 0.0497 

ttH126_4l_rapidity4l_genbin3_recobin7 acc 0.0471 eff 0.0 outinratio 0.0174 

ggH126_4l_rapidity4l_genbin4_recobin7 acc 0.0299 eff 0.0 outinratio 0.0059 

VBFH126_4l_rapidity4l_genbin4_recobin7 acc 0.0308 eff 0.0 outinratio 0.0075 

WminusH126_4l_rapidity4l_genbin4_recobin7 acc 0.0264 eff 0.0 outinratio 0.0225 

WplusH126_4l_rapidity4l_genbin4_recobin7 acc 0.0219 eff 0.0 outinratio 0.0168 

ZH126_4l_rapidity4l_genbin4_recobin7 acc 0.0245 eff 0.0 outinratio 0.0497 

ttH126_4l_rapidity4l_genbin4_recobin7 acc 0.0414 eff 0.0 outinratio 0.0174 

ggH126_4l_rapidity4l_genbin5_recobin7 acc 0.0443 eff 0.0 outinratio 0.0059 

VBFH126_4l_rapidity4l_genbin5_recobin7 acc 0.0466 eff 0.0 outinratio 0.0075 

WminusH126_4l_rapidity4l_genbin5_recobin7 acc 0.0375 eff 0.0 outinratio 0.0225 

WplusH126_4l_rapidity4l_genbin5_recobin7 acc 0.0319 eff 0.0 outinratio 0.0168 

ZH126_4l_rapidity4l_genbin5_recobin7 acc 0.0351 eff 0.0 outinratio 0.0497 

ttH126_4l_rapidity4l_genbin5_recobin7 acc 0.0511 eff 0.0 outinratio 0.0174 

ggH126_4l_rapidity4l_genbin6_recobin7 acc 0.0419 eff 0.0111 outinratio 0.0059 

VBFH126_4l_rapidity4l_genbin6_recobin7 acc 0.0417 eff 0.0072 outinratio 0.0075 

WminusH126_4l_rapidity4l_genbin6_recobin7 acc 0.0366 eff 0.0078 outinratio 0.0225 

WplusH126_4l_rapidity4l_genbin6_recobin7 acc 0.0317 eff 0.0093 outinratio 0.0168 

ZH126_4l_rapidity4l_genbin6_recobin7 acc 0.0338 eff 0.0071 outinratio 0.0497 

ttH126_4l_rapidity4l_genbin6_recobin7 acc 0.05 eff 0.0 outinratio 0.0174 

ggH126_4l_rapidity4l_genbin7_recobin7 acc 0.0491 eff 0.4542 outinratio 0.0059 

VBFH126_4l_rapidity4l_genbin7_recobin7 acc 0.0556 eff 0.4882 outinratio 0.0075 

WminusH126_4l_rapidity4l_genbin7_recobin7 acc 0.0463 eff 0.4561 outinratio 0.0225 

WplusH126_4l_rapidity4l_genbin7_recobin7 acc 0.0404 eff 0.4549 outinratio 0.0168 

ZH126_4l_rapidity4l_genbin7_recobin7 acc 0.0431 eff 0.4636 outinratio 0.0497 

ttH126_4l_rapidity4l_genbin7_recobin7 acc 0.0511 eff 0.2807 outinratio 0.0174 

ggH126_4l_rapidity4l_genbin8_recobin7 acc 0.0431 eff 0.0133 outinratio 0.0059 

VBFH126_4l_rapidity4l_genbin8_recobin7 acc 0.0477 eff 0.0095 outinratio 0.0075 

WminusH126_4l_rapidity4l_genbin8_recobin7 acc 0.0404 eff 0.0072 outinratio 0.0225 

WplusH126_4l_rapidity4l_genbin8_recobin7 acc 0.0371 eff 0.0087 outinratio 0.0168 

ZH126_4l_rapidity4l_genbin8_recobin7 acc 0.0379 eff 0.0085 outinratio 0.0497 

ttH126_4l_rapidity4l_genbin8_recobin7 acc 0.0419 eff 0.0 outinratio 0.0174 

ggH126_4l_rapidity4l_genbin9_recobin7 acc 0.0811 eff 0.0 outinratio 0.0059 

VBFH126_4l_rapidity4l_genbin9_recobin7 acc 0.0965 eff 0.0 outinratio 0.0075 

WminusH126_4l_rapidity4l_genbin9_recobin7 acc 0.0915 eff 0.0 outinratio 0.0225 

WplusH126_4l_rapidity4l_genbin9_recobin7 acc 0.0947 eff 0.0 outinratio 0.0168 

ZH126_4l_rapidity4l_genbin9_recobin7 acc 0.0931 eff 0.0 outinratio 0.0497 

ttH126_4l_rapidity4l_genbin9_recobin7 acc 0.0672 eff 0.0 outinratio 0.0174 

ggH126_4l_rapidity4l_genbin0_recobin8 acc 0.0389 eff 0.0 outinratio 0.0085 

VBFH126_4l_rapidity4l_genbin0_recobin8 acc 0.0409 eff 0.0 outinratio 0.0083 

WminusH126_4l_rapidity4l_genbin0_recobin8 acc 0.0321 eff 0.0 outinratio 0.0185 

WplusH126_4l_rapidity4l_genbin0_recobin8 acc 0.026 eff 0.0 outinratio 0.0216 

ZH126_4l_rapidity4l_genbin0_recobin8 acc 0.03 eff 0.0 outinratio 0.0517 

ttH126_4l_rapidity4l_genbin0_recobin8 acc 0.0523 eff 0.0 outinratio 0.0232 

ggH126_4l_rapidity4l_genbin1_recobin8 acc 0.0378 eff 0.0 outinratio 0.0085 

VBFH126_4l_rapidity4l_genbin1_recobin8 acc 0.0407 eff 0.0 outinratio 0.0083 

WminusH126_4l_rapidity4l_genbin1_recobin8 acc 0.0307 eff 0.0 outinratio 0.0185 

WplusH126_4l_rapidity4l_genbin1_recobin8 acc 0.0263 eff 0.0 outinratio 0.0216 

ZH126_4l_rapidity4l_genbin1_recobin8 acc 0.0281 eff 0.0 outinratio 0.0517 

ttH126_4l_rapidity4l_genbin1_recobin8 acc 0.0437 eff 0.0 outinratio 0.0232 

ggH126_4l_rapidity4l_genbin2_recobin8 acc 0.0376 eff 0.0 outinratio 0.0085 

VBFH126_4l_rapidity4l_genbin2_recobin8 acc 0.0411 eff 0.0 outinratio 0.0083 

WminusH126_4l_rapidity4l_genbin2_recobin8 acc 0.0322 eff 0.0 outinratio 0.0185 

WplusH126_4l_rapidity4l_genbin2_recobin8 acc 0.0262 eff 0.0 outinratio 0.0216 

ZH126_4l_rapidity4l_genbin2_recobin8 acc 0.0295 eff 0.0 outinratio 0.0517 

ttH126_4l_rapidity4l_genbin2_recobin8 acc 0.0448 eff 0.0 outinratio 0.0232 

ggH126_4l_rapidity4l_genbin3_recobin8 acc 0.0433 eff 0.0 outinratio 0.0085 

VBFH126_4l_rapidity4l_genbin3_recobin8 acc 0.0434 eff 0.0 outinratio 0.0083 

WminusH126_4l_rapidity4l_genbin3_recobin8 acc 0.0359 eff 0.0 outinratio 0.0185 

WplusH126_4l_rapidity4l_genbin3_recobin8 acc 0.03 eff 0.0 outinratio 0.0216 

ZH126_4l_rapidity4l_genbin3_recobin8 acc 0.0353 eff 0.0 outinratio 0.0517 

ttH126_4l_rapidity4l_genbin3_recobin8 acc 0.0471 eff 0.0 outinratio 0.0232 

ggH126_4l_rapidity4l_genbin4_recobin8 acc 0.0299 eff 0.0 outinratio 0.0085 

VBFH126_4l_rapidity4l_genbin4_recobin8 acc 0.0308 eff 0.0 outinratio 0.0083 

WminusH126_4l_rapidity4l_genbin4_recobin8 acc 0.0264 eff 0.0 outinratio 0.0185 

WplusH126_4l_rapidity4l_genbin4_recobin8 acc 0.0219 eff 0.0 outinratio 0.0216 

ZH126_4l_rapidity4l_genbin4_recobin8 acc 0.0245 eff 0.0 outinratio 0.0517 

ttH126_4l_rapidity4l_genbin4_recobin8 acc 0.0414 eff 0.0 outinratio 0.0232 

ggH126_4l_rapidity4l_genbin5_recobin8 acc 0.0443 eff 0.0 outinratio 0.0085 

VBFH126_4l_rapidity4l_genbin5_recobin8 acc 0.0466 eff 0.0 outinratio 0.0083 

WminusH126_4l_rapidity4l_genbin5_recobin8 acc 0.0375 eff 0.0 outinratio 0.0185 

WplusH126_4l_rapidity4l_genbin5_recobin8 acc 0.0319 eff 0.0 outinratio 0.0216 

ZH126_4l_rapidity4l_genbin5_recobin8 acc 0.0351 eff 0.0 outinratio 0.0517 

ttH126_4l_rapidity4l_genbin5_recobin8 acc 0.0511 eff 0.0 outinratio 0.0232 

ggH126_4l_rapidity4l_genbin6_recobin8 acc 0.0419 eff 0.0 outinratio 0.0085 

VBFH126_4l_rapidity4l_genbin6_recobin8 acc 0.0417 eff 0.0 outinratio 0.0083 

WminusH126_4l_rapidity4l_genbin6_recobin8 acc 0.0366 eff 0.0 outinratio 0.0185 

WplusH126_4l_rapidity4l_genbin6_recobin8 acc 0.0317 eff 0.0 outinratio 0.0216 

ZH126_4l_rapidity4l_genbin6_recobin8 acc 0.0338 eff 0.0 outinratio 0.0517 

ttH126_4l_rapidity4l_genbin6_recobin8 acc 0.05 eff 0.0 outinratio 0.0232 

ggH126_4l_rapidity4l_genbin7_recobin8 acc 0.0491 eff 0.0059 outinratio 0.0085 

VBFH126_4l_rapidity4l_genbin7_recobin8 acc 0.0556 eff 0.007 outinratio 0.0083 

WminusH126_4l_rapidity4l_genbin7_recobin8 acc 0.0463 eff 0.0071 outinratio 0.0185 

WplusH126_4l_rapidity4l_genbin7_recobin8 acc 0.0404 eff 0.0078 outinratio 0.0216 

ZH126_4l_rapidity4l_genbin7_recobin8 acc 0.0431 eff 0.0074 outinratio 0.0517 

ttH126_4l_rapidity4l_genbin7_recobin8 acc 0.0511 eff 0.0 outinratio 0.0232 

ggH126_4l_rapidity4l_genbin8_recobin8 acc 0.0431 eff 0.4315 outinratio 0.0085 

VBFH126_4l_rapidity4l_genbin8_recobin8 acc 0.0477 eff 0.4803 outinratio 0.0083 

WminusH126_4l_rapidity4l_genbin8_recobin8 acc 0.0404 eff 0.4353 outinratio 0.0185 

WplusH126_4l_rapidity4l_genbin8_recobin8 acc 0.0371 eff 0.429 outinratio 0.0216 

ZH126_4l_rapidity4l_genbin8_recobin8 acc 0.0379 eff 0.4334 outinratio 0.0517 

ttH126_4l_rapidity4l_genbin8_recobin8 acc 0.0419 eff 0.2024 outinratio 0.0232 

ggH126_4l_rapidity4l_genbin9_recobin8 acc 0.0811 eff 0.0046 outinratio 0.0085 

VBFH126_4l_rapidity4l_genbin9_recobin8 acc 0.0965 eff 0.0033 outinratio 0.0083 

WminusH126_4l_rapidity4l_genbin9_recobin8 acc 0.0915 eff 0.0027 outinratio 0.0185 

WplusH126_4l_rapidity4l_genbin9_recobin8 acc 0.0947 eff 0.003 outinratio 0.0216 

ZH126_4l_rapidity4l_genbin9_recobin8 acc 0.0931 eff 0.0038 outinratio 0.0517 

ttH126_4l_rapidity4l_genbin9_recobin8 acc 0.0672 eff 0.0 outinratio 0.0232 

ggH126_4l_rapidity4l_genbin0_recobin9 acc 0.0389 eff 0.0 outinratio 0.0063 

VBFH126_4l_rapidity4l_genbin0_recobin9 acc 0.0409 eff 0.0 outinratio 0.0053 

WminusH126_4l_rapidity4l_genbin0_recobin9 acc 0.0321 eff 0.0 outinratio 0.018 

WplusH126_4l_rapidity4l_genbin0_recobin9 acc 0.026 eff 0.0 outinratio 0.0153 

ZH126_4l_rapidity4l_genbin0_recobin9 acc 0.03 eff 0.0 outinratio 0.0543 

ttH126_4l_rapidity4l_genbin0_recobin9 acc 0.0523 eff 0.0 outinratio 0.0171 

ggH126_4l_rapidity4l_genbin1_recobin9 acc 0.0378 eff 0.0 outinratio 0.0063 

VBFH126_4l_rapidity4l_genbin1_recobin9 acc 0.0407 eff 0.0 outinratio 0.0053 

WminusH126_4l_rapidity4l_genbin1_recobin9 acc 0.0307 eff 0.0 outinratio 0.018 

WplusH126_4l_rapidity4l_genbin1_recobin9 acc 0.0263 eff 0.0 outinratio 0.0153 

ZH126_4l_rapidity4l_genbin1_recobin9 acc 0.0281 eff 0.0 outinratio 0.0543 

ttH126_4l_rapidity4l_genbin1_recobin9 acc 0.0437 eff 0.0 outinratio 0.0171 

ggH126_4l_rapidity4l_genbin2_recobin9 acc 0.0376 eff 0.0 outinratio 0.0063 

VBFH126_4l_rapidity4l_genbin2_recobin9 acc 0.0411 eff 0.0 outinratio 0.0053 

WminusH126_4l_rapidity4l_genbin2_recobin9 acc 0.0322 eff 0.0 outinratio 0.018 

WplusH126_4l_rapidity4l_genbin2_recobin9 acc 0.0262 eff 0.0 outinratio 0.0153 

ZH126_4l_rapidity4l_genbin2_recobin9 acc 0.0295 eff 0.0 outinratio 0.0543 

ttH126_4l_rapidity4l_genbin2_recobin9 acc 0.0448 eff 0.0 outinratio 0.0171 

ggH126_4l_rapidity4l_genbin3_recobin9 acc 0.0433 eff 0.0 outinratio 0.0063 

VBFH126_4l_rapidity4l_genbin3_recobin9 acc 0.0434 eff 0.0 outinratio 0.0053 

WminusH126_4l_rapidity4l_genbin3_recobin9 acc 0.0359 eff 0.0 outinratio 0.018 

WplusH126_4l_rapidity4l_genbin3_recobin9 acc 0.03 eff 0.0 outinratio 0.0153 

ZH126_4l_rapidity4l_genbin3_recobin9 acc 0.0353 eff 0.0 outinratio 0.0543 

ttH126_4l_rapidity4l_genbin3_recobin9 acc 0.0471 eff 0.0 outinratio 0.0171 

ggH126_4l_rapidity4l_genbin4_recobin9 acc 0.0299 eff 0.0 outinratio 0.0063 

VBFH126_4l_rapidity4l_genbin4_recobin9 acc 0.0308 eff 0.0 outinratio 0.0053 

WminusH126_4l_rapidity4l_genbin4_recobin9 acc 0.0264 eff 0.0 outinratio 0.018 

WplusH126_4l_rapidity4l_genbin4_recobin9 acc 0.0219 eff 0.0 outinratio 0.0153 

ZH126_4l_rapidity4l_genbin4_recobin9 acc 0.0245 eff 0.0 outinratio 0.0543 

ttH126_4l_rapidity4l_genbin4_recobin9 acc 0.0414 eff 0.0 outinratio 0.0171 

ggH126_4l_rapidity4l_genbin5_recobin9 acc 0.0443 eff 0.0 outinratio 0.0063 

VBFH126_4l_rapidity4l_genbin5_recobin9 acc 0.0466 eff 0.0 outinratio 0.0053 

WminusH126_4l_rapidity4l_genbin5_recobin9 acc 0.0375 eff 0.0 outinratio 0.018 

WplusH126_4l_rapidity4l_genbin5_recobin9 acc 0.0319 eff 0.0 outinratio 0.0153 

ZH126_4l_rapidity4l_genbin5_recobin9 acc 0.0351 eff 0.0 outinratio 0.0543 

ttH126_4l_rapidity4l_genbin5_recobin9 acc 0.0511 eff 0.0 outinratio 0.0171 

ggH126_4l_rapidity4l_genbin6_recobin9 acc 0.0419 eff 0.0 outinratio 0.0063 

VBFH126_4l_rapidity4l_genbin6_recobin9 acc 0.0417 eff 0.0 outinratio 0.0053 

WminusH126_4l_rapidity4l_genbin6_recobin9 acc 0.0366 eff 0.0 outinratio 0.018 

WplusH126_4l_rapidity4l_genbin6_recobin9 acc 0.0317 eff 0.0 outinratio 0.0153 

ZH126_4l_rapidity4l_genbin6_recobin9 acc 0.0338 eff 0.0 outinratio 0.0543 

ttH126_4l_rapidity4l_genbin6_recobin9 acc 0.05 eff 0.0 outinratio 0.0171 

ggH126_4l_rapidity4l_genbin7_recobin9 acc 0.0491 eff 0.0 outinratio 0.0063 

VBFH126_4l_rapidity4l_genbin7_recobin9 acc 0.0556 eff 0.0 outinratio 0.0053 

WminusH126_4l_rapidity4l_genbin7_recobin9 acc 0.0463 eff 0.0 outinratio 0.018 

WplusH126_4l_rapidity4l_genbin7_recobin9 acc 0.0404 eff 0.0 outinratio 0.0153 

ZH126_4l_rapidity4l_genbin7_recobin9 acc 0.0431 eff 0.0 outinratio 0.0543 

ttH126_4l_rapidity4l_genbin7_recobin9 acc 0.0511 eff 0.0 outinratio 0.0171 

ggH126_4l_rapidity4l_genbin8_recobin9 acc 0.0431 eff 0.0083 outinratio 0.0063 

VBFH126_4l_rapidity4l_genbin8_recobin9 acc 0.0477 eff 0.004 outinratio 0.0053 

WminusH126_4l_rapidity4l_genbin8_recobin9 acc 0.0404 eff 0.0041 outinratio 0.018 

WplusH126_4l_rapidity4l_genbin8_recobin9 acc 0.0371 eff 0.0068 outinratio 0.0153 

ZH126_4l_rapidity4l_genbin8_recobin9 acc 0.0379 eff 0.0044 outinratio 0.0543 

ttH126_4l_rapidity4l_genbin8_recobin9 acc 0.0419 eff 0.0117 outinratio 0.0171 

ggH126_4l_rapidity4l_genbin9_recobin9 acc 0.0811 eff 0.412 outinratio 0.0063 

VBFH126_4l_rapidity4l_genbin9_recobin9 acc 0.0965 eff 0.4175 outinratio 0.0053 

WminusH126_4l_rapidity4l_genbin9_recobin9 acc 0.0915 eff 0.3781 outinratio 0.018 

WplusH126_4l_rapidity4l_genbin9_recobin9 acc 0.0947 eff 0.3791 outinratio 0.0153 

ZH126_4l_rapidity4l_genbin9_recobin9 acc 0.0931 eff 0.3752 outinratio 0.0543 

ttH126_4l_rapidity4l_genbin9_recobin9 acc 0.0672 eff 0.2992 outinratio 0.0171 

ggH126_4e_rapidity4l_genbin0_recobin0 acc 0.0353 eff 0.3818 outinratio 0.0085 

VBFH126_4e_rapidity4l_genbin0_recobin0 acc 0.0382 eff 0.3868 outinratio 0.0085 

WminusH126_4e_rapidity4l_genbin0_recobin0 acc 0.0307 eff 0.3796 outinratio 0.027 

WplusH126_4e_rapidity4l_genbin0_recobin0 acc 0.0239 eff 0.3738 outinratio 0.0247 

ZH126_4e_rapidity4l_genbin0_recobin0 acc 0.0257 eff 0.4007 outinratio 0.0443 

ttH126_4e_rapidity4l_genbin0_recobin0 acc 0.0508 eff 0.4025 outinratio 0.0 

ggH126_4e_rapidity4l_genbin1_recobin0 acc 0.0344 eff 0.0137 outinratio 0.0085 

VBFH126_4e_rapidity4l_genbin1_recobin0 acc 0.0366 eff 0.011 outinratio 0.0085 

WminusH126_4e_rapidity4l_genbin1_recobin0 acc 0.0271 eff 0.0048 outinratio 0.027 

WplusH126_4e_rapidity4l_genbin1_recobin0 acc 0.0236 eff 0.0107 outinratio 0.0247 

ZH126_4e_rapidity4l_genbin1_recobin0 acc 0.0265 eff 0.0099 outinratio 0.0443 

ttH126_4e_rapidity4l_genbin1_recobin0 acc 0.0366 eff 0.0 outinratio 0.0 

ggH126_4e_rapidity4l_genbin2_recobin0 acc 0.0361 eff 0.0 outinratio 0.0085 

VBFH126_4e_rapidity4l_genbin2_recobin0 acc 0.0385 eff 0.0 outinratio 0.0085 

WminusH126_4e_rapidity4l_genbin2_recobin0 acc 0.0299 eff 0.0 outinratio 0.027 

WplusH126_4e_rapidity4l_genbin2_recobin0 acc 0.0251 eff 0.0 outinratio 0.0247 

ZH126_4e_rapidity4l_genbin2_recobin0 acc 0.0278 eff 0.0 outinratio 0.0443 

ttH126_4e_rapidity4l_genbin2_recobin0 acc 0.0366 eff 0.0 outinratio 0.0 

ggH126_4e_rapidity4l_genbin3_recobin0 acc 0.0411 eff 0.0 outinratio 0.0085 

VBFH126_4e_rapidity4l_genbin3_recobin0 acc 0.043 eff 0.0 outinratio 0.0085 

WminusH126_4e_rapidity4l_genbin3_recobin0 acc 0.0327 eff 0.0 outinratio 0.027 

WplusH126_4e_rapidity4l_genbin3_recobin0 acc 0.0276 eff 0.0 outinratio 0.0247 

ZH126_4e_rapidity4l_genbin3_recobin0 acc 0.0323 eff 0.0 outinratio 0.0443 

ttH126_4e_rapidity4l_genbin3_recobin0 acc 0.0488 eff 0.0 outinratio 0.0 

ggH126_4e_rapidity4l_genbin4_recobin0 acc 0.0271 eff 0.0 outinratio 0.0085 

VBFH126_4e_rapidity4l_genbin4_recobin0 acc 0.0306 eff 0.0 outinratio 0.0085 

WminusH126_4e_rapidity4l_genbin4_recobin0 acc 0.0254 eff 0.0 outinratio 0.027 

WplusH126_4e_rapidity4l_genbin4_recobin0 acc 0.0206 eff 0.0 outinratio 0.0247 

ZH126_4e_rapidity4l_genbin4_recobin0 acc 0.0255 eff 0.0 outinratio 0.0443 

ttH126_4e_rapidity4l_genbin4_recobin0 acc 0.0386 eff 0.0 outinratio 0.0 

ggH126_4e_rapidity4l_genbin5_recobin0 acc 0.0436 eff 0.0 outinratio 0.0085 

VBFH126_4e_rapidity4l_genbin5_recobin0 acc 0.0472 eff 0.0 outinratio 0.0085 

WminusH126_4e_rapidity4l_genbin5_recobin0 acc 0.0342 eff 0.0 outinratio 0.027 

WplusH126_4e_rapidity4l_genbin5_recobin0 acc 0.0304 eff 0.0 outinratio 0.0247 

ZH126_4e_rapidity4l_genbin5_recobin0 acc 0.0328 eff 0.0 outinratio 0.0443 

ttH126_4e_rapidity4l_genbin5_recobin0 acc 0.0488 eff 0.0 outinratio 0.0 

ggH126_4e_rapidity4l_genbin6_recobin0 acc 0.039 eff 0.0 outinratio 0.0085 

VBFH126_4e_rapidity4l_genbin6_recobin0 acc 0.0401 eff 0.0 outinratio 0.0085 

WminusH126_4e_rapidity4l_genbin6_recobin0 acc 0.0353 eff 0.0 outinratio 0.027 

WplusH126_4e_rapidity4l_genbin6_recobin0 acc 0.0306 eff 0.0 outinratio 0.0247 

ZH126_4e_rapidity4l_genbin6_recobin0 acc 0.0331 eff 0.0 outinratio 0.0443 

ttH126_4e_rapidity4l_genbin6_recobin0 acc 0.0467 eff 0.0 outinratio 0.0 

ggH126_4e_rapidity4l_genbin7_recobin0 acc 0.0476 eff 0.0 outinratio 0.0085 

VBFH126_4e_rapidity4l_genbin7_recobin0 acc 0.0505 eff 0.0 outinratio 0.0085 

WminusH126_4e_rapidity4l_genbin7_recobin0 acc 0.0431 eff 0.0 outinratio 0.027 

WplusH126_4e_rapidity4l_genbin7_recobin0 acc 0.0393 eff 0.0 outinratio 0.0247 

ZH126_4e_rapidity4l_genbin7_recobin0 acc 0.0447 eff 0.0 outinratio 0.0443 

ttH126_4e_rapidity4l_genbin7_recobin0 acc 0.0447 eff 0.0 outinratio 0.0 

ggH126_4e_rapidity4l_genbin8_recobin0 acc 0.0416 eff 0.0 outinratio 0.0085 

VBFH126_4e_rapidity4l_genbin8_recobin0 acc 0.0436 eff 0.0 outinratio 0.0085 

WminusH126_4e_rapidity4l_genbin8_recobin0 acc 0.0402 eff 0.0 outinratio 0.027 

WplusH126_4e_rapidity4l_genbin8_recobin0 acc 0.0357 eff 0.0 outinratio 0.0247 

ZH126_4e_rapidity4l_genbin8_recobin0 acc 0.0347 eff 0.0 outinratio 0.0443 

ttH126_4e_rapidity4l_genbin8_recobin0 acc 0.0528 eff 0.0 outinratio 0.0 

ggH126_4e_rapidity4l_genbin9_recobin0 acc 0.0826 eff 0.0 outinratio 0.0085 

VBFH126_4e_rapidity4l_genbin9_recobin0 acc 0.1013 eff 0.0 outinratio 0.0085 

WminusH126_4e_rapidity4l_genbin9_recobin0 acc 0.0926 eff 0.0 outinratio 0.027 

WplusH126_4e_rapidity4l_genbin9_recobin0 acc 0.098 eff 0.0 outinratio 0.0247 

ZH126_4e_rapidity4l_genbin9_recobin0 acc 0.0951 eff 0.0 outinratio 0.0443 

ttH126_4e_rapidity4l_genbin9_recobin0 acc 0.0793 eff 0.0 outinratio 0.0 

ggH126_4e_rapidity4l_genbin0_recobin1 acc 0.0353 eff 0.0099 outinratio 0.0048 

VBFH126_4e_rapidity4l_genbin0_recobin1 acc 0.0382 eff 0.0245 outinratio 0.0046 

WminusH126_4e_rapidity4l_genbin0_recobin1 acc 0.0307 eff 0.0123 outinratio 0.0372 

WplusH126_4e_rapidity4l_genbin0_recobin1 acc 0.0239 eff 0.0117 outinratio 0.0207 

ZH126_4e_rapidity4l_genbin0_recobin1 acc 0.0257 eff 0.006 outinratio 0.0642 

ttH126_4e_rapidity4l_genbin0_recobin1 acc 0.0508 eff 0.0 outinratio 0.0 

ggH126_4e_rapidity4l_genbin1_recobin1 acc 0.0344 eff 0.3731 outinratio 0.0048 

VBFH126_4e_rapidity4l_genbin1_recobin1 acc 0.0366 eff 0.3632 outinratio 0.0046 

WminusH126_4e_rapidity4l_genbin1_recobin1 acc 0.0271 eff 0.3719 outinratio 0.0372 

WplusH126_4e_rapidity4l_genbin1_recobin1 acc 0.0236 eff 0.3722 outinratio 0.0207 

ZH126_4e_rapidity4l_genbin1_recobin1 acc 0.0265 eff 0.3417 outinratio 0.0642 

ttH126_4e_rapidity4l_genbin1_recobin1 acc 0.0366 eff 0.1854 outinratio 0.0 

ggH126_4e_rapidity4l_genbin2_recobin1 acc 0.0361 eff 0.0181 outinratio 0.0048 

VBFH126_4e_rapidity4l_genbin2_recobin1 acc 0.0385 eff 0.0126 outinratio 0.0046 

WminusH126_4e_rapidity4l_genbin2_recobin1 acc 0.0299 eff 0.0159 outinratio 0.0372 

WplusH126_4e_rapidity4l_genbin2_recobin1 acc 0.0251 eff 0.0147 outinratio 0.0207 

ZH126_4e_rapidity4l_genbin2_recobin1 acc 0.0278 eff 0.0098 outinratio 0.0642 

ttH126_4e_rapidity4l_genbin2_recobin1 acc 0.0366 eff 0.0 outinratio 0.0 

ggH126_4e_rapidity4l_genbin3_recobin1 acc 0.0411 eff 0.0 outinratio 0.0048 

VBFH126_4e_rapidity4l_genbin3_recobin1 acc 0.043 eff 0.0 outinratio 0.0046 

WminusH126_4e_rapidity4l_genbin3_recobin1 acc 0.0327 eff 0.0 outinratio 0.0372 

WplusH126_4e_rapidity4l_genbin3_recobin1 acc 0.0276 eff 0.0 outinratio 0.0207 

ZH126_4e_rapidity4l_genbin3_recobin1 acc 0.0323 eff 0.0 outinratio 0.0642 

ttH126_4e_rapidity4l_genbin3_recobin1 acc 0.0488 eff 0.0 outinratio 0.0 

ggH126_4e_rapidity4l_genbin4_recobin1 acc 0.0271 eff 0.0 outinratio 0.0048 

VBFH126_4e_rapidity4l_genbin4_recobin1 acc 0.0306 eff 0.0 outinratio 0.0046 

WminusH126_4e_rapidity4l_genbin4_recobin1 acc 0.0254 eff 0.0 outinratio 0.0372 

WplusH126_4e_rapidity4l_genbin4_recobin1 acc 0.0206 eff 0.0 outinratio 0.0207 

ZH126_4e_rapidity4l_genbin4_recobin1 acc 0.0255 eff 0.0 outinratio 0.0642 

ttH126_4e_rapidity4l_genbin4_recobin1 acc 0.0386 eff 0.0 outinratio 0.0 

ggH126_4e_rapidity4l_genbin5_recobin1 acc 0.0436 eff 0.0 outinratio 0.0048 

VBFH126_4e_rapidity4l_genbin5_recobin1 acc 0.0472 eff 0.0 outinratio 0.0046 

WminusH126_4e_rapidity4l_genbin5_recobin1 acc 0.0342 eff 0.0 outinratio 0.0372 

WplusH126_4e_rapidity4l_genbin5_recobin1 acc 0.0304 eff 0.0 outinratio 0.0207 

ZH126_4e_rapidity4l_genbin5_recobin1 acc 0.0328 eff 0.0 outinratio 0.0642 

ttH126_4e_rapidity4l_genbin5_recobin1 acc 0.0488 eff 0.0 outinratio 0.0 

ggH126_4e_rapidity4l_genbin6_recobin1 acc 0.039 eff 0.0 outinratio 0.0048 

VBFH126_4e_rapidity4l_genbin6_recobin1 acc 0.0401 eff 0.0 outinratio 0.0046 

WminusH126_4e_rapidity4l_genbin6_recobin1 acc 0.0353 eff 0.0 outinratio 0.0372 

WplusH126_4e_rapidity4l_genbin6_recobin1 acc 0.0306 eff 0.0 outinratio 0.0207 

ZH126_4e_rapidity4l_genbin6_recobin1 acc 0.0331 eff 0.0 outinratio 0.0642 

ttH126_4e_rapidity4l_genbin6_recobin1 acc 0.0467 eff 0.0 outinratio 0.0 

ggH126_4e_rapidity4l_genbin7_recobin1 acc 0.0476 eff 0.0 outinratio 0.0048 

VBFH126_4e_rapidity4l_genbin7_recobin1 acc 0.0505 eff 0.0 outinratio 0.0046 

WminusH126_4e_rapidity4l_genbin7_recobin1 acc 0.0431 eff 0.0 outinratio 0.0372 

WplusH126_4e_rapidity4l_genbin7_recobin1 acc 0.0393 eff 0.0 outinratio 0.0207 

ZH126_4e_rapidity4l_genbin7_recobin1 acc 0.0447 eff 0.0 outinratio 0.0642 

ttH126_4e_rapidity4l_genbin7_recobin1 acc 0.0447 eff 0.0 outinratio 0.0 

ggH126_4e_rapidity4l_genbin8_recobin1 acc 0.0416 eff 0.0 outinratio 0.0048 

VBFH126_4e_rapidity4l_genbin8_recobin1 acc 0.0436 eff 0.0 outinratio 0.0046 

WminusH126_4e_rapidity4l_genbin8_recobin1 acc 0.0402 eff 0.0 outinratio 0.0372 

WplusH126_4e_rapidity4l_genbin8_recobin1 acc 0.0357 eff 0.0 outinratio 0.0207 

ZH126_4e_rapidity4l_genbin8_recobin1 acc 0.0347 eff 0.0 outinratio 0.0642 

ttH126_4e_rapidity4l_genbin8_recobin1 acc 0.0528 eff 0.0 outinratio 0.0 

ggH126_4e_rapidity4l_genbin9_recobin1 acc 0.0826 eff 0.0 outinratio 0.0048 

VBFH126_4e_rapidity4l_genbin9_recobin1 acc 0.1013 eff 0.0 outinratio 0.0046 

WminusH126_4e_rapidity4l_genbin9_recobin1 acc 0.0926 eff 0.0 outinratio 0.0372 

WplusH126_4e_rapidity4l_genbin9_recobin1 acc 0.098 eff 0.0 outinratio 0.0207 

ZH126_4e_rapidity4l_genbin9_recobin1 acc 0.0951 eff 0.0 outinratio 0.0642 

ttH126_4e_rapidity4l_genbin9_recobin1 acc 0.0793 eff 0.0 outinratio 0.0 

ggH126_4e_rapidity4l_genbin0_recobin2 acc 0.0353 eff 0.0 outinratio 0.0136 

VBFH126_4e_rapidity4l_genbin0_recobin2 acc 0.0382 eff 0.0 outinratio 0.0162 

WminusH126_4e_rapidity4l_genbin0_recobin2 acc 0.0307 eff 0.0 outinratio 0.0286 

WplusH126_4e_rapidity4l_genbin0_recobin2 acc 0.0239 eff 0.0 outinratio 0.0311 

ZH126_4e_rapidity4l_genbin0_recobin2 acc 0.0257 eff 0.0 outinratio 0.0356 

ttH126_4e_rapidity4l_genbin0_recobin2 acc 0.0508 eff 0.0 outinratio 0.1657 

ggH126_4e_rapidity4l_genbin1_recobin2 acc 0.0344 eff 0.0137 outinratio 0.0136 

VBFH126_4e_rapidity4l_genbin1_recobin2 acc 0.0366 eff 0.0246 outinratio 0.0162 

WminusH126_4e_rapidity4l_genbin1_recobin2 acc 0.0271 eff 0.0148 outinratio 0.0286 

WplusH126_4e_rapidity4l_genbin1_recobin2 acc 0.0236 eff 0.014 outinratio 0.0311 

ZH126_4e_rapidity4l_genbin1_recobin2 acc 0.0265 eff 0.0144 outinratio 0.0356 

ttH126_4e_rapidity4l_genbin1_recobin2 acc 0.0366 eff 0.0823 outinratio 0.1657 

ggH126_4e_rapidity4l_genbin2_recobin2 acc 0.0361 eff 0.3743 outinratio 0.0136 

VBFH126_4e_rapidity4l_genbin2_recobin2 acc 0.0385 eff 0.4099 outinratio 0.0162 

WminusH126_4e_rapidity4l_genbin2_recobin2 acc 0.0299 eff 0.3577 outinratio 0.0286 

WplusH126_4e_rapidity4l_genbin2_recobin2 acc 0.0251 eff 0.3937 outinratio 0.0311 

ZH126_4e_rapidity4l_genbin2_recobin2 acc 0.0278 eff 0.3303 outinratio 0.0356 

ttH126_4e_rapidity4l_genbin2_recobin2 acc 0.0366 eff 0.3812 outinratio 0.1657 

ggH126_4e_rapidity4l_genbin3_recobin2 acc 0.0411 eff 0.0155 outinratio 0.0136 

VBFH126_4e_rapidity4l_genbin3_recobin2 acc 0.043 eff 0.0255 outinratio 0.0162 

WminusH126_4e_rapidity4l_genbin3_recobin2 acc 0.0327 eff 0.0138 outinratio 0.0286 

WplusH126_4e_rapidity4l_genbin3_recobin2 acc 0.0276 eff 0.0108 outinratio 0.0311 

ZH126_4e_rapidity4l_genbin3_recobin2 acc 0.0323 eff 0.0109 outinratio 0.0356 

ttH126_4e_rapidity4l_genbin3_recobin2 acc 0.0488 eff 0.0235 outinratio 0.1657 

ggH126_4e_rapidity4l_genbin4_recobin2 acc 0.0271 eff 0.0 outinratio 0.0136 

VBFH126_4e_rapidity4l_genbin4_recobin2 acc 0.0306 eff 0.0 outinratio 0.0162 

WminusH126_4e_rapidity4l_genbin4_recobin2 acc 0.0254 eff 0.0 outinratio 0.0286 

WplusH126_4e_rapidity4l_genbin4_recobin2 acc 0.0206 eff 0.0 outinratio 0.0311 

ZH126_4e_rapidity4l_genbin4_recobin2 acc 0.0255 eff 0.0 outinratio 0.0356 

ttH126_4e_rapidity4l_genbin4_recobin2 acc 0.0386 eff 0.0 outinratio 0.1657 

ggH126_4e_rapidity4l_genbin5_recobin2 acc 0.0436 eff 0.0 outinratio 0.0136 

VBFH126_4e_rapidity4l_genbin5_recobin2 acc 0.0472 eff 0.0 outinratio 0.0162 

WminusH126_4e_rapidity4l_genbin5_recobin2 acc 0.0342 eff 0.0 outinratio 0.0286 

WplusH126_4e_rapidity4l_genbin5_recobin2 acc 0.0304 eff 0.0 outinratio 0.0311 

ZH126_4e_rapidity4l_genbin5_recobin2 acc 0.0328 eff 0.0 outinratio 0.0356 

ttH126_4e_rapidity4l_genbin5_recobin2 acc 0.0488 eff 0.0 outinratio 0.1657 

ggH126_4e_rapidity4l_genbin6_recobin2 acc 0.039 eff 0.0 outinratio 0.0136 

VBFH126_4e_rapidity4l_genbin6_recobin2 acc 0.0401 eff 0.0 outinratio 0.0162 

WminusH126_4e_rapidity4l_genbin6_recobin2 acc 0.0353 eff 0.0 outinratio 0.0286 

WplusH126_4e_rapidity4l_genbin6_recobin2 acc 0.0306 eff 0.0 outinratio 0.0311 

ZH126_4e_rapidity4l_genbin6_recobin2 acc 0.0331 eff 0.0 outinratio 0.0356 

ttH126_4e_rapidity4l_genbin6_recobin2 acc 0.0467 eff 0.0 outinratio 0.1657 

ggH126_4e_rapidity4l_genbin7_recobin2 acc 0.0476 eff 0.0 outinratio 0.0136 

VBFH126_4e_rapidity4l_genbin7_recobin2 acc 0.0505 eff 0.0 outinratio 0.0162 

WminusH126_4e_rapidity4l_genbin7_recobin2 acc 0.0431 eff 0.0 outinratio 0.0286 

WplusH126_4e_rapidity4l_genbin7_recobin2 acc 0.0393 eff 0.0 outinratio 0.0311 

ZH126_4e_rapidity4l_genbin7_recobin2 acc 0.0447 eff 0.0 outinratio 0.0356 

ttH126_4e_rapidity4l_genbin7_recobin2 acc 0.0447 eff 0.0 outinratio 0.1657 

ggH126_4e_rapidity4l_genbin8_recobin2 acc 0.0416 eff 0.0 outinratio 0.0136 

VBFH126_4e_rapidity4l_genbin8_recobin2 acc 0.0436 eff 0.0 outinratio 0.0162 

WminusH126_4e_rapidity4l_genbin8_recobin2 acc 0.0402 eff 0.0 outinratio 0.0286 

WplusH126_4e_rapidity4l_genbin8_recobin2 acc 0.0357 eff 0.0 outinratio 0.0311 

ZH126_4e_rapidity4l_genbin8_recobin2 acc 0.0347 eff 0.0 outinratio 0.0356 

ttH126_4e_rapidity4l_genbin8_recobin2 acc 0.0528 eff 0.0 outinratio 0.1657 

ggH126_4e_rapidity4l_genbin9_recobin2 acc 0.0826 eff 0.0 outinratio 0.0136 

VBFH126_4e_rapidity4l_genbin9_recobin2 acc 0.1013 eff 0.0 outinratio 0.0162 

WminusH126_4e_rapidity4l_genbin9_recobin2 acc 0.0926 eff 0.0 outinratio 0.0286 

WplusH126_4e_rapidity4l_genbin9_recobin2 acc 0.098 eff 0.0 outinratio 0.0311 

ZH126_4e_rapidity4l_genbin9_recobin2 acc 0.0951 eff 0.0 outinratio 0.0356 

ttH126_4e_rapidity4l_genbin9_recobin2 acc 0.0793 eff 0.0 outinratio 0.1657 

ggH126_4e_rapidity4l_genbin0_recobin3 acc 0.0353 eff 0.0 outinratio 0.0141 

VBFH126_4e_rapidity4l_genbin0_recobin3 acc 0.0382 eff 0.0 outinratio 0.0064 

WminusH126_4e_rapidity4l_genbin0_recobin3 acc 0.0307 eff 0.0 outinratio 0.0238 

WplusH126_4e_rapidity4l_genbin0_recobin3 acc 0.0239 eff 0.0 outinratio 0.0189 

ZH126_4e_rapidity4l_genbin0_recobin3 acc 0.0257 eff 0.0 outinratio 0.0525 

ttH126_4e_rapidity4l_genbin0_recobin3 acc 0.0508 eff 0.0 outinratio 0.1426 

ggH126_4e_rapidity4l_genbin1_recobin3 acc 0.0344 eff 0.0 outinratio 0.0141 

VBFH126_4e_rapidity4l_genbin1_recobin3 acc 0.0366 eff 0.0 outinratio 0.0064 

WminusH126_4e_rapidity4l_genbin1_recobin3 acc 0.0271 eff 0.0 outinratio 0.0238 

WplusH126_4e_rapidity4l_genbin1_recobin3 acc 0.0236 eff 0.0 outinratio 0.0189 

ZH126_4e_rapidity4l_genbin1_recobin3 acc 0.0265 eff 0.0 outinratio 0.0525 

ttH126_4e_rapidity4l_genbin1_recobin3 acc 0.0366 eff 0.0 outinratio 0.1426 

ggH126_4e_rapidity4l_genbin2_recobin3 acc 0.0361 eff 0.0164 outinratio 0.0141 

VBFH126_4e_rapidity4l_genbin2_recobin3 acc 0.0385 eff 0.0128 outinratio 0.0064 

WminusH126_4e_rapidity4l_genbin2_recobin3 acc 0.0299 eff 0.0126 outinratio 0.0238 

WplusH126_4e_rapidity4l_genbin2_recobin3 acc 0.0251 eff 0.007 outinratio 0.0189 

ZH126_4e_rapidity4l_genbin2_recobin3 acc 0.0278 eff 0.0241 outinratio 0.0525 

ttH126_4e_rapidity4l_genbin2_recobin3 acc 0.0366 eff 0.0 outinratio 0.1426 

ggH126_4e_rapidity4l_genbin3_recobin3 acc 0.0411 eff 0.3685 outinratio 0.0141 

VBFH126_4e_rapidity4l_genbin3_recobin3 acc 0.043 eff 0.407 outinratio 0.0064 

WminusH126_4e_rapidity4l_genbin3_recobin3 acc 0.0327 eff 0.3514 outinratio 0.0238 

WplusH126_4e_rapidity4l_genbin3_recobin3 acc 0.0276 eff 0.3637 outinratio 0.0189 

ZH126_4e_rapidity4l_genbin3_recobin3 acc 0.0323 eff 0.3838 outinratio 0.0525 

ttH126_4e_rapidity4l_genbin3_recobin3 acc 0.0488 eff 0.1865 outinratio 0.1426 

ggH126_4e_rapidity4l_genbin4_recobin3 acc 0.0271 eff 0.0282 outinratio 0.0141 

VBFH126_4e_rapidity4l_genbin4_recobin3 acc 0.0306 eff 0.0287 outinratio 0.0064 

WminusH126_4e_rapidity4l_genbin4_recobin3 acc 0.0254 eff 0.0252 outinratio 0.0238 

WplusH126_4e_rapidity4l_genbin4_recobin3 acc 0.0206 eff 0.011 outinratio 0.0189 

ZH126_4e_rapidity4l_genbin4_recobin3 acc 0.0255 eff 0.0272 outinratio 0.0525 

ttH126_4e_rapidity4l_genbin4_recobin3 acc 0.0386 eff 0.0 outinratio 0.1426 

ggH126_4e_rapidity4l_genbin5_recobin3 acc 0.0436 eff 0.0 outinratio 0.0141 

VBFH126_4e_rapidity4l_genbin5_recobin3 acc 0.0472 eff 0.0 outinratio 0.0064 

WminusH126_4e_rapidity4l_genbin5_recobin3 acc 0.0342 eff 0.0 outinratio 0.0238 

WplusH126_4e_rapidity4l_genbin5_recobin3 acc 0.0304 eff 0.0 outinratio 0.0189 

ZH126_4e_rapidity4l_genbin5_recobin3 acc 0.0328 eff 0.0 outinratio 0.0525 

ttH126_4e_rapidity4l_genbin5_recobin3 acc 0.0488 eff 0.0 outinratio 0.1426 

ggH126_4e_rapidity4l_genbin6_recobin3 acc 0.039 eff 0.0 outinratio 0.0141 

VBFH126_4e_rapidity4l_genbin6_recobin3 acc 0.0401 eff 0.0 outinratio 0.0064 

WminusH126_4e_rapidity4l_genbin6_recobin3 acc 0.0353 eff 0.0 outinratio 0.0238 

WplusH126_4e_rapidity4l_genbin6_recobin3 acc 0.0306 eff 0.0 outinratio 0.0189 

ZH126_4e_rapidity4l_genbin6_recobin3 acc 0.0331 eff 0.0 outinratio 0.0525 

ttH126_4e_rapidity4l_genbin6_recobin3 acc 0.0467 eff 0.0 outinratio 0.1426 

ggH126_4e_rapidity4l_genbin7_recobin3 acc 0.0476 eff 0.0 outinratio 0.0141 

VBFH126_4e_rapidity4l_genbin7_recobin3 acc 0.0505 eff 0.0 outinratio 0.0064 

WminusH126_4e_rapidity4l_genbin7_recobin3 acc 0.0431 eff 0.0 outinratio 0.0238 

WplusH126_4e_rapidity4l_genbin7_recobin3 acc 0.0393 eff 0.0 outinratio 0.0189 

ZH126_4e_rapidity4l_genbin7_recobin3 acc 0.0447 eff 0.0 outinratio 0.0525 

ttH126_4e_rapidity4l_genbin7_recobin3 acc 0.0447 eff 0.0 outinratio 0.1426 

ggH126_4e_rapidity4l_genbin8_recobin3 acc 0.0416 eff 0.0 outinratio 0.0141 

VBFH126_4e_rapidity4l_genbin8_recobin3 acc 0.0436 eff 0.0 outinratio 0.0064 

WminusH126_4e_rapidity4l_genbin8_recobin3 acc 0.0402 eff 0.0 outinratio 0.0238 

WplusH126_4e_rapidity4l_genbin8_recobin3 acc 0.0357 eff 0.0 outinratio 0.0189 

ZH126_4e_rapidity4l_genbin8_recobin3 acc 0.0347 eff 0.0 outinratio 0.0525 

ttH126_4e_rapidity4l_genbin8_recobin3 acc 0.0528 eff 0.0 outinratio 0.1426 

ggH126_4e_rapidity4l_genbin9_recobin3 acc 0.0826 eff 0.0 outinratio 0.0141 

VBFH126_4e_rapidity4l_genbin9_recobin3 acc 0.1013 eff 0.0 outinratio 0.0064 

WminusH126_4e_rapidity4l_genbin9_recobin3 acc 0.0926 eff 0.0 outinratio 0.0238 

WplusH126_4e_rapidity4l_genbin9_recobin3 acc 0.098 eff 0.0 outinratio 0.0189 

ZH126_4e_rapidity4l_genbin9_recobin3 acc 0.0951 eff 0.0 outinratio 0.0525 

ttH126_4e_rapidity4l_genbin9_recobin3 acc 0.0793 eff 0.0 outinratio 0.1426 

ggH126_4e_rapidity4l_genbin0_recobin4 acc 0.0353 eff 0.0 outinratio 0.0027 

VBFH126_4e_rapidity4l_genbin0_recobin4 acc 0.0382 eff 0.0 outinratio 0.0065 

WminusH126_4e_rapidity4l_genbin0_recobin4 acc 0.0307 eff 0.0 outinratio 0.0364 

WplusH126_4e_rapidity4l_genbin0_recobin4 acc 0.0239 eff 0.0 outinratio 0.0332 

ZH126_4e_rapidity4l_genbin0_recobin4 acc 0.0257 eff 0.0 outinratio 0.0555 

ttH126_4e_rapidity4l_genbin0_recobin4 acc 0.0508 eff 0.0 outinratio 0.2237 

ggH126_4e_rapidity4l_genbin1_recobin4 acc 0.0344 eff 0.0 outinratio 0.0027 

VBFH126_4e_rapidity4l_genbin1_recobin4 acc 0.0366 eff 0.0 outinratio 0.0065 

WminusH126_4e_rapidity4l_genbin1_recobin4 acc 0.0271 eff 0.0 outinratio 0.0364 

WplusH126_4e_rapidity4l_genbin1_recobin4 acc 0.0236 eff 0.0 outinratio 0.0332 

ZH126_4e_rapidity4l_genbin1_recobin4 acc 0.0265 eff 0.0 outinratio 0.0555 

ttH126_4e_rapidity4l_genbin1_recobin4 acc 0.0366 eff 0.0 outinratio 0.2237 

ggH126_4e_rapidity4l_genbin2_recobin4 acc 0.0361 eff 0.0 outinratio 0.0027 

VBFH126_4e_rapidity4l_genbin2_recobin4 acc 0.0385 eff 0.0 outinratio 0.0065 

WminusH126_4e_rapidity4l_genbin2_recobin4 acc 0.0299 eff 0.0 outinratio 0.0364 

WplusH126_4e_rapidity4l_genbin2_recobin4 acc 0.0251 eff 0.0 outinratio 0.0332 

ZH126_4e_rapidity4l_genbin2_recobin4 acc 0.0278 eff 0.0 outinratio 0.0555 

ttH126_4e_rapidity4l_genbin2_recobin4 acc 0.0366 eff 0.0 outinratio 0.2237 

ggH126_4e_rapidity4l_genbin3_recobin4 acc 0.0411 eff 0.0118 outinratio 0.0027 

VBFH126_4e_rapidity4l_genbin3_recobin4 acc 0.043 eff 0.0172 outinratio 0.0065 

WminusH126_4e_rapidity4l_genbin3_recobin4 acc 0.0327 eff 0.0058 outinratio 0.0364 

WplusH126_4e_rapidity4l_genbin3_recobin4 acc 0.0276 eff 0.0072 outinratio 0.0332 

ZH126_4e_rapidity4l_genbin3_recobin4 acc 0.0323 eff 0.0087 outinratio 0.0555 

ttH126_4e_rapidity4l_genbin3_recobin4 acc 0.0488 eff -0.0114 outinratio 0.2237 

ggH126_4e_rapidity4l_genbin4_recobin4 acc 0.0271 eff 0.3142 outinratio 0.0027 

VBFH126_4e_rapidity4l_genbin4_recobin4 acc 0.0306 eff 0.388 outinratio 0.0065 

WminusH126_4e_rapidity4l_genbin4_recobin4 acc 0.0254 eff 0.3347 outinratio 0.0364 

WplusH126_4e_rapidity4l_genbin4_recobin4 acc 0.0206 eff 0.35 outinratio 0.0332 

ZH126_4e_rapidity4l_genbin4_recobin4 acc 0.0255 eff 0.3776 outinratio 0.0555 

ttH126_4e_rapidity4l_genbin4_recobin4 acc 0.0386 eff 0.3367 outinratio 0.2237 

ggH126_4e_rapidity4l_genbin5_recobin4 acc 0.0436 eff 0.0202 outinratio 0.0027 

VBFH126_4e_rapidity4l_genbin5_recobin4 acc 0.0472 eff 0.0228 outinratio 0.0065 

WminusH126_4e_rapidity4l_genbin5_recobin4 acc 0.0342 eff 0.0118 outinratio 0.0364 

WplusH126_4e_rapidity4l_genbin5_recobin4 acc 0.0304 eff 0.0108 outinratio 0.0332 

ZH126_4e_rapidity4l_genbin5_recobin4 acc 0.0328 eff 0.0106 outinratio 0.0555 

ttH126_4e_rapidity4l_genbin5_recobin4 acc 0.0488 eff 0.0 outinratio 0.2237 

ggH126_4e_rapidity4l_genbin6_recobin4 acc 0.039 eff 0.0 outinratio 0.0027 

VBFH126_4e_rapidity4l_genbin6_recobin4 acc 0.0401 eff 0.0 outinratio 0.0065 

WminusH126_4e_rapidity4l_genbin6_recobin4 acc 0.0353 eff 0.0 outinratio 0.0364 

WplusH126_4e_rapidity4l_genbin6_recobin4 acc 0.0306 eff 0.0 outinratio 0.0332 

ZH126_4e_rapidity4l_genbin6_recobin4 acc 0.0331 eff 0.0 outinratio 0.0555 

ttH126_4e_rapidity4l_genbin6_recobin4 acc 0.0467 eff 0.0 outinratio 0.2237 

ggH126_4e_rapidity4l_genbin7_recobin4 acc 0.0476 eff 0.0 outinratio 0.0027 

VBFH126_4e_rapidity4l_genbin7_recobin4 acc 0.0505 eff 0.0 outinratio 0.0065 

WminusH126_4e_rapidity4l_genbin7_recobin4 acc 0.0431 eff 0.0 outinratio 0.0364 

WplusH126_4e_rapidity4l_genbin7_recobin4 acc 0.0393 eff 0.0 outinratio 0.0332 

ZH126_4e_rapidity4l_genbin7_recobin4 acc 0.0447 eff 0.0 outinratio 0.0555 

ttH126_4e_rapidity4l_genbin7_recobin4 acc 0.0447 eff 0.0 outinratio 0.2237 

ggH126_4e_rapidity4l_genbin8_recobin4 acc 0.0416 eff 0.0 outinratio 0.0027 

VBFH126_4e_rapidity4l_genbin8_recobin4 acc 0.0436 eff 0.0 outinratio 0.0065 

WminusH126_4e_rapidity4l_genbin8_recobin4 acc 0.0402 eff 0.0 outinratio 0.0364 

WplusH126_4e_rapidity4l_genbin8_recobin4 acc 0.0357 eff 0.0 outinratio 0.0332 

ZH126_4e_rapidity4l_genbin8_recobin4 acc 0.0347 eff 0.0 outinratio 0.0555 

ttH126_4e_rapidity4l_genbin8_recobin4 acc 0.0528 eff 0.0 outinratio 0.2237 

ggH126_4e_rapidity4l_genbin9_recobin4 acc 0.0826 eff 0.0 outinratio 0.0027 

VBFH126_4e_rapidity4l_genbin9_recobin4 acc 0.1013 eff 0.0 outinratio 0.0065 

WminusH126_4e_rapidity4l_genbin9_recobin4 acc 0.0926 eff 0.0 outinratio 0.0364 

WplusH126_4e_rapidity4l_genbin9_recobin4 acc 0.098 eff 0.0 outinratio 0.0332 

ZH126_4e_rapidity4l_genbin9_recobin4 acc 0.0951 eff 0.0 outinratio 0.0555 

ttH126_4e_rapidity4l_genbin9_recobin4 acc 0.0793 eff 0.0 outinratio 0.2237 

ggH126_4e_rapidity4l_genbin0_recobin5 acc 0.0353 eff 0.0 outinratio 0.009 

VBFH126_4e_rapidity4l_genbin0_recobin5 acc 0.0382 eff 0.0 outinratio 0.0081 

WminusH126_4e_rapidity4l_genbin0_recobin5 acc 0.0307 eff 0.0 outinratio 0.0299 

WplusH126_4e_rapidity4l_genbin0_recobin5 acc 0.0239 eff 0.0 outinratio 0.0308 

ZH126_4e_rapidity4l_genbin0_recobin5 acc 0.0257 eff 0.0 outinratio 0.0358 

ttH126_4e_rapidity4l_genbin0_recobin5 acc 0.0508 eff 0.0 outinratio 0.0 

ggH126_4e_rapidity4l_genbin1_recobin5 acc 0.0344 eff 0.0 outinratio 0.009 

VBFH126_4e_rapidity4l_genbin1_recobin5 acc 0.0366 eff 0.0 outinratio 0.0081 

WminusH126_4e_rapidity4l_genbin1_recobin5 acc 0.0271 eff 0.0 outinratio 0.0299 

WplusH126_4e_rapidity4l_genbin1_recobin5 acc 0.0236 eff 0.0 outinratio 0.0308 

ZH126_4e_rapidity4l_genbin1_recobin5 acc 0.0265 eff 0.0 outinratio 0.0358 

ttH126_4e_rapidity4l_genbin1_recobin5 acc 0.0366 eff 0.0 outinratio 0.0 

ggH126_4e_rapidity4l_genbin2_recobin5 acc 0.0361 eff 0.0 outinratio 0.009 

VBFH126_4e_rapidity4l_genbin2_recobin5 acc 0.0385 eff 0.0 outinratio 0.0081 

WminusH126_4e_rapidity4l_genbin2_recobin5 acc 0.0299 eff 0.0 outinratio 0.0299 

WplusH126_4e_rapidity4l_genbin2_recobin5 acc 0.0251 eff 0.0 outinratio 0.0308 

ZH126_4e_rapidity4l_genbin2_recobin5 acc 0.0278 eff 0.0 outinratio 0.0358 

ttH126_4e_rapidity4l_genbin2_recobin5 acc 0.0366 eff 0.0 outinratio 0.0 

ggH126_4e_rapidity4l_genbin3_recobin5 acc 0.0411 eff 0.0 outinratio 0.009 

VBFH126_4e_rapidity4l_genbin3_recobin5 acc 0.043 eff 0.0 outinratio 0.0081 

WminusH126_4e_rapidity4l_genbin3_recobin5 acc 0.0327 eff 0.0 outinratio 0.0299 

WplusH126_4e_rapidity4l_genbin3_recobin5 acc 0.0276 eff 0.0 outinratio 0.0308 

ZH126_4e_rapidity4l_genbin3_recobin5 acc 0.0323 eff 0.0 outinratio 0.0358 

ttH126_4e_rapidity4l_genbin3_recobin5 acc 0.0488 eff 0.0 outinratio 0.0 

ggH126_4e_rapidity4l_genbin4_recobin5 acc 0.0271 eff 0.0264 outinratio 0.009 

VBFH126_4e_rapidity4l_genbin4_recobin5 acc 0.0306 eff 0.0018 outinratio 0.0081 

WminusH126_4e_rapidity4l_genbin4_recobin5 acc 0.0254 eff 0.0195 outinratio 0.0299 

WplusH126_4e_rapidity4l_genbin4_recobin5 acc 0.0206 eff 0.0108 outinratio 0.0308 

ZH126_4e_rapidity4l_genbin4_recobin5 acc 0.0255 eff 0.0113 outinratio 0.0358 

ttH126_4e_rapidity4l_genbin4_recobin5 acc 0.0386 eff 0.0 outinratio 0.0 

ggH126_4e_rapidity4l_genbin5_recobin5 acc 0.0436 eff 0.3328 outinratio 0.009 

VBFH126_4e_rapidity4l_genbin5_recobin5 acc 0.0472 eff 0.3836 outinratio 0.0081 

WminusH126_4e_rapidity4l_genbin5_recobin5 acc 0.0342 eff 0.3251 outinratio 0.0299 

WplusH126_4e_rapidity4l_genbin5_recobin5 acc 0.0304 eff 0.336 outinratio 0.0308 

ZH126_4e_rapidity4l_genbin5_recobin5 acc 0.0328 eff 0.347 outinratio 0.0358 

ttH126_4e_rapidity4l_genbin5_recobin5 acc 0.0488 eff 0.4094 outinratio 0.0 

ggH126_4e_rapidity4l_genbin6_recobin5 acc 0.039 eff 0.0156 outinratio 0.009 

VBFH126_4e_rapidity4l_genbin6_recobin5 acc 0.0401 eff 0.0105 outinratio 0.0081 

WminusH126_4e_rapidity4l_genbin6_recobin5 acc 0.0353 eff 0.0093 outinratio 0.0299 

WplusH126_4e_rapidity4l_genbin6_recobin5 acc 0.0306 eff 0.0105 outinratio 0.0308 

ZH126_4e_rapidity4l_genbin6_recobin5 acc 0.0331 eff 0.0143 outinratio 0.0358 

ttH126_4e_rapidity4l_genbin6_recobin5 acc 0.0467 eff 0.0 outinratio 0.0 

ggH126_4e_rapidity4l_genbin7_recobin5 acc 0.0476 eff 0.0 outinratio 0.009 

VBFH126_4e_rapidity4l_genbin7_recobin5 acc 0.0505 eff 0.0 outinratio 0.0081 

WminusH126_4e_rapidity4l_genbin7_recobin5 acc 0.0431 eff 0.0 outinratio 0.0299 

WplusH126_4e_rapidity4l_genbin7_recobin5 acc 0.0393 eff 0.0 outinratio 0.0308 

ZH126_4e_rapidity4l_genbin7_recobin5 acc 0.0447 eff 0.0 outinratio 0.0358 

ttH126_4e_rapidity4l_genbin7_recobin5 acc 0.0447 eff 0.0 outinratio 0.0 

ggH126_4e_rapidity4l_genbin8_recobin5 acc 0.0416 eff 0.0 outinratio 0.009 

VBFH126_4e_rapidity4l_genbin8_recobin5 acc 0.0436 eff 0.0 outinratio 0.0081 

WminusH126_4e_rapidity4l_genbin8_recobin5 acc 0.0402 eff 0.0 outinratio 0.0299 

WplusH126_4e_rapidity4l_genbin8_recobin5 acc 0.0357 eff 0.0 outinratio 0.0308 

ZH126_4e_rapidity4l_genbin8_recobin5 acc 0.0347 eff 0.0 outinratio 0.0358 

ttH126_4e_rapidity4l_genbin8_recobin5 acc 0.0528 eff 0.0 outinratio 0.0 

ggH126_4e_rapidity4l_genbin9_recobin5 acc 0.0826 eff 0.0 outinratio 0.009 

VBFH126_4e_rapidity4l_genbin9_recobin5 acc 0.1013 eff 0.0 outinratio 0.0081 

WminusH126_4e_rapidity4l_genbin9_recobin5 acc 0.0926 eff 0.0 outinratio 0.0299 

WplusH126_4e_rapidity4l_genbin9_recobin5 acc 0.098 eff 0.0 outinratio 0.0308 

ZH126_4e_rapidity4l_genbin9_recobin5 acc 0.0951 eff 0.0 outinratio 0.0358 

ttH126_4e_rapidity4l_genbin9_recobin5 acc 0.0793 eff 0.0 outinratio 0.0 

ggH126_4e_rapidity4l_genbin0_recobin6 acc 0.0353 eff 0.0 outinratio 0.0154 

VBFH126_4e_rapidity4l_genbin0_recobin6 acc 0.0382 eff 0.0 outinratio 0.0096 

WminusH126_4e_rapidity4l_genbin0_recobin6 acc 0.0307 eff 0.0 outinratio 0.0197 

WplusH126_4e_rapidity4l_genbin0_recobin6 acc 0.0239 eff 0.0 outinratio 0.0229 

ZH126_4e_rapidity4l_genbin0_recobin6 acc 0.0257 eff 0.0 outinratio 0.038 

ttH126_4e_rapidity4l_genbin0_recobin6 acc 0.0508 eff 0.0 outinratio 0.0174 

ggH126_4e_rapidity4l_genbin1_recobin6 acc 0.0344 eff 0.0 outinratio 0.0154 

VBFH126_4e_rapidity4l_genbin1_recobin6 acc 0.0366 eff 0.0 outinratio 0.0096 

WminusH126_4e_rapidity4l_genbin1_recobin6 acc 0.0271 eff 0.0 outinratio 0.0197 

WplusH126_4e_rapidity4l_genbin1_recobin6 acc 0.0236 eff 0.0 outinratio 0.0229 

ZH126_4e_rapidity4l_genbin1_recobin6 acc 0.0265 eff 0.0 outinratio 0.038 

ttH126_4e_rapidity4l_genbin1_recobin6 acc 0.0366 eff 0.0 outinratio 0.0174 

ggH126_4e_rapidity4l_genbin2_recobin6 acc 0.0361 eff 0.0 outinratio 0.0154 

VBFH126_4e_rapidity4l_genbin2_recobin6 acc 0.0385 eff 0.0 outinratio 0.0096 

WminusH126_4e_rapidity4l_genbin2_recobin6 acc 0.0299 eff 0.0 outinratio 0.0197 

WplusH126_4e_rapidity4l_genbin2_recobin6 acc 0.0251 eff 0.0 outinratio 0.0229 

ZH126_4e_rapidity4l_genbin2_recobin6 acc 0.0278 eff 0.0 outinratio 0.038 

ttH126_4e_rapidity4l_genbin2_recobin6 acc 0.0366 eff 0.0 outinratio 0.0174 

ggH126_4e_rapidity4l_genbin3_recobin6 acc 0.0411 eff 0.0 outinratio 0.0154 

VBFH126_4e_rapidity4l_genbin3_recobin6 acc 0.043 eff 0.0 outinratio 0.0096 

WminusH126_4e_rapidity4l_genbin3_recobin6 acc 0.0327 eff 0.0 outinratio 0.0197 

WplusH126_4e_rapidity4l_genbin3_recobin6 acc 0.0276 eff 0.0 outinratio 0.0229 

ZH126_4e_rapidity4l_genbin3_recobin6 acc 0.0323 eff 0.0 outinratio 0.038 

ttH126_4e_rapidity4l_genbin3_recobin6 acc 0.0488 eff 0.0 outinratio 0.0174 

ggH126_4e_rapidity4l_genbin4_recobin6 acc 0.0271 eff 0.0 outinratio 0.0154 

VBFH126_4e_rapidity4l_genbin4_recobin6 acc 0.0306 eff 0.0 outinratio 0.0096 

WminusH126_4e_rapidity4l_genbin4_recobin6 acc 0.0254 eff 0.0 outinratio 0.0197 

WplusH126_4e_rapidity4l_genbin4_recobin6 acc 0.0206 eff 0.0 outinratio 0.0229 

ZH126_4e_rapidity4l_genbin4_recobin6 acc 0.0255 eff 0.0 outinratio 0.038 

ttH126_4e_rapidity4l_genbin4_recobin6 acc 0.0386 eff 0.0 outinratio 0.0174 

ggH126_4e_rapidity4l_genbin5_recobin6 acc 0.0436 eff 0.0124 outinratio 0.0154 

VBFH126_4e_rapidity4l_genbin5_recobin6 acc 0.0472 eff 0.0066 outinratio 0.0096 

WminusH126_4e_rapidity4l_genbin5_recobin6 acc 0.0342 eff 0.0116 outinratio 0.0197 

WplusH126_4e_rapidity4l_genbin5_recobin6 acc 0.0304 eff 0.0123 outinratio 0.0229 

ZH126_4e_rapidity4l_genbin5_recobin6 acc 0.0328 eff 0.0078 outinratio 0.038 

ttH126_4e_rapidity4l_genbin5_recobin6 acc 0.0488 eff 0.0265 outinratio 0.0174 

ggH126_4e_rapidity4l_genbin6_recobin6 acc 0.039 eff 0.3016 outinratio 0.0154 

VBFH126_4e_rapidity4l_genbin6_recobin6 acc 0.0401 eff 0.3557 outinratio 0.0096 

WminusH126_4e_rapidity4l_genbin6_recobin6 acc 0.0353 eff 0.2985 outinratio 0.0197 

WplusH126_4e_rapidity4l_genbin6_recobin6 acc 0.0306 eff 0.3351 outinratio 0.0229 

ZH126_4e_rapidity4l_genbin6_recobin6 acc 0.0331 eff 0.3318 outinratio 0.038 

ttH126_4e_rapidity4l_genbin6_recobin6 acc 0.0467 eff 0.3217 outinratio 0.0174 

ggH126_4e_rapidity4l_genbin7_recobin6 acc 0.0476 eff 0.0073 outinratio 0.0154 

VBFH126_4e_rapidity4l_genbin7_recobin6 acc 0.0505 eff 0.0078 outinratio 0.0096 

WminusH126_4e_rapidity4l_genbin7_recobin6 acc 0.0431 eff 0.0106 outinratio 0.0197 

WplusH126_4e_rapidity4l_genbin7_recobin6 acc 0.0393 eff 0.0097 outinratio 0.0229 

ZH126_4e_rapidity4l_genbin7_recobin6 acc 0.0447 eff 0.0108 outinratio 0.038 

ttH126_4e_rapidity4l_genbin7_recobin6 acc 0.0447 eff 0.0253 outinratio 0.0174 

ggH126_4e_rapidity4l_genbin8_recobin6 acc 0.0416 eff 0.0 outinratio 0.0154 

VBFH126_4e_rapidity4l_genbin8_recobin6 acc 0.0436 eff 0.0 outinratio 0.0096 

WminusH126_4e_rapidity4l_genbin8_recobin6 acc 0.0402 eff 0.0 outinratio 0.0197 

WplusH126_4e_rapidity4l_genbin8_recobin6 acc 0.0357 eff 0.0 outinratio 0.0229 

ZH126_4e_rapidity4l_genbin8_recobin6 acc 0.0347 eff 0.0 outinratio 0.038 

ttH126_4e_rapidity4l_genbin8_recobin6 acc 0.0528 eff 0.0 outinratio 0.0174 

ggH126_4e_rapidity4l_genbin9_recobin6 acc 0.0826 eff 0.0 outinratio 0.0154 

VBFH126_4e_rapidity4l_genbin9_recobin6 acc 0.1013 eff 0.0 outinratio 0.0096 

WminusH126_4e_rapidity4l_genbin9_recobin6 acc 0.0926 eff 0.0 outinratio 0.0197 

WplusH126_4e_rapidity4l_genbin9_recobin6 acc 0.098 eff 0.0 outinratio 0.0229 

ZH126_4e_rapidity4l_genbin9_recobin6 acc 0.0951 eff 0.0 outinratio 0.038 

ttH126_4e_rapidity4l_genbin9_recobin6 acc 0.0793 eff 0.0 outinratio 0.0174 

ggH126_4e_rapidity4l_genbin0_recobin7 acc 0.0353 eff 0.0 outinratio 0.0107 

VBFH126_4e_rapidity4l_genbin0_recobin7 acc 0.0382 eff 0.0 outinratio 0.0048 

WminusH126_4e_rapidity4l_genbin0_recobin7 acc 0.0307 eff 0.0 outinratio 0.0308 

WplusH126_4e_rapidity4l_genbin0_recobin7 acc 0.0239 eff 0.0 outinratio 0.0282 

ZH126_4e_rapidity4l_genbin0_recobin7 acc 0.0257 eff 0.0 outinratio 0.0453 

ttH126_4e_rapidity4l_genbin0_recobin7 acc 0.0508 eff 0.0 outinratio 0.0 

ggH126_4e_rapidity4l_genbin1_recobin7 acc 0.0344 eff 0.0 outinratio 0.0107 

VBFH126_4e_rapidity4l_genbin1_recobin7 acc 0.0366 eff 0.0 outinratio 0.0048 

WminusH126_4e_rapidity4l_genbin1_recobin7 acc 0.0271 eff 0.0 outinratio 0.0308 

WplusH126_4e_rapidity4l_genbin1_recobin7 acc 0.0236 eff 0.0 outinratio 0.0282 

ZH126_4e_rapidity4l_genbin1_recobin7 acc 0.0265 eff 0.0 outinratio 0.0453 

ttH126_4e_rapidity4l_genbin1_recobin7 acc 0.0366 eff 0.0 outinratio 0.0 

ggH126_4e_rapidity4l_genbin2_recobin7 acc 0.0361 eff 0.0 outinratio 0.0107 

VBFH126_4e_rapidity4l_genbin2_recobin7 acc 0.0385 eff 0.0 outinratio 0.0048 

WminusH126_4e_rapidity4l_genbin2_recobin7 acc 0.0299 eff 0.0 outinratio 0.0308 

WplusH126_4e_rapidity4l_genbin2_recobin7 acc 0.0251 eff 0.0 outinratio 0.0282 

ZH126_4e_rapidity4l_genbin2_recobin7 acc 0.0278 eff 0.0 outinratio 0.0453 

ttH126_4e_rapidity4l_genbin2_recobin7 acc 0.0366 eff 0.0 outinratio 0.0 

ggH126_4e_rapidity4l_genbin3_recobin7 acc 0.0411 eff 0.0 outinratio 0.0107 

VBFH126_4e_rapidity4l_genbin3_recobin7 acc 0.043 eff 0.0 outinratio 0.0048 

WminusH126_4e_rapidity4l_genbin3_recobin7 acc 0.0327 eff 0.0 outinratio 0.0308 

WplusH126_4e_rapidity4l_genbin3_recobin7 acc 0.0276 eff 0.0 outinratio 0.0282 

ZH126_4e_rapidity4l_genbin3_recobin7 acc 0.0323 eff 0.0 outinratio 0.0453 

ttH126_4e_rapidity4l_genbin3_recobin7 acc 0.0488 eff 0.0 outinratio 0.0 

ggH126_4e_rapidity4l_genbin4_recobin7 acc 0.0271 eff 0.0 outinratio 0.0107 

VBFH126_4e_rapidity4l_genbin4_recobin7 acc 0.0306 eff 0.0 outinratio 0.0048 

WminusH126_4e_rapidity4l_genbin4_recobin7 acc 0.0254 eff 0.0 outinratio 0.0308 

WplusH126_4e_rapidity4l_genbin4_recobin7 acc 0.0206 eff 0.0 outinratio 0.0282 

ZH126_4e_rapidity4l_genbin4_recobin7 acc 0.0255 eff 0.0 outinratio 0.0453 

ttH126_4e_rapidity4l_genbin4_recobin7 acc 0.0386 eff 0.0 outinratio 0.0 

ggH126_4e_rapidity4l_genbin5_recobin7 acc 0.0436 eff 0.0 outinratio 0.0107 

VBFH126_4e_rapidity4l_genbin5_recobin7 acc 0.0472 eff 0.0 outinratio 0.0048 

WminusH126_4e_rapidity4l_genbin5_recobin7 acc 0.0342 eff 0.0 outinratio 0.0308 

WplusH126_4e_rapidity4l_genbin5_recobin7 acc 0.0304 eff 0.0 outinratio 0.0282 

ZH126_4e_rapidity4l_genbin5_recobin7 acc 0.0328 eff 0.0 outinratio 0.0453 

ttH126_4e_rapidity4l_genbin5_recobin7 acc 0.0488 eff 0.0 outinratio 0.0 

ggH126_4e_rapidity4l_genbin6_recobin7 acc 0.039 eff 0.0102 outinratio 0.0107 

VBFH126_4e_rapidity4l_genbin6_recobin7 acc 0.0401 eff 0.01 outinratio 0.0048 

WminusH126_4e_rapidity4l_genbin6_recobin7 acc 0.0353 eff 0.0035 outinratio 0.0308 

WplusH126_4e_rapidity4l_genbin6_recobin7 acc 0.0306 eff 0.0083 outinratio 0.0282 

ZH126_4e_rapidity4l_genbin6_recobin7 acc 0.0331 eff 0.0057 outinratio 0.0453 

ttH126_4e_rapidity4l_genbin6_recobin7 acc 0.0467 eff 0.0 outinratio 0.0 

ggH126_4e_rapidity4l_genbin7_recobin7 acc 0.0476 eff 0.2881 outinratio 0.0107 

VBFH126_4e_rapidity4l_genbin7_recobin7 acc 0.0505 eff 0.3358 outinratio 0.0048 

WminusH126_4e_rapidity4l_genbin7_recobin7 acc 0.0431 eff 0.2868 outinratio 0.0308 

WplusH126_4e_rapidity4l_genbin7_recobin7 acc 0.0393 eff 0.279 outinratio 0.0282 

ZH126_4e_rapidity4l_genbin7_recobin7 acc 0.0447 eff 0.297 outinratio 0.0453 

ttH126_4e_rapidity4l_genbin7_recobin7 acc 0.0447 eff 0.0706 outinratio 0.0 

ggH126_4e_rapidity4l_genbin8_recobin7 acc 0.0416 eff 0.0104 outinratio 0.0107 

VBFH126_4e_rapidity4l_genbin8_recobin7 acc 0.0436 eff 0.0042 outinratio 0.0048 

WminusH126_4e_rapidity4l_genbin8_recobin7 acc 0.0402 eff 0.0065 outinratio 0.0308 

WplusH126_4e_rapidity4l_genbin8_recobin7 acc 0.0357 eff 0.0087 outinratio 0.0282 

ZH126_4e_rapidity4l_genbin8_recobin7 acc 0.0347 eff 0.009 outinratio 0.0453 

ttH126_4e_rapidity4l_genbin8_recobin7 acc 0.0528 eff 0.0 outinratio 0.0 

ggH126_4e_rapidity4l_genbin9_recobin7 acc 0.0826 eff 0.0 outinratio 0.0107 

VBFH126_4e_rapidity4l_genbin9_recobin7 acc 0.1013 eff 0.0 outinratio 0.0048 

WminusH126_4e_rapidity4l_genbin9_recobin7 acc 0.0926 eff 0.0 outinratio 0.0308 

WplusH126_4e_rapidity4l_genbin9_recobin7 acc 0.098 eff 0.0 outinratio 0.0282 

ZH126_4e_rapidity4l_genbin9_recobin7 acc 0.0951 eff 0.0 outinratio 0.0453 

ttH126_4e_rapidity4l_genbin9_recobin7 acc 0.0793 eff 0.0 outinratio 0.0 

ggH126_4e_rapidity4l_genbin0_recobin8 acc 0.0353 eff 0.0 outinratio 0.0156 

VBFH126_4e_rapidity4l_genbin0_recobin8 acc 0.0382 eff 0.0 outinratio 0.0044 

WminusH126_4e_rapidity4l_genbin0_recobin8 acc 0.0307 eff 0.0 outinratio 0.0245 

WplusH126_4e_rapidity4l_genbin0_recobin8 acc 0.0239 eff 0.0 outinratio 0.0329 

ZH126_4e_rapidity4l_genbin0_recobin8 acc 0.0257 eff 0.0 outinratio 0.0375 

ttH126_4e_rapidity4l_genbin0_recobin8 acc 0.0508 eff 0.0 outinratio 0.0 

ggH126_4e_rapidity4l_genbin1_recobin8 acc 0.0344 eff 0.0 outinratio 0.0156 

VBFH126_4e_rapidity4l_genbin1_recobin8 acc 0.0366 eff 0.0 outinratio 0.0044 

WminusH126_4e_rapidity4l_genbin1_recobin8 acc 0.0271 eff 0.0 outinratio 0.0245 

WplusH126_4e_rapidity4l_genbin1_recobin8 acc 0.0236 eff 0.0 outinratio 0.0329 

ZH126_4e_rapidity4l_genbin1_recobin8 acc 0.0265 eff 0.0 outinratio 0.0375 

ttH126_4e_rapidity4l_genbin1_recobin8 acc 0.0366 eff 0.0 outinratio 0.0 

ggH126_4e_rapidity4l_genbin2_recobin8 acc 0.0361 eff 0.0 outinratio 0.0156 

VBFH126_4e_rapidity4l_genbin2_recobin8 acc 0.0385 eff 0.0 outinratio 0.0044 

WminusH126_4e_rapidity4l_genbin2_recobin8 acc 0.0299 eff 0.0 outinratio 0.0245 

WplusH126_4e_rapidity4l_genbin2_recobin8 acc 0.0251 eff 0.0 outinratio 0.0329 

ZH126_4e_rapidity4l_genbin2_recobin8 acc 0.0278 eff 0.0 outinratio 0.0375 

ttH126_4e_rapidity4l_genbin2_recobin8 acc 0.0366 eff 0.0 outinratio 0.0 

ggH126_4e_rapidity4l_genbin3_recobin8 acc 0.0411 eff 0.0 outinratio 0.0156 

VBFH126_4e_rapidity4l_genbin3_recobin8 acc 0.043 eff 0.0 outinratio 0.0044 

WminusH126_4e_rapidity4l_genbin3_recobin8 acc 0.0327 eff 0.0 outinratio 0.0245 

WplusH126_4e_rapidity4l_genbin3_recobin8 acc 0.0276 eff 0.0 outinratio 0.0329 

ZH126_4e_rapidity4l_genbin3_recobin8 acc 0.0323 eff 0.0 outinratio 0.0375 

ttH126_4e_rapidity4l_genbin3_recobin8 acc 0.0488 eff 0.0 outinratio 0.0 

ggH126_4e_rapidity4l_genbin4_recobin8 acc 0.0271 eff 0.0 outinratio 0.0156 

VBFH126_4e_rapidity4l_genbin4_recobin8 acc 0.0306 eff 0.0 outinratio 0.0044 

WminusH126_4e_rapidity4l_genbin4_recobin8 acc 0.0254 eff 0.0 outinratio 0.0245 

WplusH126_4e_rapidity4l_genbin4_recobin8 acc 0.0206 eff 0.0 outinratio 0.0329 

ZH126_4e_rapidity4l_genbin4_recobin8 acc 0.0255 eff 0.0 outinratio 0.0375 

ttH126_4e_rapidity4l_genbin4_recobin8 acc 0.0386 eff 0.0 outinratio 0.0 

ggH126_4e_rapidity4l_genbin5_recobin8 acc 0.0436 eff 0.0 outinratio 0.0156 

VBFH126_4e_rapidity4l_genbin5_recobin8 acc 0.0472 eff 0.0 outinratio 0.0044 

WminusH126_4e_rapidity4l_genbin5_recobin8 acc 0.0342 eff 0.0 outinratio 0.0245 

WplusH126_4e_rapidity4l_genbin5_recobin8 acc 0.0304 eff 0.0 outinratio 0.0329 

ZH126_4e_rapidity4l_genbin5_recobin8 acc 0.0328 eff 0.0 outinratio 0.0375 

ttH126_4e_rapidity4l_genbin5_recobin8 acc 0.0488 eff 0.0 outinratio 0.0 

ggH126_4e_rapidity4l_genbin6_recobin8 acc 0.039 eff 0.0 outinratio 0.0156 

VBFH126_4e_rapidity4l_genbin6_recobin8 acc 0.0401 eff 0.0 outinratio 0.0044 

WminusH126_4e_rapidity4l_genbin6_recobin8 acc 0.0353 eff 0.0 outinratio 0.0245 

WplusH126_4e_rapidity4l_genbin6_recobin8 acc 0.0306 eff 0.0 outinratio 0.0329 

ZH126_4e_rapidity4l_genbin6_recobin8 acc 0.0331 eff 0.0 outinratio 0.0375 

ttH126_4e_rapidity4l_genbin6_recobin8 acc 0.0467 eff 0.0 outinratio 0.0 

ggH126_4e_rapidity4l_genbin7_recobin8 acc 0.0476 eff 0.0047 outinratio 0.0156 

VBFH126_4e_rapidity4l_genbin7_recobin8 acc 0.0505 eff 0.0072 outinratio 0.0044 

WminusH126_4e_rapidity4l_genbin7_recobin8 acc 0.0431 eff 0.0071 outinratio 0.0245 

WplusH126_4e_rapidity4l_genbin7_recobin8 acc 0.0393 eff 0.0085 outinratio 0.0329 

ZH126_4e_rapidity4l_genbin7_recobin8 acc 0.0447 eff 0.0078 outinratio 0.0375 

ttH126_4e_rapidity4l_genbin7_recobin8 acc 0.0447 eff 0.0 outinratio 0.0 

ggH126_4e_rapidity4l_genbin8_recobin8 acc 0.0416 eff 0.248 outinratio 0.0156 

VBFH126_4e_rapidity4l_genbin8_recobin8 acc 0.0436 eff 0.2842 outinratio 0.0044 

WminusH126_4e_rapidity4l_genbin8_recobin8 acc 0.0402 eff 0.2797 outinratio 0.0245 

WplusH126_4e_rapidity4l_genbin8_recobin8 acc 0.0357 eff 0.2799 outinratio 0.0329 

ZH126_4e_rapidity4l_genbin8_recobin8 acc 0.0347 eff 0.3135 outinratio 0.0375 

ttH126_4e_rapidity4l_genbin8_recobin8 acc 0.0528 eff 0.2384 outinratio 0.0 

ggH126_4e_rapidity4l_genbin9_recobin8 acc 0.0826 eff 0.0044 outinratio 0.0156 

VBFH126_4e_rapidity4l_genbin9_recobin8 acc 0.1013 eff 0.0027 outinratio 0.0044 

WminusH126_4e_rapidity4l_genbin9_recobin8 acc 0.0926 eff 0.0027 outinratio 0.0245 

WplusH126_4e_rapidity4l_genbin9_recobin8 acc 0.098 eff 0.0021 outinratio 0.0329 

ZH126_4e_rapidity4l_genbin9_recobin8 acc 0.0951 eff 0.0014 outinratio 0.0375 

ttH126_4e_rapidity4l_genbin9_recobin8 acc 0.0793 eff 0.0 outinratio 0.0 

ggH126_4e_rapidity4l_genbin0_recobin9 acc 0.0353 eff 0.0 outinratio 0.0173 

VBFH126_4e_rapidity4l_genbin0_recobin9 acc 0.0382 eff 0.0 outinratio 0.0117 

WminusH126_4e_rapidity4l_genbin0_recobin9 acc 0.0307 eff 0.0 outinratio 0.0364 

WplusH126_4e_rapidity4l_genbin0_recobin9 acc 0.0239 eff 0.0 outinratio 0.0199 

ZH126_4e_rapidity4l_genbin0_recobin9 acc 0.0257 eff 0.0 outinratio 0.0473 

ttH126_4e_rapidity4l_genbin0_recobin9 acc 0.0508 eff 0.0 outinratio 0.0699 

ggH126_4e_rapidity4l_genbin1_recobin9 acc 0.0344 eff 0.0 outinratio 0.0173 

VBFH126_4e_rapidity4l_genbin1_recobin9 acc 0.0366 eff 0.0 outinratio 0.0117 

WminusH126_4e_rapidity4l_genbin1_recobin9 acc 0.0271 eff 0.0 outinratio 0.0364 

WplusH126_4e_rapidity4l_genbin1_recobin9 acc 0.0236 eff 0.0 outinratio 0.0199 

ZH126_4e_rapidity4l_genbin1_recobin9 acc 0.0265 eff 0.0 outinratio 0.0473 

ttH126_4e_rapidity4l_genbin1_recobin9 acc 0.0366 eff 0.0 outinratio 0.0699 

ggH126_4e_rapidity4l_genbin2_recobin9 acc 0.0361 eff 0.0 outinratio 0.0173 

VBFH126_4e_rapidity4l_genbin2_recobin9 acc 0.0385 eff 0.0 outinratio 0.0117 

WminusH126_4e_rapidity4l_genbin2_recobin9 acc 0.0299 eff 0.0 outinratio 0.0364 

WplusH126_4e_rapidity4l_genbin2_recobin9 acc 0.0251 eff 0.0 outinratio 0.0199 

ZH126_4e_rapidity4l_genbin2_recobin9 acc 0.0278 eff 0.0 outinratio 0.0473 

ttH126_4e_rapidity4l_genbin2_recobin9 acc 0.0366 eff 0.0 outinratio 0.0699 

ggH126_4e_rapidity4l_genbin3_recobin9 acc 0.0411 eff 0.0 outinratio 0.0173 

VBFH126_4e_rapidity4l_genbin3_recobin9 acc 0.043 eff 0.0 outinratio 0.0117 

WminusH126_4e_rapidity4l_genbin3_recobin9 acc 0.0327 eff 0.0 outinratio 0.0364 

WplusH126_4e_rapidity4l_genbin3_recobin9 acc 0.0276 eff 0.0 outinratio 0.0199 

ZH126_4e_rapidity4l_genbin3_recobin9 acc 0.0323 eff 0.0 outinratio 0.0473 

ttH126_4e_rapidity4l_genbin3_recobin9 acc 0.0488 eff 0.0 outinratio 0.0699 

ggH126_4e_rapidity4l_genbin4_recobin9 acc 0.0271 eff 0.0 outinratio 0.0173 

VBFH126_4e_rapidity4l_genbin4_recobin9 acc 0.0306 eff 0.0 outinratio 0.0117 

WminusH126_4e_rapidity4l_genbin4_recobin9 acc 0.0254 eff 0.0 outinratio 0.0364 

WplusH126_4e_rapidity4l_genbin4_recobin9 acc 0.0206 eff 0.0 outinratio 0.0199 

ZH126_4e_rapidity4l_genbin4_recobin9 acc 0.0255 eff 0.0 outinratio 0.0473 

ttH126_4e_rapidity4l_genbin4_recobin9 acc 0.0386 eff 0.0 outinratio 0.0699 

ggH126_4e_rapidity4l_genbin5_recobin9 acc 0.0436 eff 0.0 outinratio 0.0173 

VBFH126_4e_rapidity4l_genbin5_recobin9 acc 0.0472 eff 0.0 outinratio 0.0117 

WminusH126_4e_rapidity4l_genbin5_recobin9 acc 0.0342 eff 0.0 outinratio 0.0364 

WplusH126_4e_rapidity4l_genbin5_recobin9 acc 0.0304 eff 0.0 outinratio 0.0199 

ZH126_4e_rapidity4l_genbin5_recobin9 acc 0.0328 eff 0.0 outinratio 0.0473 

ttH126_4e_rapidity4l_genbin5_recobin9 acc 0.0488 eff 0.0 outinratio 0.0699 

ggH126_4e_rapidity4l_genbin6_recobin9 acc 0.039 eff 0.0 outinratio 0.0173 

VBFH126_4e_rapidity4l_genbin6_recobin9 acc 0.0401 eff 0.0 outinratio 0.0117 

WminusH126_4e_rapidity4l_genbin6_recobin9 acc 0.0353 eff 0.0 outinratio 0.0364 

WplusH126_4e_rapidity4l_genbin6_recobin9 acc 0.0306 eff 0.0 outinratio 0.0199 

ZH126_4e_rapidity4l_genbin6_recobin9 acc 0.0331 eff 0.0 outinratio 0.0473 

ttH126_4e_rapidity4l_genbin6_recobin9 acc 0.0467 eff 0.0 outinratio 0.0699 

ggH126_4e_rapidity4l_genbin7_recobin9 acc 0.0476 eff 0.0 outinratio 0.0173 

VBFH126_4e_rapidity4l_genbin7_recobin9 acc 0.0505 eff 0.0 outinratio 0.0117 

WminusH126_4e_rapidity4l_genbin7_recobin9 acc 0.0431 eff 0.0 outinratio 0.0364 

WplusH126_4e_rapidity4l_genbin7_recobin9 acc 0.0393 eff 0.0 outinratio 0.0199 

ZH126_4e_rapidity4l_genbin7_recobin9 acc 0.0447 eff 0.0 outinratio 0.0473 

ttH126_4e_rapidity4l_genbin7_recobin9 acc 0.0447 eff 0.0 outinratio 0.0699 

ggH126_4e_rapidity4l_genbin8_recobin9 acc 0.0416 eff 0.0064 outinratio 0.0173 

VBFH126_4e_rapidity4l_genbin8_recobin9 acc 0.0436 eff 0.0022 outinratio 0.0117 

WminusH126_4e_rapidity4l_genbin8_recobin9 acc 0.0402 eff 0.0028 outinratio 0.0364 

WplusH126_4e_rapidity4l_genbin8_recobin9 acc 0.0357 eff 0.0043 outinratio 0.0199 

ZH126_4e_rapidity4l_genbin8_recobin9 acc 0.0347 eff 0.0023 outinratio 0.0473 

ttH126_4e_rapidity4l_genbin8_recobin9 acc 0.0528 eff 0.0 outinratio 0.0699 

ggH126_4e_rapidity4l_genbin9_recobin9 acc 0.0826 eff 0.2376 outinratio 0.0173 

VBFH126_4e_rapidity4l_genbin9_recobin9 acc 0.1013 eff 0.2291 outinratio 0.0117 

WminusH126_4e_rapidity4l_genbin9_recobin9 acc 0.0926 eff 0.2303 outinratio 0.0364 

WplusH126_4e_rapidity4l_genbin9_recobin9 acc 0.098 eff 0.233 outinratio 0.0199 

ZH126_4e_rapidity4l_genbin9_recobin9 acc 0.0951 eff 0.2386 outinratio 0.0473 

ttH126_4e_rapidity4l_genbin9_recobin9 acc 0.0793 eff 0.2248 outinratio 0.0699 

ggH126_4mu_rapidity4l_genbin0_recobin0 acc 0.0437 eff 0.7136 outinratio 0.0038 

VBFH126_4mu_rapidity4l_genbin0_recobin0 acc 0.0463 eff 0.749 outinratio 0.0121 

WminusH126_4mu_rapidity4l_genbin0_recobin0 acc 0.0349 eff 0.6661 outinratio 0.0059 

WplusH126_4mu_rapidity4l_genbin0_recobin0 acc 0.0283 eff 0.6968 outinratio 0.0125 

ZH126_4mu_rapidity4l_genbin0_recobin0 acc 0.0316 eff 0.6671 outinratio 0.0574 

ttH126_4mu_rapidity4l_genbin0_recobin0 acc 0.0664 eff 0.4475 outinratio 0.1304 

ggH126_4mu_rapidity4l_genbin1_recobin0 acc 0.0417 eff 0.0074 outinratio 0.0038 

VBFH126_4mu_rapidity4l_genbin1_recobin0 acc 0.0411 eff 0.0019 outinratio 0.0121 

WminusH126_4mu_rapidity4l_genbin1_recobin0 acc 0.0342 eff 0.0083 outinratio 0.0059 

WplusH126_4mu_rapidity4l_genbin1_recobin0 acc 0.0285 eff 0.01 outinratio 0.0125 

ZH126_4mu_rapidity4l_genbin1_recobin0 acc 0.0294 eff 0.009 outinratio 0.0574 

ttH126_4mu_rapidity4l_genbin1_recobin0 acc 0.0412 eff 0.0 outinratio 0.1304 

ggH126_4mu_rapidity4l_genbin2_recobin0 acc 0.0408 eff 0.0 outinratio 0.0038 

VBFH126_4mu_rapidity4l_genbin2_recobin0 acc 0.0449 eff 0.0 outinratio 0.0121 

WminusH126_4mu_rapidity4l_genbin2_recobin0 acc 0.0369 eff 0.0012 outinratio 0.0059 

WplusH126_4mu_rapidity4l_genbin2_recobin0 acc 0.0287 eff 0.0 outinratio 0.0125 

ZH126_4mu_rapidity4l_genbin2_recobin0 acc 0.0329 eff 0.0 outinratio 0.0574 

ttH126_4mu_rapidity4l_genbin2_recobin0 acc 0.0435 eff 0.0 outinratio 0.1304 

ggH126_4mu_rapidity4l_genbin3_recobin0 acc 0.0468 eff 0.0 outinratio 0.0038 

VBFH126_4mu_rapidity4l_genbin3_recobin0 acc 0.0466 eff 0.0 outinratio 0.0121 

WminusH126_4mu_rapidity4l_genbin3_recobin0 acc 0.0404 eff 0.0 outinratio 0.0059 

WplusH126_4mu_rapidity4l_genbin3_recobin0 acc 0.0336 eff 0.0 outinratio 0.0125 

ZH126_4mu_rapidity4l_genbin3_recobin0 acc 0.0366 eff 0.0 outinratio 0.0574 

ttH126_4mu_rapidity4l_genbin3_recobin0 acc 0.0572 eff 0.0 outinratio 0.1304 

ggH126_4mu_rapidity4l_genbin4_recobin0 acc 0.034 eff 0.0 outinratio 0.0038 

VBFH126_4mu_rapidity4l_genbin4_recobin0 acc 0.0313 eff 0.0 outinratio 0.0121 

WminusH126_4mu_rapidity4l_genbin4_recobin0 acc 0.0279 eff 0.0 outinratio 0.0059 

WplusH126_4mu_rapidity4l_genbin4_recobin0 acc 0.0239 eff 0.0 outinratio 0.0125 

ZH126_4mu_rapidity4l_genbin4_recobin0 acc 0.0243 eff 0.0 outinratio 0.0574 

ttH126_4mu_rapidity4l_genbin4_recobin0 acc 0.0549 eff 0.0 outinratio 0.1304 

ggH126_4mu_rapidity4l_genbin5_recobin0 acc 0.0476 eff 0.0 outinratio 0.0038 

VBFH126_4mu_rapidity4l_genbin5_recobin0 acc 0.0507 eff 0.0 outinratio 0.0121 

WminusH126_4mu_rapidity4l_genbin5_recobin0 acc 0.0404 eff 0.0 outinratio 0.0059 

WplusH126_4mu_rapidity4l_genbin5_recobin0 acc 0.0353 eff 0.0 outinratio 0.0125 

ZH126_4mu_rapidity4l_genbin5_recobin0 acc 0.0389 eff 0.0 outinratio 0.0574 

ttH126_4mu_rapidity4l_genbin5_recobin0 acc 0.0595 eff 0.0 outinratio 0.1304 

ggH126_4mu_rapidity4l_genbin6_recobin0 acc 0.0455 eff 0.0 outinratio 0.0038 

VBFH126_4mu_rapidity4l_genbin6_recobin0 acc 0.0444 eff 0.0 outinratio 0.0121 

WminusH126_4mu_rapidity4l_genbin6_recobin0 acc 0.039 eff 0.0 outinratio 0.0059 

WplusH126_4mu_rapidity4l_genbin6_recobin0 acc 0.0336 eff 0.0 outinratio 0.0125 

ZH126_4mu_rapidity4l_genbin6_recobin0 acc 0.0373 eff 0.0 outinratio 0.0574 

ttH126_4mu_rapidity4l_genbin6_recobin0 acc 0.0435 eff 0.0 outinratio 0.1304 

ggH126_4mu_rapidity4l_genbin7_recobin0 acc 0.0511 eff 0.0 outinratio 0.0038 

VBFH126_4mu_rapidity4l_genbin7_recobin0 acc 0.0598 eff 0.0 outinratio 0.0121 

WminusH126_4mu_rapidity4l_genbin7_recobin0 acc 0.0514 eff 0.0 outinratio 0.0059 

WplusH126_4mu_rapidity4l_genbin7_recobin0 acc 0.0426 eff 0.0 outinratio 0.0125 

ZH126_4mu_rapidity4l_genbin7_recobin0 acc 0.0442 eff 0.0 outinratio 0.0574 

ttH126_4mu_rapidity4l_genbin7_recobin0 acc 0.0526 eff 0.0 outinratio 0.1304 

ggH126_4mu_rapidity4l_genbin8_recobin0 acc 0.0431 eff 0.0 outinratio 0.0038 

VBFH126_4mu_rapidity4l_genbin8_recobin0 acc 0.0539 eff 0.0 outinratio 0.0121 

WminusH126_4mu_rapidity4l_genbin8_recobin0 acc 0.0438 eff 0.0 outinratio 0.0059 

WplusH126_4mu_rapidity4l_genbin8_recobin0 acc 0.0396 eff 0.0 outinratio 0.0125 

ZH126_4mu_rapidity4l_genbin8_recobin0 acc 0.041 eff 0.0 outinratio 0.0574 

ttH126_4mu_rapidity4l_genbin8_recobin0 acc 0.0343 eff 0.0 outinratio 0.1304 

ggH126_4mu_rapidity4l_genbin9_recobin0 acc 0.0804 eff 0.0 outinratio 0.0038 

VBFH126_4mu_rapidity4l_genbin9_recobin0 acc 0.0989 eff 0.0 outinratio 0.0121 

WminusH126_4mu_rapidity4l_genbin9_recobin0 acc 0.0899 eff 0.0 outinratio 0.0059 

WplusH126_4mu_rapidity4l_genbin9_recobin0 acc 0.0932 eff 0.0 outinratio 0.0125 

ZH126_4mu_rapidity4l_genbin9_recobin0 acc 0.094 eff 0.0 outinratio 0.0574 

ttH126_4mu_rapidity4l_genbin9_recobin0 acc 0.0503 eff 0.0 outinratio 0.1304 

ggH126_4mu_rapidity4l_genbin0_recobin1 acc 0.0437 eff 0.0151 outinratio 0.0102 

VBFH126_4mu_rapidity4l_genbin0_recobin1 acc 0.0463 eff 0.0059 outinratio 0.0 

WminusH126_4mu_rapidity4l_genbin0_recobin1 acc 0.0349 eff 0.0176 outinratio 0.0115 

WplusH126_4mu_rapidity4l_genbin0_recobin1 acc 0.0283 eff 0.0082 outinratio 0.0113 

ZH126_4mu_rapidity4l_genbin0_recobin1 acc 0.0316 eff 0.0107 outinratio 0.0976 

ttH126_4mu_rapidity4l_genbin0_recobin1 acc 0.0664 eff 0.0 outinratio 0.0 

ggH126_4mu_rapidity4l_genbin1_recobin1 acc 0.0417 eff 0.6845 outinratio 0.0102 

VBFH126_4mu_rapidity4l_genbin1_recobin1 acc 0.0411 eff 0.6379 outinratio 0.0 

WminusH126_4mu_rapidity4l_genbin1_recobin1 acc 0.0342 eff 0.6782 outinratio 0.0115 

WplusH126_4mu_rapidity4l_genbin1_recobin1 acc 0.0285 eff 0.6697 outinratio 0.0113 

ZH126_4mu_rapidity4l_genbin1_recobin1 acc 0.0294 eff 0.6752 outinratio 0.0976 

ttH126_4mu_rapidity4l_genbin1_recobin1 acc 0.0412 eff 0.3906 outinratio 0.0 

ggH126_4mu_rapidity4l_genbin2_recobin1 acc 0.0408 eff 0.0123 outinratio 0.0102 

VBFH126_4mu_rapidity4l_genbin2_recobin1 acc 0.0449 eff 0.0064 outinratio 0.0 

WminusH126_4mu_rapidity4l_genbin2_recobin1 acc 0.0369 eff 0.0202 outinratio 0.0115 

WplusH126_4mu_rapidity4l_genbin2_recobin1 acc 0.0287 eff 0.0142 outinratio 0.0113 

ZH126_4mu_rapidity4l_genbin2_recobin1 acc 0.0329 eff 0.0099 outinratio 0.0976 

ttH126_4mu_rapidity4l_genbin2_recobin1 acc 0.0435 eff 0.0 outinratio 0.0 

ggH126_4mu_rapidity4l_genbin3_recobin1 acc 0.0468 eff 0.0 outinratio 0.0102 

VBFH126_4mu_rapidity4l_genbin3_recobin1 acc 0.0466 eff 0.0 outinratio 0.0 

WminusH126_4mu_rapidity4l_genbin3_recobin1 acc 0.0404 eff 0.0 outinratio 0.0115 

WplusH126_4mu_rapidity4l_genbin3_recobin1 acc 0.0336 eff 0.0 outinratio 0.0113 

ZH126_4mu_rapidity4l_genbin3_recobin1 acc 0.0366 eff 0.0 outinratio 0.0976 

ttH126_4mu_rapidity4l_genbin3_recobin1 acc 0.0572 eff 0.0 outinratio 0.0 

ggH126_4mu_rapidity4l_genbin4_recobin1 acc 0.034 eff 0.0 outinratio 0.0102 

VBFH126_4mu_rapidity4l_genbin4_recobin1 acc 0.0313 eff 0.0 outinratio 0.0 

WminusH126_4mu_rapidity4l_genbin4_recobin1 acc 0.0279 eff 0.0 outinratio 0.0115 

WplusH126_4mu_rapidity4l_genbin4_recobin1 acc 0.0239 eff 0.0 outinratio 0.0113 

ZH126_4mu_rapidity4l_genbin4_recobin1 acc 0.0243 eff 0.0 outinratio 0.0976 

ttH126_4mu_rapidity4l_genbin4_recobin1 acc 0.0549 eff 0.0 outinratio 0.0 

ggH126_4mu_rapidity4l_genbin5_recobin1 acc 0.0476 eff 0.0 outinratio 0.0102 

VBFH126_4mu_rapidity4l_genbin5_recobin1 acc 0.0507 eff 0.0 outinratio 0.0 

WminusH126_4mu_rapidity4l_genbin5_recobin1 acc 0.0404 eff 0.0 outinratio 0.0115 

WplusH126_4mu_rapidity4l_genbin5_recobin1 acc 0.0353 eff 0.0 outinratio 0.0113 

ZH126_4mu_rapidity4l_genbin5_recobin1 acc 0.0389 eff 0.0 outinratio 0.0976 

ttH126_4mu_rapidity4l_genbin5_recobin1 acc 0.0595 eff 0.0 outinratio 0.0 

ggH126_4mu_rapidity4l_genbin6_recobin1 acc 0.0455 eff 0.0 outinratio 0.0102 

VBFH126_4mu_rapidity4l_genbin6_recobin1 acc 0.0444 eff 0.0 outinratio 0.0 

WminusH126_4mu_rapidity4l_genbin6_recobin1 acc 0.039 eff 0.0 outinratio 0.0115 

WplusH126_4mu_rapidity4l_genbin6_recobin1 acc 0.0336 eff 0.0 outinratio 0.0113 

ZH126_4mu_rapidity4l_genbin6_recobin1 acc 0.0373 eff 0.0 outinratio 0.0976 

ttH126_4mu_rapidity4l_genbin6_recobin1 acc 0.0435 eff 0.0 outinratio 0.0 

ggH126_4mu_rapidity4l_genbin7_recobin1 acc 0.0511 eff 0.0 outinratio 0.0102 

VBFH126_4mu_rapidity4l_genbin7_recobin1 acc 0.0598 eff 0.0 outinratio 0.0 

WminusH126_4mu_rapidity4l_genbin7_recobin1 acc 0.0514 eff 0.0 outinratio 0.0115 

WplusH126_4mu_rapidity4l_genbin7_recobin1 acc 0.0426 eff 0.0 outinratio 0.0113 

ZH126_4mu_rapidity4l_genbin7_recobin1 acc 0.0442 eff 0.0 outinratio 0.0976 

ttH126_4mu_rapidity4l_genbin7_recobin1 acc 0.0526 eff 0.0 outinratio 0.0 

ggH126_4mu_rapidity4l_genbin8_recobin1 acc 0.0431 eff 0.0 outinratio 0.0102 

VBFH126_4mu_rapidity4l_genbin8_recobin1 acc 0.0539 eff 0.0 outinratio 0.0 

WminusH126_4mu_rapidity4l_genbin8_recobin1 acc 0.0438 eff 0.0 outinratio 0.0115 

WplusH126_4mu_rapidity4l_genbin8_recobin1 acc 0.0396 eff 0.0 outinratio 0.0113 

ZH126_4mu_rapidity4l_genbin8_recobin1 acc 0.041 eff 0.0 outinratio 0.0976 

ttH126_4mu_rapidity4l_genbin8_recobin1 acc 0.0343 eff 0.0 outinratio 0.0 

ggH126_4mu_rapidity4l_genbin9_recobin1 acc 0.0804 eff 0.0 outinratio 0.0102 

VBFH126_4mu_rapidity4l_genbin9_recobin1 acc 0.0989 eff 0.0 outinratio 0.0 

WminusH126_4mu_rapidity4l_genbin9_recobin1 acc 0.0899 eff 0.0 outinratio 0.0115 

WplusH126_4mu_rapidity4l_genbin9_recobin1 acc 0.0932 eff 0.0 outinratio 0.0113 

ZH126_4mu_rapidity4l_genbin9_recobin1 acc 0.094 eff 0.0 outinratio 0.0976 

ttH126_4mu_rapidity4l_genbin9_recobin1 acc 0.0503 eff 0.0 outinratio 0.0 

ggH126_4mu_rapidity4l_genbin0_recobin2 acc 0.0437 eff 0.0 outinratio 0.0076 

VBFH126_4mu_rapidity4l_genbin0_recobin2 acc 0.0463 eff 0.0 outinratio 0.0067 

WminusH126_4mu_rapidity4l_genbin0_recobin2 acc 0.0349 eff 0.0 outinratio 0.0144 

WplusH126_4mu_rapidity4l_genbin0_recobin2 acc 0.0283 eff 0.0 outinratio 0.0104 

ZH126_4mu_rapidity4l_genbin0_recobin2 acc 0.0316 eff 0.0 outinratio 0.0565 

ttH126_4mu_rapidity4l_genbin0_recobin2 acc 0.0664 eff 0.0 outinratio 0.0 

ggH126_4mu_rapidity4l_genbin1_recobin2 acc 0.0417 eff 0.0099 outinratio 0.0076 

VBFH126_4mu_rapidity4l_genbin1_recobin2 acc 0.0411 eff 0.009 outinratio 0.0067 

WminusH126_4mu_rapidity4l_genbin1_recobin2 acc 0.0342 eff 0.0115 outinratio 0.0144 

WplusH126_4mu_rapidity4l_genbin1_recobin2 acc 0.0285 eff 0.0168 outinratio 0.0104 

ZH126_4mu_rapidity4l_genbin1_recobin2 acc 0.0294 eff 0.0119 outinratio 0.0565 

ttH126_4mu_rapidity4l_genbin1_recobin2 acc 0.0412 eff 0.0325 outinratio 0.0 

ggH126_4mu_rapidity4l_genbin2_recobin2 acc 0.0408 eff 0.6893 outinratio 0.0076 

VBFH126_4mu_rapidity4l_genbin2_recobin2 acc 0.0449 eff 0.7234 outinratio 0.0067 

WminusH126_4mu_rapidity4l_genbin2_recobin2 acc 0.0369 eff 0.6567 outinratio 0.0144 

WplusH126_4mu_rapidity4l_genbin2_recobin2 acc 0.0287 eff 0.6535 outinratio 0.0104 

ZH126_4mu_rapidity4l_genbin2_recobin2 acc 0.0329 eff 0.6496 outinratio 0.0565 

ttH126_4mu_rapidity4l_genbin2_recobin2 acc 0.0435 eff 0.6331 outinratio 0.0 

ggH126_4mu_rapidity4l_genbin3_recobin2 acc 0.0468 eff 0.008 outinratio 0.0076 

VBFH126_4mu_rapidity4l_genbin3_recobin2 acc 0.0466 eff 0.0157 outinratio 0.0067 

WminusH126_4mu_rapidity4l_genbin3_recobin2 acc 0.0404 eff 0.0118 outinratio 0.0144 

WplusH126_4mu_rapidity4l_genbin3_recobin2 acc 0.0336 eff 0.0078 outinratio 0.0104 

ZH126_4mu_rapidity4l_genbin3_recobin2 acc 0.0366 eff 0.0057 outinratio 0.0565 

ttH126_4mu_rapidity4l_genbin3_recobin2 acc 0.0572 eff 0.0 outinratio 0.0 

ggH126_4mu_rapidity4l_genbin4_recobin2 acc 0.034 eff 0.0 outinratio 0.0076 

VBFH126_4mu_rapidity4l_genbin4_recobin2 acc 0.0313 eff 0.0 outinratio 0.0067 

WminusH126_4mu_rapidity4l_genbin4_recobin2 acc 0.0279 eff 0.0 outinratio 0.0144 

WplusH126_4mu_rapidity4l_genbin4_recobin2 acc 0.0239 eff 0.0 outinratio 0.0104 

ZH126_4mu_rapidity4l_genbin4_recobin2 acc 0.0243 eff 0.0 outinratio 0.0565 

ttH126_4mu_rapidity4l_genbin4_recobin2 acc 0.0549 eff 0.0 outinratio 0.0 

ggH126_4mu_rapidity4l_genbin5_recobin2 acc 0.0476 eff 0.0 outinratio 0.0076 

VBFH126_4mu_rapidity4l_genbin5_recobin2 acc 0.0507 eff 0.0 outinratio 0.0067 

WminusH126_4mu_rapidity4l_genbin5_recobin2 acc 0.0404 eff 0.0 outinratio 0.0144 

WplusH126_4mu_rapidity4l_genbin5_recobin2 acc 0.0353 eff 0.0 outinratio 0.0104 

ZH126_4mu_rapidity4l_genbin5_recobin2 acc 0.0389 eff 0.0 outinratio 0.0565 

ttH126_4mu_rapidity4l_genbin5_recobin2 acc 0.0595 eff 0.0 outinratio 0.0 

ggH126_4mu_rapidity4l_genbin6_recobin2 acc 0.0455 eff 0.0 outinratio 0.0076 

VBFH126_4mu_rapidity4l_genbin6_recobin2 acc 0.0444 eff 0.0 outinratio 0.0067 

WminusH126_4mu_rapidity4l_genbin6_recobin2 acc 0.039 eff 0.0 outinratio 0.0144 

WplusH126_4mu_rapidity4l_genbin6_recobin2 acc 0.0336 eff 0.0 outinratio 0.0104 

ZH126_4mu_rapidity4l_genbin6_recobin2 acc 0.0373 eff 0.0 outinratio 0.0565 

ttH126_4mu_rapidity4l_genbin6_recobin2 acc 0.0435 eff 0.0 outinratio 0.0 

ggH126_4mu_rapidity4l_genbin7_recobin2 acc 0.0511 eff 0.0 outinratio 0.0076 

VBFH126_4mu_rapidity4l_genbin7_recobin2 acc 0.0598 eff 0.0 outinratio 0.0067 

WminusH126_4mu_rapidity4l_genbin7_recobin2 acc 0.0514 eff 0.0 outinratio 0.0144 

WplusH126_4mu_rapidity4l_genbin7_recobin2 acc 0.0426 eff 0.0 outinratio 0.0104 

ZH126_4mu_rapidity4l_genbin7_recobin2 acc 0.0442 eff 0.0 outinratio 0.0565 

ttH126_4mu_rapidity4l_genbin7_recobin2 acc 0.0526 eff 0.0 outinratio 0.0 

ggH126_4mu_rapidity4l_genbin8_recobin2 acc 0.0431 eff 0.0 outinratio 0.0076 

VBFH126_4mu_rapidity4l_genbin8_recobin2 acc 0.0539 eff 0.0 outinratio 0.0067 

WminusH126_4mu_rapidity4l_genbin8_recobin2 acc 0.0438 eff 0.0 outinratio 0.0144 

WplusH126_4mu_rapidity4l_genbin8_recobin2 acc 0.0396 eff 0.0 outinratio 0.0104 

ZH126_4mu_rapidity4l_genbin8_recobin2 acc 0.041 eff 0.0 outinratio 0.0565 

ttH126_4mu_rapidity4l_genbin8_recobin2 acc 0.0343 eff 0.0 outinratio 0.0 

ggH126_4mu_rapidity4l_genbin9_recobin2 acc 0.0804 eff 0.0 outinratio 0.0076 

VBFH126_4mu_rapidity4l_genbin9_recobin2 acc 0.0989 eff 0.0 outinratio 0.0067 

WminusH126_4mu_rapidity4l_genbin9_recobin2 acc 0.0899 eff 0.0 outinratio 0.0144 

WplusH126_4mu_rapidity4l_genbin9_recobin2 acc 0.0932 eff 0.0 outinratio 0.0104 

ZH126_4mu_rapidity4l_genbin9_recobin2 acc 0.094 eff 0.0 outinratio 0.0565 

ttH126_4mu_rapidity4l_genbin9_recobin2 acc 0.0503 eff 0.0 outinratio 0.0 

ggH126_4mu_rapidity4l_genbin0_recobin3 acc 0.0437 eff 0.0 outinratio 0.0048 

VBFH126_4mu_rapidity4l_genbin0_recobin3 acc 0.0463 eff 0.0 outinratio 0.0081 

WminusH126_4mu_rapidity4l_genbin0_recobin3 acc 0.0349 eff 0.0 outinratio 0.0107 

WplusH126_4mu_rapidity4l_genbin0_recobin3 acc 0.0283 eff 0.0 outinratio 0.0089 

ZH126_4mu_rapidity4l_genbin0_recobin3 acc 0.0316 eff 0.0 outinratio 0.0474 

ttH126_4mu_rapidity4l_genbin0_recobin3 acc 0.0664 eff 0.0 outinratio 0.0 

ggH126_4mu_rapidity4l_genbin1_recobin3 acc 0.0417 eff 0.0 outinratio 0.0048 

VBFH126_4mu_rapidity4l_genbin1_recobin3 acc 0.0411 eff 0.0 outinratio 0.0081 

WminusH126_4mu_rapidity4l_genbin1_recobin3 acc 0.0342 eff 0.0 outinratio 0.0107 

WplusH126_4mu_rapidity4l_genbin1_recobin3 acc 0.0285 eff 0.0 outinratio 0.0089 

ZH126_4mu_rapidity4l_genbin1_recobin3 acc 0.0294 eff 0.0 outinratio 0.0474 

ttH126_4mu_rapidity4l_genbin1_recobin3 acc 0.0412 eff 0.0 outinratio 0.0 

ggH126_4mu_rapidity4l_genbin2_recobin3 acc 0.0408 eff 0.0175 outinratio 0.0048 

VBFH126_4mu_rapidity4l_genbin2_recobin3 acc 0.0449 eff 0.0148 outinratio 0.0081 

WminusH126_4mu_rapidity4l_genbin2_recobin3 acc 0.0369 eff 0.0088 outinratio 0.0107 

WplusH126_4mu_rapidity4l_genbin2_recobin3 acc 0.0287 eff 0.0141 outinratio 0.0089 

ZH126_4mu_rapidity4l_genbin2_recobin3 acc 0.0329 eff 0.0151 outinratio 0.0474 

ttH126_4mu_rapidity4l_genbin2_recobin3 acc 0.0435 eff 0.0 outinratio 0.0 

ggH126_4mu_rapidity4l_genbin3_recobin3 acc 0.0468 eff 0.6782 outinratio 0.0048 

VBFH126_4mu_rapidity4l_genbin3_recobin3 acc 0.0466 eff 0.7287 outinratio 0.0081 

WminusH126_4mu_rapidity4l_genbin3_recobin3 acc 0.0404 eff 0.6548 outinratio 0.0107 

WplusH126_4mu_rapidity4l_genbin3_recobin3 acc 0.0336 eff 0.6842 outinratio 0.0089 

ZH126_4mu_rapidity4l_genbin3_recobin3 acc 0.0366 eff 0.6923 outinratio 0.0474 

ttH126_4mu_rapidity4l_genbin3_recobin3 acc 0.0572 eff 0.6057 outinratio 0.0 

ggH126_4mu_rapidity4l_genbin4_recobin3 acc 0.034 eff 0.0153 outinratio 0.0048 

VBFH126_4mu_rapidity4l_genbin4_recobin3 acc 0.0313 eff 0.0231 outinratio 0.0081 

WminusH126_4mu_rapidity4l_genbin4_recobin3 acc 0.0279 eff 0.0136 outinratio 0.0107 

WplusH126_4mu_rapidity4l_genbin4_recobin3 acc 0.0239 eff 0.0167 outinratio 0.0089 

ZH126_4mu_rapidity4l_genbin4_recobin3 acc 0.0243 eff 0.0128 outinratio 0.0474 

ttH126_4mu_rapidity4l_genbin4_recobin3 acc 0.0549 eff 0.0 outinratio 0.0 

ggH126_4mu_rapidity4l_genbin5_recobin3 acc 0.0476 eff 0.0 outinratio 0.0048 

VBFH126_4mu_rapidity4l_genbin5_recobin3 acc 0.0507 eff 0.0 outinratio 0.0081 

WminusH126_4mu_rapidity4l_genbin5_recobin3 acc 0.0404 eff 0.0 outinratio 0.0107 

WplusH126_4mu_rapidity4l_genbin5_recobin3 acc 0.0353 eff 0.0 outinratio 0.0089 

ZH126_4mu_rapidity4l_genbin5_recobin3 acc 0.0389 eff 0.0 outinratio 0.0474 

ttH126_4mu_rapidity4l_genbin5_recobin3 acc 0.0595 eff 0.0 outinratio 0.0 

ggH126_4mu_rapidity4l_genbin6_recobin3 acc 0.0455 eff 0.0 outinratio 0.0048 

VBFH126_4mu_rapidity4l_genbin6_recobin3 acc 0.0444 eff 0.0 outinratio 0.0081 

WminusH126_4mu_rapidity4l_genbin6_recobin3 acc 0.039 eff 0.0 outinratio 0.0107 

WplusH126_4mu_rapidity4l_genbin6_recobin3 acc 0.0336 eff 0.0 outinratio 0.0089 

ZH126_4mu_rapidity4l_genbin6_recobin3 acc 0.0373 eff 0.0 outinratio 0.0474 

ttH126_4mu_rapidity4l_genbin6_recobin3 acc 0.0435 eff 0.0 outinratio 0.0 

ggH126_4mu_rapidity4l_genbin7_recobin3 acc 0.0511 eff 0.0 outinratio 0.0048 

VBFH126_4mu_rapidity4l_genbin7_recobin3 acc 0.0598 eff 0.0 outinratio 0.0081 

WminusH126_4mu_rapidity4l_genbin7_recobin3 acc 0.0514 eff 0.0 outinratio 0.0107 

WplusH126_4mu_rapidity4l_genbin7_recobin3 acc 0.0426 eff 0.0 outinratio 0.0089 

ZH126_4mu_rapidity4l_genbin7_recobin3 acc 0.0442 eff 0.0 outinratio 0.0474 

ttH126_4mu_rapidity4l_genbin7_recobin3 acc 0.0526 eff 0.0 outinratio 0.0 

ggH126_4mu_rapidity4l_genbin8_recobin3 acc 0.0431 eff 0.0 outinratio 0.0048 

VBFH126_4mu_rapidity4l_genbin8_recobin3 acc 0.0539 eff 0.0 outinratio 0.0081 

WminusH126_4mu_rapidity4l_genbin8_recobin3 acc 0.0438 eff 0.0 outinratio 0.0107 

WplusH126_4mu_rapidity4l_genbin8_recobin3 acc 0.0396 eff 0.0 outinratio 0.0089 

ZH126_4mu_rapidity4l_genbin8_recobin3 acc 0.041 eff 0.0 outinratio 0.0474 

ttH126_4mu_rapidity4l_genbin8_recobin3 acc 0.0343 eff 0.0 outinratio 0.0 

ggH126_4mu_rapidity4l_genbin9_recobin3 acc 0.0804 eff 0.0 outinratio 0.0048 

VBFH126_4mu_rapidity4l_genbin9_recobin3 acc 0.0989 eff 0.0 outinratio 0.0081 

WminusH126_4mu_rapidity4l_genbin9_recobin3 acc 0.0899 eff 0.0 outinratio 0.0107 

WplusH126_4mu_rapidity4l_genbin9_recobin3 acc 0.0932 eff 0.0 outinratio 0.0089 

ZH126_4mu_rapidity4l_genbin9_recobin3 acc 0.094 eff 0.0 outinratio 0.0474 

ttH126_4mu_rapidity4l_genbin9_recobin3 acc 0.0503 eff 0.0 outinratio 0.0 

ggH126_4mu_rapidity4l_genbin0_recobin4 acc 0.0437 eff 0.0 outinratio 0.0086 

VBFH126_4mu_rapidity4l_genbin0_recobin4 acc 0.0463 eff 0.0 outinratio 0.0125 

WminusH126_4mu_rapidity4l_genbin0_recobin4 acc 0.0349 eff 0.0 outinratio 0.0067 

WplusH126_4mu_rapidity4l_genbin0_recobin4 acc 0.0283 eff 0.0 outinratio 0.0138 

ZH126_4mu_rapidity4l_genbin0_recobin4 acc 0.0316 eff 0.0 outinratio 0.0744 

ttH126_4mu_rapidity4l_genbin0_recobin4 acc 0.0664 eff 0.0 outinratio 0.0 

ggH126_4mu_rapidity4l_genbin1_recobin4 acc 0.0417 eff 0.0 outinratio 0.0086 

VBFH126_4mu_rapidity4l_genbin1_recobin4 acc 0.0411 eff 0.0 outinratio 0.0125 

WminusH126_4mu_rapidity4l_genbin1_recobin4 acc 0.0342 eff 0.0 outinratio 0.0067 

WplusH126_4mu_rapidity4l_genbin1_recobin4 acc 0.0285 eff 0.0 outinratio 0.0138 

ZH126_4mu_rapidity4l_genbin1_recobin4 acc 0.0294 eff 0.0 outinratio 0.0744 

ttH126_4mu_rapidity4l_genbin1_recobin4 acc 0.0412 eff 0.0 outinratio 0.0 

ggH126_4mu_rapidity4l_genbin2_recobin4 acc 0.0408 eff 0.0 outinratio 0.0086 

VBFH126_4mu_rapidity4l_genbin2_recobin4 acc 0.0449 eff 0.0 outinratio 0.0125 

WminusH126_4mu_rapidity4l_genbin2_recobin4 acc 0.0369 eff 0.0 outinratio 0.0067 

WplusH126_4mu_rapidity4l_genbin2_recobin4 acc 0.0287 eff 0.0 outinratio 0.0138 

ZH126_4mu_rapidity4l_genbin2_recobin4 acc 0.0329 eff 0.0 outinratio 0.0744 

ttH126_4mu_rapidity4l_genbin2_recobin4 acc 0.0435 eff 0.0 outinratio 0.0 

ggH126_4mu_rapidity4l_genbin3_recobin4 acc 0.0468 eff 0.0044 outinratio 0.0086 

VBFH126_4mu_rapidity4l_genbin3_recobin4 acc 0.0466 eff 0.003 outinratio 0.0125 

WminusH126_4mu_rapidity4l_genbin3_recobin4 acc 0.0404 eff 0.0081 outinratio 0.0067 

WplusH126_4mu_rapidity4l_genbin3_recobin4 acc 0.0336 eff 0.0037 outinratio 0.0138 

ZH126_4mu_rapidity4l_genbin3_recobin4 acc 0.0366 eff 0.0169 outinratio 0.0744 

ttH126_4mu_rapidity4l_genbin3_recobin4 acc 0.0572 eff 0.0 outinratio 0.0 

ggH126_4mu_rapidity4l_genbin4_recobin4 acc 0.034 eff 0.6573 outinratio 0.0086 

VBFH126_4mu_rapidity4l_genbin4_recobin4 acc 0.0313 eff 0.696 outinratio 0.0125 

WminusH126_4mu_rapidity4l_genbin4_recobin4 acc 0.0279 eff 0.6393 outinratio 0.0067 

WplusH126_4mu_rapidity4l_genbin4_recobin4 acc 0.0239 eff 0.6333 outinratio 0.0138 

ZH126_4mu_rapidity4l_genbin4_recobin4 acc 0.0243 eff 0.6589 outinratio 0.0744 

ttH126_4mu_rapidity4l_genbin4_recobin4 acc 0.0549 eff 0.4754 outinratio 0.0 

ggH126_4mu_rapidity4l_genbin5_recobin4 acc 0.0476 eff 0.0085 outinratio 0.0086 

VBFH126_4mu_rapidity4l_genbin5_recobin4 acc 0.0507 eff 0.0258 outinratio 0.0125 

WminusH126_4mu_rapidity4l_genbin5_recobin4 acc 0.0404 eff 0.0116 outinratio 0.0067 

WplusH126_4mu_rapidity4l_genbin5_recobin4 acc 0.0353 eff 0.0096 outinratio 0.0138 

ZH126_4mu_rapidity4l_genbin5_recobin4 acc 0.0389 eff 0.0067 outinratio 0.0744 

ttH126_4mu_rapidity4l_genbin5_recobin4 acc 0.0595 eff 0.0 outinratio 0.0 

ggH126_4mu_rapidity4l_genbin6_recobin4 acc 0.0455 eff 0.0 outinratio 0.0086 

VBFH126_4mu_rapidity4l_genbin6_recobin4 acc 0.0444 eff 0.0 outinratio 0.0125 

WminusH126_4mu_rapidity4l_genbin6_recobin4 acc 0.039 eff 0.0 outinratio 0.0067 

WplusH126_4mu_rapidity4l_genbin6_recobin4 acc 0.0336 eff 0.0 outinratio 0.0138 

ZH126_4mu_rapidity4l_genbin6_recobin4 acc 0.0373 eff 0.0 outinratio 0.0744 

ttH126_4mu_rapidity4l_genbin6_recobin4 acc 0.0435 eff 0.0 outinratio 0.0 

ggH126_4mu_rapidity4l_genbin7_recobin4 acc 0.0511 eff 0.0 outinratio 0.0086 

VBFH126_4mu_rapidity4l_genbin7_recobin4 acc 0.0598 eff 0.0 outinratio 0.0125 

WminusH126_4mu_rapidity4l_genbin7_recobin4 acc 0.0514 eff 0.0 outinratio 0.0067 

WplusH126_4mu_rapidity4l_genbin7_recobin4 acc 0.0426 eff 0.0 outinratio 0.0138 

ZH126_4mu_rapidity4l_genbin7_recobin4 acc 0.0442 eff 0.0 outinratio 0.0744 

ttH126_4mu_rapidity4l_genbin7_recobin4 acc 0.0526 eff 0.0 outinratio 0.0 

ggH126_4mu_rapidity4l_genbin8_recobin4 acc 0.0431 eff 0.0 outinratio 0.0086 

VBFH126_4mu_rapidity4l_genbin8_recobin4 acc 0.0539 eff 0.0 outinratio 0.0125 

WminusH126_4mu_rapidity4l_genbin8_recobin4 acc 0.0438 eff 0.0 outinratio 0.0067 

WplusH126_4mu_rapidity4l_genbin8_recobin4 acc 0.0396 eff 0.0 outinratio 0.0138 

ZH126_4mu_rapidity4l_genbin8_recobin4 acc 0.041 eff 0.0 outinratio 0.0744 

ttH126_4mu_rapidity4l_genbin8_recobin4 acc 0.0343 eff 0.0 outinratio 0.0 

ggH126_4mu_rapidity4l_genbin9_recobin4 acc 0.0804 eff 0.0 outinratio 0.0086 

VBFH126_4mu_rapidity4l_genbin9_recobin4 acc 0.0989 eff 0.0 outinratio 0.0125 

WminusH126_4mu_rapidity4l_genbin9_recobin4 acc 0.0899 eff 0.0 outinratio 0.0067 

WplusH126_4mu_rapidity4l_genbin9_recobin4 acc 0.0932 eff 0.0 outinratio 0.0138 

ZH126_4mu_rapidity4l_genbin9_recobin4 acc 0.094 eff 0.0 outinratio 0.0744 

ttH126_4mu_rapidity4l_genbin9_recobin4 acc 0.0503 eff 0.0 outinratio 0.0 

ggH126_4mu_rapidity4l_genbin0_recobin5 acc 0.0437 eff 0.0 outinratio 0.0077 

VBFH126_4mu_rapidity4l_genbin0_recobin5 acc 0.0463 eff 0.0 outinratio 0.0 

WminusH126_4mu_rapidity4l_genbin0_recobin5 acc 0.0349 eff 0.0 outinratio 0.008 

WplusH126_4mu_rapidity4l_genbin0_recobin5 acc 0.0283 eff 0.0 outinratio 0.014 

ZH126_4mu_rapidity4l_genbin0_recobin5 acc 0.0316 eff 0.0 outinratio 0.0566 

ttH126_4mu_rapidity4l_genbin0_recobin5 acc 0.0664 eff 0.0 outinratio 0.0 

ggH126_4mu_rapidity4l_genbin1_recobin5 acc 0.0417 eff 0.0 outinratio 0.0077 

VBFH126_4mu_rapidity4l_genbin1_recobin5 acc 0.0411 eff 0.0 outinratio 0.0 

WminusH126_4mu_rapidity4l_genbin1_recobin5 acc 0.0342 eff 0.0 outinratio 0.008 

WplusH126_4mu_rapidity4l_genbin1_recobin5 acc 0.0285 eff 0.0 outinratio 0.014 

ZH126_4mu_rapidity4l_genbin1_recobin5 acc 0.0294 eff 0.0 outinratio 0.0566 

ttH126_4mu_rapidity4l_genbin1_recobin5 acc 0.0412 eff 0.0 outinratio 0.0 

ggH126_4mu_rapidity4l_genbin2_recobin5 acc 0.0408 eff 0.0 outinratio 0.0077 

VBFH126_4mu_rapidity4l_genbin2_recobin5 acc 0.0449 eff 0.0 outinratio 0.0 

WminusH126_4mu_rapidity4l_genbin2_recobin5 acc 0.0369 eff 0.0 outinratio 0.008 

WplusH126_4mu_rapidity4l_genbin2_recobin5 acc 0.0287 eff 0.0 outinratio 0.014 

ZH126_4mu_rapidity4l_genbin2_recobin5 acc 0.0329 eff 0.0 outinratio 0.0566 

ttH126_4mu_rapidity4l_genbin2_recobin5 acc 0.0435 eff 0.0 outinratio 0.0 

ggH126_4mu_rapidity4l_genbin3_recobin5 acc 0.0468 eff 0.0 outinratio 0.0077 

VBFH126_4mu_rapidity4l_genbin3_recobin5 acc 0.0466 eff 0.0 outinratio 0.0 

WminusH126_4mu_rapidity4l_genbin3_recobin5 acc 0.0404 eff 0.0 outinratio 0.008 

WplusH126_4mu_rapidity4l_genbin3_recobin5 acc 0.0336 eff 0.0 outinratio 0.014 

ZH126_4mu_rapidity4l_genbin3_recobin5 acc 0.0366 eff 0.0 outinratio 0.0566 

ttH126_4mu_rapidity4l_genbin3_recobin5 acc 0.0572 eff 0.0 outinratio 0.0 

ggH126_4mu_rapidity4l_genbin4_recobin5 acc 0.034 eff 0.0096 outinratio 0.0077 

VBFH126_4mu_rapidity4l_genbin4_recobin5 acc 0.0313 eff 0.012 outinratio 0.0 

WminusH126_4mu_rapidity4l_genbin4_recobin5 acc 0.0279 eff 0.0114 outinratio 0.008 

WplusH126_4mu_rapidity4l_genbin4_recobin5 acc 0.0239 eff 0.0135 outinratio 0.014 

ZH126_4mu_rapidity4l_genbin4_recobin5 acc 0.0243 eff 0.0159 outinratio 0.0566 

ttH126_4mu_rapidity4l_genbin4_recobin5 acc 0.0549 eff 0.0 outinratio 0.0 

ggH126_4mu_rapidity4l_genbin5_recobin5 acc 0.0476 eff 0.6557 outinratio 0.0077 

VBFH126_4mu_rapidity4l_genbin5_recobin5 acc 0.0507 eff 0.7136 outinratio 0.0 

WminusH126_4mu_rapidity4l_genbin5_recobin5 acc 0.0404 eff 0.6255 outinratio 0.008 

WplusH126_4mu_rapidity4l_genbin5_recobin5 acc 0.0353 eff 0.6694 outinratio 0.014 

ZH126_4mu_rapidity4l_genbin5_recobin5 acc 0.0389 eff 0.6485 outinratio 0.0566 

ttH126_4mu_rapidity4l_genbin5_recobin5 acc 0.0595 eff 0.3837 outinratio 0.0 

ggH126_4mu_rapidity4l_genbin6_recobin5 acc 0.0455 eff 0.017 outinratio 0.0077 

VBFH126_4mu_rapidity4l_genbin6_recobin5 acc 0.0444 eff 0.006 outinratio 0.0 

WminusH126_4mu_rapidity4l_genbin6_recobin5 acc 0.039 eff 0.0128 outinratio 0.008 

WplusH126_4mu_rapidity4l_genbin6_recobin5 acc 0.0336 eff 0.0082 outinratio 0.014 

ZH126_4mu_rapidity4l_genbin6_recobin5 acc 0.0373 eff 0.0173 outinratio 0.0566 

ttH126_4mu_rapidity4l_genbin6_recobin5 acc 0.0435 eff 0.0 outinratio 0.0 

ggH126_4mu_rapidity4l_genbin7_recobin5 acc 0.0511 eff 0.0 outinratio 0.0077 

VBFH126_4mu_rapidity4l_genbin7_recobin5 acc 0.0598 eff 0.0 outinratio 0.0 

WminusH126_4mu_rapidity4l_genbin7_recobin5 acc 0.0514 eff 0.0 outinratio 0.008 

WplusH126_4mu_rapidity4l_genbin7_recobin5 acc 0.0426 eff 0.0 outinratio 0.014 

ZH126_4mu_rapidity4l_genbin7_recobin5 acc 0.0442 eff 0.0 outinratio 0.0566 

ttH126_4mu_rapidity4l_genbin7_recobin5 acc 0.0526 eff 0.0 outinratio 0.0 

ggH126_4mu_rapidity4l_genbin8_recobin5 acc 0.0431 eff 0.0 outinratio 0.0077 

VBFH126_4mu_rapidity4l_genbin8_recobin5 acc 0.0539 eff 0.0 outinratio 0.0 

WminusH126_4mu_rapidity4l_genbin8_recobin5 acc 0.0438 eff 0.0 outinratio 0.008 

WplusH126_4mu_rapidity4l_genbin8_recobin5 acc 0.0396 eff 0.0 outinratio 0.014 

ZH126_4mu_rapidity4l_genbin8_recobin5 acc 0.041 eff 0.0 outinratio 0.0566 

ttH126_4mu_rapidity4l_genbin8_recobin5 acc 0.0343 eff 0.0 outinratio 0.0 

ggH126_4mu_rapidity4l_genbin9_recobin5 acc 0.0804 eff 0.0 outinratio 0.0077 

VBFH126_4mu_rapidity4l_genbin9_recobin5 acc 0.0989 eff 0.0 outinratio 0.0 

WminusH126_4mu_rapidity4l_genbin9_recobin5 acc 0.0899 eff 0.0 outinratio 0.008 

WplusH126_4mu_rapidity4l_genbin9_recobin5 acc 0.0932 eff 0.0 outinratio 0.014 

ZH126_4mu_rapidity4l_genbin9_recobin5 acc 0.094 eff 0.0 outinratio 0.0566 

ttH126_4mu_rapidity4l_genbin9_recobin5 acc 0.0503 eff 0.0 outinratio 0.0 

ggH126_4mu_rapidity4l_genbin0_recobin6 acc 0.0437 eff 0.0 outinratio 0.0039 

VBFH126_4mu_rapidity4l_genbin0_recobin6 acc 0.0463 eff 0.0 outinratio 0.0081 

WminusH126_4mu_rapidity4l_genbin0_recobin6 acc 0.0349 eff 0.0 outinratio 0.0083 

WplusH126_4mu_rapidity4l_genbin0_recobin6 acc 0.0283 eff 0.0 outinratio 0.0057 

ZH126_4mu_rapidity4l_genbin0_recobin6 acc 0.0316 eff 0.0 outinratio 0.0466 

ttH126_4mu_rapidity4l_genbin0_recobin6 acc 0.0664 eff 0.0 outinratio 0.1013 

ggH126_4mu_rapidity4l_genbin1_recobin6 acc 0.0417 eff 0.0 outinratio 0.0039 

VBFH126_4mu_rapidity4l_genbin1_recobin6 acc 0.0411 eff 0.0 outinratio 0.0081 

WminusH126_4mu_rapidity4l_genbin1_recobin6 acc 0.0342 eff 0.0 outinratio 0.0083 

WplusH126_4mu_rapidity4l_genbin1_recobin6 acc 0.0285 eff 0.0 outinratio 0.0057 

ZH126_4mu_rapidity4l_genbin1_recobin6 acc 0.0294 eff 0.0 outinratio 0.0466 

ttH126_4mu_rapidity4l_genbin1_recobin6 acc 0.0412 eff 0.0 outinratio 0.1013 

ggH126_4mu_rapidity4l_genbin2_recobin6 acc 0.0408 eff 0.0 outinratio 0.0039 

VBFH126_4mu_rapidity4l_genbin2_recobin6 acc 0.0449 eff 0.0 outinratio 0.0081 

WminusH126_4mu_rapidity4l_genbin2_recobin6 acc 0.0369 eff 0.0 outinratio 0.0083 

WplusH126_4mu_rapidity4l_genbin2_recobin6 acc 0.0287 eff 0.0 outinratio 0.0057 

ZH126_4mu_rapidity4l_genbin2_recobin6 acc 0.0329 eff 0.0 outinratio 0.0466 

ttH126_4mu_rapidity4l_genbin2_recobin6 acc 0.0435 eff 0.0 outinratio 0.1013 

ggH126_4mu_rapidity4l_genbin3_recobin6 acc 0.0468 eff 0.0 outinratio 0.0039 

VBFH126_4mu_rapidity4l_genbin3_recobin6 acc 0.0466 eff 0.0 outinratio 0.0081 

WminusH126_4mu_rapidity4l_genbin3_recobin6 acc 0.0404 eff 0.0 outinratio 0.0083 

WplusH126_4mu_rapidity4l_genbin3_recobin6 acc 0.0336 eff 0.0 outinratio 0.0057 

ZH126_4mu_rapidity4l_genbin3_recobin6 acc 0.0366 eff 0.0 outinratio 0.0466 

ttH126_4mu_rapidity4l_genbin3_recobin6 acc 0.0572 eff 0.0 outinratio 0.1013 

ggH126_4mu_rapidity4l_genbin4_recobin6 acc 0.034 eff 0.0 outinratio 0.0039 

VBFH126_4mu_rapidity4l_genbin4_recobin6 acc 0.0313 eff 0.0 outinratio 0.0081 

WminusH126_4mu_rapidity4l_genbin4_recobin6 acc 0.0279 eff 0.0 outinratio 0.0083 

WplusH126_4mu_rapidity4l_genbin4_recobin6 acc 0.0239 eff 0.0 outinratio 0.0057 

ZH126_4mu_rapidity4l_genbin4_recobin6 acc 0.0243 eff 0.0 outinratio 0.0466 

ttH126_4mu_rapidity4l_genbin4_recobin6 acc 0.0549 eff 0.0 outinratio 0.1013 

ggH126_4mu_rapidity4l_genbin5_recobin6 acc 0.0476 eff 0.009 outinratio 0.0039 

VBFH126_4mu_rapidity4l_genbin5_recobin6 acc 0.0507 eff 0.0042 outinratio 0.0081 

WminusH126_4mu_rapidity4l_genbin5_recobin6 acc 0.0404 eff 0.006 outinratio 0.0083 

WplusH126_4mu_rapidity4l_genbin5_recobin6 acc 0.0353 eff 0.0112 outinratio 0.0057 

ZH126_4mu_rapidity4l_genbin5_recobin6 acc 0.0389 eff 0.0087 outinratio 0.0466 

ttH126_4mu_rapidity4l_genbin5_recobin6 acc 0.0595 eff 0.0 outinratio 0.1013 

ggH126_4mu_rapidity4l_genbin6_recobin6 acc 0.0455 eff 0.6825 outinratio 0.0039 

VBFH126_4mu_rapidity4l_genbin6_recobin6 acc 0.0444 eff 0.7183 outinratio 0.0081 

WminusH126_4mu_rapidity4l_genbin6_recobin6 acc 0.039 eff 0.6098 outinratio 0.0083 

WplusH126_4mu_rapidity4l_genbin6_recobin6 acc 0.0336 eff 0.6181 outinratio 0.0057 

ZH126_4mu_rapidity4l_genbin6_recobin6 acc 0.0373 eff 0.6411 outinratio 0.0466 

ttH126_4mu_rapidity4l_genbin6_recobin6 acc 0.0435 eff 0.3332 outinratio 0.1013 

ggH126_4mu_rapidity4l_genbin7_recobin6 acc 0.0511 eff 0.0107 outinratio 0.0039 

VBFH126_4mu_rapidity4l_genbin7_recobin6 acc 0.0598 eff 0.0075 outinratio 0.0081 

WminusH126_4mu_rapidity4l_genbin7_recobin6 acc 0.0514 eff 0.0068 outinratio 0.0083 

WplusH126_4mu_rapidity4l_genbin7_recobin6 acc 0.0426 eff 0.0084 outinratio 0.0057 

ZH126_4mu_rapidity4l_genbin7_recobin6 acc 0.0442 eff 0.0097 outinratio 0.0466 

ttH126_4mu_rapidity4l_genbin7_recobin6 acc 0.0526 eff 0.0 outinratio 0.1013 

ggH126_4mu_rapidity4l_genbin8_recobin6 acc 0.0431 eff 0.0 outinratio 0.0039 

VBFH126_4mu_rapidity4l_genbin8_recobin6 acc 0.0539 eff 0.0 outinratio 0.0081 

WminusH126_4mu_rapidity4l_genbin8_recobin6 acc 0.0438 eff 0.0 outinratio 0.0083 

WplusH126_4mu_rapidity4l_genbin8_recobin6 acc 0.0396 eff 0.0 outinratio 0.0057 

ZH126_4mu_rapidity4l_genbin8_recobin6 acc 0.041 eff 0.0 outinratio 0.0466 

ttH126_4mu_rapidity4l_genbin8_recobin6 acc 0.0343 eff 0.0 outinratio 0.1013 

ggH126_4mu_rapidity4l_genbin9_recobin6 acc 0.0804 eff 0.0 outinratio 0.0039 

VBFH126_4mu_rapidity4l_genbin9_recobin6 acc 0.0989 eff 0.0 outinratio 0.0081 

WminusH126_4mu_rapidity4l_genbin9_recobin6 acc 0.0899 eff 0.0 outinratio 0.0083 

WplusH126_4mu_rapidity4l_genbin9_recobin6 acc 0.0932 eff 0.0 outinratio 0.0057 

ZH126_4mu_rapidity4l_genbin9_recobin6 acc 0.094 eff 0.0 outinratio 0.0466 

ttH126_4mu_rapidity4l_genbin9_recobin6 acc 0.0503 eff 0.0 outinratio 0.1013 

ggH126_4mu_rapidity4l_genbin0_recobin7 acc 0.0437 eff 0.0 outinratio 0.0022 

VBFH126_4mu_rapidity4l_genbin0_recobin7 acc 0.0463 eff 0.0 outinratio 0.0062 

WminusH126_4mu_rapidity4l_genbin0_recobin7 acc 0.0349 eff 0.0 outinratio 0.0254 

WplusH126_4mu_rapidity4l_genbin0_recobin7 acc 0.0283 eff 0.0 outinratio 0.0136 

ZH126_4mu_rapidity4l_genbin0_recobin7 acc 0.0316 eff 0.0 outinratio 0.0552 

ttH126_4mu_rapidity4l_genbin0_recobin7 acc 0.0664 eff 0.0 outinratio 0.0 

ggH126_4mu_rapidity4l_genbin1_recobin7 acc 0.0417 eff 0.0 outinratio 0.0022 

VBFH126_4mu_rapidity4l_genbin1_recobin7 acc 0.0411 eff 0.0 outinratio 0.0062 

WminusH126_4mu_rapidity4l_genbin1_recobin7 acc 0.0342 eff 0.0 outinratio 0.0254 

WplusH126_4mu_rapidity4l_genbin1_recobin7 acc 0.0285 eff 0.0 outinratio 0.0136 

ZH126_4mu_rapidity4l_genbin1_recobin7 acc 0.0294 eff 0.0 outinratio 0.0552 

ttH126_4mu_rapidity4l_genbin1_recobin7 acc 0.0412 eff 0.0 outinratio 0.0 

ggH126_4mu_rapidity4l_genbin2_recobin7 acc 0.0408 eff 0.0 outinratio 0.0022 

VBFH126_4mu_rapidity4l_genbin2_recobin7 acc 0.0449 eff 0.0 outinratio 0.0062 

WminusH126_4mu_rapidity4l_genbin2_recobin7 acc 0.0369 eff 0.0 outinratio 0.0254 

WplusH126_4mu_rapidity4l_genbin2_recobin7 acc 0.0287 eff 0.0 outinratio 0.0136 

ZH126_4mu_rapidity4l_genbin2_recobin7 acc 0.0329 eff 0.0 outinratio 0.0552 

ttH126_4mu_rapidity4l_genbin2_recobin7 acc 0.0435 eff 0.0 outinratio 0.0 

ggH126_4mu_rapidity4l_genbin3_recobin7 acc 0.0468 eff 0.0 outinratio 0.0022 

VBFH126_4mu_rapidity4l_genbin3_recobin7 acc 0.0466 eff 0.0 outinratio 0.0062 

WminusH126_4mu_rapidity4l_genbin3_recobin7 acc 0.0404 eff 0.0 outinratio 0.0254 

WplusH126_4mu_rapidity4l_genbin3_recobin7 acc 0.0336 eff 0.0 outinratio 0.0136 

ZH126_4mu_rapidity4l_genbin3_recobin7 acc 0.0366 eff 0.0 outinratio 0.0552 

ttH126_4mu_rapidity4l_genbin3_recobin7 acc 0.0572 eff 0.0 outinratio 0.0 

ggH126_4mu_rapidity4l_genbin4_recobin7 acc 0.034 eff 0.0 outinratio 0.0022 

VBFH126_4mu_rapidity4l_genbin4_recobin7 acc 0.0313 eff 0.0 outinratio 0.0062 

WminusH126_4mu_rapidity4l_genbin4_recobin7 acc 0.0279 eff 0.0 outinratio 0.0254 

WplusH126_4mu_rapidity4l_genbin4_recobin7 acc 0.0239 eff 0.0 outinratio 0.0136 

ZH126_4mu_rapidity4l_genbin4_recobin7 acc 0.0243 eff 0.0 outinratio 0.0552 

ttH126_4mu_rapidity4l_genbin4_recobin7 acc 0.0549 eff 0.0 outinratio 0.0 

ggH126_4mu_rapidity4l_genbin5_recobin7 acc 0.0476 eff 0.0 outinratio 0.0022 

VBFH126_4mu_rapidity4l_genbin5_recobin7 acc 0.0507 eff 0.0 outinratio 0.0062 

WminusH126_4mu_rapidity4l_genbin5_recobin7 acc 0.0404 eff 0.0 outinratio 0.0254 

WplusH126_4mu_rapidity4l_genbin5_recobin7 acc 0.0353 eff 0.0 outinratio 0.0136 

ZH126_4mu_rapidity4l_genbin5_recobin7 acc 0.0389 eff 0.0 outinratio 0.0552 

ttH126_4mu_rapidity4l_genbin5_recobin7 acc 0.0595 eff 0.0 outinratio 0.0 

ggH126_4mu_rapidity4l_genbin6_recobin7 acc 0.0455 eff 0.0131 outinratio 0.0022 

VBFH126_4mu_rapidity4l_genbin6_recobin7 acc 0.0444 eff 0.0105 outinratio 0.0062 

WminusH126_4mu_rapidity4l_genbin6_recobin7 acc 0.039 eff 0.0107 outinratio 0.0254 

WplusH126_4mu_rapidity4l_genbin6_recobin7 acc 0.0336 eff 0.0098 outinratio 0.0136 

ZH126_4mu_rapidity4l_genbin6_recobin7 acc 0.0373 eff 0.0128 outinratio 0.0552 

ttH126_4mu_rapidity4l_genbin6_recobin7 acc 0.0435 eff 0.0 outinratio 0.0 

ggH126_4mu_rapidity4l_genbin7_recobin7 acc 0.0511 eff 0.6503 outinratio 0.0022 

VBFH126_4mu_rapidity4l_genbin7_recobin7 acc 0.0598 eff 0.6193 outinratio 0.0062 

WminusH126_4mu_rapidity4l_genbin7_recobin7 acc 0.0514 eff 0.6056 outinratio 0.0254 

WplusH126_4mu_rapidity4l_genbin7_recobin7 acc 0.0426 eff 0.652 outinratio 0.0136 

ZH126_4mu_rapidity4l_genbin7_recobin7 acc 0.0442 eff 0.6615 outinratio 0.0552 

ttH126_4mu_rapidity4l_genbin7_recobin7 acc 0.0526 eff 0.1851 outinratio 0.0 

ggH126_4mu_rapidity4l_genbin8_recobin7 acc 0.0431 eff 0.0113 outinratio 0.0022 

VBFH126_4mu_rapidity4l_genbin8_recobin7 acc 0.0539 eff 0.0056 outinratio 0.0062 

WminusH126_4mu_rapidity4l_genbin8_recobin7 acc 0.0438 eff 0.0091 outinratio 0.0254 

WplusH126_4mu_rapidity4l_genbin8_recobin7 acc 0.0396 eff 0.0074 outinratio 0.0136 

ZH126_4mu_rapidity4l_genbin8_recobin7 acc 0.041 eff 0.0068 outinratio 0.0552 

ttH126_4mu_rapidity4l_genbin8_recobin7 acc 0.0343 eff 0.0 outinratio 0.0 

ggH126_4mu_rapidity4l_genbin9_recobin7 acc 0.0804 eff 0.0 outinratio 0.0022 

VBFH126_4mu_rapidity4l_genbin9_recobin7 acc 0.0989 eff 0.0 outinratio 0.0062 

WminusH126_4mu_rapidity4l_genbin9_recobin7 acc 0.0899 eff 0.0 outinratio 0.0254 

WplusH126_4mu_rapidity4l_genbin9_recobin7 acc 0.0932 eff 0.0 outinratio 0.0136 

ZH126_4mu_rapidity4l_genbin9_recobin7 acc 0.094 eff 0.0 outinratio 0.0552 

ttH126_4mu_rapidity4l_genbin9_recobin7 acc 0.0503 eff 0.0 outinratio 0.0 

ggH126_4mu_rapidity4l_genbin0_recobin8 acc 0.0437 eff 0.0 outinratio 0.0083 

VBFH126_4mu_rapidity4l_genbin0_recobin8 acc 0.0463 eff 0.0 outinratio 0.0163 

WminusH126_4mu_rapidity4l_genbin0_recobin8 acc 0.0349 eff 0.0 outinratio 0.0177 

WplusH126_4mu_rapidity4l_genbin0_recobin8 acc 0.0283 eff 0.0 outinratio 0.0153 

ZH126_4mu_rapidity4l_genbin0_recobin8 acc 0.0316 eff 0.0 outinratio 0.0666 

ttH126_4mu_rapidity4l_genbin0_recobin8 acc 0.0664 eff 0.0 outinratio 0.0 

ggH126_4mu_rapidity4l_genbin1_recobin8 acc 0.0417 eff 0.0 outinratio 0.0083 

VBFH126_4mu_rapidity4l_genbin1_recobin8 acc 0.0411 eff 0.0 outinratio 0.0163 

WminusH126_4mu_rapidity4l_genbin1_recobin8 acc 0.0342 eff 0.0 outinratio 0.0177 

WplusH126_4mu_rapidity4l_genbin1_recobin8 acc 0.0285 eff 0.0 outinratio 0.0153 

ZH126_4mu_rapidity4l_genbin1_recobin8 acc 0.0294 eff 0.0 outinratio 0.0666 

ttH126_4mu_rapidity4l_genbin1_recobin8 acc 0.0412 eff 0.0 outinratio 0.0 

ggH126_4mu_rapidity4l_genbin2_recobin8 acc 0.0408 eff 0.0 outinratio 0.0083 

VBFH126_4mu_rapidity4l_genbin2_recobin8 acc 0.0449 eff 0.0 outinratio 0.0163 

WminusH126_4mu_rapidity4l_genbin2_recobin8 acc 0.0369 eff 0.0 outinratio 0.0177 

WplusH126_4mu_rapidity4l_genbin2_recobin8 acc 0.0287 eff 0.0 outinratio 0.0153 

ZH126_4mu_rapidity4l_genbin2_recobin8 acc 0.0329 eff 0.0 outinratio 0.0666 

ttH126_4mu_rapidity4l_genbin2_recobin8 acc 0.0435 eff 0.0 outinratio 0.0 

ggH126_4mu_rapidity4l_genbin3_recobin8 acc 0.0468 eff 0.0 outinratio 0.0083 

VBFH126_4mu_rapidity4l_genbin3_recobin8 acc 0.0466 eff 0.0 outinratio 0.0163 

WminusH126_4mu_rapidity4l_genbin3_recobin8 acc 0.0404 eff 0.0 outinratio 0.0177 

WplusH126_4mu_rapidity4l_genbin3_recobin8 acc 0.0336 eff 0.0 outinratio 0.0153 

ZH126_4mu_rapidity4l_genbin3_recobin8 acc 0.0366 eff 0.0 outinratio 0.0666 

ttH126_4mu_rapidity4l_genbin3_recobin8 acc 0.0572 eff 0.0 outinratio 0.0 

ggH126_4mu_rapidity4l_genbin4_recobin8 acc 0.034 eff 0.0 outinratio 0.0083 

VBFH126_4mu_rapidity4l_genbin4_recobin8 acc 0.0313 eff 0.0 outinratio 0.0163 

WminusH126_4mu_rapidity4l_genbin4_recobin8 acc 0.0279 eff 0.0 outinratio 0.0177 

WplusH126_4mu_rapidity4l_genbin4_recobin8 acc 0.0239 eff 0.0 outinratio 0.0153 

ZH126_4mu_rapidity4l_genbin4_recobin8 acc 0.0243 eff 0.0 outinratio 0.0666 

ttH126_4mu_rapidity4l_genbin4_recobin8 acc 0.0549 eff 0.0 outinratio 0.0 

ggH126_4mu_rapidity4l_genbin5_recobin8 acc 0.0476 eff 0.0 outinratio 0.0083 

VBFH126_4mu_rapidity4l_genbin5_recobin8 acc 0.0507 eff 0.0 outinratio 0.0163 

WminusH126_4mu_rapidity4l_genbin5_recobin8 acc 0.0404 eff 0.0 outinratio 0.0177 

WplusH126_4mu_rapidity4l_genbin5_recobin8 acc 0.0353 eff 0.0 outinratio 0.0153 

ZH126_4mu_rapidity4l_genbin5_recobin8 acc 0.0389 eff 0.0 outinratio 0.0666 

ttH126_4mu_rapidity4l_genbin5_recobin8 acc 0.0595 eff 0.0 outinratio 0.0 

ggH126_4mu_rapidity4l_genbin6_recobin8 acc 0.0455 eff 0.0 outinratio 0.0083 

VBFH126_4mu_rapidity4l_genbin6_recobin8 acc 0.0444 eff 0.0 outinratio 0.0163 

WminusH126_4mu_rapidity4l_genbin6_recobin8 acc 0.039 eff 0.0 outinratio 0.0177 

WplusH126_4mu_rapidity4l_genbin6_recobin8 acc 0.0336 eff 0.0 outinratio 0.0153 

ZH126_4mu_rapidity4l_genbin6_recobin8 acc 0.0373 eff 0.0 outinratio 0.0666 

ttH126_4mu_rapidity4l_genbin6_recobin8 acc 0.0435 eff 0.0 outinratio 0.0 

ggH126_4mu_rapidity4l_genbin7_recobin8 acc 0.0511 eff 0.0051 outinratio 0.0083 

VBFH126_4mu_rapidity4l_genbin7_recobin8 acc 0.0598 eff 0.0009 outinratio 0.0163 

WminusH126_4mu_rapidity4l_genbin7_recobin8 acc 0.0514 eff 0.0106 outinratio 0.0177 

WplusH126_4mu_rapidity4l_genbin7_recobin8 acc 0.0426 eff 0.0079 outinratio 0.0153 

ZH126_4mu_rapidity4l_genbin7_recobin8 acc 0.0442 eff 0.0063 outinratio 0.0666 

ttH126_4mu_rapidity4l_genbin7_recobin8 acc 0.0526 eff 0.0 outinratio 0.0 

ggH126_4mu_rapidity4l_genbin8_recobin8 acc 0.0431 eff 0.614 outinratio 0.0083 

VBFH126_4mu_rapidity4l_genbin8_recobin8 acc 0.0539 eff 0.6904 outinratio 0.0163 

WminusH126_4mu_rapidity4l_genbin8_recobin8 acc 0.0438 eff 0.6209 outinratio 0.0177 

WplusH126_4mu_rapidity4l_genbin8_recobin8 acc 0.0396 eff 0.6003 outinratio 0.0153 

ZH126_4mu_rapidity4l_genbin8_recobin8 acc 0.041 eff 0.5654 outinratio 0.0666 

ttH126_4mu_rapidity4l_genbin8_recobin8 acc 0.0343 eff 0.1511 outinratio 0.0 

ggH126_4mu_rapidity4l_genbin9_recobin8 acc 0.0804 eff 0.0031 outinratio 0.0083 

VBFH126_4mu_rapidity4l_genbin9_recobin8 acc 0.0989 eff 0.0042 outinratio 0.0163 

WminusH126_4mu_rapidity4l_genbin9_recobin8 acc 0.0899 eff 0.0032 outinratio 0.0177 

WplusH126_4mu_rapidity4l_genbin9_recobin8 acc 0.0932 eff 0.0015 outinratio 0.0153 

ZH126_4mu_rapidity4l_genbin9_recobin8 acc 0.094 eff 0.0042 outinratio 0.0666 

ttH126_4mu_rapidity4l_genbin9_recobin8 acc 0.0503 eff 0.0 outinratio 0.0 

ggH126_4mu_rapidity4l_genbin0_recobin9 acc 0.0437 eff 0.0 outinratio 0.0024 

VBFH126_4mu_rapidity4l_genbin0_recobin9 acc 0.0463 eff 0.0 outinratio 0.0021 

WminusH126_4mu_rapidity4l_genbin0_recobin9 acc 0.0349 eff 0.0 outinratio 0.014 

WplusH126_4mu_rapidity4l_genbin0_recobin9 acc 0.0283 eff 0.0 outinratio 0.0087 

ZH126_4mu_rapidity4l_genbin0_recobin9 acc 0.0316 eff 0.0 outinratio 0.0629 

ttH126_4mu_rapidity4l_genbin0_recobin9 acc 0.0664 eff 0.0 outinratio 0.0 

ggH126_4mu_rapidity4l_genbin1_recobin9 acc 0.0417 eff 0.0 outinratio 0.0024 

VBFH126_4mu_rapidity4l_genbin1_recobin9 acc 0.0411 eff 0.0 outinratio 0.0021 

WminusH126_4mu_rapidity4l_genbin1_recobin9 acc 0.0342 eff 0.0 outinratio 0.014 

WplusH126_4mu_rapidity4l_genbin1_recobin9 acc 0.0285 eff 0.0 outinratio 0.0087 

ZH126_4mu_rapidity4l_genbin1_recobin9 acc 0.0294 eff 0.0 outinratio 0.0629 

ttH126_4mu_rapidity4l_genbin1_recobin9 acc 0.0412 eff 0.0 outinratio 0.0 

ggH126_4mu_rapidity4l_genbin2_recobin9 acc 0.0408 eff 0.0 outinratio 0.0024 

VBFH126_4mu_rapidity4l_genbin2_recobin9 acc 0.0449 eff 0.0 outinratio 0.0021 

WminusH126_4mu_rapidity4l_genbin2_recobin9 acc 0.0369 eff 0.0 outinratio 0.014 

WplusH126_4mu_rapidity4l_genbin2_recobin9 acc 0.0287 eff 0.0 outinratio 0.0087 

ZH126_4mu_rapidity4l_genbin2_recobin9 acc 0.0329 eff 0.0 outinratio 0.0629 

ttH126_4mu_rapidity4l_genbin2_recobin9 acc 0.0435 eff 0.0 outinratio 0.0 

ggH126_4mu_rapidity4l_genbin3_recobin9 acc 0.0468 eff 0.0 outinratio 0.0024 

VBFH126_4mu_rapidity4l_genbin3_recobin9 acc 0.0466 eff 0.0 outinratio 0.0021 

WminusH126_4mu_rapidity4l_genbin3_recobin9 acc 0.0404 eff 0.0 outinratio 0.014 

WplusH126_4mu_rapidity4l_genbin3_recobin9 acc 0.0336 eff 0.0 outinratio 0.0087 

ZH126_4mu_rapidity4l_genbin3_recobin9 acc 0.0366 eff 0.0 outinratio 0.0629 

ttH126_4mu_rapidity4l_genbin3_recobin9 acc 0.0572 eff 0.0 outinratio 0.0 

ggH126_4mu_rapidity4l_genbin4_recobin9 acc 0.034 eff 0.0 outinratio 0.0024 

VBFH126_4mu_rapidity4l_genbin4_recobin9 acc 0.0313 eff 0.0 outinratio 0.0021 

WminusH126_4mu_rapidity4l_genbin4_recobin9 acc 0.0279 eff 0.0 outinratio 0.014 

WplusH126_4mu_rapidity4l_genbin4_recobin9 acc 0.0239 eff 0.0 outinratio 0.0087 

ZH126_4mu_rapidity4l_genbin4_recobin9 acc 0.0243 eff 0.0 outinratio 0.0629 

ttH126_4mu_rapidity4l_genbin4_recobin9 acc 0.0549 eff 0.0 outinratio 0.0 

ggH126_4mu_rapidity4l_genbin5_recobin9 acc 0.0476 eff 0.0 outinratio 0.0024 

VBFH126_4mu_rapidity4l_genbin5_recobin9 acc 0.0507 eff 0.0 outinratio 0.0021 

WminusH126_4mu_rapidity4l_genbin5_recobin9 acc 0.0404 eff 0.0 outinratio 0.014 

WplusH126_4mu_rapidity4l_genbin5_recobin9 acc 0.0353 eff 0.0 outinratio 0.0087 

ZH126_4mu_rapidity4l_genbin5_recobin9 acc 0.0389 eff 0.0 outinratio 0.0629 

ttH126_4mu_rapidity4l_genbin5_recobin9 acc 0.0595 eff 0.0 outinratio 0.0 

ggH126_4mu_rapidity4l_genbin6_recobin9 acc 0.0455 eff 0.0 outinratio 0.0024 

VBFH126_4mu_rapidity4l_genbin6_recobin9 acc 0.0444 eff 0.0 outinratio 0.0021 

WminusH126_4mu_rapidity4l_genbin6_recobin9 acc 0.039 eff 0.0 outinratio 0.014 

WplusH126_4mu_rapidity4l_genbin6_recobin9 acc 0.0336 eff 0.0 outinratio 0.0087 

ZH126_4mu_rapidity4l_genbin6_recobin9 acc 0.0373 eff 0.0 outinratio 0.0629 

ttH126_4mu_rapidity4l_genbin6_recobin9 acc 0.0435 eff 0.0 outinratio 0.0 

ggH126_4mu_rapidity4l_genbin7_recobin9 acc 0.0511 eff 0.0 outinratio 0.0024 

VBFH126_4mu_rapidity4l_genbin7_recobin9 acc 0.0598 eff 0.0 outinratio 0.0021 

WminusH126_4mu_rapidity4l_genbin7_recobin9 acc 0.0514 eff 0.0 outinratio 0.014 

WplusH126_4mu_rapidity4l_genbin7_recobin9 acc 0.0426 eff 0.0 outinratio 0.0087 

ZH126_4mu_rapidity4l_genbin7_recobin9 acc 0.0442 eff 0.0 outinratio 0.0629 

ttH126_4mu_rapidity4l_genbin7_recobin9 acc 0.0526 eff 0.0 outinratio 0.0 

ggH126_4mu_rapidity4l_genbin8_recobin9 acc 0.0431 eff 0.0085 outinratio 0.0024 

VBFH126_4mu_rapidity4l_genbin8_recobin9 acc 0.0539 eff 0.0019 outinratio 0.0021 

WminusH126_4mu_rapidity4l_genbin8_recobin9 acc 0.0438 eff 0.0063 outinratio 0.014 

WplusH126_4mu_rapidity4l_genbin8_recobin9 acc 0.0396 eff 0.0081 outinratio 0.0087 

ZH126_4mu_rapidity4l_genbin8_recobin9 acc 0.041 eff 0.0035 outinratio 0.0629 

ttH126_4mu_rapidity4l_genbin8_recobin9 acc 0.0343 eff 0.057 outinratio 0.0 

ggH126_4mu_rapidity4l_genbin9_recobin9 acc 0.0804 eff 0.6371 outinratio 0.0024 

VBFH126_4mu_rapidity4l_genbin9_recobin9 acc 0.0989 eff 0.6208 outinratio 0.0021 

WminusH126_4mu_rapidity4l_genbin9_recobin9 acc 0.0899 eff 0.5703 outinratio 0.014 

WplusH126_4mu_rapidity4l_genbin9_recobin9 acc 0.0932 eff 0.5583 outinratio 0.0087 

ZH126_4mu_rapidity4l_genbin9_recobin9 acc 0.094 eff 0.5597 outinratio 0.0629 

ttH126_4mu_rapidity4l_genbin9_recobin9 acc 0.0503 eff 0.4422 outinratio 0.0 

ggH126_2e2mu_rapidity4l_genbin0_recobin0 acc 0.0383 eff 0.4976 outinratio 0.0074 

VBFH126_2e2mu_rapidity4l_genbin0_recobin0 acc 0.0394 eff 0.5668 outinratio 0.0098 

WminusH126_2e2mu_rapidity4l_genbin0_recobin0 acc 0.0313 eff 0.5155 outinratio 0.0097 

WplusH126_2e2mu_rapidity4l_genbin0_recobin0 acc 0.0259 eff 0.4971 outinratio 0.0151 

ZH126_2e2mu_rapidity4l_genbin0_recobin0 acc 0.0314 eff 0.5091 outinratio 0.0616 

ttH126_2e2mu_rapidity4l_genbin0_recobin0 acc 0.0456 eff 0.3502 outinratio 0.0 

ggH126_2e2mu_rapidity4l_genbin1_recobin0 acc 0.0376 eff 0.015 outinratio 0.0074 

VBFH126_2e2mu_rapidity4l_genbin1_recobin0 acc 0.0429 eff 0.0087 outinratio 0.0098 

WminusH126_2e2mu_rapidity4l_genbin1_recobin0 acc 0.0308 eff 0.0174 outinratio 0.0097 

WplusH126_2e2mu_rapidity4l_genbin1_recobin0 acc 0.0265 eff 0.0159 outinratio 0.0151 

ZH126_2e2mu_rapidity4l_genbin1_recobin0 acc 0.0283 eff 0.0073 outinratio 0.0616 

ttH126_2e2mu_rapidity4l_genbin1_recobin0 acc 0.0493 eff 0.0 outinratio 0.0 

ggH126_2e2mu_rapidity4l_genbin2_recobin0 acc 0.0366 eff 0.0 outinratio 0.0074 

VBFH126_2e2mu_rapidity4l_genbin2_recobin0 acc 0.0404 eff 0.0 outinratio 0.0098 

WminusH126_2e2mu_rapidity4l_genbin2_recobin0 acc 0.0309 eff 0.0 outinratio 0.0097 

WplusH126_2e2mu_rapidity4l_genbin2_recobin0 acc 0.0255 eff 0.0 outinratio 0.0151 

ZH126_2e2mu_rapidity4l_genbin2_recobin0 acc 0.0285 eff 0.0 outinratio 0.0616 

ttH126_2e2mu_rapidity4l_genbin2_recobin0 acc 0.0505 eff 0.0 outinratio 0.0 

ggH126_2e2mu_rapidity4l_genbin3_recobin0 acc 0.0427 eff 0.0 outinratio 0.0074 

VBFH126_2e2mu_rapidity4l_genbin3_recobin0 acc 0.0419 eff 0.0 outinratio 0.0098 

WminusH126_2e2mu_rapidity4l_genbin3_recobin0 acc 0.0351 eff 0.0 outinratio 0.0097 

WplusH126_2e2mu_rapidity4l_genbin3_recobin0 acc 0.0294 eff 0.0 outinratio 0.0151 

ZH126_2e2mu_rapidity4l_genbin3_recobin0 acc 0.0362 eff 0.0 outinratio 0.0616 

ttH126_2e2mu_rapidity4l_genbin3_recobin0 acc 0.0406 eff 0.0 outinratio 0.0 

ggH126_2e2mu_rapidity4l_genbin4_recobin0 acc 0.0292 eff 0.0 outinratio 0.0074 

VBFH126_2e2mu_rapidity4l_genbin4_recobin0 acc 0.0306 eff 0.0 outinratio 0.0098 

WminusH126_2e2mu_rapidity4l_genbin4_recobin0 acc 0.0261 eff 0.0 outinratio 0.0097 

WplusH126_2e2mu_rapidity4l_genbin4_recobin0 acc 0.0215 eff 0.0 outinratio 0.0151 

ZH126_2e2mu_rapidity4l_genbin4_recobin0 acc 0.0241 eff 0.0 outinratio 0.0616 

ttH126_2e2mu_rapidity4l_genbin4_recobin0 acc 0.0357 eff 0.0 outinratio 0.0 

ggH126_2e2mu_rapidity4l_genbin5_recobin0 acc 0.0429 eff 0.0 outinratio 0.0074 

VBFH126_2e2mu_rapidity4l_genbin5_recobin0 acc 0.044 eff 0.0 outinratio 0.0098 

WminusH126_2e2mu_rapidity4l_genbin5_recobin0 acc 0.0378 eff 0.0 outinratio 0.0097 

WplusH126_2e2mu_rapidity4l_genbin5_recobin0 acc 0.0308 eff 0.0 outinratio 0.0151 

ZH126_2e2mu_rapidity4l_genbin5_recobin0 acc 0.0342 eff 0.0 outinratio 0.0616 

ttH126_2e2mu_rapidity4l_genbin5_recobin0 acc 0.048 eff 0.0 outinratio 0.0 

ggH126_2e2mu_rapidity4l_genbin6_recobin0 acc 0.0414 eff 0.0 outinratio 0.0074 

VBFH126_2e2mu_rapidity4l_genbin6_recobin0 acc 0.0412 eff 0.0 outinratio 0.0098 

WminusH126_2e2mu_rapidity4l_genbin6_recobin0 acc 0.0359 eff 0.0 outinratio 0.0097 

WplusH126_2e2mu_rapidity4l_genbin6_recobin0 acc 0.0313 eff 0.0 outinratio 0.0151 

ZH126_2e2mu_rapidity4l_genbin6_recobin0 acc 0.0323 eff 0.0 outinratio 0.0616 

ttH126_2e2mu_rapidity4l_genbin6_recobin0 acc 0.0554 eff 0.0 outinratio 0.0 

ggH126_2e2mu_rapidity4l_genbin7_recobin0 acc 0.0489 eff 0.0 outinratio 0.0074 

VBFH126_2e2mu_rapidity4l_genbin7_recobin0 acc 0.056 eff 0.0 outinratio 0.0098 

WminusH126_2e2mu_rapidity4l_genbin7_recobin0 acc 0.0453 eff 0.0 outinratio 0.0097 

WplusH126_2e2mu_rapidity4l_genbin7_recobin0 acc 0.0398 eff 0.0 outinratio 0.0151 

ZH126_2e2mu_rapidity4l_genbin7_recobin0 acc 0.0417 eff 0.0 outinratio 0.0616 

ttH126_2e2mu_rapidity4l_genbin7_recobin0 acc 0.0542 eff 0.0 outinratio 0.0 

ggH126_2e2mu_rapidity4l_genbin8_recobin0 acc 0.0439 eff 0.0 outinratio 0.0074 

VBFH126_2e2mu_rapidity4l_genbin8_recobin0 acc 0.0464 eff 0.0 outinratio 0.0098 

WminusH126_2e2mu_rapidity4l_genbin8_recobin0 acc 0.0387 eff 0.0 outinratio 0.0097 

WplusH126_2e2mu_rapidity4l_genbin8_recobin0 acc 0.0364 eff 0.0 outinratio 0.0151 

ZH126_2e2mu_rapidity4l_genbin8_recobin0 acc 0.038 eff 0.0 outinratio 0.0616 

ttH126_2e2mu_rapidity4l_genbin8_recobin0 acc 0.0394 eff 0.0 outinratio 0.0 

ggH126_2e2mu_rapidity4l_genbin9_recobin0 acc 0.0806 eff 0.0 outinratio 0.0074 

VBFH126_2e2mu_rapidity4l_genbin9_recobin0 acc 0.0925 eff 0.0 outinratio 0.0098 

WminusH126_2e2mu_rapidity4l_genbin9_recobin0 acc 0.0917 eff 0.0 outinratio 0.0097 

WplusH126_2e2mu_rapidity4l_genbin9_recobin0 acc 0.0938 eff 0.0 outinratio 0.0151 

ZH126_2e2mu_rapidity4l_genbin9_recobin0 acc 0.0915 eff 0.0 outinratio 0.0616 

ttH126_2e2mu_rapidity4l_genbin9_recobin0 acc 0.069 eff 0.0 outinratio 0.0 

ggH126_2e2mu_rapidity4l_genbin0_recobin1 acc 0.0383 eff 0.0123 outinratio 0.0055 

VBFH126_2e2mu_rapidity4l_genbin0_recobin1 acc 0.0394 eff 0.0179 outinratio 0.0063 

WminusH126_2e2mu_rapidity4l_genbin0_recobin1 acc 0.0313 eff 0.0105 outinratio 0.0146 

WplusH126_2e2mu_rapidity4l_genbin0_recobin1 acc 0.0259 eff 0.0129 outinratio 0.0168 

ZH126_2e2mu_rapidity4l_genbin0_recobin1 acc 0.0314 eff 0.0233 outinratio 0.0511 

ttH126_2e2mu_rapidity4l_genbin0_recobin1 acc 0.0456 eff 0.0 outinratio 0.0 

ggH126_2e2mu_rapidity4l_genbin1_recobin1 acc 0.0376 eff 0.4892 outinratio 0.0055 

VBFH126_2e2mu_rapidity4l_genbin1_recobin1 acc 0.0429 eff 0.525 outinratio 0.0063 

WminusH126_2e2mu_rapidity4l_genbin1_recobin1 acc 0.0308 eff 0.4801 outinratio 0.0146 

WplusH126_2e2mu_rapidity4l_genbin1_recobin1 acc 0.0265 eff 0.4963 outinratio 0.0168 

ZH126_2e2mu_rapidity4l_genbin1_recobin1 acc 0.0283 eff 0.4848 outinratio 0.0511 

ttH126_2e2mu_rapidity4l_genbin1_recobin1 acc 0.0493 eff 0.3562 outinratio 0.0 

ggH126_2e2mu_rapidity4l_genbin2_recobin1 acc 0.0366 eff 0.013 outinratio 0.0055 

VBFH126_2e2mu_rapidity4l_genbin2_recobin1 acc 0.0404 eff 0.0146 outinratio 0.0063 

WminusH126_2e2mu_rapidity4l_genbin2_recobin1 acc 0.0309 eff 0.0148 outinratio 0.0146 

WplusH126_2e2mu_rapidity4l_genbin2_recobin1 acc 0.0255 eff 0.0128 outinratio 0.0168 

ZH126_2e2mu_rapidity4l_genbin2_recobin1 acc 0.0285 eff 0.0178 outinratio 0.0511 

ttH126_2e2mu_rapidity4l_genbin2_recobin1 acc 0.0505 eff 0.0 outinratio 0.0 

ggH126_2e2mu_rapidity4l_genbin3_recobin1 acc 0.0427 eff 0.0 outinratio 0.0055 

VBFH126_2e2mu_rapidity4l_genbin3_recobin1 acc 0.0419 eff 0.0 outinratio 0.0063 

WminusH126_2e2mu_rapidity4l_genbin3_recobin1 acc 0.0351 eff 0.0 outinratio 0.0146 

WplusH126_2e2mu_rapidity4l_genbin3_recobin1 acc 0.0294 eff 0.0 outinratio 0.0168 

ZH126_2e2mu_rapidity4l_genbin3_recobin1 acc 0.0362 eff 0.0 outinratio 0.0511 

ttH126_2e2mu_rapidity4l_genbin3_recobin1 acc 0.0406 eff 0.0 outinratio 0.0 

ggH126_2e2mu_rapidity4l_genbin4_recobin1 acc 0.0292 eff 0.0 outinratio 0.0055 

VBFH126_2e2mu_rapidity4l_genbin4_recobin1 acc 0.0306 eff 0.0 outinratio 0.0063 

WminusH126_2e2mu_rapidity4l_genbin4_recobin1 acc 0.0261 eff 0.0 outinratio 0.0146 

WplusH126_2e2mu_rapidity4l_genbin4_recobin1 acc 0.0215 eff 0.0 outinratio 0.0168 

ZH126_2e2mu_rapidity4l_genbin4_recobin1 acc 0.0241 eff 0.0 outinratio 0.0511 

ttH126_2e2mu_rapidity4l_genbin4_recobin1 acc 0.0357 eff 0.0 outinratio 0.0 

ggH126_2e2mu_rapidity4l_genbin5_recobin1 acc 0.0429 eff 0.0 outinratio 0.0055 

VBFH126_2e2mu_rapidity4l_genbin5_recobin1 acc 0.044 eff 0.0 outinratio 0.0063 

WminusH126_2e2mu_rapidity4l_genbin5_recobin1 acc 0.0378 eff 0.0 outinratio 0.0146 

WplusH126_2e2mu_rapidity4l_genbin5_recobin1 acc 0.0308 eff 0.0 outinratio 0.0168 

ZH126_2e2mu_rapidity4l_genbin5_recobin1 acc 0.0342 eff 0.0 outinratio 0.0511 

ttH126_2e2mu_rapidity4l_genbin5_recobin1 acc 0.048 eff 0.0 outinratio 0.0 

ggH126_2e2mu_rapidity4l_genbin6_recobin1 acc 0.0414 eff 0.0 outinratio 0.0055 

VBFH126_2e2mu_rapidity4l_genbin6_recobin1 acc 0.0412 eff 0.0 outinratio 0.0063 

WminusH126_2e2mu_rapidity4l_genbin6_recobin1 acc 0.0359 eff 0.0 outinratio 0.0146 

WplusH126_2e2mu_rapidity4l_genbin6_recobin1 acc 0.0313 eff 0.0 outinratio 0.0168 

ZH126_2e2mu_rapidity4l_genbin6_recobin1 acc 0.0323 eff 0.0 outinratio 0.0511 

ttH126_2e2mu_rapidity4l_genbin6_recobin1 acc 0.0554 eff 0.0 outinratio 0.0 

ggH126_2e2mu_rapidity4l_genbin7_recobin1 acc 0.0489 eff 0.0 outinratio 0.0055 

VBFH126_2e2mu_rapidity4l_genbin7_recobin1 acc 0.056 eff 0.0 outinratio 0.0063 

WminusH126_2e2mu_rapidity4l_genbin7_recobin1 acc 0.0453 eff 0.0 outinratio 0.0146 

WplusH126_2e2mu_rapidity4l_genbin7_recobin1 acc 0.0398 eff 0.0 outinratio 0.0168 

ZH126_2e2mu_rapidity4l_genbin7_recobin1 acc 0.0417 eff 0.0 outinratio 0.0511 

ttH126_2e2mu_rapidity4l_genbin7_recobin1 acc 0.0542 eff 0.0 outinratio 0.0 

ggH126_2e2mu_rapidity4l_genbin8_recobin1 acc 0.0439 eff 0.0 outinratio 0.0055 

VBFH126_2e2mu_rapidity4l_genbin8_recobin1 acc 0.0464 eff 0.0 outinratio 0.0063 

WminusH126_2e2mu_rapidity4l_genbin8_recobin1 acc 0.0387 eff 0.0 outinratio 0.0146 

WplusH126_2e2mu_rapidity4l_genbin8_recobin1 acc 0.0364 eff 0.0 outinratio 0.0168 

ZH126_2e2mu_rapidity4l_genbin8_recobin1 acc 0.038 eff 0.0 outinratio 0.0511 

ttH126_2e2mu_rapidity4l_genbin8_recobin1 acc 0.0394 eff 0.0 outinratio 0.0 

ggH126_2e2mu_rapidity4l_genbin9_recobin1 acc 0.0806 eff 0.0 outinratio 0.0055 

VBFH126_2e2mu_rapidity4l_genbin9_recobin1 acc 0.0925 eff 0.0 outinratio 0.0063 

WminusH126_2e2mu_rapidity4l_genbin9_recobin1 acc 0.0917 eff 0.0 outinratio 0.0146 

WplusH126_2e2mu_rapidity4l_genbin9_recobin1 acc 0.0938 eff 0.0 outinratio 0.0168 

ZH126_2e2mu_rapidity4l_genbin9_recobin1 acc 0.0915 eff 0.0 outinratio 0.0511 

ttH126_2e2mu_rapidity4l_genbin9_recobin1 acc 0.069 eff 0.0 outinratio 0.0 

ggH126_2e2mu_rapidity4l_genbin0_recobin2 acc 0.0383 eff 0.0 outinratio 0.004 

VBFH126_2e2mu_rapidity4l_genbin0_recobin2 acc 0.0394 eff 0.0 outinratio 0.0022 

WminusH126_2e2mu_rapidity4l_genbin0_recobin2 acc 0.0313 eff 0.0 outinratio 0.0158 

WplusH126_2e2mu_rapidity4l_genbin0_recobin2 acc 0.0259 eff 0.0 outinratio 0.0181 

ZH126_2e2mu_rapidity4l_genbin0_recobin2 acc 0.0314 eff 0.0 outinratio 0.0328 

ttH126_2e2mu_rapidity4l_genbin0_recobin2 acc 0.0456 eff 0.0 outinratio 0.0 

ggH126_2e2mu_rapidity4l_genbin1_recobin2 acc 0.0376 eff 0.0145 outinratio 0.004 

VBFH126_2e2mu_rapidity4l_genbin1_recobin2 acc 0.0429 eff 0.0133 outinratio 0.0022 

WminusH126_2e2mu_rapidity4l_genbin1_recobin2 acc 0.0308 eff 0.0158 outinratio 0.0158 

WplusH126_2e2mu_rapidity4l_genbin1_recobin2 acc 0.0265 eff 0.0134 outinratio 0.0181 

ZH126_2e2mu_rapidity4l_genbin1_recobin2 acc 0.0283 eff 0.0231 outinratio 0.0328 

ttH126_2e2mu_rapidity4l_genbin1_recobin2 acc 0.0493 eff 0.0 outinratio 0.0 

ggH126_2e2mu_rapidity4l_genbin2_recobin2 acc 0.0366 eff 0.4915 outinratio 0.004 

VBFH126_2e2mu_rapidity4l_genbin2_recobin2 acc 0.0404 eff 0.5496 outinratio 0.0022 

WminusH126_2e2mu_rapidity4l_genbin2_recobin2 acc 0.0309 eff 0.4916 outinratio 0.0158 

WplusH126_2e2mu_rapidity4l_genbin2_recobin2 acc 0.0255 eff 0.5078 outinratio 0.0181 

ZH126_2e2mu_rapidity4l_genbin2_recobin2 acc 0.0285 eff 0.5159 outinratio 0.0328 

ttH126_2e2mu_rapidity4l_genbin2_recobin2 acc 0.0505 eff 0.2988 outinratio 0.0 

ggH126_2e2mu_rapidity4l_genbin3_recobin2 acc 0.0427 eff 0.0206 outinratio 0.004 

VBFH126_2e2mu_rapidity4l_genbin3_recobin2 acc 0.0419 eff 0.0183 outinratio 0.0022 

WminusH126_2e2mu_rapidity4l_genbin3_recobin2 acc 0.0351 eff 0.0163 outinratio 0.0158 

WplusH126_2e2mu_rapidity4l_genbin3_recobin2 acc 0.0294 eff 0.0108 outinratio 0.0181 

ZH126_2e2mu_rapidity4l_genbin3_recobin2 acc 0.0362 eff 0.0137 outinratio 0.0328 

ttH126_2e2mu_rapidity4l_genbin3_recobin2 acc 0.0406 eff 0.0106 outinratio 0.0 

ggH126_2e2mu_rapidity4l_genbin4_recobin2 acc 0.0292 eff 0.0 outinratio 0.004 

VBFH126_2e2mu_rapidity4l_genbin4_recobin2 acc 0.0306 eff 0.0 outinratio 0.0022 

WminusH126_2e2mu_rapidity4l_genbin4_recobin2 acc 0.0261 eff 0.0 outinratio 0.0158 

WplusH126_2e2mu_rapidity4l_genbin4_recobin2 acc 0.0215 eff 0.0 outinratio 0.0181 

ZH126_2e2mu_rapidity4l_genbin4_recobin2 acc 0.0241 eff 0.0 outinratio 0.0328 

ttH126_2e2mu_rapidity4l_genbin4_recobin2 acc 0.0357 eff 0.0 outinratio 0.0 

ggH126_2e2mu_rapidity4l_genbin5_recobin2 acc 0.0429 eff 0.0 outinratio 0.004 

VBFH126_2e2mu_rapidity4l_genbin5_recobin2 acc 0.044 eff 0.0 outinratio 0.0022 

WminusH126_2e2mu_rapidity4l_genbin5_recobin2 acc 0.0378 eff 0.0 outinratio 0.0158 

WplusH126_2e2mu_rapidity4l_genbin5_recobin2 acc 0.0308 eff 0.0 outinratio 0.0181 

ZH126_2e2mu_rapidity4l_genbin5_recobin2 acc 0.0342 eff 0.0 outinratio 0.0328 

ttH126_2e2mu_rapidity4l_genbin5_recobin2 acc 0.048 eff 0.0 outinratio 0.0 

ggH126_2e2mu_rapidity4l_genbin6_recobin2 acc 0.0414 eff 0.0 outinratio 0.004 

VBFH126_2e2mu_rapidity4l_genbin6_recobin2 acc 0.0412 eff 0.0 outinratio 0.0022 

WminusH126_2e2mu_rapidity4l_genbin6_recobin2 acc 0.0359 eff 0.0 outinratio 0.0158 

WplusH126_2e2mu_rapidity4l_genbin6_recobin2 acc 0.0313 eff 0.0 outinratio 0.0181 

ZH126_2e2mu_rapidity4l_genbin6_recobin2 acc 0.0323 eff 0.0 outinratio 0.0328 

ttH126_2e2mu_rapidity4l_genbin6_recobin2 acc 0.0554 eff 0.0 outinratio 0.0 

ggH126_2e2mu_rapidity4l_genbin7_recobin2 acc 0.0489 eff 0.0 outinratio 0.004 

VBFH126_2e2mu_rapidity4l_genbin7_recobin2 acc 0.056 eff 0.0 outinratio 0.0022 

WminusH126_2e2mu_rapidity4l_genbin7_recobin2 acc 0.0453 eff 0.0 outinratio 0.0158 

WplusH126_2e2mu_rapidity4l_genbin7_recobin2 acc 0.0398 eff 0.0 outinratio 0.0181 

ZH126_2e2mu_rapidity4l_genbin7_recobin2 acc 0.0417 eff 0.0 outinratio 0.0328 

ttH126_2e2mu_rapidity4l_genbin7_recobin2 acc 0.0542 eff 0.0 outinratio 0.0 

ggH126_2e2mu_rapidity4l_genbin8_recobin2 acc 0.0439 eff 0.0 outinratio 0.004 

VBFH126_2e2mu_rapidity4l_genbin8_recobin2 acc 0.0464 eff 0.0 outinratio 0.0022 

WminusH126_2e2mu_rapidity4l_genbin8_recobin2 acc 0.0387 eff 0.0 outinratio 0.0158 

WplusH126_2e2mu_rapidity4l_genbin8_recobin2 acc 0.0364 eff 0.0 outinratio 0.0181 

ZH126_2e2mu_rapidity4l_genbin8_recobin2 acc 0.038 eff 0.0 outinratio 0.0328 

ttH126_2e2mu_rapidity4l_genbin8_recobin2 acc 0.0394 eff 0.0 outinratio 0.0 

ggH126_2e2mu_rapidity4l_genbin9_recobin2 acc 0.0806 eff 0.0 outinratio 0.004 

VBFH126_2e2mu_rapidity4l_genbin9_recobin2 acc 0.0925 eff 0.0 outinratio 0.0022 

WminusH126_2e2mu_rapidity4l_genbin9_recobin2 acc 0.0917 eff 0.0 outinratio 0.0158 

WplusH126_2e2mu_rapidity4l_genbin9_recobin2 acc 0.0938 eff 0.0 outinratio 0.0181 

ZH126_2e2mu_rapidity4l_genbin9_recobin2 acc 0.0915 eff 0.0 outinratio 0.0328 

ttH126_2e2mu_rapidity4l_genbin9_recobin2 acc 0.069 eff 0.0 outinratio 0.0 

ggH126_2e2mu_rapidity4l_genbin0_recobin3 acc 0.0383 eff 0.0 outinratio 0.0135 

VBFH126_2e2mu_rapidity4l_genbin0_recobin3 acc 0.0394 eff 0.0 outinratio 0.0028 

WminusH126_2e2mu_rapidity4l_genbin0_recobin3 acc 0.0313 eff 0.0 outinratio 0.0245 

WplusH126_2e2mu_rapidity4l_genbin0_recobin3 acc 0.0259 eff 0.0 outinratio 0.0173 

ZH126_2e2mu_rapidity4l_genbin0_recobin3 acc 0.0314 eff 0.0 outinratio 0.0713 

ttH126_2e2mu_rapidity4l_genbin0_recobin3 acc 0.0456 eff 0.0 outinratio 0.0 

ggH126_2e2mu_rapidity4l_genbin1_recobin3 acc 0.0376 eff 0.0 outinratio 0.0135 

VBFH126_2e2mu_rapidity4l_genbin1_recobin3 acc 0.0429 eff 0.0 outinratio 0.0028 

WminusH126_2e2mu_rapidity4l_genbin1_recobin3 acc 0.0308 eff 0.0 outinratio 0.0245 

WplusH126_2e2mu_rapidity4l_genbin1_recobin3 acc 0.0265 eff 0.0 outinratio 0.0173 

ZH126_2e2mu_rapidity4l_genbin1_recobin3 acc 0.0283 eff 0.0 outinratio 0.0713 

ttH126_2e2mu_rapidity4l_genbin1_recobin3 acc 0.0493 eff 0.0 outinratio 0.0 

ggH126_2e2mu_rapidity4l_genbin2_recobin3 acc 0.0366 eff 0.0136 outinratio 0.0135 

VBFH126_2e2mu_rapidity4l_genbin2_recobin3 acc 0.0404 eff 0.0185 outinratio 0.0028 

WminusH126_2e2mu_rapidity4l_genbin2_recobin3 acc 0.0309 eff 0.0159 outinratio 0.0245 

WplusH126_2e2mu_rapidity4l_genbin2_recobin3 acc 0.0255 eff 0.0129 outinratio 0.0173 

ZH126_2e2mu_rapidity4l_genbin2_recobin3 acc 0.0285 eff 0.0164 outinratio 0.0713 

ttH126_2e2mu_rapidity4l_genbin2_recobin3 acc 0.0505 eff 0.0254 outinratio 0.0 

ggH126_2e2mu_rapidity4l_genbin3_recobin3 acc 0.0427 eff 0.4604 outinratio 0.0135 

VBFH126_2e2mu_rapidity4l_genbin3_recobin3 acc 0.0419 eff 0.5075 outinratio 0.0028 

WminusH126_2e2mu_rapidity4l_genbin3_recobin3 acc 0.0351 eff 0.4791 outinratio 0.0245 

WplusH126_2e2mu_rapidity4l_genbin3_recobin3 acc 0.0294 eff 0.5018 outinratio 0.0173 

ZH126_2e2mu_rapidity4l_genbin3_recobin3 acc 0.0362 eff 0.4746 outinratio 0.0713 

ttH126_2e2mu_rapidity4l_genbin3_recobin3 acc 0.0406 eff 0.3635 outinratio 0.0 

ggH126_2e2mu_rapidity4l_genbin4_recobin3 acc 0.0292 eff 0.0189 outinratio 0.0135 

VBFH126_2e2mu_rapidity4l_genbin4_recobin3 acc 0.0306 eff 0.0183 outinratio 0.0028 

WminusH126_2e2mu_rapidity4l_genbin4_recobin3 acc 0.0261 eff 0.0182 outinratio 0.0245 

WplusH126_2e2mu_rapidity4l_genbin4_recobin3 acc 0.0215 eff 0.0207 outinratio 0.0173 

ZH126_2e2mu_rapidity4l_genbin4_recobin3 acc 0.0241 eff 0.0224 outinratio 0.0713 

ttH126_2e2mu_rapidity4l_genbin4_recobin3 acc 0.0357 eff 0.0 outinratio 0.0 

ggH126_2e2mu_rapidity4l_genbin5_recobin3 acc 0.0429 eff 0.0 outinratio 0.0135 

VBFH126_2e2mu_rapidity4l_genbin5_recobin3 acc 0.044 eff 0.0 outinratio 0.0028 

WminusH126_2e2mu_rapidity4l_genbin5_recobin3 acc 0.0378 eff 0.0 outinratio 0.0245 

WplusH126_2e2mu_rapidity4l_genbin5_recobin3 acc 0.0308 eff 0.0 outinratio 0.0173 

ZH126_2e2mu_rapidity4l_genbin5_recobin3 acc 0.0342 eff 0.0 outinratio 0.0713 

ttH126_2e2mu_rapidity4l_genbin5_recobin3 acc 0.048 eff 0.0 outinratio 0.0 

ggH126_2e2mu_rapidity4l_genbin6_recobin3 acc 0.0414 eff 0.0 outinratio 0.0135 

VBFH126_2e2mu_rapidity4l_genbin6_recobin3 acc 0.0412 eff 0.0 outinratio 0.0028 

WminusH126_2e2mu_rapidity4l_genbin6_recobin3 acc 0.0359 eff 0.0 outinratio 0.0245 

WplusH126_2e2mu_rapidity4l_genbin6_recobin3 acc 0.0313 eff 0.0 outinratio 0.0173 

ZH126_2e2mu_rapidity4l_genbin6_recobin3 acc 0.0323 eff 0.0 outinratio 0.0713 

ttH126_2e2mu_rapidity4l_genbin6_recobin3 acc 0.0554 eff 0.0 outinratio 0.0 

ggH126_2e2mu_rapidity4l_genbin7_recobin3 acc 0.0489 eff 0.0 outinratio 0.0135 

VBFH126_2e2mu_rapidity4l_genbin7_recobin3 acc 0.056 eff 0.0 outinratio 0.0028 

WminusH126_2e2mu_rapidity4l_genbin7_recobin3 acc 0.0453 eff 0.0 outinratio 0.0245 

WplusH126_2e2mu_rapidity4l_genbin7_recobin3 acc 0.0398 eff 0.0 outinratio 0.0173 

ZH126_2e2mu_rapidity4l_genbin7_recobin3 acc 0.0417 eff 0.0 outinratio 0.0713 

ttH126_2e2mu_rapidity4l_genbin7_recobin3 acc 0.0542 eff 0.0 outinratio 0.0 

ggH126_2e2mu_rapidity4l_genbin8_recobin3 acc 0.0439 eff 0.0 outinratio 0.0135 

VBFH126_2e2mu_rapidity4l_genbin8_recobin3 acc 0.0464 eff 0.0 outinratio 0.0028 

WminusH126_2e2mu_rapidity4l_genbin8_recobin3 acc 0.0387 eff 0.0 outinratio 0.0245 

WplusH126_2e2mu_rapidity4l_genbin8_recobin3 acc 0.0364 eff 0.0 outinratio 0.0173 

ZH126_2e2mu_rapidity4l_genbin8_recobin3 acc 0.038 eff 0.0 outinratio 0.0713 

ttH126_2e2mu_rapidity4l_genbin8_recobin3 acc 0.0394 eff 0.0 outinratio 0.0 

ggH126_2e2mu_rapidity4l_genbin9_recobin3 acc 0.0806 eff 0.0 outinratio 0.0135 

VBFH126_2e2mu_rapidity4l_genbin9_recobin3 acc 0.0925 eff 0.0 outinratio 0.0028 

WminusH126_2e2mu_rapidity4l_genbin9_recobin3 acc 0.0917 eff 0.0 outinratio 0.0245 

WplusH126_2e2mu_rapidity4l_genbin9_recobin3 acc 0.0938 eff 0.0 outinratio 0.0173 

ZH126_2e2mu_rapidity4l_genbin9_recobin3 acc 0.0915 eff 0.0 outinratio 0.0713 

ttH126_2e2mu_rapidity4l_genbin9_recobin3 acc 0.069 eff 0.0 outinratio 0.0 

ggH126_2e2mu_rapidity4l_genbin0_recobin4 acc 0.0383 eff 0.0 outinratio 0.0056 

VBFH126_2e2mu_rapidity4l_genbin0_recobin4 acc 0.0394 eff 0.0 outinratio 0.0045 

WminusH126_2e2mu_rapidity4l_genbin0_recobin4 acc 0.0313 eff 0.0 outinratio 0.021 

WplusH126_2e2mu_rapidity4l_genbin0_recobin4 acc 0.0259 eff 0.0 outinratio 0.0192 

ZH126_2e2mu_rapidity4l_genbin0_recobin4 acc 0.0314 eff 0.0 outinratio 0.0502 

ttH126_2e2mu_rapidity4l_genbin0_recobin4 acc 0.0456 eff 0.0 outinratio 0.0 

ggH126_2e2mu_rapidity4l_genbin1_recobin4 acc 0.0376 eff 0.0 outinratio 0.0056 

VBFH126_2e2mu_rapidity4l_genbin1_recobin4 acc 0.0429 eff 0.0 outinratio 0.0045 

WminusH126_2e2mu_rapidity4l_genbin1_recobin4 acc 0.0308 eff 0.0 outinratio 0.021 

WplusH126_2e2mu_rapidity4l_genbin1_recobin4 acc 0.0265 eff 0.0 outinratio 0.0192 

ZH126_2e2mu_rapidity4l_genbin1_recobin4 acc 0.0283 eff 0.0 outinratio 0.0502 

ttH126_2e2mu_rapidity4l_genbin1_recobin4 acc 0.0493 eff 0.0 outinratio 0.0 

ggH126_2e2mu_rapidity4l_genbin2_recobin4 acc 0.0366 eff 0.0 outinratio 0.0056 

VBFH126_2e2mu_rapidity4l_genbin2_recobin4 acc 0.0404 eff 0.0 outinratio 0.0045 

WminusH126_2e2mu_rapidity4l_genbin2_recobin4 acc 0.0309 eff 0.0 outinratio 0.021 

WplusH126_2e2mu_rapidity4l_genbin2_recobin4 acc 0.0255 eff 0.0 outinratio 0.0192 

ZH126_2e2mu_rapidity4l_genbin2_recobin4 acc 0.0285 eff 0.0 outinratio 0.0502 

ttH126_2e2mu_rapidity4l_genbin2_recobin4 acc 0.0505 eff 0.0 outinratio 0.0 

ggH126_2e2mu_rapidity4l_genbin3_recobin4 acc 0.0427 eff 0.0114 outinratio 0.0056 

VBFH126_2e2mu_rapidity4l_genbin3_recobin4 acc 0.0419 eff 0.0129 outinratio 0.0045 

WminusH126_2e2mu_rapidity4l_genbin3_recobin4 acc 0.0351 eff 0.0113 outinratio 0.021 

WplusH126_2e2mu_rapidity4l_genbin3_recobin4 acc 0.0294 eff 0.0149 outinratio 0.0192 

ZH126_2e2mu_rapidity4l_genbin3_recobin4 acc 0.0362 eff 0.0141 outinratio 0.0502 

ttH126_2e2mu_rapidity4l_genbin3_recobin4 acc 0.0406 eff 0.0 outinratio 0.0 

ggH126_2e2mu_rapidity4l_genbin4_recobin4 acc 0.0292 eff 0.449 outinratio 0.0056 

VBFH126_2e2mu_rapidity4l_genbin4_recobin4 acc 0.0306 eff 0.4738 outinratio 0.0045 

WminusH126_2e2mu_rapidity4l_genbin4_recobin4 acc 0.0261 eff 0.4771 outinratio 0.021 

WplusH126_2e2mu_rapidity4l_genbin4_recobin4 acc 0.0215 eff 0.4538 outinratio 0.0192 

ZH126_2e2mu_rapidity4l_genbin4_recobin4 acc 0.0241 eff 0.4545 outinratio 0.0502 

ttH126_2e2mu_rapidity4l_genbin4_recobin4 acc 0.0357 eff 0.3708 outinratio 0.0 

ggH126_2e2mu_rapidity4l_genbin5_recobin4 acc 0.0429 eff 0.0165 outinratio 0.0056 

VBFH126_2e2mu_rapidity4l_genbin5_recobin4 acc 0.044 eff 0.0118 outinratio 0.0045 

WminusH126_2e2mu_rapidity4l_genbin5_recobin4 acc 0.0378 eff 0.0111 outinratio 0.021 

WplusH126_2e2mu_rapidity4l_genbin5_recobin4 acc 0.0308 eff 0.0112 outinratio 0.0192 

ZH126_2e2mu_rapidity4l_genbin5_recobin4 acc 0.0342 eff 0.013 outinratio 0.0502 

ttH126_2e2mu_rapidity4l_genbin5_recobin4 acc 0.048 eff 0.0 outinratio 0.0 

ggH126_2e2mu_rapidity4l_genbin6_recobin4 acc 0.0414 eff 0.0 outinratio 0.0056 

VBFH126_2e2mu_rapidity4l_genbin6_recobin4 acc 0.0412 eff 0.0 outinratio 0.0045 

WminusH126_2e2mu_rapidity4l_genbin6_recobin4 acc 0.0359 eff 0.0 outinratio 0.021 

WplusH126_2e2mu_rapidity4l_genbin6_recobin4 acc 0.0313 eff 0.0 outinratio 0.0192 

ZH126_2e2mu_rapidity4l_genbin6_recobin4 acc 0.0323 eff 0.0 outinratio 0.0502 

ttH126_2e2mu_rapidity4l_genbin6_recobin4 acc 0.0554 eff 0.0 outinratio 0.0 

ggH126_2e2mu_rapidity4l_genbin7_recobin4 acc 0.0489 eff 0.0 outinratio 0.0056 

VBFH126_2e2mu_rapidity4l_genbin7_recobin4 acc 0.056 eff 0.0 outinratio 0.0045 

WminusH126_2e2mu_rapidity4l_genbin7_recobin4 acc 0.0453 eff 0.0 outinratio 0.021 

WplusH126_2e2mu_rapidity4l_genbin7_recobin4 acc 0.0398 eff 0.0 outinratio 0.0192 

ZH126_2e2mu_rapidity4l_genbin7_recobin4 acc 0.0417 eff 0.0 outinratio 0.0502 

ttH126_2e2mu_rapidity4l_genbin7_recobin4 acc 0.0542 eff 0.0 outinratio 0.0 

ggH126_2e2mu_rapidity4l_genbin8_recobin4 acc 0.0439 eff 0.0 outinratio 0.0056 

VBFH126_2e2mu_rapidity4l_genbin8_recobin4 acc 0.0464 eff 0.0 outinratio 0.0045 

WminusH126_2e2mu_rapidity4l_genbin8_recobin4 acc 0.0387 eff 0.0 outinratio 0.021 

WplusH126_2e2mu_rapidity4l_genbin8_recobin4 acc 0.0364 eff 0.0 outinratio 0.0192 

ZH126_2e2mu_rapidity4l_genbin8_recobin4 acc 0.038 eff 0.0 outinratio 0.0502 

ttH126_2e2mu_rapidity4l_genbin8_recobin4 acc 0.0394 eff 0.0 outinratio 0.0 

ggH126_2e2mu_rapidity4l_genbin9_recobin4 acc 0.0806 eff 0.0 outinratio 0.0056 

VBFH126_2e2mu_rapidity4l_genbin9_recobin4 acc 0.0925 eff 0.0 outinratio 0.0045 

WminusH126_2e2mu_rapidity4l_genbin9_recobin4 acc 0.0917 eff 0.0 outinratio 0.021 

WplusH126_2e2mu_rapidity4l_genbin9_recobin4 acc 0.0938 eff 0.0 outinratio 0.0192 

ZH126_2e2mu_rapidity4l_genbin9_recobin4 acc 0.0915 eff 0.0 outinratio 0.0502 

ttH126_2e2mu_rapidity4l_genbin9_recobin4 acc 0.069 eff 0.0 outinratio 0.0 

ggH126_2e2mu_rapidity4l_genbin0_recobin5 acc 0.0383 eff 0.0 outinratio 0.0073 

VBFH126_2e2mu_rapidity4l_genbin0_recobin5 acc 0.0394 eff 0.0 outinratio 0.0038 

WminusH126_2e2mu_rapidity4l_genbin0_recobin5 acc 0.0313 eff 0.0 outinratio 0.0156 

WplusH126_2e2mu_rapidity4l_genbin0_recobin5 acc 0.0259 eff 0.0 outinratio 0.0176 

ZH126_2e2mu_rapidity4l_genbin0_recobin5 acc 0.0314 eff 0.0 outinratio 0.0492 

ttH126_2e2mu_rapidity4l_genbin0_recobin5 acc 0.0456 eff 0.0 outinratio 0.0325 

ggH126_2e2mu_rapidity4l_genbin1_recobin5 acc 0.0376 eff 0.0 outinratio 0.0073 

VBFH126_2e2mu_rapidity4l_genbin1_recobin5 acc 0.0429 eff 0.0 outinratio 0.0038 

WminusH126_2e2mu_rapidity4l_genbin1_recobin5 acc 0.0308 eff 0.0 outinratio 0.0156 

WplusH126_2e2mu_rapidity4l_genbin1_recobin5 acc 0.0265 eff 0.0 outinratio 0.0176 

ZH126_2e2mu_rapidity4l_genbin1_recobin5 acc 0.0283 eff 0.0 outinratio 0.0492 

ttH126_2e2mu_rapidity4l_genbin1_recobin5 acc 0.0493 eff 0.0 outinratio 0.0325 

ggH126_2e2mu_rapidity4l_genbin2_recobin5 acc 0.0366 eff 0.0 outinratio 0.0073 

VBFH126_2e2mu_rapidity4l_genbin2_recobin5 acc 0.0404 eff 0.0 outinratio 0.0038 

WminusH126_2e2mu_rapidity4l_genbin2_recobin5 acc 0.0309 eff 0.0 outinratio 0.0156 

WplusH126_2e2mu_rapidity4l_genbin2_recobin5 acc 0.0255 eff 0.0 outinratio 0.0176 

ZH126_2e2mu_rapidity4l_genbin2_recobin5 acc 0.0285 eff 0.0 outinratio 0.0492 

ttH126_2e2mu_rapidity4l_genbin2_recobin5 acc 0.0505 eff 0.0 outinratio 0.0325 

ggH126_2e2mu_rapidity4l_genbin3_recobin5 acc 0.0427 eff 0.0 outinratio 0.0073 

VBFH126_2e2mu_rapidity4l_genbin3_recobin5 acc 0.0419 eff 0.0 outinratio 0.0038 

WminusH126_2e2mu_rapidity4l_genbin3_recobin5 acc 0.0351 eff 0.0 outinratio 0.0156 

WplusH126_2e2mu_rapidity4l_genbin3_recobin5 acc 0.0294 eff 0.0 outinratio 0.0176 

ZH126_2e2mu_rapidity4l_genbin3_recobin5 acc 0.0362 eff 0.0 outinratio 0.0492 

ttH126_2e2mu_rapidity4l_genbin3_recobin5 acc 0.0406 eff 0.0 outinratio 0.0325 

ggH126_2e2mu_rapidity4l_genbin4_recobin5 acc 0.0292 eff 0.0163 outinratio 0.0073 

VBFH126_2e2mu_rapidity4l_genbin4_recobin5 acc 0.0306 eff 0.0175 outinratio 0.0038 

WminusH126_2e2mu_rapidity4l_genbin4_recobin5 acc 0.0261 eff 0.0211 outinratio 0.0156 

WplusH126_2e2mu_rapidity4l_genbin4_recobin5 acc 0.0215 eff 0.0177 outinratio 0.0176 

ZH126_2e2mu_rapidity4l_genbin4_recobin5 acc 0.0241 eff 0.0244 outinratio 0.0492 

ttH126_2e2mu_rapidity4l_genbin4_recobin5 acc 0.0357 eff 0.0 outinratio 0.0325 

ggH126_2e2mu_rapidity4l_genbin5_recobin5 acc 0.0429 eff 0.4635 outinratio 0.0073 

VBFH126_2e2mu_rapidity4l_genbin5_recobin5 acc 0.044 eff 0.5031 outinratio 0.0038 

WminusH126_2e2mu_rapidity4l_genbin5_recobin5 acc 0.0378 eff 0.478 outinratio 0.0156 

WplusH126_2e2mu_rapidity4l_genbin5_recobin5 acc 0.0308 eff 0.469 outinratio 0.0176 

ZH126_2e2mu_rapidity4l_genbin5_recobin5 acc 0.0342 eff 0.4656 outinratio 0.0492 

ttH126_2e2mu_rapidity4l_genbin5_recobin5 acc 0.048 eff 0.4482 outinratio 0.0325 

ggH126_2e2mu_rapidity4l_genbin6_recobin5 acc 0.0414 eff 0.0131 outinratio 0.0073 

VBFH126_2e2mu_rapidity4l_genbin6_recobin5 acc 0.0412 eff 0.0177 outinratio 0.0038 

WminusH126_2e2mu_rapidity4l_genbin6_recobin5 acc 0.0359 eff 0.0093 outinratio 0.0156 

WplusH126_2e2mu_rapidity4l_genbin6_recobin5 acc 0.0313 eff 0.0134 outinratio 0.0176 

ZH126_2e2mu_rapidity4l_genbin6_recobin5 acc 0.0323 eff 0.0074 outinratio 0.0492 

ttH126_2e2mu_rapidity4l_genbin6_recobin5 acc 0.0554 eff 0.0 outinratio 0.0325 

ggH126_2e2mu_rapidity4l_genbin7_recobin5 acc 0.0489 eff 0.0 outinratio 0.0073 

VBFH126_2e2mu_rapidity4l_genbin7_recobin5 acc 0.056 eff 0.0 outinratio 0.0038 

WminusH126_2e2mu_rapidity4l_genbin7_recobin5 acc 0.0453 eff 0.0 outinratio 0.0156 

WplusH126_2e2mu_rapidity4l_genbin7_recobin5 acc 0.0398 eff 0.0 outinratio 0.0176 

ZH126_2e2mu_rapidity4l_genbin7_recobin5 acc 0.0417 eff 0.0 outinratio 0.0492 

ttH126_2e2mu_rapidity4l_genbin7_recobin5 acc 0.0542 eff 0.0 outinratio 0.0325 

ggH126_2e2mu_rapidity4l_genbin8_recobin5 acc 0.0439 eff 0.0 outinratio 0.0073 

VBFH126_2e2mu_rapidity4l_genbin8_recobin5 acc 0.0464 eff 0.0 outinratio 0.0038 

WminusH126_2e2mu_rapidity4l_genbin8_recobin5 acc 0.0387 eff 0.0 outinratio 0.0156 

WplusH126_2e2mu_rapidity4l_genbin8_recobin5 acc 0.0364 eff 0.0 outinratio 0.0176 

ZH126_2e2mu_rapidity4l_genbin8_recobin5 acc 0.038 eff 0.0 outinratio 0.0492 

ttH126_2e2mu_rapidity4l_genbin8_recobin5 acc 0.0394 eff 0.0 outinratio 0.0325 

ggH126_2e2mu_rapidity4l_genbin9_recobin5 acc 0.0806 eff 0.0 outinratio 0.0073 

VBFH126_2e2mu_rapidity4l_genbin9_recobin5 acc 0.0925 eff 0.0 outinratio 0.0038 

WminusH126_2e2mu_rapidity4l_genbin9_recobin5 acc 0.0917 eff 0.0 outinratio 0.0156 

WplusH126_2e2mu_rapidity4l_genbin9_recobin5 acc 0.0938 eff 0.0 outinratio 0.0176 

ZH126_2e2mu_rapidity4l_genbin9_recobin5 acc 0.0915 eff 0.0 outinratio 0.0492 

ttH126_2e2mu_rapidity4l_genbin9_recobin5 acc 0.069 eff 0.0 outinratio 0.0325 

ggH126_2e2mu_rapidity4l_genbin0_recobin6 acc 0.0383 eff 0.0 outinratio 0.0056 

VBFH126_2e2mu_rapidity4l_genbin0_recobin6 acc 0.0394 eff 0.0 outinratio 0.004 

WminusH126_2e2mu_rapidity4l_genbin0_recobin6 acc 0.0313 eff 0.0 outinratio 0.0161 

WplusH126_2e2mu_rapidity4l_genbin0_recobin6 acc 0.0259 eff 0.0 outinratio 0.0201 

ZH126_2e2mu_rapidity4l_genbin0_recobin6 acc 0.0314 eff 0.0 outinratio 0.0437 

ttH126_2e2mu_rapidity4l_genbin0_recobin6 acc 0.0456 eff 0.0 outinratio 0.0574 

ggH126_2e2mu_rapidity4l_genbin1_recobin6 acc 0.0376 eff 0.0 outinratio 0.0056 

VBFH126_2e2mu_rapidity4l_genbin1_recobin6 acc 0.0429 eff 0.0 outinratio 0.004 

WminusH126_2e2mu_rapidity4l_genbin1_recobin6 acc 0.0308 eff 0.0 outinratio 0.0161 

WplusH126_2e2mu_rapidity4l_genbin1_recobin6 acc 0.0265 eff 0.0 outinratio 0.0201 

ZH126_2e2mu_rapidity4l_genbin1_recobin6 acc 0.0283 eff 0.0 outinratio 0.0437 

ttH126_2e2mu_rapidity4l_genbin1_recobin6 acc 0.0493 eff 0.0 outinratio 0.0574 

ggH126_2e2mu_rapidity4l_genbin2_recobin6 acc 0.0366 eff 0.0 outinratio 0.0056 

VBFH126_2e2mu_rapidity4l_genbin2_recobin6 acc 0.0404 eff 0.0 outinratio 0.004 

WminusH126_2e2mu_rapidity4l_genbin2_recobin6 acc 0.0309 eff 0.0 outinratio 0.0161 

WplusH126_2e2mu_rapidity4l_genbin2_recobin6 acc 0.0255 eff 0.0 outinratio 0.0201 

ZH126_2e2mu_rapidity4l_genbin2_recobin6 acc 0.0285 eff 0.0 outinratio 0.0437 

ttH126_2e2mu_rapidity4l_genbin2_recobin6 acc 0.0505 eff 0.0 outinratio 0.0574 

ggH126_2e2mu_rapidity4l_genbin3_recobin6 acc 0.0427 eff 0.0 outinratio 0.0056 

VBFH126_2e2mu_rapidity4l_genbin3_recobin6 acc 0.0419 eff 0.0 outinratio 0.004 

WminusH126_2e2mu_rapidity4l_genbin3_recobin6 acc 0.0351 eff 0.0 outinratio 0.0161 

WplusH126_2e2mu_rapidity4l_genbin3_recobin6 acc 0.0294 eff 0.0 outinratio 0.0201 

ZH126_2e2mu_rapidity4l_genbin3_recobin6 acc 0.0362 eff 0.0 outinratio 0.0437 

ttH126_2e2mu_rapidity4l_genbin3_recobin6 acc 0.0406 eff 0.0 outinratio 0.0574 

ggH126_2e2mu_rapidity4l_genbin4_recobin6 acc 0.0292 eff 0.0 outinratio 0.0056 

VBFH126_2e2mu_rapidity4l_genbin4_recobin6 acc 0.0306 eff 0.0 outinratio 0.004 

WminusH126_2e2mu_rapidity4l_genbin4_recobin6 acc 0.0261 eff 0.0 outinratio 0.0161 

WplusH126_2e2mu_rapidity4l_genbin4_recobin6 acc 0.0215 eff 0.0 outinratio 0.0201 

ZH126_2e2mu_rapidity4l_genbin4_recobin6 acc 0.0241 eff 0.0 outinratio 0.0437 

ttH126_2e2mu_rapidity4l_genbin4_recobin6 acc 0.0357 eff 0.0 outinratio 0.0574 

ggH126_2e2mu_rapidity4l_genbin5_recobin6 acc 0.0429 eff 0.0122 outinratio 0.0056 

VBFH126_2e2mu_rapidity4l_genbin5_recobin6 acc 0.044 eff 0.0129 outinratio 0.004 

WminusH126_2e2mu_rapidity4l_genbin5_recobin6 acc 0.0378 eff 0.0092 outinratio 0.0161 

WplusH126_2e2mu_rapidity4l_genbin5_recobin6 acc 0.0308 eff 0.0088 outinratio 0.0201 

ZH126_2e2mu_rapidity4l_genbin5_recobin6 acc 0.0342 eff 0.0092 outinratio 0.0437 

ttH126_2e2mu_rapidity4l_genbin5_recobin6 acc 0.048 eff 0.0 outinratio 0.0574 

ggH126_2e2mu_rapidity4l_genbin6_recobin6 acc 0.0414 eff 0.4337 outinratio 0.0056 

VBFH126_2e2mu_rapidity4l_genbin6_recobin6 acc 0.0412 eff 0.4652 outinratio 0.004 

WminusH126_2e2mu_rapidity4l_genbin6_recobin6 acc 0.0359 eff 0.4426 outinratio 0.0161 

WplusH126_2e2mu_rapidity4l_genbin6_recobin6 acc 0.0313 eff 0.4537 outinratio 0.0201 

ZH126_2e2mu_rapidity4l_genbin6_recobin6 acc 0.0323 eff 0.4743 outinratio 0.0437 

ttH126_2e2mu_rapidity4l_genbin6_recobin6 acc 0.0554 eff 0.3643 outinratio 0.0574 

ggH126_2e2mu_rapidity4l_genbin7_recobin6 acc 0.0489 eff 0.0132 outinratio 0.0056 

VBFH126_2e2mu_rapidity4l_genbin7_recobin6 acc 0.056 eff 0.0137 outinratio 0.004 

WminusH126_2e2mu_rapidity4l_genbin7_recobin6 acc 0.0453 eff 0.0086 outinratio 0.0161 

WplusH126_2e2mu_rapidity4l_genbin7_recobin6 acc 0.0398 eff 0.0085 outinratio 0.0201 

ZH126_2e2mu_rapidity4l_genbin7_recobin6 acc 0.0417 eff 0.0104 outinratio 0.0437 

ttH126_2e2mu_rapidity4l_genbin7_recobin6 acc 0.0542 eff 0.0127 outinratio 0.0574 

ggH126_2e2mu_rapidity4l_genbin8_recobin6 acc 0.0439 eff 0.0 outinratio 0.0056 

VBFH126_2e2mu_rapidity4l_genbin8_recobin6 acc 0.0464 eff 0.0 outinratio 0.004 

WminusH126_2e2mu_rapidity4l_genbin8_recobin6 acc 0.0387 eff 0.0 outinratio 0.0161 

WplusH126_2e2mu_rapidity4l_genbin8_recobin6 acc 0.0364 eff 0.0 outinratio 0.0201 

ZH126_2e2mu_rapidity4l_genbin8_recobin6 acc 0.038 eff 0.0 outinratio 0.0437 

ttH126_2e2mu_rapidity4l_genbin8_recobin6 acc 0.0394 eff 0.0 outinratio 0.0574 

ggH126_2e2mu_rapidity4l_genbin9_recobin6 acc 0.0806 eff 0.0 outinratio 0.0056 

VBFH126_2e2mu_rapidity4l_genbin9_recobin6 acc 0.0925 eff 0.0 outinratio 0.004 

WminusH126_2e2mu_rapidity4l_genbin9_recobin6 acc 0.0917 eff 0.0 outinratio 0.0161 

WplusH126_2e2mu_rapidity4l_genbin9_recobin6 acc 0.0938 eff 0.0 outinratio 0.0201 

ZH126_2e2mu_rapidity4l_genbin9_recobin6 acc 0.0915 eff 0.0 outinratio 0.0437 

ttH126_2e2mu_rapidity4l_genbin9_recobin6 acc 0.069 eff 0.0 outinratio 0.0574 

ggH126_2e2mu_rapidity4l_genbin0_recobin7 acc 0.0383 eff 0.0 outinratio 0.0073 

VBFH126_2e2mu_rapidity4l_genbin0_recobin7 acc 0.0394 eff 0.0 outinratio 0.0095 

WminusH126_2e2mu_rapidity4l_genbin0_recobin7 acc 0.0313 eff 0.0 outinratio 0.0174 

WplusH126_2e2mu_rapidity4l_genbin0_recobin7 acc 0.0259 eff 0.0 outinratio 0.0156 

ZH126_2e2mu_rapidity4l_genbin0_recobin7 acc 0.0314 eff 0.0 outinratio 0.0466 

ttH126_2e2mu_rapidity4l_genbin0_recobin7 acc 0.0456 eff 0.0 outinratio 0.0227 

ggH126_2e2mu_rapidity4l_genbin1_recobin7 acc 0.0376 eff 0.0 outinratio 0.0073 

VBFH126_2e2mu_rapidity4l_genbin1_recobin7 acc 0.0429 eff 0.0 outinratio 0.0095 

WminusH126_2e2mu_rapidity4l_genbin1_recobin7 acc 0.0308 eff 0.0 outinratio 0.0174 

WplusH126_2e2mu_rapidity4l_genbin1_recobin7 acc 0.0265 eff 0.0 outinratio 0.0156 

ZH126_2e2mu_rapidity4l_genbin1_recobin7 acc 0.0283 eff 0.0 outinratio 0.0466 

ttH126_2e2mu_rapidity4l_genbin1_recobin7 acc 0.0493 eff 0.0 outinratio 0.0227 

ggH126_2e2mu_rapidity4l_genbin2_recobin7 acc 0.0366 eff 0.0 outinratio 0.0073 

VBFH126_2e2mu_rapidity4l_genbin2_recobin7 acc 0.0404 eff 0.0 outinratio 0.0095 

WminusH126_2e2mu_rapidity4l_genbin2_recobin7 acc 0.0309 eff 0.0 outinratio 0.0174 

WplusH126_2e2mu_rapidity4l_genbin2_recobin7 acc 0.0255 eff 0.0 outinratio 0.0156 

ZH126_2e2mu_rapidity4l_genbin2_recobin7 acc 0.0285 eff 0.0 outinratio 0.0466 

ttH126_2e2mu_rapidity4l_genbin2_recobin7 acc 0.0505 eff 0.0 outinratio 0.0227 

ggH126_2e2mu_rapidity4l_genbin3_recobin7 acc 0.0427 eff 0.0 outinratio 0.0073 

VBFH126_2e2mu_rapidity4l_genbin3_recobin7 acc 0.0419 eff 0.0 outinratio 0.0095 

WminusH126_2e2mu_rapidity4l_genbin3_recobin7 acc 0.0351 eff 0.0 outinratio 0.0174 

WplusH126_2e2mu_rapidity4l_genbin3_recobin7 acc 0.0294 eff 0.0 outinratio 0.0156 

ZH126_2e2mu_rapidity4l_genbin3_recobin7 acc 0.0362 eff 0.0 outinratio 0.0466 

ttH126_2e2mu_rapidity4l_genbin3_recobin7 acc 0.0406 eff 0.0 outinratio 0.0227 

ggH126_2e2mu_rapidity4l_genbin4_recobin7 acc 0.0292 eff 0.0 outinratio 0.0073 

VBFH126_2e2mu_rapidity4l_genbin4_recobin7 acc 0.0306 eff 0.0 outinratio 0.0095 

WminusH126_2e2mu_rapidity4l_genbin4_recobin7 acc 0.0261 eff 0.0 outinratio 0.0174 

WplusH126_2e2mu_rapidity4l_genbin4_recobin7 acc 0.0215 eff 0.0 outinratio 0.0156 

ZH126_2e2mu_rapidity4l_genbin4_recobin7 acc 0.0241 eff 0.0 outinratio 0.0466 

ttH126_2e2mu_rapidity4l_genbin4_recobin7 acc 0.0357 eff 0.0 outinratio 0.0227 

ggH126_2e2mu_rapidity4l_genbin5_recobin7 acc 0.0429 eff 0.0 outinratio 0.0073 

VBFH126_2e2mu_rapidity4l_genbin5_recobin7 acc 0.044 eff 0.0 outinratio 0.0095 

WminusH126_2e2mu_rapidity4l_genbin5_recobin7 acc 0.0378 eff 0.0 outinratio 0.0174 

WplusH126_2e2mu_rapidity4l_genbin5_recobin7 acc 0.0308 eff 0.0 outinratio 0.0156 

ZH126_2e2mu_rapidity4l_genbin5_recobin7 acc 0.0342 eff 0.0 outinratio 0.0466 

ttH126_2e2mu_rapidity4l_genbin5_recobin7 acc 0.048 eff 0.0 outinratio 0.0227 

ggH126_2e2mu_rapidity4l_genbin6_recobin7 acc 0.0414 eff 0.0104 outinratio 0.0073 

VBFH126_2e2mu_rapidity4l_genbin6_recobin7 acc 0.0412 eff 0.0037 outinratio 0.0095 

WminusH126_2e2mu_rapidity4l_genbin6_recobin7 acc 0.0359 eff 0.0085 outinratio 0.0174 

WplusH126_2e2mu_rapidity4l_genbin6_recobin7 acc 0.0313 eff 0.0096 outinratio 0.0156 

ZH126_2e2mu_rapidity4l_genbin6_recobin7 acc 0.0323 eff 0.0043 outinratio 0.0466 

ttH126_2e2mu_rapidity4l_genbin6_recobin7 acc 0.0554 eff 0.0 outinratio 0.0227 

ggH126_2e2mu_rapidity4l_genbin7_recobin7 acc 0.0489 eff 0.4317 outinratio 0.0073 

VBFH126_2e2mu_rapidity4l_genbin7_recobin7 acc 0.056 eff 0.4871 outinratio 0.0095 

WminusH126_2e2mu_rapidity4l_genbin7_recobin7 acc 0.0453 eff 0.4514 outinratio 0.0174 

WplusH126_2e2mu_rapidity4l_genbin7_recobin7 acc 0.0398 eff 0.4338 outinratio 0.0156 

ZH126_2e2mu_rapidity4l_genbin7_recobin7 acc 0.0417 eff 0.4456 outinratio 0.0466 

ttH126_2e2mu_rapidity4l_genbin7_recobin7 acc 0.0542 eff 0.4357 outinratio 0.0227 

ggH126_2e2mu_rapidity4l_genbin8_recobin7 acc 0.0439 eff 0.0158 outinratio 0.0073 

VBFH126_2e2mu_rapidity4l_genbin8_recobin7 acc 0.0464 eff 0.0149 outinratio 0.0095 

WminusH126_2e2mu_rapidity4l_genbin8_recobin7 acc 0.0387 eff 0.0064 outinratio 0.0174 

WplusH126_2e2mu_rapidity4l_genbin8_recobin7 acc 0.0364 eff 0.0095 outinratio 0.0156 

ZH126_2e2mu_rapidity4l_genbin8_recobin7 acc 0.038 eff 0.0093 outinratio 0.0466 

ttH126_2e2mu_rapidity4l_genbin8_recobin7 acc 0.0394 eff 0.0 outinratio 0.0227 

ggH126_2e2mu_rapidity4l_genbin9_recobin7 acc 0.0806 eff 0.0 outinratio 0.0073 

VBFH126_2e2mu_rapidity4l_genbin9_recobin7 acc 0.0925 eff 0.0 outinratio 0.0095 

WminusH126_2e2mu_rapidity4l_genbin9_recobin7 acc 0.0917 eff 0.0 outinratio 0.0174 

WplusH126_2e2mu_rapidity4l_genbin9_recobin7 acc 0.0938 eff 0.0 outinratio 0.0156 

ZH126_2e2mu_rapidity4l_genbin9_recobin7 acc 0.0915 eff 0.0 outinratio 0.0466 

ttH126_2e2mu_rapidity4l_genbin9_recobin7 acc 0.069 eff 0.0 outinratio 0.0227 

ggH126_2e2mu_rapidity4l_genbin0_recobin8 acc 0.0383 eff 0.0 outinratio 0.0066 

VBFH126_2e2mu_rapidity4l_genbin0_recobin8 acc 0.0394 eff 0.0 outinratio 0.0018 

WminusH126_2e2mu_rapidity4l_genbin0_recobin8 acc 0.0313 eff 0.0 outinratio 0.0169 

WplusH126_2e2mu_rapidity4l_genbin0_recobin8 acc 0.0259 eff 0.0 outinratio 0.0228 

ZH126_2e2mu_rapidity4l_genbin0_recobin8 acc 0.0314 eff 0.0 outinratio 0.0453 

ttH126_2e2mu_rapidity4l_genbin0_recobin8 acc 0.0456 eff 0.0 outinratio 0.0543 

ggH126_2e2mu_rapidity4l_genbin1_recobin8 acc 0.0376 eff 0.0 outinratio 0.0066 

VBFH126_2e2mu_rapidity4l_genbin1_recobin8 acc 0.0429 eff 0.0 outinratio 0.0018 

WminusH126_2e2mu_rapidity4l_genbin1_recobin8 acc 0.0308 eff 0.0 outinratio 0.0169 

WplusH126_2e2mu_rapidity4l_genbin1_recobin8 acc 0.0265 eff 0.0 outinratio 0.0228 

ZH126_2e2mu_rapidity4l_genbin1_recobin8 acc 0.0283 eff 0.0 outinratio 0.0453 

ttH126_2e2mu_rapidity4l_genbin1_recobin8 acc 0.0493 eff 0.0 outinratio 0.0543 

ggH126_2e2mu_rapidity4l_genbin2_recobin8 acc 0.0366 eff 0.0 outinratio 0.0066 

VBFH126_2e2mu_rapidity4l_genbin2_recobin8 acc 0.0404 eff 0.0 outinratio 0.0018 

WminusH126_2e2mu_rapidity4l_genbin2_recobin8 acc 0.0309 eff 0.0 outinratio 0.0169 

WplusH126_2e2mu_rapidity4l_genbin2_recobin8 acc 0.0255 eff 0.0 outinratio 0.0228 

ZH126_2e2mu_rapidity4l_genbin2_recobin8 acc 0.0285 eff 0.0 outinratio 0.0453 

ttH126_2e2mu_rapidity4l_genbin2_recobin8 acc 0.0505 eff 0.0 outinratio 0.0543 

ggH126_2e2mu_rapidity4l_genbin3_recobin8 acc 0.0427 eff 0.0 outinratio 0.0066 

VBFH126_2e2mu_rapidity4l_genbin3_recobin8 acc 0.0419 eff 0.0 outinratio 0.0018 

WminusH126_2e2mu_rapidity4l_genbin3_recobin8 acc 0.0351 eff 0.0 outinratio 0.0169 

WplusH126_2e2mu_rapidity4l_genbin3_recobin8 acc 0.0294 eff 0.0 outinratio 0.0228 

ZH126_2e2mu_rapidity4l_genbin3_recobin8 acc 0.0362 eff 0.0 outinratio 0.0453 

ttH126_2e2mu_rapidity4l_genbin3_recobin8 acc 0.0406 eff 0.0 outinratio 0.0543 

ggH126_2e2mu_rapidity4l_genbin4_recobin8 acc 0.0292 eff 0.0 outinratio 0.0066 

VBFH126_2e2mu_rapidity4l_genbin4_recobin8 acc 0.0306 eff 0.0 outinratio 0.0018 

WminusH126_2e2mu_rapidity4l_genbin4_recobin8 acc 0.0261 eff 0.0 outinratio 0.0169 

WplusH126_2e2mu_rapidity4l_genbin4_recobin8 acc 0.0215 eff 0.0 outinratio 0.0228 

ZH126_2e2mu_rapidity4l_genbin4_recobin8 acc 0.0241 eff 0.0 outinratio 0.0453 

ttH126_2e2mu_rapidity4l_genbin4_recobin8 acc 0.0357 eff 0.0 outinratio 0.0543 

ggH126_2e2mu_rapidity4l_genbin5_recobin8 acc 0.0429 eff 0.0 outinratio 0.0066 

VBFH126_2e2mu_rapidity4l_genbin5_recobin8 acc 0.044 eff 0.0 outinratio 0.0018 

WminusH126_2e2mu_rapidity4l_genbin5_recobin8 acc 0.0378 eff 0.0 outinratio 0.0169 

WplusH126_2e2mu_rapidity4l_genbin5_recobin8 acc 0.0308 eff 0.0 outinratio 0.0228 

ZH126_2e2mu_rapidity4l_genbin5_recobin8 acc 0.0342 eff 0.0 outinratio 0.0453 

ttH126_2e2mu_rapidity4l_genbin5_recobin8 acc 0.048 eff 0.0 outinratio 0.0543 

ggH126_2e2mu_rapidity4l_genbin6_recobin8 acc 0.0414 eff 0.0 outinratio 0.0066 

VBFH126_2e2mu_rapidity4l_genbin6_recobin8 acc 0.0412 eff 0.0 outinratio 0.0018 

WminusH126_2e2mu_rapidity4l_genbin6_recobin8 acc 0.0359 eff 0.0 outinratio 0.0169 

WplusH126_2e2mu_rapidity4l_genbin6_recobin8 acc 0.0313 eff 0.0 outinratio 0.0228 

ZH126_2e2mu_rapidity4l_genbin6_recobin8 acc 0.0323 eff 0.0 outinratio 0.0453 

ttH126_2e2mu_rapidity4l_genbin6_recobin8 acc 0.0554 eff 0.0 outinratio 0.0543 

ggH126_2e2mu_rapidity4l_genbin7_recobin8 acc 0.0489 eff 0.0071 outinratio 0.0066 

VBFH126_2e2mu_rapidity4l_genbin7_recobin8 acc 0.056 eff 0.0105 outinratio 0.0018 

WminusH126_2e2mu_rapidity4l_genbin7_recobin8 acc 0.0453 eff 0.0048 outinratio 0.0169 

WplusH126_2e2mu_rapidity4l_genbin7_recobin8 acc 0.0398 eff 0.0073 outinratio 0.0228 

ZH126_2e2mu_rapidity4l_genbin7_recobin8 acc 0.0417 eff 0.0078 outinratio 0.0453 

ttH126_2e2mu_rapidity4l_genbin7_recobin8 acc 0.0542 eff 0.0 outinratio 0.0543 

ggH126_2e2mu_rapidity4l_genbin8_recobin8 acc 0.0439 eff 0.4295 outinratio 0.0066 

VBFH126_2e2mu_rapidity4l_genbin8_recobin8 acc 0.0464 eff 0.4474 outinratio 0.0018 

WminusH126_2e2mu_rapidity4l_genbin8_recobin8 acc 0.0387 eff 0.4088 outinratio 0.0169 

WplusH126_2e2mu_rapidity4l_genbin8_recobin8 acc 0.0364 eff 0.4067 outinratio 0.0228 

ZH126_2e2mu_rapidity4l_genbin8_recobin8 acc 0.038 eff 0.415 outinratio 0.0453 

ttH126_2e2mu_rapidity4l_genbin8_recobin8 acc 0.0394 eff 0.1972 outinratio 0.0543 

ggH126_2e2mu_rapidity4l_genbin9_recobin8 acc 0.0806 eff 0.0055 outinratio 0.0066 

VBFH126_2e2mu_rapidity4l_genbin9_recobin8 acc 0.0925 eff 0.0031 outinratio 0.0018 

WminusH126_2e2mu_rapidity4l_genbin9_recobin8 acc 0.0917 eff 0.0024 outinratio 0.0169 

WplusH126_2e2mu_rapidity4l_genbin9_recobin8 acc 0.0938 eff 0.0043 outinratio 0.0228 

ZH126_2e2mu_rapidity4l_genbin9_recobin8 acc 0.0915 eff 0.0049 outinratio 0.0453 

ttH126_2e2mu_rapidity4l_genbin9_recobin8 acc 0.069 eff 0.0 outinratio 0.0543 

ggH126_2e2mu_rapidity4l_genbin0_recobin9 acc 0.0383 eff 0.0 outinratio 0.0058 

VBFH126_2e2mu_rapidity4l_genbin0_recobin9 acc 0.0394 eff 0.0 outinratio 0.006 

WminusH126_2e2mu_rapidity4l_genbin0_recobin9 acc 0.0313 eff 0.0 outinratio 0.015 

WplusH126_2e2mu_rapidity4l_genbin0_recobin9 acc 0.0259 eff 0.0 outinratio 0.0192 

ZH126_2e2mu_rapidity4l_genbin0_recobin9 acc 0.0314 eff 0.0 outinratio 0.0491 

ttH126_2e2mu_rapidity4l_genbin0_recobin9 acc 0.0456 eff 0.0 outinratio 0.0 

ggH126_2e2mu_rapidity4l_genbin1_recobin9 acc 0.0376 eff 0.0 outinratio 0.0058 

VBFH126_2e2mu_rapidity4l_genbin1_recobin9 acc 0.0429 eff 0.0 outinratio 0.006 

WminusH126_2e2mu_rapidity4l_genbin1_recobin9 acc 0.0308 eff 0.0 outinratio 0.015 

WplusH126_2e2mu_rapidity4l_genbin1_recobin9 acc 0.0265 eff 0.0 outinratio 0.0192 

ZH126_2e2mu_rapidity4l_genbin1_recobin9 acc 0.0283 eff 0.0 outinratio 0.0491 

ttH126_2e2mu_rapidity4l_genbin1_recobin9 acc 0.0493 eff 0.0 outinratio 0.0 

ggH126_2e2mu_rapidity4l_genbin2_recobin9 acc 0.0366 eff 0.0 outinratio 0.0058 

VBFH126_2e2mu_rapidity4l_genbin2_recobin9 acc 0.0404 eff 0.0 outinratio 0.006 

WminusH126_2e2mu_rapidity4l_genbin2_recobin9 acc 0.0309 eff 0.0 outinratio 0.015 

WplusH126_2e2mu_rapidity4l_genbin2_recobin9 acc 0.0255 eff 0.0 outinratio 0.0192 

ZH126_2e2mu_rapidity4l_genbin2_recobin9 acc 0.0285 eff 0.0 outinratio 0.0491 

ttH126_2e2mu_rapidity4l_genbin2_recobin9 acc 0.0505 eff 0.0 outinratio 0.0 

ggH126_2e2mu_rapidity4l_genbin3_recobin9 acc 0.0427 eff 0.0 outinratio 0.0058 

VBFH126_2e2mu_rapidity4l_genbin3_recobin9 acc 0.0419 eff 0.0 outinratio 0.006 

WminusH126_2e2mu_rapidity4l_genbin3_recobin9 acc 0.0351 eff 0.0 outinratio 0.015 

WplusH126_2e2mu_rapidity4l_genbin3_recobin9 acc 0.0294 eff 0.0 outinratio 0.0192 

ZH126_2e2mu_rapidity4l_genbin3_recobin9 acc 0.0362 eff 0.0 outinratio 0.0491 

ttH126_2e2mu_rapidity4l_genbin3_recobin9 acc 0.0406 eff 0.0 outinratio 0.0 

ggH126_2e2mu_rapidity4l_genbin4_recobin9 acc 0.0292 eff 0.0 outinratio 0.0058 

VBFH126_2e2mu_rapidity4l_genbin4_recobin9 acc 0.0306 eff 0.0 outinratio 0.006 

WminusH126_2e2mu_rapidity4l_genbin4_recobin9 acc 0.0261 eff 0.0 outinratio 0.015 

WplusH126_2e2mu_rapidity4l_genbin4_recobin9 acc 0.0215 eff 0.0 outinratio 0.0192 

ZH126_2e2mu_rapidity4l_genbin4_recobin9 acc 0.0241 eff 0.0 outinratio 0.0491 

ttH126_2e2mu_rapidity4l_genbin4_recobin9 acc 0.0357 eff 0.0 outinratio 0.0 

ggH126_2e2mu_rapidity4l_genbin5_recobin9 acc 0.0429 eff 0.0 outinratio 0.0058 

VBFH126_2e2mu_rapidity4l_genbin5_recobin9 acc 0.044 eff 0.0 outinratio 0.006 

WminusH126_2e2mu_rapidity4l_genbin5_recobin9 acc 0.0378 eff 0.0 outinratio 0.015 

WplusH126_2e2mu_rapidity4l_genbin5_recobin9 acc 0.0308 eff 0.0 outinratio 0.0192 

ZH126_2e2mu_rapidity4l_genbin5_recobin9 acc 0.0342 eff 0.0 outinratio 0.0491 

ttH126_2e2mu_rapidity4l_genbin5_recobin9 acc 0.048 eff 0.0 outinratio 0.0 

ggH126_2e2mu_rapidity4l_genbin6_recobin9 acc 0.0414 eff 0.0 outinratio 0.0058 

VBFH126_2e2mu_rapidity4l_genbin6_recobin9 acc 0.0412 eff 0.0 outinratio 0.006 

WminusH126_2e2mu_rapidity4l_genbin6_recobin9 acc 0.0359 eff 0.0 outinratio 0.015 

WplusH126_2e2mu_rapidity4l_genbin6_recobin9 acc 0.0313 eff 0.0 outinratio 0.0192 

ZH126_2e2mu_rapidity4l_genbin6_recobin9 acc 0.0323 eff 0.0 outinratio 0.0491 

ttH126_2e2mu_rapidity4l_genbin6_recobin9 acc 0.0554 eff 0.0 outinratio 0.0 

ggH126_2e2mu_rapidity4l_genbin7_recobin9 acc 0.0489 eff 0.0 outinratio 0.0058 

VBFH126_2e2mu_rapidity4l_genbin7_recobin9 acc 0.056 eff 0.0 outinratio 0.006 

WminusH126_2e2mu_rapidity4l_genbin7_recobin9 acc 0.0453 eff 0.0 outinratio 0.015 

WplusH126_2e2mu_rapidity4l_genbin7_recobin9 acc 0.0398 eff 0.0 outinratio 0.0192 

ZH126_2e2mu_rapidity4l_genbin7_recobin9 acc 0.0417 eff 0.0 outinratio 0.0491 

ttH126_2e2mu_rapidity4l_genbin7_recobin9 acc 0.0542 eff 0.0 outinratio 0.0 

ggH126_2e2mu_rapidity4l_genbin8_recobin9 acc 0.0439 eff 0.0092 outinratio 0.0058 

VBFH126_2e2mu_rapidity4l_genbin8_recobin9 acc 0.0464 eff 0.0064 outinratio 0.006 

WminusH126_2e2mu_rapidity4l_genbin8_recobin9 acc 0.0387 eff 0.0035 outinratio 0.015 

WplusH126_2e2mu_rapidity4l_genbin8_recobin9 acc 0.0364 eff 0.0074 outinratio 0.0192 

ZH126_2e2mu_rapidity4l_genbin8_recobin9 acc 0.038 eff 0.006 outinratio 0.0491 

ttH126_2e2mu_rapidity4l_genbin8_recobin9 acc 0.0394 eff 0.0 outinratio 0.0 

ggH126_2e2mu_rapidity4l_genbin9_recobin9 acc 0.0806 eff 0.3882 outinratio 0.0058 

VBFH126_2e2mu_rapidity4l_genbin9_recobin9 acc 0.0925 eff 0.4119 outinratio 0.006 

WminusH126_2e2mu_rapidity4l_genbin9_recobin9 acc 0.0917 eff 0.3566 outinratio 0.015 

WplusH126_2e2mu_rapidity4l_genbin9_recobin9 acc 0.0938 eff 0.3647 outinratio 0.0192 

ZH126_2e2mu_rapidity4l_genbin9_recobin9 acc 0.0915 eff 0.3486 outinratio 0.0491 

ttH126_2e2mu_rapidity4l_genbin9_recobin9 acc 0.069 eff 0.2949 outinratio 0.0 

Coeff fullNNLOPS
