Welcome in RunCoefficients!
OPT SPLIT
DEBUG opt.YEAR = 2024_5
It is a single-differential measurement, binning [-3.14159265359, -2.35619449019, -1.57079632679, -0.785398163397, 0.0, 0.785398163397, 1.57079632679, 2.35619449019, 3.14159265359]
Phi1
Following observables extracted from dictionary: RECO =  Phi1  GEN =  GENPhi1
LUMI: 10.882200000000001
ttH126 0.00046886125
Processing ggH126 2024_5
Signal created
Signal failed created
Processing VBFH126 2024_5
Signal created
Signal failed created
Processing WminusH126 2024_5
Signal created
Signal failed created
Processing WplusH126 2024_5
Signal created
Signal failed created
Processing ZH126 2024_5
Signal created
Signal failed created
Processing ttH126 2024_5
Signal created
Signal failed created
2024_5 SKIMMED df CREATED
2024_5 ggH126
2024_5 VBFH126
2024_5 WminusH126
2024_5 WplusH126
2024_5 ZH126
2024_5 ttH126
Dataframes created successfully
Coeff std
ggH126_4l_phi1_genbin0_recobin0 acc 0.0469 eff 0.4774 outinratio 0.0627 

VBFH126_4l_phi1_genbin0_recobin0 acc 0.0544 eff 0.5308 outinratio 0.0324 

WminusH126_4l_phi1_genbin0_recobin0 acc 0.0402 eff 0.5249 outinratio 0.0793 

WplusH126_4l_phi1_genbin0_recobin0 acc 0.0374 eff 0.5403 outinratio 0.0549 

ZH126_4l_phi1_genbin0_recobin0 acc 0.0451 eff 0.5245 outinratio 0.0645 

ttH126_4l_phi1_genbin0_recobin0 acc 0.0379 eff 0.5255 outinratio 0.1641 

ggH126_4l_phi1_genbin1_recobin0 acc 0.0611 eff 0.0067 outinratio 0.0627 

VBFH126_4l_phi1_genbin1_recobin0 acc 0.0586 eff 0.0148 outinratio 0.0324 

WminusH126_4l_phi1_genbin1_recobin0 acc 0.0479 eff 0.0071 outinratio 0.0793 

WplusH126_4l_phi1_genbin1_recobin0 acc 0.0443 eff 0.0115 outinratio 0.0549 

ZH126_4l_phi1_genbin1_recobin0 acc 0.0494 eff 0.011 outinratio 0.0645 

ttH126_4l_phi1_genbin1_recobin0 acc 0.041 eff 0.0098 outinratio 0.1641 

ggH126_4l_phi1_genbin2_recobin0 acc 0.0569 eff 0.0009 outinratio 0.0627 

VBFH126_4l_phi1_genbin2_recobin0 acc 0.0575 eff 0.0 outinratio 0.0324 

WminusH126_4l_phi1_genbin2_recobin0 acc 0.0471 eff 0.0 outinratio 0.0793 

WplusH126_4l_phi1_genbin2_recobin0 acc 0.0394 eff 0.0016 outinratio 0.0549 

ZH126_4l_phi1_genbin2_recobin0 acc 0.0454 eff 0.0 outinratio 0.0645 

ttH126_4l_phi1_genbin2_recobin0 acc 0.0402 eff 0.0001 outinratio 0.1641 

ggH126_4l_phi1_genbin3_recobin0 acc 0.0457 eff 0.0013 outinratio 0.0627 

VBFH126_4l_phi1_genbin3_recobin0 acc 0.055 eff 0.0007 outinratio 0.0324 

WminusH126_4l_phi1_genbin3_recobin0 acc 0.0398 eff 0.001 outinratio 0.0793 

WplusH126_4l_phi1_genbin3_recobin0 acc 0.0354 eff 0.0013 outinratio 0.0549 

ZH126_4l_phi1_genbin3_recobin0 acc 0.0366 eff 0.004 outinratio 0.0645 

ttH126_4l_phi1_genbin3_recobin0 acc 0.0399 eff 0.0002 outinratio 0.1641 

ggH126_4l_phi1_genbin4_recobin0 acc 0.0461 eff 0.0 outinratio 0.0627 

VBFH126_4l_phi1_genbin4_recobin0 acc 0.054 eff 0.0002 outinratio 0.0324 

WminusH126_4l_phi1_genbin4_recobin0 acc 0.0416 eff 0.0013 outinratio 0.0793 

WplusH126_4l_phi1_genbin4_recobin0 acc 0.0351 eff 0.0013 outinratio 0.0549 

ZH126_4l_phi1_genbin4_recobin0 acc 0.039 eff 0.0 outinratio 0.0645 

ttH126_4l_phi1_genbin4_recobin0 acc 0.0394 eff 0.0002 outinratio 0.1641 

ggH126_4l_phi1_genbin5_recobin0 acc 0.0547 eff 0.0 outinratio 0.0627 

VBFH126_4l_phi1_genbin5_recobin0 acc 0.0582 eff 0.0 outinratio 0.0324 

WminusH126_4l_phi1_genbin5_recobin0 acc 0.0452 eff 0.002 outinratio 0.0793 

WplusH126_4l_phi1_genbin5_recobin0 acc 0.0386 eff 0.0031 outinratio 0.0549 

ZH126_4l_phi1_genbin5_recobin0 acc 0.0439 eff 0.0 outinratio 0.0645 

ttH126_4l_phi1_genbin5_recobin0 acc 0.0404 eff 0.0 outinratio 0.1641 

ggH126_4l_phi1_genbin6_recobin0 acc 0.0546 eff 0.0 outinratio 0.0627 

VBFH126_4l_phi1_genbin6_recobin0 acc 0.0583 eff 0.0 outinratio 0.0324 

WminusH126_4l_phi1_genbin6_recobin0 acc 0.0454 eff 0.0 outinratio 0.0793 

WplusH126_4l_phi1_genbin6_recobin0 acc 0.0412 eff 0.0 outinratio 0.0549 

ZH126_4l_phi1_genbin6_recobin0 acc 0.0431 eff 0.0059 outinratio 0.0645 

ttH126_4l_phi1_genbin6_recobin0 acc 0.0403 eff 0.0002 outinratio 0.1641 

ggH126_4l_phi1_genbin7_recobin0 acc 0.047 eff 0.0082 outinratio 0.0627 

VBFH126_4l_phi1_genbin7_recobin0 acc 0.0558 eff 0.0051 outinratio 0.0324 

WminusH126_4l_phi1_genbin7_recobin0 acc 0.0444 eff 0.0049 outinratio 0.0793 

WplusH126_4l_phi1_genbin7_recobin0 acc 0.0372 eff 0.0049 outinratio 0.0549 

ZH126_4l_phi1_genbin7_recobin0 acc 0.0439 eff 0.0142 outinratio 0.0645 

ttH126_4l_phi1_genbin7_recobin0 acc 0.0398 eff 0.0064 outinratio 0.1641 

ggH126_4l_phi1_genbin0_recobin1 acc 0.0469 eff 0.0099 outinratio 0.0359 

VBFH126_4l_phi1_genbin0_recobin1 acc 0.0544 eff 0.0134 outinratio 0.0336 

WminusH126_4l_phi1_genbin0_recobin1 acc 0.0402 eff 0.0082 outinratio 0.0654 

WplusH126_4l_phi1_genbin0_recobin1 acc 0.0374 eff 0.0166 outinratio 0.0542 

ZH126_4l_phi1_genbin0_recobin1 acc 0.0451 eff 0.0103 outinratio 0.0761 

ttH126_4l_phi1_genbin0_recobin1 acc 0.0379 eff 0.0076 outinratio 0.176 

ggH126_4l_phi1_genbin1_recobin1 acc 0.0611 eff 0.5565 outinratio 0.0359 

VBFH126_4l_phi1_genbin1_recobin1 acc 0.0586 eff 0.547 outinratio 0.0336 

WminusH126_4l_phi1_genbin1_recobin1 acc 0.0479 eff 0.5627 outinratio 0.0654 

WplusH126_4l_phi1_genbin1_recobin1 acc 0.0443 eff 0.51 outinratio 0.0542 

ZH126_4l_phi1_genbin1_recobin1 acc 0.0494 eff 0.53 outinratio 0.0761 

ttH126_4l_phi1_genbin1_recobin1 acc 0.041 eff 0.5297 outinratio 0.176 

ggH126_4l_phi1_genbin2_recobin1 acc 0.0569 eff 0.0167 outinratio 0.0359 

VBFH126_4l_phi1_genbin2_recobin1 acc 0.0575 eff 0.0123 outinratio 0.0336 

WminusH126_4l_phi1_genbin2_recobin1 acc 0.0471 eff 0.0098 outinratio 0.0654 

WplusH126_4l_phi1_genbin2_recobin1 acc 0.0394 eff 0.0107 outinratio 0.0542 

ZH126_4l_phi1_genbin2_recobin1 acc 0.0454 eff 0.0042 outinratio 0.0761 

ttH126_4l_phi1_genbin2_recobin1 acc 0.0402 eff 0.0115 outinratio 0.176 

ggH126_4l_phi1_genbin3_recobin1 acc 0.0457 eff 0.0006 outinratio 0.0359 

VBFH126_4l_phi1_genbin3_recobin1 acc 0.055 eff 0.0007 outinratio 0.0336 

WminusH126_4l_phi1_genbin3_recobin1 acc 0.0398 eff 0.0 outinratio 0.0654 

WplusH126_4l_phi1_genbin3_recobin1 acc 0.0354 eff 0.0 outinratio 0.0542 

ZH126_4l_phi1_genbin3_recobin1 acc 0.0366 eff 0.0 outinratio 0.0761 

ttH126_4l_phi1_genbin3_recobin1 acc 0.0399 eff 0.0005 outinratio 0.176 

ggH126_4l_phi1_genbin4_recobin1 acc 0.0461 eff 0.0 outinratio 0.0359 

VBFH126_4l_phi1_genbin4_recobin1 acc 0.054 eff 0.0003 outinratio 0.0336 

WminusH126_4l_phi1_genbin4_recobin1 acc 0.0416 eff 0.0008 outinratio 0.0654 

WplusH126_4l_phi1_genbin4_recobin1 acc 0.0351 eff 0.0 outinratio 0.0542 

ZH126_4l_phi1_genbin4_recobin1 acc 0.039 eff 0.0022 outinratio 0.0761 

ttH126_4l_phi1_genbin4_recobin1 acc 0.0394 eff 0.0 outinratio 0.176 

ggH126_4l_phi1_genbin5_recobin1 acc 0.0547 eff 0.0029 outinratio 0.0359 

VBFH126_4l_phi1_genbin5_recobin1 acc 0.0582 eff 0.0008 outinratio 0.0336 

WminusH126_4l_phi1_genbin5_recobin1 acc 0.0452 eff 0.0003 outinratio 0.0654 

WplusH126_4l_phi1_genbin5_recobin1 acc 0.0386 eff 0.001 outinratio 0.0542 

ZH126_4l_phi1_genbin5_recobin1 acc 0.0439 eff 0.0 outinratio 0.0761 

ttH126_4l_phi1_genbin5_recobin1 acc 0.0404 eff 0.0005 outinratio 0.176 

ggH126_4l_phi1_genbin6_recobin1 acc 0.0546 eff 0.0022 outinratio 0.0359 

VBFH126_4l_phi1_genbin6_recobin1 acc 0.0583 eff 0.0005 outinratio 0.0336 

WminusH126_4l_phi1_genbin6_recobin1 acc 0.0454 eff 0.0 outinratio 0.0654 

WplusH126_4l_phi1_genbin6_recobin1 acc 0.0412 eff 0.0026 outinratio 0.0542 

ZH126_4l_phi1_genbin6_recobin1 acc 0.0431 eff 0.0 outinratio 0.0761 

ttH126_4l_phi1_genbin6_recobin1 acc 0.0403 eff 0.0007 outinratio 0.176 

ggH126_4l_phi1_genbin7_recobin1 acc 0.047 eff 0.0 outinratio 0.0359 

VBFH126_4l_phi1_genbin7_recobin1 acc 0.0558 eff 0.0004 outinratio 0.0336 

WminusH126_4l_phi1_genbin7_recobin1 acc 0.0444 eff 0.0 outinratio 0.0654 

WplusH126_4l_phi1_genbin7_recobin1 acc 0.0372 eff 0.0018 outinratio 0.0542 

ZH126_4l_phi1_genbin7_recobin1 acc 0.0439 eff 0.0 outinratio 0.0761 

ttH126_4l_phi1_genbin7_recobin1 acc 0.0398 eff 0.0011 outinratio 0.176 

ggH126_4l_phi1_genbin0_recobin2 acc 0.0469 eff 0.0 outinratio 0.0232 

VBFH126_4l_phi1_genbin0_recobin2 acc 0.0544 eff 0.0004 outinratio 0.0268 

WminusH126_4l_phi1_genbin0_recobin2 acc 0.0402 eff 0.0015 outinratio 0.0828 

WplusH126_4l_phi1_genbin0_recobin2 acc 0.0374 eff 0.0 outinratio 0.0825 

ZH126_4l_phi1_genbin0_recobin2 acc 0.0451 eff 0.0 outinratio 0.0968 

ttH126_4l_phi1_genbin0_recobin2 acc 0.0379 eff 0.0006 outinratio 0.1671 

ggH126_4l_phi1_genbin1_recobin2 acc 0.0611 eff 0.013 outinratio 0.0232 

VBFH126_4l_phi1_genbin1_recobin2 acc 0.0586 eff 0.0126 outinratio 0.0268 

WminusH126_4l_phi1_genbin1_recobin2 acc 0.0479 eff 0.015 outinratio 0.0828 

WplusH126_4l_phi1_genbin1_recobin2 acc 0.0443 eff 0.0177 outinratio 0.0825 

ZH126_4l_phi1_genbin1_recobin2 acc 0.0494 eff 0.0067 outinratio 0.0968 

ttH126_4l_phi1_genbin1_recobin2 acc 0.041 eff 0.0127 outinratio 0.1671 

ggH126_4l_phi1_genbin2_recobin2 acc 0.0569 eff 0.5533 outinratio 0.0232 

VBFH126_4l_phi1_genbin2_recobin2 acc 0.0575 eff 0.5401 outinratio 0.0268 

WminusH126_4l_phi1_genbin2_recobin2 acc 0.0471 eff 0.5437 outinratio 0.0828 

WplusH126_4l_phi1_genbin2_recobin2 acc 0.0394 eff 0.5485 outinratio 0.0825 

ZH126_4l_phi1_genbin2_recobin2 acc 0.0454 eff 0.5452 outinratio 0.0968 

ttH126_4l_phi1_genbin2_recobin2 acc 0.0402 eff 0.5423 outinratio 0.1671 

ggH126_4l_phi1_genbin3_recobin2 acc 0.0457 eff 0.0152 outinratio 0.0232 

VBFH126_4l_phi1_genbin3_recobin2 acc 0.055 eff 0.0079 outinratio 0.0268 

WminusH126_4l_phi1_genbin3_recobin2 acc 0.0398 eff 0.0101 outinratio 0.0828 

WplusH126_4l_phi1_genbin3_recobin2 acc 0.0354 eff 0.0141 outinratio 0.0825 

ZH126_4l_phi1_genbin3_recobin2 acc 0.0366 eff 0.0124 outinratio 0.0968 

ttH126_4l_phi1_genbin3_recobin2 acc 0.0399 eff 0.0077 outinratio 0.1671 

ggH126_4l_phi1_genbin4_recobin2 acc 0.0461 eff 0.0 outinratio 0.0232 

VBFH126_4l_phi1_genbin4_recobin2 acc 0.054 eff 0.0002 outinratio 0.0268 

WminusH126_4l_phi1_genbin4_recobin2 acc 0.0416 eff 0.0022 outinratio 0.0828 

WplusH126_4l_phi1_genbin4_recobin2 acc 0.0351 eff 0.0028 outinratio 0.0825 

ZH126_4l_phi1_genbin4_recobin2 acc 0.039 eff 0.0 outinratio 0.0968 

ttH126_4l_phi1_genbin4_recobin2 acc 0.0394 eff 0.0008 outinratio 0.1671 

ggH126_4l_phi1_genbin5_recobin2 acc 0.0547 eff 0.0 outinratio 0.0232 

VBFH126_4l_phi1_genbin5_recobin2 acc 0.0582 eff 0.0009 outinratio 0.0268 

WminusH126_4l_phi1_genbin5_recobin2 acc 0.0452 eff 0.0009 outinratio 0.0828 

WplusH126_4l_phi1_genbin5_recobin2 acc 0.0386 eff 0.0004 outinratio 0.0825 

ZH126_4l_phi1_genbin5_recobin2 acc 0.0439 eff 0.0 outinratio 0.0968 

ttH126_4l_phi1_genbin5_recobin2 acc 0.0404 eff 0.0011 outinratio 0.1671 

ggH126_4l_phi1_genbin6_recobin2 acc 0.0546 eff 0.0007 outinratio 0.0232 

VBFH126_4l_phi1_genbin6_recobin2 acc 0.0583 eff 0.0 outinratio 0.0268 

WminusH126_4l_phi1_genbin6_recobin2 acc 0.0454 eff 0.0 outinratio 0.0828 

WplusH126_4l_phi1_genbin6_recobin2 acc 0.0412 eff 0.0023 outinratio 0.0825 

ZH126_4l_phi1_genbin6_recobin2 acc 0.0431 eff 0.0 outinratio 0.0968 

ttH126_4l_phi1_genbin6_recobin2 acc 0.0403 eff 0.0004 outinratio 0.1671 

ggH126_4l_phi1_genbin7_recobin2 acc 0.047 eff 0.0022 outinratio 0.0232 

VBFH126_4l_phi1_genbin7_recobin2 acc 0.0558 eff 0.0003 outinratio 0.0268 

WminusH126_4l_phi1_genbin7_recobin2 acc 0.0444 eff 0.001 outinratio 0.0828 

WplusH126_4l_phi1_genbin7_recobin2 acc 0.0372 eff 0.0 outinratio 0.0825 

ZH126_4l_phi1_genbin7_recobin2 acc 0.0439 eff 0.0 outinratio 0.0968 

ttH126_4l_phi1_genbin7_recobin2 acc 0.0398 eff 0.0012 outinratio 0.1671 

ggH126_4l_phi1_genbin0_recobin3 acc 0.0469 eff 0.0 outinratio 0.051 

VBFH126_4l_phi1_genbin0_recobin3 acc 0.0544 eff 0.0006 outinratio 0.0328 

WminusH126_4l_phi1_genbin0_recobin3 acc 0.0402 eff 0.0 outinratio 0.0741 

WplusH126_4l_phi1_genbin0_recobin3 acc 0.0374 eff 0.0011 outinratio 0.0734 

ZH126_4l_phi1_genbin0_recobin3 acc 0.0451 eff 0.0039 outinratio 0.065 

ttH126_4l_phi1_genbin0_recobin3 acc 0.0379 eff 0.0017 outinratio 0.1582 

ggH126_4l_phi1_genbin1_recobin3 acc 0.0611 eff 0.0 outinratio 0.051 

VBFH126_4l_phi1_genbin1_recobin3 acc 0.0586 eff 0.001 outinratio 0.0328 

WminusH126_4l_phi1_genbin1_recobin3 acc 0.0479 eff 0.0 outinratio 0.0741 

WplusH126_4l_phi1_genbin1_recobin3 acc 0.0443 eff 0.003 outinratio 0.0734 

ZH126_4l_phi1_genbin1_recobin3 acc 0.0494 eff 0.0027 outinratio 0.065 

ttH126_4l_phi1_genbin1_recobin3 acc 0.041 eff 0.0005 outinratio 0.1582 

ggH126_4l_phi1_genbin2_recobin3 acc 0.0569 eff 0.0074 outinratio 0.051 

VBFH126_4l_phi1_genbin2_recobin3 acc 0.0575 eff 0.0102 outinratio 0.0328 

WminusH126_4l_phi1_genbin2_recobin3 acc 0.0471 eff 0.0103 outinratio 0.0741 

WplusH126_4l_phi1_genbin2_recobin3 acc 0.0394 eff 0.007 outinratio 0.0734 

ZH126_4l_phi1_genbin2_recobin3 acc 0.0454 eff 0.008 outinratio 0.065 

ttH126_4l_phi1_genbin2_recobin3 acc 0.0402 eff 0.0067 outinratio 0.1582 

ggH126_4l_phi1_genbin3_recobin3 acc 0.0457 eff 0.5326 outinratio 0.051 

VBFH126_4l_phi1_genbin3_recobin3 acc 0.055 eff 0.5249 outinratio 0.0328 

WminusH126_4l_phi1_genbin3_recobin3 acc 0.0398 eff 0.526 outinratio 0.0741 

WplusH126_4l_phi1_genbin3_recobin3 acc 0.0354 eff 0.5585 outinratio 0.0734 

ZH126_4l_phi1_genbin3_recobin3 acc 0.0366 eff 0.5033 outinratio 0.065 

ttH126_4l_phi1_genbin3_recobin3 acc 0.0399 eff 0.5274 outinratio 0.1582 

ggH126_4l_phi1_genbin4_recobin3 acc 0.0461 eff 0.0044 outinratio 0.051 

VBFH126_4l_phi1_genbin4_recobin3 acc 0.054 eff 0.0087 outinratio 0.0328 

WminusH126_4l_phi1_genbin4_recobin3 acc 0.0416 eff 0.0035 outinratio 0.0741 

WplusH126_4l_phi1_genbin4_recobin3 acc 0.0351 eff 0.0074 outinratio 0.0734 

ZH126_4l_phi1_genbin4_recobin3 acc 0.039 eff 0.0044 outinratio 0.065 

ttH126_4l_phi1_genbin4_recobin3 acc 0.0394 eff 0.0067 outinratio 0.1582 

ggH126_4l_phi1_genbin5_recobin3 acc 0.0547 eff 0.0 outinratio 0.051 

VBFH126_4l_phi1_genbin5_recobin3 acc 0.0582 eff 0.0 outinratio 0.0328 

WminusH126_4l_phi1_genbin5_recobin3 acc 0.0452 eff 0.0015 outinratio 0.0741 

WplusH126_4l_phi1_genbin5_recobin3 acc 0.0386 eff 0.0 outinratio 0.0734 

ZH126_4l_phi1_genbin5_recobin3 acc 0.0439 eff 0.0 outinratio 0.065 

ttH126_4l_phi1_genbin5_recobin3 acc 0.0404 eff 0.0006 outinratio 0.1582 

ggH126_4l_phi1_genbin6_recobin3 acc 0.0546 eff 0.0006 outinratio 0.051 

VBFH126_4l_phi1_genbin6_recobin3 acc 0.0583 eff 0.0008 outinratio 0.0328 

WminusH126_4l_phi1_genbin6_recobin3 acc 0.0454 eff 0.0 outinratio 0.0741 

WplusH126_4l_phi1_genbin6_recobin3 acc 0.0412 eff 0.0024 outinratio 0.0734 

ZH126_4l_phi1_genbin6_recobin3 acc 0.0431 eff 0.0 outinratio 0.065 

ttH126_4l_phi1_genbin6_recobin3 acc 0.0403 eff 0.0003 outinratio 0.1582 

ggH126_4l_phi1_genbin7_recobin3 acc 0.047 eff 0.0007 outinratio 0.051 

VBFH126_4l_phi1_genbin7_recobin3 acc 0.0558 eff 0.0002 outinratio 0.0328 

WminusH126_4l_phi1_genbin7_recobin3 acc 0.0444 eff 0.0 outinratio 0.0741 

WplusH126_4l_phi1_genbin7_recobin3 acc 0.0372 eff 0.0 outinratio 0.0734 

ZH126_4l_phi1_genbin7_recobin3 acc 0.0439 eff 0.0 outinratio 0.065 

ttH126_4l_phi1_genbin7_recobin3 acc 0.0398 eff 0.0 outinratio 0.1582 

ggH126_4l_phi1_genbin0_recobin4 acc 0.0469 eff 0.0 outinratio 0.0443 

VBFH126_4l_phi1_genbin0_recobin4 acc 0.0544 eff 0.0007 outinratio 0.0352 

WminusH126_4l_phi1_genbin0_recobin4 acc 0.0402 eff 0.0 outinratio 0.0734 

WplusH126_4l_phi1_genbin0_recobin4 acc 0.0374 eff 0.0 outinratio 0.092 

ZH126_4l_phi1_genbin0_recobin4 acc 0.0451 eff 0.0 outinratio 0.0497 

ttH126_4l_phi1_genbin0_recobin4 acc 0.0379 eff -0.0006 outinratio 0.1563 

ggH126_4l_phi1_genbin1_recobin4 acc 0.0611 eff 0.0 outinratio 0.0443 

VBFH126_4l_phi1_genbin1_recobin4 acc 0.0586 eff 0.0005 outinratio 0.0352 

WminusH126_4l_phi1_genbin1_recobin4 acc 0.0479 eff 0.0006 outinratio 0.0734 

WplusH126_4l_phi1_genbin1_recobin4 acc 0.0443 eff 0.0 outinratio 0.092 

ZH126_4l_phi1_genbin1_recobin4 acc 0.0494 eff 0.0 outinratio 0.0497 

ttH126_4l_phi1_genbin1_recobin4 acc 0.041 eff 0.0004 outinratio 0.1563 

ggH126_4l_phi1_genbin2_recobin4 acc 0.0569 eff 0.0 outinratio 0.0443 

VBFH126_4l_phi1_genbin2_recobin4 acc 0.0575 eff 0.0008 outinratio 0.0352 

WminusH126_4l_phi1_genbin2_recobin4 acc 0.0471 eff 0.0 outinratio 0.0734 

WplusH126_4l_phi1_genbin2_recobin4 acc 0.0394 eff 0.0 outinratio 0.092 

ZH126_4l_phi1_genbin2_recobin4 acc 0.0454 eff 0.0 outinratio 0.0497 

ttH126_4l_phi1_genbin2_recobin4 acc 0.0402 eff 0.0003 outinratio 0.1563 

ggH126_4l_phi1_genbin3_recobin4 acc 0.0457 eff 0.0066 outinratio 0.0443 

VBFH126_4l_phi1_genbin3_recobin4 acc 0.055 eff 0.0052 outinratio 0.0352 

WminusH126_4l_phi1_genbin3_recobin4 acc 0.0398 eff 0.0105 outinratio 0.0734 

WplusH126_4l_phi1_genbin3_recobin4 acc 0.0354 eff 0.0035 outinratio 0.092 

ZH126_4l_phi1_genbin3_recobin4 acc 0.0366 eff 0.0021 outinratio 0.0497 

ttH126_4l_phi1_genbin3_recobin4 acc 0.0399 eff 0.0061 outinratio 0.1563 

ggH126_4l_phi1_genbin4_recobin4 acc 0.0461 eff 0.52 outinratio 0.0443 

VBFH126_4l_phi1_genbin4_recobin4 acc 0.054 eff 0.5376 outinratio 0.0352 

WminusH126_4l_phi1_genbin4_recobin4 acc 0.0416 eff 0.5109 outinratio 0.0734 

WplusH126_4l_phi1_genbin4_recobin4 acc 0.0351 eff 0.5296 outinratio 0.092 

ZH126_4l_phi1_genbin4_recobin4 acc 0.039 eff 0.5561 outinratio 0.0497 

ttH126_4l_phi1_genbin4_recobin4 acc 0.0394 eff 0.539 outinratio 0.1563 

ggH126_4l_phi1_genbin5_recobin4 acc 0.0547 eff 0.0102 outinratio 0.0443 

VBFH126_4l_phi1_genbin5_recobin4 acc 0.0582 eff 0.0139 outinratio 0.0352 

WminusH126_4l_phi1_genbin5_recobin4 acc 0.0452 eff 0.007 outinratio 0.0734 

WplusH126_4l_phi1_genbin5_recobin4 acc 0.0386 eff 0.016 outinratio 0.092 

ZH126_4l_phi1_genbin5_recobin4 acc 0.0439 eff 0.0048 outinratio 0.0497 

ttH126_4l_phi1_genbin5_recobin4 acc 0.0404 eff 0.0087 outinratio 0.1563 

ggH126_4l_phi1_genbin6_recobin4 acc 0.0546 eff 0.0008 outinratio 0.0443 

VBFH126_4l_phi1_genbin6_recobin4 acc 0.0583 eff 0.0005 outinratio 0.0352 

WminusH126_4l_phi1_genbin6_recobin4 acc 0.0454 eff 0.0009 outinratio 0.0734 

WplusH126_4l_phi1_genbin6_recobin4 acc 0.0412 eff 0.0 outinratio 0.092 

ZH126_4l_phi1_genbin6_recobin4 acc 0.0431 eff 0.0027 outinratio 0.0497 

ttH126_4l_phi1_genbin6_recobin4 acc 0.0403 eff 0.0 outinratio 0.1563 

ggH126_4l_phi1_genbin7_recobin4 acc 0.047 eff 0.0012 outinratio 0.0443 

VBFH126_4l_phi1_genbin7_recobin4 acc 0.0558 eff 0.0001 outinratio 0.0352 

WminusH126_4l_phi1_genbin7_recobin4 acc 0.0444 eff 0.0 outinratio 0.0734 

WplusH126_4l_phi1_genbin7_recobin4 acc 0.0372 eff 0.0005 outinratio 0.092 

ZH126_4l_phi1_genbin7_recobin4 acc 0.0439 eff 0.0 outinratio 0.0497 

ttH126_4l_phi1_genbin7_recobin4 acc 0.0398 eff 0.0003 outinratio 0.1563 

ggH126_4l_phi1_genbin0_recobin5 acc 0.0469 eff 0.0 outinratio 0.0455 

VBFH126_4l_phi1_genbin0_recobin5 acc 0.0544 eff 0.0018 outinratio 0.0315 

WminusH126_4l_phi1_genbin0_recobin5 acc 0.0402 eff 0.0026 outinratio 0.0839 

WplusH126_4l_phi1_genbin0_recobin5 acc 0.0374 eff 0.0011 outinratio 0.0638 

ZH126_4l_phi1_genbin0_recobin5 acc 0.0451 eff 0.0 outinratio 0.0704 

ttH126_4l_phi1_genbin0_recobin5 acc 0.0379 eff 0.0015 outinratio 0.1778 

ggH126_4l_phi1_genbin1_recobin5 acc 0.0611 eff 0.0 outinratio 0.0455 

VBFH126_4l_phi1_genbin1_recobin5 acc 0.0586 eff 0.0003 outinratio 0.0315 

WminusH126_4l_phi1_genbin1_recobin5 acc 0.0479 eff 0.0016 outinratio 0.0839 

WplusH126_4l_phi1_genbin1_recobin5 acc 0.0443 eff 0.0032 outinratio 0.0638 

ZH126_4l_phi1_genbin1_recobin5 acc 0.0494 eff 0.0017 outinratio 0.0704 

ttH126_4l_phi1_genbin1_recobin5 acc 0.041 eff 0.0007 outinratio 0.1778 

ggH126_4l_phi1_genbin2_recobin5 acc 0.0569 eff 0.0056 outinratio 0.0455 

VBFH126_4l_phi1_genbin2_recobin5 acc 0.0575 eff 0.0011 outinratio 0.0315 

WminusH126_4l_phi1_genbin2_recobin5 acc 0.0471 eff 0.0016 outinratio 0.0839 

WplusH126_4l_phi1_genbin2_recobin5 acc 0.0394 eff 0.0 outinratio 0.0638 

ZH126_4l_phi1_genbin2_recobin5 acc 0.0454 eff 0.0 outinratio 0.0704 

ttH126_4l_phi1_genbin2_recobin5 acc 0.0402 eff 0.0011 outinratio 0.1778 

ggH126_4l_phi1_genbin3_recobin5 acc 0.0457 eff 0.0 outinratio 0.0455 

VBFH126_4l_phi1_genbin3_recobin5 acc 0.055 eff 0.0004 outinratio 0.0315 

WminusH126_4l_phi1_genbin3_recobin5 acc 0.0398 eff 0.0 outinratio 0.0839 

WplusH126_4l_phi1_genbin3_recobin5 acc 0.0354 eff 0.0014 outinratio 0.0638 

ZH126_4l_phi1_genbin3_recobin5 acc 0.0366 eff 0.0 outinratio 0.0704 

ttH126_4l_phi1_genbin3_recobin5 acc 0.0399 eff 0.0012 outinratio 0.1778 

ggH126_4l_phi1_genbin4_recobin5 acc 0.0461 eff 0.0141 outinratio 0.0455 

VBFH126_4l_phi1_genbin4_recobin5 acc 0.054 eff 0.0125 outinratio 0.0315 

WminusH126_4l_phi1_genbin4_recobin5 acc 0.0416 eff 0.0085 outinratio 0.0839 

WplusH126_4l_phi1_genbin4_recobin5 acc 0.0351 eff 0.012 outinratio 0.0638 

ZH126_4l_phi1_genbin4_recobin5 acc 0.039 eff 0.004 outinratio 0.0704 

ttH126_4l_phi1_genbin4_recobin5 acc 0.0394 eff 0.0113 outinratio 0.1778 

ggH126_4l_phi1_genbin5_recobin5 acc 0.0547 eff 0.5162 outinratio 0.0455 

VBFH126_4l_phi1_genbin5_recobin5 acc 0.0582 eff 0.5523 outinratio 0.0315 

WminusH126_4l_phi1_genbin5_recobin5 acc 0.0452 eff 0.5097 outinratio 0.0839 

WplusH126_4l_phi1_genbin5_recobin5 acc 0.0386 eff 0.508 outinratio 0.0638 

ZH126_4l_phi1_genbin5_recobin5 acc 0.0439 eff 0.5071 outinratio 0.0704 

ttH126_4l_phi1_genbin5_recobin5 acc 0.0404 eff 0.5212 outinratio 0.1778 

ggH126_4l_phi1_genbin6_recobin5 acc 0.0546 eff 0.0099 outinratio 0.0455 

VBFH126_4l_phi1_genbin6_recobin5 acc 0.0583 eff 0.0108 outinratio 0.0315 

WminusH126_4l_phi1_genbin6_recobin5 acc 0.0454 eff 0.0117 outinratio 0.0839 

WplusH126_4l_phi1_genbin6_recobin5 acc 0.0412 eff 0.0105 outinratio 0.0638 

ZH126_4l_phi1_genbin6_recobin5 acc 0.0431 eff 0.0116 outinratio 0.0704 

ttH126_4l_phi1_genbin6_recobin5 acc 0.0403 eff 0.0105 outinratio 0.1778 

ggH126_4l_phi1_genbin7_recobin5 acc 0.047 eff 0.0 outinratio 0.0455 

VBFH126_4l_phi1_genbin7_recobin5 acc 0.0558 eff 0.0009 outinratio 0.0315 

WminusH126_4l_phi1_genbin7_recobin5 acc 0.0444 eff 0.0007 outinratio 0.0839 

WplusH126_4l_phi1_genbin7_recobin5 acc 0.0372 eff 0.0014 outinratio 0.0638 

ZH126_4l_phi1_genbin7_recobin5 acc 0.0439 eff 0.0 outinratio 0.0704 

ttH126_4l_phi1_genbin7_recobin5 acc 0.0398 eff 0.0009 outinratio 0.1778 

ggH126_4l_phi1_genbin0_recobin6 acc 0.0469 eff 0.002 outinratio 0.0563 

VBFH126_4l_phi1_genbin0_recobin6 acc 0.0544 eff 0.0006 outinratio 0.0319 

WminusH126_4l_phi1_genbin0_recobin6 acc 0.0402 eff 0.0019 outinratio 0.0638 

WplusH126_4l_phi1_genbin0_recobin6 acc 0.0374 eff 0.0 outinratio 0.0652 

ZH126_4l_phi1_genbin0_recobin6 acc 0.0451 eff 0.0 outinratio 0.0466 

ttH126_4l_phi1_genbin0_recobin6 acc 0.0379 eff 0.0003 outinratio 0.1533 

ggH126_4l_phi1_genbin1_recobin6 acc 0.0611 eff 0.0009 outinratio 0.0563 

VBFH126_4l_phi1_genbin1_recobin6 acc 0.0586 eff 0.0018 outinratio 0.0319 

WminusH126_4l_phi1_genbin1_recobin6 acc 0.0479 eff 0.0003 outinratio 0.0638 

WplusH126_4l_phi1_genbin1_recobin6 acc 0.0443 eff 0.0011 outinratio 0.0652 

ZH126_4l_phi1_genbin1_recobin6 acc 0.0494 eff 0.0056 outinratio 0.0466 

ttH126_4l_phi1_genbin1_recobin6 acc 0.041 eff 0.0003 outinratio 0.1533 

ggH126_4l_phi1_genbin2_recobin6 acc 0.0569 eff 0.0016 outinratio 0.0563 

VBFH126_4l_phi1_genbin2_recobin6 acc 0.0575 eff 0.0001 outinratio 0.0319 

WminusH126_4l_phi1_genbin2_recobin6 acc 0.0471 eff 0.0024 outinratio 0.0638 

WplusH126_4l_phi1_genbin2_recobin6 acc 0.0394 eff 0.0 outinratio 0.0652 

ZH126_4l_phi1_genbin2_recobin6 acc 0.0454 eff 0.0 outinratio 0.0466 

ttH126_4l_phi1_genbin2_recobin6 acc 0.0402 eff 0.0002 outinratio 0.1533 

ggH126_4l_phi1_genbin3_recobin6 acc 0.0457 eff 0.0012 outinratio 0.0563 

VBFH126_4l_phi1_genbin3_recobin6 acc 0.055 eff 0.0007 outinratio 0.0319 

WminusH126_4l_phi1_genbin3_recobin6 acc 0.0398 eff 0.0 outinratio 0.0638 

WplusH126_4l_phi1_genbin3_recobin6 acc 0.0354 eff 0.0 outinratio 0.0652 

ZH126_4l_phi1_genbin3_recobin6 acc 0.0366 eff 0.0 outinratio 0.0466 

ttH126_4l_phi1_genbin3_recobin6 acc 0.0399 eff 0.0004 outinratio 0.1533 

ggH126_4l_phi1_genbin4_recobin6 acc 0.0461 eff 0.0018 outinratio 0.0563 

VBFH126_4l_phi1_genbin4_recobin6 acc 0.054 eff 0.0012 outinratio 0.0319 

WminusH126_4l_phi1_genbin4_recobin6 acc 0.0416 eff 0.0 outinratio 0.0638 

WplusH126_4l_phi1_genbin4_recobin6 acc 0.0351 eff 0.0 outinratio 0.0652 

ZH126_4l_phi1_genbin4_recobin6 acc 0.039 eff 0.0 outinratio 0.0466 

ttH126_4l_phi1_genbin4_recobin6 acc 0.0394 eff 0.0005 outinratio 0.1533 

ggH126_4l_phi1_genbin5_recobin6 acc 0.0547 eff 0.012 outinratio 0.0563 

VBFH126_4l_phi1_genbin5_recobin6 acc 0.0582 eff 0.0134 outinratio 0.0319 

WminusH126_4l_phi1_genbin5_recobin6 acc 0.0452 eff 0.0117 outinratio 0.0638 

WplusH126_4l_phi1_genbin5_recobin6 acc 0.0386 eff 0.0079 outinratio 0.0652 

ZH126_4l_phi1_genbin5_recobin6 acc 0.0439 eff 0.0086 outinratio 0.0466 

ttH126_4l_phi1_genbin5_recobin6 acc 0.0404 eff 0.0113 outinratio 0.1533 

ggH126_4l_phi1_genbin6_recobin6 acc 0.0546 eff 0.5332 outinratio 0.0563 

VBFH126_4l_phi1_genbin6_recobin6 acc 0.0583 eff 0.5687 outinratio 0.0319 

WminusH126_4l_phi1_genbin6_recobin6 acc 0.0454 eff 0.5556 outinratio 0.0638 

WplusH126_4l_phi1_genbin6_recobin6 acc 0.0412 eff 0.5292 outinratio 0.0652 

ZH126_4l_phi1_genbin6_recobin6 acc 0.0431 eff 0.5251 outinratio 0.0466 

ttH126_4l_phi1_genbin6_recobin6 acc 0.0403 eff 0.5402 outinratio 0.1533 

ggH126_4l_phi1_genbin7_recobin6 acc 0.047 eff 0.0058 outinratio 0.0563 

VBFH126_4l_phi1_genbin7_recobin6 acc 0.0558 eff 0.0098 outinratio 0.0319 

WminusH126_4l_phi1_genbin7_recobin6 acc 0.0444 eff 0.0118 outinratio 0.0638 

WplusH126_4l_phi1_genbin7_recobin6 acc 0.0372 eff 0.009 outinratio 0.0652 

ZH126_4l_phi1_genbin7_recobin6 acc 0.0439 eff 0.0066 outinratio 0.0466 

ttH126_4l_phi1_genbin7_recobin6 acc 0.0398 eff 0.0103 outinratio 0.1533 

ggH126_4l_phi1_genbin0_recobin7 acc 0.0469 eff 0.0045 outinratio 0.0567 

VBFH126_4l_phi1_genbin0_recobin7 acc 0.0544 eff 0.0108 outinratio 0.0324 

WminusH126_4l_phi1_genbin0_recobin7 acc 0.0402 eff 0.0085 outinratio 0.0526 

WplusH126_4l_phi1_genbin0_recobin7 acc 0.0374 eff 0.004 outinratio 0.0879 

ZH126_4l_phi1_genbin0_recobin7 acc 0.0451 eff -0.0009 outinratio 0.0548 

ttH126_4l_phi1_genbin0_recobin7 acc 0.0379 eff 0.0055 outinratio 0.1391 

ggH126_4l_phi1_genbin1_recobin7 acc 0.0611 eff 0.0015 outinratio 0.0567 

VBFH126_4l_phi1_genbin1_recobin7 acc 0.0586 eff 0.0006 outinratio 0.0324 

WminusH126_4l_phi1_genbin1_recobin7 acc 0.0479 eff 0.0 outinratio 0.0526 

WplusH126_4l_phi1_genbin1_recobin7 acc 0.0443 eff 0.0 outinratio 0.0879 

ZH126_4l_phi1_genbin1_recobin7 acc 0.0494 eff 0.0 outinratio 0.0548 

ttH126_4l_phi1_genbin1_recobin7 acc 0.041 eff 0.0 outinratio 0.1391 

ggH126_4l_phi1_genbin2_recobin7 acc 0.0569 eff 0.001 outinratio 0.0567 

VBFH126_4l_phi1_genbin2_recobin7 acc 0.0575 eff 0.0005 outinratio 0.0324 

WminusH126_4l_phi1_genbin2_recobin7 acc 0.0471 eff 0.0 outinratio 0.0526 

WplusH126_4l_phi1_genbin2_recobin7 acc 0.0394 eff 0.0 outinratio 0.0879 

ZH126_4l_phi1_genbin2_recobin7 acc 0.0454 eff 0.0 outinratio 0.0548 

ttH126_4l_phi1_genbin2_recobin7 acc 0.0402 eff 0.0019 outinratio 0.1391 

ggH126_4l_phi1_genbin3_recobin7 acc 0.0457 eff 0.0 outinratio 0.0567 

VBFH126_4l_phi1_genbin3_recobin7 acc 0.055 eff 0.0015 outinratio 0.0324 

WminusH126_4l_phi1_genbin3_recobin7 acc 0.0398 eff 0.0 outinratio 0.0526 

WplusH126_4l_phi1_genbin3_recobin7 acc 0.0354 eff 0.0 outinratio 0.0879 

ZH126_4l_phi1_genbin3_recobin7 acc 0.0366 eff 0.0 outinratio 0.0548 

ttH126_4l_phi1_genbin3_recobin7 acc 0.0399 eff 0.0 outinratio 0.1391 

ggH126_4l_phi1_genbin4_recobin7 acc 0.0461 eff 0.0 outinratio 0.0567 

VBFH126_4l_phi1_genbin4_recobin7 acc 0.054 eff 0.001 outinratio 0.0324 

WminusH126_4l_phi1_genbin4_recobin7 acc 0.0416 eff 0.0 outinratio 0.0526 

WplusH126_4l_phi1_genbin4_recobin7 acc 0.0351 eff 0.0 outinratio 0.0879 

ZH126_4l_phi1_genbin4_recobin7 acc 0.039 eff 0.0 outinratio 0.0548 

ttH126_4l_phi1_genbin4_recobin7 acc 0.0394 eff 0.0002 outinratio 0.1391 

ggH126_4l_phi1_genbin5_recobin7 acc 0.0547 eff 0.0 outinratio 0.0567 

VBFH126_4l_phi1_genbin5_recobin7 acc 0.0582 eff 0.0002 outinratio 0.0324 

WminusH126_4l_phi1_genbin5_recobin7 acc 0.0452 eff 0.0 outinratio 0.0526 

WplusH126_4l_phi1_genbin5_recobin7 acc 0.0386 eff 0.0 outinratio 0.0879 

ZH126_4l_phi1_genbin5_recobin7 acc 0.0439 eff 0.0023 outinratio 0.0548 

ttH126_4l_phi1_genbin5_recobin7 acc 0.0404 eff 0.001 outinratio 0.1391 

ggH126_4l_phi1_genbin6_recobin7 acc 0.0546 eff 0.0125 outinratio 0.0567 

VBFH126_4l_phi1_genbin6_recobin7 acc 0.0583 eff 0.011 outinratio 0.0324 

WminusH126_4l_phi1_genbin6_recobin7 acc 0.0454 eff 0.0103 outinratio 0.0526 

WplusH126_4l_phi1_genbin6_recobin7 acc 0.0412 eff 0.0078 outinratio 0.0879 

ZH126_4l_phi1_genbin6_recobin7 acc 0.0431 eff 0.0162 outinratio 0.0548 

ttH126_4l_phi1_genbin6_recobin7 acc 0.0403 eff 0.0157 outinratio 0.1391 

ggH126_4l_phi1_genbin7_recobin7 acc 0.047 eff 0.5077 outinratio 0.0567 

VBFH126_4l_phi1_genbin7_recobin7 acc 0.0558 eff 0.5309 outinratio 0.0324 

WminusH126_4l_phi1_genbin7_recobin7 acc 0.0444 eff 0.4996 outinratio 0.0526 

WplusH126_4l_phi1_genbin7_recobin7 acc 0.0372 eff 0.5194 outinratio 0.0879 

ZH126_4l_phi1_genbin7_recobin7 acc 0.0439 eff 0.5217 outinratio 0.0548 

ttH126_4l_phi1_genbin7_recobin7 acc 0.0398 eff 0.5355 outinratio 0.1391 

ggH126_4e_phi1_genbin0_recobin0 acc 0.05 eff 0.2813 outinratio 0.0827 

VBFH126_4e_phi1_genbin0_recobin0 acc 0.0532 eff 0.2951 outinratio 0.0265 

WminusH126_4e_phi1_genbin0_recobin0 acc 0.0429 eff 0.2957 outinratio 0.0105 

WplusH126_4e_phi1_genbin0_recobin0 acc 0.034 eff 0.2985 outinratio 0.0808 

ZH126_4e_phi1_genbin0_recobin0 acc 0.0417 eff 0.3483 outinratio 0.0361 

ttH126_4e_phi1_genbin0_recobin0 acc 0.0368 eff 0.323 outinratio 0.1568 

ggH126_4e_phi1_genbin1_recobin0 acc 0.0628 eff 0.009 outinratio 0.0827 

VBFH126_4e_phi1_genbin1_recobin0 acc 0.0555 eff 0.0149 outinratio 0.0265 

WminusH126_4e_phi1_genbin1_recobin0 acc 0.0439 eff 0.0026 outinratio 0.0105 

WplusH126_4e_phi1_genbin1_recobin0 acc 0.0468 eff 0.0075 outinratio 0.0808 

ZH126_4e_phi1_genbin1_recobin0 acc 0.0473 eff 0.0 outinratio 0.0361 

ttH126_4e_phi1_genbin1_recobin0 acc 0.0392 eff 0.0109 outinratio 0.1568 

ggH126_4e_phi1_genbin2_recobin0 acc 0.0534 eff 0.0036 outinratio 0.0827 

VBFH126_4e_phi1_genbin2_recobin0 acc 0.059 eff 0.0 outinratio 0.0265 

WminusH126_4e_phi1_genbin2_recobin0 acc 0.0478 eff 0.0 outinratio 0.0105 

WplusH126_4e_phi1_genbin2_recobin0 acc 0.0354 eff 0.007 outinratio 0.0808 

ZH126_4e_phi1_genbin2_recobin0 acc 0.0386 eff 0.0 outinratio 0.0361 

ttH126_4e_phi1_genbin2_recobin0 acc 0.0384 eff 0.0 outinratio 0.1568 

ggH126_4e_phi1_genbin3_recobin0 acc 0.0466 eff 0.0 outinratio 0.0827 

VBFH126_4e_phi1_genbin3_recobin0 acc 0.0532 eff 0.0 outinratio 0.0265 

WminusH126_4e_phi1_genbin3_recobin0 acc 0.0369 eff 0.0 outinratio 0.0105 

WplusH126_4e_phi1_genbin3_recobin0 acc 0.0362 eff 0.0049 outinratio 0.0808 

ZH126_4e_phi1_genbin3_recobin0 acc 0.0398 eff 0.0 outinratio 0.0361 

ttH126_4e_phi1_genbin3_recobin0 acc 0.0408 eff 0.0008 outinratio 0.1568 

ggH126_4e_phi1_genbin4_recobin0 acc 0.0393 eff 0.0 outinratio 0.0827 

VBFH126_4e_phi1_genbin4_recobin0 acc 0.0532 eff 0.0 outinratio 0.0265 

WminusH126_4e_phi1_genbin4_recobin0 acc 0.0401 eff 0.0019 outinratio 0.0105 

WplusH126_4e_phi1_genbin4_recobin0 acc 0.0327 eff 0.0052 outinratio 0.0808 

ZH126_4e_phi1_genbin4_recobin0 acc 0.0311 eff 0.0 outinratio 0.0361 

ttH126_4e_phi1_genbin4_recobin0 acc 0.0369 eff 0.001 outinratio 0.1568 

ggH126_4e_phi1_genbin5_recobin0 acc 0.0531 eff 0.0 outinratio 0.0827 

VBFH126_4e_phi1_genbin5_recobin0 acc 0.0537 eff 0.0 outinratio 0.0265 

WminusH126_4e_phi1_genbin5_recobin0 acc 0.0465 eff 0.0 outinratio 0.0105 

WplusH126_4e_phi1_genbin5_recobin0 acc 0.0371 eff 0.0056 outinratio 0.0808 

ZH126_4e_phi1_genbin5_recobin0 acc 0.0442 eff 0.0 outinratio 0.0361 

ttH126_4e_phi1_genbin5_recobin0 acc 0.0385 eff 0.0 outinratio 0.1568 

ggH126_4e_phi1_genbin6_recobin0 acc 0.0479 eff 0.0 outinratio 0.0827 

VBFH126_4e_phi1_genbin6_recobin0 acc 0.056 eff 0.0 outinratio 0.0265 

WminusH126_4e_phi1_genbin6_recobin0 acc 0.0435 eff 0.0 outinratio 0.0105 

WplusH126_4e_phi1_genbin6_recobin0 acc 0.0404 eff 0.0 outinratio 0.0808 

ZH126_4e_phi1_genbin6_recobin0 acc 0.0342 eff 0.0 outinratio 0.0361 

ttH126_4e_phi1_genbin6_recobin0 acc 0.0397 eff 0.0 outinratio 0.1568 

ggH126_4e_phi1_genbin7_recobin0 acc 0.0492 eff 0.0182 outinratio 0.0827 

VBFH126_4e_phi1_genbin7_recobin0 acc 0.0535 eff 0.0125 outinratio 0.0265 

WminusH126_4e_phi1_genbin7_recobin0 acc 0.0461 eff 0.006 outinratio 0.0105 

WplusH126_4e_phi1_genbin7_recobin0 acc 0.031 eff 0.0191 outinratio 0.0808 

ZH126_4e_phi1_genbin7_recobin0 acc 0.0429 eff 0.0099 outinratio 0.0361 

ttH126_4e_phi1_genbin7_recobin0 acc 0.0389 eff 0.0125 outinratio 0.1568 

ggH126_4e_phi1_genbin0_recobin1 acc 0.05 eff 0.012 outinratio 0.0386 

VBFH126_4e_phi1_genbin0_recobin1 acc 0.0532 eff 0.0061 outinratio 0.0376 

WminusH126_4e_phi1_genbin0_recobin1 acc 0.0429 eff 0.0017 outinratio 0.0219 

WplusH126_4e_phi1_genbin0_recobin1 acc 0.034 eff 0.009 outinratio 0.0734 

ZH126_4e_phi1_genbin0_recobin1 acc 0.0417 eff 0.0 outinratio 0.0948 

ttH126_4e_phi1_genbin0_recobin1 acc 0.0368 eff 0.003 outinratio 0.3087 

ggH126_4e_phi1_genbin1_recobin1 acc 0.0628 eff 0.3332 outinratio 0.0386 

VBFH126_4e_phi1_genbin1_recobin1 acc 0.0555 eff 0.3417 outinratio 0.0376 

WminusH126_4e_phi1_genbin1_recobin1 acc 0.0439 eff 0.359 outinratio 0.0219 

WplusH126_4e_phi1_genbin1_recobin1 acc 0.0468 eff 0.3532 outinratio 0.0734 

ZH126_4e_phi1_genbin1_recobin1 acc 0.0473 eff 0.2953 outinratio 0.0948 

ttH126_4e_phi1_genbin1_recobin1 acc 0.0392 eff 0.2932 outinratio 0.3087 

ggH126_4e_phi1_genbin2_recobin1 acc 0.0534 eff 0.0113 outinratio 0.0386 

VBFH126_4e_phi1_genbin2_recobin1 acc 0.059 eff 0.0059 outinratio 0.0376 

WminusH126_4e_phi1_genbin2_recobin1 acc 0.0478 eff 0.0042 outinratio 0.0219 

WplusH126_4e_phi1_genbin2_recobin1 acc 0.0354 eff 0.0045 outinratio 0.0734 

ZH126_4e_phi1_genbin2_recobin1 acc 0.0386 eff 0.0 outinratio 0.0948 

ttH126_4e_phi1_genbin2_recobin1 acc 0.0384 eff 0.0061 outinratio 0.3087 

ggH126_4e_phi1_genbin3_recobin1 acc 0.0466 eff 0.0 outinratio 0.0386 

VBFH126_4e_phi1_genbin3_recobin1 acc 0.0532 eff 0.0021 outinratio 0.0376 

WminusH126_4e_phi1_genbin3_recobin1 acc 0.0369 eff 0.0 outinratio 0.0219 

WplusH126_4e_phi1_genbin3_recobin1 acc 0.0362 eff 0.0 outinratio 0.0734 

ZH126_4e_phi1_genbin3_recobin1 acc 0.0398 eff 0.0 outinratio 0.0948 

ttH126_4e_phi1_genbin3_recobin1 acc 0.0408 eff 0.0011 outinratio 0.3087 

ggH126_4e_phi1_genbin4_recobin1 acc 0.0393 eff 0.0 outinratio 0.0386 

VBFH126_4e_phi1_genbin4_recobin1 acc 0.0532 eff 0.0 outinratio 0.0376 

WminusH126_4e_phi1_genbin4_recobin1 acc 0.0401 eff 0.0 outinratio 0.0219 

WplusH126_4e_phi1_genbin4_recobin1 acc 0.0327 eff 0.0 outinratio 0.0734 

ZH126_4e_phi1_genbin4_recobin1 acc 0.0311 eff 0.0 outinratio 0.0948 

ttH126_4e_phi1_genbin4_recobin1 acc 0.0369 eff 0.0 outinratio 0.3087 

ggH126_4e_phi1_genbin5_recobin1 acc 0.0531 eff 0.0045 outinratio 0.0386 

VBFH126_4e_phi1_genbin5_recobin1 acc 0.0537 eff 0.0 outinratio 0.0376 

WminusH126_4e_phi1_genbin5_recobin1 acc 0.0465 eff 0.0013 outinratio 0.0219 

WplusH126_4e_phi1_genbin5_recobin1 acc 0.0371 eff 0.0041 outinratio 0.0734 

ZH126_4e_phi1_genbin5_recobin1 acc 0.0442 eff 0.0 outinratio 0.0948 

ttH126_4e_phi1_genbin5_recobin1 acc 0.0385 eff 0.0003 outinratio 0.3087 

ggH126_4e_phi1_genbin6_recobin1 acc 0.0479 eff 0.0 outinratio 0.0386 

VBFH126_4e_phi1_genbin6_recobin1 acc 0.056 eff 0.0016 outinratio 0.0376 

WminusH126_4e_phi1_genbin6_recobin1 acc 0.0435 eff 0.0 outinratio 0.0219 

WplusH126_4e_phi1_genbin6_recobin1 acc 0.0404 eff 0.0054 outinratio 0.0734 

ZH126_4e_phi1_genbin6_recobin1 acc 0.0342 eff 0.0 outinratio 0.0948 

ttH126_4e_phi1_genbin6_recobin1 acc 0.0397 eff 0.0007 outinratio 0.3087 

ggH126_4e_phi1_genbin7_recobin1 acc 0.0492 eff 0.0 outinratio 0.0386 

VBFH126_4e_phi1_genbin7_recobin1 acc 0.0535 eff 0.0 outinratio 0.0376 

WminusH126_4e_phi1_genbin7_recobin1 acc 0.0461 eff 0.0 outinratio 0.0219 

WplusH126_4e_phi1_genbin7_recobin1 acc 0.031 eff 0.0 outinratio 0.0734 

ZH126_4e_phi1_genbin7_recobin1 acc 0.0429 eff 0.0 outinratio 0.0948 

ttH126_4e_phi1_genbin7_recobin1 acc 0.0389 eff 0.0 outinratio 0.3087 

ggH126_4e_phi1_genbin0_recobin2 acc 0.05 eff 0.0 outinratio 0.0465 

VBFH126_4e_phi1_genbin0_recobin2 acc 0.0532 eff 0.0 outinratio 0.0169 

WminusH126_4e_phi1_genbin0_recobin2 acc 0.0429 eff 0.0 outinratio 0.1053 

WplusH126_4e_phi1_genbin0_recobin2 acc 0.034 eff 0.0 outinratio 0.0637 

ZH126_4e_phi1_genbin0_recobin2 acc 0.0417 eff 0.0 outinratio 0.148 

ttH126_4e_phi1_genbin0_recobin2 acc 0.0368 eff 0.0013 outinratio 0.1783 

ggH126_4e_phi1_genbin1_recobin2 acc 0.0628 eff 0.0075 outinratio 0.0465 

VBFH126_4e_phi1_genbin1_recobin2 acc 0.0555 eff 0.0105 outinratio 0.0169 

WminusH126_4e_phi1_genbin1_recobin2 acc 0.0439 eff 0.0087 outinratio 0.1053 

WplusH126_4e_phi1_genbin1_recobin2 acc 0.0468 eff 0.0149 outinratio 0.0637 

ZH126_4e_phi1_genbin1_recobin2 acc 0.0473 eff 0.0066 outinratio 0.148 

ttH126_4e_phi1_genbin1_recobin2 acc 0.0392 eff 0.0121 outinratio 0.1783 

ggH126_4e_phi1_genbin2_recobin2 acc 0.0534 eff 0.3651 outinratio 0.0465 

VBFH126_4e_phi1_genbin2_recobin2 acc 0.059 eff 0.3284 outinratio 0.0169 

WminusH126_4e_phi1_genbin2_recobin2 acc 0.0478 eff 0.3202 outinratio 0.1053 

WplusH126_4e_phi1_genbin2_recobin2 acc 0.0354 eff 0.3484 outinratio 0.0637 

ZH126_4e_phi1_genbin2_recobin2 acc 0.0386 eff 0.3312 outinratio 0.148 

ttH126_4e_phi1_genbin2_recobin2 acc 0.0384 eff 0.3214 outinratio 0.1783 

ggH126_4e_phi1_genbin3_recobin2 acc 0.0466 eff 0.0212 outinratio 0.0465 

VBFH126_4e_phi1_genbin3_recobin2 acc 0.0532 eff 0.0062 outinratio 0.0169 

WminusH126_4e_phi1_genbin3_recobin2 acc 0.0369 eff 0.0029 outinratio 0.1053 

WplusH126_4e_phi1_genbin3_recobin2 acc 0.0362 eff 0.0154 outinratio 0.0637 

ZH126_4e_phi1_genbin3_recobin2 acc 0.0398 eff 0.0086 outinratio 0.148 

ttH126_4e_phi1_genbin3_recobin2 acc 0.0408 eff 0.0094 outinratio 0.1783 

ggH126_4e_phi1_genbin4_recobin2 acc 0.0393 eff 0.0 outinratio 0.0465 

VBFH126_4e_phi1_genbin4_recobin2 acc 0.0532 eff 0.0 outinratio 0.0169 

WminusH126_4e_phi1_genbin4_recobin2 acc 0.0401 eff 0.0 outinratio 0.1053 

WplusH126_4e_phi1_genbin4_recobin2 acc 0.0327 eff 0.0 outinratio 0.0637 

ZH126_4e_phi1_genbin4_recobin2 acc 0.0311 eff 0.0 outinratio 0.148 

ttH126_4e_phi1_genbin4_recobin2 acc 0.0369 eff 0.0015 outinratio 0.1783 

ggH126_4e_phi1_genbin5_recobin2 acc 0.0531 eff 0.0 outinratio 0.0465 

VBFH126_4e_phi1_genbin5_recobin2 acc 0.0537 eff 0.0 outinratio 0.0169 

WminusH126_4e_phi1_genbin5_recobin2 acc 0.0465 eff 0.0034 outinratio 0.1053 

WplusH126_4e_phi1_genbin5_recobin2 acc 0.0371 eff 0.0015 outinratio 0.0637 

ZH126_4e_phi1_genbin5_recobin2 acc 0.0442 eff 0.0 outinratio 0.148 

ttH126_4e_phi1_genbin5_recobin2 acc 0.0385 eff 0.0023 outinratio 0.1783 

ggH126_4e_phi1_genbin6_recobin2 acc 0.0479 eff 0.0032 outinratio 0.0465 

VBFH126_4e_phi1_genbin6_recobin2 acc 0.056 eff 0.0 outinratio 0.0169 

WminusH126_4e_phi1_genbin6_recobin2 acc 0.0435 eff 0.0 outinratio 0.1053 

WplusH126_4e_phi1_genbin6_recobin2 acc 0.0404 eff 0.0 outinratio 0.0637 

ZH126_4e_phi1_genbin6_recobin2 acc 0.0342 eff 0.0 outinratio 0.148 

ttH126_4e_phi1_genbin6_recobin2 acc 0.0397 eff 0.0 outinratio 0.1783 

ggH126_4e_phi1_genbin7_recobin2 acc 0.0492 eff 0.0 outinratio 0.0465 

VBFH126_4e_phi1_genbin7_recobin2 acc 0.0535 eff 0.0 outinratio 0.0169 

WminusH126_4e_phi1_genbin7_recobin2 acc 0.0461 eff 0.004 outinratio 0.1053 

WplusH126_4e_phi1_genbin7_recobin2 acc 0.031 eff 0.0 outinratio 0.0637 

ZH126_4e_phi1_genbin7_recobin2 acc 0.0429 eff 0.0 outinratio 0.148 

ttH126_4e_phi1_genbin7_recobin2 acc 0.0389 eff 0.0022 outinratio 0.1783 

ggH126_4e_phi1_genbin0_recobin3 acc 0.05 eff 0.0 outinratio 0.0443 

VBFH126_4e_phi1_genbin0_recobin3 acc 0.0532 eff 0.0 outinratio 0.0154 

WminusH126_4e_phi1_genbin0_recobin3 acc 0.0429 eff 0.0 outinratio 0.1313 

WplusH126_4e_phi1_genbin0_recobin3 acc 0.034 eff 0.0047 outinratio 0.0542 

ZH126_4e_phi1_genbin0_recobin3 acc 0.0417 eff 0.0 outinratio 0.0556 

ttH126_4e_phi1_genbin0_recobin3 acc 0.0368 eff 0.0027 outinratio 0.1506 

ggH126_4e_phi1_genbin1_recobin3 acc 0.0628 eff 0.0 outinratio 0.0443 

VBFH126_4e_phi1_genbin1_recobin3 acc 0.0555 eff 0.0016 outinratio 0.0154 

WminusH126_4e_phi1_genbin1_recobin3 acc 0.0439 eff 0.0 outinratio 0.1313 

WplusH126_4e_phi1_genbin1_recobin3 acc 0.0468 eff 0.011 outinratio 0.0542 

ZH126_4e_phi1_genbin1_recobin3 acc 0.0473 eff 0.0 outinratio 0.0556 

ttH126_4e_phi1_genbin1_recobin3 acc 0.0392 eff 0.001 outinratio 0.1506 

ggH126_4e_phi1_genbin2_recobin3 acc 0.0534 eff 0.0082 outinratio 0.0443 

VBFH126_4e_phi1_genbin2_recobin3 acc 0.059 eff 0.0108 outinratio 0.0154 

WminusH126_4e_phi1_genbin2_recobin3 acc 0.0478 eff 0.016 outinratio 0.1313 

WplusH126_4e_phi1_genbin2_recobin3 acc 0.0354 eff 0.0072 outinratio 0.0542 

ZH126_4e_phi1_genbin2_recobin3 acc 0.0386 eff 0.0 outinratio 0.0556 

ttH126_4e_phi1_genbin2_recobin3 acc 0.0384 eff 0.0064 outinratio 0.1506 

ggH126_4e_phi1_genbin3_recobin3 acc 0.0466 eff 0.2989 outinratio 0.0443 

VBFH126_4e_phi1_genbin3_recobin3 acc 0.0532 eff 0.2776 outinratio 0.0154 

WminusH126_4e_phi1_genbin3_recobin3 acc 0.0369 eff 0.2855 outinratio 0.1313 

WplusH126_4e_phi1_genbin3_recobin3 acc 0.0362 eff 0.3734 outinratio 0.0542 

ZH126_4e_phi1_genbin3_recobin3 acc 0.0398 eff 0.3317 outinratio 0.0556 

ttH126_4e_phi1_genbin3_recobin3 acc 0.0408 eff 0.3206 outinratio 0.1506 

ggH126_4e_phi1_genbin4_recobin3 acc 0.0393 eff 0.0045 outinratio 0.0443 

VBFH126_4e_phi1_genbin4_recobin3 acc 0.0532 eff 0.0144 outinratio 0.0154 

WminusH126_4e_phi1_genbin4_recobin3 acc 0.0401 eff 0.007 outinratio 0.1313 

WplusH126_4e_phi1_genbin4_recobin3 acc 0.0327 eff 0.0 outinratio 0.0542 

ZH126_4e_phi1_genbin4_recobin3 acc 0.0311 eff 0.0 outinratio 0.0556 

ttH126_4e_phi1_genbin4_recobin3 acc 0.0369 eff 0.0119 outinratio 0.1506 

ggH126_4e_phi1_genbin5_recobin3 acc 0.0531 eff 0.0 outinratio 0.0443 

VBFH126_4e_phi1_genbin5_recobin3 acc 0.0537 eff 0.0 outinratio 0.0154 

WminusH126_4e_phi1_genbin5_recobin3 acc 0.0465 eff 0.0025 outinratio 0.1313 

WplusH126_4e_phi1_genbin5_recobin3 acc 0.0371 eff 0.0 outinratio 0.0542 

ZH126_4e_phi1_genbin5_recobin3 acc 0.0442 eff 0.0 outinratio 0.0556 

ttH126_4e_phi1_genbin5_recobin3 acc 0.0385 eff 0.0012 outinratio 0.1506 

ggH126_4e_phi1_genbin6_recobin3 acc 0.0479 eff 0.0025 outinratio 0.0443 

VBFH126_4e_phi1_genbin6_recobin3 acc 0.056 eff 0.0 outinratio 0.0154 

WminusH126_4e_phi1_genbin6_recobin3 acc 0.0435 eff 0.0 outinratio 0.1313 

WplusH126_4e_phi1_genbin6_recobin3 acc 0.0404 eff 0.0046 outinratio 0.0542 

ZH126_4e_phi1_genbin6_recobin3 acc 0.0342 eff 0.0 outinratio 0.0556 

ttH126_4e_phi1_genbin6_recobin3 acc 0.0397 eff 0.001 outinratio 0.1506 

ggH126_4e_phi1_genbin7_recobin3 acc 0.0492 eff 0.0027 outinratio 0.0443 

VBFH126_4e_phi1_genbin7_recobin3 acc 0.0535 eff 0.0 outinratio 0.0154 

WminusH126_4e_phi1_genbin7_recobin3 acc 0.0461 eff 0.0 outinratio 0.1313 

WplusH126_4e_phi1_genbin7_recobin3 acc 0.031 eff 0.0 outinratio 0.0542 

ZH126_4e_phi1_genbin7_recobin3 acc 0.0429 eff 0.0 outinratio 0.0556 

ttH126_4e_phi1_genbin7_recobin3 acc 0.0389 eff 0.0 outinratio 0.1506 

ggH126_4e_phi1_genbin0_recobin4 acc 0.05 eff 0.0 outinratio 0.0666 

VBFH126_4e_phi1_genbin0_recobin4 acc 0.0532 eff 0.0017 outinratio 0.0395 

WminusH126_4e_phi1_genbin0_recobin4 acc 0.0429 eff 0.0 outinratio 0.0821 

WplusH126_4e_phi1_genbin0_recobin4 acc 0.034 eff 0.0 outinratio 0.2668 

ZH126_4e_phi1_genbin0_recobin4 acc 0.0417 eff 0.0 outinratio 0.0 

ttH126_4e_phi1_genbin0_recobin4 acc 0.0368 eff 0.0 outinratio 0.2144 

ggH126_4e_phi1_genbin1_recobin4 acc 0.0628 eff 0.0 outinratio 0.0666 

VBFH126_4e_phi1_genbin1_recobin4 acc 0.0555 eff 0.001 outinratio 0.0395 

WminusH126_4e_phi1_genbin1_recobin4 acc 0.0439 eff 0.0024 outinratio 0.0821 

WplusH126_4e_phi1_genbin1_recobin4 acc 0.0468 eff 0.0 outinratio 0.2668 

ZH126_4e_phi1_genbin1_recobin4 acc 0.0473 eff 0.0 outinratio 0.0 

ttH126_4e_phi1_genbin1_recobin4 acc 0.0392 eff 0.0009 outinratio 0.2144 

ggH126_4e_phi1_genbin2_recobin4 acc 0.0534 eff 0.0 outinratio 0.0666 

VBFH126_4e_phi1_genbin2_recobin4 acc 0.059 eff 0.0032 outinratio 0.0395 

WminusH126_4e_phi1_genbin2_recobin4 acc 0.0478 eff 0.0 outinratio 0.0821 

WplusH126_4e_phi1_genbin2_recobin4 acc 0.0354 eff 0.0 outinratio 0.2668 

ZH126_4e_phi1_genbin2_recobin4 acc 0.0386 eff 0.0 outinratio 0.0 

ttH126_4e_phi1_genbin2_recobin4 acc 0.0384 eff 0.0008 outinratio 0.2144 

ggH126_4e_phi1_genbin3_recobin4 acc 0.0466 eff 0.0124 outinratio 0.0666 

VBFH126_4e_phi1_genbin3_recobin4 acc 0.0532 eff 0.0037 outinratio 0.0395 

WminusH126_4e_phi1_genbin3_recobin4 acc 0.0369 eff -0.0126 outinratio 0.0821 

WplusH126_4e_phi1_genbin3_recobin4 acc 0.0362 eff 0.0 outinratio 0.2668 

ZH126_4e_phi1_genbin3_recobin4 acc 0.0398 eff 0.0077 outinratio 0.0 

ttH126_4e_phi1_genbin3_recobin4 acc 0.0408 eff 0.0123 outinratio 0.2144 

ggH126_4e_phi1_genbin4_recobin4 acc 0.0393 eff 0.3032 outinratio 0.0666 

VBFH126_4e_phi1_genbin4_recobin4 acc 0.0532 eff 0.3241 outinratio 0.0395 

WminusH126_4e_phi1_genbin4_recobin4 acc 0.0401 eff 0.245 outinratio 0.0821 

WplusH126_4e_phi1_genbin4_recobin4 acc 0.0327 eff 0.2776 outinratio 0.2668 

ZH126_4e_phi1_genbin4_recobin4 acc 0.0311 eff 0.4485 outinratio 0.0 

ttH126_4e_phi1_genbin4_recobin4 acc 0.0369 eff 0.3303 outinratio 0.2144 

ggH126_4e_phi1_genbin5_recobin4 acc 0.0531 eff 0.011 outinratio 0.0666 

VBFH126_4e_phi1_genbin5_recobin4 acc 0.0537 eff 0.0059 outinratio 0.0395 

WminusH126_4e_phi1_genbin5_recobin4 acc 0.0465 eff 0.0016 outinratio 0.0821 

WplusH126_4e_phi1_genbin5_recobin4 acc 0.0371 eff 0.0155 outinratio 0.2668 

ZH126_4e_phi1_genbin5_recobin4 acc 0.0442 eff 0.0 outinratio 0.0 

ttH126_4e_phi1_genbin5_recobin4 acc 0.0385 eff 0.0033 outinratio 0.2144 

ggH126_4e_phi1_genbin6_recobin4 acc 0.0479 eff 0.0033 outinratio 0.0666 

VBFH126_4e_phi1_genbin6_recobin4 acc 0.056 eff 0.0014 outinratio 0.0395 

WminusH126_4e_phi1_genbin6_recobin4 acc 0.0435 eff 0.0 outinratio 0.0821 

WplusH126_4e_phi1_genbin6_recobin4 acc 0.0404 eff 0.0 outinratio 0.2668 

ZH126_4e_phi1_genbin6_recobin4 acc 0.0342 eff 0.0 outinratio 0.0 

ttH126_4e_phi1_genbin6_recobin4 acc 0.0397 eff 0.0 outinratio 0.2144 

ggH126_4e_phi1_genbin7_recobin4 acc 0.0492 eff 0.0 outinratio 0.0666 

VBFH126_4e_phi1_genbin7_recobin4 acc 0.0535 eff 0.0004 outinratio 0.0395 

WminusH126_4e_phi1_genbin7_recobin4 acc 0.0461 eff 0.0 outinratio 0.0821 

WplusH126_4e_phi1_genbin7_recobin4 acc 0.031 eff 0.0021 outinratio 0.2668 

ZH126_4e_phi1_genbin7_recobin4 acc 0.0429 eff 0.0 outinratio 0.0 

ttH126_4e_phi1_genbin7_recobin4 acc 0.0389 eff 0.0008 outinratio 0.2144 

ggH126_4e_phi1_genbin0_recobin5 acc 0.05 eff 0.0 outinratio 0.0232 

VBFH126_4e_phi1_genbin0_recobin5 acc 0.0532 eff 0.0031 outinratio 0.0306 

WminusH126_4e_phi1_genbin0_recobin5 acc 0.0429 eff 0.0 outinratio 0.0479 

WplusH126_4e_phi1_genbin0_recobin5 acc 0.034 eff 0.0048 outinratio 0.1171 

ZH126_4e_phi1_genbin0_recobin5 acc 0.0417 eff 0.0 outinratio 0.0919 

ttH126_4e_phi1_genbin0_recobin5 acc 0.0368 eff 0.0 outinratio 0.2855 

ggH126_4e_phi1_genbin1_recobin5 acc 0.0628 eff 0.0 outinratio 0.0232 

VBFH126_4e_phi1_genbin1_recobin5 acc 0.0555 eff 0.0 outinratio 0.0306 

WminusH126_4e_phi1_genbin1_recobin5 acc 0.0439 eff 0.0 outinratio 0.0479 

WplusH126_4e_phi1_genbin1_recobin5 acc 0.0468 eff 0.0117 outinratio 0.1171 

ZH126_4e_phi1_genbin1_recobin5 acc 0.0473 eff 0.0069 outinratio 0.0919 

ttH126_4e_phi1_genbin1_recobin5 acc 0.0392 eff 0.0 outinratio 0.2855 

ggH126_4e_phi1_genbin2_recobin5 acc 0.0534 eff 0.0 outinratio 0.0232 

VBFH126_4e_phi1_genbin2_recobin5 acc 0.059 eff 0.0 outinratio 0.0306 

WminusH126_4e_phi1_genbin2_recobin5 acc 0.0478 eff 0.0011 outinratio 0.0479 

WplusH126_4e_phi1_genbin2_recobin5 acc 0.0354 eff 0.0 outinratio 0.1171 

ZH126_4e_phi1_genbin2_recobin5 acc 0.0386 eff 0.0 outinratio 0.0919 

ttH126_4e_phi1_genbin2_recobin5 acc 0.0384 eff 0.0 outinratio 0.2855 

ggH126_4e_phi1_genbin3_recobin5 acc 0.0466 eff 0.0 outinratio 0.0232 

VBFH126_4e_phi1_genbin3_recobin5 acc 0.0532 eff 0.0016 outinratio 0.0306 

WminusH126_4e_phi1_genbin3_recobin5 acc 0.0369 eff 0.0 outinratio 0.0479 

WplusH126_4e_phi1_genbin3_recobin5 acc 0.0362 eff 0.0 outinratio 0.1171 

ZH126_4e_phi1_genbin3_recobin5 acc 0.0398 eff 0.0 outinratio 0.0919 

ttH126_4e_phi1_genbin3_recobin5 acc 0.0408 eff 0.0018 outinratio 0.2855 

ggH126_4e_phi1_genbin4_recobin5 acc 0.0393 eff 0.0137 outinratio 0.0232 

VBFH126_4e_phi1_genbin4_recobin5 acc 0.0532 eff 0.0155 outinratio 0.0306 

WminusH126_4e_phi1_genbin4_recobin5 acc 0.0401 eff 0.0078 outinratio 0.0479 

WplusH126_4e_phi1_genbin4_recobin5 acc 0.0327 eff 0.0129 outinratio 0.1171 

ZH126_4e_phi1_genbin4_recobin5 acc 0.0311 eff 0.0 outinratio 0.0919 

ttH126_4e_phi1_genbin4_recobin5 acc 0.0369 eff 0.011 outinratio 0.2855 

ggH126_4e_phi1_genbin5_recobin5 acc 0.0531 eff 0.3062 outinratio 0.0232 

VBFH126_4e_phi1_genbin5_recobin5 acc 0.0537 eff 0.3292 outinratio 0.0306 

WminusH126_4e_phi1_genbin5_recobin5 acc 0.0465 eff 0.3348 outinratio 0.0479 

WplusH126_4e_phi1_genbin5_recobin5 acc 0.0371 eff 0.2852 outinratio 0.1171 

ZH126_4e_phi1_genbin5_recobin5 acc 0.0442 eff 0.265 outinratio 0.0919 

ttH126_4e_phi1_genbin5_recobin5 acc 0.0385 eff 0.2975 outinratio 0.2855 

ggH126_4e_phi1_genbin6_recobin5 acc 0.0479 eff 0.0 outinratio 0.0232 

VBFH126_4e_phi1_genbin6_recobin5 acc 0.056 eff 0.0164 outinratio 0.0306 

WminusH126_4e_phi1_genbin6_recobin5 acc 0.0435 eff 0.0118 outinratio 0.0479 

WplusH126_4e_phi1_genbin6_recobin5 acc 0.0404 eff 0.0086 outinratio 0.1171 

ZH126_4e_phi1_genbin6_recobin5 acc 0.0342 eff 0.0053 outinratio 0.0919 

ttH126_4e_phi1_genbin6_recobin5 acc 0.0397 eff 0.0112 outinratio 0.2855 

ggH126_4e_phi1_genbin7_recobin5 acc 0.0492 eff 0.0 outinratio 0.0232 

VBFH126_4e_phi1_genbin7_recobin5 acc 0.0535 eff 0.0 outinratio 0.0306 

WminusH126_4e_phi1_genbin7_recobin5 acc 0.0461 eff 0.0 outinratio 0.0479 

WplusH126_4e_phi1_genbin7_recobin5 acc 0.031 eff 0.0 outinratio 0.1171 

ZH126_4e_phi1_genbin7_recobin5 acc 0.0429 eff 0.0 outinratio 0.0919 

ttH126_4e_phi1_genbin7_recobin5 acc 0.0389 eff 0.0008 outinratio 0.2855 

ggH126_4e_phi1_genbin0_recobin6 acc 0.05 eff 0.0058 outinratio 0.0289 

VBFH126_4e_phi1_genbin0_recobin6 acc 0.0532 eff 0.0 outinratio 0.0283 

WminusH126_4e_phi1_genbin0_recobin6 acc 0.0429 eff 0.0 outinratio 0.0932 

WplusH126_4e_phi1_genbin0_recobin6 acc 0.034 eff 0.0 outinratio 0.0818 

ZH126_4e_phi1_genbin0_recobin6 acc 0.0417 eff 0.0 outinratio 0.0906 

ttH126_4e_phi1_genbin0_recobin6 acc 0.0368 eff 0.0 outinratio 0.1772 

ggH126_4e_phi1_genbin1_recobin6 acc 0.0628 eff 0.0 outinratio 0.0289 

VBFH126_4e_phi1_genbin1_recobin6 acc 0.0555 eff 0.0011 outinratio 0.0283 

WminusH126_4e_phi1_genbin1_recobin6 acc 0.0439 eff 0.0013 outinratio 0.0932 

WplusH126_4e_phi1_genbin1_recobin6 acc 0.0468 eff 0.0 outinratio 0.0818 

ZH126_4e_phi1_genbin1_recobin6 acc 0.0473 eff 0.0231 outinratio 0.0906 

ttH126_4e_phi1_genbin1_recobin6 acc 0.0392 eff 0.001 outinratio 0.1772 

ggH126_4e_phi1_genbin2_recobin6 acc 0.0534 eff 0.0022 outinratio 0.0289 

VBFH126_4e_phi1_genbin2_recobin6 acc 0.059 eff 0.0003 outinratio 0.0283 

WminusH126_4e_phi1_genbin2_recobin6 acc 0.0478 eff 0.0082 outinratio 0.0932 

WplusH126_4e_phi1_genbin2_recobin6 acc 0.0354 eff 0.0 outinratio 0.0818 

ZH126_4e_phi1_genbin2_recobin6 acc 0.0386 eff 0.0 outinratio 0.0906 

ttH126_4e_phi1_genbin2_recobin6 acc 0.0384 eff 0.0009 outinratio 0.1772 

ggH126_4e_phi1_genbin3_recobin6 acc 0.0466 eff 0.0047 outinratio 0.0289 

VBFH126_4e_phi1_genbin3_recobin6 acc 0.0532 eff 0.0008 outinratio 0.0283 

WminusH126_4e_phi1_genbin3_recobin6 acc 0.0369 eff 0.0 outinratio 0.0932 

WplusH126_4e_phi1_genbin3_recobin6 acc 0.0362 eff 0.0 outinratio 0.0818 

ZH126_4e_phi1_genbin3_recobin6 acc 0.0398 eff 0.0 outinratio 0.0906 

ttH126_4e_phi1_genbin3_recobin6 acc 0.0408 eff 0.0 outinratio 0.1772 

ggH126_4e_phi1_genbin4_recobin6 acc 0.0393 eff 0.0016 outinratio 0.0289 

VBFH126_4e_phi1_genbin4_recobin6 acc 0.0532 eff 0.0012 outinratio 0.0283 

WminusH126_4e_phi1_genbin4_recobin6 acc 0.0401 eff 0.0 outinratio 0.0932 

WplusH126_4e_phi1_genbin4_recobin6 acc 0.0327 eff 0.0 outinratio 0.0818 

ZH126_4e_phi1_genbin4_recobin6 acc 0.0311 eff 0.0 outinratio 0.0906 

ttH126_4e_phi1_genbin4_recobin6 acc 0.0369 eff 0.0021 outinratio 0.1772 

ggH126_4e_phi1_genbin5_recobin6 acc 0.0531 eff 0.0138 outinratio 0.0289 

VBFH126_4e_phi1_genbin5_recobin6 acc 0.0537 eff 0.0137 outinratio 0.0283 

WminusH126_4e_phi1_genbin5_recobin6 acc 0.0465 eff 0.007 outinratio 0.0932 

WplusH126_4e_phi1_genbin5_recobin6 acc 0.0371 eff 0.0054 outinratio 0.0818 

ZH126_4e_phi1_genbin5_recobin6 acc 0.0442 eff 0.0099 outinratio 0.0906 

ttH126_4e_phi1_genbin5_recobin6 acc 0.0385 eff 0.0177 outinratio 0.1772 

ggH126_4e_phi1_genbin6_recobin6 acc 0.0479 eff 0.3201 outinratio 0.0289 

VBFH126_4e_phi1_genbin6_recobin6 acc 0.056 eff 0.3588 outinratio 0.0283 

WminusH126_4e_phi1_genbin6_recobin6 acc 0.0435 eff 0.3612 outinratio 0.0932 

WplusH126_4e_phi1_genbin6_recobin6 acc 0.0404 eff 0.3581 outinratio 0.0818 

ZH126_4e_phi1_genbin6_recobin6 acc 0.0342 eff 0.2381 outinratio 0.0906 

ttH126_4e_phi1_genbin6_recobin6 acc 0.0397 eff 0.3413 outinratio 0.1772 

ggH126_4e_phi1_genbin7_recobin6 acc 0.0492 eff 0.0 outinratio 0.0289 

VBFH126_4e_phi1_genbin7_recobin6 acc 0.0535 eff 0.0088 outinratio 0.0283 

WminusH126_4e_phi1_genbin7_recobin6 acc 0.0461 eff 0.0102 outinratio 0.0932 

WplusH126_4e_phi1_genbin7_recobin6 acc 0.031 eff 0.0028 outinratio 0.0818 

ZH126_4e_phi1_genbin7_recobin6 acc 0.0429 eff 0.0 outinratio 0.0906 

ttH126_4e_phi1_genbin7_recobin6 acc 0.0389 eff 0.0109 outinratio 0.1772 

ggH126_4e_phi1_genbin0_recobin7 acc 0.05 eff 0.0053 outinratio 0.0562 

VBFH126_4e_phi1_genbin0_recobin7 acc 0.0532 eff 0.0117 outinratio 0.0312 

WminusH126_4e_phi1_genbin0_recobin7 acc 0.0429 eff 0.0228 outinratio 0.0289 

WplusH126_4e_phi1_genbin0_recobin7 acc 0.034 eff 0.005 outinratio 0.1104 

ZH126_4e_phi1_genbin0_recobin7 acc 0.0417 eff 0.0 outinratio 0.1419 

ttH126_4e_phi1_genbin0_recobin7 acc 0.0368 eff 0.0047 outinratio 0.188 

ggH126_4e_phi1_genbin1_recobin7 acc 0.0628 eff 0.0 outinratio 0.0562 

VBFH126_4e_phi1_genbin1_recobin7 acc 0.0555 eff 0.0015 outinratio 0.0312 

WminusH126_4e_phi1_genbin1_recobin7 acc 0.0439 eff 0.0 outinratio 0.0289 

WplusH126_4e_phi1_genbin1_recobin7 acc 0.0468 eff 0.0 outinratio 0.1104 

ZH126_4e_phi1_genbin1_recobin7 acc 0.0473 eff 0.0 outinratio 0.1419 

ttH126_4e_phi1_genbin1_recobin7 acc 0.0392 eff 0.0 outinratio 0.188 

ggH126_4e_phi1_genbin2_recobin7 acc 0.0534 eff 0.0 outinratio 0.0562 

VBFH126_4e_phi1_genbin2_recobin7 acc 0.059 eff 0.0 outinratio 0.0312 

WminusH126_4e_phi1_genbin2_recobin7 acc 0.0478 eff 0.0 outinratio 0.0289 

WplusH126_4e_phi1_genbin2_recobin7 acc 0.0354 eff 0.0 outinratio 0.1104 

ZH126_4e_phi1_genbin2_recobin7 acc 0.0386 eff 0.0 outinratio 0.1419 

ttH126_4e_phi1_genbin2_recobin7 acc 0.0384 eff 0.0043 outinratio 0.188 

ggH126_4e_phi1_genbin3_recobin7 acc 0.0466 eff 0.0 outinratio 0.0562 

VBFH126_4e_phi1_genbin3_recobin7 acc 0.0532 eff 0.0 outinratio 0.0312 

WminusH126_4e_phi1_genbin3_recobin7 acc 0.0369 eff 0.0 outinratio 0.0289 

WplusH126_4e_phi1_genbin3_recobin7 acc 0.0362 eff 0.0 outinratio 0.1104 

ZH126_4e_phi1_genbin3_recobin7 acc 0.0398 eff 0.0 outinratio 0.1419 

ttH126_4e_phi1_genbin3_recobin7 acc 0.0408 eff 0.0 outinratio 0.188 

ggH126_4e_phi1_genbin4_recobin7 acc 0.0393 eff 0.0 outinratio 0.0562 

VBFH126_4e_phi1_genbin4_recobin7 acc 0.0532 eff 0.0 outinratio 0.0312 

WminusH126_4e_phi1_genbin4_recobin7 acc 0.0401 eff 0.0 outinratio 0.0289 

WplusH126_4e_phi1_genbin4_recobin7 acc 0.0327 eff 0.0 outinratio 0.1104 

ZH126_4e_phi1_genbin4_recobin7 acc 0.0311 eff 0.0 outinratio 0.1419 

ttH126_4e_phi1_genbin4_recobin7 acc 0.0369 eff 0.0 outinratio 0.188 

ggH126_4e_phi1_genbin5_recobin7 acc 0.0531 eff 0.0 outinratio 0.0562 

VBFH126_4e_phi1_genbin5_recobin7 acc 0.0537 eff 0.0 outinratio 0.0312 

WminusH126_4e_phi1_genbin5_recobin7 acc 0.0465 eff 0.0 outinratio 0.0289 

WplusH126_4e_phi1_genbin5_recobin7 acc 0.0371 eff 0.0 outinratio 0.1104 

ZH126_4e_phi1_genbin5_recobin7 acc 0.0442 eff 0.0 outinratio 0.1419 

ttH126_4e_phi1_genbin5_recobin7 acc 0.0385 eff 0.0 outinratio 0.188 

ggH126_4e_phi1_genbin6_recobin7 acc 0.0479 eff 0.0015 outinratio 0.0562 

VBFH126_4e_phi1_genbin6_recobin7 acc 0.056 eff 0.0049 outinratio 0.0312 

WminusH126_4e_phi1_genbin6_recobin7 acc 0.0435 eff 0.0057 outinratio 0.0289 

WplusH126_4e_phi1_genbin6_recobin7 acc 0.0404 eff 0.0013 outinratio 0.1104 

ZH126_4e_phi1_genbin6_recobin7 acc 0.0342 eff 0.0 outinratio 0.1419 

ttH126_4e_phi1_genbin6_recobin7 acc 0.0397 eff 0.014 outinratio 0.188 

ggH126_4e_phi1_genbin7_recobin7 acc 0.0492 eff 0.2837 outinratio 0.0562 

VBFH126_4e_phi1_genbin7_recobin7 acc 0.0535 eff 0.3264 outinratio 0.0312 

WminusH126_4e_phi1_genbin7_recobin7 acc 0.0461 eff 0.2627 outinratio 0.0289 

WplusH126_4e_phi1_genbin7_recobin7 acc 0.031 eff 0.3303 outinratio 0.1104 

ZH126_4e_phi1_genbin7_recobin7 acc 0.0429 eff 0.3427 outinratio 0.1419 

ttH126_4e_phi1_genbin7_recobin7 acc 0.0389 eff 0.3343 outinratio 0.188 

ggH126_4mu_phi1_genbin0_recobin0 acc 0.0403 eff 0.7541 outinratio 0.0402 

VBFH126_4mu_phi1_genbin0_recobin0 acc 0.0588 eff 0.7835 outinratio 0.0212 

WminusH126_4mu_phi1_genbin0_recobin0 acc 0.0406 eff 0.7724 outinratio 0.1199 

WplusH126_4mu_phi1_genbin0_recobin0 acc 0.0429 eff 0.7049 outinratio 0.0633 

ZH126_4mu_phi1_genbin0_recobin0 acc 0.0511 eff 0.7315 outinratio 0.0947 

ttH126_4mu_phi1_genbin0_recobin0 acc 0.0421 eff 0.7557 outinratio 0.1423 

ggH126_4mu_phi1_genbin1_recobin0 acc 0.0659 eff 0.0078 outinratio 0.0402 

VBFH126_4mu_phi1_genbin1_recobin0 acc 0.0633 eff 0.0119 outinratio 0.0212 

WminusH126_4mu_phi1_genbin1_recobin0 acc 0.0535 eff 0.0069 outinratio 0.1199 

WplusH126_4mu_phi1_genbin1_recobin0 acc 0.0423 eff 0.0043 outinratio 0.0633 

ZH126_4mu_phi1_genbin1_recobin0 acc 0.0523 eff 0.0301 outinratio 0.0947 

ttH126_4mu_phi1_genbin1_recobin0 acc 0.044 eff 0.0115 outinratio 0.1423 

ggH126_4mu_phi1_genbin2_recobin0 acc 0.0635 eff 0.0 outinratio 0.0402 

VBFH126_4mu_phi1_genbin2_recobin0 acc 0.0602 eff 0.0 outinratio 0.0212 

WminusH126_4mu_phi1_genbin2_recobin0 acc 0.0504 eff 0.0 outinratio 0.1199 

WplusH126_4mu_phi1_genbin2_recobin0 acc 0.042 eff 0.0 outinratio 0.0633 

ZH126_4mu_phi1_genbin2_recobin0 acc 0.0588 eff 0.0 outinratio 0.0947 

ttH126_4mu_phi1_genbin2_recobin0 acc 0.0428 eff 0.0 outinratio 0.1423 

ggH126_4mu_phi1_genbin3_recobin0 acc 0.0486 eff 0.0 outinratio 0.0402 

VBFH126_4mu_phi1_genbin3_recobin0 acc 0.0545 eff 0.0 outinratio 0.0212 

WminusH126_4mu_phi1_genbin3_recobin0 acc 0.0421 eff 0.0 outinratio 0.1199 

WplusH126_4mu_phi1_genbin3_recobin0 acc 0.0354 eff 0.0 outinratio 0.0633 

ZH126_4mu_phi1_genbin3_recobin0 acc 0.0344 eff 0.0118 outinratio 0.0947 

ttH126_4mu_phi1_genbin3_recobin0 acc 0.0418 eff 0.0 outinratio 0.1423 

ggH126_4mu_phi1_genbin4_recobin0 acc 0.0504 eff 0.0 outinratio 0.0402 

VBFH126_4mu_phi1_genbin4_recobin0 acc 0.0592 eff 0.0006 outinratio 0.0212 

WminusH126_4mu_phi1_genbin4_recobin0 acc 0.0451 eff 0.0 outinratio 0.1199 

WplusH126_4mu_phi1_genbin4_recobin0 acc 0.0379 eff 0.0 outinratio 0.0633 

ZH126_4mu_phi1_genbin4_recobin0 acc 0.0433 eff 0.0 outinratio 0.0947 

ttH126_4mu_phi1_genbin4_recobin0 acc 0.0429 eff 0.0 outinratio 0.1423 

ggH126_4mu_phi1_genbin5_recobin0 acc 0.0512 eff 0.0 outinratio 0.0402 

VBFH126_4mu_phi1_genbin5_recobin0 acc 0.0632 eff 0.0 outinratio 0.0212 

WminusH126_4mu_phi1_genbin5_recobin0 acc 0.0491 eff 0.0023 outinratio 0.1199 

WplusH126_4mu_phi1_genbin5_recobin0 acc 0.037 eff 0.0067 outinratio 0.0633 

ZH126_4mu_phi1_genbin5_recobin0 acc 0.0469 eff 0.0 outinratio 0.0947 

ttH126_4mu_phi1_genbin5_recobin0 acc 0.0421 eff 0.0 outinratio 0.1423 

ggH126_4mu_phi1_genbin6_recobin0 acc 0.0582 eff 0.0 outinratio 0.0402 

VBFH126_4mu_phi1_genbin6_recobin0 acc 0.061 eff 0.0 outinratio 0.0212 

WminusH126_4mu_phi1_genbin6_recobin0 acc 0.0482 eff 0.0 outinratio 0.1199 

WplusH126_4mu_phi1_genbin6_recobin0 acc 0.0434 eff 0.0 outinratio 0.0633 

ZH126_4mu_phi1_genbin6_recobin0 acc 0.0451 eff 0.0 outinratio 0.0947 

ttH126_4mu_phi1_genbin6_recobin0 acc 0.0422 eff 0.0 outinratio 0.1423 

ggH126_4mu_phi1_genbin7_recobin0 acc 0.0427 eff 0.0 outinratio 0.0402 

VBFH126_4mu_phi1_genbin7_recobin0 acc 0.0592 eff 0.0026 outinratio 0.0212 

WminusH126_4mu_phi1_genbin7_recobin0 acc 0.0435 eff 0.0053 outinratio 0.1199 

WplusH126_4mu_phi1_genbin7_recobin0 acc 0.044 eff 0.0 outinratio 0.0633 

ZH126_4mu_phi1_genbin7_recobin0 acc 0.0439 eff 0.0093 outinratio 0.0947 

ttH126_4mu_phi1_genbin7_recobin0 acc 0.0439 eff 0.002 outinratio 0.1423 

ggH126_4mu_phi1_genbin0_recobin1 acc 0.0403 eff 0.0046 outinratio 0.0365 

VBFH126_4mu_phi1_genbin0_recobin1 acc 0.0588 eff 0.0173 outinratio 0.0267 

WminusH126_4mu_phi1_genbin0_recobin1 acc 0.0406 eff 0.0107 outinratio 0.067 

WplusH126_4mu_phi1_genbin0_recobin1 acc 0.0429 eff 0.0132 outinratio 0.0592 

ZH126_4mu_phi1_genbin0_recobin1 acc 0.0511 eff 0.0 outinratio 0.0963 

ttH126_4mu_phi1_genbin0_recobin1 acc 0.0421 eff 0.0108 outinratio 0.1323 

ggH126_4mu_phi1_genbin1_recobin1 acc 0.0659 eff 0.7863 outinratio 0.0365 

VBFH126_4mu_phi1_genbin1_recobin1 acc 0.0633 eff 0.7925 outinratio 0.0267 

WminusH126_4mu_phi1_genbin1_recobin1 acc 0.0535 eff 0.812 outinratio 0.067 

WplusH126_4mu_phi1_genbin1_recobin1 acc 0.0423 eff 0.7062 outinratio 0.0592 

ZH126_4mu_phi1_genbin1_recobin1 acc 0.0523 eff 0.8097 outinratio 0.0963 

ttH126_4mu_phi1_genbin1_recobin1 acc 0.044 eff 0.7885 outinratio 0.1323 

ggH126_4mu_phi1_genbin2_recobin1 acc 0.0635 eff 0.0238 outinratio 0.0365 

VBFH126_4mu_phi1_genbin2_recobin1 acc 0.0602 eff 0.0112 outinratio 0.0267 

WminusH126_4mu_phi1_genbin2_recobin1 acc 0.0504 eff -0.0003 outinratio 0.067 

WplusH126_4mu_phi1_genbin2_recobin1 acc 0.042 eff 0.0089 outinratio 0.0592 

ZH126_4mu_phi1_genbin2_recobin1 acc 0.0588 eff 0.0 outinratio 0.0963 

ttH126_4mu_phi1_genbin2_recobin1 acc 0.0428 eff 0.0126 outinratio 0.1323 

ggH126_4mu_phi1_genbin3_recobin1 acc 0.0486 eff 0.0 outinratio 0.0365 

VBFH126_4mu_phi1_genbin3_recobin1 acc 0.0545 eff 0.0 outinratio 0.0267 

WminusH126_4mu_phi1_genbin3_recobin1 acc 0.0421 eff 0.0 outinratio 0.067 

WplusH126_4mu_phi1_genbin3_recobin1 acc 0.0354 eff 0.0 outinratio 0.0592 

ZH126_4mu_phi1_genbin3_recobin1 acc 0.0344 eff 0.0 outinratio 0.0963 

ttH126_4mu_phi1_genbin3_recobin1 acc 0.0418 eff 0.0009 outinratio 0.1323 

ggH126_4mu_phi1_genbin4_recobin1 acc 0.0504 eff 0.0 outinratio 0.0365 

VBFH126_4mu_phi1_genbin4_recobin1 acc 0.0592 eff 0.0 outinratio 0.0267 

WminusH126_4mu_phi1_genbin4_recobin1 acc 0.0451 eff 0.0 outinratio 0.067 

WplusH126_4mu_phi1_genbin4_recobin1 acc 0.0379 eff 0.0 outinratio 0.0592 

ZH126_4mu_phi1_genbin4_recobin1 acc 0.0433 eff 0.0075 outinratio 0.0963 

ttH126_4mu_phi1_genbin4_recobin1 acc 0.0429 eff 0.0 outinratio 0.1323 

ggH126_4mu_phi1_genbin5_recobin1 acc 0.0512 eff 0.007 outinratio 0.0365 

VBFH126_4mu_phi1_genbin5_recobin1 acc 0.0632 eff 0.001 outinratio 0.0267 

WminusH126_4mu_phi1_genbin5_recobin1 acc 0.0491 eff 0.0 outinratio 0.067 

WplusH126_4mu_phi1_genbin5_recobin1 acc 0.037 eff 0.0 outinratio 0.0592 

ZH126_4mu_phi1_genbin5_recobin1 acc 0.0469 eff 0.0 outinratio 0.0963 

ttH126_4mu_phi1_genbin5_recobin1 acc 0.0421 eff 0.0 outinratio 0.1323 

ggH126_4mu_phi1_genbin6_recobin1 acc 0.0582 eff 0.0081 outinratio 0.0365 

VBFH126_4mu_phi1_genbin6_recobin1 acc 0.061 eff 0.0004 outinratio 0.0267 

WminusH126_4mu_phi1_genbin6_recobin1 acc 0.0482 eff 0.0 outinratio 0.067 

WplusH126_4mu_phi1_genbin6_recobin1 acc 0.0434 eff 0.0045 outinratio 0.0592 

ZH126_4mu_phi1_genbin6_recobin1 acc 0.0451 eff 0.0 outinratio 0.0963 

ttH126_4mu_phi1_genbin6_recobin1 acc 0.0422 eff 0.0008 outinratio 0.1323 

ggH126_4mu_phi1_genbin7_recobin1 acc 0.0427 eff 0.0 outinratio 0.0365 

VBFH126_4mu_phi1_genbin7_recobin1 acc 0.0592 eff 0.0 outinratio 0.0267 

WminusH126_4mu_phi1_genbin7_recobin1 acc 0.0435 eff 0.0 outinratio 0.067 

WplusH126_4mu_phi1_genbin7_recobin1 acc 0.044 eff 0.0059 outinratio 0.0592 

ZH126_4mu_phi1_genbin7_recobin1 acc 0.0439 eff 0.0 outinratio 0.0963 

ttH126_4mu_phi1_genbin7_recobin1 acc 0.0439 eff 0.0023 outinratio 0.1323 

ggH126_4mu_phi1_genbin0_recobin2 acc 0.0403 eff 0.0 outinratio 0.0145 

VBFH126_4mu_phi1_genbin0_recobin2 acc 0.0588 eff 0.001 outinratio 0.0291 

WminusH126_4mu_phi1_genbin0_recobin2 acc 0.0406 eff 0.0056 outinratio 0.0493 

WplusH126_4mu_phi1_genbin0_recobin2 acc 0.0429 eff 0.0 outinratio 0.0532 

ZH126_4mu_phi1_genbin0_recobin2 acc 0.0511 eff 0.0 outinratio 0.0406 

ttH126_4mu_phi1_genbin0_recobin2 acc 0.0421 eff 0.0008 outinratio 0.1587 

ggH126_4mu_phi1_genbin1_recobin2 acc 0.0659 eff 0.0098 outinratio 0.0145 

VBFH126_4mu_phi1_genbin1_recobin2 acc 0.0633 eff 0.0113 outinratio 0.0291 

WminusH126_4mu_phi1_genbin1_recobin2 acc 0.0535 eff 0.0253 outinratio 0.0493 

WplusH126_4mu_phi1_genbin1_recobin2 acc 0.0423 eff 0.0113 outinratio 0.0532 

ZH126_4mu_phi1_genbin1_recobin2 acc 0.0523 eff 0.0 outinratio 0.0406 

ttH126_4mu_phi1_genbin1_recobin2 acc 0.044 eff 0.0142 outinratio 0.1587 

ggH126_4mu_phi1_genbin2_recobin2 acc 0.0635 eff 0.7845 outinratio 0.0145 

VBFH126_4mu_phi1_genbin2_recobin2 acc 0.0602 eff 0.8143 outinratio 0.0291 

WminusH126_4mu_phi1_genbin2_recobin2 acc 0.0504 eff 0.786 outinratio 0.0493 

WplusH126_4mu_phi1_genbin2_recobin2 acc 0.042 eff 0.8025 outinratio 0.0532 

ZH126_4mu_phi1_genbin2_recobin2 acc 0.0588 eff 0.7645 outinratio 0.0406 

ttH126_4mu_phi1_genbin2_recobin2 acc 0.0428 eff 0.7735 outinratio 0.1587 

ggH126_4mu_phi1_genbin3_recobin2 acc 0.0486 eff 0.004 outinratio 0.0145 

VBFH126_4mu_phi1_genbin3_recobin2 acc 0.0545 eff 0.015 outinratio 0.0291 

WminusH126_4mu_phi1_genbin3_recobin2 acc 0.0421 eff 0.0141 outinratio 0.0493 

WplusH126_4mu_phi1_genbin3_recobin2 acc 0.0354 eff 0.0088 outinratio 0.0532 

ZH126_4mu_phi1_genbin3_recobin2 acc 0.0344 eff 0.0 outinratio 0.0406 

ttH126_4mu_phi1_genbin3_recobin2 acc 0.0418 eff 0.0071 outinratio 0.1587 

ggH126_4mu_phi1_genbin4_recobin2 acc 0.0504 eff 0.0 outinratio 0.0145 

VBFH126_4mu_phi1_genbin4_recobin2 acc 0.0592 eff 0.0 outinratio 0.0291 

WminusH126_4mu_phi1_genbin4_recobin2 acc 0.0451 eff 0.0044 outinratio 0.0493 

WplusH126_4mu_phi1_genbin4_recobin2 acc 0.0379 eff 0.0053 outinratio 0.0532 

ZH126_4mu_phi1_genbin4_recobin2 acc 0.0433 eff 0.0 outinratio 0.0406 

ttH126_4mu_phi1_genbin4_recobin2 acc 0.0429 eff 0.0 outinratio 0.1587 

ggH126_4mu_phi1_genbin5_recobin2 acc 0.0512 eff 0.0 outinratio 0.0145 

VBFH126_4mu_phi1_genbin5_recobin2 acc 0.0632 eff 0.0018 outinratio 0.0291 

WminusH126_4mu_phi1_genbin5_recobin2 acc 0.0491 eff 0.0 outinratio 0.0493 

WplusH126_4mu_phi1_genbin5_recobin2 acc 0.037 eff 0.0 outinratio 0.0532 

ZH126_4mu_phi1_genbin5_recobin2 acc 0.0469 eff 0.0 outinratio 0.0406 

ttH126_4mu_phi1_genbin5_recobin2 acc 0.0421 eff 0.0 outinratio 0.1587 

ggH126_4mu_phi1_genbin6_recobin2 acc 0.0582 eff 0.0 outinratio 0.0145 

VBFH126_4mu_phi1_genbin6_recobin2 acc 0.061 eff 0.0 outinratio 0.0291 

WminusH126_4mu_phi1_genbin6_recobin2 acc 0.0482 eff 0.0 outinratio 0.0493 

WplusH126_4mu_phi1_genbin6_recobin2 acc 0.0434 eff 0.0086 outinratio 0.0532 

ZH126_4mu_phi1_genbin6_recobin2 acc 0.0451 eff 0.0 outinratio 0.0406 

ttH126_4mu_phi1_genbin6_recobin2 acc 0.0422 eff 0.0014 outinratio 0.1587 

ggH126_4mu_phi1_genbin7_recobin2 acc 0.0427 eff 0.0 outinratio 0.0145 

VBFH126_4mu_phi1_genbin7_recobin2 acc 0.0592 eff 0.001 outinratio 0.0291 

WminusH126_4mu_phi1_genbin7_recobin2 acc 0.0435 eff 0.0 outinratio 0.0493 

WplusH126_4mu_phi1_genbin7_recobin2 acc 0.044 eff 0.0 outinratio 0.0532 

ZH126_4mu_phi1_genbin7_recobin2 acc 0.0439 eff 0.0 outinratio 0.0406 

ttH126_4mu_phi1_genbin7_recobin2 acc 0.0439 eff 0.0022 outinratio 0.1587 

ggH126_4mu_phi1_genbin0_recobin3 acc 0.0403 eff 0.0 outinratio 0.0709 

VBFH126_4mu_phi1_genbin0_recobin3 acc 0.0588 eff 0.0 outinratio 0.0518 

WminusH126_4mu_phi1_genbin0_recobin3 acc 0.0406 eff 0.0 outinratio 0.0615 

WplusH126_4mu_phi1_genbin0_recobin3 acc 0.0429 eff 0.0 outinratio 0.0586 

ZH126_4mu_phi1_genbin0_recobin3 acc 0.0511 eff 0.0131 outinratio 0.0522 

ttH126_4mu_phi1_genbin0_recobin3 acc 0.0421 eff 0.0035 outinratio 0.1547 

ggH126_4mu_phi1_genbin1_recobin3 acc 0.0659 eff 0.0 outinratio 0.0709 

VBFH126_4mu_phi1_genbin1_recobin3 acc 0.0633 eff 0.0 outinratio 0.0518 

WminusH126_4mu_phi1_genbin1_recobin3 acc 0.0535 eff 0.0 outinratio 0.0615 

WplusH126_4mu_phi1_genbin1_recobin3 acc 0.0423 eff 0.0 outinratio 0.0586 

ZH126_4mu_phi1_genbin1_recobin3 acc 0.0523 eff 0.0095 outinratio 0.0522 

ttH126_4mu_phi1_genbin1_recobin3 acc 0.044 eff 0.0008 outinratio 0.1547 

ggH126_4mu_phi1_genbin2_recobin3 acc 0.0635 eff 0.0127 outinratio 0.0709 

VBFH126_4mu_phi1_genbin2_recobin3 acc 0.0602 eff 0.0108 outinratio 0.0518 

WminusH126_4mu_phi1_genbin2_recobin3 acc 0.0504 eff 0.013 outinratio 0.0615 

WplusH126_4mu_phi1_genbin2_recobin3 acc 0.042 eff 0.0 outinratio 0.0586 

ZH126_4mu_phi1_genbin2_recobin3 acc 0.0588 eff 0.0 outinratio 0.0522 

ttH126_4mu_phi1_genbin2_recobin3 acc 0.0428 eff 0.0054 outinratio 0.1547 

ggH126_4mu_phi1_genbin3_recobin3 acc 0.0486 eff 0.8039 outinratio 0.0709 

VBFH126_4mu_phi1_genbin3_recobin3 acc 0.0545 eff 0.8115 outinratio 0.0518 

WminusH126_4mu_phi1_genbin3_recobin3 acc 0.0421 eff 0.7851 outinratio 0.0615 

WplusH126_4mu_phi1_genbin3_recobin3 acc 0.0354 eff 0.7686 outinratio 0.0586 

ZH126_4mu_phi1_genbin3_recobin3 acc 0.0344 eff 0.7946 outinratio 0.0522 

ttH126_4mu_phi1_genbin3_recobin3 acc 0.0418 eff 0.7589 outinratio 0.1547 

ggH126_4mu_phi1_genbin4_recobin3 acc 0.0504 eff 0.0 outinratio 0.0709 

VBFH126_4mu_phi1_genbin4_recobin3 acc 0.0592 eff 0.0049 outinratio 0.0518 

WminusH126_4mu_phi1_genbin4_recobin3 acc 0.0451 eff 0.0 outinratio 0.0615 

WplusH126_4mu_phi1_genbin4_recobin3 acc 0.0379 eff 0.0144 outinratio 0.0586 

ZH126_4mu_phi1_genbin4_recobin3 acc 0.0433 eff 0.0056 outinratio 0.0522 

ttH126_4mu_phi1_genbin4_recobin3 acc 0.0429 eff 0.0084 outinratio 0.1547 

ggH126_4mu_phi1_genbin5_recobin3 acc 0.0512 eff 0.0 outinratio 0.0709 

VBFH126_4mu_phi1_genbin5_recobin3 acc 0.0632 eff 0.0 outinratio 0.0518 

WminusH126_4mu_phi1_genbin5_recobin3 acc 0.0491 eff 0.0031 outinratio 0.0615 

WplusH126_4mu_phi1_genbin5_recobin3 acc 0.037 eff 0.0 outinratio 0.0586 

ZH126_4mu_phi1_genbin5_recobin3 acc 0.0469 eff 0.0 outinratio 0.0522 

ttH126_4mu_phi1_genbin5_recobin3 acc 0.0421 eff 0.0 outinratio 0.1547 

ggH126_4mu_phi1_genbin6_recobin3 acc 0.0582 eff 0.0 outinratio 0.0709 

VBFH126_4mu_phi1_genbin6_recobin3 acc 0.061 eff 0.0 outinratio 0.0518 

WminusH126_4mu_phi1_genbin6_recobin3 acc 0.0482 eff 0.0 outinratio 0.0615 

WplusH126_4mu_phi1_genbin6_recobin3 acc 0.0434 eff 0.0043 outinratio 0.0586 

ZH126_4mu_phi1_genbin6_recobin3 acc 0.0451 eff 0.0 outinratio 0.0522 

ttH126_4mu_phi1_genbin6_recobin3 acc 0.0422 eff 0.0003 outinratio 0.1547 

ggH126_4mu_phi1_genbin7_recobin3 acc 0.0427 eff 0.0 outinratio 0.0709 

VBFH126_4mu_phi1_genbin7_recobin3 acc 0.0592 eff 0.0 outinratio 0.0518 

WminusH126_4mu_phi1_genbin7_recobin3 acc 0.0435 eff 0.0 outinratio 0.0615 

WplusH126_4mu_phi1_genbin7_recobin3 acc 0.044 eff 0.0 outinratio 0.0586 

ZH126_4mu_phi1_genbin7_recobin3 acc 0.0439 eff 0.0 outinratio 0.0522 

ttH126_4mu_phi1_genbin7_recobin3 acc 0.0439 eff 0.0 outinratio 0.1547 

ggH126_4mu_phi1_genbin0_recobin4 acc 0.0403 eff 0.0 outinratio 0.0264 

VBFH126_4mu_phi1_genbin0_recobin4 acc 0.0588 eff 0.0 outinratio 0.0271 

WminusH126_4mu_phi1_genbin0_recobin4 acc 0.0406 eff 0.0 outinratio 0.0746 

WplusH126_4mu_phi1_genbin0_recobin4 acc 0.0429 eff 0.0 outinratio 0.0605 

ZH126_4mu_phi1_genbin0_recobin4 acc 0.0511 eff 0.0 outinratio 0.047 

ttH126_4mu_phi1_genbin0_recobin4 acc 0.0421 eff -0.002 outinratio 0.14 

ggH126_4mu_phi1_genbin1_recobin4 acc 0.0659 eff 0.0 outinratio 0.0264 

VBFH126_4mu_phi1_genbin1_recobin4 acc 0.0633 eff 0.0 outinratio 0.0271 

WminusH126_4mu_phi1_genbin1_recobin4 acc 0.0535 eff 0.0 outinratio 0.0746 

WplusH126_4mu_phi1_genbin1_recobin4 acc 0.0423 eff 0.0 outinratio 0.0605 

ZH126_4mu_phi1_genbin1_recobin4 acc 0.0523 eff 0.0 outinratio 0.047 

ttH126_4mu_phi1_genbin1_recobin4 acc 0.044 eff 0.0 outinratio 0.14 

ggH126_4mu_phi1_genbin2_recobin4 acc 0.0635 eff 0.0 outinratio 0.0264 

VBFH126_4mu_phi1_genbin2_recobin4 acc 0.0602 eff 0.0 outinratio 0.0271 

WminusH126_4mu_phi1_genbin2_recobin4 acc 0.0504 eff 0.0 outinratio 0.0746 

WplusH126_4mu_phi1_genbin2_recobin4 acc 0.042 eff 0.0 outinratio 0.0605 

ZH126_4mu_phi1_genbin2_recobin4 acc 0.0588 eff 0.0 outinratio 0.047 

ttH126_4mu_phi1_genbin2_recobin4 acc 0.0428 eff -0.0006 outinratio 0.14 

ggH126_4mu_phi1_genbin3_recobin4 acc 0.0486 eff 0.0018 outinratio 0.0264 

VBFH126_4mu_phi1_genbin3_recobin4 acc 0.0545 eff 0.0092 outinratio 0.0271 

WminusH126_4mu_phi1_genbin3_recobin4 acc 0.0421 eff 0.0221 outinratio 0.0746 

WplusH126_4mu_phi1_genbin3_recobin4 acc 0.0354 eff 0.0135 outinratio 0.0605 

ZH126_4mu_phi1_genbin3_recobin4 acc 0.0344 eff 0.0 outinratio 0.047 

ttH126_4mu_phi1_genbin3_recobin4 acc 0.0418 eff 0.0053 outinratio 0.14 

ggH126_4mu_phi1_genbin4_recobin4 acc 0.0504 eff 0.7952 outinratio 0.0264 

VBFH126_4mu_phi1_genbin4_recobin4 acc 0.0592 eff 0.7809 outinratio 0.0271 

WminusH126_4mu_phi1_genbin4_recobin4 acc 0.0451 eff 0.7334 outinratio 0.0746 

WplusH126_4mu_phi1_genbin4_recobin4 acc 0.0379 eff 0.8076 outinratio 0.0605 

ZH126_4mu_phi1_genbin4_recobin4 acc 0.0433 eff 0.7157 outinratio 0.047 

ttH126_4mu_phi1_genbin4_recobin4 acc 0.0429 eff 0.7557 outinratio 0.14 

ggH126_4mu_phi1_genbin5_recobin4 acc 0.0512 eff 0.0195 outinratio 0.0264 

VBFH126_4mu_phi1_genbin5_recobin4 acc 0.0632 eff 0.014 outinratio 0.0271 

WminusH126_4mu_phi1_genbin5_recobin4 acc 0.0491 eff 0.0144 outinratio 0.0746 

WplusH126_4mu_phi1_genbin5_recobin4 acc 0.037 eff 0.0117 outinratio 0.0605 

ZH126_4mu_phi1_genbin5_recobin4 acc 0.0469 eff 0.0 outinratio 0.047 

ttH126_4mu_phi1_genbin5_recobin4 acc 0.0421 eff 0.008 outinratio 0.14 

ggH126_4mu_phi1_genbin6_recobin4 acc 0.0582 eff 0.0 outinratio 0.0264 

VBFH126_4mu_phi1_genbin6_recobin4 acc 0.061 eff 0.0004 outinratio 0.0271 

WminusH126_4mu_phi1_genbin6_recobin4 acc 0.0482 eff 0.0 outinratio 0.0746 

WplusH126_4mu_phi1_genbin6_recobin4 acc 0.0434 eff 0.0 outinratio 0.0605 

ZH126_4mu_phi1_genbin6_recobin4 acc 0.0451 eff 0.0096 outinratio 0.047 

ttH126_4mu_phi1_genbin6_recobin4 acc 0.0422 eff 0.0 outinratio 0.14 

ggH126_4mu_phi1_genbin7_recobin4 acc 0.0427 eff 0.0049 outinratio 0.0264 

VBFH126_4mu_phi1_genbin7_recobin4 acc 0.0592 eff 0.0 outinratio 0.0271 

WminusH126_4mu_phi1_genbin7_recobin4 acc 0.0435 eff 0.0 outinratio 0.0746 

WplusH126_4mu_phi1_genbin7_recobin4 acc 0.044 eff 0.0 outinratio 0.0605 

ZH126_4mu_phi1_genbin7_recobin4 acc 0.0439 eff 0.0 outinratio 0.047 

ttH126_4mu_phi1_genbin7_recobin4 acc 0.0439 eff 0.0 outinratio 0.14 

ggH126_4mu_phi1_genbin0_recobin5 acc 0.0403 eff 0.0 outinratio 0.0601 

VBFH126_4mu_phi1_genbin0_recobin5 acc 0.0588 eff 0.0035 outinratio 0.0225 

WminusH126_4mu_phi1_genbin0_recobin5 acc 0.0406 eff 0.0099 outinratio 0.0909 

WplusH126_4mu_phi1_genbin0_recobin5 acc 0.0429 eff 0.0 outinratio 0.0428 

ZH126_4mu_phi1_genbin0_recobin5 acc 0.0511 eff 0.0 outinratio 0.0377 

ttH126_4mu_phi1_genbin0_recobin5 acc 0.0421 eff 0.0017 outinratio 0.1494 

ggH126_4mu_phi1_genbin1_recobin5 acc 0.0659 eff 0.0 outinratio 0.0601 

VBFH126_4mu_phi1_genbin1_recobin5 acc 0.0633 eff 0.0 outinratio 0.0225 

WminusH126_4mu_phi1_genbin1_recobin5 acc 0.0535 eff 0.0054 outinratio 0.0909 

WplusH126_4mu_phi1_genbin1_recobin5 acc 0.0423 eff 0.0 outinratio 0.0428 

ZH126_4mu_phi1_genbin1_recobin5 acc 0.0523 eff 0.0 outinratio 0.0377 

ttH126_4mu_phi1_genbin1_recobin5 acc 0.044 eff 0.0011 outinratio 0.1494 

ggH126_4mu_phi1_genbin2_recobin5 acc 0.0635 eff 0.0193 outinratio 0.0601 

VBFH126_4mu_phi1_genbin2_recobin5 acc 0.0602 eff 0.0018 outinratio 0.0225 

WminusH126_4mu_phi1_genbin2_recobin5 acc 0.0504 eff 0.0026 outinratio 0.0909 

WplusH126_4mu_phi1_genbin2_recobin5 acc 0.042 eff 0.0 outinratio 0.0428 

ZH126_4mu_phi1_genbin2_recobin5 acc 0.0588 eff 0.0 outinratio 0.0377 

ttH126_4mu_phi1_genbin2_recobin5 acc 0.0428 eff 0.0031 outinratio 0.1494 

ggH126_4mu_phi1_genbin3_recobin5 acc 0.0486 eff 0.0 outinratio 0.0601 

VBFH126_4mu_phi1_genbin3_recobin5 acc 0.0545 eff 0.0 outinratio 0.0225 

WminusH126_4mu_phi1_genbin3_recobin5 acc 0.0421 eff 0.0 outinratio 0.0909 

WplusH126_4mu_phi1_genbin3_recobin5 acc 0.0354 eff 0.0 outinratio 0.0428 

ZH126_4mu_phi1_genbin3_recobin5 acc 0.0344 eff 0.0 outinratio 0.0377 

ttH126_4mu_phi1_genbin3_recobin5 acc 0.0418 eff 0.0025 outinratio 0.1494 

ggH126_4mu_phi1_genbin4_recobin5 acc 0.0504 eff 0.0169 outinratio 0.0601 

VBFH126_4mu_phi1_genbin4_recobin5 acc 0.0592 eff 0.007 outinratio 0.0225 

WminusH126_4mu_phi1_genbin4_recobin5 acc 0.0451 eff 0.0111 outinratio 0.0909 

WplusH126_4mu_phi1_genbin4_recobin5 acc 0.0379 eff 0.0105 outinratio 0.0428 

ZH126_4mu_phi1_genbin4_recobin5 acc 0.0433 eff 0.0043 outinratio 0.0377 

ttH126_4mu_phi1_genbin4_recobin5 acc 0.0429 eff 0.0127 outinratio 0.1494 

ggH126_4mu_phi1_genbin5_recobin5 acc 0.0512 eff 0.7064 outinratio 0.0601 

VBFH126_4mu_phi1_genbin5_recobin5 acc 0.0632 eff 0.7685 outinratio 0.0225 

WminusH126_4mu_phi1_genbin5_recobin5 acc 0.0491 eff 0.7406 outinratio 0.0909 

WplusH126_4mu_phi1_genbin5_recobin5 acc 0.037 eff 0.8283 outinratio 0.0428 

ZH126_4mu_phi1_genbin5_recobin5 acc 0.0469 eff 0.8174 outinratio 0.0377 

ttH126_4mu_phi1_genbin5_recobin5 acc 0.0421 eff 0.7481 outinratio 0.1494 

ggH126_4mu_phi1_genbin6_recobin5 acc 0.0582 eff 0.0051 outinratio 0.0601 

VBFH126_4mu_phi1_genbin6_recobin5 acc 0.061 eff 0.0113 outinratio 0.0225 

WminusH126_4mu_phi1_genbin6_recobin5 acc 0.0482 eff 0.0079 outinratio 0.0909 

WplusH126_4mu_phi1_genbin6_recobin5 acc 0.0434 eff 0.0 outinratio 0.0428 

ZH126_4mu_phi1_genbin6_recobin5 acc 0.0451 eff 0.0341 outinratio 0.0377 

ttH126_4mu_phi1_genbin6_recobin5 acc 0.0422 eff 0.011 outinratio 0.1494 

ggH126_4mu_phi1_genbin7_recobin5 acc 0.0427 eff 0.0 outinratio 0.0601 

VBFH126_4mu_phi1_genbin7_recobin5 acc 0.0592 eff 0.0022 outinratio 0.0225 

WminusH126_4mu_phi1_genbin7_recobin5 acc 0.0435 eff 0.0 outinratio 0.0909 

WplusH126_4mu_phi1_genbin7_recobin5 acc 0.044 eff 0.0047 outinratio 0.0428 

ZH126_4mu_phi1_genbin7_recobin5 acc 0.0439 eff 0.0 outinratio 0.0377 

ttH126_4mu_phi1_genbin7_recobin5 acc 0.0439 eff 0.0022 outinratio 0.1494 

ggH126_4mu_phi1_genbin0_recobin6 acc 0.0403 eff 0.0 outinratio 0.0519 

VBFH126_4mu_phi1_genbin0_recobin6 acc 0.0588 eff 0.0019 outinratio 0.0238 

WminusH126_4mu_phi1_genbin0_recobin6 acc 0.0406 eff 0.0 outinratio 0.0592 

WplusH126_4mu_phi1_genbin0_recobin6 acc 0.0429 eff 0.0 outinratio 0.0455 

ZH126_4mu_phi1_genbin0_recobin6 acc 0.0511 eff 0.0 outinratio 0.0337 

ttH126_4mu_phi1_genbin0_recobin6 acc 0.0421 eff 0.0011 outinratio 0.1628 

ggH126_4mu_phi1_genbin1_recobin6 acc 0.0659 eff 0.0 outinratio 0.0519 

VBFH126_4mu_phi1_genbin1_recobin6 acc 0.0633 eff 0.0054 outinratio 0.0238 

WminusH126_4mu_phi1_genbin1_recobin6 acc 0.0535 eff 0.0 outinratio 0.0592 

WplusH126_4mu_phi1_genbin1_recobin6 acc 0.0423 eff 0.0 outinratio 0.0455 

ZH126_4mu_phi1_genbin1_recobin6 acc 0.0523 eff 0.0 outinratio 0.0337 

ttH126_4mu_phi1_genbin1_recobin6 acc 0.044 eff 0.0 outinratio 0.1628 

ggH126_4mu_phi1_genbin2_recobin6 acc 0.0635 eff 0.0038 outinratio 0.0519 

VBFH126_4mu_phi1_genbin2_recobin6 acc 0.0602 eff 0.0 outinratio 0.0238 

WminusH126_4mu_phi1_genbin2_recobin6 acc 0.0504 eff 0.0 outinratio 0.0592 

WplusH126_4mu_phi1_genbin2_recobin6 acc 0.042 eff 0.0 outinratio 0.0455 

ZH126_4mu_phi1_genbin2_recobin6 acc 0.0588 eff 0.0 outinratio 0.0337 

ttH126_4mu_phi1_genbin2_recobin6 acc 0.0428 eff 0.0 outinratio 0.1628 

ggH126_4mu_phi1_genbin3_recobin6 acc 0.0486 eff 0.0 outinratio 0.0519 

VBFH126_4mu_phi1_genbin3_recobin6 acc 0.0545 eff 0.0 outinratio 0.0238 

WminusH126_4mu_phi1_genbin3_recobin6 acc 0.0421 eff 0.0 outinratio 0.0592 

WplusH126_4mu_phi1_genbin3_recobin6 acc 0.0354 eff 0.0 outinratio 0.0455 

ZH126_4mu_phi1_genbin3_recobin6 acc 0.0344 eff 0.0 outinratio 0.0337 

ttH126_4mu_phi1_genbin3_recobin6 acc 0.0418 eff 0.0014 outinratio 0.1628 

ggH126_4mu_phi1_genbin4_recobin6 acc 0.0504 eff 0.0052 outinratio 0.0519 

VBFH126_4mu_phi1_genbin4_recobin6 acc 0.0592 eff 0.0 outinratio 0.0238 

WminusH126_4mu_phi1_genbin4_recobin6 acc 0.0451 eff 0.0 outinratio 0.0592 

WplusH126_4mu_phi1_genbin4_recobin6 acc 0.0379 eff 0.0 outinratio 0.0455 

ZH126_4mu_phi1_genbin4_recobin6 acc 0.0433 eff 0.0 outinratio 0.0337 

ttH126_4mu_phi1_genbin4_recobin6 acc 0.0429 eff 0.0 outinratio 0.1628 

ggH126_4mu_phi1_genbin5_recobin6 acc 0.0512 eff 0.0159 outinratio 0.0519 

VBFH126_4mu_phi1_genbin5_recobin6 acc 0.0632 eff 0.0073 outinratio 0.0238 

WminusH126_4mu_phi1_genbin5_recobin6 acc 0.0491 eff 0.0233 outinratio 0.0592 

WplusH126_4mu_phi1_genbin5_recobin6 acc 0.037 eff 0.0053 outinratio 0.0455 

ZH126_4mu_phi1_genbin5_recobin6 acc 0.0469 eff 0.0 outinratio 0.0337 

ttH126_4mu_phi1_genbin5_recobin6 acc 0.0421 eff 0.006 outinratio 0.1628 

ggH126_4mu_phi1_genbin6_recobin6 acc 0.0582 eff 0.758 outinratio 0.0519 

VBFH126_4mu_phi1_genbin6_recobin6 acc 0.061 eff 0.8247 outinratio 0.0238 

WminusH126_4mu_phi1_genbin6_recobin6 acc 0.0482 eff 0.8042 outinratio 0.0592 

WplusH126_4mu_phi1_genbin6_recobin6 acc 0.0434 eff 0.7921 outinratio 0.0455 

ZH126_4mu_phi1_genbin6_recobin6 acc 0.0451 eff 0.7679 outinratio 0.0337 

ttH126_4mu_phi1_genbin6_recobin6 acc 0.0422 eff 0.7825 outinratio 0.1628 

ggH126_4mu_phi1_genbin7_recobin6 acc 0.0427 eff 0.0 outinratio 0.0519 

VBFH126_4mu_phi1_genbin7_recobin6 acc 0.0592 eff 0.0053 outinratio 0.0238 

WminusH126_4mu_phi1_genbin7_recobin6 acc 0.0435 eff 0.0058 outinratio 0.0592 

WplusH126_4mu_phi1_genbin7_recobin6 acc 0.044 eff 0.0182 outinratio 0.0455 

ZH126_4mu_phi1_genbin7_recobin6 acc 0.0439 eff 0.0 outinratio 0.0337 

ttH126_4mu_phi1_genbin7_recobin6 acc 0.0439 eff 0.0101 outinratio 0.1628 

ggH126_4mu_phi1_genbin0_recobin7 acc 0.0403 eff 0.0095 outinratio 0.0836 

VBFH126_4mu_phi1_genbin0_recobin7 acc 0.0588 eff 0.0087 outinratio 0.0247 

WminusH126_4mu_phi1_genbin0_recobin7 acc 0.0406 eff 0.0032 outinratio 0.0335 

WplusH126_4mu_phi1_genbin0_recobin7 acc 0.0429 eff 0.0074 outinratio 0.0664 

ZH126_4mu_phi1_genbin0_recobin7 acc 0.0511 eff 0.0 outinratio 0.0098 

ttH126_4mu_phi1_genbin0_recobin7 acc 0.0421 eff 0.0053 outinratio 0.11 

ggH126_4mu_phi1_genbin1_recobin7 acc 0.0659 eff 0.0 outinratio 0.0836 

VBFH126_4mu_phi1_genbin1_recobin7 acc 0.0633 eff 0.0 outinratio 0.0247 

WminusH126_4mu_phi1_genbin1_recobin7 acc 0.0535 eff 0.0 outinratio 0.0335 

WplusH126_4mu_phi1_genbin1_recobin7 acc 0.0423 eff 0.0 outinratio 0.0664 

ZH126_4mu_phi1_genbin1_recobin7 acc 0.0523 eff 0.0 outinratio 0.0098 

ttH126_4mu_phi1_genbin1_recobin7 acc 0.044 eff 0.0 outinratio 0.11 

ggH126_4mu_phi1_genbin2_recobin7 acc 0.0635 eff 0.0 outinratio 0.0836 

VBFH126_4mu_phi1_genbin2_recobin7 acc 0.0602 eff 0.0 outinratio 0.0247 

WminusH126_4mu_phi1_genbin2_recobin7 acc 0.0504 eff 0.0 outinratio 0.0335 

WplusH126_4mu_phi1_genbin2_recobin7 acc 0.042 eff 0.0 outinratio 0.0664 

ZH126_4mu_phi1_genbin2_recobin7 acc 0.0588 eff 0.0 outinratio 0.0098 

ttH126_4mu_phi1_genbin2_recobin7 acc 0.0428 eff 0.0029 outinratio 0.11 

ggH126_4mu_phi1_genbin3_recobin7 acc 0.0486 eff 0.0 outinratio 0.0836 

VBFH126_4mu_phi1_genbin3_recobin7 acc 0.0545 eff 0.005 outinratio 0.0247 

WminusH126_4mu_phi1_genbin3_recobin7 acc 0.0421 eff 0.0 outinratio 0.0335 

WplusH126_4mu_phi1_genbin3_recobin7 acc 0.0354 eff 0.0 outinratio 0.0664 

ZH126_4mu_phi1_genbin3_recobin7 acc 0.0344 eff 0.0 outinratio 0.0098 

ttH126_4mu_phi1_genbin3_recobin7 acc 0.0418 eff 0.0 outinratio 0.11 

ggH126_4mu_phi1_genbin4_recobin7 acc 0.0504 eff 0.0 outinratio 0.0836 

VBFH126_4mu_phi1_genbin4_recobin7 acc 0.0592 eff 0.0 outinratio 0.0247 

WminusH126_4mu_phi1_genbin4_recobin7 acc 0.0451 eff 0.0 outinratio 0.0335 

WplusH126_4mu_phi1_genbin4_recobin7 acc 0.0379 eff 0.0 outinratio 0.0664 

ZH126_4mu_phi1_genbin4_recobin7 acc 0.0433 eff 0.0 outinratio 0.0098 

ttH126_4mu_phi1_genbin4_recobin7 acc 0.0429 eff 0.0 outinratio 0.11 

ggH126_4mu_phi1_genbin5_recobin7 acc 0.0512 eff 0.0 outinratio 0.0836 

VBFH126_4mu_phi1_genbin5_recobin7 acc 0.0632 eff 0.0 outinratio 0.0247 

WminusH126_4mu_phi1_genbin5_recobin7 acc 0.0491 eff 0.0 outinratio 0.0335 

WplusH126_4mu_phi1_genbin5_recobin7 acc 0.037 eff 0.0 outinratio 0.0664 

ZH126_4mu_phi1_genbin5_recobin7 acc 0.0469 eff 0.0 outinratio 0.0098 

ttH126_4mu_phi1_genbin5_recobin7 acc 0.0421 eff 0.0031 outinratio 0.11 

ggH126_4mu_phi1_genbin6_recobin7 acc 0.0582 eff 0.0101 outinratio 0.0836 

VBFH126_4mu_phi1_genbin6_recobin7 acc 0.061 eff 0.0078 outinratio 0.0247 

WminusH126_4mu_phi1_genbin6_recobin7 acc 0.0482 eff 0.0189 outinratio 0.0335 

WplusH126_4mu_phi1_genbin6_recobin7 acc 0.0434 eff 0.0092 outinratio 0.0664 

ZH126_4mu_phi1_genbin6_recobin7 acc 0.0451 eff 0.0506 outinratio 0.0098 

ttH126_4mu_phi1_genbin6_recobin7 acc 0.0422 eff 0.0179 outinratio 0.11 

ggH126_4mu_phi1_genbin7_recobin7 acc 0.0427 eff 0.7613 outinratio 0.0836 

VBFH126_4mu_phi1_genbin7_recobin7 acc 0.0592 eff 0.7968 outinratio 0.0247 

WminusH126_4mu_phi1_genbin7_recobin7 acc 0.0435 eff 0.7667 outinratio 0.0335 

WplusH126_4mu_phi1_genbin7_recobin7 acc 0.044 eff 0.7615 outinratio 0.0664 

ZH126_4mu_phi1_genbin7_recobin7 acc 0.0439 eff 0.7954 outinratio 0.0098 

ttH126_4mu_phi1_genbin7_recobin7 acc 0.0439 eff 0.7655 outinratio 0.11 

ggH126_2e2mu_phi1_genbin0_recobin0 acc 0.0487 eff 0.4647 outinratio 0.0713 

VBFH126_2e2mu_phi1_genbin0_recobin0 acc 0.0526 eff 0.5045 outinratio 0.0446 

WminusH126_2e2mu_phi1_genbin0_recobin0 acc 0.0386 eff 0.5167 outinratio 0.0679 

WplusH126_2e2mu_phi1_genbin0_recobin0 acc 0.0363 eff 0.5585 outinratio 0.0404 

ZH126_2e2mu_phi1_genbin0_recobin0 acc 0.0436 eff 0.4795 outinratio 0.045 

ttH126_2e2mu_phi1_genbin0_recobin0 acc 0.0361 eff 0.4882 outinratio 0.1884 

ggH126_2e2mu_phi1_genbin1_recobin0 acc 0.0577 eff 0.0046 outinratio 0.0713 

VBFH126_2e2mu_phi1_genbin1_recobin0 acc 0.0576 eff 0.0165 outinratio 0.0446 

WminusH126_2e2mu_phi1_genbin1_recobin0 acc 0.0469 eff 0.0095 outinratio 0.0679 

WplusH126_2e2mu_phi1_genbin1_recobin0 acc 0.044 eff 0.0176 outinratio 0.0404 

ZH126_2e2mu_phi1_genbin1_recobin0 acc 0.0489 eff 0.0053 outinratio 0.045 

ttH126_2e2mu_phi1_genbin1_recobin0 acc 0.0403 eff 0.0081 outinratio 0.1884 

ggH126_2e2mu_phi1_genbin2_recobin0 acc 0.0552 eff 0.0 outinratio 0.0713 

VBFH126_2e2mu_phi1_genbin2_recobin0 acc 0.0551 eff 0.0 outinratio 0.0446 

WminusH126_2e2mu_phi1_genbin2_recobin0 acc 0.0449 eff 0.0 outinratio 0.0679 

WplusH126_2e2mu_phi1_genbin2_recobin0 acc 0.0402 eff 0.0 outinratio 0.0404 

ZH126_2e2mu_phi1_genbin2_recobin0 acc 0.0417 eff 0.0 outinratio 0.045 

ttH126_2e2mu_phi1_genbin2_recobin0 acc 0.0398 eff 0.0003 outinratio 0.1884 

ggH126_2e2mu_phi1_genbin3_recobin0 acc 0.0437 eff 0.0028 outinratio 0.0713 

VBFH126_2e2mu_phi1_genbin3_recobin0 acc 0.0562 eff 0.0015 outinratio 0.0446 

WminusH126_2e2mu_phi1_genbin3_recobin0 acc 0.0401 eff 0.002 outinratio 0.0679 

WplusH126_2e2mu_phi1_genbin3_recobin0 acc 0.035 eff 0.0 outinratio 0.0404 

ZH126_2e2mu_phi1_genbin3_recobin0 acc 0.0361 eff 0.0021 outinratio 0.045 

ttH126_2e2mu_phi1_genbin3_recobin0 acc 0.0385 eff 0.0 outinratio 0.1884 

ggH126_2e2mu_phi1_genbin4_recobin0 acc 0.0476 eff 0.0 outinratio 0.0713 

VBFH126_2e2mu_phi1_genbin4_recobin0 acc 0.0517 eff 0.0 outinratio 0.0446 

WminusH126_2e2mu_phi1_genbin4_recobin0 acc 0.0404 eff 0.0017 outinratio 0.0679 

WplusH126_2e2mu_phi1_genbin4_recobin0 acc 0.035 eff 0.0 outinratio 0.0404 

ZH126_2e2mu_phi1_genbin4_recobin0 acc 0.0407 eff 0.0 outinratio 0.045 

ttH126_2e2mu_phi1_genbin4_recobin0 acc 0.0387 eff 0.0 outinratio 0.1884 

ggH126_2e2mu_phi1_genbin5_recobin0 acc 0.0574 eff 0.0 outinratio 0.0713 

VBFH126_2e2mu_phi1_genbin5_recobin0 acc 0.0578 eff 0.0 outinratio 0.0446 

WminusH126_2e2mu_phi1_genbin5_recobin0 acc 0.0424 eff 0.0031 outinratio 0.0679 

WplusH126_2e2mu_phi1_genbin5_recobin0 acc 0.0404 eff 0.0 outinratio 0.0404 

ZH126_2e2mu_phi1_genbin5_recobin0 acc 0.042 eff 0.0 outinratio 0.045 

ttH126_2e2mu_phi1_genbin5_recobin0 acc 0.0404 eff 0.0 outinratio 0.1884 

ggH126_2e2mu_phi1_genbin6_recobin0 acc 0.0564 eff 0.0 outinratio 0.0713 

VBFH126_2e2mu_phi1_genbin6_recobin0 acc 0.0581 eff 0.0 outinratio 0.0446 

WminusH126_2e2mu_phi1_genbin6_recobin0 acc 0.0449 eff 0.0 outinratio 0.0679 

WplusH126_2e2mu_phi1_genbin6_recobin0 acc 0.0404 eff 0.0 outinratio 0.0404 

ZH126_2e2mu_phi1_genbin6_recobin0 acc 0.0466 eff 0.0113 outinratio 0.045 

ttH126_2e2mu_phi1_genbin6_recobin0 acc 0.0396 eff 0.0004 outinratio 0.1884 

ggH126_2e2mu_phi1_genbin7_recobin0 acc 0.0481 eff 0.0064 outinratio 0.0713 

VBFH126_2e2mu_phi1_genbin7_recobin0 acc 0.0551 eff 0.0028 outinratio 0.0446 

WminusH126_2e2mu_phi1_genbin7_recobin0 acc 0.0441 eff 0.004 outinratio 0.0679 

WplusH126_2e2mu_phi1_genbin7_recobin0 acc 0.0369 eff 0.0016 outinratio 0.0404 

ZH126_2e2mu_phi1_genbin7_recobin0 acc 0.0443 eff 0.0192 outinratio 0.045 

ttH126_2e2mu_phi1_genbin7_recobin0 acc 0.0379 eff 0.0059 outinratio 0.1884 

ggH126_2e2mu_phi1_genbin0_recobin1 acc 0.0487 eff 0.0112 outinratio 0.0343 

VBFH126_2e2mu_phi1_genbin0_recobin1 acc 0.0526 eff 0.015 outinratio 0.0386 

WminusH126_2e2mu_phi1_genbin0_recobin1 acc 0.0386 eff 0.0107 outinratio 0.0786 

WplusH126_2e2mu_phi1_genbin0_recobin1 acc 0.0363 eff 0.0226 outinratio 0.0427 

ZH126_2e2mu_phi1_genbin0_recobin1 acc 0.0436 eff 0.022 outinratio 0.0516 

ttH126_2e2mu_phi1_genbin0_recobin1 acc 0.0361 eff 0.0081 outinratio 0.1769 

ggH126_2e2mu_phi1_genbin1_recobin1 acc 0.0577 eff 0.5486 outinratio 0.0343 

VBFH126_2e2mu_phi1_genbin1_recobin1 acc 0.0576 eff 0.5059 outinratio 0.0386 

WminusH126_2e2mu_phi1_genbin1_recobin1 acc 0.0469 eff 0.5072 outinratio 0.0786 

WplusH126_2e2mu_phi1_genbin1_recobin1 acc 0.044 eff 0.4987 outinratio 0.0427 

ZH126_2e2mu_phi1_genbin1_recobin1 acc 0.0489 eff 0.4846 outinratio 0.0516 

ttH126_2e2mu_phi1_genbin1_recobin1 acc 0.0403 eff 0.497 outinratio 0.1769 

ggH126_2e2mu_phi1_genbin2_recobin1 acc 0.0552 eff 0.0151 outinratio 0.0343 

VBFH126_2e2mu_phi1_genbin2_recobin1 acc 0.0551 eff 0.0167 outinratio 0.0386 

WminusH126_2e2mu_phi1_genbin2_recobin1 acc 0.0449 eff 0.0192 outinratio 0.0786 

WplusH126_2e2mu_phi1_genbin2_recobin1 acc 0.0402 eff 0.0147 outinratio 0.0427 

ZH126_2e2mu_phi1_genbin2_recobin1 acc 0.0417 eff 0.0094 outinratio 0.0516 

ttH126_2e2mu_phi1_genbin2_recobin1 acc 0.0398 eff 0.0137 outinratio 0.1769 

ggH126_2e2mu_phi1_genbin3_recobin1 acc 0.0437 eff 0.0013 outinratio 0.0343 

VBFH126_2e2mu_phi1_genbin3_recobin1 acc 0.0562 eff 0.0004 outinratio 0.0386 

WminusH126_2e2mu_phi1_genbin3_recobin1 acc 0.0401 eff 0.0 outinratio 0.0786 

WplusH126_2e2mu_phi1_genbin3_recobin1 acc 0.035 eff 0.0 outinratio 0.0427 

ZH126_2e2mu_phi1_genbin3_recobin1 acc 0.0361 eff 0.0 outinratio 0.0516 

ttH126_2e2mu_phi1_genbin3_recobin1 acc 0.0385 eff 0.0 outinratio 0.1769 

ggH126_2e2mu_phi1_genbin4_recobin1 acc 0.0476 eff 0.0 outinratio 0.0343 

VBFH126_2e2mu_phi1_genbin4_recobin1 acc 0.0517 eff 0.0007 outinratio 0.0386 

WminusH126_2e2mu_phi1_genbin4_recobin1 acc 0.0404 eff 0.0018 outinratio 0.0786 

WplusH126_2e2mu_phi1_genbin4_recobin1 acc 0.035 eff 0.0 outinratio 0.0427 

ZH126_2e2mu_phi1_genbin4_recobin1 acc 0.0407 eff 0.0 outinratio 0.0516 

ttH126_2e2mu_phi1_genbin4_recobin1 acc 0.0387 eff 0.0 outinratio 0.1769 

ggH126_2e2mu_phi1_genbin5_recobin1 acc 0.0574 eff 0.0 outinratio 0.0343 

VBFH126_2e2mu_phi1_genbin5_recobin1 acc 0.0578 eff 0.0011 outinratio 0.0386 

WminusH126_2e2mu_phi1_genbin5_recobin1 acc 0.0424 eff 0.0 outinratio 0.0786 

WplusH126_2e2mu_phi1_genbin5_recobin1 acc 0.0404 eff 0.0 outinratio 0.0427 

ZH126_2e2mu_phi1_genbin5_recobin1 acc 0.042 eff 0.0 outinratio 0.0516 

ttH126_2e2mu_phi1_genbin5_recobin1 acc 0.0404 eff 0.0008 outinratio 0.1769 

ggH126_2e2mu_phi1_genbin6_recobin1 acc 0.0564 eff 0.0 outinratio 0.0343 

VBFH126_2e2mu_phi1_genbin6_recobin1 acc 0.0581 eff 0.0 outinratio 0.0386 

WminusH126_2e2mu_phi1_genbin6_recobin1 acc 0.0449 eff 0.0 outinratio 0.0786 

WplusH126_2e2mu_phi1_genbin6_recobin1 acc 0.0404 eff 0.0 outinratio 0.0427 

ZH126_2e2mu_phi1_genbin6_recobin1 acc 0.0466 eff 0.0 outinratio 0.0516 

ttH126_2e2mu_phi1_genbin6_recobin1 acc 0.0396 eff 0.0007 outinratio 0.1769 

ggH126_2e2mu_phi1_genbin7_recobin1 acc 0.0481 eff 0.0 outinratio 0.0343 

VBFH126_2e2mu_phi1_genbin7_recobin1 acc 0.0551 eff 0.0007 outinratio 0.0386 

WminusH126_2e2mu_phi1_genbin7_recobin1 acc 0.0441 eff 0.0 outinratio 0.0786 

WplusH126_2e2mu_phi1_genbin7_recobin1 acc 0.0369 eff 0.0 outinratio 0.0427 

ZH126_2e2mu_phi1_genbin7_recobin1 acc 0.0443 eff 0.0 outinratio 0.0516 

ttH126_2e2mu_phi1_genbin7_recobin1 acc 0.0379 eff 0.0009 outinratio 0.1769 

ggH126_2e2mu_phi1_genbin0_recobin2 acc 0.0487 eff 0.0 outinratio 0.0222 

VBFH126_2e2mu_phi1_genbin0_recobin2 acc 0.0526 eff 0.0003 outinratio 0.0283 

WminusH126_2e2mu_phi1_genbin0_recobin2 acc 0.0386 eff 0.0 outinratio 0.1066 

WplusH126_2e2mu_phi1_genbin0_recobin2 acc 0.0363 eff 0.0 outinratio 0.1144 

ZH126_2e2mu_phi1_genbin0_recobin2 acc 0.0436 eff 0.0 outinratio 0.1455 

ttH126_2e2mu_phi1_genbin0_recobin2 acc 0.0361 eff 0.0 outinratio 0.1706 

ggH126_2e2mu_phi1_genbin1_recobin2 acc 0.0577 eff 0.0183 outinratio 0.0222 

VBFH126_2e2mu_phi1_genbin1_recobin2 acc 0.0576 eff 0.0145 outinratio 0.0283 

WminusH126_2e2mu_phi1_genbin1_recobin2 acc 0.0469 eff 0.0116 outinratio 0.1066 

WplusH126_2e2mu_phi1_genbin1_recobin2 acc 0.044 eff 0.0227 outinratio 0.1144 

ZH126_2e2mu_phi1_genbin1_recobin2 acc 0.0489 eff 0.0107 outinratio 0.1455 

ttH126_2e2mu_phi1_genbin1_recobin2 acc 0.0403 eff 0.0122 outinratio 0.1706 

ggH126_2e2mu_phi1_genbin2_recobin2 acc 0.0552 eff 0.5098 outinratio 0.0222 

VBFH126_2e2mu_phi1_genbin2_recobin2 acc 0.0551 eff 0.4983 outinratio 0.0283 

WminusH126_2e2mu_phi1_genbin2_recobin2 acc 0.0449 eff 0.52 outinratio 0.1066 

WplusH126_2e2mu_phi1_genbin2_recobin2 acc 0.0402 eff 0.5009 outinratio 0.1144 

ZH126_2e2mu_phi1_genbin2_recobin2 acc 0.0417 eff 0.4787 outinratio 0.1455 

ttH126_2e2mu_phi1_genbin2_recobin2 acc 0.0398 eff 0.5193 outinratio 0.1706 

ggH126_2e2mu_phi1_genbin3_recobin2 acc 0.0437 eff 0.0183 outinratio 0.0222 

VBFH126_2e2mu_phi1_genbin3_recobin2 acc 0.0562 eff 0.005 outinratio 0.0283 

WminusH126_2e2mu_phi1_genbin3_recobin2 acc 0.0401 eff 0.0113 outinratio 0.1066 

WplusH126_2e2mu_phi1_genbin3_recobin2 acc 0.035 eff 0.0163 outinratio 0.1144 

ZH126_2e2mu_phi1_genbin3_recobin2 acc 0.0361 eff 0.0212 outinratio 0.1455 

ttH126_2e2mu_phi1_genbin3_recobin2 acc 0.0385 eff 0.0071 outinratio 0.1706 

ggH126_2e2mu_phi1_genbin4_recobin2 acc 0.0476 eff 0.0 outinratio 0.0222 

VBFH126_2e2mu_phi1_genbin4_recobin2 acc 0.0517 eff 0.0004 outinratio 0.0283 

WminusH126_2e2mu_phi1_genbin4_recobin2 acc 0.0404 eff 0.0019 outinratio 0.1066 

WplusH126_2e2mu_phi1_genbin4_recobin2 acc 0.035 eff 0.0028 outinratio 0.1144 

ZH126_2e2mu_phi1_genbin4_recobin2 acc 0.0407 eff 0.0 outinratio 0.1455 

ttH126_2e2mu_phi1_genbin4_recobin2 acc 0.0387 eff 0.0009 outinratio 0.1706 

ggH126_2e2mu_phi1_genbin5_recobin2 acc 0.0574 eff 0.0 outinratio 0.0222 

VBFH126_2e2mu_phi1_genbin5_recobin2 acc 0.0578 eff 0.0008 outinratio 0.0283 

WminusH126_2e2mu_phi1_genbin5_recobin2 acc 0.0424 eff 0.0 outinratio 0.1066 

WplusH126_2e2mu_phi1_genbin5_recobin2 acc 0.0404 eff 0.0 outinratio 0.1144 

ZH126_2e2mu_phi1_genbin5_recobin2 acc 0.042 eff 0.0 outinratio 0.1455 

ttH126_2e2mu_phi1_genbin5_recobin2 acc 0.0404 eff 0.0011 outinratio 0.1706 

ggH126_2e2mu_phi1_genbin6_recobin2 acc 0.0564 eff 0.0 outinratio 0.0222 

VBFH126_2e2mu_phi1_genbin6_recobin2 acc 0.0581 eff 0.0 outinratio 0.0283 

WminusH126_2e2mu_phi1_genbin6_recobin2 acc 0.0449 eff 0.0 outinratio 0.1066 

WplusH126_2e2mu_phi1_genbin6_recobin2 acc 0.0404 eff 0.0 outinratio 0.1144 

ZH126_2e2mu_phi1_genbin6_recobin2 acc 0.0466 eff 0.0 outinratio 0.1455 

ttH126_2e2mu_phi1_genbin6_recobin2 acc 0.0396 eff 0.0 outinratio 0.1706 

ggH126_2e2mu_phi1_genbin7_recobin2 acc 0.0481 eff 0.0044 outinratio 0.0222 

VBFH126_2e2mu_phi1_genbin7_recobin2 acc 0.0551 eff 0.0 outinratio 0.0283 

WminusH126_2e2mu_phi1_genbin7_recobin2 acc 0.0441 eff 0.0 outinratio 0.1066 

WplusH126_2e2mu_phi1_genbin7_recobin2 acc 0.0369 eff 0.0 outinratio 0.1144 

ZH126_2e2mu_phi1_genbin7_recobin2 acc 0.0443 eff 0.0 outinratio 0.1455 

ttH126_2e2mu_phi1_genbin7_recobin2 acc 0.0379 eff 0.0 outinratio 0.1706 

ggH126_2e2mu_phi1_genbin0_recobin3 acc 0.0487 eff 0.0 outinratio 0.0346 

VBFH126_2e2mu_phi1_genbin0_recobin3 acc 0.0526 eff 0.0014 outinratio 0.022 

WminusH126_2e2mu_phi1_genbin0_recobin3 acc 0.0386 eff 0.0 outinratio 0.0681 

WplusH126_2e2mu_phi1_genbin0_recobin3 acc 0.0363 eff 0.0 outinratio 0.0923 

ZH126_2e2mu_phi1_genbin0_recobin3 acc 0.0436 eff 0.0 outinratio 0.0807 

ttH126_2e2mu_phi1_genbin0_recobin3 acc 0.0361 eff 0.0 outinratio 0.1642 

ggH126_2e2mu_phi1_genbin1_recobin3 acc 0.0577 eff 0.0 outinratio 0.0346 

VBFH126_2e2mu_phi1_genbin1_recobin3 acc 0.0576 eff 0.0012 outinratio 0.022 

WminusH126_2e2mu_phi1_genbin1_recobin3 acc 0.0469 eff 0.0 outinratio 0.0681 

WplusH126_2e2mu_phi1_genbin1_recobin3 acc 0.044 eff 0.0 outinratio 0.0923 

ZH126_2e2mu_phi1_genbin1_recobin3 acc 0.0489 eff 0.0 outinratio 0.0807 

ttH126_2e2mu_phi1_genbin1_recobin3 acc 0.0403 eff 0.0 outinratio 0.1642 

ggH126_2e2mu_phi1_genbin2_recobin3 acc 0.0552 eff 0.0037 outinratio 0.0346 

VBFH126_2e2mu_phi1_genbin2_recobin3 acc 0.0551 eff 0.0094 outinratio 0.022 

WminusH126_2e2mu_phi1_genbin2_recobin3 acc 0.0449 eff 0.0054 outinratio 0.0681 

WplusH126_2e2mu_phi1_genbin2_recobin3 acc 0.0402 eff 0.0109 outinratio 0.0923 

ZH126_2e2mu_phi1_genbin2_recobin3 acc 0.0417 eff 0.0183 outinratio 0.0807 

ttH126_2e2mu_phi1_genbin2_recobin3 acc 0.0398 eff 0.0077 outinratio 0.1642 

ggH126_2e2mu_phi1_genbin3_recobin3 acc 0.0437 eff 0.5069 outinratio 0.0346 

VBFH126_2e2mu_phi1_genbin3_recobin3 acc 0.0562 eff 0.4987 outinratio 0.022 

WminusH126_2e2mu_phi1_genbin3_recobin3 acc 0.0401 eff 0.4937 outinratio 0.0681 

WplusH126_2e2mu_phi1_genbin3_recobin3 acc 0.035 eff 0.5481 outinratio 0.0923 

ZH126_2e2mu_phi1_genbin3_recobin3 acc 0.0361 eff 0.4496 outinratio 0.0807 

ttH126_2e2mu_phi1_genbin3_recobin3 acc 0.0385 eff 0.5062 outinratio 0.1642 

ggH126_2e2mu_phi1_genbin4_recobin3 acc 0.0476 eff 0.0069 outinratio 0.0346 

VBFH126_2e2mu_phi1_genbin4_recobin3 acc 0.0517 eff 0.008 outinratio 0.022 

WminusH126_2e2mu_phi1_genbin4_recobin3 acc 0.0404 eff 0.0039 outinratio 0.0681 

WplusH126_2e2mu_phi1_genbin4_recobin3 acc 0.035 eff 0.0071 outinratio 0.0923 

ZH126_2e2mu_phi1_genbin4_recobin3 acc 0.0407 eff 0.0054 outinratio 0.0807 

ttH126_2e2mu_phi1_genbin4_recobin3 acc 0.0387 eff 0.0031 outinratio 0.1642 

ggH126_2e2mu_phi1_genbin5_recobin3 acc 0.0574 eff 0.0 outinratio 0.0346 

VBFH126_2e2mu_phi1_genbin5_recobin3 acc 0.0578 eff 0.0 outinratio 0.022 

WminusH126_2e2mu_phi1_genbin5_recobin3 acc 0.0424 eff 0.0 outinratio 0.0681 

WplusH126_2e2mu_phi1_genbin5_recobin3 acc 0.0404 eff 0.0 outinratio 0.0923 

ZH126_2e2mu_phi1_genbin5_recobin3 acc 0.042 eff 0.0 outinratio 0.0807 

ttH126_2e2mu_phi1_genbin5_recobin3 acc 0.0404 eff 0.0007 outinratio 0.1642 

ggH126_2e2mu_phi1_genbin6_recobin3 acc 0.0564 eff 0.0 outinratio 0.0346 

VBFH126_2e2mu_phi1_genbin6_recobin3 acc 0.0581 eff 0.0016 outinratio 0.022 

WminusH126_2e2mu_phi1_genbin6_recobin3 acc 0.0449 eff 0.0 outinratio 0.0681 

WplusH126_2e2mu_phi1_genbin6_recobin3 acc 0.0404 eff 0.0 outinratio 0.0923 

ZH126_2e2mu_phi1_genbin6_recobin3 acc 0.0466 eff 0.0 outinratio 0.0807 

ttH126_2e2mu_phi1_genbin6_recobin3 acc 0.0396 eff 0.0 outinratio 0.1642 

ggH126_2e2mu_phi1_genbin7_recobin3 acc 0.0481 eff 0.0 outinratio 0.0346 

VBFH126_2e2mu_phi1_genbin7_recobin3 acc 0.0551 eff 0.0004 outinratio 0.022 

WminusH126_2e2mu_phi1_genbin7_recobin3 acc 0.0441 eff 0.0 outinratio 0.0681 

WplusH126_2e2mu_phi1_genbin7_recobin3 acc 0.0369 eff 0.0 outinratio 0.0923 

ZH126_2e2mu_phi1_genbin7_recobin3 acc 0.0443 eff 0.0 outinratio 0.0807 

ttH126_2e2mu_phi1_genbin7_recobin3 acc 0.0379 eff 0.0 outinratio 0.1642 

ggH126_2e2mu_phi1_genbin0_recobin4 acc 0.0487 eff 0.0 outinratio 0.0548 

VBFH126_2e2mu_phi1_genbin0_recobin4 acc 0.0526 eff 0.0006 outinratio 0.0414 

WminusH126_2e2mu_phi1_genbin0_recobin4 acc 0.0386 eff 0.0 outinratio 0.0702 

WplusH126_2e2mu_phi1_genbin0_recobin4 acc 0.0363 eff 0.0 outinratio 0.0705 

ZH126_2e2mu_phi1_genbin0_recobin4 acc 0.0436 eff 0.0 outinratio 0.0697 

ttH126_2e2mu_phi1_genbin0_recobin4 acc 0.0361 eff 0.0 outinratio 0.1512 

ggH126_2e2mu_phi1_genbin1_recobin4 acc 0.0577 eff 0.0 outinratio 0.0548 

VBFH126_2e2mu_phi1_genbin1_recobin4 acc 0.0576 eff 0.0005 outinratio 0.0414 

WminusH126_2e2mu_phi1_genbin1_recobin4 acc 0.0469 eff 0.0 outinratio 0.0702 

WplusH126_2e2mu_phi1_genbin1_recobin4 acc 0.044 eff 0.0 outinratio 0.0705 

ZH126_2e2mu_phi1_genbin1_recobin4 acc 0.0489 eff 0.0 outinratio 0.0697 

ttH126_2e2mu_phi1_genbin1_recobin4 acc 0.0403 eff 0.0004 outinratio 0.1512 

ggH126_2e2mu_phi1_genbin2_recobin4 acc 0.0552 eff 0.0 outinratio 0.0548 

VBFH126_2e2mu_phi1_genbin2_recobin4 acc 0.0551 eff 0.0 outinratio 0.0414 

WminusH126_2e2mu_phi1_genbin2_recobin4 acc 0.0449 eff 0.0 outinratio 0.0702 

WplusH126_2e2mu_phi1_genbin2_recobin4 acc 0.0402 eff 0.0 outinratio 0.0705 

ZH126_2e2mu_phi1_genbin2_recobin4 acc 0.0417 eff 0.0 outinratio 0.0697 

ttH126_2e2mu_phi1_genbin2_recobin4 acc 0.0398 eff 0.0005 outinratio 0.1512 

ggH126_2e2mu_phi1_genbin3_recobin4 acc 0.0437 eff 0.0062 outinratio 0.0548 

VBFH126_2e2mu_phi1_genbin3_recobin4 acc 0.0562 eff 0.0038 outinratio 0.0414 

WminusH126_2e2mu_phi1_genbin3_recobin4 acc 0.0401 eff 0.015 outinratio 0.0702 

WplusH126_2e2mu_phi1_genbin3_recobin4 acc 0.035 eff 0.0 outinratio 0.0705 

ZH126_2e2mu_phi1_genbin3_recobin4 acc 0.0361 eff 0.0 outinratio 0.0697 

ttH126_2e2mu_phi1_genbin3_recobin4 acc 0.0385 eff 0.003 outinratio 0.1512 

ggH126_2e2mu_phi1_genbin4_recobin4 acc 0.0476 eff 0.461 outinratio 0.0548 

VBFH126_2e2mu_phi1_genbin4_recobin4 acc 0.0517 eff 0.5033 outinratio 0.0414 

WminusH126_2e2mu_phi1_genbin4_recobin4 acc 0.0404 eff 0.5139 outinratio 0.0702 

WplusH126_2e2mu_phi1_genbin4_recobin4 acc 0.035 eff 0.4947 outinratio 0.0705 

ZH126_2e2mu_phi1_genbin4_recobin4 acc 0.0407 eff 0.5055 outinratio 0.0697 

ttH126_2e2mu_phi1_genbin4_recobin4 acc 0.0387 eff 0.5131 outinratio 0.1512 

ggH126_2e2mu_phi1_genbin5_recobin4 acc 0.0574 eff 0.0054 outinratio 0.0548 

VBFH126_2e2mu_phi1_genbin5_recobin4 acc 0.0578 eff 0.0178 outinratio 0.0414 

WminusH126_2e2mu_phi1_genbin5_recobin4 acc 0.0424 eff 0.0055 outinratio 0.0702 

WplusH126_2e2mu_phi1_genbin5_recobin4 acc 0.0404 eff 0.0184 outinratio 0.0705 

ZH126_2e2mu_phi1_genbin5_recobin4 acc 0.042 eff 0.0105 outinratio 0.0697 

ttH126_2e2mu_phi1_genbin5_recobin4 acc 0.0404 eff 0.0118 outinratio 0.1512 

ggH126_2e2mu_phi1_genbin6_recobin4 acc 0.0564 eff 0.0 outinratio 0.0548 

VBFH126_2e2mu_phi1_genbin6_recobin4 acc 0.0581 eff 0.0 outinratio 0.0414 

WminusH126_2e2mu_phi1_genbin6_recobin4 acc 0.0449 eff 0.0019 outinratio 0.0702 

WplusH126_2e2mu_phi1_genbin6_recobin4 acc 0.0404 eff 0.0 outinratio 0.0705 

ZH126_2e2mu_phi1_genbin6_recobin4 acc 0.0466 eff 0.0 outinratio 0.0697 

ttH126_2e2mu_phi1_genbin6_recobin4 acc 0.0396 eff 0.0 outinratio 0.1512 

ggH126_2e2mu_phi1_genbin7_recobin4 acc 0.0481 eff 0.0 outinratio 0.0548 

VBFH126_2e2mu_phi1_genbin7_recobin4 acc 0.0551 eff 0.0 outinratio 0.0414 

WminusH126_2e2mu_phi1_genbin7_recobin4 acc 0.0441 eff 0.0 outinratio 0.0702 

WplusH126_2e2mu_phi1_genbin7_recobin4 acc 0.0369 eff 0.0 outinratio 0.0705 

ZH126_2e2mu_phi1_genbin7_recobin4 acc 0.0443 eff 0.0 outinratio 0.0697 

ttH126_2e2mu_phi1_genbin7_recobin4 acc 0.0379 eff 0.0002 outinratio 0.1512 

ggH126_2e2mu_phi1_genbin0_recobin5 acc 0.0487 eff 0.0 outinratio 0.0425 

VBFH126_2e2mu_phi1_genbin0_recobin5 acc 0.0526 eff 0.0 outinratio 0.0394 

WminusH126_2e2mu_phi1_genbin0_recobin5 acc 0.0386 eff 0.0 outinratio 0.092 

WplusH126_2e2mu_phi1_genbin0_recobin5 acc 0.0363 eff 0.0 outinratio 0.0639 

ZH126_2e2mu_phi1_genbin0_recobin5 acc 0.0436 eff 0.0 outinratio 0.101 

ttH126_2e2mu_phi1_genbin0_recobin5 acc 0.0361 eff 0.0023 outinratio 0.1684 

ggH126_2e2mu_phi1_genbin1_recobin5 acc 0.0577 eff 0.0 outinratio 0.0425 

VBFH126_2e2mu_phi1_genbin1_recobin5 acc 0.0576 eff 0.0006 outinratio 0.0394 

WminusH126_2e2mu_phi1_genbin1_recobin5 acc 0.0469 eff 0.0 outinratio 0.092 

WplusH126_2e2mu_phi1_genbin1_recobin5 acc 0.044 eff 0.0 outinratio 0.0639 

ZH126_2e2mu_phi1_genbin1_recobin5 acc 0.0489 eff 0.0 outinratio 0.101 

ttH126_2e2mu_phi1_genbin1_recobin5 acc 0.0403 eff 0.0008 outinratio 0.1684 

ggH126_2e2mu_phi1_genbin2_recobin5 acc 0.0552 eff 0.0 outinratio 0.0425 

VBFH126_2e2mu_phi1_genbin2_recobin5 acc 0.0551 eff 0.0012 outinratio 0.0394 

WminusH126_2e2mu_phi1_genbin2_recobin5 acc 0.0449 eff 0.0014 outinratio 0.092 

WplusH126_2e2mu_phi1_genbin2_recobin5 acc 0.0402 eff 0.0 outinratio 0.0639 

ZH126_2e2mu_phi1_genbin2_recobin5 acc 0.0417 eff 0.0 outinratio 0.101 

ttH126_2e2mu_phi1_genbin2_recobin5 acc 0.0398 eff 0.0004 outinratio 0.1684 

ggH126_2e2mu_phi1_genbin3_recobin5 acc 0.0437 eff 0.0 outinratio 0.0425 

VBFH126_2e2mu_phi1_genbin3_recobin5 acc 0.0562 eff 0.0 outinratio 0.0394 

WminusH126_2e2mu_phi1_genbin3_recobin5 acc 0.0401 eff 0.0 outinratio 0.092 

WplusH126_2e2mu_phi1_genbin3_recobin5 acc 0.035 eff 0.0029 outinratio 0.0639 

ZH126_2e2mu_phi1_genbin3_recobin5 acc 0.0361 eff 0.0 outinratio 0.101 

ttH126_2e2mu_phi1_genbin3_recobin5 acc 0.0385 eff 0.0 outinratio 0.1684 

ggH126_2e2mu_phi1_genbin4_recobin5 acc 0.0476 eff 0.0127 outinratio 0.0425 

VBFH126_2e2mu_phi1_genbin4_recobin5 acc 0.0517 eff 0.0143 outinratio 0.0394 

WminusH126_2e2mu_phi1_genbin4_recobin5 acc 0.0404 eff 0.0074 outinratio 0.092 

WplusH126_2e2mu_phi1_genbin4_recobin5 acc 0.035 eff 0.0124 outinratio 0.0639 

ZH126_2e2mu_phi1_genbin4_recobin5 acc 0.0407 eff 0.0054 outinratio 0.101 

ttH126_2e2mu_phi1_genbin4_recobin5 acc 0.0387 eff 0.0105 outinratio 0.1684 

ggH126_2e2mu_phi1_genbin5_recobin5 acc 0.0574 eff 0.5316 outinratio 0.0425 

VBFH126_2e2mu_phi1_genbin5_recobin5 acc 0.0578 eff 0.5344 outinratio 0.0394 

WminusH126_2e2mu_phi1_genbin5_recobin5 acc 0.0424 eff 0.4639 outinratio 0.092 

WplusH126_2e2mu_phi1_genbin5_recobin5 acc 0.0404 eff 0.4605 outinratio 0.0639 

ZH126_2e2mu_phi1_genbin5_recobin5 acc 0.042 eff 0.4498 outinratio 0.101 

ttH126_2e2mu_phi1_genbin5_recobin5 acc 0.0404 eff 0.5052 outinratio 0.1684 

ggH126_2e2mu_phi1_genbin6_recobin5 acc 0.0564 eff 0.0171 outinratio 0.0425 

VBFH126_2e2mu_phi1_genbin6_recobin5 acc 0.0581 eff 0.0076 outinratio 0.0394 

WminusH126_2e2mu_phi1_genbin6_recobin5 acc 0.0449 eff 0.014 outinratio 0.092 

WplusH126_2e2mu_phi1_genbin6_recobin5 acc 0.0404 eff 0.0176 outinratio 0.0639 

ZH126_2e2mu_phi1_genbin6_recobin5 acc 0.0466 eff 0.0019 outinratio 0.101 

ttH126_2e2mu_phi1_genbin6_recobin5 acc 0.0396 eff 0.0098 outinratio 0.1684 

ggH126_2e2mu_phi1_genbin7_recobin5 acc 0.0481 eff 0.0 outinratio 0.0425 

VBFH126_2e2mu_phi1_genbin7_recobin5 acc 0.0551 eff 0.0005 outinratio 0.0394 

WminusH126_2e2mu_phi1_genbin7_recobin5 acc 0.0441 eff 0.0015 outinratio 0.092 

WplusH126_2e2mu_phi1_genbin7_recobin5 acc 0.0369 eff 0.0 outinratio 0.0639 

ZH126_2e2mu_phi1_genbin7_recobin5 acc 0.0443 eff 0.0 outinratio 0.101 

ttH126_2e2mu_phi1_genbin7_recobin5 acc 0.0379 eff 0.0 outinratio 0.1684 

ggH126_2e2mu_phi1_genbin0_recobin6 acc 0.0487 eff 0.0007 outinratio 0.0683 

VBFH126_2e2mu_phi1_genbin0_recobin6 acc 0.0526 eff 0.0 outinratio 0.0402 

WminusH126_2e2mu_phi1_genbin0_recobin6 acc 0.0386 eff 0.0041 outinratio 0.0571 

WplusH126_2e2mu_phi1_genbin0_recobin6 acc 0.0363 eff 0.0 outinratio 0.0775 

ZH126_2e2mu_phi1_genbin0_recobin6 acc 0.0436 eff 0.0 outinratio 0.0474 

ttH126_2e2mu_phi1_genbin0_recobin6 acc 0.0361 eff 0.0 outinratio 0.1356 

ggH126_2e2mu_phi1_genbin1_recobin6 acc 0.0577 eff 0.002 outinratio 0.0683 

VBFH126_2e2mu_phi1_genbin1_recobin6 acc 0.0576 eff 0.0 outinratio 0.0402 

WminusH126_2e2mu_phi1_genbin1_recobin6 acc 0.0469 eff 0.0 outinratio 0.0571 

WplusH126_2e2mu_phi1_genbin1_recobin6 acc 0.044 eff 0.0023 outinratio 0.0775 

ZH126_2e2mu_phi1_genbin1_recobin6 acc 0.0489 eff 0.0 outinratio 0.0474 

ttH126_2e2mu_phi1_genbin1_recobin6 acc 0.0403 eff 0.0002 outinratio 0.1356 

ggH126_2e2mu_phi1_genbin2_recobin6 acc 0.0552 eff 0.0 outinratio 0.0683 

VBFH126_2e2mu_phi1_genbin2_recobin6 acc 0.0551 eff 0.0 outinratio 0.0402 

WminusH126_2e2mu_phi1_genbin2_recobin6 acc 0.0449 eff 0.0006 outinratio 0.0571 

WplusH126_2e2mu_phi1_genbin2_recobin6 acc 0.0402 eff 0.0 outinratio 0.0775 

ZH126_2e2mu_phi1_genbin2_recobin6 acc 0.0417 eff 0.0 outinratio 0.0474 

ttH126_2e2mu_phi1_genbin2_recobin6 acc 0.0398 eff 0.0 outinratio 0.1356 

ggH126_2e2mu_phi1_genbin3_recobin6 acc 0.0437 eff 0.0 outinratio 0.0683 

VBFH126_2e2mu_phi1_genbin3_recobin6 acc 0.0562 eff 0.001 outinratio 0.0402 

WminusH126_2e2mu_phi1_genbin3_recobin6 acc 0.0401 eff 0.0 outinratio 0.0571 

WplusH126_2e2mu_phi1_genbin3_recobin6 acc 0.035 eff 0.0 outinratio 0.0775 

ZH126_2e2mu_phi1_genbin3_recobin6 acc 0.0361 eff 0.0 outinratio 0.0474 

ttH126_2e2mu_phi1_genbin3_recobin6 acc 0.0385 eff 0.0 outinratio 0.1356 

ggH126_2e2mu_phi1_genbin4_recobin6 acc 0.0476 eff 0.0 outinratio 0.0683 

VBFH126_2e2mu_phi1_genbin4_recobin6 acc 0.0517 eff 0.0018 outinratio 0.0402 

WminusH126_2e2mu_phi1_genbin4_recobin6 acc 0.0404 eff 0.0 outinratio 0.0571 

WplusH126_2e2mu_phi1_genbin4_recobin6 acc 0.035 eff 0.0 outinratio 0.0775 

ZH126_2e2mu_phi1_genbin4_recobin6 acc 0.0407 eff 0.0 outinratio 0.0474 

ttH126_2e2mu_phi1_genbin4_recobin6 acc 0.0387 eff 0.0 outinratio 0.1356 

ggH126_2e2mu_phi1_genbin5_recobin6 acc 0.0574 eff 0.0093 outinratio 0.0683 

VBFH126_2e2mu_phi1_genbin5_recobin6 acc 0.0578 eff 0.0169 outinratio 0.0402 

WminusH126_2e2mu_phi1_genbin5_recobin6 acc 0.0424 eff 0.007 outinratio 0.0571 

WplusH126_2e2mu_phi1_genbin5_recobin6 acc 0.0404 eff 0.0104 outinratio 0.0775 

ZH126_2e2mu_phi1_genbin5_recobin6 acc 0.042 eff 0.0132 outinratio 0.0474 

ttH126_2e2mu_phi1_genbin5_recobin6 acc 0.0404 eff 0.0109 outinratio 0.1356 

ggH126_2e2mu_phi1_genbin6_recobin6 acc 0.0564 eff 0.5077 outinratio 0.0683 

VBFH126_2e2mu_phi1_genbin6_recobin6 acc 0.0581 eff 0.5305 outinratio 0.0402 

WminusH126_2e2mu_phi1_genbin6_recobin6 acc 0.0449 eff 0.5083 outinratio 0.0571 

WplusH126_2e2mu_phi1_genbin6_recobin6 acc 0.0404 eff 0.4694 outinratio 0.0775 

ZH126_2e2mu_phi1_genbin6_recobin6 acc 0.0466 eff 0.5064 outinratio 0.0474 

ttH126_2e2mu_phi1_genbin6_recobin6 acc 0.0396 eff 0.5045 outinratio 0.1356 

ggH126_2e2mu_phi1_genbin7_recobin6 acc 0.0481 eff 0.0118 outinratio 0.0683 

VBFH126_2e2mu_phi1_genbin7_recobin6 acc 0.0551 eff 0.0129 outinratio 0.0402 

WminusH126_2e2mu_phi1_genbin7_recobin6 acc 0.0441 eff 0.016 outinratio 0.0571 

WplusH126_2e2mu_phi1_genbin7_recobin6 acc 0.0369 eff 0.0059 outinratio 0.0775 

ZH126_2e2mu_phi1_genbin7_recobin6 acc 0.0443 eff 0.0137 outinratio 0.0474 

ttH126_2e2mu_phi1_genbin7_recobin6 acc 0.0379 eff 0.01 outinratio 0.1356 

ggH126_2e2mu_phi1_genbin0_recobin7 acc 0.0487 eff 0.0019 outinratio 0.0382 

VBFH126_2e2mu_phi1_genbin0_recobin7 acc 0.0526 eff 0.0115 outinratio 0.0399 

WminusH126_2e2mu_phi1_genbin0_recobin7 acc 0.0386 eff 0.003 outinratio 0.0769 

WplusH126_2e2mu_phi1_genbin0_recobin7 acc 0.0363 eff 0.0014 outinratio 0.1037 

ZH126_2e2mu_phi1_genbin0_recobin7 acc 0.0436 eff -0.0019 outinratio 0.0668 

ttH126_2e2mu_phi1_genbin0_recobin7 acc 0.0361 eff 0.006 outinratio 0.149 

ggH126_2e2mu_phi1_genbin1_recobin7 acc 0.0577 eff 0.0034 outinratio 0.0382 

VBFH126_2e2mu_phi1_genbin1_recobin7 acc 0.0576 eff 0.0005 outinratio 0.0399 

WminusH126_2e2mu_phi1_genbin1_recobin7 acc 0.0469 eff 0.0 outinratio 0.0769 

WplusH126_2e2mu_phi1_genbin1_recobin7 acc 0.044 eff 0.0 outinratio 0.1037 

ZH126_2e2mu_phi1_genbin1_recobin7 acc 0.0489 eff 0.0 outinratio 0.0668 

ttH126_2e2mu_phi1_genbin1_recobin7 acc 0.0403 eff 0.0 outinratio 0.149 

ggH126_2e2mu_phi1_genbin2_recobin7 acc 0.0552 eff 0.0022 outinratio 0.0382 

VBFH126_2e2mu_phi1_genbin2_recobin7 acc 0.0551 eff 0.001 outinratio 0.0399 

WminusH126_2e2mu_phi1_genbin2_recobin7 acc 0.0449 eff 0.0 outinratio 0.0769 

WplusH126_2e2mu_phi1_genbin2_recobin7 acc 0.0402 eff 0.0 outinratio 0.1037 

ZH126_2e2mu_phi1_genbin2_recobin7 acc 0.0417 eff 0.0 outinratio 0.0668 

ttH126_2e2mu_phi1_genbin2_recobin7 acc 0.0398 eff 0.0 outinratio 0.149 

ggH126_2e2mu_phi1_genbin3_recobin7 acc 0.0437 eff 0.0 outinratio 0.0382 

VBFH126_2e2mu_phi1_genbin3_recobin7 acc 0.0562 eff 0.0004 outinratio 0.0399 

WminusH126_2e2mu_phi1_genbin3_recobin7 acc 0.0401 eff 0.0 outinratio 0.0769 

WplusH126_2e2mu_phi1_genbin3_recobin7 acc 0.035 eff 0.0 outinratio 0.1037 

ZH126_2e2mu_phi1_genbin3_recobin7 acc 0.0361 eff 0.0 outinratio 0.0668 

ttH126_2e2mu_phi1_genbin3_recobin7 acc 0.0385 eff 0.0 outinratio 0.149 

ggH126_2e2mu_phi1_genbin4_recobin7 acc 0.0476 eff 0.0 outinratio 0.0382 

VBFH126_2e2mu_phi1_genbin4_recobin7 acc 0.0517 eff 0.0022 outinratio 0.0399 

WminusH126_2e2mu_phi1_genbin4_recobin7 acc 0.0404 eff 0.0 outinratio 0.0769 

WplusH126_2e2mu_phi1_genbin4_recobin7 acc 0.035 eff 0.0 outinratio 0.1037 

ZH126_2e2mu_phi1_genbin4_recobin7 acc 0.0407 eff 0.0 outinratio 0.0668 

ttH126_2e2mu_phi1_genbin4_recobin7 acc 0.0387 eff 0.0005 outinratio 0.149 

ggH126_2e2mu_phi1_genbin5_recobin7 acc 0.0574 eff 0.0 outinratio 0.0382 

VBFH126_2e2mu_phi1_genbin5_recobin7 acc 0.0578 eff 0.0003 outinratio 0.0399 

WminusH126_2e2mu_phi1_genbin5_recobin7 acc 0.0424 eff 0.0 outinratio 0.0769 

WplusH126_2e2mu_phi1_genbin5_recobin7 acc 0.0404 eff 0.0 outinratio 0.1037 

ZH126_2e2mu_phi1_genbin5_recobin7 acc 0.042 eff 0.005 outinratio 0.0668 

ttH126_2e2mu_phi1_genbin5_recobin7 acc 0.0404 eff 0.0004 outinratio 0.149 

ggH126_2e2mu_phi1_genbin6_recobin7 acc 0.0564 eff 0.019 outinratio 0.0382 

VBFH126_2e2mu_phi1_genbin6_recobin7 acc 0.0581 eff 0.016 outinratio 0.0399 

WminusH126_2e2mu_phi1_genbin6_recobin7 acc 0.0449 eff 0.0076 outinratio 0.0769 

WplusH126_2e2mu_phi1_genbin6_recobin7 acc 0.0404 eff 0.0106 outinratio 0.1037 

ZH126_2e2mu_phi1_genbin6_recobin7 acc 0.0466 eff 0.004 outinratio 0.0668 

ttH126_2e2mu_phi1_genbin6_recobin7 acc 0.0396 eff 0.0153 outinratio 0.149 

ggH126_2e2mu_phi1_genbin7_recobin7 acc 0.0481 eff 0.5124 outinratio 0.0382 

VBFH126_2e2mu_phi1_genbin7_recobin7 acc 0.0551 eff 0.4816 outinratio 0.0399 

WminusH126_2e2mu_phi1_genbin7_recobin7 acc 0.0441 eff 0.4857 outinratio 0.0769 

WplusH126_2e2mu_phi1_genbin7_recobin7 acc 0.0369 eff 0.4497 outinratio 0.1037 

ZH126_2e2mu_phi1_genbin7_recobin7 acc 0.0443 eff 0.4632 outinratio 0.0668 

ttH126_2e2mu_phi1_genbin7_recobin7 acc 0.0379 eff 0.4991 outinratio 0.149 

Coeff fullNNLOPS
