Welcome in RunCoefficients!
OPT SPLIT
DEBUG opt.YEAR = 2024_9
It is a single-differential measurement, binning [12.0, 22.0, 26.0, 28.0, 32.0, 34.0, 40.0, 50.0, 65.0]
Z2Mass
Following observables extracted from dictionary: RECO =  Z2Mass  GEN =  GENmassZ2
LUMI: 10.882200000000001
ttH126 0.00046886125
Processing ggH126 2024_9
Signal created
Signal failed created
Processing VBFH126 2024_9
Signal created
Signal failed created
Processing WminusH126 2024_9
Signal created
Signal failed created
Processing WplusH126 2024_9
Signal created
Signal failed created
Processing ZH126 2024_9
Signal created
Signal failed created
Processing ttH126 2024_9
Signal created
Signal failed created
2024_9 SKIMMED df CREATED
2024_9 ggH126
2024_9 VBFH126
2024_9 WminusH126
2024_9 WplusH126
2024_9 ZH126
2024_9 ttH126
Dataframes created successfully
Coeff std
ggH126_4l_massZ2_genbin0_recobin0 acc 0.0951 eff 0.5174 outinratio 0.0601 

VBFH126_4l_massZ2_genbin0_recobin0 acc 0.1117 eff 0.5533 outinratio 0.0418 

WminusH126_4l_massZ2_genbin0_recobin0 acc 0.0852 eff 0.5002 outinratio 0.0836 

WplusH126_4l_massZ2_genbin0_recobin0 acc 0.0801 eff 0.5447 outinratio 0.0735 

ZH126_4l_massZ2_genbin0_recobin0 acc 0.0895 eff 0.5185 outinratio 0.0935 

ttH126_4l_massZ2_genbin0_recobin0 acc 0.0803 eff 0.531 outinratio 0.1664 

ggH126_4l_massZ2_genbin1_recobin0 acc 0.0667 eff 0.0416 outinratio 0.0601 

VBFH126_4l_massZ2_genbin1_recobin0 acc 0.0728 eff 0.0387 outinratio 0.0418 

WminusH126_4l_massZ2_genbin1_recobin0 acc 0.0575 eff 0.046 outinratio 0.0836 

WplusH126_4l_massZ2_genbin1_recobin0 acc 0.0505 eff 0.0516 outinratio 0.0735 

ZH126_4l_massZ2_genbin1_recobin0 acc 0.0527 eff 0.0515 outinratio 0.0935 

ttH126_4l_massZ2_genbin1_recobin0 acc 0.0507 eff 0.0407 outinratio 0.1664 

ggH126_4l_massZ2_genbin2_recobin0 acc 0.036 eff 0.0035 outinratio 0.0601 

VBFH126_4l_massZ2_genbin2_recobin0 acc 0.041 eff 0.0039 outinratio 0.0418 

WminusH126_4l_massZ2_genbin2_recobin0 acc 0.0326 eff 0.0034 outinratio 0.0836 

WplusH126_4l_massZ2_genbin2_recobin0 acc 0.0283 eff 0.0 outinratio 0.0735 

ZH126_4l_massZ2_genbin2_recobin0 acc 0.0305 eff 0.0061 outinratio 0.0935 

ttH126_4l_massZ2_genbin2_recobin0 acc 0.0282 eff 0.006 outinratio 0.1664 

ggH126_4l_massZ2_genbin3_recobin0 acc 0.0779 eff 0.0006 outinratio 0.0601 

VBFH126_4l_massZ2_genbin3_recobin0 acc 0.0842 eff 0.0016 outinratio 0.0418 

WminusH126_4l_massZ2_genbin3_recobin0 acc 0.0659 eff 0.0009 outinratio 0.0836 

WplusH126_4l_massZ2_genbin3_recobin0 acc 0.0582 eff 0.0016 outinratio 0.0735 

ZH126_4l_massZ2_genbin3_recobin0 acc 0.0664 eff 0.0036 outinratio 0.0935 

ttH126_4l_massZ2_genbin3_recobin0 acc 0.0603 eff 0.002 outinratio 0.1664 

ggH126_4l_massZ2_genbin4_recobin0 acc 0.0349 eff 0.0 outinratio 0.0601 

VBFH126_4l_massZ2_genbin4_recobin0 acc 0.0378 eff 0.0006 outinratio 0.0418 

WminusH126_4l_massZ2_genbin4_recobin0 acc 0.0276 eff 0.0 outinratio 0.0836 

WplusH126_4l_massZ2_genbin4_recobin0 acc 0.0254 eff 0.0 outinratio 0.0735 

ZH126_4l_massZ2_genbin4_recobin0 acc 0.0287 eff 0.001 outinratio 0.0935 

ttH126_4l_massZ2_genbin4_recobin0 acc 0.0255 eff 0.0005 outinratio 0.1664 

ggH126_4l_massZ2_genbin5_recobin0 acc 0.0437 eff 0.0 outinratio 0.0601 

VBFH126_4l_massZ2_genbin5_recobin0 acc 0.0475 eff 0.0007 outinratio 0.0418 

WminusH126_4l_massZ2_genbin5_recobin0 acc 0.0379 eff 0.0 outinratio 0.0836 

WplusH126_4l_massZ2_genbin5_recobin0 acc 0.0336 eff 0.0 outinratio 0.0735 

ZH126_4l_massZ2_genbin5_recobin0 acc 0.0358 eff 0.0007 outinratio 0.0935 

ttH126_4l_massZ2_genbin5_recobin0 acc 0.0337 eff 0.0011 outinratio 0.1664 

ggH126_4l_massZ2_genbin6_recobin0 acc 0.0353 eff 0.0032 outinratio 0.0601 

VBFH126_4l_massZ2_genbin6_recobin0 acc 0.0382 eff 0.001 outinratio 0.0418 

WminusH126_4l_massZ2_genbin6_recobin0 acc 0.0295 eff 0.0 outinratio 0.0836 

WplusH126_4l_massZ2_genbin6_recobin0 acc 0.0264 eff 0.0 outinratio 0.0735 

ZH126_4l_massZ2_genbin6_recobin0 acc 0.0278 eff 0.0 outinratio 0.0935 

ttH126_4l_massZ2_genbin6_recobin0 acc 0.027 eff 0.0011 outinratio 0.1664 

ggH126_4l_massZ2_genbin7_recobin0 acc 0.0167 eff 0.0068 outinratio 0.0601 

VBFH126_4l_massZ2_genbin7_recobin0 acc 0.0194 eff 0.0026 outinratio 0.0418 

WminusH126_4l_massZ2_genbin7_recobin0 acc 0.0163 eff 0.0 outinratio 0.0836 

WplusH126_4l_massZ2_genbin7_recobin0 acc 0.0111 eff 0.0 outinratio 0.0735 

ZH126_4l_massZ2_genbin7_recobin0 acc 0.0147 eff 0.0014 outinratio 0.0935 

ttH126_4l_massZ2_genbin7_recobin0 acc 0.0131 eff 0.0 outinratio 0.1664 

ggH126_4l_massZ2_genbin0_recobin1 acc 0.0951 eff 0.0072 outinratio 0.0537 

VBFH126_4l_massZ2_genbin0_recobin1 acc 0.1117 eff 0.0113 outinratio 0.0345 

WminusH126_4l_massZ2_genbin0_recobin1 acc 0.0852 eff 0.0099 outinratio 0.0497 

WplusH126_4l_massZ2_genbin0_recobin1 acc 0.0801 eff 0.003 outinratio 0.118 

ZH126_4l_massZ2_genbin0_recobin1 acc 0.0895 eff 0.0084 outinratio 0.0759 

ttH126_4l_massZ2_genbin0_recobin1 acc 0.0803 eff 0.011 outinratio 0.1799 

ggH126_4l_massZ2_genbin1_recobin1 acc 0.0667 eff 0.4688 outinratio 0.0537 

VBFH126_4l_massZ2_genbin1_recobin1 acc 0.0728 eff 0.4921 outinratio 0.0345 

WminusH126_4l_massZ2_genbin1_recobin1 acc 0.0575 eff 0.4528 outinratio 0.0497 

WplusH126_4l_massZ2_genbin1_recobin1 acc 0.0505 eff 0.4055 outinratio 0.118 

ZH126_4l_massZ2_genbin1_recobin1 acc 0.0527 eff 0.482 outinratio 0.0759 

ttH126_4l_massZ2_genbin1_recobin1 acc 0.0507 eff 0.4713 outinratio 0.1799 

ggH126_4l_massZ2_genbin2_recobin1 acc 0.036 eff 0.088 outinratio 0.0537 

VBFH126_4l_massZ2_genbin2_recobin1 acc 0.041 eff 0.0911 outinratio 0.0345 

WminusH126_4l_massZ2_genbin2_recobin1 acc 0.0326 eff 0.0756 outinratio 0.0497 

WplusH126_4l_massZ2_genbin2_recobin1 acc 0.0283 eff 0.055 outinratio 0.118 

ZH126_4l_massZ2_genbin2_recobin1 acc 0.0305 eff 0.0769 outinratio 0.0759 

ttH126_4l_massZ2_genbin2_recobin1 acc 0.0282 eff 0.0854 outinratio 0.1799 

ggH126_4l_massZ2_genbin3_recobin1 acc 0.0779 eff 0.0073 outinratio 0.0537 

VBFH126_4l_massZ2_genbin3_recobin1 acc 0.0842 eff 0.012 outinratio 0.0345 

WminusH126_4l_massZ2_genbin3_recobin1 acc 0.0659 eff 0.0077 outinratio 0.0497 

WplusH126_4l_massZ2_genbin3_recobin1 acc 0.0582 eff 0.0058 outinratio 0.118 

ZH126_4l_massZ2_genbin3_recobin1 acc 0.0664 eff 0.0084 outinratio 0.0759 

ttH126_4l_massZ2_genbin3_recobin1 acc 0.0603 eff 0.0077 outinratio 0.1799 

ggH126_4l_massZ2_genbin4_recobin1 acc 0.0349 eff 0.0023 outinratio 0.0537 

VBFH126_4l_massZ2_genbin4_recobin1 acc 0.0378 eff 0.0024 outinratio 0.0345 

WminusH126_4l_massZ2_genbin4_recobin1 acc 0.0276 eff 0.0069 outinratio 0.0497 

WplusH126_4l_massZ2_genbin4_recobin1 acc 0.0254 eff 0.0097 outinratio 0.118 

ZH126_4l_massZ2_genbin4_recobin1 acc 0.0287 eff 0.0025 outinratio 0.0759 

ttH126_4l_massZ2_genbin4_recobin1 acc 0.0255 eff 0.0022 outinratio 0.1799 

ggH126_4l_massZ2_genbin5_recobin1 acc 0.0437 eff 0.0 outinratio 0.0537 

VBFH126_4l_massZ2_genbin5_recobin1 acc 0.0475 eff 0.0021 outinratio 0.0345 

WminusH126_4l_massZ2_genbin5_recobin1 acc 0.0379 eff 0.0015 outinratio 0.0497 

WplusH126_4l_massZ2_genbin5_recobin1 acc 0.0336 eff 0.0013 outinratio 0.118 

ZH126_4l_massZ2_genbin5_recobin1 acc 0.0358 eff 0.0 outinratio 0.0759 

ttH126_4l_massZ2_genbin5_recobin1 acc 0.0337 eff 0.0013 outinratio 0.1799 

ggH126_4l_massZ2_genbin6_recobin1 acc 0.0353 eff 0.0 outinratio 0.0537 

VBFH126_4l_massZ2_genbin6_recobin1 acc 0.0382 eff 0.0 outinratio 0.0345 

WminusH126_4l_massZ2_genbin6_recobin1 acc 0.0295 eff 0.0 outinratio 0.0497 

WplusH126_4l_massZ2_genbin6_recobin1 acc 0.0264 eff 0.0 outinratio 0.118 

ZH126_4l_massZ2_genbin6_recobin1 acc 0.0278 eff 0.0 outinratio 0.0759 

ttH126_4l_massZ2_genbin6_recobin1 acc 0.027 eff 0.0023 outinratio 0.1799 

ggH126_4l_massZ2_genbin7_recobin1 acc 0.0167 eff 0.0024 outinratio 0.0537 

VBFH126_4l_massZ2_genbin7_recobin1 acc 0.0194 eff 0.0 outinratio 0.0345 

WminusH126_4l_massZ2_genbin7_recobin1 acc 0.0163 eff 0.0 outinratio 0.0497 

WplusH126_4l_massZ2_genbin7_recobin1 acc 0.0111 eff 0.0 outinratio 0.118 

ZH126_4l_massZ2_genbin7_recobin1 acc 0.0147 eff 0.0 outinratio 0.0759 

ttH126_4l_massZ2_genbin7_recobin1 acc 0.0131 eff 0.0 outinratio 0.1799 

ggH126_4l_massZ2_genbin0_recobin2 acc 0.0951 eff 0.0 outinratio 0.0601 

VBFH126_4l_massZ2_genbin0_recobin2 acc 0.1117 eff 0.0 outinratio 0.0401 

WminusH126_4l_massZ2_genbin0_recobin2 acc 0.0852 eff 0.001 outinratio 0.0699 

WplusH126_4l_massZ2_genbin0_recobin2 acc 0.0801 eff 0.0 outinratio 0.0329 

ZH126_4l_massZ2_genbin0_recobin2 acc 0.0895 eff 0.0006 outinratio 0.0776 

ttH126_4l_massZ2_genbin0_recobin2 acc 0.0803 eff 0.0 outinratio 0.157 

ggH126_4l_massZ2_genbin1_recobin2 acc 0.0667 eff 0.0247 outinratio 0.0601 

VBFH126_4l_massZ2_genbin1_recobin2 acc 0.0728 eff 0.0231 outinratio 0.0401 

WminusH126_4l_massZ2_genbin1_recobin2 acc 0.0575 eff 0.0257 outinratio 0.0699 

WplusH126_4l_massZ2_genbin1_recobin2 acc 0.0505 eff 0.0408 outinratio 0.0329 

ZH126_4l_massZ2_genbin1_recobin2 acc 0.0527 eff 0.0257 outinratio 0.0776 

ttH126_4l_massZ2_genbin1_recobin2 acc 0.0507 eff 0.0212 outinratio 0.157 

ggH126_4l_massZ2_genbin2_recobin2 acc 0.036 eff 0.3981 outinratio 0.0601 

VBFH126_4l_massZ2_genbin2_recobin2 acc 0.041 eff 0.421 outinratio 0.0401 

WminusH126_4l_massZ2_genbin2_recobin2 acc 0.0326 eff 0.404 outinratio 0.0699 

WplusH126_4l_massZ2_genbin2_recobin2 acc 0.0283 eff 0.3945 outinratio 0.0329 

ZH126_4l_massZ2_genbin2_recobin2 acc 0.0305 eff 0.4215 outinratio 0.0776 

ttH126_4l_massZ2_genbin2_recobin2 acc 0.0282 eff 0.4189 outinratio 0.157 

ggH126_4l_massZ2_genbin3_recobin2 acc 0.0779 eff 0.0456 outinratio 0.0601 

VBFH126_4l_massZ2_genbin3_recobin2 acc 0.0842 eff 0.0455 outinratio 0.0401 

WminusH126_4l_massZ2_genbin3_recobin2 acc 0.0659 eff 0.0426 outinratio 0.0699 

WplusH126_4l_massZ2_genbin3_recobin2 acc 0.0582 eff 0.0501 outinratio 0.0329 

ZH126_4l_massZ2_genbin3_recobin2 acc 0.0664 eff 0.0414 outinratio 0.0776 

ttH126_4l_massZ2_genbin3_recobin2 acc 0.0603 eff 0.0441 outinratio 0.157 

ggH126_4l_massZ2_genbin4_recobin2 acc 0.0349 eff 0.0027 outinratio 0.0601 

VBFH126_4l_massZ2_genbin4_recobin2 acc 0.0378 eff 0.0044 outinratio 0.0401 

WminusH126_4l_massZ2_genbin4_recobin2 acc 0.0276 eff 0.0018 outinratio 0.0699 

WplusH126_4l_massZ2_genbin4_recobin2 acc 0.0254 eff 0.0 outinratio 0.0329 

ZH126_4l_massZ2_genbin4_recobin2 acc 0.0287 eff 0.0037 outinratio 0.0776 

ttH126_4l_massZ2_genbin4_recobin2 acc 0.0255 eff 0.0058 outinratio 0.157 

ggH126_4l_massZ2_genbin5_recobin2 acc 0.0437 eff 0.0015 outinratio 0.0601 

VBFH126_4l_massZ2_genbin5_recobin2 acc 0.0475 eff 0.0012 outinratio 0.0401 

WminusH126_4l_massZ2_genbin5_recobin2 acc 0.0379 eff 0.0018 outinratio 0.0699 

WplusH126_4l_massZ2_genbin5_recobin2 acc 0.0336 eff 0.0086 outinratio 0.0329 

ZH126_4l_massZ2_genbin5_recobin2 acc 0.0358 eff 0.0004 outinratio 0.0776 

ttH126_4l_massZ2_genbin5_recobin2 acc 0.0337 eff 0.0024 outinratio 0.157 

ggH126_4l_massZ2_genbin6_recobin2 acc 0.0353 eff 0.0016 outinratio 0.0601 

VBFH126_4l_massZ2_genbin6_recobin2 acc 0.0382 eff 0.0004 outinratio 0.0401 

WminusH126_4l_massZ2_genbin6_recobin2 acc 0.0295 eff 0.0 outinratio 0.0699 

WplusH126_4l_massZ2_genbin6_recobin2 acc 0.0264 eff 0.0 outinratio 0.0329 

ZH126_4l_massZ2_genbin6_recobin2 acc 0.0278 eff 0.0 outinratio 0.0776 

ttH126_4l_massZ2_genbin6_recobin2 acc 0.027 eff 0.001 outinratio 0.157 

ggH126_4l_massZ2_genbin7_recobin2 acc 0.0167 eff 0.0 outinratio 0.0601 

VBFH126_4l_massZ2_genbin7_recobin2 acc 0.0194 eff 0.0002 outinratio 0.0401 

WminusH126_4l_massZ2_genbin7_recobin2 acc 0.0163 eff 0.0 outinratio 0.0699 

WplusH126_4l_massZ2_genbin7_recobin2 acc 0.0111 eff 0.0 outinratio 0.0329 

ZH126_4l_massZ2_genbin7_recobin2 acc 0.0147 eff 0.0 outinratio 0.0776 

ttH126_4l_massZ2_genbin7_recobin2 acc 0.0131 eff 0.0024 outinratio 0.157 

ggH126_4l_massZ2_genbin0_recobin3 acc 0.0951 eff 0.0002 outinratio 0.0528 

VBFH126_4l_massZ2_genbin0_recobin3 acc 0.1117 eff 0.0003 outinratio 0.0318 

WminusH126_4l_massZ2_genbin0_recobin3 acc 0.0852 eff 0.0 outinratio 0.0868 

WplusH126_4l_massZ2_genbin0_recobin3 acc 0.0801 eff 0.0 outinratio 0.056 

ZH126_4l_massZ2_genbin0_recobin3 acc 0.0895 eff 0.0005 outinratio 0.0506 

ttH126_4l_massZ2_genbin0_recobin3 acc 0.0803 eff 0.0013 outinratio 0.1494 

ggH126_4l_massZ2_genbin1_recobin3 acc 0.0667 eff 0.0023 outinratio 0.0528 

VBFH126_4l_massZ2_genbin1_recobin3 acc 0.0728 eff 0.0015 outinratio 0.0318 

WminusH126_4l_massZ2_genbin1_recobin3 acc 0.0575 eff 0.0014 outinratio 0.0868 

WplusH126_4l_massZ2_genbin1_recobin3 acc 0.0505 eff 0.0027 outinratio 0.056 

ZH126_4l_massZ2_genbin1_recobin3 acc 0.0527 eff 0.0013 outinratio 0.0506 

ttH126_4l_massZ2_genbin1_recobin3 acc 0.0507 eff 0.0005 outinratio 0.1494 

ggH126_4l_massZ2_genbin2_recobin3 acc 0.036 eff 0.0508 outinratio 0.0528 

VBFH126_4l_massZ2_genbin2_recobin3 acc 0.041 eff 0.0443 outinratio 0.0318 

WminusH126_4l_massZ2_genbin2_recobin3 acc 0.0326 eff 0.048 outinratio 0.0868 

WplusH126_4l_massZ2_genbin2_recobin3 acc 0.0283 eff 0.0426 outinratio 0.056 

ZH126_4l_massZ2_genbin2_recobin3 acc 0.0305 eff 0.0479 outinratio 0.0506 

ttH126_4l_massZ2_genbin2_recobin3 acc 0.0282 eff 0.0371 outinratio 0.1494 

ggH126_4l_massZ2_genbin3_recobin3 acc 0.0779 eff 0.4449 outinratio 0.0528 

VBFH126_4l_massZ2_genbin3_recobin3 acc 0.0842 eff 0.4728 outinratio 0.0318 

WminusH126_4l_massZ2_genbin3_recobin3 acc 0.0659 eff 0.4489 outinratio 0.0868 

WplusH126_4l_massZ2_genbin3_recobin3 acc 0.0582 eff 0.4569 outinratio 0.056 

ZH126_4l_massZ2_genbin3_recobin3 acc 0.0664 eff 0.4623 outinratio 0.0506 

ttH126_4l_massZ2_genbin3_recobin3 acc 0.0603 eff 0.4586 outinratio 0.1494 

ggH126_4l_massZ2_genbin4_recobin3 acc 0.0349 eff 0.1216 outinratio 0.0528 

VBFH126_4l_massZ2_genbin4_recobin3 acc 0.0378 eff 0.1022 outinratio 0.0318 

WminusH126_4l_massZ2_genbin4_recobin3 acc 0.0276 eff 0.1106 outinratio 0.0868 

WplusH126_4l_massZ2_genbin4_recobin3 acc 0.0254 eff 0.092 outinratio 0.056 

ZH126_4l_massZ2_genbin4_recobin3 acc 0.0287 eff 0.1105 outinratio 0.0506 

ttH126_4l_massZ2_genbin4_recobin3 acc 0.0255 eff 0.1062 outinratio 0.1494 

ggH126_4l_massZ2_genbin5_recobin3 acc 0.0437 eff 0.0089 outinratio 0.0528 

VBFH126_4l_massZ2_genbin5_recobin3 acc 0.0475 eff 0.0191 outinratio 0.0318 

WminusH126_4l_massZ2_genbin5_recobin3 acc 0.0379 eff 0.0103 outinratio 0.0868 

WplusH126_4l_massZ2_genbin5_recobin3 acc 0.0336 eff 0.0354 outinratio 0.056 

ZH126_4l_massZ2_genbin5_recobin3 acc 0.0358 eff 0.0202 outinratio 0.0506 

ttH126_4l_massZ2_genbin5_recobin3 acc 0.0337 eff 0.0097 outinratio 0.1494 

ggH126_4l_massZ2_genbin6_recobin3 acc 0.0353 eff 0.002 outinratio 0.0528 

VBFH126_4l_massZ2_genbin6_recobin3 acc 0.0382 eff 0.0024 outinratio 0.0318 

WminusH126_4l_massZ2_genbin6_recobin3 acc 0.0295 eff 0.0061 outinratio 0.0868 

WplusH126_4l_massZ2_genbin6_recobin3 acc 0.0264 eff 0.016 outinratio 0.056 

ZH126_4l_massZ2_genbin6_recobin3 acc 0.0278 eff 0.0008 outinratio 0.0506 

ttH126_4l_massZ2_genbin6_recobin3 acc 0.027 eff 0.0005 outinratio 0.1494 

ggH126_4l_massZ2_genbin7_recobin3 acc 0.0167 eff 0.0 outinratio 0.0528 

VBFH126_4l_massZ2_genbin7_recobin3 acc 0.0194 eff 0.0003 outinratio 0.0318 

WminusH126_4l_massZ2_genbin7_recobin3 acc 0.0163 eff 0.0 outinratio 0.0868 

WplusH126_4l_massZ2_genbin7_recobin3 acc 0.0111 eff 0.0 outinratio 0.056 

ZH126_4l_massZ2_genbin7_recobin3 acc 0.0147 eff 0.0 outinratio 0.0506 

ttH126_4l_massZ2_genbin7_recobin3 acc 0.0131 eff 0.0 outinratio 0.1494 

ggH126_4l_massZ2_genbin0_recobin4 acc 0.0951 eff 0.0004 outinratio 0.038 

VBFH126_4l_massZ2_genbin0_recobin4 acc 0.1117 eff 0.0002 outinratio 0.0305 

WminusH126_4l_massZ2_genbin0_recobin4 acc 0.0852 eff 0.0002 outinratio 0.098 

WplusH126_4l_massZ2_genbin0_recobin4 acc 0.0801 eff 0.0 outinratio 0.0433 

ZH126_4l_massZ2_genbin0_recobin4 acc 0.0895 eff 0.0004 outinratio 0.0669 

ttH126_4l_massZ2_genbin0_recobin4 acc 0.0803 eff 0.0006 outinratio 0.1393 

ggH126_4l_massZ2_genbin1_recobin4 acc 0.0667 eff 0.0 outinratio 0.038 

VBFH126_4l_massZ2_genbin1_recobin4 acc 0.0728 eff 0.0004 outinratio 0.0305 

WminusH126_4l_massZ2_genbin1_recobin4 acc 0.0575 eff 0.0005 outinratio 0.098 

WplusH126_4l_massZ2_genbin1_recobin4 acc 0.0505 eff 0.0 outinratio 0.0433 

ZH126_4l_massZ2_genbin1_recobin4 acc 0.0527 eff 0.0007 outinratio 0.0669 

ttH126_4l_massZ2_genbin1_recobin4 acc 0.0507 eff 0.0002 outinratio 0.1393 

ggH126_4l_massZ2_genbin2_recobin4 acc 0.036 eff 0.0 outinratio 0.038 

VBFH126_4l_massZ2_genbin2_recobin4 acc 0.041 eff 0.0006 outinratio 0.0305 

WminusH126_4l_massZ2_genbin2_recobin4 acc 0.0326 eff 0.0 outinratio 0.098 

WplusH126_4l_massZ2_genbin2_recobin4 acc 0.0283 eff 0.0 outinratio 0.0433 

ZH126_4l_massZ2_genbin2_recobin4 acc 0.0305 eff 0.0 outinratio 0.0669 

ttH126_4l_massZ2_genbin2_recobin4 acc 0.0282 eff 0.0011 outinratio 0.1393 

ggH126_4l_massZ2_genbin3_recobin4 acc 0.0779 eff 0.0261 outinratio 0.038 

VBFH126_4l_massZ2_genbin3_recobin4 acc 0.0842 eff 0.0269 outinratio 0.0305 

WminusH126_4l_massZ2_genbin3_recobin4 acc 0.0659 eff 0.0212 outinratio 0.098 

WplusH126_4l_massZ2_genbin3_recobin4 acc 0.0582 eff 0.0251 outinratio 0.0433 

ZH126_4l_massZ2_genbin3_recobin4 acc 0.0664 eff 0.0327 outinratio 0.0669 

ttH126_4l_massZ2_genbin3_recobin4 acc 0.0603 eff 0.0227 outinratio 0.1393 

ggH126_4l_massZ2_genbin4_recobin4 acc 0.0349 eff 0.3878 outinratio 0.038 

VBFH126_4l_massZ2_genbin4_recobin4 acc 0.0378 eff 0.3975 outinratio 0.0305 

WminusH126_4l_massZ2_genbin4_recobin4 acc 0.0276 eff 0.3904 outinratio 0.098 

WplusH126_4l_massZ2_genbin4_recobin4 acc 0.0254 eff 0.4195 outinratio 0.0433 

ZH126_4l_massZ2_genbin4_recobin4 acc 0.0287 eff 0.4237 outinratio 0.0669 

ttH126_4l_massZ2_genbin4_recobin4 acc 0.0255 eff 0.3932 outinratio 0.1393 

ggH126_4l_massZ2_genbin5_recobin4 acc 0.0437 eff 0.0572 outinratio 0.038 

VBFH126_4l_massZ2_genbin5_recobin4 acc 0.0475 eff 0.0525 outinratio 0.0305 

WminusH126_4l_massZ2_genbin5_recobin4 acc 0.0379 eff 0.0512 outinratio 0.098 

WplusH126_4l_massZ2_genbin5_recobin4 acc 0.0336 eff 0.0414 outinratio 0.0433 

ZH126_4l_massZ2_genbin5_recobin4 acc 0.0358 eff 0.048 outinratio 0.0669 

ttH126_4l_massZ2_genbin5_recobin4 acc 0.0337 eff 0.0636 outinratio 0.1393 

ggH126_4l_massZ2_genbin6_recobin4 acc 0.0353 eff 0.0013 outinratio 0.038 

VBFH126_4l_massZ2_genbin6_recobin4 acc 0.0382 eff 0.0015 outinratio 0.0305 

WminusH126_4l_massZ2_genbin6_recobin4 acc 0.0295 eff 0.0017 outinratio 0.098 

WplusH126_4l_massZ2_genbin6_recobin4 acc 0.0264 eff 0.0063 outinratio 0.0433 

ZH126_4l_massZ2_genbin6_recobin4 acc 0.0278 eff 0.0065 outinratio 0.0669 

ttH126_4l_massZ2_genbin6_recobin4 acc 0.027 eff 0.0006 outinratio 0.1393 

ggH126_4l_massZ2_genbin7_recobin4 acc 0.0167 eff 0.0 outinratio 0.038 

VBFH126_4l_massZ2_genbin7_recobin4 acc 0.0194 eff 0.0 outinratio 0.0305 

WminusH126_4l_massZ2_genbin7_recobin4 acc 0.0163 eff 0.0 outinratio 0.098 

WplusH126_4l_massZ2_genbin7_recobin4 acc 0.0111 eff 0.0058 outinratio 0.0433 

ZH126_4l_massZ2_genbin7_recobin4 acc 0.0147 eff 0.0 outinratio 0.0669 

ttH126_4l_massZ2_genbin7_recobin4 acc 0.0131 eff 0.0 outinratio 0.1393 

ggH126_4l_massZ2_genbin0_recobin5 acc 0.0951 eff 0.0006 outinratio 0.0444 

VBFH126_4l_massZ2_genbin0_recobin5 acc 0.1117 eff 0.0012 outinratio 0.0285 

WminusH126_4l_massZ2_genbin0_recobin5 acc 0.0852 eff 0.0009 outinratio 0.0595 

WplusH126_4l_massZ2_genbin0_recobin5 acc 0.0801 eff 0.0 outinratio 0.0516 

ZH126_4l_massZ2_genbin0_recobin5 acc 0.0895 eff 0.0 outinratio 0.0774 

ttH126_4l_massZ2_genbin0_recobin5 acc 0.0803 eff 0.0002 outinratio 0.1635 

ggH126_4l_massZ2_genbin1_recobin5 acc 0.0667 eff 0.0003 outinratio 0.0444 

VBFH126_4l_massZ2_genbin1_recobin5 acc 0.0728 eff 0.0001 outinratio 0.0285 

WminusH126_4l_massZ2_genbin1_recobin5 acc 0.0575 eff 0.0028 outinratio 0.0595 

WplusH126_4l_massZ2_genbin1_recobin5 acc 0.0505 eff 0.0 outinratio 0.0516 

ZH126_4l_massZ2_genbin1_recobin5 acc 0.0527 eff 0.0004 outinratio 0.0774 

ttH126_4l_massZ2_genbin1_recobin5 acc 0.0507 eff 0.0002 outinratio 0.1635 

ggH126_4l_massZ2_genbin2_recobin5 acc 0.036 eff 0.0 outinratio 0.0444 

VBFH126_4l_massZ2_genbin2_recobin5 acc 0.041 eff 0.0011 outinratio 0.0285 

WminusH126_4l_massZ2_genbin2_recobin5 acc 0.0326 eff 0.0 outinratio 0.0595 

WplusH126_4l_massZ2_genbin2_recobin5 acc 0.0283 eff 0.0 outinratio 0.0516 

ZH126_4l_massZ2_genbin2_recobin5 acc 0.0305 eff 0.0011 outinratio 0.0774 

ttH126_4l_massZ2_genbin2_recobin5 acc 0.0282 eff 0.0006 outinratio 0.1635 

ggH126_4l_massZ2_genbin3_recobin5 acc 0.0779 eff 0.0025 outinratio 0.0444 

VBFH126_4l_massZ2_genbin3_recobin5 acc 0.0842 eff 0.0027 outinratio 0.0285 

WminusH126_4l_massZ2_genbin3_recobin5 acc 0.0659 eff 0.003 outinratio 0.0595 

WplusH126_4l_massZ2_genbin3_recobin5 acc 0.0582 eff 0.0012 outinratio 0.0516 

ZH126_4l_massZ2_genbin3_recobin5 acc 0.0664 eff 0.0018 outinratio 0.0774 

ttH126_4l_massZ2_genbin3_recobin5 acc 0.0603 eff 0.0025 outinratio 0.1635 

ggH126_4l_massZ2_genbin4_recobin5 acc 0.0349 eff 0.0369 outinratio 0.0444 

VBFH126_4l_massZ2_genbin4_recobin5 acc 0.0378 eff 0.0517 outinratio 0.0285 

WminusH126_4l_massZ2_genbin4_recobin5 acc 0.0276 eff 0.0328 outinratio 0.0595 

WplusH126_4l_massZ2_genbin4_recobin5 acc 0.0254 eff 0.0785 outinratio 0.0516 

ZH126_4l_massZ2_genbin4_recobin5 acc 0.0287 eff 0.0467 outinratio 0.0774 

ttH126_4l_massZ2_genbin4_recobin5 acc 0.0255 eff 0.0448 outinratio 0.1635 

ggH126_4l_massZ2_genbin5_recobin5 acc 0.0437 eff 0.4747 outinratio 0.0444 

VBFH126_4l_massZ2_genbin5_recobin5 acc 0.0475 eff 0.4691 outinratio 0.0285 

WminusH126_4l_massZ2_genbin5_recobin5 acc 0.0379 eff 0.4733 outinratio 0.0595 

WplusH126_4l_massZ2_genbin5_recobin5 acc 0.0336 eff 0.4107 outinratio 0.0516 

ZH126_4l_massZ2_genbin5_recobin5 acc 0.0358 eff 0.471 outinratio 0.0774 

ttH126_4l_massZ2_genbin5_recobin5 acc 0.0337 eff 0.4891 outinratio 0.1635 

ggH126_4l_massZ2_genbin6_recobin5 acc 0.0353 eff 0.0586 outinratio 0.0444 

VBFH126_4l_massZ2_genbin6_recobin5 acc 0.0382 eff 0.0396 outinratio 0.0285 

WminusH126_4l_massZ2_genbin6_recobin5 acc 0.0295 eff 0.0559 outinratio 0.0595 

WplusH126_4l_massZ2_genbin6_recobin5 acc 0.0264 eff 0.0408 outinratio 0.0516 

ZH126_4l_massZ2_genbin6_recobin5 acc 0.0278 eff 0.0467 outinratio 0.0774 

ttH126_4l_massZ2_genbin6_recobin5 acc 0.027 eff 0.0422 outinratio 0.1635 

ggH126_4l_massZ2_genbin7_recobin5 acc 0.0167 eff 0.0012 outinratio 0.0444 

VBFH126_4l_massZ2_genbin7_recobin5 acc 0.0194 eff 0.0054 outinratio 0.0285 

WminusH126_4l_massZ2_genbin7_recobin5 acc 0.0163 eff 0.0078 outinratio 0.0595 

WplusH126_4l_massZ2_genbin7_recobin5 acc 0.0111 eff 0.0 outinratio 0.0516 

ZH126_4l_massZ2_genbin7_recobin5 acc 0.0147 eff 0.0 outinratio 0.0774 

ttH126_4l_massZ2_genbin7_recobin5 acc 0.0131 eff 0.0032 outinratio 0.1635 

ggH126_4l_massZ2_genbin0_recobin6 acc 0.0951 eff 0.0003 outinratio 0.0363 

VBFH126_4l_massZ2_genbin0_recobin6 acc 0.1117 eff 0.0002 outinratio 0.0287 

WminusH126_4l_massZ2_genbin0_recobin6 acc 0.0852 eff 0.0004 outinratio 0.0459 

WplusH126_4l_massZ2_genbin0_recobin6 acc 0.0801 eff 0.0 outinratio 0.08 

ZH126_4l_massZ2_genbin0_recobin6 acc 0.0895 eff 0.0 outinratio 0.0591 

ttH126_4l_massZ2_genbin0_recobin6 acc 0.0803 eff 0.0 outinratio 0.1667 

ggH126_4l_massZ2_genbin1_recobin6 acc 0.0667 eff 0.0 outinratio 0.0363 

VBFH126_4l_massZ2_genbin1_recobin6 acc 0.0728 eff 0.0 outinratio 0.0287 

WminusH126_4l_massZ2_genbin1_recobin6 acc 0.0575 eff 0.0005 outinratio 0.0459 

WplusH126_4l_massZ2_genbin1_recobin6 acc 0.0505 eff 0.0 outinratio 0.08 

ZH126_4l_massZ2_genbin1_recobin6 acc 0.0527 eff 0.0 outinratio 0.0591 

ttH126_4l_massZ2_genbin1_recobin6 acc 0.0507 eff 0.0001 outinratio 0.1667 

ggH126_4l_massZ2_genbin2_recobin6 acc 0.036 eff 0.0 outinratio 0.0363 

VBFH126_4l_massZ2_genbin2_recobin6 acc 0.041 eff 0.0008 outinratio 0.0287 

WminusH126_4l_massZ2_genbin2_recobin6 acc 0.0326 eff 0.0 outinratio 0.0459 

WplusH126_4l_massZ2_genbin2_recobin6 acc 0.0283 eff 0.0 outinratio 0.08 

ZH126_4l_massZ2_genbin2_recobin6 acc 0.0305 eff 0.0007 outinratio 0.0591 

ttH126_4l_massZ2_genbin2_recobin6 acc 0.0282 eff 0.0005 outinratio 0.1667 

ggH126_4l_massZ2_genbin3_recobin6 acc 0.0779 eff 0.0007 outinratio 0.0363 

VBFH126_4l_massZ2_genbin3_recobin6 acc 0.0842 eff 0.0003 outinratio 0.0287 

WminusH126_4l_massZ2_genbin3_recobin6 acc 0.0659 eff 0.0 outinratio 0.0459 

WplusH126_4l_massZ2_genbin3_recobin6 acc 0.0582 eff 0.0 outinratio 0.08 

ZH126_4l_massZ2_genbin3_recobin6 acc 0.0664 eff 0.0003 outinratio 0.0591 

ttH126_4l_massZ2_genbin3_recobin6 acc 0.0603 eff 0.0004 outinratio 0.1667 

ggH126_4l_massZ2_genbin4_recobin6 acc 0.0349 eff 0.0015 outinratio 0.0363 

VBFH126_4l_massZ2_genbin4_recobin6 acc 0.0378 eff 0.0008 outinratio 0.0287 

WminusH126_4l_massZ2_genbin4_recobin6 acc 0.0276 eff 0.0 outinratio 0.0459 

WplusH126_4l_massZ2_genbin4_recobin6 acc 0.0254 eff 0.0042 outinratio 0.08 

ZH126_4l_massZ2_genbin4_recobin6 acc 0.0287 eff 0.0016 outinratio 0.0591 

ttH126_4l_massZ2_genbin4_recobin6 acc 0.0255 eff 0.0018 outinratio 0.1667 

ggH126_4l_massZ2_genbin5_recobin6 acc 0.0437 eff 0.0177 outinratio 0.0363 

VBFH126_4l_massZ2_genbin5_recobin6 acc 0.0475 eff 0.0168 outinratio 0.0287 

WminusH126_4l_massZ2_genbin5_recobin6 acc 0.0379 eff 0.0281 outinratio 0.0459 

WplusH126_4l_massZ2_genbin5_recobin6 acc 0.0336 eff 0.019 outinratio 0.08 

ZH126_4l_massZ2_genbin5_recobin6 acc 0.0358 eff 0.0226 outinratio 0.0591 

ttH126_4l_massZ2_genbin5_recobin6 acc 0.0337 eff 0.014 outinratio 0.1667 

ggH126_4l_massZ2_genbin6_recobin6 acc 0.0353 eff 0.5104 outinratio 0.0363 

VBFH126_4l_massZ2_genbin6_recobin6 acc 0.0382 eff 0.5454 outinratio 0.0287 

WminusH126_4l_massZ2_genbin6_recobin6 acc 0.0295 eff 0.492 outinratio 0.0459 

WplusH126_4l_massZ2_genbin6_recobin6 acc 0.0264 eff 0.5614 outinratio 0.08 

ZH126_4l_massZ2_genbin6_recobin6 acc 0.0278 eff 0.5006 outinratio 0.0591 

ttH126_4l_massZ2_genbin6_recobin6 acc 0.027 eff 0.5405 outinratio 0.1667 

ggH126_4l_massZ2_genbin7_recobin6 acc 0.0167 eff 0.0548 outinratio 0.0363 

VBFH126_4l_massZ2_genbin7_recobin6 acc 0.0194 eff 0.08 outinratio 0.0287 

WminusH126_4l_massZ2_genbin7_recobin6 acc 0.0163 eff 0.0455 outinratio 0.0459 

WplusH126_4l_massZ2_genbin7_recobin6 acc 0.0111 eff 0.0982 outinratio 0.08 

ZH126_4l_massZ2_genbin7_recobin6 acc 0.0147 eff 0.0726 outinratio 0.0591 

ttH126_4l_massZ2_genbin7_recobin6 acc 0.0131 eff 0.0495 outinratio 0.1667 

ggH126_4l_massZ2_genbin0_recobin7 acc 0.0951 eff 0.0 outinratio 0.06 

VBFH126_4l_massZ2_genbin0_recobin7 acc 0.1117 eff 0.0 outinratio 0.0158 

WminusH126_4l_massZ2_genbin0_recobin7 acc 0.0852 eff 0.0 outinratio 0.059 

WplusH126_4l_massZ2_genbin0_recobin7 acc 0.0801 eff 0.0 outinratio 0.0813 

ZH126_4l_massZ2_genbin0_recobin7 acc 0.0895 eff 0.0001 outinratio 0.0639 

ttH126_4l_massZ2_genbin0_recobin7 acc 0.0803 eff 0.0002 outinratio 0.1483 

ggH126_4l_massZ2_genbin1_recobin7 acc 0.0667 eff 0.0 outinratio 0.06 

VBFH126_4l_massZ2_genbin1_recobin7 acc 0.0728 eff 0.0001 outinratio 0.0158 

WminusH126_4l_massZ2_genbin1_recobin7 acc 0.0575 eff 0.0 outinratio 0.059 

WplusH126_4l_massZ2_genbin1_recobin7 acc 0.0505 eff 0.0 outinratio 0.0813 

ZH126_4l_massZ2_genbin1_recobin7 acc 0.0527 eff 0.0 outinratio 0.0639 

ttH126_4l_massZ2_genbin1_recobin7 acc 0.0507 eff 0.0 outinratio 0.1483 

ggH126_4l_massZ2_genbin2_recobin7 acc 0.036 eff 0.0 outinratio 0.06 

VBFH126_4l_massZ2_genbin2_recobin7 acc 0.041 eff 0.0 outinratio 0.0158 

WminusH126_4l_massZ2_genbin2_recobin7 acc 0.0326 eff 0.0 outinratio 0.059 

WplusH126_4l_massZ2_genbin2_recobin7 acc 0.0283 eff 0.0 outinratio 0.0813 

ZH126_4l_massZ2_genbin2_recobin7 acc 0.0305 eff 0.0 outinratio 0.0639 

ttH126_4l_massZ2_genbin2_recobin7 acc 0.0282 eff 0.0 outinratio 0.1483 

ggH126_4l_massZ2_genbin3_recobin7 acc 0.0779 eff 0.0 outinratio 0.06 

VBFH126_4l_massZ2_genbin3_recobin7 acc 0.0842 eff 0.0 outinratio 0.0158 

WminusH126_4l_massZ2_genbin3_recobin7 acc 0.0659 eff 0.0 outinratio 0.059 

WplusH126_4l_massZ2_genbin3_recobin7 acc 0.0582 eff 0.0 outinratio 0.0813 

ZH126_4l_massZ2_genbin3_recobin7 acc 0.0664 eff 0.0006 outinratio 0.0639 

ttH126_4l_massZ2_genbin3_recobin7 acc 0.0603 eff 0.0 outinratio 0.1483 

ggH126_4l_massZ2_genbin4_recobin7 acc 0.0349 eff 0.0 outinratio 0.06 

VBFH126_4l_massZ2_genbin4_recobin7 acc 0.0378 eff 0.0 outinratio 0.0158 

WminusH126_4l_massZ2_genbin4_recobin7 acc 0.0276 eff 0.0 outinratio 0.059 

WplusH126_4l_massZ2_genbin4_recobin7 acc 0.0254 eff 0.0 outinratio 0.0813 

ZH126_4l_massZ2_genbin4_recobin7 acc 0.0287 eff 0.0 outinratio 0.0639 

ttH126_4l_massZ2_genbin4_recobin7 acc 0.0255 eff 0.0 outinratio 0.1483 

ggH126_4l_massZ2_genbin5_recobin7 acc 0.0437 eff 0.0 outinratio 0.06 

VBFH126_4l_massZ2_genbin5_recobin7 acc 0.0475 eff 0.0005 outinratio 0.0158 

WminusH126_4l_massZ2_genbin5_recobin7 acc 0.0379 eff 0.0014 outinratio 0.059 

WplusH126_4l_massZ2_genbin5_recobin7 acc 0.0336 eff 0.0 outinratio 0.0813 

ZH126_4l_massZ2_genbin5_recobin7 acc 0.0358 eff 0.0022 outinratio 0.0639 

ttH126_4l_massZ2_genbin5_recobin7 acc 0.0337 eff 0.0006 outinratio 0.1483 

ggH126_4l_massZ2_genbin6_recobin7 acc 0.0353 eff 0.0143 outinratio 0.06 

VBFH126_4l_massZ2_genbin6_recobin7 acc 0.0382 eff 0.0153 outinratio 0.0158 

WminusH126_4l_massZ2_genbin6_recobin7 acc 0.0295 eff 0.0188 outinratio 0.059 

WplusH126_4l_massZ2_genbin6_recobin7 acc 0.0264 eff 0.0247 outinratio 0.0813 

ZH126_4l_massZ2_genbin6_recobin7 acc 0.0278 eff 0.0122 outinratio 0.0639 

ttH126_4l_massZ2_genbin6_recobin7 acc 0.027 eff 0.0168 outinratio 0.1483 

ggH126_4l_massZ2_genbin7_recobin7 acc 0.0167 eff 0.509 outinratio 0.06 

VBFH126_4l_massZ2_genbin7_recobin7 acc 0.0194 eff 0.5277 outinratio 0.0158 

WminusH126_4l_massZ2_genbin7_recobin7 acc 0.0163 eff 0.5166 outinratio 0.059 

WplusH126_4l_massZ2_genbin7_recobin7 acc 0.0111 eff 0.5135 outinratio 0.0813 

ZH126_4l_massZ2_genbin7_recobin7 acc 0.0147 eff 0.534 outinratio 0.0639 

ttH126_4l_massZ2_genbin7_recobin7 acc 0.0131 eff 0.54 outinratio 0.1483 

ggH126_4e_massZ2_genbin0_recobin0 acc 0.0853 eff 0.3082 outinratio 0.0591 

VBFH126_4e_massZ2_genbin0_recobin0 acc 0.1 eff 0.3259 outinratio 0.0506 

WminusH126_4e_massZ2_genbin0_recobin0 acc 0.0793 eff 0.2957 outinratio 0.0789 

WplusH126_4e_massZ2_genbin0_recobin0 acc 0.0679 eff 0.3313 outinratio 0.0656 

ZH126_4e_massZ2_genbin0_recobin0 acc 0.0784 eff 0.3026 outinratio 0.1032 

ttH126_4e_massZ2_genbin0_recobin0 acc 0.0728 eff 0.3288 outinratio 0.2146 

ggH126_4e_massZ2_genbin1_recobin0 acc 0.0612 eff 0.055 outinratio 0.0591 

VBFH126_4e_massZ2_genbin1_recobin0 acc 0.0683 eff 0.0385 outinratio 0.0506 

WminusH126_4e_massZ2_genbin1_recobin0 acc 0.0486 eff 0.0497 outinratio 0.0789 

WplusH126_4e_massZ2_genbin1_recobin0 acc 0.0511 eff 0.0608 outinratio 0.0656 

ZH126_4e_massZ2_genbin1_recobin0 acc 0.0464 eff 0.0581 outinratio 0.1032 

ttH126_4e_massZ2_genbin1_recobin0 acc 0.0481 eff 0.0496 outinratio 0.2146 

ggH126_4e_massZ2_genbin2_recobin0 acc 0.0367 eff 0.0017 outinratio 0.0591 

VBFH126_4e_massZ2_genbin2_recobin0 acc 0.0383 eff 0.009 outinratio 0.0506 

WminusH126_4e_massZ2_genbin2_recobin0 acc 0.0294 eff 0.0016 outinratio 0.0789 

WplusH126_4e_massZ2_genbin2_recobin0 acc 0.0237 eff 0.0 outinratio 0.0656 

ZH126_4e_massZ2_genbin2_recobin0 acc 0.0258 eff 0.0069 outinratio 0.1032 

ttH126_4e_massZ2_genbin2_recobin0 acc 0.0261 eff 0.0059 outinratio 0.2146 

ggH126_4e_massZ2_genbin3_recobin0 acc 0.0744 eff 0.0009 outinratio 0.0591 

VBFH126_4e_massZ2_genbin3_recobin0 acc 0.079 eff 0.0013 outinratio 0.0506 

WminusH126_4e_massZ2_genbin3_recobin0 acc 0.0593 eff 0.0036 outinratio 0.0789 

WplusH126_4e_massZ2_genbin3_recobin0 acc 0.0515 eff 0.0 outinratio 0.0656 

ZH126_4e_massZ2_genbin3_recobin0 acc 0.0598 eff 0.0031 outinratio 0.1032 

ttH126_4e_massZ2_genbin3_recobin0 acc 0.0564 eff 0.0029 outinratio 0.2146 

ggH126_4e_massZ2_genbin4_recobin0 acc 0.0316 eff 0.0 outinratio 0.0591 

VBFH126_4e_massZ2_genbin4_recobin0 acc 0.0377 eff 0.0008 outinratio 0.0506 

WminusH126_4e_massZ2_genbin4_recobin0 acc 0.0286 eff 0.0 outinratio 0.0789 

WplusH126_4e_massZ2_genbin4_recobin0 acc 0.0262 eff 0.0 outinratio 0.0656 

ZH126_4e_massZ2_genbin4_recobin0 acc 0.0273 eff 0.0 outinratio 0.1032 

ttH126_4e_massZ2_genbin4_recobin0 acc 0.026 eff 0.0 outinratio 0.2146 

ggH126_4e_massZ2_genbin5_recobin0 acc 0.0489 eff 0.0 outinratio 0.0591 

VBFH126_4e_massZ2_genbin5_recobin0 acc 0.049 eff 0.0018 outinratio 0.0506 

WminusH126_4e_massZ2_genbin5_recobin0 acc 0.037 eff 0.0 outinratio 0.0789 

WplusH126_4e_massZ2_genbin5_recobin0 acc 0.0368 eff 0.0 outinratio 0.0656 

ZH126_4e_massZ2_genbin5_recobin0 acc 0.042 eff 0.0 outinratio 0.1032 

ttH126_4e_massZ2_genbin5_recobin0 acc 0.036 eff 0.0015 outinratio 0.2146 

ggH126_4e_massZ2_genbin6_recobin0 acc 0.0393 eff 0.0007 outinratio 0.0591 

VBFH126_4e_massZ2_genbin6_recobin0 acc 0.0405 eff 0.0017 outinratio 0.0506 

WminusH126_4e_massZ2_genbin6_recobin0 acc 0.0317 eff 0.0 outinratio 0.0789 

WplusH126_4e_massZ2_genbin6_recobin0 acc 0.0266 eff 0.0 outinratio 0.0656 

ZH126_4e_massZ2_genbin6_recobin0 acc 0.0335 eff 0.0 outinratio 0.1032 

ttH126_4e_massZ2_genbin6_recobin0 acc 0.0292 eff 0.004 outinratio 0.2146 

ggH126_4e_massZ2_genbin7_recobin0 acc 0.0188 eff 0.0018 outinratio 0.0591 

VBFH126_4e_massZ2_genbin7_recobin0 acc 0.0246 eff 0.0061 outinratio 0.0506 

WminusH126_4e_massZ2_genbin7_recobin0 acc 0.0198 eff 0.0 outinratio 0.0789 

WplusH126_4e_massZ2_genbin7_recobin0 acc 0.0123 eff 0.0 outinratio 0.0656 

ZH126_4e_massZ2_genbin7_recobin0 acc 0.0178 eff 0.0046 outinratio 0.1032 

ttH126_4e_massZ2_genbin7_recobin0 acc 0.0144 eff 0.0 outinratio 0.2146 

ggH126_4e_massZ2_genbin0_recobin1 acc 0.0853 eff 0.006 outinratio 0.0424 

VBFH126_4e_massZ2_genbin0_recobin1 acc 0.1 eff 0.0104 outinratio 0.0431 

WminusH126_4e_massZ2_genbin0_recobin1 acc 0.0793 eff 0.0075 outinratio 0.0357 

WplusH126_4e_massZ2_genbin0_recobin1 acc 0.0679 eff 0.0031 outinratio 0.1315 

ZH126_4e_massZ2_genbin0_recobin1 acc 0.0784 eff 0.0066 outinratio 0.0438 

ttH126_4e_massZ2_genbin0_recobin1 acc 0.0728 eff 0.0058 outinratio 0.2248 

ggH126_4e_massZ2_genbin1_recobin1 acc 0.0612 eff 0.2381 outinratio 0.0424 

VBFH126_4e_massZ2_genbin1_recobin1 acc 0.0683 eff 0.2661 outinratio 0.0431 

WminusH126_4e_massZ2_genbin1_recobin1 acc 0.0486 eff 0.1934 outinratio 0.0357 

WplusH126_4e_massZ2_genbin1_recobin1 acc 0.0511 eff 0.2378 outinratio 0.1315 

ZH126_4e_massZ2_genbin1_recobin1 acc 0.0464 eff 0.2765 outinratio 0.0438 

ttH126_4e_massZ2_genbin1_recobin1 acc 0.0481 eff 0.2677 outinratio 0.2248 

ggH126_4e_massZ2_genbin2_recobin1 acc 0.0367 eff 0.1059 outinratio 0.0424 

VBFH126_4e_massZ2_genbin2_recobin1 acc 0.0383 eff 0.113 outinratio 0.0431 

WminusH126_4e_massZ2_genbin2_recobin1 acc 0.0294 eff 0.0994 outinratio 0.0357 

WplusH126_4e_massZ2_genbin2_recobin1 acc 0.0237 eff 0.0784 outinratio 0.1315 

ZH126_4e_massZ2_genbin2_recobin1 acc 0.0258 eff 0.115 outinratio 0.0438 

ttH126_4e_massZ2_genbin2_recobin1 acc 0.0261 eff 0.0955 outinratio 0.2248 

ggH126_4e_massZ2_genbin3_recobin1 acc 0.0744 eff 0.009 outinratio 0.0424 

VBFH126_4e_massZ2_genbin3_recobin1 acc 0.079 eff 0.0185 outinratio 0.0431 

WminusH126_4e_massZ2_genbin3_recobin1 acc 0.0593 eff 0.0104 outinratio 0.0357 

WplusH126_4e_massZ2_genbin3_recobin1 acc 0.0515 eff 0.0109 outinratio 0.1315 

ZH126_4e_massZ2_genbin3_recobin1 acc 0.0598 eff 0.0217 outinratio 0.0438 

ttH126_4e_massZ2_genbin3_recobin1 acc 0.0564 eff 0.0103 outinratio 0.2248 

ggH126_4e_massZ2_genbin4_recobin1 acc 0.0316 eff 0.0023 outinratio 0.0424 

VBFH126_4e_massZ2_genbin4_recobin1 acc 0.0377 eff 0.0004 outinratio 0.0431 

WminusH126_4e_massZ2_genbin4_recobin1 acc 0.0286 eff 0.0 outinratio 0.0357 

WplusH126_4e_massZ2_genbin4_recobin1 acc 0.0262 eff 0.0 outinratio 0.1315 

ZH126_4e_massZ2_genbin4_recobin1 acc 0.0273 eff 0.0043 outinratio 0.0438 

ttH126_4e_massZ2_genbin4_recobin1 acc 0.026 eff 0.0043 outinratio 0.2248 

ggH126_4e_massZ2_genbin5_recobin1 acc 0.0489 eff 0.0 outinratio 0.0424 

VBFH126_4e_massZ2_genbin5_recobin1 acc 0.049 eff 0.0022 outinratio 0.0431 

WminusH126_4e_massZ2_genbin5_recobin1 acc 0.037 eff 0.0058 outinratio 0.0357 

WplusH126_4e_massZ2_genbin5_recobin1 acc 0.0368 eff 0.0 outinratio 0.1315 

ZH126_4e_massZ2_genbin5_recobin1 acc 0.042 eff 0.0 outinratio 0.0438 

ttH126_4e_massZ2_genbin5_recobin1 acc 0.036 eff 0.0 outinratio 0.2248 

ggH126_4e_massZ2_genbin6_recobin1 acc 0.0393 eff 0.0 outinratio 0.0424 

VBFH126_4e_massZ2_genbin6_recobin1 acc 0.0405 eff 0.0 outinratio 0.0431 

WminusH126_4e_massZ2_genbin6_recobin1 acc 0.0317 eff 0.0 outinratio 0.0357 

WplusH126_4e_massZ2_genbin6_recobin1 acc 0.0266 eff 0.0 outinratio 0.1315 

ZH126_4e_massZ2_genbin6_recobin1 acc 0.0335 eff 0.0 outinratio 0.0438 

ttH126_4e_massZ2_genbin6_recobin1 acc 0.0292 eff 0.0031 outinratio 0.2248 

ggH126_4e_massZ2_genbin7_recobin1 acc 0.0188 eff 0.0081 outinratio 0.0424 

VBFH126_4e_massZ2_genbin7_recobin1 acc 0.0246 eff 0.0 outinratio 0.0431 

WminusH126_4e_massZ2_genbin7_recobin1 acc 0.0198 eff 0.0 outinratio 0.0357 

WplusH126_4e_massZ2_genbin7_recobin1 acc 0.0123 eff 0.0 outinratio 0.1315 

ZH126_4e_massZ2_genbin7_recobin1 acc 0.0178 eff 0.0 outinratio 0.0438 

ttH126_4e_massZ2_genbin7_recobin1 acc 0.0144 eff 0.0 outinratio 0.2248 

ggH126_4e_massZ2_genbin0_recobin2 acc 0.0853 eff 0.0 outinratio 0.0596 

VBFH126_4e_massZ2_genbin0_recobin2 acc 0.1 eff 0.0 outinratio 0.0343 

WminusH126_4e_massZ2_genbin0_recobin2 acc 0.0793 eff 0.0 outinratio 0.0221 

WplusH126_4e_massZ2_genbin0_recobin2 acc 0.0679 eff 0.0 outinratio 0.0727 

ZH126_4e_massZ2_genbin0_recobin2 acc 0.0784 eff 0.0 outinratio 0.0547 

ttH126_4e_massZ2_genbin0_recobin2 acc 0.0728 eff 0.0 outinratio 0.2007 

ggH126_4e_massZ2_genbin1_recobin2 acc 0.0612 eff 0.0197 outinratio 0.0596 

VBFH126_4e_massZ2_genbin1_recobin2 acc 0.0683 eff 0.0187 outinratio 0.0343 

WminusH126_4e_massZ2_genbin1_recobin2 acc 0.0486 eff 0.0268 outinratio 0.0221 

WplusH126_4e_massZ2_genbin1_recobin2 acc 0.0511 eff 0.0208 outinratio 0.0727 

ZH126_4e_massZ2_genbin1_recobin2 acc 0.0464 eff 0.0242 outinratio 0.0547 

ttH126_4e_massZ2_genbin1_recobin2 acc 0.0481 eff 0.0178 outinratio 0.2007 

ggH126_4e_massZ2_genbin2_recobin2 acc 0.0367 eff 0.1773 outinratio 0.0596 

VBFH126_4e_massZ2_genbin2_recobin2 acc 0.0383 eff 0.1635 outinratio 0.0343 

WminusH126_4e_massZ2_genbin2_recobin2 acc 0.0294 eff 0.1885 outinratio 0.0221 

WplusH126_4e_massZ2_genbin2_recobin2 acc 0.0237 eff 0.1391 outinratio 0.0727 

ZH126_4e_massZ2_genbin2_recobin2 acc 0.0258 eff 0.1951 outinratio 0.0547 

ttH126_4e_massZ2_genbin2_recobin2 acc 0.0261 eff 0.1821 outinratio 0.2007 

ggH126_4e_massZ2_genbin3_recobin2 acc 0.0744 eff 0.031 outinratio 0.0596 

VBFH126_4e_massZ2_genbin3_recobin2 acc 0.079 eff 0.0395 outinratio 0.0343 

WminusH126_4e_massZ2_genbin3_recobin2 acc 0.0593 eff 0.0336 outinratio 0.0221 

WplusH126_4e_massZ2_genbin3_recobin2 acc 0.0515 eff 0.0397 outinratio 0.0727 

ZH126_4e_massZ2_genbin3_recobin2 acc 0.0598 eff 0.045 outinratio 0.0547 

ttH126_4e_massZ2_genbin3_recobin2 acc 0.0564 eff 0.0455 outinratio 0.2007 

ggH126_4e_massZ2_genbin4_recobin2 acc 0.0316 eff 0.0071 outinratio 0.0596 

VBFH126_4e_massZ2_genbin4_recobin2 acc 0.0377 eff 0.0064 outinratio 0.0343 

WminusH126_4e_massZ2_genbin4_recobin2 acc 0.0286 eff 0.0044 outinratio 0.0221 

WplusH126_4e_massZ2_genbin4_recobin2 acc 0.0262 eff 0.0 outinratio 0.0727 

ZH126_4e_massZ2_genbin4_recobin2 acc 0.0273 eff 0.0084 outinratio 0.0547 

ttH126_4e_massZ2_genbin4_recobin2 acc 0.026 eff 0.0012 outinratio 0.2007 

ggH126_4e_massZ2_genbin5_recobin2 acc 0.0489 eff 0.0 outinratio 0.0596 

VBFH126_4e_massZ2_genbin5_recobin2 acc 0.049 eff 0.0022 outinratio 0.0343 

WminusH126_4e_massZ2_genbin5_recobin2 acc 0.037 eff 0.0071 outinratio 0.0221 

WplusH126_4e_massZ2_genbin5_recobin2 acc 0.0368 eff 0.0 outinratio 0.0727 

ZH126_4e_massZ2_genbin5_recobin2 acc 0.042 eff 0.0 outinratio 0.0547 

ttH126_4e_massZ2_genbin5_recobin2 acc 0.036 eff 0.007 outinratio 0.2007 

ggH126_4e_massZ2_genbin6_recobin2 acc 0.0393 eff 0.0 outinratio 0.0596 

VBFH126_4e_massZ2_genbin6_recobin2 acc 0.0405 eff 0.0 outinratio 0.0343 

WminusH126_4e_massZ2_genbin6_recobin2 acc 0.0317 eff 0.0 outinratio 0.0221 

WplusH126_4e_massZ2_genbin6_recobin2 acc 0.0266 eff 0.0 outinratio 0.0727 

ZH126_4e_massZ2_genbin6_recobin2 acc 0.0335 eff 0.0 outinratio 0.0547 

ttH126_4e_massZ2_genbin6_recobin2 acc 0.0292 eff 0.0038 outinratio 0.2007 

ggH126_4e_massZ2_genbin7_recobin2 acc 0.0188 eff 0.0 outinratio 0.0596 

VBFH126_4e_massZ2_genbin7_recobin2 acc 0.0246 eff 0.0 outinratio 0.0343 

WminusH126_4e_massZ2_genbin7_recobin2 acc 0.0198 eff 0.0 outinratio 0.0221 

WplusH126_4e_massZ2_genbin7_recobin2 acc 0.0123 eff 0.0 outinratio 0.0727 

ZH126_4e_massZ2_genbin7_recobin2 acc 0.0178 eff 0.0 outinratio 0.0547 

ttH126_4e_massZ2_genbin7_recobin2 acc 0.0144 eff 0.0085 outinratio 0.2007 

ggH126_4e_massZ2_genbin0_recobin3 acc 0.0853 eff 0.0009 outinratio 0.0688 

VBFH126_4e_massZ2_genbin0_recobin3 acc 0.1 eff 0.0 outinratio 0.0477 

WminusH126_4e_massZ2_genbin0_recobin3 acc 0.0793 eff 0.0 outinratio 0.0765 

WplusH126_4e_massZ2_genbin0_recobin3 acc 0.0679 eff 0.0 outinratio 0.084 

ZH126_4e_massZ2_genbin0_recobin3 acc 0.0784 eff 0.001 outinratio 0.089 

ttH126_4e_massZ2_genbin0_recobin3 acc 0.0728 eff 0.001 outinratio 0.1903 

ggH126_4e_massZ2_genbin1_recobin3 acc 0.0612 eff 0.0 outinratio 0.0688 

VBFH126_4e_massZ2_genbin1_recobin3 acc 0.0683 eff 0.0008 outinratio 0.0477 

WminusH126_4e_massZ2_genbin1_recobin3 acc 0.0486 eff 0.0032 outinratio 0.0765 

WplusH126_4e_massZ2_genbin1_recobin3 acc 0.0511 eff 0.0103 outinratio 0.084 

ZH126_4e_massZ2_genbin1_recobin3 acc 0.0464 eff 0.0036 outinratio 0.089 

ttH126_4e_massZ2_genbin1_recobin3 acc 0.0481 eff 0.0006 outinratio 0.1903 

ggH126_4e_massZ2_genbin2_recobin3 acc 0.0367 eff 0.0573 outinratio 0.0688 

VBFH126_4e_massZ2_genbin2_recobin3 acc 0.0383 eff 0.0357 outinratio 0.0477 

WminusH126_4e_massZ2_genbin2_recobin3 acc 0.0294 eff 0.0425 outinratio 0.0765 

WplusH126_4e_massZ2_genbin2_recobin3 acc 0.0237 eff 0.0243 outinratio 0.084 

ZH126_4e_massZ2_genbin2_recobin3 acc 0.0258 eff 0.06 outinratio 0.089 

ttH126_4e_massZ2_genbin2_recobin3 acc 0.0261 eff 0.0276 outinratio 0.1903 

ggH126_4e_massZ2_genbin3_recobin3 acc 0.0744 eff 0.2272 outinratio 0.0688 

VBFH126_4e_massZ2_genbin3_recobin3 acc 0.079 eff 0.2353 outinratio 0.0477 

WminusH126_4e_massZ2_genbin3_recobin3 acc 0.0593 eff 0.2233 outinratio 0.0765 

WplusH126_4e_massZ2_genbin3_recobin3 acc 0.0515 eff 0.2151 outinratio 0.084 

ZH126_4e_massZ2_genbin3_recobin3 acc 0.0598 eff 0.2169 outinratio 0.089 

ttH126_4e_massZ2_genbin3_recobin3 acc 0.0564 eff 0.2305 outinratio 0.1903 

ggH126_4e_massZ2_genbin4_recobin3 acc 0.0316 eff 0.136 outinratio 0.0688 

VBFH126_4e_massZ2_genbin4_recobin3 acc 0.0377 eff 0.1145 outinratio 0.0477 

WminusH126_4e_massZ2_genbin4_recobin3 acc 0.0286 eff 0.1103 outinratio 0.0765 

WplusH126_4e_massZ2_genbin4_recobin3 acc 0.0262 eff 0.1422 outinratio 0.084 

ZH126_4e_massZ2_genbin4_recobin3 acc 0.0273 eff 0.1122 outinratio 0.089 

ttH126_4e_massZ2_genbin4_recobin3 acc 0.026 eff 0.1174 outinratio 0.1903 

ggH126_4e_massZ2_genbin5_recobin3 acc 0.0489 eff 0.0066 outinratio 0.0688 

VBFH126_4e_massZ2_genbin5_recobin3 acc 0.049 eff 0.0316 outinratio 0.0477 

WminusH126_4e_massZ2_genbin5_recobin3 acc 0.037 eff 0.0178 outinratio 0.0765 

WplusH126_4e_massZ2_genbin5_recobin3 acc 0.0368 eff 0.0298 outinratio 0.084 

ZH126_4e_massZ2_genbin5_recobin3 acc 0.042 eff 0.0159 outinratio 0.089 

ttH126_4e_massZ2_genbin5_recobin3 acc 0.036 eff 0.0072 outinratio 0.1903 

ggH126_4e_massZ2_genbin6_recobin3 acc 0.0393 eff 0.0069 outinratio 0.0688 

VBFH126_4e_massZ2_genbin6_recobin3 acc 0.0405 eff 0.0024 outinratio 0.0477 

WminusH126_4e_massZ2_genbin6_recobin3 acc 0.0317 eff 0.0 outinratio 0.0765 

WplusH126_4e_massZ2_genbin6_recobin3 acc 0.0266 eff 0.0 outinratio 0.084 

ZH126_4e_massZ2_genbin6_recobin3 acc 0.0335 eff 0.0 outinratio 0.089 

ttH126_4e_massZ2_genbin6_recobin3 acc 0.0292 eff 0.0012 outinratio 0.1903 

ggH126_4e_massZ2_genbin7_recobin3 acc 0.0188 eff 0.0 outinratio 0.0688 

VBFH126_4e_massZ2_genbin7_recobin3 acc 0.0246 eff 0.0 outinratio 0.0477 

WminusH126_4e_massZ2_genbin7_recobin3 acc 0.0198 eff 0.0 outinratio 0.0765 

WplusH126_4e_massZ2_genbin7_recobin3 acc 0.0123 eff 0.0 outinratio 0.084 

ZH126_4e_massZ2_genbin7_recobin3 acc 0.0178 eff 0.0 outinratio 0.089 

ttH126_4e_massZ2_genbin7_recobin3 acc 0.0144 eff 0.0 outinratio 0.1903 

ggH126_4e_massZ2_genbin0_recobin4 acc 0.0853 eff 0.0 outinratio 0.0573 

VBFH126_4e_massZ2_genbin0_recobin4 acc 0.1 eff 0.0 outinratio 0.016 

WminusH126_4e_massZ2_genbin0_recobin4 acc 0.0793 eff 0.0 outinratio 0.2117 

WplusH126_4e_massZ2_genbin0_recobin4 acc 0.0679 eff 0.0 outinratio 0.0434 

ZH126_4e_massZ2_genbin0_recobin4 acc 0.0784 eff 0.0 outinratio 0.0377 

ttH126_4e_massZ2_genbin0_recobin4 acc 0.0728 eff 0.0 outinratio 0.1822 

ggH126_4e_massZ2_genbin1_recobin4 acc 0.0612 eff 0.0 outinratio 0.0573 

VBFH126_4e_massZ2_genbin1_recobin4 acc 0.0683 eff 0.0 outinratio 0.016 

WminusH126_4e_massZ2_genbin1_recobin4 acc 0.0486 eff 0.0 outinratio 0.2117 

WplusH126_4e_massZ2_genbin1_recobin4 acc 0.0511 eff 0.0 outinratio 0.0434 

ZH126_4e_massZ2_genbin1_recobin4 acc 0.0464 eff 0.0 outinratio 0.0377 

ttH126_4e_massZ2_genbin1_recobin4 acc 0.0481 eff 0.0 outinratio 0.1822 

ggH126_4e_massZ2_genbin2_recobin4 acc 0.0367 eff 0.0 outinratio 0.0573 

VBFH126_4e_massZ2_genbin2_recobin4 acc 0.0383 eff 0.0 outinratio 0.016 

WminusH126_4e_massZ2_genbin2_recobin4 acc 0.0294 eff 0.0 outinratio 0.2117 

WplusH126_4e_massZ2_genbin2_recobin4 acc 0.0237 eff 0.0 outinratio 0.0434 

ZH126_4e_massZ2_genbin2_recobin4 acc 0.0258 eff 0.0 outinratio 0.0377 

ttH126_4e_massZ2_genbin2_recobin4 acc 0.0261 eff 0.0009 outinratio 0.1822 

ggH126_4e_massZ2_genbin3_recobin4 acc 0.0744 eff 0.019 outinratio 0.0573 

VBFH126_4e_massZ2_genbin3_recobin4 acc 0.079 eff 0.0179 outinratio 0.016 

WminusH126_4e_massZ2_genbin3_recobin4 acc 0.0593 eff 0.0228 outinratio 0.2117 

WplusH126_4e_massZ2_genbin3_recobin4 acc 0.0515 eff 0.012 outinratio 0.0434 

ZH126_4e_massZ2_genbin3_recobin4 acc 0.0598 eff 0.0346 outinratio 0.0377 

ttH126_4e_massZ2_genbin3_recobin4 acc 0.0564 eff 0.0192 outinratio 0.1822 

ggH126_4e_massZ2_genbin4_recobin4 acc 0.0316 eff 0.1579 outinratio 0.0573 

VBFH126_4e_massZ2_genbin4_recobin4 acc 0.0377 eff 0.1775 outinratio 0.016 

WminusH126_4e_massZ2_genbin4_recobin4 acc 0.0286 eff 0.1471 outinratio 0.2117 

WplusH126_4e_massZ2_genbin4_recobin4 acc 0.0262 eff 0.2308 outinratio 0.0434 

ZH126_4e_massZ2_genbin4_recobin4 acc 0.0273 eff 0.2187 outinratio 0.0377 

ttH126_4e_massZ2_genbin4_recobin4 acc 0.026 eff 0.1677 outinratio 0.1822 

ggH126_4e_massZ2_genbin5_recobin4 acc 0.0489 eff 0.0555 outinratio 0.0573 

VBFH126_4e_massZ2_genbin5_recobin4 acc 0.049 eff 0.0549 outinratio 0.016 

WminusH126_4e_massZ2_genbin5_recobin4 acc 0.037 eff 0.0375 outinratio 0.2117 

WplusH126_4e_massZ2_genbin5_recobin4 acc 0.0368 eff 0.0275 outinratio 0.0434 

ZH126_4e_massZ2_genbin5_recobin4 acc 0.042 eff 0.0488 outinratio 0.0377 

ttH126_4e_massZ2_genbin5_recobin4 acc 0.036 eff 0.0745 outinratio 0.1822 

ggH126_4e_massZ2_genbin6_recobin4 acc 0.0393 eff 0.0046 outinratio 0.0573 

VBFH126_4e_massZ2_genbin6_recobin4 acc 0.0405 eff 0.0038 outinratio 0.016 

WminusH126_4e_massZ2_genbin6_recobin4 acc 0.0317 eff 0.0058 outinratio 0.2117 

WplusH126_4e_massZ2_genbin6_recobin4 acc 0.0266 eff 0.0144 outinratio 0.0434 

ZH126_4e_massZ2_genbin6_recobin4 acc 0.0335 eff 0.0059 outinratio 0.0377 

ttH126_4e_massZ2_genbin6_recobin4 acc 0.0292 eff 0.0022 outinratio 0.1822 

ggH126_4e_massZ2_genbin7_recobin4 acc 0.0188 eff 0.0 outinratio 0.0573 

VBFH126_4e_massZ2_genbin7_recobin4 acc 0.0246 eff 0.0 outinratio 0.016 

WminusH126_4e_massZ2_genbin7_recobin4 acc 0.0198 eff 0.0 outinratio 0.2117 

WplusH126_4e_massZ2_genbin7_recobin4 acc 0.0123 eff 0.02 outinratio 0.0434 

ZH126_4e_massZ2_genbin7_recobin4 acc 0.0178 eff 0.0 outinratio 0.0377 

ttH126_4e_massZ2_genbin7_recobin4 acc 0.0144 eff 0.0 outinratio 0.1822 

ggH126_4e_massZ2_genbin0_recobin5 acc 0.0853 eff 0.0 outinratio 0.0339 

VBFH126_4e_massZ2_genbin0_recobin5 acc 0.1 eff 0.0028 outinratio 0.0126 

WminusH126_4e_massZ2_genbin0_recobin5 acc 0.0793 eff 0.0 outinratio 0.0192 

WplusH126_4e_massZ2_genbin0_recobin5 acc 0.0679 eff 0.0 outinratio 0.1205 

ZH126_4e_massZ2_genbin0_recobin5 acc 0.0784 eff 0.0 outinratio 0.0603 

ttH126_4e_massZ2_genbin0_recobin5 acc 0.0728 eff 0.0 outinratio 0.1537 

ggH126_4e_massZ2_genbin1_recobin5 acc 0.0612 eff 0.0 outinratio 0.0339 

VBFH126_4e_massZ2_genbin1_recobin5 acc 0.0683 eff 0.0 outinratio 0.0126 

WminusH126_4e_massZ2_genbin1_recobin5 acc 0.0486 eff 0.0 outinratio 0.0192 

WplusH126_4e_massZ2_genbin1_recobin5 acc 0.0511 eff 0.0 outinratio 0.1205 

ZH126_4e_massZ2_genbin1_recobin5 acc 0.0464 eff 0.0006 outinratio 0.0603 

ttH126_4e_massZ2_genbin1_recobin5 acc 0.0481 eff 0.0 outinratio 0.1537 

ggH126_4e_massZ2_genbin2_recobin5 acc 0.0367 eff 0.0 outinratio 0.0339 

VBFH126_4e_massZ2_genbin2_recobin5 acc 0.0383 eff 0.001 outinratio 0.0126 

WminusH126_4e_massZ2_genbin2_recobin5 acc 0.0294 eff 0.0 outinratio 0.0192 

WplusH126_4e_massZ2_genbin2_recobin5 acc 0.0237 eff 0.0 outinratio 0.1205 

ZH126_4e_massZ2_genbin2_recobin5 acc 0.0258 eff 0.0 outinratio 0.0603 

ttH126_4e_massZ2_genbin2_recobin5 acc 0.0261 eff 0.0 outinratio 0.1537 

ggH126_4e_massZ2_genbin3_recobin5 acc 0.0744 eff 0.0026 outinratio 0.0339 

VBFH126_4e_massZ2_genbin3_recobin5 acc 0.079 eff 0.0017 outinratio 0.0126 

WminusH126_4e_massZ2_genbin3_recobin5 acc 0.0593 eff 0.0017 outinratio 0.0192 

WplusH126_4e_massZ2_genbin3_recobin5 acc 0.0515 eff 0.0 outinratio 0.1205 

ZH126_4e_massZ2_genbin3_recobin5 acc 0.0598 eff 0.0 outinratio 0.0603 

ttH126_4e_massZ2_genbin3_recobin5 acc 0.0564 eff 0.006 outinratio 0.1537 

ggH126_4e_massZ2_genbin4_recobin5 acc 0.0316 eff 0.024 outinratio 0.0339 

VBFH126_4e_massZ2_genbin4_recobin5 acc 0.0377 eff 0.046 outinratio 0.0126 

WminusH126_4e_massZ2_genbin4_recobin5 acc 0.0286 eff 0.043 outinratio 0.0192 

WplusH126_4e_massZ2_genbin4_recobin5 acc 0.0262 eff 0.0513 outinratio 0.1205 

ZH126_4e_massZ2_genbin4_recobin5 acc 0.0273 eff 0.0661 outinratio 0.0603 

ttH126_4e_massZ2_genbin4_recobin5 acc 0.026 eff 0.061 outinratio 0.1537 

ggH126_4e_massZ2_genbin5_recobin5 acc 0.0489 eff 0.2593 outinratio 0.0339 

VBFH126_4e_massZ2_genbin5_recobin5 acc 0.049 eff 0.2631 outinratio 0.0126 

WminusH126_4e_massZ2_genbin5_recobin5 acc 0.037 eff 0.2327 outinratio 0.0192 

WplusH126_4e_massZ2_genbin5_recobin5 acc 0.0368 eff 0.1521 outinratio 0.1205 

ZH126_4e_massZ2_genbin5_recobin5 acc 0.042 eff 0.2761 outinratio 0.0603 

ttH126_4e_massZ2_genbin5_recobin5 acc 0.036 eff 0.2755 outinratio 0.1537 

ggH126_4e_massZ2_genbin6_recobin5 acc 0.0393 eff 0.0592 outinratio 0.0339 

VBFH126_4e_massZ2_genbin6_recobin5 acc 0.0405 eff 0.0566 outinratio 0.0126 

WminusH126_4e_massZ2_genbin6_recobin5 acc 0.0317 eff 0.0678 outinratio 0.0192 

WplusH126_4e_massZ2_genbin6_recobin5 acc 0.0266 eff 0.0901 outinratio 0.1205 

ZH126_4e_massZ2_genbin6_recobin5 acc 0.0335 eff 0.0435 outinratio 0.0603 

ttH126_4e_massZ2_genbin6_recobin5 acc 0.0292 eff 0.0411 outinratio 0.1537 

ggH126_4e_massZ2_genbin7_recobin5 acc 0.0188 eff 0.0 outinratio 0.0339 

VBFH126_4e_massZ2_genbin7_recobin5 acc 0.0246 eff 0.0109 outinratio 0.0126 

WminusH126_4e_massZ2_genbin7_recobin5 acc 0.0198 eff 0.0 outinratio 0.0192 

WplusH126_4e_massZ2_genbin7_recobin5 acc 0.0123 eff 0.0 outinratio 0.1205 

ZH126_4e_massZ2_genbin7_recobin5 acc 0.0178 eff 0.0 outinratio 0.0603 

ttH126_4e_massZ2_genbin7_recobin5 acc 0.0144 eff 0.0067 outinratio 0.1537 

ggH126_4e_massZ2_genbin0_recobin6 acc 0.0853 eff 0.0011 outinratio 0.062 

VBFH126_4e_massZ2_genbin0_recobin6 acc 0.1 eff 0.0001 outinratio 0.0265 

WminusH126_4e_massZ2_genbin0_recobin6 acc 0.0793 eff 0.0 outinratio 0.026 

WplusH126_4e_massZ2_genbin0_recobin6 acc 0.0679 eff 0.0 outinratio -0.0153 

ZH126_4e_massZ2_genbin0_recobin6 acc 0.0784 eff 0.0 outinratio 0.0821 

ttH126_4e_massZ2_genbin0_recobin6 acc 0.0728 eff 0.0 outinratio 0.2491 

ggH126_4e_massZ2_genbin1_recobin6 acc 0.0612 eff 0.0 outinratio 0.062 

VBFH126_4e_massZ2_genbin1_recobin6 acc 0.0683 eff 0.0 outinratio 0.0265 

WminusH126_4e_massZ2_genbin1_recobin6 acc 0.0486 eff 0.0022 outinratio 0.026 

WplusH126_4e_massZ2_genbin1_recobin6 acc 0.0511 eff 0.0 outinratio -0.0153 

ZH126_4e_massZ2_genbin1_recobin6 acc 0.0464 eff 0.0 outinratio 0.0821 

ttH126_4e_massZ2_genbin1_recobin6 acc 0.0481 eff 0.0002 outinratio 0.2491 

ggH126_4e_massZ2_genbin2_recobin6 acc 0.0367 eff 0.0 outinratio 0.062 

VBFH126_4e_massZ2_genbin2_recobin6 acc 0.0383 eff 0.0016 outinratio 0.0265 

WminusH126_4e_massZ2_genbin2_recobin6 acc 0.0294 eff 0.0 outinratio 0.026 

WplusH126_4e_massZ2_genbin2_recobin6 acc 0.0237 eff 0.0 outinratio -0.0153 

ZH126_4e_massZ2_genbin2_recobin6 acc 0.0258 eff 0.0 outinratio 0.0821 

ttH126_4e_massZ2_genbin2_recobin6 acc 0.0261 eff 0.0012 outinratio 0.2491 

ggH126_4e_massZ2_genbin3_recobin6 acc 0.0744 eff 0.0017 outinratio 0.062 

VBFH126_4e_massZ2_genbin3_recobin6 acc 0.079 eff 0.0 outinratio 0.0265 

WminusH126_4e_massZ2_genbin3_recobin6 acc 0.0593 eff 0.0 outinratio 0.026 

WplusH126_4e_massZ2_genbin3_recobin6 acc 0.0515 eff 0.0 outinratio -0.0153 

ZH126_4e_massZ2_genbin3_recobin6 acc 0.0598 eff 0.0012 outinratio 0.0821 

ttH126_4e_massZ2_genbin3_recobin6 acc 0.0564 eff 0.0005 outinratio 0.2491 

ggH126_4e_massZ2_genbin4_recobin6 acc 0.0316 eff 0.0 outinratio 0.062 

VBFH126_4e_massZ2_genbin4_recobin6 acc 0.0377 eff 0.0031 outinratio 0.0265 

WminusH126_4e_massZ2_genbin4_recobin6 acc 0.0286 eff 0.0 outinratio 0.026 

WplusH126_4e_massZ2_genbin4_recobin6 acc 0.0262 eff 0.0157 outinratio -0.0153 

ZH126_4e_massZ2_genbin4_recobin6 acc 0.0273 eff 0.0 outinratio 0.0821 

ttH126_4e_massZ2_genbin4_recobin6 acc 0.026 eff 0.0011 outinratio 0.2491 

ggH126_4e_massZ2_genbin5_recobin6 acc 0.0489 eff 0.0132 outinratio 0.062 

VBFH126_4e_massZ2_genbin5_recobin6 acc 0.049 eff 0.0127 outinratio 0.0265 

WminusH126_4e_massZ2_genbin5_recobin6 acc 0.037 eff 0.0386 outinratio 0.026 

WplusH126_4e_massZ2_genbin5_recobin6 acc 0.0368 eff 0.0064 outinratio -0.0153 

ZH126_4e_massZ2_genbin5_recobin6 acc 0.042 eff 0.0148 outinratio 0.0821 

ttH126_4e_massZ2_genbin5_recobin6 acc 0.036 eff 0.0186 outinratio 0.2491 

ggH126_4e_massZ2_genbin6_recobin6 acc 0.0393 eff 0.2777 outinratio 0.062 

VBFH126_4e_massZ2_genbin6_recobin6 acc 0.0405 eff 0.332 outinratio 0.0265 

WminusH126_4e_massZ2_genbin6_recobin6 acc 0.0317 eff 0.2525 outinratio 0.026 

WplusH126_4e_massZ2_genbin6_recobin6 acc 0.0266 eff 0.3545 outinratio -0.0153 

ZH126_4e_massZ2_genbin6_recobin6 acc 0.0335 eff 0.2863 outinratio 0.0821 

ttH126_4e_massZ2_genbin6_recobin6 acc 0.0292 eff 0.3085 outinratio 0.2491 

ggH126_4e_massZ2_genbin7_recobin6 acc 0.0188 eff 0.0338 outinratio 0.062 

VBFH126_4e_massZ2_genbin7_recobin6 acc 0.0246 eff 0.0718 outinratio 0.0265 

WminusH126_4e_massZ2_genbin7_recobin6 acc 0.0198 eff 0.0651 outinratio 0.026 

WplusH126_4e_massZ2_genbin7_recobin6 acc 0.0123 eff 0.0873 outinratio -0.0153 

ZH126_4e_massZ2_genbin7_recobin6 acc 0.0178 eff 0.0855 outinratio 0.0821 

ttH126_4e_massZ2_genbin7_recobin6 acc 0.0144 eff 0.0598 outinratio 0.2491 

ggH126_4e_massZ2_genbin0_recobin7 acc 0.0853 eff 0.0 outinratio 0.024 

VBFH126_4e_massZ2_genbin0_recobin7 acc 0.1 eff 0.0 outinratio 0.0234 

WminusH126_4e_massZ2_genbin0_recobin7 acc 0.0793 eff 0.0 outinratio 0.1078 

WplusH126_4e_massZ2_genbin0_recobin7 acc 0.0679 eff 0.0 outinratio 0.213 

ZH126_4e_massZ2_genbin0_recobin7 acc 0.0784 eff 0.0 outinratio 0.0313 

ttH126_4e_massZ2_genbin0_recobin7 acc 0.0728 eff 0.0007 outinratio 0.2174 

ggH126_4e_massZ2_genbin1_recobin7 acc 0.0612 eff 0.0 outinratio 0.024 

VBFH126_4e_massZ2_genbin1_recobin7 acc 0.0683 eff 0.0 outinratio 0.0234 

WminusH126_4e_massZ2_genbin1_recobin7 acc 0.0486 eff 0.0 outinratio 0.1078 

WplusH126_4e_massZ2_genbin1_recobin7 acc 0.0511 eff 0.0 outinratio 0.213 

ZH126_4e_massZ2_genbin1_recobin7 acc 0.0464 eff 0.0 outinratio 0.0313 

ttH126_4e_massZ2_genbin1_recobin7 acc 0.0481 eff 0.0 outinratio 0.2174 

ggH126_4e_massZ2_genbin2_recobin7 acc 0.0367 eff 0.0 outinratio 0.024 

VBFH126_4e_massZ2_genbin2_recobin7 acc 0.0383 eff 0.0 outinratio 0.0234 

WminusH126_4e_massZ2_genbin2_recobin7 acc 0.0294 eff 0.0 outinratio 0.1078 

WplusH126_4e_massZ2_genbin2_recobin7 acc 0.0237 eff 0.0 outinratio 0.213 

ZH126_4e_massZ2_genbin2_recobin7 acc 0.0258 eff 0.0 outinratio 0.0313 

ttH126_4e_massZ2_genbin2_recobin7 acc 0.0261 eff 0.0 outinratio 0.2174 

ggH126_4e_massZ2_genbin3_recobin7 acc 0.0744 eff 0.0 outinratio 0.024 

VBFH126_4e_massZ2_genbin3_recobin7 acc 0.079 eff 0.0 outinratio 0.0234 

WminusH126_4e_massZ2_genbin3_recobin7 acc 0.0593 eff 0.0 outinratio 0.1078 

WplusH126_4e_massZ2_genbin3_recobin7 acc 0.0515 eff 0.0 outinratio 0.213 

ZH126_4e_massZ2_genbin3_recobin7 acc 0.0598 eff 0.0 outinratio 0.0313 

ttH126_4e_massZ2_genbin3_recobin7 acc 0.0564 eff 0.0 outinratio 0.2174 

ggH126_4e_massZ2_genbin4_recobin7 acc 0.0316 eff 0.0 outinratio 0.024 

VBFH126_4e_massZ2_genbin4_recobin7 acc 0.0377 eff 0.0 outinratio 0.0234 

WminusH126_4e_massZ2_genbin4_recobin7 acc 0.0286 eff 0.0 outinratio 0.1078 

WplusH126_4e_massZ2_genbin4_recobin7 acc 0.0262 eff 0.0 outinratio 0.213 

ZH126_4e_massZ2_genbin4_recobin7 acc 0.0273 eff 0.0 outinratio 0.0313 

ttH126_4e_massZ2_genbin4_recobin7 acc 0.026 eff 0.0 outinratio 0.2174 

ggH126_4e_massZ2_genbin5_recobin7 acc 0.0489 eff 0.0 outinratio 0.024 

VBFH126_4e_massZ2_genbin5_recobin7 acc 0.049 eff 0.0 outinratio 0.0234 

WminusH126_4e_massZ2_genbin5_recobin7 acc 0.037 eff 0.0055 outinratio 0.1078 

WplusH126_4e_massZ2_genbin5_recobin7 acc 0.0368 eff 0.0 outinratio 0.213 

ZH126_4e_massZ2_genbin5_recobin7 acc 0.042 eff 0.0072 outinratio 0.0313 

ttH126_4e_massZ2_genbin5_recobin7 acc 0.036 eff 0.0013 outinratio 0.2174 

ggH126_4e_massZ2_genbin6_recobin7 acc 0.0393 eff 0.0202 outinratio 0.024 

VBFH126_4e_massZ2_genbin6_recobin7 acc 0.0405 eff 0.0137 outinratio 0.0234 

WminusH126_4e_massZ2_genbin6_recobin7 acc 0.0317 eff 0.0015 outinratio 0.1078 

WplusH126_4e_massZ2_genbin6_recobin7 acc 0.0266 eff 0.0 outinratio 0.213 

ZH126_4e_massZ2_genbin6_recobin7 acc 0.0335 eff 0.0139 outinratio 0.0313 

ttH126_4e_massZ2_genbin6_recobin7 acc 0.0292 eff 0.0154 outinratio 0.2174 

ggH126_4e_massZ2_genbin7_recobin7 acc 0.0188 eff 0.3661 outinratio 0.024 

VBFH126_4e_massZ2_genbin7_recobin7 acc 0.0246 eff 0.3232 outinratio 0.0234 

WminusH126_4e_massZ2_genbin7_recobin7 acc 0.0198 eff 0.303 outinratio 0.1078 

WplusH126_4e_massZ2_genbin7_recobin7 acc 0.0123 eff 0.2141 outinratio 0.213 

ZH126_4e_massZ2_genbin7_recobin7 acc 0.0178 eff 0.3755 outinratio 0.0313 

ttH126_4e_massZ2_genbin7_recobin7 acc 0.0144 eff 0.3094 outinratio 0.2174 

ggH126_4mu_massZ2_genbin0_recobin0 acc 0.0979 eff 0.7701 outinratio 0.0501 

VBFH126_4mu_massZ2_genbin0_recobin0 acc 0.118 eff 0.7917 outinratio 0.0365 

WminusH126_4mu_massZ2_genbin0_recobin0 acc 0.0914 eff 0.7051 outinratio 0.0917 

WplusH126_4mu_massZ2_genbin0_recobin0 acc 0.0922 eff 0.7767 outinratio 0.0736 

ZH126_4mu_massZ2_genbin0_recobin0 acc 0.0926 eff 0.7696 outinratio 0.0975 

ttH126_4mu_massZ2_genbin0_recobin0 acc 0.0875 eff 0.7535 outinratio 0.1448 

ggH126_4mu_massZ2_genbin1_recobin0 acc 0.0702 eff 0.0346 outinratio 0.0501 

VBFH126_4mu_massZ2_genbin1_recobin0 acc 0.0774 eff 0.035 outinratio 0.0365 

WminusH126_4mu_massZ2_genbin1_recobin0 acc 0.0584 eff 0.0483 outinratio 0.0917 

WplusH126_4mu_massZ2_genbin1_recobin0 acc 0.0455 eff 0.0427 outinratio 0.0736 

ZH126_4mu_massZ2_genbin1_recobin0 acc 0.0574 eff 0.0712 outinratio 0.0975 

ttH126_4mu_massZ2_genbin1_recobin0 acc 0.0512 eff 0.0316 outinratio 0.1448 

ggH126_4mu_massZ2_genbin2_recobin0 acc 0.0373 eff 0.0091 outinratio 0.0501 

VBFH126_4mu_massZ2_genbin2_recobin0 acc 0.0451 eff 0.0009 outinratio 0.0365 

WminusH126_4mu_massZ2_genbin2_recobin0 acc 0.034 eff 0.0083 outinratio 0.0917 

WplusH126_4mu_massZ2_genbin2_recobin0 acc 0.0322 eff 0.0 outinratio 0.0736 

ZH126_4mu_massZ2_genbin2_recobin0 acc 0.0304 eff 0.0 outinratio 0.0975 

ttH126_4mu_massZ2_genbin2_recobin0 acc 0.0292 eff 0.0043 outinratio 0.1448 

ggH126_4mu_massZ2_genbin3_recobin0 acc 0.0795 eff 0.0013 outinratio 0.0501 

VBFH126_4mu_massZ2_genbin3_recobin0 acc 0.0867 eff 0.0006 outinratio 0.0365 

WminusH126_4mu_massZ2_genbin3_recobin0 acc 0.069 eff 0.0 outinratio 0.0917 

WplusH126_4mu_massZ2_genbin3_recobin0 acc 0.062 eff 0.0 outinratio 0.0736 

ZH126_4mu_massZ2_genbin3_recobin0 acc 0.0686 eff 0.0015 outinratio 0.0975 

ttH126_4mu_massZ2_genbin3_recobin0 acc 0.0631 eff 0.0028 outinratio 0.1448 

ggH126_4mu_massZ2_genbin4_recobin0 acc 0.0355 eff 0.0 outinratio 0.0501 

VBFH126_4mu_massZ2_genbin4_recobin0 acc 0.0385 eff 0.0014 outinratio 0.0365 

WminusH126_4mu_massZ2_genbin4_recobin0 acc 0.0277 eff 0.0 outinratio 0.0917 

WplusH126_4mu_massZ2_genbin4_recobin0 acc 0.0246 eff 0.0 outinratio 0.0736 

ZH126_4mu_massZ2_genbin4_recobin0 acc 0.0331 eff 0.0 outinratio 0.0975 

ttH126_4mu_massZ2_genbin4_recobin0 acc 0.0252 eff 0.002 outinratio 0.1448 

ggH126_4mu_massZ2_genbin5_recobin0 acc 0.0465 eff 0.0 outinratio 0.0501 

VBFH126_4mu_massZ2_genbin5_recobin0 acc 0.0506 eff 0.0008 outinratio 0.0365 

WminusH126_4mu_massZ2_genbin5_recobin0 acc 0.0418 eff 0.0 outinratio 0.0917 

WplusH126_4mu_massZ2_genbin5_recobin0 acc 0.0386 eff 0.0 outinratio 0.0736 

ZH126_4mu_massZ2_genbin5_recobin0 acc 0.0356 eff 0.0 outinratio 0.0975 

ttH126_4mu_massZ2_genbin5_recobin0 acc 0.0363 eff 0.0023 outinratio 0.1448 

ggH126_4mu_massZ2_genbin6_recobin0 acc 0.0385 eff 0.0104 outinratio 0.0501 

VBFH126_4mu_massZ2_genbin6_recobin0 acc 0.0452 eff 0.0018 outinratio 0.0365 

WminusH126_4mu_massZ2_genbin6_recobin0 acc 0.0358 eff 0.0 outinratio 0.0917 

WplusH126_4mu_massZ2_genbin6_recobin0 acc 0.0314 eff 0.0 outinratio 0.0736 

ZH126_4mu_massZ2_genbin6_recobin0 acc 0.03 eff 0.0 outinratio 0.0975 

ttH126_4mu_massZ2_genbin6_recobin0 acc 0.0321 eff 0.0 outinratio 0.1448 

ggH126_4mu_massZ2_genbin7_recobin0 acc 0.0181 eff 0.022 outinratio 0.0501 

VBFH126_4mu_massZ2_genbin7_recobin0 acc 0.0196 eff 0.002 outinratio 0.0365 

WminusH126_4mu_massZ2_genbin7_recobin0 acc 0.0194 eff 0.0 outinratio 0.0917 

WplusH126_4mu_massZ2_genbin7_recobin0 acc 0.0133 eff 0.0 outinratio 0.0736 

ZH126_4mu_massZ2_genbin7_recobin0 acc 0.0164 eff 0.0 outinratio 0.0975 

ttH126_4mu_massZ2_genbin7_recobin0 acc 0.0174 eff 0.0 outinratio 0.1448 

ggH126_4mu_massZ2_genbin0_recobin1 acc 0.0979 eff 0.0105 outinratio 0.0356 

VBFH126_4mu_massZ2_genbin0_recobin1 acc 0.118 eff 0.0146 outinratio 0.0297 

WminusH126_4mu_massZ2_genbin0_recobin1 acc 0.0914 eff 0.0162 outinratio 0.051 

WplusH126_4mu_massZ2_genbin0_recobin1 acc 0.0922 eff 0.0048 outinratio 0.1354 

ZH126_4mu_massZ2_genbin0_recobin1 acc 0.0926 eff 0.008 outinratio 0.0759 

ttH126_4mu_massZ2_genbin0_recobin1 acc 0.0875 eff 0.0172 outinratio 0.171 

ggH126_4mu_massZ2_genbin1_recobin1 acc 0.0702 eff 0.7351 outinratio 0.0356 

VBFH126_4mu_massZ2_genbin1_recobin1 acc 0.0774 eff 0.7187 outinratio 0.0297 

WminusH126_4mu_massZ2_genbin1_recobin1 acc 0.0584 eff 0.6992 outinratio 0.051 

WplusH126_4mu_massZ2_genbin1_recobin1 acc 0.0455 eff 0.6106 outinratio 0.1354 

ZH126_4mu_massZ2_genbin1_recobin1 acc 0.0574 eff 0.6733 outinratio 0.0759 

ttH126_4mu_massZ2_genbin1_recobin1 acc 0.0512 eff 0.6934 outinratio 0.171 

ggH126_4mu_massZ2_genbin2_recobin1 acc 0.0373 eff 0.0764 outinratio 0.0356 

VBFH126_4mu_massZ2_genbin2_recobin1 acc 0.0451 eff 0.07 outinratio 0.0297 

WminusH126_4mu_massZ2_genbin2_recobin1 acc 0.034 eff 0.0608 outinratio 0.051 

WplusH126_4mu_massZ2_genbin2_recobin1 acc 0.0322 eff 0.0567 outinratio 0.1354 

ZH126_4mu_massZ2_genbin2_recobin1 acc 0.0304 eff 0.0597 outinratio 0.0759 

ttH126_4mu_massZ2_genbin2_recobin1 acc 0.0292 eff 0.0829 outinratio 0.171 

ggH126_4mu_massZ2_genbin3_recobin1 acc 0.0795 eff 0.0006 outinratio 0.0356 

VBFH126_4mu_massZ2_genbin3_recobin1 acc 0.0867 eff 0.0053 outinratio 0.0297 

WminusH126_4mu_massZ2_genbin3_recobin1 acc 0.069 eff 0.0116 outinratio 0.051 

WplusH126_4mu_massZ2_genbin3_recobin1 acc 0.062 eff 0.0032 outinratio 0.1354 

ZH126_4mu_massZ2_genbin3_recobin1 acc 0.0686 eff 0.0036 outinratio 0.0759 

ttH126_4mu_massZ2_genbin3_recobin1 acc 0.0631 eff 0.0105 outinratio 0.171 

ggH126_4mu_massZ2_genbin4_recobin1 acc 0.0355 eff 0.0 outinratio 0.0356 

VBFH126_4mu_massZ2_genbin4_recobin1 acc 0.0385 eff 0.0014 outinratio 0.0297 

WminusH126_4mu_massZ2_genbin4_recobin1 acc 0.0277 eff 0.0058 outinratio 0.051 

WplusH126_4mu_massZ2_genbin4_recobin1 acc 0.0246 eff 0.0 outinratio 0.1354 

ZH126_4mu_massZ2_genbin4_recobin1 acc 0.0331 eff 0.0 outinratio 0.0759 

ttH126_4mu_massZ2_genbin4_recobin1 acc 0.0252 eff 0.0014 outinratio 0.171 

ggH126_4mu_massZ2_genbin5_recobin1 acc 0.0465 eff 0.0 outinratio 0.0356 

VBFH126_4mu_massZ2_genbin5_recobin1 acc 0.0506 eff 0.0018 outinratio 0.0297 

WminusH126_4mu_massZ2_genbin5_recobin1 acc 0.0418 eff 0.0 outinratio 0.051 

WplusH126_4mu_massZ2_genbin5_recobin1 acc 0.0386 eff 0.0044 outinratio 0.1354 

ZH126_4mu_massZ2_genbin5_recobin1 acc 0.0356 eff 0.0 outinratio 0.0759 

ttH126_4mu_massZ2_genbin5_recobin1 acc 0.0363 eff 0.0018 outinratio 0.171 

ggH126_4mu_massZ2_genbin6_recobin1 acc 0.0385 eff 0.0 outinratio 0.0356 

VBFH126_4mu_massZ2_genbin6_recobin1 acc 0.0452 eff 0.0 outinratio 0.0297 

WminusH126_4mu_massZ2_genbin6_recobin1 acc 0.0358 eff 0.0 outinratio 0.051 

WplusH126_4mu_massZ2_genbin6_recobin1 acc 0.0314 eff 0.0 outinratio 0.1354 

ZH126_4mu_massZ2_genbin6_recobin1 acc 0.03 eff 0.0 outinratio 0.0759 

ttH126_4mu_massZ2_genbin6_recobin1 acc 0.0321 eff 0.0045 outinratio 0.171 

ggH126_4mu_massZ2_genbin7_recobin1 acc 0.0181 eff 0.0 outinratio 0.0356 

VBFH126_4mu_massZ2_genbin7_recobin1 acc 0.0196 eff 0.0 outinratio 0.0297 

WminusH126_4mu_massZ2_genbin7_recobin1 acc 0.0194 eff 0.0 outinratio 0.051 

WplusH126_4mu_massZ2_genbin7_recobin1 acc 0.0133 eff 0.0 outinratio 0.1354 

ZH126_4mu_massZ2_genbin7_recobin1 acc 0.0164 eff 0.0 outinratio 0.0759 

ttH126_4mu_massZ2_genbin7_recobin1 acc 0.0174 eff 0.0 outinratio 0.171 

ggH126_4mu_massZ2_genbin0_recobin2 acc 0.0979 eff 0.0 outinratio 0.063 

VBFH126_4mu_massZ2_genbin0_recobin2 acc 0.118 eff 0.0 outinratio 0.0403 

WminusH126_4mu_massZ2_genbin0_recobin2 acc 0.0914 eff 0.0 outinratio 0.0846 

WplusH126_4mu_massZ2_genbin0_recobin2 acc 0.0922 eff 0.0 outinratio 0.0211 

ZH126_4mu_massZ2_genbin0_recobin2 acc 0.0926 eff 0.0011 outinratio 0.085 

ttH126_4mu_massZ2_genbin0_recobin2 acc 0.0875 eff 0.0 outinratio 0.1332 

ggH126_4mu_massZ2_genbin1_recobin2 acc 0.0702 eff 0.0309 outinratio 0.063 

VBFH126_4mu_massZ2_genbin1_recobin2 acc 0.0774 eff 0.0265 outinratio 0.0403 

WminusH126_4mu_massZ2_genbin1_recobin2 acc 0.0584 eff 0.0331 outinratio 0.0846 

WplusH126_4mu_massZ2_genbin1_recobin2 acc 0.0455 eff 0.0646 outinratio 0.0211 

ZH126_4mu_massZ2_genbin1_recobin2 acc 0.0574 eff 0.0265 outinratio 0.085 

ttH126_4mu_massZ2_genbin1_recobin2 acc 0.0512 eff 0.0258 outinratio 0.1332 

ggH126_4mu_massZ2_genbin2_recobin2 acc 0.0373 eff 0.6872 outinratio 0.063 

VBFH126_4mu_massZ2_genbin2_recobin2 acc 0.0451 eff 0.7057 outinratio 0.0403 

WminusH126_4mu_massZ2_genbin2_recobin2 acc 0.034 eff 0.6305 outinratio 0.0846 

WplusH126_4mu_massZ2_genbin2_recobin2 acc 0.0322 eff 0.5903 outinratio 0.0211 

ZH126_4mu_massZ2_genbin2_recobin2 acc 0.0304 eff 0.6921 outinratio 0.085 

ttH126_4mu_massZ2_genbin2_recobin2 acc 0.0292 eff 0.6461 outinratio 0.1332 

ggH126_4mu_massZ2_genbin3_recobin2 acc 0.0795 eff 0.0459 outinratio 0.063 

VBFH126_4mu_massZ2_genbin3_recobin2 acc 0.0867 eff 0.0457 outinratio 0.0403 

WminusH126_4mu_massZ2_genbin3_recobin2 acc 0.069 eff 0.0474 outinratio 0.0846 

WplusH126_4mu_massZ2_genbin3_recobin2 acc 0.062 eff 0.067 outinratio 0.0211 

ZH126_4mu_massZ2_genbin3_recobin2 acc 0.0686 eff 0.0487 outinratio 0.085 

ttH126_4mu_massZ2_genbin3_recobin2 acc 0.0631 eff 0.0376 outinratio 0.1332 

ggH126_4mu_massZ2_genbin4_recobin2 acc 0.0355 eff 0.0 outinratio 0.063 

VBFH126_4mu_massZ2_genbin4_recobin2 acc 0.0385 eff 0.0032 outinratio 0.0403 

WminusH126_4mu_massZ2_genbin4_recobin2 acc 0.0277 eff 0.0 outinratio 0.0846 

WplusH126_4mu_massZ2_genbin4_recobin2 acc 0.0246 eff 0.0 outinratio 0.0211 

ZH126_4mu_massZ2_genbin4_recobin2 acc 0.0331 eff 0.0 outinratio 0.085 

ttH126_4mu_massZ2_genbin4_recobin2 acc 0.0252 eff 0.004 outinratio 0.1332 

ggH126_4mu_massZ2_genbin5_recobin2 acc 0.0465 eff 0.0 outinratio 0.063 

VBFH126_4mu_massZ2_genbin5_recobin2 acc 0.0506 eff 0.0021 outinratio 0.0403 

WminusH126_4mu_massZ2_genbin5_recobin2 acc 0.0418 eff 0.0 outinratio 0.0846 

WplusH126_4mu_massZ2_genbin5_recobin2 acc 0.0386 eff 0.0176 outinratio 0.0211 

ZH126_4mu_massZ2_genbin5_recobin2 acc 0.0356 eff 0.0 outinratio 0.085 

ttH126_4mu_massZ2_genbin5_recobin2 acc 0.0363 eff 0.001 outinratio 0.1332 

ggH126_4mu_massZ2_genbin6_recobin2 acc 0.0385 eff 0.0056 outinratio 0.063 

VBFH126_4mu_massZ2_genbin6_recobin2 acc 0.0452 eff 0.0 outinratio 0.0403 

WminusH126_4mu_massZ2_genbin6_recobin2 acc 0.0358 eff 0.0 outinratio 0.0846 

WplusH126_4mu_massZ2_genbin6_recobin2 acc 0.0314 eff 0.0 outinratio 0.0211 

ZH126_4mu_massZ2_genbin6_recobin2 acc 0.03 eff 0.0 outinratio 0.085 

ttH126_4mu_massZ2_genbin6_recobin2 acc 0.0321 eff 0.0 outinratio 0.1332 

ggH126_4mu_massZ2_genbin7_recobin2 acc 0.0181 eff 0.0 outinratio 0.063 

VBFH126_4mu_massZ2_genbin7_recobin2 acc 0.0196 eff 0.0008 outinratio 0.0403 

WminusH126_4mu_massZ2_genbin7_recobin2 acc 0.0194 eff 0.0 outinratio 0.0846 

WplusH126_4mu_massZ2_genbin7_recobin2 acc 0.0133 eff 0.0 outinratio 0.0211 

ZH126_4mu_massZ2_genbin7_recobin2 acc 0.0164 eff 0.0 outinratio 0.085 

ttH126_4mu_massZ2_genbin7_recobin2 acc 0.0174 eff 0.0 outinratio 0.1332 

ggH126_4mu_massZ2_genbin0_recobin3 acc 0.0979 eff 0.0 outinratio 0.0555 

VBFH126_4mu_massZ2_genbin0_recobin3 acc 0.118 eff 0.0 outinratio 0.0281 

WminusH126_4mu_massZ2_genbin0_recobin3 acc 0.0914 eff 0.0 outinratio 0.0864 

WplusH126_4mu_massZ2_genbin0_recobin3 acc 0.0922 eff 0.0 outinratio 0.04 

ZH126_4mu_massZ2_genbin0_recobin3 acc 0.0926 eff 0.001 outinratio 0.04 

ttH126_4mu_massZ2_genbin0_recobin3 acc 0.0875 eff 0.0029 outinratio 0.1406 

ggH126_4mu_massZ2_genbin1_recobin3 acc 0.0702 eff 0.0009 outinratio 0.0555 

VBFH126_4mu_massZ2_genbin1_recobin3 acc 0.0774 eff 0.0012 outinratio 0.0281 

WminusH126_4mu_massZ2_genbin1_recobin3 acc 0.0584 eff 0.0027 outinratio 0.0864 

WplusH126_4mu_massZ2_genbin1_recobin3 acc 0.0455 eff 0.0 outinratio 0.04 

ZH126_4mu_massZ2_genbin1_recobin3 acc 0.0574 eff 0.0 outinratio 0.04 

ttH126_4mu_massZ2_genbin1_recobin3 acc 0.0512 eff 0.0007 outinratio 0.1406 

ggH126_4mu_massZ2_genbin2_recobin3 acc 0.0373 eff 0.0512 outinratio 0.0555 

VBFH126_4mu_massZ2_genbin2_recobin3 acc 0.0451 eff 0.0486 outinratio 0.0281 

WminusH126_4mu_massZ2_genbin2_recobin3 acc 0.034 eff 0.0504 outinratio 0.0864 

WplusH126_4mu_massZ2_genbin2_recobin3 acc 0.0322 eff 0.0416 outinratio 0.04 

ZH126_4mu_massZ2_genbin2_recobin3 acc 0.0304 eff 0.0677 outinratio 0.04 

ttH126_4mu_massZ2_genbin2_recobin3 acc 0.0292 eff 0.0343 outinratio 0.1406 

ggH126_4mu_massZ2_genbin3_recobin3 acc 0.0795 eff 0.7134 outinratio 0.0555 

VBFH126_4mu_massZ2_genbin3_recobin3 acc 0.0867 eff 0.751 outinratio 0.0281 

WminusH126_4mu_massZ2_genbin3_recobin3 acc 0.069 eff 0.7207 outinratio 0.0864 

WplusH126_4mu_massZ2_genbin3_recobin3 acc 0.062 eff 0.6843 outinratio 0.04 

ZH126_4mu_massZ2_genbin3_recobin3 acc 0.0686 eff 0.7113 outinratio 0.04 

ttH126_4mu_massZ2_genbin3_recobin3 acc 0.0631 eff 0.7015 outinratio 0.1406 

ggH126_4mu_massZ2_genbin4_recobin3 acc 0.0355 eff 0.1188 outinratio 0.0555 

VBFH126_4mu_massZ2_genbin4_recobin3 acc 0.0385 eff 0.095 outinratio 0.0281 

WminusH126_4mu_massZ2_genbin4_recobin3 acc 0.0277 eff 0.1096 outinratio 0.0864 

WplusH126_4mu_massZ2_genbin4_recobin3 acc 0.0246 eff 0.0874 outinratio 0.04 

ZH126_4mu_massZ2_genbin4_recobin3 acc 0.0331 eff 0.0999 outinratio 0.04 

ttH126_4mu_massZ2_genbin4_recobin3 acc 0.0252 eff 0.101 outinratio 0.1406 

ggH126_4mu_massZ2_genbin5_recobin3 acc 0.0465 eff 0.006 outinratio 0.0555 

VBFH126_4mu_massZ2_genbin5_recobin3 acc 0.0506 eff 0.0141 outinratio 0.0281 

WminusH126_4mu_massZ2_genbin5_recobin3 acc 0.0418 eff 0.0063 outinratio 0.0864 

WplusH126_4mu_massZ2_genbin5_recobin3 acc 0.0386 eff 0.0572 outinratio 0.04 

ZH126_4mu_massZ2_genbin5_recobin3 acc 0.0356 eff 0.01 outinratio 0.04 

ttH126_4mu_massZ2_genbin5_recobin3 acc 0.0363 eff 0.0125 outinratio 0.1406 

ggH126_4mu_massZ2_genbin6_recobin3 acc 0.0385 eff 0.0 outinratio 0.0555 

VBFH126_4mu_massZ2_genbin6_recobin3 acc 0.0452 eff 0.0044 outinratio 0.0281 

WminusH126_4mu_massZ2_genbin6_recobin3 acc 0.0358 eff 0.0025 outinratio 0.0864 

WplusH126_4mu_massZ2_genbin6_recobin3 acc 0.0314 eff 0.0509 outinratio 0.04 

ZH126_4mu_massZ2_genbin6_recobin3 acc 0.03 eff 0.0 outinratio 0.04 

ttH126_4mu_massZ2_genbin6_recobin3 acc 0.0321 eff 0.0005 outinratio 0.1406 

ggH126_4mu_massZ2_genbin7_recobin3 acc 0.0181 eff 0.0 outinratio 0.0555 

VBFH126_4mu_massZ2_genbin7_recobin3 acc 0.0196 eff 0.0012 outinratio 0.0281 

WminusH126_4mu_massZ2_genbin7_recobin3 acc 0.0194 eff 0.0 outinratio 0.0864 

WplusH126_4mu_massZ2_genbin7_recobin3 acc 0.0133 eff 0.0 outinratio 0.04 

ZH126_4mu_massZ2_genbin7_recobin3 acc 0.0164 eff 0.0 outinratio 0.04 

ttH126_4mu_massZ2_genbin7_recobin3 acc 0.0174 eff 0.0 outinratio 0.1406 

ggH126_4mu_massZ2_genbin0_recobin4 acc 0.0979 eff 0.0016 outinratio 0.0331 

VBFH126_4mu_massZ2_genbin0_recobin4 acc 0.118 eff 0.0007 outinratio 0.0325 

WminusH126_4mu_massZ2_genbin0_recobin4 acc 0.0914 eff 0.0008 outinratio 0.077 

WplusH126_4mu_massZ2_genbin0_recobin4 acc 0.0922 eff 0.0 outinratio 0.0316 

ZH126_4mu_massZ2_genbin0_recobin4 acc 0.0926 eff 0.0016 outinratio 0.0642 

ttH126_4mu_massZ2_genbin0_recobin4 acc 0.0875 eff 0.0021 outinratio 0.1153 

ggH126_4mu_massZ2_genbin1_recobin4 acc 0.0702 eff 0.0 outinratio 0.0331 

VBFH126_4mu_massZ2_genbin1_recobin4 acc 0.0774 eff 0.001 outinratio 0.0325 

WminusH126_4mu_massZ2_genbin1_recobin4 acc 0.0584 eff 0.0 outinratio 0.077 

WplusH126_4mu_massZ2_genbin1_recobin4 acc 0.0455 eff 0.0 outinratio 0.0316 

ZH126_4mu_massZ2_genbin1_recobin4 acc 0.0574 eff 0.0 outinratio 0.0642 

ttH126_4mu_massZ2_genbin1_recobin4 acc 0.0512 eff 0.0009 outinratio 0.1153 

ggH126_4mu_massZ2_genbin2_recobin4 acc 0.0373 eff 0.0 outinratio 0.0331 

VBFH126_4mu_massZ2_genbin2_recobin4 acc 0.0451 eff 0.002 outinratio 0.0325 

WminusH126_4mu_massZ2_genbin2_recobin4 acc 0.034 eff 0.0 outinratio 0.077 

WplusH126_4mu_massZ2_genbin2_recobin4 acc 0.0322 eff 0.0 outinratio 0.0316 

ZH126_4mu_massZ2_genbin2_recobin4 acc 0.0304 eff 0.0 outinratio 0.0642 

ttH126_4mu_massZ2_genbin2_recobin4 acc 0.0292 eff 0.0 outinratio 0.1153 

ggH126_4mu_massZ2_genbin3_recobin4 acc 0.0795 eff 0.0205 outinratio 0.0331 

VBFH126_4mu_massZ2_genbin3_recobin4 acc 0.0867 eff 0.034 outinratio 0.0325 

WminusH126_4mu_massZ2_genbin3_recobin4 acc 0.069 eff 0.0165 outinratio 0.077 

WplusH126_4mu_massZ2_genbin3_recobin4 acc 0.062 eff 0.0294 outinratio 0.0316 

ZH126_4mu_massZ2_genbin3_recobin4 acc 0.0686 eff 0.0515 outinratio 0.0642 

ttH126_4mu_massZ2_genbin3_recobin4 acc 0.0631 eff 0.028 outinratio 0.1153 

ggH126_4mu_massZ2_genbin4_recobin4 acc 0.0355 eff 0.6542 outinratio 0.0331 

VBFH126_4mu_massZ2_genbin4_recobin4 acc 0.0385 eff 0.6614 outinratio 0.0325 

WminusH126_4mu_massZ2_genbin4_recobin4 acc 0.0277 eff 0.6604 outinratio 0.077 

WplusH126_4mu_massZ2_genbin4_recobin4 acc 0.0246 eff 0.6052 outinratio 0.0316 

ZH126_4mu_massZ2_genbin4_recobin4 acc 0.0331 eff 0.6822 outinratio 0.0642 

ttH126_4mu_massZ2_genbin4_recobin4 acc 0.0252 eff 0.6651 outinratio 0.1153 

ggH126_4mu_massZ2_genbin5_recobin4 acc 0.0465 eff 0.0533 outinratio 0.0331 

VBFH126_4mu_massZ2_genbin5_recobin4 acc 0.0506 eff 0.0547 outinratio 0.0325 

WminusH126_4mu_massZ2_genbin5_recobin4 acc 0.0418 eff 0.0401 outinratio 0.077 

WplusH126_4mu_massZ2_genbin5_recobin4 acc 0.0386 eff 0.0568 outinratio 0.0316 

ZH126_4mu_massZ2_genbin5_recobin4 acc 0.0356 eff 0.0453 outinratio 0.0642 

ttH126_4mu_massZ2_genbin5_recobin4 acc 0.0363 eff 0.0522 outinratio 0.1153 

ggH126_4mu_massZ2_genbin6_recobin4 acc 0.0385 eff 0.0 outinratio 0.0331 

VBFH126_4mu_massZ2_genbin6_recobin4 acc 0.0452 eff 0.0 outinratio 0.0325 

WminusH126_4mu_massZ2_genbin6_recobin4 acc 0.0358 eff 0.0 outinratio 0.077 

WplusH126_4mu_massZ2_genbin6_recobin4 acc 0.0314 eff 0.0 outinratio 0.0316 

ZH126_4mu_massZ2_genbin6_recobin4 acc 0.03 eff 0.01 outinratio 0.0642 

ttH126_4mu_massZ2_genbin6_recobin4 acc 0.0321 eff 0.0 outinratio 0.1153 

ggH126_4mu_massZ2_genbin7_recobin4 acc 0.0181 eff 0.0 outinratio 0.0331 

VBFH126_4mu_massZ2_genbin7_recobin4 acc 0.0196 eff 0.0 outinratio 0.0325 

WminusH126_4mu_massZ2_genbin7_recobin4 acc 0.0194 eff 0.0 outinratio 0.077 

WplusH126_4mu_massZ2_genbin7_recobin4 acc 0.0133 eff 0.0 outinratio 0.0316 

ZH126_4mu_massZ2_genbin7_recobin4 acc 0.0164 eff 0.0 outinratio 0.0642 

ttH126_4mu_massZ2_genbin7_recobin4 acc 0.0174 eff 0.0 outinratio 0.1153 

ggH126_4mu_massZ2_genbin0_recobin5 acc 0.0979 eff 0.001 outinratio 0.0391 

VBFH126_4mu_massZ2_genbin0_recobin5 acc 0.118 eff 0.002 outinratio 0.0338 

WminusH126_4mu_massZ2_genbin0_recobin5 acc 0.0914 eff 0.0 outinratio 0.0648 

WplusH126_4mu_massZ2_genbin0_recobin5 acc 0.0922 eff 0.0 outinratio 0.0191 

ZH126_4mu_massZ2_genbin0_recobin5 acc 0.0926 eff 0.0 outinratio 0.0703 

ttH126_4mu_massZ2_genbin0_recobin5 acc 0.0875 eff 0.0 outinratio 0.1884 

ggH126_4mu_massZ2_genbin1_recobin5 acc 0.0702 eff 0.0 outinratio 0.0391 

VBFH126_4mu_massZ2_genbin1_recobin5 acc 0.0774 eff 0.0 outinratio 0.0338 

WminusH126_4mu_massZ2_genbin1_recobin5 acc 0.0584 eff 0.0103 outinratio 0.0648 

WplusH126_4mu_massZ2_genbin1_recobin5 acc 0.0455 eff 0.0 outinratio 0.0191 

ZH126_4mu_massZ2_genbin1_recobin5 acc 0.0574 eff 0.0009 outinratio 0.0703 

ttH126_4mu_massZ2_genbin1_recobin5 acc 0.0512 eff 0.0 outinratio 0.1884 

ggH126_4mu_massZ2_genbin2_recobin5 acc 0.0373 eff 0.0 outinratio 0.0391 

VBFH126_4mu_massZ2_genbin2_recobin5 acc 0.0451 eff 0.0005 outinratio 0.0338 

WminusH126_4mu_massZ2_genbin2_recobin5 acc 0.034 eff 0.0 outinratio 0.0648 

WplusH126_4mu_massZ2_genbin2_recobin5 acc 0.0322 eff 0.0 outinratio 0.0191 

ZH126_4mu_massZ2_genbin2_recobin5 acc 0.0304 eff 0.0043 outinratio 0.0703 

ttH126_4mu_massZ2_genbin2_recobin5 acc 0.0292 eff 0.0 outinratio 0.1884 

ggH126_4mu_massZ2_genbin3_recobin5 acc 0.0795 eff 0.0 outinratio 0.0391 

VBFH126_4mu_massZ2_genbin3_recobin5 acc 0.0867 eff 0.0022 outinratio 0.0338 

WminusH126_4mu_massZ2_genbin3_recobin5 acc 0.069 eff 0.0064 outinratio 0.0648 

WplusH126_4mu_massZ2_genbin3_recobin5 acc 0.062 eff 0.0 outinratio 0.0191 

ZH126_4mu_massZ2_genbin3_recobin5 acc 0.0686 eff 0.0051 outinratio 0.0703 

ttH126_4mu_massZ2_genbin3_recobin5 acc 0.0631 eff 0.0015 outinratio 0.1884 

ggH126_4mu_massZ2_genbin4_recobin5 acc 0.0355 eff 0.0398 outinratio 0.0391 

VBFH126_4mu_massZ2_genbin4_recobin5 acc 0.0385 eff 0.0562 outinratio 0.0338 

WminusH126_4mu_massZ2_genbin4_recobin5 acc 0.0277 eff 0.0219 outinratio 0.0648 

WplusH126_4mu_massZ2_genbin4_recobin5 acc 0.0246 eff 0.1499 outinratio 0.0191 

ZH126_4mu_massZ2_genbin4_recobin5 acc 0.0331 eff 0.0378 outinratio 0.0703 

ttH126_4mu_massZ2_genbin4_recobin5 acc 0.0252 eff 0.0445 outinratio 0.1884 

ggH126_4mu_massZ2_genbin5_recobin5 acc 0.0465 eff 0.7097 outinratio 0.0391 

VBFH126_4mu_massZ2_genbin5_recobin5 acc 0.0506 eff 0.7359 outinratio 0.0338 

WminusH126_4mu_massZ2_genbin5_recobin5 acc 0.0418 eff 0.7666 outinratio 0.0648 

WplusH126_4mu_massZ2_genbin5_recobin5 acc 0.0386 eff 0.6789 outinratio 0.0191 

ZH126_4mu_massZ2_genbin5_recobin5 acc 0.0356 eff 0.7383 outinratio 0.0703 

ttH126_4mu_massZ2_genbin5_recobin5 acc 0.0363 eff 0.7227 outinratio 0.1884 

ggH126_4mu_massZ2_genbin6_recobin5 acc 0.0385 eff 0.0416 outinratio 0.0391 

VBFH126_4mu_massZ2_genbin6_recobin5 acc 0.0452 eff 0.0318 outinratio 0.0338 

WminusH126_4mu_massZ2_genbin6_recobin5 acc 0.0358 eff 0.0682 outinratio 0.0648 

WplusH126_4mu_massZ2_genbin6_recobin5 acc 0.0314 eff 0.0196 outinratio 0.0191 

ZH126_4mu_massZ2_genbin6_recobin5 acc 0.03 eff 0.0477 outinratio 0.0703 

ttH126_4mu_massZ2_genbin6_recobin5 acc 0.0321 eff 0.0341 outinratio 0.1884 

ggH126_4mu_massZ2_genbin7_recobin5 acc 0.0181 eff 0.0042 outinratio 0.0391 

VBFH126_4mu_massZ2_genbin7_recobin5 acc 0.0196 eff 0.0025 outinratio 0.0338 

WminusH126_4mu_massZ2_genbin7_recobin5 acc 0.0194 eff 0.0134 outinratio 0.0648 

WplusH126_4mu_massZ2_genbin7_recobin5 acc 0.0133 eff 0.0 outinratio 0.0191 

ZH126_4mu_massZ2_genbin7_recobin5 acc 0.0164 eff 0.0 outinratio 0.0703 

ttH126_4mu_massZ2_genbin7_recobin5 acc 0.0174 eff 0.0037 outinratio 0.1884 

ggH126_4mu_massZ2_genbin0_recobin6 acc 0.0979 eff 0.0 outinratio 0.0355 

VBFH126_4mu_massZ2_genbin0_recobin6 acc 0.118 eff 0.0005 outinratio 0.0176 

WminusH126_4mu_massZ2_genbin0_recobin6 acc 0.0914 eff 0.0013 outinratio 0.0396 

WplusH126_4mu_massZ2_genbin0_recobin6 acc 0.0922 eff 0.0 outinratio 0.0956 

ZH126_4mu_massZ2_genbin0_recobin6 acc 0.0926 eff 0.0 outinratio 0.0415 

ttH126_4mu_massZ2_genbin0_recobin6 acc 0.0875 eff 0.0 outinratio 0.114 

ggH126_4mu_massZ2_genbin1_recobin6 acc 0.0702 eff 0.0 outinratio 0.0355 

VBFH126_4mu_massZ2_genbin1_recobin6 acc 0.0774 eff 0.0 outinratio 0.0176 

WminusH126_4mu_massZ2_genbin1_recobin6 acc 0.0584 eff 0.0 outinratio 0.0396 

WplusH126_4mu_massZ2_genbin1_recobin6 acc 0.0455 eff 0.0 outinratio 0.0956 

ZH126_4mu_massZ2_genbin1_recobin6 acc 0.0574 eff 0.0 outinratio 0.0415 

ttH126_4mu_massZ2_genbin1_recobin6 acc 0.0512 eff 0.0 outinratio 0.114 

ggH126_4mu_massZ2_genbin2_recobin6 acc 0.0373 eff 0.0 outinratio 0.0355 

VBFH126_4mu_massZ2_genbin2_recobin6 acc 0.0451 eff 0.0014 outinratio 0.0176 

WminusH126_4mu_massZ2_genbin2_recobin6 acc 0.034 eff 0.0 outinratio 0.0396 

WplusH126_4mu_massZ2_genbin2_recobin6 acc 0.0322 eff 0.0 outinratio 0.0956 

ZH126_4mu_massZ2_genbin2_recobin6 acc 0.0304 eff 0.0 outinratio 0.0415 

ttH126_4mu_massZ2_genbin2_recobin6 acc 0.0292 eff 0.0006 outinratio 0.114 

ggH126_4mu_massZ2_genbin3_recobin6 acc 0.0795 eff 0.0005 outinratio 0.0355 

VBFH126_4mu_massZ2_genbin3_recobin6 acc 0.0867 eff 0.0007 outinratio 0.0176 

WminusH126_4mu_massZ2_genbin3_recobin6 acc 0.069 eff 0.0 outinratio 0.0396 

WplusH126_4mu_massZ2_genbin3_recobin6 acc 0.062 eff 0.0 outinratio 0.0956 

ZH126_4mu_massZ2_genbin3_recobin6 acc 0.0686 eff 0.0 outinratio 0.0415 

ttH126_4mu_massZ2_genbin3_recobin6 acc 0.0631 eff 0.0 outinratio 0.114 

ggH126_4mu_massZ2_genbin4_recobin6 acc 0.0355 eff 0.0055 outinratio 0.0355 

VBFH126_4mu_massZ2_genbin4_recobin6 acc 0.0385 eff 0.0 outinratio 0.0176 

WminusH126_4mu_massZ2_genbin4_recobin6 acc 0.0277 eff 0.0 outinratio 0.0396 

WplusH126_4mu_massZ2_genbin4_recobin6 acc 0.0246 eff 0.0 outinratio 0.0956 

ZH126_4mu_massZ2_genbin4_recobin6 acc 0.0331 eff 0.0029 outinratio 0.0415 

ttH126_4mu_massZ2_genbin4_recobin6 acc 0.0252 eff 0.0024 outinratio 0.114 

ggH126_4mu_massZ2_genbin5_recobin6 acc 0.0465 eff 0.0231 outinratio 0.0355 

VBFH126_4mu_massZ2_genbin5_recobin6 acc 0.0506 eff 0.0201 outinratio 0.0176 

WminusH126_4mu_massZ2_genbin5_recobin6 acc 0.0418 eff 0.0203 outinratio 0.0396 

WplusH126_4mu_massZ2_genbin5_recobin6 acc 0.0386 eff 0.0427 outinratio 0.0956 

ZH126_4mu_massZ2_genbin5_recobin6 acc 0.0356 eff 0.029 outinratio 0.0415 

ttH126_4mu_massZ2_genbin5_recobin6 acc 0.0363 eff 0.0129 outinratio 0.114 

ggH126_4mu_massZ2_genbin6_recobin6 acc 0.0385 eff 0.8003 outinratio 0.0355 

VBFH126_4mu_massZ2_genbin6_recobin6 acc 0.0452 eff 0.7844 outinratio 0.0176 

WminusH126_4mu_massZ2_genbin6_recobin6 acc 0.0358 eff 0.7492 outinratio 0.0396 

WplusH126_4mu_massZ2_genbin6_recobin6 acc 0.0314 eff 0.7794 outinratio 0.0956 

ZH126_4mu_massZ2_genbin6_recobin6 acc 0.03 eff 0.7817 outinratio 0.0415 

ttH126_4mu_massZ2_genbin6_recobin6 acc 0.0321 eff 0.7782 outinratio 0.114 

ggH126_4mu_massZ2_genbin7_recobin6 acc 0.0181 eff 0.0426 outinratio 0.0355 

VBFH126_4mu_massZ2_genbin7_recobin6 acc 0.0196 eff 0.069 outinratio 0.0176 

WminusH126_4mu_massZ2_genbin7_recobin6 acc 0.0194 eff 0.0181 outinratio 0.0396 

WplusH126_4mu_massZ2_genbin7_recobin6 acc 0.0133 eff 0.079 outinratio 0.0956 

ZH126_4mu_massZ2_genbin7_recobin6 acc 0.0164 eff 0.0548 outinratio 0.0415 

ttH126_4mu_massZ2_genbin7_recobin6 acc 0.0174 eff 0.0384 outinratio 0.114 

ggH126_4mu_massZ2_genbin0_recobin7 acc 0.0979 eff 0.0 outinratio 0.0917 

VBFH126_4mu_massZ2_genbin0_recobin7 acc 0.118 eff 0.0 outinratio 0.0158 

WminusH126_4mu_massZ2_genbin0_recobin7 acc 0.0914 eff 0.0 outinratio 0.0595 

WplusH126_4mu_massZ2_genbin0_recobin7 acc 0.0922 eff 0.0 outinratio 0.0536 

ZH126_4mu_massZ2_genbin0_recobin7 acc 0.0926 eff 0.0004 outinratio 0.0354 

ttH126_4mu_massZ2_genbin0_recobin7 acc 0.0875 eff 0.0 outinratio 0.0926 

ggH126_4mu_massZ2_genbin1_recobin7 acc 0.0702 eff 0.0 outinratio 0.0917 

VBFH126_4mu_massZ2_genbin1_recobin7 acc 0.0774 eff 0.0004 outinratio 0.0158 

WminusH126_4mu_massZ2_genbin1_recobin7 acc 0.0584 eff 0.0 outinratio 0.0595 

WplusH126_4mu_massZ2_genbin1_recobin7 acc 0.0455 eff 0.0 outinratio 0.0536 

ZH126_4mu_massZ2_genbin1_recobin7 acc 0.0574 eff 0.0 outinratio 0.0354 

ttH126_4mu_massZ2_genbin1_recobin7 acc 0.0512 eff 0.0 outinratio 0.0926 

ggH126_4mu_massZ2_genbin2_recobin7 acc 0.0373 eff 0.0 outinratio 0.0917 

VBFH126_4mu_massZ2_genbin2_recobin7 acc 0.0451 eff 0.0 outinratio 0.0158 

WminusH126_4mu_massZ2_genbin2_recobin7 acc 0.034 eff 0.0 outinratio 0.0595 

WplusH126_4mu_massZ2_genbin2_recobin7 acc 0.0322 eff 0.0 outinratio 0.0536 

ZH126_4mu_massZ2_genbin2_recobin7 acc 0.0304 eff 0.0 outinratio 0.0354 

ttH126_4mu_massZ2_genbin2_recobin7 acc 0.0292 eff 0.0 outinratio 0.0926 

ggH126_4mu_massZ2_genbin3_recobin7 acc 0.0795 eff 0.0 outinratio 0.0917 

VBFH126_4mu_massZ2_genbin3_recobin7 acc 0.0867 eff 0.0 outinratio 0.0158 

WminusH126_4mu_massZ2_genbin3_recobin7 acc 0.069 eff 0.0 outinratio 0.0595 

WplusH126_4mu_massZ2_genbin3_recobin7 acc 0.062 eff 0.0 outinratio 0.0536 

ZH126_4mu_massZ2_genbin3_recobin7 acc 0.0686 eff 0.0 outinratio 0.0354 

ttH126_4mu_massZ2_genbin3_recobin7 acc 0.0631 eff 0.0 outinratio 0.0926 

ggH126_4mu_massZ2_genbin4_recobin7 acc 0.0355 eff 0.0 outinratio 0.0917 

VBFH126_4mu_massZ2_genbin4_recobin7 acc 0.0385 eff 0.0 outinratio 0.0158 

WminusH126_4mu_massZ2_genbin4_recobin7 acc 0.0277 eff 0.0 outinratio 0.0595 

WplusH126_4mu_massZ2_genbin4_recobin7 acc 0.0246 eff 0.0 outinratio 0.0536 

ZH126_4mu_massZ2_genbin4_recobin7 acc 0.0331 eff 0.0 outinratio 0.0354 

ttH126_4mu_massZ2_genbin4_recobin7 acc 0.0252 eff 0.0 outinratio 0.0926 

ggH126_4mu_massZ2_genbin5_recobin7 acc 0.0465 eff 0.0 outinratio 0.0917 

VBFH126_4mu_massZ2_genbin5_recobin7 acc 0.0506 eff 0.0019 outinratio 0.0158 

WminusH126_4mu_massZ2_genbin5_recobin7 acc 0.0418 eff 0.0 outinratio 0.0595 

WplusH126_4mu_massZ2_genbin5_recobin7 acc 0.0386 eff 0.0 outinratio 0.0536 

ZH126_4mu_massZ2_genbin5_recobin7 acc 0.0356 eff 0.0 outinratio 0.0354 

ttH126_4mu_massZ2_genbin5_recobin7 acc 0.0363 eff 0.0 outinratio 0.0926 

ggH126_4mu_massZ2_genbin6_recobin7 acc 0.0385 eff 0.0046 outinratio 0.0917 

VBFH126_4mu_massZ2_genbin6_recobin7 acc 0.0452 eff 0.0199 outinratio 0.0158 

WminusH126_4mu_massZ2_genbin6_recobin7 acc 0.0358 eff 0.008 outinratio 0.0595 

WplusH126_4mu_massZ2_genbin6_recobin7 acc 0.0314 eff 0.049 outinratio 0.0536 

ZH126_4mu_massZ2_genbin6_recobin7 acc 0.03 eff 0.0175 outinratio 0.0354 

ttH126_4mu_massZ2_genbin6_recobin7 acc 0.0321 eff 0.0202 outinratio 0.0926 

ggH126_4mu_massZ2_genbin7_recobin7 acc 0.0181 eff 0.7258 outinratio 0.0917 

VBFH126_4mu_massZ2_genbin7_recobin7 acc 0.0196 eff 0.8148 outinratio 0.0158 

WminusH126_4mu_massZ2_genbin7_recobin7 acc 0.0194 eff 0.7358 outinratio 0.0595 

WplusH126_4mu_massZ2_genbin7_recobin7 acc 0.0133 eff 0.8057 outinratio 0.0536 

ZH126_4mu_massZ2_genbin7_recobin7 acc 0.0164 eff 0.8731 outinratio 0.0354 

ttH126_4mu_massZ2_genbin7_recobin7 acc 0.0174 eff 0.802 outinratio 0.0926 

ggH126_2e2mu_massZ2_genbin0_recobin0 acc 0.0989 eff 0.4786 outinratio 0.0693 

VBFH126_2e2mu_massZ2_genbin0_recobin0 acc 0.1147 eff 0.5274 outinratio 0.0434 

WminusH126_2e2mu_massZ2_genbin0_recobin0 acc 0.0849 eff 0.4827 outinratio 0.0781 

WplusH126_2e2mu_massZ2_genbin0_recobin0 acc 0.08 eff 0.4953 outinratio 0.0759 

ZH126_2e2mu_massZ2_genbin0_recobin0 acc 0.0937 eff 0.4829 outinratio 0.0873 

ttH126_2e2mu_massZ2_genbin0_recobin0 acc 0.0804 eff 0.4957 outinratio 0.1691 

ggH126_2e2mu_massZ2_genbin1_recobin0 acc 0.0678 eff 0.0389 outinratio 0.0693 

VBFH126_2e2mu_massZ2_genbin1_recobin0 acc 0.0728 eff 0.0409 outinratio 0.0434 

WminusH126_2e2mu_massZ2_genbin1_recobin0 acc 0.062 eff 0.0431 outinratio 0.0781 

WplusH126_2e2mu_massZ2_genbin1_recobin0 acc 0.053 eff 0.051 outinratio 0.0759 

ZH126_2e2mu_massZ2_genbin1_recobin0 acc 0.0535 eff 0.0373 outinratio 0.0873 

ttH126_2e2mu_massZ2_genbin1_recobin0 acc 0.0519 eff 0.0412 outinratio 0.1691 

ggH126_2e2mu_massZ2_genbin2_recobin0 acc 0.035 eff 0.0012 outinratio 0.0693 

VBFH126_2e2mu_massZ2_genbin2_recobin0 acc 0.0403 eff 0.0032 outinratio 0.0434 

WminusH126_2e2mu_massZ2_genbin2_recobin0 acc 0.0337 eff 0.0015 outinratio 0.0781 

WplusH126_2e2mu_massZ2_genbin2_recobin0 acc 0.0286 eff 0.0 outinratio 0.0759 

ZH126_2e2mu_massZ2_genbin2_recobin0 acc 0.033 eff 0.0088 outinratio 0.0873 

ttH126_2e2mu_massZ2_genbin2_recobin0 acc 0.0287 eff 0.007 outinratio 0.1691 

ggH126_2e2mu_massZ2_genbin3_recobin0 acc 0.0789 eff 0.0 outinratio 0.0693 

VBFH126_2e2mu_massZ2_genbin3_recobin0 acc 0.0857 eff 0.0023 outinratio 0.0434 

WminusH126_2e2mu_massZ2_genbin3_recobin0 acc 0.068 eff 0.0 outinratio 0.0781 

WplusH126_2e2mu_massZ2_genbin3_recobin0 acc 0.0597 eff 0.0033 outinratio 0.0759 

ZH126_2e2mu_massZ2_genbin3_recobin0 acc 0.0688 eff 0.0049 outinratio 0.0873 

ttH126_2e2mu_massZ2_genbin3_recobin0 acc 0.0609 eff 0.0012 outinratio 0.1691 

ggH126_2e2mu_massZ2_genbin4_recobin0 acc 0.0364 eff 0.0 outinratio 0.0693 

VBFH126_2e2mu_massZ2_genbin4_recobin0 acc 0.0374 eff 0.0 outinratio 0.0434 

WminusH126_2e2mu_massZ2_genbin4_recobin0 acc 0.027 eff 0.0 outinratio 0.0781 

WplusH126_2e2mu_massZ2_genbin4_recobin0 acc 0.0255 eff 0.0 outinratio 0.0759 

ZH126_2e2mu_massZ2_genbin4_recobin0 acc 0.0272 eff 0.0023 outinratio 0.0873 

ttH126_2e2mu_massZ2_genbin4_recobin0 acc 0.0254 eff 0.0 outinratio 0.1691 

ggH126_2e2mu_massZ2_genbin5_recobin0 acc 0.0393 eff 0.0 outinratio 0.0693 

VBFH126_2e2mu_massZ2_genbin5_recobin0 acc 0.045 eff 0.0 outinratio 0.0434 

WminusH126_2e2mu_massZ2_genbin5_recobin0 acc 0.0361 eff 0.0 outinratio 0.0781 

WplusH126_2e2mu_massZ2_genbin5_recobin0 acc 0.0291 eff 0.0 outinratio 0.0759 

ZH126_2e2mu_massZ2_genbin5_recobin0 acc 0.0326 eff 0.0015 outinratio 0.0873 

ttH126_2e2mu_massZ2_genbin5_recobin0 acc 0.0311 eff 0.0 outinratio 0.1691 

ggH126_2e2mu_massZ2_genbin6_recobin0 acc 0.0313 eff 0.0 outinratio 0.0693 

VBFH126_2e2mu_massZ2_genbin6_recobin0 acc 0.0331 eff 0.0 outinratio 0.0434 

WminusH126_2e2mu_massZ2_genbin6_recobin0 acc 0.0248 eff 0.0 outinratio 0.0781 

WplusH126_2e2mu_massZ2_genbin6_recobin0 acc 0.0235 eff 0.0 outinratio 0.0759 

ZH126_2e2mu_massZ2_genbin6_recobin0 acc 0.0236 eff 0.0 outinratio 0.0873 

ttH126_2e2mu_massZ2_genbin6_recobin0 acc 0.023 eff 0.0 outinratio 0.1691 

ggH126_2e2mu_massZ2_genbin7_recobin0 acc 0.0148 eff 0.0 outinratio 0.0693 

VBFH126_2e2mu_massZ2_genbin7_recobin0 acc 0.0164 eff 0.0 outinratio 0.0434 

WminusH126_2e2mu_massZ2_genbin7_recobin0 acc 0.0127 eff 0.0 outinratio 0.0781 

WplusH126_2e2mu_massZ2_genbin7_recobin0 acc 0.0092 eff 0.0 outinratio 0.0759 

ZH126_2e2mu_massZ2_genbin7_recobin0 acc 0.0121 eff 0.0 outinratio 0.0873 

ttH126_2e2mu_massZ2_genbin7_recobin0 acc 0.0101 eff 0.0 outinratio 0.1691 

ggH126_2e2mu_massZ2_genbin0_recobin1 acc 0.0989 eff 0.0059 outinratio 0.0738 

VBFH126_2e2mu_massZ2_genbin0_recobin1 acc 0.1147 eff 0.0099 outinratio 0.0356 

WminusH126_2e2mu_massZ2_genbin0_recobin1 acc 0.0849 eff 0.0074 outinratio 0.0522 

WplusH126_2e2mu_massZ2_genbin0_recobin1 acc 0.08 eff 0.0018 outinratio 0.1006 

ZH126_2e2mu_massZ2_genbin0_recobin1 acc 0.0937 eff 0.0095 outinratio 0.0864 

ttH126_2e2mu_massZ2_genbin0_recobin1 acc 0.0804 eff 0.0098 outinratio 0.1725 

ggH126_2e2mu_massZ2_genbin1_recobin1 acc 0.0678 eff 0.4314 outinratio 0.0738 

VBFH126_2e2mu_massZ2_genbin1_recobin1 acc 0.0728 eff 0.476 outinratio 0.0356 

WminusH126_2e2mu_massZ2_genbin1_recobin1 acc 0.062 eff 0.4359 outinratio 0.0522 

WplusH126_2e2mu_massZ2_genbin1_recobin1 acc 0.053 eff 0.3961 outinratio 0.1006 

ZH126_2e2mu_massZ2_genbin1_recobin1 acc 0.0535 eff 0.4678 outinratio 0.0864 

ttH126_2e2mu_massZ2_genbin1_recobin1 acc 0.0519 eff 0.4517 outinratio 0.1725 

ggH126_2e2mu_massZ2_genbin2_recobin1 acc 0.035 eff 0.0844 outinratio 0.0738 

VBFH126_2e2mu_massZ2_genbin2_recobin1 acc 0.0403 eff 0.0926 outinratio 0.0356 

WminusH126_2e2mu_massZ2_genbin2_recobin1 acc 0.0337 eff 0.0724 outinratio 0.0522 

WplusH126_2e2mu_massZ2_genbin2_recobin1 acc 0.0286 eff 0.0433 outinratio 0.1006 

ZH126_2e2mu_massZ2_genbin2_recobin1 acc 0.033 eff 0.0696 outinratio 0.0864 

ttH126_2e2mu_massZ2_genbin2_recobin1 acc 0.0287 eff 0.0819 outinratio 0.1725 

ggH126_2e2mu_massZ2_genbin3_recobin1 acc 0.0789 eff 0.0102 outinratio 0.0738 

VBFH126_2e2mu_massZ2_genbin3_recobin1 acc 0.0857 eff 0.0124 outinratio 0.0356 

WminusH126_2e2mu_massZ2_genbin3_recobin1 acc 0.068 eff 0.0041 outinratio 0.0522 

WplusH126_2e2mu_massZ2_genbin3_recobin1 acc 0.0597 eff 0.005 outinratio 0.1006 

ZH126_2e2mu_massZ2_genbin3_recobin1 acc 0.0688 eff 0.0048 outinratio 0.0864 

ttH126_2e2mu_massZ2_genbin3_recobin1 acc 0.0609 eff 0.0048 outinratio 0.1725 

ggH126_2e2mu_massZ2_genbin4_recobin1 acc 0.0364 eff 0.0035 outinratio 0.0738 

VBFH126_2e2mu_massZ2_genbin4_recobin1 acc 0.0374 eff 0.004 outinratio 0.0356 

WminusH126_2e2mu_massZ2_genbin4_recobin1 acc 0.027 eff 0.0118 outinratio 0.0522 

WplusH126_2e2mu_massZ2_genbin4_recobin1 acc 0.0255 eff 0.0204 outinratio 0.1006 

ZH126_2e2mu_massZ2_genbin4_recobin1 acc 0.0272 eff 0.0032 outinratio 0.0864 

ttH126_2e2mu_massZ2_genbin4_recobin1 acc 0.0254 eff 0.0015 outinratio 0.1725 

ggH126_2e2mu_massZ2_genbin5_recobin1 acc 0.0393 eff 0.0 outinratio 0.0738 

VBFH126_2e2mu_massZ2_genbin5_recobin1 acc 0.045 eff 0.0023 outinratio 0.0356 

WminusH126_2e2mu_massZ2_genbin5_recobin1 acc 0.0361 eff 0.0 outinratio 0.0522 

WplusH126_2e2mu_massZ2_genbin5_recobin1 acc 0.0291 eff 0.0 outinratio 0.1006 

ZH126_2e2mu_massZ2_genbin5_recobin1 acc 0.0326 eff 0.0 outinratio 0.0864 

ttH126_2e2mu_massZ2_genbin5_recobin1 acc 0.0311 eff 0.0017 outinratio 0.1725 

ggH126_2e2mu_massZ2_genbin6_recobin1 acc 0.0313 eff 0.0 outinratio 0.0738 

VBFH126_2e2mu_massZ2_genbin6_recobin1 acc 0.0331 eff 0.0 outinratio 0.0356 

WminusH126_2e2mu_massZ2_genbin6_recobin1 acc 0.0248 eff 0.0 outinratio 0.0522 

WplusH126_2e2mu_massZ2_genbin6_recobin1 acc 0.0235 eff 0.0 outinratio 0.1006 

ZH126_2e2mu_massZ2_genbin6_recobin1 acc 0.0236 eff 0.0 outinratio 0.0864 

ttH126_2e2mu_massZ2_genbin6_recobin1 acc 0.023 eff 0.0 outinratio 0.1725 

ggH126_2e2mu_massZ2_genbin7_recobin1 acc 0.0148 eff 0.0 outinratio 0.0738 

VBFH126_2e2mu_massZ2_genbin7_recobin1 acc 0.0164 eff 0.0 outinratio 0.0356 

WminusH126_2e2mu_massZ2_genbin7_recobin1 acc 0.0127 eff 0.0 outinratio 0.0522 

WplusH126_2e2mu_massZ2_genbin7_recobin1 acc 0.0092 eff 0.0 outinratio 0.1006 

ZH126_2e2mu_massZ2_genbin7_recobin1 acc 0.0121 eff 0.0 outinratio 0.0864 

ttH126_2e2mu_massZ2_genbin7_recobin1 acc 0.0101 eff 0.0 outinratio 0.1725 

ggH126_2e2mu_massZ2_genbin0_recobin2 acc 0.0989 eff 0.0 outinratio 0.0574 

VBFH126_2e2mu_massZ2_genbin0_recobin2 acc 0.1147 eff 0.0 outinratio 0.0415 

WminusH126_2e2mu_massZ2_genbin0_recobin2 acc 0.0849 eff 0.0022 outinratio 0.0714 

WplusH126_2e2mu_massZ2_genbin0_recobin2 acc 0.08 eff 0.0 outinratio 0.0352 

ZH126_2e2mu_massZ2_genbin0_recobin2 acc 0.0937 eff 0.0005 outinratio 0.0781 

ttH126_2e2mu_massZ2_genbin0_recobin2 acc 0.0804 eff 0.0 outinratio 0.1631 

ggH126_2e2mu_massZ2_genbin1_recobin2 acc 0.0678 eff 0.0237 outinratio 0.0574 

VBFH126_2e2mu_massZ2_genbin1_recobin2 acc 0.0728 eff 0.0233 outinratio 0.0415 

WminusH126_2e2mu_massZ2_genbin1_recobin2 acc 0.062 eff 0.0213 outinratio 0.0714 

WplusH126_2e2mu_massZ2_genbin1_recobin2 acc 0.053 eff 0.04 outinratio 0.0352 

ZH126_2e2mu_massZ2_genbin1_recobin2 acc 0.0535 eff 0.0259 outinratio 0.0781 

ttH126_2e2mu_massZ2_genbin1_recobin2 acc 0.0519 eff 0.0203 outinratio 0.1631 

ggH126_2e2mu_massZ2_genbin2_recobin2 acc 0.035 eff 0.3555 outinratio 0.0574 

VBFH126_2e2mu_massZ2_genbin2_recobin2 acc 0.0403 eff 0.3806 outinratio 0.0415 

WminusH126_2e2mu_massZ2_genbin2_recobin2 acc 0.0337 eff 0.3804 outinratio 0.0714 

WplusH126_2e2mu_massZ2_genbin2_recobin2 acc 0.0286 eff 0.3878 outinratio 0.0352 

ZH126_2e2mu_massZ2_genbin2_recobin2 acc 0.033 eff 0.3831 outinratio 0.0781 

ttH126_2e2mu_massZ2_genbin2_recobin2 acc 0.0287 eff 0.4069 outinratio 0.1631 

ggH126_2e2mu_massZ2_genbin3_recobin2 acc 0.0789 eff 0.0531 outinratio 0.0574 

VBFH126_2e2mu_massZ2_genbin3_recobin2 acc 0.0857 eff 0.0483 outinratio 0.0415 

WminusH126_2e2mu_massZ2_genbin3_recobin2 acc 0.068 eff 0.0443 outinratio 0.0714 

WplusH126_2e2mu_massZ2_genbin3_recobin2 acc 0.0597 eff 0.0452 outinratio 0.0352 

ZH126_2e2mu_massZ2_genbin3_recobin2 acc 0.0688 eff 0.0358 outinratio 0.0781 

ttH126_2e2mu_massZ2_genbin3_recobin2 acc 0.0609 eff 0.0471 outinratio 0.1631 

ggH126_2e2mu_massZ2_genbin4_recobin2 acc 0.0364 eff 0.0021 outinratio 0.0574 

VBFH126_2e2mu_massZ2_genbin4_recobin2 acc 0.0374 eff 0.004 outinratio 0.0415 

WminusH126_2e2mu_massZ2_genbin4_recobin2 acc 0.027 eff 0.0012 outinratio 0.0714 

WplusH126_2e2mu_massZ2_genbin4_recobin2 acc 0.0255 eff 0.0 outinratio 0.0352 

ZH126_2e2mu_massZ2_genbin4_recobin2 acc 0.0272 eff 0.0035 outinratio 0.0781 

ttH126_2e2mu_massZ2_genbin4_recobin2 acc 0.0254 eff 0.0093 outinratio 0.1631 

ggH126_2e2mu_massZ2_genbin5_recobin2 acc 0.0393 eff 0.0034 outinratio 0.0574 

VBFH126_2e2mu_massZ2_genbin5_recobin2 acc 0.045 eff 0.0 outinratio 0.0415 

WminusH126_2e2mu_massZ2_genbin5_recobin2 acc 0.0361 eff 0.0 outinratio 0.0714 

WplusH126_2e2mu_massZ2_genbin5_recobin2 acc 0.0291 eff 0.008 outinratio 0.0352 

ZH126_2e2mu_massZ2_genbin5_recobin2 acc 0.0326 eff 0.001 outinratio 0.0781 

ttH126_2e2mu_massZ2_genbin5_recobin2 acc 0.0311 eff 0.0006 outinratio 0.1631 

ggH126_2e2mu_massZ2_genbin6_recobin2 acc 0.0313 eff 0.0 outinratio 0.0574 

VBFH126_2e2mu_massZ2_genbin6_recobin2 acc 0.0331 eff 0.0009 outinratio 0.0415 

WminusH126_2e2mu_massZ2_genbin6_recobin2 acc 0.0248 eff 0.0 outinratio 0.0714 

WplusH126_2e2mu_massZ2_genbin6_recobin2 acc 0.0235 eff 0.0 outinratio 0.0352 

ZH126_2e2mu_massZ2_genbin6_recobin2 acc 0.0236 eff 0.0 outinratio 0.0781 

ttH126_2e2mu_massZ2_genbin6_recobin2 acc 0.023 eff 0.0 outinratio 0.1631 

ggH126_2e2mu_massZ2_genbin7_recobin2 acc 0.0148 eff 0.0 outinratio 0.0574 

VBFH126_2e2mu_massZ2_genbin7_recobin2 acc 0.0164 eff 0.0 outinratio 0.0415 

WminusH126_2e2mu_massZ2_genbin7_recobin2 acc 0.0127 eff 0.0 outinratio 0.0714 

WplusH126_2e2mu_massZ2_genbin7_recobin2 acc 0.0092 eff 0.0 outinratio 0.0352 

ZH126_2e2mu_massZ2_genbin7_recobin2 acc 0.0121 eff 0.0 outinratio 0.0781 

ttH126_2e2mu_massZ2_genbin7_recobin2 acc 0.0101 eff 0.0 outinratio 0.1631 

ggH126_2e2mu_massZ2_genbin0_recobin3 acc 0.0989 eff 0.0 outinratio 0.0448 

VBFH126_2e2mu_massZ2_genbin0_recobin3 acc 0.1147 eff 0.0006 outinratio 0.0299 

WminusH126_2e2mu_massZ2_genbin0_recobin3 acc 0.0849 eff 0.0 outinratio 0.0906 

WplusH126_2e2mu_massZ2_genbin0_recobin3 acc 0.08 eff 0.0 outinratio 0.062 

ZH126_2e2mu_massZ2_genbin0_recobin3 acc 0.0937 eff 0.0 outinratio 0.0485 

ttH126_2e2mu_massZ2_genbin0_recobin3 acc 0.0804 eff 0.0005 outinratio 0.1449 

ggH126_2e2mu_massZ2_genbin1_recobin3 acc 0.0678 eff 0.0043 outinratio 0.0448 

VBFH126_2e2mu_massZ2_genbin1_recobin3 acc 0.0728 eff 0.0021 outinratio 0.0299 

WminusH126_2e2mu_massZ2_genbin1_recobin3 acc 0.062 eff 0.0 outinratio 0.0906 

WplusH126_2e2mu_massZ2_genbin1_recobin3 acc 0.053 eff 0.0 outinratio 0.062 

ZH126_2e2mu_massZ2_genbin1_recobin3 acc 0.0535 eff 0.001 outinratio 0.0485 

ttH126_2e2mu_massZ2_genbin1_recobin3 acc 0.0519 eff 0.0002 outinratio 0.1449 

ggH126_2e2mu_massZ2_genbin2_recobin3 acc 0.035 eff 0.0469 outinratio 0.0448 

VBFH126_2e2mu_massZ2_genbin2_recobin3 acc 0.0403 eff 0.0462 outinratio 0.0299 

WminusH126_2e2mu_massZ2_genbin2_recobin3 acc 0.0337 eff 0.0493 outinratio 0.0906 

WplusH126_2e2mu_massZ2_genbin2_recobin3 acc 0.0286 eff 0.0515 outinratio 0.062 

ZH126_2e2mu_massZ2_genbin2_recobin3 acc 0.033 eff 0.0331 outinratio 0.0485 

ttH126_2e2mu_massZ2_genbin2_recobin3 acc 0.0287 eff 0.0432 outinratio 0.1449 

ggH126_2e2mu_massZ2_genbin3_recobin3 acc 0.0789 eff 0.4087 outinratio 0.0448 

VBFH126_2e2mu_massZ2_genbin3_recobin3 acc 0.0857 eff 0.4383 outinratio 0.0299 

WminusH126_2e2mu_massZ2_genbin3_recobin3 acc 0.068 eff 0.4034 outinratio 0.0906 

WplusH126_2e2mu_massZ2_genbin3_recobin3 acc 0.0597 eff 0.4398 outinratio 0.062 

ZH126_2e2mu_massZ2_genbin3_recobin3 acc 0.0688 eff 0.444 outinratio 0.0485 

ttH126_2e2mu_massZ2_genbin3_recobin3 acc 0.0609 eff 0.4332 outinratio 0.1449 

ggH126_2e2mu_massZ2_genbin4_recobin3 acc 0.0364 eff 0.1161 outinratio 0.0448 

VBFH126_2e2mu_massZ2_genbin4_recobin3 acc 0.0374 eff 0.0996 outinratio 0.0299 

WminusH126_2e2mu_massZ2_genbin4_recobin3 acc 0.027 eff 0.1114 outinratio 0.0906 

WplusH126_2e2mu_massZ2_genbin4_recobin3 acc 0.0255 eff 0.0662 outinratio 0.062 

ZH126_2e2mu_massZ2_genbin4_recobin3 acc 0.0272 eff 0.1164 outinratio 0.0485 

ttH126_2e2mu_massZ2_genbin4_recobin3 acc 0.0254 eff 0.1029 outinratio 0.1449 

ggH126_2e2mu_massZ2_genbin5_recobin3 acc 0.0393 eff 0.0122 outinratio 0.0448 

VBFH126_2e2mu_massZ2_genbin5_recobin3 acc 0.045 eff 0.0148 outinratio 0.0299 

WminusH126_2e2mu_massZ2_genbin5_recobin3 acc 0.0361 eff 0.0086 outinratio 0.0906 

WplusH126_2e2mu_massZ2_genbin5_recobin3 acc 0.0291 eff 0.0231 outinratio 0.062 

ZH126_2e2mu_massZ2_genbin5_recobin3 acc 0.0326 eff 0.029 outinratio 0.0485 

ttH126_2e2mu_massZ2_genbin5_recobin3 acc 0.0311 eff 0.0094 outinratio 0.1449 

ggH126_2e2mu_massZ2_genbin6_recobin3 acc 0.0313 eff 0.0 outinratio 0.0448 

VBFH126_2e2mu_massZ2_genbin6_recobin3 acc 0.0331 eff 0.0009 outinratio 0.0299 

WminusH126_2e2mu_massZ2_genbin6_recobin3 acc 0.0248 eff 0.0134 outinratio 0.0906 

WplusH126_2e2mu_massZ2_genbin6_recobin3 acc 0.0235 eff 0.0 outinratio 0.062 

ZH126_2e2mu_massZ2_genbin6_recobin3 acc 0.0236 eff 0.002 outinratio 0.0485 

ttH126_2e2mu_massZ2_genbin6_recobin3 acc 0.023 eff 0.0 outinratio 0.1449 

ggH126_2e2mu_massZ2_genbin7_recobin3 acc 0.0148 eff 0.0 outinratio 0.0448 

VBFH126_2e2mu_massZ2_genbin7_recobin3 acc 0.0164 eff 0.0 outinratio 0.0299 

WminusH126_2e2mu_massZ2_genbin7_recobin3 acc 0.0127 eff 0.0 outinratio 0.0906 

WplusH126_2e2mu_massZ2_genbin7_recobin3 acc 0.0092 eff 0.0 outinratio 0.062 

ZH126_2e2mu_massZ2_genbin7_recobin3 acc 0.0121 eff 0.0 outinratio 0.0485 

ttH126_2e2mu_massZ2_genbin7_recobin3 acc 0.0101 eff 0.0 outinratio 0.1449 

ggH126_2e2mu_massZ2_genbin0_recobin4 acc 0.0989 eff 0.0 outinratio 0.0366 

VBFH126_2e2mu_massZ2_genbin0_recobin4 acc 0.1147 eff 0.0 outinratio 0.0333 

WminusH126_2e2mu_massZ2_genbin0_recobin4 acc 0.0849 eff 0.0 outinratio 0.0836 

WplusH126_2e2mu_massZ2_genbin0_recobin4 acc 0.08 eff 0.0 outinratio 0.0521 

ZH126_2e2mu_massZ2_genbin0_recobin4 acc 0.0937 eff 0.0 outinratio 0.082 

ttH126_2e2mu_massZ2_genbin0_recobin4 acc 0.0804 eff 0.0 outinratio 0.146 

ggH126_2e2mu_massZ2_genbin1_recobin4 acc 0.0678 eff 0.0 outinratio 0.0366 

VBFH126_2e2mu_massZ2_genbin1_recobin4 acc 0.0728 eff 0.0003 outinratio 0.0333 

WminusH126_2e2mu_massZ2_genbin1_recobin4 acc 0.062 eff 0.001 outinratio 0.0836 

WplusH126_2e2mu_massZ2_genbin1_recobin4 acc 0.053 eff 0.0 outinratio 0.0521 

ZH126_2e2mu_massZ2_genbin1_recobin4 acc 0.0535 eff 0.0015 outinratio 0.082 

ttH126_2e2mu_massZ2_genbin1_recobin4 acc 0.0519 eff 0.0 outinratio 0.146 

ggH126_2e2mu_massZ2_genbin2_recobin4 acc 0.035 eff 0.0 outinratio 0.0366 

VBFH126_2e2mu_massZ2_genbin2_recobin4 acc 0.0403 eff 0.0 outinratio 0.0333 

WminusH126_2e2mu_massZ2_genbin2_recobin4 acc 0.0337 eff 0.0 outinratio 0.0836 

WplusH126_2e2mu_massZ2_genbin2_recobin4 acc 0.0286 eff 0.0 outinratio 0.0521 

ZH126_2e2mu_massZ2_genbin2_recobin4 acc 0.033 eff 0.0 outinratio 0.082 

ttH126_2e2mu_massZ2_genbin2_recobin4 acc 0.0287 eff 0.0017 outinratio 0.146 

ggH126_2e2mu_massZ2_genbin3_recobin4 acc 0.0789 eff 0.033 outinratio 0.0366 

VBFH126_2e2mu_massZ2_genbin3_recobin4 acc 0.0857 eff 0.0274 outinratio 0.0333 

WminusH126_2e2mu_massZ2_genbin3_recobin4 acc 0.068 eff 0.0231 outinratio 0.0836 

WplusH126_2e2mu_massZ2_genbin3_recobin4 acc 0.0597 eff 0.0289 outinratio 0.0521 

ZH126_2e2mu_massZ2_genbin3_recobin4 acc 0.0688 eff 0.0219 outinratio 0.082 

ttH126_2e2mu_massZ2_genbin3_recobin4 acc 0.0609 eff 0.0213 outinratio 0.146 

ggH126_2e2mu_massZ2_genbin4_recobin4 acc 0.0364 eff 0.3542 outinratio 0.0366 

VBFH126_2e2mu_massZ2_genbin4_recobin4 acc 0.0374 eff 0.3701 outinratio 0.0333 

WminusH126_2e2mu_massZ2_genbin4_recobin4 acc 0.027 eff 0.3788 outinratio 0.0836 

WplusH126_2e2mu_massZ2_genbin4_recobin4 acc 0.0255 eff 0.4261 outinratio 0.0521 

ZH126_2e2mu_massZ2_genbin4_recobin4 acc 0.0272 eff 0.3658 outinratio 0.082 

ttH126_2e2mu_massZ2_genbin4_recobin4 acc 0.0254 eff 0.3678 outinratio 0.146 

ggH126_2e2mu_massZ2_genbin5_recobin4 acc 0.0393 eff 0.0609 outinratio 0.0366 

VBFH126_2e2mu_massZ2_genbin5_recobin4 acc 0.045 eff 0.0498 outinratio 0.0333 

WminusH126_2e2mu_massZ2_genbin5_recobin4 acc 0.0361 eff 0.0663 outinratio 0.0836 

WplusH126_2e2mu_massZ2_genbin5_recobin4 acc 0.0291 eff 0.0398 outinratio 0.0521 

ZH126_2e2mu_massZ2_genbin5_recobin4 acc 0.0326 eff 0.0489 outinratio 0.082 

ttH126_2e2mu_massZ2_genbin5_recobin4 acc 0.0311 eff 0.0641 outinratio 0.146 

ggH126_2e2mu_massZ2_genbin6_recobin4 acc 0.0313 eff 0.0 outinratio 0.0366 

VBFH126_2e2mu_massZ2_genbin6_recobin4 acc 0.0331 eff 0.001 outinratio 0.0333 

WminusH126_2e2mu_massZ2_genbin6_recobin4 acc 0.0248 eff 0.0 outinratio 0.0836 

WplusH126_2e2mu_massZ2_genbin6_recobin4 acc 0.0235 eff 0.0059 outinratio 0.0521 

ZH126_2e2mu_massZ2_genbin6_recobin4 acc 0.0236 eff 0.0046 outinratio 0.082 

ttH126_2e2mu_massZ2_genbin6_recobin4 acc 0.023 eff 0.0 outinratio 0.146 

ggH126_2e2mu_massZ2_genbin7_recobin4 acc 0.0148 eff 0.0 outinratio 0.0366 

VBFH126_2e2mu_massZ2_genbin7_recobin4 acc 0.0164 eff 0.0 outinratio 0.0333 

WminusH126_2e2mu_massZ2_genbin7_recobin4 acc 0.0127 eff 0.0 outinratio 0.0836 

WplusH126_2e2mu_massZ2_genbin7_recobin4 acc 0.0092 eff 0.0 outinratio 0.0521 

ZH126_2e2mu_massZ2_genbin7_recobin4 acc 0.0121 eff 0.0 outinratio 0.082 

ttH126_2e2mu_massZ2_genbin7_recobin4 acc 0.0101 eff 0.0 outinratio 0.146 

ggH126_2e2mu_massZ2_genbin0_recobin5 acc 0.0989 eff 0.0007 outinratio 0.0532 

VBFH126_2e2mu_massZ2_genbin0_recobin5 acc 0.1147 eff 0.0 outinratio 0.03 

WminusH126_2e2mu_massZ2_genbin0_recobin5 acc 0.0849 eff 0.002 outinratio 0.0691 

WplusH126_2e2mu_massZ2_genbin0_recobin5 acc 0.08 eff 0.0 outinratio 0.0662 

ZH126_2e2mu_massZ2_genbin0_recobin5 acc 0.0937 eff 0.0 outinratio 0.0918 

ttH126_2e2mu_massZ2_genbin0_recobin5 acc 0.0804 eff 0.0004 outinratio 0.1444 

ggH126_2e2mu_massZ2_genbin1_recobin5 acc 0.0678 eff 0.0005 outinratio 0.0532 

VBFH126_2e2mu_massZ2_genbin1_recobin5 acc 0.0728 eff 0.0003 outinratio 0.03 

WminusH126_2e2mu_massZ2_genbin1_recobin5 acc 0.062 eff 0.0 outinratio 0.0691 

WplusH126_2e2mu_massZ2_genbin1_recobin5 acc 0.053 eff 0.0 outinratio 0.0662 

ZH126_2e2mu_massZ2_genbin1_recobin5 acc 0.0535 eff 0.0 outinratio 0.0918 

ttH126_2e2mu_massZ2_genbin1_recobin5 acc 0.0519 eff 0.0004 outinratio 0.1444 

ggH126_2e2mu_massZ2_genbin2_recobin5 acc 0.035 eff 0.0 outinratio 0.0532 

VBFH126_2e2mu_massZ2_genbin2_recobin5 acc 0.0403 eff 0.0014 outinratio 0.03 

WminusH126_2e2mu_massZ2_genbin2_recobin5 acc 0.0337 eff 0.0 outinratio 0.0691 

WplusH126_2e2mu_massZ2_genbin2_recobin5 acc 0.0286 eff 0.0 outinratio 0.0662 

ZH126_2e2mu_massZ2_genbin2_recobin5 acc 0.033 eff 0.0 outinratio 0.0918 

ttH126_2e2mu_massZ2_genbin2_recobin5 acc 0.0287 eff 0.0013 outinratio 0.1444 

ggH126_2e2mu_massZ2_genbin3_recobin5 acc 0.0789 eff 0.0038 outinratio 0.0532 

VBFH126_2e2mu_massZ2_genbin3_recobin5 acc 0.0857 eff 0.0036 outinratio 0.03 

WminusH126_2e2mu_massZ2_genbin3_recobin5 acc 0.068 eff 0.0018 outinratio 0.0691 

WplusH126_2e2mu_massZ2_genbin3_recobin5 acc 0.0597 eff 0.0024 outinratio 0.0662 

ZH126_2e2mu_massZ2_genbin3_recobin5 acc 0.0688 eff 0.001 outinratio 0.0918 

ttH126_2e2mu_massZ2_genbin3_recobin5 acc 0.0609 eff 0.0013 outinratio 0.1444 

ggH126_2e2mu_massZ2_genbin4_recobin5 acc 0.0364 eff 0.0416 outinratio 0.0532 

VBFH126_2e2mu_massZ2_genbin4_recobin5 acc 0.0374 eff 0.0523 outinratio 0.03 

WminusH126_2e2mu_massZ2_genbin4_recobin5 acc 0.027 eff 0.0331 outinratio 0.0691 

WplusH126_2e2mu_massZ2_genbin4_recobin5 acc 0.0255 eff 0.0556 outinratio 0.0662 

ZH126_2e2mu_massZ2_genbin4_recobin5 acc 0.0272 eff 0.0422 outinratio 0.0918 

ttH126_2e2mu_massZ2_genbin4_recobin5 acc 0.0254 eff 0.036 outinratio 0.1444 

ggH126_2e2mu_massZ2_genbin5_recobin5 acc 0.0393 eff 0.4689 outinratio 0.0532 

VBFH126_2e2mu_massZ2_genbin5_recobin5 acc 0.045 eff 0.4278 outinratio 0.03 

WminusH126_2e2mu_massZ2_genbin5_recobin5 acc 0.0361 eff 0.4197 outinratio 0.0691 

WplusH126_2e2mu_massZ2_genbin5_recobin5 acc 0.0291 eff 0.3918 outinratio 0.0662 

ZH126_2e2mu_massZ2_genbin5_recobin5 acc 0.0326 eff 0.4498 outinratio 0.0918 

ttH126_2e2mu_massZ2_genbin5_recobin5 acc 0.0311 eff 0.4714 outinratio 0.1444 

ggH126_2e2mu_massZ2_genbin6_recobin5 acc 0.0313 eff 0.0699 outinratio 0.0532 

VBFH126_2e2mu_massZ2_genbin6_recobin5 acc 0.0331 eff 0.0341 outinratio 0.03 

WminusH126_2e2mu_massZ2_genbin6_recobin5 acc 0.0248 eff 0.0372 outinratio 0.0691 

WplusH126_2e2mu_massZ2_genbin6_recobin5 acc 0.0235 eff 0.0259 outinratio 0.0662 

ZH126_2e2mu_massZ2_genbin6_recobin5 acc 0.0236 eff 0.0484 outinratio 0.0918 

ttH126_2e2mu_massZ2_genbin6_recobin5 acc 0.023 eff 0.0492 outinratio 0.1444 

ggH126_2e2mu_massZ2_genbin7_recobin5 acc 0.0148 eff 0.0 outinratio 0.0532 

VBFH126_2e2mu_massZ2_genbin7_recobin5 acc 0.0164 eff 0.0027 outinratio 0.03 

WminusH126_2e2mu_massZ2_genbin7_recobin5 acc 0.0127 eff 0.0099 outinratio 0.0691 

WplusH126_2e2mu_massZ2_genbin7_recobin5 acc 0.0092 eff 0.0 outinratio 0.0662 

ZH126_2e2mu_massZ2_genbin7_recobin5 acc 0.0121 eff 0.0 outinratio 0.0918 

ttH126_2e2mu_massZ2_genbin7_recobin5 acc 0.0101 eff 0.0 outinratio 0.1444 

ggH126_2e2mu_massZ2_genbin0_recobin6 acc 0.0989 eff 0.0 outinratio 0.0265 

VBFH126_2e2mu_massZ2_genbin0_recobin6 acc 0.1147 eff 0.0 outinratio 0.0416 

WminusH126_2e2mu_massZ2_genbin0_recobin6 acc 0.0849 eff 0.0 outinratio 0.063 

WplusH126_2e2mu_massZ2_genbin0_recobin6 acc 0.08 eff 0.0 outinratio 0.1051 

ZH126_2e2mu_massZ2_genbin0_recobin6 acc 0.0937 eff 0.0 outinratio 0.0664 

ttH126_2e2mu_massZ2_genbin0_recobin6 acc 0.0804 eff 0.0 outinratio 0.1895 

ggH126_2e2mu_massZ2_genbin1_recobin6 acc 0.0678 eff 0.0 outinratio 0.0265 

VBFH126_2e2mu_massZ2_genbin1_recobin6 acc 0.0728 eff 0.0 outinratio 0.0416 

WminusH126_2e2mu_massZ2_genbin1_recobin6 acc 0.062 eff 0.0 outinratio 0.063 

WplusH126_2e2mu_massZ2_genbin1_recobin6 acc 0.053 eff 0.0 outinratio 0.1051 

ZH126_2e2mu_massZ2_genbin1_recobin6 acc 0.0535 eff 0.0 outinratio 0.0664 

ttH126_2e2mu_massZ2_genbin1_recobin6 acc 0.0519 eff 0.0 outinratio 0.1895 

ggH126_2e2mu_massZ2_genbin2_recobin6 acc 0.035 eff 0.0 outinratio 0.0265 

VBFH126_2e2mu_massZ2_genbin2_recobin6 acc 0.0403 eff 0.0 outinratio 0.0416 

WminusH126_2e2mu_massZ2_genbin2_recobin6 acc 0.0337 eff 0.0 outinratio 0.063 

WplusH126_2e2mu_massZ2_genbin2_recobin6 acc 0.0286 eff 0.0 outinratio 0.1051 

ZH126_2e2mu_massZ2_genbin2_recobin6 acc 0.033 eff 0.0013 outinratio 0.0664 

ttH126_2e2mu_massZ2_genbin2_recobin6 acc 0.0287 eff 0.0 outinratio 0.1895 

ggH126_2e2mu_massZ2_genbin3_recobin6 acc 0.0789 eff 0.0003 outinratio 0.0265 

VBFH126_2e2mu_massZ2_genbin3_recobin6 acc 0.0857 eff 0.0003 outinratio 0.0416 

WminusH126_2e2mu_massZ2_genbin3_recobin6 acc 0.068 eff 0.0 outinratio 0.063 

WplusH126_2e2mu_massZ2_genbin3_recobin6 acc 0.0597 eff 0.0 outinratio 0.1051 

ZH126_2e2mu_massZ2_genbin3_recobin6 acc 0.0688 eff 0.0 outinratio 0.0664 

ttH126_2e2mu_massZ2_genbin3_recobin6 acc 0.0609 eff 0.0006 outinratio 0.1895 

ggH126_2e2mu_massZ2_genbin4_recobin6 acc 0.0364 eff 0.0 outinratio 0.0265 

VBFH126_2e2mu_massZ2_genbin4_recobin6 acc 0.0374 eff 0.0 outinratio 0.0416 

WminusH126_2e2mu_massZ2_genbin4_recobin6 acc 0.027 eff 0.0 outinratio 0.063 

WplusH126_2e2mu_massZ2_genbin4_recobin6 acc 0.0255 eff 0.0 outinratio 0.1051 

ZH126_2e2mu_massZ2_genbin4_recobin6 acc 0.0272 eff 0.0016 outinratio 0.0664 

ttH126_2e2mu_massZ2_genbin4_recobin6 acc 0.0254 eff 0.0019 outinratio 0.1895 

ggH126_2e2mu_massZ2_genbin5_recobin6 acc 0.0393 eff 0.0173 outinratio 0.0265 

VBFH126_2e2mu_massZ2_genbin5_recobin6 acc 0.045 eff 0.0172 outinratio 0.0416 

WminusH126_2e2mu_massZ2_genbin5_recobin6 acc 0.0361 eff 0.0272 outinratio 0.063 

WplusH126_2e2mu_massZ2_genbin5_recobin6 acc 0.0291 eff 0.0102 outinratio 0.1051 

ZH126_2e2mu_massZ2_genbin5_recobin6 acc 0.0326 eff 0.0242 outinratio 0.0664 

ttH126_2e2mu_massZ2_genbin5_recobin6 acc 0.0311 eff 0.0118 outinratio 0.1895 

ggH126_2e2mu_massZ2_genbin6_recobin6 acc 0.0313 eff 0.4742 outinratio 0.0265 

VBFH126_2e2mu_massZ2_genbin6_recobin6 acc 0.0331 eff 0.5095 outinratio 0.0416 

WminusH126_2e2mu_massZ2_genbin6_recobin6 acc 0.0248 eff 0.4541 outinratio 0.063 

WplusH126_2e2mu_massZ2_genbin6_recobin6 acc 0.0235 eff 0.5275 outinratio 0.1051 

ZH126_2e2mu_massZ2_genbin6_recobin6 acc 0.0236 eff 0.4726 outinratio 0.0664 

ttH126_2e2mu_massZ2_genbin6_recobin6 acc 0.023 eff 0.5154 outinratio 0.1895 

ggH126_2e2mu_massZ2_genbin7_recobin6 acc 0.0148 eff 0.0778 outinratio 0.0265 

VBFH126_2e2mu_massZ2_genbin7_recobin6 acc 0.0164 eff 0.0938 outinratio 0.0416 

WminusH126_2e2mu_massZ2_genbin7_recobin6 acc 0.0127 eff 0.0519 outinratio 0.063 

WplusH126_2e2mu_massZ2_genbin7_recobin6 acc 0.0092 eff 0.1216 outinratio 0.1051 

ZH126_2e2mu_massZ2_genbin7_recobin6 acc 0.0121 eff 0.0754 outinratio 0.0664 

ttH126_2e2mu_massZ2_genbin7_recobin6 acc 0.0101 eff 0.052 outinratio 0.1895 

ggH126_2e2mu_massZ2_genbin0_recobin7 acc 0.0989 eff 0.0 outinratio 0.0491 

VBFH126_2e2mu_massZ2_genbin0_recobin7 acc 0.1147 eff 0.0 outinratio 0.0116 

WminusH126_2e2mu_massZ2_genbin0_recobin7 acc 0.0849 eff 0.0 outinratio 0.0358 

WplusH126_2e2mu_massZ2_genbin0_recobin7 acc 0.08 eff 0.0 outinratio 0.0812 

ZH126_2e2mu_massZ2_genbin0_recobin7 acc 0.0937 eff 0.0 outinratio 0.1312 

ttH126_2e2mu_massZ2_genbin0_recobin7 acc 0.0804 eff 0.0 outinratio 0.2002 

ggH126_2e2mu_massZ2_genbin1_recobin7 acc 0.0678 eff 0.0 outinratio 0.0491 

VBFH126_2e2mu_massZ2_genbin1_recobin7 acc 0.0728 eff 0.0 outinratio 0.0116 

WminusH126_2e2mu_massZ2_genbin1_recobin7 acc 0.062 eff 0.0 outinratio 0.0358 

WplusH126_2e2mu_massZ2_genbin1_recobin7 acc 0.053 eff 0.0 outinratio 0.0812 

ZH126_2e2mu_massZ2_genbin1_recobin7 acc 0.0535 eff 0.0 outinratio 0.1312 

ttH126_2e2mu_massZ2_genbin1_recobin7 acc 0.0519 eff 0.0 outinratio 0.2002 

ggH126_2e2mu_massZ2_genbin2_recobin7 acc 0.035 eff 0.0 outinratio 0.0491 

VBFH126_2e2mu_massZ2_genbin2_recobin7 acc 0.0403 eff 0.0 outinratio 0.0116 

WminusH126_2e2mu_massZ2_genbin2_recobin7 acc 0.0337 eff 0.0 outinratio 0.0358 

WplusH126_2e2mu_massZ2_genbin2_recobin7 acc 0.0286 eff 0.0 outinratio 0.0812 

ZH126_2e2mu_massZ2_genbin2_recobin7 acc 0.033 eff 0.0 outinratio 0.1312 

ttH126_2e2mu_massZ2_genbin2_recobin7 acc 0.0287 eff 0.0 outinratio 0.2002 

ggH126_2e2mu_massZ2_genbin3_recobin7 acc 0.0789 eff 0.0 outinratio 0.0491 

VBFH126_2e2mu_massZ2_genbin3_recobin7 acc 0.0857 eff 0.0 outinratio 0.0116 

WminusH126_2e2mu_massZ2_genbin3_recobin7 acc 0.068 eff 0.0 outinratio 0.0358 

WplusH126_2e2mu_massZ2_genbin3_recobin7 acc 0.0597 eff 0.0 outinratio 0.0812 

ZH126_2e2mu_massZ2_genbin3_recobin7 acc 0.0688 eff 0.0012 outinratio 0.1312 

ttH126_2e2mu_massZ2_genbin3_recobin7 acc 0.0609 eff 0.0 outinratio 0.2002 

ggH126_2e2mu_massZ2_genbin4_recobin7 acc 0.0364 eff 0.0 outinratio 0.0491 

VBFH126_2e2mu_massZ2_genbin4_recobin7 acc 0.0374 eff 0.0 outinratio 0.0116 

WminusH126_2e2mu_massZ2_genbin4_recobin7 acc 0.027 eff 0.0 outinratio 0.0358 

WplusH126_2e2mu_massZ2_genbin4_recobin7 acc 0.0255 eff 0.0 outinratio 0.0812 

ZH126_2e2mu_massZ2_genbin4_recobin7 acc 0.0272 eff 0.0 outinratio 0.1312 

ttH126_2e2mu_massZ2_genbin4_recobin7 acc 0.0254 eff 0.0 outinratio 0.2002 

ggH126_2e2mu_massZ2_genbin5_recobin7 acc 0.0393 eff 0.0 outinratio 0.0491 

VBFH126_2e2mu_massZ2_genbin5_recobin7 acc 0.045 eff 0.0 outinratio 0.0116 

WminusH126_2e2mu_massZ2_genbin5_recobin7 acc 0.0361 eff 0.0 outinratio 0.0358 

WplusH126_2e2mu_massZ2_genbin5_recobin7 acc 0.0291 eff 0.0 outinratio 0.0812 

ZH126_2e2mu_massZ2_genbin5_recobin7 acc 0.0326 eff 0.0 outinratio 0.1312 

ttH126_2e2mu_massZ2_genbin5_recobin7 acc 0.0311 eff 0.0006 outinratio 0.2002 

ggH126_2e2mu_massZ2_genbin6_recobin7 acc 0.0313 eff 0.0169 outinratio 0.0491 

VBFH126_2e2mu_massZ2_genbin6_recobin7 acc 0.0331 eff 0.0129 outinratio 0.0116 

WminusH126_2e2mu_massZ2_genbin6_recobin7 acc 0.0248 eff 0.0401 outinratio 0.0358 

WplusH126_2e2mu_massZ2_genbin6_recobin7 acc 0.0235 eff 0.0218 outinratio 0.0812 

ZH126_2e2mu_massZ2_genbin6_recobin7 acc 0.0236 eff 0.0075 outinratio 0.1312 

ttH126_2e2mu_massZ2_genbin6_recobin7 acc 0.023 eff 0.0152 outinratio 0.2002 

ggH126_2e2mu_massZ2_genbin7_recobin7 acc 0.0148 eff 0.4627 outinratio 0.0491 

VBFH126_2e2mu_massZ2_genbin7_recobin7 acc 0.0164 eff 0.5078 outinratio 0.0116 

WminusH126_2e2mu_massZ2_genbin7_recobin7 acc 0.0127 eff 0.514 outinratio 0.0358 

WplusH126_2e2mu_massZ2_genbin7_recobin7 acc 0.0092 eff 0.4973 outinratio 0.0812 

ZH126_2e2mu_massZ2_genbin7_recobin7 acc 0.0121 eff 0.4133 outinratio 0.1312 

ttH126_2e2mu_massZ2_genbin7_recobin7 acc 0.0101 eff 0.4673 outinratio 0.2002 

Coeff fullNNLOPS
