Welcome in RunCoefficients!
OPT SPLIT
DEBUG opt.YEAR = 2022_4
It is a single-differential measurement, binning [-1.0, -0.75, -0.5, -0.25, 0.0, 0.25, 0.5, 0.75, 1.0]
costheta2
Following observables extracted from dictionary: RECO =  costheta2  GEN =  GENcostheta2
LUMI: 1.9951
ttH126 0.00016778591
Processing ggH126 2022_4
Signal created
Signal failed created
Processing VBFH126 2022_4
Signal created
Signal failed created
Processing WminusH126 2022_4
Signal created
Signal failed created
Processing WplusH126 2022_4
Signal created
Signal failed created
Processing ZH126 2022_4
Signal created
Signal failed created
Processing ttH126 2022_4
Signal created
Signal failed created
2022_4 SKIMMED df CREATED
2022_4 ggH126
2022_4 VBFH126
2022_4 WminusH126
2022_4 WplusH126
2022_4 ZH126
2022_4 ttH126
Dataframes created successfully
Coeff std
ggH126_4l_costhetaZ2_genbin0_recobin0 acc 0.0327 eff 0.4475 outinratio 0.0114 

VBFH126_4l_costhetaZ2_genbin0_recobin0 acc 0.0393 eff 0.4812 outinratio 0.0109 

WminusH126_4l_costhetaZ2_genbin0_recobin0 acc 0.0312 eff 0.4551 outinratio 0.0129 

WplusH126_4l_costhetaZ2_genbin0_recobin0 acc 0.0299 eff 0.4403 outinratio 0.0328 

ZH126_4l_costhetaZ2_genbin0_recobin0 acc 0.0306 eff 0.4168 outinratio 0.0828 

ttH126_4l_costhetaZ2_genbin0_recobin0 acc 0.0396 eff 0.3064 outinratio 0.0178 

ggH126_4l_costhetaZ2_genbin1_recobin0 acc 0.0523 eff 0.014 outinratio 0.0114 

VBFH126_4l_costhetaZ2_genbin1_recobin0 acc 0.0576 eff 0.0123 outinratio 0.0109 

WminusH126_4l_costhetaZ2_genbin1_recobin0 acc 0.0493 eff 0.0138 outinratio 0.0129 

WplusH126_4l_costhetaZ2_genbin1_recobin0 acc 0.0445 eff 0.0195 outinratio 0.0328 

ZH126_4l_costhetaZ2_genbin1_recobin0 acc 0.0439 eff 0.0163 outinratio 0.0828 

ttH126_4l_costhetaZ2_genbin1_recobin0 acc 0.0595 eff 0.0087 outinratio 0.0178 

ggH126_4l_costhetaZ2_genbin2_recobin0 acc 0.0648 eff 0.0014 outinratio 0.0114 

VBFH126_4l_costhetaZ2_genbin2_recobin0 acc 0.0711 eff 0.0 outinratio 0.0109 

WminusH126_4l_costhetaZ2_genbin2_recobin0 acc 0.0595 eff 0.0009 outinratio 0.0129 

WplusH126_4l_costhetaZ2_genbin2_recobin0 acc 0.054 eff 0.0 outinratio 0.0328 

ZH126_4l_costhetaZ2_genbin2_recobin0 acc 0.0571 eff 0.0 outinratio 0.0828 

ttH126_4l_costhetaZ2_genbin2_recobin0 acc 0.0708 eff 0.0 outinratio 0.0178 

ggH126_4l_costhetaZ2_genbin3_recobin0 acc 0.0722 eff 0.0 outinratio 0.0114 

VBFH126_4l_costhetaZ2_genbin3_recobin0 acc 0.0765 eff 0.0004 outinratio 0.0109 

WminusH126_4l_costhetaZ2_genbin3_recobin0 acc 0.0654 eff 0.0003 outinratio 0.0129 

WplusH126_4l_costhetaZ2_genbin3_recobin0 acc 0.0592 eff 0.0009 outinratio 0.0328 

ZH126_4l_costhetaZ2_genbin3_recobin0 acc 0.0656 eff 0.0 outinratio 0.0828 

ttH126_4l_costhetaZ2_genbin3_recobin0 acc 0.074 eff 0.0 outinratio 0.0178 

ggH126_4l_costhetaZ2_genbin4_recobin0 acc 0.0706 eff 0.0003 outinratio 0.0114 

VBFH126_4l_costhetaZ2_genbin4_recobin0 acc 0.077 eff 0.0 outinratio 0.0109 

WminusH126_4l_costhetaZ2_genbin4_recobin0 acc 0.0653 eff 0.0 outinratio 0.0129 

WplusH126_4l_costhetaZ2_genbin4_recobin0 acc 0.0603 eff 0.0 outinratio 0.0328 

ZH126_4l_costhetaZ2_genbin4_recobin0 acc 0.0603 eff 0.001 outinratio 0.0828 

ttH126_4l_costhetaZ2_genbin4_recobin0 acc 0.0773 eff 0.0013 outinratio 0.0178 

ggH126_4l_costhetaZ2_genbin5_recobin0 acc 0.066 eff 0.0 outinratio 0.0114 

VBFH126_4l_costhetaZ2_genbin5_recobin0 acc 0.0676 eff 0.0 outinratio 0.0109 

WminusH126_4l_costhetaZ2_genbin5_recobin0 acc 0.0599 eff 0.0 outinratio 0.0129 

WplusH126_4l_costhetaZ2_genbin5_recobin0 acc 0.0557 eff 0.0 outinratio 0.0328 

ZH126_4l_costhetaZ2_genbin5_recobin0 acc 0.0576 eff 0.0 outinratio 0.0828 

ttH126_4l_costhetaZ2_genbin5_recobin0 acc 0.068 eff 0.0 outinratio 0.0178 

ggH126_4l_costhetaZ2_genbin6_recobin0 acc 0.0513 eff 0.0 outinratio 0.0114 

VBFH126_4l_costhetaZ2_genbin6_recobin0 acc 0.058 eff 0.0 outinratio 0.0109 

WminusH126_4l_costhetaZ2_genbin6_recobin0 acc 0.0473 eff 0.0 outinratio 0.0129 

WplusH126_4l_costhetaZ2_genbin6_recobin0 acc 0.0429 eff 0.0 outinratio 0.0328 

ZH126_4l_costhetaZ2_genbin6_recobin0 acc 0.0438 eff 0.0006 outinratio 0.0828 

ttH126_4l_costhetaZ2_genbin6_recobin0 acc 0.0565 eff 0.0 outinratio 0.0178 

ggH126_4l_costhetaZ2_genbin7_recobin0 acc 0.0351 eff 0.0 outinratio 0.0114 

VBFH126_4l_costhetaZ2_genbin7_recobin0 acc 0.0392 eff 0.0 outinratio 0.0109 

WminusH126_4l_costhetaZ2_genbin7_recobin0 acc 0.0309 eff 0.0004 outinratio 0.0129 

WplusH126_4l_costhetaZ2_genbin7_recobin0 acc 0.028 eff 0.0 outinratio 0.0328 

ZH126_4l_costhetaZ2_genbin7_recobin0 acc 0.0289 eff 0.0007 outinratio 0.0828 

ttH126_4l_costhetaZ2_genbin7_recobin0 acc 0.0395 eff 0.0 outinratio 0.0178 

ggH126_4l_costhetaZ2_genbin0_recobin1 acc 0.0327 eff 0.0206 outinratio 0.009 

VBFH126_4l_costhetaZ2_genbin0_recobin1 acc 0.0393 eff 0.0226 outinratio 0.0116 

WminusH126_4l_costhetaZ2_genbin0_recobin1 acc 0.0312 eff 0.02 outinratio 0.0259 

WplusH126_4l_costhetaZ2_genbin0_recobin1 acc 0.0299 eff 0.0159 outinratio 0.0097 

ZH126_4l_costhetaZ2_genbin0_recobin1 acc 0.0306 eff 0.0171 outinratio 0.0563 

ttH126_4l_costhetaZ2_genbin0_recobin1 acc 0.0396 eff 0.0254 outinratio 0.0687 

ggH126_4l_costhetaZ2_genbin1_recobin1 acc 0.0523 eff 0.4218 outinratio 0.009 

VBFH126_4l_costhetaZ2_genbin1_recobin1 acc 0.0576 eff 0.4667 outinratio 0.0116 

WminusH126_4l_costhetaZ2_genbin1_recobin1 acc 0.0493 eff 0.4065 outinratio 0.0259 

WplusH126_4l_costhetaZ2_genbin1_recobin1 acc 0.0445 eff 0.3882 outinratio 0.0097 

ZH126_4l_costhetaZ2_genbin1_recobin1 acc 0.0439 eff 0.41 outinratio 0.0563 

ttH126_4l_costhetaZ2_genbin1_recobin1 acc 0.0595 eff 0.3619 outinratio 0.0687 

ggH126_4l_costhetaZ2_genbin2_recobin1 acc 0.0648 eff 0.0263 outinratio 0.009 

VBFH126_4l_costhetaZ2_genbin2_recobin1 acc 0.0711 eff 0.0219 outinratio 0.0116 

WminusH126_4l_costhetaZ2_genbin2_recobin1 acc 0.0595 eff 0.0267 outinratio 0.0259 

WplusH126_4l_costhetaZ2_genbin2_recobin1 acc 0.054 eff 0.0188 outinratio 0.0097 

ZH126_4l_costhetaZ2_genbin2_recobin1 acc 0.0571 eff 0.0236 outinratio 0.0563 

ttH126_4l_costhetaZ2_genbin2_recobin1 acc 0.0708 eff 0.0173 outinratio 0.0687 

ggH126_4l_costhetaZ2_genbin3_recobin1 acc 0.0722 eff 0.0011 outinratio 0.009 

VBFH126_4l_costhetaZ2_genbin3_recobin1 acc 0.0765 eff 0.002 outinratio 0.0116 

WminusH126_4l_costhetaZ2_genbin3_recobin1 acc 0.0654 eff 0.0006 outinratio 0.0259 

WplusH126_4l_costhetaZ2_genbin3_recobin1 acc 0.0592 eff 0.0 outinratio 0.0097 

ZH126_4l_costhetaZ2_genbin3_recobin1 acc 0.0656 eff 0.0009 outinratio 0.0563 

ttH126_4l_costhetaZ2_genbin3_recobin1 acc 0.074 eff 0.0 outinratio 0.0687 

ggH126_4l_costhetaZ2_genbin4_recobin1 acc 0.0706 eff 0.0 outinratio 0.009 

VBFH126_4l_costhetaZ2_genbin4_recobin1 acc 0.077 eff 0.0002 outinratio 0.0116 

WminusH126_4l_costhetaZ2_genbin4_recobin1 acc 0.0653 eff 0.0005 outinratio 0.0259 

WplusH126_4l_costhetaZ2_genbin4_recobin1 acc 0.0603 eff 0.0008 outinratio 0.0097 

ZH126_4l_costhetaZ2_genbin4_recobin1 acc 0.0603 eff 0.0008 outinratio 0.0563 

ttH126_4l_costhetaZ2_genbin4_recobin1 acc 0.0773 eff 0.0 outinratio 0.0687 

ggH126_4l_costhetaZ2_genbin5_recobin1 acc 0.066 eff 0.0002 outinratio 0.009 

VBFH126_4l_costhetaZ2_genbin5_recobin1 acc 0.0676 eff 0.0 outinratio 0.0116 

WminusH126_4l_costhetaZ2_genbin5_recobin1 acc 0.0599 eff 0.0005 outinratio 0.0259 

WplusH126_4l_costhetaZ2_genbin5_recobin1 acc 0.0557 eff 0.0003 outinratio 0.0097 

ZH126_4l_costhetaZ2_genbin5_recobin1 acc 0.0576 eff 0.0004 outinratio 0.0563 

ttH126_4l_costhetaZ2_genbin5_recobin1 acc 0.068 eff 0.0 outinratio 0.0687 

ggH126_4l_costhetaZ2_genbin6_recobin1 acc 0.0513 eff 0.0 outinratio 0.009 

VBFH126_4l_costhetaZ2_genbin6_recobin1 acc 0.058 eff 0.0 outinratio 0.0116 

WminusH126_4l_costhetaZ2_genbin6_recobin1 acc 0.0473 eff 0.0006 outinratio 0.0259 

WplusH126_4l_costhetaZ2_genbin6_recobin1 acc 0.0429 eff 0.0007 outinratio 0.0097 

ZH126_4l_costhetaZ2_genbin6_recobin1 acc 0.0438 eff 0.0 outinratio 0.0563 

ttH126_4l_costhetaZ2_genbin6_recobin1 acc 0.0565 eff 0.0 outinratio 0.0687 

ggH126_4l_costhetaZ2_genbin7_recobin1 acc 0.0351 eff 0.0 outinratio 0.009 

VBFH126_4l_costhetaZ2_genbin7_recobin1 acc 0.0392 eff 0.0 outinratio 0.0116 

WminusH126_4l_costhetaZ2_genbin7_recobin1 acc 0.0309 eff 0.001 outinratio 0.0259 

WplusH126_4l_costhetaZ2_genbin7_recobin1 acc 0.028 eff 0.0 outinratio 0.0097 

ZH126_4l_costhetaZ2_genbin7_recobin1 acc 0.0289 eff 0.0 outinratio 0.0563 

ttH126_4l_costhetaZ2_genbin7_recobin1 acc 0.0395 eff 0.0 outinratio 0.0687 

ggH126_4l_costhetaZ2_genbin0_recobin2 acc 0.0327 eff 0.0 outinratio 0.0051 

VBFH126_4l_costhetaZ2_genbin0_recobin2 acc 0.0393 eff 0.0 outinratio 0.0031 

WminusH126_4l_costhetaZ2_genbin0_recobin2 acc 0.0312 eff 0.0012 outinratio 0.0207 

WplusH126_4l_costhetaZ2_genbin0_recobin2 acc 0.0299 eff 0.0 outinratio 0.0216 

ZH126_4l_costhetaZ2_genbin0_recobin2 acc 0.0306 eff 0.0002 outinratio 0.0505 

ttH126_4l_costhetaZ2_genbin0_recobin2 acc 0.0396 eff 0.0006 outinratio 0.0695 

ggH126_4l_costhetaZ2_genbin1_recobin2 acc 0.0523 eff 0.0275 outinratio 0.0051 

VBFH126_4l_costhetaZ2_genbin1_recobin2 acc 0.0576 eff 0.0242 outinratio 0.0031 

WminusH126_4l_costhetaZ2_genbin1_recobin2 acc 0.0493 eff 0.0223 outinratio 0.0207 

WplusH126_4l_costhetaZ2_genbin1_recobin2 acc 0.0445 eff 0.0197 outinratio 0.0216 

ZH126_4l_costhetaZ2_genbin1_recobin2 acc 0.0439 eff 0.0305 outinratio 0.0505 

ttH126_4l_costhetaZ2_genbin1_recobin2 acc 0.0595 eff 0.0199 outinratio 0.0695 

ggH126_4l_costhetaZ2_genbin2_recobin2 acc 0.0648 eff 0.4419 outinratio 0.0051 

VBFH126_4l_costhetaZ2_genbin2_recobin2 acc 0.0711 eff 0.4744 outinratio 0.0031 

WminusH126_4l_costhetaZ2_genbin2_recobin2 acc 0.0595 eff 0.4163 outinratio 0.0207 

WplusH126_4l_costhetaZ2_genbin2_recobin2 acc 0.054 eff 0.4061 outinratio 0.0216 

ZH126_4l_costhetaZ2_genbin2_recobin2 acc 0.0571 eff 0.4391 outinratio 0.0505 

ttH126_4l_costhetaZ2_genbin2_recobin2 acc 0.0708 eff 0.3027 outinratio 0.0695 

ggH126_4l_costhetaZ2_genbin3_recobin2 acc 0.0722 eff 0.0273 outinratio 0.0051 

VBFH126_4l_costhetaZ2_genbin3_recobin2 acc 0.0765 eff 0.0289 outinratio 0.0031 

WminusH126_4l_costhetaZ2_genbin3_recobin2 acc 0.0654 eff 0.0298 outinratio 0.0207 

WplusH126_4l_costhetaZ2_genbin3_recobin2 acc 0.0592 eff 0.0216 outinratio 0.0216 

ZH126_4l_costhetaZ2_genbin3_recobin2 acc 0.0656 eff 0.0276 outinratio 0.0505 

ttH126_4l_costhetaZ2_genbin3_recobin2 acc 0.074 eff 0.0194 outinratio 0.0695 

ggH126_4l_costhetaZ2_genbin4_recobin2 acc 0.0706 eff 0.0027 outinratio 0.0051 

VBFH126_4l_costhetaZ2_genbin4_recobin2 acc 0.077 eff 0.0025 outinratio 0.0031 

WminusH126_4l_costhetaZ2_genbin4_recobin2 acc 0.0653 eff 0.0013 outinratio 0.0207 

WplusH126_4l_costhetaZ2_genbin4_recobin2 acc 0.0603 eff 0.0004 outinratio 0.0216 

ZH126_4l_costhetaZ2_genbin4_recobin2 acc 0.0603 eff 0.0014 outinratio 0.0505 

ttH126_4l_costhetaZ2_genbin4_recobin2 acc 0.0773 eff 0.001 outinratio 0.0695 

ggH126_4l_costhetaZ2_genbin5_recobin2 acc 0.066 eff 0.0 outinratio 0.0051 

VBFH126_4l_costhetaZ2_genbin5_recobin2 acc 0.0676 eff 0.0012 outinratio 0.0031 

WminusH126_4l_costhetaZ2_genbin5_recobin2 acc 0.0599 eff 0.0 outinratio 0.0207 

WplusH126_4l_costhetaZ2_genbin5_recobin2 acc 0.0557 eff 0.0021 outinratio 0.0216 

ZH126_4l_costhetaZ2_genbin5_recobin2 acc 0.0576 eff 0.0 outinratio 0.0505 

ttH126_4l_costhetaZ2_genbin5_recobin2 acc 0.068 eff 0.0003 outinratio 0.0695 

ggH126_4l_costhetaZ2_genbin6_recobin2 acc 0.0513 eff 0.0007 outinratio 0.0051 

VBFH126_4l_costhetaZ2_genbin6_recobin2 acc 0.058 eff 0.0016 outinratio 0.0031 

WminusH126_4l_costhetaZ2_genbin6_recobin2 acc 0.0473 eff 0.0005 outinratio 0.0207 

WplusH126_4l_costhetaZ2_genbin6_recobin2 acc 0.0429 eff 0.0 outinratio 0.0216 

ZH126_4l_costhetaZ2_genbin6_recobin2 acc 0.0438 eff 0.0 outinratio 0.0505 

ttH126_4l_costhetaZ2_genbin6_recobin2 acc 0.0565 eff 0.0 outinratio 0.0695 

ggH126_4l_costhetaZ2_genbin7_recobin2 acc 0.0351 eff 0.0 outinratio 0.0051 

VBFH126_4l_costhetaZ2_genbin7_recobin2 acc 0.0392 eff 0.0 outinratio 0.0031 

WminusH126_4l_costhetaZ2_genbin7_recobin2 acc 0.0309 eff 0.0 outinratio 0.0207 

WplusH126_4l_costhetaZ2_genbin7_recobin2 acc 0.028 eff 0.0 outinratio 0.0216 

ZH126_4l_costhetaZ2_genbin7_recobin2 acc 0.0289 eff 0.0 outinratio 0.0505 

ttH126_4l_costhetaZ2_genbin7_recobin2 acc 0.0395 eff 0.0 outinratio 0.0695 

ggH126_4l_costhetaZ2_genbin0_recobin3 acc 0.0327 eff 0.001 outinratio 0.0054 

VBFH126_4l_costhetaZ2_genbin0_recobin3 acc 0.0393 eff 0.0018 outinratio 0.0126 

WminusH126_4l_costhetaZ2_genbin0_recobin3 acc 0.0312 eff 0.0009 outinratio 0.0233 

WplusH126_4l_costhetaZ2_genbin0_recobin3 acc 0.0299 eff 0.0 outinratio 0.0213 

ZH126_4l_costhetaZ2_genbin0_recobin3 acc 0.0306 eff 0.0 outinratio 0.0379 

ttH126_4l_costhetaZ2_genbin0_recobin3 acc 0.0396 eff 0.0 outinratio 0.036 

ggH126_4l_costhetaZ2_genbin1_recobin3 acc 0.0523 eff 0.0003 outinratio 0.0054 

VBFH126_4l_costhetaZ2_genbin1_recobin3 acc 0.0576 eff 0.0 outinratio 0.0126 

WminusH126_4l_costhetaZ2_genbin1_recobin3 acc 0.0493 eff 0.0016 outinratio 0.0233 

WplusH126_4l_costhetaZ2_genbin1_recobin3 acc 0.0445 eff 0.0026 outinratio 0.0213 

ZH126_4l_costhetaZ2_genbin1_recobin3 acc 0.0439 eff 0.0007 outinratio 0.0379 

ttH126_4l_costhetaZ2_genbin1_recobin3 acc 0.0595 eff 0.0 outinratio 0.036 

ggH126_4l_costhetaZ2_genbin2_recobin3 acc 0.0648 eff 0.032 outinratio 0.0054 

VBFH126_4l_costhetaZ2_genbin2_recobin3 acc 0.0711 eff 0.0327 outinratio 0.0126 

WminusH126_4l_costhetaZ2_genbin2_recobin3 acc 0.0595 eff 0.0293 outinratio 0.0233 

WplusH126_4l_costhetaZ2_genbin2_recobin3 acc 0.054 eff 0.041 outinratio 0.0213 

ZH126_4l_costhetaZ2_genbin2_recobin3 acc 0.0571 eff 0.0259 outinratio 0.0379 

ttH126_4l_costhetaZ2_genbin2_recobin3 acc 0.0708 eff 0.0183 outinratio 0.036 

ggH126_4l_costhetaZ2_genbin3_recobin3 acc 0.0722 eff 0.4338 outinratio 0.0054 

VBFH126_4l_costhetaZ2_genbin3_recobin3 acc 0.0765 eff 0.4492 outinratio 0.0126 

WminusH126_4l_costhetaZ2_genbin3_recobin3 acc 0.0654 eff 0.4055 outinratio 0.0233 

WplusH126_4l_costhetaZ2_genbin3_recobin3 acc 0.0592 eff 0.3979 outinratio 0.0213 

ZH126_4l_costhetaZ2_genbin3_recobin3 acc 0.0656 eff 0.4099 outinratio 0.0379 

ttH126_4l_costhetaZ2_genbin3_recobin3 acc 0.074 eff 0.3577 outinratio 0.036 

ggH126_4l_costhetaZ2_genbin4_recobin3 acc 0.0706 eff 0.0316 outinratio 0.0054 

VBFH126_4l_costhetaZ2_genbin4_recobin3 acc 0.077 eff 0.0341 outinratio 0.0126 

WminusH126_4l_costhetaZ2_genbin4_recobin3 acc 0.0653 eff 0.0296 outinratio 0.0233 

WplusH126_4l_costhetaZ2_genbin4_recobin3 acc 0.0603 eff 0.0309 outinratio 0.0213 

ZH126_4l_costhetaZ2_genbin4_recobin3 acc 0.0603 eff 0.032 outinratio 0.0379 

ttH126_4l_costhetaZ2_genbin4_recobin3 acc 0.0773 eff 0.0218 outinratio 0.036 

ggH126_4l_costhetaZ2_genbin5_recobin3 acc 0.066 eff 0.0018 outinratio 0.0054 

VBFH126_4l_costhetaZ2_genbin5_recobin3 acc 0.0676 eff 0.0022 outinratio 0.0126 

WminusH126_4l_costhetaZ2_genbin5_recobin3 acc 0.0599 eff 0.0013 outinratio 0.0233 

WplusH126_4l_costhetaZ2_genbin5_recobin3 acc 0.0557 eff 0.0021 outinratio 0.0213 

ZH126_4l_costhetaZ2_genbin5_recobin3 acc 0.0576 eff 0.0006 outinratio 0.0379 

ttH126_4l_costhetaZ2_genbin5_recobin3 acc 0.068 eff 0.0 outinratio 0.036 

ggH126_4l_costhetaZ2_genbin6_recobin3 acc 0.0513 eff 0.0004 outinratio 0.0054 

VBFH126_4l_costhetaZ2_genbin6_recobin3 acc 0.058 eff 0.0014 outinratio 0.0126 

WminusH126_4l_costhetaZ2_genbin6_recobin3 acc 0.0473 eff 0.0004 outinratio 0.0233 

WplusH126_4l_costhetaZ2_genbin6_recobin3 acc 0.0429 eff 0.0 outinratio 0.0213 

ZH126_4l_costhetaZ2_genbin6_recobin3 acc 0.0438 eff -0.0012 outinratio 0.0379 

ttH126_4l_costhetaZ2_genbin6_recobin3 acc 0.0565 eff 0.0035 outinratio 0.036 

ggH126_4l_costhetaZ2_genbin7_recobin3 acc 0.0351 eff 0.0007 outinratio 0.0054 

VBFH126_4l_costhetaZ2_genbin7_recobin3 acc 0.0392 eff 0.0 outinratio 0.0126 

WminusH126_4l_costhetaZ2_genbin7_recobin3 acc 0.0309 eff 0.0 outinratio 0.0233 

WplusH126_4l_costhetaZ2_genbin7_recobin3 acc 0.028 eff 0.0 outinratio 0.0213 

ZH126_4l_costhetaZ2_genbin7_recobin3 acc 0.0289 eff 0.0 outinratio 0.0379 

ttH126_4l_costhetaZ2_genbin7_recobin3 acc 0.0395 eff 0.0 outinratio 0.036 

ggH126_4l_costhetaZ2_genbin0_recobin4 acc 0.0327 eff 0.0003 outinratio 0.011 

VBFH126_4l_costhetaZ2_genbin0_recobin4 acc 0.0393 eff 0.0 outinratio 0.0099 

WminusH126_4l_costhetaZ2_genbin0_recobin4 acc 0.0312 eff 0.0 outinratio 0.0137 

WplusH126_4l_costhetaZ2_genbin0_recobin4 acc 0.0299 eff 0.0 outinratio 0.0134 

ZH126_4l_costhetaZ2_genbin0_recobin4 acc 0.0306 eff 0.0 outinratio 0.0533 

ttH126_4l_costhetaZ2_genbin0_recobin4 acc 0.0396 eff 0.0 outinratio 0.0409 

ggH126_4l_costhetaZ2_genbin1_recobin4 acc 0.0523 eff 0.0005 outinratio 0.011 

VBFH126_4l_costhetaZ2_genbin1_recobin4 acc 0.0576 eff 0.0012 outinratio 0.0099 

WminusH126_4l_costhetaZ2_genbin1_recobin4 acc 0.0493 eff 0.0008 outinratio 0.0137 

WplusH126_4l_costhetaZ2_genbin1_recobin4 acc 0.0445 eff 0.0014 outinratio 0.0134 

ZH126_4l_costhetaZ2_genbin1_recobin4 acc 0.0439 eff 0.0 outinratio 0.0533 

ttH126_4l_costhetaZ2_genbin1_recobin4 acc 0.0595 eff 0.0 outinratio 0.0409 

ggH126_4l_costhetaZ2_genbin2_recobin4 acc 0.0648 eff 0.0013 outinratio 0.011 

VBFH126_4l_costhetaZ2_genbin2_recobin4 acc 0.0711 eff 0.0005 outinratio 0.0099 

WminusH126_4l_costhetaZ2_genbin2_recobin4 acc 0.0595 eff 0.0022 outinratio 0.0137 

WplusH126_4l_costhetaZ2_genbin2_recobin4 acc 0.054 eff 0.0043 outinratio 0.0134 

ZH126_4l_costhetaZ2_genbin2_recobin4 acc 0.0571 eff 0.002 outinratio 0.0533 

ttH126_4l_costhetaZ2_genbin2_recobin4 acc 0.0708 eff 0.0015 outinratio 0.0409 

ggH126_4l_costhetaZ2_genbin3_recobin4 acc 0.0722 eff 0.0342 outinratio 0.011 

VBFH126_4l_costhetaZ2_genbin3_recobin4 acc 0.0765 eff 0.0352 outinratio 0.0099 

WminusH126_4l_costhetaZ2_genbin3_recobin4 acc 0.0654 eff 0.0327 outinratio 0.0137 

WplusH126_4l_costhetaZ2_genbin3_recobin4 acc 0.0592 eff 0.0348 outinratio 0.0134 

ZH126_4l_costhetaZ2_genbin3_recobin4 acc 0.0656 eff 0.0331 outinratio 0.0533 

ttH126_4l_costhetaZ2_genbin3_recobin4 acc 0.074 eff 0.0431 outinratio 0.0409 

ggH126_4l_costhetaZ2_genbin4_recobin4 acc 0.0706 eff 0.4198 outinratio 0.011 

VBFH126_4l_costhetaZ2_genbin4_recobin4 acc 0.077 eff 0.4624 outinratio 0.0099 

WminusH126_4l_costhetaZ2_genbin4_recobin4 acc 0.0653 eff 0.4033 outinratio 0.0137 

WplusH126_4l_costhetaZ2_genbin4_recobin4 acc 0.0603 eff 0.4247 outinratio 0.0134 

ZH126_4l_costhetaZ2_genbin4_recobin4 acc 0.0603 eff 0.4104 outinratio 0.0533 

ttH126_4l_costhetaZ2_genbin4_recobin4 acc 0.0773 eff 0.3182 outinratio 0.0409 

ggH126_4l_costhetaZ2_genbin5_recobin4 acc 0.066 eff 0.0335 outinratio 0.011 

VBFH126_4l_costhetaZ2_genbin5_recobin4 acc 0.0676 eff 0.0271 outinratio 0.0099 

WminusH126_4l_costhetaZ2_genbin5_recobin4 acc 0.0599 eff 0.0325 outinratio 0.0137 

WplusH126_4l_costhetaZ2_genbin5_recobin4 acc 0.0557 eff 0.0392 outinratio 0.0134 

ZH126_4l_costhetaZ2_genbin5_recobin4 acc 0.0576 eff 0.0391 outinratio 0.0533 

ttH126_4l_costhetaZ2_genbin5_recobin4 acc 0.068 eff 0.0194 outinratio 0.0409 

ggH126_4l_costhetaZ2_genbin6_recobin4 acc 0.0513 eff 0.0029 outinratio 0.011 

VBFH126_4l_costhetaZ2_genbin6_recobin4 acc 0.058 eff 0.0003 outinratio 0.0099 

WminusH126_4l_costhetaZ2_genbin6_recobin4 acc 0.0473 eff 0.0007 outinratio 0.0137 

WplusH126_4l_costhetaZ2_genbin6_recobin4 acc 0.0429 eff 0.0042 outinratio 0.0134 

ZH126_4l_costhetaZ2_genbin6_recobin4 acc 0.0438 eff 0.0019 outinratio 0.0533 

ttH126_4l_costhetaZ2_genbin6_recobin4 acc 0.0565 eff 0.0026 outinratio 0.0409 

ggH126_4l_costhetaZ2_genbin7_recobin4 acc 0.0351 eff 0.0007 outinratio 0.011 

VBFH126_4l_costhetaZ2_genbin7_recobin4 acc 0.0392 eff 0.0 outinratio 0.0099 

WminusH126_4l_costhetaZ2_genbin7_recobin4 acc 0.0309 eff 0.0004 outinratio 0.0137 

WplusH126_4l_costhetaZ2_genbin7_recobin4 acc 0.028 eff 0.0032 outinratio 0.0134 

ZH126_4l_costhetaZ2_genbin7_recobin4 acc 0.0289 eff 0.0 outinratio 0.0533 

ttH126_4l_costhetaZ2_genbin7_recobin4 acc 0.0395 eff 0.0 outinratio 0.0409 

ggH126_4l_costhetaZ2_genbin0_recobin5 acc 0.0327 eff 0.0009 outinratio 0.0106 

VBFH126_4l_costhetaZ2_genbin0_recobin5 acc 0.0393 eff 0.0 outinratio 0.01 

WminusH126_4l_costhetaZ2_genbin0_recobin5 acc 0.0312 eff 0.0005 outinratio 0.0173 

WplusH126_4l_costhetaZ2_genbin0_recobin5 acc 0.0299 eff 0.0 outinratio 0.0189 

ZH126_4l_costhetaZ2_genbin0_recobin5 acc 0.0306 eff 0.0 outinratio 0.0567 

ttH126_4l_costhetaZ2_genbin0_recobin5 acc 0.0396 eff 0.0044 outinratio 0.0233 

ggH126_4l_costhetaZ2_genbin1_recobin5 acc 0.0523 eff 0.0005 outinratio 0.0106 

VBFH126_4l_costhetaZ2_genbin1_recobin5 acc 0.0576 eff 0.0 outinratio 0.01 

WminusH126_4l_costhetaZ2_genbin1_recobin5 acc 0.0493 eff 0.0005 outinratio 0.0173 

WplusH126_4l_costhetaZ2_genbin1_recobin5 acc 0.0445 eff 0.0028 outinratio 0.0189 

ZH126_4l_costhetaZ2_genbin1_recobin5 acc 0.0439 eff 0.001 outinratio 0.0567 

ttH126_4l_costhetaZ2_genbin1_recobin5 acc 0.0595 eff 0.0 outinratio 0.0233 

ggH126_4l_costhetaZ2_genbin2_recobin5 acc 0.0648 eff 0.0009 outinratio 0.0106 

VBFH126_4l_costhetaZ2_genbin2_recobin5 acc 0.0711 eff 0.0003 outinratio 0.01 

WminusH126_4l_costhetaZ2_genbin2_recobin5 acc 0.0595 eff 0.0 outinratio 0.0173 

WplusH126_4l_costhetaZ2_genbin2_recobin5 acc 0.054 eff 0.0 outinratio 0.0189 

ZH126_4l_costhetaZ2_genbin2_recobin5 acc 0.0571 eff 0.0047 outinratio 0.0567 

ttH126_4l_costhetaZ2_genbin2_recobin5 acc 0.0708 eff 0.0 outinratio 0.0233 

ggH126_4l_costhetaZ2_genbin3_recobin5 acc 0.0722 eff 0.0024 outinratio 0.0106 

VBFH126_4l_costhetaZ2_genbin3_recobin5 acc 0.0765 eff 0.0008 outinratio 0.01 

WminusH126_4l_costhetaZ2_genbin3_recobin5 acc 0.0654 eff 0.0015 outinratio 0.0173 

WplusH126_4l_costhetaZ2_genbin3_recobin5 acc 0.0592 eff 0.0036 outinratio 0.0189 

ZH126_4l_costhetaZ2_genbin3_recobin5 acc 0.0656 eff 0.0011 outinratio 0.0567 

ttH126_4l_costhetaZ2_genbin3_recobin5 acc 0.074 eff 0.0 outinratio 0.0233 

ggH126_4l_costhetaZ2_genbin4_recobin5 acc 0.0706 eff 0.0307 outinratio 0.0106 

VBFH126_4l_costhetaZ2_genbin4_recobin5 acc 0.077 eff 0.0331 outinratio 0.01 

WminusH126_4l_costhetaZ2_genbin4_recobin5 acc 0.0653 eff 0.0274 outinratio 0.0173 

WplusH126_4l_costhetaZ2_genbin4_recobin5 acc 0.0603 eff 0.0312 outinratio 0.0189 

ZH126_4l_costhetaZ2_genbin4_recobin5 acc 0.0603 eff 0.0295 outinratio 0.0567 

ttH126_4l_costhetaZ2_genbin4_recobin5 acc 0.0773 eff 0.015 outinratio 0.0233 

ggH126_4l_costhetaZ2_genbin5_recobin5 acc 0.066 eff 0.4379 outinratio 0.0106 

VBFH126_4l_costhetaZ2_genbin5_recobin5 acc 0.0676 eff 0.4739 outinratio 0.01 

WminusH126_4l_costhetaZ2_genbin5_recobin5 acc 0.0599 eff 0.413 outinratio 0.0173 

WplusH126_4l_costhetaZ2_genbin5_recobin5 acc 0.0557 eff 0.3795 outinratio 0.0189 

ZH126_4l_costhetaZ2_genbin5_recobin5 acc 0.0576 eff 0.3854 outinratio 0.0567 

ttH126_4l_costhetaZ2_genbin5_recobin5 acc 0.068 eff 0.3344 outinratio 0.0233 

ggH126_4l_costhetaZ2_genbin6_recobin5 acc 0.0513 eff 0.026 outinratio 0.0106 

VBFH126_4l_costhetaZ2_genbin6_recobin5 acc 0.058 eff 0.0259 outinratio 0.01 

WminusH126_4l_costhetaZ2_genbin6_recobin5 acc 0.0473 eff 0.0259 outinratio 0.0173 

WplusH126_4l_costhetaZ2_genbin6_recobin5 acc 0.0429 eff 0.031 outinratio 0.0189 

ZH126_4l_costhetaZ2_genbin6_recobin5 acc 0.0438 eff 0.0382 outinratio 0.0567 

ttH126_4l_costhetaZ2_genbin6_recobin5 acc 0.0565 eff 0.0231 outinratio 0.0233 

ggH126_4l_costhetaZ2_genbin7_recobin5 acc 0.0351 eff 0.0026 outinratio 0.0106 

VBFH126_4l_costhetaZ2_genbin7_recobin5 acc 0.0392 eff 0.0023 outinratio 0.01 

WminusH126_4l_costhetaZ2_genbin7_recobin5 acc 0.0309 eff 0.0036 outinratio 0.0173 

WplusH126_4l_costhetaZ2_genbin7_recobin5 acc 0.028 eff 0.0003 outinratio 0.0189 

ZH126_4l_costhetaZ2_genbin7_recobin5 acc 0.0289 eff 0.0012 outinratio 0.0567 

ttH126_4l_costhetaZ2_genbin7_recobin5 acc 0.0395 eff 0.0034 outinratio 0.0233 

ggH126_4l_costhetaZ2_genbin0_recobin6 acc 0.0327 eff 0.0011 outinratio 0.0083 

VBFH126_4l_costhetaZ2_genbin0_recobin6 acc 0.0393 eff 0.0 outinratio 0.009 

WminusH126_4l_costhetaZ2_genbin0_recobin6 acc 0.0312 eff 0.0 outinratio 0.0101 

WplusH126_4l_costhetaZ2_genbin0_recobin6 acc 0.0299 eff 0.0 outinratio 0.0195 

ZH126_4l_costhetaZ2_genbin0_recobin6 acc 0.0306 eff 0.0 outinratio 0.0409 

ttH126_4l_costhetaZ2_genbin0_recobin6 acc 0.0396 eff 0.0 outinratio 0.0468 

ggH126_4l_costhetaZ2_genbin1_recobin6 acc 0.0523 eff 0.0003 outinratio 0.0083 

VBFH126_4l_costhetaZ2_genbin1_recobin6 acc 0.0576 eff 0.0 outinratio 0.009 

WminusH126_4l_costhetaZ2_genbin1_recobin6 acc 0.0493 eff 0.0 outinratio 0.0101 

WplusH126_4l_costhetaZ2_genbin1_recobin6 acc 0.0445 eff 0.0 outinratio 0.0195 

ZH126_4l_costhetaZ2_genbin1_recobin6 acc 0.0439 eff 0.0 outinratio 0.0409 

ttH126_4l_costhetaZ2_genbin1_recobin6 acc 0.0595 eff 0.0 outinratio 0.0468 

ggH126_4l_costhetaZ2_genbin2_recobin6 acc 0.0648 eff 0.0 outinratio 0.0083 

VBFH126_4l_costhetaZ2_genbin2_recobin6 acc 0.0711 eff 0.0 outinratio 0.009 

WminusH126_4l_costhetaZ2_genbin2_recobin6 acc 0.0595 eff 0.0007 outinratio 0.0101 

WplusH126_4l_costhetaZ2_genbin2_recobin6 acc 0.054 eff 0.0 outinratio 0.0195 

ZH126_4l_costhetaZ2_genbin2_recobin6 acc 0.0571 eff 0.0 outinratio 0.0409 

ttH126_4l_costhetaZ2_genbin2_recobin6 acc 0.0708 eff 0.0 outinratio 0.0468 

ggH126_4l_costhetaZ2_genbin3_recobin6 acc 0.0722 eff 0.0006 outinratio 0.0083 

VBFH126_4l_costhetaZ2_genbin3_recobin6 acc 0.0765 eff 0.0002 outinratio 0.009 

WminusH126_4l_costhetaZ2_genbin3_recobin6 acc 0.0654 eff 0.0007 outinratio 0.0101 

WplusH126_4l_costhetaZ2_genbin3_recobin6 acc 0.0592 eff 0.001 outinratio 0.0195 

ZH126_4l_costhetaZ2_genbin3_recobin6 acc 0.0656 eff 0.0 outinratio 0.0409 

ttH126_4l_costhetaZ2_genbin3_recobin6 acc 0.074 eff 0.0 outinratio 0.0468 

ggH126_4l_costhetaZ2_genbin4_recobin6 acc 0.0706 eff 0.0013 outinratio 0.0083 

VBFH126_4l_costhetaZ2_genbin4_recobin6 acc 0.077 eff 0.0035 outinratio 0.009 

WminusH126_4l_costhetaZ2_genbin4_recobin6 acc 0.0653 eff 0.0008 outinratio 0.0101 

WplusH126_4l_costhetaZ2_genbin4_recobin6 acc 0.0603 eff 0.0 outinratio 0.0195 

ZH126_4l_costhetaZ2_genbin4_recobin6 acc 0.0603 eff 0.0016 outinratio 0.0409 

ttH126_4l_costhetaZ2_genbin4_recobin6 acc 0.0773 eff 0.0013 outinratio 0.0468 

ggH126_4l_costhetaZ2_genbin5_recobin6 acc 0.066 eff 0.028 outinratio 0.0083 

VBFH126_4l_costhetaZ2_genbin5_recobin6 acc 0.0676 eff 0.021 outinratio 0.009 

WminusH126_4l_costhetaZ2_genbin5_recobin6 acc 0.0599 eff 0.0211 outinratio 0.0101 

WplusH126_4l_costhetaZ2_genbin5_recobin6 acc 0.0557 eff 0.0272 outinratio 0.0195 

ZH126_4l_costhetaZ2_genbin5_recobin6 acc 0.0576 eff 0.0232 outinratio 0.0409 

ttH126_4l_costhetaZ2_genbin5_recobin6 acc 0.068 eff 0.0209 outinratio 0.0468 

ggH126_4l_costhetaZ2_genbin6_recobin6 acc 0.0513 eff 0.4461 outinratio 0.0083 

VBFH126_4l_costhetaZ2_genbin6_recobin6 acc 0.058 eff 0.4337 outinratio 0.009 

WminusH126_4l_costhetaZ2_genbin6_recobin6 acc 0.0473 eff 0.418 outinratio 0.0101 

WplusH126_4l_costhetaZ2_genbin6_recobin6 acc 0.0429 eff 0.4077 outinratio 0.0195 

ZH126_4l_costhetaZ2_genbin6_recobin6 acc 0.0438 eff 0.4148 outinratio 0.0409 

ttH126_4l_costhetaZ2_genbin6_recobin6 acc 0.0565 eff 0.3602 outinratio 0.0468 

ggH126_4l_costhetaZ2_genbin7_recobin6 acc 0.0351 eff 0.0199 outinratio 0.0083 

VBFH126_4l_costhetaZ2_genbin7_recobin6 acc 0.0392 eff 0.0232 outinratio 0.009 

WminusH126_4l_costhetaZ2_genbin7_recobin6 acc 0.0309 eff 0.0193 outinratio 0.0101 

WplusH126_4l_costhetaZ2_genbin7_recobin6 acc 0.028 eff 0.023 outinratio 0.0195 

ZH126_4l_costhetaZ2_genbin7_recobin6 acc 0.0289 eff 0.0215 outinratio 0.0409 

ttH126_4l_costhetaZ2_genbin7_recobin6 acc 0.0395 eff 0.0108 outinratio 0.0468 

ggH126_4l_costhetaZ2_genbin0_recobin7 acc 0.0327 eff 0.0011 outinratio 0.0036 

VBFH126_4l_costhetaZ2_genbin0_recobin7 acc 0.0393 eff 0.0 outinratio 0.0078 

WminusH126_4l_costhetaZ2_genbin0_recobin7 acc 0.0312 eff 0.0 outinratio 0.0128 

WplusH126_4l_costhetaZ2_genbin0_recobin7 acc 0.0299 eff 0.0 outinratio 0.0053 

ZH126_4l_costhetaZ2_genbin0_recobin7 acc 0.0306 eff 0.0 outinratio 0.0551 

ttH126_4l_costhetaZ2_genbin0_recobin7 acc 0.0396 eff 0.0 outinratio 0.0501 

ggH126_4l_costhetaZ2_genbin1_recobin7 acc 0.0523 eff 0.0 outinratio 0.0036 

VBFH126_4l_costhetaZ2_genbin1_recobin7 acc 0.0576 eff 0.0 outinratio 0.0078 

WminusH126_4l_costhetaZ2_genbin1_recobin7 acc 0.0493 eff 0.0003 outinratio 0.0128 

WplusH126_4l_costhetaZ2_genbin1_recobin7 acc 0.0445 eff 0.0006 outinratio 0.0053 

ZH126_4l_costhetaZ2_genbin1_recobin7 acc 0.0439 eff 0.0005 outinratio 0.0551 

ttH126_4l_costhetaZ2_genbin1_recobin7 acc 0.0595 eff 0.0 outinratio 0.0501 

ggH126_4l_costhetaZ2_genbin2_recobin7 acc 0.0648 eff 0.0002 outinratio 0.0036 

VBFH126_4l_costhetaZ2_genbin2_recobin7 acc 0.0711 eff 0.0 outinratio 0.0078 

WminusH126_4l_costhetaZ2_genbin2_recobin7 acc 0.0595 eff 0.0 outinratio 0.0128 

WplusH126_4l_costhetaZ2_genbin2_recobin7 acc 0.054 eff 0.0 outinratio 0.0053 

ZH126_4l_costhetaZ2_genbin2_recobin7 acc 0.0571 eff 0.0 outinratio 0.0551 

ttH126_4l_costhetaZ2_genbin2_recobin7 acc 0.0708 eff 0.0 outinratio 0.0501 

ggH126_4l_costhetaZ2_genbin3_recobin7 acc 0.0722 eff 0.0005 outinratio 0.0036 

VBFH126_4l_costhetaZ2_genbin3_recobin7 acc 0.0765 eff 0.0 outinratio 0.0078 

WminusH126_4l_costhetaZ2_genbin3_recobin7 acc 0.0654 eff 0.0004 outinratio 0.0128 

WplusH126_4l_costhetaZ2_genbin3_recobin7 acc 0.0592 eff 0.0 outinratio 0.0053 

ZH126_4l_costhetaZ2_genbin3_recobin7 acc 0.0656 eff 0.0 outinratio 0.0551 

ttH126_4l_costhetaZ2_genbin3_recobin7 acc 0.074 eff 0.0 outinratio 0.0501 

ggH126_4l_costhetaZ2_genbin4_recobin7 acc 0.0706 eff 0.0004 outinratio 0.0036 

VBFH126_4l_costhetaZ2_genbin4_recobin7 acc 0.077 eff 0.0 outinratio 0.0078 

WminusH126_4l_costhetaZ2_genbin4_recobin7 acc 0.0653 eff 0.0004 outinratio 0.0128 

WplusH126_4l_costhetaZ2_genbin4_recobin7 acc 0.0603 eff 0.0 outinratio 0.0053 

ZH126_4l_costhetaZ2_genbin4_recobin7 acc 0.0603 eff 0.0 outinratio 0.0551 

ttH126_4l_costhetaZ2_genbin4_recobin7 acc 0.0773 eff 0.0012 outinratio 0.0501 

ggH126_4l_costhetaZ2_genbin5_recobin7 acc 0.066 eff 0.0 outinratio 0.0036 

VBFH126_4l_costhetaZ2_genbin5_recobin7 acc 0.0676 eff 0.0025 outinratio 0.0078 

WminusH126_4l_costhetaZ2_genbin5_recobin7 acc 0.0599 eff 0.0015 outinratio 0.0128 

WplusH126_4l_costhetaZ2_genbin5_recobin7 acc 0.0557 eff 0.0011 outinratio 0.0053 

ZH126_4l_costhetaZ2_genbin5_recobin7 acc 0.0576 eff 0.0 outinratio 0.0551 

ttH126_4l_costhetaZ2_genbin5_recobin7 acc 0.068 eff 0.0 outinratio 0.0501 

ggH126_4l_costhetaZ2_genbin6_recobin7 acc 0.0513 eff 0.0143 outinratio 0.0036 

VBFH126_4l_costhetaZ2_genbin6_recobin7 acc 0.058 eff 0.0179 outinratio 0.0078 

WminusH126_4l_costhetaZ2_genbin6_recobin7 acc 0.0473 eff 0.0182 outinratio 0.0128 

WplusH126_4l_costhetaZ2_genbin6_recobin7 acc 0.0429 eff 0.016 outinratio 0.0053 

ZH126_4l_costhetaZ2_genbin6_recobin7 acc 0.0438 eff 0.0223 outinratio 0.0551 

ttH126_4l_costhetaZ2_genbin6_recobin7 acc 0.0565 eff 0.0102 outinratio 0.0501 

ggH126_4l_costhetaZ2_genbin7_recobin7 acc 0.0351 eff 0.461 outinratio 0.0036 

VBFH126_4l_costhetaZ2_genbin7_recobin7 acc 0.0392 eff 0.501 outinratio 0.0078 

WminusH126_4l_costhetaZ2_genbin7_recobin7 acc 0.0309 eff 0.4346 outinratio 0.0128 

WplusH126_4l_costhetaZ2_genbin7_recobin7 acc 0.028 eff 0.436 outinratio 0.0053 

ZH126_4l_costhetaZ2_genbin7_recobin7 acc 0.0289 eff 0.4331 outinratio 0.0551 

ttH126_4l_costhetaZ2_genbin7_recobin7 acc 0.0395 eff 0.3716 outinratio 0.0501 

ggH126_4e_costhetaZ2_genbin0_recobin0 acc 0.0287 eff 0.3236 outinratio 0.0254 

VBFH126_4e_costhetaZ2_genbin0_recobin0 acc 0.0349 eff 0.3334 outinratio 0.0 

WminusH126_4e_costhetaZ2_genbin0_recobin0 acc 0.0264 eff 0.3494 outinratio 0.0178 

WplusH126_4e_costhetaZ2_genbin0_recobin0 acc 0.0277 eff 0.4082 outinratio 0.0593 

ZH126_4e_costhetaZ2_genbin0_recobin0 acc 0.0263 eff 0.2317 outinratio 0.1216 

ttH126_4e_costhetaZ2_genbin0_recobin0 acc 0.0419 eff 0.2105 outinratio 0.0 

ggH126_4e_costhetaZ2_genbin1_recobin0 acc 0.047 eff 0.0106 outinratio 0.0254 

VBFH126_4e_costhetaZ2_genbin1_recobin0 acc 0.0495 eff 0.0166 outinratio 0.0 

WminusH126_4e_costhetaZ2_genbin1_recobin0 acc 0.0465 eff 0.0132 outinratio 0.0178 

WplusH126_4e_costhetaZ2_genbin1_recobin0 acc 0.0394 eff 0.0213 outinratio 0.0593 

ZH126_4e_costhetaZ2_genbin1_recobin0 acc 0.0411 eff 0.0105 outinratio 0.1216 

ttH126_4e_costhetaZ2_genbin1_recobin0 acc 0.0574 eff 0.0 outinratio 0.0 

ggH126_4e_costhetaZ2_genbin2_recobin0 acc 0.0609 eff 0.0037 outinratio 0.0254 

VBFH126_4e_costhetaZ2_genbin2_recobin0 acc 0.0739 eff 0.0 outinratio 0.0 

WminusH126_4e_costhetaZ2_genbin2_recobin0 acc 0.0596 eff 0.0021 outinratio 0.0178 

WplusH126_4e_costhetaZ2_genbin2_recobin0 acc 0.0503 eff 0.0 outinratio 0.0593 

ZH126_4e_costhetaZ2_genbin2_recobin0 acc 0.0551 eff 0.0 outinratio 0.1216 

ttH126_4e_costhetaZ2_genbin2_recobin0 acc 0.0687 eff 0.0 outinratio 0.0 

ggH126_4e_costhetaZ2_genbin3_recobin0 acc 0.0735 eff 0.0 outinratio 0.0254 

VBFH126_4e_costhetaZ2_genbin3_recobin0 acc 0.0772 eff 0.0 outinratio 0.0 

WminusH126_4e_costhetaZ2_genbin3_recobin0 acc 0.0667 eff 0.0 outinratio 0.0178 

WplusH126_4e_costhetaZ2_genbin3_recobin0 acc 0.0602 eff 0.0036 outinratio 0.0593 

ZH126_4e_costhetaZ2_genbin3_recobin0 acc 0.0625 eff 0.0 outinratio 0.1216 

ttH126_4e_costhetaZ2_genbin3_recobin0 acc 0.072 eff 0.0 outinratio 0.0 

ggH126_4e_costhetaZ2_genbin4_recobin0 acc 0.0745 eff 0.0009 outinratio 0.0254 

VBFH126_4e_costhetaZ2_genbin4_recobin0 acc 0.0779 eff 0.0 outinratio 0.0 

WminusH126_4e_costhetaZ2_genbin4_recobin0 acc 0.0638 eff 0.0 outinratio 0.0178 

WplusH126_4e_costhetaZ2_genbin4_recobin0 acc 0.0584 eff 0.0 outinratio 0.0593 

ZH126_4e_costhetaZ2_genbin4_recobin0 acc 0.0611 eff 0.001 outinratio 0.1216 

ttH126_4e_costhetaZ2_genbin4_recobin0 acc 0.0738 eff 0.0051 outinratio 0.0 

ggH126_4e_costhetaZ2_genbin5_recobin0 acc 0.0666 eff 0.0 outinratio 0.0254 

VBFH126_4e_costhetaZ2_genbin5_recobin0 acc 0.0614 eff 0.0 outinratio 0.0 

WminusH126_4e_costhetaZ2_genbin5_recobin0 acc 0.0606 eff 0.0 outinratio 0.0178 

WplusH126_4e_costhetaZ2_genbin5_recobin0 acc 0.0544 eff 0.0 outinratio 0.0593 

ZH126_4e_costhetaZ2_genbin5_recobin0 acc 0.0557 eff 0.0 outinratio 0.1216 

ttH126_4e_costhetaZ2_genbin5_recobin0 acc 0.0621 eff 0.0 outinratio 0.0 

ggH126_4e_costhetaZ2_genbin6_recobin0 acc 0.0444 eff 0.0 outinratio 0.0254 

VBFH126_4e_costhetaZ2_genbin6_recobin0 acc 0.0514 eff 0.0 outinratio 0.0 

WminusH126_4e_costhetaZ2_genbin6_recobin0 acc 0.0428 eff 0.0 outinratio 0.0178 

WplusH126_4e_costhetaZ2_genbin6_recobin0 acc 0.0388 eff 0.0 outinratio 0.0593 

ZH126_4e_costhetaZ2_genbin6_recobin0 acc 0.0401 eff 0.0 outinratio 0.1216 

ttH126_4e_costhetaZ2_genbin6_recobin0 acc 0.0588 eff 0.0 outinratio 0.0 

ggH126_4e_costhetaZ2_genbin7_recobin0 acc 0.0314 eff 0.0 outinratio 0.0254 

VBFH126_4e_costhetaZ2_genbin7_recobin0 acc 0.0387 eff 0.0 outinratio 0.0 

WminusH126_4e_costhetaZ2_genbin7_recobin0 acc 0.0287 eff 0.0 outinratio 0.0178 

WplusH126_4e_costhetaZ2_genbin7_recobin0 acc 0.0242 eff 0.0 outinratio 0.0593 

ZH126_4e_costhetaZ2_genbin7_recobin0 acc 0.0252 eff 0.0 outinratio 0.1216 

ttH126_4e_costhetaZ2_genbin7_recobin0 acc 0.0423 eff 0.0 outinratio 0.0 

ggH126_4e_costhetaZ2_genbin0_recobin1 acc 0.0287 eff 0.0273 outinratio 0.0187 

VBFH126_4e_costhetaZ2_genbin0_recobin1 acc 0.0349 eff 0.0082 outinratio 0.0188 

WminusH126_4e_costhetaZ2_genbin0_recobin1 acc 0.0264 eff 0.0251 outinratio 0.047 

WplusH126_4e_costhetaZ2_genbin0_recobin1 acc 0.0277 eff 0.0098 outinratio 0.0077 

ZH126_4e_costhetaZ2_genbin0_recobin1 acc 0.0263 eff 0.0312 outinratio 0.0868 

ttH126_4e_costhetaZ2_genbin0_recobin1 acc 0.0419 eff 0.0479 outinratio 0.1559 

ggH126_4e_costhetaZ2_genbin1_recobin1 acc 0.047 eff 0.3187 outinratio 0.0187 

VBFH126_4e_costhetaZ2_genbin1_recobin1 acc 0.0495 eff 0.3512 outinratio 0.0188 

WminusH126_4e_costhetaZ2_genbin1_recobin1 acc 0.0465 eff 0.285 outinratio 0.047 

WplusH126_4e_costhetaZ2_genbin1_recobin1 acc 0.0394 eff 0.2726 outinratio 0.0077 

ZH126_4e_costhetaZ2_genbin1_recobin1 acc 0.0411 eff 0.3053 outinratio 0.0868 

ttH126_4e_costhetaZ2_genbin1_recobin1 acc 0.0574 eff 0.2807 outinratio 0.1559 

ggH126_4e_costhetaZ2_genbin2_recobin1 acc 0.0609 eff 0.0221 outinratio 0.0187 

VBFH126_4e_costhetaZ2_genbin2_recobin1 acc 0.0739 eff 0.0314 outinratio 0.0188 

WminusH126_4e_costhetaZ2_genbin2_recobin1 acc 0.0596 eff 0.0343 outinratio 0.047 

WplusH126_4e_costhetaZ2_genbin2_recobin1 acc 0.0503 eff 0.0301 outinratio 0.0077 

ZH126_4e_costhetaZ2_genbin2_recobin1 acc 0.0551 eff 0.0238 outinratio 0.0868 

ttH126_4e_costhetaZ2_genbin2_recobin1 acc 0.0687 eff 0.0137 outinratio 0.1559 

ggH126_4e_costhetaZ2_genbin3_recobin1 acc 0.0735 eff 0.0018 outinratio 0.0187 

VBFH126_4e_costhetaZ2_genbin3_recobin1 acc 0.0772 eff 0.0054 outinratio 0.0188 

WminusH126_4e_costhetaZ2_genbin3_recobin1 acc 0.0667 eff 0.0007 outinratio 0.047 

WplusH126_4e_costhetaZ2_genbin3_recobin1 acc 0.0602 eff 0.0 outinratio 0.0077 

ZH126_4e_costhetaZ2_genbin3_recobin1 acc 0.0625 eff 0.0025 outinratio 0.0868 

ttH126_4e_costhetaZ2_genbin3_recobin1 acc 0.072 eff 0.0 outinratio 0.1559 

ggH126_4e_costhetaZ2_genbin4_recobin1 acc 0.0745 eff 0.0 outinratio 0.0187 

VBFH126_4e_costhetaZ2_genbin4_recobin1 acc 0.0779 eff 0.0 outinratio 0.0188 

WminusH126_4e_costhetaZ2_genbin4_recobin1 acc 0.0638 eff 0.0004 outinratio 0.047 

WplusH126_4e_costhetaZ2_genbin4_recobin1 acc 0.0584 eff 0.0 outinratio 0.0077 

ZH126_4e_costhetaZ2_genbin4_recobin1 acc 0.0611 eff 0.0 outinratio 0.0868 

ttH126_4e_costhetaZ2_genbin4_recobin1 acc 0.0738 eff 0.0 outinratio 0.1559 

ggH126_4e_costhetaZ2_genbin5_recobin1 acc 0.0666 eff 0.0006 outinratio 0.0187 

VBFH126_4e_costhetaZ2_genbin5_recobin1 acc 0.0614 eff 0.0 outinratio 0.0188 

WminusH126_4e_costhetaZ2_genbin5_recobin1 acc 0.0606 eff 0.0018 outinratio 0.047 

WplusH126_4e_costhetaZ2_genbin5_recobin1 acc 0.0544 eff 0.0 outinratio 0.0077 

ZH126_4e_costhetaZ2_genbin5_recobin1 acc 0.0557 eff 0.0 outinratio 0.0868 

ttH126_4e_costhetaZ2_genbin5_recobin1 acc 0.0621 eff 0.0 outinratio 0.1559 

ggH126_4e_costhetaZ2_genbin6_recobin1 acc 0.0444 eff 0.0 outinratio 0.0187 

VBFH126_4e_costhetaZ2_genbin6_recobin1 acc 0.0514 eff 0.0 outinratio 0.0188 

WminusH126_4e_costhetaZ2_genbin6_recobin1 acc 0.0428 eff 0.0005 outinratio 0.047 

WplusH126_4e_costhetaZ2_genbin6_recobin1 acc 0.0388 eff 0.003 outinratio 0.0077 

ZH126_4e_costhetaZ2_genbin6_recobin1 acc 0.0401 eff 0.0 outinratio 0.0868 

ttH126_4e_costhetaZ2_genbin6_recobin1 acc 0.0588 eff 0.0 outinratio 0.1559 

ggH126_4e_costhetaZ2_genbin7_recobin1 acc 0.0314 eff 0.0 outinratio 0.0187 

VBFH126_4e_costhetaZ2_genbin7_recobin1 acc 0.0387 eff 0.0 outinratio 0.0188 

WminusH126_4e_costhetaZ2_genbin7_recobin1 acc 0.0287 eff 0.0 outinratio 0.047 

WplusH126_4e_costhetaZ2_genbin7_recobin1 acc 0.0242 eff 0.0 outinratio 0.0077 

ZH126_4e_costhetaZ2_genbin7_recobin1 acc 0.0252 eff 0.0 outinratio 0.0868 

ttH126_4e_costhetaZ2_genbin7_recobin1 acc 0.0423 eff 0.0 outinratio 0.1559 

ggH126_4e_costhetaZ2_genbin0_recobin2 acc 0.0287 eff 0.0 outinratio 0.0075 

VBFH126_4e_costhetaZ2_genbin0_recobin2 acc 0.0349 eff 0.0 outinratio 0.0069 

WminusH126_4e_costhetaZ2_genbin0_recobin2 acc 0.0264 eff 0.0047 outinratio 0.009 

WplusH126_4e_costhetaZ2_genbin0_recobin2 acc 0.0277 eff 0.0 outinratio 0.0625 

ZH126_4e_costhetaZ2_genbin0_recobin2 acc 0.0263 eff -0.0051 outinratio 0.0788 

ttH126_4e_costhetaZ2_genbin0_recobin2 acc 0.0419 eff 0.002 outinratio 0.0749 

ggH126_4e_costhetaZ2_genbin1_recobin2 acc 0.047 eff 0.0236 outinratio 0.0075 

VBFH126_4e_costhetaZ2_genbin1_recobin2 acc 0.0495 eff 0.0145 outinratio 0.0069 

WminusH126_4e_costhetaZ2_genbin1_recobin2 acc 0.0465 eff 0.0293 outinratio 0.009 

WplusH126_4e_costhetaZ2_genbin1_recobin2 acc 0.0394 eff 0.0262 outinratio 0.0625 

ZH126_4e_costhetaZ2_genbin1_recobin2 acc 0.0411 eff 0.0277 outinratio 0.0788 

ttH126_4e_costhetaZ2_genbin1_recobin2 acc 0.0574 eff 0.0282 outinratio 0.0749 

ggH126_4e_costhetaZ2_genbin2_recobin2 acc 0.0609 eff 0.3227 outinratio 0.0075 

VBFH126_4e_costhetaZ2_genbin2_recobin2 acc 0.0739 eff 0.3569 outinratio 0.0069 

WminusH126_4e_costhetaZ2_genbin2_recobin2 acc 0.0596 eff 0.289 outinratio 0.009 

WplusH126_4e_costhetaZ2_genbin2_recobin2 acc 0.0503 eff 0.2672 outinratio 0.0625 

ZH126_4e_costhetaZ2_genbin2_recobin2 acc 0.0551 eff 0.2999 outinratio 0.0788 

ttH126_4e_costhetaZ2_genbin2_recobin2 acc 0.0687 eff 0.2878 outinratio 0.0749 

ggH126_4e_costhetaZ2_genbin3_recobin2 acc 0.0735 eff 0.0451 outinratio 0.0075 

VBFH126_4e_costhetaZ2_genbin3_recobin2 acc 0.0772 eff 0.0403 outinratio 0.0069 

WminusH126_4e_costhetaZ2_genbin3_recobin2 acc 0.0667 eff 0.0355 outinratio 0.009 

WplusH126_4e_costhetaZ2_genbin3_recobin2 acc 0.0602 eff 0.024 outinratio 0.0625 

ZH126_4e_costhetaZ2_genbin3_recobin2 acc 0.0625 eff 0.0303 outinratio 0.0788 

ttH126_4e_costhetaZ2_genbin3_recobin2 acc 0.072 eff 0.0148 outinratio 0.0749 

ggH126_4e_costhetaZ2_genbin4_recobin2 acc 0.0745 eff 0.0027 outinratio 0.0075 

VBFH126_4e_costhetaZ2_genbin4_recobin2 acc 0.0779 eff 0.0041 outinratio 0.0069 

WminusH126_4e_costhetaZ2_genbin4_recobin2 acc 0.0638 eff 0.0 outinratio 0.009 

WplusH126_4e_costhetaZ2_genbin4_recobin2 acc 0.0584 eff 0.0017 outinratio 0.0625 

ZH126_4e_costhetaZ2_genbin4_recobin2 acc 0.0611 eff 0.0015 outinratio 0.0788 

ttH126_4e_costhetaZ2_genbin4_recobin2 acc 0.0738 eff 0.0025 outinratio 0.0749 

ggH126_4e_costhetaZ2_genbin5_recobin2 acc 0.0666 eff 0.0 outinratio 0.0075 

VBFH126_4e_costhetaZ2_genbin5_recobin2 acc 0.0614 eff 0.0 outinratio 0.0069 

WminusH126_4e_costhetaZ2_genbin5_recobin2 acc 0.0606 eff 0.0 outinratio 0.009 

WplusH126_4e_costhetaZ2_genbin5_recobin2 acc 0.0544 eff 0.0 outinratio 0.0625 

ZH126_4e_costhetaZ2_genbin5_recobin2 acc 0.0557 eff 0.0 outinratio 0.0788 

ttH126_4e_costhetaZ2_genbin5_recobin2 acc 0.0621 eff 0.0 outinratio 0.0749 

ggH126_4e_costhetaZ2_genbin6_recobin2 acc 0.0444 eff 0.0 outinratio 0.0075 

VBFH126_4e_costhetaZ2_genbin6_recobin2 acc 0.0514 eff 0.0 outinratio 0.0069 

WminusH126_4e_costhetaZ2_genbin6_recobin2 acc 0.0428 eff 0.0 outinratio 0.009 

WplusH126_4e_costhetaZ2_genbin6_recobin2 acc 0.0388 eff 0.0 outinratio 0.0625 

ZH126_4e_costhetaZ2_genbin6_recobin2 acc 0.0401 eff 0.0 outinratio 0.0788 

ttH126_4e_costhetaZ2_genbin6_recobin2 acc 0.0588 eff 0.0 outinratio 0.0749 

ggH126_4e_costhetaZ2_genbin7_recobin2 acc 0.0314 eff 0.0 outinratio 0.0075 

VBFH126_4e_costhetaZ2_genbin7_recobin2 acc 0.0387 eff 0.0 outinratio 0.0069 

WminusH126_4e_costhetaZ2_genbin7_recobin2 acc 0.0287 eff 0.0 outinratio 0.009 

WplusH126_4e_costhetaZ2_genbin7_recobin2 acc 0.0242 eff 0.0 outinratio 0.0625 

ZH126_4e_costhetaZ2_genbin7_recobin2 acc 0.0252 eff 0.0 outinratio 0.0788 

ttH126_4e_costhetaZ2_genbin7_recobin2 acc 0.0423 eff 0.0 outinratio 0.0749 

ggH126_4e_costhetaZ2_genbin0_recobin3 acc 0.0287 eff 0.0 outinratio 0.008 

VBFH126_4e_costhetaZ2_genbin0_recobin3 acc 0.0349 eff 0.008 outinratio 0.0088 

WminusH126_4e_costhetaZ2_genbin0_recobin3 acc 0.0264 eff 0.004 outinratio 0.0414 

WplusH126_4e_costhetaZ2_genbin0_recobin3 acc 0.0277 eff 0.0 outinratio 0.0321 

ZH126_4e_costhetaZ2_genbin0_recobin3 acc 0.0263 eff 0.0 outinratio 0.0541 

ttH126_4e_costhetaZ2_genbin0_recobin3 acc 0.0419 eff 0.0 outinratio 0.0293 

ggH126_4e_costhetaZ2_genbin1_recobin3 acc 0.047 eff 0.0015 outinratio 0.008 

VBFH126_4e_costhetaZ2_genbin1_recobin3 acc 0.0495 eff 0.0 outinratio 0.0088 

WminusH126_4e_costhetaZ2_genbin1_recobin3 acc 0.0465 eff 0.0 outinratio 0.0414 

WplusH126_4e_costhetaZ2_genbin1_recobin3 acc 0.0394 eff 0.0063 outinratio 0.0321 

ZH126_4e_costhetaZ2_genbin1_recobin3 acc 0.0411 eff 0.0 outinratio 0.0541 

ttH126_4e_costhetaZ2_genbin1_recobin3 acc 0.0574 eff 0.0 outinratio 0.0293 

ggH126_4e_costhetaZ2_genbin2_recobin3 acc 0.0609 eff 0.0399 outinratio 0.008 

VBFH126_4e_costhetaZ2_genbin2_recobin3 acc 0.0739 eff 0.0431 outinratio 0.0088 

WminusH126_4e_costhetaZ2_genbin2_recobin3 acc 0.0596 eff 0.0365 outinratio 0.0414 

WplusH126_4e_costhetaZ2_genbin2_recobin3 acc 0.0503 eff 0.0604 outinratio 0.0321 

ZH126_4e_costhetaZ2_genbin2_recobin3 acc 0.0551 eff 0.0347 outinratio 0.0541 

ttH126_4e_costhetaZ2_genbin2_recobin3 acc 0.0687 eff 0.0101 outinratio 0.0293 

ggH126_4e_costhetaZ2_genbin3_recobin3 acc 0.0735 eff 0.3094 outinratio 0.008 

VBFH126_4e_costhetaZ2_genbin3_recobin3 acc 0.0772 eff 0.302 outinratio 0.0088 

WminusH126_4e_costhetaZ2_genbin3_recobin3 acc 0.0667 eff 0.311 outinratio 0.0414 

WplusH126_4e_costhetaZ2_genbin3_recobin3 acc 0.0602 eff 0.3192 outinratio 0.0321 

ZH126_4e_costhetaZ2_genbin3_recobin3 acc 0.0625 eff 0.3297 outinratio 0.0541 

ttH126_4e_costhetaZ2_genbin3_recobin3 acc 0.072 eff 0.2993 outinratio 0.0293 

ggH126_4e_costhetaZ2_genbin4_recobin3 acc 0.0745 eff 0.0417 outinratio 0.008 

VBFH126_4e_costhetaZ2_genbin4_recobin3 acc 0.0779 eff 0.0505 outinratio 0.0088 

WminusH126_4e_costhetaZ2_genbin4_recobin3 acc 0.0638 eff 0.0329 outinratio 0.0414 

WplusH126_4e_costhetaZ2_genbin4_recobin3 acc 0.0584 eff 0.0402 outinratio 0.0321 

ZH126_4e_costhetaZ2_genbin4_recobin3 acc 0.0611 eff 0.0374 outinratio 0.0541 

ttH126_4e_costhetaZ2_genbin4_recobin3 acc 0.0738 eff 0.0192 outinratio 0.0293 

ggH126_4e_costhetaZ2_genbin5_recobin3 acc 0.0666 eff 0.0 outinratio 0.008 

VBFH126_4e_costhetaZ2_genbin5_recobin3 acc 0.0614 eff 0.0 outinratio 0.0088 

WminusH126_4e_costhetaZ2_genbin5_recobin3 acc 0.0606 eff 0.0 outinratio 0.0414 

WplusH126_4e_costhetaZ2_genbin5_recobin3 acc 0.0544 eff 0.0019 outinratio 0.0321 

ZH126_4e_costhetaZ2_genbin5_recobin3 acc 0.0557 eff 0.0 outinratio 0.0541 

ttH126_4e_costhetaZ2_genbin5_recobin3 acc 0.0621 eff 0.0 outinratio 0.0293 

ggH126_4e_costhetaZ2_genbin6_recobin3 acc 0.0444 eff 0.0008 outinratio 0.008 

VBFH126_4e_costhetaZ2_genbin6_recobin3 acc 0.0514 eff 0.0029 outinratio 0.0088 

WminusH126_4e_costhetaZ2_genbin6_recobin3 acc 0.0428 eff 0.0 outinratio 0.0414 

WplusH126_4e_costhetaZ2_genbin6_recobin3 acc 0.0388 eff 0.0 outinratio 0.0321 

ZH126_4e_costhetaZ2_genbin6_recobin3 acc 0.0401 eff 0.0 outinratio 0.0541 

ttH126_4e_costhetaZ2_genbin6_recobin3 acc 0.0588 eff 0.0128 outinratio 0.0293 

ggH126_4e_costhetaZ2_genbin7_recobin3 acc 0.0314 eff 0.0 outinratio 0.008 

VBFH126_4e_costhetaZ2_genbin7_recobin3 acc 0.0387 eff 0.0 outinratio 0.0088 

WminusH126_4e_costhetaZ2_genbin7_recobin3 acc 0.0287 eff 0.0 outinratio 0.0414 

WplusH126_4e_costhetaZ2_genbin7_recobin3 acc 0.0242 eff 0.0 outinratio 0.0321 

ZH126_4e_costhetaZ2_genbin7_recobin3 acc 0.0252 eff 0.0 outinratio 0.0541 

ttH126_4e_costhetaZ2_genbin7_recobin3 acc 0.0423 eff 0.0 outinratio 0.0293 

ggH126_4e_costhetaZ2_genbin0_recobin4 acc 0.0287 eff 0.0 outinratio 0.0153 

VBFH126_4e_costhetaZ2_genbin0_recobin4 acc 0.0349 eff 0.0 outinratio 0.0154 

WminusH126_4e_costhetaZ2_genbin0_recobin4 acc 0.0264 eff 0.0 outinratio 0.0117 

WplusH126_4e_costhetaZ2_genbin0_recobin4 acc 0.0277 eff 0.0 outinratio 0.0016 

ZH126_4e_costhetaZ2_genbin0_recobin4 acc 0.0263 eff 0.0 outinratio 0.044 

ttH126_4e_costhetaZ2_genbin0_recobin4 acc 0.0419 eff 0.0 outinratio 0.0298 

ggH126_4e_costhetaZ2_genbin1_recobin4 acc 0.047 eff 0.0 outinratio 0.0153 

VBFH126_4e_costhetaZ2_genbin1_recobin4 acc 0.0495 eff 0.0 outinratio 0.0154 

WminusH126_4e_costhetaZ2_genbin1_recobin4 acc 0.0465 eff 0.0019 outinratio 0.0117 

WplusH126_4e_costhetaZ2_genbin1_recobin4 acc 0.0394 eff 0.0061 outinratio 0.0016 

ZH126_4e_costhetaZ2_genbin1_recobin4 acc 0.0411 eff 0.0 outinratio 0.044 

ttH126_4e_costhetaZ2_genbin1_recobin4 acc 0.0574 eff 0.0 outinratio 0.0298 

ggH126_4e_costhetaZ2_genbin2_recobin4 acc 0.0609 eff 0.0 outinratio 0.0153 

VBFH126_4e_costhetaZ2_genbin2_recobin4 acc 0.0739 eff 0.0 outinratio 0.0154 

WminusH126_4e_costhetaZ2_genbin2_recobin4 acc 0.0596 eff 0.0056 outinratio 0.0117 

WplusH126_4e_costhetaZ2_genbin2_recobin4 acc 0.0503 eff 0.0061 outinratio 0.0016 

ZH126_4e_costhetaZ2_genbin2_recobin4 acc 0.0551 eff 0.0011 outinratio 0.044 

ttH126_4e_costhetaZ2_genbin2_recobin4 acc 0.0687 eff 0.0 outinratio 0.0298 

ggH126_4e_costhetaZ2_genbin3_recobin4 acc 0.0735 eff 0.039 outinratio 0.0153 

VBFH126_4e_costhetaZ2_genbin3_recobin4 acc 0.0772 eff 0.0433 outinratio 0.0154 

WminusH126_4e_costhetaZ2_genbin3_recobin4 acc 0.0667 eff 0.026 outinratio 0.0117 

WplusH126_4e_costhetaZ2_genbin3_recobin4 acc 0.0602 eff 0.039 outinratio 0.0016 

ZH126_4e_costhetaZ2_genbin3_recobin4 acc 0.0625 eff 0.0566 outinratio 0.044 

ttH126_4e_costhetaZ2_genbin3_recobin4 acc 0.072 eff 0.0508 outinratio 0.0298 

ggH126_4e_costhetaZ2_genbin4_recobin4 acc 0.0745 eff 0.2954 outinratio 0.0153 

VBFH126_4e_costhetaZ2_genbin4_recobin4 acc 0.0779 eff 0.3591 outinratio 0.0154 

WminusH126_4e_costhetaZ2_genbin4_recobin4 acc 0.0638 eff 0.2951 outinratio 0.0117 

WplusH126_4e_costhetaZ2_genbin4_recobin4 acc 0.0584 eff 0.3028 outinratio 0.0016 

ZH126_4e_costhetaZ2_genbin4_recobin4 acc 0.0611 eff 0.3229 outinratio 0.044 

ttH126_4e_costhetaZ2_genbin4_recobin4 acc 0.0738 eff 0.1683 outinratio 0.0298 

ggH126_4e_costhetaZ2_genbin5_recobin4 acc 0.0666 eff 0.0399 outinratio 0.0153 

VBFH126_4e_costhetaZ2_genbin5_recobin4 acc 0.0614 eff 0.0246 outinratio 0.0154 

WminusH126_4e_costhetaZ2_genbin5_recobin4 acc 0.0606 eff 0.0361 outinratio 0.0117 

WplusH126_4e_costhetaZ2_genbin5_recobin4 acc 0.0544 eff 0.0425 outinratio 0.0016 

ZH126_4e_costhetaZ2_genbin5_recobin4 acc 0.0557 eff 0.0552 outinratio 0.044 

ttH126_4e_costhetaZ2_genbin5_recobin4 acc 0.0621 eff 0.0257 outinratio 0.0298 

ggH126_4e_costhetaZ2_genbin6_recobin4 acc 0.0444 eff 0.0053 outinratio 0.0153 

VBFH126_4e_costhetaZ2_genbin6_recobin4 acc 0.0514 eff 0.0 outinratio 0.0154 

WminusH126_4e_costhetaZ2_genbin6_recobin4 acc 0.0428 eff 0.0023 outinratio 0.0117 

WplusH126_4e_costhetaZ2_genbin6_recobin4 acc 0.0388 eff 0.006 outinratio 0.0016 

ZH126_4e_costhetaZ2_genbin6_recobin4 acc 0.0401 eff 0.0 outinratio 0.044 

ttH126_4e_costhetaZ2_genbin6_recobin4 acc 0.0588 eff 0.0 outinratio 0.0298 

ggH126_4e_costhetaZ2_genbin7_recobin4 acc 0.0314 eff 0.0031 outinratio 0.0153 

VBFH126_4e_costhetaZ2_genbin7_recobin4 acc 0.0387 eff 0.0 outinratio 0.0154 

WminusH126_4e_costhetaZ2_genbin7_recobin4 acc 0.0287 eff 0.0 outinratio 0.0117 

WplusH126_4e_costhetaZ2_genbin7_recobin4 acc 0.0242 eff 0.0142 outinratio 0.0016 

ZH126_4e_costhetaZ2_genbin7_recobin4 acc 0.0252 eff 0.0 outinratio 0.044 

ttH126_4e_costhetaZ2_genbin7_recobin4 acc 0.0423 eff 0.0 outinratio 0.0298 

ggH126_4e_costhetaZ2_genbin0_recobin5 acc 0.0287 eff 0.0 outinratio 0.0211 

VBFH126_4e_costhetaZ2_genbin0_recobin5 acc 0.0349 eff 0.0 outinratio 0.0107 

WminusH126_4e_costhetaZ2_genbin0_recobin5 acc 0.0264 eff 0.0024 outinratio 0.0314 

WplusH126_4e_costhetaZ2_genbin0_recobin5 acc 0.0277 eff 0.0 outinratio 0.0457 

ZH126_4e_costhetaZ2_genbin0_recobin5 acc 0.0263 eff 0.0 outinratio 0.066 

ttH126_4e_costhetaZ2_genbin0_recobin5 acc 0.0419 eff 0.0 outinratio 0.0206 

ggH126_4e_costhetaZ2_genbin1_recobin5 acc 0.047 eff 0.0 outinratio 0.0211 

VBFH126_4e_costhetaZ2_genbin1_recobin5 acc 0.0495 eff 0.0 outinratio 0.0107 

WminusH126_4e_costhetaZ2_genbin1_recobin5 acc 0.0465 eff 0.002 outinratio 0.0314 

WplusH126_4e_costhetaZ2_genbin1_recobin5 acc 0.0394 eff 0.0077 outinratio 0.0457 

ZH126_4e_costhetaZ2_genbin1_recobin5 acc 0.0411 eff 0.0 outinratio 0.066 

ttH126_4e_costhetaZ2_genbin1_recobin5 acc 0.0574 eff 0.0 outinratio 0.0206 

ggH126_4e_costhetaZ2_genbin2_recobin5 acc 0.0609 eff 0.0014 outinratio 0.0211 

VBFH126_4e_costhetaZ2_genbin2_recobin5 acc 0.0739 eff 0.0 outinratio 0.0107 

WminusH126_4e_costhetaZ2_genbin2_recobin5 acc 0.0596 eff 0.0 outinratio 0.0314 

WplusH126_4e_costhetaZ2_genbin2_recobin5 acc 0.0503 eff 0.0 outinratio 0.0457 

ZH126_4e_costhetaZ2_genbin2_recobin5 acc 0.0551 eff 0.0013 outinratio 0.066 

ttH126_4e_costhetaZ2_genbin2_recobin5 acc 0.0687 eff 0.0 outinratio 0.0206 

ggH126_4e_costhetaZ2_genbin3_recobin5 acc 0.0735 eff 0.0014 outinratio 0.0211 

VBFH126_4e_costhetaZ2_genbin3_recobin5 acc 0.0772 eff 0.0 outinratio 0.0107 

WminusH126_4e_costhetaZ2_genbin3_recobin5 acc 0.0667 eff 0.0003 outinratio 0.0314 

WplusH126_4e_costhetaZ2_genbin3_recobin5 acc 0.0602 eff 0.0053 outinratio 0.0457 

ZH126_4e_costhetaZ2_genbin3_recobin5 acc 0.0625 eff 0.0 outinratio 0.066 

ttH126_4e_costhetaZ2_genbin3_recobin5 acc 0.072 eff 0.0 outinratio 0.0206 

ggH126_4e_costhetaZ2_genbin4_recobin5 acc 0.0745 eff 0.0417 outinratio 0.0211 

VBFH126_4e_costhetaZ2_genbin4_recobin5 acc 0.0779 eff 0.0342 outinratio 0.0107 

WminusH126_4e_costhetaZ2_genbin4_recobin5 acc 0.0638 eff 0.0333 outinratio 0.0314 

WplusH126_4e_costhetaZ2_genbin4_recobin5 acc 0.0584 eff 0.0532 outinratio 0.0457 

ZH126_4e_costhetaZ2_genbin4_recobin5 acc 0.0611 eff 0.0422 outinratio 0.066 

ttH126_4e_costhetaZ2_genbin4_recobin5 acc 0.0738 eff 0.0237 outinratio 0.0206 

ggH126_4e_costhetaZ2_genbin5_recobin5 acc 0.0666 eff 0.2867 outinratio 0.0211 

VBFH126_4e_costhetaZ2_genbin5_recobin5 acc 0.0614 eff 0.3691 outinratio 0.0107 

WminusH126_4e_costhetaZ2_genbin5_recobin5 acc 0.0606 eff 0.3013 outinratio 0.0314 

WplusH126_4e_costhetaZ2_genbin5_recobin5 acc 0.0544 eff 0.2671 outinratio 0.0457 

ZH126_4e_costhetaZ2_genbin5_recobin5 acc 0.0557 eff 0.2773 outinratio 0.066 

ttH126_4e_costhetaZ2_genbin5_recobin5 acc 0.0621 eff 0.2466 outinratio 0.0206 

ggH126_4e_costhetaZ2_genbin6_recobin5 acc 0.0444 eff 0.0357 outinratio 0.0211 

VBFH126_4e_costhetaZ2_genbin6_recobin5 acc 0.0514 eff 0.0212 outinratio 0.0107 

WminusH126_4e_costhetaZ2_genbin6_recobin5 acc 0.0428 eff 0.0349 outinratio 0.0314 

WplusH126_4e_costhetaZ2_genbin6_recobin5 acc 0.0388 eff 0.0335 outinratio 0.0457 

ZH126_4e_costhetaZ2_genbin6_recobin5 acc 0.0401 eff 0.0472 outinratio 0.066 

ttH126_4e_costhetaZ2_genbin6_recobin5 acc 0.0588 eff 0.0241 outinratio 0.0206 

ggH126_4e_costhetaZ2_genbin7_recobin5 acc 0.0314 eff 0.0 outinratio 0.0211 

VBFH126_4e_costhetaZ2_genbin7_recobin5 acc 0.0387 eff 0.0 outinratio 0.0107 

WminusH126_4e_costhetaZ2_genbin7_recobin5 acc 0.0287 eff 0.0039 outinratio 0.0314 

WplusH126_4e_costhetaZ2_genbin7_recobin5 acc 0.0242 eff 0.0 outinratio 0.0457 

ZH126_4e_costhetaZ2_genbin7_recobin5 acc 0.0252 eff 0.0054 outinratio 0.066 

ttH126_4e_costhetaZ2_genbin7_recobin5 acc 0.0423 eff 0.0123 outinratio 0.0206 

ggH126_4e_costhetaZ2_genbin0_recobin6 acc 0.0287 eff 0.0 outinratio 0.0045 

VBFH126_4e_costhetaZ2_genbin0_recobin6 acc 0.0349 eff 0.0 outinratio 0.0193 

WminusH126_4e_costhetaZ2_genbin0_recobin6 acc 0.0264 eff 0.0 outinratio 0.0271 

WplusH126_4e_costhetaZ2_genbin0_recobin6 acc 0.0277 eff 0.0 outinratio 0.0227 

ZH126_4e_costhetaZ2_genbin0_recobin6 acc 0.0263 eff 0.0 outinratio 0.0445 

ttH126_4e_costhetaZ2_genbin0_recobin6 acc 0.0419 eff 0.0 outinratio 0.0747 

ggH126_4e_costhetaZ2_genbin1_recobin6 acc 0.047 eff 0.0005 outinratio 0.0045 

VBFH126_4e_costhetaZ2_genbin1_recobin6 acc 0.0495 eff 0.0 outinratio 0.0193 

WminusH126_4e_costhetaZ2_genbin1_recobin6 acc 0.0465 eff 0.0 outinratio 0.0271 

WplusH126_4e_costhetaZ2_genbin1_recobin6 acc 0.0394 eff 0.0 outinratio 0.0227 

ZH126_4e_costhetaZ2_genbin1_recobin6 acc 0.0411 eff 0.0 outinratio 0.0445 

ttH126_4e_costhetaZ2_genbin1_recobin6 acc 0.0574 eff 0.0 outinratio 0.0747 

ggH126_4e_costhetaZ2_genbin2_recobin6 acc 0.0609 eff 0.0 outinratio 0.0045 

VBFH126_4e_costhetaZ2_genbin2_recobin6 acc 0.0739 eff 0.0 outinratio 0.0193 

WminusH126_4e_costhetaZ2_genbin2_recobin6 acc 0.0596 eff 0.0 outinratio 0.0271 

WplusH126_4e_costhetaZ2_genbin2_recobin6 acc 0.0503 eff 0.0 outinratio 0.0227 

ZH126_4e_costhetaZ2_genbin2_recobin6 acc 0.0551 eff 0.0 outinratio 0.0445 

ttH126_4e_costhetaZ2_genbin2_recobin6 acc 0.0687 eff 0.0 outinratio 0.0747 

ggH126_4e_costhetaZ2_genbin3_recobin6 acc 0.0735 eff 0.0 outinratio 0.0045 

VBFH126_4e_costhetaZ2_genbin3_recobin6 acc 0.0772 eff 0.0 outinratio 0.0193 

WminusH126_4e_costhetaZ2_genbin3_recobin6 acc 0.0667 eff 0.0027 outinratio 0.0271 

WplusH126_4e_costhetaZ2_genbin3_recobin6 acc 0.0602 eff 0.0018 outinratio 0.0227 

ZH126_4e_costhetaZ2_genbin3_recobin6 acc 0.0625 eff 0.0 outinratio 0.0445 

ttH126_4e_costhetaZ2_genbin3_recobin6 acc 0.072 eff 0.0 outinratio 0.0747 

ggH126_4e_costhetaZ2_genbin4_recobin6 acc 0.0745 eff 0.0015 outinratio 0.0045 

VBFH126_4e_costhetaZ2_genbin4_recobin6 acc 0.0779 eff 0.0 outinratio 0.0193 

WminusH126_4e_costhetaZ2_genbin4_recobin6 acc 0.0638 eff 0.0002 outinratio 0.0271 

WplusH126_4e_costhetaZ2_genbin4_recobin6 acc 0.0584 eff 0.0 outinratio 0.0227 

ZH126_4e_costhetaZ2_genbin4_recobin6 acc 0.0611 eff 0.0059 outinratio 0.0445 

ttH126_4e_costhetaZ2_genbin4_recobin6 acc 0.0738 eff 0.0 outinratio 0.0747 

ggH126_4e_costhetaZ2_genbin5_recobin6 acc 0.0666 eff 0.0363 outinratio 0.0045 

VBFH126_4e_costhetaZ2_genbin5_recobin6 acc 0.0614 eff 0.0363 outinratio 0.0193 

WminusH126_4e_costhetaZ2_genbin5_recobin6 acc 0.0606 eff 0.0287 outinratio 0.0271 

WplusH126_4e_costhetaZ2_genbin5_recobin6 acc 0.0544 eff 0.0516 outinratio 0.0227 

ZH126_4e_costhetaZ2_genbin5_recobin6 acc 0.0557 eff 0.0277 outinratio 0.0445 

ttH126_4e_costhetaZ2_genbin5_recobin6 acc 0.0621 eff 0.0116 outinratio 0.0747 

ggH126_4e_costhetaZ2_genbin6_recobin6 acc 0.0444 eff 0.3135 outinratio 0.0045 

VBFH126_4e_costhetaZ2_genbin6_recobin6 acc 0.0514 eff 0.2976 outinratio 0.0193 

WminusH126_4e_costhetaZ2_genbin6_recobin6 acc 0.0428 eff 0.3056 outinratio 0.0271 

WplusH126_4e_costhetaZ2_genbin6_recobin6 acc 0.0388 eff 0.3147 outinratio 0.0227 

ZH126_4e_costhetaZ2_genbin6_recobin6 acc 0.0401 eff 0.3116 outinratio 0.0445 

ttH126_4e_costhetaZ2_genbin6_recobin6 acc 0.0588 eff 0.2673 outinratio 0.0747 

ggH126_4e_costhetaZ2_genbin7_recobin6 acc 0.0314 eff 0.03 outinratio 0.0045 

VBFH126_4e_costhetaZ2_genbin7_recobin6 acc 0.0387 eff 0.0201 outinratio 0.0193 

WminusH126_4e_costhetaZ2_genbin7_recobin6 acc 0.0287 eff 0.0296 outinratio 0.0271 

WplusH126_4e_costhetaZ2_genbin7_recobin6 acc 0.0242 eff 0.0336 outinratio 0.0227 

ZH126_4e_costhetaZ2_genbin7_recobin6 acc 0.0252 eff 0.0164 outinratio 0.0445 

ttH126_4e_costhetaZ2_genbin7_recobin6 acc 0.0423 eff 0.0071 outinratio 0.0747 

ggH126_4e_costhetaZ2_genbin0_recobin7 acc 0.0287 eff 0.0 outinratio 0.0048 

VBFH126_4e_costhetaZ2_genbin0_recobin7 acc 0.0349 eff 0.0 outinratio 0.0 

WminusH126_4e_costhetaZ2_genbin0_recobin7 acc 0.0264 eff 0.0 outinratio 0.0082 

WplusH126_4e_costhetaZ2_genbin0_recobin7 acc 0.0277 eff 0.0 outinratio 0.028 

ZH126_4e_costhetaZ2_genbin0_recobin7 acc 0.0263 eff 0.0 outinratio 0.0652 

ttH126_4e_costhetaZ2_genbin0_recobin7 acc 0.0419 eff 0.0 outinratio 0.0735 

ggH126_4e_costhetaZ2_genbin1_recobin7 acc 0.047 eff 0.0 outinratio 0.0048 

VBFH126_4e_costhetaZ2_genbin1_recobin7 acc 0.0495 eff 0.0 outinratio 0.0 

WminusH126_4e_costhetaZ2_genbin1_recobin7 acc 0.0465 eff 0.0 outinratio 0.0082 

WplusH126_4e_costhetaZ2_genbin1_recobin7 acc 0.0394 eff 0.0 outinratio 0.028 

ZH126_4e_costhetaZ2_genbin1_recobin7 acc 0.0411 eff 0.0023 outinratio 0.0652 

ttH126_4e_costhetaZ2_genbin1_recobin7 acc 0.0574 eff 0.0 outinratio 0.0735 

ggH126_4e_costhetaZ2_genbin2_recobin7 acc 0.0609 eff 0.0 outinratio 0.0048 

VBFH126_4e_costhetaZ2_genbin2_recobin7 acc 0.0739 eff 0.0 outinratio 0.0 

WminusH126_4e_costhetaZ2_genbin2_recobin7 acc 0.0596 eff 0.0 outinratio 0.0082 

WplusH126_4e_costhetaZ2_genbin2_recobin7 acc 0.0503 eff 0.0 outinratio 0.028 

ZH126_4e_costhetaZ2_genbin2_recobin7 acc 0.0551 eff 0.0 outinratio 0.0652 

ttH126_4e_costhetaZ2_genbin2_recobin7 acc 0.0687 eff 0.0 outinratio 0.0735 

ggH126_4e_costhetaZ2_genbin3_recobin7 acc 0.0735 eff 0.0018 outinratio 0.0048 

VBFH126_4e_costhetaZ2_genbin3_recobin7 acc 0.0772 eff 0.0 outinratio 0.0 

WminusH126_4e_costhetaZ2_genbin3_recobin7 acc 0.0667 eff 0.0013 outinratio 0.0082 

WplusH126_4e_costhetaZ2_genbin3_recobin7 acc 0.0602 eff 0.0 outinratio 0.028 

ZH126_4e_costhetaZ2_genbin3_recobin7 acc 0.0625 eff 0.0 outinratio 0.0652 

ttH126_4e_costhetaZ2_genbin3_recobin7 acc 0.072 eff 0.0 outinratio 0.0735 

ggH126_4e_costhetaZ2_genbin4_recobin7 acc 0.0745 eff 0.0016 outinratio 0.0048 

VBFH126_4e_costhetaZ2_genbin4_recobin7 acc 0.0779 eff 0.0 outinratio 0.0 

WminusH126_4e_costhetaZ2_genbin4_recobin7 acc 0.0638 eff 0.0016 outinratio 0.0082 

WplusH126_4e_costhetaZ2_genbin4_recobin7 acc 0.0584 eff 0.0 outinratio 0.028 

ZH126_4e_costhetaZ2_genbin4_recobin7 acc 0.0611 eff 0.0 outinratio 0.0652 

ttH126_4e_costhetaZ2_genbin4_recobin7 acc 0.0738 eff 0.0 outinratio 0.0735 

ggH126_4e_costhetaZ2_genbin5_recobin7 acc 0.0666 eff 0.0 outinratio 0.0048 

VBFH126_4e_costhetaZ2_genbin5_recobin7 acc 0.0614 eff 0.0017 outinratio 0.0 

WminusH126_4e_costhetaZ2_genbin5_recobin7 acc 0.0606 eff 0.0033 outinratio 0.0082 

WplusH126_4e_costhetaZ2_genbin5_recobin7 acc 0.0544 eff 0.0058 outinratio 0.028 

ZH126_4e_costhetaZ2_genbin5_recobin7 acc 0.0557 eff 0.0 outinratio 0.0652 

ttH126_4e_costhetaZ2_genbin5_recobin7 acc 0.0621 eff 0.0 outinratio 0.0735 

ggH126_4e_costhetaZ2_genbin6_recobin7 acc 0.0444 eff 0.0107 outinratio 0.0048 

VBFH126_4e_costhetaZ2_genbin6_recobin7 acc 0.0514 eff 0.0245 outinratio 0.0 

WminusH126_4e_costhetaZ2_genbin6_recobin7 acc 0.0428 eff 0.0259 outinratio 0.0082 

WplusH126_4e_costhetaZ2_genbin6_recobin7 acc 0.0388 eff 0.0233 outinratio 0.028 

ZH126_4e_costhetaZ2_genbin6_recobin7 acc 0.0401 eff 0.0209 outinratio 0.0652 

ttH126_4e_costhetaZ2_genbin6_recobin7 acc 0.0588 eff 0.0029 outinratio 0.0735 

ggH126_4e_costhetaZ2_genbin7_recobin7 acc 0.0314 eff 0.364 outinratio 0.0048 

VBFH126_4e_costhetaZ2_genbin7_recobin7 acc 0.0387 eff 0.3858 outinratio 0.0 

WminusH126_4e_costhetaZ2_genbin7_recobin7 acc 0.0287 eff 0.3237 outinratio 0.0082 

WplusH126_4e_costhetaZ2_genbin7_recobin7 acc 0.0242 eff 0.3429 outinratio 0.028 

ZH126_4e_costhetaZ2_genbin7_recobin7 acc 0.0252 eff 0.2893 outinratio 0.0652 

ttH126_4e_costhetaZ2_genbin7_recobin7 acc 0.0423 eff 0.3117 outinratio 0.0735 

ggH126_4mu_costhetaZ2_genbin0_recobin0 acc 0.0366 eff 0.542 outinratio 0.0084 

VBFH126_4mu_costhetaZ2_genbin0_recobin0 acc 0.0504 eff 0.5609 outinratio 0.0281 

WminusH126_4mu_costhetaZ2_genbin0_recobin0 acc 0.036 eff 0.543 outinratio 0.0162 

WplusH126_4mu_costhetaZ2_genbin0_recobin0 acc 0.0354 eff 0.5246 outinratio 0.0168 

ZH126_4mu_costhetaZ2_genbin0_recobin0 acc 0.0353 eff 0.5493 outinratio 0.1001 

ttH126_4mu_costhetaZ2_genbin0_recobin0 acc 0.0416 eff 0.4158 outinratio 0.0082 

ggH126_4mu_costhetaZ2_genbin1_recobin0 acc 0.0617 eff 0.0131 outinratio 0.0084 

VBFH126_4mu_costhetaZ2_genbin1_recobin0 acc 0.0637 eff 0.0121 outinratio 0.0281 

WminusH126_4mu_costhetaZ2_genbin1_recobin0 acc 0.0561 eff 0.0082 outinratio 0.0162 

WplusH126_4mu_costhetaZ2_genbin1_recobin0 acc 0.0483 eff 0.0238 outinratio 0.0168 

ZH126_4mu_costhetaZ2_genbin1_recobin0 acc 0.0446 eff 0.0208 outinratio 0.1001 

ttH126_4mu_costhetaZ2_genbin1_recobin0 acc 0.0654 eff 0.004 outinratio 0.0082 

ggH126_4mu_costhetaZ2_genbin2_recobin0 acc 0.0651 eff 0.0 outinratio 0.0084 

VBFH126_4mu_costhetaZ2_genbin2_recobin0 acc 0.0689 eff 0.0 outinratio 0.0281 

WminusH126_4mu_costhetaZ2_genbin2_recobin0 acc 0.0623 eff 0.0011 outinratio 0.0162 

WplusH126_4mu_costhetaZ2_genbin2_recobin0 acc 0.0576 eff 0.0 outinratio 0.0168 

ZH126_4mu_costhetaZ2_genbin2_recobin0 acc 0.0596 eff 0.0 outinratio 0.1001 

ttH126_4mu_costhetaZ2_genbin2_recobin0 acc 0.0797 eff 0.0 outinratio 0.0082 

ggH126_4mu_costhetaZ2_genbin3_recobin0 acc 0.0776 eff 0.0 outinratio 0.0084 

VBFH126_4mu_costhetaZ2_genbin3_recobin0 acc 0.0734 eff 0.0014 outinratio 0.0281 

WminusH126_4mu_costhetaZ2_genbin3_recobin0 acc 0.064 eff 0.0 outinratio 0.0162 

WplusH126_4mu_costhetaZ2_genbin3_recobin0 acc 0.0576 eff 0.0 outinratio 0.0168 

ZH126_4mu_costhetaZ2_genbin3_recobin0 acc 0.0696 eff 0.0 outinratio 0.1001 

ttH126_4mu_costhetaZ2_genbin3_recobin0 acc 0.0753 eff 0.0 outinratio 0.0082 

ggH126_4mu_costhetaZ2_genbin4_recobin0 acc 0.0714 eff 0.0 outinratio 0.0084 

VBFH126_4mu_costhetaZ2_genbin4_recobin0 acc 0.0813 eff 0.0 outinratio 0.0281 

WminusH126_4mu_costhetaZ2_genbin4_recobin0 acc 0.071 eff 0.0 outinratio 0.0162 

WplusH126_4mu_costhetaZ2_genbin4_recobin0 acc 0.0624 eff 0.0 outinratio 0.0168 

ZH126_4mu_costhetaZ2_genbin4_recobin0 acc 0.0629 eff 0.0 outinratio 0.1001 

ttH126_4mu_costhetaZ2_genbin4_recobin0 acc 0.0867 eff 0.0 outinratio 0.0082 

ggH126_4mu_costhetaZ2_genbin5_recobin0 acc 0.0679 eff 0.0 outinratio 0.0084 

VBFH126_4mu_costhetaZ2_genbin5_recobin0 acc 0.0772 eff 0.0 outinratio 0.0281 

WminusH126_4mu_costhetaZ2_genbin5_recobin0 acc 0.0625 eff 0.0 outinratio 0.0162 

WplusH126_4mu_costhetaZ2_genbin5_recobin0 acc 0.0589 eff 0.0 outinratio 0.0168 

ZH126_4mu_costhetaZ2_genbin5_recobin0 acc 0.0608 eff 0.0 outinratio 0.1001 

ttH126_4mu_costhetaZ2_genbin5_recobin0 acc 0.0703 eff 0.0 outinratio 0.0082 

ggH126_4mu_costhetaZ2_genbin6_recobin0 acc 0.0583 eff 0.0 outinratio 0.0084 

VBFH126_4mu_costhetaZ2_genbin6_recobin0 acc 0.062 eff 0.0 outinratio 0.0281 

WminusH126_4mu_costhetaZ2_genbin6_recobin0 acc 0.0528 eff 0.0 outinratio 0.0162 

WplusH126_4mu_costhetaZ2_genbin6_recobin0 acc 0.0462 eff 0.0 outinratio 0.0168 

ZH126_4mu_costhetaZ2_genbin6_recobin0 acc 0.0479 eff 0.0021 outinratio 0.1001 

ttH126_4mu_costhetaZ2_genbin6_recobin0 acc 0.053 eff 0.0 outinratio 0.0082 

ggH126_4mu_costhetaZ2_genbin7_recobin0 acc 0.0392 eff 0.0 outinratio 0.0084 

VBFH126_4mu_costhetaZ2_genbin7_recobin0 acc 0.0387 eff 0.0 outinratio 0.0281 

WminusH126_4mu_costhetaZ2_genbin7_recobin0 acc 0.0339 eff 0.0 outinratio 0.0162 

WplusH126_4mu_costhetaZ2_genbin7_recobin0 acc 0.0301 eff 0.0 outinratio 0.0168 

ZH126_4mu_costhetaZ2_genbin7_recobin0 acc 0.0328 eff 0.0 outinratio 0.1001 

ttH126_4mu_costhetaZ2_genbin7_recobin0 acc 0.0391 eff 0.0 outinratio 0.0082 

ggH126_4mu_costhetaZ2_genbin0_recobin1 acc 0.0366 eff 0.0216 outinratio 0.0047 

VBFH126_4mu_costhetaZ2_genbin0_recobin1 acc 0.0504 eff 0.0183 outinratio 0.007 

WminusH126_4mu_costhetaZ2_genbin0_recobin1 acc 0.036 eff 0.015 outinratio 0.0196 

WplusH126_4mu_costhetaZ2_genbin0_recobin1 acc 0.0354 eff 0.0075 outinratio 0.009 

ZH126_4mu_costhetaZ2_genbin0_recobin1 acc 0.0353 eff 0.0095 outinratio 0.032 

ttH126_4mu_costhetaZ2_genbin0_recobin1 acc 0.0416 eff 0.0053 outinratio 0.0552 

ggH126_4mu_costhetaZ2_genbin1_recobin1 acc 0.0617 eff 0.5276 outinratio 0.0047 

VBFH126_4mu_costhetaZ2_genbin1_recobin1 acc 0.0637 eff 0.5816 outinratio 0.007 

WminusH126_4mu_costhetaZ2_genbin1_recobin1 acc 0.0561 eff 0.5347 outinratio 0.0196 

WplusH126_4mu_costhetaZ2_genbin1_recobin1 acc 0.0483 eff 0.5098 outinratio 0.009 

ZH126_4mu_costhetaZ2_genbin1_recobin1 acc 0.0446 eff 0.5216 outinratio 0.032 

ttH126_4mu_costhetaZ2_genbin1_recobin1 acc 0.0654 eff 0.4031 outinratio 0.0552 

ggH126_4mu_costhetaZ2_genbin2_recobin1 acc 0.0651 eff 0.0246 outinratio 0.0047 

VBFH126_4mu_costhetaZ2_genbin2_recobin1 acc 0.0689 eff 0.0121 outinratio 0.007 

WminusH126_4mu_costhetaZ2_genbin2_recobin1 acc 0.0623 eff 0.0135 outinratio 0.0196 

WplusH126_4mu_costhetaZ2_genbin2_recobin1 acc 0.0576 eff 0.0168 outinratio 0.009 

ZH126_4mu_costhetaZ2_genbin2_recobin1 acc 0.0596 eff 0.0222 outinratio 0.032 

ttH126_4mu_costhetaZ2_genbin2_recobin1 acc 0.0797 eff 0.0154 outinratio 0.0552 

ggH126_4mu_costhetaZ2_genbin3_recobin1 acc 0.0776 eff 0.0 outinratio 0.0047 

VBFH126_4mu_costhetaZ2_genbin3_recobin1 acc 0.0734 eff 0.0 outinratio 0.007 

WminusH126_4mu_costhetaZ2_genbin3_recobin1 acc 0.064 eff 0.0 outinratio 0.0196 

WplusH126_4mu_costhetaZ2_genbin3_recobin1 acc 0.0576 eff 0.0 outinratio 0.009 

ZH126_4mu_costhetaZ2_genbin3_recobin1 acc 0.0696 eff 0.0 outinratio 0.032 

ttH126_4mu_costhetaZ2_genbin3_recobin1 acc 0.0753 eff 0.0 outinratio 0.0552 

ggH126_4mu_costhetaZ2_genbin4_recobin1 acc 0.0714 eff 0.0 outinratio 0.0047 

VBFH126_4mu_costhetaZ2_genbin4_recobin1 acc 0.0813 eff 0.0 outinratio 0.007 

WminusH126_4mu_costhetaZ2_genbin4_recobin1 acc 0.071 eff 0.0 outinratio 0.0196 

WplusH126_4mu_costhetaZ2_genbin4_recobin1 acc 0.0624 eff 0.0 outinratio 0.009 

ZH126_4mu_costhetaZ2_genbin4_recobin1 acc 0.0629 eff 0.0029 outinratio 0.032 

ttH126_4mu_costhetaZ2_genbin4_recobin1 acc 0.0867 eff 0.0 outinratio 0.0552 

ggH126_4mu_costhetaZ2_genbin5_recobin1 acc 0.0679 eff 0.0 outinratio 0.0047 

VBFH126_4mu_costhetaZ2_genbin5_recobin1 acc 0.0772 eff 0.0 outinratio 0.007 

WminusH126_4mu_costhetaZ2_genbin5_recobin1 acc 0.0625 eff 0.0 outinratio 0.0196 

WplusH126_4mu_costhetaZ2_genbin5_recobin1 acc 0.0589 eff 0.0 outinratio 0.009 

ZH126_4mu_costhetaZ2_genbin5_recobin1 acc 0.0608 eff 0.0 outinratio 0.032 

ttH126_4mu_costhetaZ2_genbin5_recobin1 acc 0.0703 eff 0.0 outinratio 0.0552 

ggH126_4mu_costhetaZ2_genbin6_recobin1 acc 0.0583 eff 0.0 outinratio 0.0047 

VBFH126_4mu_costhetaZ2_genbin6_recobin1 acc 0.062 eff 0.0 outinratio 0.007 

WminusH126_4mu_costhetaZ2_genbin6_recobin1 acc 0.0528 eff 0.0 outinratio 0.0196 

WplusH126_4mu_costhetaZ2_genbin6_recobin1 acc 0.0462 eff 0.0 outinratio 0.009 

ZH126_4mu_costhetaZ2_genbin6_recobin1 acc 0.0479 eff 0.0 outinratio 0.032 

ttH126_4mu_costhetaZ2_genbin6_recobin1 acc 0.053 eff 0.0 outinratio 0.0552 

ggH126_4mu_costhetaZ2_genbin7_recobin1 acc 0.0392 eff 0.0 outinratio 0.0047 

VBFH126_4mu_costhetaZ2_genbin7_recobin1 acc 0.0387 eff 0.0 outinratio 0.007 

WminusH126_4mu_costhetaZ2_genbin7_recobin1 acc 0.0339 eff 0.0 outinratio 0.0196 

WplusH126_4mu_costhetaZ2_genbin7_recobin1 acc 0.0301 eff 0.0 outinratio 0.009 

ZH126_4mu_costhetaZ2_genbin7_recobin1 acc 0.0328 eff 0.0 outinratio 0.032 

ttH126_4mu_costhetaZ2_genbin7_recobin1 acc 0.0391 eff 0.0 outinratio 0.0552 

ggH126_4mu_costhetaZ2_genbin0_recobin2 acc 0.0366 eff 0.0 outinratio 0.006 

VBFH126_4mu_costhetaZ2_genbin0_recobin2 acc 0.0504 eff 0.0 outinratio 0.0 

WminusH126_4mu_costhetaZ2_genbin0_recobin2 acc 0.036 eff 0.0 outinratio 0.0119 

WplusH126_4mu_costhetaZ2_genbin0_recobin2 acc 0.0354 eff 0.0 outinratio 0.0041 

ZH126_4mu_costhetaZ2_genbin0_recobin2 acc 0.0353 eff 0.0 outinratio 0.046 

ttH126_4mu_costhetaZ2_genbin0_recobin2 acc 0.0416 eff 0.0 outinratio 0.033 

ggH126_4mu_costhetaZ2_genbin1_recobin2 acc 0.0617 eff 0.0216 outinratio 0.006 

VBFH126_4mu_costhetaZ2_genbin1_recobin2 acc 0.0637 eff 0.0284 outinratio 0.0 

WminusH126_4mu_costhetaZ2_genbin1_recobin2 acc 0.0561 eff 0.0195 outinratio 0.0119 

WplusH126_4mu_costhetaZ2_genbin1_recobin2 acc 0.0483 eff 0.03 outinratio 0.0041 

ZH126_4mu_costhetaZ2_genbin1_recobin2 acc 0.0446 eff 0.019 outinratio 0.046 

ttH126_4mu_costhetaZ2_genbin1_recobin2 acc 0.0654 eff 0.0156 outinratio 0.033 

ggH126_4mu_costhetaZ2_genbin2_recobin2 acc 0.0651 eff 0.5685 outinratio 0.006 

VBFH126_4mu_costhetaZ2_genbin2_recobin2 acc 0.0689 eff 0.6473 outinratio 0.0 

WminusH126_4mu_costhetaZ2_genbin2_recobin2 acc 0.0623 eff 0.503 outinratio 0.0119 

WplusH126_4mu_costhetaZ2_genbin2_recobin2 acc 0.0576 eff 0.4951 outinratio 0.0041 

ZH126_4mu_costhetaZ2_genbin2_recobin2 acc 0.0596 eff 0.5187 outinratio 0.046 

ttH126_4mu_costhetaZ2_genbin2_recobin2 acc 0.0797 eff 0.3431 outinratio 0.033 

ggH126_4mu_costhetaZ2_genbin3_recobin2 acc 0.0776 eff 0.0147 outinratio 0.006 

VBFH126_4mu_costhetaZ2_genbin3_recobin2 acc 0.0734 eff 0.0303 outinratio 0.0 

WminusH126_4mu_costhetaZ2_genbin3_recobin2 acc 0.064 eff 0.0201 outinratio 0.0119 

WplusH126_4mu_costhetaZ2_genbin3_recobin2 acc 0.0576 eff 0.0039 outinratio 0.0041 

ZH126_4mu_costhetaZ2_genbin3_recobin2 acc 0.0696 eff 0.0205 outinratio 0.046 

ttH126_4mu_costhetaZ2_genbin3_recobin2 acc 0.0753 eff 0.0049 outinratio 0.033 

ggH126_4mu_costhetaZ2_genbin4_recobin2 acc 0.0714 eff 0.0024 outinratio 0.006 

VBFH126_4mu_costhetaZ2_genbin4_recobin2 acc 0.0813 eff 0.0 outinratio 0.0 

WminusH126_4mu_costhetaZ2_genbin4_recobin2 acc 0.071 eff 0.0025 outinratio 0.0119 

WplusH126_4mu_costhetaZ2_genbin4_recobin2 acc 0.0624 eff 0.0 outinratio 0.0041 

ZH126_4mu_costhetaZ2_genbin4_recobin2 acc 0.0629 eff 0.0029 outinratio 0.046 

ttH126_4mu_costhetaZ2_genbin4_recobin2 acc 0.0867 eff 0.0 outinratio 0.033 

ggH126_4mu_costhetaZ2_genbin5_recobin2 acc 0.0679 eff 0.0 outinratio 0.006 

VBFH126_4mu_costhetaZ2_genbin5_recobin2 acc 0.0772 eff 0.0 outinratio 0.0 

WminusH126_4mu_costhetaZ2_genbin5_recobin2 acc 0.0625 eff 0.0 outinratio 0.0119 

WplusH126_4mu_costhetaZ2_genbin5_recobin2 acc 0.0589 eff 0.0034 outinratio 0.0041 

ZH126_4mu_costhetaZ2_genbin5_recobin2 acc 0.0608 eff 0.0 outinratio 0.046 

ttH126_4mu_costhetaZ2_genbin5_recobin2 acc 0.0703 eff 0.0014 outinratio 0.033 

ggH126_4mu_costhetaZ2_genbin6_recobin2 acc 0.0583 eff 0.0 outinratio 0.006 

VBFH126_4mu_costhetaZ2_genbin6_recobin2 acc 0.062 eff 0.0 outinratio 0.0 

WminusH126_4mu_costhetaZ2_genbin6_recobin2 acc 0.0528 eff 0.0 outinratio 0.0119 

WplusH126_4mu_costhetaZ2_genbin6_recobin2 acc 0.0462 eff 0.0 outinratio 0.0041 

ZH126_4mu_costhetaZ2_genbin6_recobin2 acc 0.0479 eff 0.0 outinratio 0.046 

ttH126_4mu_costhetaZ2_genbin6_recobin2 acc 0.053 eff 0.0 outinratio 0.033 

ggH126_4mu_costhetaZ2_genbin7_recobin2 acc 0.0392 eff 0.0 outinratio 0.006 

VBFH126_4mu_costhetaZ2_genbin7_recobin2 acc 0.0387 eff 0.0 outinratio 0.0 

WminusH126_4mu_costhetaZ2_genbin7_recobin2 acc 0.0339 eff 0.0 outinratio 0.0119 

WplusH126_4mu_costhetaZ2_genbin7_recobin2 acc 0.0301 eff 0.0 outinratio 0.0041 

ZH126_4mu_costhetaZ2_genbin7_recobin2 acc 0.0328 eff 0.0 outinratio 0.046 

ttH126_4mu_costhetaZ2_genbin7_recobin2 acc 0.0391 eff 0.0 outinratio 0.033 

ggH126_4mu_costhetaZ2_genbin0_recobin3 acc 0.0366 eff 0.0 outinratio 0.0032 

VBFH126_4mu_costhetaZ2_genbin0_recobin3 acc 0.0504 eff 0.0 outinratio 0.0044 

WminusH126_4mu_costhetaZ2_genbin0_recobin3 acc 0.036 eff 0.0 outinratio 0.0169 

WplusH126_4mu_costhetaZ2_genbin0_recobin3 acc 0.0354 eff 0.0 outinratio 0.0257 

ZH126_4mu_costhetaZ2_genbin0_recobin3 acc 0.0353 eff 0.0 outinratio 0.0417 

ttH126_4mu_costhetaZ2_genbin0_recobin3 acc 0.0416 eff 0.0 outinratio 0.0412 

ggH126_4mu_costhetaZ2_genbin1_recobin3 acc 0.0617 eff 0.0 outinratio 0.0032 

VBFH126_4mu_costhetaZ2_genbin1_recobin3 acc 0.0637 eff 0.0 outinratio 0.0044 

WminusH126_4mu_costhetaZ2_genbin1_recobin3 acc 0.0561 eff 0.0017 outinratio 0.0169 

WplusH126_4mu_costhetaZ2_genbin1_recobin3 acc 0.0483 eff 0.0 outinratio 0.0257 

ZH126_4mu_costhetaZ2_genbin1_recobin3 acc 0.0446 eff 0.0017 outinratio 0.0417 

ttH126_4mu_costhetaZ2_genbin1_recobin3 acc 0.0654 eff 0.0 outinratio 0.0412 

ggH126_4mu_costhetaZ2_genbin2_recobin3 acc 0.0651 eff 0.0286 outinratio 0.0032 

VBFH126_4mu_costhetaZ2_genbin2_recobin3 acc 0.0689 eff 0.024 outinratio 0.0044 

WminusH126_4mu_costhetaZ2_genbin2_recobin3 acc 0.0623 eff 0.0233 outinratio 0.0169 

WplusH126_4mu_costhetaZ2_genbin2_recobin3 acc 0.0576 eff 0.0333 outinratio 0.0257 

ZH126_4mu_costhetaZ2_genbin2_recobin3 acc 0.0596 eff 0.0223 outinratio 0.0417 

ttH126_4mu_costhetaZ2_genbin2_recobin3 acc 0.0797 eff 0.0156 outinratio 0.0412 

ggH126_4mu_costhetaZ2_genbin3_recobin3 acc 0.0776 eff 0.5864 outinratio 0.0032 

VBFH126_4mu_costhetaZ2_genbin3_recobin3 acc 0.0734 eff 0.5883 outinratio 0.0044 

WminusH126_4mu_costhetaZ2_genbin3_recobin3 acc 0.064 eff 0.5052 outinratio 0.0169 

WplusH126_4mu_costhetaZ2_genbin3_recobin3 acc 0.0576 eff 0.5071 outinratio 0.0257 

ZH126_4mu_costhetaZ2_genbin3_recobin3 acc 0.0696 eff 0.4834 outinratio 0.0417 

ttH126_4mu_costhetaZ2_genbin3_recobin3 acc 0.0753 eff 0.4709 outinratio 0.0412 

ggH126_4mu_costhetaZ2_genbin4_recobin3 acc 0.0714 eff 0.0183 outinratio 0.0032 

VBFH126_4mu_costhetaZ2_genbin4_recobin3 acc 0.0813 eff 0.0279 outinratio 0.0044 

WminusH126_4mu_costhetaZ2_genbin4_recobin3 acc 0.071 eff 0.0237 outinratio 0.0169 

WplusH126_4mu_costhetaZ2_genbin4_recobin3 acc 0.0624 eff 0.0201 outinratio 0.0257 

ZH126_4mu_costhetaZ2_genbin4_recobin3 acc 0.0629 eff 0.0201 outinratio 0.0417 

ttH126_4mu_costhetaZ2_genbin4_recobin3 acc 0.0867 eff 0.0167 outinratio 0.0412 

ggH126_4mu_costhetaZ2_genbin5_recobin3 acc 0.0679 eff 0.001 outinratio 0.0032 

VBFH126_4mu_costhetaZ2_genbin5_recobin3 acc 0.0772 eff 0.0037 outinratio 0.0044 

WminusH126_4mu_costhetaZ2_genbin5_recobin3 acc 0.0625 eff 0.0021 outinratio 0.0169 

WplusH126_4mu_costhetaZ2_genbin5_recobin3 acc 0.0589 eff 0.0018 outinratio 0.0257 

ZH126_4mu_costhetaZ2_genbin5_recobin3 acc 0.0608 eff 0.0023 outinratio 0.0417 

ttH126_4mu_costhetaZ2_genbin5_recobin3 acc 0.0703 eff 0.0 outinratio 0.0412 

ggH126_4mu_costhetaZ2_genbin6_recobin3 acc 0.0583 eff 0.0 outinratio 0.0032 

VBFH126_4mu_costhetaZ2_genbin6_recobin3 acc 0.062 eff 0.0 outinratio 0.0044 

WminusH126_4mu_costhetaZ2_genbin6_recobin3 acc 0.0528 eff 0.0 outinratio 0.0169 

WplusH126_4mu_costhetaZ2_genbin6_recobin3 acc 0.0462 eff 0.0 outinratio 0.0257 

ZH126_4mu_costhetaZ2_genbin6_recobin3 acc 0.0479 eff 0.0 outinratio 0.0417 

ttH126_4mu_costhetaZ2_genbin6_recobin3 acc 0.053 eff 0.0 outinratio 0.0412 

ggH126_4mu_costhetaZ2_genbin7_recobin3 acc 0.0392 eff 0.0 outinratio 0.0032 

VBFH126_4mu_costhetaZ2_genbin7_recobin3 acc 0.0387 eff 0.0 outinratio 0.0044 

WminusH126_4mu_costhetaZ2_genbin7_recobin3 acc 0.0339 eff 0.0 outinratio 0.0169 

WplusH126_4mu_costhetaZ2_genbin7_recobin3 acc 0.0301 eff 0.0 outinratio 0.0257 

ZH126_4mu_costhetaZ2_genbin7_recobin3 acc 0.0328 eff 0.0 outinratio 0.0417 

ttH126_4mu_costhetaZ2_genbin7_recobin3 acc 0.0391 eff 0.0 outinratio 0.0412 

ggH126_4mu_costhetaZ2_genbin0_recobin4 acc 0.0366 eff 0.0 outinratio 0.0073 

VBFH126_4mu_costhetaZ2_genbin0_recobin4 acc 0.0504 eff 0.0 outinratio 0.0 

WminusH126_4mu_costhetaZ2_genbin0_recobin4 acc 0.036 eff 0.0 outinratio 0.0144 

WplusH126_4mu_costhetaZ2_genbin0_recobin4 acc 0.0354 eff 0.0 outinratio 0.0145 

ZH126_4mu_costhetaZ2_genbin0_recobin4 acc 0.0353 eff 0.0 outinratio 0.0574 

ttH126_4mu_costhetaZ2_genbin0_recobin4 acc 0.0416 eff 0.0 outinratio 0.0206 

ggH126_4mu_costhetaZ2_genbin1_recobin4 acc 0.0617 eff 0.0 outinratio 0.0073 

VBFH126_4mu_costhetaZ2_genbin1_recobin4 acc 0.0637 eff 0.0041 outinratio 0.0 

WminusH126_4mu_costhetaZ2_genbin1_recobin4 acc 0.0561 eff 0.0 outinratio 0.0144 

WplusH126_4mu_costhetaZ2_genbin1_recobin4 acc 0.0483 eff 0.0 outinratio 0.0145 

ZH126_4mu_costhetaZ2_genbin1_recobin4 acc 0.0446 eff 0.0 outinratio 0.0574 

ttH126_4mu_costhetaZ2_genbin1_recobin4 acc 0.0654 eff 0.0 outinratio 0.0206 

ggH126_4mu_costhetaZ2_genbin2_recobin4 acc 0.0651 eff 0.0 outinratio 0.0073 

VBFH126_4mu_costhetaZ2_genbin2_recobin4 acc 0.0689 eff 0.0 outinratio 0.0 

WminusH126_4mu_costhetaZ2_genbin2_recobin4 acc 0.0623 eff 0.0007 outinratio 0.0144 

WplusH126_4mu_costhetaZ2_genbin2_recobin4 acc 0.0576 eff 0.0063 outinratio 0.0145 

ZH126_4mu_costhetaZ2_genbin2_recobin4 acc 0.0596 eff 0.0028 outinratio 0.0574 

ttH126_4mu_costhetaZ2_genbin2_recobin4 acc 0.0797 eff 0.0 outinratio 0.0206 

ggH126_4mu_costhetaZ2_genbin3_recobin4 acc 0.0776 eff 0.0318 outinratio 0.0073 

VBFH126_4mu_costhetaZ2_genbin3_recobin4 acc 0.0734 eff 0.0095 outinratio 0.0 

WminusH126_4mu_costhetaZ2_genbin3_recobin4 acc 0.064 eff 0.027 outinratio 0.0144 

WplusH126_4mu_costhetaZ2_genbin3_recobin4 acc 0.0576 eff 0.0198 outinratio 0.0145 

ZH126_4mu_costhetaZ2_genbin3_recobin4 acc 0.0696 eff 0.0249 outinratio 0.0574 

ttH126_4mu_costhetaZ2_genbin3_recobin4 acc 0.0753 eff 0.0243 outinratio 0.0206 

ggH126_4mu_costhetaZ2_genbin4_recobin4 acc 0.0714 eff 0.5746 outinratio 0.0073 

VBFH126_4mu_costhetaZ2_genbin4_recobin4 acc 0.0813 eff 0.5192 outinratio 0.0 

WminusH126_4mu_costhetaZ2_genbin4_recobin4 acc 0.071 eff 0.5015 outinratio 0.0144 

WplusH126_4mu_costhetaZ2_genbin4_recobin4 acc 0.0624 eff 0.5171 outinratio 0.0145 

ZH126_4mu_costhetaZ2_genbin4_recobin4 acc 0.0629 eff 0.5439 outinratio 0.0574 

ttH126_4mu_costhetaZ2_genbin4_recobin4 acc 0.0867 eff 0.3879 outinratio 0.0206 

ggH126_4mu_costhetaZ2_genbin5_recobin4 acc 0.0679 eff 0.0278 outinratio 0.0073 

VBFH126_4mu_costhetaZ2_genbin5_recobin4 acc 0.0772 eff 0.0209 outinratio 0.0 

WminusH126_4mu_costhetaZ2_genbin5_recobin4 acc 0.0625 eff 0.0221 outinratio 0.0144 

WplusH126_4mu_costhetaZ2_genbin5_recobin4 acc 0.0589 eff 0.0361 outinratio 0.0145 

ZH126_4mu_costhetaZ2_genbin5_recobin4 acc 0.0608 eff 0.0156 outinratio 0.0574 

ttH126_4mu_costhetaZ2_genbin5_recobin4 acc 0.0703 eff 0.0241 outinratio 0.0206 

ggH126_4mu_costhetaZ2_genbin6_recobin4 acc 0.0583 eff 0.0 outinratio 0.0073 

VBFH126_4mu_costhetaZ2_genbin6_recobin4 acc 0.062 eff 0.0 outinratio 0.0 

WminusH126_4mu_costhetaZ2_genbin6_recobin4 acc 0.0528 eff 0.0 outinratio 0.0144 

WplusH126_4mu_costhetaZ2_genbin6_recobin4 acc 0.0462 eff 0.0 outinratio 0.0145 

ZH126_4mu_costhetaZ2_genbin6_recobin4 acc 0.0479 eff 0.0 outinratio 0.0574 

ttH126_4mu_costhetaZ2_genbin6_recobin4 acc 0.053 eff 0.0055 outinratio 0.0206 

ggH126_4mu_costhetaZ2_genbin7_recobin4 acc 0.0392 eff 0.0 outinratio 0.0073 

VBFH126_4mu_costhetaZ2_genbin7_recobin4 acc 0.0387 eff 0.0 outinratio 0.0 

WminusH126_4mu_costhetaZ2_genbin7_recobin4 acc 0.0339 eff 0.0 outinratio 0.0144 

WplusH126_4mu_costhetaZ2_genbin7_recobin4 acc 0.0301 eff 0.0 outinratio 0.0145 

ZH126_4mu_costhetaZ2_genbin7_recobin4 acc 0.0328 eff 0.0 outinratio 0.0574 

ttH126_4mu_costhetaZ2_genbin7_recobin4 acc 0.0391 eff 0.0 outinratio 0.0206 

ggH126_4mu_costhetaZ2_genbin0_recobin5 acc 0.0366 eff 0.0014 outinratio 0.0081 

VBFH126_4mu_costhetaZ2_genbin0_recobin5 acc 0.0504 eff 0.0 outinratio 0.0068 

WminusH126_4mu_costhetaZ2_genbin0_recobin5 acc 0.036 eff 0.0 outinratio 0.0116 

WplusH126_4mu_costhetaZ2_genbin0_recobin5 acc 0.0354 eff 0.0 outinratio 0.0034 

ZH126_4mu_costhetaZ2_genbin0_recobin5 acc 0.0353 eff 0.0 outinratio 0.0273 

ttH126_4mu_costhetaZ2_genbin0_recobin5 acc 0.0416 eff 0.0 outinratio 0.0333 

ggH126_4mu_costhetaZ2_genbin1_recobin5 acc 0.0617 eff 0.0 outinratio 0.0081 

VBFH126_4mu_costhetaZ2_genbin1_recobin5 acc 0.0637 eff 0.0 outinratio 0.0068 

WminusH126_4mu_costhetaZ2_genbin1_recobin5 acc 0.0561 eff 0.0 outinratio 0.0116 

WplusH126_4mu_costhetaZ2_genbin1_recobin5 acc 0.0483 eff 0.0 outinratio 0.0034 

ZH126_4mu_costhetaZ2_genbin1_recobin5 acc 0.0446 eff 0.0 outinratio 0.0273 

ttH126_4mu_costhetaZ2_genbin1_recobin5 acc 0.0654 eff 0.0 outinratio 0.0333 

ggH126_4mu_costhetaZ2_genbin2_recobin5 acc 0.0651 eff 0.0 outinratio 0.0081 

VBFH126_4mu_costhetaZ2_genbin2_recobin5 acc 0.0689 eff 0.0 outinratio 0.0068 

WminusH126_4mu_costhetaZ2_genbin2_recobin5 acc 0.0623 eff 0.0 outinratio 0.0116 

WplusH126_4mu_costhetaZ2_genbin2_recobin5 acc 0.0576 eff 0.0 outinratio 0.0034 

ZH126_4mu_costhetaZ2_genbin2_recobin5 acc 0.0596 eff 0.0046 outinratio 0.0273 

ttH126_4mu_costhetaZ2_genbin2_recobin5 acc 0.0797 eff 0.0 outinratio 0.0333 

ggH126_4mu_costhetaZ2_genbin3_recobin5 acc 0.0776 eff 0.0008 outinratio 0.0081 

VBFH126_4mu_costhetaZ2_genbin3_recobin5 acc 0.0734 eff 0.0013 outinratio 0.0068 

WminusH126_4mu_costhetaZ2_genbin3_recobin5 acc 0.064 eff 0.0 outinratio 0.0116 

WplusH126_4mu_costhetaZ2_genbin3_recobin5 acc 0.0576 eff 0.0 outinratio 0.0034 

ZH126_4mu_costhetaZ2_genbin3_recobin5 acc 0.0696 eff 0.0023 outinratio 0.0273 

ttH126_4mu_costhetaZ2_genbin3_recobin5 acc 0.0753 eff 0.0 outinratio 0.0333 

ggH126_4mu_costhetaZ2_genbin4_recobin5 acc 0.0714 eff 0.0192 outinratio 0.0081 

VBFH126_4mu_costhetaZ2_genbin4_recobin5 acc 0.0813 eff 0.0358 outinratio 0.0068 

WminusH126_4mu_costhetaZ2_genbin4_recobin5 acc 0.071 eff 0.0214 outinratio 0.0116 

WplusH126_4mu_costhetaZ2_genbin4_recobin5 acc 0.0624 eff 0.0156 outinratio 0.0034 

ZH126_4mu_costhetaZ2_genbin4_recobin5 acc 0.0629 eff 0.023 outinratio 0.0273 

ttH126_4mu_costhetaZ2_genbin4_recobin5 acc 0.0867 eff 0.0056 outinratio 0.0333 

ggH126_4mu_costhetaZ2_genbin5_recobin5 acc 0.0679 eff 0.5889 outinratio 0.0081 

VBFH126_4mu_costhetaZ2_genbin5_recobin5 acc 0.0772 eff 0.5837 outinratio 0.0068 

WminusH126_4mu_costhetaZ2_genbin5_recobin5 acc 0.0625 eff 0.5316 outinratio 0.0116 

WplusH126_4mu_costhetaZ2_genbin5_recobin5 acc 0.0589 eff 0.512 outinratio 0.0034 

ZH126_4mu_costhetaZ2_genbin5_recobin5 acc 0.0608 eff 0.5396 outinratio 0.0273 

ttH126_4mu_costhetaZ2_genbin5_recobin5 acc 0.0703 eff 0.333 outinratio 0.0333 

ggH126_4mu_costhetaZ2_genbin6_recobin5 acc 0.0583 eff 0.0136 outinratio 0.0081 

VBFH126_4mu_costhetaZ2_genbin6_recobin5 acc 0.062 eff 0.0171 outinratio 0.0068 

WminusH126_4mu_costhetaZ2_genbin6_recobin5 acc 0.0528 eff 0.0118 outinratio 0.0116 

WplusH126_4mu_costhetaZ2_genbin6_recobin5 acc 0.0462 eff 0.0268 outinratio 0.0034 

ZH126_4mu_costhetaZ2_genbin6_recobin5 acc 0.0479 eff 0.0371 outinratio 0.0273 

ttH126_4mu_costhetaZ2_genbin6_recobin5 acc 0.053 eff 0.0089 outinratio 0.0333 

ggH126_4mu_costhetaZ2_genbin7_recobin5 acc 0.0392 eff 0.0058 outinratio 0.0081 

VBFH126_4mu_costhetaZ2_genbin7_recobin5 acc 0.0387 eff 0.0 outinratio 0.0068 

WminusH126_4mu_costhetaZ2_genbin7_recobin5 acc 0.0339 eff 0.0053 outinratio 0.0116 

WplusH126_4mu_costhetaZ2_genbin7_recobin5 acc 0.0301 eff 0.0012 outinratio 0.0034 

ZH126_4mu_costhetaZ2_genbin7_recobin5 acc 0.0328 eff 0.0 outinratio 0.0273 

ttH126_4mu_costhetaZ2_genbin7_recobin5 acc 0.0391 eff 0.0 outinratio 0.0333 

ggH126_4mu_costhetaZ2_genbin0_recobin6 acc 0.0366 eff 0.0 outinratio 0.0053 

VBFH126_4mu_costhetaZ2_genbin0_recobin6 acc 0.0504 eff 0.0 outinratio 0.0083 

WminusH126_4mu_costhetaZ2_genbin0_recobin6 acc 0.036 eff 0.0 outinratio 0.0036 

WplusH126_4mu_costhetaZ2_genbin0_recobin6 acc 0.0354 eff 0.0 outinratio 0.0179 

ZH126_4mu_costhetaZ2_genbin0_recobin6 acc 0.0353 eff 0.0 outinratio 0.0376 

ttH126_4mu_costhetaZ2_genbin0_recobin6 acc 0.0416 eff 0.0 outinratio 0.0686 

ggH126_4mu_costhetaZ2_genbin1_recobin6 acc 0.0617 eff 0.0 outinratio 0.0053 

VBFH126_4mu_costhetaZ2_genbin1_recobin6 acc 0.0637 eff 0.0 outinratio 0.0083 

WminusH126_4mu_costhetaZ2_genbin1_recobin6 acc 0.0561 eff 0.0 outinratio 0.0036 

WplusH126_4mu_costhetaZ2_genbin1_recobin6 acc 0.0483 eff 0.0 outinratio 0.0179 

ZH126_4mu_costhetaZ2_genbin1_recobin6 acc 0.0446 eff 0.0 outinratio 0.0376 

ttH126_4mu_costhetaZ2_genbin1_recobin6 acc 0.0654 eff 0.0 outinratio 0.0686 

ggH126_4mu_costhetaZ2_genbin2_recobin6 acc 0.0651 eff 0.0 outinratio 0.0053 

VBFH126_4mu_costhetaZ2_genbin2_recobin6 acc 0.0689 eff 0.0 outinratio 0.0083 

WminusH126_4mu_costhetaZ2_genbin2_recobin6 acc 0.0623 eff 0.0 outinratio 0.0036 

WplusH126_4mu_costhetaZ2_genbin2_recobin6 acc 0.0576 eff 0.0 outinratio 0.0179 

ZH126_4mu_costhetaZ2_genbin2_recobin6 acc 0.0596 eff 0.0 outinratio 0.0376 

ttH126_4mu_costhetaZ2_genbin2_recobin6 acc 0.0797 eff 0.0 outinratio 0.0686 

ggH126_4mu_costhetaZ2_genbin3_recobin6 acc 0.0776 eff 0.0 outinratio 0.0053 

VBFH126_4mu_costhetaZ2_genbin3_recobin6 acc 0.0734 eff 0.0 outinratio 0.0083 

WminusH126_4mu_costhetaZ2_genbin3_recobin6 acc 0.064 eff 0.0 outinratio 0.0036 

WplusH126_4mu_costhetaZ2_genbin3_recobin6 acc 0.0576 eff 0.0 outinratio 0.0179 

ZH126_4mu_costhetaZ2_genbin3_recobin6 acc 0.0696 eff 0.0 outinratio 0.0376 

ttH126_4mu_costhetaZ2_genbin3_recobin6 acc 0.0753 eff 0.0 outinratio 0.0686 

ggH126_4mu_costhetaZ2_genbin4_recobin6 acc 0.0714 eff 0.0018 outinratio 0.0053 

VBFH126_4mu_costhetaZ2_genbin4_recobin6 acc 0.0813 eff 0.0075 outinratio 0.0083 

WminusH126_4mu_costhetaZ2_genbin4_recobin6 acc 0.071 eff 0.0009 outinratio 0.0036 

WplusH126_4mu_costhetaZ2_genbin4_recobin6 acc 0.0624 eff 0.0 outinratio 0.0179 

ZH126_4mu_costhetaZ2_genbin4_recobin6 acc 0.0629 eff 0.0 outinratio 0.0376 

ttH126_4mu_costhetaZ2_genbin4_recobin6 acc 0.0867 eff 0.0 outinratio 0.0686 

ggH126_4mu_costhetaZ2_genbin5_recobin6 acc 0.0679 eff 0.0176 outinratio 0.0053 

VBFH126_4mu_costhetaZ2_genbin5_recobin6 acc 0.0772 eff 0.0115 outinratio 0.0083 

WminusH126_4mu_costhetaZ2_genbin5_recobin6 acc 0.0625 eff 0.0165 outinratio 0.0036 

WplusH126_4mu_costhetaZ2_genbin5_recobin6 acc 0.0589 eff 0.018 outinratio 0.0179 

ZH126_4mu_costhetaZ2_genbin5_recobin6 acc 0.0608 eff 0.0219 outinratio 0.0376 

ttH126_4mu_costhetaZ2_genbin5_recobin6 acc 0.0703 eff 0.0117 outinratio 0.0686 

ggH126_4mu_costhetaZ2_genbin6_recobin6 acc 0.0583 eff 0.5616 outinratio 0.0053 

VBFH126_4mu_costhetaZ2_genbin6_recobin6 acc 0.062 eff 0.557 outinratio 0.0083 

WminusH126_4mu_costhetaZ2_genbin6_recobin6 acc 0.0528 eff 0.5142 outinratio 0.0036 

WplusH126_4mu_costhetaZ2_genbin6_recobin6 acc 0.0462 eff 0.4605 outinratio 0.0179 

ZH126_4mu_costhetaZ2_genbin6_recobin6 acc 0.0479 eff 0.4715 outinratio 0.0376 

ttH126_4mu_costhetaZ2_genbin6_recobin6 acc 0.053 eff 0.371 outinratio 0.0686 

ggH126_4mu_costhetaZ2_genbin7_recobin6 acc 0.0392 eff 0.0119 outinratio 0.0053 

VBFH126_4mu_costhetaZ2_genbin7_recobin6 acc 0.0387 eff 0.0208 outinratio 0.0083 

WminusH126_4mu_costhetaZ2_genbin7_recobin6 acc 0.0339 eff 0.0239 outinratio 0.0036 

WplusH126_4mu_costhetaZ2_genbin7_recobin6 acc 0.0301 eff 0.0154 outinratio 0.0179 

ZH126_4mu_costhetaZ2_genbin7_recobin6 acc 0.0328 eff 0.0329 outinratio 0.0376 

ttH126_4mu_costhetaZ2_genbin7_recobin6 acc 0.0391 eff 0.0168 outinratio 0.0686 

ggH126_4mu_costhetaZ2_genbin0_recobin7 acc 0.0366 eff 0.0023 outinratio 0.0 

VBFH126_4mu_costhetaZ2_genbin0_recobin7 acc 0.0504 eff 0.0 outinratio 0.0 

WminusH126_4mu_costhetaZ2_genbin0_recobin7 acc 0.036 eff 0.0 outinratio 0.0053 

WplusH126_4mu_costhetaZ2_genbin0_recobin7 acc 0.0354 eff 0.0 outinratio 0.0 

ZH126_4mu_costhetaZ2_genbin0_recobin7 acc 0.0353 eff 0.0 outinratio 0.0466 

ttH126_4mu_costhetaZ2_genbin0_recobin7 acc 0.0416 eff 0.0 outinratio 0.0 

ggH126_4mu_costhetaZ2_genbin1_recobin7 acc 0.0617 eff 0.0 outinratio 0.0 

VBFH126_4mu_costhetaZ2_genbin1_recobin7 acc 0.0637 eff 0.0 outinratio 0.0 

WminusH126_4mu_costhetaZ2_genbin1_recobin7 acc 0.0561 eff 0.0 outinratio 0.0053 

WplusH126_4mu_costhetaZ2_genbin1_recobin7 acc 0.0483 eff 0.0022 outinratio 0.0 

ZH126_4mu_costhetaZ2_genbin1_recobin7 acc 0.0446 eff 0.0 outinratio 0.0466 

ttH126_4mu_costhetaZ2_genbin1_recobin7 acc 0.0654 eff 0.0 outinratio 0.0 

ggH126_4mu_costhetaZ2_genbin2_recobin7 acc 0.0651 eff 0.0 outinratio 0.0 

VBFH126_4mu_costhetaZ2_genbin2_recobin7 acc 0.0689 eff 0.0 outinratio 0.0 

WminusH126_4mu_costhetaZ2_genbin2_recobin7 acc 0.0623 eff 0.0 outinratio 0.0053 

WplusH126_4mu_costhetaZ2_genbin2_recobin7 acc 0.0576 eff 0.0 outinratio 0.0 

ZH126_4mu_costhetaZ2_genbin2_recobin7 acc 0.0596 eff 0.0 outinratio 0.0466 

ttH126_4mu_costhetaZ2_genbin2_recobin7 acc 0.0797 eff 0.0 outinratio 0.0 

ggH126_4mu_costhetaZ2_genbin3_recobin7 acc 0.0776 eff 0.0 outinratio 0.0 

VBFH126_4mu_costhetaZ2_genbin3_recobin7 acc 0.0734 eff 0.0 outinratio 0.0 

WminusH126_4mu_costhetaZ2_genbin3_recobin7 acc 0.064 eff 0.0 outinratio 0.0053 

WplusH126_4mu_costhetaZ2_genbin3_recobin7 acc 0.0576 eff 0.0 outinratio 0.0 

ZH126_4mu_costhetaZ2_genbin3_recobin7 acc 0.0696 eff 0.0 outinratio 0.0466 

ttH126_4mu_costhetaZ2_genbin3_recobin7 acc 0.0753 eff 0.0 outinratio 0.0 

ggH126_4mu_costhetaZ2_genbin4_recobin7 acc 0.0714 eff 0.0 outinratio 0.0 

VBFH126_4mu_costhetaZ2_genbin4_recobin7 acc 0.0813 eff 0.0 outinratio 0.0 

WminusH126_4mu_costhetaZ2_genbin4_recobin7 acc 0.071 eff 0.0 outinratio 0.0053 

WplusH126_4mu_costhetaZ2_genbin4_recobin7 acc 0.0624 eff 0.0 outinratio 0.0 

ZH126_4mu_costhetaZ2_genbin4_recobin7 acc 0.0629 eff 0.0 outinratio 0.0466 

ttH126_4mu_costhetaZ2_genbin4_recobin7 acc 0.0867 eff 0.0 outinratio 0.0 

ggH126_4mu_costhetaZ2_genbin5_recobin7 acc 0.0679 eff 0.0 outinratio 0.0 

VBFH126_4mu_costhetaZ2_genbin5_recobin7 acc 0.0772 eff 0.0 outinratio 0.0 

WminusH126_4mu_costhetaZ2_genbin5_recobin7 acc 0.0625 eff 0.0019 outinratio 0.0053 

WplusH126_4mu_costhetaZ2_genbin5_recobin7 acc 0.0589 eff 0.0 outinratio 0.0 

ZH126_4mu_costhetaZ2_genbin5_recobin7 acc 0.0608 eff 0.0 outinratio 0.0466 

ttH126_4mu_costhetaZ2_genbin5_recobin7 acc 0.0703 eff 0.0 outinratio 0.0 

ggH126_4mu_costhetaZ2_genbin6_recobin7 acc 0.0583 eff 0.0117 outinratio 0.0 

VBFH126_4mu_costhetaZ2_genbin6_recobin7 acc 0.062 eff 0.0106 outinratio 0.0 

WminusH126_4mu_costhetaZ2_genbin6_recobin7 acc 0.0528 eff 0.0157 outinratio 0.0053 

WplusH126_4mu_costhetaZ2_genbin6_recobin7 acc 0.0462 eff 0.0096 outinratio 0.0 

ZH126_4mu_costhetaZ2_genbin6_recobin7 acc 0.0479 eff 0.0178 outinratio 0.0466 

ttH126_4mu_costhetaZ2_genbin6_recobin7 acc 0.053 eff 0.0103 outinratio 0.0 

ggH126_4mu_costhetaZ2_genbin7_recobin7 acc 0.0392 eff 0.5668 outinratio 0.0 

VBFH126_4mu_costhetaZ2_genbin7_recobin7 acc 0.0387 eff 0.5992 outinratio 0.0 

WminusH126_4mu_costhetaZ2_genbin7_recobin7 acc 0.0339 eff 0.5328 outinratio 0.0053 

WplusH126_4mu_costhetaZ2_genbin7_recobin7 acc 0.0301 eff 0.5319 outinratio 0.0 

ZH126_4mu_costhetaZ2_genbin7_recobin7 acc 0.0328 eff 0.545 outinratio 0.0466 

ttH126_4mu_costhetaZ2_genbin7_recobin7 acc 0.0391 eff 0.4766 outinratio 0.0 

ggH126_2e2mu_costhetaZ2_genbin0_recobin0 acc 0.0328 eff 0.4491 outinratio 0.0087 

VBFH126_2e2mu_costhetaZ2_genbin0_recobin0 acc 0.0356 eff 0.4983 outinratio 0.0 

WminusH126_2e2mu_costhetaZ2_genbin0_recobin0 acc 0.0311 eff 0.4483 outinratio 0.0087 

WplusH126_2e2mu_costhetaZ2_genbin0_recobin0 acc 0.0282 eff 0.4001 outinratio 0.0323 

ZH126_2e2mu_costhetaZ2_genbin0_recobin0 acc 0.0305 eff 0.4212 outinratio 0.0591 

ttH126_2e2mu_costhetaZ2_genbin0_recobin0 acc 0.0375 eff 0.302 outinratio 0.0319 

ggH126_2e2mu_costhetaZ2_genbin1_recobin0 acc 0.05 eff 0.0163 outinratio 0.0087 

VBFH126_2e2mu_costhetaZ2_genbin1_recobin0 acc 0.0587 eff 0.0105 outinratio 0.0 

WminusH126_2e2mu_costhetaZ2_genbin1_recobin0 acc 0.0471 eff 0.0177 outinratio 0.0087 

WplusH126_2e2mu_costhetaZ2_genbin1_recobin0 acc 0.0452 eff 0.0162 outinratio 0.0323 

ZH126_2e2mu_costhetaZ2_genbin1_recobin0 acc 0.045 eff 0.0167 outinratio 0.0591 

ttH126_2e2mu_costhetaZ2_genbin1_recobin0 acc 0.0577 eff 0.0159 outinratio 0.0319 

ggH126_2e2mu_costhetaZ2_genbin2_recobin0 acc 0.0667 eff 0.0011 outinratio 0.0087 

VBFH126_2e2mu_costhetaZ2_genbin2_recobin0 acc 0.0709 eff 0.0 outinratio 0.0 

WminusH126_2e2mu_costhetaZ2_genbin2_recobin0 acc 0.058 eff 0.0 outinratio 0.0087 

WplusH126_2e2mu_costhetaZ2_genbin2_recobin0 acc 0.0542 eff 0.0 outinratio 0.0323 

ZH126_2e2mu_costhetaZ2_genbin2_recobin0 acc 0.0567 eff 0.0 outinratio 0.0591 

ttH126_2e2mu_costhetaZ2_genbin2_recobin0 acc 0.0674 eff 0.0 outinratio 0.0319 

ggH126_2e2mu_costhetaZ2_genbin3_recobin0 acc 0.0685 eff 0.0 outinratio 0.0087 

VBFH126_2e2mu_costhetaZ2_genbin3_recobin0 acc 0.0777 eff 0.0 outinratio 0.0 

WminusH126_2e2mu_costhetaZ2_genbin3_recobin0 acc 0.0655 eff 0.0006 outinratio 0.0087 

WplusH126_2e2mu_costhetaZ2_genbin3_recobin0 acc 0.0596 eff 0.0 outinratio 0.0323 

ZH126_2e2mu_costhetaZ2_genbin3_recobin0 acc 0.0652 eff 0.0 outinratio 0.0591 

ttH126_2e2mu_costhetaZ2_genbin3_recobin0 acc 0.0744 eff 0.0 outinratio 0.0319 

ggH126_2e2mu_costhetaZ2_genbin4_recobin0 acc 0.068 eff 0.0 outinratio 0.0087 

VBFH126_2e2mu_costhetaZ2_genbin4_recobin0 acc 0.0742 eff 0.0 outinratio 0.0 

WminusH126_2e2mu_costhetaZ2_genbin4_recobin0 acc 0.0631 eff 0.0 outinratio 0.0087 

WplusH126_2e2mu_costhetaZ2_genbin4_recobin0 acc 0.0601 eff 0.0 outinratio 0.0323 

ZH126_2e2mu_costhetaZ2_genbin4_recobin0 acc 0.0584 eff 0.0015 outinratio 0.0591 

ttH126_2e2mu_costhetaZ2_genbin4_recobin0 acc 0.0744 eff 0.0 outinratio 0.0319 

ggH126_2e2mu_costhetaZ2_genbin5_recobin0 acc 0.0646 eff 0.0 outinratio 0.0087 

VBFH126_2e2mu_costhetaZ2_genbin5_recobin0 acc 0.0657 eff 0.0 outinratio 0.0 

WminusH126_2e2mu_costhetaZ2_genbin5_recobin0 acc 0.0582 eff 0.0 outinratio 0.0087 

WplusH126_2e2mu_costhetaZ2_genbin5_recobin0 acc 0.0547 eff 0.0 outinratio 0.0323 

ZH126_2e2mu_costhetaZ2_genbin5_recobin0 acc 0.0569 eff 0.0 outinratio 0.0591 

ttH126_2e2mu_costhetaZ2_genbin5_recobin0 acc 0.0699 eff 0.0 outinratio 0.0319 

ggH126_2e2mu_costhetaZ2_genbin6_recobin0 acc 0.0512 eff 0.0 outinratio 0.0087 

VBFH126_2e2mu_costhetaZ2_genbin6_recobin0 acc 0.0594 eff 0.0 outinratio 0.0 

WminusH126_2e2mu_costhetaZ2_genbin6_recobin0 acc 0.0467 eff 0.0 outinratio 0.0087 

WplusH126_2e2mu_costhetaZ2_genbin6_recobin0 acc 0.0433 eff 0.0 outinratio 0.0323 

ZH126_2e2mu_costhetaZ2_genbin6_recobin0 acc 0.0437 eff 0.0 outinratio 0.0591 

ttH126_2e2mu_costhetaZ2_genbin6_recobin0 acc 0.057 eff 0.0 outinratio 0.0319 

ggH126_2e2mu_costhetaZ2_genbin7_recobin0 acc 0.0348 eff 0.0 outinratio 0.0087 

VBFH126_2e2mu_costhetaZ2_genbin7_recobin0 acc 0.0397 eff 0.0 outinratio 0.0 

WminusH126_2e2mu_costhetaZ2_genbin7_recobin0 acc 0.0304 eff 0.0009 outinratio 0.0087 

WplusH126_2e2mu_costhetaZ2_genbin7_recobin0 acc 0.029 eff 0.0 outinratio 0.0323 

ZH126_2e2mu_costhetaZ2_genbin7_recobin0 acc 0.0289 eff 0.0015 outinratio 0.0591 

ttH126_2e2mu_costhetaZ2_genbin7_recobin0 acc 0.0382 eff 0.0 outinratio 0.0319 

ggH126_2e2mu_costhetaZ2_genbin0_recobin1 acc 0.0328 eff 0.0167 outinratio 0.0087 

VBFH126_2e2mu_costhetaZ2_genbin0_recobin1 acc 0.0356 eff 0.0335 outinratio 0.0122 

WminusH126_2e2mu_costhetaZ2_genbin0_recobin1 acc 0.0311 eff 0.0208 outinratio 0.0222 

WplusH126_2e2mu_costhetaZ2_genbin0_recobin1 acc 0.0282 eff 0.0249 outinratio 0.011 

ZH126_2e2mu_costhetaZ2_genbin0_recobin1 acc 0.0305 eff 0.0153 outinratio 0.0603 

ttH126_2e2mu_costhetaZ2_genbin0_recobin1 acc 0.0375 eff 0.0233 outinratio 0.0401 

ggH126_2e2mu_costhetaZ2_genbin1_recobin1 acc 0.05 eff 0.4034 outinratio 0.0087 

VBFH126_2e2mu_costhetaZ2_genbin1_recobin1 acc 0.0587 eff 0.4514 outinratio 0.0122 

WminusH126_2e2mu_costhetaZ2_genbin1_recobin1 acc 0.0471 eff 0.3883 outinratio 0.0222 

WplusH126_2e2mu_costhetaZ2_genbin1_recobin1 acc 0.0452 eff 0.372 outinratio 0.011 

ZH126_2e2mu_costhetaZ2_genbin1_recobin1 acc 0.045 eff 0.4026 outinratio 0.0603 

ttH126_2e2mu_costhetaZ2_genbin1_recobin1 acc 0.0577 eff 0.3811 outinratio 0.0401 

ggH126_2e2mu_costhetaZ2_genbin2_recobin1 acc 0.0667 eff 0.0293 outinratio 0.0087 

VBFH126_2e2mu_costhetaZ2_genbin2_recobin1 acc 0.0709 eff 0.0217 outinratio 0.0122 

WminusH126_2e2mu_costhetaZ2_genbin2_recobin1 acc 0.058 eff 0.0303 outinratio 0.0222 

WplusH126_2e2mu_costhetaZ2_genbin2_recobin1 acc 0.0542 eff 0.0144 outinratio 0.011 

ZH126_2e2mu_costhetaZ2_genbin2_recobin1 acc 0.0567 eff 0.0243 outinratio 0.0603 

ttH126_2e2mu_costhetaZ2_genbin2_recobin1 acc 0.0674 eff 0.0205 outinratio 0.0401 

ggH126_2e2mu_costhetaZ2_genbin3_recobin1 acc 0.0685 eff 0.0013 outinratio 0.0087 

VBFH126_2e2mu_costhetaZ2_genbin3_recobin1 acc 0.0777 eff 0.0011 outinratio 0.0122 

WminusH126_2e2mu_costhetaZ2_genbin3_recobin1 acc 0.0655 eff 0.0009 outinratio 0.0222 

WplusH126_2e2mu_costhetaZ2_genbin3_recobin1 acc 0.0596 eff 0.0 outinratio 0.011 

ZH126_2e2mu_costhetaZ2_genbin3_recobin1 acc 0.0652 eff 0.0005 outinratio 0.0603 

ttH126_2e2mu_costhetaZ2_genbin3_recobin1 acc 0.0744 eff 0.0 outinratio 0.0401 

ggH126_2e2mu_costhetaZ2_genbin4_recobin1 acc 0.068 eff 0.0 outinratio 0.0087 

VBFH126_2e2mu_costhetaZ2_genbin4_recobin1 acc 0.0742 eff 0.0005 outinratio 0.0122 

WminusH126_2e2mu_costhetaZ2_genbin4_recobin1 acc 0.0631 eff 0.0009 outinratio 0.0222 

WplusH126_2e2mu_costhetaZ2_genbin4_recobin1 acc 0.0601 eff 0.0016 outinratio 0.011 

ZH126_2e2mu_costhetaZ2_genbin4_recobin1 acc 0.0584 eff 0.0 outinratio 0.0603 

ttH126_2e2mu_costhetaZ2_genbin4_recobin1 acc 0.0744 eff 0.0 outinratio 0.0401 

ggH126_2e2mu_costhetaZ2_genbin5_recobin1 acc 0.0646 eff 0.0 outinratio 0.0087 

VBFH126_2e2mu_costhetaZ2_genbin5_recobin1 acc 0.0657 eff 0.0 outinratio 0.0122 

WminusH126_2e2mu_costhetaZ2_genbin5_recobin1 acc 0.0582 eff 0.0 outinratio 0.0222 

WplusH126_2e2mu_costhetaZ2_genbin5_recobin1 acc 0.0547 eff 0.0007 outinratio 0.011 

ZH126_2e2mu_costhetaZ2_genbin5_recobin1 acc 0.0569 eff 0.0008 outinratio 0.0603 

ttH126_2e2mu_costhetaZ2_genbin5_recobin1 acc 0.0699 eff 0.0 outinratio 0.0401 

ggH126_2e2mu_costhetaZ2_genbin6_recobin1 acc 0.0512 eff 0.0 outinratio 0.0087 

VBFH126_2e2mu_costhetaZ2_genbin6_recobin1 acc 0.0594 eff 0.0 outinratio 0.0122 

WminusH126_2e2mu_costhetaZ2_genbin6_recobin1 acc 0.0467 eff 0.001 outinratio 0.0222 

WplusH126_2e2mu_costhetaZ2_genbin6_recobin1 acc 0.0433 eff 0.0 outinratio 0.011 

ZH126_2e2mu_costhetaZ2_genbin6_recobin1 acc 0.0437 eff 0.0 outinratio 0.0603 

ttH126_2e2mu_costhetaZ2_genbin6_recobin1 acc 0.057 eff 0.0 outinratio 0.0401 

ggH126_2e2mu_costhetaZ2_genbin7_recobin1 acc 0.0348 eff 0.0 outinratio 0.0087 

VBFH126_2e2mu_costhetaZ2_genbin7_recobin1 acc 0.0397 eff 0.0 outinratio 0.0122 

WminusH126_2e2mu_costhetaZ2_genbin7_recobin1 acc 0.0304 eff 0.002 outinratio 0.0222 

WplusH126_2e2mu_costhetaZ2_genbin7_recobin1 acc 0.029 eff 0.0 outinratio 0.011 

ZH126_2e2mu_costhetaZ2_genbin7_recobin1 acc 0.0289 eff 0.0 outinratio 0.0603 

ttH126_2e2mu_costhetaZ2_genbin7_recobin1 acc 0.0382 eff 0.0 outinratio 0.0401 

ggH126_2e2mu_costhetaZ2_genbin0_recobin2 acc 0.0328 eff 0.0 outinratio 0.0035 

VBFH126_2e2mu_costhetaZ2_genbin0_recobin2 acc 0.0356 eff 0.0 outinratio 0.0036 

WminusH126_2e2mu_costhetaZ2_genbin0_recobin2 acc 0.0311 eff 0.0004 outinratio 0.0311 

WplusH126_2e2mu_costhetaZ2_genbin0_recobin2 acc 0.0282 eff 0.0 outinratio 0.0191 

ZH126_2e2mu_costhetaZ2_genbin0_recobin2 acc 0.0305 eff 0.0028 outinratio 0.0433 

ttH126_2e2mu_costhetaZ2_genbin0_recobin2 acc 0.0375 eff 0.0 outinratio 0.0901 

ggH126_2e2mu_costhetaZ2_genbin1_recobin2 acc 0.05 eff 0.0335 outinratio 0.0035 

VBFH126_2e2mu_costhetaZ2_genbin1_recobin2 acc 0.0587 eff 0.0261 outinratio 0.0036 

WminusH126_2e2mu_costhetaZ2_genbin1_recobin2 acc 0.0471 eff 0.0203 outinratio 0.0311 

WplusH126_2e2mu_costhetaZ2_genbin1_recobin2 acc 0.0452 eff 0.0108 outinratio 0.0191 

ZH126_2e2mu_costhetaZ2_genbin1_recobin2 acc 0.045 eff 0.0379 outinratio 0.0433 

ttH126_2e2mu_costhetaZ2_genbin1_recobin2 acc 0.0577 eff 0.018 outinratio 0.0901 

ggH126_2e2mu_costhetaZ2_genbin2_recobin2 acc 0.0667 eff 0.4338 outinratio 0.0035 

VBFH126_2e2mu_costhetaZ2_genbin2_recobin2 acc 0.0709 eff 0.4491 outinratio 0.0036 

WminusH126_2e2mu_costhetaZ2_genbin2_recobin2 acc 0.058 eff 0.4365 outinratio 0.0311 

WplusH126_2e2mu_costhetaZ2_genbin2_recobin2 acc 0.0542 eff 0.4241 outinratio 0.0191 

ZH126_2e2mu_costhetaZ2_genbin2_recobin2 acc 0.0567 eff 0.4674 outinratio 0.0433 

ttH126_2e2mu_costhetaZ2_genbin2_recobin2 acc 0.0674 eff 0.2867 outinratio 0.0901 

ggH126_2e2mu_costhetaZ2_genbin3_recobin2 acc 0.0685 eff 0.0246 outinratio 0.0035 

VBFH126_2e2mu_costhetaZ2_genbin3_recobin2 acc 0.0777 eff 0.022 outinratio 0.0036 

WminusH126_2e2mu_costhetaZ2_genbin3_recobin2 acc 0.0655 eff 0.0319 outinratio 0.0311 

WplusH126_2e2mu_costhetaZ2_genbin3_recobin2 acc 0.0596 eff 0.0295 outinratio 0.0191 

ZH126_2e2mu_costhetaZ2_genbin3_recobin2 acc 0.0652 eff 0.0303 outinratio 0.0433 

ttH126_2e2mu_costhetaZ2_genbin3_recobin2 acc 0.0744 eff 0.0291 outinratio 0.0901 

ggH126_2e2mu_costhetaZ2_genbin4_recobin2 acc 0.068 eff 0.0027 outinratio 0.0035 

VBFH126_2e2mu_costhetaZ2_genbin4_recobin2 acc 0.0742 eff 0.003 outinratio 0.0036 

WminusH126_2e2mu_costhetaZ2_genbin4_recobin2 acc 0.0631 eff 0.0012 outinratio 0.0311 

WplusH126_2e2mu_costhetaZ2_genbin4_recobin2 acc 0.0601 eff 0.0 outinratio 0.0191 

ZH126_2e2mu_costhetaZ2_genbin4_recobin2 acc 0.0584 eff 0.0005 outinratio 0.0433 

ttH126_2e2mu_costhetaZ2_genbin4_recobin2 acc 0.0744 eff 0.0009 outinratio 0.0901 

ggH126_2e2mu_costhetaZ2_genbin5_recobin2 acc 0.0646 eff 0.0 outinratio 0.0035 

VBFH126_2e2mu_costhetaZ2_genbin5_recobin2 acc 0.0657 eff 0.0025 outinratio 0.0036 

WminusH126_2e2mu_costhetaZ2_genbin5_recobin2 acc 0.0582 eff 0.0 outinratio 0.0311 

WplusH126_2e2mu_costhetaZ2_genbin5_recobin2 acc 0.0547 eff 0.0024 outinratio 0.0191 

ZH126_2e2mu_costhetaZ2_genbin5_recobin2 acc 0.0569 eff 0.0 outinratio 0.0433 

ttH126_2e2mu_costhetaZ2_genbin5_recobin2 acc 0.0699 eff 0.0 outinratio 0.0901 

ggH126_2e2mu_costhetaZ2_genbin6_recobin2 acc 0.0512 eff 0.0014 outinratio 0.0035 

VBFH126_2e2mu_costhetaZ2_genbin6_recobin2 acc 0.0594 eff 0.0032 outinratio 0.0036 

WminusH126_2e2mu_costhetaZ2_genbin6_recobin2 acc 0.0467 eff 0.001 outinratio 0.0311 

WplusH126_2e2mu_costhetaZ2_genbin6_recobin2 acc 0.0433 eff 0.0 outinratio 0.0191 

ZH126_2e2mu_costhetaZ2_genbin6_recobin2 acc 0.0437 eff 0.0 outinratio 0.0433 

ttH126_2e2mu_costhetaZ2_genbin6_recobin2 acc 0.057 eff 0.0 outinratio 0.0901 

ggH126_2e2mu_costhetaZ2_genbin7_recobin2 acc 0.0348 eff 0.0 outinratio 0.0035 

VBFH126_2e2mu_costhetaZ2_genbin7_recobin2 acc 0.0397 eff 0.0 outinratio 0.0036 

WminusH126_2e2mu_costhetaZ2_genbin7_recobin2 acc 0.0304 eff 0.0 outinratio 0.0311 

WplusH126_2e2mu_costhetaZ2_genbin7_recobin2 acc 0.029 eff 0.0 outinratio 0.0191 

ZH126_2e2mu_costhetaZ2_genbin7_recobin2 acc 0.0289 eff 0.0 outinratio 0.0433 

ttH126_2e2mu_costhetaZ2_genbin7_recobin2 acc 0.0382 eff 0.0 outinratio 0.0901 

ggH126_2e2mu_costhetaZ2_genbin0_recobin3 acc 0.0328 eff 0.002 outinratio 0.006 

VBFH126_2e2mu_costhetaZ2_genbin0_recobin3 acc 0.0356 eff 0.0 outinratio 0.0194 

WminusH126_2e2mu_costhetaZ2_genbin0_recobin3 acc 0.0311 eff 0.0 outinratio 0.0193 

WplusH126_2e2mu_costhetaZ2_genbin0_recobin3 acc 0.0282 eff 0.0 outinratio 0.0132 

ZH126_2e2mu_costhetaZ2_genbin0_recobin3 acc 0.0305 eff 0.0 outinratio 0.0282 

ttH126_2e2mu_costhetaZ2_genbin0_recobin3 acc 0.0375 eff 0.0 outinratio 0.0355 

ggH126_2e2mu_costhetaZ2_genbin1_recobin3 acc 0.05 eff 0.0 outinratio 0.006 

VBFH126_2e2mu_costhetaZ2_genbin1_recobin3 acc 0.0587 eff 0.0 outinratio 0.0194 

WminusH126_2e2mu_costhetaZ2_genbin1_recobin3 acc 0.0471 eff 0.0024 outinratio 0.0193 

WplusH126_2e2mu_costhetaZ2_genbin1_recobin3 acc 0.0452 eff 0.0024 outinratio 0.0132 

ZH126_2e2mu_costhetaZ2_genbin1_recobin3 acc 0.045 eff 0.0005 outinratio 0.0282 

ttH126_2e2mu_costhetaZ2_genbin1_recobin3 acc 0.0577 eff 0.0 outinratio 0.0355 

ggH126_2e2mu_costhetaZ2_genbin2_recobin3 acc 0.0667 eff 0.0299 outinratio 0.006 

VBFH126_2e2mu_costhetaZ2_genbin2_recobin3 acc 0.0709 eff 0.0314 outinratio 0.0194 

WminusH126_2e2mu_costhetaZ2_genbin2_recobin3 acc 0.058 eff 0.0289 outinratio 0.0193 

WplusH126_2e2mu_costhetaZ2_genbin2_recobin3 acc 0.0542 eff 0.0359 outinratio 0.0132 

ZH126_2e2mu_costhetaZ2_genbin2_recobin3 acc 0.0567 eff 0.0234 outinratio 0.0282 

ttH126_2e2mu_costhetaZ2_genbin2_recobin3 acc 0.0674 eff 0.0244 outinratio 0.0355 

ggH126_2e2mu_costhetaZ2_genbin3_recobin3 acc 0.0685 eff 0.4122 outinratio 0.006 

VBFH126_2e2mu_costhetaZ2_genbin3_recobin3 acc 0.0777 eff 0.4567 outinratio 0.0194 

WminusH126_2e2mu_costhetaZ2_genbin3_recobin3 acc 0.0655 eff 0.4045 outinratio 0.0193 

WplusH126_2e2mu_costhetaZ2_genbin3_recobin3 acc 0.0596 eff 0.3836 outinratio 0.0132 

ZH126_2e2mu_costhetaZ2_genbin3_recobin3 acc 0.0652 eff 0.4097 outinratio 0.0282 

ttH126_2e2mu_costhetaZ2_genbin3_recobin3 acc 0.0744 eff 0.3299 outinratio 0.0355 

ggH126_2e2mu_costhetaZ2_genbin4_recobin3 acc 0.068 eff 0.0331 outinratio 0.006 

VBFH126_2e2mu_costhetaZ2_genbin4_recobin3 acc 0.0742 eff 0.0285 outinratio 0.0194 

WminusH126_2e2mu_costhetaZ2_genbin4_recobin3 acc 0.0631 eff 0.0315 outinratio 0.0193 

WplusH126_2e2mu_costhetaZ2_genbin4_recobin3 acc 0.0601 eff 0.0321 outinratio 0.0132 

ZH126_2e2mu_costhetaZ2_genbin4_recobin3 acc 0.0584 eff 0.0356 outinratio 0.0282 

ttH126_2e2mu_costhetaZ2_genbin4_recobin3 acc 0.0744 eff 0.0261 outinratio 0.0355 

ggH126_2e2mu_costhetaZ2_genbin5_recobin3 acc 0.0646 eff 0.0033 outinratio 0.006 

VBFH126_2e2mu_costhetaZ2_genbin5_recobin3 acc 0.0657 eff 0.0024 outinratio 0.0194 

WminusH126_2e2mu_costhetaZ2_genbin5_recobin3 acc 0.0582 eff 0.0016 outinratio 0.0193 

WplusH126_2e2mu_costhetaZ2_genbin5_recobin3 acc 0.0547 eff 0.0023 outinratio 0.0132 

ZH126_2e2mu_costhetaZ2_genbin5_recobin3 acc 0.0569 eff 0.0 outinratio 0.0282 

ttH126_2e2mu_costhetaZ2_genbin5_recobin3 acc 0.0699 eff 0.0 outinratio 0.0355 

ggH126_2e2mu_costhetaZ2_genbin6_recobin3 acc 0.0512 eff 0.0004 outinratio 0.006 

VBFH126_2e2mu_costhetaZ2_genbin6_recobin3 acc 0.0594 eff 0.0016 outinratio 0.0194 

WminusH126_2e2mu_costhetaZ2_genbin6_recobin3 acc 0.0467 eff 0.0008 outinratio 0.0193 

WplusH126_2e2mu_costhetaZ2_genbin6_recobin3 acc 0.0433 eff 0.0 outinratio 0.0132 

ZH126_2e2mu_costhetaZ2_genbin6_recobin3 acc 0.0437 eff -0.0024 outinratio 0.0282 

ttH126_2e2mu_costhetaZ2_genbin6_recobin3 acc 0.057 eff 0.0 outinratio 0.0355 

ggH126_2e2mu_costhetaZ2_genbin7_recobin3 acc 0.0348 eff 0.0015 outinratio 0.006 

VBFH126_2e2mu_costhetaZ2_genbin7_recobin3 acc 0.0397 eff 0.0 outinratio 0.0194 

WminusH126_2e2mu_costhetaZ2_genbin7_recobin3 acc 0.0304 eff 0.0 outinratio 0.0193 

WplusH126_2e2mu_costhetaZ2_genbin7_recobin3 acc 0.029 eff 0.0 outinratio 0.0132 

ZH126_2e2mu_costhetaZ2_genbin7_recobin3 acc 0.0289 eff 0.0 outinratio 0.0282 

ttH126_2e2mu_costhetaZ2_genbin7_recobin3 acc 0.0382 eff 0.0 outinratio 0.0355 

ggH126_2e2mu_costhetaZ2_genbin0_recobin4 acc 0.0328 eff 0.0006 outinratio 0.0117 

VBFH126_2e2mu_costhetaZ2_genbin0_recobin4 acc 0.0356 eff 0.0 outinratio 0.0133 

WminusH126_2e2mu_costhetaZ2_genbin0_recobin4 acc 0.0311 eff 0.0 outinratio 0.0139 

WplusH126_2e2mu_costhetaZ2_genbin0_recobin4 acc 0.0282 eff 0.0 outinratio 0.0175 

ZH126_2e2mu_costhetaZ2_genbin0_recobin4 acc 0.0305 eff 0.0 outinratio 0.0552 

ttH126_2e2mu_costhetaZ2_genbin0_recobin4 acc 0.0375 eff 0.0 outinratio 0.0563 

ggH126_2e2mu_costhetaZ2_genbin1_recobin4 acc 0.05 eff 0.0012 outinratio 0.0117 

VBFH126_2e2mu_costhetaZ2_genbin1_recobin4 acc 0.0587 eff 0.0 outinratio 0.0133 

WminusH126_2e2mu_costhetaZ2_genbin1_recobin4 acc 0.0471 eff 0.0008 outinratio 0.0139 

WplusH126_2e2mu_costhetaZ2_genbin1_recobin4 acc 0.0452 eff 0.0 outinratio 0.0175 

ZH126_2e2mu_costhetaZ2_genbin1_recobin4 acc 0.045 eff 0.0 outinratio 0.0552 

ttH126_2e2mu_costhetaZ2_genbin1_recobin4 acc 0.0577 eff 0.0 outinratio 0.0563 

ggH126_2e2mu_costhetaZ2_genbin2_recobin4 acc 0.0667 eff 0.0026 outinratio 0.0117 

VBFH126_2e2mu_costhetaZ2_genbin2_recobin4 acc 0.0709 eff 0.0011 outinratio 0.0133 

WminusH126_2e2mu_costhetaZ2_genbin2_recobin4 acc 0.058 eff 0.0011 outinratio 0.0139 

WplusH126_2e2mu_costhetaZ2_genbin2_recobin4 acc 0.0542 eff 0.0023 outinratio 0.0175 

ZH126_2e2mu_costhetaZ2_genbin2_recobin4 acc 0.0567 eff 0.0021 outinratio 0.0552 

ttH126_2e2mu_costhetaZ2_genbin2_recobin4 acc 0.0674 eff 0.0031 outinratio 0.0563 

ggH126_2e2mu_costhetaZ2_genbin3_recobin4 acc 0.0685 eff 0.033 outinratio 0.0117 

VBFH126_2e2mu_costhetaZ2_genbin3_recobin4 acc 0.0777 eff 0.0441 outinratio 0.0133 

WminusH126_2e2mu_costhetaZ2_genbin3_recobin4 acc 0.0655 eff 0.0394 outinratio 0.0139 

WplusH126_2e2mu_costhetaZ2_genbin3_recobin4 acc 0.0596 eff 0.0403 outinratio 0.0175 

ZH126_2e2mu_costhetaZ2_genbin3_recobin4 acc 0.0652 eff 0.0257 outinratio 0.0552 

ttH126_2e2mu_costhetaZ2_genbin3_recobin4 acc 0.0744 eff 0.0488 outinratio 0.0563 

ggH126_2e2mu_costhetaZ2_genbin4_recobin4 acc 0.068 eff 0.4053 outinratio 0.0117 

VBFH126_2e2mu_costhetaZ2_genbin4_recobin4 acc 0.0742 eff 0.4873 outinratio 0.0133 

WminusH126_2e2mu_costhetaZ2_genbin4_recobin4 acc 0.0631 eff 0.4024 outinratio 0.0139 

WplusH126_2e2mu_costhetaZ2_genbin4_recobin4 acc 0.0601 eff 0.4363 outinratio 0.0175 

ZH126_2e2mu_costhetaZ2_genbin4_recobin4 acc 0.0584 eff 0.3834 outinratio 0.0552 

ttH126_2e2mu_costhetaZ2_genbin4_recobin4 acc 0.0744 eff 0.3562 outinratio 0.0563 

ggH126_2e2mu_costhetaZ2_genbin5_recobin4 acc 0.0646 eff 0.0332 outinratio 0.0117 

VBFH126_2e2mu_costhetaZ2_genbin5_recobin4 acc 0.0657 eff 0.0322 outinratio 0.0133 

WminusH126_2e2mu_costhetaZ2_genbin5_recobin4 acc 0.0582 eff 0.0366 outinratio 0.0139 

WplusH126_2e2mu_costhetaZ2_genbin5_recobin4 acc 0.0547 eff 0.0392 outinratio 0.0175 

ZH126_2e2mu_costhetaZ2_genbin5_recobin4 acc 0.0569 eff 0.044 outinratio 0.0552 

ttH126_2e2mu_costhetaZ2_genbin5_recobin4 acc 0.0699 eff 0.0141 outinratio 0.0563 

ggH126_2e2mu_costhetaZ2_genbin6_recobin4 acc 0.0512 eff 0.0037 outinratio 0.0117 

VBFH126_2e2mu_costhetaZ2_genbin6_recobin4 acc 0.0594 eff 0.0006 outinratio 0.0133 

WminusH126_2e2mu_costhetaZ2_genbin6_recobin4 acc 0.0467 eff 0.0003 outinratio 0.0139 

WplusH126_2e2mu_costhetaZ2_genbin6_recobin4 acc 0.0433 eff 0.0057 outinratio 0.0175 

ZH126_2e2mu_costhetaZ2_genbin6_recobin4 acc 0.0437 eff 0.0039 outinratio 0.0552 

ttH126_2e2mu_costhetaZ2_genbin6_recobin4 acc 0.057 eff 0.0026 outinratio 0.0563 

ggH126_2e2mu_costhetaZ2_genbin7_recobin4 acc 0.0348 eff 0.0 outinratio 0.0117 

VBFH126_2e2mu_costhetaZ2_genbin7_recobin4 acc 0.0397 eff 0.0 outinratio 0.0133 

WminusH126_2e2mu_costhetaZ2_genbin7_recobin4 acc 0.0304 eff 0.0008 outinratio 0.0139 

WplusH126_2e2mu_costhetaZ2_genbin7_recobin4 acc 0.029 eff 0.0 outinratio 0.0175 

ZH126_2e2mu_costhetaZ2_genbin7_recobin4 acc 0.0289 eff 0.0 outinratio 0.0552 

ttH126_2e2mu_costhetaZ2_genbin7_recobin4 acc 0.0382 eff 0.0 outinratio 0.0563 

ggH126_2e2mu_costhetaZ2_genbin0_recobin5 acc 0.0328 eff 0.0011 outinratio 0.0082 

VBFH126_2e2mu_costhetaZ2_genbin0_recobin5 acc 0.0356 eff 0.0 outinratio 0.0123 

WminusH126_2e2mu_costhetaZ2_genbin0_recobin5 acc 0.0311 eff 0.0 outinratio 0.0151 

WplusH126_2e2mu_costhetaZ2_genbin0_recobin5 acc 0.0282 eff 0.0 outinratio 0.0184 

ZH126_2e2mu_costhetaZ2_genbin0_recobin5 acc 0.0305 eff 0.0 outinratio 0.0763 

ttH126_2e2mu_costhetaZ2_genbin0_recobin5 acc 0.0375 eff 0.0095 outinratio 0.0201 

ggH126_2e2mu_costhetaZ2_genbin1_recobin5 acc 0.05 eff 0.001 outinratio 0.0082 

VBFH126_2e2mu_costhetaZ2_genbin1_recobin5 acc 0.0587 eff 0.0 outinratio 0.0123 

WminusH126_2e2mu_costhetaZ2_genbin1_recobin5 acc 0.0471 eff 0.0 outinratio 0.0151 

WplusH126_2e2mu_costhetaZ2_genbin1_recobin5 acc 0.0452 eff 0.0021 outinratio 0.0184 

ZH126_2e2mu_costhetaZ2_genbin1_recobin5 acc 0.045 eff 0.0021 outinratio 0.0763 

ttH126_2e2mu_costhetaZ2_genbin1_recobin5 acc 0.0577 eff 0.0 outinratio 0.0201 

ggH126_2e2mu_costhetaZ2_genbin2_recobin5 acc 0.0667 eff 0.0011 outinratio 0.0082 

VBFH126_2e2mu_costhetaZ2_genbin2_recobin5 acc 0.0709 eff 0.0006 outinratio 0.0123 

WminusH126_2e2mu_costhetaZ2_genbin2_recobin5 acc 0.058 eff 0.0 outinratio 0.0151 

WplusH126_2e2mu_costhetaZ2_genbin2_recobin5 acc 0.0542 eff 0.0 outinratio 0.0184 

ZH126_2e2mu_costhetaZ2_genbin2_recobin5 acc 0.0567 eff 0.0065 outinratio 0.0763 

ttH126_2e2mu_costhetaZ2_genbin2_recobin5 acc 0.0674 eff 0.0 outinratio 0.0201 

ggH126_2e2mu_costhetaZ2_genbin3_recobin5 acc 0.0685 eff 0.0039 outinratio 0.0082 

VBFH126_2e2mu_costhetaZ2_genbin3_recobin5 acc 0.0777 eff 0.0009 outinratio 0.0123 

WminusH126_2e2mu_costhetaZ2_genbin3_recobin5 acc 0.0655 eff 0.003 outinratio 0.0151 

WplusH126_2e2mu_costhetaZ2_genbin3_recobin5 acc 0.0596 eff 0.0046 outinratio 0.0184 

ZH126_2e2mu_costhetaZ2_genbin3_recobin5 acc 0.0652 eff 0.001 outinratio 0.0763 

ttH126_2e2mu_costhetaZ2_genbin3_recobin5 acc 0.0744 eff 0.0 outinratio 0.0201 

ggH126_2e2mu_costhetaZ2_genbin4_recobin5 acc 0.068 eff 0.0308 outinratio 0.0082 

VBFH126_2e2mu_costhetaZ2_genbin4_recobin5 acc 0.0742 eff 0.031 outinratio 0.0123 

WminusH126_2e2mu_costhetaZ2_genbin4_recobin5 acc 0.0631 eff 0.0278 outinratio 0.0151 

WplusH126_2e2mu_costhetaZ2_genbin4_recobin5 acc 0.0601 eff 0.0286 outinratio 0.0184 

ZH126_2e2mu_costhetaZ2_genbin4_recobin5 acc 0.0584 eff 0.026 outinratio 0.0763 

ttH126_2e2mu_costhetaZ2_genbin4_recobin5 acc 0.0744 eff 0.016 outinratio 0.0201 

ggH126_2e2mu_costhetaZ2_genbin5_recobin5 acc 0.0646 eff 0.4363 outinratio 0.0082 

VBFH126_2e2mu_costhetaZ2_genbin5_recobin5 acc 0.0657 eff 0.4565 outinratio 0.0123 

WminusH126_2e2mu_costhetaZ2_genbin5_recobin5 acc 0.0582 eff 0.4066 outinratio 0.0151 

WplusH126_2e2mu_costhetaZ2_genbin5_recobin5 acc 0.0547 eff 0.3623 outinratio 0.0184 

ZH126_2e2mu_costhetaZ2_genbin5_recobin5 acc 0.0569 eff 0.3547 outinratio 0.0763 

ttH126_2e2mu_costhetaZ2_genbin5_recobin5 acc 0.0699 eff 0.3766 outinratio 0.0201 

ggH126_2e2mu_costhetaZ2_genbin6_recobin5 acc 0.0512 eff 0.0291 outinratio 0.0082 

VBFH126_2e2mu_costhetaZ2_genbin6_recobin5 acc 0.0594 eff 0.033 outinratio 0.0123 

WminusH126_2e2mu_costhetaZ2_genbin6_recobin5 acc 0.0467 eff 0.0301 outinratio 0.0151 

WplusH126_2e2mu_costhetaZ2_genbin6_recobin5 acc 0.0433 eff 0.0323 outinratio 0.0184 

ZH126_2e2mu_costhetaZ2_genbin6_recobin5 acc 0.0437 eff 0.0344 outinratio 0.0763 

ttH126_2e2mu_costhetaZ2_genbin6_recobin5 acc 0.057 eff 0.0292 outinratio 0.0201 

ggH126_2e2mu_costhetaZ2_genbin7_recobin5 acc 0.0348 eff 0.002 outinratio 0.0082 

VBFH126_2e2mu_costhetaZ2_genbin7_recobin5 acc 0.0397 eff 0.0048 outinratio 0.0123 

WminusH126_2e2mu_costhetaZ2_genbin7_recobin5 acc 0.0304 eff 0.0025 outinratio 0.0151 

WplusH126_2e2mu_costhetaZ2_genbin7_recobin5 acc 0.029 eff 0.0 outinratio 0.0184 

ZH126_2e2mu_costhetaZ2_genbin7_recobin5 acc 0.0289 eff 0.0 outinratio 0.0763 

ttH126_2e2mu_costhetaZ2_genbin7_recobin5 acc 0.0382 eff 0.0 outinratio 0.0201 

ggH126_2e2mu_costhetaZ2_genbin0_recobin6 acc 0.0328 eff 0.0023 outinratio 0.0119 

VBFH126_2e2mu_costhetaZ2_genbin0_recobin6 acc 0.0356 eff 0.0 outinratio 0.0058 

WminusH126_2e2mu_costhetaZ2_genbin0_recobin6 acc 0.0311 eff 0.0 outinratio 0.008 

WplusH126_2e2mu_costhetaZ2_genbin0_recobin6 acc 0.0282 eff 0.0 outinratio 0.019 

ZH126_2e2mu_costhetaZ2_genbin0_recobin6 acc 0.0305 eff 0.0 outinratio 0.0416 

ttH126_2e2mu_costhetaZ2_genbin0_recobin6 acc 0.0375 eff 0.0 outinratio 0.0282 

ggH126_2e2mu_costhetaZ2_genbin1_recobin6 acc 0.05 eff 0.0003 outinratio 0.0119 

VBFH126_2e2mu_costhetaZ2_genbin1_recobin6 acc 0.0587 eff 0.0 outinratio 0.0058 

WminusH126_2e2mu_costhetaZ2_genbin1_recobin6 acc 0.0471 eff 0.0 outinratio 0.008 

WplusH126_2e2mu_costhetaZ2_genbin1_recobin6 acc 0.0452 eff 0.0 outinratio 0.019 

ZH126_2e2mu_costhetaZ2_genbin1_recobin6 acc 0.045 eff 0.0 outinratio 0.0416 

ttH126_2e2mu_costhetaZ2_genbin1_recobin6 acc 0.0577 eff 0.0 outinratio 0.0282 

ggH126_2e2mu_costhetaZ2_genbin2_recobin6 acc 0.0667 eff 0.0 outinratio 0.0119 

VBFH126_2e2mu_costhetaZ2_genbin2_recobin6 acc 0.0709 eff 0.0 outinratio 0.0058 

WminusH126_2e2mu_costhetaZ2_genbin2_recobin6 acc 0.058 eff 0.0014 outinratio 0.008 

WplusH126_2e2mu_costhetaZ2_genbin2_recobin6 acc 0.0542 eff 0.0 outinratio 0.019 

ZH126_2e2mu_costhetaZ2_genbin2_recobin6 acc 0.0567 eff 0.0 outinratio 0.0416 

ttH126_2e2mu_costhetaZ2_genbin2_recobin6 acc 0.0674 eff 0.0 outinratio 0.0282 

ggH126_2e2mu_costhetaZ2_genbin3_recobin6 acc 0.0685 eff 0.0013 outinratio 0.0119 

VBFH126_2e2mu_costhetaZ2_genbin3_recobin6 acc 0.0777 eff 0.0005 outinratio 0.0058 

WminusH126_2e2mu_costhetaZ2_genbin3_recobin6 acc 0.0655 eff 0.0 outinratio 0.008 

WplusH126_2e2mu_costhetaZ2_genbin3_recobin6 acc 0.0596 eff 0.0012 outinratio 0.019 

ZH126_2e2mu_costhetaZ2_genbin3_recobin6 acc 0.0652 eff 0.0 outinratio 0.0416 

ttH126_2e2mu_costhetaZ2_genbin3_recobin6 acc 0.0744 eff 0.0 outinratio 0.0282 

ggH126_2e2mu_costhetaZ2_genbin4_recobin6 acc 0.068 eff 0.001 outinratio 0.0119 

VBFH126_2e2mu_costhetaZ2_genbin4_recobin6 acc 0.0742 eff 0.003 outinratio 0.0058 

WminusH126_2e2mu_costhetaZ2_genbin4_recobin6 acc 0.0631 eff 0.0011 outinratio 0.008 

WplusH126_2e2mu_costhetaZ2_genbin4_recobin6 acc 0.0601 eff 0.0 outinratio 0.019 

ZH126_2e2mu_costhetaZ2_genbin4_recobin6 acc 0.0584 eff 0.0 outinratio 0.0416 

ttH126_2e2mu_costhetaZ2_genbin4_recobin6 acc 0.0744 eff 0.0027 outinratio 0.0282 

ggH126_2e2mu_costhetaZ2_genbin5_recobin6 acc 0.0646 eff 0.0293 outinratio 0.0119 

VBFH126_2e2mu_costhetaZ2_genbin5_recobin6 acc 0.0657 eff 0.0194 outinratio 0.0058 

WminusH126_2e2mu_costhetaZ2_genbin5_recobin6 acc 0.0582 eff 0.0195 outinratio 0.008 

WplusH126_2e2mu_costhetaZ2_genbin5_recobin6 acc 0.0547 eff 0.0196 outinratio 0.019 

ZH126_2e2mu_costhetaZ2_genbin5_recobin6 acc 0.0569 eff 0.0217 outinratio 0.0416 

ttH126_2e2mu_costhetaZ2_genbin5_recobin6 acc 0.0699 eff 0.0298 outinratio 0.0282 

ggH126_2e2mu_costhetaZ2_genbin6_recobin6 acc 0.0512 eff 0.4369 outinratio 0.0119 

VBFH126_2e2mu_costhetaZ2_genbin6_recobin6 acc 0.0594 eff 0.4274 outinratio 0.0058 

WminusH126_2e2mu_costhetaZ2_genbin6_recobin6 acc 0.0467 eff 0.4145 outinratio 0.008 

WplusH126_2e2mu_costhetaZ2_genbin6_recobin6 acc 0.0433 eff 0.4219 outinratio 0.019 

ZH126_2e2mu_costhetaZ2_genbin6_recobin6 acc 0.0437 eff 0.4327 outinratio 0.0416 

ttH126_2e2mu_costhetaZ2_genbin6_recobin6 acc 0.057 eff 0.4061 outinratio 0.0282 

ggH126_2e2mu_costhetaZ2_genbin7_recobin6 acc 0.0348 eff 0.0197 outinratio 0.0119 

VBFH126_2e2mu_costhetaZ2_genbin7_recobin6 acc 0.0397 eff 0.0261 outinratio 0.0058 

WminusH126_2e2mu_costhetaZ2_genbin7_recobin6 acc 0.0304 eff 0.0111 outinratio 0.008 

WplusH126_2e2mu_costhetaZ2_genbin7_recobin6 acc 0.029 eff 0.0227 outinratio 0.019 

ZH126_2e2mu_costhetaZ2_genbin7_recobin6 acc 0.0289 eff 0.0169 outinratio 0.0416 

ttH126_2e2mu_costhetaZ2_genbin7_recobin6 acc 0.0382 eff 0.0099 outinratio 0.0282 

ggH126_2e2mu_costhetaZ2_genbin0_recobin7 acc 0.0328 eff 0.0009 outinratio 0.0058 

VBFH126_2e2mu_costhetaZ2_genbin0_recobin7 acc 0.0356 eff 0.0 outinratio 0.0157 

WminusH126_2e2mu_costhetaZ2_genbin0_recobin7 acc 0.0311 eff 0.0 outinratio 0.0204 

WplusH126_2e2mu_costhetaZ2_genbin0_recobin7 acc 0.0282 eff 0.0 outinratio 0.0 

ZH126_2e2mu_costhetaZ2_genbin0_recobin7 acc 0.0305 eff 0.0 outinratio 0.058 

ttH126_2e2mu_costhetaZ2_genbin0_recobin7 acc 0.0375 eff 0.0 outinratio 0.0721 

ggH126_2e2mu_costhetaZ2_genbin1_recobin7 acc 0.05 eff 0.0 outinratio 0.0058 

VBFH126_2e2mu_costhetaZ2_genbin1_recobin7 acc 0.0587 eff 0.0 outinratio 0.0157 

WminusH126_2e2mu_costhetaZ2_genbin1_recobin7 acc 0.0471 eff 0.0007 outinratio 0.0204 

WplusH126_2e2mu_costhetaZ2_genbin1_recobin7 acc 0.0452 eff 0.0 outinratio 0.0 

ZH126_2e2mu_costhetaZ2_genbin1_recobin7 acc 0.045 eff 0.0 outinratio 0.058 

ttH126_2e2mu_costhetaZ2_genbin1_recobin7 acc 0.0577 eff 0.0 outinratio 0.0721 

ggH126_2e2mu_costhetaZ2_genbin2_recobin7 acc 0.0667 eff 0.0004 outinratio 0.0058 

VBFH126_2e2mu_costhetaZ2_genbin2_recobin7 acc 0.0709 eff 0.0 outinratio 0.0157 

WminusH126_2e2mu_costhetaZ2_genbin2_recobin7 acc 0.058 eff 0.0 outinratio 0.0204 

WplusH126_2e2mu_costhetaZ2_genbin2_recobin7 acc 0.0542 eff 0.0 outinratio 0.0 

ZH126_2e2mu_costhetaZ2_genbin2_recobin7 acc 0.0567 eff 0.0 outinratio 0.058 

ttH126_2e2mu_costhetaZ2_genbin2_recobin7 acc 0.0674 eff 0.0 outinratio 0.0721 

ggH126_2e2mu_costhetaZ2_genbin3_recobin7 acc 0.0685 eff 0.0 outinratio 0.0058 

VBFH126_2e2mu_costhetaZ2_genbin3_recobin7 acc 0.0777 eff 0.0 outinratio 0.0157 

WminusH126_2e2mu_costhetaZ2_genbin3_recobin7 acc 0.0655 eff 0.0 outinratio 0.0204 

WplusH126_2e2mu_costhetaZ2_genbin3_recobin7 acc 0.0596 eff 0.0 outinratio 0.0 

ZH126_2e2mu_costhetaZ2_genbin3_recobin7 acc 0.0652 eff 0.0 outinratio 0.058 

ttH126_2e2mu_costhetaZ2_genbin3_recobin7 acc 0.0744 eff 0.0 outinratio 0.0721 

ggH126_2e2mu_costhetaZ2_genbin4_recobin7 acc 0.068 eff 0.0 outinratio 0.0058 

VBFH126_2e2mu_costhetaZ2_genbin4_recobin7 acc 0.0742 eff 0.0 outinratio 0.0157 

WminusH126_2e2mu_costhetaZ2_genbin4_recobin7 acc 0.0631 eff 0.0 outinratio 0.0204 

WplusH126_2e2mu_costhetaZ2_genbin4_recobin7 acc 0.0601 eff 0.0 outinratio 0.0 

ZH126_2e2mu_costhetaZ2_genbin4_recobin7 acc 0.0584 eff 0.0 outinratio 0.058 

ttH126_2e2mu_costhetaZ2_genbin4_recobin7 acc 0.0744 eff 0.0026 outinratio 0.0721 

ggH126_2e2mu_costhetaZ2_genbin5_recobin7 acc 0.0646 eff 0.0 outinratio 0.0058 

VBFH126_2e2mu_costhetaZ2_genbin5_recobin7 acc 0.0657 eff 0.0046 outinratio 0.0157 

WminusH126_2e2mu_costhetaZ2_genbin5_recobin7 acc 0.0582 eff 0.0001 outinratio 0.0204 

WplusH126_2e2mu_costhetaZ2_genbin5_recobin7 acc 0.0547 eff -0.0008 outinratio 0.0 

ZH126_2e2mu_costhetaZ2_genbin5_recobin7 acc 0.0569 eff 0.0 outinratio 0.058 

ttH126_2e2mu_costhetaZ2_genbin5_recobin7 acc 0.0699 eff 0.0 outinratio 0.0721 

ggH126_2e2mu_costhetaZ2_genbin6_recobin7 acc 0.0512 eff 0.0175 outinratio 0.0058 

VBFH126_2e2mu_costhetaZ2_genbin6_recobin7 acc 0.0594 eff 0.0189 outinratio 0.0157 

WminusH126_2e2mu_costhetaZ2_genbin6_recobin7 acc 0.0467 eff 0.0158 outinratio 0.0204 

WplusH126_2e2mu_costhetaZ2_genbin6_recobin7 acc 0.0433 eff 0.0163 outinratio 0.0 

ZH126_2e2mu_costhetaZ2_genbin6_recobin7 acc 0.0437 eff 0.0257 outinratio 0.058 

ttH126_2e2mu_costhetaZ2_genbin6_recobin7 acc 0.057 eff 0.0142 outinratio 0.0721 

ggH126_2e2mu_costhetaZ2_genbin7_recobin7 acc 0.0348 eff 0.4438 outinratio 0.0058 

VBFH126_2e2mu_costhetaZ2_genbin7_recobin7 acc 0.0397 eff 0.5096 outinratio 0.0157 

WminusH126_2e2mu_costhetaZ2_genbin7_recobin7 acc 0.0304 eff 0.4318 outinratio 0.0204 

WplusH126_2e2mu_costhetaZ2_genbin7_recobin7 acc 0.029 eff 0.4238 outinratio 0.0 

ZH126_2e2mu_costhetaZ2_genbin7_recobin7 acc 0.0289 eff 0.4331 outinratio 0.058 

ttH126_2e2mu_costhetaZ2_genbin7_recobin7 acc 0.0382 eff 0.3527 outinratio 0.0721 

Coeff fullNNLOPS
