Welcome in RunCoefficients!
OPT SPLIT
DEBUG opt.YEAR = 2024_9
It is a single-differential measurement, binning [-3.14159265359, -2.35619449019, -1.57079632679, -0.785398163397, 0.0, 0.785398163397, 1.57079632679, 2.35619449019, 3.14159265359]
Phi1
Following observables extracted from dictionary: RECO =  Phi1  GEN =  GENPhi1
LUMI: 10.882200000000001
ttH126 0.00046886125
Processing ggH126 2024_9
Signal created
Signal failed created
Processing VBFH126 2024_9
Signal created
Signal failed created
Processing WminusH126 2024_9
Signal created
Signal failed created
Processing WplusH126 2024_9
Signal created
Signal failed created
Processing ZH126 2024_9
Signal created
Signal failed created
Processing ttH126 2024_9
Signal created
Signal failed created
2024_9 SKIMMED df CREATED
2024_9 ggH126
2024_9 VBFH126
2024_9 WminusH126
2024_9 WplusH126
2024_9 ZH126
2024_9 ttH126
Dataframes created successfully
Coeff std
ggH126_4l_phi1_genbin0_recobin0 acc 0.0464 eff 0.5369 outinratio 0.0455 

VBFH126_4l_phi1_genbin0_recobin0 acc 0.0546 eff 0.5432 outinratio 0.0463 

WminusH126_4l_phi1_genbin0_recobin0 acc 0.0401 eff 0.5441 outinratio 0.091 

WplusH126_4l_phi1_genbin0_recobin0 acc 0.0385 eff 0.4952 outinratio 0.0665 

ZH126_4l_phi1_genbin0_recobin0 acc 0.0423 eff 0.5239 outinratio 0.0534 

ttH126_4l_phi1_genbin0_recobin0 acc 0.0379 eff 0.5255 outinratio 0.1641 

ggH126_4l_phi1_genbin1_recobin0 acc 0.0568 eff 0.0082 outinratio 0.0455 

VBFH126_4l_phi1_genbin1_recobin0 acc 0.0594 eff 0.008 outinratio 0.0463 

WminusH126_4l_phi1_genbin1_recobin0 acc 0.0436 eff 0.0119 outinratio 0.091 

WplusH126_4l_phi1_genbin1_recobin0 acc 0.0382 eff 0.0237 outinratio 0.0665 

ZH126_4l_phi1_genbin1_recobin0 acc 0.0448 eff 0.0085 outinratio 0.0534 

ttH126_4l_phi1_genbin1_recobin0 acc 0.041 eff 0.0098 outinratio 0.1641 

ggH126_4l_phi1_genbin2_recobin0 acc 0.0559 eff 0.0004 outinratio 0.0455 

VBFH126_4l_phi1_genbin2_recobin0 acc 0.0583 eff 0.0006 outinratio 0.0463 

WminusH126_4l_phi1_genbin2_recobin0 acc 0.0478 eff 0.0019 outinratio 0.091 

WplusH126_4l_phi1_genbin2_recobin0 acc 0.0411 eff 0.0 outinratio 0.0665 

ZH126_4l_phi1_genbin2_recobin0 acc 0.046 eff 0.0021 outinratio 0.0534 

ttH126_4l_phi1_genbin2_recobin0 acc 0.0402 eff 0.0001 outinratio 0.1641 

ggH126_4l_phi1_genbin3_recobin0 acc 0.046 eff 0.0 outinratio 0.0455 

VBFH126_4l_phi1_genbin3_recobin0 acc 0.0529 eff 0.0001 outinratio 0.0463 

WminusH126_4l_phi1_genbin3_recobin0 acc 0.045 eff 0.0 outinratio 0.091 

WplusH126_4l_phi1_genbin3_recobin0 acc 0.038 eff 0.0 outinratio 0.0665 

ZH126_4l_phi1_genbin3_recobin0 acc 0.0418 eff 0.0 outinratio 0.0534 

ttH126_4l_phi1_genbin3_recobin0 acc 0.0399 eff 0.0002 outinratio 0.1641 

ggH126_4l_phi1_genbin4_recobin0 acc 0.0469 eff 0.0004 outinratio 0.0455 

VBFH126_4l_phi1_genbin4_recobin0 acc 0.0538 eff 0.0011 outinratio 0.0463 

WminusH126_4l_phi1_genbin4_recobin0 acc 0.0434 eff 0.0 outinratio 0.091 

WplusH126_4l_phi1_genbin4_recobin0 acc 0.0374 eff 0.0032 outinratio 0.0665 

ZH126_4l_phi1_genbin4_recobin0 acc 0.0404 eff 0.0014 outinratio 0.0534 

ttH126_4l_phi1_genbin4_recobin0 acc 0.0394 eff 0.0002 outinratio 0.1641 

ggH126_4l_phi1_genbin5_recobin0 acc 0.0552 eff 0.0 outinratio 0.0455 

VBFH126_4l_phi1_genbin5_recobin0 acc 0.0595 eff 0.0011 outinratio 0.0463 

WminusH126_4l_phi1_genbin5_recobin0 acc 0.0463 eff 0.0011 outinratio 0.091 

WplusH126_4l_phi1_genbin5_recobin0 acc 0.0386 eff 0.0 outinratio 0.0665 

ZH126_4l_phi1_genbin5_recobin0 acc 0.0428 eff 0.0006 outinratio 0.0534 

ttH126_4l_phi1_genbin5_recobin0 acc 0.0404 eff 0.0 outinratio 0.1641 

ggH126_4l_phi1_genbin6_recobin0 acc 0.0541 eff 0.0015 outinratio 0.0455 

VBFH126_4l_phi1_genbin6_recobin0 acc 0.0598 eff 0.0014 outinratio 0.0463 

WminusH126_4l_phi1_genbin6_recobin0 acc 0.044 eff 0.0 outinratio 0.091 

WplusH126_4l_phi1_genbin6_recobin0 acc 0.0445 eff 0.0 outinratio 0.0665 

ZH126_4l_phi1_genbin6_recobin0 acc 0.0466 eff 0.0 outinratio 0.0534 

ttH126_4l_phi1_genbin6_recobin0 acc 0.0403 eff 0.0002 outinratio 0.1641 

ggH126_4l_phi1_genbin7_recobin0 acc 0.0449 eff 0.0066 outinratio 0.0455 

VBFH126_4l_phi1_genbin7_recobin0 acc 0.0542 eff 0.0066 outinratio 0.0463 

WminusH126_4l_phi1_genbin7_recobin0 acc 0.0424 eff 0.0079 outinratio 0.091 

WplusH126_4l_phi1_genbin7_recobin0 acc 0.0373 eff 0.01 outinratio 0.0665 

ZH126_4l_phi1_genbin7_recobin0 acc 0.0412 eff 0.0066 outinratio 0.0534 

ttH126_4l_phi1_genbin7_recobin0 acc 0.0398 eff 0.0064 outinratio 0.1641 

ggH126_4l_phi1_genbin0_recobin1 acc 0.0464 eff 0.0119 outinratio 0.049 

VBFH126_4l_phi1_genbin0_recobin1 acc 0.0546 eff 0.0088 outinratio 0.0301 

WminusH126_4l_phi1_genbin0_recobin1 acc 0.0401 eff 0.0098 outinratio 0.0947 

WplusH126_4l_phi1_genbin0_recobin1 acc 0.0385 eff 0.0101 outinratio 0.071 

ZH126_4l_phi1_genbin0_recobin1 acc 0.0423 eff 0.0082 outinratio 0.0694 

ttH126_4l_phi1_genbin0_recobin1 acc 0.0379 eff 0.0076 outinratio 0.176 

ggH126_4l_phi1_genbin1_recobin1 acc 0.0568 eff 0.5205 outinratio 0.049 

VBFH126_4l_phi1_genbin1_recobin1 acc 0.0594 eff 0.5585 outinratio 0.0301 

WminusH126_4l_phi1_genbin1_recobin1 acc 0.0436 eff 0.5174 outinratio 0.0947 

WplusH126_4l_phi1_genbin1_recobin1 acc 0.0382 eff 0.5405 outinratio 0.071 

ZH126_4l_phi1_genbin1_recobin1 acc 0.0448 eff 0.5217 outinratio 0.0694 

ttH126_4l_phi1_genbin1_recobin1 acc 0.041 eff 0.5297 outinratio 0.176 

ggH126_4l_phi1_genbin2_recobin1 acc 0.0559 eff 0.0141 outinratio 0.049 

VBFH126_4l_phi1_genbin2_recobin1 acc 0.0583 eff 0.0133 outinratio 0.0301 

WminusH126_4l_phi1_genbin2_recobin1 acc 0.0478 eff 0.0167 outinratio 0.0947 

WplusH126_4l_phi1_genbin2_recobin1 acc 0.0411 eff 0.0057 outinratio 0.071 

ZH126_4l_phi1_genbin2_recobin1 acc 0.046 eff 0.0087 outinratio 0.0694 

ttH126_4l_phi1_genbin2_recobin1 acc 0.0402 eff 0.0115 outinratio 0.176 

ggH126_4l_phi1_genbin3_recobin1 acc 0.046 eff 0.0 outinratio 0.049 

VBFH126_4l_phi1_genbin3_recobin1 acc 0.0529 eff 0.001 outinratio 0.0301 

WminusH126_4l_phi1_genbin3_recobin1 acc 0.045 eff 0.0025 outinratio 0.0947 

WplusH126_4l_phi1_genbin3_recobin1 acc 0.038 eff 0.0032 outinratio 0.071 

ZH126_4l_phi1_genbin3_recobin1 acc 0.0418 eff 0.0 outinratio 0.0694 

ttH126_4l_phi1_genbin3_recobin1 acc 0.0399 eff 0.0005 outinratio 0.176 

ggH126_4l_phi1_genbin4_recobin1 acc 0.0469 eff 0.0037 outinratio 0.049 

VBFH126_4l_phi1_genbin4_recobin1 acc 0.0538 eff 0.0008 outinratio 0.0301 

WminusH126_4l_phi1_genbin4_recobin1 acc 0.0434 eff 0.002 outinratio 0.0947 

WplusH126_4l_phi1_genbin4_recobin1 acc 0.0374 eff 0.0 outinratio 0.071 

ZH126_4l_phi1_genbin4_recobin1 acc 0.0404 eff 0.0 outinratio 0.0694 

ttH126_4l_phi1_genbin4_recobin1 acc 0.0394 eff 0.0 outinratio 0.176 

ggH126_4l_phi1_genbin5_recobin1 acc 0.0552 eff 0.0 outinratio 0.049 

VBFH126_4l_phi1_genbin5_recobin1 acc 0.0595 eff 0.0009 outinratio 0.0301 

WminusH126_4l_phi1_genbin5_recobin1 acc 0.0463 eff 0.0027 outinratio 0.0947 

WplusH126_4l_phi1_genbin5_recobin1 acc 0.0386 eff 0.002 outinratio 0.071 

ZH126_4l_phi1_genbin5_recobin1 acc 0.0428 eff 0.0009 outinratio 0.0694 

ttH126_4l_phi1_genbin5_recobin1 acc 0.0404 eff 0.0005 outinratio 0.176 

ggH126_4l_phi1_genbin6_recobin1 acc 0.0541 eff 0.0011 outinratio 0.049 

VBFH126_4l_phi1_genbin6_recobin1 acc 0.0598 eff 0.001 outinratio 0.0301 

WminusH126_4l_phi1_genbin6_recobin1 acc 0.044 eff 0.0 outinratio 0.0947 

WplusH126_4l_phi1_genbin6_recobin1 acc 0.0445 eff 0.0 outinratio 0.071 

ZH126_4l_phi1_genbin6_recobin1 acc 0.0466 eff 0.0009 outinratio 0.0694 

ttH126_4l_phi1_genbin6_recobin1 acc 0.0403 eff 0.0007 outinratio 0.176 

ggH126_4l_phi1_genbin7_recobin1 acc 0.0449 eff 0.0009 outinratio 0.049 

VBFH126_4l_phi1_genbin7_recobin1 acc 0.0542 eff 0.0004 outinratio 0.0301 

WminusH126_4l_phi1_genbin7_recobin1 acc 0.0424 eff 0.0 outinratio 0.0947 

WplusH126_4l_phi1_genbin7_recobin1 acc 0.0373 eff 0.0 outinratio 0.071 

ZH126_4l_phi1_genbin7_recobin1 acc 0.0412 eff 0.0006 outinratio 0.0694 

ttH126_4l_phi1_genbin7_recobin1 acc 0.0398 eff 0.0011 outinratio 0.176 

ggH126_4l_phi1_genbin0_recobin2 acc 0.0464 eff 0.0006 outinratio 0.0488 

VBFH126_4l_phi1_genbin0_recobin2 acc 0.0546 eff 0.0013 outinratio 0.0299 

WminusH126_4l_phi1_genbin0_recobin2 acc 0.0401 eff 0.0014 outinratio 0.0502 

WplusH126_4l_phi1_genbin0_recobin2 acc 0.0385 eff 0.0 outinratio 0.0928 

ZH126_4l_phi1_genbin0_recobin2 acc 0.0423 eff 0.0029 outinratio 0.0802 

ttH126_4l_phi1_genbin0_recobin2 acc 0.0379 eff 0.0006 outinratio 0.1671 

ggH126_4l_phi1_genbin1_recobin2 acc 0.0568 eff 0.0135 outinratio 0.0488 

VBFH126_4l_phi1_genbin1_recobin2 acc 0.0594 eff 0.0102 outinratio 0.0299 

WminusH126_4l_phi1_genbin1_recobin2 acc 0.0436 eff 0.0109 outinratio 0.0502 

WplusH126_4l_phi1_genbin1_recobin2 acc 0.0382 eff 0.0207 outinratio 0.0928 

ZH126_4l_phi1_genbin1_recobin2 acc 0.0448 eff 0.0125 outinratio 0.0802 

ttH126_4l_phi1_genbin1_recobin2 acc 0.041 eff 0.0127 outinratio 0.1671 

ggH126_4l_phi1_genbin2_recobin2 acc 0.0559 eff 0.5228 outinratio 0.0488 

VBFH126_4l_phi1_genbin2_recobin2 acc 0.0583 eff 0.5555 outinratio 0.0299 

WminusH126_4l_phi1_genbin2_recobin2 acc 0.0478 eff 0.4974 outinratio 0.0502 

WplusH126_4l_phi1_genbin2_recobin2 acc 0.0411 eff 0.5212 outinratio 0.0928 

ZH126_4l_phi1_genbin2_recobin2 acc 0.046 eff 0.533 outinratio 0.0802 

ttH126_4l_phi1_genbin2_recobin2 acc 0.0402 eff 0.5423 outinratio 0.1671 

ggH126_4l_phi1_genbin3_recobin2 acc 0.046 eff 0.0115 outinratio 0.0488 

VBFH126_4l_phi1_genbin3_recobin2 acc 0.0529 eff 0.0089 outinratio 0.0299 

WminusH126_4l_phi1_genbin3_recobin2 acc 0.045 eff 0.0049 outinratio 0.0502 

WplusH126_4l_phi1_genbin3_recobin2 acc 0.038 eff 0.0041 outinratio 0.0928 

ZH126_4l_phi1_genbin3_recobin2 acc 0.0418 eff 0.0081 outinratio 0.0802 

ttH126_4l_phi1_genbin3_recobin2 acc 0.0399 eff 0.0077 outinratio 0.1671 

ggH126_4l_phi1_genbin4_recobin2 acc 0.0469 eff 0.0007 outinratio 0.0488 

VBFH126_4l_phi1_genbin4_recobin2 acc 0.0538 eff 0.0012 outinratio 0.0299 

WminusH126_4l_phi1_genbin4_recobin2 acc 0.0434 eff 0.0 outinratio 0.0502 

WplusH126_4l_phi1_genbin4_recobin2 acc 0.0374 eff 0.0 outinratio 0.0928 

ZH126_4l_phi1_genbin4_recobin2 acc 0.0404 eff 0.0015 outinratio 0.0802 

ttH126_4l_phi1_genbin4_recobin2 acc 0.0394 eff 0.0008 outinratio 0.1671 

ggH126_4l_phi1_genbin5_recobin2 acc 0.0552 eff 0.0012 outinratio 0.0488 

VBFH126_4l_phi1_genbin5_recobin2 acc 0.0595 eff 0.0001 outinratio 0.0299 

WminusH126_4l_phi1_genbin5_recobin2 acc 0.0463 eff 0.001 outinratio 0.0502 

WplusH126_4l_phi1_genbin5_recobin2 acc 0.0386 eff 0.0 outinratio 0.0928 

ZH126_4l_phi1_genbin5_recobin2 acc 0.0428 eff 0.0002 outinratio 0.0802 

ttH126_4l_phi1_genbin5_recobin2 acc 0.0404 eff 0.0011 outinratio 0.1671 

ggH126_4l_phi1_genbin6_recobin2 acc 0.0541 eff 0.0 outinratio 0.0488 

VBFH126_4l_phi1_genbin6_recobin2 acc 0.0598 eff 0.0004 outinratio 0.0299 

WminusH126_4l_phi1_genbin6_recobin2 acc 0.044 eff 0.001 outinratio 0.0502 

WplusH126_4l_phi1_genbin6_recobin2 acc 0.0445 eff 0.0022 outinratio 0.0928 

ZH126_4l_phi1_genbin6_recobin2 acc 0.0466 eff 0.0 outinratio 0.0802 

ttH126_4l_phi1_genbin6_recobin2 acc 0.0403 eff 0.0004 outinratio 0.1671 

ggH126_4l_phi1_genbin7_recobin2 acc 0.0449 eff 0.0023 outinratio 0.0488 

VBFH126_4l_phi1_genbin7_recobin2 acc 0.0542 eff 0.0002 outinratio 0.0299 

WminusH126_4l_phi1_genbin7_recobin2 acc 0.0424 eff 0.0 outinratio 0.0502 

WplusH126_4l_phi1_genbin7_recobin2 acc 0.0373 eff 0.0 outinratio 0.0928 

ZH126_4l_phi1_genbin7_recobin2 acc 0.0412 eff 0.0011 outinratio 0.0802 

ttH126_4l_phi1_genbin7_recobin2 acc 0.0398 eff 0.0012 outinratio 0.1671 

ggH126_4l_phi1_genbin0_recobin3 acc 0.0464 eff 0.0021 outinratio 0.0571 

VBFH126_4l_phi1_genbin0_recobin3 acc 0.0546 eff 0.0012 outinratio 0.0335 

WminusH126_4l_phi1_genbin0_recobin3 acc 0.0401 eff 0.0 outinratio 0.0551 

WplusH126_4l_phi1_genbin0_recobin3 acc 0.0385 eff 0.002 outinratio 0.0712 

ZH126_4l_phi1_genbin0_recobin3 acc 0.0423 eff 0.0 outinratio 0.0595 

ttH126_4l_phi1_genbin0_recobin3 acc 0.0379 eff 0.0017 outinratio 0.1582 

ggH126_4l_phi1_genbin1_recobin3 acc 0.0568 eff 0.0006 outinratio 0.0571 

VBFH126_4l_phi1_genbin1_recobin3 acc 0.0594 eff 0.0001 outinratio 0.0335 

WminusH126_4l_phi1_genbin1_recobin3 acc 0.0436 eff 0.0006 outinratio 0.0551 

WplusH126_4l_phi1_genbin1_recobin3 acc 0.0382 eff 0.0018 outinratio 0.0712 

ZH126_4l_phi1_genbin1_recobin3 acc 0.0448 eff -0.0002 outinratio 0.0595 

ttH126_4l_phi1_genbin1_recobin3 acc 0.041 eff 0.0005 outinratio 0.1582 

ggH126_4l_phi1_genbin2_recobin3 acc 0.0559 eff 0.0063 outinratio 0.0571 

VBFH126_4l_phi1_genbin2_recobin3 acc 0.0583 eff 0.0108 outinratio 0.0335 

WminusH126_4l_phi1_genbin2_recobin3 acc 0.0478 eff 0.0206 outinratio 0.0551 

WplusH126_4l_phi1_genbin2_recobin3 acc 0.0411 eff 0.006 outinratio 0.0712 

ZH126_4l_phi1_genbin2_recobin3 acc 0.046 eff 0.01 outinratio 0.0595 

ttH126_4l_phi1_genbin2_recobin3 acc 0.0402 eff 0.0067 outinratio 0.1582 

ggH126_4l_phi1_genbin3_recobin3 acc 0.046 eff 0.5051 outinratio 0.0571 

VBFH126_4l_phi1_genbin3_recobin3 acc 0.0529 eff 0.5365 outinratio 0.0335 

WminusH126_4l_phi1_genbin3_recobin3 acc 0.045 eff 0.497 outinratio 0.0551 

WplusH126_4l_phi1_genbin3_recobin3 acc 0.038 eff 0.528 outinratio 0.0712 

ZH126_4l_phi1_genbin3_recobin3 acc 0.0418 eff 0.5414 outinratio 0.0595 

ttH126_4l_phi1_genbin3_recobin3 acc 0.0399 eff 0.5274 outinratio 0.1582 

ggH126_4l_phi1_genbin4_recobin3 acc 0.0469 eff 0.0046 outinratio 0.0571 

VBFH126_4l_phi1_genbin4_recobin3 acc 0.0538 eff 0.0068 outinratio 0.0335 

WminusH126_4l_phi1_genbin4_recobin3 acc 0.0434 eff 0.0049 outinratio 0.0551 

WplusH126_4l_phi1_genbin4_recobin3 acc 0.0374 eff 0.0059 outinratio 0.0712 

ZH126_4l_phi1_genbin4_recobin3 acc 0.0404 eff 0.0092 outinratio 0.0595 

ttH126_4l_phi1_genbin4_recobin3 acc 0.0394 eff 0.0067 outinratio 0.1582 

ggH126_4l_phi1_genbin5_recobin3 acc 0.0552 eff 0.0 outinratio 0.0571 

VBFH126_4l_phi1_genbin5_recobin3 acc 0.0595 eff 0.0005 outinratio 0.0335 

WminusH126_4l_phi1_genbin5_recobin3 acc 0.0463 eff 0.0 outinratio 0.0551 

WplusH126_4l_phi1_genbin5_recobin3 acc 0.0386 eff 0.0 outinratio 0.0712 

ZH126_4l_phi1_genbin5_recobin3 acc 0.0428 eff 0.0005 outinratio 0.0595 

ttH126_4l_phi1_genbin5_recobin3 acc 0.0404 eff 0.0006 outinratio 0.1582 

ggH126_4l_phi1_genbin6_recobin3 acc 0.0541 eff 0.0005 outinratio 0.0571 

VBFH126_4l_phi1_genbin6_recobin3 acc 0.0598 eff 0.0001 outinratio 0.0335 

WminusH126_4l_phi1_genbin6_recobin3 acc 0.044 eff 0.0009 outinratio 0.0551 

WplusH126_4l_phi1_genbin6_recobin3 acc 0.0445 eff 0.0067 outinratio 0.0712 

ZH126_4l_phi1_genbin6_recobin3 acc 0.0466 eff 0.0008 outinratio 0.0595 

ttH126_4l_phi1_genbin6_recobin3 acc 0.0403 eff 0.0003 outinratio 0.1582 

ggH126_4l_phi1_genbin7_recobin3 acc 0.0449 eff 0.0 outinratio 0.0571 

VBFH126_4l_phi1_genbin7_recobin3 acc 0.0542 eff 0.0006 outinratio 0.0335 

WminusH126_4l_phi1_genbin7_recobin3 acc 0.0424 eff 0.0 outinratio 0.0551 

WplusH126_4l_phi1_genbin7_recobin3 acc 0.0373 eff 0.0 outinratio 0.0712 

ZH126_4l_phi1_genbin7_recobin3 acc 0.0412 eff 0.0 outinratio 0.0595 

ttH126_4l_phi1_genbin7_recobin3 acc 0.0398 eff 0.0 outinratio 0.1582 

ggH126_4l_phi1_genbin0_recobin4 acc 0.0464 eff 0.0005 outinratio 0.0559 

VBFH126_4l_phi1_genbin0_recobin4 acc 0.0546 eff 0.0006 outinratio 0.0381 

WminusH126_4l_phi1_genbin0_recobin4 acc 0.0401 eff 0.0025 outinratio 0.0706 

WplusH126_4l_phi1_genbin0_recobin4 acc 0.0385 eff 0.0 outinratio 0.0508 

ZH126_4l_phi1_genbin0_recobin4 acc 0.0423 eff 0.0012 outinratio 0.1005 

ttH126_4l_phi1_genbin0_recobin4 acc 0.0379 eff -0.0006 outinratio 0.1563 

ggH126_4l_phi1_genbin1_recobin4 acc 0.0568 eff 0.0 outinratio 0.0559 

VBFH126_4l_phi1_genbin1_recobin4 acc 0.0594 eff 0.0003 outinratio 0.0381 

WminusH126_4l_phi1_genbin1_recobin4 acc 0.0436 eff 0.0 outinratio 0.0706 

WplusH126_4l_phi1_genbin1_recobin4 acc 0.0382 eff 0.0 outinratio 0.0508 

ZH126_4l_phi1_genbin1_recobin4 acc 0.0448 eff 0.0 outinratio 0.1005 

ttH126_4l_phi1_genbin1_recobin4 acc 0.041 eff 0.0004 outinratio 0.1563 

ggH126_4l_phi1_genbin2_recobin4 acc 0.0559 eff 0.0014 outinratio 0.0559 

VBFH126_4l_phi1_genbin2_recobin4 acc 0.0583 eff 0.0013 outinratio 0.0381 

WminusH126_4l_phi1_genbin2_recobin4 acc 0.0478 eff 0.0 outinratio 0.0706 

WplusH126_4l_phi1_genbin2_recobin4 acc 0.0411 eff 0.0045 outinratio 0.0508 

ZH126_4l_phi1_genbin2_recobin4 acc 0.046 eff 0.0 outinratio 0.1005 

ttH126_4l_phi1_genbin2_recobin4 acc 0.0402 eff 0.0003 outinratio 0.1563 

ggH126_4l_phi1_genbin3_recobin4 acc 0.046 eff 0.0071 outinratio 0.0559 

VBFH126_4l_phi1_genbin3_recobin4 acc 0.0529 eff 0.0056 outinratio 0.0381 

WminusH126_4l_phi1_genbin3_recobin4 acc 0.045 eff 0.0081 outinratio 0.0706 

WplusH126_4l_phi1_genbin3_recobin4 acc 0.038 eff 0.0045 outinratio 0.0508 

ZH126_4l_phi1_genbin3_recobin4 acc 0.0418 eff 0.0108 outinratio 0.1005 

ttH126_4l_phi1_genbin3_recobin4 acc 0.0399 eff 0.0061 outinratio 0.1563 

ggH126_4l_phi1_genbin4_recobin4 acc 0.0469 eff 0.4984 outinratio 0.0559 

VBFH126_4l_phi1_genbin4_recobin4 acc 0.0538 eff 0.5422 outinratio 0.0381 

WminusH126_4l_phi1_genbin4_recobin4 acc 0.0434 eff 0.4996 outinratio 0.0706 

WplusH126_4l_phi1_genbin4_recobin4 acc 0.0374 eff 0.5254 outinratio 0.0508 

ZH126_4l_phi1_genbin4_recobin4 acc 0.0404 eff 0.5102 outinratio 0.1005 

ttH126_4l_phi1_genbin4_recobin4 acc 0.0394 eff 0.539 outinratio 0.1563 

ggH126_4l_phi1_genbin5_recobin4 acc 0.0552 eff 0.0064 outinratio 0.0559 

VBFH126_4l_phi1_genbin5_recobin4 acc 0.0595 eff 0.0082 outinratio 0.0381 

WminusH126_4l_phi1_genbin5_recobin4 acc 0.0463 eff 0.0052 outinratio 0.0706 

WplusH126_4l_phi1_genbin5_recobin4 acc 0.0386 eff 0.0 outinratio 0.0508 

ZH126_4l_phi1_genbin5_recobin4 acc 0.0428 eff 0.0049 outinratio 0.1005 

ttH126_4l_phi1_genbin5_recobin4 acc 0.0404 eff 0.0087 outinratio 0.1563 

ggH126_4l_phi1_genbin6_recobin4 acc 0.0541 eff 0.0005 outinratio 0.0559 

VBFH126_4l_phi1_genbin6_recobin4 acc 0.0598 eff 0.0002 outinratio 0.0381 

WminusH126_4l_phi1_genbin6_recobin4 acc 0.044 eff 0.0 outinratio 0.0706 

WplusH126_4l_phi1_genbin6_recobin4 acc 0.0445 eff 0.0 outinratio 0.0508 

ZH126_4l_phi1_genbin6_recobin4 acc 0.0466 eff 0.0004 outinratio 0.1005 

ttH126_4l_phi1_genbin6_recobin4 acc 0.0403 eff 0.0 outinratio 0.1563 

ggH126_4l_phi1_genbin7_recobin4 acc 0.0449 eff 0.0 outinratio 0.0559 

VBFH126_4l_phi1_genbin7_recobin4 acc 0.0542 eff 0.0007 outinratio 0.0381 

WminusH126_4l_phi1_genbin7_recobin4 acc 0.0424 eff 0.0 outinratio 0.0706 

WplusH126_4l_phi1_genbin7_recobin4 acc 0.0373 eff 0.0026 outinratio 0.0508 

ZH126_4l_phi1_genbin7_recobin4 acc 0.0412 eff 0.0011 outinratio 0.1005 

ttH126_4l_phi1_genbin7_recobin4 acc 0.0398 eff 0.0003 outinratio 0.1563 

ggH126_4l_phi1_genbin0_recobin5 acc 0.0464 eff 0.0005 outinratio 0.053 

VBFH126_4l_phi1_genbin0_recobin5 acc 0.0546 eff 0.0006 outinratio 0.0288 

WminusH126_4l_phi1_genbin0_recobin5 acc 0.0401 eff 0.0005 outinratio 0.0779 

WplusH126_4l_phi1_genbin0_recobin5 acc 0.0385 eff 0.0 outinratio 0.0477 

ZH126_4l_phi1_genbin0_recobin5 acc 0.0423 eff 0.0021 outinratio 0.081 

ttH126_4l_phi1_genbin0_recobin5 acc 0.0379 eff 0.0015 outinratio 0.1778 

ggH126_4l_phi1_genbin1_recobin5 acc 0.0568 eff 0.0007 outinratio 0.053 

VBFH126_4l_phi1_genbin1_recobin5 acc 0.0594 eff 0.0004 outinratio 0.0288 

WminusH126_4l_phi1_genbin1_recobin5 acc 0.0436 eff 0.0007 outinratio 0.0779 

WplusH126_4l_phi1_genbin1_recobin5 acc 0.0382 eff 0.0 outinratio 0.0477 

ZH126_4l_phi1_genbin1_recobin5 acc 0.0448 eff 0.0 outinratio 0.081 

ttH126_4l_phi1_genbin1_recobin5 acc 0.041 eff 0.0007 outinratio 0.1778 

ggH126_4l_phi1_genbin2_recobin5 acc 0.0559 eff 0.0019 outinratio 0.053 

VBFH126_4l_phi1_genbin2_recobin5 acc 0.0583 eff 0.001 outinratio 0.0288 

WminusH126_4l_phi1_genbin2_recobin5 acc 0.0478 eff 0.0 outinratio 0.0779 

WplusH126_4l_phi1_genbin2_recobin5 acc 0.0411 eff 0.0094 outinratio 0.0477 

ZH126_4l_phi1_genbin2_recobin5 acc 0.046 eff 0.0023 outinratio 0.081 

ttH126_4l_phi1_genbin2_recobin5 acc 0.0402 eff 0.0011 outinratio 0.1778 

ggH126_4l_phi1_genbin3_recobin5 acc 0.046 eff 0.0009 outinratio 0.053 

VBFH126_4l_phi1_genbin3_recobin5 acc 0.0529 eff 0.003 outinratio 0.0288 

WminusH126_4l_phi1_genbin3_recobin5 acc 0.045 eff 0.0 outinratio 0.0779 

WplusH126_4l_phi1_genbin3_recobin5 acc 0.038 eff 0.0 outinratio 0.0477 

ZH126_4l_phi1_genbin3_recobin5 acc 0.0418 eff 0.0005 outinratio 0.081 

ttH126_4l_phi1_genbin3_recobin5 acc 0.0399 eff 0.0012 outinratio 0.1778 

ggH126_4l_phi1_genbin4_recobin5 acc 0.0469 eff 0.0097 outinratio 0.053 

VBFH126_4l_phi1_genbin4_recobin5 acc 0.0538 eff 0.0132 outinratio 0.0288 

WminusH126_4l_phi1_genbin4_recobin5 acc 0.0434 eff 0.0122 outinratio 0.0779 

WplusH126_4l_phi1_genbin4_recobin5 acc 0.0374 eff 0.0033 outinratio 0.0477 

ZH126_4l_phi1_genbin4_recobin5 acc 0.0404 eff 0.0133 outinratio 0.081 

ttH126_4l_phi1_genbin4_recobin5 acc 0.0394 eff 0.0113 outinratio 0.1778 

ggH126_4l_phi1_genbin5_recobin5 acc 0.0552 eff 0.5215 outinratio 0.053 

VBFH126_4l_phi1_genbin5_recobin5 acc 0.0595 eff 0.5579 outinratio 0.0288 

WminusH126_4l_phi1_genbin5_recobin5 acc 0.0463 eff 0.5122 outinratio 0.0779 

WplusH126_4l_phi1_genbin5_recobin5 acc 0.0386 eff 0.5528 outinratio 0.0477 

ZH126_4l_phi1_genbin5_recobin5 acc 0.0428 eff 0.542 outinratio 0.081 

ttH126_4l_phi1_genbin5_recobin5 acc 0.0404 eff 0.5212 outinratio 0.1778 

ggH126_4l_phi1_genbin6_recobin5 acc 0.0541 eff 0.0092 outinratio 0.053 

VBFH126_4l_phi1_genbin6_recobin5 acc 0.0598 eff 0.0137 outinratio 0.0288 

WminusH126_4l_phi1_genbin6_recobin5 acc 0.044 eff 0.0073 outinratio 0.0779 

WplusH126_4l_phi1_genbin6_recobin5 acc 0.0445 eff 0.0067 outinratio 0.0477 

ZH126_4l_phi1_genbin6_recobin5 acc 0.0466 eff 0.007 outinratio 0.081 

ttH126_4l_phi1_genbin6_recobin5 acc 0.0403 eff 0.0105 outinratio 0.1778 

ggH126_4l_phi1_genbin7_recobin5 acc 0.0449 eff 0.0 outinratio 0.053 

VBFH126_4l_phi1_genbin7_recobin5 acc 0.0542 eff 0.0002 outinratio 0.0288 

WminusH126_4l_phi1_genbin7_recobin5 acc 0.0424 eff 0.0007 outinratio 0.0779 

WplusH126_4l_phi1_genbin7_recobin5 acc 0.0373 eff 0.0 outinratio 0.0477 

ZH126_4l_phi1_genbin7_recobin5 acc 0.0412 eff 0.0013 outinratio 0.081 

ttH126_4l_phi1_genbin7_recobin5 acc 0.0398 eff 0.0009 outinratio 0.1778 

ggH126_4l_phi1_genbin0_recobin6 acc 0.0464 eff 0.0 outinratio 0.0579 

VBFH126_4l_phi1_genbin0_recobin6 acc 0.0546 eff 0.0002 outinratio 0.031 

WminusH126_4l_phi1_genbin0_recobin6 acc 0.0401 eff 0.0 outinratio 0.071 

WplusH126_4l_phi1_genbin0_recobin6 acc 0.0385 eff 0.0061 outinratio 0.0657 

ZH126_4l_phi1_genbin0_recobin6 acc 0.0423 eff 0.0016 outinratio 0.0542 

ttH126_4l_phi1_genbin0_recobin6 acc 0.0379 eff 0.0003 outinratio 0.1533 

ggH126_4l_phi1_genbin1_recobin6 acc 0.0568 eff 0.0004 outinratio 0.0579 

VBFH126_4l_phi1_genbin1_recobin6 acc 0.0594 eff 0.0006 outinratio 0.031 

WminusH126_4l_phi1_genbin1_recobin6 acc 0.0436 eff 0.0 outinratio 0.071 

WplusH126_4l_phi1_genbin1_recobin6 acc 0.0382 eff 0.0 outinratio 0.0657 

ZH126_4l_phi1_genbin1_recobin6 acc 0.0448 eff 0.0006 outinratio 0.0542 

ttH126_4l_phi1_genbin1_recobin6 acc 0.041 eff 0.0003 outinratio 0.1533 

ggH126_4l_phi1_genbin2_recobin6 acc 0.0559 eff 0.0 outinratio 0.0579 

VBFH126_4l_phi1_genbin2_recobin6 acc 0.0583 eff 0.0008 outinratio 0.031 

WminusH126_4l_phi1_genbin2_recobin6 acc 0.0478 eff 0.0 outinratio 0.071 

WplusH126_4l_phi1_genbin2_recobin6 acc 0.0411 eff 0.0 outinratio 0.0657 

ZH126_4l_phi1_genbin2_recobin6 acc 0.046 eff 0.0 outinratio 0.0542 

ttH126_4l_phi1_genbin2_recobin6 acc 0.0402 eff 0.0002 outinratio 0.1533 

ggH126_4l_phi1_genbin3_recobin6 acc 0.046 eff 0.0033 outinratio 0.0579 

VBFH126_4l_phi1_genbin3_recobin6 acc 0.0529 eff 0.0009 outinratio 0.031 

WminusH126_4l_phi1_genbin3_recobin6 acc 0.045 eff 0.0 outinratio 0.071 

WplusH126_4l_phi1_genbin3_recobin6 acc 0.038 eff 0.0 outinratio 0.0657 

ZH126_4l_phi1_genbin3_recobin6 acc 0.0418 eff 0.0 outinratio 0.0542 

ttH126_4l_phi1_genbin3_recobin6 acc 0.0399 eff 0.0004 outinratio 0.1533 

ggH126_4l_phi1_genbin4_recobin6 acc 0.0469 eff 0.0009 outinratio 0.0579 

VBFH126_4l_phi1_genbin4_recobin6 acc 0.0538 eff 0.0023 outinratio 0.031 

WminusH126_4l_phi1_genbin4_recobin6 acc 0.0434 eff 0.0 outinratio 0.071 

WplusH126_4l_phi1_genbin4_recobin6 acc 0.0374 eff 0.0 outinratio 0.0657 

ZH126_4l_phi1_genbin4_recobin6 acc 0.0404 eff 0.0026 outinratio 0.0542 

ttH126_4l_phi1_genbin4_recobin6 acc 0.0394 eff 0.0005 outinratio 0.1533 

ggH126_4l_phi1_genbin5_recobin6 acc 0.0552 eff 0.0132 outinratio 0.0579 

VBFH126_4l_phi1_genbin5_recobin6 acc 0.0595 eff 0.0113 outinratio 0.031 

WminusH126_4l_phi1_genbin5_recobin6 acc 0.0463 eff 0.0154 outinratio 0.071 

WplusH126_4l_phi1_genbin5_recobin6 acc 0.0386 eff 0.0 outinratio 0.0657 

ZH126_4l_phi1_genbin5_recobin6 acc 0.0428 eff 0.0103 outinratio 0.0542 

ttH126_4l_phi1_genbin5_recobin6 acc 0.0404 eff 0.0113 outinratio 0.1533 

ggH126_4l_phi1_genbin6_recobin6 acc 0.0541 eff 0.5327 outinratio 0.0579 

VBFH126_4l_phi1_genbin6_recobin6 acc 0.0598 eff 0.5364 outinratio 0.031 

WminusH126_4l_phi1_genbin6_recobin6 acc 0.044 eff 0.5094 outinratio 0.071 

WplusH126_4l_phi1_genbin6_recobin6 acc 0.0445 eff 0.5499 outinratio 0.0657 

ZH126_4l_phi1_genbin6_recobin6 acc 0.0466 eff 0.5676 outinratio 0.0542 

ttH126_4l_phi1_genbin6_recobin6 acc 0.0403 eff 0.5402 outinratio 0.1533 

ggH126_4l_phi1_genbin7_recobin6 acc 0.0449 eff 0.0094 outinratio 0.0579 

VBFH126_4l_phi1_genbin7_recobin6 acc 0.0542 eff 0.0112 outinratio 0.031 

WminusH126_4l_phi1_genbin7_recobin6 acc 0.0424 eff 0.0159 outinratio 0.071 

WplusH126_4l_phi1_genbin7_recobin6 acc 0.0373 eff 0.0089 outinratio 0.0657 

ZH126_4l_phi1_genbin7_recobin6 acc 0.0412 eff 0.0094 outinratio 0.0542 

ttH126_4l_phi1_genbin7_recobin6 acc 0.0398 eff 0.0103 outinratio 0.1533 

ggH126_4l_phi1_genbin0_recobin7 acc 0.0464 eff 0.0132 outinratio 0.0492 

VBFH126_4l_phi1_genbin0_recobin7 acc 0.0546 eff 0.0062 outinratio 0.0372 

WminusH126_4l_phi1_genbin0_recobin7 acc 0.0401 eff 0.0049 outinratio 0.0617 

WplusH126_4l_phi1_genbin0_recobin7 acc 0.0385 eff 0.0021 outinratio 0.0843 

ZH126_4l_phi1_genbin0_recobin7 acc 0.0423 eff 0.0077 outinratio 0.0935 

ttH126_4l_phi1_genbin0_recobin7 acc 0.0379 eff 0.0055 outinratio 0.1391 

ggH126_4l_phi1_genbin1_recobin7 acc 0.0568 eff 0.0022 outinratio 0.0492 

VBFH126_4l_phi1_genbin1_recobin7 acc 0.0594 eff 0.0013 outinratio 0.0372 

WminusH126_4l_phi1_genbin1_recobin7 acc 0.0436 eff 0.0007 outinratio 0.0617 

WplusH126_4l_phi1_genbin1_recobin7 acc 0.0382 eff 0.0007 outinratio 0.0843 

ZH126_4l_phi1_genbin1_recobin7 acc 0.0448 eff 0.0009 outinratio 0.0935 

ttH126_4l_phi1_genbin1_recobin7 acc 0.041 eff 0.0 outinratio 0.1391 

ggH126_4l_phi1_genbin2_recobin7 acc 0.0559 eff 0.0004 outinratio 0.0492 

VBFH126_4l_phi1_genbin2_recobin7 acc 0.0583 eff 0.0 outinratio 0.0372 

WminusH126_4l_phi1_genbin2_recobin7 acc 0.0478 eff 0.0 outinratio 0.0617 

WplusH126_4l_phi1_genbin2_recobin7 acc 0.0411 eff 0.0 outinratio 0.0843 

ZH126_4l_phi1_genbin2_recobin7 acc 0.046 eff 0.0 outinratio 0.0935 

ttH126_4l_phi1_genbin2_recobin7 acc 0.0402 eff 0.0019 outinratio 0.1391 

ggH126_4l_phi1_genbin3_recobin7 acc 0.046 eff 0.0 outinratio 0.0492 

VBFH126_4l_phi1_genbin3_recobin7 acc 0.0529 eff 0.0002 outinratio 0.0372 

WminusH126_4l_phi1_genbin3_recobin7 acc 0.045 eff 0.0 outinratio 0.0617 

WplusH126_4l_phi1_genbin3_recobin7 acc 0.038 eff 0.0 outinratio 0.0843 

ZH126_4l_phi1_genbin3_recobin7 acc 0.0418 eff 0.0005 outinratio 0.0935 

ttH126_4l_phi1_genbin3_recobin7 acc 0.0399 eff 0.0 outinratio 0.1391 

ggH126_4l_phi1_genbin4_recobin7 acc 0.0469 eff 0.0022 outinratio 0.0492 

VBFH126_4l_phi1_genbin4_recobin7 acc 0.0538 eff 0.0008 outinratio 0.0372 

WminusH126_4l_phi1_genbin4_recobin7 acc 0.0434 eff 0.0 outinratio 0.0617 

WplusH126_4l_phi1_genbin4_recobin7 acc 0.0374 eff 0.0 outinratio 0.0843 

ZH126_4l_phi1_genbin4_recobin7 acc 0.0404 eff 0.0023 outinratio 0.0935 

ttH126_4l_phi1_genbin4_recobin7 acc 0.0394 eff 0.0002 outinratio 0.1391 

ggH126_4l_phi1_genbin5_recobin7 acc 0.0552 eff 0.0003 outinratio 0.0492 

VBFH126_4l_phi1_genbin5_recobin7 acc 0.0595 eff 0.0007 outinratio 0.0372 

WminusH126_4l_phi1_genbin5_recobin7 acc 0.0463 eff 0.0041 outinratio 0.0617 

WplusH126_4l_phi1_genbin5_recobin7 acc 0.0386 eff 0.0011 outinratio 0.0843 

ZH126_4l_phi1_genbin5_recobin7 acc 0.0428 eff 0.0007 outinratio 0.0935 

ttH126_4l_phi1_genbin5_recobin7 acc 0.0404 eff 0.001 outinratio 0.1391 

ggH126_4l_phi1_genbin6_recobin7 acc 0.0541 eff 0.0069 outinratio 0.0492 

VBFH126_4l_phi1_genbin6_recobin7 acc 0.0598 eff 0.0084 outinratio 0.0372 

WminusH126_4l_phi1_genbin6_recobin7 acc 0.044 eff 0.0124 outinratio 0.0617 

WplusH126_4l_phi1_genbin6_recobin7 acc 0.0445 eff 0.0051 outinratio 0.0843 

ZH126_4l_phi1_genbin6_recobin7 acc 0.0466 eff 0.0133 outinratio 0.0935 

ttH126_4l_phi1_genbin6_recobin7 acc 0.0403 eff 0.0157 outinratio 0.1391 

ggH126_4l_phi1_genbin7_recobin7 acc 0.0449 eff 0.5203 outinratio 0.0492 

VBFH126_4l_phi1_genbin7_recobin7 acc 0.0542 eff 0.5292 outinratio 0.0372 

WminusH126_4l_phi1_genbin7_recobin7 acc 0.0424 eff 0.5157 outinratio 0.0617 

WplusH126_4l_phi1_genbin7_recobin7 acc 0.0373 eff 0.4876 outinratio 0.0843 

ZH126_4l_phi1_genbin7_recobin7 acc 0.0412 eff 0.5197 outinratio 0.0935 

ttH126_4l_phi1_genbin7_recobin7 acc 0.0398 eff 0.5355 outinratio 0.1391 

ggH126_4e_phi1_genbin0_recobin0 acc 0.043 eff 0.2962 outinratio 0.0419 

VBFH126_4e_phi1_genbin0_recobin0 acc 0.0513 eff 0.3417 outinratio 0.0356 

WminusH126_4e_phi1_genbin0_recobin0 acc 0.0339 eff 0.2627 outinratio 0.0712 

WplusH126_4e_phi1_genbin0_recobin0 acc 0.0307 eff 0.2636 outinratio 0.071 

ZH126_4e_phi1_genbin0_recobin0 acc 0.0433 eff 0.351 outinratio 0.0488 

ttH126_4e_phi1_genbin0_recobin0 acc 0.0368 eff 0.323 outinratio 0.1568 

ggH126_4e_phi1_genbin1_recobin0 acc 0.0564 eff 0.0081 outinratio 0.0419 

VBFH126_4e_phi1_genbin1_recobin0 acc 0.0572 eff 0.007 outinratio 0.0356 

WminusH126_4e_phi1_genbin1_recobin0 acc 0.0352 eff 0.0138 outinratio 0.0712 

WplusH126_4e_phi1_genbin1_recobin0 acc 0.0384 eff 0.0115 outinratio 0.071 

ZH126_4e_phi1_genbin1_recobin0 acc 0.0412 eff 0.004 outinratio 0.0488 

ttH126_4e_phi1_genbin1_recobin0 acc 0.0392 eff 0.0109 outinratio 0.1568 

ggH126_4e_phi1_genbin2_recobin0 acc 0.0555 eff 0.0 outinratio 0.0419 

VBFH126_4e_phi1_genbin2_recobin0 acc 0.057 eff 0.0 outinratio 0.0356 

WminusH126_4e_phi1_genbin2_recobin0 acc 0.0512 eff 0.0014 outinratio 0.0712 

WplusH126_4e_phi1_genbin2_recobin0 acc 0.0352 eff 0.0 outinratio 0.071 

ZH126_4e_phi1_genbin2_recobin0 acc 0.0464 eff 0.0021 outinratio 0.0488 

ttH126_4e_phi1_genbin2_recobin0 acc 0.0384 eff 0.0 outinratio 0.1568 

ggH126_4e_phi1_genbin3_recobin0 acc 0.0437 eff 0.0 outinratio 0.0419 

VBFH126_4e_phi1_genbin3_recobin0 acc 0.0519 eff 0.0006 outinratio 0.0356 

WminusH126_4e_phi1_genbin3_recobin0 acc 0.041 eff 0.0 outinratio 0.0712 

WplusH126_4e_phi1_genbin3_recobin0 acc 0.0319 eff 0.0 outinratio 0.071 

ZH126_4e_phi1_genbin3_recobin0 acc 0.0378 eff 0.0 outinratio 0.0488 

ttH126_4e_phi1_genbin3_recobin0 acc 0.0408 eff 0.0008 outinratio 0.1568 

ggH126_4e_phi1_genbin4_recobin0 acc 0.047 eff 0.0 outinratio 0.0419 

VBFH126_4e_phi1_genbin4_recobin0 acc 0.0504 eff 0.0022 outinratio 0.0356 

WminusH126_4e_phi1_genbin4_recobin0 acc 0.043 eff 0.0 outinratio 0.0712 

WplusH126_4e_phi1_genbin4_recobin0 acc 0.0339 eff 0.0135 outinratio 0.071 

ZH126_4e_phi1_genbin4_recobin0 acc 0.037 eff 0.0018 outinratio 0.0488 

ttH126_4e_phi1_genbin4_recobin0 acc 0.0369 eff 0.001 outinratio 0.1568 

ggH126_4e_phi1_genbin5_recobin0 acc 0.0559 eff 0.0 outinratio 0.0419 

VBFH126_4e_phi1_genbin5_recobin0 acc 0.0606 eff 0.0008 outinratio 0.0356 

WminusH126_4e_phi1_genbin5_recobin0 acc 0.0486 eff 0.0 outinratio 0.0712 

WplusH126_4e_phi1_genbin5_recobin0 acc 0.0458 eff 0.0 outinratio 0.071 

ZH126_4e_phi1_genbin5_recobin0 acc 0.042 eff 0.001 outinratio 0.0488 

ttH126_4e_phi1_genbin5_recobin0 acc 0.0385 eff 0.0 outinratio 0.1568 

ggH126_4e_phi1_genbin6_recobin0 acc 0.0501 eff 0.002 outinratio 0.0419 

VBFH126_4e_phi1_genbin6_recobin0 acc 0.0557 eff 0.0028 outinratio 0.0356 

WminusH126_4e_phi1_genbin6_recobin0 acc 0.0387 eff 0.0 outinratio 0.0712 

WplusH126_4e_phi1_genbin6_recobin0 acc 0.0442 eff 0.0 outinratio 0.071 

ZH126_4e_phi1_genbin6_recobin0 acc 0.0464 eff 0.0 outinratio 0.0488 

ttH126_4e_phi1_genbin6_recobin0 acc 0.0397 eff 0.0 outinratio 0.1568 

ggH126_4e_phi1_genbin7_recobin0 acc 0.0446 eff 0.0041 outinratio 0.0419 

VBFH126_4e_phi1_genbin7_recobin0 acc 0.0534 eff 0.007 outinratio 0.0356 

WminusH126_4e_phi1_genbin7_recobin0 acc 0.0418 eff 0.0207 outinratio 0.0712 

WplusH126_4e_phi1_genbin7_recobin0 acc 0.036 eff 0.0 outinratio 0.071 

ZH126_4e_phi1_genbin7_recobin0 acc 0.0368 eff 0.0124 outinratio 0.0488 

ttH126_4e_phi1_genbin7_recobin0 acc 0.0389 eff 0.0125 outinratio 0.1568 

ggH126_4e_phi1_genbin0_recobin1 acc 0.043 eff 0.0039 outinratio 0.055 

VBFH126_4e_phi1_genbin0_recobin1 acc 0.0513 eff 0.0045 outinratio 0.0456 

WminusH126_4e_phi1_genbin0_recobin1 acc 0.0339 eff 0.0103 outinratio 0.062 

WplusH126_4e_phi1_genbin0_recobin1 acc 0.0307 eff 0.0 outinratio 0.074 

ZH126_4e_phi1_genbin0_recobin1 acc 0.0433 eff 0.0138 outinratio 0.0689 

ttH126_4e_phi1_genbin0_recobin1 acc 0.0368 eff 0.003 outinratio 0.3087 

ggH126_4e_phi1_genbin1_recobin1 acc 0.0564 eff 0.3324 outinratio 0.055 

VBFH126_4e_phi1_genbin1_recobin1 acc 0.0572 eff 0.3191 outinratio 0.0456 

WminusH126_4e_phi1_genbin1_recobin1 acc 0.0352 eff 0.3023 outinratio 0.062 

WplusH126_4e_phi1_genbin1_recobin1 acc 0.0384 eff 0.3233 outinratio 0.074 

ZH126_4e_phi1_genbin1_recobin1 acc 0.0412 eff 0.3269 outinratio 0.0689 

ttH126_4e_phi1_genbin1_recobin1 acc 0.0392 eff 0.2932 outinratio 0.3087 

ggH126_4e_phi1_genbin2_recobin1 acc 0.0555 eff 0.01 outinratio 0.055 

VBFH126_4e_phi1_genbin2_recobin1 acc 0.057 eff 0.0187 outinratio 0.0456 

WminusH126_4e_phi1_genbin2_recobin1 acc 0.0512 eff 0.0159 outinratio 0.062 

WplusH126_4e_phi1_genbin2_recobin1 acc 0.0352 eff 0.0038 outinratio 0.074 

ZH126_4e_phi1_genbin2_recobin1 acc 0.0464 eff 0.0027 outinratio 0.0689 

ttH126_4e_phi1_genbin2_recobin1 acc 0.0384 eff 0.0061 outinratio 0.3087 

ggH126_4e_phi1_genbin3_recobin1 acc 0.0437 eff 0.0 outinratio 0.055 

VBFH126_4e_phi1_genbin3_recobin1 acc 0.0519 eff 0.001 outinratio 0.0456 

WminusH126_4e_phi1_genbin3_recobin1 acc 0.041 eff 0.0038 outinratio 0.062 

WplusH126_4e_phi1_genbin3_recobin1 acc 0.0319 eff 0.0 outinratio 0.074 

ZH126_4e_phi1_genbin3_recobin1 acc 0.0378 eff 0.0 outinratio 0.0689 

ttH126_4e_phi1_genbin3_recobin1 acc 0.0408 eff 0.0011 outinratio 0.3087 

ggH126_4e_phi1_genbin4_recobin1 acc 0.047 eff 0.0027 outinratio 0.055 

VBFH126_4e_phi1_genbin4_recobin1 acc 0.0504 eff 0.0015 outinratio 0.0456 

WminusH126_4e_phi1_genbin4_recobin1 acc 0.043 eff 0.0 outinratio 0.062 

WplusH126_4e_phi1_genbin4_recobin1 acc 0.0339 eff 0.0 outinratio 0.074 

ZH126_4e_phi1_genbin4_recobin1 acc 0.037 eff 0.0 outinratio 0.0689 

ttH126_4e_phi1_genbin4_recobin1 acc 0.0369 eff 0.0 outinratio 0.3087 

ggH126_4e_phi1_genbin5_recobin1 acc 0.0559 eff 0.0 outinratio 0.055 

VBFH126_4e_phi1_genbin5_recobin1 acc 0.0606 eff 0.0024 outinratio 0.0456 

WminusH126_4e_phi1_genbin5_recobin1 acc 0.0486 eff 0.0042 outinratio 0.062 

WplusH126_4e_phi1_genbin5_recobin1 acc 0.0458 eff 0.0 outinratio 0.074 

ZH126_4e_phi1_genbin5_recobin1 acc 0.042 eff 0.0 outinratio 0.0689 

ttH126_4e_phi1_genbin5_recobin1 acc 0.0385 eff 0.0003 outinratio 0.3087 

ggH126_4e_phi1_genbin6_recobin1 acc 0.0501 eff 0.0005 outinratio 0.055 

VBFH126_4e_phi1_genbin6_recobin1 acc 0.0557 eff 0.0036 outinratio 0.0456 

WminusH126_4e_phi1_genbin6_recobin1 acc 0.0387 eff 0.0 outinratio 0.062 

WplusH126_4e_phi1_genbin6_recobin1 acc 0.0442 eff 0.0 outinratio 0.074 

ZH126_4e_phi1_genbin6_recobin1 acc 0.0464 eff 0.0017 outinratio 0.0689 

ttH126_4e_phi1_genbin6_recobin1 acc 0.0397 eff 0.0007 outinratio 0.3087 

ggH126_4e_phi1_genbin7_recobin1 acc 0.0446 eff 0.0 outinratio 0.055 

VBFH126_4e_phi1_genbin7_recobin1 acc 0.0534 eff 0.0017 outinratio 0.0456 

WminusH126_4e_phi1_genbin7_recobin1 acc 0.0418 eff 0.0 outinratio 0.062 

WplusH126_4e_phi1_genbin7_recobin1 acc 0.036 eff 0.0 outinratio 0.074 

ZH126_4e_phi1_genbin7_recobin1 acc 0.0368 eff 0.0 outinratio 0.0689 

ttH126_4e_phi1_genbin7_recobin1 acc 0.0389 eff 0.0 outinratio 0.3087 

ggH126_4e_phi1_genbin0_recobin2 acc 0.043 eff 0.0 outinratio 0.0636 

VBFH126_4e_phi1_genbin0_recobin2 acc 0.0513 eff 0.0023 outinratio 0.0239 

WminusH126_4e_phi1_genbin0_recobin2 acc 0.0339 eff 0.0062 outinratio 0.0606 

WplusH126_4e_phi1_genbin0_recobin2 acc 0.0307 eff 0.0 outinratio 0.2138 

ZH126_4e_phi1_genbin0_recobin2 acc 0.0433 eff 0.0077 outinratio 0.059 

ttH126_4e_phi1_genbin0_recobin2 acc 0.0368 eff 0.0013 outinratio 0.1783 

ggH126_4e_phi1_genbin1_recobin2 acc 0.0564 eff 0.0085 outinratio 0.0636 

VBFH126_4e_phi1_genbin1_recobin2 acc 0.0572 eff 0.0056 outinratio 0.0239 

WminusH126_4e_phi1_genbin1_recobin2 acc 0.0352 eff 0.0 outinratio 0.0606 

WplusH126_4e_phi1_genbin1_recobin2 acc 0.0384 eff 0.0 outinratio 0.2138 

ZH126_4e_phi1_genbin1_recobin2 acc 0.0412 eff 0.0062 outinratio 0.059 

ttH126_4e_phi1_genbin1_recobin2 acc 0.0392 eff 0.0121 outinratio 0.1783 

ggH126_4e_phi1_genbin2_recobin2 acc 0.0555 eff 0.2934 outinratio 0.0636 

VBFH126_4e_phi1_genbin2_recobin2 acc 0.057 eff 0.3234 outinratio 0.0239 

WminusH126_4e_phi1_genbin2_recobin2 acc 0.0512 eff 0.2662 outinratio 0.0606 

WplusH126_4e_phi1_genbin2_recobin2 acc 0.0352 eff 0.2781 outinratio 0.2138 

ZH126_4e_phi1_genbin2_recobin2 acc 0.0464 eff 0.3412 outinratio 0.059 

ttH126_4e_phi1_genbin2_recobin2 acc 0.0384 eff 0.3214 outinratio 0.1783 

ggH126_4e_phi1_genbin3_recobin2 acc 0.0437 eff 0.0127 outinratio 0.0636 

VBFH126_4e_phi1_genbin3_recobin2 acc 0.0519 eff 0.0087 outinratio 0.0239 

WminusH126_4e_phi1_genbin3_recobin2 acc 0.041 eff 0.0 outinratio 0.0606 

WplusH126_4e_phi1_genbin3_recobin2 acc 0.0319 eff 0.0106 outinratio 0.2138 

ZH126_4e_phi1_genbin3_recobin2 acc 0.0378 eff 0.0068 outinratio 0.059 

ttH126_4e_phi1_genbin3_recobin2 acc 0.0408 eff 0.0094 outinratio 0.1783 

ggH126_4e_phi1_genbin4_recobin2 acc 0.047 eff 0.0027 outinratio 0.0636 

VBFH126_4e_phi1_genbin4_recobin2 acc 0.0504 eff 0.0021 outinratio 0.0239 

WminusH126_4e_phi1_genbin4_recobin2 acc 0.043 eff 0.0 outinratio 0.0606 

WplusH126_4e_phi1_genbin4_recobin2 acc 0.0339 eff 0.0 outinratio 0.2138 

ZH126_4e_phi1_genbin4_recobin2 acc 0.037 eff 0.004 outinratio 0.059 

ttH126_4e_phi1_genbin4_recobin2 acc 0.0369 eff 0.0015 outinratio 0.1783 

ggH126_4e_phi1_genbin5_recobin2 acc 0.0559 eff 0.0 outinratio 0.0636 

VBFH126_4e_phi1_genbin5_recobin2 acc 0.0606 eff 0.0002 outinratio 0.0239 

WminusH126_4e_phi1_genbin5_recobin2 acc 0.0486 eff 0.0035 outinratio 0.0606 

WplusH126_4e_phi1_genbin5_recobin2 acc 0.0458 eff 0.0 outinratio 0.2138 

ZH126_4e_phi1_genbin5_recobin2 acc 0.042 eff 0.0008 outinratio 0.059 

ttH126_4e_phi1_genbin5_recobin2 acc 0.0385 eff 0.0023 outinratio 0.1783 

ggH126_4e_phi1_genbin6_recobin2 acc 0.0501 eff 0.0 outinratio 0.0636 

VBFH126_4e_phi1_genbin6_recobin2 acc 0.0557 eff 0.0017 outinratio 0.0239 

WminusH126_4e_phi1_genbin6_recobin2 acc 0.0387 eff 0.0 outinratio 0.0606 

WplusH126_4e_phi1_genbin6_recobin2 acc 0.0442 eff 0.0087 outinratio 0.2138 

ZH126_4e_phi1_genbin6_recobin2 acc 0.0464 eff 0.0 outinratio 0.059 

ttH126_4e_phi1_genbin6_recobin2 acc 0.0397 eff 0.0 outinratio 0.1783 

ggH126_4e_phi1_genbin7_recobin2 acc 0.0446 eff 0.0 outinratio 0.0636 

VBFH126_4e_phi1_genbin7_recobin2 acc 0.0534 eff 0.0 outinratio 0.0239 

WminusH126_4e_phi1_genbin7_recobin2 acc 0.0418 eff 0.0 outinratio 0.0606 

WplusH126_4e_phi1_genbin7_recobin2 acc 0.036 eff 0.0 outinratio 0.2138 

ZH126_4e_phi1_genbin7_recobin2 acc 0.0368 eff 0.0 outinratio 0.059 

ttH126_4e_phi1_genbin7_recobin2 acc 0.0389 eff 0.0022 outinratio 0.1783 

ggH126_4e_phi1_genbin0_recobin3 acc 0.043 eff 0.0 outinratio 0.0565 

VBFH126_4e_phi1_genbin0_recobin3 acc 0.0513 eff 0.0023 outinratio 0.0341 

WminusH126_4e_phi1_genbin0_recobin3 acc 0.0339 eff 0.0 outinratio 0.0534 

WplusH126_4e_phi1_genbin0_recobin3 acc 0.0307 eff 0.0 outinratio 0.0851 

ZH126_4e_phi1_genbin0_recobin3 acc 0.0433 eff 0.0 outinratio 0.044 

ttH126_4e_phi1_genbin0_recobin3 acc 0.0368 eff 0.0027 outinratio 0.1506 

ggH126_4e_phi1_genbin1_recobin3 acc 0.0564 eff 0.0 outinratio 0.0565 

VBFH126_4e_phi1_genbin1_recobin3 acc 0.0572 eff 0.0 outinratio 0.0341 

WminusH126_4e_phi1_genbin1_recobin3 acc 0.0352 eff 0.0029 outinratio 0.0534 

WplusH126_4e_phi1_genbin1_recobin3 acc 0.0384 eff 0.0 outinratio 0.0851 

ZH126_4e_phi1_genbin1_recobin3 acc 0.0412 eff 0.0 outinratio 0.044 

ttH126_4e_phi1_genbin1_recobin3 acc 0.0392 eff 0.001 outinratio 0.1506 

ggH126_4e_phi1_genbin2_recobin3 acc 0.0555 eff 0.0066 outinratio 0.0565 

VBFH126_4e_phi1_genbin2_recobin3 acc 0.057 eff 0.0153 outinratio 0.0341 

WminusH126_4e_phi1_genbin2_recobin3 acc 0.0512 eff 0.0122 outinratio 0.0534 

WplusH126_4e_phi1_genbin2_recobin3 acc 0.0352 eff 0.0075 outinratio 0.0851 

ZH126_4e_phi1_genbin2_recobin3 acc 0.0464 eff 0.0072 outinratio 0.044 

ttH126_4e_phi1_genbin2_recobin3 acc 0.0384 eff 0.0064 outinratio 0.1506 

ggH126_4e_phi1_genbin3_recobin3 acc 0.0437 eff 0.2529 outinratio 0.0565 

VBFH126_4e_phi1_genbin3_recobin3 acc 0.0519 eff 0.3271 outinratio 0.0341 

WminusH126_4e_phi1_genbin3_recobin3 acc 0.041 eff 0.2801 outinratio 0.0534 

WplusH126_4e_phi1_genbin3_recobin3 acc 0.0319 eff 0.2711 outinratio 0.0851 

ZH126_4e_phi1_genbin3_recobin3 acc 0.0378 eff 0.3278 outinratio 0.044 

ttH126_4e_phi1_genbin3_recobin3 acc 0.0408 eff 0.3206 outinratio 0.1506 

ggH126_4e_phi1_genbin4_recobin3 acc 0.047 eff 0.0154 outinratio 0.0565 

VBFH126_4e_phi1_genbin4_recobin3 acc 0.0504 eff 0.0084 outinratio 0.0341 

WminusH126_4e_phi1_genbin4_recobin3 acc 0.043 eff 0.0066 outinratio 0.0534 

WplusH126_4e_phi1_genbin4_recobin3 acc 0.0339 eff 0.0029 outinratio 0.0851 

ZH126_4e_phi1_genbin4_recobin3 acc 0.037 eff 0.0168 outinratio 0.044 

ttH126_4e_phi1_genbin4_recobin3 acc 0.0369 eff 0.0119 outinratio 0.1506 

ggH126_4e_phi1_genbin5_recobin3 acc 0.0559 eff 0.0 outinratio 0.0565 

VBFH126_4e_phi1_genbin5_recobin3 acc 0.0606 eff 0.0 outinratio 0.0341 

WminusH126_4e_phi1_genbin5_recobin3 acc 0.0486 eff 0.0 outinratio 0.0534 

WplusH126_4e_phi1_genbin5_recobin3 acc 0.0458 eff 0.0 outinratio 0.0851 

ZH126_4e_phi1_genbin5_recobin3 acc 0.042 eff 0.0021 outinratio 0.044 

ttH126_4e_phi1_genbin5_recobin3 acc 0.0385 eff 0.0012 outinratio 0.1506 

ggH126_4e_phi1_genbin6_recobin3 acc 0.0501 eff 0.0 outinratio 0.0565 

VBFH126_4e_phi1_genbin6_recobin3 acc 0.0557 eff 0.0003 outinratio 0.0341 

WminusH126_4e_phi1_genbin6_recobin3 acc 0.0387 eff 0.004 outinratio 0.0534 

WplusH126_4e_phi1_genbin6_recobin3 acc 0.0442 eff 0.0175 outinratio 0.0851 

ZH126_4e_phi1_genbin6_recobin3 acc 0.0464 eff 0.0 outinratio 0.044 

ttH126_4e_phi1_genbin6_recobin3 acc 0.0397 eff 0.001 outinratio 0.1506 

ggH126_4e_phi1_genbin7_recobin3 acc 0.0446 eff 0.0 outinratio 0.0565 

VBFH126_4e_phi1_genbin7_recobin3 acc 0.0534 eff 0.0 outinratio 0.0341 

WminusH126_4e_phi1_genbin7_recobin3 acc 0.0418 eff 0.0 outinratio 0.0534 

WplusH126_4e_phi1_genbin7_recobin3 acc 0.036 eff 0.0 outinratio 0.0851 

ZH126_4e_phi1_genbin7_recobin3 acc 0.0368 eff 0.0 outinratio 0.044 

ttH126_4e_phi1_genbin7_recobin3 acc 0.0389 eff 0.0 outinratio 0.1506 

ggH126_4e_phi1_genbin0_recobin4 acc 0.043 eff 0.0 outinratio 0.032 

VBFH126_4e_phi1_genbin0_recobin4 acc 0.0513 eff 0.0 outinratio 0.0454 

WminusH126_4e_phi1_genbin0_recobin4 acc 0.0339 eff 0.0 outinratio 0.1506 

WplusH126_4e_phi1_genbin0_recobin4 acc 0.0307 eff 0.0 outinratio 0.0557 

ZH126_4e_phi1_genbin0_recobin4 acc 0.0433 eff 0.0 outinratio 0.0932 

ttH126_4e_phi1_genbin0_recobin4 acc 0.0368 eff 0.0 outinratio 0.2144 

ggH126_4e_phi1_genbin1_recobin4 acc 0.0564 eff 0.0 outinratio 0.032 

VBFH126_4e_phi1_genbin1_recobin4 acc 0.0572 eff 0.0 outinratio 0.0454 

WminusH126_4e_phi1_genbin1_recobin4 acc 0.0352 eff 0.0 outinratio 0.1506 

WplusH126_4e_phi1_genbin1_recobin4 acc 0.0384 eff 0.0 outinratio 0.0557 

ZH126_4e_phi1_genbin1_recobin4 acc 0.0412 eff 0.0 outinratio 0.0932 

ttH126_4e_phi1_genbin1_recobin4 acc 0.0392 eff 0.0009 outinratio 0.2144 

ggH126_4e_phi1_genbin2_recobin4 acc 0.0555 eff 0.0038 outinratio 0.032 

VBFH126_4e_phi1_genbin2_recobin4 acc 0.057 eff 0.0006 outinratio 0.0454 

WminusH126_4e_phi1_genbin2_recobin4 acc 0.0512 eff 0.0 outinratio 0.1506 

WplusH126_4e_phi1_genbin2_recobin4 acc 0.0352 eff 0.0 outinratio 0.0557 

ZH126_4e_phi1_genbin2_recobin4 acc 0.0464 eff 0.0 outinratio 0.0932 

ttH126_4e_phi1_genbin2_recobin4 acc 0.0384 eff 0.0008 outinratio 0.2144 

ggH126_4e_phi1_genbin3_recobin4 acc 0.0437 eff 0.0057 outinratio 0.032 

VBFH126_4e_phi1_genbin3_recobin4 acc 0.0519 eff 0.0059 outinratio 0.0454 

WminusH126_4e_phi1_genbin3_recobin4 acc 0.041 eff -0.0035 outinratio 0.1506 

WplusH126_4e_phi1_genbin3_recobin4 acc 0.0319 eff 0.0 outinratio 0.0557 

ZH126_4e_phi1_genbin3_recobin4 acc 0.0378 eff 0.0046 outinratio 0.0932 

ttH126_4e_phi1_genbin3_recobin4 acc 0.0408 eff 0.0123 outinratio 0.2144 

ggH126_4e_phi1_genbin4_recobin4 acc 0.047 eff 0.3013 outinratio 0.032 

VBFH126_4e_phi1_genbin4_recobin4 acc 0.0504 eff 0.2888 outinratio 0.0454 

WminusH126_4e_phi1_genbin4_recobin4 acc 0.043 eff 0.2522 outinratio 0.1506 

WplusH126_4e_phi1_genbin4_recobin4 acc 0.0339 eff 0.2764 outinratio 0.0557 

ZH126_4e_phi1_genbin4_recobin4 acc 0.037 eff 0.2934 outinratio 0.0932 

ttH126_4e_phi1_genbin4_recobin4 acc 0.0369 eff 0.3303 outinratio 0.2144 

ggH126_4e_phi1_genbin5_recobin4 acc 0.0559 eff 0.0013 outinratio 0.032 

VBFH126_4e_phi1_genbin5_recobin4 acc 0.0606 eff 0.0081 outinratio 0.0454 

WminusH126_4e_phi1_genbin5_recobin4 acc 0.0486 eff 0.0044 outinratio 0.1506 

WplusH126_4e_phi1_genbin5_recobin4 acc 0.0458 eff 0.0 outinratio 0.0557 

ZH126_4e_phi1_genbin5_recobin4 acc 0.042 eff 0.0047 outinratio 0.0932 

ttH126_4e_phi1_genbin5_recobin4 acc 0.0385 eff 0.0033 outinratio 0.2144 

ggH126_4e_phi1_genbin6_recobin4 acc 0.0501 eff 0.0021 outinratio 0.032 

VBFH126_4e_phi1_genbin6_recobin4 acc 0.0557 eff 0.0008 outinratio 0.0454 

WminusH126_4e_phi1_genbin6_recobin4 acc 0.0387 eff 0.0 outinratio 0.1506 

WplusH126_4e_phi1_genbin6_recobin4 acc 0.0442 eff 0.0 outinratio 0.0557 

ZH126_4e_phi1_genbin6_recobin4 acc 0.0464 eff 0.0 outinratio 0.0932 

ttH126_4e_phi1_genbin6_recobin4 acc 0.0397 eff 0.0 outinratio 0.2144 

ggH126_4e_phi1_genbin7_recobin4 acc 0.0446 eff 0.0 outinratio 0.032 

VBFH126_4e_phi1_genbin7_recobin4 acc 0.0534 eff 0.0006 outinratio 0.0454 

WminusH126_4e_phi1_genbin7_recobin4 acc 0.0418 eff 0.0 outinratio 0.1506 

WplusH126_4e_phi1_genbin7_recobin4 acc 0.036 eff 0.0 outinratio 0.0557 

ZH126_4e_phi1_genbin7_recobin4 acc 0.0368 eff 0.0023 outinratio 0.0932 

ttH126_4e_phi1_genbin7_recobin4 acc 0.0389 eff 0.0008 outinratio 0.2144 

ggH126_4e_phi1_genbin0_recobin5 acc 0.043 eff 0.0021 outinratio 0.0617 

VBFH126_4e_phi1_genbin0_recobin5 acc 0.0513 eff 0.0007 outinratio 0.038 

WminusH126_4e_phi1_genbin0_recobin5 acc 0.0339 eff 0.0 outinratio 0.0639 

WplusH126_4e_phi1_genbin0_recobin5 acc 0.0307 eff 0.0 outinratio 0.0172 

ZH126_4e_phi1_genbin0_recobin5 acc 0.0433 eff 0.0 outinratio 0.0567 

ttH126_4e_phi1_genbin0_recobin5 acc 0.0368 eff 0.0 outinratio 0.2855 

ggH126_4e_phi1_genbin1_recobin5 acc 0.0564 eff 0.0028 outinratio 0.0617 

VBFH126_4e_phi1_genbin1_recobin5 acc 0.0572 eff 0.0006 outinratio 0.038 

WminusH126_4e_phi1_genbin1_recobin5 acc 0.0352 eff 0.0031 outinratio 0.0639 

WplusH126_4e_phi1_genbin1_recobin5 acc 0.0384 eff 0.0 outinratio 0.0172 

ZH126_4e_phi1_genbin1_recobin5 acc 0.0412 eff 0.0 outinratio 0.0567 

ttH126_4e_phi1_genbin1_recobin5 acc 0.0392 eff 0.0 outinratio 0.2855 

ggH126_4e_phi1_genbin2_recobin5 acc 0.0555 eff 0.0 outinratio 0.0617 

VBFH126_4e_phi1_genbin2_recobin5 acc 0.057 eff 0.001 outinratio 0.038 

WminusH126_4e_phi1_genbin2_recobin5 acc 0.0512 eff 0.0 outinratio 0.0639 

WplusH126_4e_phi1_genbin2_recobin5 acc 0.0352 eff 0.0 outinratio 0.0172 

ZH126_4e_phi1_genbin2_recobin5 acc 0.0464 eff 0.0018 outinratio 0.0567 

ttH126_4e_phi1_genbin2_recobin5 acc 0.0384 eff 0.0 outinratio 0.2855 

ggH126_4e_phi1_genbin3_recobin5 acc 0.0437 eff 0.001 outinratio 0.0617 

VBFH126_4e_phi1_genbin3_recobin5 acc 0.0519 eff 0.0055 outinratio 0.038 

WminusH126_4e_phi1_genbin3_recobin5 acc 0.041 eff 0.0 outinratio 0.0639 

WplusH126_4e_phi1_genbin3_recobin5 acc 0.0319 eff 0.0 outinratio 0.0172 

ZH126_4e_phi1_genbin3_recobin5 acc 0.0378 eff 0.0 outinratio 0.0567 

ttH126_4e_phi1_genbin3_recobin5 acc 0.0408 eff 0.0018 outinratio 0.2855 

ggH126_4e_phi1_genbin4_recobin5 acc 0.047 eff 0.0034 outinratio 0.0617 

VBFH126_4e_phi1_genbin4_recobin5 acc 0.0504 eff 0.0088 outinratio 0.038 

WminusH126_4e_phi1_genbin4_recobin5 acc 0.043 eff 0.008 outinratio 0.0639 

WplusH126_4e_phi1_genbin4_recobin5 acc 0.0339 eff 0.006 outinratio 0.0172 

ZH126_4e_phi1_genbin4_recobin5 acc 0.037 eff 0.0113 outinratio 0.0567 

ttH126_4e_phi1_genbin4_recobin5 acc 0.0369 eff 0.011 outinratio 0.2855 

ggH126_4e_phi1_genbin5_recobin5 acc 0.0559 eff 0.3085 outinratio 0.0617 

VBFH126_4e_phi1_genbin5_recobin5 acc 0.0606 eff 0.3303 outinratio 0.038 

WminusH126_4e_phi1_genbin5_recobin5 acc 0.0486 eff 0.3129 outinratio 0.0639 

WplusH126_4e_phi1_genbin5_recobin5 acc 0.0458 eff 0.3587 outinratio 0.0172 

ZH126_4e_phi1_genbin5_recobin5 acc 0.042 eff 0.309 outinratio 0.0567 

ttH126_4e_phi1_genbin5_recobin5 acc 0.0385 eff 0.2975 outinratio 0.2855 

ggH126_4e_phi1_genbin6_recobin5 acc 0.0501 eff 0.0069 outinratio 0.0617 

VBFH126_4e_phi1_genbin6_recobin5 acc 0.0557 eff 0.0193 outinratio 0.038 

WminusH126_4e_phi1_genbin6_recobin5 acc 0.0387 eff -0.0126 outinratio 0.0639 

WplusH126_4e_phi1_genbin6_recobin5 acc 0.0442 eff 0.0 outinratio 0.0172 

ZH126_4e_phi1_genbin6_recobin5 acc 0.0464 eff 0.0118 outinratio 0.0567 

ttH126_4e_phi1_genbin6_recobin5 acc 0.0397 eff 0.0112 outinratio 0.2855 

ggH126_4e_phi1_genbin7_recobin5 acc 0.0446 eff 0.0 outinratio 0.0617 

VBFH126_4e_phi1_genbin7_recobin5 acc 0.0534 eff 0.001 outinratio 0.038 

WminusH126_4e_phi1_genbin7_recobin5 acc 0.0418 eff 0.0027 outinratio 0.0639 

WplusH126_4e_phi1_genbin7_recobin5 acc 0.036 eff 0.0 outinratio 0.0172 

ZH126_4e_phi1_genbin7_recobin5 acc 0.0368 eff 0.0 outinratio 0.0567 

ttH126_4e_phi1_genbin7_recobin5 acc 0.0389 eff 0.0008 outinratio 0.2855 

ggH126_4e_phi1_genbin0_recobin6 acc 0.043 eff 0.0 outinratio 0.1037 

VBFH126_4e_phi1_genbin0_recobin6 acc 0.0513 eff 0.0 outinratio 0.0235 

WminusH126_4e_phi1_genbin0_recobin6 acc 0.0339 eff 0.0 outinratio 0.0725 

WplusH126_4e_phi1_genbin0_recobin6 acc 0.0307 eff 0.008 outinratio 0.0782 

ZH126_4e_phi1_genbin0_recobin6 acc 0.0433 eff 0.0 outinratio 0.0435 

ttH126_4e_phi1_genbin0_recobin6 acc 0.0368 eff 0.0 outinratio 0.1772 

ggH126_4e_phi1_genbin1_recobin6 acc 0.0564 eff 0.0017 outinratio 0.1037 

VBFH126_4e_phi1_genbin1_recobin6 acc 0.0572 eff 0.0015 outinratio 0.0235 

WminusH126_4e_phi1_genbin1_recobin6 acc 0.0352 eff 0.0 outinratio 0.0725 

WplusH126_4e_phi1_genbin1_recobin6 acc 0.0384 eff 0.0 outinratio 0.0782 

ZH126_4e_phi1_genbin1_recobin6 acc 0.0412 eff 0.0 outinratio 0.0435 

ttH126_4e_phi1_genbin1_recobin6 acc 0.0392 eff 0.001 outinratio 0.1772 

ggH126_4e_phi1_genbin2_recobin6 acc 0.0555 eff 0.0 outinratio 0.1037 

VBFH126_4e_phi1_genbin2_recobin6 acc 0.057 eff 0.0007 outinratio 0.0235 

WminusH126_4e_phi1_genbin2_recobin6 acc 0.0512 eff 0.0 outinratio 0.0725 

WplusH126_4e_phi1_genbin2_recobin6 acc 0.0352 eff 0.0 outinratio 0.0782 

ZH126_4e_phi1_genbin2_recobin6 acc 0.0464 eff 0.0 outinratio 0.0435 

ttH126_4e_phi1_genbin2_recobin6 acc 0.0384 eff 0.0009 outinratio 0.1772 

ggH126_4e_phi1_genbin3_recobin6 acc 0.0437 eff 0.0055 outinratio 0.1037 

VBFH126_4e_phi1_genbin3_recobin6 acc 0.0519 eff 0.0013 outinratio 0.0235 

WminusH126_4e_phi1_genbin3_recobin6 acc 0.041 eff 0.0 outinratio 0.0725 

WplusH126_4e_phi1_genbin3_recobin6 acc 0.0319 eff 0.0 outinratio 0.0782 

ZH126_4e_phi1_genbin3_recobin6 acc 0.0378 eff 0.0 outinratio 0.0435 

ttH126_4e_phi1_genbin3_recobin6 acc 0.0408 eff 0.0 outinratio 0.1772 

ggH126_4e_phi1_genbin4_recobin6 acc 0.047 eff 0.0 outinratio 0.1037 

VBFH126_4e_phi1_genbin4_recobin6 acc 0.0504 eff 0.0046 outinratio 0.0235 

WminusH126_4e_phi1_genbin4_recobin6 acc 0.043 eff 0.0 outinratio 0.0725 

WplusH126_4e_phi1_genbin4_recobin6 acc 0.0339 eff 0.0 outinratio 0.0782 

ZH126_4e_phi1_genbin4_recobin6 acc 0.037 eff 0.0 outinratio 0.0435 

ttH126_4e_phi1_genbin4_recobin6 acc 0.0369 eff 0.0021 outinratio 0.1772 

ggH126_4e_phi1_genbin5_recobin6 acc 0.0559 eff 0.0168 outinratio 0.1037 

VBFH126_4e_phi1_genbin5_recobin6 acc 0.0606 eff 0.0133 outinratio 0.0235 

WminusH126_4e_phi1_genbin5_recobin6 acc 0.0486 eff 0.0092 outinratio 0.0725 

WplusH126_4e_phi1_genbin5_recobin6 acc 0.0458 eff 0.0 outinratio 0.0782 

ZH126_4e_phi1_genbin5_recobin6 acc 0.042 eff 0.0126 outinratio 0.0435 

ttH126_4e_phi1_genbin5_recobin6 acc 0.0385 eff 0.0177 outinratio 0.1772 

ggH126_4e_phi1_genbin6_recobin6 acc 0.0501 eff 0.2837 outinratio 0.1037 

VBFH126_4e_phi1_genbin6_recobin6 acc 0.0557 eff 0.2993 outinratio 0.0235 

WminusH126_4e_phi1_genbin6_recobin6 acc 0.0387 eff 0.3538 outinratio 0.0725 

WplusH126_4e_phi1_genbin6_recobin6 acc 0.0442 eff 0.3763 outinratio 0.0782 

ZH126_4e_phi1_genbin6_recobin6 acc 0.0464 eff 0.3455 outinratio 0.0435 

ttH126_4e_phi1_genbin6_recobin6 acc 0.0397 eff 0.3413 outinratio 0.1772 

ggH126_4e_phi1_genbin7_recobin6 acc 0.0446 eff 0.0169 outinratio 0.1037 

VBFH126_4e_phi1_genbin7_recobin6 acc 0.0534 eff 0.0051 outinratio 0.0235 

WminusH126_4e_phi1_genbin7_recobin6 acc 0.0418 eff 0.0098 outinratio 0.0725 

WplusH126_4e_phi1_genbin7_recobin6 acc 0.036 eff 0.0037 outinratio 0.0782 

ZH126_4e_phi1_genbin7_recobin6 acc 0.0368 eff 0.0088 outinratio 0.0435 

ttH126_4e_phi1_genbin7_recobin6 acc 0.0389 eff 0.0109 outinratio 0.1772 

ggH126_4e_phi1_genbin0_recobin7 acc 0.043 eff 0.0234 outinratio 0.0104 

VBFH126_4e_phi1_genbin0_recobin7 acc 0.0513 eff 0.0039 outinratio 0.0478 

WminusH126_4e_phi1_genbin0_recobin7 acc 0.0339 eff 0.0 outinratio 0.0122 

WplusH126_4e_phi1_genbin0_recobin7 acc 0.0307 eff 0.0103 outinratio 0.0589 

ZH126_4e_phi1_genbin0_recobin7 acc 0.0433 eff 0.0155 outinratio 0.1631 

ttH126_4e_phi1_genbin0_recobin7 acc 0.0368 eff 0.0047 outinratio 0.188 

ggH126_4e_phi1_genbin1_recobin7 acc 0.0564 eff 0.0013 outinratio 0.0104 

VBFH126_4e_phi1_genbin1_recobin7 acc 0.0572 eff 0.0016 outinratio 0.0478 

WminusH126_4e_phi1_genbin1_recobin7 acc 0.0352 eff 0.0 outinratio 0.0122 

WplusH126_4e_phi1_genbin1_recobin7 acc 0.0384 eff 0.0 outinratio 0.0589 

ZH126_4e_phi1_genbin1_recobin7 acc 0.0412 eff 0.0037 outinratio 0.1631 

ttH126_4e_phi1_genbin1_recobin7 acc 0.0392 eff 0.0 outinratio 0.188 

ggH126_4e_phi1_genbin2_recobin7 acc 0.0555 eff 0.0006 outinratio 0.0104 

VBFH126_4e_phi1_genbin2_recobin7 acc 0.057 eff 0.0 outinratio 0.0478 

WminusH126_4e_phi1_genbin2_recobin7 acc 0.0512 eff 0.0 outinratio 0.0122 

WplusH126_4e_phi1_genbin2_recobin7 acc 0.0352 eff 0.0 outinratio 0.0589 

ZH126_4e_phi1_genbin2_recobin7 acc 0.0464 eff 0.0 outinratio 0.1631 

ttH126_4e_phi1_genbin2_recobin7 acc 0.0384 eff 0.0043 outinratio 0.188 

ggH126_4e_phi1_genbin3_recobin7 acc 0.0437 eff 0.0 outinratio 0.0104 

VBFH126_4e_phi1_genbin3_recobin7 acc 0.0519 eff 0.0007 outinratio 0.0478 

WminusH126_4e_phi1_genbin3_recobin7 acc 0.041 eff 0.0 outinratio 0.0122 

WplusH126_4e_phi1_genbin3_recobin7 acc 0.0319 eff 0.0 outinratio 0.0589 

ZH126_4e_phi1_genbin3_recobin7 acc 0.0378 eff 0.0 outinratio 0.1631 

ttH126_4e_phi1_genbin3_recobin7 acc 0.0408 eff 0.0 outinratio 0.188 

ggH126_4e_phi1_genbin4_recobin7 acc 0.047 eff 0.0021 outinratio 0.0104 

VBFH126_4e_phi1_genbin4_recobin7 acc 0.0504 eff 0.0005 outinratio 0.0478 

WminusH126_4e_phi1_genbin4_recobin7 acc 0.043 eff 0.0 outinratio 0.0122 

WplusH126_4e_phi1_genbin4_recobin7 acc 0.0339 eff 0.0 outinratio 0.0589 

ZH126_4e_phi1_genbin4_recobin7 acc 0.037 eff 0.0045 outinratio 0.1631 

ttH126_4e_phi1_genbin4_recobin7 acc 0.0369 eff 0.0 outinratio 0.188 

ggH126_4e_phi1_genbin5_recobin7 acc 0.0559 eff 0.001 outinratio 0.0104 

VBFH126_4e_phi1_genbin5_recobin7 acc 0.0606 eff 0.0011 outinratio 0.0478 

WminusH126_4e_phi1_genbin5_recobin7 acc 0.0486 eff 0.0148 outinratio 0.0122 

WplusH126_4e_phi1_genbin5_recobin7 acc 0.0458 eff 0.0 outinratio 0.0589 

ZH126_4e_phi1_genbin5_recobin7 acc 0.042 eff 0.0027 outinratio 0.1631 

ttH126_4e_phi1_genbin5_recobin7 acc 0.0385 eff 0.0 outinratio 0.188 

ggH126_4e_phi1_genbin6_recobin7 acc 0.0501 eff 0.0119 outinratio 0.0104 

VBFH126_4e_phi1_genbin6_recobin7 acc 0.0557 eff 0.013 outinratio 0.0478 

WminusH126_4e_phi1_genbin6_recobin7 acc 0.0387 eff 0.0049 outinratio 0.0122 

WplusH126_4e_phi1_genbin6_recobin7 acc 0.0442 eff 0.0 outinratio 0.0589 

ZH126_4e_phi1_genbin6_recobin7 acc 0.0464 eff 0.0168 outinratio 0.1631 

ttH126_4e_phi1_genbin6_recobin7 acc 0.0397 eff 0.014 outinratio 0.188 

ggH126_4e_phi1_genbin7_recobin7 acc 0.0446 eff 0.3503 outinratio 0.0104 

VBFH126_4e_phi1_genbin7_recobin7 acc 0.0534 eff 0.333 outinratio 0.0478 

WminusH126_4e_phi1_genbin7_recobin7 acc 0.0418 eff 0.3102 outinratio 0.0122 

WplusH126_4e_phi1_genbin7_recobin7 acc 0.036 eff 0.2789 outinratio 0.0589 

ZH126_4e_phi1_genbin7_recobin7 acc 0.0368 eff 0.3226 outinratio 0.1631 

ttH126_4e_phi1_genbin7_recobin7 acc 0.0389 eff 0.3343 outinratio 0.188 

ggH126_4mu_phi1_genbin0_recobin0 acc 0.0483 eff 0.795 outinratio 0.0462 

VBFH126_4mu_phi1_genbin0_recobin0 acc 0.0579 eff 0.7966 outinratio 0.0447 

WminusH126_4mu_phi1_genbin0_recobin0 acc 0.0471 eff 0.8274 outinratio 0.0844 

WplusH126_4mu_phi1_genbin0_recobin0 acc 0.0443 eff 0.7043 outinratio 0.0728 

ZH126_4mu_phi1_genbin0_recobin0 acc 0.046 eff 0.7749 outinratio 0.0433 

ttH126_4mu_phi1_genbin0_recobin0 acc 0.0421 eff 0.7557 outinratio 0.1423 

ggH126_4mu_phi1_genbin1_recobin0 acc 0.0591 eff 0.0066 outinratio 0.0462 

VBFH126_4mu_phi1_genbin1_recobin0 acc 0.0621 eff 0.0102 outinratio 0.0447 

WminusH126_4mu_phi1_genbin1_recobin0 acc 0.0461 eff 0.0165 outinratio 0.0844 

WplusH126_4mu_phi1_genbin1_recobin0 acc 0.0419 eff 0.0266 outinratio 0.0728 

ZH126_4mu_phi1_genbin1_recobin0 acc 0.0424 eff 0.0178 outinratio 0.0433 

ttH126_4mu_phi1_genbin1_recobin0 acc 0.044 eff 0.0115 outinratio 0.1423 

ggH126_4mu_phi1_genbin2_recobin0 acc 0.0585 eff 0.0 outinratio 0.0462 

VBFH126_4mu_phi1_genbin2_recobin0 acc 0.0621 eff 0.0 outinratio 0.0447 

WminusH126_4mu_phi1_genbin2_recobin0 acc 0.0481 eff 0.0 outinratio 0.0844 

WplusH126_4mu_phi1_genbin2_recobin0 acc 0.0499 eff 0.0 outinratio 0.0728 

ZH126_4mu_phi1_genbin2_recobin0 acc 0.0436 eff 0.0024 outinratio 0.0433 

ttH126_4mu_phi1_genbin2_recobin0 acc 0.0428 eff 0.0 outinratio 0.1423 

ggH126_4mu_phi1_genbin3_recobin0 acc 0.0506 eff 0.0 outinratio 0.0462 

VBFH126_4mu_phi1_genbin3_recobin0 acc 0.0566 eff 0.0 outinratio 0.0447 

WminusH126_4mu_phi1_genbin3_recobin0 acc 0.0498 eff 0.0 outinratio 0.0844 

WplusH126_4mu_phi1_genbin3_recobin0 acc 0.0463 eff 0.0 outinratio 0.0728 

ZH126_4mu_phi1_genbin3_recobin0 acc 0.0448 eff 0.0 outinratio 0.0433 

ttH126_4mu_phi1_genbin3_recobin0 acc 0.0418 eff 0.0 outinratio 0.1423 

ggH126_4mu_phi1_genbin4_recobin0 acc 0.0459 eff 0.0 outinratio 0.0462 

VBFH126_4mu_phi1_genbin4_recobin0 acc 0.0599 eff 0.0007 outinratio 0.0447 

WminusH126_4mu_phi1_genbin4_recobin0 acc 0.0438 eff 0.0 outinratio 0.0844 

WplusH126_4mu_phi1_genbin4_recobin0 acc 0.0378 eff 0.0 outinratio 0.0728 

ZH126_4mu_phi1_genbin4_recobin0 acc 0.0458 eff 0.0 outinratio 0.0433 

ttH126_4mu_phi1_genbin4_recobin0 acc 0.0429 eff 0.0 outinratio 0.1423 

ggH126_4mu_phi1_genbin5_recobin0 acc 0.0544 eff 0.0 outinratio 0.0462 

VBFH126_4mu_phi1_genbin5_recobin0 acc 0.0628 eff 0.0034 outinratio 0.0447 

WminusH126_4mu_phi1_genbin5_recobin0 acc 0.0476 eff 0.0 outinratio 0.0844 

WplusH126_4mu_phi1_genbin5_recobin0 acc 0.039 eff 0.0 outinratio 0.0728 

ZH126_4mu_phi1_genbin5_recobin0 acc 0.0452 eff 0.0011 outinratio 0.0433 

ttH126_4mu_phi1_genbin5_recobin0 acc 0.0421 eff 0.0 outinratio 0.1423 

ggH126_4mu_phi1_genbin6_recobin0 acc 0.0598 eff 0.0031 outinratio 0.0462 

VBFH126_4mu_phi1_genbin6_recobin0 acc 0.0636 eff 0.0012 outinratio 0.0447 

WminusH126_4mu_phi1_genbin6_recobin0 acc 0.0461 eff 0.0 outinratio 0.0844 

WplusH126_4mu_phi1_genbin6_recobin0 acc 0.0439 eff 0.0 outinratio 0.0728 

ZH126_4mu_phi1_genbin6_recobin0 acc 0.0519 eff 0.0 outinratio 0.0433 

ttH126_4mu_phi1_genbin6_recobin0 acc 0.0422 eff 0.0 outinratio 0.1423 

ggH126_4mu_phi1_genbin7_recobin0 acc 0.0469 eff 0.0041 outinratio 0.0462 

VBFH126_4mu_phi1_genbin7_recobin0 acc 0.0561 eff 0.0064 outinratio 0.0447 

WminusH126_4mu_phi1_genbin7_recobin0 acc 0.0488 eff 0.0036 outinratio 0.0844 

WplusH126_4mu_phi1_genbin7_recobin0 acc 0.0366 eff 0.0 outinratio 0.0728 

ZH126_4mu_phi1_genbin7_recobin0 acc 0.0445 eff 0.0043 outinratio 0.0433 

ttH126_4mu_phi1_genbin7_recobin0 acc 0.0439 eff 0.002 outinratio 0.1423 

ggH126_4mu_phi1_genbin0_recobin1 acc 0.0483 eff 0.0071 outinratio 0.0345 

VBFH126_4mu_phi1_genbin0_recobin1 acc 0.0579 eff 0.006 outinratio 0.0305 

WminusH126_4mu_phi1_genbin0_recobin1 acc 0.0471 eff 0.0 outinratio 0.1319 

WplusH126_4mu_phi1_genbin0_recobin1 acc 0.0443 eff 0.0 outinratio 0.0962 

ZH126_4mu_phi1_genbin0_recobin1 acc 0.046 eff 0.0061 outinratio 0.0886 

ttH126_4mu_phi1_genbin0_recobin1 acc 0.0421 eff 0.0108 outinratio 0.1323 

ggH126_4mu_phi1_genbin1_recobin1 acc 0.0591 eff 0.7601 outinratio 0.0345 

VBFH126_4mu_phi1_genbin1_recobin1 acc 0.0621 eff 0.8258 outinratio 0.0305 

WminusH126_4mu_phi1_genbin1_recobin1 acc 0.0461 eff 0.743 outinratio 0.1319 

WplusH126_4mu_phi1_genbin1_recobin1 acc 0.0419 eff 0.77 outinratio 0.0962 

ZH126_4mu_phi1_genbin1_recobin1 acc 0.0424 eff 0.7777 outinratio 0.0886 

ttH126_4mu_phi1_genbin1_recobin1 acc 0.044 eff 0.7885 outinratio 0.1323 

ggH126_4mu_phi1_genbin2_recobin1 acc 0.0585 eff 0.0149 outinratio 0.0345 

VBFH126_4mu_phi1_genbin2_recobin1 acc 0.0621 eff 0.0063 outinratio 0.0305 

WminusH126_4mu_phi1_genbin2_recobin1 acc 0.0481 eff 0.0103 outinratio 0.1319 

WplusH126_4mu_phi1_genbin2_recobin1 acc 0.0499 eff 0.0 outinratio 0.0962 

ZH126_4mu_phi1_genbin2_recobin1 acc 0.0436 eff 0.0199 outinratio 0.0886 

ttH126_4mu_phi1_genbin2_recobin1 acc 0.0428 eff 0.0126 outinratio 0.1323 

ggH126_4mu_phi1_genbin3_recobin1 acc 0.0506 eff 0.0 outinratio 0.0345 

VBFH126_4mu_phi1_genbin3_recobin1 acc 0.0566 eff 0.0026 outinratio 0.0305 

WminusH126_4mu_phi1_genbin3_recobin1 acc 0.0498 eff 0.0 outinratio 0.1319 

WplusH126_4mu_phi1_genbin3_recobin1 acc 0.0463 eff 0.0098 outinratio 0.0962 

ZH126_4mu_phi1_genbin3_recobin1 acc 0.0448 eff 0.0 outinratio 0.0886 

ttH126_4mu_phi1_genbin3_recobin1 acc 0.0418 eff 0.0009 outinratio 0.1323 

ggH126_4mu_phi1_genbin4_recobin1 acc 0.0459 eff 0.009 outinratio 0.0345 

VBFH126_4mu_phi1_genbin4_recobin1 acc 0.0599 eff 0.0006 outinratio 0.0305 

WminusH126_4mu_phi1_genbin4_recobin1 acc 0.0438 eff 0.0074 outinratio 0.1319 

WplusH126_4mu_phi1_genbin4_recobin1 acc 0.0378 eff 0.0 outinratio 0.0962 

ZH126_4mu_phi1_genbin4_recobin1 acc 0.0458 eff 0.0 outinratio 0.0886 

ttH126_4mu_phi1_genbin4_recobin1 acc 0.0429 eff 0.0 outinratio 0.1323 

ggH126_4mu_phi1_genbin5_recobin1 acc 0.0544 eff 0.0 outinratio 0.0345 

VBFH126_4mu_phi1_genbin5_recobin1 acc 0.0628 eff 0.0004 outinratio 0.0305 

WminusH126_4mu_phi1_genbin5_recobin1 acc 0.0476 eff 0.0054 outinratio 0.1319 

WplusH126_4mu_phi1_genbin5_recobin1 acc 0.039 eff 0.0 outinratio 0.0962 

ZH126_4mu_phi1_genbin5_recobin1 acc 0.0452 eff 0.0032 outinratio 0.0886 

ttH126_4mu_phi1_genbin5_recobin1 acc 0.0421 eff 0.0 outinratio 0.1323 

ggH126_4mu_phi1_genbin6_recobin1 acc 0.0598 eff 0.0 outinratio 0.0345 

VBFH126_4mu_phi1_genbin6_recobin1 acc 0.0636 eff 0.0006 outinratio 0.0305 

WminusH126_4mu_phi1_genbin6_recobin1 acc 0.0461 eff 0.0 outinratio 0.1319 

WplusH126_4mu_phi1_genbin6_recobin1 acc 0.0439 eff 0.0 outinratio 0.0962 

ZH126_4mu_phi1_genbin6_recobin1 acc 0.0519 eff 0.0 outinratio 0.0886 

ttH126_4mu_phi1_genbin6_recobin1 acc 0.0422 eff 0.0008 outinratio 0.1323 

ggH126_4mu_phi1_genbin7_recobin1 acc 0.0469 eff 0.0034 outinratio 0.0345 

VBFH126_4mu_phi1_genbin7_recobin1 acc 0.0561 eff 0.0 outinratio 0.0305 

WminusH126_4mu_phi1_genbin7_recobin1 acc 0.0488 eff 0.0 outinratio 0.1319 

WplusH126_4mu_phi1_genbin7_recobin1 acc 0.0366 eff 0.0 outinratio 0.0962 

ZH126_4mu_phi1_genbin7_recobin1 acc 0.0445 eff 0.0 outinratio 0.0886 

ttH126_4mu_phi1_genbin7_recobin1 acc 0.0439 eff 0.0023 outinratio 0.1323 

ggH126_4mu_phi1_genbin0_recobin2 acc 0.0483 eff 0.002 outinratio 0.0403 

VBFH126_4mu_phi1_genbin0_recobin2 acc 0.0579 eff 0.002 outinratio 0.0239 

WminusH126_4mu_phi1_genbin0_recobin2 acc 0.0471 eff 0.0 outinratio 0.0538 

WplusH126_4mu_phi1_genbin0_recobin2 acc 0.0443 eff 0.0 outinratio 0.067 

ZH126_4mu_phi1_genbin0_recobin2 acc 0.046 eff 0.0 outinratio 0.0743 

ttH126_4mu_phi1_genbin0_recobin2 acc 0.0421 eff 0.0008 outinratio 0.1587 

ggH126_4mu_phi1_genbin1_recobin2 acc 0.0591 eff 0.0112 outinratio 0.0403 

VBFH126_4mu_phi1_genbin1_recobin2 acc 0.0621 eff 0.0127 outinratio 0.0239 

WminusH126_4mu_phi1_genbin1_recobin2 acc 0.0461 eff 0.0156 outinratio 0.0538 

WplusH126_4mu_phi1_genbin1_recobin2 acc 0.0419 eff 0.004 outinratio 0.067 

ZH126_4mu_phi1_genbin1_recobin2 acc 0.0424 eff 0.015 outinratio 0.0743 

ttH126_4mu_phi1_genbin1_recobin2 acc 0.044 eff 0.0142 outinratio 0.1587 

ggH126_4mu_phi1_genbin2_recobin2 acc 0.0585 eff 0.7868 outinratio 0.0403 

VBFH126_4mu_phi1_genbin2_recobin2 acc 0.0621 eff 0.8174 outinratio 0.0239 

WminusH126_4mu_phi1_genbin2_recobin2 acc 0.0481 eff 0.8044 outinratio 0.0538 

WplusH126_4mu_phi1_genbin2_recobin2 acc 0.0499 eff 0.7743 outinratio 0.067 

ZH126_4mu_phi1_genbin2_recobin2 acc 0.0436 eff 0.775 outinratio 0.0743 

ttH126_4mu_phi1_genbin2_recobin2 acc 0.0428 eff 0.7735 outinratio 0.1587 

ggH126_4mu_phi1_genbin3_recobin2 acc 0.0506 eff 0.005 outinratio 0.0403 

VBFH126_4mu_phi1_genbin3_recobin2 acc 0.0566 eff 0.0094 outinratio 0.0239 

WminusH126_4mu_phi1_genbin3_recobin2 acc 0.0498 eff 0.0032 outinratio 0.0538 

WplusH126_4mu_phi1_genbin3_recobin2 acc 0.0463 eff 0.0 outinratio 0.067 

ZH126_4mu_phi1_genbin3_recobin2 acc 0.0448 eff 0.0133 outinratio 0.0743 

ttH126_4mu_phi1_genbin3_recobin2 acc 0.0418 eff 0.0071 outinratio 0.1587 

ggH126_4mu_phi1_genbin4_recobin2 acc 0.0459 eff 0.0 outinratio 0.0403 

VBFH126_4mu_phi1_genbin4_recobin2 acc 0.0599 eff 0.0009 outinratio 0.0239 

WminusH126_4mu_phi1_genbin4_recobin2 acc 0.0438 eff 0.0 outinratio 0.0538 

WplusH126_4mu_phi1_genbin4_recobin2 acc 0.0378 eff 0.0 outinratio 0.067 

ZH126_4mu_phi1_genbin4_recobin2 acc 0.0458 eff 0.0 outinratio 0.0743 

ttH126_4mu_phi1_genbin4_recobin2 acc 0.0429 eff 0.0 outinratio 0.1587 

ggH126_4mu_phi1_genbin5_recobin2 acc 0.0544 eff 0.0029 outinratio 0.0403 

VBFH126_4mu_phi1_genbin5_recobin2 acc 0.0628 eff 0.0 outinratio 0.0239 

WminusH126_4mu_phi1_genbin5_recobin2 acc 0.0476 eff 0.0 outinratio 0.0538 

WplusH126_4mu_phi1_genbin5_recobin2 acc 0.039 eff 0.0 outinratio 0.067 

ZH126_4mu_phi1_genbin5_recobin2 acc 0.0452 eff 0.0 outinratio 0.0743 

ttH126_4mu_phi1_genbin5_recobin2 acc 0.0421 eff 0.0 outinratio 0.1587 

ggH126_4mu_phi1_genbin6_recobin2 acc 0.0598 eff 0.0 outinratio 0.0403 

VBFH126_4mu_phi1_genbin6_recobin2 acc 0.0636 eff 0.0 outinratio 0.0239 

WminusH126_4mu_phi1_genbin6_recobin2 acc 0.0461 eff 0.0 outinratio 0.0538 

WplusH126_4mu_phi1_genbin6_recobin2 acc 0.0439 eff 0.0 outinratio 0.067 

ZH126_4mu_phi1_genbin6_recobin2 acc 0.0519 eff 0.0 outinratio 0.0743 

ttH126_4mu_phi1_genbin6_recobin2 acc 0.0422 eff 0.0014 outinratio 0.1587 

ggH126_4mu_phi1_genbin7_recobin2 acc 0.0469 eff 0.0046 outinratio 0.0403 

VBFH126_4mu_phi1_genbin7_recobin2 acc 0.0561 eff 0.0007 outinratio 0.0239 

WminusH126_4mu_phi1_genbin7_recobin2 acc 0.0488 eff 0.0 outinratio 0.0538 

WplusH126_4mu_phi1_genbin7_recobin2 acc 0.0366 eff 0.0 outinratio 0.067 

ZH126_4mu_phi1_genbin7_recobin2 acc 0.0445 eff 0.0039 outinratio 0.0743 

ttH126_4mu_phi1_genbin7_recobin2 acc 0.0439 eff 0.0022 outinratio 0.1587 

ggH126_4mu_phi1_genbin0_recobin3 acc 0.0483 eff 0.0075 outinratio 0.0465 

VBFH126_4mu_phi1_genbin0_recobin3 acc 0.0579 eff 0.0011 outinratio 0.0253 

WminusH126_4mu_phi1_genbin0_recobin3 acc 0.0471 eff 0.0 outinratio 0.0335 

WplusH126_4mu_phi1_genbin0_recobin3 acc 0.0443 eff 0.0067 outinratio 0.0315 

ZH126_4mu_phi1_genbin0_recobin3 acc 0.046 eff 0.0 outinratio 0.0495 

ttH126_4mu_phi1_genbin0_recobin3 acc 0.0421 eff 0.0035 outinratio 0.1547 

ggH126_4mu_phi1_genbin1_recobin3 acc 0.0591 eff 0.0007 outinratio 0.0465 

VBFH126_4mu_phi1_genbin1_recobin3 acc 0.0621 eff 0.0 outinratio 0.0253 

WminusH126_4mu_phi1_genbin1_recobin3 acc 0.0461 eff 0.0 outinratio 0.0335 

WplusH126_4mu_phi1_genbin1_recobin3 acc 0.0419 eff 0.0 outinratio 0.0315 

ZH126_4mu_phi1_genbin1_recobin3 acc 0.0424 eff 0.0024 outinratio 0.0495 

ttH126_4mu_phi1_genbin1_recobin3 acc 0.044 eff 0.0008 outinratio 0.1547 

ggH126_4mu_phi1_genbin2_recobin3 acc 0.0585 eff 0.0046 outinratio 0.0465 

VBFH126_4mu_phi1_genbin2_recobin3 acc 0.0621 eff 0.0038 outinratio 0.0253 

WminusH126_4mu_phi1_genbin2_recobin3 acc 0.0481 eff 0.0142 outinratio 0.0335 

WplusH126_4mu_phi1_genbin2_recobin3 acc 0.0499 eff 0.011 outinratio 0.0315 

ZH126_4mu_phi1_genbin2_recobin3 acc 0.0436 eff 0.002 outinratio 0.0495 

ttH126_4mu_phi1_genbin2_recobin3 acc 0.0428 eff 0.0054 outinratio 0.1547 

ggH126_4mu_phi1_genbin3_recobin3 acc 0.0506 eff 0.7908 outinratio 0.0465 

VBFH126_4mu_phi1_genbin3_recobin3 acc 0.0566 eff 0.7908 outinratio 0.0253 

WminusH126_4mu_phi1_genbin3_recobin3 acc 0.0498 eff 0.7066 outinratio 0.0335 

WplusH126_4mu_phi1_genbin3_recobin3 acc 0.0463 eff 0.7469 outinratio 0.0315 

ZH126_4mu_phi1_genbin3_recobin3 acc 0.0448 eff 0.7544 outinratio 0.0495 

ttH126_4mu_phi1_genbin3_recobin3 acc 0.0418 eff 0.7589 outinratio 0.1547 

ggH126_4mu_phi1_genbin4_recobin3 acc 0.0459 eff 0.0 outinratio 0.0465 

VBFH126_4mu_phi1_genbin4_recobin3 acc 0.0599 eff 0.0067 outinratio 0.0253 

WminusH126_4mu_phi1_genbin4_recobin3 acc 0.0438 eff 0.0 outinratio 0.0335 

WplusH126_4mu_phi1_genbin4_recobin3 acc 0.0378 eff 0.0 outinratio 0.0315 

ZH126_4mu_phi1_genbin4_recobin3 acc 0.0458 eff 0.0045 outinratio 0.0495 

ttH126_4mu_phi1_genbin4_recobin3 acc 0.0429 eff 0.0084 outinratio 0.1547 

ggH126_4mu_phi1_genbin5_recobin3 acc 0.0544 eff 0.0 outinratio 0.0465 

VBFH126_4mu_phi1_genbin5_recobin3 acc 0.0628 eff 0.0012 outinratio 0.0253 

WminusH126_4mu_phi1_genbin5_recobin3 acc 0.0476 eff 0.0 outinratio 0.0335 

WplusH126_4mu_phi1_genbin5_recobin3 acc 0.039 eff 0.0 outinratio 0.0315 

ZH126_4mu_phi1_genbin5_recobin3 acc 0.0452 eff 0.0 outinratio 0.0495 

ttH126_4mu_phi1_genbin5_recobin3 acc 0.0421 eff 0.0 outinratio 0.1547 

ggH126_4mu_phi1_genbin6_recobin3 acc 0.0598 eff 0.0016 outinratio 0.0465 

VBFH126_4mu_phi1_genbin6_recobin3 acc 0.0636 eff 0.0 outinratio 0.0253 

WminusH126_4mu_phi1_genbin6_recobin3 acc 0.0461 eff 0.0 outinratio 0.0335 

WplusH126_4mu_phi1_genbin6_recobin3 acc 0.0439 eff 0.0086 outinratio 0.0315 

ZH126_4mu_phi1_genbin6_recobin3 acc 0.0519 eff 0.0 outinratio 0.0495 

ttH126_4mu_phi1_genbin6_recobin3 acc 0.0422 eff 0.0003 outinratio 0.1547 

ggH126_4mu_phi1_genbin7_recobin3 acc 0.0469 eff 0.0 outinratio 0.0465 

VBFH126_4mu_phi1_genbin7_recobin3 acc 0.0561 eff 0.0 outinratio 0.0253 

WminusH126_4mu_phi1_genbin7_recobin3 acc 0.0488 eff 0.0 outinratio 0.0335 

WplusH126_4mu_phi1_genbin7_recobin3 acc 0.0366 eff 0.0 outinratio 0.0315 

ZH126_4mu_phi1_genbin7_recobin3 acc 0.0445 eff 0.0 outinratio 0.0495 

ttH126_4mu_phi1_genbin7_recobin3 acc 0.0439 eff 0.0 outinratio 0.1547 

ggH126_4mu_phi1_genbin0_recobin4 acc 0.0483 eff 0.0 outinratio 0.0729 

VBFH126_4mu_phi1_genbin0_recobin4 acc 0.0579 eff 0.0014 outinratio 0.0322 

WminusH126_4mu_phi1_genbin0_recobin4 acc 0.0471 eff 0.0081 outinratio 0.0579 

WplusH126_4mu_phi1_genbin0_recobin4 acc 0.0443 eff 0.0 outinratio 0.0499 

ZH126_4mu_phi1_genbin0_recobin4 acc 0.046 eff 0.0 outinratio 0.0856 

ttH126_4mu_phi1_genbin0_recobin4 acc 0.0421 eff -0.002 outinratio 0.14 

ggH126_4mu_phi1_genbin1_recobin4 acc 0.0591 eff 0.0 outinratio 0.0729 

VBFH126_4mu_phi1_genbin1_recobin4 acc 0.0621 eff 0.0004 outinratio 0.0322 

WminusH126_4mu_phi1_genbin1_recobin4 acc 0.0461 eff 0.0 outinratio 0.0579 

WplusH126_4mu_phi1_genbin1_recobin4 acc 0.0419 eff 0.0 outinratio 0.0499 

ZH126_4mu_phi1_genbin1_recobin4 acc 0.0424 eff 0.0 outinratio 0.0856 

ttH126_4mu_phi1_genbin1_recobin4 acc 0.044 eff 0.0 outinratio 0.14 

ggH126_4mu_phi1_genbin2_recobin4 acc 0.0585 eff 0.0 outinratio 0.0729 

VBFH126_4mu_phi1_genbin2_recobin4 acc 0.0621 eff 0.0027 outinratio 0.0322 

WminusH126_4mu_phi1_genbin2_recobin4 acc 0.0481 eff 0.0 outinratio 0.0579 

WplusH126_4mu_phi1_genbin2_recobin4 acc 0.0499 eff 0.0141 outinratio 0.0499 

ZH126_4mu_phi1_genbin2_recobin4 acc 0.0436 eff 0.0 outinratio 0.0856 

ttH126_4mu_phi1_genbin2_recobin4 acc 0.0428 eff -0.0006 outinratio 0.14 

ggH126_4mu_phi1_genbin3_recobin4 acc 0.0506 eff 0.0078 outinratio 0.0729 

VBFH126_4mu_phi1_genbin3_recobin4 acc 0.0566 eff 0.0054 outinratio 0.0322 

WminusH126_4mu_phi1_genbin3_recobin4 acc 0.0498 eff 0.0109 outinratio 0.0579 

WplusH126_4mu_phi1_genbin3_recobin4 acc 0.0463 eff 0.0035 outinratio 0.0499 

ZH126_4mu_phi1_genbin3_recobin4 acc 0.0448 eff 0.0209 outinratio 0.0856 

ttH126_4mu_phi1_genbin3_recobin4 acc 0.0418 eff 0.0053 outinratio 0.14 

ggH126_4mu_phi1_genbin4_recobin4 acc 0.0459 eff 0.7455 outinratio 0.0729 

VBFH126_4mu_phi1_genbin4_recobin4 acc 0.0599 eff 0.7824 outinratio 0.0322 

WminusH126_4mu_phi1_genbin4_recobin4 acc 0.0438 eff 0.7509 outinratio 0.0579 

WplusH126_4mu_phi1_genbin4_recobin4 acc 0.0378 eff 0.7576 outinratio 0.0499 

ZH126_4mu_phi1_genbin4_recobin4 acc 0.0458 eff 0.7894 outinratio 0.0856 

ttH126_4mu_phi1_genbin4_recobin4 acc 0.0429 eff 0.7557 outinratio 0.14 

ggH126_4mu_phi1_genbin5_recobin4 acc 0.0544 eff 0.0026 outinratio 0.0729 

VBFH126_4mu_phi1_genbin5_recobin4 acc 0.0628 eff 0.0104 outinratio 0.0322 

WminusH126_4mu_phi1_genbin5_recobin4 acc 0.0476 eff 0.0 outinratio 0.0579 

WplusH126_4mu_phi1_genbin5_recobin4 acc 0.039 eff 0.0 outinratio 0.0499 

ZH126_4mu_phi1_genbin5_recobin4 acc 0.0452 eff 0.006 outinratio 0.0856 

ttH126_4mu_phi1_genbin5_recobin4 acc 0.0421 eff 0.008 outinratio 0.14 

ggH126_4mu_phi1_genbin6_recobin4 acc 0.0598 eff 0.0 outinratio 0.0729 

VBFH126_4mu_phi1_genbin6_recobin4 acc 0.0636 eff 0.0 outinratio 0.0322 

WminusH126_4mu_phi1_genbin6_recobin4 acc 0.0461 eff 0.0 outinratio 0.0579 

WplusH126_4mu_phi1_genbin6_recobin4 acc 0.0439 eff 0.0 outinratio 0.0499 

ZH126_4mu_phi1_genbin6_recobin4 acc 0.0519 eff 0.0 outinratio 0.0856 

ttH126_4mu_phi1_genbin6_recobin4 acc 0.0422 eff 0.0 outinratio 0.14 

ggH126_4mu_phi1_genbin7_recobin4 acc 0.0469 eff 0.0 outinratio 0.0729 

VBFH126_4mu_phi1_genbin7_recobin4 acc 0.0561 eff 0.0007 outinratio 0.0322 

WminusH126_4mu_phi1_genbin7_recobin4 acc 0.0488 eff 0.0 outinratio 0.0579 

WplusH126_4mu_phi1_genbin7_recobin4 acc 0.0366 eff 0.0 outinratio 0.0499 

ZH126_4mu_phi1_genbin7_recobin4 acc 0.0445 eff 0.0022 outinratio 0.0856 

ttH126_4mu_phi1_genbin7_recobin4 acc 0.0439 eff 0.0 outinratio 0.14 

ggH126_4mu_phi1_genbin0_recobin5 acc 0.0483 eff 0.0 outinratio 0.0473 

VBFH126_4mu_phi1_genbin0_recobin5 acc 0.0579 eff 0.0014 outinratio 0.0279 

WminusH126_4mu_phi1_genbin0_recobin5 acc 0.0471 eff 0.0016 outinratio 0.1014 

WplusH126_4mu_phi1_genbin0_recobin5 acc 0.0443 eff 0.0 outinratio 0.0322 

ZH126_4mu_phi1_genbin0_recobin5 acc 0.046 eff 0.002 outinratio 0.1058 

ttH126_4mu_phi1_genbin0_recobin5 acc 0.0421 eff 0.0017 outinratio 0.1494 

ggH126_4mu_phi1_genbin1_recobin5 acc 0.0591 eff 0.0 outinratio 0.0473 

VBFH126_4mu_phi1_genbin1_recobin5 acc 0.0621 eff 0.0006 outinratio 0.0279 

WminusH126_4mu_phi1_genbin1_recobin5 acc 0.0461 eff 0.0 outinratio 0.1014 

WplusH126_4mu_phi1_genbin1_recobin5 acc 0.0419 eff 0.0 outinratio 0.0322 

ZH126_4mu_phi1_genbin1_recobin5 acc 0.0424 eff 0.0 outinratio 0.1058 

ttH126_4mu_phi1_genbin1_recobin5 acc 0.044 eff 0.0011 outinratio 0.1494 

ggH126_4mu_phi1_genbin2_recobin5 acc 0.0585 eff 0.0068 outinratio 0.0473 

VBFH126_4mu_phi1_genbin2_recobin5 acc 0.0621 eff 0.0025 outinratio 0.0279 

WminusH126_4mu_phi1_genbin2_recobin5 acc 0.0481 eff 0.0 outinratio 0.1014 

WplusH126_4mu_phi1_genbin2_recobin5 acc 0.0499 eff 0.0293 outinratio 0.0322 

ZH126_4mu_phi1_genbin2_recobin5 acc 0.0436 eff 0.0 outinratio 0.1058 

ttH126_4mu_phi1_genbin2_recobin5 acc 0.0428 eff 0.0031 outinratio 0.1494 

ggH126_4mu_phi1_genbin3_recobin5 acc 0.0506 eff 0.0 outinratio 0.0473 

VBFH126_4mu_phi1_genbin3_recobin5 acc 0.0566 eff 0.003 outinratio 0.0279 

WminusH126_4mu_phi1_genbin3_recobin5 acc 0.0498 eff 0.0 outinratio 0.1014 

WplusH126_4mu_phi1_genbin3_recobin5 acc 0.0463 eff 0.0 outinratio 0.0322 

ZH126_4mu_phi1_genbin3_recobin5 acc 0.0448 eff 0.0 outinratio 0.1058 

ttH126_4mu_phi1_genbin3_recobin5 acc 0.0418 eff 0.0025 outinratio 0.1494 

ggH126_4mu_phi1_genbin4_recobin5 acc 0.0459 eff 0.016 outinratio 0.0473 

VBFH126_4mu_phi1_genbin4_recobin5 acc 0.0599 eff 0.0155 outinratio 0.0279 

WminusH126_4mu_phi1_genbin4_recobin5 acc 0.0438 eff 0.0123 outinratio 0.1014 

WplusH126_4mu_phi1_genbin4_recobin5 acc 0.0378 eff 0.0 outinratio 0.0322 

ZH126_4mu_phi1_genbin4_recobin5 acc 0.0458 eff 0.006 outinratio 0.1058 

ttH126_4mu_phi1_genbin4_recobin5 acc 0.0429 eff 0.0127 outinratio 0.1494 

ggH126_4mu_phi1_genbin5_recobin5 acc 0.0544 eff 0.7835 outinratio 0.0473 

VBFH126_4mu_phi1_genbin5_recobin5 acc 0.0628 eff 0.8103 outinratio 0.0279 

WminusH126_4mu_phi1_genbin5_recobin5 acc 0.0476 eff 0.7546 outinratio 0.1014 

WplusH126_4mu_phi1_genbin5_recobin5 acc 0.039 eff 0.8385 outinratio 0.0322 

ZH126_4mu_phi1_genbin5_recobin5 acc 0.0452 eff 0.7684 outinratio 0.1058 

ttH126_4mu_phi1_genbin5_recobin5 acc 0.0421 eff 0.7481 outinratio 0.1494 

ggH126_4mu_phi1_genbin6_recobin5 acc 0.0598 eff 0.0105 outinratio 0.0473 

VBFH126_4mu_phi1_genbin6_recobin5 acc 0.0636 eff 0.0064 outinratio 0.0279 

WminusH126_4mu_phi1_genbin6_recobin5 acc 0.0461 eff 0.0177 outinratio 0.1014 

WplusH126_4mu_phi1_genbin6_recobin5 acc 0.0439 eff 0.0 outinratio 0.0322 

ZH126_4mu_phi1_genbin6_recobin5 acc 0.0519 eff 0.005 outinratio 0.1058 

ttH126_4mu_phi1_genbin6_recobin5 acc 0.0422 eff 0.011 outinratio 0.1494 

ggH126_4mu_phi1_genbin7_recobin5 acc 0.0469 eff 0.0 outinratio 0.0473 

VBFH126_4mu_phi1_genbin7_recobin5 acc 0.0561 eff 0.0 outinratio 0.0279 

WminusH126_4mu_phi1_genbin7_recobin5 acc 0.0488 eff 0.0 outinratio 0.1014 

WplusH126_4mu_phi1_genbin7_recobin5 acc 0.0366 eff 0.0 outinratio 0.0322 

ZH126_4mu_phi1_genbin7_recobin5 acc 0.0445 eff 0.0 outinratio 0.1058 

ttH126_4mu_phi1_genbin7_recobin5 acc 0.0439 eff 0.0022 outinratio 0.1494 

ggH126_4mu_phi1_genbin0_recobin6 acc 0.0483 eff 0.0 outinratio 0.0447 

VBFH126_4mu_phi1_genbin0_recobin6 acc 0.0579 eff 0.0006 outinratio 0.0312 

WminusH126_4mu_phi1_genbin0_recobin6 acc 0.0471 eff 0.0 outinratio 0.0648 

WplusH126_4mu_phi1_genbin0_recobin6 acc 0.0443 eff 0.0 outinratio 0.0596 

ZH126_4mu_phi1_genbin0_recobin6 acc 0.046 eff 0.0 outinratio 0.0401 

ttH126_4mu_phi1_genbin0_recobin6 acc 0.0421 eff 0.0011 outinratio 0.1628 

ggH126_4mu_phi1_genbin1_recobin6 acc 0.0591 eff 0.0 outinratio 0.0447 

VBFH126_4mu_phi1_genbin1_recobin6 acc 0.0621 eff 0.0008 outinratio 0.0312 

WminusH126_4mu_phi1_genbin1_recobin6 acc 0.0461 eff 0.0 outinratio 0.0648 

WplusH126_4mu_phi1_genbin1_recobin6 acc 0.0419 eff 0.0 outinratio 0.0596 

ZH126_4mu_phi1_genbin1_recobin6 acc 0.0424 eff 0.0024 outinratio 0.0401 

ttH126_4mu_phi1_genbin1_recobin6 acc 0.044 eff 0.0 outinratio 0.1628 

ggH126_4mu_phi1_genbin2_recobin6 acc 0.0585 eff 0.0 outinratio 0.0447 

VBFH126_4mu_phi1_genbin2_recobin6 acc 0.0621 eff 0.0004 outinratio 0.0312 

WminusH126_4mu_phi1_genbin2_recobin6 acc 0.0481 eff 0.0 outinratio 0.0648 

WplusH126_4mu_phi1_genbin2_recobin6 acc 0.0499 eff 0.0 outinratio 0.0596 

ZH126_4mu_phi1_genbin2_recobin6 acc 0.0436 eff 0.0 outinratio 0.0401 

ttH126_4mu_phi1_genbin2_recobin6 acc 0.0428 eff 0.0 outinratio 0.1628 

ggH126_4mu_phi1_genbin3_recobin6 acc 0.0506 eff 0.0 outinratio 0.0447 

VBFH126_4mu_phi1_genbin3_recobin6 acc 0.0566 eff 0.0 outinratio 0.0312 

WminusH126_4mu_phi1_genbin3_recobin6 acc 0.0498 eff 0.0 outinratio 0.0648 

WplusH126_4mu_phi1_genbin3_recobin6 acc 0.0463 eff 0.0 outinratio 0.0596 

ZH126_4mu_phi1_genbin3_recobin6 acc 0.0448 eff 0.0 outinratio 0.0401 

ttH126_4mu_phi1_genbin3_recobin6 acc 0.0418 eff 0.0014 outinratio 0.1628 

ggH126_4mu_phi1_genbin4_recobin6 acc 0.0459 eff 0.0035 outinratio 0.0447 

VBFH126_4mu_phi1_genbin4_recobin6 acc 0.0599 eff 0.0034 outinratio 0.0312 

WminusH126_4mu_phi1_genbin4_recobin6 acc 0.0438 eff 0.0 outinratio 0.0648 

WplusH126_4mu_phi1_genbin4_recobin6 acc 0.0378 eff 0.0 outinratio 0.0596 

ZH126_4mu_phi1_genbin4_recobin6 acc 0.0458 eff 0.0 outinratio 0.0401 

ttH126_4mu_phi1_genbin4_recobin6 acc 0.0429 eff 0.0 outinratio 0.1628 

ggH126_4mu_phi1_genbin5_recobin6 acc 0.0544 eff 0.0077 outinratio 0.0447 

VBFH126_4mu_phi1_genbin5_recobin6 acc 0.0628 eff 0.0127 outinratio 0.0312 

WminusH126_4mu_phi1_genbin5_recobin6 acc 0.0476 eff 0.0161 outinratio 0.0648 

WplusH126_4mu_phi1_genbin5_recobin6 acc 0.039 eff 0.0 outinratio 0.0596 

ZH126_4mu_phi1_genbin5_recobin6 acc 0.0452 eff 0.0135 outinratio 0.0401 

ttH126_4mu_phi1_genbin5_recobin6 acc 0.0421 eff 0.006 outinratio 0.1628 

ggH126_4mu_phi1_genbin6_recobin6 acc 0.0598 eff 0.7929 outinratio 0.0447 

VBFH126_4mu_phi1_genbin6_recobin6 acc 0.0636 eff 0.812 outinratio 0.0312 

WminusH126_4mu_phi1_genbin6_recobin6 acc 0.0461 eff 0.7218 outinratio 0.0648 

WplusH126_4mu_phi1_genbin6_recobin6 acc 0.0439 eff 0.8077 outinratio 0.0596 

ZH126_4mu_phi1_genbin6_recobin6 acc 0.0519 eff 0.8618 outinratio 0.0401 

ttH126_4mu_phi1_genbin6_recobin6 acc 0.0422 eff 0.7825 outinratio 0.1628 

ggH126_4mu_phi1_genbin7_recobin6 acc 0.0469 eff 0.0021 outinratio 0.0447 

VBFH126_4mu_phi1_genbin7_recobin6 acc 0.0561 eff 0.0152 outinratio 0.0312 

WminusH126_4mu_phi1_genbin7_recobin6 acc 0.0488 eff 0.0115 outinratio 0.0648 

WplusH126_4mu_phi1_genbin7_recobin6 acc 0.0366 eff 0.022 outinratio 0.0596 

ZH126_4mu_phi1_genbin7_recobin6 acc 0.0445 eff 0.0083 outinratio 0.0401 

ttH126_4mu_phi1_genbin7_recobin6 acc 0.0439 eff 0.0101 outinratio 0.1628 

ggH126_4mu_phi1_genbin0_recobin7 acc 0.0483 eff 0.0119 outinratio 0.0562 

VBFH126_4mu_phi1_genbin0_recobin7 acc 0.0579 eff 0.0104 outinratio 0.0332 

WminusH126_4mu_phi1_genbin0_recobin7 acc 0.0471 eff 0.0114 outinratio 0.0556 

WplusH126_4mu_phi1_genbin0_recobin7 acc 0.0443 eff 0.0 outinratio 0.0864 

ZH126_4mu_phi1_genbin0_recobin7 acc 0.046 eff 0.0061 outinratio 0.0723 

ttH126_4mu_phi1_genbin0_recobin7 acc 0.0421 eff 0.0053 outinratio 0.11 

ggH126_4mu_phi1_genbin1_recobin7 acc 0.0591 eff 0.0067 outinratio 0.0562 

VBFH126_4mu_phi1_genbin1_recobin7 acc 0.0621 eff 0.0 outinratio 0.0332 

WminusH126_4mu_phi1_genbin1_recobin7 acc 0.0461 eff 0.0027 outinratio 0.0556 

WplusH126_4mu_phi1_genbin1_recobin7 acc 0.0419 eff 0.0026 outinratio 0.0864 

ZH126_4mu_phi1_genbin1_recobin7 acc 0.0424 eff 0.0 outinratio 0.0723 

ttH126_4mu_phi1_genbin1_recobin7 acc 0.044 eff 0.0 outinratio 0.11 

ggH126_4mu_phi1_genbin2_recobin7 acc 0.0585 eff 0.0 outinratio 0.0562 

VBFH126_4mu_phi1_genbin2_recobin7 acc 0.0621 eff 0.0 outinratio 0.0332 

WminusH126_4mu_phi1_genbin2_recobin7 acc 0.0481 eff 0.0 outinratio 0.0556 

WplusH126_4mu_phi1_genbin2_recobin7 acc 0.0499 eff 0.0 outinratio 0.0864 

ZH126_4mu_phi1_genbin2_recobin7 acc 0.0436 eff 0.0 outinratio 0.0723 

ttH126_4mu_phi1_genbin2_recobin7 acc 0.0428 eff 0.0029 outinratio 0.11 

ggH126_4mu_phi1_genbin3_recobin7 acc 0.0506 eff 0.0 outinratio 0.0562 

VBFH126_4mu_phi1_genbin3_recobin7 acc 0.0566 eff 0.0 outinratio 0.0332 

WminusH126_4mu_phi1_genbin3_recobin7 acc 0.0498 eff 0.0 outinratio 0.0556 

WplusH126_4mu_phi1_genbin3_recobin7 acc 0.0463 eff 0.0 outinratio 0.0864 

ZH126_4mu_phi1_genbin3_recobin7 acc 0.0448 eff 0.0 outinratio 0.0723 

ttH126_4mu_phi1_genbin3_recobin7 acc 0.0418 eff 0.0 outinratio 0.11 

ggH126_4mu_phi1_genbin4_recobin7 acc 0.0459 eff 0.0062 outinratio 0.0562 

VBFH126_4mu_phi1_genbin4_recobin7 acc 0.0599 eff 0.0 outinratio 0.0332 

WminusH126_4mu_phi1_genbin4_recobin7 acc 0.0438 eff 0.0 outinratio 0.0556 

WplusH126_4mu_phi1_genbin4_recobin7 acc 0.0378 eff 0.0 outinratio 0.0864 

ZH126_4mu_phi1_genbin4_recobin7 acc 0.0458 eff 0.0036 outinratio 0.0723 

ttH126_4mu_phi1_genbin4_recobin7 acc 0.0429 eff 0.0 outinratio 0.11 

ggH126_4mu_phi1_genbin5_recobin7 acc 0.0544 eff 0.0 outinratio 0.0562 

VBFH126_4mu_phi1_genbin5_recobin7 acc 0.0628 eff 0.0008 outinratio 0.0332 

WminusH126_4mu_phi1_genbin5_recobin7 acc 0.0476 eff 0.0 outinratio 0.0556 

WplusH126_4mu_phi1_genbin5_recobin7 acc 0.039 eff 0.0 outinratio 0.0864 

ZH126_4mu_phi1_genbin5_recobin7 acc 0.0452 eff 0.0 outinratio 0.0723 

ttH126_4mu_phi1_genbin5_recobin7 acc 0.0421 eff 0.0031 outinratio 0.11 

ggH126_4mu_phi1_genbin6_recobin7 acc 0.0598 eff 0.0082 outinratio 0.0562 

VBFH126_4mu_phi1_genbin6_recobin7 acc 0.0636 eff 0.0067 outinratio 0.0332 

WminusH126_4mu_phi1_genbin6_recobin7 acc 0.0461 eff 0.0176 outinratio 0.0556 

WplusH126_4mu_phi1_genbin6_recobin7 acc 0.0439 eff 0.0 outinratio 0.0864 

ZH126_4mu_phi1_genbin6_recobin7 acc 0.0519 eff 0.0097 outinratio 0.0723 

ttH126_4mu_phi1_genbin6_recobin7 acc 0.0422 eff 0.0179 outinratio 0.11 

ggH126_4mu_phi1_genbin7_recobin7 acc 0.0469 eff 0.7716 outinratio 0.0562 

VBFH126_4mu_phi1_genbin7_recobin7 acc 0.0561 eff 0.7556 outinratio 0.0332 

WminusH126_4mu_phi1_genbin7_recobin7 acc 0.0488 eff 0.7542 outinratio 0.0556 

WplusH126_4mu_phi1_genbin7_recobin7 acc 0.0366 eff 0.8077 outinratio 0.0864 

ZH126_4mu_phi1_genbin7_recobin7 acc 0.0445 eff 0.8011 outinratio 0.0723 

ttH126_4mu_phi1_genbin7_recobin7 acc 0.0439 eff 0.7655 outinratio 0.11 

ggH126_2e2mu_phi1_genbin0_recobin0 acc 0.0472 eff 0.5119 outinratio 0.046 

VBFH126_2e2mu_phi1_genbin0_recobin0 acc 0.0546 eff 0.4995 outinratio 0.0515 

WminusH126_2e2mu_phi1_genbin0_recobin0 acc 0.0395 eff 0.4889 outinratio 0.1042 

WplusH126_2e2mu_phi1_genbin0_recobin0 acc 0.0396 eff 0.4634 outinratio 0.0598 

ZH126_2e2mu_phi1_genbin0_recobin0 acc 0.0399 eff 0.4699 outinratio 0.0656 

ttH126_2e2mu_phi1_genbin0_recobin0 acc 0.0361 eff 0.4882 outinratio 0.1884 

ggH126_2e2mu_phi1_genbin1_recobin0 acc 0.0557 eff 0.0092 outinratio 0.046 

VBFH126_2e2mu_phi1_genbin1_recobin0 acc 0.0592 eff 0.0073 outinratio 0.0515 

WminusH126_2e2mu_phi1_genbin1_recobin0 acc 0.047 eff 0.0085 outinratio 0.1042 

WplusH126_2e2mu_phi1_genbin1_recobin0 acc 0.036 eff 0.029 outinratio 0.0598 

ZH126_2e2mu_phi1_genbin1_recobin0 acc 0.0481 eff 0.0062 outinratio 0.0656 

ttH126_2e2mu_phi1_genbin1_recobin0 acc 0.0403 eff 0.0081 outinratio 0.1884 

ggH126_2e2mu_phi1_genbin2_recobin0 acc 0.0546 eff 0.0009 outinratio 0.046 

VBFH126_2e2mu_phi1_genbin2_recobin0 acc 0.0569 eff 0.0013 outinratio 0.0515 

WminusH126_2e2mu_phi1_genbin2_recobin0 acc 0.0457 eff 0.0033 outinratio 0.1042 

WplusH126_2e2mu_phi1_genbin2_recobin0 acc 0.0393 eff 0.0 outinratio 0.0598 

ZH126_2e2mu_phi1_genbin2_recobin0 acc 0.0471 eff 0.0019 outinratio 0.0656 

ttH126_2e2mu_phi1_genbin2_recobin0 acc 0.0398 eff 0.0003 outinratio 0.1884 

ggH126_2e2mu_phi1_genbin3_recobin0 acc 0.0449 eff 0.0 outinratio 0.046 

VBFH126_2e2mu_phi1_genbin3_recobin0 acc 0.0514 eff 0.0 outinratio 0.0515 

WminusH126_2e2mu_phi1_genbin3_recobin0 acc 0.0444 eff 0.0 outinratio 0.1042 

WplusH126_2e2mu_phi1_genbin3_recobin0 acc 0.0367 eff 0.0 outinratio 0.0598 

ZH126_2e2mu_phi1_genbin3_recobin0 acc 0.0423 eff 0.0 outinratio 0.0656 

ttH126_2e2mu_phi1_genbin3_recobin0 acc 0.0385 eff 0.0 outinratio 0.1884 

ggH126_2e2mu_phi1_genbin4_recobin0 acc 0.0475 eff 0.0008 outinratio 0.046 

VBFH126_2e2mu_phi1_genbin4_recobin0 acc 0.0523 eff 0.0007 outinratio 0.0515 

WminusH126_2e2mu_phi1_genbin4_recobin0 acc 0.0434 eff 0.0 outinratio 0.1042 

WplusH126_2e2mu_phi1_genbin4_recobin0 acc 0.0391 eff 0.0 outinratio 0.0598 

ZH126_2e2mu_phi1_genbin4_recobin0 acc 0.0394 eff 0.0021 outinratio 0.0656 

ttH126_2e2mu_phi1_genbin4_recobin0 acc 0.0387 eff 0.0 outinratio 0.1884 

ggH126_2e2mu_phi1_genbin5_recobin0 acc 0.0553 eff 0.0 outinratio 0.046 

VBFH126_2e2mu_phi1_genbin5_recobin0 acc 0.0572 eff 0.0 outinratio 0.0515 

WminusH126_2e2mu_phi1_genbin5_recobin0 acc 0.0443 eff 0.0024 outinratio 0.1042 

WplusH126_2e2mu_phi1_genbin5_recobin0 acc 0.0344 eff 0.0 outinratio 0.0598 

ZH126_2e2mu_phi1_genbin5_recobin0 acc 0.042 eff 0.0 outinratio 0.0656 

ttH126_2e2mu_phi1_genbin5_recobin0 acc 0.0404 eff 0.0 outinratio 0.1884 

ggH126_2e2mu_phi1_genbin6_recobin0 acc 0.0532 eff 0.0003 outinratio 0.046 

VBFH126_2e2mu_phi1_genbin6_recobin0 acc 0.0599 eff 0.0007 outinratio 0.0515 

WminusH126_2e2mu_phi1_genbin6_recobin0 acc 0.0458 eff 0.0 outinratio 0.1042 

WplusH126_2e2mu_phi1_genbin6_recobin0 acc 0.0449 eff 0.0 outinratio 0.0598 

ZH126_2e2mu_phi1_genbin6_recobin0 acc 0.044 eff 0.0 outinratio 0.0656 

ttH126_2e2mu_phi1_genbin6_recobin0 acc 0.0396 eff 0.0004 outinratio 0.1884 

ggH126_2e2mu_phi1_genbin7_recobin0 acc 0.0439 eff 0.0096 outinratio 0.046 

VBFH126_2e2mu_phi1_genbin7_recobin0 acc 0.0537 eff 0.0065 outinratio 0.0515 

WminusH126_2e2mu_phi1_genbin7_recobin0 acc 0.0391 eff 0.0033 outinratio 0.1042 

WplusH126_2e2mu_phi1_genbin7_recobin0 acc 0.0385 eff 0.0205 outinratio 0.0598 

ZH126_2e2mu_phi1_genbin7_recobin0 acc 0.0418 eff 0.0052 outinratio 0.0656 

ttH126_2e2mu_phi1_genbin7_recobin0 acc 0.0379 eff 0.0059 outinratio 0.1884 

ggH126_2e2mu_phi1_genbin0_recobin1 acc 0.0472 eff 0.0186 outinratio 0.0597 

VBFH126_2e2mu_phi1_genbin0_recobin1 acc 0.0546 eff 0.0126 outinratio 0.0246 

WminusH126_2e2mu_phi1_genbin0_recobin1 acc 0.0395 eff 0.0162 outinratio 0.0733 

WplusH126_2e2mu_phi1_genbin0_recobin1 acc 0.0396 eff 0.0207 outinratio 0.0473 

ZH126_2e2mu_phi1_genbin0_recobin1 acc 0.0399 eff 0.0063 outinratio 0.0551 

ttH126_2e2mu_phi1_genbin0_recobin1 acc 0.0361 eff 0.0081 outinratio 0.1769 

ggH126_2e2mu_phi1_genbin1_recobin1 acc 0.0557 eff 0.4851 outinratio 0.0597 

VBFH126_2e2mu_phi1_genbin1_recobin1 acc 0.0592 eff 0.5316 outinratio 0.0246 

WminusH126_2e2mu_phi1_genbin1_recobin1 acc 0.047 eff 0.4829 outinratio 0.0733 

WplusH126_2e2mu_phi1_genbin1_recobin1 acc 0.036 eff 0.519 outinratio 0.0473 

ZH126_2e2mu_phi1_genbin1_recobin1 acc 0.0481 eff 0.4909 outinratio 0.0551 

ttH126_2e2mu_phi1_genbin1_recobin1 acc 0.0403 eff 0.497 outinratio 0.1769 

ggH126_2e2mu_phi1_genbin2_recobin1 acc 0.0546 eff 0.0159 outinratio 0.0597 

VBFH126_2e2mu_phi1_genbin2_recobin1 acc 0.0569 eff 0.0145 outinratio 0.0246 

WminusH126_2e2mu_phi1_genbin2_recobin1 acc 0.0457 eff 0.0211 outinratio 0.0733 

WplusH126_2e2mu_phi1_genbin2_recobin1 acc 0.0393 eff 0.0107 outinratio 0.0473 

ZH126_2e2mu_phi1_genbin2_recobin1 acc 0.0471 eff 0.0064 outinratio 0.0551 

ttH126_2e2mu_phi1_genbin2_recobin1 acc 0.0398 eff 0.0137 outinratio 0.1769 

ggH126_2e2mu_phi1_genbin3_recobin1 acc 0.0449 eff 0.0 outinratio 0.0597 

VBFH126_2e2mu_phi1_genbin3_recobin1 acc 0.0514 eff 0.0 outinratio 0.0246 

WminusH126_2e2mu_phi1_genbin3_recobin1 acc 0.0444 eff 0.0034 outinratio 0.0733 

WplusH126_2e2mu_phi1_genbin3_recobin1 acc 0.0367 eff 0.0 outinratio 0.0473 

ZH126_2e2mu_phi1_genbin3_recobin1 acc 0.0423 eff 0.0 outinratio 0.0551 

ttH126_2e2mu_phi1_genbin3_recobin1 acc 0.0385 eff 0.0 outinratio 0.1769 

ggH126_2e2mu_phi1_genbin4_recobin1 acc 0.0475 eff 0.0014 outinratio 0.0597 

VBFH126_2e2mu_phi1_genbin4_recobin1 acc 0.0523 eff 0.0007 outinratio 0.0246 

WminusH126_2e2mu_phi1_genbin4_recobin1 acc 0.0434 eff 0.0 outinratio 0.0733 

WplusH126_2e2mu_phi1_genbin4_recobin1 acc 0.0391 eff 0.0 outinratio 0.0473 

ZH126_2e2mu_phi1_genbin4_recobin1 acc 0.0394 eff 0.0 outinratio 0.0551 

ttH126_2e2mu_phi1_genbin4_recobin1 acc 0.0387 eff 0.0 outinratio 0.1769 

ggH126_2e2mu_phi1_genbin5_recobin1 acc 0.0553 eff 0.0 outinratio 0.0597 

VBFH126_2e2mu_phi1_genbin5_recobin1 acc 0.0572 eff 0.0004 outinratio 0.0246 

WminusH126_2e2mu_phi1_genbin5_recobin1 acc 0.0443 eff 0.0 outinratio 0.0733 

WplusH126_2e2mu_phi1_genbin5_recobin1 acc 0.0344 eff 0.0046 outinratio 0.0473 

ZH126_2e2mu_phi1_genbin5_recobin1 acc 0.042 eff 0.0 outinratio 0.0551 

ttH126_2e2mu_phi1_genbin5_recobin1 acc 0.0404 eff 0.0008 outinratio 0.1769 

ggH126_2e2mu_phi1_genbin6_recobin1 acc 0.0532 eff 0.0022 outinratio 0.0597 

VBFH126_2e2mu_phi1_genbin6_recobin1 acc 0.0599 eff -0.0001 outinratio 0.0246 

WminusH126_2e2mu_phi1_genbin6_recobin1 acc 0.0458 eff 0.0 outinratio 0.0733 

WplusH126_2e2mu_phi1_genbin6_recobin1 acc 0.0449 eff 0.0 outinratio 0.0473 

ZH126_2e2mu_phi1_genbin6_recobin1 acc 0.044 eff 0.0011 outinratio 0.0551 

ttH126_2e2mu_phi1_genbin6_recobin1 acc 0.0396 eff 0.0007 outinratio 0.1769 

ggH126_2e2mu_phi1_genbin7_recobin1 acc 0.0439 eff 0.0 outinratio 0.0597 

VBFH126_2e2mu_phi1_genbin7_recobin1 acc 0.0537 eff 0.0 outinratio 0.0246 

WminusH126_2e2mu_phi1_genbin7_recobin1 acc 0.0391 eff 0.0 outinratio 0.0733 

WplusH126_2e2mu_phi1_genbin7_recobin1 acc 0.0385 eff 0.0 outinratio 0.0473 

ZH126_2e2mu_phi1_genbin7_recobin1 acc 0.0418 eff 0.0012 outinratio 0.0551 

ttH126_2e2mu_phi1_genbin7_recobin1 acc 0.0379 eff 0.0009 outinratio 0.1769 

ggH126_2e2mu_phi1_genbin0_recobin2 acc 0.0472 eff 0.0 outinratio 0.0516 

VBFH126_2e2mu_phi1_genbin0_recobin2 acc 0.0546 eff 0.0005 outinratio 0.0376 

WminusH126_2e2mu_phi1_genbin0_recobin2 acc 0.0395 eff 0.0 outinratio 0.0428 

WplusH126_2e2mu_phi1_genbin0_recobin2 acc 0.0396 eff 0.0 outinratio 0.086 

ZH126_2e2mu_phi1_genbin0_recobin2 acc 0.0399 eff 0.002 outinratio 0.092 

ttH126_2e2mu_phi1_genbin0_recobin2 acc 0.0361 eff 0.0 outinratio 0.1706 

ggH126_2e2mu_phi1_genbin1_recobin2 acc 0.0557 eff 0.0178 outinratio 0.0516 

VBFH126_2e2mu_phi1_genbin1_recobin2 acc 0.0592 eff 0.0111 outinratio 0.0376 

WminusH126_2e2mu_phi1_genbin1_recobin2 acc 0.047 eff 0.0129 outinratio 0.0428 

WplusH126_2e2mu_phi1_genbin1_recobin2 acc 0.036 eff 0.0437 outinratio 0.086 

ZH126_2e2mu_phi1_genbin1_recobin2 acc 0.0481 eff 0.0143 outinratio 0.092 

ttH126_2e2mu_phi1_genbin1_recobin2 acc 0.0403 eff 0.0122 outinratio 0.1706 

ggH126_2e2mu_phi1_genbin2_recobin2 acc 0.0546 eff 0.4949 outinratio 0.0516 

VBFH126_2e2mu_phi1_genbin2_recobin2 acc 0.0569 eff 0.5261 outinratio 0.0376 

WminusH126_2e2mu_phi1_genbin2_recobin2 acc 0.0457 eff 0.46 outinratio 0.0428 

WplusH126_2e2mu_phi1_genbin2_recobin2 acc 0.0393 eff 0.4616 outinratio 0.086 

ZH126_2e2mu_phi1_genbin2_recobin2 acc 0.0471 eff 0.5145 outinratio 0.092 

ttH126_2e2mu_phi1_genbin2_recobin2 acc 0.0398 eff 0.5193 outinratio 0.1706 

ggH126_2e2mu_phi1_genbin3_recobin2 acc 0.0449 eff 0.015 outinratio 0.0516 

VBFH126_2e2mu_phi1_genbin3_recobin2 acc 0.0514 eff 0.0086 outinratio 0.0376 

WminusH126_2e2mu_phi1_genbin3_recobin2 acc 0.0444 eff 0.0084 outinratio 0.0428 

WplusH126_2e2mu_phi1_genbin3_recobin2 acc 0.0367 eff 0.0039 outinratio 0.086 

ZH126_2e2mu_phi1_genbin3_recobin2 acc 0.0423 eff 0.0059 outinratio 0.092 

ttH126_2e2mu_phi1_genbin3_recobin2 acc 0.0385 eff 0.0071 outinratio 0.1706 

ggH126_2e2mu_phi1_genbin4_recobin2 acc 0.0475 eff 0.0 outinratio 0.0516 

VBFH126_2e2mu_phi1_genbin4_recobin2 acc 0.0523 eff 0.0009 outinratio 0.0376 

WminusH126_2e2mu_phi1_genbin4_recobin2 acc 0.0434 eff 0.0 outinratio 0.0428 

WplusH126_2e2mu_phi1_genbin4_recobin2 acc 0.0391 eff 0.0 outinratio 0.086 

ZH126_2e2mu_phi1_genbin4_recobin2 acc 0.0394 eff 0.0012 outinratio 0.092 

ttH126_2e2mu_phi1_genbin4_recobin2 acc 0.0387 eff 0.0009 outinratio 0.1706 

ggH126_2e2mu_phi1_genbin5_recobin2 acc 0.0553 eff 0.001 outinratio 0.0516 

VBFH126_2e2mu_phi1_genbin5_recobin2 acc 0.0572 eff 0.0 outinratio 0.0376 

WminusH126_2e2mu_phi1_genbin5_recobin2 acc 0.0443 eff 0.0 outinratio 0.0428 

WplusH126_2e2mu_phi1_genbin5_recobin2 acc 0.0344 eff 0.0 outinratio 0.086 

ZH126_2e2mu_phi1_genbin5_recobin2 acc 0.042 eff 0.0 outinratio 0.092 

ttH126_2e2mu_phi1_genbin5_recobin2 acc 0.0404 eff 0.0011 outinratio 0.1706 

ggH126_2e2mu_phi1_genbin6_recobin2 acc 0.0532 eff 0.0 outinratio 0.0516 

VBFH126_2e2mu_phi1_genbin6_recobin2 acc 0.0599 eff 0.0 outinratio 0.0376 

WminusH126_2e2mu_phi1_genbin6_recobin2 acc 0.0458 eff 0.002 outinratio 0.0428 

WplusH126_2e2mu_phi1_genbin6_recobin2 acc 0.0449 eff 0.0 outinratio 0.086 

ZH126_2e2mu_phi1_genbin6_recobin2 acc 0.044 eff 0.0 outinratio 0.092 

ttH126_2e2mu_phi1_genbin6_recobin2 acc 0.0396 eff 0.0 outinratio 0.1706 

ggH126_2e2mu_phi1_genbin7_recobin2 acc 0.0439 eff 0.0022 outinratio 0.0516 

VBFH126_2e2mu_phi1_genbin7_recobin2 acc 0.0537 eff 0.0 outinratio 0.0376 

WminusH126_2e2mu_phi1_genbin7_recobin2 acc 0.0391 eff 0.0 outinratio 0.0428 

WplusH126_2e2mu_phi1_genbin7_recobin2 acc 0.0385 eff 0.0 outinratio 0.086 

ZH126_2e2mu_phi1_genbin7_recobin2 acc 0.0418 eff 0.0 outinratio 0.092 

ttH126_2e2mu_phi1_genbin7_recobin2 acc 0.0379 eff 0.0 outinratio 0.1706 

ggH126_2e2mu_phi1_genbin0_recobin3 acc 0.0472 eff 0.0 outinratio 0.0686 

VBFH126_2e2mu_phi1_genbin0_recobin3 acc 0.0546 eff 0.0007 outinratio 0.0409 

WminusH126_2e2mu_phi1_genbin0_recobin3 acc 0.0395 eff 0.0 outinratio 0.0749 

WplusH126_2e2mu_phi1_genbin0_recobin3 acc 0.0396 eff 0.0 outinratio 0.1093 

ZH126_2e2mu_phi1_genbin0_recobin3 acc 0.0399 eff 0.0 outinratio 0.0721 

ttH126_2e2mu_phi1_genbin0_recobin3 acc 0.0361 eff 0.0 outinratio 0.1642 

ggH126_2e2mu_phi1_genbin1_recobin3 acc 0.0557 eff 0.001 outinratio 0.0686 

VBFH126_2e2mu_phi1_genbin1_recobin3 acc 0.0592 eff 0.0003 outinratio 0.0409 

WminusH126_2e2mu_phi1_genbin1_recobin3 acc 0.047 eff 0.0 outinratio 0.0749 

WplusH126_2e2mu_phi1_genbin1_recobin3 acc 0.036 eff 0.004 outinratio 0.1093 

ZH126_2e2mu_phi1_genbin1_recobin3 acc 0.0481 eff -0.0015 outinratio 0.0721 

ttH126_2e2mu_phi1_genbin1_recobin3 acc 0.0403 eff 0.0 outinratio 0.1642 

ggH126_2e2mu_phi1_genbin2_recobin3 acc 0.0546 eff 0.0072 outinratio 0.0686 

VBFH126_2e2mu_phi1_genbin2_recobin3 acc 0.0569 eff 0.0126 outinratio 0.0409 

WminusH126_2e2mu_phi1_genbin2_recobin3 acc 0.0457 eff 0.0297 outinratio 0.0749 

WplusH126_2e2mu_phi1_genbin2_recobin3 acc 0.0393 eff 0.0018 outinratio 0.1093 

ZH126_2e2mu_phi1_genbin2_recobin3 acc 0.0471 eff 0.0154 outinratio 0.0721 

ttH126_2e2mu_phi1_genbin2_recobin3 acc 0.0398 eff 0.0077 outinratio 0.1642 

ggH126_2e2mu_phi1_genbin3_recobin3 acc 0.0449 eff 0.4623 outinratio 0.0686 

VBFH126_2e2mu_phi1_genbin3_recobin3 acc 0.0514 eff 0.4988 outinratio 0.0409 

WminusH126_2e2mu_phi1_genbin3_recobin3 acc 0.0444 eff 0.4766 outinratio 0.0749 

WplusH126_2e2mu_phi1_genbin3_recobin3 acc 0.0367 eff 0.4967 outinratio 0.1093 

ZH126_2e2mu_phi1_genbin3_recobin3 acc 0.0423 eff 0.5232 outinratio 0.0721 

ttH126_2e2mu_phi1_genbin3_recobin3 acc 0.0385 eff 0.5062 outinratio 0.1642 

ggH126_2e2mu_phi1_genbin4_recobin3 acc 0.0475 eff 0.0011 outinratio 0.0686 

VBFH126_2e2mu_phi1_genbin4_recobin3 acc 0.0523 eff 0.0061 outinratio 0.0409 

WminusH126_2e2mu_phi1_genbin4_recobin3 acc 0.0434 eff 0.0067 outinratio 0.0749 

WplusH126_2e2mu_phi1_genbin4_recobin3 acc 0.0391 eff 0.0104 outinratio 0.1093 

ZH126_2e2mu_phi1_genbin4_recobin3 acc 0.0394 eff 0.0084 outinratio 0.0721 

ttH126_2e2mu_phi1_genbin4_recobin3 acc 0.0387 eff 0.0031 outinratio 0.1642 

ggH126_2e2mu_phi1_genbin5_recobin3 acc 0.0553 eff 0.0 outinratio 0.0686 

VBFH126_2e2mu_phi1_genbin5_recobin3 acc 0.0572 eff 0.0003 outinratio 0.0409 

WminusH126_2e2mu_phi1_genbin5_recobin3 acc 0.0443 eff 0.0 outinratio 0.0749 

WplusH126_2e2mu_phi1_genbin5_recobin3 acc 0.0344 eff 0.0 outinratio 0.1093 

ZH126_2e2mu_phi1_genbin5_recobin3 acc 0.042 eff 0.0 outinratio 0.0721 

ttH126_2e2mu_phi1_genbin5_recobin3 acc 0.0404 eff 0.0007 outinratio 0.1642 

ggH126_2e2mu_phi1_genbin6_recobin3 acc 0.0532 eff 0.0 outinratio 0.0686 

VBFH126_2e2mu_phi1_genbin6_recobin3 acc 0.0599 eff 0.0 outinratio 0.0409 

WminusH126_2e2mu_phi1_genbin6_recobin3 acc 0.0458 eff 0.0 outinratio 0.0749 

WplusH126_2e2mu_phi1_genbin6_recobin3 acc 0.0449 eff 0.0 outinratio 0.1093 

ZH126_2e2mu_phi1_genbin6_recobin3 acc 0.044 eff 0.0017 outinratio 0.0721 

ttH126_2e2mu_phi1_genbin6_recobin3 acc 0.0396 eff 0.0 outinratio 0.1642 

ggH126_2e2mu_phi1_genbin7_recobin3 acc 0.0439 eff 0.0 outinratio 0.0686 

VBFH126_2e2mu_phi1_genbin7_recobin3 acc 0.0537 eff 0.0013 outinratio 0.0409 

WminusH126_2e2mu_phi1_genbin7_recobin3 acc 0.0391 eff 0.0 outinratio 0.0749 

WplusH126_2e2mu_phi1_genbin7_recobin3 acc 0.0385 eff 0.0 outinratio 0.1093 

ZH126_2e2mu_phi1_genbin7_recobin3 acc 0.0418 eff 0.0 outinratio 0.0721 

ttH126_2e2mu_phi1_genbin7_recobin3 acc 0.0379 eff 0.0 outinratio 0.1642 

ggH126_2e2mu_phi1_genbin0_recobin4 acc 0.0472 eff 0.001 outinratio 0.0503 

VBFH126_2e2mu_phi1_genbin0_recobin4 acc 0.0546 eff 0.0005 outinratio 0.0414 

WminusH126_2e2mu_phi1_genbin0_recobin4 acc 0.0395 eff 0.0 outinratio 0.0596 

WplusH126_2e2mu_phi1_genbin0_recobin4 acc 0.0396 eff 0.0 outinratio 0.0502 

ZH126_2e2mu_phi1_genbin0_recobin4 acc 0.0399 eff 0.0026 outinratio 0.1192 

ttH126_2e2mu_phi1_genbin0_recobin4 acc 0.0361 eff 0.0 outinratio 0.1512 

ggH126_2e2mu_phi1_genbin1_recobin4 acc 0.0557 eff 0.0 outinratio 0.0503 

VBFH126_2e2mu_phi1_genbin1_recobin4 acc 0.0592 eff 0.0005 outinratio 0.0414 

WminusH126_2e2mu_phi1_genbin1_recobin4 acc 0.047 eff 0.0 outinratio 0.0596 

WplusH126_2e2mu_phi1_genbin1_recobin4 acc 0.036 eff 0.0 outinratio 0.0502 

ZH126_2e2mu_phi1_genbin1_recobin4 acc 0.0481 eff 0.0 outinratio 0.1192 

ttH126_2e2mu_phi1_genbin1_recobin4 acc 0.0403 eff 0.0004 outinratio 0.1512 

ggH126_2e2mu_phi1_genbin2_recobin4 acc 0.0546 eff 0.0008 outinratio 0.0503 

VBFH126_2e2mu_phi1_genbin2_recobin4 acc 0.0569 eff 0.0008 outinratio 0.0414 

WminusH126_2e2mu_phi1_genbin2_recobin4 acc 0.0457 eff 0.0 outinratio 0.0596 

WplusH126_2e2mu_phi1_genbin2_recobin4 acc 0.0393 eff 0.0 outinratio 0.0502 

ZH126_2e2mu_phi1_genbin2_recobin4 acc 0.0471 eff 0.0 outinratio 0.1192 

ttH126_2e2mu_phi1_genbin2_recobin4 acc 0.0398 eff 0.0005 outinratio 0.1512 

ggH126_2e2mu_phi1_genbin3_recobin4 acc 0.0449 eff 0.0073 outinratio 0.0503 

VBFH126_2e2mu_phi1_genbin3_recobin4 acc 0.0514 eff 0.0055 outinratio 0.0414 

WminusH126_2e2mu_phi1_genbin3_recobin4 acc 0.0444 eff 0.0124 outinratio 0.0596 

WplusH126_2e2mu_phi1_genbin3_recobin4 acc 0.0367 eff 0.0073 outinratio 0.0502 

ZH126_2e2mu_phi1_genbin3_recobin4 acc 0.0423 eff 0.0082 outinratio 0.1192 

ttH126_2e2mu_phi1_genbin3_recobin4 acc 0.0385 eff 0.003 outinratio 0.1512 

ggH126_2e2mu_phi1_genbin4_recobin4 acc 0.0475 eff 0.4738 outinratio 0.0503 

VBFH126_2e2mu_phi1_genbin4_recobin4 acc 0.0523 eff 0.525 outinratio 0.0414 

WminusH126_2e2mu_phi1_genbin4_recobin4 acc 0.0434 eff 0.494 outinratio 0.0596 

WplusH126_2e2mu_phi1_genbin4_recobin4 acc 0.0391 eff 0.5189 outinratio 0.0502 

ZH126_2e2mu_phi1_genbin4_recobin4 acc 0.0394 eff 0.4464 outinratio 0.1192 

ttH126_2e2mu_phi1_genbin4_recobin4 acc 0.0387 eff 0.5131 outinratio 0.1512 

ggH126_2e2mu_phi1_genbin5_recobin4 acc 0.0553 eff 0.0112 outinratio 0.0503 

VBFH126_2e2mu_phi1_genbin5_recobin4 acc 0.0572 eff 0.0069 outinratio 0.0414 

WminusH126_2e2mu_phi1_genbin5_recobin4 acc 0.0443 eff 0.009 outinratio 0.0596 

WplusH126_2e2mu_phi1_genbin5_recobin4 acc 0.0344 eff 0.0 outinratio 0.0502 

ZH126_2e2mu_phi1_genbin5_recobin4 acc 0.042 eff 0.0044 outinratio 0.1192 

ttH126_2e2mu_phi1_genbin5_recobin4 acc 0.0404 eff 0.0118 outinratio 0.1512 

ggH126_2e2mu_phi1_genbin6_recobin4 acc 0.0532 eff 0.0 outinratio 0.0503 

VBFH126_2e2mu_phi1_genbin6_recobin4 acc 0.0599 eff 0.0 outinratio 0.0414 

WminusH126_2e2mu_phi1_genbin6_recobin4 acc 0.0458 eff 0.0 outinratio 0.0596 

WplusH126_2e2mu_phi1_genbin6_recobin4 acc 0.0449 eff 0.0 outinratio 0.0502 

ZH126_2e2mu_phi1_genbin6_recobin4 acc 0.044 eff 0.0008 outinratio 0.1192 

ttH126_2e2mu_phi1_genbin6_recobin4 acc 0.0396 eff 0.0 outinratio 0.1512 

ggH126_2e2mu_phi1_genbin7_recobin4 acc 0.0439 eff 0.0 outinratio 0.0503 

VBFH126_2e2mu_phi1_genbin7_recobin4 acc 0.0537 eff 0.0008 outinratio 0.0414 

WminusH126_2e2mu_phi1_genbin7_recobin4 acc 0.0391 eff 0.0 outinratio 0.0596 

WplusH126_2e2mu_phi1_genbin7_recobin4 acc 0.0385 eff 0.0052 outinratio 0.0502 

ZH126_2e2mu_phi1_genbin7_recobin4 acc 0.0418 eff 0.0 outinratio 0.1192 

ttH126_2e2mu_phi1_genbin7_recobin4 acc 0.0379 eff 0.0002 outinratio 0.1512 

ggH126_2e2mu_phi1_genbin0_recobin5 acc 0.0472 eff 0.0 outinratio 0.0549 

VBFH126_2e2mu_phi1_genbin0_recobin5 acc 0.0546 eff 0.0 outinratio 0.0262 

WminusH126_2e2mu_phi1_genbin0_recobin5 acc 0.0395 eff 0.0 outinratio 0.0612 

WplusH126_2e2mu_phi1_genbin0_recobin5 acc 0.0396 eff 0.0 outinratio 0.0787 

ZH126_2e2mu_phi1_genbin0_recobin5 acc 0.0399 eff 0.0033 outinratio 0.0691 

ttH126_2e2mu_phi1_genbin0_recobin5 acc 0.0361 eff 0.0023 outinratio 0.1684 

ggH126_2e2mu_phi1_genbin1_recobin5 acc 0.0557 eff 0.0 outinratio 0.0549 

VBFH126_2e2mu_phi1_genbin1_recobin5 acc 0.0592 eff 0.0002 outinratio 0.0262 

WminusH126_2e2mu_phi1_genbin1_recobin5 acc 0.047 eff 0.0 outinratio 0.0612 

WplusH126_2e2mu_phi1_genbin1_recobin5 acc 0.036 eff 0.0 outinratio 0.0787 

ZH126_2e2mu_phi1_genbin1_recobin5 acc 0.0481 eff 0.0 outinratio 0.0691 

ttH126_2e2mu_phi1_genbin1_recobin5 acc 0.0403 eff 0.0008 outinratio 0.1684 

ggH126_2e2mu_phi1_genbin2_recobin5 acc 0.0546 eff 0.0 outinratio 0.0549 

VBFH126_2e2mu_phi1_genbin2_recobin5 acc 0.0569 eff 0.0 outinratio 0.0262 

WminusH126_2e2mu_phi1_genbin2_recobin5 acc 0.0457 eff 0.0 outinratio 0.0612 

WplusH126_2e2mu_phi1_genbin2_recobin5 acc 0.0393 eff 0.0 outinratio 0.0787 

ZH126_2e2mu_phi1_genbin2_recobin5 acc 0.0471 eff 0.0038 outinratio 0.0691 

ttH126_2e2mu_phi1_genbin2_recobin5 acc 0.0398 eff 0.0004 outinratio 0.1684 

ggH126_2e2mu_phi1_genbin3_recobin5 acc 0.0449 eff 0.0013 outinratio 0.0549 

VBFH126_2e2mu_phi1_genbin3_recobin5 acc 0.0514 eff 0.0016 outinratio 0.0262 

WminusH126_2e2mu_phi1_genbin3_recobin5 acc 0.0444 eff 0.0 outinratio 0.0612 

WplusH126_2e2mu_phi1_genbin3_recobin5 acc 0.0367 eff 0.0 outinratio 0.0787 

ZH126_2e2mu_phi1_genbin3_recobin5 acc 0.0423 eff 0.001 outinratio 0.0691 

ttH126_2e2mu_phi1_genbin3_recobin5 acc 0.0385 eff 0.0 outinratio 0.1684 

ggH126_2e2mu_phi1_genbin4_recobin5 acc 0.0475 eff 0.0098 outinratio 0.0549 

VBFH126_2e2mu_phi1_genbin4_recobin5 acc 0.0523 eff 0.014 outinratio 0.0262 

WminusH126_2e2mu_phi1_genbin4_recobin5 acc 0.0434 eff 0.0144 outinratio 0.0612 

WplusH126_2e2mu_phi1_genbin4_recobin5 acc 0.0391 eff 0.0037 outinratio 0.0787 

ZH126_2e2mu_phi1_genbin4_recobin5 acc 0.0394 eff 0.0188 outinratio 0.0691 

ttH126_2e2mu_phi1_genbin4_recobin5 acc 0.0387 eff 0.0105 outinratio 0.1684 

ggH126_2e2mu_phi1_genbin5_recobin5 acc 0.0553 eff 0.4978 outinratio 0.0549 

VBFH126_2e2mu_phi1_genbin5_recobin5 acc 0.0572 eff 0.538 outinratio 0.0262 

WminusH126_2e2mu_phi1_genbin5_recobin5 acc 0.0443 eff 0.4878 outinratio 0.0612 

WplusH126_2e2mu_phi1_genbin5_recobin5 acc 0.0344 eff 0.5139 outinratio 0.0787 

ZH126_2e2mu_phi1_genbin5_recobin5 acc 0.042 eff 0.5366 outinratio 0.0691 

ttH126_2e2mu_phi1_genbin5_recobin5 acc 0.0404 eff 0.5052 outinratio 0.1684 

ggH126_2e2mu_phi1_genbin6_recobin5 acc 0.0532 eff 0.0097 outinratio 0.0549 

VBFH126_2e2mu_phi1_genbin6_recobin5 acc 0.0599 eff 0.015 outinratio 0.0262 

WminusH126_2e2mu_phi1_genbin6_recobin5 acc 0.0458 eff 0.0108 outinratio 0.0612 

WplusH126_2e2mu_phi1_genbin6_recobin5 acc 0.0449 eff 0.014 outinratio 0.0787 

ZH126_2e2mu_phi1_genbin6_recobin5 acc 0.044 eff 0.0055 outinratio 0.0691 

ttH126_2e2mu_phi1_genbin6_recobin5 acc 0.0396 eff 0.0098 outinratio 0.1684 

ggH126_2e2mu_phi1_genbin7_recobin5 acc 0.0439 eff 0.0 outinratio 0.0549 

VBFH126_2e2mu_phi1_genbin7_recobin5 acc 0.0537 eff 0.0 outinratio 0.0262 

WminusH126_2e2mu_phi1_genbin7_recobin5 acc 0.0391 eff 0.0 outinratio 0.0612 

WplusH126_2e2mu_phi1_genbin7_recobin5 acc 0.0385 eff 0.0 outinratio 0.0787 

ZH126_2e2mu_phi1_genbin7_recobin5 acc 0.0418 eff 0.0026 outinratio 0.0691 

ttH126_2e2mu_phi1_genbin7_recobin5 acc 0.0379 eff 0.0 outinratio 0.1684 

ggH126_2e2mu_phi1_genbin0_recobin6 acc 0.0472 eff 0.0 outinratio 0.0556 

VBFH126_2e2mu_phi1_genbin0_recobin6 acc 0.0546 eff 0.0 outinratio 0.0333 

WminusH126_2e2mu_phi1_genbin0_recobin6 acc 0.0395 eff 0.0 outinratio 0.0758 

WplusH126_2e2mu_phi1_genbin0_recobin6 acc 0.0396 eff 0.0091 outinratio 0.0659 

ZH126_2e2mu_phi1_genbin0_recobin6 acc 0.0399 eff 0.0035 outinratio 0.0729 

ttH126_2e2mu_phi1_genbin0_recobin6 acc 0.0361 eff 0.0 outinratio 0.1356 

ggH126_2e2mu_phi1_genbin1_recobin6 acc 0.0557 eff 0.0 outinratio 0.0556 

VBFH126_2e2mu_phi1_genbin1_recobin6 acc 0.0592 eff 0.0 outinratio 0.0333 

WminusH126_2e2mu_phi1_genbin1_recobin6 acc 0.047 eff 0.0 outinratio 0.0758 

WplusH126_2e2mu_phi1_genbin1_recobin6 acc 0.036 eff 0.0 outinratio 0.0659 

ZH126_2e2mu_phi1_genbin1_recobin6 acc 0.0481 eff 0.0 outinratio 0.0729 

ttH126_2e2mu_phi1_genbin1_recobin6 acc 0.0403 eff 0.0002 outinratio 0.1356 

ggH126_2e2mu_phi1_genbin2_recobin6 acc 0.0546 eff 0.0 outinratio 0.0556 

VBFH126_2e2mu_phi1_genbin2_recobin6 acc 0.0569 eff 0.001 outinratio 0.0333 

WminusH126_2e2mu_phi1_genbin2_recobin6 acc 0.0457 eff 0.0 outinratio 0.0758 

WplusH126_2e2mu_phi1_genbin2_recobin6 acc 0.0393 eff 0.0 outinratio 0.0659 

ZH126_2e2mu_phi1_genbin2_recobin6 acc 0.0471 eff 0.0 outinratio 0.0729 

ttH126_2e2mu_phi1_genbin2_recobin6 acc 0.0398 eff 0.0 outinratio 0.1356 

ggH126_2e2mu_phi1_genbin3_recobin6 acc 0.0449 eff 0.0042 outinratio 0.0556 

VBFH126_2e2mu_phi1_genbin3_recobin6 acc 0.0514 eff 0.0012 outinratio 0.0333 

WminusH126_2e2mu_phi1_genbin3_recobin6 acc 0.0444 eff 0.0 outinratio 0.0758 

WplusH126_2e2mu_phi1_genbin3_recobin6 acc 0.0367 eff 0.0 outinratio 0.0659 

ZH126_2e2mu_phi1_genbin3_recobin6 acc 0.0423 eff 0.0 outinratio 0.0729 

ttH126_2e2mu_phi1_genbin3_recobin6 acc 0.0385 eff 0.0 outinratio 0.1356 

ggH126_2e2mu_phi1_genbin4_recobin6 acc 0.0475 eff 0.0 outinratio 0.0556 

VBFH126_2e2mu_phi1_genbin4_recobin6 acc 0.0523 eff 0.0004 outinratio 0.0333 

WminusH126_2e2mu_phi1_genbin4_recobin6 acc 0.0434 eff 0.0 outinratio 0.0758 

WplusH126_2e2mu_phi1_genbin4_recobin6 acc 0.0391 eff 0.0 outinratio 0.0659 

ZH126_2e2mu_phi1_genbin4_recobin6 acc 0.0394 eff 0.0056 outinratio 0.0729 

ttH126_2e2mu_phi1_genbin4_recobin6 acc 0.0387 eff 0.0 outinratio 0.1356 

ggH126_2e2mu_phi1_genbin5_recobin6 acc 0.0553 eff 0.0143 outinratio 0.0556 

VBFH126_2e2mu_phi1_genbin5_recobin6 acc 0.0572 eff 0.0093 outinratio 0.0333 

WminusH126_2e2mu_phi1_genbin5_recobin6 acc 0.0443 eff 0.0187 outinratio 0.0758 

WplusH126_2e2mu_phi1_genbin5_recobin6 acc 0.0344 eff 0.0 outinratio 0.0659 

ZH126_2e2mu_phi1_genbin5_recobin6 acc 0.042 eff 0.0073 outinratio 0.0729 

ttH126_2e2mu_phi1_genbin5_recobin6 acc 0.0404 eff 0.0109 outinratio 0.1356 

ggH126_2e2mu_phi1_genbin6_recobin6 acc 0.0532 eff 0.5005 outinratio 0.0556 

VBFH126_2e2mu_phi1_genbin6_recobin6 acc 0.0599 eff 0.497 outinratio 0.0333 

WminusH126_2e2mu_phi1_genbin6_recobin6 acc 0.0458 eff 0.4624 outinratio 0.0758 

WplusH126_2e2mu_phi1_genbin6_recobin6 acc 0.0449 eff 0.5033 outinratio 0.0659 

ZH126_2e2mu_phi1_genbin6_recobin6 acc 0.044 eff 0.5081 outinratio 0.0729 

ttH126_2e2mu_phi1_genbin6_recobin6 acc 0.0396 eff 0.5045 outinratio 0.1356 

ggH126_2e2mu_phi1_genbin7_recobin6 acc 0.0439 eff 0.0094 outinratio 0.0556 

VBFH126_2e2mu_phi1_genbin7_recobin6 acc 0.0537 eff 0.0123 outinratio 0.0333 

WminusH126_2e2mu_phi1_genbin7_recobin6 acc 0.0391 eff 0.0227 outinratio 0.0758 

WplusH126_2e2mu_phi1_genbin7_recobin6 acc 0.0385 eff 0.0047 outinratio 0.0659 

ZH126_2e2mu_phi1_genbin7_recobin6 acc 0.0418 eff 0.0102 outinratio 0.0729 

ttH126_2e2mu_phi1_genbin7_recobin6 acc 0.0379 eff 0.01 outinratio 0.1356 

ggH126_2e2mu_phi1_genbin0_recobin7 acc 0.0472 eff 0.0087 outinratio 0.06 

VBFH126_2e2mu_phi1_genbin0_recobin7 acc 0.0546 eff 0.005 outinratio 0.0368 

WminusH126_2e2mu_phi1_genbin0_recobin7 acc 0.0395 eff 0.0029 outinratio 0.0888 

WplusH126_2e2mu_phi1_genbin0_recobin7 acc 0.0396 eff 0.0 outinratio 0.0907 

ZH126_2e2mu_phi1_genbin0_recobin7 acc 0.0399 eff 0.0041 outinratio 0.0887 

ttH126_2e2mu_phi1_genbin0_recobin7 acc 0.0361 eff 0.006 outinratio 0.149 

ggH126_2e2mu_phi1_genbin1_recobin7 acc 0.0557 eff 0.0 outinratio 0.06 

VBFH126_2e2mu_phi1_genbin1_recobin7 acc 0.0592 eff 0.0019 outinratio 0.0368 

WminusH126_2e2mu_phi1_genbin1_recobin7 acc 0.047 eff 0.0 outinratio 0.0888 

WplusH126_2e2mu_phi1_genbin1_recobin7 acc 0.036 eff 0.0 outinratio 0.0907 

ZH126_2e2mu_phi1_genbin1_recobin7 acc 0.0481 eff 0.0 outinratio 0.0887 

ttH126_2e2mu_phi1_genbin1_recobin7 acc 0.0403 eff 0.0 outinratio 0.149 

ggH126_2e2mu_phi1_genbin2_recobin7 acc 0.0546 eff 0.0004 outinratio 0.06 

VBFH126_2e2mu_phi1_genbin2_recobin7 acc 0.0569 eff 0.0 outinratio 0.0368 

WminusH126_2e2mu_phi1_genbin2_recobin7 acc 0.0457 eff 0.0 outinratio 0.0888 

WplusH126_2e2mu_phi1_genbin2_recobin7 acc 0.0393 eff 0.0 outinratio 0.0907 

ZH126_2e2mu_phi1_genbin2_recobin7 acc 0.0471 eff 0.0 outinratio 0.0887 

ttH126_2e2mu_phi1_genbin2_recobin7 acc 0.0398 eff 0.0 outinratio 0.149 

ggH126_2e2mu_phi1_genbin3_recobin7 acc 0.0449 eff 0.0 outinratio 0.06 

VBFH126_2e2mu_phi1_genbin3_recobin7 acc 0.0514 eff 0.0 outinratio 0.0368 

WminusH126_2e2mu_phi1_genbin3_recobin7 acc 0.0444 eff 0.0 outinratio 0.0888 

WplusH126_2e2mu_phi1_genbin3_recobin7 acc 0.0367 eff 0.0 outinratio 0.0907 

ZH126_2e2mu_phi1_genbin3_recobin7 acc 0.0423 eff 0.0011 outinratio 0.0887 

ttH126_2e2mu_phi1_genbin3_recobin7 acc 0.0385 eff 0.0 outinratio 0.149 

ggH126_2e2mu_phi1_genbin4_recobin7 acc 0.0475 eff 0.0 outinratio 0.06 

VBFH126_2e2mu_phi1_genbin4_recobin7 acc 0.0523 eff 0.0015 outinratio 0.0368 

WminusH126_2e2mu_phi1_genbin4_recobin7 acc 0.0434 eff 0.0 outinratio 0.0888 

WplusH126_2e2mu_phi1_genbin4_recobin7 acc 0.0391 eff 0.0 outinratio 0.0907 

ZH126_2e2mu_phi1_genbin4_recobin7 acc 0.0394 eff 0.0005 outinratio 0.0887 

ttH126_2e2mu_phi1_genbin4_recobin7 acc 0.0387 eff 0.0005 outinratio 0.149 

ggH126_2e2mu_phi1_genbin5_recobin7 acc 0.0553 eff 0.0 outinratio 0.06 

VBFH126_2e2mu_phi1_genbin5_recobin7 acc 0.0572 eff 0.0003 outinratio 0.0368 

WminusH126_2e2mu_phi1_genbin5_recobin7 acc 0.0443 eff 0.0 outinratio 0.0888 

WplusH126_2e2mu_phi1_genbin5_recobin7 acc 0.0344 eff 0.0025 outinratio 0.0907 

ZH126_2e2mu_phi1_genbin5_recobin7 acc 0.042 eff 0.0 outinratio 0.0887 

ttH126_2e2mu_phi1_genbin5_recobin7 acc 0.0404 eff 0.0004 outinratio 0.149 

ggH126_2e2mu_phi1_genbin6_recobin7 acc 0.0532 eff 0.0035 outinratio 0.06 

VBFH126_2e2mu_phi1_genbin6_recobin7 acc 0.0599 eff 0.0071 outinratio 0.0368 

WminusH126_2e2mu_phi1_genbin6_recobin7 acc 0.0458 eff 0.0129 outinratio 0.0888 

WplusH126_2e2mu_phi1_genbin6_recobin7 acc 0.0449 eff 0.0106 outinratio 0.0907 

ZH126_2e2mu_phi1_genbin6_recobin7 acc 0.044 eff 0.0136 outinratio 0.0887 

ttH126_2e2mu_phi1_genbin6_recobin7 acc 0.0396 eff 0.0153 outinratio 0.149 

ggH126_2e2mu_phi1_genbin7_recobin7 acc 0.0439 eff 0.4673 outinratio 0.06 

VBFH126_2e2mu_phi1_genbin7_recobin7 acc 0.0537 eff 0.5063 outinratio 0.0368 

WminusH126_2e2mu_phi1_genbin7_recobin7 acc 0.0391 eff 0.4706 outinratio 0.0888 

WplusH126_2e2mu_phi1_genbin7_recobin7 acc 0.0385 eff 0.4249 outinratio 0.0907 

ZH126_2e2mu_phi1_genbin7_recobin7 acc 0.0418 eff 0.4529 outinratio 0.0887 

ttH126_2e2mu_phi1_genbin7_recobin7 acc 0.0379 eff 0.4991 outinratio 0.149 

Coeff fullNNLOPS
