Welcome in RunCoefficients!
OPT SPLIT
DEBUG opt.YEAR = 2022EE_1
It is a double-differential measurement, binning for the 1st variable {0: [40.0, 88.0], 1: [40.0, 88.0], 2: [40.0, 88.0], 3: [40.0, 88.0], 4: [88.0, 120.0], 5: [88.0, 120.0], 6: [88.0, 120.0]} and for the 2nd variable {0: [12.0, 28.0], 1: [28.0, 34.0], 2: [34.0, 40.0], 3: [40.0, 65.0], 4: [12.0, 25.0], 5: [25.0, 28.0], 6: [28.0, 65.0]}
{0: [40.0, 88.0, 12.0, 28.0], 1: [40.0, 88.0, 28.0, 34.0], 2: [40.0, 88.0, 34.0, 40.0], 3: [40.0, 88.0, 40.0, 65.0], 4: [88.0, 120.0, 12.0, 25.0], 5: [88.0, 120.0, 25.0, 28.0], 6: [88.0, 120.0, 28.0, 65.0]}
Z1Mass
Following observables extracted from dictionary: RECO =  Z1Mass  GEN =  GENmassZ1
It is a double-differential measurement: RECO_2nd =  Z2Mass  GEN_2nd =  GENmassZ2
LUMI: 4.4454666666666665
ttH126 0.00016778591
Processing ggH126 2022EE_1
Signal created
Signal failed created
Processing VBFH126 2022EE_1
Signal created
Signal failed created
Processing WminusH126 2022EE_1
Signal created
Signal failed created
Processing WplusH126 2022EE_1
Signal created
Signal failed created
Processing ZH126 2022EE_1
Signal created
Signal failed created
Processing ttH126 2022EE_1
Signal created
Signal failed created
2022EE_1 SKIMMED df CREATED
2022EE_1 ggH126
2022EE_1 VBFH126
2022EE_1 WminusH126
2022EE_1 WplusH126
2022EE_1 ZH126
2022EE_1 ttH126
Dataframes created successfully
Coeff std
ggH126_4l_massZ1_massZ2_genbin0_recobin0 acc 0.0551 eff 0.4412 outinratio 0.01 

VBFH126_4l_massZ1_massZ2_genbin0_recobin0 acc 0.0616 eff 0.4901 outinratio 0.0082 

WminusH126_4l_massZ1_massZ2_genbin0_recobin0 acc 0.0538 eff 0.4419 outinratio 0.0193 

WplusH126_4l_massZ1_massZ2_genbin0_recobin0 acc 0.045 eff 0.4464 outinratio 0.0165 

ZH126_4l_massZ1_massZ2_genbin0_recobin0 acc 0.0486 eff 0.431 outinratio 0.0591 

ttH126_4l_massZ1_massZ2_genbin0_recobin0 acc 0.0604 eff 0.3472 outinratio 0.0453 

ggH126_4l_massZ1_massZ2_genbin1_recobin0 acc 0.0367 eff 0.0336 outinratio 0.01 

VBFH126_4l_massZ1_massZ2_genbin1_recobin0 acc 0.0384 eff 0.0296 outinratio 0.0082 

WminusH126_4l_massZ1_massZ2_genbin1_recobin0 acc 0.0343 eff 0.0341 outinratio 0.0193 

WplusH126_4l_massZ1_massZ2_genbin1_recobin0 acc 0.0301 eff 0.0285 outinratio 0.0165 

ZH126_4l_massZ1_massZ2_genbin1_recobin0 acc 0.0322 eff 0.0339 outinratio 0.0591 

ttH126_4l_massZ1_massZ2_genbin1_recobin0 acc 0.0402 eff 0.0234 outinratio 0.0453 

ggH126_4l_massZ1_massZ2_genbin2_recobin0 acc 0.0371 eff 0.0016 outinratio 0.01 

VBFH126_4l_massZ1_massZ2_genbin2_recobin0 acc 0.0391 eff 0.0051 outinratio 0.0082 

WminusH126_4l_massZ1_massZ2_genbin2_recobin0 acc 0.0331 eff 0.0028 outinratio 0.0193 

WplusH126_4l_massZ1_massZ2_genbin2_recobin0 acc 0.0297 eff 0.002 outinratio 0.0165 

ZH126_4l_massZ1_massZ2_genbin2_recobin0 acc 0.0316 eff 0.0028 outinratio 0.0591 

ttH126_4l_massZ1_massZ2_genbin2_recobin0 acc 0.0373 eff 0.0012 outinratio 0.0453 

ggH126_4l_massZ1_massZ2_genbin3_recobin0 acc 0.0562 eff 0.001 outinratio 0.01 

VBFH126_4l_massZ1_massZ2_genbin3_recobin0 acc 0.0599 eff 0.0 outinratio 0.0082 

WminusH126_4l_massZ1_massZ2_genbin3_recobin0 acc 0.0513 eff 0.001 outinratio 0.0193 

WplusH126_4l_massZ1_massZ2_genbin3_recobin0 acc 0.0448 eff 0.0009 outinratio 0.0165 

ZH126_4l_massZ1_massZ2_genbin3_recobin0 acc 0.0484 eff 0.0016 outinratio 0.0591 

ttH126_4l_massZ1_massZ2_genbin3_recobin0 acc 0.06 eff 0.0003 outinratio 0.0453 

ggH126_4l_massZ1_massZ2_genbin4_recobin0 acc 0.1182 eff 0.0682 outinratio 0.01 

VBFH126_4l_massZ1_massZ2_genbin4_recobin0 acc 0.1392 eff 0.0743 outinratio 0.0082 

WminusH126_4l_massZ1_massZ2_genbin4_recobin0 acc 0.1154 eff 0.0667 outinratio 0.0193 

WplusH126_4l_massZ1_massZ2_genbin4_recobin0 acc 0.1011 eff 0.0662 outinratio 0.0165 

ZH126_4l_massZ1_massZ2_genbin4_recobin0 acc 0.1077 eff 0.0663 outinratio 0.0591 

ttH126_4l_massZ1_massZ2_genbin4_recobin0 acc 0.1411 eff 0.0453 outinratio 0.0453 

ggH126_4l_massZ1_massZ2_genbin5_recobin0 acc 0.046 eff 0.0702 outinratio 0.01 

VBFH126_4l_massZ1_massZ2_genbin5_recobin0 acc 0.0506 eff 0.0843 outinratio 0.0082 

WminusH126_4l_massZ1_massZ2_genbin5_recobin0 acc 0.042 eff 0.0601 outinratio 0.0193 

WplusH126_4l_massZ1_massZ2_genbin5_recobin0 acc 0.0374 eff 0.0613 outinratio 0.0165 

ZH126_4l_massZ1_massZ2_genbin5_recobin0 acc 0.0396 eff 0.0592 outinratio 0.0591 

ttH126_4l_massZ1_massZ2_genbin5_recobin0 acc 0.0487 eff 0.05 outinratio 0.0453 

ggH126_4l_massZ1_massZ2_genbin6_recobin0 acc 0.0973 eff 0.0048 outinratio 0.01 

VBFH126_4l_massZ1_massZ2_genbin6_recobin0 acc 0.1008 eff 0.0093 outinratio 0.0082 

WminusH126_4l_massZ1_massZ2_genbin6_recobin0 acc 0.0827 eff 0.0041 outinratio 0.0193 

WplusH126_4l_massZ1_massZ2_genbin6_recobin0 acc 0.0794 eff 0.0071 outinratio 0.0165 

ZH126_4l_massZ1_massZ2_genbin6_recobin0 acc 0.0827 eff 0.0052 outinratio 0.0591 

ttH126_4l_massZ1_massZ2_genbin6_recobin0 acc 0.1021 eff 0.003 outinratio 0.0453 

ggH126_4l_massZ1_massZ2_genbin0_recobin1 acc 0.0551 eff 0.0092 outinratio 0.0068 

VBFH126_4l_massZ1_massZ2_genbin0_recobin1 acc 0.0616 eff 0.0108 outinratio 0.0042 

WminusH126_4l_massZ1_massZ2_genbin0_recobin1 acc 0.0538 eff 0.0096 outinratio 0.0222 

WplusH126_4l_massZ1_massZ2_genbin0_recobin1 acc 0.045 eff 0.0075 outinratio 0.0129 

ZH126_4l_massZ1_massZ2_genbin0_recobin1 acc 0.0486 eff 0.0074 outinratio 0.0523 

ttH126_4l_massZ1_massZ2_genbin0_recobin1 acc 0.0604 eff 0.0069 outinratio 0.0529 

ggH126_4l_massZ1_massZ2_genbin1_recobin1 acc 0.0367 eff 0.4166 outinratio 0.0068 

VBFH126_4l_massZ1_massZ2_genbin1_recobin1 acc 0.0384 eff 0.4404 outinratio 0.0042 

WminusH126_4l_massZ1_massZ2_genbin1_recobin1 acc 0.0343 eff 0.3921 outinratio 0.0222 

WplusH126_4l_massZ1_massZ2_genbin1_recobin1 acc 0.0301 eff 0.4091 outinratio 0.0129 

ZH126_4l_massZ1_massZ2_genbin1_recobin1 acc 0.0322 eff 0.3849 outinratio 0.0523 

ttH126_4l_massZ1_massZ2_genbin1_recobin1 acc 0.0402 eff 0.3074 outinratio 0.0529 

ggH126_4l_massZ1_massZ2_genbin2_recobin1 acc 0.0371 eff 0.0511 outinratio 0.0068 

VBFH126_4l_massZ1_massZ2_genbin2_recobin1 acc 0.0391 eff 0.0461 outinratio 0.0042 

WminusH126_4l_massZ1_massZ2_genbin2_recobin1 acc 0.0331 eff 0.0401 outinratio 0.0222 

WplusH126_4l_massZ1_massZ2_genbin2_recobin1 acc 0.0297 eff 0.0396 outinratio 0.0129 

ZH126_4l_massZ1_massZ2_genbin2_recobin1 acc 0.0316 eff 0.0384 outinratio 0.0523 

ttH126_4l_massZ1_massZ2_genbin2_recobin1 acc 0.0373 eff 0.0261 outinratio 0.0529 

ggH126_4l_massZ1_massZ2_genbin3_recobin1 acc 0.0562 eff 0.0027 outinratio 0.0068 

VBFH126_4l_massZ1_massZ2_genbin3_recobin1 acc 0.0599 eff 0.0021 outinratio 0.0042 

WminusH126_4l_massZ1_massZ2_genbin3_recobin1 acc 0.0513 eff 0.0016 outinratio 0.0222 

WplusH126_4l_massZ1_massZ2_genbin3_recobin1 acc 0.0448 eff 0.0023 outinratio 0.0129 

ZH126_4l_massZ1_massZ2_genbin3_recobin1 acc 0.0484 eff 0.0022 outinratio 0.0523 

ttH126_4l_massZ1_massZ2_genbin3_recobin1 acc 0.06 eff 0.0008 outinratio 0.0529 

ggH126_4l_massZ1_massZ2_genbin4_recobin1 acc 0.1182 eff 0.0001 outinratio 0.0068 

VBFH126_4l_massZ1_massZ2_genbin4_recobin1 acc 0.1392 eff 0.0 outinratio 0.0042 

WminusH126_4l_massZ1_massZ2_genbin4_recobin1 acc 0.1154 eff 0.0 outinratio 0.0222 

WplusH126_4l_massZ1_massZ2_genbin4_recobin1 acc 0.1011 eff 0.0001 outinratio 0.0129 

ZH126_4l_massZ1_massZ2_genbin4_recobin1 acc 0.1077 eff 0.0003 outinratio 0.0523 

ttH126_4l_massZ1_massZ2_genbin4_recobin1 acc 0.1411 eff 0.0003 outinratio 0.0529 

ggH126_4l_massZ1_massZ2_genbin5_recobin1 acc 0.046 eff 0.0048 outinratio 0.0068 

VBFH126_4l_massZ1_massZ2_genbin5_recobin1 acc 0.0506 eff 0.0092 outinratio 0.0042 

WminusH126_4l_massZ1_massZ2_genbin5_recobin1 acc 0.042 eff 0.0021 outinratio 0.0222 

WplusH126_4l_massZ1_massZ2_genbin5_recobin1 acc 0.0374 eff 0.0054 outinratio 0.0129 

ZH126_4l_massZ1_massZ2_genbin5_recobin1 acc 0.0396 eff 0.005 outinratio 0.0523 

ttH126_4l_massZ1_massZ2_genbin5_recobin1 acc 0.0487 eff 0.0005 outinratio 0.0529 

ggH126_4l_massZ1_massZ2_genbin6_recobin1 acc 0.0973 eff 0.0639 outinratio 0.0068 

VBFH126_4l_massZ1_massZ2_genbin6_recobin1 acc 0.1008 eff 0.0616 outinratio 0.0042 

WminusH126_4l_massZ1_massZ2_genbin6_recobin1 acc 0.0827 eff 0.0687 outinratio 0.0222 

WplusH126_4l_massZ1_massZ2_genbin6_recobin1 acc 0.0794 eff 0.0661 outinratio 0.0129 

ZH126_4l_massZ1_massZ2_genbin6_recobin1 acc 0.0827 eff 0.0591 outinratio 0.0523 

ttH126_4l_massZ1_massZ2_genbin6_recobin1 acc 0.1021 eff 0.0517 outinratio 0.0529 

ggH126_4l_massZ1_massZ2_genbin0_recobin2 acc 0.0551 eff 0.0001 outinratio 0.0082 

VBFH126_4l_massZ1_massZ2_genbin0_recobin2 acc 0.0616 eff 0.0006 outinratio 0.0142 

WminusH126_4l_massZ1_massZ2_genbin0_recobin2 acc 0.0538 eff 0.0015 outinratio 0.0182 

WplusH126_4l_massZ1_massZ2_genbin0_recobin2 acc 0.045 eff 0.0007 outinratio 0.0247 

ZH126_4l_massZ1_massZ2_genbin0_recobin2 acc 0.0486 eff 0.0014 outinratio 0.0517 

ttH126_4l_massZ1_massZ2_genbin0_recobin2 acc 0.0604 eff 0.0005 outinratio 0.0471 

ggH126_4l_massZ1_massZ2_genbin1_recobin2 acc 0.0367 eff 0.015 outinratio 0.0082 

VBFH126_4l_massZ1_massZ2_genbin1_recobin2 acc 0.0384 eff 0.0212 outinratio 0.0142 

WminusH126_4l_massZ1_massZ2_genbin1_recobin2 acc 0.0343 eff 0.0146 outinratio 0.0182 

WplusH126_4l_massZ1_massZ2_genbin1_recobin2 acc 0.0301 eff 0.0193 outinratio 0.0247 

ZH126_4l_massZ1_massZ2_genbin1_recobin2 acc 0.0322 eff 0.0154 outinratio 0.0517 

ttH126_4l_massZ1_massZ2_genbin1_recobin2 acc 0.0402 eff 0.0169 outinratio 0.0471 

ggH126_4l_massZ1_massZ2_genbin2_recobin2 acc 0.0371 eff 0.4328 outinratio 0.0082 

VBFH126_4l_massZ1_massZ2_genbin2_recobin2 acc 0.0391 eff 0.4579 outinratio 0.0142 

WminusH126_4l_massZ1_massZ2_genbin2_recobin2 acc 0.0331 eff 0.416 outinratio 0.0182 

WplusH126_4l_massZ1_massZ2_genbin2_recobin2 acc 0.0297 eff 0.4134 outinratio 0.0247 

ZH126_4l_massZ1_massZ2_genbin2_recobin2 acc 0.0316 eff 0.4386 outinratio 0.0517 

ttH126_4l_massZ1_massZ2_genbin2_recobin2 acc 0.0373 eff 0.3529 outinratio 0.0471 

ggH126_4l_massZ1_massZ2_genbin3_recobin2 acc 0.0562 eff 0.0255 outinratio 0.0082 

VBFH126_4l_massZ1_massZ2_genbin3_recobin2 acc 0.0599 eff 0.0307 outinratio 0.0142 

WminusH126_4l_massZ1_massZ2_genbin3_recobin2 acc 0.0513 eff 0.0285 outinratio 0.0182 

WplusH126_4l_massZ1_massZ2_genbin3_recobin2 acc 0.0448 eff 0.0246 outinratio 0.0247 

ZH126_4l_massZ1_massZ2_genbin3_recobin2 acc 0.0484 eff 0.0258 outinratio 0.0517 

ttH126_4l_massZ1_massZ2_genbin3_recobin2 acc 0.06 eff 0.017 outinratio 0.0471 

ggH126_4l_massZ1_massZ2_genbin4_recobin2 acc 0.1182 eff 0.0 outinratio 0.0082 

VBFH126_4l_massZ1_massZ2_genbin4_recobin2 acc 0.1392 eff 0.0 outinratio 0.0142 

WminusH126_4l_massZ1_massZ2_genbin4_recobin2 acc 0.1154 eff 0.0 outinratio 0.0182 

WplusH126_4l_massZ1_massZ2_genbin4_recobin2 acc 0.1011 eff 0.0003 outinratio 0.0247 

ZH126_4l_massZ1_massZ2_genbin4_recobin2 acc 0.1077 eff 0.0 outinratio 0.0517 

ttH126_4l_massZ1_massZ2_genbin4_recobin2 acc 0.1411 eff 0.0 outinratio 0.0471 

ggH126_4l_massZ1_massZ2_genbin5_recobin2 acc 0.046 eff 0.0 outinratio 0.0082 

VBFH126_4l_massZ1_massZ2_genbin5_recobin2 acc 0.0506 eff 0.0008 outinratio 0.0142 

WminusH126_4l_massZ1_massZ2_genbin5_recobin2 acc 0.042 eff 0.0 outinratio 0.0182 

WplusH126_4l_massZ1_massZ2_genbin5_recobin2 acc 0.0374 eff 0.0007 outinratio 0.0247 

ZH126_4l_massZ1_massZ2_genbin5_recobin2 acc 0.0396 eff 0.0003 outinratio 0.0517 

ttH126_4l_massZ1_massZ2_genbin5_recobin2 acc 0.0487 eff 0.0 outinratio 0.0471 

ggH126_4l_massZ1_massZ2_genbin6_recobin2 acc 0.0973 eff 0.0153 outinratio 0.0082 

VBFH126_4l_massZ1_massZ2_genbin6_recobin2 acc 0.1008 eff 0.016 outinratio 0.0142 

WminusH126_4l_massZ1_massZ2_genbin6_recobin2 acc 0.0827 eff 0.0108 outinratio 0.0182 

WplusH126_4l_massZ1_massZ2_genbin6_recobin2 acc 0.0794 eff 0.0126 outinratio 0.0247 

ZH126_4l_massZ1_massZ2_genbin6_recobin2 acc 0.0827 eff 0.0129 outinratio 0.0517 

ttH126_4l_massZ1_massZ2_genbin6_recobin2 acc 0.1021 eff 0.0075 outinratio 0.0471 

ggH126_4l_massZ1_massZ2_genbin0_recobin3 acc 0.0551 eff 0.0013 outinratio 0.005 

VBFH126_4l_massZ1_massZ2_genbin0_recobin3 acc 0.0616 eff 0.0007 outinratio 0.0073 

WminusH126_4l_massZ1_massZ2_genbin0_recobin3 acc 0.0538 eff 0.0013 outinratio 0.0194 

WplusH126_4l_massZ1_massZ2_genbin0_recobin3 acc 0.045 eff 0.0004 outinratio 0.0121 

ZH126_4l_massZ1_massZ2_genbin0_recobin3 acc 0.0486 eff 0.0005 outinratio 0.0473 

ttH126_4l_massZ1_massZ2_genbin0_recobin3 acc 0.0604 eff 0.001 outinratio 0.0502 

ggH126_4l_massZ1_massZ2_genbin1_recobin3 acc 0.0367 eff 0.0039 outinratio 0.005 

VBFH126_4l_massZ1_massZ2_genbin1_recobin3 acc 0.0384 eff 0.0006 outinratio 0.0073 

WminusH126_4l_massZ1_massZ2_genbin1_recobin3 acc 0.0343 eff 0.0033 outinratio 0.0194 

WplusH126_4l_massZ1_massZ2_genbin1_recobin3 acc 0.0301 eff 0.002 outinratio 0.0121 

ZH126_4l_massZ1_massZ2_genbin1_recobin3 acc 0.0322 eff 0.0023 outinratio 0.0473 

ttH126_4l_massZ1_massZ2_genbin1_recobin3 acc 0.0402 eff 0.0052 outinratio 0.0502 

ggH126_4l_massZ1_massZ2_genbin2_recobin3 acc 0.0371 eff 0.0188 outinratio 0.005 

VBFH126_4l_massZ1_massZ2_genbin2_recobin3 acc 0.0391 eff 0.0142 outinratio 0.0073 

WminusH126_4l_massZ1_massZ2_genbin2_recobin3 acc 0.0331 eff 0.0179 outinratio 0.0194 

WplusH126_4l_massZ1_massZ2_genbin2_recobin3 acc 0.0297 eff 0.0127 outinratio 0.0121 

ZH126_4l_massZ1_massZ2_genbin2_recobin3 acc 0.0316 eff 0.0197 outinratio 0.0473 

ttH126_4l_massZ1_massZ2_genbin2_recobin3 acc 0.0373 eff 0.0176 outinratio 0.0502 

ggH126_4l_massZ1_massZ2_genbin3_recobin3 acc 0.0562 eff 0.5133 outinratio 0.005 

VBFH126_4l_massZ1_massZ2_genbin3_recobin3 acc 0.0599 eff 0.5447 outinratio 0.0073 

WminusH126_4l_massZ1_massZ2_genbin3_recobin3 acc 0.0513 eff 0.4985 outinratio 0.0194 

WplusH126_4l_massZ1_massZ2_genbin3_recobin3 acc 0.0448 eff 0.4944 outinratio 0.0121 

ZH126_4l_massZ1_massZ2_genbin3_recobin3 acc 0.0484 eff 0.4951 outinratio 0.0473 

ttH126_4l_massZ1_massZ2_genbin3_recobin3 acc 0.06 eff 0.4162 outinratio 0.0502 

ggH126_4l_massZ1_massZ2_genbin4_recobin3 acc 0.1182 eff 0.0 outinratio 0.005 

VBFH126_4l_massZ1_massZ2_genbin4_recobin3 acc 0.1392 eff 0.0 outinratio 0.0073 

WminusH126_4l_massZ1_massZ2_genbin4_recobin3 acc 0.1154 eff 0.0 outinratio 0.0194 

WplusH126_4l_massZ1_massZ2_genbin4_recobin3 acc 0.1011 eff 0.0 outinratio 0.0121 

ZH126_4l_massZ1_massZ2_genbin4_recobin3 acc 0.1077 eff 0.0001 outinratio 0.0473 

ttH126_4l_massZ1_massZ2_genbin4_recobin3 acc 0.1411 eff 0.0 outinratio 0.0502 

ggH126_4l_massZ1_massZ2_genbin5_recobin3 acc 0.046 eff 0.0 outinratio 0.005 

VBFH126_4l_massZ1_massZ2_genbin5_recobin3 acc 0.0506 eff 0.0 outinratio 0.0073 

WminusH126_4l_massZ1_massZ2_genbin5_recobin3 acc 0.042 eff 0.0 outinratio 0.0194 

WplusH126_4l_massZ1_massZ2_genbin5_recobin3 acc 0.0374 eff 0.0 outinratio 0.0121 

ZH126_4l_massZ1_massZ2_genbin5_recobin3 acc 0.0396 eff 0.0002 outinratio 0.0473 

ttH126_4l_massZ1_massZ2_genbin5_recobin3 acc 0.0487 eff 0.0 outinratio 0.0502 

ggH126_4l_massZ1_massZ2_genbin6_recobin3 acc 0.0973 eff 0.0001 outinratio 0.005 

VBFH126_4l_massZ1_massZ2_genbin6_recobin3 acc 0.1008 eff 0.0 outinratio 0.0073 

WminusH126_4l_massZ1_massZ2_genbin6_recobin3 acc 0.0827 eff 0.0006 outinratio 0.0194 

WplusH126_4l_massZ1_massZ2_genbin6_recobin3 acc 0.0794 eff 0.0005 outinratio 0.0121 

ZH126_4l_massZ1_massZ2_genbin6_recobin3 acc 0.0827 eff 0.0 outinratio 0.0473 

ttH126_4l_massZ1_massZ2_genbin6_recobin3 acc 0.1021 eff 0.0003 outinratio 0.0502 

ggH126_4l_massZ1_massZ2_genbin0_recobin4 acc 0.0551 eff 0.0248 outinratio 0.0102 

VBFH126_4l_massZ1_massZ2_genbin0_recobin4 acc 0.0616 eff 0.0274 outinratio 0.0078 

WminusH126_4l_massZ1_massZ2_genbin0_recobin4 acc 0.0538 eff 0.0204 outinratio 0.0153 

WplusH126_4l_massZ1_massZ2_genbin0_recobin4 acc 0.045 eff 0.0253 outinratio 0.0223 

ZH126_4l_massZ1_massZ2_genbin0_recobin4 acc 0.0486 eff 0.0288 outinratio 0.0546 

ttH126_4l_massZ1_massZ2_genbin0_recobin4 acc 0.0604 eff 0.0215 outinratio 0.0408 

ggH126_4l_massZ1_massZ2_genbin1_recobin4 acc 0.0367 eff 0.0005 outinratio 0.0102 

VBFH126_4l_massZ1_massZ2_genbin1_recobin4 acc 0.0384 eff 0.0 outinratio 0.0078 

WminusH126_4l_massZ1_massZ2_genbin1_recobin4 acc 0.0343 eff 0.0005 outinratio 0.0153 

WplusH126_4l_massZ1_massZ2_genbin1_recobin4 acc 0.0301 eff 0.0004 outinratio 0.0223 

ZH126_4l_massZ1_massZ2_genbin1_recobin4 acc 0.0322 eff 0.0 outinratio 0.0546 

ttH126_4l_massZ1_massZ2_genbin1_recobin4 acc 0.0402 eff 0.0 outinratio 0.0408 

ggH126_4l_massZ1_massZ2_genbin2_recobin4 acc 0.0371 eff 0.0 outinratio 0.0102 

VBFH126_4l_massZ1_massZ2_genbin2_recobin4 acc 0.0391 eff 0.0 outinratio 0.0078 

WminusH126_4l_massZ1_massZ2_genbin2_recobin4 acc 0.0331 eff 0.0004 outinratio 0.0153 

WplusH126_4l_massZ1_massZ2_genbin2_recobin4 acc 0.0297 eff 0.0 outinratio 0.0223 

ZH126_4l_massZ1_massZ2_genbin2_recobin4 acc 0.0316 eff 0.0 outinratio 0.0546 

ttH126_4l_massZ1_massZ2_genbin2_recobin4 acc 0.0373 eff 0.0 outinratio 0.0408 

ggH126_4l_massZ1_massZ2_genbin3_recobin4 acc 0.0562 eff 0.0 outinratio 0.0102 

VBFH126_4l_massZ1_massZ2_genbin3_recobin4 acc 0.0599 eff 0.0 outinratio 0.0078 

WminusH126_4l_massZ1_massZ2_genbin3_recobin4 acc 0.0513 eff 0.0 outinratio 0.0153 

WplusH126_4l_massZ1_massZ2_genbin3_recobin4 acc 0.0448 eff 0.0 outinratio 0.0223 

ZH126_4l_massZ1_massZ2_genbin3_recobin4 acc 0.0484 eff 0.0 outinratio 0.0546 

ttH126_4l_massZ1_massZ2_genbin3_recobin4 acc 0.06 eff 0.0 outinratio 0.0408 

ggH126_4l_massZ1_massZ2_genbin4_recobin4 acc 0.1182 eff 0.3899 outinratio 0.0102 

VBFH126_4l_massZ1_massZ2_genbin4_recobin4 acc 0.1392 eff 0.4188 outinratio 0.0078 

WminusH126_4l_massZ1_massZ2_genbin4_recobin4 acc 0.1154 eff 0.388 outinratio 0.0153 

WplusH126_4l_massZ1_massZ2_genbin4_recobin4 acc 0.1011 eff 0.3802 outinratio 0.0223 

ZH126_4l_massZ1_massZ2_genbin4_recobin4 acc 0.1077 eff 0.3848 outinratio 0.0546 

ttH126_4l_massZ1_massZ2_genbin4_recobin4 acc 0.1411 eff 0.3074 outinratio 0.0408 

ggH126_4l_massZ1_massZ2_genbin5_recobin4 acc 0.046 eff 0.0423 outinratio 0.0102 

VBFH126_4l_massZ1_massZ2_genbin5_recobin4 acc 0.0506 eff 0.0461 outinratio 0.0078 

WminusH126_4l_massZ1_massZ2_genbin5_recobin4 acc 0.042 eff 0.0538 outinratio 0.0153 

WplusH126_4l_massZ1_massZ2_genbin5_recobin4 acc 0.0374 eff 0.0463 outinratio 0.0223 

ZH126_4l_massZ1_massZ2_genbin5_recobin4 acc 0.0396 eff 0.0458 outinratio 0.0546 

ttH126_4l_massZ1_massZ2_genbin5_recobin4 acc 0.0487 eff 0.0305 outinratio 0.0408 

ggH126_4l_massZ1_massZ2_genbin6_recobin4 acc 0.0973 eff 0.0035 outinratio 0.0102 

VBFH126_4l_massZ1_massZ2_genbin6_recobin4 acc 0.1008 eff 0.0038 outinratio 0.0078 

WminusH126_4l_massZ1_massZ2_genbin6_recobin4 acc 0.0827 eff 0.0045 outinratio 0.0153 

WplusH126_4l_massZ1_massZ2_genbin6_recobin4 acc 0.0794 eff 0.003 outinratio 0.0223 

ZH126_4l_massZ1_massZ2_genbin6_recobin4 acc 0.0827 eff 0.0035 outinratio 0.0546 

ttH126_4l_massZ1_massZ2_genbin6_recobin4 acc 0.1021 eff 0.0012 outinratio 0.0408 

ggH126_4l_massZ1_massZ2_genbin0_recobin5 acc 0.0551 eff 0.0062 outinratio 0.0043 

VBFH126_4l_massZ1_massZ2_genbin0_recobin5 acc 0.0616 eff 0.0147 outinratio 0.0049 

WminusH126_4l_massZ1_massZ2_genbin0_recobin5 acc 0.0538 eff 0.009 outinratio 0.0196 

WplusH126_4l_massZ1_massZ2_genbin0_recobin5 acc 0.045 eff 0.0076 outinratio 0.0175 

ZH126_4l_massZ1_massZ2_genbin0_recobin5 acc 0.0486 eff 0.0057 outinratio 0.055 

ttH126_4l_massZ1_massZ2_genbin0_recobin5 acc 0.0604 eff 0.0108 outinratio 0.0398 

ggH126_4l_massZ1_massZ2_genbin1_recobin5 acc 0.0367 eff 0.0023 outinratio 0.0043 

VBFH126_4l_massZ1_massZ2_genbin1_recobin5 acc 0.0384 eff 0.0016 outinratio 0.0049 

WminusH126_4l_massZ1_massZ2_genbin1_recobin5 acc 0.0343 eff 0.0019 outinratio 0.0196 

WplusH126_4l_massZ1_massZ2_genbin1_recobin5 acc 0.0301 eff 0.0032 outinratio 0.0175 

ZH126_4l_massZ1_massZ2_genbin1_recobin5 acc 0.0322 eff 0.0021 outinratio 0.055 

ttH126_4l_massZ1_massZ2_genbin1_recobin5 acc 0.0402 eff 0.0015 outinratio 0.0398 

ggH126_4l_massZ1_massZ2_genbin2_recobin5 acc 0.0371 eff 0.0 outinratio 0.0043 

VBFH126_4l_massZ1_massZ2_genbin2_recobin5 acc 0.0391 eff 0.0 outinratio 0.0049 

WminusH126_4l_massZ1_massZ2_genbin2_recobin5 acc 0.0331 eff 0.0 outinratio 0.0196 

WplusH126_4l_massZ1_massZ2_genbin2_recobin5 acc 0.0297 eff 0.0 outinratio 0.0175 

ZH126_4l_massZ1_massZ2_genbin2_recobin5 acc 0.0316 eff 0.0002 outinratio 0.055 

ttH126_4l_massZ1_massZ2_genbin2_recobin5 acc 0.0373 eff 0.0 outinratio 0.0398 

ggH126_4l_massZ1_massZ2_genbin3_recobin5 acc 0.0562 eff 0.0 outinratio 0.0043 

VBFH126_4l_massZ1_massZ2_genbin3_recobin5 acc 0.0599 eff 0.0 outinratio 0.0049 

WminusH126_4l_massZ1_massZ2_genbin3_recobin5 acc 0.0513 eff 0.0 outinratio 0.0196 

WplusH126_4l_massZ1_massZ2_genbin3_recobin5 acc 0.0448 eff 0.0 outinratio 0.0175 

ZH126_4l_massZ1_massZ2_genbin3_recobin5 acc 0.0484 eff 0.0 outinratio 0.055 

ttH126_4l_massZ1_massZ2_genbin3_recobin5 acc 0.06 eff 0.0 outinratio 0.0398 

ggH126_4l_massZ1_massZ2_genbin4_recobin5 acc 0.1182 eff 0.0073 outinratio 0.0043 

VBFH126_4l_massZ1_massZ2_genbin4_recobin5 acc 0.1392 eff 0.0062 outinratio 0.0049 

WminusH126_4l_massZ1_massZ2_genbin4_recobin5 acc 0.1154 eff 0.0047 outinratio 0.0196 

WplusH126_4l_massZ1_massZ2_genbin4_recobin5 acc 0.1011 eff 0.0062 outinratio 0.0175 

ZH126_4l_massZ1_massZ2_genbin4_recobin5 acc 0.1077 eff 0.0075 outinratio 0.055 

ttH126_4l_massZ1_massZ2_genbin4_recobin5 acc 0.1411 eff 0.0057 outinratio 0.0398 

ggH126_4l_massZ1_massZ2_genbin5_recobin5 acc 0.046 eff 0.333 outinratio 0.0043 

VBFH126_4l_massZ1_massZ2_genbin5_recobin5 acc 0.0506 eff 0.3534 outinratio 0.0049 

WminusH126_4l_massZ1_massZ2_genbin5_recobin5 acc 0.042 eff 0.3267 outinratio 0.0196 

WplusH126_4l_massZ1_massZ2_genbin5_recobin5 acc 0.0374 eff 0.3288 outinratio 0.0175 

ZH126_4l_massZ1_massZ2_genbin5_recobin5 acc 0.0396 eff 0.3296 outinratio 0.055 

ttH126_4l_massZ1_massZ2_genbin5_recobin5 acc 0.0487 eff 0.2863 outinratio 0.0398 

ggH126_4l_massZ1_massZ2_genbin6_recobin5 acc 0.0973 eff 0.0278 outinratio 0.0043 

VBFH126_4l_massZ1_massZ2_genbin6_recobin5 acc 0.1008 eff 0.0332 outinratio 0.0049 

WminusH126_4l_massZ1_massZ2_genbin6_recobin5 acc 0.0827 eff 0.029 outinratio 0.0196 

WplusH126_4l_massZ1_massZ2_genbin6_recobin5 acc 0.0794 eff 0.0299 outinratio 0.0175 

ZH126_4l_massZ1_massZ2_genbin6_recobin5 acc 0.0827 eff 0.0258 outinratio 0.055 

ttH126_4l_massZ1_massZ2_genbin6_recobin5 acc 0.1021 eff 0.0274 outinratio 0.0398 

ggH126_4l_massZ1_massZ2_genbin0_recobin6 acc 0.0551 eff 0.0007 outinratio 0.0062 

VBFH126_4l_massZ1_massZ2_genbin0_recobin6 acc 0.0616 eff 0.0016 outinratio 0.0048 

WminusH126_4l_massZ1_massZ2_genbin0_recobin6 acc 0.0538 eff 0.0 outinratio 0.0129 

WplusH126_4l_massZ1_massZ2_genbin0_recobin6 acc 0.045 eff 0.0004 outinratio 0.0119 

ZH126_4l_massZ1_massZ2_genbin0_recobin6 acc 0.0486 eff 0.0004 outinratio 0.0556 

ttH126_4l_massZ1_massZ2_genbin0_recobin6 acc 0.0604 eff 0.001 outinratio 0.0464 

ggH126_4l_massZ1_massZ2_genbin1_recobin6 acc 0.0367 eff 0.0318 outinratio 0.0062 

VBFH126_4l_massZ1_massZ2_genbin1_recobin6 acc 0.0384 eff 0.0331 outinratio 0.0048 

WminusH126_4l_massZ1_massZ2_genbin1_recobin6 acc 0.0343 eff 0.0283 outinratio 0.0129 

WplusH126_4l_massZ1_massZ2_genbin1_recobin6 acc 0.0301 eff 0.0289 outinratio 0.0119 

ZH126_4l_massZ1_massZ2_genbin1_recobin6 acc 0.0322 eff 0.0354 outinratio 0.0556 

ttH126_4l_massZ1_massZ2_genbin1_recobin6 acc 0.0402 eff 0.0177 outinratio 0.0464 

ggH126_4l_massZ1_massZ2_genbin2_recobin6 acc 0.0371 eff 0.017 outinratio 0.0062 

VBFH126_4l_massZ1_massZ2_genbin2_recobin6 acc 0.0391 eff 0.0282 outinratio 0.0048 

WminusH126_4l_massZ1_massZ2_genbin2_recobin6 acc 0.0331 eff 0.0173 outinratio 0.0129 

WplusH126_4l_massZ1_massZ2_genbin2_recobin6 acc 0.0297 eff 0.02 outinratio 0.0119 

ZH126_4l_massZ1_massZ2_genbin2_recobin6 acc 0.0316 eff 0.0223 outinratio 0.0556 

ttH126_4l_massZ1_massZ2_genbin2_recobin6 acc 0.0373 eff 0.025 outinratio 0.0464 

ggH126_4l_massZ1_massZ2_genbin3_recobin6 acc 0.0562 eff 0.0003 outinratio 0.0062 

VBFH126_4l_massZ1_massZ2_genbin3_recobin6 acc 0.0599 eff 0.0 outinratio 0.0048 

WminusH126_4l_massZ1_massZ2_genbin3_recobin6 acc 0.0513 eff 0.0003 outinratio 0.0129 

WplusH126_4l_massZ1_massZ2_genbin3_recobin6 acc 0.0448 eff 0.0002 outinratio 0.0119 

ZH126_4l_massZ1_massZ2_genbin3_recobin6 acc 0.0484 eff 0.0009 outinratio 0.0556 

ttH126_4l_massZ1_massZ2_genbin3_recobin6 acc 0.06 eff 0.0 outinratio 0.0464 

ggH126_4l_massZ1_massZ2_genbin4_recobin6 acc 0.1182 eff 0.0006 outinratio 0.0062 

VBFH126_4l_massZ1_massZ2_genbin4_recobin6 acc 0.1392 eff 0.0011 outinratio 0.0048 

WminusH126_4l_massZ1_massZ2_genbin4_recobin6 acc 0.1154 eff 0.0002 outinratio 0.0129 

WplusH126_4l_massZ1_massZ2_genbin4_recobin6 acc 0.1011 eff 0.0009 outinratio 0.0119 

ZH126_4l_massZ1_massZ2_genbin4_recobin6 acc 0.1077 eff 0.0004 outinratio 0.0556 

ttH126_4l_massZ1_massZ2_genbin4_recobin6 acc 0.1411 eff 0.0005 outinratio 0.0464 

ggH126_4l_massZ1_massZ2_genbin5_recobin6 acc 0.046 eff 0.0239 outinratio 0.0062 

VBFH126_4l_massZ1_massZ2_genbin5_recobin6 acc 0.0506 eff 0.0179 outinratio 0.0048 

WminusH126_4l_massZ1_massZ2_genbin5_recobin6 acc 0.042 eff 0.024 outinratio 0.0129 

WplusH126_4l_massZ1_massZ2_genbin5_recobin6 acc 0.0374 eff 0.0223 outinratio 0.0119 

ZH126_4l_massZ1_massZ2_genbin5_recobin6 acc 0.0396 eff 0.0219 outinratio 0.0556 

ttH126_4l_massZ1_massZ2_genbin5_recobin6 acc 0.0487 eff 0.0185 outinratio 0.0464 

ggH126_4l_massZ1_massZ2_genbin6_recobin6 acc 0.0973 eff 0.3785 outinratio 0.0062 

VBFH126_4l_massZ1_massZ2_genbin6_recobin6 acc 0.1008 eff 0.4011 outinratio 0.0048 

WminusH126_4l_massZ1_massZ2_genbin6_recobin6 acc 0.0827 eff 0.3627 outinratio 0.0129 

WplusH126_4l_massZ1_massZ2_genbin6_recobin6 acc 0.0794 eff 0.3652 outinratio 0.0119 

ZH126_4l_massZ1_massZ2_genbin6_recobin6 acc 0.0827 eff 0.3527 outinratio 0.0556 

ttH126_4l_massZ1_massZ2_genbin6_recobin6 acc 0.1021 eff 0.3132 outinratio 0.0464 

ggH126_4e_massZ1_massZ2_genbin0_recobin0 acc 0.0544 eff 0.2782 outinratio 0.0201 

VBFH126_4e_massZ1_massZ2_genbin0_recobin0 acc 0.0594 eff 0.2931 outinratio 0.024 

WminusH126_4e_massZ1_massZ2_genbin0_recobin0 acc 0.0543 eff 0.3014 outinratio 0.0233 

WplusH126_4e_massZ1_massZ2_genbin0_recobin0 acc 0.0465 eff 0.298 outinratio 0.0207 

ZH126_4e_massZ1_massZ2_genbin0_recobin0 acc 0.0495 eff 0.2993 outinratio 0.0614 

ttH126_4e_massZ1_massZ2_genbin0_recobin0 acc 0.0598 eff 0.2567 outinratio 0.0574 

ggH126_4e_massZ1_massZ2_genbin1_recobin0 acc 0.0388 eff 0.0277 outinratio 0.0201 

VBFH126_4e_massZ1_massZ2_genbin1_recobin0 acc 0.0414 eff 0.0444 outinratio 0.024 

WminusH126_4e_massZ1_massZ2_genbin1_recobin0 acc 0.0355 eff 0.039 outinratio 0.0233 

WplusH126_4e_massZ1_massZ2_genbin1_recobin0 acc 0.0312 eff 0.0333 outinratio 0.0207 

ZH126_4e_massZ1_massZ2_genbin1_recobin0 acc 0.0313 eff 0.0337 outinratio 0.0614 

ttH126_4e_massZ1_massZ2_genbin1_recobin0 acc 0.0429 eff 0.0348 outinratio 0.0574 

ggH126_4e_massZ1_massZ2_genbin2_recobin0 acc 0.0412 eff 0.0032 outinratio 0.0201 

VBFH126_4e_massZ1_massZ2_genbin2_recobin0 acc 0.0452 eff 0.003 outinratio 0.024 

WminusH126_4e_massZ1_massZ2_genbin2_recobin0 acc 0.036 eff 0.0041 outinratio 0.0233 

WplusH126_4e_massZ1_massZ2_genbin2_recobin0 acc 0.0319 eff 0.0012 outinratio 0.0207 

ZH126_4e_massZ1_massZ2_genbin2_recobin0 acc 0.0335 eff 0.0081 outinratio 0.0614 

ttH126_4e_massZ1_massZ2_genbin2_recobin0 acc 0.0397 eff 0.0 outinratio 0.0574 

ggH126_4e_massZ1_massZ2_genbin3_recobin0 acc 0.0647 eff 0.0027 outinratio 0.0201 

VBFH126_4e_massZ1_massZ2_genbin3_recobin0 acc 0.0654 eff 0.0 outinratio 0.024 

WminusH126_4e_massZ1_massZ2_genbin3_recobin0 acc 0.0565 eff 0.0008 outinratio 0.0233 

WplusH126_4e_massZ1_massZ2_genbin3_recobin0 acc 0.0507 eff 0.002 outinratio 0.0207 

ZH126_4e_massZ1_massZ2_genbin3_recobin0 acc 0.0534 eff 0.0022 outinratio 0.0614 

ttH126_4e_massZ1_massZ2_genbin3_recobin0 acc 0.0685 eff 0.0012 outinratio 0.0574 

ggH126_4e_massZ1_massZ2_genbin4_recobin0 acc 0.1 eff 0.0613 outinratio 0.0201 

VBFH126_4e_massZ1_massZ2_genbin4_recobin0 acc 0.1202 eff 0.0725 outinratio 0.024 

WminusH126_4e_massZ1_massZ2_genbin4_recobin0 acc 0.1008 eff 0.0605 outinratio 0.0233 

WplusH126_4e_massZ1_massZ2_genbin4_recobin0 acc 0.088 eff 0.0666 outinratio 0.0207 

ZH126_4e_massZ1_massZ2_genbin4_recobin0 acc 0.0923 eff 0.0625 outinratio 0.0614 

ttH126_4e_massZ1_massZ2_genbin4_recobin0 acc 0.1247 eff 0.0468 outinratio 0.0574 

ggH126_4e_massZ1_massZ2_genbin5_recobin0 acc 0.0403 eff 0.0503 outinratio 0.0201 

VBFH126_4e_massZ1_massZ2_genbin5_recobin0 acc 0.0418 eff 0.0351 outinratio 0.024 

WminusH126_4e_massZ1_massZ2_genbin5_recobin0 acc 0.0379 eff 0.0569 outinratio 0.0233 

WplusH126_4e_massZ1_massZ2_genbin5_recobin0 acc 0.0326 eff 0.0422 outinratio 0.0207 

ZH126_4e_massZ1_massZ2_genbin5_recobin0 acc 0.0371 eff 0.0533 outinratio 0.0614 

ttH126_4e_massZ1_massZ2_genbin5_recobin0 acc 0.0439 eff 0.0366 outinratio 0.0574 

ggH126_4e_massZ1_massZ2_genbin6_recobin0 acc 0.0903 eff 0.0105 outinratio 0.0201 

VBFH126_4e_massZ1_massZ2_genbin6_recobin0 acc 0.0914 eff 0.0173 outinratio 0.024 

WminusH126_4e_massZ1_massZ2_genbin6_recobin0 acc 0.0752 eff 0.0057 outinratio 0.0233 

WplusH126_4e_massZ1_massZ2_genbin6_recobin0 acc 0.0741 eff 0.0096 outinratio 0.0207 

ZH126_4e_massZ1_massZ2_genbin6_recobin0 acc 0.0762 eff 0.0071 outinratio 0.0614 

ttH126_4e_massZ1_massZ2_genbin6_recobin0 acc 0.0925 eff 0.0055 outinratio 0.0574 

ggH126_4e_massZ1_massZ2_genbin0_recobin1 acc 0.0544 eff 0.0099 outinratio 0.007 

VBFH126_4e_massZ1_massZ2_genbin0_recobin1 acc 0.0594 eff 0.0098 outinratio 0.0109 

WminusH126_4e_massZ1_massZ2_genbin0_recobin1 acc 0.0543 eff 0.0061 outinratio 0.0072 

WplusH126_4e_massZ1_massZ2_genbin0_recobin1 acc 0.0465 eff 0.0106 outinratio 0.0072 

ZH126_4e_massZ1_massZ2_genbin0_recobin1 acc 0.0495 eff 0.0089 outinratio 0.0645 

ttH126_4e_massZ1_massZ2_genbin0_recobin1 acc 0.0598 eff 0.0052 outinratio 0.0657 

ggH126_4e_massZ1_massZ2_genbin1_recobin1 acc 0.0388 eff 0.245 outinratio 0.007 

VBFH126_4e_massZ1_massZ2_genbin1_recobin1 acc 0.0414 eff 0.2566 outinratio 0.0109 

WminusH126_4e_massZ1_massZ2_genbin1_recobin1 acc 0.0355 eff 0.2528 outinratio 0.0072 

WplusH126_4e_massZ1_massZ2_genbin1_recobin1 acc 0.0312 eff 0.2542 outinratio 0.0072 

ZH126_4e_massZ1_massZ2_genbin1_recobin1 acc 0.0313 eff 0.246 outinratio 0.0645 

ttH126_4e_massZ1_massZ2_genbin1_recobin1 acc 0.0429 eff 0.2141 outinratio 0.0657 

ggH126_4e_massZ1_massZ2_genbin2_recobin1 acc 0.0412 eff 0.0448 outinratio 0.007 

VBFH126_4e_massZ1_massZ2_genbin2_recobin1 acc 0.0452 eff 0.0467 outinratio 0.0109 

WminusH126_4e_massZ1_massZ2_genbin2_recobin1 acc 0.036 eff 0.0446 outinratio 0.0072 

WplusH126_4e_massZ1_massZ2_genbin2_recobin1 acc 0.0319 eff 0.054 outinratio 0.0072 

ZH126_4e_massZ1_massZ2_genbin2_recobin1 acc 0.0335 eff 0.0412 outinratio 0.0645 

ttH126_4e_massZ1_massZ2_genbin2_recobin1 acc 0.0397 eff 0.0358 outinratio 0.0657 

ggH126_4e_massZ1_massZ2_genbin3_recobin1 acc 0.0647 eff 0.0041 outinratio 0.007 

VBFH126_4e_massZ1_massZ2_genbin3_recobin1 acc 0.0654 eff 0.0071 outinratio 0.0109 

WminusH126_4e_massZ1_massZ2_genbin3_recobin1 acc 0.0565 eff 0.0005 outinratio 0.0072 

WplusH126_4e_massZ1_massZ2_genbin3_recobin1 acc 0.0507 eff 0.0027 outinratio 0.0072 

ZH126_4e_massZ1_massZ2_genbin3_recobin1 acc 0.0534 eff 0.0017 outinratio 0.0645 

ttH126_4e_massZ1_massZ2_genbin3_recobin1 acc 0.0685 eff 0.0009 outinratio 0.0657 

ggH126_4e_massZ1_massZ2_genbin4_recobin1 acc 0.1 eff 0.0003 outinratio 0.007 

VBFH126_4e_massZ1_massZ2_genbin4_recobin1 acc 0.1202 eff 0.0 outinratio 0.0109 

WminusH126_4e_massZ1_massZ2_genbin4_recobin1 acc 0.1008 eff 0.0 outinratio 0.0072 

WplusH126_4e_massZ1_massZ2_genbin4_recobin1 acc 0.088 eff 0.0004 outinratio 0.0072 

ZH126_4e_massZ1_massZ2_genbin4_recobin1 acc 0.0923 eff 0.0005 outinratio 0.0645 

ttH126_4e_massZ1_massZ2_genbin4_recobin1 acc 0.1247 eff 0.0 outinratio 0.0657 

ggH126_4e_massZ1_massZ2_genbin5_recobin1 acc 0.0403 eff 0.007 outinratio 0.007 

VBFH126_4e_massZ1_massZ2_genbin5_recobin1 acc 0.0418 eff 0.0076 outinratio 0.0109 

WminusH126_4e_massZ1_massZ2_genbin5_recobin1 acc 0.0379 eff 0.0028 outinratio 0.0072 

WplusH126_4e_massZ1_massZ2_genbin5_recobin1 acc 0.0326 eff 0.0066 outinratio 0.0072 

ZH126_4e_massZ1_massZ2_genbin5_recobin1 acc 0.0371 eff 0.0109 outinratio 0.0645 

ttH126_4e_massZ1_massZ2_genbin5_recobin1 acc 0.0439 eff 0.0 outinratio 0.0657 

ggH126_4e_massZ1_massZ2_genbin6_recobin1 acc 0.0903 eff 0.0556 outinratio 0.007 

VBFH126_4e_massZ1_massZ2_genbin6_recobin1 acc 0.0914 eff 0.0512 outinratio 0.0109 

WminusH126_4e_massZ1_massZ2_genbin6_recobin1 acc 0.0752 eff 0.0572 outinratio 0.0072 

WplusH126_4e_massZ1_massZ2_genbin6_recobin1 acc 0.0741 eff 0.0581 outinratio 0.0072 

ZH126_4e_massZ1_massZ2_genbin6_recobin1 acc 0.0762 eff 0.0554 outinratio 0.0645 

ttH126_4e_massZ1_massZ2_genbin6_recobin1 acc 0.0925 eff 0.0484 outinratio 0.0657 

ggH126_4e_massZ1_massZ2_genbin0_recobin2 acc 0.0544 eff 0.0005 outinratio 0.0163 

VBFH126_4e_massZ1_massZ2_genbin0_recobin2 acc 0.0594 eff 0.0 outinratio 0.0452 

WminusH126_4e_massZ1_massZ2_genbin0_recobin2 acc 0.0543 eff 0.0029 outinratio 0.0168 

WplusH126_4e_massZ1_massZ2_genbin0_recobin2 acc 0.0465 eff 0.0012 outinratio 0.0144 

ZH126_4e_massZ1_massZ2_genbin0_recobin2 acc 0.0495 eff 0.0029 outinratio 0.0562 

ttH126_4e_massZ1_massZ2_genbin0_recobin2 acc 0.0598 eff 0.0009 outinratio 0.0224 

ggH126_4e_massZ1_massZ2_genbin1_recobin2 acc 0.0388 eff 0.0191 outinratio 0.0163 

VBFH126_4e_massZ1_massZ2_genbin1_recobin2 acc 0.0414 eff 0.0227 outinratio 0.0452 

WminusH126_4e_massZ1_massZ2_genbin1_recobin2 acc 0.0355 eff 0.008 outinratio 0.0168 

WplusH126_4e_massZ1_massZ2_genbin1_recobin2 acc 0.0312 eff 0.02 outinratio 0.0144 

ZH126_4e_massZ1_massZ2_genbin1_recobin2 acc 0.0313 eff 0.0162 outinratio 0.0562 

ttH126_4e_massZ1_massZ2_genbin1_recobin2 acc 0.0429 eff 0.0133 outinratio 0.0224 

ggH126_4e_massZ1_massZ2_genbin2_recobin2 acc 0.0412 eff 0.2677 outinratio 0.0163 

VBFH126_4e_massZ1_massZ2_genbin2_recobin2 acc 0.0452 eff 0.3167 outinratio 0.0452 

WminusH126_4e_massZ1_massZ2_genbin2_recobin2 acc 0.036 eff 0.2876 outinratio 0.0168 

WplusH126_4e_massZ1_massZ2_genbin2_recobin2 acc 0.0319 eff 0.2643 outinratio 0.0144 

ZH126_4e_massZ1_massZ2_genbin2_recobin2 acc 0.0335 eff 0.2932 outinratio 0.0562 

ttH126_4e_massZ1_massZ2_genbin2_recobin2 acc 0.0397 eff 0.2453 outinratio 0.0224 

ggH126_4e_massZ1_massZ2_genbin3_recobin2 acc 0.0647 eff 0.0293 outinratio 0.0163 

VBFH126_4e_massZ1_massZ2_genbin3_recobin2 acc 0.0654 eff 0.0267 outinratio 0.0452 

WminusH126_4e_massZ1_massZ2_genbin3_recobin2 acc 0.0565 eff 0.0404 outinratio 0.0168 

WplusH126_4e_massZ1_massZ2_genbin3_recobin2 acc 0.0507 eff 0.0244 outinratio 0.0144 

ZH126_4e_massZ1_massZ2_genbin3_recobin2 acc 0.0534 eff 0.0278 outinratio 0.0562 

ttH126_4e_massZ1_massZ2_genbin3_recobin2 acc 0.0685 eff 0.0229 outinratio 0.0224 

ggH126_4e_massZ1_massZ2_genbin4_recobin2 acc 0.1 eff 0.0 outinratio 0.0163 

VBFH126_4e_massZ1_massZ2_genbin4_recobin2 acc 0.1202 eff 0.0 outinratio 0.0452 

WminusH126_4e_massZ1_massZ2_genbin4_recobin2 acc 0.1008 eff 0.0 outinratio 0.0168 

WplusH126_4e_massZ1_massZ2_genbin4_recobin2 acc 0.088 eff 0.0 outinratio 0.0144 

ZH126_4e_massZ1_massZ2_genbin4_recobin2 acc 0.0923 eff 0.0 outinratio 0.0562 

ttH126_4e_massZ1_massZ2_genbin4_recobin2 acc 0.1247 eff 0.0 outinratio 0.0224 

ggH126_4e_massZ1_massZ2_genbin5_recobin2 acc 0.0403 eff 0.0 outinratio 0.0163 

VBFH126_4e_massZ1_massZ2_genbin5_recobin2 acc 0.0418 eff 0.0036 outinratio 0.0452 

WminusH126_4e_massZ1_massZ2_genbin5_recobin2 acc 0.0379 eff 0.0 outinratio 0.0168 

WplusH126_4e_massZ1_massZ2_genbin5_recobin2 acc 0.0326 eff 0.0 outinratio 0.0144 

ZH126_4e_massZ1_massZ2_genbin5_recobin2 acc 0.0371 eff 0.0 outinratio 0.0562 

ttH126_4e_massZ1_massZ2_genbin5_recobin2 acc 0.0439 eff 0.0 outinratio 0.0224 

ggH126_4e_massZ1_massZ2_genbin6_recobin2 acc 0.0903 eff 0.0148 outinratio 0.0163 

VBFH126_4e_massZ1_massZ2_genbin6_recobin2 acc 0.0914 eff 0.0091 outinratio 0.0452 

WminusH126_4e_massZ1_massZ2_genbin6_recobin2 acc 0.0752 eff 0.0092 outinratio 0.0168 

WplusH126_4e_massZ1_massZ2_genbin6_recobin2 acc 0.0741 eff 0.0123 outinratio 0.0144 

ZH126_4e_massZ1_massZ2_genbin6_recobin2 acc 0.0762 eff 0.0099 outinratio 0.0562 

ttH126_4e_massZ1_massZ2_genbin6_recobin2 acc 0.0925 eff 0.0082 outinratio 0.0224 

ggH126_4e_massZ1_massZ2_genbin0_recobin3 acc 0.0544 eff 0.0022 outinratio 0.0074 

VBFH126_4e_massZ1_massZ2_genbin0_recobin3 acc 0.0594 eff 0.0 outinratio 0.0126 

WminusH126_4e_massZ1_massZ2_genbin0_recobin3 acc 0.0543 eff 0.0026 outinratio 0.0374 

WplusH126_4e_massZ1_massZ2_genbin0_recobin3 acc 0.0465 eff 0.0007 outinratio 0.018 

ZH126_4e_massZ1_massZ2_genbin0_recobin3 acc 0.0495 eff 0.0009 outinratio 0.0553 

ttH126_4e_massZ1_massZ2_genbin0_recobin3 acc 0.0598 eff 0.0012 outinratio 0.0628 

ggH126_4e_massZ1_massZ2_genbin1_recobin3 acc 0.0388 eff 0.0052 outinratio 0.0074 

VBFH126_4e_massZ1_massZ2_genbin1_recobin3 acc 0.0414 eff 0.0023 outinratio 0.0126 

WminusH126_4e_massZ1_massZ2_genbin1_recobin3 acc 0.0355 eff 0.0017 outinratio 0.0374 

WplusH126_4e_massZ1_massZ2_genbin1_recobin3 acc 0.0312 eff 0.0053 outinratio 0.018 

ZH126_4e_massZ1_massZ2_genbin1_recobin3 acc 0.0313 eff 0.0034 outinratio 0.0553 

ttH126_4e_massZ1_massZ2_genbin1_recobin3 acc 0.0429 eff 0.0029 outinratio 0.0628 

ggH126_4e_massZ1_massZ2_genbin2_recobin3 acc 0.0412 eff 0.0162 outinratio 0.0074 

VBFH126_4e_massZ1_massZ2_genbin2_recobin3 acc 0.0452 eff 0.0068 outinratio 0.0126 

WminusH126_4e_massZ1_massZ2_genbin2_recobin3 acc 0.036 eff 0.0187 outinratio 0.0374 

WplusH126_4e_massZ1_massZ2_genbin2_recobin3 acc 0.0319 eff 0.0105 outinratio 0.018 

ZH126_4e_massZ1_massZ2_genbin2_recobin3 acc 0.0335 eff 0.0221 outinratio 0.0553 

ttH126_4e_massZ1_massZ2_genbin2_recobin3 acc 0.0397 eff 0.0092 outinratio 0.0628 

ggH126_4e_massZ1_massZ2_genbin3_recobin3 acc 0.0647 eff 0.3461 outinratio 0.0074 

VBFH126_4e_massZ1_massZ2_genbin3_recobin3 acc 0.0654 eff 0.3908 outinratio 0.0126 

WminusH126_4e_massZ1_massZ2_genbin3_recobin3 acc 0.0565 eff 0.3193 outinratio 0.0374 

WplusH126_4e_massZ1_massZ2_genbin3_recobin3 acc 0.0507 eff 0.3373 outinratio 0.018 

ZH126_4e_massZ1_massZ2_genbin3_recobin3 acc 0.0534 eff 0.3378 outinratio 0.0553 

ttH126_4e_massZ1_massZ2_genbin3_recobin3 acc 0.0685 eff 0.2943 outinratio 0.0628 

ggH126_4e_massZ1_massZ2_genbin4_recobin3 acc 0.1 eff 0.0 outinratio 0.0074 

VBFH126_4e_massZ1_massZ2_genbin4_recobin3 acc 0.1202 eff 0.0 outinratio 0.0126 

WminusH126_4e_massZ1_massZ2_genbin4_recobin3 acc 0.1008 eff 0.0 outinratio 0.0374 

WplusH126_4e_massZ1_massZ2_genbin4_recobin3 acc 0.088 eff 0.0 outinratio 0.018 

ZH126_4e_massZ1_massZ2_genbin4_recobin3 acc 0.0923 eff 0.0 outinratio 0.0553 

ttH126_4e_massZ1_massZ2_genbin4_recobin3 acc 0.1247 eff 0.0 outinratio 0.0628 

ggH126_4e_massZ1_massZ2_genbin5_recobin3 acc 0.0403 eff 0.0 outinratio 0.0074 

VBFH126_4e_massZ1_massZ2_genbin5_recobin3 acc 0.0418 eff 0.0 outinratio 0.0126 

WminusH126_4e_massZ1_massZ2_genbin5_recobin3 acc 0.0379 eff 0.0 outinratio 0.0374 

WplusH126_4e_massZ1_massZ2_genbin5_recobin3 acc 0.0326 eff 0.0 outinratio 0.018 

ZH126_4e_massZ1_massZ2_genbin5_recobin3 acc 0.0371 eff 0.0 outinratio 0.0553 

ttH126_4e_massZ1_massZ2_genbin5_recobin3 acc 0.0439 eff 0.0 outinratio 0.0628 

ggH126_4e_massZ1_massZ2_genbin6_recobin3 acc 0.0903 eff 0.0 outinratio 0.0074 

VBFH126_4e_massZ1_massZ2_genbin6_recobin3 acc 0.0914 eff 0.0 outinratio 0.0126 

WminusH126_4e_massZ1_massZ2_genbin6_recobin3 acc 0.0752 eff 0.0 outinratio 0.0374 

WplusH126_4e_massZ1_massZ2_genbin6_recobin3 acc 0.0741 eff 0.0003 outinratio 0.018 

ZH126_4e_massZ1_massZ2_genbin6_recobin3 acc 0.0762 eff 0.0 outinratio 0.0553 

ttH126_4e_massZ1_massZ2_genbin6_recobin3 acc 0.0925 eff 0.0014 outinratio 0.0628 

ggH126_4e_massZ1_massZ2_genbin0_recobin4 acc 0.0544 eff 0.0125 outinratio 0.0214 

VBFH126_4e_massZ1_massZ2_genbin0_recobin4 acc 0.0594 eff 0.0186 outinratio 0.0111 

WminusH126_4e_massZ1_massZ2_genbin0_recobin4 acc 0.0543 eff 0.0118 outinratio 0.0229 

WplusH126_4e_massZ1_massZ2_genbin0_recobin4 acc 0.0465 eff 0.0115 outinratio 0.028 

ZH126_4e_massZ1_massZ2_genbin0_recobin4 acc 0.0495 eff 0.0178 outinratio 0.0705 

ttH126_4e_massZ1_massZ2_genbin0_recobin4 acc 0.0598 eff 0.0217 outinratio 0.045 

ggH126_4e_massZ1_massZ2_genbin1_recobin4 acc 0.0388 eff 0.0 outinratio 0.0214 

VBFH126_4e_massZ1_massZ2_genbin1_recobin4 acc 0.0414 eff 0.0 outinratio 0.0111 

WminusH126_4e_massZ1_massZ2_genbin1_recobin4 acc 0.0355 eff 0.0009 outinratio 0.0229 

WplusH126_4e_massZ1_massZ2_genbin1_recobin4 acc 0.0312 eff 0.0 outinratio 0.028 

ZH126_4e_massZ1_massZ2_genbin1_recobin4 acc 0.0313 eff 0.0 outinratio 0.0705 

ttH126_4e_massZ1_massZ2_genbin1_recobin4 acc 0.0429 eff 0.0 outinratio 0.045 

ggH126_4e_massZ1_massZ2_genbin2_recobin4 acc 0.0412 eff 0.0 outinratio 0.0214 

VBFH126_4e_massZ1_massZ2_genbin2_recobin4 acc 0.0452 eff 0.0 outinratio 0.0111 

WminusH126_4e_massZ1_massZ2_genbin2_recobin4 acc 0.036 eff 0.0 outinratio 0.0229 

WplusH126_4e_massZ1_massZ2_genbin2_recobin4 acc 0.0319 eff 0.0 outinratio 0.028 

ZH126_4e_massZ1_massZ2_genbin2_recobin4 acc 0.0335 eff 0.0 outinratio 0.0705 

ttH126_4e_massZ1_massZ2_genbin2_recobin4 acc 0.0397 eff 0.0 outinratio 0.045 

ggH126_4e_massZ1_massZ2_genbin3_recobin4 acc 0.0647 eff 0.0 outinratio 0.0214 

VBFH126_4e_massZ1_massZ2_genbin3_recobin4 acc 0.0654 eff 0.0 outinratio 0.0111 

WminusH126_4e_massZ1_massZ2_genbin3_recobin4 acc 0.0565 eff 0.0 outinratio 0.0229 

WplusH126_4e_massZ1_massZ2_genbin3_recobin4 acc 0.0507 eff 0.0 outinratio 0.028 

ZH126_4e_massZ1_massZ2_genbin3_recobin4 acc 0.0534 eff 0.0 outinratio 0.0705 

ttH126_4e_massZ1_massZ2_genbin3_recobin4 acc 0.0685 eff 0.0 outinratio 0.045 

ggH126_4e_massZ1_massZ2_genbin4_recobin4 acc 0.1 eff 0.2272 outinratio 0.0214 

VBFH126_4e_massZ1_massZ2_genbin4_recobin4 acc 0.1202 eff 0.2542 outinratio 0.0111 

WminusH126_4e_massZ1_massZ2_genbin4_recobin4 acc 0.1008 eff 0.2362 outinratio 0.0229 

WplusH126_4e_massZ1_massZ2_genbin4_recobin4 acc 0.088 eff 0.2377 outinratio 0.028 

ZH126_4e_massZ1_massZ2_genbin4_recobin4 acc 0.0923 eff 0.2264 outinratio 0.0705 

ttH126_4e_massZ1_massZ2_genbin4_recobin4 acc 0.1247 eff 0.2172 outinratio 0.045 

ggH126_4e_massZ1_massZ2_genbin5_recobin4 acc 0.0403 eff 0.0482 outinratio 0.0214 

VBFH126_4e_massZ1_massZ2_genbin5_recobin4 acc 0.0418 eff 0.0648 outinratio 0.0111 

WminusH126_4e_massZ1_massZ2_genbin5_recobin4 acc 0.0379 eff 0.0566 outinratio 0.0229 

WplusH126_4e_massZ1_massZ2_genbin5_recobin4 acc 0.0326 eff 0.0633 outinratio 0.028 

ZH126_4e_massZ1_massZ2_genbin5_recobin4 acc 0.0371 eff 0.0556 outinratio 0.0705 

ttH126_4e_massZ1_massZ2_genbin5_recobin4 acc 0.0439 eff 0.034 outinratio 0.045 

ggH126_4e_massZ1_massZ2_genbin6_recobin4 acc 0.0903 eff 0.0054 outinratio 0.0214 

VBFH126_4e_massZ1_massZ2_genbin6_recobin4 acc 0.0914 eff 0.0046 outinratio 0.0111 

WminusH126_4e_massZ1_massZ2_genbin6_recobin4 acc 0.0752 eff 0.0068 outinratio 0.0229 

WplusH126_4e_massZ1_massZ2_genbin6_recobin4 acc 0.0741 eff 0.0047 outinratio 0.028 

ZH126_4e_massZ1_massZ2_genbin6_recobin4 acc 0.0762 eff 0.0054 outinratio 0.0705 

ttH126_4e_massZ1_massZ2_genbin6_recobin4 acc 0.0925 eff 0.0013 outinratio 0.045 

ggH126_4e_massZ1_massZ2_genbin0_recobin5 acc 0.0544 eff 0.0081 outinratio 0.0055 

VBFH126_4e_massZ1_massZ2_genbin0_recobin5 acc 0.0594 eff 0.017 outinratio 0.0 

WminusH126_4e_massZ1_massZ2_genbin0_recobin5 acc 0.0543 eff 0.0005 outinratio 0.0282 

WplusH126_4e_massZ1_massZ2_genbin0_recobin5 acc 0.0465 eff 0.0045 outinratio 0.0239 

ZH126_4e_massZ1_massZ2_genbin0_recobin5 acc 0.0495 eff 0.0048 outinratio 0.0238 

ttH126_4e_massZ1_massZ2_genbin0_recobin5 acc 0.0598 eff 0.003 outinratio 0.0836 

ggH126_4e_massZ1_massZ2_genbin1_recobin5 acc 0.0388 eff 0.0029 outinratio 0.0055 

VBFH126_4e_massZ1_massZ2_genbin1_recobin5 acc 0.0414 eff 0.0015 outinratio 0.0 

WminusH126_4e_massZ1_massZ2_genbin1_recobin5 acc 0.0355 eff 0.0014 outinratio 0.0282 

WplusH126_4e_massZ1_massZ2_genbin1_recobin5 acc 0.0312 eff 0.0026 outinratio 0.0239 

ZH126_4e_massZ1_massZ2_genbin1_recobin5 acc 0.0313 eff 0.0019 outinratio 0.0238 

ttH126_4e_massZ1_massZ2_genbin1_recobin5 acc 0.0429 eff 0.0 outinratio 0.0836 

ggH126_4e_massZ1_massZ2_genbin2_recobin5 acc 0.0412 eff 0.0 outinratio 0.0055 

VBFH126_4e_massZ1_massZ2_genbin2_recobin5 acc 0.0452 eff 0.0 outinratio 0.0 

WminusH126_4e_massZ1_massZ2_genbin2_recobin5 acc 0.036 eff 0.0 outinratio 0.0282 

WplusH126_4e_massZ1_massZ2_genbin2_recobin5 acc 0.0319 eff 0.0 outinratio 0.0239 

ZH126_4e_massZ1_massZ2_genbin2_recobin5 acc 0.0335 eff 0.0 outinratio 0.0238 

ttH126_4e_massZ1_massZ2_genbin2_recobin5 acc 0.0397 eff 0.0 outinratio 0.0836 

ggH126_4e_massZ1_massZ2_genbin3_recobin5 acc 0.0647 eff 0.0 outinratio 0.0055 

VBFH126_4e_massZ1_massZ2_genbin3_recobin5 acc 0.0654 eff 0.0 outinratio 0.0 

WminusH126_4e_massZ1_massZ2_genbin3_recobin5 acc 0.0565 eff 0.0 outinratio 0.0282 

WplusH126_4e_massZ1_massZ2_genbin3_recobin5 acc 0.0507 eff 0.0 outinratio 0.0239 

ZH126_4e_massZ1_massZ2_genbin3_recobin5 acc 0.0534 eff 0.0 outinratio 0.0238 

ttH126_4e_massZ1_massZ2_genbin3_recobin5 acc 0.0685 eff 0.0 outinratio 0.0836 

ggH126_4e_massZ1_massZ2_genbin4_recobin5 acc 0.1 eff 0.0045 outinratio 0.0055 

VBFH126_4e_massZ1_massZ2_genbin4_recobin5 acc 0.1202 eff 0.0065 outinratio 0.0 

WminusH126_4e_massZ1_massZ2_genbin4_recobin5 acc 0.1008 eff 0.0059 outinratio 0.0282 

WplusH126_4e_massZ1_massZ2_genbin4_recobin5 acc 0.088 eff 0.0043 outinratio 0.0239 

ZH126_4e_massZ1_massZ2_genbin4_recobin5 acc 0.0923 eff 0.0067 outinratio 0.0238 

ttH126_4e_massZ1_massZ2_genbin4_recobin5 acc 0.1247 eff 0.0017 outinratio 0.0836 

ggH126_4e_massZ1_massZ2_genbin5_recobin5 acc 0.0403 eff 0.1596 outinratio 0.0055 

VBFH126_4e_massZ1_massZ2_genbin5_recobin5 acc 0.0418 eff 0.1905 outinratio 0.0 

WminusH126_4e_massZ1_massZ2_genbin5_recobin5 acc 0.0379 eff 0.1677 outinratio 0.0282 

WplusH126_4e_massZ1_massZ2_genbin5_recobin5 acc 0.0326 eff 0.1624 outinratio 0.0239 

ZH126_4e_massZ1_massZ2_genbin5_recobin5 acc 0.0371 eff 0.1735 outinratio 0.0238 

ttH126_4e_massZ1_massZ2_genbin5_recobin5 acc 0.0439 eff 0.2037 outinratio 0.0836 

ggH126_4e_massZ1_massZ2_genbin6_recobin5 acc 0.0903 eff 0.029 outinratio 0.0055 

VBFH126_4e_massZ1_massZ2_genbin6_recobin5 acc 0.0914 eff 0.0519 outinratio 0.0 

WminusH126_4e_massZ1_massZ2_genbin6_recobin5 acc 0.0752 eff 0.028 outinratio 0.0282 

WplusH126_4e_massZ1_massZ2_genbin6_recobin5 acc 0.0741 eff 0.0328 outinratio 0.0239 

ZH126_4e_massZ1_massZ2_genbin6_recobin5 acc 0.0762 eff 0.0245 outinratio 0.0238 

ttH126_4e_massZ1_massZ2_genbin6_recobin5 acc 0.0925 eff 0.0374 outinratio 0.0836 

ggH126_4e_massZ1_massZ2_genbin0_recobin6 acc 0.0544 eff 0.0008 outinratio 0.0064 

VBFH126_4e_massZ1_massZ2_genbin0_recobin6 acc 0.0594 eff 0.0 outinratio 0.0196 

WminusH126_4e_massZ1_massZ2_genbin0_recobin6 acc 0.0543 eff 0.0 outinratio 0.0288 

WplusH126_4e_massZ1_massZ2_genbin0_recobin6 acc 0.0465 eff 0.0003 outinratio 0.0214 

ZH126_4e_massZ1_massZ2_genbin0_recobin6 acc 0.0495 eff 0.0014 outinratio 0.0619 

ttH126_4e_massZ1_massZ2_genbin0_recobin6 acc 0.0598 eff 0.0028 outinratio 0.067 

ggH126_4e_massZ1_massZ2_genbin1_recobin6 acc 0.0388 eff 0.0233 outinratio 0.0064 

VBFH126_4e_massZ1_massZ2_genbin1_recobin6 acc 0.0414 eff 0.0304 outinratio 0.0196 

WminusH126_4e_massZ1_massZ2_genbin1_recobin6 acc 0.0355 eff 0.0108 outinratio 0.0288 

WplusH126_4e_massZ1_massZ2_genbin1_recobin6 acc 0.0312 eff 0.025 outinratio 0.0214 

ZH126_4e_massZ1_massZ2_genbin1_recobin6 acc 0.0313 eff 0.0192 outinratio 0.0619 

ttH126_4e_massZ1_massZ2_genbin1_recobin6 acc 0.0429 eff 0.0082 outinratio 0.067 

ggH126_4e_massZ1_massZ2_genbin2_recobin6 acc 0.0412 eff 0.0182 outinratio 0.0064 

VBFH126_4e_massZ1_massZ2_genbin2_recobin6 acc 0.0452 eff 0.0201 outinratio 0.0196 

WminusH126_4e_massZ1_massZ2_genbin2_recobin6 acc 0.036 eff 0.0065 outinratio 0.0288 

WplusH126_4e_massZ1_massZ2_genbin2_recobin6 acc 0.0319 eff 0.0096 outinratio 0.0214 

ZH126_4e_massZ1_massZ2_genbin2_recobin6 acc 0.0335 eff 0.0138 outinratio 0.0619 

ttH126_4e_massZ1_massZ2_genbin2_recobin6 acc 0.0397 eff 0.0186 outinratio 0.067 

ggH126_4e_massZ1_massZ2_genbin3_recobin6 acc 0.0647 eff 0.0011 outinratio 0.0064 

VBFH126_4e_massZ1_massZ2_genbin3_recobin6 acc 0.0654 eff 0.0 outinratio 0.0196 

WminusH126_4e_massZ1_massZ2_genbin3_recobin6 acc 0.0565 eff 0.0 outinratio 0.0288 

WplusH126_4e_massZ1_massZ2_genbin3_recobin6 acc 0.0507 eff 0.0 outinratio 0.0214 

ZH126_4e_massZ1_massZ2_genbin3_recobin6 acc 0.0534 eff 0.0 outinratio 0.0619 

ttH126_4e_massZ1_massZ2_genbin3_recobin6 acc 0.0685 eff 0.0 outinratio 0.067 

ggH126_4e_massZ1_massZ2_genbin4_recobin6 acc 0.1 eff 0.0 outinratio 0.0064 

VBFH126_4e_massZ1_massZ2_genbin4_recobin6 acc 0.1202 eff 0.001 outinratio 0.0196 

WminusH126_4e_massZ1_massZ2_genbin4_recobin6 acc 0.1008 eff 0.0 outinratio 0.0288 

WplusH126_4e_massZ1_massZ2_genbin4_recobin6 acc 0.088 eff 0.0002 outinratio 0.0214 

ZH126_4e_massZ1_massZ2_genbin4_recobin6 acc 0.0923 eff 0.0 outinratio 0.0619 

ttH126_4e_massZ1_massZ2_genbin4_recobin6 acc 0.1247 eff 0.0 outinratio 0.067 

ggH126_4e_massZ1_massZ2_genbin5_recobin6 acc 0.0403 eff 0.0277 outinratio 0.0064 

VBFH126_4e_massZ1_massZ2_genbin5_recobin6 acc 0.0418 eff 0.0314 outinratio 0.0196 

WminusH126_4e_massZ1_massZ2_genbin5_recobin6 acc 0.0379 eff 0.0188 outinratio 0.0288 

WplusH126_4e_massZ1_massZ2_genbin5_recobin6 acc 0.0326 eff 0.0132 outinratio 0.0214 

ZH126_4e_massZ1_massZ2_genbin5_recobin6 acc 0.0371 eff 0.0246 outinratio 0.0619 

ttH126_4e_massZ1_massZ2_genbin5_recobin6 acc 0.0439 eff 0.019 outinratio 0.067 

ggH126_4e_massZ1_massZ2_genbin6_recobin6 acc 0.0903 eff 0.1949 outinratio 0.0064 

VBFH126_4e_massZ1_massZ2_genbin6_recobin6 acc 0.0914 eff 0.2288 outinratio 0.0196 

WminusH126_4e_massZ1_massZ2_genbin6_recobin6 acc 0.0752 eff 0.2066 outinratio 0.0288 

WplusH126_4e_massZ1_massZ2_genbin6_recobin6 acc 0.0741 eff 0.1865 outinratio 0.0214 

ZH126_4e_massZ1_massZ2_genbin6_recobin6 acc 0.0762 eff 0.2067 outinratio 0.0619 

ttH126_4e_massZ1_massZ2_genbin6_recobin6 acc 0.0925 eff 0.2022 outinratio 0.067 

ggH126_4mu_massZ1_massZ2_genbin0_recobin0 acc 0.0629 eff 0.6142 outinratio 0.0045 

VBFH126_4mu_massZ1_massZ2_genbin0_recobin0 acc 0.0723 eff 0.661 outinratio 0.0051 

WminusH126_4mu_massZ1_massZ2_genbin0_recobin0 acc 0.0637 eff 0.6018 outinratio 0.0197 

WplusH126_4mu_massZ1_massZ2_genbin0_recobin0 acc 0.0502 eff 0.6082 outinratio 0.0125 

ZH126_4mu_massZ1_massZ2_genbin0_recobin0 acc 0.0547 eff 0.5837 outinratio 0.0615 

ttH126_4mu_massZ1_massZ2_genbin0_recobin0 acc 0.0649 eff 0.4267 outinratio 0.0457 

ggH126_4mu_massZ1_massZ2_genbin1_recobin0 acc 0.0386 eff 0.0235 outinratio 0.0045 

VBFH126_4mu_massZ1_massZ2_genbin1_recobin0 acc 0.0398 eff 0.0139 outinratio 0.0051 

WminusH126_4mu_massZ1_massZ2_genbin1_recobin0 acc 0.0369 eff 0.0315 outinratio 0.0197 

WplusH126_4mu_massZ1_massZ2_genbin1_recobin0 acc 0.0329 eff 0.019 outinratio 0.0125 

ZH126_4mu_massZ1_massZ2_genbin1_recobin0 acc 0.0358 eff 0.0291 outinratio 0.0615 

ttH126_4mu_massZ1_massZ2_genbin1_recobin0 acc 0.0436 eff 0.0191 outinratio 0.0457 

ggH126_4mu_massZ1_massZ2_genbin2_recobin0 acc 0.039 eff 0.0 outinratio 0.0045 

VBFH126_4mu_massZ1_massZ2_genbin2_recobin0 acc 0.0381 eff 0.0 outinratio 0.0051 

WminusH126_4mu_massZ1_massZ2_genbin2_recobin0 acc 0.0365 eff 0.0 outinratio 0.0197 

WplusH126_4mu_massZ1_massZ2_genbin2_recobin0 acc 0.0318 eff 0.0035 outinratio 0.0125 

ZH126_4mu_massZ1_massZ2_genbin2_recobin0 acc 0.0336 eff -0.0003 outinratio 0.0615 

ttH126_4mu_massZ1_massZ2_genbin2_recobin0 acc 0.0439 eff 0.004 outinratio 0.0457 

ggH126_4mu_massZ1_massZ2_genbin3_recobin0 acc 0.0617 eff 0.0 outinratio 0.0045 

VBFH126_4mu_massZ1_massZ2_genbin3_recobin0 acc 0.07 eff 0.0 outinratio 0.0051 

WminusH126_4mu_massZ1_massZ2_genbin3_recobin0 acc 0.0595 eff 0.0025 outinratio 0.0197 

WplusH126_4mu_massZ1_massZ2_genbin3_recobin0 acc 0.0525 eff 0.001 outinratio 0.0125 

ZH126_4mu_massZ1_massZ2_genbin3_recobin0 acc 0.0565 eff 0.0031 outinratio 0.0615 

ttH126_4mu_massZ1_massZ2_genbin3_recobin0 acc 0.0711 eff 0.0 outinratio 0.0457 

ggH126_4mu_massZ1_massZ2_genbin4_recobin0 acc 0.1244 eff 0.0688 outinratio 0.0045 

VBFH126_4mu_massZ1_massZ2_genbin4_recobin0 acc 0.144 eff 0.0637 outinratio 0.0051 

WminusH126_4mu_massZ1_massZ2_genbin4_recobin0 acc 0.1183 eff 0.0521 outinratio 0.0197 

WplusH126_4mu_massZ1_massZ2_genbin4_recobin0 acc 0.1043 eff 0.0541 outinratio 0.0125 

ZH126_4mu_massZ1_massZ2_genbin4_recobin0 acc 0.1105 eff 0.0599 outinratio 0.0615 

ttH126_4mu_massZ1_massZ2_genbin4_recobin0 acc 0.142 eff 0.0376 outinratio 0.0457 

ggH126_4mu_massZ1_massZ2_genbin5_recobin0 acc 0.0476 eff 0.0618 outinratio 0.0045 

VBFH126_4mu_massZ1_massZ2_genbin5_recobin0 acc 0.0535 eff 0.0715 outinratio 0.0051 

WminusH126_4mu_massZ1_massZ2_genbin5_recobin0 acc 0.0436 eff 0.0553 outinratio 0.0197 

WplusH126_4mu_massZ1_massZ2_genbin5_recobin0 acc 0.0392 eff 0.059 outinratio 0.0125 

ZH126_4mu_massZ1_massZ2_genbin5_recobin0 acc 0.0388 eff 0.049 outinratio 0.0615 

ttH126_4mu_massZ1_massZ2_genbin5_recobin0 acc 0.0512 eff 0.0429 outinratio 0.0457 

ggH126_4mu_massZ1_massZ2_genbin6_recobin0 acc 0.1 eff 0.0018 outinratio 0.0045 

VBFH126_4mu_massZ1_massZ2_genbin6_recobin0 acc 0.1009 eff 0.0017 outinratio 0.0051 

WminusH126_4mu_massZ1_massZ2_genbin6_recobin0 acc 0.0805 eff 0.0023 outinratio 0.0197 

WplusH126_4mu_massZ1_massZ2_genbin6_recobin0 acc 0.0823 eff 0.0035 outinratio 0.0125 

ZH126_4mu_massZ1_massZ2_genbin6_recobin0 acc 0.083 eff 0.0037 outinratio 0.0615 

ttH126_4mu_massZ1_massZ2_genbin6_recobin0 acc 0.1033 eff 0.0028 outinratio 0.0457 

ggH126_4mu_massZ1_massZ2_genbin0_recobin1 acc 0.0629 eff 0.013 outinratio 0.0018 

VBFH126_4mu_massZ1_massZ2_genbin0_recobin1 acc 0.0723 eff 0.0039 outinratio 0.0 

WminusH126_4mu_massZ1_massZ2_genbin0_recobin1 acc 0.0637 eff 0.0113 outinratio 0.0297 

WplusH126_4mu_massZ1_massZ2_genbin0_recobin1 acc 0.0502 eff 0.0054 outinratio 0.0073 

ZH126_4mu_massZ1_massZ2_genbin0_recobin1 acc 0.0547 eff 0.0084 outinratio 0.0424 

ttH126_4mu_massZ1_massZ2_genbin0_recobin1 acc 0.0649 eff 0.0044 outinratio 0.061 

ggH126_4mu_massZ1_massZ2_genbin1_recobin1 acc 0.0386 eff 0.6302 outinratio 0.0018 

VBFH126_4mu_massZ1_massZ2_genbin1_recobin1 acc 0.0398 eff 0.6563 outinratio 0.0 

WminusH126_4mu_massZ1_massZ2_genbin1_recobin1 acc 0.0369 eff 0.5593 outinratio 0.0297 

WplusH126_4mu_massZ1_massZ2_genbin1_recobin1 acc 0.0329 eff 0.5722 outinratio 0.0073 

ZH126_4mu_massZ1_massZ2_genbin1_recobin1 acc 0.0358 eff 0.5479 outinratio 0.0424 

ttH126_4mu_massZ1_massZ2_genbin1_recobin1 acc 0.0436 eff 0.4186 outinratio 0.061 

ggH126_4mu_massZ1_massZ2_genbin2_recobin1 acc 0.039 eff 0.0523 outinratio 0.0018 

VBFH126_4mu_massZ1_massZ2_genbin2_recobin1 acc 0.0381 eff 0.0447 outinratio 0.0 

WminusH126_4mu_massZ1_massZ2_genbin2_recobin1 acc 0.0365 eff 0.0379 outinratio 0.0297 

WplusH126_4mu_massZ1_massZ2_genbin2_recobin1 acc 0.0318 eff 0.0299 outinratio 0.0073 

ZH126_4mu_massZ1_massZ2_genbin2_recobin1 acc 0.0336 eff 0.0363 outinratio 0.0424 

ttH126_4mu_massZ1_massZ2_genbin2_recobin1 acc 0.0439 eff 0.0153 outinratio 0.061 

ggH126_4mu_massZ1_massZ2_genbin3_recobin1 acc 0.0617 eff 0.0032 outinratio 0.0018 

VBFH126_4mu_massZ1_massZ2_genbin3_recobin1 acc 0.07 eff 0.0 outinratio 0.0 

WminusH126_4mu_massZ1_massZ2_genbin3_recobin1 acc 0.0595 eff 0.0008 outinratio 0.0297 

WplusH126_4mu_massZ1_massZ2_genbin3_recobin1 acc 0.0525 eff 0.0029 outinratio 0.0073 

ZH126_4mu_massZ1_massZ2_genbin3_recobin1 acc 0.0565 eff 0.0044 outinratio 0.0424 

ttH126_4mu_massZ1_massZ2_genbin3_recobin1 acc 0.0711 eff 0.0 outinratio 0.061 

ggH126_4mu_massZ1_massZ2_genbin4_recobin1 acc 0.1244 eff 0.0 outinratio 0.0018 

VBFH126_4mu_massZ1_massZ2_genbin4_recobin1 acc 0.144 eff 0.0 outinratio 0.0 

WminusH126_4mu_massZ1_massZ2_genbin4_recobin1 acc 0.1183 eff 0.0 outinratio 0.0297 

WplusH126_4mu_massZ1_massZ2_genbin4_recobin1 acc 0.1043 eff 0.0 outinratio 0.0073 

ZH126_4mu_massZ1_massZ2_genbin4_recobin1 acc 0.1105 eff 0.0004 outinratio 0.0424 

ttH126_4mu_massZ1_massZ2_genbin4_recobin1 acc 0.142 eff 0.0 outinratio 0.061 

ggH126_4mu_massZ1_massZ2_genbin5_recobin1 acc 0.0476 eff 0.0 outinratio 0.0018 

VBFH126_4mu_massZ1_massZ2_genbin5_recobin1 acc 0.0535 eff 0.0108 outinratio 0.0 

WminusH126_4mu_massZ1_massZ2_genbin5_recobin1 acc 0.0436 eff 0.001 outinratio 0.0297 

WplusH126_4mu_massZ1_massZ2_genbin5_recobin1 acc 0.0392 eff 0.0039 outinratio 0.0073 

ZH126_4mu_massZ1_massZ2_genbin5_recobin1 acc 0.0388 eff 0.0043 outinratio 0.0424 

ttH126_4mu_massZ1_massZ2_genbin5_recobin1 acc 0.0512 eff 0.0 outinratio 0.061 

ggH126_4mu_massZ1_massZ2_genbin6_recobin1 acc 0.1 eff 0.062 outinratio 0.0018 

VBFH126_4mu_massZ1_massZ2_genbin6_recobin1 acc 0.1009 eff 0.0665 outinratio 0.0 

WminusH126_4mu_massZ1_massZ2_genbin6_recobin1 acc 0.0805 eff 0.0655 outinratio 0.0297 

WplusH126_4mu_massZ1_massZ2_genbin6_recobin1 acc 0.0823 eff 0.0597 outinratio 0.0073 

ZH126_4mu_massZ1_massZ2_genbin6_recobin1 acc 0.083 eff 0.0522 outinratio 0.0424 

ttH126_4mu_massZ1_massZ2_genbin6_recobin1 acc 0.1033 eff 0.0571 outinratio 0.061 

ggH126_4mu_massZ1_massZ2_genbin0_recobin2 acc 0.0629 eff 0.0 outinratio 0.0069 

VBFH126_4mu_massZ1_massZ2_genbin0_recobin2 acc 0.0723 eff 0.0018 outinratio 0.0 

WminusH126_4mu_massZ1_massZ2_genbin0_recobin2 acc 0.0637 eff 0.0004 outinratio 0.0053 

WplusH126_4mu_massZ1_massZ2_genbin0_recobin2 acc 0.0502 eff 0.0 outinratio 0.0223 

ZH126_4mu_massZ1_massZ2_genbin0_recobin2 acc 0.0547 eff 0.0009 outinratio 0.0505 

ttH126_4mu_massZ1_massZ2_genbin0_recobin2 acc 0.0649 eff 0.0011 outinratio 0.0566 

ggH126_4mu_massZ1_massZ2_genbin1_recobin2 acc 0.0386 eff 0.0051 outinratio 0.0069 

VBFH126_4mu_massZ1_massZ2_genbin1_recobin2 acc 0.0398 eff 0.0209 outinratio 0.0 

WminusH126_4mu_massZ1_massZ2_genbin1_recobin2 acc 0.0369 eff 0.0247 outinratio 0.0053 

WplusH126_4mu_massZ1_massZ2_genbin1_recobin2 acc 0.0329 eff 0.0265 outinratio 0.0223 

ZH126_4mu_massZ1_massZ2_genbin1_recobin2 acc 0.0358 eff 0.0163 outinratio 0.0505 

ttH126_4mu_massZ1_massZ2_genbin1_recobin2 acc 0.0436 eff 0.0253 outinratio 0.0566 

ggH126_4mu_massZ1_massZ2_genbin2_recobin2 acc 0.039 eff 0.6167 outinratio 0.0069 

VBFH126_4mu_massZ1_massZ2_genbin2_recobin2 acc 0.0381 eff 0.7512 outinratio 0.0 

WminusH126_4mu_massZ1_massZ2_genbin2_recobin2 acc 0.0365 eff 0.5722 outinratio 0.0053 

WplusH126_4mu_massZ1_massZ2_genbin2_recobin2 acc 0.0318 eff 0.5545 outinratio 0.0223 

ZH126_4mu_massZ1_massZ2_genbin2_recobin2 acc 0.0336 eff 0.6029 outinratio 0.0505 

ttH126_4mu_massZ1_massZ2_genbin2_recobin2 acc 0.0439 eff 0.4989 outinratio 0.0566 

ggH126_4mu_massZ1_massZ2_genbin3_recobin2 acc 0.0617 eff 0.0198 outinratio 0.0069 

VBFH126_4mu_massZ1_massZ2_genbin3_recobin2 acc 0.07 eff 0.0359 outinratio 0.0 

WminusH126_4mu_massZ1_massZ2_genbin3_recobin2 acc 0.0595 eff 0.0187 outinratio 0.0053 

WplusH126_4mu_massZ1_massZ2_genbin3_recobin2 acc 0.0525 eff 0.0206 outinratio 0.0223 

ZH126_4mu_massZ1_massZ2_genbin3_recobin2 acc 0.0565 eff 0.0199 outinratio 0.0505 

ttH126_4mu_massZ1_massZ2_genbin3_recobin2 acc 0.0711 eff 0.0123 outinratio 0.0566 

ggH126_4mu_massZ1_massZ2_genbin4_recobin2 acc 0.1244 eff 0.0 outinratio 0.0069 

VBFH126_4mu_massZ1_massZ2_genbin4_recobin2 acc 0.144 eff 0.0 outinratio 0.0 

WminusH126_4mu_massZ1_massZ2_genbin4_recobin2 acc 0.1183 eff 0.0 outinratio 0.0053 

WplusH126_4mu_massZ1_massZ2_genbin4_recobin2 acc 0.1043 eff 0.0009 outinratio 0.0223 

ZH126_4mu_massZ1_massZ2_genbin4_recobin2 acc 0.1105 eff 0.0 outinratio 0.0505 

ttH126_4mu_massZ1_massZ2_genbin4_recobin2 acc 0.142 eff 0.0 outinratio 0.0566 

ggH126_4mu_massZ1_massZ2_genbin5_recobin2 acc 0.0476 eff 0.0 outinratio 0.0069 

VBFH126_4mu_massZ1_massZ2_genbin5_recobin2 acc 0.0535 eff 0.0 outinratio 0.0 

WminusH126_4mu_massZ1_massZ2_genbin5_recobin2 acc 0.0436 eff 0.0 outinratio 0.0053 

WplusH126_4mu_massZ1_massZ2_genbin5_recobin2 acc 0.0392 eff 0.0 outinratio 0.0223 

ZH126_4mu_massZ1_massZ2_genbin5_recobin2 acc 0.0388 eff 0.0 outinratio 0.0505 

ttH126_4mu_massZ1_massZ2_genbin5_recobin2 acc 0.0512 eff 0.0 outinratio 0.0566 

ggH126_4mu_massZ1_massZ2_genbin6_recobin2 acc 0.1 eff 0.0141 outinratio 0.0069 

VBFH126_4mu_massZ1_massZ2_genbin6_recobin2 acc 0.1009 eff 0.0154 outinratio 0.0 

WminusH126_4mu_massZ1_massZ2_genbin6_recobin2 acc 0.0805 eff 0.0112 outinratio 0.0053 

WplusH126_4mu_massZ1_massZ2_genbin6_recobin2 acc 0.0823 eff 0.0138 outinratio 0.0223 

ZH126_4mu_massZ1_massZ2_genbin6_recobin2 acc 0.083 eff 0.0143 outinratio 0.0505 

ttH126_4mu_massZ1_massZ2_genbin6_recobin2 acc 0.1033 eff 0.0085 outinratio 0.0566 

ggH126_4mu_massZ1_massZ2_genbin0_recobin3 acc 0.0629 eff 0.0023 outinratio 0.0035 

VBFH126_4mu_massZ1_massZ2_genbin0_recobin3 acc 0.0723 eff 0.0 outinratio 0.0095 

WminusH126_4mu_massZ1_massZ2_genbin0_recobin3 acc 0.0637 eff 0.002 outinratio 0.0101 

WplusH126_4mu_massZ1_massZ2_genbin0_recobin3 acc 0.0502 eff 0.0005 outinratio 0.0071 

ZH126_4mu_massZ1_massZ2_genbin0_recobin3 acc 0.0547 eff 0.0005 outinratio 0.0489 

ttH126_4mu_massZ1_massZ2_genbin0_recobin3 acc 0.0649 eff 0.0017 outinratio 0.0451 

ggH126_4mu_massZ1_massZ2_genbin1_recobin3 acc 0.0386 eff 0.0041 outinratio 0.0035 

VBFH126_4mu_massZ1_massZ2_genbin1_recobin3 acc 0.0398 eff 0.0 outinratio 0.0095 

WminusH126_4mu_massZ1_massZ2_genbin1_recobin3 acc 0.0369 eff 0.0086 outinratio 0.0101 

WplusH126_4mu_massZ1_massZ2_genbin1_recobin3 acc 0.0329 eff 0.0011 outinratio 0.0071 

ZH126_4mu_massZ1_massZ2_genbin1_recobin3 acc 0.0358 eff 0.0032 outinratio 0.0489 

ttH126_4mu_massZ1_massZ2_genbin1_recobin3 acc 0.0436 eff 0.0093 outinratio 0.0451 

ggH126_4mu_massZ1_massZ2_genbin2_recobin3 acc 0.039 eff 0.0234 outinratio 0.0035 

VBFH126_4mu_massZ1_massZ2_genbin2_recobin3 acc 0.0381 eff 0.004 outinratio 0.0095 

WminusH126_4mu_massZ1_massZ2_genbin2_recobin3 acc 0.0365 eff 0.0152 outinratio 0.0101 

WplusH126_4mu_massZ1_massZ2_genbin2_recobin3 acc 0.0318 eff 0.0193 outinratio 0.0071 

ZH126_4mu_massZ1_massZ2_genbin2_recobin3 acc 0.0336 eff 0.023 outinratio 0.0489 

ttH126_4mu_massZ1_massZ2_genbin2_recobin3 acc 0.0439 eff 0.025 outinratio 0.0451 

ggH126_4mu_massZ1_massZ2_genbin3_recobin3 acc 0.0617 eff 0.6991 outinratio 0.0035 

VBFH126_4mu_massZ1_massZ2_genbin3_recobin3 acc 0.07 eff 0.7363 outinratio 0.0095 

WminusH126_4mu_massZ1_massZ2_genbin3_recobin3 acc 0.0595 eff 0.6931 outinratio 0.0101 

WplusH126_4mu_massZ1_massZ2_genbin3_recobin3 acc 0.0525 eff 0.6607 outinratio 0.0071 

ZH126_4mu_massZ1_massZ2_genbin3_recobin3 acc 0.0565 eff 0.6525 outinratio 0.0489 

ttH126_4mu_massZ1_massZ2_genbin3_recobin3 acc 0.0711 eff 0.4998 outinratio 0.0451 

ggH126_4mu_massZ1_massZ2_genbin4_recobin3 acc 0.1244 eff 0.0 outinratio 0.0035 

VBFH126_4mu_massZ1_massZ2_genbin4_recobin3 acc 0.144 eff 0.0 outinratio 0.0095 

WminusH126_4mu_massZ1_massZ2_genbin4_recobin3 acc 0.1183 eff 0.0 outinratio 0.0101 

WplusH126_4mu_massZ1_massZ2_genbin4_recobin3 acc 0.1043 eff 0.0 outinratio 0.0071 

ZH126_4mu_massZ1_massZ2_genbin4_recobin3 acc 0.1105 eff 0.0 outinratio 0.0489 

ttH126_4mu_massZ1_massZ2_genbin4_recobin3 acc 0.142 eff 0.0 outinratio 0.0451 

ggH126_4mu_massZ1_massZ2_genbin5_recobin3 acc 0.0476 eff 0.0 outinratio 0.0035 

VBFH126_4mu_massZ1_massZ2_genbin5_recobin3 acc 0.0535 eff 0.0 outinratio 0.0095 

WminusH126_4mu_massZ1_massZ2_genbin5_recobin3 acc 0.0436 eff 0.0 outinratio 0.0101 

WplusH126_4mu_massZ1_massZ2_genbin5_recobin3 acc 0.0392 eff 0.0 outinratio 0.0071 

ZH126_4mu_massZ1_massZ2_genbin5_recobin3 acc 0.0388 eff 0.0 outinratio 0.0489 

ttH126_4mu_massZ1_massZ2_genbin5_recobin3 acc 0.0512 eff 0.0 outinratio 0.0451 

ggH126_4mu_massZ1_massZ2_genbin6_recobin3 acc 0.1 eff 0.0004 outinratio 0.0035 

VBFH126_4mu_massZ1_massZ2_genbin6_recobin3 acc 0.1009 eff 0.0 outinratio 0.0095 

WminusH126_4mu_massZ1_massZ2_genbin6_recobin3 acc 0.0805 eff 0.0 outinratio 0.0101 

WplusH126_4mu_massZ1_massZ2_genbin6_recobin3 acc 0.0823 eff 0.0012 outinratio 0.0071 

ZH126_4mu_massZ1_massZ2_genbin6_recobin3 acc 0.083 eff 0.0 outinratio 0.0489 

ttH126_4mu_massZ1_massZ2_genbin6_recobin3 acc 0.1033 eff 0.0 outinratio 0.0451 

ggH126_4mu_massZ1_massZ2_genbin0_recobin4 acc 0.0629 eff 0.0275 outinratio 0.007 

VBFH126_4mu_massZ1_massZ2_genbin0_recobin4 acc 0.0723 eff 0.0422 outinratio 0.0048 

WminusH126_4mu_massZ1_massZ2_genbin0_recobin4 acc 0.0637 eff 0.029 outinratio 0.0145 

WplusH126_4mu_massZ1_massZ2_genbin0_recobin4 acc 0.0502 eff 0.0344 outinratio 0.0131 

ZH126_4mu_massZ1_massZ2_genbin0_recobin4 acc 0.0547 eff 0.0381 outinratio 0.0533 

ttH126_4mu_massZ1_massZ2_genbin0_recobin4 acc 0.0649 eff 0.0305 outinratio 0.035 

ggH126_4mu_massZ1_massZ2_genbin1_recobin4 acc 0.0386 eff 0.0 outinratio 0.007 

VBFH126_4mu_massZ1_massZ2_genbin1_recobin4 acc 0.0398 eff 0.0 outinratio 0.0048 

WminusH126_4mu_massZ1_massZ2_genbin1_recobin4 acc 0.0369 eff 0.0009 outinratio 0.0145 

WplusH126_4mu_massZ1_massZ2_genbin1_recobin4 acc 0.0329 eff 0.0015 outinratio 0.0131 

ZH126_4mu_massZ1_massZ2_genbin1_recobin4 acc 0.0358 eff 0.0 outinratio 0.0533 

ttH126_4mu_massZ1_massZ2_genbin1_recobin4 acc 0.0436 eff 0.0 outinratio 0.035 

ggH126_4mu_massZ1_massZ2_genbin2_recobin4 acc 0.039 eff 0.0 outinratio 0.007 

VBFH126_4mu_massZ1_massZ2_genbin2_recobin4 acc 0.0381 eff 0.0 outinratio 0.0048 

WminusH126_4mu_massZ1_massZ2_genbin2_recobin4 acc 0.0365 eff 0.0 outinratio 0.0145 

WplusH126_4mu_massZ1_massZ2_genbin2_recobin4 acc 0.0318 eff 0.0 outinratio 0.0131 

ZH126_4mu_massZ1_massZ2_genbin2_recobin4 acc 0.0336 eff 0.0 outinratio 0.0533 

ttH126_4mu_massZ1_massZ2_genbin2_recobin4 acc 0.0439 eff 0.0 outinratio 0.035 

ggH126_4mu_massZ1_massZ2_genbin3_recobin4 acc 0.0617 eff 0.0 outinratio 0.007 

VBFH126_4mu_massZ1_massZ2_genbin3_recobin4 acc 0.07 eff 0.0 outinratio 0.0048 

WminusH126_4mu_massZ1_massZ2_genbin3_recobin4 acc 0.0595 eff 0.0 outinratio 0.0145 

WplusH126_4mu_massZ1_massZ2_genbin3_recobin4 acc 0.0525 eff 0.0 outinratio 0.0131 

ZH126_4mu_massZ1_massZ2_genbin3_recobin4 acc 0.0565 eff 0.0 outinratio 0.0533 

ttH126_4mu_massZ1_massZ2_genbin3_recobin4 acc 0.0711 eff 0.0 outinratio 0.035 

ggH126_4mu_massZ1_massZ2_genbin4_recobin4 acc 0.1244 eff 0.5561 outinratio 0.007 

VBFH126_4mu_massZ1_massZ2_genbin4_recobin4 acc 0.144 eff 0.5927 outinratio 0.0048 

WminusH126_4mu_massZ1_massZ2_genbin4_recobin4 acc 0.1183 eff 0.5436 outinratio 0.0145 

WplusH126_4mu_massZ1_massZ2_genbin4_recobin4 acc 0.1043 eff 0.5356 outinratio 0.0131 

ZH126_4mu_massZ1_massZ2_genbin4_recobin4 acc 0.1105 eff 0.5355 outinratio 0.0533 

ttH126_4mu_massZ1_massZ2_genbin4_recobin4 acc 0.142 eff 0.4203 outinratio 0.035 

ggH126_4mu_massZ1_massZ2_genbin5_recobin4 acc 0.0476 eff 0.0327 outinratio 0.007 

VBFH126_4mu_massZ1_massZ2_genbin5_recobin4 acc 0.0535 eff 0.0423 outinratio 0.0048 

WminusH126_4mu_massZ1_massZ2_genbin5_recobin4 acc 0.0436 eff 0.0418 outinratio 0.0145 

WplusH126_4mu_massZ1_massZ2_genbin5_recobin4 acc 0.0392 eff 0.0406 outinratio 0.0131 

ZH126_4mu_massZ1_massZ2_genbin5_recobin4 acc 0.0388 eff 0.0311 outinratio 0.0533 

ttH126_4mu_massZ1_massZ2_genbin5_recobin4 acc 0.0512 eff 0.0357 outinratio 0.035 

ggH126_4mu_massZ1_massZ2_genbin6_recobin4 acc 0.1 eff 0.0014 outinratio 0.007 

VBFH126_4mu_massZ1_massZ2_genbin6_recobin4 acc 0.1009 eff 0.0015 outinratio 0.0048 

WminusH126_4mu_massZ1_massZ2_genbin6_recobin4 acc 0.0805 eff 0.0018 outinratio 0.0145 

WplusH126_4mu_massZ1_massZ2_genbin6_recobin4 acc 0.0823 eff 0.0016 outinratio 0.0131 

ZH126_4mu_massZ1_massZ2_genbin6_recobin4 acc 0.083 eff 0.0046 outinratio 0.0533 

ttH126_4mu_massZ1_massZ2_genbin6_recobin4 acc 0.1033 eff 0.0017 outinratio 0.035 

ggH126_4mu_massZ1_massZ2_genbin0_recobin5 acc 0.0629 eff 0.0059 outinratio 0.0 

VBFH126_4mu_massZ1_massZ2_genbin0_recobin5 acc 0.0723 eff 0.0126 outinratio 0.005 

WminusH126_4mu_massZ1_massZ2_genbin0_recobin5 acc 0.0637 eff 0.0121 outinratio 0.0154 

WplusH126_4mu_massZ1_massZ2_genbin0_recobin5 acc 0.0502 eff 0.017 outinratio 0.0115 

ZH126_4mu_massZ1_massZ2_genbin0_recobin5 acc 0.0547 eff 0.0072 outinratio 0.07 

ttH126_4mu_massZ1_massZ2_genbin0_recobin5 acc 0.0649 eff 0.0173 outinratio 0.0306 

ggH126_4mu_massZ1_massZ2_genbin1_recobin5 acc 0.0386 eff 0.0026 outinratio 0.0 

VBFH126_4mu_massZ1_massZ2_genbin1_recobin5 acc 0.0398 eff 0.0 outinratio 0.005 

WminusH126_4mu_massZ1_massZ2_genbin1_recobin5 acc 0.0369 eff 0.0009 outinratio 0.0154 

WplusH126_4mu_massZ1_massZ2_genbin1_recobin5 acc 0.0329 eff 0.0023 outinratio 0.0115 

ZH126_4mu_massZ1_massZ2_genbin1_recobin5 acc 0.0358 eff 0.0014 outinratio 0.07 

ttH126_4mu_massZ1_massZ2_genbin1_recobin5 acc 0.0436 eff 0.0 outinratio 0.0306 

ggH126_4mu_massZ1_massZ2_genbin2_recobin5 acc 0.039 eff 0.0 outinratio 0.0 

VBFH126_4mu_massZ1_massZ2_genbin2_recobin5 acc 0.0381 eff 0.0 outinratio 0.005 

WminusH126_4mu_massZ1_massZ2_genbin2_recobin5 acc 0.0365 eff 0.0 outinratio 0.0154 

WplusH126_4mu_massZ1_massZ2_genbin2_recobin5 acc 0.0318 eff 0.0 outinratio 0.0115 

ZH126_4mu_massZ1_massZ2_genbin2_recobin5 acc 0.0336 eff 0.0 outinratio 0.07 

ttH126_4mu_massZ1_massZ2_genbin2_recobin5 acc 0.0439 eff 0.0 outinratio 0.0306 

ggH126_4mu_massZ1_massZ2_genbin3_recobin5 acc 0.0617 eff 0.0 outinratio 0.0 

VBFH126_4mu_massZ1_massZ2_genbin3_recobin5 acc 0.07 eff 0.0 outinratio 0.005 

WminusH126_4mu_massZ1_massZ2_genbin3_recobin5 acc 0.0595 eff 0.0 outinratio 0.0154 

WplusH126_4mu_massZ1_massZ2_genbin3_recobin5 acc 0.0525 eff 0.0 outinratio 0.0115 

ZH126_4mu_massZ1_massZ2_genbin3_recobin5 acc 0.0565 eff 0.0 outinratio 0.07 

ttH126_4mu_massZ1_massZ2_genbin3_recobin5 acc 0.0711 eff 0.0 outinratio 0.0306 

ggH126_4mu_massZ1_massZ2_genbin4_recobin5 acc 0.1244 eff 0.0099 outinratio 0.0 

VBFH126_4mu_massZ1_massZ2_genbin4_recobin5 acc 0.144 eff 0.0119 outinratio 0.005 

WminusH126_4mu_massZ1_massZ2_genbin4_recobin5 acc 0.1183 eff 0.0065 outinratio 0.0154 

WplusH126_4mu_massZ1_massZ2_genbin4_recobin5 acc 0.1043 eff 0.0075 outinratio 0.0115 

ZH126_4mu_massZ1_massZ2_genbin4_recobin5 acc 0.1105 eff 0.0082 outinratio 0.07 

ttH126_4mu_massZ1_massZ2_genbin4_recobin5 acc 0.142 eff 0.0059 outinratio 0.0306 

ggH126_4mu_massZ1_massZ2_genbin5_recobin5 acc 0.0476 eff 0.53 outinratio 0.0 

VBFH126_4mu_massZ1_massZ2_genbin5_recobin5 acc 0.0535 eff 0.5375 outinratio 0.005 

WminusH126_4mu_massZ1_massZ2_genbin5_recobin5 acc 0.0436 eff 0.4947 outinratio 0.0154 

WplusH126_4mu_massZ1_massZ2_genbin5_recobin5 acc 0.0392 eff 0.5108 outinratio 0.0115 

ZH126_4mu_massZ1_massZ2_genbin5_recobin5 acc 0.0388 eff 0.5213 outinratio 0.07 

ttH126_4mu_massZ1_massZ2_genbin5_recobin5 acc 0.0512 eff 0.359 outinratio 0.0306 

ggH126_4mu_massZ1_massZ2_genbin6_recobin5 acc 0.1 eff 0.0238 outinratio 0.0 

VBFH126_4mu_massZ1_massZ2_genbin6_recobin5 acc 0.1009 eff 0.0284 outinratio 0.005 

WminusH126_4mu_massZ1_massZ2_genbin6_recobin5 acc 0.0805 eff 0.0245 outinratio 0.0154 

WplusH126_4mu_massZ1_massZ2_genbin6_recobin5 acc 0.0823 eff 0.0258 outinratio 0.0115 

ZH126_4mu_massZ1_massZ2_genbin6_recobin5 acc 0.083 eff 0.0203 outinratio 0.07 

ttH126_4mu_massZ1_massZ2_genbin6_recobin5 acc 0.1033 eff 0.019 outinratio 0.0306 

ggH126_4mu_massZ1_massZ2_genbin0_recobin6 acc 0.0629 eff 0.0007 outinratio 0.0022 

VBFH126_4mu_massZ1_massZ2_genbin0_recobin6 acc 0.0723 eff 0.0051 outinratio 0.0 

WminusH126_4mu_massZ1_massZ2_genbin0_recobin6 acc 0.0637 eff 0.0 outinratio 0.0046 

WplusH126_4mu_massZ1_massZ2_genbin0_recobin6 acc 0.0502 eff 0.0 outinratio 0.0122 

ZH126_4mu_massZ1_massZ2_genbin0_recobin6 acc 0.0547 eff 0.0 outinratio 0.0518 

ttH126_4mu_massZ1_massZ2_genbin0_recobin6 acc 0.0649 eff 0.0011 outinratio 0.0391 

ggH126_4mu_massZ1_massZ2_genbin1_recobin6 acc 0.0386 eff 0.0439 outinratio 0.0022 

VBFH126_4mu_massZ1_massZ2_genbin1_recobin6 acc 0.0398 eff 0.0478 outinratio 0.0 

WminusH126_4mu_massZ1_massZ2_genbin1_recobin6 acc 0.0369 eff 0.043 outinratio 0.0046 

WplusH126_4mu_massZ1_massZ2_genbin1_recobin6 acc 0.0329 eff 0.0406 outinratio 0.0122 

ZH126_4mu_massZ1_massZ2_genbin1_recobin6 acc 0.0358 eff 0.0455 outinratio 0.0518 

ttH126_4mu_massZ1_massZ2_genbin1_recobin6 acc 0.0436 eff 0.0153 outinratio 0.0391 

ggH126_4mu_massZ1_massZ2_genbin2_recobin6 acc 0.039 eff 0.0201 outinratio 0.0022 

VBFH126_4mu_massZ1_massZ2_genbin2_recobin6 acc 0.0381 eff 0.0129 outinratio 0.0 

WminusH126_4mu_massZ1_massZ2_genbin2_recobin6 acc 0.0365 eff 0.0226 outinratio 0.0046 

WplusH126_4mu_massZ1_massZ2_genbin2_recobin6 acc 0.0318 eff 0.0223 outinratio 0.0122 

ZH126_4mu_massZ1_massZ2_genbin2_recobin6 acc 0.0336 eff 0.023 outinratio 0.0518 

ttH126_4mu_massZ1_massZ2_genbin2_recobin6 acc 0.0439 eff 0.0251 outinratio 0.0391 

ggH126_4mu_massZ1_massZ2_genbin3_recobin6 acc 0.0617 eff 0.0 outinratio 0.0022 

VBFH126_4mu_massZ1_massZ2_genbin3_recobin6 acc 0.07 eff 0.0 outinratio 0.0 

WminusH126_4mu_massZ1_massZ2_genbin3_recobin6 acc 0.0595 eff 0.0 outinratio 0.0046 

WplusH126_4mu_massZ1_massZ2_genbin3_recobin6 acc 0.0525 eff 0.0 outinratio 0.0122 

ZH126_4mu_massZ1_massZ2_genbin3_recobin6 acc 0.0565 eff 0.0013 outinratio 0.0518 

ttH126_4mu_massZ1_massZ2_genbin3_recobin6 acc 0.0711 eff 0.0 outinratio 0.0391 

ggH126_4mu_massZ1_massZ2_genbin4_recobin6 acc 0.1244 eff 0.0004 outinratio 0.0022 

VBFH126_4mu_massZ1_massZ2_genbin4_recobin6 acc 0.144 eff 0.0 outinratio 0.0 

WminusH126_4mu_massZ1_massZ2_genbin4_recobin6 acc 0.1183 eff 0.0002 outinratio 0.0046 

WplusH126_4mu_massZ1_massZ2_genbin4_recobin6 acc 0.1043 eff 0.0023 outinratio 0.0122 

ZH126_4mu_massZ1_massZ2_genbin4_recobin6 acc 0.1105 eff 0.0002 outinratio 0.0518 

ttH126_4mu_massZ1_massZ2_genbin4_recobin6 acc 0.142 eff 0.001 outinratio 0.0391 

ggH126_4mu_massZ1_massZ2_genbin5_recobin6 acc 0.0476 eff 0.026 outinratio 0.0022 

VBFH126_4mu_massZ1_massZ2_genbin5_recobin6 acc 0.0535 eff 0.0028 outinratio 0.0 

WminusH126_4mu_massZ1_massZ2_genbin5_recobin6 acc 0.0436 eff 0.0242 outinratio 0.0046 

WplusH126_4mu_massZ1_massZ2_genbin5_recobin6 acc 0.0392 eff 0.0348 outinratio 0.0122 

ZH126_4mu_massZ1_massZ2_genbin5_recobin6 acc 0.0388 eff 0.0198 outinratio 0.0518 

ttH126_4mu_massZ1_massZ2_genbin5_recobin6 acc 0.0512 eff 0.0218 outinratio 0.0391 

ggH126_4mu_massZ1_massZ2_genbin6_recobin6 acc 0.1 eff 0.5839 outinratio 0.0022 

VBFH126_4mu_massZ1_massZ2_genbin6_recobin6 acc 0.1009 eff 0.6135 outinratio 0.0 

WminusH126_4mu_massZ1_massZ2_genbin6_recobin6 acc 0.0805 eff 0.5645 outinratio 0.0046 

WplusH126_4mu_massZ1_massZ2_genbin6_recobin6 acc 0.0823 eff 0.5322 outinratio 0.0122 

ZH126_4mu_massZ1_massZ2_genbin6_recobin6 acc 0.083 eff 0.5159 outinratio 0.0518 

ttH126_4mu_massZ1_massZ2_genbin6_recobin6 acc 0.1033 eff 0.4327 outinratio 0.0391 

ggH126_2e2mu_massZ1_massZ2_genbin0_recobin0 acc 0.0513 eff 0.4203 outinratio 0.0105 

VBFH126_2e2mu_massZ1_massZ2_genbin0_recobin0 acc 0.057 eff 0.4857 outinratio 0.0046 

WminusH126_2e2mu_massZ1_massZ2_genbin0_recobin0 acc 0.0481 eff 0.4111 outinratio 0.0173 

WplusH126_2e2mu_massZ1_massZ2_genbin0_recobin0 acc 0.0413 eff 0.4299 outinratio 0.0177 

ZH126_2e2mu_massZ1_massZ2_genbin0_recobin0 acc 0.0448 eff 0.4088 outinratio 0.0563 

ttH126_2e2mu_massZ1_massZ2_genbin0_recobin0 acc 0.0583 eff 0.3499 outinratio 0.0398 

ggH126_2e2mu_massZ1_massZ2_genbin1_recobin0 acc 0.0345 eff 0.0433 outinratio 0.0105 

VBFH126_2e2mu_massZ1_massZ2_genbin1_recobin0 acc 0.036 eff 0.0296 outinratio 0.0046 

WminusH126_2e2mu_massZ1_massZ2_genbin1_recobin0 acc 0.0322 eff 0.0329 outinratio 0.0173 

WplusH126_2e2mu_massZ1_massZ2_genbin1_recobin0 acc 0.028 eff 0.0318 outinratio 0.0177 

ZH126_2e2mu_massZ1_massZ2_genbin1_recobin0 acc 0.0307 eff 0.037 outinratio 0.0563 

ttH126_2e2mu_massZ1_massZ2_genbin1_recobin0 acc 0.0369 eff 0.0189 outinratio 0.0398 

ggH126_2e2mu_massZ1_massZ2_genbin2_recobin0 acc 0.0337 eff 0.0015 outinratio 0.0105 

VBFH126_2e2mu_massZ1_massZ2_genbin2_recobin0 acc 0.0361 eff 0.0096 outinratio 0.0046 

WminusH126_2e2mu_massZ1_massZ2_genbin2_recobin0 acc 0.0295 eff 0.0038 outinratio 0.0173 

WplusH126_2e2mu_massZ1_massZ2_genbin2_recobin0 acc 0.0274 eff 0.0016 outinratio 0.0177 

ZH126_2e2mu_massZ1_massZ2_genbin2_recobin0 acc 0.0295 eff 0.0013 outinratio 0.0563 

ttH126_2e2mu_massZ1_massZ2_genbin2_recobin0 acc 0.0323 eff 0.0 outinratio 0.0398 

ggH126_2e2mu_massZ1_massZ2_genbin3_recobin0 acc 0.0484 eff 0.0004 outinratio 0.0105 

VBFH126_2e2mu_massZ1_massZ2_genbin3_recobin0 acc 0.0512 eff 0.0 outinratio 0.0046 

WminusH126_2e2mu_massZ1_massZ2_genbin3_recobin0 acc 0.0438 eff 0.0 outinratio 0.0173 

WplusH126_2e2mu_massZ1_massZ2_genbin3_recobin0 acc 0.0372 eff 0.0 outinratio 0.0177 

ZH126_2e2mu_massZ1_massZ2_genbin3_recobin0 acc 0.0413 eff 0.0 outinratio 0.0563 

ttH126_2e2mu_massZ1_massZ2_genbin3_recobin0 acc 0.0492 eff 0.0 outinratio 0.0398 

ggH126_2e2mu_massZ1_massZ2_genbin4_recobin0 acc 0.1248 eff 0.0709 outinratio 0.0105 

VBFH126_2e2mu_massZ1_massZ2_genbin4_recobin0 acc 0.1474 eff 0.081 outinratio 0.0046 

WminusH126_2e2mu_massZ1_massZ2_genbin4_recobin0 acc 0.1219 eff 0.0775 outinratio 0.0173 

WplusH126_2e2mu_massZ1_massZ2_genbin4_recobin0 acc 0.1065 eff 0.0726 outinratio 0.0177 

ZH126_2e2mu_massZ1_massZ2_genbin4_recobin0 acc 0.1146 eff 0.0713 outinratio 0.0563 

ttH126_2e2mu_massZ1_massZ2_genbin4_recobin0 acc 0.1496 eff 0.0485 outinratio 0.0398 

ggH126_2e2mu_massZ1_massZ2_genbin5_recobin0 acc 0.0482 eff 0.084 outinratio 0.0105 

VBFH126_2e2mu_massZ1_massZ2_genbin5_recobin0 acc 0.0539 eff 0.1128 outinratio 0.0046 

WminusH126_2e2mu_massZ1_massZ2_genbin5_recobin0 acc 0.0433 eff 0.0644 outinratio 0.0173 

WplusH126_2e2mu_massZ1_massZ2_genbin5_recobin0 acc 0.039 eff 0.0713 outinratio 0.0177 

ZH126_2e2mu_massZ1_massZ2_genbin5_recobin0 acc 0.0415 eff 0.0671 outinratio 0.0563 

ttH126_2e2mu_massZ1_massZ2_genbin5_recobin0 acc 0.0499 eff 0.0606 outinratio 0.0398 

ggH126_2e2mu_massZ1_massZ2_genbin6_recobin0 acc 0.0997 eff 0.0037 outinratio 0.0105 

VBFH126_2e2mu_massZ1_massZ2_genbin6_recobin0 acc 0.1061 eff 0.0095 outinratio 0.0046 

WminusH126_2e2mu_massZ1_massZ2_genbin6_recobin0 acc 0.088 eff 0.0043 outinratio 0.0173 

WplusH126_2e2mu_massZ1_massZ2_genbin6_recobin0 acc 0.0808 eff 0.0078 outinratio 0.0177 

ZH126_2e2mu_massZ1_massZ2_genbin6_recobin0 acc 0.0861 eff 0.005 outinratio 0.0563 

ttH126_2e2mu_massZ1_massZ2_genbin6_recobin0 acc 0.1068 eff 0.0019 outinratio 0.0398 

ggH126_2e2mu_massZ1_massZ2_genbin0_recobin1 acc 0.0513 eff 0.0062 outinratio 0.0106 

VBFH126_2e2mu_massZ1_massZ2_genbin0_recobin1 acc 0.057 eff 0.0163 outinratio 0.0047 

WminusH126_2e2mu_massZ1_massZ2_genbin0_recobin1 acc 0.0481 eff 0.0105 outinratio 0.0228 

WplusH126_2e2mu_massZ1_massZ2_genbin0_recobin1 acc 0.0413 eff 0.007 outinratio 0.0195 

ZH126_2e2mu_massZ1_massZ2_genbin0_recobin1 acc 0.0448 eff 0.0059 outinratio 0.0548 

ttH126_2e2mu_massZ1_massZ2_genbin0_recobin1 acc 0.0583 eff 0.0094 outinratio 0.0406 

ggH126_2e2mu_massZ1_massZ2_genbin1_recobin1 acc 0.0345 eff 0.3925 outinratio 0.0106 

VBFH126_2e2mu_massZ1_massZ2_genbin1_recobin1 acc 0.036 eff 0.4272 outinratio 0.0047 

WminusH126_2e2mu_massZ1_massZ2_genbin1_recobin1 acc 0.0322 eff 0.3698 outinratio 0.0228 

WplusH126_2e2mu_massZ1_massZ2_genbin1_recobin1 acc 0.028 eff 0.3983 outinratio 0.0195 

ZH126_2e2mu_massZ1_massZ2_genbin1_recobin1 acc 0.0307 eff 0.3589 outinratio 0.0548 

ttH126_2e2mu_massZ1_massZ2_genbin1_recobin1 acc 0.0369 eff 0.2952 outinratio 0.0406 

ggH126_2e2mu_massZ1_massZ2_genbin2_recobin1 acc 0.0337 eff 0.0547 outinratio 0.0106 

VBFH126_2e2mu_massZ1_massZ2_genbin2_recobin1 acc 0.0361 eff 0.0466 outinratio 0.0047 

WminusH126_2e2mu_massZ1_massZ2_genbin2_recobin1 acc 0.0295 eff 0.0386 outinratio 0.0228 

WplusH126_2e2mu_massZ1_massZ2_genbin2_recobin1 acc 0.0274 eff 0.0366 outinratio 0.0195 

ZH126_2e2mu_massZ1_massZ2_genbin2_recobin1 acc 0.0295 eff 0.0381 outinratio 0.0548 

ttH126_2e2mu_massZ1_massZ2_genbin2_recobin1 acc 0.0323 eff 0.0275 outinratio 0.0406 

ggH126_2e2mu_massZ1_massZ2_genbin3_recobin1 acc 0.0484 eff 0.0014 outinratio 0.0106 

VBFH126_2e2mu_massZ1_massZ2_genbin3_recobin1 acc 0.0512 eff 0.0 outinratio 0.0047 

WminusH126_2e2mu_massZ1_massZ2_genbin3_recobin1 acc 0.0438 eff 0.003 outinratio 0.0228 

WplusH126_2e2mu_massZ1_massZ2_genbin3_recobin1 acc 0.0372 eff 0.0016 outinratio 0.0195 

ZH126_2e2mu_massZ1_massZ2_genbin3_recobin1 acc 0.0413 eff 0.0009 outinratio 0.0548 

ttH126_2e2mu_massZ1_massZ2_genbin3_recobin1 acc 0.0492 eff 0.0012 outinratio 0.0406 

ggH126_2e2mu_massZ1_massZ2_genbin4_recobin1 acc 0.1248 eff 0.0 outinratio 0.0106 

VBFH126_2e2mu_massZ1_massZ2_genbin4_recobin1 acc 0.1474 eff 0.0 outinratio 0.0047 

WminusH126_2e2mu_massZ1_massZ2_genbin4_recobin1 acc 0.1219 eff 0.0 outinratio 0.0228 

WplusH126_2e2mu_massZ1_massZ2_genbin4_recobin1 acc 0.1065 eff 0.0 outinratio 0.0195 

ZH126_2e2mu_massZ1_massZ2_genbin4_recobin1 acc 0.1146 eff 0.0001 outinratio 0.0548 

ttH126_2e2mu_massZ1_massZ2_genbin4_recobin1 acc 0.1496 eff 0.0005 outinratio 0.0406 

ggH126_2e2mu_massZ1_massZ2_genbin5_recobin1 acc 0.0482 eff 0.0063 outinratio 0.0106 

VBFH126_2e2mu_massZ1_massZ2_genbin5_recobin1 acc 0.0539 eff 0.009 outinratio 0.0047 

WminusH126_2e2mu_massZ1_massZ2_genbin5_recobin1 acc 0.0433 eff 0.0024 outinratio 0.0228 

WplusH126_2e2mu_massZ1_massZ2_genbin5_recobin1 acc 0.039 eff 0.0056 outinratio 0.0195 

ZH126_2e2mu_massZ1_massZ2_genbin5_recobin1 acc 0.0415 eff 0.0025 outinratio 0.0548 

ttH126_2e2mu_massZ1_massZ2_genbin5_recobin1 acc 0.0499 eff 0.0011 outinratio 0.0406 

ggH126_2e2mu_massZ1_massZ2_genbin6_recobin1 acc 0.0997 eff 0.0691 outinratio 0.0106 

VBFH126_2e2mu_massZ1_massZ2_genbin6_recobin1 acc 0.1061 eff 0.0642 outinratio 0.0047 

WminusH126_2e2mu_massZ1_massZ2_genbin6_recobin1 acc 0.088 eff 0.0757 outinratio 0.0228 

WplusH126_2e2mu_massZ1_massZ2_genbin6_recobin1 acc 0.0808 eff 0.0737 outinratio 0.0195 

ZH126_2e2mu_massZ1_massZ2_genbin6_recobin1 acc 0.0861 eff 0.0645 outinratio 0.0548 

ttH126_2e2mu_massZ1_massZ2_genbin6_recobin1 acc 0.1068 eff 0.0503 outinratio 0.0406 

ggH126_2e2mu_massZ1_massZ2_genbin0_recobin2 acc 0.0513 eff 0.0 outinratio 0.0055 

VBFH126_2e2mu_massZ1_massZ2_genbin0_recobin2 acc 0.057 eff 0.0 outinratio 0.0115 

WminusH126_2e2mu_massZ1_massZ2_genbin0_recobin2 acc 0.0481 eff 0.0015 outinratio 0.0311 

WplusH126_2e2mu_massZ1_massZ2_genbin0_recobin2 acc 0.0413 eff 0.0008 outinratio 0.0314 

ZH126_2e2mu_massZ1_massZ2_genbin0_recobin2 acc 0.0448 eff 0.0008 outinratio 0.0506 

ttH126_2e2mu_massZ1_massZ2_genbin0_recobin2 acc 0.0583 eff 0.0 outinratio 0.0506 

ggH126_2e2mu_massZ1_massZ2_genbin1_recobin2 acc 0.0345 eff 0.0185 outinratio 0.0055 

VBFH126_2e2mu_massZ1_massZ2_genbin1_recobin2 acc 0.036 eff 0.0203 outinratio 0.0115 

WminusH126_2e2mu_massZ1_massZ2_genbin1_recobin2 acc 0.0322 eff 0.0123 outinratio 0.0311 

WplusH126_2e2mu_massZ1_massZ2_genbin1_recobin2 acc 0.028 eff 0.0142 outinratio 0.0314 

ZH126_2e2mu_massZ1_massZ2_genbin1_recobin2 acc 0.0307 eff 0.0144 outinratio 0.0506 

ttH126_2e2mu_massZ1_massZ2_genbin1_recobin2 acc 0.0369 eff 0.0138 outinratio 0.0506 

ggH126_2e2mu_massZ1_massZ2_genbin2_recobin2 acc 0.0337 eff 0.4278 outinratio 0.0055 

VBFH126_2e2mu_massZ1_massZ2_genbin2_recobin2 acc 0.0361 eff 0.386 outinratio 0.0115 

WminusH126_2e2mu_massZ1_massZ2_genbin2_recobin2 acc 0.0295 eff 0.3944 outinratio 0.0311 

WplusH126_2e2mu_massZ1_massZ2_genbin2_recobin2 acc 0.0274 eff 0.4184 outinratio 0.0314 

ZH126_2e2mu_massZ1_massZ2_genbin2_recobin2 acc 0.0295 eff 0.4268 outinratio 0.0506 

ttH126_2e2mu_massZ1_massZ2_genbin2_recobin2 acc 0.0323 eff 0.317 outinratio 0.0506 

ggH126_2e2mu_massZ1_massZ2_genbin3_recobin2 acc 0.0484 eff 0.0267 outinratio 0.0055 

VBFH126_2e2mu_massZ1_massZ2_genbin3_recobin2 acc 0.0512 eff 0.0295 outinratio 0.0115 

WminusH126_2e2mu_massZ1_massZ2_genbin3_recobin2 acc 0.0438 eff 0.0276 outinratio 0.0311 

WplusH126_2e2mu_massZ1_massZ2_genbin3_recobin2 acc 0.0372 eff 0.0279 outinratio 0.0314 

ZH126_2e2mu_massZ1_massZ2_genbin3_recobin2 acc 0.0413 eff 0.0288 outinratio 0.0506 

ttH126_2e2mu_massZ1_massZ2_genbin3_recobin2 acc 0.0492 eff 0.0162 outinratio 0.0506 

ggH126_2e2mu_massZ1_massZ2_genbin4_recobin2 acc 0.1248 eff 0.0 outinratio 0.0055 

VBFH126_2e2mu_massZ1_massZ2_genbin4_recobin2 acc 0.1474 eff 0.0 outinratio 0.0115 

WminusH126_2e2mu_massZ1_massZ2_genbin4_recobin2 acc 0.1219 eff 0.0 outinratio 0.0311 

WplusH126_2e2mu_massZ1_massZ2_genbin4_recobin2 acc 0.1065 eff 0.0 outinratio 0.0314 

ZH126_2e2mu_massZ1_massZ2_genbin4_recobin2 acc 0.1146 eff 0.0 outinratio 0.0506 

ttH126_2e2mu_massZ1_massZ2_genbin4_recobin2 acc 0.1496 eff 0.0 outinratio 0.0506 

ggH126_2e2mu_massZ1_massZ2_genbin5_recobin2 acc 0.0482 eff 0.0 outinratio 0.0055 

VBFH126_2e2mu_massZ1_massZ2_genbin5_recobin2 acc 0.0539 eff 0.0 outinratio 0.0115 

WminusH126_2e2mu_massZ1_massZ2_genbin5_recobin2 acc 0.0433 eff 0.0 outinratio 0.0311 

WplusH126_2e2mu_massZ1_massZ2_genbin5_recobin2 acc 0.039 eff 0.0013 outinratio 0.0314 

ZH126_2e2mu_massZ1_massZ2_genbin5_recobin2 acc 0.0415 eff 0.0006 outinratio 0.0506 

ttH126_2e2mu_massZ1_massZ2_genbin5_recobin2 acc 0.0499 eff 0.0 outinratio 0.0506 

ggH126_2e2mu_massZ1_massZ2_genbin6_recobin2 acc 0.0997 eff 0.0162 outinratio 0.0055 

VBFH126_2e2mu_massZ1_massZ2_genbin6_recobin2 acc 0.1061 eff 0.0196 outinratio 0.0115 

WminusH126_2e2mu_massZ1_massZ2_genbin6_recobin2 acc 0.088 eff 0.0114 outinratio 0.0311 

WplusH126_2e2mu_massZ1_massZ2_genbin6_recobin2 acc 0.0808 eff 0.0119 outinratio 0.0314 

ZH126_2e2mu_massZ1_massZ2_genbin6_recobin2 acc 0.0861 eff 0.0137 outinratio 0.0506 

ttH126_2e2mu_massZ1_massZ2_genbin6_recobin2 acc 0.1068 eff 0.0067 outinratio 0.0506 

ggH126_2e2mu_massZ1_massZ2_genbin0_recobin3 acc 0.0513 eff 0.0 outinratio 0.0052 

VBFH126_2e2mu_massZ1_massZ2_genbin0_recobin3 acc 0.057 eff 0.0015 outinratio 0.002 

WminusH126_2e2mu_massZ1_massZ2_genbin0_recobin3 acc 0.0481 eff 0.0 outinratio 0.0208 

WplusH126_2e2mu_massZ1_massZ2_genbin0_recobin3 acc 0.0413 eff 0.0 outinratio 0.0143 

ZH126_2e2mu_massZ1_massZ2_genbin0_recobin3 acc 0.0448 eff 0.0002 outinratio 0.0417 

ttH126_2e2mu_massZ1_massZ2_genbin0_recobin3 acc 0.0583 eff 0.0006 outinratio 0.0484 

ggH126_2e2mu_massZ1_massZ2_genbin1_recobin3 acc 0.0345 eff 0.0029 outinratio 0.0052 

VBFH126_2e2mu_massZ1_massZ2_genbin1_recobin3 acc 0.036 eff 0.0 outinratio 0.002 

WminusH126_2e2mu_massZ1_massZ2_genbin1_recobin3 acc 0.0322 eff 0.0009 outinratio 0.0208 

WplusH126_2e2mu_massZ1_massZ2_genbin1_recobin3 acc 0.028 eff 0.0005 outinratio 0.0143 

ZH126_2e2mu_massZ1_massZ2_genbin1_recobin3 acc 0.0307 eff 0.0012 outinratio 0.0417 

ttH126_2e2mu_massZ1_massZ2_genbin1_recobin3 acc 0.0369 eff 0.0041 outinratio 0.0484 

ggH126_2e2mu_massZ1_massZ2_genbin2_recobin3 acc 0.0337 eff 0.0177 outinratio 0.0052 

VBFH126_2e2mu_massZ1_massZ2_genbin2_recobin3 acc 0.0361 eff 0.0254 outinratio 0.002 

WminusH126_2e2mu_massZ1_massZ2_genbin2_recobin3 acc 0.0295 eff 0.0193 outinratio 0.0208 

WplusH126_2e2mu_massZ1_massZ2_genbin2_recobin3 acc 0.0274 eff 0.0099 outinratio 0.0143 

ZH126_2e2mu_massZ1_massZ2_genbin2_recobin3 acc 0.0295 eff 0.0161 outinratio 0.0417 

ttH126_2e2mu_massZ1_massZ2_genbin2_recobin3 acc 0.0323 eff 0.0178 outinratio 0.0484 

ggH126_2e2mu_massZ1_massZ2_genbin3_recobin3 acc 0.0484 eff 0.5072 outinratio 0.0052 

VBFH126_2e2mu_massZ1_massZ2_genbin3_recobin3 acc 0.0512 eff 0.5103 outinratio 0.002 

WminusH126_2e2mu_massZ1_massZ2_genbin3_recobin3 acc 0.0438 eff 0.4782 outinratio 0.0208 

WplusH126_2e2mu_massZ1_massZ2_genbin3_recobin3 acc 0.0372 eff 0.4826 outinratio 0.0143 

ZH126_2e2mu_massZ1_massZ2_genbin3_recobin3 acc 0.0413 eff 0.4888 outinratio 0.0417 

ttH126_2e2mu_massZ1_massZ2_genbin3_recobin3 acc 0.0492 eff 0.4434 outinratio 0.0484 

ggH126_2e2mu_massZ1_massZ2_genbin4_recobin3 acc 0.1248 eff 0.0 outinratio 0.0052 

VBFH126_2e2mu_massZ1_massZ2_genbin4_recobin3 acc 0.1474 eff 0.0 outinratio 0.002 

WminusH126_2e2mu_massZ1_massZ2_genbin4_recobin3 acc 0.1219 eff 0.0 outinratio 0.0208 

WplusH126_2e2mu_massZ1_massZ2_genbin4_recobin3 acc 0.1065 eff 0.0 outinratio 0.0143 

ZH126_2e2mu_massZ1_massZ2_genbin4_recobin3 acc 0.1146 eff 0.0003 outinratio 0.0417 

ttH126_2e2mu_massZ1_massZ2_genbin4_recobin3 acc 0.1496 eff 0.0 outinratio 0.0484 

ggH126_2e2mu_massZ1_massZ2_genbin5_recobin3 acc 0.0482 eff 0.0 outinratio 0.0052 

VBFH126_2e2mu_massZ1_massZ2_genbin5_recobin3 acc 0.0539 eff 0.0 outinratio 0.002 

WminusH126_2e2mu_massZ1_massZ2_genbin5_recobin3 acc 0.0433 eff 0.0 outinratio 0.0208 

WplusH126_2e2mu_massZ1_massZ2_genbin5_recobin3 acc 0.039 eff 0.0 outinratio 0.0143 

ZH126_2e2mu_massZ1_massZ2_genbin5_recobin3 acc 0.0415 eff 0.0004 outinratio 0.0417 

ttH126_2e2mu_massZ1_massZ2_genbin5_recobin3 acc 0.0499 eff 0.0 outinratio 0.0484 

ggH126_2e2mu_massZ1_massZ2_genbin6_recobin3 acc 0.0997 eff 0.0 outinratio 0.0052 

VBFH126_2e2mu_massZ1_massZ2_genbin6_recobin3 acc 0.1061 eff 0.0 outinratio 0.002 

WminusH126_2e2mu_massZ1_massZ2_genbin6_recobin3 acc 0.088 eff 0.0012 outinratio 0.0208 

WplusH126_2e2mu_massZ1_massZ2_genbin6_recobin3 acc 0.0808 eff 0.0002 outinratio 0.0143 

ZH126_2e2mu_massZ1_massZ2_genbin6_recobin3 acc 0.0861 eff 0.0 outinratio 0.0417 

ttH126_2e2mu_massZ1_massZ2_genbin6_recobin3 acc 0.1068 eff 0.0 outinratio 0.0484 

ggH126_2e2mu_massZ1_massZ2_genbin0_recobin4 acc 0.0513 eff 0.0302 outinratio 0.0096 

VBFH126_2e2mu_massZ1_massZ2_genbin0_recobin4 acc 0.057 eff 0.0221 outinratio 0.0092 

WminusH126_2e2mu_massZ1_massZ2_genbin0_recobin4 acc 0.0481 eff 0.0193 outinratio 0.0137 

WplusH126_2e2mu_massZ1_massZ2_genbin0_recobin4 acc 0.0413 eff 0.0278 outinratio 0.0278 

ZH126_2e2mu_massZ1_massZ2_genbin0_recobin4 acc 0.0448 eff 0.0293 outinratio 0.051 

ttH126_2e2mu_massZ1_massZ2_genbin0_recobin4 acc 0.0583 eff 0.0159 outinratio 0.0438 

ggH126_2e2mu_massZ1_massZ2_genbin1_recobin4 acc 0.0345 eff 0.0012 outinratio 0.0096 

VBFH126_2e2mu_massZ1_massZ2_genbin1_recobin4 acc 0.036 eff 0.0 outinratio 0.0092 

WminusH126_2e2mu_massZ1_massZ2_genbin1_recobin4 acc 0.0322 eff 0.0 outinratio 0.0137 

WplusH126_2e2mu_massZ1_massZ2_genbin1_recobin4 acc 0.028 eff 0.0 outinratio 0.0278 

ZH126_2e2mu_massZ1_massZ2_genbin1_recobin4 acc 0.0307 eff 0.0 outinratio 0.051 

ttH126_2e2mu_massZ1_massZ2_genbin1_recobin4 acc 0.0369 eff 0.0 outinratio 0.0438 

ggH126_2e2mu_massZ1_massZ2_genbin2_recobin4 acc 0.0337 eff 0.0 outinratio 0.0096 

VBFH126_2e2mu_massZ1_massZ2_genbin2_recobin4 acc 0.0361 eff 0.0 outinratio 0.0092 

WminusH126_2e2mu_massZ1_massZ2_genbin2_recobin4 acc 0.0295 eff 0.001 outinratio 0.0137 

WplusH126_2e2mu_massZ1_massZ2_genbin2_recobin4 acc 0.0274 eff 0.0 outinratio 0.0278 

ZH126_2e2mu_massZ1_massZ2_genbin2_recobin4 acc 0.0295 eff 0.0 outinratio 0.051 

ttH126_2e2mu_massZ1_massZ2_genbin2_recobin4 acc 0.0323 eff 0.0 outinratio 0.0438 

ggH126_2e2mu_massZ1_massZ2_genbin3_recobin4 acc 0.0484 eff 0.0 outinratio 0.0096 

VBFH126_2e2mu_massZ1_massZ2_genbin3_recobin4 acc 0.0512 eff 0.0 outinratio 0.0092 

WminusH126_2e2mu_massZ1_massZ2_genbin3_recobin4 acc 0.0438 eff 0.0 outinratio 0.0137 

WplusH126_2e2mu_massZ1_massZ2_genbin3_recobin4 acc 0.0372 eff 0.0 outinratio 0.0278 

ZH126_2e2mu_massZ1_massZ2_genbin3_recobin4 acc 0.0413 eff 0.0 outinratio 0.051 

ttH126_2e2mu_massZ1_massZ2_genbin3_recobin4 acc 0.0492 eff 0.0 outinratio 0.0438 

ggH126_2e2mu_massZ1_massZ2_genbin4_recobin4 acc 0.1248 eff 0.3711 outinratio 0.0096 

VBFH126_2e2mu_massZ1_massZ2_genbin4_recobin4 acc 0.1474 eff 0.4004 outinratio 0.0092 

WminusH126_2e2mu_massZ1_massZ2_genbin4_recobin4 acc 0.1219 eff 0.3729 outinratio 0.0137 

WplusH126_2e2mu_massZ1_massZ2_genbin4_recobin4 acc 0.1065 eff 0.3611 outinratio 0.0278 

ZH126_2e2mu_massZ1_massZ2_genbin4_recobin4 acc 0.1146 eff 0.3751 outinratio 0.051 

ttH126_2e2mu_massZ1_massZ2_genbin4_recobin4 acc 0.1496 eff 0.2901 outinratio 0.0438 

ggH126_2e2mu_massZ1_massZ2_genbin5_recobin4 acc 0.0482 eff 0.0447 outinratio 0.0096 

VBFH126_2e2mu_massZ1_massZ2_genbin5_recobin4 acc 0.0539 eff 0.0401 outinratio 0.0092 

WminusH126_2e2mu_massZ1_massZ2_genbin5_recobin4 acc 0.0433 eff 0.0592 outinratio 0.0137 

WplusH126_2e2mu_massZ1_massZ2_genbin5_recobin4 acc 0.039 eff 0.0417 outinratio 0.0278 

ZH126_2e2mu_massZ1_massZ2_genbin5_recobin4 acc 0.0415 eff 0.0484 outinratio 0.051 

ttH126_2e2mu_massZ1_massZ2_genbin5_recobin4 acc 0.0499 eff 0.0259 outinratio 0.0438 

ggH126_2e2mu_massZ1_massZ2_genbin6_recobin4 acc 0.0997 eff 0.0036 outinratio 0.0096 

VBFH126_2e2mu_massZ1_massZ2_genbin6_recobin4 acc 0.1061 eff 0.0047 outinratio 0.0092 

WminusH126_2e2mu_massZ1_massZ2_genbin6_recobin4 acc 0.088 eff 0.0047 outinratio 0.0137 

WplusH126_2e2mu_massZ1_massZ2_genbin6_recobin4 acc 0.0808 eff 0.0029 outinratio 0.0278 

ZH126_2e2mu_massZ1_massZ2_genbin6_recobin4 acc 0.0861 eff 0.0021 outinratio 0.051 

ttH126_2e2mu_massZ1_massZ2_genbin6_recobin4 acc 0.1068 eff 0.0008 outinratio 0.0438 

ggH126_2e2mu_massZ1_massZ2_genbin0_recobin5 acc 0.0513 eff 0.0053 outinratio 0.0076 

VBFH126_2e2mu_massZ1_massZ2_genbin0_recobin5 acc 0.057 eff 0.0149 outinratio 0.0067 

WminusH126_2e2mu_massZ1_massZ2_genbin0_recobin5 acc 0.0481 eff 0.0119 outinratio 0.0206 

WplusH126_2e2mu_massZ1_massZ2_genbin0_recobin5 acc 0.0413 eff 0.0032 outinratio 0.0207 

ZH126_2e2mu_massZ1_massZ2_genbin0_recobin5 acc 0.0448 eff 0.0052 outinratio 0.0529 

ttH126_2e2mu_massZ1_massZ2_genbin0_recobin5 acc 0.0583 eff 0.0112 outinratio 0.0294 

ggH126_2e2mu_massZ1_massZ2_genbin1_recobin5 acc 0.0345 eff 0.0017 outinratio 0.0076 

VBFH126_2e2mu_massZ1_massZ2_genbin1_recobin5 acc 0.036 eff 0.0027 outinratio 0.0067 

WminusH126_2e2mu_massZ1_massZ2_genbin1_recobin5 acc 0.0322 eff 0.0029 outinratio 0.0206 

WplusH126_2e2mu_massZ1_massZ2_genbin1_recobin5 acc 0.028 eff 0.0041 outinratio 0.0207 

ZH126_2e2mu_massZ1_massZ2_genbin1_recobin5 acc 0.0307 eff 0.0027 outinratio 0.0529 

ttH126_2e2mu_massZ1_massZ2_genbin1_recobin5 acc 0.0369 eff 0.0034 outinratio 0.0294 

ggH126_2e2mu_massZ1_massZ2_genbin2_recobin5 acc 0.0337 eff 0.0 outinratio 0.0076 

VBFH126_2e2mu_massZ1_massZ2_genbin2_recobin5 acc 0.0361 eff 0.0 outinratio 0.0067 

WminusH126_2e2mu_massZ1_massZ2_genbin2_recobin5 acc 0.0295 eff 0.0 outinratio 0.0206 

WplusH126_2e2mu_massZ1_massZ2_genbin2_recobin5 acc 0.0274 eff 0.0 outinratio 0.0207 

ZH126_2e2mu_massZ1_massZ2_genbin2_recobin5 acc 0.0295 eff 0.0004 outinratio 0.0529 

ttH126_2e2mu_massZ1_massZ2_genbin2_recobin5 acc 0.0323 eff 0.0 outinratio 0.0294 

ggH126_2e2mu_massZ1_massZ2_genbin3_recobin5 acc 0.0484 eff 0.0 outinratio 0.0076 

VBFH126_2e2mu_massZ1_massZ2_genbin3_recobin5 acc 0.0512 eff 0.0 outinratio 0.0067 

WminusH126_2e2mu_massZ1_massZ2_genbin3_recobin5 acc 0.0438 eff 0.0 outinratio 0.0206 

WplusH126_2e2mu_massZ1_massZ2_genbin3_recobin5 acc 0.0372 eff 0.0 outinratio 0.0207 

ZH126_2e2mu_massZ1_massZ2_genbin3_recobin5 acc 0.0413 eff 0.0 outinratio 0.0529 

ttH126_2e2mu_massZ1_massZ2_genbin3_recobin5 acc 0.0492 eff 0.0 outinratio 0.0294 

ggH126_2e2mu_massZ1_massZ2_genbin4_recobin5 acc 0.1248 eff 0.0072 outinratio 0.0076 

VBFH126_2e2mu_massZ1_massZ2_genbin4_recobin5 acc 0.1474 eff 0.003 outinratio 0.0067 

WminusH126_2e2mu_massZ1_massZ2_genbin4_recobin5 acc 0.1219 eff 0.0033 outinratio 0.0206 

WplusH126_2e2mu_massZ1_massZ2_genbin4_recobin5 acc 0.1065 eff 0.0063 outinratio 0.0207 

ZH126_2e2mu_massZ1_massZ2_genbin4_recobin5 acc 0.1146 eff 0.0074 outinratio 0.0529 

ttH126_2e2mu_massZ1_massZ2_genbin4_recobin5 acc 0.1496 eff 0.0074 outinratio 0.0294 

ggH126_2e2mu_massZ1_massZ2_genbin5_recobin5 acc 0.0482 eff 0.3067 outinratio 0.0076 

VBFH126_2e2mu_massZ1_massZ2_genbin5_recobin5 acc 0.0539 eff 0.3235 outinratio 0.0067 

WminusH126_2e2mu_massZ1_massZ2_genbin5_recobin5 acc 0.0433 eff 0.309 outinratio 0.0206 

WplusH126_2e2mu_massZ1_massZ2_genbin5_recobin5 acc 0.039 eff 0.3045 outinratio 0.0207 

ZH126_2e2mu_massZ1_massZ2_genbin5_recobin5 acc 0.0415 eff 0.3078 outinratio 0.0529 

ttH126_2e2mu_massZ1_massZ2_genbin5_recobin5 acc 0.0499 eff 0.2854 outinratio 0.0294 

ggH126_2e2mu_massZ1_massZ2_genbin6_recobin5 acc 0.0997 eff 0.0294 outinratio 0.0076 

VBFH126_2e2mu_massZ1_massZ2_genbin6_recobin5 acc 0.1061 eff 0.0267 outinratio 0.0067 

WminusH126_2e2mu_massZ1_massZ2_genbin6_recobin5 acc 0.088 eff 0.0318 outinratio 0.0206 

WplusH126_2e2mu_massZ1_massZ2_genbin6_recobin5 acc 0.0808 eff 0.0307 outinratio 0.0207 

ZH126_2e2mu_massZ1_massZ2_genbin6_recobin5 acc 0.0861 eff 0.0293 outinratio 0.0529 

ttH126_2e2mu_massZ1_massZ2_genbin6_recobin5 acc 0.1068 eff 0.027 outinratio 0.0294 

ggH126_2e2mu_massZ1_massZ2_genbin0_recobin6 acc 0.0513 eff 0.0007 outinratio 0.0098 

VBFH126_2e2mu_massZ1_massZ2_genbin0_recobin6 acc 0.057 eff 0.0 outinratio 0.004 

WminusH126_2e2mu_massZ1_massZ2_genbin0_recobin6 acc 0.0481 eff 0.0 outinratio 0.0154 

WplusH126_2e2mu_massZ1_massZ2_genbin0_recobin6 acc 0.0413 eff 0.0009 outinratio 0.0091 

ZH126_2e2mu_massZ1_massZ2_genbin0_recobin6 acc 0.0448 eff 0.0 outinratio 0.0566 

ttH126_2e2mu_massZ1_massZ2_genbin0_recobin6 acc 0.0583 eff 0.0 outinratio 0.0452 

ggH126_2e2mu_massZ1_massZ2_genbin1_recobin6 acc 0.0345 eff 0.0296 outinratio 0.0098 

VBFH126_2e2mu_massZ1_massZ2_genbin1_recobin6 acc 0.036 eff 0.0259 outinratio 0.004 

WminusH126_2e2mu_massZ1_massZ2_genbin1_recobin6 acc 0.0322 eff 0.0295 outinratio 0.0154 

WplusH126_2e2mu_massZ1_massZ2_genbin1_recobin6 acc 0.028 eff 0.0236 outinratio 0.0091 

ZH126_2e2mu_massZ1_massZ2_genbin1_recobin6 acc 0.0307 eff 0.0379 outinratio 0.0566 

ttH126_2e2mu_massZ1_massZ2_genbin1_recobin6 acc 0.0369 eff 0.0252 outinratio 0.0452 

ggH126_2e2mu_massZ1_massZ2_genbin2_recobin6 acc 0.0337 eff 0.0142 outinratio 0.0098 

VBFH126_2e2mu_massZ1_massZ2_genbin2_recobin6 acc 0.0361 eff 0.0429 outinratio 0.004 

WminusH126_2e2mu_massZ1_massZ2_genbin2_recobin6 acc 0.0295 eff 0.0208 outinratio 0.0154 

WplusH126_2e2mu_massZ1_massZ2_genbin2_recobin6 acc 0.0274 eff 0.0252 outinratio 0.0091 

ZH126_2e2mu_massZ1_massZ2_genbin2_recobin6 acc 0.0295 eff 0.0271 outinratio 0.0566 

ttH126_2e2mu_massZ1_massZ2_genbin2_recobin6 acc 0.0323 eff 0.0293 outinratio 0.0452 

ggH126_2e2mu_massZ1_massZ2_genbin3_recobin6 acc 0.0484 eff 0.0 outinratio 0.0098 

VBFH126_2e2mu_massZ1_massZ2_genbin3_recobin6 acc 0.0512 eff 0.0 outinratio 0.004 

WminusH126_2e2mu_massZ1_massZ2_genbin3_recobin6 acc 0.0438 eff 0.0008 outinratio 0.0154 

WplusH126_2e2mu_massZ1_massZ2_genbin3_recobin6 acc 0.0372 eff 0.0005 outinratio 0.0091 

ZH126_2e2mu_massZ1_massZ2_genbin3_recobin6 acc 0.0413 eff 0.0012 outinratio 0.0566 

ttH126_2e2mu_massZ1_massZ2_genbin3_recobin6 acc 0.0492 eff 0.0 outinratio 0.0452 

ggH126_2e2mu_massZ1_massZ2_genbin4_recobin6 acc 0.1248 eff 0.0009 outinratio 0.0098 

VBFH126_2e2mu_massZ1_massZ2_genbin4_recobin6 acc 0.1474 eff 0.0017 outinratio 0.004 

WminusH126_2e2mu_massZ1_massZ2_genbin4_recobin6 acc 0.1219 eff 0.0003 outinratio 0.0154 

WplusH126_2e2mu_massZ1_massZ2_genbin4_recobin6 acc 0.1065 eff 0.0004 outinratio 0.0091 

ZH126_2e2mu_massZ1_massZ2_genbin4_recobin6 acc 0.1146 eff 0.0006 outinratio 0.0566 

ttH126_2e2mu_massZ1_massZ2_genbin4_recobin6 acc 0.1496 eff 0.0004 outinratio 0.0452 

ggH126_2e2mu_massZ1_massZ2_genbin5_recobin6 acc 0.0482 eff 0.021 outinratio 0.0098 

VBFH126_2e2mu_massZ1_massZ2_genbin5_recobin6 acc 0.0539 eff 0.0203 outinratio 0.004 

WminusH126_2e2mu_massZ1_massZ2_genbin5_recobin6 acc 0.0433 eff 0.0263 outinratio 0.0154 

WplusH126_2e2mu_massZ1_massZ2_genbin5_recobin6 acc 0.039 eff 0.0195 outinratio 0.0091 

ZH126_2e2mu_massZ1_massZ2_genbin5_recobin6 acc 0.0415 eff 0.0217 outinratio 0.0566 

ttH126_2e2mu_massZ1_massZ2_genbin5_recobin6 acc 0.0499 eff 0.0164 outinratio 0.0452 

ggH126_2e2mu_massZ1_massZ2_genbin6_recobin6 acc 0.0997 eff 0.3576 outinratio 0.0098 

VBFH126_2e2mu_massZ1_massZ2_genbin6_recobin6 acc 0.1061 eff 0.3729 outinratio 0.004 

WminusH126_2e2mu_massZ1_massZ2_genbin6_recobin6 acc 0.088 eff 0.3331 outinratio 0.0154 

WplusH126_2e2mu_massZ1_massZ2_genbin6_recobin6 acc 0.0808 eff 0.3615 outinratio 0.0091 

ZH126_2e2mu_massZ1_massZ2_genbin6_recobin6 acc 0.0861 eff 0.3373 outinratio 0.0566 

ttH126_2e2mu_massZ1_massZ2_genbin6_recobin6 acc 0.1068 eff 0.3028 outinratio 0.0452 

Coeff fullNNLOPS
