Welcome in RunCoefficients!
OPT SPLIT
DEBUG opt.YEAR = 2024_1
It is a double-differential measurement, binning for the 1st variable {0: [40.0, 88.0], 1: [40.0, 88.0], 2: [40.0, 88.0], 3: [40.0, 88.0], 4: [88.0, 120.0], 5: [88.0, 120.0], 6: [88.0, 120.0]} and for the 2nd variable {0: [12.0, 28.0], 1: [28.0, 34.0], 2: [34.0, 40.0], 3: [40.0, 65.0], 4: [12.0, 25.0], 5: [25.0, 28.0], 6: [28.0, 65.0]}
{0: [40.0, 88.0, 12.0, 28.0], 1: [40.0, 88.0, 28.0, 34.0], 2: [40.0, 88.0, 34.0, 40.0], 3: [40.0, 88.0, 40.0, 65.0], 4: [88.0, 120.0, 12.0, 25.0], 5: [88.0, 120.0, 25.0, 28.0], 6: [88.0, 120.0, 28.0, 65.0]}
Z1Mass
Following observables extracted from dictionary: RECO =  Z1Mass  GEN =  GENmassZ1
It is a double-differential measurement: RECO_2nd =  Z2Mass  GEN_2nd =  GENmassZ2
LUMI: 10.882200000000001
ttH126 0.00046886125
Processing ggH126 2024_1
Signal created
Signal failed created
Processing VBFH126 2024_1
Signal created
Signal failed created
Processing WminusH126 2024_1
Signal created
Signal failed created
Processing WplusH126 2024_1
Signal created
Signal failed created
Processing ZH126 2024_1
Signal created
Signal failed created
Processing ttH126 2024_1
Signal created
Signal failed created
2024_1 SKIMMED df CREATED
2024_1 ggH126
2024_1 VBFH126
2024_1 WminusH126
2024_1 WplusH126
2024_1 ZH126
2024_1 ttH126
Dataframes created successfully
Coeff std
ggH126_4l_massZ1_massZ2_genbin0_recobin0 acc 0.0498 eff 0.5035 outinratio 0.0596 

VBFH126_4l_massZ1_massZ2_genbin0_recobin0 acc 0.0559 eff 0.5252 outinratio 0.0392 

WminusH126_4l_massZ1_massZ2_genbin0_recobin0 acc 0.0432 eff 0.5129 outinratio 0.0698 

WplusH126_4l_massZ1_massZ2_genbin0_recobin0 acc 0.037 eff 0.5003 outinratio 0.0767 

ZH126_4l_massZ1_massZ2_genbin0_recobin0 acc 0.0422 eff 0.5071 outinratio 0.075 

ttH126_4l_massZ1_massZ2_genbin0_recobin0 acc 0.0399 eff 0.514 outinratio 0.1606 

ggH126_4l_massZ1_massZ2_genbin1_recobin0 acc 0.0342 eff 0.0358 outinratio 0.0596 

VBFH126_4l_massZ1_massZ2_genbin1_recobin0 acc 0.0374 eff 0.039 outinratio 0.0392 

WminusH126_4l_massZ1_massZ2_genbin1_recobin0 acc 0.0291 eff 0.0242 outinratio 0.0698 

WplusH126_4l_massZ1_massZ2_genbin1_recobin0 acc 0.0259 eff 0.035 outinratio 0.0767 

ZH126_4l_massZ1_massZ2_genbin1_recobin0 acc 0.0283 eff 0.0352 outinratio 0.075 

ttH126_4l_massZ1_massZ2_genbin1_recobin0 acc 0.0262 eff 0.0362 outinratio 0.1606 

ggH126_4l_massZ1_massZ2_genbin2_recobin0 acc 0.0344 eff 0.0031 outinratio 0.0596 

VBFH126_4l_massZ1_massZ2_genbin2_recobin0 acc 0.0372 eff 0.0023 outinratio 0.0392 

WminusH126_4l_massZ1_massZ2_genbin2_recobin0 acc 0.0297 eff 0.0 outinratio 0.0698 

WplusH126_4l_massZ1_massZ2_genbin2_recobin0 acc 0.0261 eff 0.0025 outinratio 0.0767 

ZH126_4l_massZ1_massZ2_genbin2_recobin0 acc 0.0271 eff 0.0042 outinratio 0.075 

ttH126_4l_massZ1_massZ2_genbin2_recobin0 acc 0.026 eff 0.0037 outinratio 0.1606 

ggH126_4l_massZ1_massZ2_genbin3_recobin0 acc 0.0533 eff 0.0012 outinratio 0.0596 

VBFH126_4l_massZ1_massZ2_genbin3_recobin0 acc 0.0565 eff 0.001 outinratio 0.0392 

WminusH126_4l_massZ1_massZ2_genbin3_recobin0 acc 0.0438 eff 0.0 outinratio 0.0698 

WplusH126_4l_massZ1_massZ2_genbin3_recobin0 acc 0.0389 eff 0.002 outinratio 0.0767 

ZH126_4l_massZ1_massZ2_genbin3_recobin0 acc 0.0439 eff 0.0024 outinratio 0.075 

ttH126_4l_massZ1_massZ2_genbin3_recobin0 acc 0.0401 eff 0.0038 outinratio 0.1606 

ggH126_4l_massZ1_massZ2_genbin4_recobin0 acc 0.1054 eff 0.0774 outinratio 0.0596 

VBFH126_4l_massZ1_massZ2_genbin4_recobin0 acc 0.1236 eff 0.0772 outinratio 0.0392 

WminusH126_4l_massZ1_massZ2_genbin4_recobin0 acc 0.1034 eff 0.0837 outinratio 0.0698 

WplusH126_4l_massZ1_massZ2_genbin4_recobin0 acc 0.0829 eff 0.0757 outinratio 0.0767 

ZH126_4l_massZ1_massZ2_genbin4_recobin0 acc 0.0969 eff 0.0795 outinratio 0.075 

ttH126_4l_massZ1_massZ2_genbin4_recobin0 acc 0.0876 eff 0.0737 outinratio 0.1606 

ggH126_4l_massZ1_massZ2_genbin5_recobin0 acc 0.0404 eff 0.0771 outinratio 0.0596 

VBFH126_4l_massZ1_massZ2_genbin5_recobin0 acc 0.0461 eff 0.0733 outinratio 0.0392 

WminusH126_4l_massZ1_massZ2_genbin5_recobin0 acc 0.0368 eff 0.0734 outinratio 0.0698 

WplusH126_4l_massZ1_massZ2_genbin5_recobin0 acc 0.0328 eff 0.0735 outinratio 0.0767 

ZH126_4l_massZ1_massZ2_genbin5_recobin0 acc 0.0344 eff 0.0745 outinratio 0.075 

ttH126_4l_massZ1_massZ2_genbin5_recobin0 acc 0.0317 eff 0.0696 outinratio 0.1606 

ggH126_4l_massZ1_massZ2_genbin6_recobin0 acc 0.0895 eff 0.007 outinratio 0.0596 

VBFH126_4l_massZ1_massZ2_genbin6_recobin0 acc 0.0961 eff 0.0069 outinratio 0.0392 

WminusH126_4l_massZ1_massZ2_genbin6_recobin0 acc 0.0796 eff 0.0052 outinratio 0.0698 

WplusH126_4l_massZ1_massZ2_genbin6_recobin0 acc 0.0687 eff 0.007 outinratio 0.0767 

ZH126_4l_massZ1_massZ2_genbin6_recobin0 acc 0.0725 eff 0.0055 outinratio 0.075 

ttH126_4l_massZ1_massZ2_genbin6_recobin0 acc 0.0674 eff 0.0044 outinratio 0.1606 

ggH126_4l_massZ1_massZ2_genbin0_recobin1 acc 0.0498 eff 0.0084 outinratio 0.0457 

VBFH126_4l_massZ1_massZ2_genbin0_recobin1 acc 0.0559 eff 0.0108 outinratio 0.0373 

WminusH126_4l_massZ1_massZ2_genbin0_recobin1 acc 0.0432 eff 0.0014 outinratio 0.0293 

WplusH126_4l_massZ1_massZ2_genbin0_recobin1 acc 0.037 eff 0.0084 outinratio 0.0827 

ZH126_4l_massZ1_massZ2_genbin0_recobin1 acc 0.0422 eff 0.0106 outinratio 0.1096 

ttH126_4l_massZ1_massZ2_genbin0_recobin1 acc 0.0399 eff 0.0074 outinratio 0.1407 

ggH126_4l_massZ1_massZ2_genbin1_recobin1 acc 0.0342 eff 0.466 outinratio 0.0457 

VBFH126_4l_massZ1_massZ2_genbin1_recobin1 acc 0.0374 eff 0.4745 outinratio 0.0373 

WminusH126_4l_massZ1_massZ2_genbin1_recobin1 acc 0.0291 eff 0.484 outinratio 0.0293 

WplusH126_4l_massZ1_massZ2_genbin1_recobin1 acc 0.0259 eff 0.4326 outinratio 0.0827 

ZH126_4l_massZ1_massZ2_genbin1_recobin1 acc 0.0283 eff 0.4502 outinratio 0.1096 

ttH126_4l_massZ1_massZ2_genbin1_recobin1 acc 0.0262 eff 0.4598 outinratio 0.1407 

ggH126_4l_massZ1_massZ2_genbin2_recobin1 acc 0.0344 eff 0.052 outinratio 0.0457 

VBFH126_4l_massZ1_massZ2_genbin2_recobin1 acc 0.0372 eff 0.0497 outinratio 0.0373 

WminusH126_4l_massZ1_massZ2_genbin2_recobin1 acc 0.0297 eff 0.0395 outinratio 0.0293 

WplusH126_4l_massZ1_massZ2_genbin2_recobin1 acc 0.0261 eff 0.0479 outinratio 0.0827 

ZH126_4l_massZ1_massZ2_genbin2_recobin1 acc 0.0271 eff 0.0493 outinratio 0.1096 

ttH126_4l_massZ1_massZ2_genbin2_recobin1 acc 0.026 eff 0.0527 outinratio 0.1407 

ggH126_4l_massZ1_massZ2_genbin3_recobin1 acc 0.0533 eff 0.0021 outinratio 0.0457 

VBFH126_4l_massZ1_massZ2_genbin3_recobin1 acc 0.0565 eff 0.0021 outinratio 0.0373 

WminusH126_4l_massZ1_massZ2_genbin3_recobin1 acc 0.0438 eff 0.0017 outinratio 0.0293 

WplusH126_4l_massZ1_massZ2_genbin3_recobin1 acc 0.0389 eff 0.0043 outinratio 0.0827 

ZH126_4l_massZ1_massZ2_genbin3_recobin1 acc 0.0439 eff 0.003 outinratio 0.1096 

ttH126_4l_massZ1_massZ2_genbin3_recobin1 acc 0.0401 eff 0.0005 outinratio 0.1407 

ggH126_4l_massZ1_massZ2_genbin4_recobin1 acc 0.1054 eff 0.0002 outinratio 0.0457 

VBFH126_4l_massZ1_massZ2_genbin4_recobin1 acc 0.1236 eff 0.0001 outinratio 0.0373 

WminusH126_4l_massZ1_massZ2_genbin4_recobin1 acc 0.1034 eff 0.0 outinratio 0.0293 

WplusH126_4l_massZ1_massZ2_genbin4_recobin1 acc 0.0829 eff 0.0 outinratio 0.0827 

ZH126_4l_massZ1_massZ2_genbin4_recobin1 acc 0.0969 eff 0.0 outinratio 0.1096 

ttH126_4l_massZ1_massZ2_genbin4_recobin1 acc 0.0876 eff 0.0003 outinratio 0.1407 

ggH126_4l_massZ1_massZ2_genbin5_recobin1 acc 0.0404 eff 0.0036 outinratio 0.0457 

VBFH126_4l_massZ1_massZ2_genbin5_recobin1 acc 0.0461 eff 0.004 outinratio 0.0373 

WminusH126_4l_massZ1_massZ2_genbin5_recobin1 acc 0.0368 eff 0.0049 outinratio 0.0293 

WplusH126_4l_massZ1_massZ2_genbin5_recobin1 acc 0.0328 eff 0.0046 outinratio 0.0827 

ZH126_4l_massZ1_massZ2_genbin5_recobin1 acc 0.0344 eff 0.0036 outinratio 0.1096 

ttH126_4l_massZ1_massZ2_genbin5_recobin1 acc 0.0317 eff 0.0022 outinratio 0.1407 

ggH126_4l_massZ1_massZ2_genbin6_recobin1 acc 0.0895 eff 0.0764 outinratio 0.0457 

VBFH126_4l_massZ1_massZ2_genbin6_recobin1 acc 0.0961 eff 0.074 outinratio 0.0373 

WminusH126_4l_massZ1_massZ2_genbin6_recobin1 acc 0.0796 eff 0.0857 outinratio 0.0293 

WplusH126_4l_massZ1_massZ2_genbin6_recobin1 acc 0.0687 eff 0.0763 outinratio 0.0827 

ZH126_4l_massZ1_massZ2_genbin6_recobin1 acc 0.0725 eff 0.0761 outinratio 0.1096 

ttH126_4l_massZ1_massZ2_genbin6_recobin1 acc 0.0674 eff 0.0674 outinratio 0.1407 

ggH126_4l_massZ1_massZ2_genbin0_recobin2 acc 0.0498 eff 0.0007 outinratio 0.0405 

VBFH126_4l_massZ1_massZ2_genbin0_recobin2 acc 0.0559 eff 0.0013 outinratio 0.0313 

WminusH126_4l_massZ1_massZ2_genbin0_recobin2 acc 0.0432 eff 0.0 outinratio 0.0374 

WplusH126_4l_massZ1_massZ2_genbin0_recobin2 acc 0.037 eff 0.001 outinratio 0.0776 

ZH126_4l_massZ1_massZ2_genbin0_recobin2 acc 0.0422 eff 0.0024 outinratio 0.0717 

ttH126_4l_massZ1_massZ2_genbin0_recobin2 acc 0.0399 eff 0.0002 outinratio 0.1593 

ggH126_4l_massZ1_massZ2_genbin1_recobin2 acc 0.0342 eff 0.0189 outinratio 0.0405 

VBFH126_4l_massZ1_massZ2_genbin1_recobin2 acc 0.0374 eff 0.0224 outinratio 0.0313 

WminusH126_4l_massZ1_massZ2_genbin1_recobin2 acc 0.0291 eff 0.0208 outinratio 0.0374 

WplusH126_4l_massZ1_massZ2_genbin1_recobin2 acc 0.0259 eff 0.0162 outinratio 0.0776 

ZH126_4l_massZ1_massZ2_genbin1_recobin2 acc 0.0283 eff 0.024 outinratio 0.0717 

ttH126_4l_massZ1_massZ2_genbin1_recobin2 acc 0.0262 eff 0.0159 outinratio 0.1593 

ggH126_4l_massZ1_massZ2_genbin2_recobin2 acc 0.0344 eff 0.469 outinratio 0.0405 

VBFH126_4l_massZ1_massZ2_genbin2_recobin2 acc 0.0372 eff 0.4971 outinratio 0.0313 

WminusH126_4l_massZ1_massZ2_genbin2_recobin2 acc 0.0297 eff 0.5007 outinratio 0.0374 

WplusH126_4l_massZ1_massZ2_genbin2_recobin2 acc 0.0261 eff 0.4496 outinratio 0.0776 

ZH126_4l_massZ1_massZ2_genbin2_recobin2 acc 0.0271 eff 0.496 outinratio 0.0717 

ttH126_4l_massZ1_massZ2_genbin2_recobin2 acc 0.026 eff 0.4857 outinratio 0.1593 

ggH126_4l_massZ1_massZ2_genbin3_recobin2 acc 0.0533 eff 0.0322 outinratio 0.0405 

VBFH126_4l_massZ1_massZ2_genbin3_recobin2 acc 0.0565 eff 0.0281 outinratio 0.0313 

WminusH126_4l_massZ1_massZ2_genbin3_recobin2 acc 0.0438 eff 0.0264 outinratio 0.0374 

WplusH126_4l_massZ1_massZ2_genbin3_recobin2 acc 0.0389 eff 0.0344 outinratio 0.0776 

ZH126_4l_massZ1_massZ2_genbin3_recobin2 acc 0.0439 eff 0.0356 outinratio 0.0717 

ttH126_4l_massZ1_massZ2_genbin3_recobin2 acc 0.0401 eff 0.0293 outinratio 0.1593 

ggH126_4l_massZ1_massZ2_genbin4_recobin2 acc 0.1054 eff 0.0 outinratio 0.0405 

VBFH126_4l_massZ1_massZ2_genbin4_recobin2 acc 0.1236 eff 0.0 outinratio 0.0313 

WminusH126_4l_massZ1_massZ2_genbin4_recobin2 acc 0.1034 eff 0.0 outinratio 0.0374 

WplusH126_4l_massZ1_massZ2_genbin4_recobin2 acc 0.0829 eff 0.0 outinratio 0.0776 

ZH126_4l_massZ1_massZ2_genbin4_recobin2 acc 0.0969 eff 0.0 outinratio 0.0717 

ttH126_4l_massZ1_massZ2_genbin4_recobin2 acc 0.0876 eff 0.0 outinratio 0.1593 

ggH126_4l_massZ1_massZ2_genbin5_recobin2 acc 0.0404 eff 0.0001 outinratio 0.0405 

VBFH126_4l_massZ1_massZ2_genbin5_recobin2 acc 0.0461 eff 0.0 outinratio 0.0313 

WminusH126_4l_massZ1_massZ2_genbin5_recobin2 acc 0.0368 eff 0.0 outinratio 0.0374 

WplusH126_4l_massZ1_massZ2_genbin5_recobin2 acc 0.0328 eff 0.0 outinratio 0.0776 

ZH126_4l_massZ1_massZ2_genbin5_recobin2 acc 0.0344 eff 0.0 outinratio 0.0717 

ttH126_4l_massZ1_massZ2_genbin5_recobin2 acc 0.0317 eff 0.0 outinratio 0.1593 

ggH126_4l_massZ1_massZ2_genbin6_recobin2 acc 0.0895 eff 0.0152 outinratio 0.0405 

VBFH126_4l_massZ1_massZ2_genbin6_recobin2 acc 0.0961 eff 0.0158 outinratio 0.0313 

WminusH126_4l_massZ1_massZ2_genbin6_recobin2 acc 0.0796 eff 0.0096 outinratio 0.0374 

WplusH126_4l_massZ1_massZ2_genbin6_recobin2 acc 0.0687 eff 0.0161 outinratio 0.0776 

ZH126_4l_massZ1_massZ2_genbin6_recobin2 acc 0.0725 eff 0.0188 outinratio 0.0717 

ttH126_4l_massZ1_massZ2_genbin6_recobin2 acc 0.0674 eff 0.0169 outinratio 0.1593 

ggH126_4l_massZ1_massZ2_genbin0_recobin3 acc 0.0498 eff 0.0015 outinratio 0.0397 

VBFH126_4l_massZ1_massZ2_genbin0_recobin3 acc 0.0559 eff 0.0016 outinratio 0.0247 

WminusH126_4l_massZ1_massZ2_genbin0_recobin3 acc 0.0432 eff 0.0 outinratio 0.0738 

WplusH126_4l_massZ1_massZ2_genbin0_recobin3 acc 0.037 eff 0.0 outinratio 0.0528 

ZH126_4l_massZ1_massZ2_genbin0_recobin3 acc 0.0422 eff 0.0022 outinratio 0.0806 

ttH126_4l_massZ1_massZ2_genbin0_recobin3 acc 0.0399 eff 0.0007 outinratio 0.1599 

ggH126_4l_massZ1_massZ2_genbin1_recobin3 acc 0.0342 eff 0.0026 outinratio 0.0397 

VBFH126_4l_massZ1_massZ2_genbin1_recobin3 acc 0.0374 eff 0.0019 outinratio 0.0247 

WminusH126_4l_massZ1_massZ2_genbin1_recobin3 acc 0.0291 eff 0.0 outinratio 0.0738 

WplusH126_4l_massZ1_massZ2_genbin1_recobin3 acc 0.0259 eff 0.0055 outinratio 0.0528 

ZH126_4l_massZ1_massZ2_genbin1_recobin3 acc 0.0283 eff 0.0016 outinratio 0.0806 

ttH126_4l_massZ1_massZ2_genbin1_recobin3 acc 0.0262 eff 0.002 outinratio 0.1599 

ggH126_4l_massZ1_massZ2_genbin2_recobin3 acc 0.0344 eff 0.0241 outinratio 0.0397 

VBFH126_4l_massZ1_massZ2_genbin2_recobin3 acc 0.0372 eff 0.0217 outinratio 0.0247 

WminusH126_4l_massZ1_massZ2_genbin2_recobin3 acc 0.0297 eff 0.0164 outinratio 0.0738 

WplusH126_4l_massZ1_massZ2_genbin2_recobin3 acc 0.0261 eff 0.0276 outinratio 0.0528 

ZH126_4l_massZ1_massZ2_genbin2_recobin3 acc 0.0271 eff 0.0205 outinratio 0.0806 

ttH126_4l_massZ1_massZ2_genbin2_recobin3 acc 0.026 eff 0.0173 outinratio 0.1599 

ggH126_4l_massZ1_massZ2_genbin3_recobin3 acc 0.0533 eff 0.5463 outinratio 0.0397 

VBFH126_4l_massZ1_massZ2_genbin3_recobin3 acc 0.0565 eff 0.5746 outinratio 0.0247 

WminusH126_4l_massZ1_massZ2_genbin3_recobin3 acc 0.0438 eff 0.5543 outinratio 0.0738 

WplusH126_4l_massZ1_massZ2_genbin3_recobin3 acc 0.0389 eff 0.51 outinratio 0.0528 

ZH126_4l_massZ1_massZ2_genbin3_recobin3 acc 0.0439 eff 0.5115 outinratio 0.0806 

ttH126_4l_massZ1_massZ2_genbin3_recobin3 acc 0.0401 eff 0.5684 outinratio 0.1599 

ggH126_4l_massZ1_massZ2_genbin4_recobin3 acc 0.1054 eff 0.0 outinratio 0.0397 

VBFH126_4l_massZ1_massZ2_genbin4_recobin3 acc 0.1236 eff 0.0 outinratio 0.0247 

WminusH126_4l_massZ1_massZ2_genbin4_recobin3 acc 0.1034 eff 0.0 outinratio 0.0738 

WplusH126_4l_massZ1_massZ2_genbin4_recobin3 acc 0.0829 eff 0.0 outinratio 0.0528 

ZH126_4l_massZ1_massZ2_genbin4_recobin3 acc 0.0969 eff 0.0 outinratio 0.0806 

ttH126_4l_massZ1_massZ2_genbin4_recobin3 acc 0.0876 eff 0.0 outinratio 0.1599 

ggH126_4l_massZ1_massZ2_genbin5_recobin3 acc 0.0404 eff 0.0001 outinratio 0.0397 

VBFH126_4l_massZ1_massZ2_genbin5_recobin3 acc 0.0461 eff 0.0 outinratio 0.0247 

WminusH126_4l_massZ1_massZ2_genbin5_recobin3 acc 0.0368 eff 0.0 outinratio 0.0738 

WplusH126_4l_massZ1_massZ2_genbin5_recobin3 acc 0.0328 eff 0.0 outinratio 0.0528 

ZH126_4l_massZ1_massZ2_genbin5_recobin3 acc 0.0344 eff 0.0 outinratio 0.0806 

ttH126_4l_massZ1_massZ2_genbin5_recobin3 acc 0.0317 eff 0.0 outinratio 0.1599 

ggH126_4l_massZ1_massZ2_genbin6_recobin3 acc 0.0895 eff 0.0002 outinratio 0.0397 

VBFH126_4l_massZ1_massZ2_genbin6_recobin3 acc 0.0961 eff 0.0002 outinratio 0.0247 

WminusH126_4l_massZ1_massZ2_genbin6_recobin3 acc 0.0796 eff 0.0 outinratio 0.0738 

WplusH126_4l_massZ1_massZ2_genbin6_recobin3 acc 0.0687 eff 0.0 outinratio 0.0528 

ZH126_4l_massZ1_massZ2_genbin6_recobin3 acc 0.0725 eff 0.0002 outinratio 0.0806 

ttH126_4l_massZ1_massZ2_genbin6_recobin3 acc 0.0674 eff 0.0007 outinratio 0.1599 

ggH126_4l_massZ1_massZ2_genbin0_recobin4 acc 0.0498 eff 0.0279 outinratio 0.0609 

VBFH126_4l_massZ1_massZ2_genbin0_recobin4 acc 0.0559 eff 0.031 outinratio 0.0403 

WminusH126_4l_massZ1_massZ2_genbin0_recobin4 acc 0.0432 eff 0.0365 outinratio 0.0961 

WplusH126_4l_massZ1_massZ2_genbin0_recobin4 acc 0.037 eff 0.0243 outinratio 0.0818 

ZH126_4l_massZ1_massZ2_genbin0_recobin4 acc 0.0422 eff 0.0352 outinratio 0.0795 

ttH126_4l_massZ1_massZ2_genbin0_recobin4 acc 0.0399 eff 0.0315 outinratio 0.1787 

ggH126_4l_massZ1_massZ2_genbin1_recobin4 acc 0.0342 eff 0.0004 outinratio 0.0609 

VBFH126_4l_massZ1_massZ2_genbin1_recobin4 acc 0.0374 eff 0.0003 outinratio 0.0403 

WminusH126_4l_massZ1_massZ2_genbin1_recobin4 acc 0.0291 eff 0.0 outinratio 0.0961 

WplusH126_4l_massZ1_massZ2_genbin1_recobin4 acc 0.0259 eff 0.0006 outinratio 0.0818 

ZH126_4l_massZ1_massZ2_genbin1_recobin4 acc 0.0283 eff 0.0 outinratio 0.0795 

ttH126_4l_massZ1_massZ2_genbin1_recobin4 acc 0.0262 eff 0.0007 outinratio 0.1787 

ggH126_4l_massZ1_massZ2_genbin2_recobin4 acc 0.0344 eff 0.0 outinratio 0.0609 

VBFH126_4l_massZ1_massZ2_genbin2_recobin4 acc 0.0372 eff 0.0 outinratio 0.0403 

WminusH126_4l_massZ1_massZ2_genbin2_recobin4 acc 0.0297 eff 0.0 outinratio 0.0961 

WplusH126_4l_massZ1_massZ2_genbin2_recobin4 acc 0.0261 eff 0.0 outinratio 0.0818 

ZH126_4l_massZ1_massZ2_genbin2_recobin4 acc 0.0271 eff 0.0 outinratio 0.0795 

ttH126_4l_massZ1_massZ2_genbin2_recobin4 acc 0.026 eff 0.0 outinratio 0.1787 

ggH126_4l_massZ1_massZ2_genbin3_recobin4 acc 0.0533 eff 0.0 outinratio 0.0609 

VBFH126_4l_massZ1_massZ2_genbin3_recobin4 acc 0.0565 eff 0.0 outinratio 0.0403 

WminusH126_4l_massZ1_massZ2_genbin3_recobin4 acc 0.0438 eff 0.0 outinratio 0.0961 

WplusH126_4l_massZ1_massZ2_genbin3_recobin4 acc 0.0389 eff 0.0 outinratio 0.0818 

ZH126_4l_massZ1_massZ2_genbin3_recobin4 acc 0.0439 eff 0.0 outinratio 0.0795 

ttH126_4l_massZ1_massZ2_genbin3_recobin4 acc 0.0401 eff 0.0 outinratio 0.1787 

ggH126_4l_massZ1_massZ2_genbin4_recobin4 acc 0.1054 eff 0.4461 outinratio 0.0609 

VBFH126_4l_massZ1_massZ2_genbin4_recobin4 acc 0.1236 eff 0.4678 outinratio 0.0403 

WminusH126_4l_massZ1_massZ2_genbin4_recobin4 acc 0.1034 eff 0.4302 outinratio 0.0961 

WplusH126_4l_massZ1_massZ2_genbin4_recobin4 acc 0.0829 eff 0.456 outinratio 0.0818 

ZH126_4l_massZ1_massZ2_genbin4_recobin4 acc 0.0969 eff 0.4612 outinratio 0.0795 

ttH126_4l_massZ1_massZ2_genbin4_recobin4 acc 0.0876 eff 0.4516 outinratio 0.1787 

ggH126_4l_massZ1_massZ2_genbin5_recobin4 acc 0.0404 eff 0.0558 outinratio 0.0609 

VBFH126_4l_massZ1_massZ2_genbin5_recobin4 acc 0.0461 eff 0.0567 outinratio 0.0403 

WminusH126_4l_massZ1_massZ2_genbin5_recobin4 acc 0.0368 eff 0.042 outinratio 0.0961 

WplusH126_4l_massZ1_massZ2_genbin5_recobin4 acc 0.0328 eff 0.0532 outinratio 0.0818 

ZH126_4l_massZ1_massZ2_genbin5_recobin4 acc 0.0344 eff 0.0593 outinratio 0.0795 

ttH126_4l_massZ1_massZ2_genbin5_recobin4 acc 0.0317 eff 0.0526 outinratio 0.1787 

ggH126_4l_massZ1_massZ2_genbin6_recobin4 acc 0.0895 eff 0.0043 outinratio 0.0609 

VBFH126_4l_massZ1_massZ2_genbin6_recobin4 acc 0.0961 eff 0.0037 outinratio 0.0403 

WminusH126_4l_massZ1_massZ2_genbin6_recobin4 acc 0.0796 eff 0.0028 outinratio 0.0961 

WplusH126_4l_massZ1_massZ2_genbin6_recobin4 acc 0.0687 eff 0.0061 outinratio 0.0818 

ZH126_4l_massZ1_massZ2_genbin6_recobin4 acc 0.0725 eff 0.0051 outinratio 0.0795 

ttH126_4l_massZ1_massZ2_genbin6_recobin4 acc 0.0674 eff 0.0035 outinratio 0.1787 

ggH126_4l_massZ1_massZ2_genbin0_recobin5 acc 0.0498 eff 0.0107 outinratio 0.0586 

VBFH126_4l_massZ1_massZ2_genbin0_recobin5 acc 0.0559 eff 0.0103 outinratio 0.0314 

WminusH126_4l_massZ1_massZ2_genbin0_recobin5 acc 0.0432 eff 0.0161 outinratio 0.0932 

WplusH126_4l_massZ1_massZ2_genbin0_recobin5 acc 0.037 eff 0.0106 outinratio 0.0564 

ZH126_4l_massZ1_massZ2_genbin0_recobin5 acc 0.0422 eff 0.0103 outinratio 0.0942 

ttH126_4l_massZ1_massZ2_genbin0_recobin5 acc 0.0399 eff 0.0077 outinratio 0.1587 

ggH126_4l_massZ1_massZ2_genbin1_recobin5 acc 0.0342 eff 0.0035 outinratio 0.0586 

VBFH126_4l_massZ1_massZ2_genbin1_recobin5 acc 0.0374 eff 0.003 outinratio 0.0314 

WminusH126_4l_massZ1_massZ2_genbin1_recobin5 acc 0.0291 eff 0.0 outinratio 0.0932 

WplusH126_4l_massZ1_massZ2_genbin1_recobin5 acc 0.0259 eff 0.0014 outinratio 0.0564 

ZH126_4l_massZ1_massZ2_genbin1_recobin5 acc 0.0283 eff 0.0051 outinratio 0.0942 

ttH126_4l_massZ1_massZ2_genbin1_recobin5 acc 0.0262 eff 0.0014 outinratio 0.1587 

ggH126_4l_massZ1_massZ2_genbin2_recobin5 acc 0.0344 eff 0.0 outinratio 0.0586 

VBFH126_4l_massZ1_massZ2_genbin2_recobin5 acc 0.0372 eff 0.0 outinratio 0.0314 

WminusH126_4l_massZ1_massZ2_genbin2_recobin5 acc 0.0297 eff 0.0 outinratio 0.0932 

WplusH126_4l_massZ1_massZ2_genbin2_recobin5 acc 0.0261 eff 0.0 outinratio 0.0564 

ZH126_4l_massZ1_massZ2_genbin2_recobin5 acc 0.0271 eff 0.0006 outinratio 0.0942 

ttH126_4l_massZ1_massZ2_genbin2_recobin5 acc 0.026 eff 0.0 outinratio 0.1587 

ggH126_4l_massZ1_massZ2_genbin3_recobin5 acc 0.0533 eff 0.0 outinratio 0.0586 

VBFH126_4l_massZ1_massZ2_genbin3_recobin5 acc 0.0565 eff 0.0 outinratio 0.0314 

WminusH126_4l_massZ1_massZ2_genbin3_recobin5 acc 0.0438 eff 0.0 outinratio 0.0932 

WplusH126_4l_massZ1_massZ2_genbin3_recobin5 acc 0.0389 eff 0.0 outinratio 0.0564 

ZH126_4l_massZ1_massZ2_genbin3_recobin5 acc 0.0439 eff 0.0 outinratio 0.0942 

ttH126_4l_massZ1_massZ2_genbin3_recobin5 acc 0.0401 eff 0.0 outinratio 0.1587 

ggH126_4l_massZ1_massZ2_genbin4_recobin5 acc 0.1054 eff 0.0085 outinratio 0.0586 

VBFH126_4l_massZ1_massZ2_genbin4_recobin5 acc 0.1236 eff 0.0084 outinratio 0.0314 

WminusH126_4l_massZ1_massZ2_genbin4_recobin5 acc 0.1034 eff 0.0162 outinratio 0.0932 

WplusH126_4l_massZ1_massZ2_genbin4_recobin5 acc 0.0829 eff 0.0076 outinratio 0.0564 

ZH126_4l_massZ1_massZ2_genbin4_recobin5 acc 0.0969 eff 0.0089 outinratio 0.0942 

ttH126_4l_massZ1_massZ2_genbin4_recobin5 acc 0.0876 eff 0.0082 outinratio 0.1587 

ggH126_4l_massZ1_massZ2_genbin5_recobin5 acc 0.0404 eff 0.3646 outinratio 0.0586 

VBFH126_4l_massZ1_massZ2_genbin5_recobin5 acc 0.0461 eff 0.3924 outinratio 0.0314 

WminusH126_4l_massZ1_massZ2_genbin5_recobin5 acc 0.0368 eff 0.3859 outinratio 0.0932 

WplusH126_4l_massZ1_massZ2_genbin5_recobin5 acc 0.0328 eff 0.373 outinratio 0.0564 

ZH126_4l_massZ1_massZ2_genbin5_recobin5 acc 0.0344 eff 0.3616 outinratio 0.0942 

ttH126_4l_massZ1_massZ2_genbin5_recobin5 acc 0.0317 eff 0.3869 outinratio 0.1587 

ggH126_4l_massZ1_massZ2_genbin6_recobin5 acc 0.0895 eff 0.0307 outinratio 0.0586 

VBFH126_4l_massZ1_massZ2_genbin6_recobin5 acc 0.0961 eff 0.0276 outinratio 0.0314 

WminusH126_4l_massZ1_massZ2_genbin6_recobin5 acc 0.0796 eff 0.0393 outinratio 0.0932 

WplusH126_4l_massZ1_massZ2_genbin6_recobin5 acc 0.0687 eff 0.0288 outinratio 0.0564 

ZH126_4l_massZ1_massZ2_genbin6_recobin5 acc 0.0725 eff 0.031 outinratio 0.0942 

ttH126_4l_massZ1_massZ2_genbin6_recobin5 acc 0.0674 eff 0.0295 outinratio 0.1587 

ggH126_4l_massZ1_massZ2_genbin0_recobin6 acc 0.0498 eff 0.0011 outinratio 0.047 

VBFH126_4l_massZ1_massZ2_genbin0_recobin6 acc 0.0559 eff 0.0005 outinratio 0.0334 

WminusH126_4l_massZ1_massZ2_genbin0_recobin6 acc 0.0432 eff 0.0 outinratio 0.0626 

WplusH126_4l_massZ1_massZ2_genbin0_recobin6 acc 0.037 eff 0.0012 outinratio 0.0594 

ZH126_4l_massZ1_massZ2_genbin0_recobin6 acc 0.0422 eff 0.001 outinratio 0.0835 

ttH126_4l_massZ1_massZ2_genbin0_recobin6 acc 0.0399 eff 0.0002 outinratio 0.1546 

ggH126_4l_massZ1_massZ2_genbin1_recobin6 acc 0.0342 eff 0.0355 outinratio 0.047 

VBFH126_4l_massZ1_massZ2_genbin1_recobin6 acc 0.0374 eff 0.0365 outinratio 0.0334 

WminusH126_4l_massZ1_massZ2_genbin1_recobin6 acc 0.0291 eff 0.0142 outinratio 0.0626 

WplusH126_4l_massZ1_massZ2_genbin1_recobin6 acc 0.0259 eff 0.0439 outinratio 0.0594 

ZH126_4l_massZ1_massZ2_genbin1_recobin6 acc 0.0283 eff 0.0349 outinratio 0.0835 

ttH126_4l_massZ1_massZ2_genbin1_recobin6 acc 0.0262 eff 0.0385 outinratio 0.1546 

ggH126_4l_massZ1_massZ2_genbin2_recobin6 acc 0.0344 eff 0.0226 outinratio 0.047 

VBFH126_4l_massZ1_massZ2_genbin2_recobin6 acc 0.0372 eff 0.0226 outinratio 0.0334 

WminusH126_4l_massZ1_massZ2_genbin2_recobin6 acc 0.0297 eff 0.011 outinratio 0.0626 

WplusH126_4l_massZ1_massZ2_genbin2_recobin6 acc 0.0261 eff 0.028 outinratio 0.0594 

ZH126_4l_massZ1_massZ2_genbin2_recobin6 acc 0.0271 eff 0.0154 outinratio 0.0835 

ttH126_4l_massZ1_massZ2_genbin2_recobin6 acc 0.026 eff 0.0271 outinratio 0.1546 

ggH126_4l_massZ1_massZ2_genbin3_recobin6 acc 0.0533 eff 0.0007 outinratio 0.047 

VBFH126_4l_massZ1_massZ2_genbin3_recobin6 acc 0.0565 eff 0.0002 outinratio 0.0334 

WminusH126_4l_massZ1_massZ2_genbin3_recobin6 acc 0.0438 eff 0.0 outinratio 0.0626 

WplusH126_4l_massZ1_massZ2_genbin3_recobin6 acc 0.0389 eff 0.0009 outinratio 0.0594 

ZH126_4l_massZ1_massZ2_genbin3_recobin6 acc 0.0439 eff 0.0002 outinratio 0.0835 

ttH126_4l_massZ1_massZ2_genbin3_recobin6 acc 0.0401 eff 0.0002 outinratio 0.1546 

ggH126_4l_massZ1_massZ2_genbin4_recobin6 acc 0.1054 eff 0.0005 outinratio 0.047 

VBFH126_4l_massZ1_massZ2_genbin4_recobin6 acc 0.1236 eff 0.0003 outinratio 0.0334 

WminusH126_4l_massZ1_massZ2_genbin4_recobin6 acc 0.1034 eff 0.0 outinratio 0.0626 

WplusH126_4l_massZ1_massZ2_genbin4_recobin6 acc 0.0829 eff 0.0015 outinratio 0.0594 

ZH126_4l_massZ1_massZ2_genbin4_recobin6 acc 0.0969 eff 0.0002 outinratio 0.0835 

ttH126_4l_massZ1_massZ2_genbin4_recobin6 acc 0.0876 eff 0.001 outinratio 0.1546 

ggH126_4l_massZ1_massZ2_genbin5_recobin6 acc 0.0404 eff 0.0252 outinratio 0.047 

VBFH126_4l_massZ1_massZ2_genbin5_recobin6 acc 0.0461 eff 0.0249 outinratio 0.0334 

WminusH126_4l_massZ1_massZ2_genbin5_recobin6 acc 0.0368 eff 0.0355 outinratio 0.0626 

WplusH126_4l_massZ1_massZ2_genbin5_recobin6 acc 0.0328 eff 0.0312 outinratio 0.0594 

ZH126_4l_massZ1_massZ2_genbin5_recobin6 acc 0.0344 eff 0.0257 outinratio 0.0835 

ttH126_4l_massZ1_massZ2_genbin5_recobin6 acc 0.0317 eff 0.0254 outinratio 0.1546 

ggH126_4l_massZ1_massZ2_genbin6_recobin6 acc 0.0895 eff 0.4184 outinratio 0.047 

VBFH126_4l_massZ1_massZ2_genbin6_recobin6 acc 0.0961 eff 0.4312 outinratio 0.0334 

WminusH126_4l_massZ1_massZ2_genbin6_recobin6 acc 0.0796 eff 0.413 outinratio 0.0626 

WplusH126_4l_massZ1_massZ2_genbin6_recobin6 acc 0.0687 eff 0.4011 outinratio 0.0594 

ZH126_4l_massZ1_massZ2_genbin6_recobin6 acc 0.0725 eff 0.4249 outinratio 0.0835 

ttH126_4l_massZ1_massZ2_genbin6_recobin6 acc 0.0674 eff 0.4184 outinratio 0.1546 

ggH126_4e_massZ1_massZ2_genbin0_recobin0 acc 0.0484 eff 0.2881 outinratio 0.0658 

VBFH126_4e_massZ1_massZ2_genbin0_recobin0 acc 0.0549 eff 0.3269 outinratio 0.0321 

WminusH126_4e_massZ1_massZ2_genbin0_recobin0 acc 0.046 eff 0.3303 outinratio 0.1307 

WplusH126_4e_massZ1_massZ2_genbin0_recobin0 acc 0.0359 eff 0.3367 outinratio 0.0542 

ZH126_4e_massZ1_massZ2_genbin0_recobin0 acc 0.0445 eff 0.3228 outinratio 0.0406 

ttH126_4e_massZ1_massZ2_genbin0_recobin0 acc 0.0407 eff 0.3431 outinratio 0.1913 

ggH126_4e_massZ1_massZ2_genbin1_recobin0 acc 0.0355 eff 0.047 outinratio 0.0658 

VBFH126_4e_massZ1_massZ2_genbin1_recobin0 acc 0.0389 eff 0.0489 outinratio 0.0321 

WminusH126_4e_massZ1_massZ2_genbin1_recobin0 acc 0.0371 eff 0.026 outinratio 0.1307 

WplusH126_4e_massZ1_massZ2_genbin1_recobin0 acc 0.0245 eff 0.0422 outinratio 0.0542 

ZH126_4e_massZ1_massZ2_genbin1_recobin0 acc 0.0285 eff 0.0488 outinratio 0.0406 

ttH126_4e_massZ1_massZ2_genbin1_recobin0 acc 0.0285 eff 0.0283 outinratio 0.1913 

ggH126_4e_massZ1_massZ2_genbin2_recobin0 acc 0.0375 eff 0.0051 outinratio 0.0658 

VBFH126_4e_massZ1_massZ2_genbin2_recobin0 acc 0.0374 eff 0.0043 outinratio 0.0321 

WminusH126_4e_massZ1_massZ2_genbin2_recobin0 acc 0.0334 eff 0.0 outinratio 0.1307 

WplusH126_4e_massZ1_massZ2_genbin2_recobin0 acc 0.0307 eff 0.0 outinratio 0.0542 

ZH126_4e_massZ1_massZ2_genbin2_recobin0 acc 0.0287 eff 0.0025 outinratio 0.0406 

ttH126_4e_massZ1_massZ2_genbin2_recobin0 acc 0.0282 eff 0.0108 outinratio 0.1913 

ggH126_4e_massZ1_massZ2_genbin3_recobin0 acc 0.0605 eff 0.002 outinratio 0.0658 

VBFH126_4e_massZ1_massZ2_genbin3_recobin0 acc 0.0635 eff 0.002 outinratio 0.0321 

WminusH126_4e_massZ1_massZ2_genbin3_recobin0 acc 0.0512 eff 0.0 outinratio 0.1307 

WplusH126_4e_massZ1_massZ2_genbin3_recobin0 acc 0.0476 eff 0.0028 outinratio 0.0542 

ZH126_4e_massZ1_massZ2_genbin3_recobin0 acc 0.0518 eff 0.0076 outinratio 0.0406 

ttH126_4e_massZ1_massZ2_genbin3_recobin0 acc 0.0434 eff 0.0101 outinratio 0.1913 

ggH126_4e_massZ1_massZ2_genbin4_recobin0 acc 0.0896 eff 0.0668 outinratio 0.0658 

VBFH126_4e_massZ1_massZ2_genbin4_recobin0 acc 0.1099 eff 0.0717 outinratio 0.0321 

WminusH126_4e_massZ1_massZ2_genbin4_recobin0 acc 0.0979 eff 0.0457 outinratio 0.1307 

WplusH126_4e_massZ1_massZ2_genbin4_recobin0 acc 0.076 eff 0.076 outinratio 0.0542 

ZH126_4e_massZ1_massZ2_genbin4_recobin0 acc 0.0842 eff 0.0682 outinratio 0.0406 

ttH126_4e_massZ1_massZ2_genbin4_recobin0 acc 0.0772 eff 0.0587 outinratio 0.1913 

ggH126_4e_massZ1_massZ2_genbin5_recobin0 acc 0.0372 eff 0.0612 outinratio 0.0658 

VBFH126_4e_massZ1_massZ2_genbin5_recobin0 acc 0.0419 eff 0.0597 outinratio 0.0321 

WminusH126_4e_massZ1_massZ2_genbin5_recobin0 acc 0.0245 eff -0.0187 outinratio 0.1307 

WplusH126_4e_massZ1_massZ2_genbin5_recobin0 acc 0.0294 eff 0.0641 outinratio 0.0542 

ZH126_4e_massZ1_massZ2_genbin5_recobin0 acc 0.0313 eff 0.0699 outinratio 0.0406 

ttH126_4e_massZ1_massZ2_genbin5_recobin0 acc 0.0291 eff 0.0575 outinratio 0.1913 

ggH126_4e_massZ1_massZ2_genbin6_recobin0 acc 0.0837 eff 0.0103 outinratio 0.0658 

VBFH126_4e_massZ1_massZ2_genbin6_recobin0 acc 0.089 eff 0.0116 outinratio 0.0321 

WminusH126_4e_massZ1_massZ2_genbin6_recobin0 acc 0.072 eff 0.0 outinratio 0.1307 

WplusH126_4e_massZ1_massZ2_genbin6_recobin0 acc 0.0625 eff 0.0107 outinratio 0.0542 

ZH126_4e_massZ1_massZ2_genbin6_recobin0 acc 0.0655 eff 0.0089 outinratio 0.0406 

ttH126_4e_massZ1_massZ2_genbin6_recobin0 acc 0.0619 eff 0.0076 outinratio 0.1913 

ggH126_4e_massZ1_massZ2_genbin0_recobin1 acc 0.0484 eff 0.0081 outinratio 0.0416 

VBFH126_4e_massZ1_massZ2_genbin0_recobin1 acc 0.0549 eff 0.008 outinratio 0.0365 

WminusH126_4e_massZ1_massZ2_genbin0_recobin1 acc 0.046 eff 0.0 outinratio 0.035 

WplusH126_4e_massZ1_massZ2_genbin0_recobin1 acc 0.0359 eff -0.002 outinratio 0.0654 

ZH126_4e_massZ1_massZ2_genbin0_recobin1 acc 0.0445 eff 0.0162 outinratio 0.0769 

ttH126_4e_massZ1_massZ2_genbin0_recobin1 acc 0.0407 eff 0.0061 outinratio 0.1598 

ggH126_4e_massZ1_massZ2_genbin1_recobin1 acc 0.0355 eff 0.2474 outinratio 0.0416 

VBFH126_4e_massZ1_massZ2_genbin1_recobin1 acc 0.0389 eff 0.2684 outinratio 0.0365 

WminusH126_4e_massZ1_massZ2_genbin1_recobin1 acc 0.0371 eff 0.2343 outinratio 0.035 

WplusH126_4e_massZ1_massZ2_genbin1_recobin1 acc 0.0245 eff 0.2571 outinratio 0.0654 

ZH126_4e_massZ1_massZ2_genbin1_recobin1 acc 0.0285 eff 0.2784 outinratio 0.0769 

ttH126_4e_massZ1_massZ2_genbin1_recobin1 acc 0.0285 eff 0.276 outinratio 0.1598 

ggH126_4e_massZ1_massZ2_genbin2_recobin1 acc 0.0375 eff 0.0406 outinratio 0.0416 

VBFH126_4e_massZ1_massZ2_genbin2_recobin1 acc 0.0374 eff 0.0542 outinratio 0.0365 

WminusH126_4e_massZ1_massZ2_genbin2_recobin1 acc 0.0334 eff 0.0293 outinratio 0.035 

WplusH126_4e_massZ1_massZ2_genbin2_recobin1 acc 0.0307 eff 0.0573 outinratio 0.0654 

ZH126_4e_massZ1_massZ2_genbin2_recobin1 acc 0.0287 eff 0.0383 outinratio 0.0769 

ttH126_4e_massZ1_massZ2_genbin2_recobin1 acc 0.0282 eff 0.0624 outinratio 0.1598 

ggH126_4e_massZ1_massZ2_genbin3_recobin1 acc 0.0605 eff 0.003 outinratio 0.0416 

VBFH126_4e_massZ1_massZ2_genbin3_recobin1 acc 0.0635 eff 0.0038 outinratio 0.0365 

WminusH126_4e_massZ1_massZ2_genbin3_recobin1 acc 0.0512 eff 0.0054 outinratio 0.035 

WplusH126_4e_massZ1_massZ2_genbin3_recobin1 acc 0.0476 eff 0.0047 outinratio 0.0654 

ZH126_4e_massZ1_massZ2_genbin3_recobin1 acc 0.0518 eff 0.0017 outinratio 0.0769 

ttH126_4e_massZ1_massZ2_genbin3_recobin1 acc 0.0434 eff 0.0016 outinratio 0.1598 

ggH126_4e_massZ1_massZ2_genbin4_recobin1 acc 0.0896 eff 0.0001 outinratio 0.0416 

VBFH126_4e_massZ1_massZ2_genbin4_recobin1 acc 0.1099 eff 0.0 outinratio 0.0365 

WminusH126_4e_massZ1_massZ2_genbin4_recobin1 acc 0.0979 eff 0.0 outinratio 0.035 

WplusH126_4e_massZ1_massZ2_genbin4_recobin1 acc 0.076 eff 0.0 outinratio 0.0654 

ZH126_4e_massZ1_massZ2_genbin4_recobin1 acc 0.0842 eff 0.0 outinratio 0.0769 

ttH126_4e_massZ1_massZ2_genbin4_recobin1 acc 0.0772 eff 0.0004 outinratio 0.1598 

ggH126_4e_massZ1_massZ2_genbin5_recobin1 acc 0.0372 eff 0.0055 outinratio 0.0416 

VBFH126_4e_massZ1_massZ2_genbin5_recobin1 acc 0.0419 eff 0.0069 outinratio 0.0365 

WminusH126_4e_massZ1_massZ2_genbin5_recobin1 acc 0.0245 eff 0.0 outinratio 0.035 

WplusH126_4e_massZ1_massZ2_genbin5_recobin1 acc 0.0294 eff 0.0086 outinratio 0.0654 

ZH126_4e_massZ1_massZ2_genbin5_recobin1 acc 0.0313 eff 0.0049 outinratio 0.0769 

ttH126_4e_massZ1_massZ2_genbin5_recobin1 acc 0.0291 eff 0.0022 outinratio 0.1598 

ggH126_4e_massZ1_massZ2_genbin6_recobin1 acc 0.0837 eff 0.0637 outinratio 0.0416 

VBFH126_4e_massZ1_massZ2_genbin6_recobin1 acc 0.089 eff 0.0634 outinratio 0.0365 

WminusH126_4e_massZ1_massZ2_genbin6_recobin1 acc 0.072 eff 0.08 outinratio 0.035 

WplusH126_4e_massZ1_massZ2_genbin6_recobin1 acc 0.0625 eff 0.0598 outinratio 0.0654 

ZH126_4e_massZ1_massZ2_genbin6_recobin1 acc 0.0655 eff 0.0686 outinratio 0.0769 

ttH126_4e_massZ1_massZ2_genbin6_recobin1 acc 0.0619 eff 0.0451 outinratio 0.1598 

ggH126_4e_massZ1_massZ2_genbin0_recobin2 acc 0.0484 eff 0.0012 outinratio 0.0398 

VBFH126_4e_massZ1_massZ2_genbin0_recobin2 acc 0.0549 eff 0.0024 outinratio 0.0326 

WminusH126_4e_massZ1_massZ2_genbin0_recobin2 acc 0.046 eff 0.0 outinratio 0.1084 

WplusH126_4e_massZ1_massZ2_genbin0_recobin2 acc 0.0359 eff 0.0007 outinratio 0.0884 

ZH126_4e_massZ1_massZ2_genbin0_recobin2 acc 0.0445 eff 0.0041 outinratio 0.0771 

ttH126_4e_massZ1_massZ2_genbin0_recobin2 acc 0.0407 eff 0.0 outinratio 0.149 

ggH126_4e_massZ1_massZ2_genbin1_recobin2 acc 0.0355 eff 0.0151 outinratio 0.0398 

VBFH126_4e_massZ1_massZ2_genbin1_recobin2 acc 0.0389 eff 0.0182 outinratio 0.0326 

WminusH126_4e_massZ1_massZ2_genbin1_recobin2 acc 0.0371 eff 0.0238 outinratio 0.1084 

WplusH126_4e_massZ1_massZ2_genbin1_recobin2 acc 0.0245 eff 0.0119 outinratio 0.0884 

ZH126_4e_massZ1_massZ2_genbin1_recobin2 acc 0.0285 eff 0.0325 outinratio 0.0771 

ttH126_4e_massZ1_massZ2_genbin1_recobin2 acc 0.0285 eff 0.0268 outinratio 0.149 

ggH126_4e_massZ1_massZ2_genbin2_recobin2 acc 0.0375 eff 0.263 outinratio 0.0398 

VBFH126_4e_massZ1_massZ2_genbin2_recobin2 acc 0.0374 eff 0.2776 outinratio 0.0326 

WminusH126_4e_massZ1_massZ2_genbin2_recobin2 acc 0.0334 eff 0.2735 outinratio 0.1084 

WplusH126_4e_massZ1_massZ2_genbin2_recobin2 acc 0.0307 eff 0.3092 outinratio 0.0884 

ZH126_4e_massZ1_massZ2_genbin2_recobin2 acc 0.0287 eff 0.2988 outinratio 0.0771 

ttH126_4e_massZ1_massZ2_genbin2_recobin2 acc 0.0282 eff 0.2825 outinratio 0.149 

ggH126_4e_massZ1_massZ2_genbin3_recobin2 acc 0.0605 eff 0.0334 outinratio 0.0398 

VBFH126_4e_massZ1_massZ2_genbin3_recobin2 acc 0.0635 eff 0.0328 outinratio 0.0326 

WminusH126_4e_massZ1_massZ2_genbin3_recobin2 acc 0.0512 eff 0.018 outinratio 0.1084 

WplusH126_4e_massZ1_massZ2_genbin3_recobin2 acc 0.0476 eff 0.0456 outinratio 0.0884 

ZH126_4e_massZ1_massZ2_genbin3_recobin2 acc 0.0518 eff 0.0377 outinratio 0.0771 

ttH126_4e_massZ1_massZ2_genbin3_recobin2 acc 0.0434 eff 0.0299 outinratio 0.149 

ggH126_4e_massZ1_massZ2_genbin4_recobin2 acc 0.0896 eff 0.0 outinratio 0.0398 

VBFH126_4e_massZ1_massZ2_genbin4_recobin2 acc 0.1099 eff 0.0 outinratio 0.0326 

WminusH126_4e_massZ1_massZ2_genbin4_recobin2 acc 0.0979 eff 0.0 outinratio 0.1084 

WplusH126_4e_massZ1_massZ2_genbin4_recobin2 acc 0.076 eff 0.0 outinratio 0.0884 

ZH126_4e_massZ1_massZ2_genbin4_recobin2 acc 0.0842 eff 0.0 outinratio 0.0771 

ttH126_4e_massZ1_massZ2_genbin4_recobin2 acc 0.0772 eff 0.0 outinratio 0.149 

ggH126_4e_massZ1_massZ2_genbin5_recobin2 acc 0.0372 eff 0.0 outinratio 0.0398 

VBFH126_4e_massZ1_massZ2_genbin5_recobin2 acc 0.0419 eff 0.0 outinratio 0.0326 

WminusH126_4e_massZ1_massZ2_genbin5_recobin2 acc 0.0245 eff 0.0 outinratio 0.1084 

WplusH126_4e_massZ1_massZ2_genbin5_recobin2 acc 0.0294 eff 0.0 outinratio 0.0884 

ZH126_4e_massZ1_massZ2_genbin5_recobin2 acc 0.0313 eff 0.0 outinratio 0.0771 

ttH126_4e_massZ1_massZ2_genbin5_recobin2 acc 0.0291 eff 0.0 outinratio 0.149 

ggH126_4e_massZ1_massZ2_genbin6_recobin2 acc 0.0837 eff 0.0114 outinratio 0.0398 

VBFH126_4e_massZ1_massZ2_genbin6_recobin2 acc 0.089 eff 0.0132 outinratio 0.0326 

WminusH126_4e_massZ1_massZ2_genbin6_recobin2 acc 0.072 eff 0.0061 outinratio 0.1084 

WplusH126_4e_massZ1_massZ2_genbin6_recobin2 acc 0.0625 eff 0.0033 outinratio 0.0884 

ZH126_4e_massZ1_massZ2_genbin6_recobin2 acc 0.0655 eff 0.0147 outinratio 0.0771 

ttH126_4e_massZ1_massZ2_genbin6_recobin2 acc 0.0619 eff 0.0122 outinratio 0.149 

ggH126_4e_massZ1_massZ2_genbin0_recobin3 acc 0.0484 eff 0.001 outinratio 0.0366 

VBFH126_4e_massZ1_massZ2_genbin0_recobin3 acc 0.0549 eff 0.0026 outinratio 0.0245 

WminusH126_4e_massZ1_massZ2_genbin0_recobin3 acc 0.046 eff 0.0 outinratio 0.0343 

WplusH126_4e_massZ1_massZ2_genbin0_recobin3 acc 0.0359 eff 0.0 outinratio 0.0546 

ZH126_4e_massZ1_massZ2_genbin0_recobin3 acc 0.0445 eff 0.005 outinratio 0.0911 

ttH126_4e_massZ1_massZ2_genbin0_recobin3 acc 0.0407 eff 0.0023 outinratio 0.2362 

ggH126_4e_massZ1_massZ2_genbin1_recobin3 acc 0.0355 eff 0.0037 outinratio 0.0366 

VBFH126_4e_massZ1_massZ2_genbin1_recobin3 acc 0.0389 eff 0.0025 outinratio 0.0245 

WminusH126_4e_massZ1_massZ2_genbin1_recobin3 acc 0.0371 eff 0.0 outinratio 0.0343 

WplusH126_4e_massZ1_massZ2_genbin1_recobin3 acc 0.0245 eff 0.0025 outinratio 0.0546 

ZH126_4e_massZ1_massZ2_genbin1_recobin3 acc 0.0285 eff 0.0059 outinratio 0.0911 

ttH126_4e_massZ1_massZ2_genbin1_recobin3 acc 0.0285 eff 0.002 outinratio 0.2362 

ggH126_4e_massZ1_massZ2_genbin2_recobin3 acc 0.0375 eff 0.0219 outinratio 0.0366 

VBFH126_4e_massZ1_massZ2_genbin2_recobin3 acc 0.0374 eff 0.0231 outinratio 0.0245 

WminusH126_4e_massZ1_massZ2_genbin2_recobin3 acc 0.0334 eff 0.0261 outinratio 0.0343 

WplusH126_4e_massZ1_massZ2_genbin2_recobin3 acc 0.0307 eff 0.0214 outinratio 0.0546 

ZH126_4e_massZ1_massZ2_genbin2_recobin3 acc 0.0287 eff 0.0236 outinratio 0.0911 

ttH126_4e_massZ1_massZ2_genbin2_recobin3 acc 0.0282 eff 0.0254 outinratio 0.2362 

ggH126_4e_massZ1_massZ2_genbin3_recobin3 acc 0.0605 eff 0.3554 outinratio 0.0366 

VBFH126_4e_massZ1_massZ2_genbin3_recobin3 acc 0.0635 eff 0.36 outinratio 0.0245 

WminusH126_4e_massZ1_massZ2_genbin3_recobin3 acc 0.0512 eff 0.4174 outinratio 0.0343 

WplusH126_4e_massZ1_massZ2_genbin3_recobin3 acc 0.0476 eff 0.3155 outinratio 0.0546 

ZH126_4e_massZ1_massZ2_genbin3_recobin3 acc 0.0518 eff 0.3164 outinratio 0.0911 

ttH126_4e_massZ1_massZ2_genbin3_recobin3 acc 0.0434 eff 0.3406 outinratio 0.2362 

ggH126_4e_massZ1_massZ2_genbin4_recobin3 acc 0.0896 eff 0.0 outinratio 0.0366 

VBFH126_4e_massZ1_massZ2_genbin4_recobin3 acc 0.1099 eff 0.0 outinratio 0.0245 

WminusH126_4e_massZ1_massZ2_genbin4_recobin3 acc 0.0979 eff 0.0 outinratio 0.0343 

WplusH126_4e_massZ1_massZ2_genbin4_recobin3 acc 0.076 eff 0.0 outinratio 0.0546 

ZH126_4e_massZ1_massZ2_genbin4_recobin3 acc 0.0842 eff 0.0 outinratio 0.0911 

ttH126_4e_massZ1_massZ2_genbin4_recobin3 acc 0.0772 eff 0.0 outinratio 0.2362 

ggH126_4e_massZ1_massZ2_genbin5_recobin3 acc 0.0372 eff 0.0 outinratio 0.0366 

VBFH126_4e_massZ1_massZ2_genbin5_recobin3 acc 0.0419 eff 0.0 outinratio 0.0245 

WminusH126_4e_massZ1_massZ2_genbin5_recobin3 acc 0.0245 eff 0.0 outinratio 0.0343 

WplusH126_4e_massZ1_massZ2_genbin5_recobin3 acc 0.0294 eff 0.0 outinratio 0.0546 

ZH126_4e_massZ1_massZ2_genbin5_recobin3 acc 0.0313 eff 0.0 outinratio 0.0911 

ttH126_4e_massZ1_massZ2_genbin5_recobin3 acc 0.0291 eff 0.0 outinratio 0.2362 

ggH126_4e_massZ1_massZ2_genbin6_recobin3 acc 0.0837 eff 0.0001 outinratio 0.0366 

VBFH126_4e_massZ1_massZ2_genbin6_recobin3 acc 0.089 eff 0.0003 outinratio 0.0245 

WminusH126_4e_massZ1_massZ2_genbin6_recobin3 acc 0.072 eff 0.0 outinratio 0.0343 

WplusH126_4e_massZ1_massZ2_genbin6_recobin3 acc 0.0625 eff 0.0 outinratio 0.0546 

ZH126_4e_massZ1_massZ2_genbin6_recobin3 acc 0.0655 eff 0.0 outinratio 0.0911 

ttH126_4e_massZ1_massZ2_genbin6_recobin3 acc 0.0619 eff 0.0 outinratio 0.2362 

ggH126_4e_massZ1_massZ2_genbin0_recobin4 acc 0.0484 eff 0.0151 outinratio 0.0645 

VBFH126_4e_massZ1_massZ2_genbin0_recobin4 acc 0.0549 eff 0.0224 outinratio 0.0438 

WminusH126_4e_massZ1_massZ2_genbin0_recobin4 acc 0.046 eff 0.0488 outinratio 0.059 

WplusH126_4e_massZ1_massZ2_genbin0_recobin4 acc 0.0359 eff 0.022 outinratio 0.0893 

ZH126_4e_massZ1_massZ2_genbin0_recobin4 acc 0.0445 eff 0.0161 outinratio 0.0806 

ttH126_4e_massZ1_massZ2_genbin0_recobin4 acc 0.0407 eff 0.0164 outinratio 0.2483 

ggH126_4e_massZ1_massZ2_genbin1_recobin4 acc 0.0355 eff 0.0 outinratio 0.0645 

VBFH126_4e_massZ1_massZ2_genbin1_recobin4 acc 0.0389 eff 0.0003 outinratio 0.0438 

WminusH126_4e_massZ1_massZ2_genbin1_recobin4 acc 0.0371 eff 0.0 outinratio 0.059 

WplusH126_4e_massZ1_massZ2_genbin1_recobin4 acc 0.0245 eff 0.0026 outinratio 0.0893 

ZH126_4e_massZ1_massZ2_genbin1_recobin4 acc 0.0285 eff 0.0 outinratio 0.0806 

ttH126_4e_massZ1_massZ2_genbin1_recobin4 acc 0.0285 eff 0.0015 outinratio 0.2483 

ggH126_4e_massZ1_massZ2_genbin2_recobin4 acc 0.0375 eff 0.0 outinratio 0.0645 

VBFH126_4e_massZ1_massZ2_genbin2_recobin4 acc 0.0374 eff 0.0001 outinratio 0.0438 

WminusH126_4e_massZ1_massZ2_genbin2_recobin4 acc 0.0334 eff 0.0 outinratio 0.059 

WplusH126_4e_massZ1_massZ2_genbin2_recobin4 acc 0.0307 eff 0.0 outinratio 0.0893 

ZH126_4e_massZ1_massZ2_genbin2_recobin4 acc 0.0287 eff 0.0 outinratio 0.0806 

ttH126_4e_massZ1_massZ2_genbin2_recobin4 acc 0.0282 eff 0.0 outinratio 0.2483 

ggH126_4e_massZ1_massZ2_genbin3_recobin4 acc 0.0605 eff 0.0 outinratio 0.0645 

VBFH126_4e_massZ1_massZ2_genbin3_recobin4 acc 0.0635 eff 0.0 outinratio 0.0438 

WminusH126_4e_massZ1_massZ2_genbin3_recobin4 acc 0.0512 eff 0.0 outinratio 0.059 

WplusH126_4e_massZ1_massZ2_genbin3_recobin4 acc 0.0476 eff 0.0 outinratio 0.0893 

ZH126_4e_massZ1_massZ2_genbin3_recobin4 acc 0.0518 eff 0.0 outinratio 0.0806 

ttH126_4e_massZ1_massZ2_genbin3_recobin4 acc 0.0434 eff 0.0 outinratio 0.2483 

ggH126_4e_massZ1_massZ2_genbin4_recobin4 acc 0.0896 eff 0.2173 outinratio 0.0645 

VBFH126_4e_massZ1_massZ2_genbin4_recobin4 acc 0.1099 eff 0.2495 outinratio 0.0438 

WminusH126_4e_massZ1_massZ2_genbin4_recobin4 acc 0.0979 eff 0.2325 outinratio 0.059 

WplusH126_4e_massZ1_massZ2_genbin4_recobin4 acc 0.076 eff 0.2313 outinratio 0.0893 

ZH126_4e_massZ1_massZ2_genbin4_recobin4 acc 0.0842 eff 0.2581 outinratio 0.0806 

ttH126_4e_massZ1_massZ2_genbin4_recobin4 acc 0.0772 eff 0.2485 outinratio 0.2483 

ggH126_4e_massZ1_massZ2_genbin5_recobin4 acc 0.0372 eff 0.051 outinratio 0.0645 

VBFH126_4e_massZ1_massZ2_genbin5_recobin4 acc 0.0419 eff 0.0512 outinratio 0.0438 

WminusH126_4e_massZ1_massZ2_genbin5_recobin4 acc 0.0245 eff 0.0655 outinratio 0.059 

WplusH126_4e_massZ1_massZ2_genbin5_recobin4 acc 0.0294 eff 0.0445 outinratio 0.0893 

ZH126_4e_massZ1_massZ2_genbin5_recobin4 acc 0.0313 eff 0.0718 outinratio 0.0806 

ttH126_4e_massZ1_massZ2_genbin5_recobin4 acc 0.0291 eff 0.0595 outinratio 0.2483 

ggH126_4e_massZ1_massZ2_genbin6_recobin4 acc 0.0837 eff 0.0032 outinratio 0.0645 

VBFH126_4e_massZ1_massZ2_genbin6_recobin4 acc 0.089 eff 0.0042 outinratio 0.0438 

WminusH126_4e_massZ1_massZ2_genbin6_recobin4 acc 0.072 eff 0.0 outinratio 0.059 

WplusH126_4e_massZ1_massZ2_genbin6_recobin4 acc 0.0625 eff 0.0039 outinratio 0.0893 

ZH126_4e_massZ1_massZ2_genbin6_recobin4 acc 0.0655 eff 0.0042 outinratio 0.0806 

ttH126_4e_massZ1_massZ2_genbin6_recobin4 acc 0.0619 eff 0.0031 outinratio 0.2483 

ggH126_4e_massZ1_massZ2_genbin0_recobin5 acc 0.0484 eff 0.0058 outinratio 0.072 

VBFH126_4e_massZ1_massZ2_genbin0_recobin5 acc 0.0549 eff 0.0048 outinratio 0.0245 

WminusH126_4e_massZ1_massZ2_genbin0_recobin5 acc 0.046 eff 0.0 outinratio 0.0409 

WplusH126_4e_massZ1_massZ2_genbin0_recobin5 acc 0.0359 eff 0.0054 outinratio 0.1432 

ZH126_4e_massZ1_massZ2_genbin0_recobin5 acc 0.0445 eff 0.0088 outinratio 0.1136 

ttH126_4e_massZ1_massZ2_genbin0_recobin5 acc 0.0407 eff 0.0032 outinratio 0.1934 

ggH126_4e_massZ1_massZ2_genbin1_recobin5 acc 0.0355 eff 0.0041 outinratio 0.072 

VBFH126_4e_massZ1_massZ2_genbin1_recobin5 acc 0.0389 eff 0.0034 outinratio 0.0245 

WminusH126_4e_massZ1_massZ2_genbin1_recobin5 acc 0.0371 eff 0.0 outinratio 0.0409 

WplusH126_4e_massZ1_massZ2_genbin1_recobin5 acc 0.0245 eff 0.0028 outinratio 0.1432 

ZH126_4e_massZ1_massZ2_genbin1_recobin5 acc 0.0285 eff 0.0142 outinratio 0.1136 

ttH126_4e_massZ1_massZ2_genbin1_recobin5 acc 0.0285 eff 0.0 outinratio 0.1934 

ggH126_4e_massZ1_massZ2_genbin2_recobin5 acc 0.0375 eff 0.0 outinratio 0.072 

VBFH126_4e_massZ1_massZ2_genbin2_recobin5 acc 0.0374 eff 0.0 outinratio 0.0245 

WminusH126_4e_massZ1_massZ2_genbin2_recobin5 acc 0.0334 eff 0.0 outinratio 0.0409 

WplusH126_4e_massZ1_massZ2_genbin2_recobin5 acc 0.0307 eff 0.0 outinratio 0.1432 

ZH126_4e_massZ1_massZ2_genbin2_recobin5 acc 0.0287 eff 0.0 outinratio 0.1136 

ttH126_4e_massZ1_massZ2_genbin2_recobin5 acc 0.0282 eff 0.0 outinratio 0.1934 

ggH126_4e_massZ1_massZ2_genbin3_recobin5 acc 0.0605 eff 0.0 outinratio 0.072 

VBFH126_4e_massZ1_massZ2_genbin3_recobin5 acc 0.0635 eff 0.0 outinratio 0.0245 

WminusH126_4e_massZ1_massZ2_genbin3_recobin5 acc 0.0512 eff 0.0 outinratio 0.0409 

WplusH126_4e_massZ1_massZ2_genbin3_recobin5 acc 0.0476 eff 0.0 outinratio 0.1432 

ZH126_4e_massZ1_massZ2_genbin3_recobin5 acc 0.0518 eff 0.0 outinratio 0.1136 

ttH126_4e_massZ1_massZ2_genbin3_recobin5 acc 0.0434 eff 0.0 outinratio 0.1934 

ggH126_4e_massZ1_massZ2_genbin4_recobin5 acc 0.0896 eff 0.0062 outinratio 0.072 

VBFH126_4e_massZ1_massZ2_genbin4_recobin5 acc 0.1099 eff 0.0059 outinratio 0.0245 

WminusH126_4e_massZ1_massZ2_genbin4_recobin5 acc 0.0979 eff 0.0042 outinratio 0.0409 

WplusH126_4e_massZ1_massZ2_genbin4_recobin5 acc 0.076 eff 0.0056 outinratio 0.1432 

ZH126_4e_massZ1_massZ2_genbin4_recobin5 acc 0.0842 eff 0.007 outinratio 0.1136 

ttH126_4e_massZ1_massZ2_genbin4_recobin5 acc 0.0772 eff 0.0058 outinratio 0.1934 

ggH126_4e_massZ1_massZ2_genbin5_recobin5 acc 0.0372 eff 0.1514 outinratio 0.072 

VBFH126_4e_massZ1_massZ2_genbin5_recobin5 acc 0.0419 eff 0.1842 outinratio 0.0245 

WminusH126_4e_massZ1_massZ2_genbin5_recobin5 acc 0.0245 eff 0.1198 outinratio 0.0409 

WplusH126_4e_massZ1_massZ2_genbin5_recobin5 acc 0.0294 eff 0.1253 outinratio 0.1432 

ZH126_4e_massZ1_massZ2_genbin5_recobin5 acc 0.0313 eff 0.1529 outinratio 0.1136 

ttH126_4e_massZ1_massZ2_genbin5_recobin5 acc 0.0291 eff 0.1908 outinratio 0.1934 

ggH126_4e_massZ1_massZ2_genbin6_recobin5 acc 0.0837 eff 0.0278 outinratio 0.072 

VBFH126_4e_massZ1_massZ2_genbin6_recobin5 acc 0.089 eff 0.0273 outinratio 0.0245 

WminusH126_4e_massZ1_massZ2_genbin6_recobin5 acc 0.072 eff 0.0856 outinratio 0.0409 

WplusH126_4e_massZ1_massZ2_genbin6_recobin5 acc 0.0625 eff 0.0211 outinratio 0.1432 

ZH126_4e_massZ1_massZ2_genbin6_recobin5 acc 0.0655 eff 0.0264 outinratio 0.1136 

ttH126_4e_massZ1_massZ2_genbin6_recobin5 acc 0.0619 eff 0.0314 outinratio 0.1934 

ggH126_4e_massZ1_massZ2_genbin0_recobin6 acc 0.0484 eff 0.0002 outinratio 0.0506 

VBFH126_4e_massZ1_massZ2_genbin0_recobin6 acc 0.0549 eff 0.0003 outinratio 0.0388 

WminusH126_4e_massZ1_massZ2_genbin0_recobin6 acc 0.046 eff 0.0 outinratio 0.0204 

WplusH126_4e_massZ1_massZ2_genbin0_recobin6 acc 0.0359 eff 0.0 outinratio 0.0641 

ZH126_4e_massZ1_massZ2_genbin0_recobin6 acc 0.0445 eff 0.0 outinratio 0.109 

ttH126_4e_massZ1_massZ2_genbin0_recobin6 acc 0.0407 eff 0.0 outinratio 0.2127 

ggH126_4e_massZ1_massZ2_genbin1_recobin6 acc 0.0355 eff 0.0188 outinratio 0.0506 

VBFH126_4e_massZ1_massZ2_genbin1_recobin6 acc 0.0389 eff 0.022 outinratio 0.0388 

WminusH126_4e_massZ1_massZ2_genbin1_recobin6 acc 0.0371 eff 0.0339 outinratio 0.0204 

WplusH126_4e_massZ1_massZ2_genbin1_recobin6 acc 0.0245 eff 0.0284 outinratio 0.0641 

ZH126_4e_massZ1_massZ2_genbin1_recobin6 acc 0.0285 eff 0.006 outinratio 0.109 

ttH126_4e_massZ1_massZ2_genbin1_recobin6 acc 0.0285 eff 0.0119 outinratio 0.2127 

ggH126_4e_massZ1_massZ2_genbin2_recobin6 acc 0.0375 eff 0.0185 outinratio 0.0506 

VBFH126_4e_massZ1_massZ2_genbin2_recobin6 acc 0.0374 eff 0.0168 outinratio 0.0388 

WminusH126_4e_massZ1_massZ2_genbin2_recobin6 acc 0.0334 eff 0.0 outinratio 0.0204 

WplusH126_4e_massZ1_massZ2_genbin2_recobin6 acc 0.0307 eff 0.002 outinratio 0.0641 

ZH126_4e_massZ1_massZ2_genbin2_recobin6 acc 0.0287 eff 0.0099 outinratio 0.109 

ttH126_4e_massZ1_massZ2_genbin2_recobin6 acc 0.0282 eff 0.0183 outinratio 0.2127 

ggH126_4e_massZ1_massZ2_genbin3_recobin6 acc 0.0605 eff 0.0006 outinratio 0.0506 

VBFH126_4e_massZ1_massZ2_genbin3_recobin6 acc 0.0635 eff 0.0003 outinratio 0.0388 

WminusH126_4e_massZ1_massZ2_genbin3_recobin6 acc 0.0512 eff 0.0 outinratio 0.0204 

WplusH126_4e_massZ1_massZ2_genbin3_recobin6 acc 0.0476 eff 0.0017 outinratio 0.0641 

ZH126_4e_massZ1_massZ2_genbin3_recobin6 acc 0.0518 eff 0.0 outinratio 0.109 

ttH126_4e_massZ1_massZ2_genbin3_recobin6 acc 0.0434 eff 0.0 outinratio 0.2127 

ggH126_4e_massZ1_massZ2_genbin4_recobin6 acc 0.0896 eff 0.0003 outinratio 0.0506 

VBFH126_4e_massZ1_massZ2_genbin4_recobin6 acc 0.1099 eff 0.0003 outinratio 0.0388 

WminusH126_4e_massZ1_massZ2_genbin4_recobin6 acc 0.0979 eff 0.0 outinratio 0.0204 

WplusH126_4e_massZ1_massZ2_genbin4_recobin6 acc 0.076 eff 0.0008 outinratio 0.0641 

ZH126_4e_massZ1_massZ2_genbin4_recobin6 acc 0.0842 eff 0.0 outinratio 0.109 

ttH126_4e_massZ1_massZ2_genbin4_recobin6 acc 0.0772 eff 0.0004 outinratio 0.2127 

ggH126_4e_massZ1_massZ2_genbin5_recobin6 acc 0.0372 eff 0.0181 outinratio 0.0506 

VBFH126_4e_massZ1_massZ2_genbin5_recobin6 acc 0.0419 eff 0.0199 outinratio 0.0388 

WminusH126_4e_massZ1_massZ2_genbin5_recobin6 acc 0.0245 eff 0.0 outinratio 0.0204 

WplusH126_4e_massZ1_massZ2_genbin5_recobin6 acc 0.0294 eff 0.0192 outinratio 0.0641 

ZH126_4e_massZ1_massZ2_genbin5_recobin6 acc 0.0313 eff 0.0218 outinratio 0.109 

ttH126_4e_massZ1_massZ2_genbin5_recobin6 acc 0.0291 eff 0.0162 outinratio 0.2127 

ggH126_4e_massZ1_massZ2_genbin6_recobin6 acc 0.0837 eff 0.2108 outinratio 0.0506 

VBFH126_4e_massZ1_massZ2_genbin6_recobin6 acc 0.089 eff 0.2095 outinratio 0.0388 

WminusH126_4e_massZ1_massZ2_genbin6_recobin6 acc 0.072 eff 0.2795 outinratio 0.0204 

WplusH126_4e_massZ1_massZ2_genbin6_recobin6 acc 0.0625 eff 0.2135 outinratio 0.0641 

ZH126_4e_massZ1_massZ2_genbin6_recobin6 acc 0.0655 eff 0.1946 outinratio 0.109 

ttH126_4e_massZ1_massZ2_genbin6_recobin6 acc 0.0619 eff 0.2187 outinratio 0.2127 

ggH126_4mu_massZ1_massZ2_genbin0_recobin0 acc 0.0553 eff 0.7425 outinratio 0.052 

VBFH126_4mu_massZ1_massZ2_genbin0_recobin0 acc 0.0636 eff 0.7525 outinratio 0.0432 

WminusH126_4mu_massZ1_massZ2_genbin0_recobin0 acc 0.0544 eff 0.7522 outinratio 0.0502 

WplusH126_4mu_massZ1_massZ2_genbin0_recobin0 acc 0.0434 eff 0.6949 outinratio 0.0726 

ZH126_4mu_massZ1_massZ2_genbin0_recobin0 acc 0.0448 eff 0.7647 outinratio 0.0865 

ttH126_4mu_massZ1_massZ2_genbin0_recobin0 acc 0.047 eff 0.72 outinratio 0.1312 

ggH126_4mu_massZ1_massZ2_genbin1_recobin0 acc 0.0367 eff 0.0278 outinratio 0.052 

VBFH126_4mu_massZ1_massZ2_genbin1_recobin0 acc 0.0417 eff 0.0345 outinratio 0.0432 

WminusH126_4mu_massZ1_massZ2_genbin1_recobin0 acc 0.0345 eff 0.031 outinratio 0.0502 

WplusH126_4mu_massZ1_massZ2_genbin1_recobin0 acc 0.0277 eff 0.0171 outinratio 0.0726 

ZH126_4mu_massZ1_massZ2_genbin1_recobin0 acc 0.0313 eff 0.0235 outinratio 0.0865 

ttH126_4mu_massZ1_massZ2_genbin1_recobin0 acc 0.028 eff 0.047 outinratio 0.1312 

ggH126_4mu_massZ1_massZ2_genbin2_recobin0 acc 0.0381 eff 0.0013 outinratio 0.052 

VBFH126_4mu_massZ1_massZ2_genbin2_recobin0 acc 0.0424 eff 0.0009 outinratio 0.0432 

WminusH126_4mu_massZ1_massZ2_genbin2_recobin0 acc 0.0306 eff 0.0 outinratio 0.0502 

WplusH126_4mu_massZ1_massZ2_genbin2_recobin0 acc 0.0274 eff 0.0057 outinratio 0.0726 

ZH126_4mu_massZ1_massZ2_genbin2_recobin0 acc 0.0297 eff 0.0064 outinratio 0.0865 

ttH126_4mu_massZ1_massZ2_genbin2_recobin0 acc 0.0292 eff 0.0012 outinratio 0.1312 

ggH126_4mu_massZ1_massZ2_genbin3_recobin0 acc 0.0589 eff 0.002 outinratio 0.052 

VBFH126_4mu_massZ1_massZ2_genbin3_recobin0 acc 0.063 eff 0.0015 outinratio 0.0432 

WminusH126_4mu_massZ1_massZ2_genbin3_recobin0 acc 0.059 eff 0.0 outinratio 0.0502 

WplusH126_4mu_massZ1_massZ2_genbin3_recobin0 acc 0.0441 eff 0.0037 outinratio 0.0726 

ZH126_4mu_massZ1_massZ2_genbin3_recobin0 acc 0.0459 eff 0.0 outinratio 0.0865 

ttH126_4mu_massZ1_massZ2_genbin3_recobin0 acc 0.0494 eff 0.0029 outinratio 0.1312 

ggH126_4mu_massZ1_massZ2_genbin4_recobin0 acc 0.1119 eff 0.071 outinratio 0.052 

VBFH126_4mu_massZ1_massZ2_genbin4_recobin0 acc 0.1285 eff 0.0716 outinratio 0.0432 

WminusH126_4mu_massZ1_massZ2_genbin4_recobin0 acc 0.111 eff 0.1236 outinratio 0.0502 

WplusH126_4mu_massZ1_massZ2_genbin4_recobin0 acc 0.0866 eff 0.0861 outinratio 0.0726 

ZH126_4mu_massZ1_massZ2_genbin4_recobin0 acc 0.1041 eff 0.082 outinratio 0.0865 

ttH126_4mu_massZ1_massZ2_genbin4_recobin0 acc 0.0901 eff 0.0798 outinratio 0.1312 

ggH126_4mu_massZ1_massZ2_genbin5_recobin0 acc 0.0416 eff 0.073 outinratio 0.052 

VBFH126_4mu_massZ1_massZ2_genbin5_recobin0 acc 0.0464 eff 0.0632 outinratio 0.0432 

WminusH126_4mu_massZ1_massZ2_genbin5_recobin0 acc 0.0391 eff 0.0238 outinratio 0.0502 

WplusH126_4mu_massZ1_massZ2_genbin5_recobin0 acc 0.0357 eff 0.0841 outinratio 0.0726 

ZH126_4mu_massZ1_massZ2_genbin5_recobin0 acc 0.0329 eff 0.0612 outinratio 0.0865 

ttH126_4mu_massZ1_massZ2_genbin5_recobin0 acc 0.0308 eff 0.0712 outinratio 0.1312 

ggH126_4mu_massZ1_massZ2_genbin6_recobin0 acc 0.0898 eff 0.0028 outinratio 0.052 

VBFH126_4mu_massZ1_massZ2_genbin6_recobin0 acc 0.0978 eff 0.0034 outinratio 0.0432 

WminusH126_4mu_massZ1_massZ2_genbin6_recobin0 acc 0.075 eff 0.0 outinratio 0.0502 

WplusH126_4mu_massZ1_massZ2_genbin6_recobin0 acc 0.0669 eff 0.0075 outinratio 0.0726 

ZH126_4mu_massZ1_massZ2_genbin6_recobin0 acc 0.0711 eff 0.0016 outinratio 0.0865 

ttH126_4mu_massZ1_massZ2_genbin6_recobin0 acc 0.0675 eff 0.0027 outinratio 0.1312 

ggH126_4mu_massZ1_massZ2_genbin0_recobin1 acc 0.0553 eff 0.0098 outinratio 0.0441 

VBFH126_4mu_massZ1_massZ2_genbin0_recobin1 acc 0.0636 eff 0.0142 outinratio 0.0381 

WminusH126_4mu_massZ1_massZ2_genbin0_recobin1 acc 0.0544 eff 0.0043 outinratio 0.0115 

WplusH126_4mu_massZ1_massZ2_genbin0_recobin1 acc 0.0434 eff 0.0119 outinratio 0.0756 

ZH126_4mu_massZ1_massZ2_genbin0_recobin1 acc 0.0448 eff 0.0059 outinratio 0.1401 

ttH126_4mu_massZ1_massZ2_genbin0_recobin1 acc 0.047 eff 0.011 outinratio 0.1402 

ggH126_4mu_massZ1_massZ2_genbin1_recobin1 acc 0.0367 eff 0.7273 outinratio 0.0441 

VBFH126_4mu_massZ1_massZ2_genbin1_recobin1 acc 0.0417 eff 0.703 outinratio 0.0381 

WminusH126_4mu_massZ1_massZ2_genbin1_recobin1 acc 0.0345 eff 0.8614 outinratio 0.0115 

WplusH126_4mu_massZ1_massZ2_genbin1_recobin1 acc 0.0277 eff 0.648 outinratio 0.0756 

ZH126_4mu_massZ1_massZ2_genbin1_recobin1 acc 0.0313 eff 0.6682 outinratio 0.1401 

ttH126_4mu_massZ1_massZ2_genbin1_recobin1 acc 0.028 eff 0.7035 outinratio 0.1402 

ggH126_4mu_massZ1_massZ2_genbin2_recobin1 acc 0.0381 eff 0.053 outinratio 0.0441 

VBFH126_4mu_massZ1_massZ2_genbin2_recobin1 acc 0.0424 eff 0.0456 outinratio 0.0381 

WminusH126_4mu_massZ1_massZ2_genbin2_recobin1 acc 0.0306 eff 0.0323 outinratio 0.0115 

WplusH126_4mu_massZ1_massZ2_genbin2_recobin1 acc 0.0274 eff 0.0564 outinratio 0.0756 

ZH126_4mu_massZ1_massZ2_genbin2_recobin1 acc 0.0297 eff 0.0678 outinratio 0.1401 

ttH126_4mu_massZ1_massZ2_genbin2_recobin1 acc 0.0292 eff 0.0486 outinratio 0.1402 

ggH126_4mu_massZ1_massZ2_genbin3_recobin1 acc 0.0589 eff 0.002 outinratio 0.0441 

VBFH126_4mu_massZ1_massZ2_genbin3_recobin1 acc 0.063 eff 0.0002 outinratio 0.0381 

WminusH126_4mu_massZ1_massZ2_genbin3_recobin1 acc 0.059 eff 0.0 outinratio 0.0115 

WplusH126_4mu_massZ1_massZ2_genbin3_recobin1 acc 0.0441 eff 0.0077 outinratio 0.0756 

ZH126_4mu_massZ1_massZ2_genbin3_recobin1 acc 0.0459 eff 0.009 outinratio 0.1401 

ttH126_4mu_massZ1_massZ2_genbin3_recobin1 acc 0.0494 eff 0.0003 outinratio 0.1402 

ggH126_4mu_massZ1_massZ2_genbin4_recobin1 acc 0.1119 eff 0.0002 outinratio 0.0441 

VBFH126_4mu_massZ1_massZ2_genbin4_recobin1 acc 0.1285 eff 0.0003 outinratio 0.0381 

WminusH126_4mu_massZ1_massZ2_genbin4_recobin1 acc 0.111 eff 0.0 outinratio 0.0115 

WplusH126_4mu_massZ1_massZ2_genbin4_recobin1 acc 0.0866 eff 0.0 outinratio 0.0756 

ZH126_4mu_massZ1_massZ2_genbin4_recobin1 acc 0.1041 eff 0.0008 outinratio 0.1401 

ttH126_4mu_massZ1_massZ2_genbin4_recobin1 acc 0.0901 eff 0.0008 outinratio 0.1402 

ggH126_4mu_massZ1_massZ2_genbin5_recobin1 acc 0.0416 eff 0.0035 outinratio 0.0441 

VBFH126_4mu_massZ1_massZ2_genbin5_recobin1 acc 0.0464 eff 0.0027 outinratio 0.0381 

WminusH126_4mu_massZ1_massZ2_genbin5_recobin1 acc 0.0391 eff 0.0 outinratio 0.0115 

WplusH126_4mu_massZ1_massZ2_genbin5_recobin1 acc 0.0357 eff 0.0043 outinratio 0.0756 

ZH126_4mu_massZ1_massZ2_genbin5_recobin1 acc 0.0329 eff 0.0038 outinratio 0.1401 

ttH126_4mu_massZ1_massZ2_genbin5_recobin1 acc 0.0308 eff 0.0024 outinratio 0.1402 

ggH126_4mu_massZ1_massZ2_genbin6_recobin1 acc 0.0898 eff 0.0692 outinratio 0.0441 

VBFH126_4mu_massZ1_massZ2_genbin6_recobin1 acc 0.0978 eff 0.0694 outinratio 0.0381 

WminusH126_4mu_massZ1_massZ2_genbin6_recobin1 acc 0.075 eff 0.0849 outinratio 0.0115 

WplusH126_4mu_massZ1_massZ2_genbin6_recobin1 acc 0.0669 eff 0.0754 outinratio 0.0756 

ZH126_4mu_massZ1_massZ2_genbin6_recobin1 acc 0.0711 eff 0.0855 outinratio 0.1401 

ttH126_4mu_massZ1_massZ2_genbin6_recobin1 acc 0.0675 eff 0.078 outinratio 0.1402 

ggH126_4mu_massZ1_massZ2_genbin0_recobin2 acc 0.0553 eff 0.0013 outinratio 0.0426 

VBFH126_4mu_massZ1_massZ2_genbin0_recobin2 acc 0.0636 eff 0.0015 outinratio 0.0259 

WminusH126_4mu_massZ1_massZ2_genbin0_recobin2 acc 0.0544 eff 0.0 outinratio 0.0 

WplusH126_4mu_massZ1_massZ2_genbin0_recobin2 acc 0.0434 eff 0.0 outinratio 0.0409 

ZH126_4mu_massZ1_massZ2_genbin0_recobin2 acc 0.0448 eff 0.0044 outinratio 0.0642 

ttH126_4mu_massZ1_massZ2_genbin0_recobin2 acc 0.047 eff 0.0 outinratio 0.2019 

ggH126_4mu_massZ1_massZ2_genbin1_recobin2 acc 0.0367 eff 0.0205 outinratio 0.0426 

VBFH126_4mu_massZ1_massZ2_genbin1_recobin2 acc 0.0417 eff 0.0253 outinratio 0.0259 

WminusH126_4mu_massZ1_massZ2_genbin1_recobin2 acc 0.0345 eff 0.0 outinratio 0.0 

WplusH126_4mu_massZ1_massZ2_genbin1_recobin2 acc 0.0277 eff 0.0191 outinratio 0.0409 

ZH126_4mu_massZ1_massZ2_genbin1_recobin2 acc 0.0313 eff 0.0203 outinratio 0.0642 

ttH126_4mu_massZ1_massZ2_genbin1_recobin2 acc 0.028 eff 0.0117 outinratio 0.2019 

ggH126_4mu_massZ1_massZ2_genbin2_recobin2 acc 0.0381 eff 0.726 outinratio 0.0426 

VBFH126_4mu_massZ1_massZ2_genbin2_recobin2 acc 0.0424 eff 0.7329 outinratio 0.0259 

WminusH126_4mu_massZ1_massZ2_genbin2_recobin2 acc 0.0306 eff 0.7036 outinratio 0.0 

WplusH126_4mu_massZ1_massZ2_genbin2_recobin2 acc 0.0274 eff 0.6761 outinratio 0.0409 

ZH126_4mu_massZ1_massZ2_genbin2_recobin2 acc 0.0297 eff 0.742 outinratio 0.0642 

ttH126_4mu_massZ1_massZ2_genbin2_recobin2 acc 0.0292 eff 0.6978 outinratio 0.2019 

ggH126_4mu_massZ1_massZ2_genbin3_recobin2 acc 0.0589 eff 0.0292 outinratio 0.0426 

VBFH126_4mu_massZ1_massZ2_genbin3_recobin2 acc 0.063 eff 0.0197 outinratio 0.0259 

WminusH126_4mu_massZ1_massZ2_genbin3_recobin2 acc 0.059 eff 0.0471 outinratio 0.0 

WplusH126_4mu_massZ1_massZ2_genbin3_recobin2 acc 0.0441 eff 0.0308 outinratio 0.0409 

ZH126_4mu_massZ1_massZ2_genbin3_recobin2 acc 0.0459 eff 0.031 outinratio 0.0642 

ttH126_4mu_massZ1_massZ2_genbin3_recobin2 acc 0.0494 eff 0.0227 outinratio 0.2019 

ggH126_4mu_massZ1_massZ2_genbin4_recobin2 acc 0.1119 eff 0.0 outinratio 0.0426 

VBFH126_4mu_massZ1_massZ2_genbin4_recobin2 acc 0.1285 eff 0.0 outinratio 0.0259 

WminusH126_4mu_massZ1_massZ2_genbin4_recobin2 acc 0.111 eff 0.0 outinratio 0.0 

WplusH126_4mu_massZ1_massZ2_genbin4_recobin2 acc 0.0866 eff 0.0 outinratio 0.0409 

ZH126_4mu_massZ1_massZ2_genbin4_recobin2 acc 0.1041 eff 0.0 outinratio 0.0642 

ttH126_4mu_massZ1_massZ2_genbin4_recobin2 acc 0.0901 eff 0.0 outinratio 0.2019 

ggH126_4mu_massZ1_massZ2_genbin5_recobin2 acc 0.0416 eff 0.0 outinratio 0.0426 

VBFH126_4mu_massZ1_massZ2_genbin5_recobin2 acc 0.0464 eff 0.0 outinratio 0.0259 

WminusH126_4mu_massZ1_massZ2_genbin5_recobin2 acc 0.0391 eff 0.0 outinratio 0.0 

WplusH126_4mu_massZ1_massZ2_genbin5_recobin2 acc 0.0357 eff 0.0 outinratio 0.0409 

ZH126_4mu_massZ1_massZ2_genbin5_recobin2 acc 0.0329 eff 0.0 outinratio 0.0642 

ttH126_4mu_massZ1_massZ2_genbin5_recobin2 acc 0.0308 eff 0.0 outinratio 0.2019 

ggH126_4mu_massZ1_massZ2_genbin6_recobin2 acc 0.0898 eff 0.0171 outinratio 0.0426 

VBFH126_4mu_massZ1_massZ2_genbin6_recobin2 acc 0.0978 eff 0.0207 outinratio 0.0259 

WminusH126_4mu_massZ1_massZ2_genbin6_recobin2 acc 0.075 eff 0.007 outinratio 0.0 

WplusH126_4mu_massZ1_massZ2_genbin6_recobin2 acc 0.0669 eff 0.0338 outinratio 0.0409 

ZH126_4mu_massZ1_massZ2_genbin6_recobin2 acc 0.0711 eff 0.0256 outinratio 0.0642 

ttH126_4mu_massZ1_massZ2_genbin6_recobin2 acc 0.0675 eff 0.0173 outinratio 0.2019 

ggH126_4mu_massZ1_massZ2_genbin0_recobin3 acc 0.0553 eff 0.004 outinratio 0.0395 

VBFH126_4mu_massZ1_massZ2_genbin0_recobin3 acc 0.0636 eff 0.0029 outinratio 0.0232 

WminusH126_4mu_massZ1_massZ2_genbin0_recobin3 acc 0.0544 eff 0.0 outinratio 0.0277 

WplusH126_4mu_massZ1_massZ2_genbin0_recobin3 acc 0.0434 eff 0.0 outinratio 0.0471 

ZH126_4mu_massZ1_massZ2_genbin0_recobin3 acc 0.0448 eff 0.0028 outinratio 0.0846 

ttH126_4mu_massZ1_massZ2_genbin0_recobin3 acc 0.047 eff 0.0004 outinratio 0.1074 

ggH126_4mu_massZ1_massZ2_genbin1_recobin3 acc 0.0367 eff 0.0033 outinratio 0.0395 

VBFH126_4mu_massZ1_massZ2_genbin1_recobin3 acc 0.0417 eff 0.0029 outinratio 0.0232 

WminusH126_4mu_massZ1_massZ2_genbin1_recobin3 acc 0.0345 eff 0.0 outinratio 0.0277 

WplusH126_4mu_massZ1_massZ2_genbin1_recobin3 acc 0.0277 eff 0.0101 outinratio 0.0471 

ZH126_4mu_massZ1_massZ2_genbin1_recobin3 acc 0.0313 eff 0.0 outinratio 0.0846 

ttH126_4mu_massZ1_massZ2_genbin1_recobin3 acc 0.028 eff 0.0022 outinratio 0.1074 

ggH126_4mu_massZ1_massZ2_genbin2_recobin3 acc 0.0381 eff 0.0288 outinratio 0.0395 

VBFH126_4mu_massZ1_massZ2_genbin2_recobin3 acc 0.0424 eff 0.023 outinratio 0.0232 

WminusH126_4mu_massZ1_massZ2_genbin2_recobin3 acc 0.0306 eff 0.0 outinratio 0.0277 

WplusH126_4mu_massZ1_massZ2_genbin2_recobin3 acc 0.0274 eff 0.0338 outinratio 0.0471 

ZH126_4mu_massZ1_massZ2_genbin2_recobin3 acc 0.0297 eff 0.0223 outinratio 0.0846 

ttH126_4mu_massZ1_massZ2_genbin2_recobin3 acc 0.0292 eff 0.016 outinratio 0.1074 

ggH126_4mu_massZ1_massZ2_genbin3_recobin3 acc 0.0589 eff 0.7887 outinratio 0.0395 

VBFH126_4mu_massZ1_massZ2_genbin3_recobin3 acc 0.063 eff 0.8234 outinratio 0.0232 

WminusH126_4mu_massZ1_massZ2_genbin3_recobin3 acc 0.059 eff 0.7197 outinratio 0.0277 

WplusH126_4mu_massZ1_massZ2_genbin3_recobin3 acc 0.0441 eff 0.7479 outinratio 0.0471 

ZH126_4mu_massZ1_massZ2_genbin3_recobin3 acc 0.0459 eff 0.8144 outinratio 0.0846 

ttH126_4mu_massZ1_massZ2_genbin3_recobin3 acc 0.0494 eff 0.8133 outinratio 0.1074 

ggH126_4mu_massZ1_massZ2_genbin4_recobin3 acc 0.1119 eff 0.0 outinratio 0.0395 

VBFH126_4mu_massZ1_massZ2_genbin4_recobin3 acc 0.1285 eff 0.0 outinratio 0.0232 

WminusH126_4mu_massZ1_massZ2_genbin4_recobin3 acc 0.111 eff 0.0 outinratio 0.0277 

WplusH126_4mu_massZ1_massZ2_genbin4_recobin3 acc 0.0866 eff 0.0 outinratio 0.0471 

ZH126_4mu_massZ1_massZ2_genbin4_recobin3 acc 0.1041 eff 0.0 outinratio 0.0846 

ttH126_4mu_massZ1_massZ2_genbin4_recobin3 acc 0.0901 eff 0.0 outinratio 0.1074 

ggH126_4mu_massZ1_massZ2_genbin5_recobin3 acc 0.0416 eff 0.0 outinratio 0.0395 

VBFH126_4mu_massZ1_massZ2_genbin5_recobin3 acc 0.0464 eff 0.0 outinratio 0.0232 

WminusH126_4mu_massZ1_massZ2_genbin5_recobin3 acc 0.0391 eff 0.0 outinratio 0.0277 

WplusH126_4mu_massZ1_massZ2_genbin5_recobin3 acc 0.0357 eff 0.0 outinratio 0.0471 

ZH126_4mu_massZ1_massZ2_genbin5_recobin3 acc 0.0329 eff 0.0 outinratio 0.0846 

ttH126_4mu_massZ1_massZ2_genbin5_recobin3 acc 0.0308 eff 0.0 outinratio 0.1074 

ggH126_4mu_massZ1_massZ2_genbin6_recobin3 acc 0.0898 eff 0.0 outinratio 0.0395 

VBFH126_4mu_massZ1_massZ2_genbin6_recobin3 acc 0.0978 eff 0.0 outinratio 0.0232 

WminusH126_4mu_massZ1_massZ2_genbin6_recobin3 acc 0.075 eff 0.0 outinratio 0.0277 

WplusH126_4mu_massZ1_massZ2_genbin6_recobin3 acc 0.0669 eff 0.0 outinratio 0.0471 

ZH126_4mu_massZ1_massZ2_genbin6_recobin3 acc 0.0711 eff 0.0008 outinratio 0.0846 

ttH126_4mu_massZ1_massZ2_genbin6_recobin3 acc 0.0675 eff 0.0006 outinratio 0.1074 

ggH126_4mu_massZ1_massZ2_genbin0_recobin4 acc 0.0553 eff 0.0394 outinratio 0.0576 

VBFH126_4mu_massZ1_massZ2_genbin0_recobin4 acc 0.0636 eff 0.0359 outinratio 0.039 

WminusH126_4mu_massZ1_massZ2_genbin0_recobin4 acc 0.0544 eff 0.0407 outinratio 0.1284 

WplusH126_4mu_massZ1_massZ2_genbin0_recobin4 acc 0.0434 eff 0.0316 outinratio 0.0823 

ZH126_4mu_massZ1_massZ2_genbin0_recobin4 acc 0.0448 eff 0.0546 outinratio 0.0747 

ttH126_4mu_massZ1_massZ2_genbin0_recobin4 acc 0.047 eff 0.037 outinratio 0.1665 

ggH126_4mu_massZ1_massZ2_genbin1_recobin4 acc 0.0367 eff 0.0007 outinratio 0.0576 

VBFH126_4mu_massZ1_massZ2_genbin1_recobin4 acc 0.0417 eff 0.0009 outinratio 0.039 

WminusH126_4mu_massZ1_massZ2_genbin1_recobin4 acc 0.0345 eff 0.0 outinratio 0.1284 

WplusH126_4mu_massZ1_massZ2_genbin1_recobin4 acc 0.0277 eff 0.0 outinratio 0.0823 

ZH126_4mu_massZ1_massZ2_genbin1_recobin4 acc 0.0313 eff 0.0 outinratio 0.0747 

ttH126_4mu_massZ1_massZ2_genbin1_recobin4 acc 0.028 eff 0.0011 outinratio 0.1665 

ggH126_4mu_massZ1_massZ2_genbin2_recobin4 acc 0.0381 eff 0.0 outinratio 0.0576 

VBFH126_4mu_massZ1_massZ2_genbin2_recobin4 acc 0.0424 eff 0.0 outinratio 0.039 

WminusH126_4mu_massZ1_massZ2_genbin2_recobin4 acc 0.0306 eff 0.0 outinratio 0.1284 

WplusH126_4mu_massZ1_massZ2_genbin2_recobin4 acc 0.0274 eff 0.0 outinratio 0.0823 

ZH126_4mu_massZ1_massZ2_genbin2_recobin4 acc 0.0297 eff 0.0 outinratio 0.0747 

ttH126_4mu_massZ1_massZ2_genbin2_recobin4 acc 0.0292 eff 0.0 outinratio 0.1665 

ggH126_4mu_massZ1_massZ2_genbin3_recobin4 acc 0.0589 eff 0.0 outinratio 0.0576 

VBFH126_4mu_massZ1_massZ2_genbin3_recobin4 acc 0.063 eff 0.0 outinratio 0.039 

WminusH126_4mu_massZ1_massZ2_genbin3_recobin4 acc 0.059 eff 0.0 outinratio 0.1284 

WplusH126_4mu_massZ1_massZ2_genbin3_recobin4 acc 0.0441 eff 0.0 outinratio 0.0823 

ZH126_4mu_massZ1_massZ2_genbin3_recobin4 acc 0.0459 eff 0.0 outinratio 0.0747 

ttH126_4mu_massZ1_massZ2_genbin3_recobin4 acc 0.0494 eff 0.0 outinratio 0.1665 

ggH126_4mu_massZ1_massZ2_genbin4_recobin4 acc 0.1119 eff 0.7065 outinratio 0.0576 

VBFH126_4mu_massZ1_massZ2_genbin4_recobin4 acc 0.1285 eff 0.718 outinratio 0.039 

WminusH126_4mu_massZ1_massZ2_genbin4_recobin4 acc 0.111 eff 0.5659 outinratio 0.1284 

WplusH126_4mu_massZ1_massZ2_genbin4_recobin4 acc 0.0866 eff 0.7047 outinratio 0.0823 

ZH126_4mu_massZ1_massZ2_genbin4_recobin4 acc 0.1041 eff 0.6908 outinratio 0.0747 

ttH126_4mu_massZ1_massZ2_genbin4_recobin4 acc 0.0901 eff 0.6736 outinratio 0.1665 

ggH126_4mu_massZ1_massZ2_genbin5_recobin4 acc 0.0416 eff 0.0529 outinratio 0.0576 

VBFH126_4mu_massZ1_massZ2_genbin5_recobin4 acc 0.0464 eff 0.059 outinratio 0.039 

WminusH126_4mu_massZ1_massZ2_genbin5_recobin4 acc 0.0391 eff 0.0397 outinratio 0.1284 

WplusH126_4mu_massZ1_massZ2_genbin5_recobin4 acc 0.0357 eff 0.05 outinratio 0.0823 

ZH126_4mu_massZ1_massZ2_genbin5_recobin4 acc 0.0329 eff 0.0661 outinratio 0.0747 

ttH126_4mu_massZ1_massZ2_genbin5_recobin4 acc 0.0308 eff 0.0268 outinratio 0.1665 

ggH126_4mu_massZ1_massZ2_genbin6_recobin4 acc 0.0898 eff 0.0031 outinratio 0.0576 

VBFH126_4mu_massZ1_massZ2_genbin6_recobin4 acc 0.0978 eff 0.0018 outinratio 0.039 

WminusH126_4mu_massZ1_massZ2_genbin6_recobin4 acc 0.075 eff 0.0 outinratio 0.1284 

WplusH126_4mu_massZ1_massZ2_genbin6_recobin4 acc 0.0669 eff 0.0059 outinratio 0.0823 

ZH126_4mu_massZ1_massZ2_genbin6_recobin4 acc 0.0711 eff 0.004 outinratio 0.0747 

ttH126_4mu_massZ1_massZ2_genbin6_recobin4 acc 0.0675 eff 0.0064 outinratio 0.1665 

ggH126_4mu_massZ1_massZ2_genbin0_recobin5 acc 0.0553 eff 0.0111 outinratio 0.0519 

VBFH126_4mu_massZ1_massZ2_genbin0_recobin5 acc 0.0636 eff 0.0154 outinratio 0.0267 

WminusH126_4mu_massZ1_massZ2_genbin0_recobin5 acc 0.0544 eff 0.0 outinratio 0.119 

WplusH126_4mu_massZ1_massZ2_genbin0_recobin5 acc 0.0434 eff 0.0109 outinratio 0.0455 

ZH126_4mu_massZ1_massZ2_genbin0_recobin5 acc 0.0448 eff 0.0119 outinratio 0.1045 

ttH126_4mu_massZ1_massZ2_genbin0_recobin5 acc 0.047 eff 0.0113 outinratio 0.1456 

ggH126_4mu_massZ1_massZ2_genbin1_recobin5 acc 0.0367 eff 0.0017 outinratio 0.0519 

VBFH126_4mu_massZ1_massZ2_genbin1_recobin5 acc 0.0417 eff 0.001 outinratio 0.0267 

WminusH126_4mu_massZ1_massZ2_genbin1_recobin5 acc 0.0345 eff 0.0 outinratio 0.119 

WplusH126_4mu_massZ1_massZ2_genbin1_recobin5 acc 0.0277 eff 0.0 outinratio 0.0455 

ZH126_4mu_massZ1_massZ2_genbin1_recobin5 acc 0.0313 eff 0.0017 outinratio 0.1045 

ttH126_4mu_massZ1_massZ2_genbin1_recobin5 acc 0.028 eff 0.0024 outinratio 0.1456 

ggH126_4mu_massZ1_massZ2_genbin2_recobin5 acc 0.0381 eff 0.0 outinratio 0.0519 

VBFH126_4mu_massZ1_massZ2_genbin2_recobin5 acc 0.0424 eff 0.0001 outinratio 0.0267 

WminusH126_4mu_massZ1_massZ2_genbin2_recobin5 acc 0.0306 eff 0.0 outinratio 0.119 

WplusH126_4mu_massZ1_massZ2_genbin2_recobin5 acc 0.0274 eff 0.0 outinratio 0.0455 

ZH126_4mu_massZ1_massZ2_genbin2_recobin5 acc 0.0297 eff 0.002 outinratio 0.1045 

ttH126_4mu_massZ1_massZ2_genbin2_recobin5 acc 0.0292 eff 0.0 outinratio 0.1456 

ggH126_4mu_massZ1_massZ2_genbin3_recobin5 acc 0.0589 eff 0.0 outinratio 0.0519 

VBFH126_4mu_massZ1_massZ2_genbin3_recobin5 acc 0.063 eff 0.0 outinratio 0.0267 

WminusH126_4mu_massZ1_massZ2_genbin3_recobin5 acc 0.059 eff 0.0 outinratio 0.119 

WplusH126_4mu_massZ1_massZ2_genbin3_recobin5 acc 0.0441 eff 0.0 outinratio 0.0455 

ZH126_4mu_massZ1_massZ2_genbin3_recobin5 acc 0.0459 eff 0.0 outinratio 0.1045 

ttH126_4mu_massZ1_massZ2_genbin3_recobin5 acc 0.0494 eff 0.0 outinratio 0.1456 

ggH126_4mu_massZ1_massZ2_genbin4_recobin5 acc 0.1119 eff 0.0102 outinratio 0.0519 

VBFH126_4mu_massZ1_massZ2_genbin4_recobin5 acc 0.1285 eff 0.0107 outinratio 0.0267 

WminusH126_4mu_massZ1_massZ2_genbin4_recobin5 acc 0.111 eff 0.0193 outinratio 0.119 

WplusH126_4mu_massZ1_massZ2_genbin4_recobin5 acc 0.0866 eff 0.0077 outinratio 0.0455 

ZH126_4mu_massZ1_massZ2_genbin4_recobin5 acc 0.1041 eff 0.0124 outinratio 0.1045 

ttH126_4mu_massZ1_massZ2_genbin4_recobin5 acc 0.0901 eff 0.0078 outinratio 0.1456 

ggH126_4mu_massZ1_massZ2_genbin5_recobin5 acc 0.0416 eff 0.6315 outinratio 0.0519 

VBFH126_4mu_massZ1_massZ2_genbin5_recobin5 acc 0.0464 eff 0.6622 outinratio 0.0267 

WminusH126_4mu_massZ1_massZ2_genbin5_recobin5 acc 0.0391 eff 0.7545 outinratio 0.119 

WplusH126_4mu_massZ1_massZ2_genbin5_recobin5 acc 0.0357 eff 0.6486 outinratio 0.0455 

ZH126_4mu_massZ1_massZ2_genbin5_recobin5 acc 0.0329 eff 0.6104 outinratio 0.1045 

ttH126_4mu_massZ1_massZ2_genbin5_recobin5 acc 0.0308 eff 0.6353 outinratio 0.1456 

ggH126_4mu_massZ1_massZ2_genbin6_recobin5 acc 0.0898 eff 0.0253 outinratio 0.0519 

VBFH126_4mu_massZ1_massZ2_genbin6_recobin5 acc 0.0978 eff 0.0279 outinratio 0.0267 

WminusH126_4mu_massZ1_massZ2_genbin6_recobin5 acc 0.075 eff 0.0105 outinratio 0.119 

WplusH126_4mu_massZ1_massZ2_genbin6_recobin5 acc 0.0669 eff 0.0349 outinratio 0.0455 

ZH126_4mu_massZ1_massZ2_genbin6_recobin5 acc 0.0711 eff 0.035 outinratio 0.1045 

ttH126_4mu_massZ1_massZ2_genbin6_recobin5 acc 0.0675 eff 0.0226 outinratio 0.1456 

ggH126_4mu_massZ1_massZ2_genbin0_recobin6 acc 0.0553 eff 0.0015 outinratio 0.0453 

VBFH126_4mu_massZ1_massZ2_genbin0_recobin6 acc 0.0636 eff 0.0006 outinratio 0.0284 

WminusH126_4mu_massZ1_massZ2_genbin0_recobin6 acc 0.0544 eff 0.0 outinratio 0.0547 

WplusH126_4mu_massZ1_massZ2_genbin0_recobin6 acc 0.0434 eff 0.0 outinratio 0.045 

ZH126_4mu_massZ1_massZ2_genbin0_recobin6 acc 0.0448 eff 0.0026 outinratio 0.0812 

ttH126_4mu_massZ1_massZ2_genbin0_recobin6 acc 0.047 eff 0.0008 outinratio 0.1279 

ggH126_4mu_massZ1_massZ2_genbin1_recobin6 acc 0.0367 eff 0.0534 outinratio 0.0453 

VBFH126_4mu_massZ1_massZ2_genbin1_recobin6 acc 0.0417 eff 0.0462 outinratio 0.0284 

WminusH126_4mu_massZ1_massZ2_genbin1_recobin6 acc 0.0345 eff 0.0086 outinratio 0.0547 

WplusH126_4mu_massZ1_massZ2_genbin1_recobin6 acc 0.0277 eff 0.0521 outinratio 0.045 

ZH126_4mu_massZ1_massZ2_genbin1_recobin6 acc 0.0313 eff 0.0523 outinratio 0.0812 

ttH126_4mu_massZ1_massZ2_genbin1_recobin6 acc 0.028 eff 0.0577 outinratio 0.1279 

ggH126_4mu_massZ1_massZ2_genbin2_recobin6 acc 0.0381 eff 0.0271 outinratio 0.0453 

VBFH126_4mu_massZ1_massZ2_genbin2_recobin6 acc 0.0424 eff 0.0256 outinratio 0.0284 

WminusH126_4mu_massZ1_massZ2_genbin2_recobin6 acc 0.0306 eff 0.0414 outinratio 0.0547 

WplusH126_4mu_massZ1_massZ2_genbin2_recobin6 acc 0.0274 eff 0.0456 outinratio 0.045 

ZH126_4mu_massZ1_massZ2_genbin2_recobin6 acc 0.0297 eff 0.0183 outinratio 0.0812 

ttH126_4mu_massZ1_massZ2_genbin2_recobin6 acc 0.0292 eff 0.037 outinratio 0.1279 

ggH126_4mu_massZ1_massZ2_genbin3_recobin6 acc 0.0589 eff 0.0017 outinratio 0.0453 

VBFH126_4mu_massZ1_massZ2_genbin3_recobin6 acc 0.063 eff 0.0 outinratio 0.0284 

WminusH126_4mu_massZ1_massZ2_genbin3_recobin6 acc 0.059 eff 0.0 outinratio 0.0547 

WplusH126_4mu_massZ1_massZ2_genbin3_recobin6 acc 0.0441 eff 0.0012 outinratio 0.045 

ZH126_4mu_massZ1_massZ2_genbin3_recobin6 acc 0.0459 eff 0.0 outinratio 0.0812 

ttH126_4mu_massZ1_massZ2_genbin3_recobin6 acc 0.0494 eff 0.0007 outinratio 0.1279 

ggH126_4mu_massZ1_massZ2_genbin4_recobin6 acc 0.1119 eff 0.0007 outinratio 0.0453 

VBFH126_4mu_massZ1_massZ2_genbin4_recobin6 acc 0.1285 eff 0.0006 outinratio 0.0284 

WminusH126_4mu_massZ1_massZ2_genbin4_recobin6 acc 0.111 eff 0.0 outinratio 0.0547 

WplusH126_4mu_massZ1_massZ2_genbin4_recobin6 acc 0.0866 eff 0.004 outinratio 0.045 

ZH126_4mu_massZ1_massZ2_genbin4_recobin6 acc 0.1041 eff 0.0006 outinratio 0.0812 

ttH126_4mu_massZ1_massZ2_genbin4_recobin6 acc 0.0901 eff 0.0012 outinratio 0.1279 

ggH126_4mu_massZ1_massZ2_genbin5_recobin6 acc 0.0416 eff 0.0264 outinratio 0.0453 

VBFH126_4mu_massZ1_massZ2_genbin5_recobin6 acc 0.0464 eff 0.0282 outinratio 0.0284 

WminusH126_4mu_massZ1_massZ2_genbin5_recobin6 acc 0.0391 eff 0.0562 outinratio 0.0547 

WplusH126_4mu_massZ1_massZ2_genbin5_recobin6 acc 0.0357 eff 0.0291 outinratio 0.045 

ZH126_4mu_massZ1_massZ2_genbin5_recobin6 acc 0.0329 eff 0.0407 outinratio 0.0812 

ttH126_4mu_massZ1_massZ2_genbin5_recobin6 acc 0.0308 eff 0.0232 outinratio 0.1279 

ggH126_4mu_massZ1_massZ2_genbin6_recobin6 acc 0.0898 eff 0.7082 outinratio 0.0453 

VBFH126_4mu_massZ1_massZ2_genbin6_recobin6 acc 0.0978 eff 0.6938 outinratio 0.0284 

WminusH126_4mu_massZ1_massZ2_genbin6_recobin6 acc 0.075 eff 0.6588 outinratio 0.0547 

WplusH126_4mu_massZ1_massZ2_genbin6_recobin6 acc 0.0669 eff 0.6637 outinratio 0.045 

ZH126_4mu_massZ1_massZ2_genbin6_recobin6 acc 0.0711 eff 0.6618 outinratio 0.0812 

ttH126_4mu_massZ1_massZ2_genbin6_recobin6 acc 0.0675 eff 0.6551 outinratio 0.1279 

ggH126_2e2mu_massZ1_massZ2_genbin0_recobin0 acc 0.0476 eff 0.4724 outinratio 0.0632 

VBFH126_2e2mu_massZ1_massZ2_genbin0_recobin0 acc 0.0523 eff 0.4885 outinratio 0.039 

WminusH126_2e2mu_massZ1_massZ2_genbin0_recobin0 acc 0.0355 eff 0.4461 outinratio 0.0669 

WplusH126_2e2mu_massZ1_massZ2_genbin0_recobin0 acc 0.0342 eff 0.4617 outinratio 0.0906 

ZH126_2e2mu_massZ1_massZ2_genbin0_recobin0 acc 0.0395 eff 0.4626 outinratio 0.0808 

ttH126_2e2mu_massZ1_massZ2_genbin0_recobin0 acc 0.0356 eff 0.4686 outinratio 0.1738 

ggH126_2e2mu_massZ1_massZ2_genbin1_recobin0 acc 0.0321 eff 0.0339 outinratio 0.0632 

VBFH126_2e2mu_massZ1_massZ2_genbin1_recobin0 acc 0.0342 eff 0.0359 outinratio 0.039 

WminusH126_2e2mu_massZ1_massZ2_genbin1_recobin0 acc 0.0217 eff 0.0165 outinratio 0.0669 

WplusH126_2e2mu_massZ1_massZ2_genbin1_recobin0 acc 0.0258 eff 0.0415 outinratio 0.0906 

ZH126_2e2mu_massZ1_massZ2_genbin1_recobin0 acc 0.0265 eff 0.0347 outinratio 0.0808 

ttH126_2e2mu_massZ1_massZ2_genbin1_recobin0 acc 0.024 eff 0.0343 outinratio 0.1738 

ggH126_2e2mu_massZ1_massZ2_genbin2_recobin0 acc 0.0307 eff 0.0028 outinratio 0.0632 

VBFH126_2e2mu_massZ1_massZ2_genbin2_recobin0 acc 0.0342 eff 0.0019 outinratio 0.039 

WminusH126_2e2mu_massZ1_massZ2_genbin2_recobin0 acc 0.0272 eff 0.0 outinratio 0.0669 

WplusH126_2e2mu_massZ1_massZ2_genbin2_recobin0 acc 0.023 eff 0.0021 outinratio 0.0906 

ZH126_2e2mu_massZ1_massZ2_genbin2_recobin0 acc 0.0248 eff 0.0039 outinratio 0.0808 

ttH126_2e2mu_massZ1_massZ2_genbin2_recobin0 acc 0.0231 eff 0.0008 outinratio 0.1738 

ggH126_2e2mu_massZ1_massZ2_genbin3_recobin0 acc 0.0463 eff 0.0 outinratio 0.0632 

VBFH126_2e2mu_massZ1_massZ2_genbin3_recobin0 acc 0.049 eff 0.0001 outinratio 0.039 

WminusH126_2e2mu_massZ1_massZ2_genbin3_recobin0 acc 0.0313 eff 0.0 outinratio 0.0669 

WplusH126_2e2mu_massZ1_massZ2_genbin3_recobin0 acc 0.0315 eff 0.0 outinratio 0.0906 

ZH126_2e2mu_massZ1_massZ2_genbin3_recobin0 acc 0.0385 eff 0.0 outinratio 0.0808 

ttH126_2e2mu_massZ1_massZ2_genbin3_recobin0 acc 0.0331 eff 0.0 outinratio 0.1738 

ggH126_2e2mu_massZ1_massZ2_genbin4_recobin0 acc 0.1105 eff 0.0856 outinratio 0.0632 

VBFH126_2e2mu_massZ1_massZ2_genbin4_recobin0 acc 0.1285 eff 0.0828 outinratio 0.039 

WminusH126_2e2mu_massZ1_massZ2_genbin4_recobin0 acc 0.1023 eff 0.0806 outinratio 0.0669 

WplusH126_2e2mu_massZ1_massZ2_genbin4_recobin0 acc 0.0846 eff 0.0699 outinratio 0.0906 

ZH126_2e2mu_massZ1_massZ2_genbin4_recobin0 acc 0.0999 eff 0.0833 outinratio 0.0808 

ttH126_2e2mu_massZ1_massZ2_genbin4_recobin0 acc 0.0919 eff 0.0771 outinratio 0.1738 

ggH126_2e2mu_massZ1_massZ2_genbin5_recobin0 acc 0.0415 eff 0.0872 outinratio 0.0632 

VBFH126_2e2mu_massZ1_massZ2_genbin5_recobin0 acc 0.0483 eff 0.085 outinratio 0.039 

WminusH126_2e2mu_massZ1_massZ2_genbin5_recobin0 acc 0.0426 eff 0.128 outinratio 0.0669 

WplusH126_2e2mu_massZ1_massZ2_genbin5_recobin0 acc 0.0332 eff 0.0719 outinratio 0.0906 

ZH126_2e2mu_massZ1_massZ2_genbin5_recobin0 acc 0.0369 eff 0.0831 outinratio 0.0808 

ttH126_2e2mu_massZ1_massZ2_genbin5_recobin0 acc 0.0335 eff 0.0745 outinratio 0.1738 

ggH126_2e2mu_massZ1_massZ2_genbin6_recobin0 acc 0.0925 eff 0.0075 outinratio 0.0632 

VBFH126_2e2mu_massZ1_massZ2_genbin6_recobin0 acc 0.0991 eff 0.0065 outinratio 0.039 

WminusH126_2e2mu_massZ1_massZ2_genbin6_recobin0 acc 0.0865 eff 0.01 outinratio 0.0669 

WplusH126_2e2mu_massZ1_massZ2_genbin6_recobin0 acc 0.0729 eff 0.0051 outinratio 0.0906 

ZH126_2e2mu_massZ1_massZ2_genbin6_recobin0 acc 0.077 eff 0.0059 outinratio 0.0808 

ttH126_2e2mu_massZ1_massZ2_genbin6_recobin0 acc 0.0703 eff 0.0039 outinratio 0.1738 

ggH126_2e2mu_massZ1_massZ2_genbin0_recobin1 acc 0.0476 eff 0.0077 outinratio 0.0485 

VBFH126_2e2mu_massZ1_massZ2_genbin0_recobin1 acc 0.0523 eff 0.0102 outinratio 0.037 

WminusH126_2e2mu_massZ1_massZ2_genbin0_recobin1 acc 0.0355 eff 0.0 outinratio 0.0465 

WplusH126_2e2mu_massZ1_massZ2_genbin0_recobin1 acc 0.0342 eff 0.012 outinratio 0.0945 

ZH126_2e2mu_massZ1_massZ2_genbin0_recobin1 acc 0.0395 eff 0.01 outinratio 0.0969 

ttH126_2e2mu_massZ1_massZ2_genbin0_recobin1 acc 0.0356 eff 0.0056 outinratio 0.1332 

ggH126_2e2mu_massZ1_massZ2_genbin1_recobin1 acc 0.0321 eff 0.4363 outinratio 0.0485 

VBFH126_2e2mu_massZ1_massZ2_genbin1_recobin1 acc 0.0342 eff 0.4509 outinratio 0.037 

WminusH126_2e2mu_massZ1_massZ2_genbin1_recobin1 acc 0.0217 eff 0.3974 outinratio 0.0465 

WplusH126_2e2mu_massZ1_massZ2_genbin1_recobin1 acc 0.0258 eff 0.3995 outinratio 0.0945 

ZH126_2e2mu_massZ1_massZ2_genbin1_recobin1 acc 0.0265 eff 0.4121 outinratio 0.0969 

ttH126_2e2mu_massZ1_massZ2_genbin1_recobin1 acc 0.024 eff 0.4201 outinratio 0.1332 

ggH126_2e2mu_massZ1_massZ2_genbin2_recobin1 acc 0.0307 eff 0.0589 outinratio 0.0485 

VBFH126_2e2mu_massZ1_massZ2_genbin2_recobin1 acc 0.0342 eff 0.0497 outinratio 0.037 

WminusH126_2e2mu_massZ1_massZ2_genbin2_recobin1 acc 0.0272 eff 0.051 outinratio 0.0465 

WplusH126_2e2mu_massZ1_massZ2_genbin2_recobin1 acc 0.023 eff 0.0356 outinratio 0.0945 

ZH126_2e2mu_massZ1_massZ2_genbin2_recobin1 acc 0.0248 eff 0.0443 outinratio 0.0969 

ttH126_2e2mu_massZ1_massZ2_genbin2_recobin1 acc 0.0231 eff 0.0492 outinratio 0.1332 

ggH126_2e2mu_massZ1_massZ2_genbin3_recobin1 acc 0.0463 eff 0.0016 outinratio 0.0485 

VBFH126_2e2mu_massZ1_massZ2_genbin3_recobin1 acc 0.049 eff 0.0023 outinratio 0.037 

WminusH126_2e2mu_massZ1_massZ2_genbin3_recobin1 acc 0.0313 eff 0.0 outinratio 0.0465 

WplusH126_2e2mu_massZ1_massZ2_genbin3_recobin1 acc 0.0315 eff 0.0015 outinratio 0.0945 

ZH126_2e2mu_massZ1_massZ2_genbin3_recobin1 acc 0.0385 eff 0.0 outinratio 0.0969 

ttH126_2e2mu_massZ1_massZ2_genbin3_recobin1 acc 0.0331 eff 0.0 outinratio 0.1332 

ggH126_2e2mu_massZ1_massZ2_genbin4_recobin1 acc 0.1105 eff 0.0002 outinratio 0.0485 

VBFH126_2e2mu_massZ1_massZ2_genbin4_recobin1 acc 0.1285 eff 0.0 outinratio 0.037 

WminusH126_2e2mu_massZ1_massZ2_genbin4_recobin1 acc 0.1023 eff 0.0 outinratio 0.0465 

WplusH126_2e2mu_massZ1_massZ2_genbin4_recobin1 acc 0.0846 eff 0.0 outinratio 0.0945 

ZH126_2e2mu_massZ1_massZ2_genbin4_recobin1 acc 0.0999 eff -0.0004 outinratio 0.0969 

ttH126_2e2mu_massZ1_massZ2_genbin4_recobin1 acc 0.0919 eff 0.0 outinratio 0.1332 

ggH126_2e2mu_massZ1_massZ2_genbin5_recobin1 acc 0.0415 eff 0.0027 outinratio 0.0485 

VBFH126_2e2mu_massZ1_massZ2_genbin5_recobin1 acc 0.0483 eff 0.0032 outinratio 0.037 

WminusH126_2e2mu_massZ1_massZ2_genbin5_recobin1 acc 0.0426 eff 0.0088 outinratio 0.0465 

WplusH126_2e2mu_massZ1_massZ2_genbin5_recobin1 acc 0.0332 eff 0.0028 outinratio 0.0945 

ZH126_2e2mu_massZ1_massZ2_genbin5_recobin1 acc 0.0369 eff 0.0029 outinratio 0.0969 

ttH126_2e2mu_massZ1_massZ2_genbin5_recobin1 acc 0.0335 eff 0.0021 outinratio 0.1332 

ggH126_2e2mu_massZ1_massZ2_genbin6_recobin1 acc 0.0925 eff 0.0865 outinratio 0.0485 

VBFH126_2e2mu_massZ1_massZ2_genbin6_recobin1 acc 0.0991 eff 0.0817 outinratio 0.037 

WminusH126_2e2mu_massZ1_massZ2_genbin6_recobin1 acc 0.0865 eff 0.0888 outinratio 0.0465 

WplusH126_2e2mu_massZ1_massZ2_genbin6_recobin1 acc 0.0729 eff 0.0844 outinratio 0.0945 

ZH126_2e2mu_massZ1_massZ2_genbin6_recobin1 acc 0.077 eff 0.0749 outinratio 0.0969 

ttH126_2e2mu_massZ1_massZ2_genbin6_recobin1 acc 0.0703 eff 0.0723 outinratio 0.1332 

ggH126_2e2mu_massZ1_massZ2_genbin0_recobin2 acc 0.0476 eff 0.0 outinratio 0.0386 

VBFH126_2e2mu_massZ1_massZ2_genbin0_recobin2 acc 0.0523 eff 0.0005 outinratio 0.0361 

WminusH126_2e2mu_massZ1_massZ2_genbin0_recobin2 acc 0.0355 eff 0.0 outinratio 0.0404 

WplusH126_2e2mu_massZ1_massZ2_genbin0_recobin2 acc 0.0342 eff 0.0018 outinratio 0.1093 

ZH126_2e2mu_massZ1_massZ2_genbin0_recobin2 acc 0.0395 eff 0.0 outinratio 0.0762 

ttH126_2e2mu_massZ1_massZ2_genbin0_recobin2 acc 0.0356 eff 0.0005 outinratio 0.1239 

ggH126_2e2mu_massZ1_massZ2_genbin1_recobin2 acc 0.0321 eff 0.0202 outinratio 0.0386 

VBFH126_2e2mu_massZ1_massZ2_genbin1_recobin2 acc 0.0342 eff 0.023 outinratio 0.0361 

WminusH126_2e2mu_massZ1_massZ2_genbin1_recobin2 acc 0.0217 eff 0.0358 outinratio 0.0404 

WplusH126_2e2mu_massZ1_massZ2_genbin1_recobin2 acc 0.0258 eff 0.0167 outinratio 0.1093 

ZH126_2e2mu_massZ1_massZ2_genbin1_recobin2 acc 0.0265 eff 0.0215 outinratio 0.0762 

ttH126_2e2mu_massZ1_massZ2_genbin1_recobin2 acc 0.024 eff 0.0116 outinratio 0.1239 

ggH126_2e2mu_massZ1_massZ2_genbin2_recobin2 acc 0.0307 eff 0.4337 outinratio 0.0386 

VBFH126_2e2mu_massZ1_massZ2_genbin2_recobin2 acc 0.0342 eff 0.4692 outinratio 0.0361 

WminusH126_2e2mu_massZ1_massZ2_genbin2_recobin2 acc 0.0272 eff 0.5331 outinratio 0.0404 

WplusH126_2e2mu_massZ1_massZ2_genbin2_recobin2 acc 0.023 eff 0.4076 outinratio 0.1093 

ZH126_2e2mu_massZ1_massZ2_genbin2_recobin2 acc 0.0248 eff 0.4616 outinratio 0.0762 

ttH126_2e2mu_massZ1_massZ2_genbin2_recobin2 acc 0.0231 eff 0.4704 outinratio 0.1239 

ggH126_2e2mu_massZ1_massZ2_genbin3_recobin2 acc 0.0463 eff 0.0335 outinratio 0.0386 

VBFH126_2e2mu_massZ1_massZ2_genbin3_recobin2 acc 0.049 eff 0.0308 outinratio 0.0361 

WminusH126_2e2mu_massZ1_massZ2_genbin3_recobin2 acc 0.0313 eff 0.0128 outinratio 0.0404 

WplusH126_2e2mu_massZ1_massZ2_genbin3_recobin2 acc 0.0315 eff 0.028 outinratio 0.1093 

ZH126_2e2mu_massZ1_massZ2_genbin3_recobin2 acc 0.0385 eff 0.037 outinratio 0.0762 

ttH126_2e2mu_massZ1_massZ2_genbin3_recobin2 acc 0.0331 eff 0.0342 outinratio 0.1239 

ggH126_2e2mu_massZ1_massZ2_genbin4_recobin2 acc 0.1105 eff 0.0 outinratio 0.0386 

VBFH126_2e2mu_massZ1_massZ2_genbin4_recobin2 acc 0.1285 eff 0.0 outinratio 0.0361 

WminusH126_2e2mu_massZ1_massZ2_genbin4_recobin2 acc 0.1023 eff 0.0 outinratio 0.0404 

WplusH126_2e2mu_massZ1_massZ2_genbin4_recobin2 acc 0.0846 eff 0.0 outinratio 0.1093 

ZH126_2e2mu_massZ1_massZ2_genbin4_recobin2 acc 0.0999 eff 0.0 outinratio 0.0762 

ttH126_2e2mu_massZ1_massZ2_genbin4_recobin2 acc 0.0919 eff 0.0 outinratio 0.1239 

ggH126_2e2mu_massZ1_massZ2_genbin5_recobin2 acc 0.0415 eff 0.0002 outinratio 0.0386 

VBFH126_2e2mu_massZ1_massZ2_genbin5_recobin2 acc 0.0483 eff 0.0 outinratio 0.0361 

WminusH126_2e2mu_massZ1_massZ2_genbin5_recobin2 acc 0.0426 eff 0.0 outinratio 0.0404 

WplusH126_2e2mu_massZ1_massZ2_genbin5_recobin2 acc 0.0332 eff 0.0 outinratio 0.1093 

ZH126_2e2mu_massZ1_massZ2_genbin5_recobin2 acc 0.0369 eff 0.0 outinratio 0.0762 

ttH126_2e2mu_massZ1_massZ2_genbin5_recobin2 acc 0.0335 eff 0.0 outinratio 0.1239 

ggH126_2e2mu_massZ1_massZ2_genbin6_recobin2 acc 0.0925 eff 0.0161 outinratio 0.0386 

VBFH126_2e2mu_massZ1_massZ2_genbin6_recobin2 acc 0.0991 eff 0.0143 outinratio 0.0361 

WminusH126_2e2mu_massZ1_massZ2_genbin6_recobin2 acc 0.0865 eff 0.0125 outinratio 0.0404 

WplusH126_2e2mu_massZ1_massZ2_genbin6_recobin2 acc 0.0729 eff 0.0135 outinratio 0.1093 

ZH126_2e2mu_massZ1_massZ2_genbin6_recobin2 acc 0.077 eff 0.0172 outinratio 0.0762 

ttH126_2e2mu_massZ1_massZ2_genbin6_recobin2 acc 0.0703 eff 0.0188 outinratio 0.1239 

ggH126_2e2mu_massZ1_massZ2_genbin0_recobin3 acc 0.0476 eff 0.0003 outinratio 0.0415 

VBFH126_2e2mu_massZ1_massZ2_genbin0_recobin3 acc 0.0523 eff 0.0002 outinratio 0.0263 

WminusH126_2e2mu_massZ1_massZ2_genbin0_recobin3 acc 0.0355 eff 0.0 outinratio 0.1685 

WplusH126_2e2mu_massZ1_massZ2_genbin0_recobin3 acc 0.0342 eff 0.0 outinratio 0.0584 

ZH126_2e2mu_massZ1_massZ2_genbin0_recobin3 acc 0.0395 eff 0.0 outinratio 0.0704 

ttH126_2e2mu_massZ1_massZ2_genbin0_recobin3 acc 0.0356 eff 0.0 outinratio 0.1904 

ggH126_2e2mu_massZ1_massZ2_genbin1_recobin3 acc 0.0321 eff 0.0015 outinratio 0.0415 

VBFH126_2e2mu_massZ1_massZ2_genbin1_recobin3 acc 0.0342 eff 0.0008 outinratio 0.0263 

WminusH126_2e2mu_massZ1_massZ2_genbin1_recobin3 acc 0.0217 eff 0.0 outinratio 0.1685 

WplusH126_2e2mu_massZ1_massZ2_genbin1_recobin3 acc 0.0258 eff 0.0045 outinratio 0.0584 

ZH126_2e2mu_massZ1_massZ2_genbin1_recobin3 acc 0.0265 eff 0.0 outinratio 0.0704 

ttH126_2e2mu_massZ1_massZ2_genbin1_recobin3 acc 0.024 eff 0.0019 outinratio 0.1904 

ggH126_2e2mu_massZ1_massZ2_genbin2_recobin3 acc 0.0307 eff 0.0226 outinratio 0.0415 

VBFH126_2e2mu_massZ1_massZ2_genbin2_recobin3 acc 0.0342 eff 0.02 outinratio 0.0263 

WminusH126_2e2mu_massZ1_massZ2_genbin2_recobin3 acc 0.0272 eff 0.0197 outinratio 0.1685 

WplusH126_2e2mu_massZ1_massZ2_genbin2_recobin3 acc 0.023 eff 0.0283 outinratio 0.0584 

ZH126_2e2mu_massZ1_massZ2_genbin2_recobin3 acc 0.0248 eff 0.0173 outinratio 0.0704 

ttH126_2e2mu_massZ1_massZ2_genbin2_recobin3 acc 0.0231 eff 0.0128 outinratio 0.1904 

ggH126_2e2mu_massZ1_massZ2_genbin3_recobin3 acc 0.0463 eff 0.5155 outinratio 0.0415 

VBFH126_2e2mu_massZ1_massZ2_genbin3_recobin3 acc 0.049 eff 0.5528 outinratio 0.0263 

WminusH126_2e2mu_massZ1_massZ2_genbin3_recobin3 acc 0.0313 eff 0.5106 outinratio 0.1685 

WplusH126_2e2mu_massZ1_massZ2_genbin3_recobin3 acc 0.0315 eff 0.4917 outinratio 0.0584 

ZH126_2e2mu_massZ1_massZ2_genbin3_recobin3 acc 0.0385 eff 0.4602 outinratio 0.0704 

ttH126_2e2mu_massZ1_massZ2_genbin3_recobin3 acc 0.0331 eff 0.5271 outinratio 0.1904 

ggH126_2e2mu_massZ1_massZ2_genbin4_recobin3 acc 0.1105 eff 0.0 outinratio 0.0415 

VBFH126_2e2mu_massZ1_massZ2_genbin4_recobin3 acc 0.1285 eff 0.0 outinratio 0.0263 

WminusH126_2e2mu_massZ1_massZ2_genbin4_recobin3 acc 0.1023 eff 0.0 outinratio 0.1685 

WplusH126_2e2mu_massZ1_massZ2_genbin4_recobin3 acc 0.0846 eff 0.0 outinratio 0.0584 

ZH126_2e2mu_massZ1_massZ2_genbin4_recobin3 acc 0.0999 eff 0.0 outinratio 0.0704 

ttH126_2e2mu_massZ1_massZ2_genbin4_recobin3 acc 0.0919 eff 0.0 outinratio 0.1904 

ggH126_2e2mu_massZ1_massZ2_genbin5_recobin3 acc 0.0415 eff 0.0002 outinratio 0.0415 

VBFH126_2e2mu_massZ1_massZ2_genbin5_recobin3 acc 0.0483 eff 0.0 outinratio 0.0263 

WminusH126_2e2mu_massZ1_massZ2_genbin5_recobin3 acc 0.0426 eff 0.0 outinratio 0.1685 

WplusH126_2e2mu_massZ1_massZ2_genbin5_recobin3 acc 0.0332 eff 0.0 outinratio 0.0584 

ZH126_2e2mu_massZ1_massZ2_genbin5_recobin3 acc 0.0369 eff 0.0 outinratio 0.0704 

ttH126_2e2mu_massZ1_massZ2_genbin5_recobin3 acc 0.0335 eff 0.0 outinratio 0.1904 

ggH126_2e2mu_massZ1_massZ2_genbin6_recobin3 acc 0.0925 eff 0.0004 outinratio 0.0415 

VBFH126_2e2mu_massZ1_massZ2_genbin6_recobin3 acc 0.0991 eff 0.0004 outinratio 0.0263 

WminusH126_2e2mu_massZ1_massZ2_genbin6_recobin3 acc 0.0865 eff 0.0 outinratio 0.1685 

WplusH126_2e2mu_massZ1_massZ2_genbin6_recobin3 acc 0.0729 eff 0.0 outinratio 0.0584 

ZH126_2e2mu_massZ1_massZ2_genbin6_recobin3 acc 0.077 eff 0.0 outinratio 0.0704 

ttH126_2e2mu_massZ1_massZ2_genbin6_recobin3 acc 0.0703 eff 0.001 outinratio 0.1904 

ggH126_2e2mu_massZ1_massZ2_genbin0_recobin4 acc 0.0476 eff 0.0276 outinratio 0.0631 

VBFH126_2e2mu_massZ1_massZ2_genbin0_recobin4 acc 0.0523 eff 0.0327 outinratio 0.0404 

WminusH126_2e2mu_massZ1_massZ2_genbin0_recobin4 acc 0.0355 eff 0.0239 outinratio 0.0836 

WplusH126_2e2mu_massZ1_massZ2_genbin0_recobin4 acc 0.0342 eff 0.0206 outinratio 0.0793 

ZH126_2e2mu_massZ1_massZ2_genbin0_recobin4 acc 0.0395 eff 0.0352 outinratio 0.0834 

ttH126_2e2mu_massZ1_massZ2_genbin0_recobin4 acc 0.0356 eff 0.0368 outinratio 0.1695 

ggH126_2e2mu_massZ1_massZ2_genbin1_recobin4 acc 0.0321 eff 0.0005 outinratio 0.0631 

VBFH126_2e2mu_massZ1_massZ2_genbin1_recobin4 acc 0.0342 eff 0.0 outinratio 0.0404 

WminusH126_2e2mu_massZ1_massZ2_genbin1_recobin4 acc 0.0217 eff 0.0 outinratio 0.0836 

WplusH126_2e2mu_massZ1_massZ2_genbin1_recobin4 acc 0.0258 eff 0.0 outinratio 0.0793 

ZH126_2e2mu_massZ1_massZ2_genbin1_recobin4 acc 0.0265 eff 0.0 outinratio 0.0834 

ttH126_2e2mu_massZ1_massZ2_genbin1_recobin4 acc 0.024 eff 0.0 outinratio 0.1695 

ggH126_2e2mu_massZ1_massZ2_genbin2_recobin4 acc 0.0307 eff 0.0 outinratio 0.0631 

VBFH126_2e2mu_massZ1_massZ2_genbin2_recobin4 acc 0.0342 eff 0.0 outinratio 0.0404 

WminusH126_2e2mu_massZ1_massZ2_genbin2_recobin4 acc 0.0272 eff 0.0 outinratio 0.0836 

WplusH126_2e2mu_massZ1_massZ2_genbin2_recobin4 acc 0.023 eff 0.0 outinratio 0.0793 

ZH126_2e2mu_massZ1_massZ2_genbin2_recobin4 acc 0.0248 eff 0.0 outinratio 0.0834 

ttH126_2e2mu_massZ1_massZ2_genbin2_recobin4 acc 0.0231 eff 0.0 outinratio 0.1695 

ggH126_2e2mu_massZ1_massZ2_genbin3_recobin4 acc 0.0463 eff 0.0 outinratio 0.0631 

VBFH126_2e2mu_massZ1_massZ2_genbin3_recobin4 acc 0.049 eff 0.0 outinratio 0.0404 

WminusH126_2e2mu_massZ1_massZ2_genbin3_recobin4 acc 0.0313 eff 0.0 outinratio 0.0836 

WplusH126_2e2mu_massZ1_massZ2_genbin3_recobin4 acc 0.0315 eff 0.0 outinratio 0.0793 

ZH126_2e2mu_massZ1_massZ2_genbin3_recobin4 acc 0.0385 eff 0.0 outinratio 0.0834 

ttH126_2e2mu_massZ1_massZ2_genbin3_recobin4 acc 0.0331 eff 0.0 outinratio 0.1695 

ggH126_2e2mu_massZ1_massZ2_genbin4_recobin4 acc 0.1105 eff 0.4045 outinratio 0.0631 

VBFH126_2e2mu_massZ1_massZ2_genbin4_recobin4 acc 0.1285 eff 0.4336 outinratio 0.0404 

WminusH126_2e2mu_massZ1_massZ2_genbin4_recobin4 acc 0.1023 eff 0.4564 outinratio 0.0836 

WplusH126_2e2mu_massZ1_massZ2_genbin4_recobin4 acc 0.0846 eff 0.4297 outinratio 0.0793 

ZH126_2e2mu_massZ1_massZ2_genbin4_recobin4 acc 0.0999 eff 0.4254 outinratio 0.0834 

ttH126_2e2mu_massZ1_massZ2_genbin4_recobin4 acc 0.0919 eff 0.423 outinratio 0.1695 

ggH126_2e2mu_massZ1_massZ2_genbin5_recobin4 acc 0.0415 eff 0.0598 outinratio 0.0631 

VBFH126_2e2mu_massZ1_massZ2_genbin5_recobin4 acc 0.0483 eff 0.0582 outinratio 0.0404 

WminusH126_2e2mu_massZ1_massZ2_genbin5_recobin4 acc 0.0426 eff 0.0355 outinratio 0.0836 

WplusH126_2e2mu_massZ1_massZ2_genbin5_recobin4 acc 0.0332 eff 0.0592 outinratio 0.0793 

ZH126_2e2mu_massZ1_massZ2_genbin5_recobin4 acc 0.0369 eff 0.0502 outinratio 0.0834 

ttH126_2e2mu_massZ1_massZ2_genbin5_recobin4 acc 0.0335 eff 0.0624 outinratio 0.1695 

ggH126_2e2mu_massZ1_massZ2_genbin6_recobin4 acc 0.0925 eff 0.0055 outinratio 0.0631 

VBFH126_2e2mu_massZ1_massZ2_genbin6_recobin4 acc 0.0991 eff 0.0044 outinratio 0.0404 

WminusH126_2e2mu_massZ1_massZ2_genbin6_recobin4 acc 0.0865 eff 0.0055 outinratio 0.0836 

WplusH126_2e2mu_massZ1_massZ2_genbin6_recobin4 acc 0.0729 eff 0.0073 outinratio 0.0793 

ZH126_2e2mu_massZ1_massZ2_genbin6_recobin4 acc 0.077 eff 0.0061 outinratio 0.0834 

ttH126_2e2mu_massZ1_massZ2_genbin6_recobin4 acc 0.0703 eff 0.0022 outinratio 0.1695 

ggH126_2e2mu_massZ1_massZ2_genbin0_recobin5 acc 0.0476 eff 0.0132 outinratio 0.0611 

VBFH126_2e2mu_massZ1_massZ2_genbin0_recobin5 acc 0.0523 eff 0.01 outinratio 0.0376 

WminusH126_2e2mu_massZ1_massZ2_genbin0_recobin5 acc 0.0355 eff 0.0413 outinratio 0.0838 

WplusH126_2e2mu_massZ1_massZ2_genbin0_recobin5 acc 0.0342 eff 0.0134 outinratio 0.0485 

ZH126_2e2mu_massZ1_massZ2_genbin0_recobin5 acc 0.0395 eff 0.0102 outinratio 0.0805 

ttH126_2e2mu_massZ1_massZ2_genbin0_recobin5 acc 0.0356 eff 0.0079 outinratio 0.1595 

ggH126_2e2mu_massZ1_massZ2_genbin1_recobin5 acc 0.0321 eff 0.0043 outinratio 0.0611 

VBFH126_2e2mu_massZ1_massZ2_genbin1_recobin5 acc 0.0342 eff 0.004 outinratio 0.0376 

WminusH126_2e2mu_massZ1_massZ2_genbin1_recobin5 acc 0.0217 eff 0.0 outinratio 0.0838 

WplusH126_2e2mu_massZ1_massZ2_genbin1_recobin5 acc 0.0258 eff 0.0016 outinratio 0.0485 

ZH126_2e2mu_massZ1_massZ2_genbin1_recobin5 acc 0.0265 eff 0.0019 outinratio 0.0805 

ttH126_2e2mu_massZ1_massZ2_genbin1_recobin5 acc 0.024 eff 0.0015 outinratio 0.1595 

ggH126_2e2mu_massZ1_massZ2_genbin2_recobin5 acc 0.0307 eff 0.0 outinratio 0.0611 

VBFH126_2e2mu_massZ1_massZ2_genbin2_recobin5 acc 0.0342 eff 0.0 outinratio 0.0376 

WminusH126_2e2mu_massZ1_massZ2_genbin2_recobin5 acc 0.0272 eff 0.0 outinratio 0.0838 

WplusH126_2e2mu_massZ1_massZ2_genbin2_recobin5 acc 0.023 eff 0.0 outinratio 0.0485 

ZH126_2e2mu_massZ1_massZ2_genbin2_recobin5 acc 0.0248 eff 0.0 outinratio 0.0805 

ttH126_2e2mu_massZ1_massZ2_genbin2_recobin5 acc 0.0231 eff 0.0 outinratio 0.1595 

ggH126_2e2mu_massZ1_massZ2_genbin3_recobin5 acc 0.0463 eff 0.0 outinratio 0.0611 

VBFH126_2e2mu_massZ1_massZ2_genbin3_recobin5 acc 0.049 eff 0.0 outinratio 0.0376 

WminusH126_2e2mu_massZ1_massZ2_genbin3_recobin5 acc 0.0313 eff 0.0 outinratio 0.0838 

WplusH126_2e2mu_massZ1_massZ2_genbin3_recobin5 acc 0.0315 eff 0.0 outinratio 0.0485 

ZH126_2e2mu_massZ1_massZ2_genbin3_recobin5 acc 0.0385 eff 0.0 outinratio 0.0805 

ttH126_2e2mu_massZ1_massZ2_genbin3_recobin5 acc 0.0331 eff 0.0 outinratio 0.1595 

ggH126_2e2mu_massZ1_massZ2_genbin4_recobin5 acc 0.1105 eff 0.0087 outinratio 0.0611 

VBFH126_2e2mu_massZ1_massZ2_genbin4_recobin5 acc 0.1285 eff 0.0082 outinratio 0.0376 

WminusH126_2e2mu_massZ1_massZ2_genbin4_recobin5 acc 0.1023 eff 0.0208 outinratio 0.0838 

WplusH126_2e2mu_massZ1_massZ2_genbin4_recobin5 acc 0.0846 eff 0.0084 outinratio 0.0485 

ZH126_2e2mu_massZ1_massZ2_genbin4_recobin5 acc 0.0999 eff 0.0078 outinratio 0.0805 

ttH126_2e2mu_massZ1_massZ2_genbin4_recobin5 acc 0.0919 eff 0.0096 outinratio 0.1595 

ggH126_2e2mu_massZ1_massZ2_genbin5_recobin5 acc 0.0415 eff 0.324 outinratio 0.0611 

VBFH126_2e2mu_massZ1_massZ2_genbin5_recobin5 acc 0.0483 eff 0.3499 outinratio 0.0376 

WminusH126_2e2mu_massZ1_massZ2_genbin5_recobin5 acc 0.0426 eff 0.2876 outinratio 0.0838 

WplusH126_2e2mu_massZ1_massZ2_genbin5_recobin5 acc 0.0332 eff 0.3336 outinratio 0.0485 

ZH126_2e2mu_massZ1_massZ2_genbin5_recobin5 acc 0.0369 eff 0.3385 outinratio 0.0805 

ttH126_2e2mu_massZ1_massZ2_genbin5_recobin5 acc 0.0335 eff 0.3523 outinratio 0.1595 

ggH126_2e2mu_massZ1_massZ2_genbin6_recobin5 acc 0.0925 eff 0.0351 outinratio 0.0611 

VBFH126_2e2mu_massZ1_massZ2_genbin6_recobin5 acc 0.0991 eff 0.0276 outinratio 0.0376 

WminusH126_2e2mu_massZ1_massZ2_genbin6_recobin5 acc 0.0865 eff 0.0313 outinratio 0.0838 

WplusH126_2e2mu_massZ1_massZ2_genbin6_recobin5 acc 0.0729 eff 0.0294 outinratio 0.0485 

ZH126_2e2mu_massZ1_massZ2_genbin6_recobin5 acc 0.077 eff 0.0312 outinratio 0.0805 

ttH126_2e2mu_massZ1_massZ2_genbin6_recobin5 acc 0.0703 eff 0.0322 outinratio 0.1595 

ggH126_2e2mu_massZ1_massZ2_genbin0_recobin6 acc 0.0476 eff 0.0013 outinratio 0.0476 

VBFH126_2e2mu_massZ1_massZ2_genbin0_recobin6 acc 0.0523 eff 0.0006 outinratio 0.0366 

WminusH126_2e2mu_massZ1_massZ2_genbin0_recobin6 acc 0.0355 eff 0.0 outinratio 0.0851 

WplusH126_2e2mu_massZ1_massZ2_genbin0_recobin6 acc 0.0342 eff 0.0027 outinratio 0.0707 

ZH126_2e2mu_massZ1_massZ2_genbin0_recobin6 acc 0.0395 eff 0.0007 outinratio 0.0796 

ttH126_2e2mu_massZ1_massZ2_genbin0_recobin6 acc 0.0356 eff 0.0 outinratio 0.1625 

ggH126_2e2mu_massZ1_massZ2_genbin1_recobin6 acc 0.0321 eff 0.0344 outinratio 0.0476 

VBFH126_2e2mu_massZ1_massZ2_genbin1_recobin6 acc 0.0342 eff 0.0392 outinratio 0.0366 

WminusH126_2e2mu_massZ1_massZ2_genbin1_recobin6 acc 0.0217 eff 0.0 outinratio 0.0851 

WplusH126_2e2mu_massZ1_massZ2_genbin1_recobin6 acc 0.0258 eff 0.0473 outinratio 0.0707 

ZH126_2e2mu_massZ1_massZ2_genbin1_recobin6 acc 0.0265 eff 0.0408 outinratio 0.0796 

ttH126_2e2mu_massZ1_massZ2_genbin1_recobin6 acc 0.024 eff 0.043 outinratio 0.1625 

ggH126_2e2mu_massZ1_massZ2_genbin2_recobin6 acc 0.0307 eff 0.0223 outinratio 0.0476 

VBFH126_2e2mu_massZ1_massZ2_genbin2_recobin6 acc 0.0342 eff 0.0241 outinratio 0.0366 

WminusH126_2e2mu_massZ1_massZ2_genbin2_recobin6 acc 0.0272 eff 0.0 outinratio 0.0851 

WplusH126_2e2mu_massZ1_massZ2_genbin2_recobin6 acc 0.023 eff 0.0356 outinratio 0.0707 

ZH126_2e2mu_massZ1_massZ2_genbin2_recobin6 acc 0.0248 eff 0.0169 outinratio 0.0796 

ttH126_2e2mu_massZ1_massZ2_genbin2_recobin6 acc 0.0231 eff 0.0258 outinratio 0.1625 

ggH126_2e2mu_massZ1_massZ2_genbin3_recobin6 acc 0.0463 eff 0.0002 outinratio 0.0476 

VBFH126_2e2mu_massZ1_massZ2_genbin3_recobin6 acc 0.049 eff 0.0002 outinratio 0.0366 

WminusH126_2e2mu_massZ1_massZ2_genbin3_recobin6 acc 0.0313 eff 0.0 outinratio 0.0851 

WplusH126_2e2mu_massZ1_massZ2_genbin3_recobin6 acc 0.0315 eff 0.0 outinratio 0.0707 

ZH126_2e2mu_massZ1_massZ2_genbin3_recobin6 acc 0.0385 eff 0.0006 outinratio 0.0796 

ttH126_2e2mu_massZ1_massZ2_genbin3_recobin6 acc 0.0331 eff 0.0 outinratio 0.1625 

ggH126_2e2mu_massZ1_massZ2_genbin4_recobin6 acc 0.1105 eff 0.0004 outinratio 0.0476 

VBFH126_2e2mu_massZ1_massZ2_genbin4_recobin6 acc 0.1285 eff 0.0002 outinratio 0.0366 

WminusH126_2e2mu_massZ1_massZ2_genbin4_recobin6 acc 0.1023 eff 0.0 outinratio 0.0851 

WplusH126_2e2mu_massZ1_massZ2_genbin4_recobin6 acc 0.0846 eff 0.0005 outinratio 0.0707 

ZH126_2e2mu_massZ1_massZ2_genbin4_recobin6 acc 0.0999 eff 0.0001 outinratio 0.0796 

ttH126_2e2mu_massZ1_massZ2_genbin4_recobin6 acc 0.0919 eff 0.0012 outinratio 0.1625 

ggH126_2e2mu_massZ1_massZ2_genbin5_recobin6 acc 0.0415 eff 0.0281 outinratio 0.0476 

VBFH126_2e2mu_massZ1_massZ2_genbin5_recobin6 acc 0.0483 eff 0.0256 outinratio 0.0366 

WminusH126_2e2mu_massZ1_massZ2_genbin5_recobin6 acc 0.0426 eff 0.0365 outinratio 0.0851 

WplusH126_2e2mu_massZ1_massZ2_genbin5_recobin6 acc 0.0332 eff 0.0382 outinratio 0.0707 

ZH126_2e2mu_massZ1_massZ2_genbin5_recobin6 acc 0.0369 eff 0.0204 outinratio 0.0796 

ttH126_2e2mu_massZ1_massZ2_genbin5_recobin6 acc 0.0335 eff 0.0308 outinratio 0.1625 

ggH126_2e2mu_massZ1_massZ2_genbin6_recobin6 acc 0.0925 eff 0.3684 outinratio 0.0476 

VBFH126_2e2mu_massZ1_massZ2_genbin6_recobin6 acc 0.0991 eff 0.399 outinratio 0.0366 

WminusH126_2e2mu_massZ1_massZ2_genbin6_recobin6 acc 0.0865 eff 0.3593 outinratio 0.0851 

WplusH126_2e2mu_massZ1_massZ2_genbin6_recobin6 acc 0.0729 eff 0.3598 outinratio 0.0707 

ZH126_2e2mu_massZ1_massZ2_genbin6_recobin6 acc 0.077 eff 0.4138 outinratio 0.0796 

ttH126_2e2mu_massZ1_massZ2_genbin6_recobin6 acc 0.0703 eff 0.3874 outinratio 0.1625 

Coeff fullNNLOPS
