Welcome in RunCoefficients!
OPT SPLIT
DEBUG opt.YEAR = 2024_10
It is a single-differential measurement, binning [-1.0, -0.75, -0.5, -0.25, 0.0, 0.25, 0.5, 0.75, 1.0]
costheta2
Following observables extracted from dictionary: RECO =  costheta2  GEN =  GENcostheta2
LUMI: 10.882200000000001
ttH126 0.00046886125
Processing ggH126 2024_10
Signal created
Signal failed created
Processing VBFH126 2024_10
Signal created
Signal failed created
Processing WminusH126 2024_10
Signal created
Signal failed created
Processing WplusH126 2024_10
Signal created
Signal failed created
Processing ZH126 2024_10
Signal created
Signal failed created
Processing ttH126 2024_10
Signal created
Signal failed created
2024_10 SKIMMED df CREATED
2024_10 ggH126
2024_10 VBFH126
2024_10 WminusH126
2024_10 WplusH126
2024_10 ZH126
2024_10 ttH126
Dataframes created successfully
Coeff std
ggH126_4l_costhetaZ2_genbin0_recobin0 acc 0.0268 eff 0.5405 outinratio 0.076 

VBFH126_4l_costhetaZ2_genbin0_recobin0 acc 0.0357 eff 0.532 outinratio 0.0311 

WminusH126_4l_costhetaZ2_genbin0_recobin0 acc 0.0275 eff 0.5037 outinratio 0.0986 

WplusH126_4l_costhetaZ2_genbin0_recobin0 acc 0.0256 eff 0.5007 outinratio 0.0822 

ZH126_4l_costhetaZ2_genbin0_recobin0 acc 0.0252 eff 0.4878 outinratio 0.1061 

ttH126_4l_costhetaZ2_genbin0_recobin0 acc 0.0257 eff 0.5038 outinratio 0.2044 

ggH126_4l_costhetaZ2_genbin1_recobin0 acc 0.0474 eff 0.0182 outinratio 0.076 

VBFH126_4l_costhetaZ2_genbin1_recobin0 acc 0.0523 eff 0.0224 outinratio 0.0311 

WminusH126_4l_costhetaZ2_genbin1_recobin0 acc 0.0415 eff 0.017 outinratio 0.0986 

WplusH126_4l_costhetaZ2_genbin1_recobin0 acc 0.0337 eff 0.0201 outinratio 0.0822 

ZH126_4l_costhetaZ2_genbin1_recobin0 acc 0.0377 eff 0.0159 outinratio 0.1061 

ttH126_4l_costhetaZ2_genbin1_recobin0 acc 0.0375 eff 0.0185 outinratio 0.2044 

ggH126_4l_costhetaZ2_genbin2_recobin0 acc 0.0615 eff 0.0 outinratio 0.076 

VBFH126_4l_costhetaZ2_genbin2_recobin0 acc 0.0643 eff 0.0015 outinratio 0.0311 

WminusH126_4l_costhetaZ2_genbin2_recobin0 acc 0.0509 eff 0.0003 outinratio 0.0986 

WplusH126_4l_costhetaZ2_genbin2_recobin0 acc 0.0489 eff 0.0 outinratio 0.0822 

ZH126_4l_costhetaZ2_genbin2_recobin0 acc 0.0515 eff 0.0005 outinratio 0.1061 

ttH126_4l_costhetaZ2_genbin2_recobin0 acc 0.0468 eff 0.0012 outinratio 0.2044 

ggH126_4l_costhetaZ2_genbin3_recobin0 acc 0.0664 eff 0.0 outinratio 0.076 

VBFH126_4l_costhetaZ2_genbin3_recobin0 acc 0.071 eff 0.0 outinratio 0.0311 

WminusH126_4l_costhetaZ2_genbin3_recobin0 acc 0.0578 eff 0.0002 outinratio 0.0986 

WplusH126_4l_costhetaZ2_genbin3_recobin0 acc 0.0539 eff 0.0 outinratio 0.0822 

ZH126_4l_costhetaZ2_genbin3_recobin0 acc 0.0571 eff 0.0011 outinratio 0.1061 

ttH126_4l_costhetaZ2_genbin3_recobin0 acc 0.0509 eff 0.0 outinratio 0.2044 

ggH126_4l_costhetaZ2_genbin4_recobin0 acc 0.0679 eff 0.0 outinratio 0.076 

VBFH126_4l_costhetaZ2_genbin4_recobin0 acc 0.0731 eff 0.0006 outinratio 0.0311 

WminusH126_4l_costhetaZ2_genbin4_recobin0 acc 0.0567 eff 0.0 outinratio 0.0986 

WplusH126_4l_costhetaZ2_genbin4_recobin0 acc 0.0493 eff 0.0 outinratio 0.0822 

ZH126_4l_costhetaZ2_genbin4_recobin0 acc 0.0555 eff 0.0 outinratio 0.1061 

ttH126_4l_costhetaZ2_genbin4_recobin0 acc 0.0501 eff 0.0002 outinratio 0.2044 

ggH126_4l_costhetaZ2_genbin5_recobin0 acc 0.0598 eff 0.0 outinratio 0.076 

VBFH126_4l_costhetaZ2_genbin5_recobin0 acc 0.0667 eff 0.0 outinratio 0.0311 

WminusH126_4l_costhetaZ2_genbin5_recobin0 acc 0.0502 eff 0.0004 outinratio 0.0986 

WplusH126_4l_costhetaZ2_genbin5_recobin0 acc 0.0436 eff 0.0 outinratio 0.0822 

ZH126_4l_costhetaZ2_genbin5_recobin0 acc 0.0532 eff 0.0 outinratio 0.1061 

ttH126_4l_costhetaZ2_genbin5_recobin0 acc 0.0454 eff 0.0 outinratio 0.2044 

ggH126_4l_costhetaZ2_genbin6_recobin0 acc 0.0473 eff 0.0 outinratio 0.076 

VBFH126_4l_costhetaZ2_genbin6_recobin0 acc 0.0532 eff 0.0 outinratio 0.0311 

WminusH126_4l_costhetaZ2_genbin6_recobin0 acc 0.0412 eff 0.0 outinratio 0.0986 

WplusH126_4l_costhetaZ2_genbin6_recobin0 acc 0.0366 eff 0.0 outinratio 0.0822 

ZH126_4l_costhetaZ2_genbin6_recobin0 acc 0.0398 eff 0.0 outinratio 0.1061 

ttH126_4l_costhetaZ2_genbin6_recobin0 acc 0.0379 eff 0.0 outinratio 0.2044 

ggH126_4l_costhetaZ2_genbin7_recobin0 acc 0.0295 eff 0.0028 outinratio 0.076 

VBFH126_4l_costhetaZ2_genbin7_recobin0 acc 0.0337 eff 0.0 outinratio 0.0311 

WminusH126_4l_costhetaZ2_genbin7_recobin0 acc 0.0265 eff 0.0004 outinratio 0.0986 

WplusH126_4l_costhetaZ2_genbin7_recobin0 acc 0.023 eff 0.0 outinratio 0.0822 

ZH126_4l_costhetaZ2_genbin7_recobin0 acc 0.0261 eff 0.0 outinratio 0.1061 

ttH126_4l_costhetaZ2_genbin7_recobin0 acc 0.0246 eff 0.0 outinratio 0.2044 

ggH126_4l_costhetaZ2_genbin0_recobin1 acc 0.0268 eff 0.0181 outinratio 0.0404 

VBFH126_4l_costhetaZ2_genbin0_recobin1 acc 0.0357 eff 0.02 outinratio 0.038 

WminusH126_4l_costhetaZ2_genbin0_recobin1 acc 0.0275 eff 0.0222 outinratio 0.0786 

WplusH126_4l_costhetaZ2_genbin0_recobin1 acc 0.0256 eff 0.0272 outinratio 0.0453 

ZH126_4l_costhetaZ2_genbin0_recobin1 acc 0.0252 eff 0.0119 outinratio 0.0807 

ttH126_4l_costhetaZ2_genbin0_recobin1 acc 0.0257 eff 0.0267 outinratio 0.1705 

ggH126_4l_costhetaZ2_genbin1_recobin1 acc 0.0474 eff 0.5168 outinratio 0.0404 

VBFH126_4l_costhetaZ2_genbin1_recobin1 acc 0.0523 eff 0.5156 outinratio 0.038 

WminusH126_4l_costhetaZ2_genbin1_recobin1 acc 0.0415 eff 0.4922 outinratio 0.0786 

WplusH126_4l_costhetaZ2_genbin1_recobin1 acc 0.0337 eff 0.5366 outinratio 0.0453 

ZH126_4l_costhetaZ2_genbin1_recobin1 acc 0.0377 eff 0.5038 outinratio 0.0807 

ttH126_4l_costhetaZ2_genbin1_recobin1 acc 0.0375 eff 0.4872 outinratio 0.1705 

ggH126_4l_costhetaZ2_genbin2_recobin1 acc 0.0615 eff 0.0275 outinratio 0.0404 

VBFH126_4l_costhetaZ2_genbin2_recobin1 acc 0.0643 eff 0.0311 outinratio 0.038 

WminusH126_4l_costhetaZ2_genbin2_recobin1 acc 0.0509 eff 0.0305 outinratio 0.0786 

WplusH126_4l_costhetaZ2_genbin2_recobin1 acc 0.0489 eff 0.0225 outinratio 0.0453 

ZH126_4l_costhetaZ2_genbin2_recobin1 acc 0.0515 eff 0.0254 outinratio 0.0807 

ttH126_4l_costhetaZ2_genbin2_recobin1 acc 0.0468 eff 0.0276 outinratio 0.1705 

ggH126_4l_costhetaZ2_genbin3_recobin1 acc 0.0664 eff 0.0028 outinratio 0.0404 

VBFH126_4l_costhetaZ2_genbin3_recobin1 acc 0.071 eff 0.0043 outinratio 0.038 

WminusH126_4l_costhetaZ2_genbin3_recobin1 acc 0.0578 eff 0.0006 outinratio 0.0786 

WplusH126_4l_costhetaZ2_genbin3_recobin1 acc 0.0539 eff 0.0027 outinratio 0.0453 

ZH126_4l_costhetaZ2_genbin3_recobin1 acc 0.0571 eff 0.0004 outinratio 0.0807 

ttH126_4l_costhetaZ2_genbin3_recobin1 acc 0.0509 eff 0.0022 outinratio 0.1705 

ggH126_4l_costhetaZ2_genbin4_recobin1 acc 0.0679 eff 0.0012 outinratio 0.0404 

VBFH126_4l_costhetaZ2_genbin4_recobin1 acc 0.0731 eff 0.0009 outinratio 0.038 

WminusH126_4l_costhetaZ2_genbin4_recobin1 acc 0.0567 eff 0.0008 outinratio 0.0786 

WplusH126_4l_costhetaZ2_genbin4_recobin1 acc 0.0493 eff 0.0 outinratio 0.0453 

ZH126_4l_costhetaZ2_genbin4_recobin1 acc 0.0555 eff 0.0 outinratio 0.0807 

ttH126_4l_costhetaZ2_genbin4_recobin1 acc 0.0501 eff 0.0 outinratio 0.1705 

ggH126_4l_costhetaZ2_genbin5_recobin1 acc 0.0598 eff 0.0 outinratio 0.0404 

VBFH126_4l_costhetaZ2_genbin5_recobin1 acc 0.0667 eff 0.0 outinratio 0.038 

WminusH126_4l_costhetaZ2_genbin5_recobin1 acc 0.0502 eff 0.0 outinratio 0.0786 

WplusH126_4l_costhetaZ2_genbin5_recobin1 acc 0.0436 eff 0.0 outinratio 0.0453 

ZH126_4l_costhetaZ2_genbin5_recobin1 acc 0.0532 eff 0.0 outinratio 0.0807 

ttH126_4l_costhetaZ2_genbin5_recobin1 acc 0.0454 eff 0.0001 outinratio 0.1705 

ggH126_4l_costhetaZ2_genbin6_recobin1 acc 0.0473 eff 0.0 outinratio 0.0404 

VBFH126_4l_costhetaZ2_genbin6_recobin1 acc 0.0532 eff 0.0 outinratio 0.038 

WminusH126_4l_costhetaZ2_genbin6_recobin1 acc 0.0412 eff 0.0003 outinratio 0.0786 

WplusH126_4l_costhetaZ2_genbin6_recobin1 acc 0.0366 eff 0.0 outinratio 0.0453 

ZH126_4l_costhetaZ2_genbin6_recobin1 acc 0.0398 eff 0.0 outinratio 0.0807 

ttH126_4l_costhetaZ2_genbin6_recobin1 acc 0.0379 eff 0.0 outinratio 0.1705 

ggH126_4l_costhetaZ2_genbin7_recobin1 acc 0.0295 eff 0.0 outinratio 0.0404 

VBFH126_4l_costhetaZ2_genbin7_recobin1 acc 0.0337 eff 0.0 outinratio 0.038 

WminusH126_4l_costhetaZ2_genbin7_recobin1 acc 0.0265 eff 0.0003 outinratio 0.0786 

WplusH126_4l_costhetaZ2_genbin7_recobin1 acc 0.023 eff 0.0 outinratio 0.0453 

ZH126_4l_costhetaZ2_genbin7_recobin1 acc 0.0261 eff 0.0 outinratio 0.0807 

ttH126_4l_costhetaZ2_genbin7_recobin1 acc 0.0246 eff 0.0 outinratio 0.1705 

ggH126_4l_costhetaZ2_genbin0_recobin2 acc 0.0268 eff 0.0 outinratio 0.0504 

VBFH126_4l_costhetaZ2_genbin0_recobin2 acc 0.0357 eff 0.0004 outinratio 0.0327 

WminusH126_4l_costhetaZ2_genbin0_recobin2 acc 0.0275 eff 0.0024 outinratio 0.0698 

WplusH126_4l_costhetaZ2_genbin0_recobin2 acc 0.0256 eff 0.0 outinratio 0.0598 

ZH126_4l_costhetaZ2_genbin0_recobin2 acc 0.0252 eff 0.001 outinratio 0.0793 

ttH126_4l_costhetaZ2_genbin0_recobin2 acc 0.0257 eff 0.0002 outinratio 0.1775 

ggH126_4l_costhetaZ2_genbin1_recobin2 acc 0.0474 eff 0.0318 outinratio 0.0504 

VBFH126_4l_costhetaZ2_genbin1_recobin2 acc 0.0523 eff 0.0283 outinratio 0.0327 

WminusH126_4l_costhetaZ2_genbin1_recobin2 acc 0.0415 eff 0.0349 outinratio 0.0698 

WplusH126_4l_costhetaZ2_genbin1_recobin2 acc 0.0337 eff 0.0333 outinratio 0.0598 

ZH126_4l_costhetaZ2_genbin1_recobin2 acc 0.0377 eff 0.018 outinratio 0.0793 

ttH126_4l_costhetaZ2_genbin1_recobin2 acc 0.0375 eff 0.0297 outinratio 0.1775 

ggH126_4l_costhetaZ2_genbin2_recobin2 acc 0.0615 eff 0.4897 outinratio 0.0504 

VBFH126_4l_costhetaZ2_genbin2_recobin2 acc 0.0643 eff 0.4768 outinratio 0.0327 

WminusH126_4l_costhetaZ2_genbin2_recobin2 acc 0.0509 eff 0.4851 outinratio 0.0698 

WplusH126_4l_costhetaZ2_genbin2_recobin2 acc 0.0489 eff 0.4498 outinratio 0.0598 

ZH126_4l_costhetaZ2_genbin2_recobin2 acc 0.0515 eff 0.4638 outinratio 0.0793 

ttH126_4l_costhetaZ2_genbin2_recobin2 acc 0.0468 eff 0.4963 outinratio 0.1775 

ggH126_4l_costhetaZ2_genbin3_recobin2 acc 0.0664 eff 0.03 outinratio 0.0504 

VBFH126_4l_costhetaZ2_genbin3_recobin2 acc 0.071 eff 0.0402 outinratio 0.0327 

WminusH126_4l_costhetaZ2_genbin3_recobin2 acc 0.0578 eff 0.0359 outinratio 0.0698 

WplusH126_4l_costhetaZ2_genbin3_recobin2 acc 0.0539 eff 0.0369 outinratio 0.0598 

ZH126_4l_costhetaZ2_genbin3_recobin2 acc 0.0571 eff 0.0264 outinratio 0.0793 

ttH126_4l_costhetaZ2_genbin3_recobin2 acc 0.0509 eff 0.0338 outinratio 0.1775 

ggH126_4l_costhetaZ2_genbin4_recobin2 acc 0.0679 eff 0.0028 outinratio 0.0504 

VBFH126_4l_costhetaZ2_genbin4_recobin2 acc 0.0731 eff 0.0012 outinratio 0.0327 

WminusH126_4l_costhetaZ2_genbin4_recobin2 acc 0.0567 eff 0.0024 outinratio 0.0698 

WplusH126_4l_costhetaZ2_genbin4_recobin2 acc 0.0493 eff 0.0072 outinratio 0.0598 

ZH126_4l_costhetaZ2_genbin4_recobin2 acc 0.0555 eff 0.0013 outinratio 0.0793 

ttH126_4l_costhetaZ2_genbin4_recobin2 acc 0.0501 eff -0.0002 outinratio 0.1775 

ggH126_4l_costhetaZ2_genbin5_recobin2 acc 0.0598 eff 0.0003 outinratio 0.0504 

VBFH126_4l_costhetaZ2_genbin5_recobin2 acc 0.0667 eff 0.0006 outinratio 0.0327 

WminusH126_4l_costhetaZ2_genbin5_recobin2 acc 0.0502 eff 0.0013 outinratio 0.0698 

WplusH126_4l_costhetaZ2_genbin5_recobin2 acc 0.0436 eff 0.0018 outinratio 0.0598 

ZH126_4l_costhetaZ2_genbin5_recobin2 acc 0.0532 eff 0.001 outinratio 0.0793 

ttH126_4l_costhetaZ2_genbin5_recobin2 acc 0.0454 eff 0.0 outinratio 0.1775 

ggH126_4l_costhetaZ2_genbin6_recobin2 acc 0.0473 eff 0.0 outinratio 0.0504 

VBFH126_4l_costhetaZ2_genbin6_recobin2 acc 0.0532 eff 0.0005 outinratio 0.0327 

WminusH126_4l_costhetaZ2_genbin6_recobin2 acc 0.0412 eff 0.0008 outinratio 0.0698 

WplusH126_4l_costhetaZ2_genbin6_recobin2 acc 0.0366 eff 0.0 outinratio 0.0598 

ZH126_4l_costhetaZ2_genbin6_recobin2 acc 0.0398 eff 0.0007 outinratio 0.0793 

ttH126_4l_costhetaZ2_genbin6_recobin2 acc 0.0379 eff 0.0 outinratio 0.1775 

ggH126_4l_costhetaZ2_genbin7_recobin2 acc 0.0295 eff 0.0 outinratio 0.0504 

VBFH126_4l_costhetaZ2_genbin7_recobin2 acc 0.0337 eff 0.0 outinratio 0.0327 

WminusH126_4l_costhetaZ2_genbin7_recobin2 acc 0.0265 eff 0.0 outinratio 0.0698 

WplusH126_4l_costhetaZ2_genbin7_recobin2 acc 0.023 eff 0.0 outinratio 0.0598 

ZH126_4l_costhetaZ2_genbin7_recobin2 acc 0.0261 eff 0.0 outinratio 0.0793 

ttH126_4l_costhetaZ2_genbin7_recobin2 acc 0.0246 eff 0.0 outinratio 0.1775 

ggH126_4l_costhetaZ2_genbin0_recobin3 acc 0.0268 eff 0.0004 outinratio 0.0483 

VBFH126_4l_costhetaZ2_genbin0_recobin3 acc 0.0357 eff 0.0007 outinratio 0.0295 

WminusH126_4l_costhetaZ2_genbin0_recobin3 acc 0.0275 eff 0.0018 outinratio 0.0659 

WplusH126_4l_costhetaZ2_genbin0_recobin3 acc 0.0256 eff 0.005 outinratio 0.0702 

ZH126_4l_costhetaZ2_genbin0_recobin3 acc 0.0252 eff 0.0 outinratio 0.0618 

ttH126_4l_costhetaZ2_genbin0_recobin3 acc 0.0257 eff 0.001 outinratio 0.1599 

ggH126_4l_costhetaZ2_genbin1_recobin3 acc 0.0474 eff 0.0005 outinratio 0.0483 

VBFH126_4l_costhetaZ2_genbin1_recobin3 acc 0.0523 eff 0.0036 outinratio 0.0295 

WminusH126_4l_costhetaZ2_genbin1_recobin3 acc 0.0415 eff 0.0026 outinratio 0.0659 

WplusH126_4l_costhetaZ2_genbin1_recobin3 acc 0.0337 eff 0.0021 outinratio 0.0702 

ZH126_4l_costhetaZ2_genbin1_recobin3 acc 0.0377 eff 0.0034 outinratio 0.0618 

ttH126_4l_costhetaZ2_genbin1_recobin3 acc 0.0375 eff 0.001 outinratio 0.1599 

ggH126_4l_costhetaZ2_genbin2_recobin3 acc 0.0615 eff 0.0302 outinratio 0.0483 

VBFH126_4l_costhetaZ2_genbin2_recobin3 acc 0.0643 eff 0.0367 outinratio 0.0295 

WminusH126_4l_costhetaZ2_genbin2_recobin3 acc 0.0509 eff 0.0385 outinratio 0.0659 

WplusH126_4l_costhetaZ2_genbin2_recobin3 acc 0.0489 eff 0.0318 outinratio 0.0702 

ZH126_4l_costhetaZ2_genbin2_recobin3 acc 0.0515 eff 0.0316 outinratio 0.0618 

ttH126_4l_costhetaZ2_genbin2_recobin3 acc 0.0468 eff 0.0307 outinratio 0.1599 

ggH126_4l_costhetaZ2_genbin3_recobin3 acc 0.0664 eff 0.4856 outinratio 0.0483 

VBFH126_4l_costhetaZ2_genbin3_recobin3 acc 0.071 eff 0.4994 outinratio 0.0295 

WminusH126_4l_costhetaZ2_genbin3_recobin3 acc 0.0578 eff 0.4779 outinratio 0.0659 

WplusH126_4l_costhetaZ2_genbin3_recobin3 acc 0.0539 eff 0.4926 outinratio 0.0702 

ZH126_4l_costhetaZ2_genbin3_recobin3 acc 0.0571 eff 0.4913 outinratio 0.0618 

ttH126_4l_costhetaZ2_genbin3_recobin3 acc 0.0509 eff 0.4983 outinratio 0.1599 

ggH126_4l_costhetaZ2_genbin4_recobin3 acc 0.0679 eff 0.0353 outinratio 0.0483 

VBFH126_4l_costhetaZ2_genbin4_recobin3 acc 0.0731 eff 0.0406 outinratio 0.0295 

WminusH126_4l_costhetaZ2_genbin4_recobin3 acc 0.0567 eff 0.0325 outinratio 0.0659 

WplusH126_4l_costhetaZ2_genbin4_recobin3 acc 0.0493 eff 0.0383 outinratio 0.0702 

ZH126_4l_costhetaZ2_genbin4_recobin3 acc 0.0555 eff 0.0521 outinratio 0.0618 

ttH126_4l_costhetaZ2_genbin4_recobin3 acc 0.0501 eff 0.0337 outinratio 0.1599 

ggH126_4l_costhetaZ2_genbin5_recobin3 acc 0.0598 eff 0.0006 outinratio 0.0483 

VBFH126_4l_costhetaZ2_genbin5_recobin3 acc 0.0667 eff 0.0007 outinratio 0.0295 

WminusH126_4l_costhetaZ2_genbin5_recobin3 acc 0.0502 eff 0.0024 outinratio 0.0659 

WplusH126_4l_costhetaZ2_genbin5_recobin3 acc 0.0436 eff 0.0007 outinratio 0.0702 

ZH126_4l_costhetaZ2_genbin5_recobin3 acc 0.0532 eff 0.0012 outinratio 0.0618 

ttH126_4l_costhetaZ2_genbin5_recobin3 acc 0.0454 eff 0.0012 outinratio 0.1599 

ggH126_4l_costhetaZ2_genbin6_recobin3 acc 0.0473 eff 0.0007 outinratio 0.0483 

VBFH126_4l_costhetaZ2_genbin6_recobin3 acc 0.0532 eff 0.0012 outinratio 0.0295 

WminusH126_4l_costhetaZ2_genbin6_recobin3 acc 0.0412 eff 0.0007 outinratio 0.0659 

WplusH126_4l_costhetaZ2_genbin6_recobin3 acc 0.0366 eff 0.0 outinratio 0.0702 

ZH126_4l_costhetaZ2_genbin6_recobin3 acc 0.0398 eff 0.0009 outinratio 0.0618 

ttH126_4l_costhetaZ2_genbin6_recobin3 acc 0.0379 eff 0.0007 outinratio 0.1599 

ggH126_4l_costhetaZ2_genbin7_recobin3 acc 0.0295 eff 0.0003 outinratio 0.0483 

VBFH126_4l_costhetaZ2_genbin7_recobin3 acc 0.0337 eff 0.0006 outinratio 0.0295 

WminusH126_4l_costhetaZ2_genbin7_recobin3 acc 0.0265 eff 0.0003 outinratio 0.0659 

WplusH126_4l_costhetaZ2_genbin7_recobin3 acc 0.023 eff 0.0 outinratio 0.0702 

ZH126_4l_costhetaZ2_genbin7_recobin3 acc 0.0261 eff 0.001 outinratio 0.0618 

ttH126_4l_costhetaZ2_genbin7_recobin3 acc 0.0246 eff 0.0 outinratio 0.1599 

ggH126_4l_costhetaZ2_genbin0_recobin4 acc 0.0268 eff 0.0 outinratio 0.0434 

VBFH126_4l_costhetaZ2_genbin0_recobin4 acc 0.0357 eff 0.0014 outinratio 0.0283 

WminusH126_4l_costhetaZ2_genbin0_recobin4 acc 0.0275 eff 0.0 outinratio 0.0692 

WplusH126_4l_costhetaZ2_genbin0_recobin4 acc 0.0256 eff 0.0 outinratio 0.0734 

ZH126_4l_costhetaZ2_genbin0_recobin4 acc 0.0252 eff 0.0 outinratio 0.0687 

ttH126_4l_costhetaZ2_genbin0_recobin4 acc 0.0257 eff 0.0 outinratio 0.1688 

ggH126_4l_costhetaZ2_genbin1_recobin4 acc 0.0474 eff 0.0 outinratio 0.0434 

VBFH126_4l_costhetaZ2_genbin1_recobin4 acc 0.0523 eff 0.0 outinratio 0.0283 

WminusH126_4l_costhetaZ2_genbin1_recobin4 acc 0.0415 eff 0.0004 outinratio 0.0692 

WplusH126_4l_costhetaZ2_genbin1_recobin4 acc 0.0337 eff 0.0004 outinratio 0.0734 

ZH126_4l_costhetaZ2_genbin1_recobin4 acc 0.0377 eff 0.0 outinratio 0.0687 

ttH126_4l_costhetaZ2_genbin1_recobin4 acc 0.0375 eff 0.0012 outinratio 0.1688 

ggH126_4l_costhetaZ2_genbin2_recobin4 acc 0.0615 eff 0.0021 outinratio 0.0434 

VBFH126_4l_costhetaZ2_genbin2_recobin4 acc 0.0643 eff 0.0025 outinratio 0.0283 

WminusH126_4l_costhetaZ2_genbin2_recobin4 acc 0.0509 eff 0.0025 outinratio 0.0692 

WplusH126_4l_costhetaZ2_genbin2_recobin4 acc 0.0489 eff 0.0006 outinratio 0.0734 

ZH126_4l_costhetaZ2_genbin2_recobin4 acc 0.0515 eff 0.0018 outinratio 0.0687 

ttH126_4l_costhetaZ2_genbin2_recobin4 acc 0.0468 eff 0.001 outinratio 0.1688 

ggH126_4l_costhetaZ2_genbin3_recobin4 acc 0.0664 eff 0.0388 outinratio 0.0434 

VBFH126_4l_costhetaZ2_genbin3_recobin4 acc 0.071 eff 0.0423 outinratio 0.0283 

WminusH126_4l_costhetaZ2_genbin3_recobin4 acc 0.0578 eff 0.0349 outinratio 0.0692 

WplusH126_4l_costhetaZ2_genbin3_recobin4 acc 0.0539 eff 0.0296 outinratio 0.0734 

ZH126_4l_costhetaZ2_genbin3_recobin4 acc 0.0571 eff 0.03 outinratio 0.0687 

ttH126_4l_costhetaZ2_genbin3_recobin4 acc 0.0509 eff 0.0365 outinratio 0.1688 

ggH126_4l_costhetaZ2_genbin4_recobin4 acc 0.0679 eff 0.4827 outinratio 0.0434 

VBFH126_4l_costhetaZ2_genbin4_recobin4 acc 0.0731 eff 0.4942 outinratio 0.0283 

WminusH126_4l_costhetaZ2_genbin4_recobin4 acc 0.0567 eff 0.4818 outinratio 0.0692 

WplusH126_4l_costhetaZ2_genbin4_recobin4 acc 0.0493 eff 0.4774 outinratio 0.0734 

ZH126_4l_costhetaZ2_genbin4_recobin4 acc 0.0555 eff 0.4886 outinratio 0.0687 

ttH126_4l_costhetaZ2_genbin4_recobin4 acc 0.0501 eff 0.4768 outinratio 0.1688 

ggH126_4l_costhetaZ2_genbin5_recobin4 acc 0.0598 eff 0.0397 outinratio 0.0434 

VBFH126_4l_costhetaZ2_genbin5_recobin4 acc 0.0667 eff 0.0323 outinratio 0.0283 

WminusH126_4l_costhetaZ2_genbin5_recobin4 acc 0.0502 eff 0.0396 outinratio 0.0692 

WplusH126_4l_costhetaZ2_genbin5_recobin4 acc 0.0436 eff 0.0369 outinratio 0.0734 

ZH126_4l_costhetaZ2_genbin5_recobin4 acc 0.0532 eff 0.045 outinratio 0.0687 

ttH126_4l_costhetaZ2_genbin5_recobin4 acc 0.0454 eff 0.0269 outinratio 0.1688 

ggH126_4l_costhetaZ2_genbin6_recobin4 acc 0.0473 eff 0.0012 outinratio 0.0434 

VBFH126_4l_costhetaZ2_genbin6_recobin4 acc 0.0532 eff 0.0008 outinratio 0.0283 

WminusH126_4l_costhetaZ2_genbin6_recobin4 acc 0.0412 eff 0.001 outinratio 0.0692 

WplusH126_4l_costhetaZ2_genbin6_recobin4 acc 0.0366 eff 0.0 outinratio 0.0734 

ZH126_4l_costhetaZ2_genbin6_recobin4 acc 0.0398 eff 0.0019 outinratio 0.0687 

ttH126_4l_costhetaZ2_genbin6_recobin4 acc 0.0379 eff 0.0014 outinratio 0.1688 

ggH126_4l_costhetaZ2_genbin7_recobin4 acc 0.0295 eff 0.001 outinratio 0.0434 

VBFH126_4l_costhetaZ2_genbin7_recobin4 acc 0.0337 eff 0.0005 outinratio 0.0283 

WminusH126_4l_costhetaZ2_genbin7_recobin4 acc 0.0265 eff 0.001 outinratio 0.0692 

WplusH126_4l_costhetaZ2_genbin7_recobin4 acc 0.023 eff 0.0 outinratio 0.0734 

ZH126_4l_costhetaZ2_genbin7_recobin4 acc 0.0261 eff 0.0011 outinratio 0.0687 

ttH126_4l_costhetaZ2_genbin7_recobin4 acc 0.0246 eff 0.0007 outinratio 0.1688 

ggH126_4l_costhetaZ2_genbin0_recobin5 acc 0.0268 eff 0.0008 outinratio 0.0572 

VBFH126_4l_costhetaZ2_genbin0_recobin5 acc 0.0357 eff 0.0 outinratio 0.0315 

WminusH126_4l_costhetaZ2_genbin0_recobin5 acc 0.0275 eff 0.0 outinratio 0.0732 

WplusH126_4l_costhetaZ2_genbin0_recobin5 acc 0.0256 eff 0.0 outinratio 0.0877 

ZH126_4l_costhetaZ2_genbin0_recobin5 acc 0.0252 eff 0.0 outinratio 0.0584 

ttH126_4l_costhetaZ2_genbin0_recobin5 acc 0.0257 eff 0.0 outinratio 0.1485 

ggH126_4l_costhetaZ2_genbin1_recobin5 acc 0.0474 eff 0.0003 outinratio 0.0572 

VBFH126_4l_costhetaZ2_genbin1_recobin5 acc 0.0523 eff 0.0 outinratio 0.0315 

WminusH126_4l_costhetaZ2_genbin1_recobin5 acc 0.0415 eff 0.0016 outinratio 0.0732 

WplusH126_4l_costhetaZ2_genbin1_recobin5 acc 0.0337 eff 0.0 outinratio 0.0877 

ZH126_4l_costhetaZ2_genbin1_recobin5 acc 0.0377 eff 0.0027 outinratio 0.0584 

ttH126_4l_costhetaZ2_genbin1_recobin5 acc 0.0375 eff 0.0003 outinratio 0.1485 

ggH126_4l_costhetaZ2_genbin2_recobin5 acc 0.0615 eff 0.0002 outinratio 0.0572 

VBFH126_4l_costhetaZ2_genbin2_recobin5 acc 0.0643 eff 0.0005 outinratio 0.0315 

WminusH126_4l_costhetaZ2_genbin2_recobin5 acc 0.0509 eff 0.0012 outinratio 0.0732 

WplusH126_4l_costhetaZ2_genbin2_recobin5 acc 0.0489 eff 0.0003 outinratio 0.0877 

ZH126_4l_costhetaZ2_genbin2_recobin5 acc 0.0515 eff 0.0004 outinratio 0.0584 

ttH126_4l_costhetaZ2_genbin2_recobin5 acc 0.0468 eff 0.0009 outinratio 0.1485 

ggH126_4l_costhetaZ2_genbin3_recobin5 acc 0.0664 eff 0.0016 outinratio 0.0572 

VBFH126_4l_costhetaZ2_genbin3_recobin5 acc 0.071 eff 0.0016 outinratio 0.0315 

WminusH126_4l_costhetaZ2_genbin3_recobin5 acc 0.0578 eff 0.0017 outinratio 0.0732 

WplusH126_4l_costhetaZ2_genbin3_recobin5 acc 0.0539 eff 0.004 outinratio 0.0877 

ZH126_4l_costhetaZ2_genbin3_recobin5 acc 0.0571 eff 0.0012 outinratio 0.0584 

ttH126_4l_costhetaZ2_genbin3_recobin5 acc 0.0509 eff 0.0011 outinratio 0.1485 

ggH126_4l_costhetaZ2_genbin4_recobin5 acc 0.0679 eff 0.0372 outinratio 0.0572 

VBFH126_4l_costhetaZ2_genbin4_recobin5 acc 0.0731 eff 0.0291 outinratio 0.0315 

WminusH126_4l_costhetaZ2_genbin4_recobin5 acc 0.0567 eff 0.0383 outinratio 0.0732 

WplusH126_4l_costhetaZ2_genbin4_recobin5 acc 0.0493 eff 0.0421 outinratio 0.0877 

ZH126_4l_costhetaZ2_genbin4_recobin5 acc 0.0555 eff 0.0387 outinratio 0.0584 

ttH126_4l_costhetaZ2_genbin4_recobin5 acc 0.0501 eff 0.0334 outinratio 0.1485 

ggH126_4l_costhetaZ2_genbin5_recobin5 acc 0.0598 eff 0.4952 outinratio 0.0572 

VBFH126_4l_costhetaZ2_genbin5_recobin5 acc 0.0667 eff 0.5235 outinratio 0.0315 

WminusH126_4l_costhetaZ2_genbin5_recobin5 acc 0.0502 eff 0.4926 outinratio 0.0732 

WplusH126_4l_costhetaZ2_genbin5_recobin5 acc 0.0436 eff 0.4561 outinratio 0.0877 

ZH126_4l_costhetaZ2_genbin5_recobin5 acc 0.0532 eff 0.5124 outinratio 0.0584 

ttH126_4l_costhetaZ2_genbin5_recobin5 acc 0.0454 eff 0.4938 outinratio 0.1485 

ggH126_4l_costhetaZ2_genbin6_recobin5 acc 0.0473 eff 0.025 outinratio 0.0572 

VBFH126_4l_costhetaZ2_genbin6_recobin5 acc 0.0532 eff 0.0247 outinratio 0.0315 

WminusH126_4l_costhetaZ2_genbin6_recobin5 acc 0.0412 eff 0.0361 outinratio 0.0732 

WplusH126_4l_costhetaZ2_genbin6_recobin5 acc 0.0366 eff 0.0349 outinratio 0.0877 

ZH126_4l_costhetaZ2_genbin6_recobin5 acc 0.0398 eff 0.0358 outinratio 0.0584 

ttH126_4l_costhetaZ2_genbin6_recobin5 acc 0.0379 eff 0.0242 outinratio 0.1485 

ggH126_4l_costhetaZ2_genbin7_recobin5 acc 0.0295 eff 0.0012 outinratio 0.0572 

VBFH126_4l_costhetaZ2_genbin7_recobin5 acc 0.0337 eff 0.0005 outinratio 0.0315 

WminusH126_4l_costhetaZ2_genbin7_recobin5 acc 0.0265 eff 0.0011 outinratio 0.0732 

WplusH126_4l_costhetaZ2_genbin7_recobin5 acc 0.023 eff 0.0007 outinratio 0.0877 

ZH126_4l_costhetaZ2_genbin7_recobin5 acc 0.0261 eff 0.0008 outinratio 0.0584 

ttH126_4l_costhetaZ2_genbin7_recobin5 acc 0.0246 eff 0.0007 outinratio 0.1485 

ggH126_4l_costhetaZ2_genbin0_recobin6 acc 0.0268 eff 0.0013 outinratio 0.0393 

VBFH126_4l_costhetaZ2_genbin0_recobin6 acc 0.0357 eff 0.0009 outinratio 0.0313 

WminusH126_4l_costhetaZ2_genbin0_recobin6 acc 0.0275 eff 0.0 outinratio 0.0729 

WplusH126_4l_costhetaZ2_genbin0_recobin6 acc 0.0256 eff 0.0 outinratio 0.0508 

ZH126_4l_costhetaZ2_genbin0_recobin6 acc 0.0252 eff 0.0006 outinratio 0.0849 

ttH126_4l_costhetaZ2_genbin0_recobin6 acc 0.0257 eff 0.0 outinratio 0.1718 

ggH126_4l_costhetaZ2_genbin1_recobin6 acc 0.0474 eff 0.0 outinratio 0.0393 

VBFH126_4l_costhetaZ2_genbin1_recobin6 acc 0.0523 eff 0.0 outinratio 0.0313 

WminusH126_4l_costhetaZ2_genbin1_recobin6 acc 0.0415 eff 0.0 outinratio 0.0729 

WplusH126_4l_costhetaZ2_genbin1_recobin6 acc 0.0337 eff 0.0011 outinratio 0.0508 

ZH126_4l_costhetaZ2_genbin1_recobin6 acc 0.0377 eff 0.0006 outinratio 0.0849 

ttH126_4l_costhetaZ2_genbin1_recobin6 acc 0.0375 eff 0.0 outinratio 0.1718 

ggH126_4l_costhetaZ2_genbin2_recobin6 acc 0.0615 eff 0.0006 outinratio 0.0393 

VBFH126_4l_costhetaZ2_genbin2_recobin6 acc 0.0643 eff 0.0003 outinratio 0.0313 

WminusH126_4l_costhetaZ2_genbin2_recobin6 acc 0.0509 eff 0.0004 outinratio 0.0729 

WplusH126_4l_costhetaZ2_genbin2_recobin6 acc 0.0489 eff 0.0 outinratio 0.0508 

ZH126_4l_costhetaZ2_genbin2_recobin6 acc 0.0515 eff 0.0 outinratio 0.0849 

ttH126_4l_costhetaZ2_genbin2_recobin6 acc 0.0468 eff 0.0002 outinratio 0.1718 

ggH126_4l_costhetaZ2_genbin3_recobin6 acc 0.0664 eff 0.0 outinratio 0.0393 

VBFH126_4l_costhetaZ2_genbin3_recobin6 acc 0.071 eff 0.0002 outinratio 0.0313 

WminusH126_4l_costhetaZ2_genbin3_recobin6 acc 0.0578 eff 0.0011 outinratio 0.0729 

WplusH126_4l_costhetaZ2_genbin3_recobin6 acc 0.0539 eff 0.0 outinratio 0.0508 

ZH126_4l_costhetaZ2_genbin3_recobin6 acc 0.0571 eff 0.0 outinratio 0.0849 

ttH126_4l_costhetaZ2_genbin3_recobin6 acc 0.0509 eff 0.0002 outinratio 0.1718 

ggH126_4l_costhetaZ2_genbin4_recobin6 acc 0.0679 eff 0.0006 outinratio 0.0393 

VBFH126_4l_costhetaZ2_genbin4_recobin6 acc 0.0731 eff 0.0011 outinratio 0.0313 

WminusH126_4l_costhetaZ2_genbin4_recobin6 acc 0.0567 eff 0.0006 outinratio 0.0729 

WplusH126_4l_costhetaZ2_genbin4_recobin6 acc 0.0493 eff 0.0015 outinratio 0.0508 

ZH126_4l_costhetaZ2_genbin4_recobin6 acc 0.0555 eff 0.0022 outinratio 0.0849 

ttH126_4l_costhetaZ2_genbin4_recobin6 acc 0.0501 eff 0.001 outinratio 0.1718 

ggH126_4l_costhetaZ2_genbin5_recobin6 acc 0.0598 eff 0.0279 outinratio 0.0393 

VBFH126_4l_costhetaZ2_genbin5_recobin6 acc 0.0667 eff 0.0329 outinratio 0.0313 

WminusH126_4l_costhetaZ2_genbin5_recobin6 acc 0.0502 eff 0.0271 outinratio 0.0729 

WplusH126_4l_costhetaZ2_genbin5_recobin6 acc 0.0436 eff 0.025 outinratio 0.0508 

ZH126_4l_costhetaZ2_genbin5_recobin6 acc 0.0532 eff 0.0281 outinratio 0.0849 

ttH126_4l_costhetaZ2_genbin5_recobin6 acc 0.0454 eff 0.0286 outinratio 0.1718 

ggH126_4l_costhetaZ2_genbin6_recobin6 acc 0.0473 eff 0.5207 outinratio 0.0393 

VBFH126_4l_costhetaZ2_genbin6_recobin6 acc 0.0532 eff 0.529 outinratio 0.0313 

WminusH126_4l_costhetaZ2_genbin6_recobin6 acc 0.0412 eff 0.4977 outinratio 0.0729 

WplusH126_4l_costhetaZ2_genbin6_recobin6 acc 0.0366 eff 0.4719 outinratio 0.0508 

ZH126_4l_costhetaZ2_genbin6_recobin6 acc 0.0398 eff 0.5063 outinratio 0.0849 

ttH126_4l_costhetaZ2_genbin6_recobin6 acc 0.0379 eff 0.5262 outinratio 0.1718 

ggH126_4l_costhetaZ2_genbin7_recobin6 acc 0.0295 eff 0.0263 outinratio 0.0393 

VBFH126_4l_costhetaZ2_genbin7_recobin6 acc 0.0337 eff 0.0242 outinratio 0.0313 

WminusH126_4l_costhetaZ2_genbin7_recobin6 acc 0.0265 eff 0.02 outinratio 0.0729 

WplusH126_4l_costhetaZ2_genbin7_recobin6 acc 0.023 eff 0.0401 outinratio 0.0508 

ZH126_4l_costhetaZ2_genbin7_recobin6 acc 0.0261 eff 0.0187 outinratio 0.0849 

ttH126_4l_costhetaZ2_genbin7_recobin6 acc 0.0246 eff 0.0164 outinratio 0.1718 

ggH126_4l_costhetaZ2_genbin0_recobin7 acc 0.0268 eff 0.0 outinratio 0.0792 

VBFH126_4l_costhetaZ2_genbin0_recobin7 acc 0.0357 eff 0.0 outinratio 0.0441 

WminusH126_4l_costhetaZ2_genbin0_recobin7 acc 0.0275 eff 0.0003 outinratio 0.0832 

WplusH126_4l_costhetaZ2_genbin0_recobin7 acc 0.0256 eff 0.0 outinratio 0.0469 

ZH126_4l_costhetaZ2_genbin0_recobin7 acc 0.0252 eff 0.0015 outinratio 0.0728 

ttH126_4l_costhetaZ2_genbin0_recobin7 acc 0.0257 eff 0.0 outinratio 0.1807 

ggH126_4l_costhetaZ2_genbin1_recobin7 acc 0.0474 eff 0.0 outinratio 0.0792 

VBFH126_4l_costhetaZ2_genbin1_recobin7 acc 0.0523 eff 0.0007 outinratio 0.0441 

WminusH126_4l_costhetaZ2_genbin1_recobin7 acc 0.0415 eff 0.0 outinratio 0.0832 

WplusH126_4l_costhetaZ2_genbin1_recobin7 acc 0.0337 eff 0.0 outinratio 0.0469 

ZH126_4l_costhetaZ2_genbin1_recobin7 acc 0.0377 eff 0.0 outinratio 0.0728 

ttH126_4l_costhetaZ2_genbin1_recobin7 acc 0.0375 eff 0.0 outinratio 0.1807 

ggH126_4l_costhetaZ2_genbin2_recobin7 acc 0.0615 eff 0.0 outinratio 0.0792 

VBFH126_4l_costhetaZ2_genbin2_recobin7 acc 0.0643 eff 0.0002 outinratio 0.0441 

WminusH126_4l_costhetaZ2_genbin2_recobin7 acc 0.0509 eff 0.0 outinratio 0.0832 

WplusH126_4l_costhetaZ2_genbin2_recobin7 acc 0.0489 eff 0.0 outinratio 0.0469 

ZH126_4l_costhetaZ2_genbin2_recobin7 acc 0.0515 eff 0.0 outinratio 0.0728 

ttH126_4l_costhetaZ2_genbin2_recobin7 acc 0.0468 eff 0.0002 outinratio 0.1807 

ggH126_4l_costhetaZ2_genbin3_recobin7 acc 0.0664 eff 0.0 outinratio 0.0792 

VBFH126_4l_costhetaZ2_genbin3_recobin7 acc 0.071 eff 0.0 outinratio 0.0441 

WminusH126_4l_costhetaZ2_genbin3_recobin7 acc 0.0578 eff 0.001 outinratio 0.0832 

WplusH126_4l_costhetaZ2_genbin3_recobin7 acc 0.0539 eff 0.0 outinratio 0.0469 

ZH126_4l_costhetaZ2_genbin3_recobin7 acc 0.0571 eff 0.0 outinratio 0.0728 

ttH126_4l_costhetaZ2_genbin3_recobin7 acc 0.0509 eff 0.0 outinratio 0.1807 

ggH126_4l_costhetaZ2_genbin4_recobin7 acc 0.0679 eff 0.0002 outinratio 0.0792 

VBFH126_4l_costhetaZ2_genbin4_recobin7 acc 0.0731 eff 0.0002 outinratio 0.0441 

WminusH126_4l_costhetaZ2_genbin4_recobin7 acc 0.0567 eff 0.0002 outinratio 0.0832 

WplusH126_4l_costhetaZ2_genbin4_recobin7 acc 0.0493 eff 0.0 outinratio 0.0469 

ZH126_4l_costhetaZ2_genbin4_recobin7 acc 0.0555 eff 0.0012 outinratio 0.0728 

ttH126_4l_costhetaZ2_genbin4_recobin7 acc 0.0501 eff 0.0006 outinratio 0.1807 

ggH126_4l_costhetaZ2_genbin5_recobin7 acc 0.0598 eff 0.0004 outinratio 0.0792 

VBFH126_4l_costhetaZ2_genbin5_recobin7 acc 0.0667 eff 0.0016 outinratio 0.0441 

WminusH126_4l_costhetaZ2_genbin5_recobin7 acc 0.0502 eff 0.0002 outinratio 0.0832 

WplusH126_4l_costhetaZ2_genbin5_recobin7 acc 0.0436 eff 0.0 outinratio 0.0469 

ZH126_4l_costhetaZ2_genbin5_recobin7 acc 0.0532 eff 0.001 outinratio 0.0728 

ttH126_4l_costhetaZ2_genbin5_recobin7 acc 0.0454 eff 0.0006 outinratio 0.1807 

ggH126_4l_costhetaZ2_genbin6_recobin7 acc 0.0473 eff 0.0151 outinratio 0.0792 

VBFH126_4l_costhetaZ2_genbin6_recobin7 acc 0.0532 eff 0.0178 outinratio 0.0441 

WminusH126_4l_costhetaZ2_genbin6_recobin7 acc 0.0412 eff 0.0212 outinratio 0.0832 

WplusH126_4l_costhetaZ2_genbin6_recobin7 acc 0.0366 eff 0.0233 outinratio 0.0469 

ZH126_4l_costhetaZ2_genbin6_recobin7 acc 0.0398 eff 0.0169 outinratio 0.0728 

ttH126_4l_costhetaZ2_genbin6_recobin7 acc 0.0379 eff 0.0149 outinratio 0.1807 

ggH126_4l_costhetaZ2_genbin7_recobin7 acc 0.0295 eff 0.4981 outinratio 0.0792 

VBFH126_4l_costhetaZ2_genbin7_recobin7 acc 0.0337 eff 0.5243 outinratio 0.0441 

WminusH126_4l_costhetaZ2_genbin7_recobin7 acc 0.0265 eff 0.5266 outinratio 0.0832 

WplusH126_4l_costhetaZ2_genbin7_recobin7 acc 0.023 eff 0.4672 outinratio 0.0469 

ZH126_4l_costhetaZ2_genbin7_recobin7 acc 0.0261 eff 0.5355 outinratio 0.0728 

ttH126_4l_costhetaZ2_genbin7_recobin7 acc 0.0246 eff 0.5138 outinratio 0.1807 

ggH126_4e_costhetaZ2_genbin0_recobin0 acc 0.0239 eff 0.349 outinratio 0.0327 

VBFH126_4e_costhetaZ2_genbin0_recobin0 acc 0.0315 eff 0.3084 outinratio 0.0122 

WminusH126_4e_costhetaZ2_genbin0_recobin0 acc 0.0264 eff 0.2816 outinratio 0.1052 

WplusH126_4e_costhetaZ2_genbin0_recobin0 acc 0.022 eff 0.2851 outinratio 0.1733 

ZH126_4e_costhetaZ2_genbin0_recobin0 acc 0.0237 eff 0.3093 outinratio 0.0441 

ttH126_4e_costhetaZ2_genbin0_recobin0 acc 0.0245 eff 0.2697 outinratio 0.2452 

ggH126_4e_costhetaZ2_genbin1_recobin0 acc 0.0408 eff 0.0157 outinratio 0.0327 

VBFH126_4e_costhetaZ2_genbin1_recobin0 acc 0.0476 eff 0.0247 outinratio 0.0122 

WminusH126_4e_costhetaZ2_genbin1_recobin0 acc 0.0393 eff 0.0156 outinratio 0.1052 

WplusH126_4e_costhetaZ2_genbin1_recobin0 acc 0.0324 eff 0.0079 outinratio 0.1733 

ZH126_4e_costhetaZ2_genbin1_recobin0 acc 0.0327 eff 0.0164 outinratio 0.0441 

ttH126_4e_costhetaZ2_genbin1_recobin0 acc 0.039 eff 0.018 outinratio 0.2452 

ggH126_4e_costhetaZ2_genbin2_recobin0 acc 0.0615 eff 0.0 outinratio 0.0327 

VBFH126_4e_costhetaZ2_genbin2_recobin0 acc 0.0663 eff 0.0043 outinratio 0.0122 

WminusH126_4e_costhetaZ2_genbin2_recobin0 acc 0.0512 eff 0.0005 outinratio 0.1052 

WplusH126_4e_costhetaZ2_genbin2_recobin0 acc 0.0451 eff 0.0 outinratio 0.1733 

ZH126_4e_costhetaZ2_genbin2_recobin0 acc 0.0549 eff 0.0 outinratio 0.0441 

ttH126_4e_costhetaZ2_genbin2_recobin0 acc 0.046 eff 0.0034 outinratio 0.2452 

ggH126_4e_costhetaZ2_genbin3_recobin0 acc 0.0612 eff 0.0 outinratio 0.0327 

VBFH126_4e_costhetaZ2_genbin3_recobin0 acc 0.07 eff 0.0 outinratio 0.0122 

WminusH126_4e_costhetaZ2_genbin3_recobin0 acc 0.0589 eff 0.0005 outinratio 0.1052 

WplusH126_4e_costhetaZ2_genbin3_recobin0 acc 0.0535 eff 0.0 outinratio 0.1733 

ZH126_4e_costhetaZ2_genbin3_recobin0 acc 0.0555 eff 0.0007 outinratio 0.0441 

ttH126_4e_costhetaZ2_genbin3_recobin0 acc 0.0487 eff 0.0 outinratio 0.2452 

ggH126_4e_costhetaZ2_genbin4_recobin0 acc 0.0676 eff 0.0 outinratio 0.0327 

VBFH126_4e_costhetaZ2_genbin4_recobin0 acc 0.0759 eff 0.0 outinratio 0.0122 

WminusH126_4e_costhetaZ2_genbin4_recobin0 acc 0.0572 eff 0.0 outinratio 0.1052 

WplusH126_4e_costhetaZ2_genbin4_recobin0 acc 0.0472 eff 0.0 outinratio 0.1733 

ZH126_4e_costhetaZ2_genbin4_recobin0 acc 0.0552 eff 0.0 outinratio 0.0441 

ttH126_4e_costhetaZ2_genbin4_recobin0 acc 0.0506 eff 0.0006 outinratio 0.2452 

ggH126_4e_costhetaZ2_genbin5_recobin0 acc 0.0573 eff 0.0 outinratio 0.0327 

VBFH126_4e_costhetaZ2_genbin5_recobin0 acc 0.0677 eff 0.0 outinratio 0.0122 

WminusH126_4e_costhetaZ2_genbin5_recobin0 acc 0.0481 eff 0.0 outinratio 0.1052 

WplusH126_4e_costhetaZ2_genbin5_recobin0 acc 0.0444 eff 0.0 outinratio 0.1733 

ZH126_4e_costhetaZ2_genbin5_recobin0 acc 0.0481 eff 0.0 outinratio 0.0441 

ttH126_4e_costhetaZ2_genbin5_recobin0 acc 0.0476 eff 0.0 outinratio 0.2452 

ggH126_4e_costhetaZ2_genbin6_recobin0 acc 0.0431 eff 0.0 outinratio 0.0327 

VBFH126_4e_costhetaZ2_genbin6_recobin0 acc 0.0473 eff 0.0 outinratio 0.0122 

WminusH126_4e_costhetaZ2_genbin6_recobin0 acc 0.0392 eff 0.0 outinratio 0.1052 

WplusH126_4e_costhetaZ2_genbin6_recobin0 acc 0.0344 eff 0.0 outinratio 0.1733 

ZH126_4e_costhetaZ2_genbin6_recobin0 acc 0.0384 eff 0.0 outinratio 0.0441 

ttH126_4e_costhetaZ2_genbin6_recobin0 acc 0.0368 eff 0.0 outinratio 0.2452 

ggH126_4e_costhetaZ2_genbin7_recobin0 acc 0.0237 eff 0.0 outinratio 0.0327 

VBFH126_4e_costhetaZ2_genbin7_recobin0 acc 0.0303 eff 0.0 outinratio 0.0122 

WminusH126_4e_costhetaZ2_genbin7_recobin0 acc 0.0237 eff 0.0 outinratio 0.1052 

WplusH126_4e_costhetaZ2_genbin7_recobin0 acc 0.0233 eff 0.0 outinratio 0.1733 

ZH126_4e_costhetaZ2_genbin7_recobin0 acc 0.0224 eff 0.0 outinratio 0.0441 

ttH126_4e_costhetaZ2_genbin7_recobin0 acc 0.0227 eff 0.0 outinratio 0.2452 

ggH126_4e_costhetaZ2_genbin0_recobin1 acc 0.0239 eff 0.0154 outinratio 0.0548 

VBFH126_4e_costhetaZ2_genbin0_recobin1 acc 0.0315 eff 0.0294 outinratio 0.0428 

WminusH126_4e_costhetaZ2_genbin0_recobin1 acc 0.0264 eff 0.0284 outinratio 0.0458 

WplusH126_4e_costhetaZ2_genbin0_recobin1 acc 0.022 eff 0.0181 outinratio -0.0248 

ZH126_4e_costhetaZ2_genbin0_recobin1 acc 0.0237 eff 0.0142 outinratio 0.0517 

ttH126_4e_costhetaZ2_genbin0_recobin1 acc 0.0245 eff 0.0238 outinratio 0.1913 

ggH126_4e_costhetaZ2_genbin1_recobin1 acc 0.0408 eff 0.2573 outinratio 0.0548 

VBFH126_4e_costhetaZ2_genbin1_recobin1 acc 0.0476 eff 0.3149 outinratio 0.0428 

WminusH126_4e_costhetaZ2_genbin1_recobin1 acc 0.0393 eff 0.2947 outinratio 0.0458 

WplusH126_4e_costhetaZ2_genbin1_recobin1 acc 0.0324 eff 0.3229 outinratio -0.0248 

ZH126_4e_costhetaZ2_genbin1_recobin1 acc 0.0327 eff 0.2767 outinratio 0.0517 

ttH126_4e_costhetaZ2_genbin1_recobin1 acc 0.039 eff 0.2818 outinratio 0.1913 

ggH126_4e_costhetaZ2_genbin2_recobin1 acc 0.0615 eff 0.0139 outinratio 0.0548 

VBFH126_4e_costhetaZ2_genbin2_recobin1 acc 0.0663 eff 0.0413 outinratio 0.0428 

WminusH126_4e_costhetaZ2_genbin2_recobin1 acc 0.0512 eff 0.0364 outinratio 0.0458 

WplusH126_4e_costhetaZ2_genbin2_recobin1 acc 0.0451 eff 0.0271 outinratio -0.0248 

ZH126_4e_costhetaZ2_genbin2_recobin1 acc 0.0549 eff 0.0223 outinratio 0.0517 

ttH126_4e_costhetaZ2_genbin2_recobin1 acc 0.046 eff 0.0155 outinratio 0.1913 

ggH126_4e_costhetaZ2_genbin3_recobin1 acc 0.0612 eff 0.0038 outinratio 0.0548 

VBFH126_4e_costhetaZ2_genbin3_recobin1 acc 0.07 eff 0.0088 outinratio 0.0428 

WminusH126_4e_costhetaZ2_genbin3_recobin1 acc 0.0589 eff 0.0 outinratio 0.0458 

WplusH126_4e_costhetaZ2_genbin3_recobin1 acc 0.0535 eff 0.0061 outinratio -0.0248 

ZH126_4e_costhetaZ2_genbin3_recobin1 acc 0.0555 eff 0.0 outinratio 0.0517 

ttH126_4e_costhetaZ2_genbin3_recobin1 acc 0.0487 eff 0.0031 outinratio 0.1913 

ggH126_4e_costhetaZ2_genbin4_recobin1 acc 0.0676 eff 0.0 outinratio 0.0548 

VBFH126_4e_costhetaZ2_genbin4_recobin1 acc 0.0759 eff 0.0023 outinratio 0.0428 

WminusH126_4e_costhetaZ2_genbin4_recobin1 acc 0.0572 eff 0.0005 outinratio 0.0458 

WplusH126_4e_costhetaZ2_genbin4_recobin1 acc 0.0472 eff 0.0 outinratio -0.0248 

ZH126_4e_costhetaZ2_genbin4_recobin1 acc 0.0552 eff 0.0 outinratio 0.0517 

ttH126_4e_costhetaZ2_genbin4_recobin1 acc 0.0506 eff 0.0 outinratio 0.1913 

ggH126_4e_costhetaZ2_genbin5_recobin1 acc 0.0573 eff 0.0 outinratio 0.0548 

VBFH126_4e_costhetaZ2_genbin5_recobin1 acc 0.0677 eff 0.0 outinratio 0.0428 

WminusH126_4e_costhetaZ2_genbin5_recobin1 acc 0.0481 eff 0.0 outinratio 0.0458 

WplusH126_4e_costhetaZ2_genbin5_recobin1 acc 0.0444 eff 0.0 outinratio -0.0248 

ZH126_4e_costhetaZ2_genbin5_recobin1 acc 0.0481 eff 0.0 outinratio 0.0517 

ttH126_4e_costhetaZ2_genbin5_recobin1 acc 0.0476 eff 0.0 outinratio 0.1913 

ggH126_4e_costhetaZ2_genbin6_recobin1 acc 0.0431 eff 0.0 outinratio 0.0548 

VBFH126_4e_costhetaZ2_genbin6_recobin1 acc 0.0473 eff 0.0 outinratio 0.0428 

WminusH126_4e_costhetaZ2_genbin6_recobin1 acc 0.0392 eff 0.0 outinratio 0.0458 

WplusH126_4e_costhetaZ2_genbin6_recobin1 acc 0.0344 eff 0.0 outinratio -0.0248 

ZH126_4e_costhetaZ2_genbin6_recobin1 acc 0.0384 eff 0.0 outinratio 0.0517 

ttH126_4e_costhetaZ2_genbin6_recobin1 acc 0.0368 eff 0.0 outinratio 0.1913 

ggH126_4e_costhetaZ2_genbin7_recobin1 acc 0.0237 eff 0.0 outinratio 0.0548 

VBFH126_4e_costhetaZ2_genbin7_recobin1 acc 0.0303 eff 0.0 outinratio 0.0428 

WminusH126_4e_costhetaZ2_genbin7_recobin1 acc 0.0237 eff 0.0011 outinratio 0.0458 

WplusH126_4e_costhetaZ2_genbin7_recobin1 acc 0.0233 eff 0.0 outinratio -0.0248 

ZH126_4e_costhetaZ2_genbin7_recobin1 acc 0.0224 eff 0.0 outinratio 0.0517 

ttH126_4e_costhetaZ2_genbin7_recobin1 acc 0.0227 eff 0.0 outinratio 0.1913 

ggH126_4e_costhetaZ2_genbin0_recobin2 acc 0.0239 eff 0.0 outinratio 0.0422 

VBFH126_4e_costhetaZ2_genbin0_recobin2 acc 0.0315 eff 0.0 outinratio 0.0402 

WminusH126_4e_costhetaZ2_genbin0_recobin2 acc 0.0264 eff 0.0034 outinratio 0.0736 

WplusH126_4e_costhetaZ2_genbin0_recobin2 acc 0.022 eff 0.0 outinratio 0.1101 

ZH126_4e_costhetaZ2_genbin0_recobin2 acc 0.0237 eff 0.0 outinratio 0.0415 

ttH126_4e_costhetaZ2_genbin0_recobin2 acc 0.0245 eff 0.0 outinratio 0.1938 

ggH126_4e_costhetaZ2_genbin1_recobin2 acc 0.0408 eff 0.0349 outinratio 0.0422 

VBFH126_4e_costhetaZ2_genbin1_recobin2 acc 0.0476 eff 0.0342 outinratio 0.0402 

WminusH126_4e_costhetaZ2_genbin1_recobin2 acc 0.0393 eff 0.027 outinratio 0.0736 

WplusH126_4e_costhetaZ2_genbin1_recobin2 acc 0.0324 eff 0.0317 outinratio 0.1101 

ZH126_4e_costhetaZ2_genbin1_recobin2 acc 0.0327 eff 0.0204 outinratio 0.0415 

ttH126_4e_costhetaZ2_genbin1_recobin2 acc 0.039 eff 0.0229 outinratio 0.1938 

ggH126_4e_costhetaZ2_genbin2_recobin2 acc 0.0615 eff 0.2553 outinratio 0.0422 

VBFH126_4e_costhetaZ2_genbin2_recobin2 acc 0.0663 eff 0.2733 outinratio 0.0402 

WminusH126_4e_costhetaZ2_genbin2_recobin2 acc 0.0512 eff 0.266 outinratio 0.0736 

WplusH126_4e_costhetaZ2_genbin2_recobin2 acc 0.0451 eff 0.2967 outinratio 0.1101 

ZH126_4e_costhetaZ2_genbin2_recobin2 acc 0.0549 eff 0.2665 outinratio 0.0415 

ttH126_4e_costhetaZ2_genbin2_recobin2 acc 0.046 eff 0.3003 outinratio 0.1938 

ggH126_4e_costhetaZ2_genbin3_recobin2 acc 0.0612 eff 0.0265 outinratio 0.0422 

VBFH126_4e_costhetaZ2_genbin3_recobin2 acc 0.07 eff 0.0359 outinratio 0.0402 

WminusH126_4e_costhetaZ2_genbin3_recobin2 acc 0.0589 eff 0.035 outinratio 0.0736 

WplusH126_4e_costhetaZ2_genbin3_recobin2 acc 0.0535 eff 0.0564 outinratio 0.1101 

ZH126_4e_costhetaZ2_genbin3_recobin2 acc 0.0555 eff 0.0164 outinratio 0.0415 

ttH126_4e_costhetaZ2_genbin3_recobin2 acc 0.0487 eff 0.0401 outinratio 0.1938 

ggH126_4e_costhetaZ2_genbin4_recobin2 acc 0.0676 eff 0.005 outinratio 0.0422 

VBFH126_4e_costhetaZ2_genbin4_recobin2 acc 0.0759 eff 0.0016 outinratio 0.0402 

WminusH126_4e_costhetaZ2_genbin4_recobin2 acc 0.0572 eff 0.001 outinratio 0.0736 

WplusH126_4e_costhetaZ2_genbin4_recobin2 acc 0.0472 eff 0.0028 outinratio 0.1101 

ZH126_4e_costhetaZ2_genbin4_recobin2 acc 0.0552 eff 0.0032 outinratio 0.0415 

ttH126_4e_costhetaZ2_genbin4_recobin2 acc 0.0506 eff 0.0003 outinratio 0.1938 

ggH126_4e_costhetaZ2_genbin5_recobin2 acc 0.0573 eff 0.0 outinratio 0.0422 

VBFH126_4e_costhetaZ2_genbin5_recobin2 acc 0.0677 eff 0.0 outinratio 0.0402 

WminusH126_4e_costhetaZ2_genbin5_recobin2 acc 0.0481 eff 0.0013 outinratio 0.0736 

WplusH126_4e_costhetaZ2_genbin5_recobin2 acc 0.0444 eff 0.0 outinratio 0.1101 

ZH126_4e_costhetaZ2_genbin5_recobin2 acc 0.0481 eff 0.0 outinratio 0.0415 

ttH126_4e_costhetaZ2_genbin5_recobin2 acc 0.0476 eff 0.0 outinratio 0.1938 

ggH126_4e_costhetaZ2_genbin6_recobin2 acc 0.0431 eff 0.0 outinratio 0.0422 

VBFH126_4e_costhetaZ2_genbin6_recobin2 acc 0.0473 eff 0.0022 outinratio 0.0402 

WminusH126_4e_costhetaZ2_genbin6_recobin2 acc 0.0392 eff 0.0 outinratio 0.0736 

WplusH126_4e_costhetaZ2_genbin6_recobin2 acc 0.0344 eff 0.0 outinratio 0.1101 

ZH126_4e_costhetaZ2_genbin6_recobin2 acc 0.0384 eff 0.0027 outinratio 0.0415 

ttH126_4e_costhetaZ2_genbin6_recobin2 acc 0.0368 eff 0.0 outinratio 0.1938 

ggH126_4e_costhetaZ2_genbin7_recobin2 acc 0.0237 eff 0.0 outinratio 0.0422 

VBFH126_4e_costhetaZ2_genbin7_recobin2 acc 0.0303 eff 0.0 outinratio 0.0402 

WminusH126_4e_costhetaZ2_genbin7_recobin2 acc 0.0237 eff 0.0 outinratio 0.0736 

WplusH126_4e_costhetaZ2_genbin7_recobin2 acc 0.0233 eff 0.0 outinratio 0.1101 

ZH126_4e_costhetaZ2_genbin7_recobin2 acc 0.0224 eff 0.0 outinratio 0.0415 

ttH126_4e_costhetaZ2_genbin7_recobin2 acc 0.0227 eff 0.0 outinratio 0.1938 

ggH126_4e_costhetaZ2_genbin0_recobin3 acc 0.0239 eff 0.0018 outinratio 0.0632 

VBFH126_4e_costhetaZ2_genbin0_recobin3 acc 0.0315 eff 0.0016 outinratio 0.0434 

WminusH126_4e_costhetaZ2_genbin0_recobin3 acc 0.0264 eff 0.0023 outinratio 0.0664 

WplusH126_4e_costhetaZ2_genbin0_recobin3 acc 0.022 eff 0.0176 outinratio 0.1462 

ZH126_4e_costhetaZ2_genbin0_recobin3 acc 0.0237 eff 0.0 outinratio 0.0682 

ttH126_4e_costhetaZ2_genbin0_recobin3 acc 0.0245 eff 0.0038 outinratio 0.1622 

ggH126_4e_costhetaZ2_genbin1_recobin3 acc 0.0408 eff 0.0 outinratio 0.0632 

VBFH126_4e_costhetaZ2_genbin1_recobin3 acc 0.0476 eff 0.0015 outinratio 0.0434 

WminusH126_4e_costhetaZ2_genbin1_recobin3 acc 0.0393 eff 0.0045 outinratio 0.0664 

WplusH126_4e_costhetaZ2_genbin1_recobin3 acc 0.0324 eff 0.0065 outinratio 0.1462 

ZH126_4e_costhetaZ2_genbin1_recobin3 acc 0.0327 eff 0.0051 outinratio 0.0682 

ttH126_4e_costhetaZ2_genbin1_recobin3 acc 0.039 eff 0.0 outinratio 0.1622 

ggH126_4e_costhetaZ2_genbin2_recobin3 acc 0.0615 eff 0.0408 outinratio 0.0632 

VBFH126_4e_costhetaZ2_genbin2_recobin3 acc 0.0663 eff 0.0338 outinratio 0.0434 

WminusH126_4e_costhetaZ2_genbin2_recobin3 acc 0.0512 eff 0.0328 outinratio 0.0664 

WplusH126_4e_costhetaZ2_genbin2_recobin3 acc 0.0451 eff 0.0248 outinratio 0.1462 

ZH126_4e_costhetaZ2_genbin2_recobin3 acc 0.0549 eff 0.0472 outinratio 0.0682 

ttH126_4e_costhetaZ2_genbin2_recobin3 acc 0.046 eff 0.0273 outinratio 0.1622 

ggH126_4e_costhetaZ2_genbin3_recobin3 acc 0.0612 eff 0.2974 outinratio 0.0632 

VBFH126_4e_costhetaZ2_genbin3_recobin3 acc 0.07 eff 0.2841 outinratio 0.0434 

WminusH126_4e_costhetaZ2_genbin3_recobin3 acc 0.0589 eff 0.2643 outinratio 0.0664 

WplusH126_4e_costhetaZ2_genbin3_recobin3 acc 0.0535 eff 0.2627 outinratio 0.1462 

ZH126_4e_costhetaZ2_genbin3_recobin3 acc 0.0555 eff 0.2784 outinratio 0.0682 

ttH126_4e_costhetaZ2_genbin3_recobin3 acc 0.0487 eff 0.2882 outinratio 0.1622 

ggH126_4e_costhetaZ2_genbin4_recobin3 acc 0.0676 eff 0.0344 outinratio 0.0632 

VBFH126_4e_costhetaZ2_genbin4_recobin3 acc 0.0759 eff 0.0478 outinratio 0.0434 

WminusH126_4e_costhetaZ2_genbin4_recobin3 acc 0.0572 eff 0.0266 outinratio 0.0664 

WplusH126_4e_costhetaZ2_genbin4_recobin3 acc 0.0472 eff 0.0374 outinratio 0.1462 

ZH126_4e_costhetaZ2_genbin4_recobin3 acc 0.0552 eff 0.05 outinratio 0.0682 

ttH126_4e_costhetaZ2_genbin4_recobin3 acc 0.0506 eff 0.0371 outinratio 0.1622 

ggH126_4e_costhetaZ2_genbin5_recobin3 acc 0.0573 eff 0.0 outinratio 0.0632 

VBFH126_4e_costhetaZ2_genbin5_recobin3 acc 0.0677 eff 0.0005 outinratio 0.0434 

WminusH126_4e_costhetaZ2_genbin5_recobin3 acc 0.0481 eff 0.003 outinratio 0.0664 

WplusH126_4e_costhetaZ2_genbin5_recobin3 acc 0.0444 eff 0.0 outinratio 0.1462 

ZH126_4e_costhetaZ2_genbin5_recobin3 acc 0.0481 eff 0.0032 outinratio 0.0682 

ttH126_4e_costhetaZ2_genbin5_recobin3 acc 0.0476 eff 0.0007 outinratio 0.1622 

ggH126_4e_costhetaZ2_genbin6_recobin3 acc 0.0431 eff 0.0 outinratio 0.0632 

VBFH126_4e_costhetaZ2_genbin6_recobin3 acc 0.0473 eff 0.0 outinratio 0.0434 

WminusH126_4e_costhetaZ2_genbin6_recobin3 acc 0.0392 eff 0.0011 outinratio 0.0664 

WplusH126_4e_costhetaZ2_genbin6_recobin3 acc 0.0344 eff 0.0 outinratio 0.1462 

ZH126_4e_costhetaZ2_genbin6_recobin3 acc 0.0384 eff 0.0 outinratio 0.0682 

ttH126_4e_costhetaZ2_genbin6_recobin3 acc 0.0368 eff 0.0 outinratio 0.1622 

ggH126_4e_costhetaZ2_genbin7_recobin3 acc 0.0237 eff 0.0014 outinratio 0.0632 

VBFH126_4e_costhetaZ2_genbin7_recobin3 acc 0.0303 eff 0.0 outinratio 0.0434 

WminusH126_4e_costhetaZ2_genbin7_recobin3 acc 0.0237 eff 0.0 outinratio 0.0664 

WplusH126_4e_costhetaZ2_genbin7_recobin3 acc 0.0233 eff 0.0 outinratio 0.1462 

ZH126_4e_costhetaZ2_genbin7_recobin3 acc 0.0224 eff 0.0 outinratio 0.0682 

ttH126_4e_costhetaZ2_genbin7_recobin3 acc 0.0227 eff 0.0 outinratio 0.1622 

ggH126_4e_costhetaZ2_genbin0_recobin4 acc 0.0239 eff 0.0 outinratio 0.0523 

VBFH126_4e_costhetaZ2_genbin0_recobin4 acc 0.0315 eff 0.0 outinratio 0.029 

WminusH126_4e_costhetaZ2_genbin0_recobin4 acc 0.0264 eff 0.0 outinratio 0.0499 

WplusH126_4e_costhetaZ2_genbin0_recobin4 acc 0.022 eff 0.0 outinratio 0.0536 

ZH126_4e_costhetaZ2_genbin0_recobin4 acc 0.0237 eff 0.0 outinratio 0.0485 

ttH126_4e_costhetaZ2_genbin0_recobin4 acc 0.0245 eff 0.0 outinratio 0.1746 

ggH126_4e_costhetaZ2_genbin1_recobin4 acc 0.0408 eff 0.0 outinratio 0.0523 

VBFH126_4e_costhetaZ2_genbin1_recobin4 acc 0.0476 eff 0.0 outinratio 0.029 

WminusH126_4e_costhetaZ2_genbin1_recobin4 acc 0.0393 eff 0.0003 outinratio 0.0499 

WplusH126_4e_costhetaZ2_genbin1_recobin4 acc 0.0324 eff 0.0 outinratio 0.0536 

ZH126_4e_costhetaZ2_genbin1_recobin4 acc 0.0327 eff 0.0 outinratio 0.0485 

ttH126_4e_costhetaZ2_genbin1_recobin4 acc 0.039 eff 0.0 outinratio 0.1746 

ggH126_4e_costhetaZ2_genbin2_recobin4 acc 0.0615 eff 0.0006 outinratio 0.0523 

VBFH126_4e_costhetaZ2_genbin2_recobin4 acc 0.0663 eff 0.0041 outinratio 0.029 

WminusH126_4e_costhetaZ2_genbin2_recobin4 acc 0.0512 eff 0.0067 outinratio 0.0499 

WplusH126_4e_costhetaZ2_genbin2_recobin4 acc 0.0451 eff 0.0 outinratio 0.0536 

ZH126_4e_costhetaZ2_genbin2_recobin4 acc 0.0549 eff 0.0012 outinratio 0.0485 

ttH126_4e_costhetaZ2_genbin2_recobin4 acc 0.046 eff 0.0007 outinratio 0.1746 

ggH126_4e_costhetaZ2_genbin3_recobin4 acc 0.0612 eff 0.0466 outinratio 0.0523 

VBFH126_4e_costhetaZ2_genbin3_recobin4 acc 0.07 eff 0.0436 outinratio 0.029 

WminusH126_4e_costhetaZ2_genbin3_recobin4 acc 0.0589 eff 0.0342 outinratio 0.0499 

WplusH126_4e_costhetaZ2_genbin3_recobin4 acc 0.0535 eff 0.0307 outinratio 0.0536 

ZH126_4e_costhetaZ2_genbin3_recobin4 acc 0.0555 eff 0.0311 outinratio 0.0485 

ttH126_4e_costhetaZ2_genbin3_recobin4 acc 0.0487 eff 0.0339 outinratio 0.1746 

ggH126_4e_costhetaZ2_genbin4_recobin4 acc 0.0676 eff 0.2831 outinratio 0.0523 

VBFH126_4e_costhetaZ2_genbin4_recobin4 acc 0.0759 eff 0.2855 outinratio 0.029 

WminusH126_4e_costhetaZ2_genbin4_recobin4 acc 0.0572 eff 0.2929 outinratio 0.0499 

WplusH126_4e_costhetaZ2_genbin4_recobin4 acc 0.0472 eff 0.2806 outinratio 0.0536 

ZH126_4e_costhetaZ2_genbin4_recobin4 acc 0.0552 eff 0.2925 outinratio 0.0485 

ttH126_4e_costhetaZ2_genbin4_recobin4 acc 0.0506 eff 0.2919 outinratio 0.1746 

ggH126_4e_costhetaZ2_genbin5_recobin4 acc 0.0573 eff 0.0389 outinratio 0.0523 

VBFH126_4e_costhetaZ2_genbin5_recobin4 acc 0.0677 eff 0.0273 outinratio 0.029 

WminusH126_4e_costhetaZ2_genbin5_recobin4 acc 0.0481 eff 0.0397 outinratio 0.0499 

WplusH126_4e_costhetaZ2_genbin5_recobin4 acc 0.0444 eff 0.0232 outinratio 0.0536 

ZH126_4e_costhetaZ2_genbin5_recobin4 acc 0.0481 eff 0.0649 outinratio 0.0485 

ttH126_4e_costhetaZ2_genbin5_recobin4 acc 0.0476 eff 0.0268 outinratio 0.1746 

ggH126_4e_costhetaZ2_genbin6_recobin4 acc 0.0431 eff 0.0 outinratio 0.0523 

VBFH126_4e_costhetaZ2_genbin6_recobin4 acc 0.0473 eff 0.0 outinratio 0.029 

WminusH126_4e_costhetaZ2_genbin6_recobin4 acc 0.0392 eff 0.0005 outinratio 0.0499 

WplusH126_4e_costhetaZ2_genbin6_recobin4 acc 0.0344 eff 0.0 outinratio 0.0536 

ZH126_4e_costhetaZ2_genbin6_recobin4 acc 0.0384 eff 0.0 outinratio 0.0485 

ttH126_4e_costhetaZ2_genbin6_recobin4 acc 0.0368 eff 0.0009 outinratio 0.1746 

ggH126_4e_costhetaZ2_genbin7_recobin4 acc 0.0237 eff 0.0 outinratio 0.0523 

VBFH126_4e_costhetaZ2_genbin7_recobin4 acc 0.0303 eff 0.0022 outinratio 0.029 

WminusH126_4e_costhetaZ2_genbin7_recobin4 acc 0.0237 eff 0.0012 outinratio 0.0499 

WplusH126_4e_costhetaZ2_genbin7_recobin4 acc 0.0233 eff 0.0 outinratio 0.0536 

ZH126_4e_costhetaZ2_genbin7_recobin4 acc 0.0224 eff 0.0 outinratio 0.0485 

ttH126_4e_costhetaZ2_genbin7_recobin4 acc 0.0227 eff 0.0 outinratio 0.1746 

ggH126_4e_costhetaZ2_genbin0_recobin5 acc 0.0239 eff 0.0 outinratio 0.0321 

VBFH126_4e_costhetaZ2_genbin0_recobin5 acc 0.0315 eff 0.0 outinratio 0.0213 

WminusH126_4e_costhetaZ2_genbin0_recobin5 acc 0.0264 eff 0.0 outinratio 0.074 

WplusH126_4e_costhetaZ2_genbin0_recobin5 acc 0.022 eff 0.0 outinratio 0.0241 

ZH126_4e_costhetaZ2_genbin0_recobin5 acc 0.0237 eff 0.0 outinratio 0.1054 

ttH126_4e_costhetaZ2_genbin0_recobin5 acc 0.0245 eff 0.0 outinratio 0.1978 

ggH126_4e_costhetaZ2_genbin1_recobin5 acc 0.0408 eff 0.0 outinratio 0.0321 

VBFH126_4e_costhetaZ2_genbin1_recobin5 acc 0.0476 eff 0.0 outinratio 0.0213 

WminusH126_4e_costhetaZ2_genbin1_recobin5 acc 0.0393 eff 0.0 outinratio 0.074 

WplusH126_4e_costhetaZ2_genbin1_recobin5 acc 0.0324 eff 0.0 outinratio 0.0241 

ZH126_4e_costhetaZ2_genbin1_recobin5 acc 0.0327 eff 0.0 outinratio 0.1054 

ttH126_4e_costhetaZ2_genbin1_recobin5 acc 0.039 eff 0.001 outinratio 0.1978 

ggH126_4e_costhetaZ2_genbin2_recobin5 acc 0.0615 eff 0.0009 outinratio 0.0321 

VBFH126_4e_costhetaZ2_genbin2_recobin5 acc 0.0663 eff 0.0004 outinratio 0.0213 

WminusH126_4e_costhetaZ2_genbin2_recobin5 acc 0.0512 eff 0.0 outinratio 0.074 

WplusH126_4e_costhetaZ2_genbin2_recobin5 acc 0.0451 eff 0.0 outinratio 0.0241 

ZH126_4e_costhetaZ2_genbin2_recobin5 acc 0.0549 eff 0.0 outinratio 0.1054 

ttH126_4e_costhetaZ2_genbin2_recobin5 acc 0.046 eff 0.0009 outinratio 0.1978 

ggH126_4e_costhetaZ2_genbin3_recobin5 acc 0.0612 eff 0.0018 outinratio 0.0321 

VBFH126_4e_costhetaZ2_genbin3_recobin5 acc 0.07 eff 0.0038 outinratio 0.0213 

WminusH126_4e_costhetaZ2_genbin3_recobin5 acc 0.0589 eff 0.0036 outinratio 0.074 

WplusH126_4e_costhetaZ2_genbin3_recobin5 acc 0.0535 eff 0.002 outinratio 0.0241 

ZH126_4e_costhetaZ2_genbin3_recobin5 acc 0.0555 eff 0.0029 outinratio 0.1054 

ttH126_4e_costhetaZ2_genbin3_recobin5 acc 0.0487 eff 0.0011 outinratio 0.1978 

ggH126_4e_costhetaZ2_genbin4_recobin5 acc 0.0676 eff 0.0379 outinratio 0.0321 

VBFH126_4e_costhetaZ2_genbin4_recobin5 acc 0.0759 eff 0.031 outinratio 0.0213 

WminusH126_4e_costhetaZ2_genbin4_recobin5 acc 0.0572 eff 0.0459 outinratio 0.074 

WplusH126_4e_costhetaZ2_genbin4_recobin5 acc 0.0472 eff 0.0511 outinratio 0.0241 

ZH126_4e_costhetaZ2_genbin4_recobin5 acc 0.0552 eff 0.0332 outinratio 0.1054 

ttH126_4e_costhetaZ2_genbin4_recobin5 acc 0.0506 eff 0.0296 outinratio 0.1978 

ggH126_4e_costhetaZ2_genbin5_recobin5 acc 0.0573 eff 0.2903 outinratio 0.0321 

VBFH126_4e_costhetaZ2_genbin5_recobin5 acc 0.0677 eff 0.314 outinratio 0.0213 

WminusH126_4e_costhetaZ2_genbin5_recobin5 acc 0.0481 eff 0.2889 outinratio 0.074 

WplusH126_4e_costhetaZ2_genbin5_recobin5 acc 0.0444 eff 0.2724 outinratio 0.0241 

ZH126_4e_costhetaZ2_genbin5_recobin5 acc 0.0481 eff 0.2711 outinratio 0.1054 

ttH126_4e_costhetaZ2_genbin5_recobin5 acc 0.0476 eff 0.2923 outinratio 0.1978 

ggH126_4e_costhetaZ2_genbin6_recobin5 acc 0.0431 eff 0.023 outinratio 0.0321 

VBFH126_4e_costhetaZ2_genbin6_recobin5 acc 0.0473 eff 0.0296 outinratio 0.0213 

WminusH126_4e_costhetaZ2_genbin6_recobin5 acc 0.0392 eff 0.0322 outinratio 0.074 

WplusH126_4e_costhetaZ2_genbin6_recobin5 acc 0.0344 eff 0.0496 outinratio 0.0241 

ZH126_4e_costhetaZ2_genbin6_recobin5 acc 0.0384 eff 0.0474 outinratio 0.1054 

ttH126_4e_costhetaZ2_genbin6_recobin5 acc 0.0368 eff 0.028 outinratio 0.1978 

ggH126_4e_costhetaZ2_genbin7_recobin5 acc 0.0237 eff 0.0 outinratio 0.0321 

VBFH126_4e_costhetaZ2_genbin7_recobin5 acc 0.0303 eff 0.0019 outinratio 0.0213 

WminusH126_4e_costhetaZ2_genbin7_recobin5 acc 0.0237 eff 0.0011 outinratio 0.074 

WplusH126_4e_costhetaZ2_genbin7_recobin5 acc 0.0233 eff 0.0 outinratio 0.0241 

ZH126_4e_costhetaZ2_genbin7_recobin5 acc 0.0224 eff 0.0 outinratio 0.1054 

ttH126_4e_costhetaZ2_genbin7_recobin5 acc 0.0227 eff 0.0 outinratio 0.1978 

ggH126_4e_costhetaZ2_genbin0_recobin6 acc 0.0239 eff 0.0 outinratio 0.0452 

VBFH126_4e_costhetaZ2_genbin0_recobin6 acc 0.0315 eff 0.0 outinratio 0.0347 

WminusH126_4e_costhetaZ2_genbin0_recobin6 acc 0.0264 eff 0.0 outinratio 0.0797 

WplusH126_4e_costhetaZ2_genbin0_recobin6 acc 0.022 eff 0.0 outinratio 0.0449 

ZH126_4e_costhetaZ2_genbin0_recobin6 acc 0.0237 eff 0.0 outinratio 0.1161 

ttH126_4e_costhetaZ2_genbin0_recobin6 acc 0.0245 eff 0.0 outinratio 0.1953 

ggH126_4e_costhetaZ2_genbin1_recobin6 acc 0.0408 eff 0.0 outinratio 0.0452 

VBFH126_4e_costhetaZ2_genbin1_recobin6 acc 0.0476 eff 0.0 outinratio 0.0347 

WminusH126_4e_costhetaZ2_genbin1_recobin6 acc 0.0393 eff 0.0 outinratio 0.0797 

WplusH126_4e_costhetaZ2_genbin1_recobin6 acc 0.0324 eff 0.0 outinratio 0.0449 

ZH126_4e_costhetaZ2_genbin1_recobin6 acc 0.0327 eff 0.0 outinratio 0.1161 

ttH126_4e_costhetaZ2_genbin1_recobin6 acc 0.039 eff 0.0 outinratio 0.1953 

ggH126_4e_costhetaZ2_genbin2_recobin6 acc 0.0615 eff 0.0022 outinratio 0.0452 

VBFH126_4e_costhetaZ2_genbin2_recobin6 acc 0.0663 eff 0.001 outinratio 0.0347 

WminusH126_4e_costhetaZ2_genbin2_recobin6 acc 0.0512 eff 0.0017 outinratio 0.0797 

WplusH126_4e_costhetaZ2_genbin2_recobin6 acc 0.0451 eff 0.0 outinratio 0.0449 

ZH126_4e_costhetaZ2_genbin2_recobin6 acc 0.0549 eff 0.0 outinratio 0.1161 

ttH126_4e_costhetaZ2_genbin2_recobin6 acc 0.046 eff 0.0 outinratio 0.1953 

ggH126_4e_costhetaZ2_genbin3_recobin6 acc 0.0612 eff 0.0 outinratio 0.0452 

VBFH126_4e_costhetaZ2_genbin3_recobin6 acc 0.07 eff 0.0 outinratio 0.0347 

WminusH126_4e_costhetaZ2_genbin3_recobin6 acc 0.0589 eff 0.0 outinratio 0.0797 

WplusH126_4e_costhetaZ2_genbin3_recobin6 acc 0.0535 eff 0.0 outinratio 0.0449 

ZH126_4e_costhetaZ2_genbin3_recobin6 acc 0.0555 eff 0.0 outinratio 0.1161 

ttH126_4e_costhetaZ2_genbin3_recobin6 acc 0.0487 eff 0.0 outinratio 0.1953 

ggH126_4e_costhetaZ2_genbin4_recobin6 acc 0.0676 eff 0.0 outinratio 0.0452 

VBFH126_4e_costhetaZ2_genbin4_recobin6 acc 0.0759 eff 0.0025 outinratio 0.0347 

WminusH126_4e_costhetaZ2_genbin4_recobin6 acc 0.0572 eff 0.0008 outinratio 0.0797 

WplusH126_4e_costhetaZ2_genbin4_recobin6 acc 0.0472 eff 0.0 outinratio 0.0449 

ZH126_4e_costhetaZ2_genbin4_recobin6 acc 0.0552 eff 0.0016 outinratio 0.1161 

ttH126_4e_costhetaZ2_genbin4_recobin6 acc 0.0506 eff 0.0022 outinratio 0.1953 

ggH126_4e_costhetaZ2_genbin5_recobin6 acc 0.0573 eff 0.0326 outinratio 0.0452 

VBFH126_4e_costhetaZ2_genbin5_recobin6 acc 0.0677 eff 0.0323 outinratio 0.0347 

WminusH126_4e_costhetaZ2_genbin5_recobin6 acc 0.0481 eff 0.0249 outinratio 0.0797 

WplusH126_4e_costhetaZ2_genbin5_recobin6 acc 0.0444 eff 0.021 outinratio 0.0449 

ZH126_4e_costhetaZ2_genbin5_recobin6 acc 0.0481 eff 0.0237 outinratio 0.1161 

ttH126_4e_costhetaZ2_genbin5_recobin6 acc 0.0476 eff 0.0415 outinratio 0.1953 

ggH126_4e_costhetaZ2_genbin6_recobin6 acc 0.0431 eff 0.2983 outinratio 0.0452 

VBFH126_4e_costhetaZ2_genbin6_recobin6 acc 0.0473 eff 0.2933 outinratio 0.0347 

WminusH126_4e_costhetaZ2_genbin6_recobin6 acc 0.0392 eff 0.2747 outinratio 0.0797 

WplusH126_4e_costhetaZ2_genbin6_recobin6 acc 0.0344 eff 0.277 outinratio 0.0449 

ZH126_4e_costhetaZ2_genbin6_recobin6 acc 0.0384 eff 0.332 outinratio 0.1161 

ttH126_4e_costhetaZ2_genbin6_recobin6 acc 0.0368 eff 0.3225 outinratio 0.1953 

ggH126_4e_costhetaZ2_genbin7_recobin6 acc 0.0237 eff 0.0305 outinratio 0.0452 

VBFH126_4e_costhetaZ2_genbin7_recobin6 acc 0.0303 eff 0.0215 outinratio 0.0347 

WminusH126_4e_costhetaZ2_genbin7_recobin6 acc 0.0237 eff 0.0248 outinratio 0.0797 

WplusH126_4e_costhetaZ2_genbin7_recobin6 acc 0.0233 eff 0.061 outinratio 0.0449 

ZH126_4e_costhetaZ2_genbin7_recobin6 acc 0.0224 eff 0.0259 outinratio 0.1161 

ttH126_4e_costhetaZ2_genbin7_recobin6 acc 0.0227 eff 0.0145 outinratio 0.1953 

ggH126_4e_costhetaZ2_genbin0_recobin7 acc 0.0239 eff 0.0 outinratio 0.1174 

VBFH126_4e_costhetaZ2_genbin0_recobin7 acc 0.0315 eff 0.0 outinratio 0.0401 

WminusH126_4e_costhetaZ2_genbin0_recobin7 acc 0.0264 eff 0.0 outinratio 0.1023 

WplusH126_4e_costhetaZ2_genbin0_recobin7 acc 0.022 eff 0.0 outinratio 0.1215 

ZH126_4e_costhetaZ2_genbin0_recobin7 acc 0.0237 eff 0.0 outinratio 0.084 

ttH126_4e_costhetaZ2_genbin0_recobin7 acc 0.0245 eff 0.0 outinratio 0.2665 

ggH126_4e_costhetaZ2_genbin1_recobin7 acc 0.0408 eff 0.0 outinratio 0.1174 

VBFH126_4e_costhetaZ2_genbin1_recobin7 acc 0.0476 eff 0.0 outinratio 0.0401 

WminusH126_4e_costhetaZ2_genbin1_recobin7 acc 0.0393 eff 0.0 outinratio 0.1023 

WplusH126_4e_costhetaZ2_genbin1_recobin7 acc 0.0324 eff 0.0 outinratio 0.1215 

ZH126_4e_costhetaZ2_genbin1_recobin7 acc 0.0327 eff 0.0 outinratio 0.084 

ttH126_4e_costhetaZ2_genbin1_recobin7 acc 0.039 eff 0.0 outinratio 0.2665 

ggH126_4e_costhetaZ2_genbin2_recobin7 acc 0.0615 eff 0.0 outinratio 0.1174 

VBFH126_4e_costhetaZ2_genbin2_recobin7 acc 0.0663 eff 0.0 outinratio 0.0401 

WminusH126_4e_costhetaZ2_genbin2_recobin7 acc 0.0512 eff 0.0 outinratio 0.1023 

WplusH126_4e_costhetaZ2_genbin2_recobin7 acc 0.0451 eff 0.0 outinratio 0.1215 

ZH126_4e_costhetaZ2_genbin2_recobin7 acc 0.0549 eff 0.0 outinratio 0.084 

ttH126_4e_costhetaZ2_genbin2_recobin7 acc 0.046 eff 0.0 outinratio 0.2665 

ggH126_4e_costhetaZ2_genbin3_recobin7 acc 0.0612 eff 0.0 outinratio 0.1174 

VBFH126_4e_costhetaZ2_genbin3_recobin7 acc 0.07 eff 0.0 outinratio 0.0401 

WminusH126_4e_costhetaZ2_genbin3_recobin7 acc 0.0589 eff 0.0 outinratio 0.1023 

WplusH126_4e_costhetaZ2_genbin3_recobin7 acc 0.0535 eff 0.0 outinratio 0.1215 

ZH126_4e_costhetaZ2_genbin3_recobin7 acc 0.0555 eff 0.0 outinratio 0.084 

ttH126_4e_costhetaZ2_genbin3_recobin7 acc 0.0487 eff 0.0 outinratio 0.2665 

ggH126_4e_costhetaZ2_genbin4_recobin7 acc 0.0676 eff 0.0007 outinratio 0.1174 

VBFH126_4e_costhetaZ2_genbin4_recobin7 acc 0.0759 eff 0.0008 outinratio 0.0401 

WminusH126_4e_costhetaZ2_genbin4_recobin7 acc 0.0572 eff 0.0 outinratio 0.1023 

WplusH126_4e_costhetaZ2_genbin4_recobin7 acc 0.0472 eff 0.0 outinratio 0.1215 

ZH126_4e_costhetaZ2_genbin4_recobin7 acc 0.0552 eff 0.0 outinratio 0.084 

ttH126_4e_costhetaZ2_genbin4_recobin7 acc 0.0506 eff 0.001 outinratio 0.2665 

ggH126_4e_costhetaZ2_genbin5_recobin7 acc 0.0573 eff 0.0017 outinratio 0.1174 

VBFH126_4e_costhetaZ2_genbin5_recobin7 acc 0.0677 eff 0.0035 outinratio 0.0401 

WminusH126_4e_costhetaZ2_genbin5_recobin7 acc 0.0481 eff 0.0006 outinratio 0.1023 

WplusH126_4e_costhetaZ2_genbin5_recobin7 acc 0.0444 eff 0.0 outinratio 0.1215 

ZH126_4e_costhetaZ2_genbin5_recobin7 acc 0.0481 eff 0.0036 outinratio 0.084 

ttH126_4e_costhetaZ2_genbin5_recobin7 acc 0.0476 eff 0.0 outinratio 0.2665 

ggH126_4e_costhetaZ2_genbin6_recobin7 acc 0.0431 eff 0.0136 outinratio 0.1174 

VBFH126_4e_costhetaZ2_genbin6_recobin7 acc 0.0473 eff 0.0215 outinratio 0.0401 

WminusH126_4e_costhetaZ2_genbin6_recobin7 acc 0.0392 eff 0.0275 outinratio 0.1023 

WplusH126_4e_costhetaZ2_genbin6_recobin7 acc 0.0344 eff 0.0262 outinratio 0.1215 

ZH126_4e_costhetaZ2_genbin6_recobin7 acc 0.0384 eff 0.0157 outinratio 0.084 

ttH126_4e_costhetaZ2_genbin6_recobin7 acc 0.0368 eff 0.0184 outinratio 0.2665 

ggH126_4e_costhetaZ2_genbin7_recobin7 acc 0.0237 eff 0.232 outinratio 0.1174 

VBFH126_4e_costhetaZ2_genbin7_recobin7 acc 0.0303 eff 0.2988 outinratio 0.0401 

WminusH126_4e_costhetaZ2_genbin7_recobin7 acc 0.0237 eff 0.2562 outinratio 0.1023 

WplusH126_4e_costhetaZ2_genbin7_recobin7 acc 0.0233 eff 0.2085 outinratio 0.1215 

ZH126_4e_costhetaZ2_genbin7_recobin7 acc 0.0224 eff 0.3207 outinratio 0.084 

ttH126_4e_costhetaZ2_genbin7_recobin7 acc 0.0227 eff 0.2724 outinratio 0.2665 

ggH126_4mu_costhetaZ2_genbin0_recobin0 acc 0.0306 eff 0.7022 outinratio 0.0643 

VBFH126_4mu_costhetaZ2_genbin0_recobin0 acc 0.0381 eff 0.8061 outinratio 0.0284 

WminusH126_4mu_costhetaZ2_genbin0_recobin0 acc 0.0301 eff 0.7579 outinratio 0.0973 

WplusH126_4mu_costhetaZ2_genbin0_recobin0 acc 0.0272 eff 0.7717 outinratio 0.0923 

ZH126_4mu_costhetaZ2_genbin0_recobin0 acc 0.025 eff 0.7168 outinratio 0.1187 

ttH126_4mu_costhetaZ2_genbin0_recobin0 acc 0.0304 eff 0.7326 outinratio 0.1945 

ggH126_4mu_costhetaZ2_genbin1_recobin0 acc 0.0551 eff 0.0208 outinratio 0.0643 

VBFH126_4mu_costhetaZ2_genbin1_recobin0 acc 0.0555 eff 0.0203 outinratio 0.0284 

WminusH126_4mu_costhetaZ2_genbin1_recobin0 acc 0.0447 eff 0.0143 outinratio 0.0973 

WplusH126_4mu_costhetaZ2_genbin1_recobin0 acc 0.0384 eff 0.0161 outinratio 0.0923 

ZH126_4mu_costhetaZ2_genbin1_recobin0 acc 0.0417 eff 0.0214 outinratio 0.1187 

ttH126_4mu_costhetaZ2_genbin1_recobin0 acc 0.0416 eff 0.0228 outinratio 0.1945 

ggH126_4mu_costhetaZ2_genbin2_recobin0 acc 0.0665 eff 0.0 outinratio 0.0643 

VBFH126_4mu_costhetaZ2_genbin2_recobin0 acc 0.0649 eff 0.0013 outinratio 0.0284 

WminusH126_4mu_costhetaZ2_genbin2_recobin0 acc 0.0538 eff 0.0002 outinratio 0.0973 

WplusH126_4mu_costhetaZ2_genbin2_recobin0 acc 0.0517 eff 0.0 outinratio 0.0923 

ZH126_4mu_costhetaZ2_genbin2_recobin0 acc 0.0513 eff 0.0018 outinratio 0.1187 

ttH126_4mu_costhetaZ2_genbin2_recobin0 acc 0.0489 eff 0.0005 outinratio 0.1945 

ggH126_4mu_costhetaZ2_genbin3_recobin0 acc 0.068 eff 0.0 outinratio 0.0643 

VBFH126_4mu_costhetaZ2_genbin3_recobin0 acc 0.0728 eff 0.0 outinratio 0.0284 

WminusH126_4mu_costhetaZ2_genbin3_recobin0 acc 0.0619 eff 0.0 outinratio 0.0973 

WplusH126_4mu_costhetaZ2_genbin3_recobin0 acc 0.0575 eff 0.0 outinratio 0.0923 

ZH126_4mu_costhetaZ2_genbin3_recobin0 acc 0.0603 eff 0.0 outinratio 0.1187 

ttH126_4mu_costhetaZ2_genbin3_recobin0 acc 0.0558 eff 0.0 outinratio 0.1945 

ggH126_4mu_costhetaZ2_genbin4_recobin0 acc 0.0658 eff 0.0 outinratio 0.0643 

VBFH126_4mu_costhetaZ2_genbin4_recobin0 acc 0.0803 eff 0.0 outinratio 0.0284 

WminusH126_4mu_costhetaZ2_genbin4_recobin0 acc 0.0571 eff 0.0 outinratio 0.0973 

WplusH126_4mu_costhetaZ2_genbin4_recobin0 acc 0.0534 eff 0.0 outinratio 0.0923 

ZH126_4mu_costhetaZ2_genbin4_recobin0 acc 0.0569 eff 0.0 outinratio 0.1187 

ttH126_4mu_costhetaZ2_genbin4_recobin0 acc 0.0531 eff 0.0 outinratio 0.1945 

ggH126_4mu_costhetaZ2_genbin5_recobin0 acc 0.0629 eff 0.0 outinratio 0.0643 

VBFH126_4mu_costhetaZ2_genbin5_recobin0 acc 0.0711 eff 0.0 outinratio 0.0284 

WminusH126_4mu_costhetaZ2_genbin5_recobin0 acc 0.054 eff 0.0006 outinratio 0.0973 

WplusH126_4mu_costhetaZ2_genbin5_recobin0 acc 0.0418 eff 0.0 outinratio 0.0923 

ZH126_4mu_costhetaZ2_genbin5_recobin0 acc 0.0577 eff 0.0 outinratio 0.1187 

ttH126_4mu_costhetaZ2_genbin5_recobin0 acc 0.0475 eff 0.0 outinratio 0.1945 

ggH126_4mu_costhetaZ2_genbin6_recobin0 acc 0.0481 eff 0.0 outinratio 0.0643 

VBFH126_4mu_costhetaZ2_genbin6_recobin0 acc 0.0608 eff 0.0 outinratio 0.0284 

WminusH126_4mu_costhetaZ2_genbin6_recobin0 acc 0.0444 eff 0.0 outinratio 0.0973 

WplusH126_4mu_costhetaZ2_genbin6_recobin0 acc 0.0358 eff 0.0 outinratio 0.0923 

ZH126_4mu_costhetaZ2_genbin6_recobin0 acc 0.0409 eff 0.0 outinratio 0.1187 

ttH126_4mu_costhetaZ2_genbin6_recobin0 acc 0.041 eff 0.0 outinratio 0.1945 

ggH126_4mu_costhetaZ2_genbin7_recobin0 acc 0.0347 eff 0.0 outinratio 0.0643 

VBFH126_4mu_costhetaZ2_genbin7_recobin0 acc 0.0398 eff 0.0 outinratio 0.0284 

WminusH126_4mu_costhetaZ2_genbin7_recobin0 acc 0.0325 eff 0.0 outinratio 0.0973 

WplusH126_4mu_costhetaZ2_genbin7_recobin0 acc 0.0225 eff 0.0 outinratio 0.0923 

ZH126_4mu_costhetaZ2_genbin7_recobin0 acc 0.0304 eff 0.0 outinratio 0.1187 

ttH126_4mu_costhetaZ2_genbin7_recobin0 acc 0.0261 eff 0.0 outinratio 0.1945 

ggH126_4mu_costhetaZ2_genbin0_recobin1 acc 0.0306 eff 0.0167 outinratio 0.0386 

VBFH126_4mu_costhetaZ2_genbin0_recobin1 acc 0.0381 eff 0.018 outinratio 0.037 

WminusH126_4mu_costhetaZ2_genbin0_recobin1 acc 0.0301 eff 0.0169 outinratio 0.0894 

WplusH126_4mu_costhetaZ2_genbin0_recobin1 acc 0.0272 eff 0.0128 outinratio 0.0703 

ZH126_4mu_costhetaZ2_genbin0_recobin1 acc 0.025 eff 0.0139 outinratio 0.0754 

ttH126_4mu_costhetaZ2_genbin0_recobin1 acc 0.0304 eff 0.0325 outinratio 0.1427 

ggH126_4mu_costhetaZ2_genbin1_recobin1 acc 0.0551 eff 0.7611 outinratio 0.0386 

VBFH126_4mu_costhetaZ2_genbin1_recobin1 acc 0.0555 eff 0.7407 outinratio 0.037 

WminusH126_4mu_costhetaZ2_genbin1_recobin1 acc 0.0447 eff 0.7429 outinratio 0.0894 

WplusH126_4mu_costhetaZ2_genbin1_recobin1 acc 0.0384 eff 0.8533 outinratio 0.0703 

ZH126_4mu_costhetaZ2_genbin1_recobin1 acc 0.0417 eff 0.7618 outinratio 0.0754 

ttH126_4mu_costhetaZ2_genbin1_recobin1 acc 0.0416 eff 0.7504 outinratio 0.1427 

ggH126_4mu_costhetaZ2_genbin2_recobin1 acc 0.0665 eff 0.016 outinratio 0.0386 

VBFH126_4mu_costhetaZ2_genbin2_recobin1 acc 0.0649 eff 0.0175 outinratio 0.037 

WminusH126_4mu_costhetaZ2_genbin2_recobin1 acc 0.0538 eff 0.0266 outinratio 0.0894 

WplusH126_4mu_costhetaZ2_genbin2_recobin1 acc 0.0517 eff 0.0238 outinratio 0.0703 

ZH126_4mu_costhetaZ2_genbin2_recobin1 acc 0.0513 eff 0.0201 outinratio 0.0754 

ttH126_4mu_costhetaZ2_genbin2_recobin1 acc 0.0489 eff 0.0196 outinratio 0.1427 

ggH126_4mu_costhetaZ2_genbin3_recobin1 acc 0.068 eff 0.0032 outinratio 0.0386 

VBFH126_4mu_costhetaZ2_genbin3_recobin1 acc 0.0728 eff 0.0045 outinratio 0.037 

WminusH126_4mu_costhetaZ2_genbin3_recobin1 acc 0.0619 eff 0.0015 outinratio 0.0894 

WplusH126_4mu_costhetaZ2_genbin3_recobin1 acc 0.0575 eff 0.0 outinratio 0.0703 

ZH126_4mu_costhetaZ2_genbin3_recobin1 acc 0.0603 eff 0.0 outinratio 0.0754 

ttH126_4mu_costhetaZ2_genbin3_recobin1 acc 0.0558 eff 0.0008 outinratio 0.1427 

ggH126_4mu_costhetaZ2_genbin4_recobin1 acc 0.0658 eff 0.0 outinratio 0.0386 

VBFH126_4mu_costhetaZ2_genbin4_recobin1 acc 0.0803 eff 0.0 outinratio 0.037 

WminusH126_4mu_costhetaZ2_genbin4_recobin1 acc 0.0571 eff 0.0024 outinratio 0.0894 

WplusH126_4mu_costhetaZ2_genbin4_recobin1 acc 0.0534 eff 0.0 outinratio 0.0703 

ZH126_4mu_costhetaZ2_genbin4_recobin1 acc 0.0569 eff 0.0 outinratio 0.0754 

ttH126_4mu_costhetaZ2_genbin4_recobin1 acc 0.0531 eff 0.0 outinratio 0.1427 

ggH126_4mu_costhetaZ2_genbin5_recobin1 acc 0.0629 eff 0.0 outinratio 0.0386 

VBFH126_4mu_costhetaZ2_genbin5_recobin1 acc 0.0711 eff 0.0 outinratio 0.037 

WminusH126_4mu_costhetaZ2_genbin5_recobin1 acc 0.054 eff 0.0 outinratio 0.0894 

WplusH126_4mu_costhetaZ2_genbin5_recobin1 acc 0.0418 eff 0.0 outinratio 0.0703 

ZH126_4mu_costhetaZ2_genbin5_recobin1 acc 0.0577 eff 0.0 outinratio 0.0754 

ttH126_4mu_costhetaZ2_genbin5_recobin1 acc 0.0475 eff 0.0 outinratio 0.1427 

ggH126_4mu_costhetaZ2_genbin6_recobin1 acc 0.0481 eff 0.0 outinratio 0.0386 

VBFH126_4mu_costhetaZ2_genbin6_recobin1 acc 0.0608 eff 0.0 outinratio 0.037 

WminusH126_4mu_costhetaZ2_genbin6_recobin1 acc 0.0444 eff 0.0 outinratio 0.0894 

WplusH126_4mu_costhetaZ2_genbin6_recobin1 acc 0.0358 eff 0.0 outinratio 0.0703 

ZH126_4mu_costhetaZ2_genbin6_recobin1 acc 0.0409 eff 0.0 outinratio 0.0754 

ttH126_4mu_costhetaZ2_genbin6_recobin1 acc 0.041 eff 0.0 outinratio 0.1427 

ggH126_4mu_costhetaZ2_genbin7_recobin1 acc 0.0347 eff 0.0 outinratio 0.0386 

VBFH126_4mu_costhetaZ2_genbin7_recobin1 acc 0.0398 eff 0.0 outinratio 0.037 

WminusH126_4mu_costhetaZ2_genbin7_recobin1 acc 0.0325 eff 0.0 outinratio 0.0894 

WplusH126_4mu_costhetaZ2_genbin7_recobin1 acc 0.0225 eff 0.0 outinratio 0.0703 

ZH126_4mu_costhetaZ2_genbin7_recobin1 acc 0.0304 eff 0.0 outinratio 0.0754 

ttH126_4mu_costhetaZ2_genbin7_recobin1 acc 0.0261 eff 0.0 outinratio 0.1427 

ggH126_4mu_costhetaZ2_genbin0_recobin2 acc 0.0306 eff 0.0 outinratio 0.0434 

VBFH126_4mu_costhetaZ2_genbin0_recobin2 acc 0.0381 eff 0.0 outinratio 0.0365 

WminusH126_4mu_costhetaZ2_genbin0_recobin2 acc 0.0301 eff 0.0037 outinratio 0.0534 

WplusH126_4mu_costhetaZ2_genbin0_recobin2 acc 0.0272 eff 0.0 outinratio 0.0505 

ZH126_4mu_costhetaZ2_genbin0_recobin2 acc 0.025 eff 0.004 outinratio 0.0739 

ttH126_4mu_costhetaZ2_genbin0_recobin2 acc 0.0304 eff 0.0006 outinratio 0.1488 

ggH126_4mu_costhetaZ2_genbin1_recobin2 acc 0.0551 eff 0.032 outinratio 0.0434 

VBFH126_4mu_costhetaZ2_genbin1_recobin2 acc 0.0555 eff 0.0242 outinratio 0.0365 

WminusH126_4mu_costhetaZ2_genbin1_recobin2 acc 0.0447 eff 0.0356 outinratio 0.0534 

WplusH126_4mu_costhetaZ2_genbin1_recobin2 acc 0.0384 eff 0.0144 outinratio 0.0505 

ZH126_4mu_costhetaZ2_genbin1_recobin2 acc 0.0417 eff 0.0211 outinratio 0.0739 

ttH126_4mu_costhetaZ2_genbin1_recobin2 acc 0.0416 eff 0.0379 outinratio 0.1488 

ggH126_4mu_costhetaZ2_genbin2_recobin2 acc 0.0665 eff 0.7816 outinratio 0.0434 

VBFH126_4mu_costhetaZ2_genbin2_recobin2 acc 0.0649 eff 0.734 outinratio 0.0365 

WminusH126_4mu_costhetaZ2_genbin2_recobin2 acc 0.0538 eff 0.742 outinratio 0.0534 

WplusH126_4mu_costhetaZ2_genbin2_recobin2 acc 0.0517 eff 0.6377 outinratio 0.0505 

ZH126_4mu_costhetaZ2_genbin2_recobin2 acc 0.0513 eff 0.7111 outinratio 0.0739 

ttH126_4mu_costhetaZ2_genbin2_recobin2 acc 0.0489 eff 0.7558 outinratio 0.1488 

ggH126_4mu_costhetaZ2_genbin3_recobin2 acc 0.068 eff 0.0256 outinratio 0.0434 

VBFH126_4mu_costhetaZ2_genbin3_recobin2 acc 0.0728 eff 0.0428 outinratio 0.0365 

WminusH126_4mu_costhetaZ2_genbin3_recobin2 acc 0.0619 eff 0.0281 outinratio 0.0534 

WplusH126_4mu_costhetaZ2_genbin3_recobin2 acc 0.0575 eff 0.0234 outinratio 0.0505 

ZH126_4mu_costhetaZ2_genbin3_recobin2 acc 0.0603 eff 0.0262 outinratio 0.0739 

ttH126_4mu_costhetaZ2_genbin3_recobin2 acc 0.0558 eff 0.0356 outinratio 0.1488 

ggH126_4mu_costhetaZ2_genbin4_recobin2 acc 0.0658 eff 0.0 outinratio 0.0434 

VBFH126_4mu_costhetaZ2_genbin4_recobin2 acc 0.0803 eff 0.0004 outinratio 0.0365 

WminusH126_4mu_costhetaZ2_genbin4_recobin2 acc 0.0571 eff 0.0034 outinratio 0.0534 

WplusH126_4mu_costhetaZ2_genbin4_recobin2 acc 0.0534 eff 0.0045 outinratio 0.0505 

ZH126_4mu_costhetaZ2_genbin4_recobin2 acc 0.0569 eff 0.0 outinratio 0.0739 

ttH126_4mu_costhetaZ2_genbin4_recobin2 acc 0.0531 eff -0.0009 outinratio 0.1488 

ggH126_4mu_costhetaZ2_genbin5_recobin2 acc 0.0629 eff 0.0 outinratio 0.0434 

VBFH126_4mu_costhetaZ2_genbin5_recobin2 acc 0.0711 eff 0.0021 outinratio 0.0365 

WminusH126_4mu_costhetaZ2_genbin5_recobin2 acc 0.054 eff 0.0017 outinratio 0.0534 

WplusH126_4mu_costhetaZ2_genbin5_recobin2 acc 0.0418 eff 0.0 outinratio 0.0505 

ZH126_4mu_costhetaZ2_genbin5_recobin2 acc 0.0577 eff 0.0017 outinratio 0.0739 

ttH126_4mu_costhetaZ2_genbin5_recobin2 acc 0.0475 eff 0.0 outinratio 0.1488 

ggH126_4mu_costhetaZ2_genbin6_recobin2 acc 0.0481 eff 0.0 outinratio 0.0434 

VBFH126_4mu_costhetaZ2_genbin6_recobin2 acc 0.0608 eff 0.0 outinratio 0.0365 

WminusH126_4mu_costhetaZ2_genbin6_recobin2 acc 0.0444 eff 0.0028 outinratio 0.0534 

WplusH126_4mu_costhetaZ2_genbin6_recobin2 acc 0.0358 eff 0.0 outinratio 0.0505 

ZH126_4mu_costhetaZ2_genbin6_recobin2 acc 0.0409 eff 0.0 outinratio 0.0739 

ttH126_4mu_costhetaZ2_genbin6_recobin2 acc 0.041 eff 0.0 outinratio 0.1488 

ggH126_4mu_costhetaZ2_genbin7_recobin2 acc 0.0347 eff 0.0 outinratio 0.0434 

VBFH126_4mu_costhetaZ2_genbin7_recobin2 acc 0.0398 eff 0.0 outinratio 0.0365 

WminusH126_4mu_costhetaZ2_genbin7_recobin2 acc 0.0325 eff 0.0 outinratio 0.0534 

WplusH126_4mu_costhetaZ2_genbin7_recobin2 acc 0.0225 eff 0.0 outinratio 0.0505 

ZH126_4mu_costhetaZ2_genbin7_recobin2 acc 0.0304 eff 0.0 outinratio 0.0739 

ttH126_4mu_costhetaZ2_genbin7_recobin2 acc 0.0261 eff 0.0 outinratio 0.1488 

ggH126_4mu_costhetaZ2_genbin0_recobin3 acc 0.0306 eff 0.0 outinratio 0.0413 

VBFH126_4mu_costhetaZ2_genbin0_recobin3 acc 0.0381 eff 0.0012 outinratio 0.0381 

WminusH126_4mu_costhetaZ2_genbin0_recobin3 acc 0.0301 eff 0.0012 outinratio 0.0577 

WplusH126_4mu_costhetaZ2_genbin0_recobin3 acc 0.0272 eff 0.004 outinratio 0.0349 

ZH126_4mu_costhetaZ2_genbin0_recobin3 acc 0.025 eff 0.0 outinratio 0.0574 

ttH126_4mu_costhetaZ2_genbin0_recobin3 acc 0.0304 eff 0.0 outinratio 0.1365 

ggH126_4mu_costhetaZ2_genbin1_recobin3 acc 0.0551 eff 0.0 outinratio 0.0413 

VBFH126_4mu_costhetaZ2_genbin1_recobin3 acc 0.0555 eff 0.0038 outinratio 0.0381 

WminusH126_4mu_costhetaZ2_genbin1_recobin3 acc 0.0447 eff 0.002 outinratio 0.0577 

WplusH126_4mu_costhetaZ2_genbin1_recobin3 acc 0.0384 eff 0.0 outinratio 0.0349 

ZH126_4mu_costhetaZ2_genbin1_recobin3 acc 0.0417 eff 0.0025 outinratio 0.0574 

ttH126_4mu_costhetaZ2_genbin1_recobin3 acc 0.0416 eff 0.0028 outinratio 0.1365 

ggH126_4mu_costhetaZ2_genbin2_recobin3 acc 0.0665 eff 0.0171 outinratio 0.0413 

VBFH126_4mu_costhetaZ2_genbin2_recobin3 acc 0.0649 eff 0.0359 outinratio 0.0381 

WminusH126_4mu_costhetaZ2_genbin2_recobin3 acc 0.0538 eff 0.0472 outinratio 0.0577 

WplusH126_4mu_costhetaZ2_genbin2_recobin3 acc 0.0517 eff 0.0328 outinratio 0.0349 

ZH126_4mu_costhetaZ2_genbin2_recobin3 acc 0.0513 eff 0.0233 outinratio 0.0574 

ttH126_4mu_costhetaZ2_genbin2_recobin3 acc 0.0489 eff 0.0349 outinratio 0.1365 

ggH126_4mu_costhetaZ2_genbin3_recobin3 acc 0.068 eff 0.7354 outinratio 0.0413 

VBFH126_4mu_costhetaZ2_genbin3_recobin3 acc 0.0728 eff 0.7624 outinratio 0.0381 

WminusH126_4mu_costhetaZ2_genbin3_recobin3 acc 0.0619 eff 0.7572 outinratio 0.0577 

WplusH126_4mu_costhetaZ2_genbin3_recobin3 acc 0.0575 eff 0.7647 outinratio 0.0349 

ZH126_4mu_costhetaZ2_genbin3_recobin3 acc 0.0603 eff 0.7614 outinratio 0.0574 

ttH126_4mu_costhetaZ2_genbin3_recobin3 acc 0.0558 eff 0.7327 outinratio 0.1365 

ggH126_4mu_costhetaZ2_genbin4_recobin3 acc 0.0658 eff 0.0254 outinratio 0.0413 

VBFH126_4mu_costhetaZ2_genbin4_recobin3 acc 0.0803 eff 0.0406 outinratio 0.0381 

WminusH126_4mu_costhetaZ2_genbin4_recobin3 acc 0.0571 eff 0.0354 outinratio 0.0577 

WplusH126_4mu_costhetaZ2_genbin4_recobin3 acc 0.0534 eff 0.0287 outinratio 0.0349 

ZH126_4mu_costhetaZ2_genbin4_recobin3 acc 0.0569 eff 0.0368 outinratio 0.0574 

ttH126_4mu_costhetaZ2_genbin4_recobin3 acc 0.0531 eff 0.0314 outinratio 0.1365 

ggH126_4mu_costhetaZ2_genbin5_recobin3 acc 0.0629 eff 0.0 outinratio 0.0413 

VBFH126_4mu_costhetaZ2_genbin5_recobin3 acc 0.0711 eff 0.0012 outinratio 0.0381 

WminusH126_4mu_costhetaZ2_genbin5_recobin3 acc 0.054 eff 0.0019 outinratio 0.0577 

WplusH126_4mu_costhetaZ2_genbin5_recobin3 acc 0.0418 eff 0.0 outinratio 0.0349 

ZH126_4mu_costhetaZ2_genbin5_recobin3 acc 0.0577 eff 0.0016 outinratio 0.0574 

ttH126_4mu_costhetaZ2_genbin5_recobin3 acc 0.0475 eff 0.0029 outinratio 0.1365 

ggH126_4mu_costhetaZ2_genbin6_recobin3 acc 0.0481 eff 0.0027 outinratio 0.0413 

VBFH126_4mu_costhetaZ2_genbin6_recobin3 acc 0.0608 eff 0.0041 outinratio 0.0381 

WminusH126_4mu_costhetaZ2_genbin6_recobin3 acc 0.0444 eff 0.0008 outinratio 0.0577 

WplusH126_4mu_costhetaZ2_genbin6_recobin3 acc 0.0358 eff 0.0 outinratio 0.0349 

ZH126_4mu_costhetaZ2_genbin6_recobin3 acc 0.0409 eff 0.0013 outinratio 0.0574 

ttH126_4mu_costhetaZ2_genbin6_recobin3 acc 0.041 eff 0.0023 outinratio 0.1365 

ggH126_4mu_costhetaZ2_genbin7_recobin3 acc 0.0347 eff 0.0 outinratio 0.0413 

VBFH126_4mu_costhetaZ2_genbin7_recobin3 acc 0.0398 eff 0.0 outinratio 0.0381 

WminusH126_4mu_costhetaZ2_genbin7_recobin3 acc 0.0325 eff 0.0 outinratio 0.0577 

WplusH126_4mu_costhetaZ2_genbin7_recobin3 acc 0.0225 eff 0.0 outinratio 0.0349 

ZH126_4mu_costhetaZ2_genbin7_recobin3 acc 0.0304 eff 0.0 outinratio 0.0574 

ttH126_4mu_costhetaZ2_genbin7_recobin3 acc 0.0261 eff 0.0 outinratio 0.1365 

ggH126_4mu_costhetaZ2_genbin0_recobin4 acc 0.0306 eff 0.0 outinratio 0.031 

VBFH126_4mu_costhetaZ2_genbin0_recobin4 acc 0.0381 eff 0.0 outinratio 0.0368 

WminusH126_4mu_costhetaZ2_genbin0_recobin4 acc 0.0301 eff 0.0 outinratio 0.0587 

WplusH126_4mu_costhetaZ2_genbin0_recobin4 acc 0.0272 eff 0.0 outinratio 0.0754 

ZH126_4mu_costhetaZ2_genbin0_recobin4 acc 0.025 eff 0.0 outinratio 0.0829 

ttH126_4mu_costhetaZ2_genbin0_recobin4 acc 0.0304 eff 0.0 outinratio 0.1395 

ggH126_4mu_costhetaZ2_genbin1_recobin4 acc 0.0551 eff 0.0 outinratio 0.031 

VBFH126_4mu_costhetaZ2_genbin1_recobin4 acc 0.0555 eff 0.0 outinratio 0.0368 

WminusH126_4mu_costhetaZ2_genbin1_recobin4 acc 0.0447 eff 0.0012 outinratio 0.0587 

WplusH126_4mu_costhetaZ2_genbin1_recobin4 acc 0.0384 eff 0.0015 outinratio 0.0754 

ZH126_4mu_costhetaZ2_genbin1_recobin4 acc 0.0417 eff 0.0 outinratio 0.0829 

ttH126_4mu_costhetaZ2_genbin1_recobin4 acc 0.0416 eff 0.0 outinratio 0.1395 

ggH126_4mu_costhetaZ2_genbin2_recobin4 acc 0.0665 eff 0.0013 outinratio 0.031 

VBFH126_4mu_costhetaZ2_genbin2_recobin4 acc 0.0649 eff 0.004 outinratio 0.0368 

WminusH126_4mu_costhetaZ2_genbin2_recobin4 acc 0.0538 eff 0.0007 outinratio 0.0587 

WplusH126_4mu_costhetaZ2_genbin2_recobin4 acc 0.0517 eff 0.0 outinratio 0.0754 

ZH126_4mu_costhetaZ2_genbin2_recobin4 acc 0.0513 eff 0.0 outinratio 0.0829 

ttH126_4mu_costhetaZ2_genbin2_recobin4 acc 0.0489 eff 0.0021 outinratio 0.1395 

ggH126_4mu_costhetaZ2_genbin3_recobin4 acc 0.068 eff 0.0354 outinratio 0.031 

VBFH126_4mu_costhetaZ2_genbin3_recobin4 acc 0.0728 eff 0.0385 outinratio 0.0368 

WminusH126_4mu_costhetaZ2_genbin3_recobin4 acc 0.0619 eff 0.0257 outinratio 0.0587 

WplusH126_4mu_costhetaZ2_genbin3_recobin4 acc 0.0575 eff 0.0439 outinratio 0.0754 

ZH126_4mu_costhetaZ2_genbin3_recobin4 acc 0.0603 eff 0.0327 outinratio 0.0829 

ttH126_4mu_costhetaZ2_genbin3_recobin4 acc 0.0558 eff 0.0294 outinratio 0.1395 

ggH126_4mu_costhetaZ2_genbin4_recobin4 acc 0.0658 eff 0.7604 outinratio 0.031 

VBFH126_4mu_costhetaZ2_genbin4_recobin4 acc 0.0803 eff 0.759 outinratio 0.0368 

WminusH126_4mu_costhetaZ2_genbin4_recobin4 acc 0.0571 eff 0.7138 outinratio 0.0587 

WplusH126_4mu_costhetaZ2_genbin4_recobin4 acc 0.0534 eff 0.7158 outinratio 0.0754 

ZH126_4mu_costhetaZ2_genbin4_recobin4 acc 0.0569 eff 0.762 outinratio 0.0829 

ttH126_4mu_costhetaZ2_genbin4_recobin4 acc 0.0531 eff 0.719 outinratio 0.1395 

ggH126_4mu_costhetaZ2_genbin5_recobin4 acc 0.0629 eff 0.0405 outinratio 0.031 

VBFH126_4mu_costhetaZ2_genbin5_recobin4 acc 0.0711 eff 0.0394 outinratio 0.0368 

WminusH126_4mu_costhetaZ2_genbin5_recobin4 acc 0.054 eff 0.0346 outinratio 0.0587 

WplusH126_4mu_costhetaZ2_genbin5_recobin4 acc 0.0418 eff 0.0249 outinratio 0.0754 

ZH126_4mu_costhetaZ2_genbin5_recobin4 acc 0.0577 eff 0.0475 outinratio 0.0829 

ttH126_4mu_costhetaZ2_genbin5_recobin4 acc 0.0475 eff 0.0338 outinratio 0.1395 

ggH126_4mu_costhetaZ2_genbin6_recobin4 acc 0.0481 eff 0.0 outinratio 0.031 

VBFH126_4mu_costhetaZ2_genbin6_recobin4 acc 0.0608 eff 0.0 outinratio 0.0368 

WminusH126_4mu_costhetaZ2_genbin6_recobin4 acc 0.0444 eff 0.0 outinratio 0.0587 

WplusH126_4mu_costhetaZ2_genbin6_recobin4 acc 0.0358 eff 0.0 outinratio 0.0754 

ZH126_4mu_costhetaZ2_genbin6_recobin4 acc 0.0409 eff 0.0 outinratio 0.0829 

ttH126_4mu_costhetaZ2_genbin6_recobin4 acc 0.041 eff 0.0022 outinratio 0.1395 

ggH126_4mu_costhetaZ2_genbin7_recobin4 acc 0.0347 eff 0.0034 outinratio 0.031 

VBFH126_4mu_costhetaZ2_genbin7_recobin4 acc 0.0398 eff 0.0 outinratio 0.0368 

WminusH126_4mu_costhetaZ2_genbin7_recobin4 acc 0.0325 eff 0.0011 outinratio 0.0587 

WplusH126_4mu_costhetaZ2_genbin7_recobin4 acc 0.0225 eff 0.0 outinratio 0.0754 

ZH126_4mu_costhetaZ2_genbin7_recobin4 acc 0.0304 eff 0.0 outinratio 0.0829 

ttH126_4mu_costhetaZ2_genbin7_recobin4 acc 0.0261 eff 0.0027 outinratio 0.1395 

ggH126_4mu_costhetaZ2_genbin0_recobin5 acc 0.0306 eff 0.0 outinratio 0.0821 

VBFH126_4mu_costhetaZ2_genbin0_recobin5 acc 0.0381 eff 0.0 outinratio 0.031 

WminusH126_4mu_costhetaZ2_genbin0_recobin5 acc 0.0301 eff 0.0 outinratio 0.0583 

WplusH126_4mu_costhetaZ2_genbin0_recobin5 acc 0.0272 eff 0.0 outinratio 0.151 

ZH126_4mu_costhetaZ2_genbin0_recobin5 acc 0.025 eff 0.0 outinratio 0.0418 

ttH126_4mu_costhetaZ2_genbin0_recobin5 acc 0.0304 eff 0.0 outinratio 0.0947 

ggH126_4mu_costhetaZ2_genbin1_recobin5 acc 0.0551 eff 0.0 outinratio 0.0821 

VBFH126_4mu_costhetaZ2_genbin1_recobin5 acc 0.0555 eff 0.0 outinratio 0.031 

WminusH126_4mu_costhetaZ2_genbin1_recobin5 acc 0.0447 eff 0.0008 outinratio 0.0583 

WplusH126_4mu_costhetaZ2_genbin1_recobin5 acc 0.0384 eff 0.0 outinratio 0.151 

ZH126_4mu_costhetaZ2_genbin1_recobin5 acc 0.0417 eff 0.0035 outinratio 0.0418 

ttH126_4mu_costhetaZ2_genbin1_recobin5 acc 0.0416 eff 0.0 outinratio 0.0947 

ggH126_4mu_costhetaZ2_genbin2_recobin5 acc 0.0665 eff 0.0 outinratio 0.0821 

VBFH126_4mu_costhetaZ2_genbin2_recobin5 acc 0.0649 eff 0.0 outinratio 0.031 

WminusH126_4mu_costhetaZ2_genbin2_recobin5 acc 0.0538 eff 0.0 outinratio 0.0583 

WplusH126_4mu_costhetaZ2_genbin2_recobin5 acc 0.0517 eff 0.0 outinratio 0.151 

ZH126_4mu_costhetaZ2_genbin2_recobin5 acc 0.0513 eff 0.0 outinratio 0.0418 

ttH126_4mu_costhetaZ2_genbin2_recobin5 acc 0.0489 eff 0.0 outinratio 0.0947 

ggH126_4mu_costhetaZ2_genbin3_recobin5 acc 0.068 eff 0.0044 outinratio 0.0821 

VBFH126_4mu_costhetaZ2_genbin3_recobin5 acc 0.0728 eff 0.0 outinratio 0.031 

WminusH126_4mu_costhetaZ2_genbin3_recobin5 acc 0.0619 eff 0.0 outinratio 0.0583 

WplusH126_4mu_costhetaZ2_genbin3_recobin5 acc 0.0575 eff 0.0 outinratio 0.151 

ZH126_4mu_costhetaZ2_genbin3_recobin5 acc 0.0603 eff 0.0 outinratio 0.0418 

ttH126_4mu_costhetaZ2_genbin3_recobin5 acc 0.0558 eff 0.0009 outinratio 0.0947 

ggH126_4mu_costhetaZ2_genbin4_recobin5 acc 0.0658 eff 0.036 outinratio 0.0821 

VBFH126_4mu_costhetaZ2_genbin4_recobin5 acc 0.0803 eff 0.0198 outinratio 0.031 

WminusH126_4mu_costhetaZ2_genbin4_recobin5 acc 0.0571 eff 0.0267 outinratio 0.0583 

WplusH126_4mu_costhetaZ2_genbin4_recobin5 acc 0.0534 eff 0.0147 outinratio 0.151 

ZH126_4mu_costhetaZ2_genbin4_recobin5 acc 0.0569 eff 0.0436 outinratio 0.0418 

ttH126_4mu_costhetaZ2_genbin4_recobin5 acc 0.0531 eff 0.035 outinratio 0.0947 

ggH126_4mu_costhetaZ2_genbin5_recobin5 acc 0.0629 eff 0.7477 outinratio 0.0821 

VBFH126_4mu_costhetaZ2_genbin5_recobin5 acc 0.0711 eff 0.7876 outinratio 0.031 

WminusH126_4mu_costhetaZ2_genbin5_recobin5 acc 0.054 eff 0.7418 outinratio 0.0583 

WplusH126_4mu_costhetaZ2_genbin5_recobin5 acc 0.0418 eff 0.6566 outinratio 0.151 

ZH126_4mu_costhetaZ2_genbin5_recobin5 acc 0.0577 eff 0.7732 outinratio 0.0418 

ttH126_4mu_costhetaZ2_genbin5_recobin5 acc 0.0475 eff 0.7541 outinratio 0.0947 

ggH126_4mu_costhetaZ2_genbin6_recobin5 acc 0.0481 eff 0.025 outinratio 0.0821 

VBFH126_4mu_costhetaZ2_genbin6_recobin5 acc 0.0608 eff 0.0183 outinratio 0.031 

WminusH126_4mu_costhetaZ2_genbin6_recobin5 acc 0.0444 eff 0.0373 outinratio 0.0583 

WplusH126_4mu_costhetaZ2_genbin6_recobin5 acc 0.0358 eff 0.0312 outinratio 0.151 

ZH126_4mu_costhetaZ2_genbin6_recobin5 acc 0.0409 eff 0.0282 outinratio 0.0418 

ttH126_4mu_costhetaZ2_genbin6_recobin5 acc 0.041 eff 0.0177 outinratio 0.0947 

ggH126_4mu_costhetaZ2_genbin7_recobin5 acc 0.0347 eff 0.0018 outinratio 0.0821 

VBFH126_4mu_costhetaZ2_genbin7_recobin5 acc 0.0398 eff 0.0 outinratio 0.031 

WminusH126_4mu_costhetaZ2_genbin7_recobin5 acc 0.0325 eff 0.0016 outinratio 0.0583 

WplusH126_4mu_costhetaZ2_genbin7_recobin5 acc 0.0225 eff 0.0 outinratio 0.151 

ZH126_4mu_costhetaZ2_genbin7_recobin5 acc 0.0304 eff 0.0 outinratio 0.0418 

ttH126_4mu_costhetaZ2_genbin7_recobin5 acc 0.0261 eff 0.0026 outinratio 0.0947 

ggH126_4mu_costhetaZ2_genbin0_recobin6 acc 0.0306 eff 0.0 outinratio 0.0397 

VBFH126_4mu_costhetaZ2_genbin0_recobin6 acc 0.0381 eff 0.0033 outinratio 0.0351 

WminusH126_4mu_costhetaZ2_genbin0_recobin6 acc 0.0301 eff 0.0 outinratio 0.0597 

WplusH126_4mu_costhetaZ2_genbin0_recobin6 acc 0.0272 eff 0.0 outinratio 0.0489 

ZH126_4mu_costhetaZ2_genbin0_recobin6 acc 0.025 eff 0.0 outinratio 0.0716 

ttH126_4mu_costhetaZ2_genbin0_recobin6 acc 0.0304 eff 0.0 outinratio 0.1202 

ggH126_4mu_costhetaZ2_genbin1_recobin6 acc 0.0551 eff 0.0 outinratio 0.0397 

VBFH126_4mu_costhetaZ2_genbin1_recobin6 acc 0.0555 eff 0.0 outinratio 0.0351 

WminusH126_4mu_costhetaZ2_genbin1_recobin6 acc 0.0447 eff 0.0 outinratio 0.0597 

WplusH126_4mu_costhetaZ2_genbin1_recobin6 acc 0.0384 eff 0.0 outinratio 0.0489 

ZH126_4mu_costhetaZ2_genbin1_recobin6 acc 0.0417 eff 0.0 outinratio 0.0716 

ttH126_4mu_costhetaZ2_genbin1_recobin6 acc 0.0416 eff 0.0 outinratio 0.1202 

ggH126_4mu_costhetaZ2_genbin2_recobin6 acc 0.0665 eff 0.0 outinratio 0.0397 

VBFH126_4mu_costhetaZ2_genbin2_recobin6 acc 0.0649 eff 0.0 outinratio 0.0351 

WminusH126_4mu_costhetaZ2_genbin2_recobin6 acc 0.0538 eff 0.0 outinratio 0.0597 

WplusH126_4mu_costhetaZ2_genbin2_recobin6 acc 0.0517 eff 0.0 outinratio 0.0489 

ZH126_4mu_costhetaZ2_genbin2_recobin6 acc 0.0513 eff 0.0 outinratio 0.0716 

ttH126_4mu_costhetaZ2_genbin2_recobin6 acc 0.0489 eff 0.0 outinratio 0.1202 

ggH126_4mu_costhetaZ2_genbin3_recobin6 acc 0.068 eff 0.0 outinratio 0.0397 

VBFH126_4mu_costhetaZ2_genbin3_recobin6 acc 0.0728 eff 0.0 outinratio 0.0351 

WminusH126_4mu_costhetaZ2_genbin3_recobin6 acc 0.0619 eff 0.0029 outinratio 0.0597 

WplusH126_4mu_costhetaZ2_genbin3_recobin6 acc 0.0575 eff 0.0 outinratio 0.0489 

ZH126_4mu_costhetaZ2_genbin3_recobin6 acc 0.0603 eff 0.0 outinratio 0.0716 

ttH126_4mu_costhetaZ2_genbin3_recobin6 acc 0.0558 eff 0.0 outinratio 0.1202 

ggH126_4mu_costhetaZ2_genbin4_recobin6 acc 0.0658 eff 0.0 outinratio 0.0397 

VBFH126_4mu_costhetaZ2_genbin4_recobin6 acc 0.0803 eff 0.0 outinratio 0.0351 

WminusH126_4mu_costhetaZ2_genbin4_recobin6 acc 0.0571 eff 0.0006 outinratio 0.0597 

WplusH126_4mu_costhetaZ2_genbin4_recobin6 acc 0.0534 eff 0.0 outinratio 0.0489 

ZH126_4mu_costhetaZ2_genbin4_recobin6 acc 0.0569 eff 0.0 outinratio 0.0716 

ttH126_4mu_costhetaZ2_genbin4_recobin6 acc 0.0531 eff 0.0016 outinratio 0.1202 

ggH126_4mu_costhetaZ2_genbin5_recobin6 acc 0.0629 eff 0.0185 outinratio 0.0397 

VBFH126_4mu_costhetaZ2_genbin5_recobin6 acc 0.0711 eff 0.0285 outinratio 0.0351 

WminusH126_4mu_costhetaZ2_genbin5_recobin6 acc 0.054 eff 0.0291 outinratio 0.0597 

WplusH126_4mu_costhetaZ2_genbin5_recobin6 acc 0.0418 eff 0.034 outinratio 0.0489 

ZH126_4mu_costhetaZ2_genbin5_recobin6 acc 0.0577 eff 0.0155 outinratio 0.0716 

ttH126_4mu_costhetaZ2_genbin5_recobin6 acc 0.0475 eff 0.0232 outinratio 0.1202 

ggH126_4mu_costhetaZ2_genbin6_recobin6 acc 0.0481 eff 0.7927 outinratio 0.0397 

VBFH126_4mu_costhetaZ2_genbin6_recobin6 acc 0.0608 eff 0.7594 outinratio 0.0351 

WminusH126_4mu_costhetaZ2_genbin6_recobin6 acc 0.0444 eff 0.7693 outinratio 0.0597 

WplusH126_4mu_costhetaZ2_genbin6_recobin6 acc 0.0358 eff 0.7069 outinratio 0.0489 

ZH126_4mu_costhetaZ2_genbin6_recobin6 acc 0.0409 eff 0.7677 outinratio 0.0716 

ttH126_4mu_costhetaZ2_genbin6_recobin6 acc 0.041 eff 0.7928 outinratio 0.1202 

ggH126_4mu_costhetaZ2_genbin7_recobin6 acc 0.0347 eff 0.0227 outinratio 0.0397 

VBFH126_4mu_costhetaZ2_genbin7_recobin6 acc 0.0398 eff 0.0233 outinratio 0.0351 

WminusH126_4mu_costhetaZ2_genbin7_recobin6 acc 0.0325 eff 0.0179 outinratio 0.0597 

WplusH126_4mu_costhetaZ2_genbin7_recobin6 acc 0.0225 eff 0.0226 outinratio 0.0489 

ZH126_4mu_costhetaZ2_genbin7_recobin6 acc 0.0304 eff 0.0081 outinratio 0.0716 

ttH126_4mu_costhetaZ2_genbin7_recobin6 acc 0.0261 eff 0.0242 outinratio 0.1202 

ggH126_4mu_costhetaZ2_genbin0_recobin7 acc 0.0306 eff 0.0 outinratio 0.0981 

VBFH126_4mu_costhetaZ2_genbin0_recobin7 acc 0.0381 eff 0.0 outinratio 0.0339 

WminusH126_4mu_costhetaZ2_genbin0_recobin7 acc 0.0301 eff 0.0 outinratio 0.0665 

WplusH126_4mu_costhetaZ2_genbin0_recobin7 acc 0.0272 eff 0.0 outinratio 0.0286 

ZH126_4mu_costhetaZ2_genbin0_recobin7 acc 0.025 eff 0.0 outinratio 0.06 

ttH126_4mu_costhetaZ2_genbin0_recobin7 acc 0.0304 eff 0.0 outinratio 0.1908 

ggH126_4mu_costhetaZ2_genbin1_recobin7 acc 0.0551 eff 0.0 outinratio 0.0981 

VBFH126_4mu_costhetaZ2_genbin1_recobin7 acc 0.0555 eff 0.0 outinratio 0.0339 

WminusH126_4mu_costhetaZ2_genbin1_recobin7 acc 0.0447 eff 0.0 outinratio 0.0665 

WplusH126_4mu_costhetaZ2_genbin1_recobin7 acc 0.0384 eff 0.0 outinratio 0.0286 

ZH126_4mu_costhetaZ2_genbin1_recobin7 acc 0.0417 eff 0.0 outinratio 0.06 

ttH126_4mu_costhetaZ2_genbin1_recobin7 acc 0.0416 eff 0.0 outinratio 0.1908 

ggH126_4mu_costhetaZ2_genbin2_recobin7 acc 0.0665 eff 0.0 outinratio 0.0981 

VBFH126_4mu_costhetaZ2_genbin2_recobin7 acc 0.0649 eff 0.0 outinratio 0.0339 

WminusH126_4mu_costhetaZ2_genbin2_recobin7 acc 0.0538 eff 0.0 outinratio 0.0665 

WplusH126_4mu_costhetaZ2_genbin2_recobin7 acc 0.0517 eff 0.0 outinratio 0.0286 

ZH126_4mu_costhetaZ2_genbin2_recobin7 acc 0.0513 eff 0.0 outinratio 0.06 

ttH126_4mu_costhetaZ2_genbin2_recobin7 acc 0.0489 eff 0.0 outinratio 0.1908 

ggH126_4mu_costhetaZ2_genbin3_recobin7 acc 0.068 eff 0.0 outinratio 0.0981 

VBFH126_4mu_costhetaZ2_genbin3_recobin7 acc 0.0728 eff 0.0 outinratio 0.0339 

WminusH126_4mu_costhetaZ2_genbin3_recobin7 acc 0.0619 eff 0.0003 outinratio 0.0665 

WplusH126_4mu_costhetaZ2_genbin3_recobin7 acc 0.0575 eff 0.0 outinratio 0.0286 

ZH126_4mu_costhetaZ2_genbin3_recobin7 acc 0.0603 eff 0.0 outinratio 0.06 

ttH126_4mu_costhetaZ2_genbin3_recobin7 acc 0.0558 eff 0.0 outinratio 0.1908 

ggH126_4mu_costhetaZ2_genbin4_recobin7 acc 0.0658 eff 0.0 outinratio 0.0981 

VBFH126_4mu_costhetaZ2_genbin4_recobin7 acc 0.0803 eff 0.0 outinratio 0.0339 

WminusH126_4mu_costhetaZ2_genbin4_recobin7 acc 0.0571 eff 0.0009 outinratio 0.0665 

WplusH126_4mu_costhetaZ2_genbin4_recobin7 acc 0.0534 eff 0.0 outinratio 0.0286 

ZH126_4mu_costhetaZ2_genbin4_recobin7 acc 0.0569 eff 0.0046 outinratio 0.06 

ttH126_4mu_costhetaZ2_genbin4_recobin7 acc 0.0531 eff 0.0 outinratio 0.1908 

ggH126_4mu_costhetaZ2_genbin5_recobin7 acc 0.0629 eff 0.0 outinratio 0.0981 

VBFH126_4mu_costhetaZ2_genbin5_recobin7 acc 0.0711 eff 0.0023 outinratio 0.0339 

WminusH126_4mu_costhetaZ2_genbin5_recobin7 acc 0.054 eff 0.0 outinratio 0.0665 

WplusH126_4mu_costhetaZ2_genbin5_recobin7 acc 0.0418 eff 0.0 outinratio 0.0286 

ZH126_4mu_costhetaZ2_genbin5_recobin7 acc 0.0577 eff 0.0007 outinratio 0.06 

ttH126_4mu_costhetaZ2_genbin5_recobin7 acc 0.0475 eff 0.0 outinratio 0.1908 

ggH126_4mu_costhetaZ2_genbin6_recobin7 acc 0.0481 eff 0.0049 outinratio 0.0981 

VBFH126_4mu_costhetaZ2_genbin6_recobin7 acc 0.0608 eff 0.0077 outinratio 0.0339 

WminusH126_4mu_costhetaZ2_genbin6_recobin7 acc 0.0444 eff 0.026 outinratio 0.0665 

WplusH126_4mu_costhetaZ2_genbin6_recobin7 acc 0.0358 eff 0.0377 outinratio 0.0286 

ZH126_4mu_costhetaZ2_genbin6_recobin7 acc 0.0409 eff 0.0203 outinratio 0.06 

ttH126_4mu_costhetaZ2_genbin6_recobin7 acc 0.041 eff 0.0105 outinratio 0.1908 

ggH126_4mu_costhetaZ2_genbin7_recobin7 acc 0.0347 eff 0.7304 outinratio 0.0981 

VBFH126_4mu_costhetaZ2_genbin7_recobin7 acc 0.0398 eff 0.7917 outinratio 0.0339 

WminusH126_4mu_costhetaZ2_genbin7_recobin7 acc 0.0325 eff 0.7653 outinratio 0.0665 

WplusH126_4mu_costhetaZ2_genbin7_recobin7 acc 0.0225 eff 0.7389 outinratio 0.0286 

ZH126_4mu_costhetaZ2_genbin7_recobin7 acc 0.0304 eff 0.8173 outinratio 0.06 

ttH126_4mu_costhetaZ2_genbin7_recobin7 acc 0.0261 eff 0.7804 outinratio 0.1908 

ggH126_2e2mu_costhetaZ2_genbin0_recobin0 acc 0.0263 eff 0.5324 outinratio 0.1001 

VBFH126_2e2mu_costhetaZ2_genbin0_recobin0 acc 0.0368 eff 0.4845 outinratio 0.0396 

WminusH126_2e2mu_costhetaZ2_genbin0_recobin0 acc 0.0268 eff 0.469 outinratio 0.0976 

WplusH126_2e2mu_costhetaZ2_genbin0_recobin0 acc 0.0267 eff 0.4455 outinratio 0.0483 

ZH126_2e2mu_costhetaZ2_genbin0_recobin0 acc 0.0261 eff 0.4577 outinratio 0.1168 

ttH126_2e2mu_costhetaZ2_genbin0_recobin0 acc 0.0238 eff 0.4782 outinratio 0.2009 

ggH126_2e2mu_costhetaZ2_genbin1_recobin0 acc 0.0468 eff 0.0178 outinratio 0.1001 

VBFH126_2e2mu_costhetaZ2_genbin1_recobin0 acc 0.0532 eff 0.0225 outinratio 0.0396 

WminusH126_2e2mu_costhetaZ2_genbin1_recobin0 acc 0.0411 eff 0.0193 outinratio 0.0976 

WplusH126_2e2mu_costhetaZ2_genbin1_recobin0 acc 0.0319 eff 0.0294 outinratio 0.0483 

ZH126_2e2mu_costhetaZ2_genbin1_recobin0 acc 0.0382 eff 0.0126 outinratio 0.1168 

ttH126_2e2mu_costhetaZ2_genbin1_recobin0 acc 0.0345 eff 0.0159 outinratio 0.2009 

ggH126_2e2mu_costhetaZ2_genbin2_recobin0 acc 0.0588 eff 0.0 outinratio 0.1001 

VBFH126_2e2mu_costhetaZ2_genbin2_recobin0 acc 0.0629 eff 0.0 outinratio 0.0396 

WminusH126_2e2mu_costhetaZ2_genbin2_recobin0 acc 0.0492 eff 0.0003 outinratio 0.0976 

WplusH126_2e2mu_costhetaZ2_genbin2_recobin0 acc 0.0494 eff 0.0 outinratio 0.0483 

ZH126_2e2mu_costhetaZ2_genbin2_recobin0 acc 0.0497 eff 0.0 outinratio 0.1168 

ttH126_2e2mu_costhetaZ2_genbin2_recobin0 acc 0.0461 eff 0.0005 outinratio 0.2009 

ggH126_2e2mu_costhetaZ2_genbin3_recobin0 acc 0.0684 eff 0.0 outinratio 0.1001 

VBFH126_2e2mu_costhetaZ2_genbin3_recobin0 acc 0.0706 eff 0.0 outinratio 0.0396 

WminusH126_2e2mu_costhetaZ2_genbin3_recobin0 acc 0.0549 eff 0.0001 outinratio 0.0976 

WplusH126_2e2mu_costhetaZ2_genbin3_recobin0 acc 0.0521 eff 0.0 outinratio 0.0483 

ZH126_2e2mu_costhetaZ2_genbin3_recobin0 acc 0.0563 eff 0.002 outinratio 0.1168 

ttH126_2e2mu_costhetaZ2_genbin3_recobin0 acc 0.0495 eff 0.0 outinratio 0.2009 

ggH126_2e2mu_costhetaZ2_genbin4_recobin0 acc 0.0691 eff 0.0 outinratio 0.1001 

VBFH126_2e2mu_costhetaZ2_genbin4_recobin0 acc 0.0676 eff 0.0015 outinratio 0.0396 

WminusH126_2e2mu_costhetaZ2_genbin4_recobin0 acc 0.0563 eff 0.0 outinratio 0.0976 

WplusH126_2e2mu_costhetaZ2_genbin4_recobin0 acc 0.0481 eff 0.0 outinratio 0.0483 

ZH126_2e2mu_costhetaZ2_genbin4_recobin0 acc 0.055 eff 0.0 outinratio 0.1168 

ttH126_2e2mu_costhetaZ2_genbin4_recobin0 acc 0.0483 eff 0.0 outinratio 0.2009 

ggH126_2e2mu_costhetaZ2_genbin5_recobin0 acc 0.0595 eff 0.0 outinratio 0.1001 

VBFH126_2e2mu_costhetaZ2_genbin5_recobin0 acc 0.0637 eff 0.0 outinratio 0.0396 

WminusH126_2e2mu_costhetaZ2_genbin5_recobin0 acc 0.0493 eff 0.0005 outinratio 0.0976 

WplusH126_2e2mu_costhetaZ2_genbin5_recobin0 acc 0.0442 eff 0.0 outinratio 0.0483 

ZH126_2e2mu_costhetaZ2_genbin5_recobin0 acc 0.0535 eff 0.0 outinratio 0.1168 

ttH126_2e2mu_costhetaZ2_genbin5_recobin0 acc 0.043 eff 0.0 outinratio 0.2009 

ggH126_2e2mu_costhetaZ2_genbin6_recobin0 acc 0.0492 eff 0.0 outinratio 0.1001 

VBFH126_2e2mu_costhetaZ2_genbin6_recobin0 acc 0.0524 eff 0.0 outinratio 0.0396 

WminusH126_2e2mu_costhetaZ2_genbin6_recobin0 acc 0.0405 eff 0.0 outinratio 0.0976 

WplusH126_2e2mu_costhetaZ2_genbin6_recobin0 acc 0.0382 eff 0.0 outinratio 0.0483 

ZH126_2e2mu_costhetaZ2_genbin6_recobin0 acc 0.04 eff 0.0 outinratio 0.1168 

ttH126_2e2mu_costhetaZ2_genbin6_recobin0 acc 0.0368 eff 0.0 outinratio 0.2009 

ggH126_2e2mu_costhetaZ2_genbin7_recobin0 acc 0.0298 eff 0.0059 outinratio 0.1001 

VBFH126_2e2mu_costhetaZ2_genbin7_recobin0 acc 0.0322 eff 0.0 outinratio 0.0396 

WminusH126_2e2mu_costhetaZ2_genbin7_recobin0 acc 0.0247 eff 0.0008 outinratio 0.0976 

WplusH126_2e2mu_costhetaZ2_genbin7_recobin0 acc 0.0231 eff 0.0 outinratio 0.0483 

ZH126_2e2mu_costhetaZ2_genbin7_recobin0 acc 0.0258 eff 0.0 outinratio 0.1168 

ttH126_2e2mu_costhetaZ2_genbin7_recobin0 acc 0.0247 eff 0.0 outinratio 0.2009 

ggH126_2e2mu_costhetaZ2_genbin0_recobin1 acc 0.0263 eff 0.0203 outinratio 0.0383 

VBFH126_2e2mu_costhetaZ2_genbin0_recobin1 acc 0.0368 eff 0.0166 outinratio 0.0371 

WminusH126_2e2mu_costhetaZ2_genbin0_recobin1 acc 0.0268 eff 0.0222 outinratio 0.081 

WplusH126_2e2mu_costhetaZ2_genbin0_recobin1 acc 0.0267 eff 0.0392 outinratio 0.0453 

ZH126_2e2mu_costhetaZ2_genbin0_recobin1 acc 0.0261 eff 0.0097 outinratio 0.0939 

ttH126_2e2mu_costhetaZ2_genbin0_recobin1 acc 0.0238 eff 0.0245 outinratio 0.1903 

ggH126_2e2mu_costhetaZ2_genbin1_recobin1 acc 0.0468 eff 0.4829 outinratio 0.0383 

VBFH126_2e2mu_costhetaZ2_genbin1_recobin1 acc 0.0532 eff 0.4876 outinratio 0.0371 

WminusH126_2e2mu_costhetaZ2_genbin1_recobin1 acc 0.0411 eff 0.448 outinratio 0.081 

WplusH126_2e2mu_costhetaZ2_genbin1_recobin1 acc 0.0319 eff 0.4459 outinratio 0.0453 

ZH126_2e2mu_costhetaZ2_genbin1_recobin1 acc 0.0382 eff 0.4576 outinratio 0.0939 

ttH126_2e2mu_costhetaZ2_genbin1_recobin1 acc 0.0345 eff 0.4433 outinratio 0.1903 

ggH126_2e2mu_costhetaZ2_genbin2_recobin1 acc 0.0588 eff 0.0424 outinratio 0.0383 

VBFH126_2e2mu_costhetaZ2_genbin2_recobin1 acc 0.0629 eff 0.0328 outinratio 0.0371 

WminusH126_2e2mu_costhetaZ2_genbin2_recobin1 acc 0.0492 eff 0.0294 outinratio 0.081 

WplusH126_2e2mu_costhetaZ2_genbin2_recobin1 acc 0.0494 eff 0.0195 outinratio 0.0453 

ZH126_2e2mu_costhetaZ2_genbin2_recobin1 acc 0.0497 eff 0.0301 outinratio 0.0939 

ttH126_2e2mu_costhetaZ2_genbin2_recobin1 acc 0.0461 eff 0.0387 outinratio 0.1903 

ggH126_2e2mu_costhetaZ2_genbin3_recobin1 acc 0.0684 eff 0.0021 outinratio 0.0383 

VBFH126_2e2mu_costhetaZ2_genbin3_recobin1 acc 0.0706 eff 0.0017 outinratio 0.0371 

WminusH126_2e2mu_costhetaZ2_genbin3_recobin1 acc 0.0549 eff 0.0004 outinratio 0.081 

WplusH126_2e2mu_costhetaZ2_genbin3_recobin1 acc 0.0521 eff 0.0024 outinratio 0.0453 

ZH126_2e2mu_costhetaZ2_genbin3_recobin1 acc 0.0563 eff 0.0009 outinratio 0.0939 

ttH126_2e2mu_costhetaZ2_genbin3_recobin1 acc 0.0495 eff 0.0026 outinratio 0.1903 

ggH126_2e2mu_costhetaZ2_genbin4_recobin1 acc 0.0691 eff 0.0025 outinratio 0.0383 

VBFH126_2e2mu_costhetaZ2_genbin4_recobin1 acc 0.0676 eff 0.0006 outinratio 0.0371 

WminusH126_2e2mu_costhetaZ2_genbin4_recobin1 acc 0.0563 eff 0.0001 outinratio 0.081 

WplusH126_2e2mu_costhetaZ2_genbin4_recobin1 acc 0.0481 eff 0.0 outinratio 0.0453 

ZH126_2e2mu_costhetaZ2_genbin4_recobin1 acc 0.055 eff 0.0 outinratio 0.0939 

ttH126_2e2mu_costhetaZ2_genbin4_recobin1 acc 0.0483 eff 0.0 outinratio 0.1903 

ggH126_2e2mu_costhetaZ2_genbin5_recobin1 acc 0.0595 eff 0.0 outinratio 0.0383 

VBFH126_2e2mu_costhetaZ2_genbin5_recobin1 acc 0.0637 eff 0.0 outinratio 0.0371 

WminusH126_2e2mu_costhetaZ2_genbin5_recobin1 acc 0.0493 eff 0.0 outinratio 0.081 

WplusH126_2e2mu_costhetaZ2_genbin5_recobin1 acc 0.0442 eff 0.0 outinratio 0.0453 

ZH126_2e2mu_costhetaZ2_genbin5_recobin1 acc 0.0535 eff 0.0 outinratio 0.0939 

ttH126_2e2mu_costhetaZ2_genbin5_recobin1 acc 0.043 eff 0.0002 outinratio 0.1903 

ggH126_2e2mu_costhetaZ2_genbin6_recobin1 acc 0.0492 eff 0.0 outinratio 0.0383 

VBFH126_2e2mu_costhetaZ2_genbin6_recobin1 acc 0.0524 eff 0.0 outinratio 0.0371 

WminusH126_2e2mu_costhetaZ2_genbin6_recobin1 acc 0.0405 eff 0.0007 outinratio 0.081 

WplusH126_2e2mu_costhetaZ2_genbin6_recobin1 acc 0.0382 eff 0.0 outinratio 0.0453 

ZH126_2e2mu_costhetaZ2_genbin6_recobin1 acc 0.04 eff 0.0 outinratio 0.0939 

ttH126_2e2mu_costhetaZ2_genbin6_recobin1 acc 0.0368 eff 0.0 outinratio 0.1903 

ggH126_2e2mu_costhetaZ2_genbin7_recobin1 acc 0.0298 eff 0.0 outinratio 0.0383 

VBFH126_2e2mu_costhetaZ2_genbin7_recobin1 acc 0.0322 eff 0.0 outinratio 0.0371 

WminusH126_2e2mu_costhetaZ2_genbin7_recobin1 acc 0.0247 eff 0.0 outinratio 0.081 

WplusH126_2e2mu_costhetaZ2_genbin7_recobin1 acc 0.0231 eff 0.0 outinratio 0.0453 

ZH126_2e2mu_costhetaZ2_genbin7_recobin1 acc 0.0258 eff 0.0 outinratio 0.0939 

ttH126_2e2mu_costhetaZ2_genbin7_recobin1 acc 0.0247 eff 0.0 outinratio 0.1903 

ggH126_2e2mu_costhetaZ2_genbin0_recobin2 acc 0.0263 eff 0.0 outinratio 0.0605 

VBFH126_2e2mu_costhetaZ2_genbin0_recobin2 acc 0.0368 eff 0.0009 outinratio 0.0266 

WminusH126_2e2mu_costhetaZ2_genbin0_recobin2 acc 0.0268 eff 0.0011 outinratio 0.083 

WplusH126_2e2mu_costhetaZ2_genbin0_recobin2 acc 0.0267 eff 0.0 outinratio 0.0478 

ZH126_2e2mu_costhetaZ2_genbin0_recobin2 acc 0.0261 eff 0.0 outinratio 0.0973 

ttH126_2e2mu_costhetaZ2_genbin0_recobin2 acc 0.0238 eff 0.0 outinratio 0.1978 

ggH126_2e2mu_costhetaZ2_genbin1_recobin2 acc 0.0468 eff 0.0302 outinratio 0.0605 

VBFH126_2e2mu_costhetaZ2_genbin1_recobin2 acc 0.0532 eff 0.0277 outinratio 0.0266 

WminusH126_2e2mu_costhetaZ2_genbin1_recobin2 acc 0.0411 eff 0.0387 outinratio 0.083 

WplusH126_2e2mu_costhetaZ2_genbin1_recobin2 acc 0.0319 eff 0.0465 outinratio 0.0478 

ZH126_2e2mu_costhetaZ2_genbin1_recobin2 acc 0.0382 eff 0.015 outinratio 0.0973 

ttH126_2e2mu_costhetaZ2_genbin1_recobin2 acc 0.0345 eff 0.0287 outinratio 0.1978 

ggH126_2e2mu_costhetaZ2_genbin2_recobin2 acc 0.0588 eff 0.4428 outinratio 0.0605 

VBFH126_2e2mu_costhetaZ2_genbin2_recobin2 acc 0.0629 eff 0.4517 outinratio 0.0266 

WminusH126_2e2mu_costhetaZ2_genbin2_recobin2 acc 0.0492 eff 0.458 outinratio 0.083 

WplusH126_2e2mu_costhetaZ2_genbin2_recobin2 acc 0.0494 eff 0.4177 outinratio 0.0478 

ZH126_2e2mu_costhetaZ2_genbin2_recobin2 acc 0.0497 eff 0.4441 outinratio 0.0973 

ttH126_2e2mu_costhetaZ2_genbin2_recobin2 acc 0.0461 eff 0.4552 outinratio 0.1978 

ggH126_2e2mu_costhetaZ2_genbin3_recobin2 acc 0.0684 eff 0.0341 outinratio 0.0605 

VBFH126_2e2mu_costhetaZ2_genbin3_recobin2 acc 0.0706 eff 0.041 outinratio 0.0266 

WminusH126_2e2mu_costhetaZ2_genbin3_recobin2 acc 0.0549 eff 0.0413 outinratio 0.083 

WplusH126_2e2mu_costhetaZ2_genbin3_recobin2 acc 0.0521 eff 0.0343 outinratio 0.0478 

ZH126_2e2mu_costhetaZ2_genbin3_recobin2 acc 0.0563 eff 0.0317 outinratio 0.0973 

ttH126_2e2mu_costhetaZ2_genbin3_recobin2 acc 0.0495 eff 0.0293 outinratio 0.1978 

ggH126_2e2mu_costhetaZ2_genbin4_recobin2 acc 0.0691 eff 0.0031 outinratio 0.0605 

VBFH126_2e2mu_costhetaZ2_genbin4_recobin2 acc 0.0676 eff 0.0014 outinratio 0.0266 

WminusH126_2e2mu_costhetaZ2_genbin4_recobin2 acc 0.0563 eff 0.0026 outinratio 0.083 

WplusH126_2e2mu_costhetaZ2_genbin4_recobin2 acc 0.0481 eff 0.0111 outinratio 0.0478 

ZH126_2e2mu_costhetaZ2_genbin4_recobin2 acc 0.055 eff 0.001 outinratio 0.0973 

ttH126_2e2mu_costhetaZ2_genbin4_recobin2 acc 0.0483 eff 0.0 outinratio 0.1978 

ggH126_2e2mu_costhetaZ2_genbin5_recobin2 acc 0.0595 eff 0.0007 outinratio 0.0605 

VBFH126_2e2mu_costhetaZ2_genbin5_recobin2 acc 0.0637 eff 0.0 outinratio 0.0266 

WminusH126_2e2mu_costhetaZ2_genbin5_recobin2 acc 0.0493 eff 0.0011 outinratio 0.083 

WplusH126_2e2mu_costhetaZ2_genbin5_recobin2 acc 0.0442 eff 0.0036 outinratio 0.0478 

ZH126_2e2mu_costhetaZ2_genbin5_recobin2 acc 0.0535 eff 0.001 outinratio 0.0973 

ttH126_2e2mu_costhetaZ2_genbin5_recobin2 acc 0.043 eff 0.0 outinratio 0.1978 

ggH126_2e2mu_costhetaZ2_genbin6_recobin2 acc 0.0492 eff 0.0 outinratio 0.0605 

VBFH126_2e2mu_costhetaZ2_genbin6_recobin2 acc 0.0524 eff 0.0 outinratio 0.0266 

WminusH126_2e2mu_costhetaZ2_genbin6_recobin2 acc 0.0405 eff 0.0 outinratio 0.083 

WplusH126_2e2mu_costhetaZ2_genbin6_recobin2 acc 0.0382 eff 0.0 outinratio 0.0478 

ZH126_2e2mu_costhetaZ2_genbin6_recobin2 acc 0.04 eff 0.0 outinratio 0.0973 

ttH126_2e2mu_costhetaZ2_genbin6_recobin2 acc 0.0368 eff 0.0 outinratio 0.1978 

ggH126_2e2mu_costhetaZ2_genbin7_recobin2 acc 0.0298 eff 0.0 outinratio 0.0605 

VBFH126_2e2mu_costhetaZ2_genbin7_recobin2 acc 0.0322 eff 0.0 outinratio 0.0266 

WminusH126_2e2mu_costhetaZ2_genbin7_recobin2 acc 0.0247 eff 0.0 outinratio 0.083 

WplusH126_2e2mu_costhetaZ2_genbin7_recobin2 acc 0.0231 eff 0.0 outinratio 0.0478 

ZH126_2e2mu_costhetaZ2_genbin7_recobin2 acc 0.0258 eff 0.0 outinratio 0.0973 

ttH126_2e2mu_costhetaZ2_genbin7_recobin2 acc 0.0247 eff 0.0 outinratio 0.1978 

ggH126_2e2mu_costhetaZ2_genbin0_recobin3 acc 0.0263 eff 0.0 outinratio 0.0487 

VBFH126_2e2mu_costhetaZ2_genbin0_recobin3 acc 0.0368 eff 0.0 outinratio 0.0169 

WminusH126_2e2mu_costhetaZ2_genbin0_recobin3 acc 0.0268 eff 0.002 outinratio 0.0741 

WplusH126_2e2mu_costhetaZ2_genbin0_recobin3 acc 0.0267 eff 0.0 outinratio 0.0772 

ZH126_2e2mu_costhetaZ2_genbin0_recobin3 acc 0.0261 eff 0.0 outinratio 0.0633 

ttH126_2e2mu_costhetaZ2_genbin0_recobin3 acc 0.0238 eff 0.0 outinratio 0.1803 

ggH126_2e2mu_costhetaZ2_genbin1_recobin3 acc 0.0468 eff 0.0011 outinratio 0.0487 

VBFH126_2e2mu_costhetaZ2_genbin1_recobin3 acc 0.0532 eff 0.0046 outinratio 0.0169 

WminusH126_2e2mu_costhetaZ2_genbin1_recobin3 acc 0.0411 eff 0.002 outinratio 0.0741 

WplusH126_2e2mu_costhetaZ2_genbin1_recobin3 acc 0.0319 eff 0.0011 outinratio 0.0772 

ZH126_2e2mu_costhetaZ2_genbin1_recobin3 acc 0.0382 eff 0.0032 outinratio 0.0633 

ttH126_2e2mu_costhetaZ2_genbin1_recobin3 acc 0.0345 eff 0.0004 outinratio 0.1803 

ggH126_2e2mu_costhetaZ2_genbin2_recobin3 acc 0.0588 eff 0.0322 outinratio 0.0487 

VBFH126_2e2mu_costhetaZ2_genbin2_recobin3 acc 0.0629 eff 0.0388 outinratio 0.0169 

WminusH126_2e2mu_costhetaZ2_genbin2_recobin3 acc 0.0492 eff 0.0365 outinratio 0.0741 

WplusH126_2e2mu_costhetaZ2_genbin2_recobin3 acc 0.0494 eff 0.0346 outinratio 0.0772 

ZH126_2e2mu_costhetaZ2_genbin2_recobin3 acc 0.0497 eff 0.027 outinratio 0.0633 

ttH126_2e2mu_costhetaZ2_genbin2_recobin3 acc 0.0461 eff 0.0301 outinratio 0.1803 

ggH126_2e2mu_costhetaZ2_genbin3_recobin3 acc 0.0684 eff 0.4413 outinratio 0.0487 

VBFH126_2e2mu_costhetaZ2_genbin3_recobin3 acc 0.0706 eff 0.4705 outinratio 0.0169 

WminusH126_2e2mu_costhetaZ2_genbin3_recobin3 acc 0.0549 eff 0.4325 outinratio 0.0741 

WplusH126_2e2mu_costhetaZ2_genbin3_recobin3 acc 0.0521 eff 0.456 outinratio 0.0772 

ZH126_2e2mu_costhetaZ2_genbin3_recobin3 acc 0.0563 eff 0.4493 outinratio 0.0633 

ttH126_2e2mu_costhetaZ2_genbin3_recobin3 acc 0.0495 eff 0.4691 outinratio 0.1803 

ggH126_2e2mu_costhetaZ2_genbin4_recobin3 acc 0.0691 eff 0.0411 outinratio 0.0487 

VBFH126_2e2mu_costhetaZ2_genbin4_recobin3 acc 0.0676 eff 0.0361 outinratio 0.0169 

WminusH126_2e2mu_costhetaZ2_genbin4_recobin3 acc 0.0563 eff 0.0342 outinratio 0.0741 

WplusH126_2e2mu_costhetaZ2_genbin4_recobin3 acc 0.0481 eff 0.0445 outinratio 0.0772 

ZH126_2e2mu_costhetaZ2_genbin4_recobin3 acc 0.055 eff 0.0616 outinratio 0.0633 

ttH126_2e2mu_costhetaZ2_genbin4_recobin3 acc 0.0483 eff 0.0332 outinratio 0.1803 

ggH126_2e2mu_costhetaZ2_genbin5_recobin3 acc 0.0595 eff 0.0013 outinratio 0.0487 

VBFH126_2e2mu_costhetaZ2_genbin5_recobin3 acc 0.0637 eff 0.0006 outinratio 0.0169 

WminusH126_2e2mu_costhetaZ2_genbin5_recobin3 acc 0.0493 eff 0.0024 outinratio 0.0741 

WplusH126_2e2mu_costhetaZ2_genbin5_recobin3 acc 0.0442 eff 0.0014 outinratio 0.0772 

ZH126_2e2mu_costhetaZ2_genbin5_recobin3 acc 0.0535 eff 0.0 outinratio 0.0633 

ttH126_2e2mu_costhetaZ2_genbin5_recobin3 acc 0.043 eff 0.0004 outinratio 0.1803 

ggH126_2e2mu_costhetaZ2_genbin6_recobin3 acc 0.0492 eff 0.0 outinratio 0.0487 

VBFH126_2e2mu_costhetaZ2_genbin6_recobin3 acc 0.0524 eff 0.0 outinratio 0.0169 

WminusH126_2e2mu_costhetaZ2_genbin6_recobin3 acc 0.0405 eff 0.0003 outinratio 0.0741 

WplusH126_2e2mu_costhetaZ2_genbin6_recobin3 acc 0.0382 eff 0.0 outinratio 0.0772 

ZH126_2e2mu_costhetaZ2_genbin6_recobin3 acc 0.04 eff 0.0011 outinratio 0.0633 

ttH126_2e2mu_costhetaZ2_genbin6_recobin3 acc 0.0368 eff 0.0 outinratio 0.1803 

ggH126_2e2mu_costhetaZ2_genbin7_recobin3 acc 0.0298 eff 0.0 outinratio 0.0487 

VBFH126_2e2mu_costhetaZ2_genbin7_recobin3 acc 0.0322 eff 0.0013 outinratio 0.0169 

WminusH126_2e2mu_costhetaZ2_genbin7_recobin3 acc 0.0247 eff 0.0007 outinratio 0.0741 

WplusH126_2e2mu_costhetaZ2_genbin7_recobin3 acc 0.0231 eff 0.0 outinratio 0.0772 

ZH126_2e2mu_costhetaZ2_genbin7_recobin3 acc 0.0258 eff 0.0021 outinratio 0.0633 

ttH126_2e2mu_costhetaZ2_genbin7_recobin3 acc 0.0247 eff 0.0 outinratio 0.1803 

ggH126_2e2mu_costhetaZ2_genbin0_recobin4 acc 0.0263 eff 0.0 outinratio 0.0506 

VBFH126_2e2mu_costhetaZ2_genbin0_recobin4 acc 0.0368 eff 0.0029 outinratio 0.0194 

WminusH126_2e2mu_costhetaZ2_genbin0_recobin4 acc 0.0268 eff 0.0 outinratio 0.0849 

WplusH126_2e2mu_costhetaZ2_genbin0_recobin4 acc 0.0267 eff 0.0 outinratio 0.0785 

ZH126_2e2mu_costhetaZ2_genbin0_recobin4 acc 0.0261 eff 0.0 outinratio 0.0639 

ttH126_2e2mu_costhetaZ2_genbin0_recobin4 acc 0.0238 eff 0.0 outinratio 0.1934 

ggH126_2e2mu_costhetaZ2_genbin1_recobin4 acc 0.0468 eff 0.0 outinratio 0.0506 

VBFH126_2e2mu_costhetaZ2_genbin1_recobin4 acc 0.0532 eff 0.0 outinratio 0.0194 

WminusH126_2e2mu_costhetaZ2_genbin1_recobin4 acc 0.0411 eff 0.0 outinratio 0.0849 

WplusH126_2e2mu_costhetaZ2_genbin1_recobin4 acc 0.0319 eff 0.0 outinratio 0.0785 

ZH126_2e2mu_costhetaZ2_genbin1_recobin4 acc 0.0382 eff 0.0 outinratio 0.0639 

ttH126_2e2mu_costhetaZ2_genbin1_recobin4 acc 0.0345 eff 0.0026 outinratio 0.1934 

ggH126_2e2mu_costhetaZ2_genbin2_recobin4 acc 0.0588 eff 0.0036 outinratio 0.0506 

VBFH126_2e2mu_costhetaZ2_genbin2_recobin4 acc 0.0629 eff 0.0008 outinratio 0.0194 

WminusH126_2e2mu_costhetaZ2_genbin2_recobin4 acc 0.0492 eff 0.0013 outinratio 0.0849 

WplusH126_2e2mu_costhetaZ2_genbin2_recobin4 acc 0.0494 eff 0.0013 outinratio 0.0785 

ZH126_2e2mu_costhetaZ2_genbin2_recobin4 acc 0.0497 eff 0.0031 outinratio 0.0639 

ttH126_2e2mu_costhetaZ2_genbin2_recobin4 acc 0.0461 eff 0.0006 outinratio 0.1934 

ggH126_2e2mu_costhetaZ2_genbin3_recobin4 acc 0.0684 eff 0.0367 outinratio 0.0506 

VBFH126_2e2mu_costhetaZ2_genbin3_recobin4 acc 0.0706 eff 0.0437 outinratio 0.0194 

WminusH126_2e2mu_costhetaZ2_genbin3_recobin4 acc 0.0549 eff 0.0409 outinratio 0.0849 

WplusH126_2e2mu_costhetaZ2_genbin3_recobin4 acc 0.0521 eff 0.0204 outinratio 0.0785 

ZH126_2e2mu_costhetaZ2_genbin3_recobin4 acc 0.0563 eff 0.0279 outinratio 0.0639 

ttH126_2e2mu_costhetaZ2_genbin3_recobin4 acc 0.0495 eff 0.0421 outinratio 0.1934 

ggH126_2e2mu_costhetaZ2_genbin4_recobin4 acc 0.0691 eff 0.4446 outinratio 0.0506 

VBFH126_2e2mu_costhetaZ2_genbin4_recobin4 acc 0.0676 eff 0.4534 outinratio 0.0194 

WminusH126_2e2mu_costhetaZ2_genbin4_recobin4 acc 0.0563 eff 0.4595 outinratio 0.0849 

WplusH126_2e2mu_costhetaZ2_genbin4_recobin4 acc 0.0481 eff 0.4371 outinratio 0.0785 

ZH126_2e2mu_costhetaZ2_genbin4_recobin4 acc 0.055 eff 0.4431 outinratio 0.0639 

ttH126_2e2mu_costhetaZ2_genbin4_recobin4 acc 0.0483 eff 0.4396 outinratio 0.1934 

ggH126_2e2mu_costhetaZ2_genbin5_recobin4 acc 0.0595 eff 0.0397 outinratio 0.0506 

VBFH126_2e2mu_costhetaZ2_genbin5_recobin4 acc 0.0637 eff 0.0309 outinratio 0.0194 

WminusH126_2e2mu_costhetaZ2_genbin5_recobin4 acc 0.0493 eff 0.0425 outinratio 0.0849 

WplusH126_2e2mu_costhetaZ2_genbin5_recobin4 acc 0.0442 eff 0.0506 outinratio 0.0785 

ZH126_2e2mu_costhetaZ2_genbin5_recobin4 acc 0.0535 eff 0.0341 outinratio 0.0639 

ttH126_2e2mu_costhetaZ2_genbin5_recobin4 acc 0.043 eff 0.0229 outinratio 0.1934 

ggH126_2e2mu_costhetaZ2_genbin6_recobin4 acc 0.0492 eff 0.0025 outinratio 0.0506 

VBFH126_2e2mu_costhetaZ2_genbin6_recobin4 acc 0.0524 eff 0.0016 outinratio 0.0194 

WminusH126_2e2mu_costhetaZ2_genbin6_recobin4 acc 0.0405 eff 0.0019 outinratio 0.0849 

WplusH126_2e2mu_costhetaZ2_genbin6_recobin4 acc 0.0382 eff 0.0 outinratio 0.0785 

ZH126_2e2mu_costhetaZ2_genbin6_recobin4 acc 0.04 eff 0.0039 outinratio 0.0639 

ttH126_2e2mu_costhetaZ2_genbin6_recobin4 acc 0.0368 eff 0.0013 outinratio 0.1934 

ggH126_2e2mu_costhetaZ2_genbin7_recobin4 acc 0.0298 eff 0.0 outinratio 0.0506 

VBFH126_2e2mu_costhetaZ2_genbin7_recobin4 acc 0.0322 eff 0.0 outinratio 0.0194 

WminusH126_2e2mu_costhetaZ2_genbin7_recobin4 acc 0.0247 eff 0.0008 outinratio 0.0849 

WplusH126_2e2mu_costhetaZ2_genbin7_recobin4 acc 0.0231 eff 0.0 outinratio 0.0785 

ZH126_2e2mu_costhetaZ2_genbin7_recobin4 acc 0.0258 eff 0.0023 outinratio 0.0639 

ttH126_2e2mu_costhetaZ2_genbin7_recobin4 acc 0.0247 eff 0.0 outinratio 0.1934 

ggH126_2e2mu_costhetaZ2_genbin0_recobin5 acc 0.0263 eff 0.0017 outinratio 0.0436 

VBFH126_2e2mu_costhetaZ2_genbin0_recobin5 acc 0.0368 eff 0.0 outinratio 0.036 

WminusH126_2e2mu_costhetaZ2_genbin0_recobin5 acc 0.0268 eff 0.0 outinratio 0.0861 

WplusH126_2e2mu_costhetaZ2_genbin0_recobin5 acc 0.0267 eff 0.0 outinratio 0.0688 

ZH126_2e2mu_costhetaZ2_genbin0_recobin5 acc 0.0261 eff 0.0 outinratio 0.0585 

ttH126_2e2mu_costhetaZ2_genbin0_recobin5 acc 0.0238 eff 0.0 outinratio 0.178 

ggH126_2e2mu_costhetaZ2_genbin1_recobin5 acc 0.0468 eff 0.0007 outinratio 0.0436 

VBFH126_2e2mu_costhetaZ2_genbin1_recobin5 acc 0.0532 eff 0.0 outinratio 0.036 

WminusH126_2e2mu_costhetaZ2_genbin1_recobin5 acc 0.0411 eff 0.0028 outinratio 0.0861 

WplusH126_2e2mu_costhetaZ2_genbin1_recobin5 acc 0.0319 eff 0.0 outinratio 0.0688 

ZH126_2e2mu_costhetaZ2_genbin1_recobin5 acc 0.0382 eff 0.0035 outinratio 0.0585 

ttH126_2e2mu_costhetaZ2_genbin1_recobin5 acc 0.0345 eff 0.0 outinratio 0.178 

ggH126_2e2mu_costhetaZ2_genbin2_recobin5 acc 0.0588 eff 0.0 outinratio 0.0436 

VBFH126_2e2mu_costhetaZ2_genbin2_recobin5 acc 0.0629 eff 0.0008 outinratio 0.036 

WminusH126_2e2mu_costhetaZ2_genbin2_recobin5 acc 0.0492 eff 0.0026 outinratio 0.0861 

WplusH126_2e2mu_costhetaZ2_genbin2_recobin5 acc 0.0494 eff 0.0007 outinratio 0.0688 

ZH126_2e2mu_costhetaZ2_genbin2_recobin5 acc 0.0497 eff 0.0009 outinratio 0.0585 

ttH126_2e2mu_costhetaZ2_genbin2_recobin5 acc 0.0461 eff 0.0013 outinratio 0.178 

ggH126_2e2mu_costhetaZ2_genbin3_recobin5 acc 0.0684 eff 0.0 outinratio 0.0436 

VBFH126_2e2mu_costhetaZ2_genbin3_recobin5 acc 0.0706 eff 0.0012 outinratio 0.036 

WminusH126_2e2mu_costhetaZ2_genbin3_recobin5 acc 0.0549 eff 0.0016 outinratio 0.0861 

WplusH126_2e2mu_costhetaZ2_genbin3_recobin5 acc 0.0521 eff 0.0074 outinratio 0.0688 

ZH126_2e2mu_costhetaZ2_genbin3_recobin5 acc 0.0563 eff 0.001 outinratio 0.0585 

ttH126_2e2mu_costhetaZ2_genbin3_recobin5 acc 0.0495 eff 0.0013 outinratio 0.178 

ggH126_2e2mu_costhetaZ2_genbin4_recobin5 acc 0.0691 eff 0.0375 outinratio 0.0436 

VBFH126_2e2mu_costhetaZ2_genbin4_recobin5 acc 0.0676 eff 0.034 outinratio 0.036 

WminusH126_2e2mu_costhetaZ2_genbin4_recobin5 acc 0.0563 eff 0.0403 outinratio 0.0861 

WplusH126_2e2mu_costhetaZ2_genbin4_recobin5 acc 0.0481 eff 0.0539 outinratio 0.0688 

ZH126_2e2mu_costhetaZ2_genbin4_recobin5 acc 0.055 eff 0.0389 outinratio 0.0585 

ttH126_2e2mu_costhetaZ2_genbin4_recobin5 acc 0.0483 eff 0.0345 outinratio 0.178 

ggH126_2e2mu_costhetaZ2_genbin5_recobin5 acc 0.0595 eff 0.4566 outinratio 0.0436 

VBFH126_2e2mu_costhetaZ2_genbin5_recobin5 acc 0.0637 eff 0.4872 outinratio 0.036 

WminusH126_2e2mu_costhetaZ2_genbin5_recobin5 acc 0.0493 eff 0.4535 outinratio 0.0861 

WplusH126_2e2mu_costhetaZ2_genbin5_recobin5 acc 0.0442 eff 0.4519 outinratio 0.0688 

ZH126_2e2mu_costhetaZ2_genbin5_recobin5 acc 0.0535 eff 0.4786 outinratio 0.0585 

ttH126_2e2mu_costhetaZ2_genbin5_recobin5 acc 0.043 eff 0.461 outinratio 0.178 

ggH126_2e2mu_costhetaZ2_genbin6_recobin5 acc 0.0492 eff 0.0261 outinratio 0.0436 

VBFH126_2e2mu_costhetaZ2_genbin6_recobin5 acc 0.0524 eff 0.0263 outinratio 0.036 

WminusH126_2e2mu_costhetaZ2_genbin6_recobin5 acc 0.0405 eff 0.0375 outinratio 0.0861 

WplusH126_2e2mu_costhetaZ2_genbin6_recobin5 acc 0.0382 eff 0.0296 outinratio 0.0688 

ZH126_2e2mu_costhetaZ2_genbin6_recobin5 acc 0.04 eff 0.0341 outinratio 0.0585 

ttH126_2e2mu_costhetaZ2_genbin6_recobin5 acc 0.0368 eff 0.0259 outinratio 0.178 

ggH126_2e2mu_costhetaZ2_genbin7_recobin5 acc 0.0298 eff 0.0014 outinratio 0.0436 

VBFH126_2e2mu_costhetaZ2_genbin7_recobin5 acc 0.0322 eff 0.0 outinratio 0.036 

WminusH126_2e2mu_costhetaZ2_genbin7_recobin5 acc 0.0247 eff 0.0007 outinratio 0.0861 

WplusH126_2e2mu_costhetaZ2_genbin7_recobin5 acc 0.0231 eff 0.0014 outinratio 0.0688 

ZH126_2e2mu_costhetaZ2_genbin7_recobin5 acc 0.0258 eff 0.0017 outinratio 0.0585 

ttH126_2e2mu_costhetaZ2_genbin7_recobin5 acc 0.0247 eff 0.0 outinratio 0.178 

ggH126_2e2mu_costhetaZ2_genbin0_recobin6 acc 0.0263 eff 0.0029 outinratio 0.037 

VBFH126_2e2mu_costhetaZ2_genbin0_recobin6 acc 0.0368 eff 0.0 outinratio 0.0267 

WminusH126_2e2mu_costhetaZ2_genbin0_recobin6 acc 0.0268 eff 0.0 outinratio 0.0835 

WplusH126_2e2mu_costhetaZ2_genbin0_recobin6 acc 0.0267 eff 0.0 outinratio 0.0543 

ZH126_2e2mu_costhetaZ2_genbin0_recobin6 acc 0.0261 eff 0.0012 outinratio 0.0843 

ttH126_2e2mu_costhetaZ2_genbin0_recobin6 acc 0.0238 eff 0.0 outinratio 0.2121 

ggH126_2e2mu_costhetaZ2_genbin1_recobin6 acc 0.0468 eff 0.0 outinratio 0.037 

VBFH126_2e2mu_costhetaZ2_genbin1_recobin6 acc 0.0532 eff 0.0 outinratio 0.0267 

WminusH126_2e2mu_costhetaZ2_genbin1_recobin6 acc 0.0411 eff 0.0 outinratio 0.0835 

WplusH126_2e2mu_costhetaZ2_genbin1_recobin6 acc 0.0319 eff 0.0024 outinratio 0.0543 

ZH126_2e2mu_costhetaZ2_genbin1_recobin6 acc 0.0382 eff 0.0012 outinratio 0.0843 

ttH126_2e2mu_costhetaZ2_genbin1_recobin6 acc 0.0345 eff 0.0 outinratio 0.2121 

ggH126_2e2mu_costhetaZ2_genbin2_recobin6 acc 0.0588 eff 0.0 outinratio 0.037 

VBFH126_2e2mu_costhetaZ2_genbin2_recobin6 acc 0.0629 eff 0.0 outinratio 0.0267 

WminusH126_2e2mu_costhetaZ2_genbin2_recobin6 acc 0.0492 eff 0.0 outinratio 0.0835 

WplusH126_2e2mu_costhetaZ2_genbin2_recobin6 acc 0.0494 eff 0.0 outinratio 0.0543 

ZH126_2e2mu_costhetaZ2_genbin2_recobin6 acc 0.0497 eff 0.0 outinratio 0.0843 

ttH126_2e2mu_costhetaZ2_genbin2_recobin6 acc 0.0461 eff 0.0005 outinratio 0.2121 

ggH126_2e2mu_costhetaZ2_genbin3_recobin6 acc 0.0684 eff 0.0 outinratio 0.037 

VBFH126_2e2mu_costhetaZ2_genbin3_recobin6 acc 0.0706 eff 0.0005 outinratio 0.0267 

WminusH126_2e2mu_costhetaZ2_genbin3_recobin6 acc 0.0549 eff 0.0006 outinratio 0.0835 

WplusH126_2e2mu_costhetaZ2_genbin3_recobin6 acc 0.0521 eff 0.0 outinratio 0.0543 

ZH126_2e2mu_costhetaZ2_genbin3_recobin6 acc 0.0563 eff 0.0 outinratio 0.0843 

ttH126_2e2mu_costhetaZ2_genbin3_recobin6 acc 0.0495 eff 0.0004 outinratio 0.2121 

ggH126_2e2mu_costhetaZ2_genbin4_recobin6 acc 0.0691 eff 0.0011 outinratio 0.037 

VBFH126_2e2mu_costhetaZ2_genbin4_recobin6 acc 0.0676 eff 0.001 outinratio 0.0267 

WminusH126_2e2mu_costhetaZ2_genbin4_recobin6 acc 0.0563 eff 0.0005 outinratio 0.0835 

WplusH126_2e2mu_costhetaZ2_genbin4_recobin6 acc 0.0481 eff 0.0033 outinratio 0.0543 

ZH126_2e2mu_costhetaZ2_genbin4_recobin6 acc 0.055 eff 0.0037 outinratio 0.0843 

ttH126_2e2mu_costhetaZ2_genbin4_recobin6 acc 0.0483 eff 0.0 outinratio 0.2121 

ggH126_2e2mu_costhetaZ2_genbin5_recobin6 acc 0.0595 eff 0.031 outinratio 0.037 

VBFH126_2e2mu_costhetaZ2_genbin5_recobin6 acc 0.0637 eff 0.0359 outinratio 0.0267 

WminusH126_2e2mu_costhetaZ2_genbin5_recobin6 acc 0.0493 eff 0.0271 outinratio 0.0835 

WplusH126_2e2mu_costhetaZ2_genbin5_recobin6 acc 0.0442 eff 0.0226 outinratio 0.0543 

ZH126_2e2mu_costhetaZ2_genbin5_recobin6 acc 0.0535 eff 0.0373 outinratio 0.0843 

ttH126_2e2mu_costhetaZ2_genbin5_recobin6 acc 0.043 eff 0.0241 outinratio 0.2121 

ggH126_2e2mu_costhetaZ2_genbin6_recobin6 acc 0.0492 eff 0.4813 outinratio 0.037 

VBFH126_2e2mu_costhetaZ2_genbin6_recobin6 acc 0.0524 eff 0.5019 outinratio 0.0267 

WminusH126_2e2mu_costhetaZ2_genbin6_recobin6 acc 0.0405 eff 0.4543 outinratio 0.0835 

WplusH126_2e2mu_costhetaZ2_genbin6_recobin6 acc 0.0382 eff 0.4462 outinratio 0.0543 

ZH126_2e2mu_costhetaZ2_genbin6_recobin6 acc 0.04 eff 0.4535 outinratio 0.0843 

ttH126_2e2mu_costhetaZ2_genbin6_recobin6 acc 0.0368 eff 0.478 outinratio 0.2121 

ggH126_2e2mu_costhetaZ2_genbin7_recobin6 acc 0.0298 eff 0.0268 outinratio 0.037 

VBFH126_2e2mu_costhetaZ2_genbin7_recobin6 acc 0.0322 eff 0.0262 outinratio 0.0267 

WminusH126_2e2mu_costhetaZ2_genbin7_recobin6 acc 0.0247 eff 0.0191 outinratio 0.0835 

WplusH126_2e2mu_costhetaZ2_genbin7_recobin6 acc 0.0231 eff 0.0381 outinratio 0.0543 

ZH126_2e2mu_costhetaZ2_genbin7_recobin6 acc 0.0258 eff 0.022 outinratio 0.0843 

ttH126_2e2mu_costhetaZ2_genbin7_recobin6 acc 0.0247 eff 0.013 outinratio 0.2121 

ggH126_2e2mu_costhetaZ2_genbin0_recobin7 acc 0.0263 eff 0.0 outinratio 0.0524 

VBFH126_2e2mu_costhetaZ2_genbin0_recobin7 acc 0.0368 eff 0.0 outinratio 0.0566 

WminusH126_2e2mu_costhetaZ2_genbin0_recobin7 acc 0.0268 eff 0.0006 outinratio 0.0956 

WplusH126_2e2mu_costhetaZ2_genbin0_recobin7 acc 0.0267 eff 0.0 outinratio 0.0424 

ZH126_2e2mu_costhetaZ2_genbin0_recobin7 acc 0.0261 eff 0.003 outinratio 0.0831 

ttH126_2e2mu_costhetaZ2_genbin0_recobin7 acc 0.0238 eff 0.0 outinratio 0.1465 

ggH126_2e2mu_costhetaZ2_genbin1_recobin7 acc 0.0468 eff 0.0 outinratio 0.0524 

VBFH126_2e2mu_costhetaZ2_genbin1_recobin7 acc 0.0532 eff 0.0014 outinratio 0.0566 

WminusH126_2e2mu_costhetaZ2_genbin1_recobin7 acc 0.0411 eff 0.0 outinratio 0.0956 

WplusH126_2e2mu_costhetaZ2_genbin1_recobin7 acc 0.0319 eff 0.0 outinratio 0.0424 

ZH126_2e2mu_costhetaZ2_genbin1_recobin7 acc 0.0382 eff 0.0 outinratio 0.0831 

ttH126_2e2mu_costhetaZ2_genbin1_recobin7 acc 0.0345 eff 0.0 outinratio 0.1465 

ggH126_2e2mu_costhetaZ2_genbin2_recobin7 acc 0.0588 eff 0.0 outinratio 0.0524 

VBFH126_2e2mu_costhetaZ2_genbin2_recobin7 acc 0.0629 eff 0.0003 outinratio 0.0566 

WminusH126_2e2mu_costhetaZ2_genbin2_recobin7 acc 0.0492 eff 0.0 outinratio 0.0956 

WplusH126_2e2mu_costhetaZ2_genbin2_recobin7 acc 0.0494 eff 0.0 outinratio 0.0424 

ZH126_2e2mu_costhetaZ2_genbin2_recobin7 acc 0.0497 eff 0.0 outinratio 0.0831 

ttH126_2e2mu_costhetaZ2_genbin2_recobin7 acc 0.0461 eff 0.0004 outinratio 0.1465 

ggH126_2e2mu_costhetaZ2_genbin3_recobin7 acc 0.0684 eff 0.0 outinratio 0.0524 

VBFH126_2e2mu_costhetaZ2_genbin3_recobin7 acc 0.0706 eff 0.0 outinratio 0.0566 

WminusH126_2e2mu_costhetaZ2_genbin3_recobin7 acc 0.0549 eff 0.0021 outinratio 0.0956 

WplusH126_2e2mu_costhetaZ2_genbin3_recobin7 acc 0.0521 eff 0.0 outinratio 0.0424 

ZH126_2e2mu_costhetaZ2_genbin3_recobin7 acc 0.0563 eff 0.0 outinratio 0.0831 

ttH126_2e2mu_costhetaZ2_genbin3_recobin7 acc 0.0495 eff 0.0 outinratio 0.1465 

ggH126_2e2mu_costhetaZ2_genbin4_recobin7 acc 0.0691 eff 0.0 outinratio 0.0524 

VBFH126_2e2mu_costhetaZ2_genbin4_recobin7 acc 0.0676 eff 0.0 outinratio 0.0566 

WminusH126_2e2mu_costhetaZ2_genbin4_recobin7 acc 0.0563 eff 0.0 outinratio 0.0956 

WplusH126_2e2mu_costhetaZ2_genbin4_recobin7 acc 0.0481 eff 0.0 outinratio 0.0424 

ZH126_2e2mu_costhetaZ2_genbin4_recobin7 acc 0.055 eff 0.0 outinratio 0.0831 

ttH126_2e2mu_costhetaZ2_genbin4_recobin7 acc 0.0483 eff 0.0008 outinratio 0.1465 

ggH126_2e2mu_costhetaZ2_genbin5_recobin7 acc 0.0595 eff 0.0 outinratio 0.0524 

VBFH126_2e2mu_costhetaZ2_genbin5_recobin7 acc 0.0637 eff 0.0 outinratio 0.0566 

WminusH126_2e2mu_costhetaZ2_genbin5_recobin7 acc 0.0493 eff 0.0 outinratio 0.0956 

WplusH126_2e2mu_costhetaZ2_genbin5_recobin7 acc 0.0442 eff 0.0 outinratio 0.0424 

ZH126_2e2mu_costhetaZ2_genbin5_recobin7 acc 0.0535 eff 0.0 outinratio 0.0831 

ttH126_2e2mu_costhetaZ2_genbin5_recobin7 acc 0.043 eff 0.0014 outinratio 0.1465 

ggH126_2e2mu_costhetaZ2_genbin6_recobin7 acc 0.0492 eff 0.0215 outinratio 0.0524 

VBFH126_2e2mu_costhetaZ2_genbin6_recobin7 acc 0.0524 eff 0.0224 outinratio 0.0566 

WminusH126_2e2mu_costhetaZ2_genbin6_recobin7 acc 0.0405 eff 0.0149 outinratio 0.0956 

WplusH126_2e2mu_costhetaZ2_genbin6_recobin7 acc 0.0382 eff 0.0146 outinratio 0.0424 

ZH126_2e2mu_costhetaZ2_genbin6_recobin7 acc 0.04 eff 0.0156 outinratio 0.0831 

ttH126_2e2mu_costhetaZ2_genbin6_recobin7 acc 0.0368 eff 0.0155 outinratio 0.1465 

ggH126_2e2mu_costhetaZ2_genbin7_recobin7 acc 0.0298 eff 0.4659 outinratio 0.0524 

VBFH126_2e2mu_costhetaZ2_genbin7_recobin7 acc 0.0322 eff 0.4628 outinratio 0.0566 

WminusH126_2e2mu_costhetaZ2_genbin7_recobin7 acc 0.0247 eff 0.4985 outinratio 0.0956 

WplusH126_2e2mu_costhetaZ2_genbin7_recobin7 acc 0.0231 eff 0.4628 outinratio 0.0424 

ZH126_2e2mu_costhetaZ2_genbin7_recobin7 acc 0.0258 eff 0.4584 outinratio 0.0831 

ttH126_2e2mu_costhetaZ2_genbin7_recobin7 acc 0.0247 eff 0.4834 outinratio 0.1465 

Coeff fullNNLOPS
