Welcome in RunCoefficients!
OPT SPLIT
DEBUG opt.YEAR = 2022_2
It is a single-differential measurement, binning [0.0, 10.0, 16.0, 22.0, 28.0, 36.0, 46.0, 60.0, 80.0, 106.0, 146.0, 10000.0]
ZZPt
Following observables extracted from dictionary: RECO =  ZZPt  GEN =  GENpT4l
LUMI: 1.9951
ttH126 0.00016778593
Processing ggH126 2022_2
Signal created
Signal failed created
Processing VBFH126 2022_2
Signal created
Signal failed created
Processing WminusH126 2022_2
Signal created
Signal failed created
Processing WplusH126 2022_2
Signal created
Signal failed created
Processing ZH126 2022_2
Signal created
Signal failed created
Processing ttH126 2022_2
Signal created
Signal failed created
2022_2 SKIMMED df CREATED
2022_2 ggH126
2022_2 VBFH126
2022_2 WminusH126
2022_2 WplusH126
2022_2 ZH126
2022_2 ttH126
Dataframes created successfully
Coeff std
ggH126_4l_pT4l_genbin0_recobin0 acc 0.0589 eff 0.4541 outinratio 0.006 

VBFH126_4l_pT4l_genbin0_recobin0 acc 0.007 eff 0.5285 outinratio 0.0 

WminusH126_4l_pT4l_genbin0_recobin0 acc 0.0059 eff 0.3714 outinratio 0.0067 

WplusH126_4l_pT4l_genbin0_recobin0 acc 0.0047 eff 0.4235 outinratio 0.0308 

ZH126_4l_pT4l_genbin0_recobin0 acc 0.0054 eff 0.3429 outinratio 0.0599 

ttH126_4l_pT4l_genbin0_recobin0 acc 0.0025 eff 0.2903 outinratio 0.0188 

ggH126_4l_pT4l_genbin1_recobin0 acc 0.0589 eff 0.0403 outinratio 0.006 

VBFH126_4l_pT4l_genbin1_recobin0 acc 0.0076 eff 0.0549 outinratio 0.0 

WminusH126_4l_pT4l_genbin1_recobin0 acc 0.0094 eff 0.0329 outinratio 0.0067 

WplusH126_4l_pT4l_genbin1_recobin0 acc 0.0075 eff 0.0326 outinratio 0.0308 

ZH126_4l_pT4l_genbin1_recobin0 acc 0.0076 eff 0.0227 outinratio 0.0599 

ttH126_4l_pT4l_genbin1_recobin0 acc 0.0046 eff 0.0191 outinratio 0.0188 

ggH126_4l_pT4l_genbin2_recobin0 acc 0.0533 eff 0.0024 outinratio 0.006 

VBFH126_4l_pT4l_genbin2_recobin0 acc 0.0124 eff 0.0 outinratio 0.0 

WminusH126_4l_pT4l_genbin2_recobin0 acc 0.0131 eff 0.0 outinratio 0.0067 

WplusH126_4l_pT4l_genbin2_recobin0 acc 0.0104 eff 0.0 outinratio 0.0308 

ZH126_4l_pT4l_genbin2_recobin0 acc 0.0119 eff 0.0045 outinratio 0.0599 

ttH126_4l_pT4l_genbin2_recobin0 acc 0.0068 eff 0.0 outinratio 0.0188 

ggH126_4l_pT4l_genbin3_recobin0 acc 0.0436 eff 0.0002 outinratio 0.006 

VBFH126_4l_pT4l_genbin3_recobin0 acc 0.0157 eff 0.0 outinratio 0.0 

WminusH126_4l_pT4l_genbin3_recobin0 acc 0.0154 eff 0.0 outinratio 0.0067 

WplusH126_4l_pT4l_genbin3_recobin0 acc 0.0125 eff -0.001 outinratio 0.0308 

ZH126_4l_pT4l_genbin3_recobin0 acc 0.014 eff 0.0 outinratio 0.0599 

ttH126_4l_pT4l_genbin3_recobin0 acc 0.0095 eff 0.0 outinratio 0.0188 

ggH126_4l_pT4l_genbin4_recobin0 acc 0.0475 eff 0.0003 outinratio 0.006 

VBFH126_4l_pT4l_genbin4_recobin0 acc 0.027 eff 0.0 outinratio 0.0 

WminusH126_4l_pT4l_genbin4_recobin0 acc 0.0245 eff 0.0 outinratio 0.0067 

WplusH126_4l_pT4l_genbin4_recobin0 acc 0.019 eff 0.0 outinratio 0.0308 

ZH126_4l_pT4l_genbin4_recobin0 acc 0.0211 eff 0.0 outinratio 0.0599 

ttH126_4l_pT4l_genbin4_recobin0 acc 0.0158 eff 0.0 outinratio 0.0188 

ggH126_4l_pT4l_genbin5_recobin0 acc 0.0444 eff 0.0 outinratio 0.006 

VBFH126_4l_pT4l_genbin5_recobin0 acc 0.0347 eff 0.0 outinratio 0.0 

WminusH126_4l_pT4l_genbin5_recobin0 acc 0.0338 eff 0.0 outinratio 0.0067 

WplusH126_4l_pT4l_genbin5_recobin0 acc 0.0272 eff 0.0 outinratio 0.0308 

ZH126_4l_pT4l_genbin5_recobin0 acc 0.0301 eff 0.0 outinratio 0.0599 

ttH126_4l_pT4l_genbin5_recobin0 acc 0.0218 eff 0.0 outinratio 0.0188 

ggH126_4l_pT4l_genbin6_recobin0 acc 0.0414 eff 0.0 outinratio 0.006 

VBFH126_4l_pT4l_genbin6_recobin0 acc 0.0545 eff 0.0 outinratio 0.0 

WminusH126_4l_pT4l_genbin6_recobin0 acc 0.0475 eff 0.0 outinratio 0.0067 

WplusH126_4l_pT4l_genbin6_recobin0 acc 0.0402 eff 0.0 outinratio 0.0308 

ZH126_4l_pT4l_genbin6_recobin0 acc 0.0432 eff 0.0 outinratio 0.0599 

ttH126_4l_pT4l_genbin6_recobin0 acc 0.0371 eff 0.0 outinratio 0.0188 

ggH126_4l_pT4l_genbin7_recobin0 acc 0.0352 eff 0.0 outinratio 0.006 

VBFH126_4l_pT4l_genbin7_recobin0 acc 0.0739 eff 0.0 outinratio 0.0 

WminusH126_4l_pT4l_genbin7_recobin0 acc 0.0624 eff 0.0 outinratio 0.0067 

WplusH126_4l_pT4l_genbin7_recobin0 acc 0.0533 eff 0.0 outinratio 0.0308 

ZH126_4l_pT4l_genbin7_recobin0 acc 0.0596 eff 0.0 outinratio 0.0599 

ttH126_4l_pT4l_genbin7_recobin0 acc 0.058 eff 0.0 outinratio 0.0188 

ggH126_4l_pT4l_genbin8_recobin0 acc 0.025 eff 0.0 outinratio 0.006 

VBFH126_4l_pT4l_genbin8_recobin0 acc 0.0822 eff 0.0 outinratio 0.0 

WminusH126_4l_pT4l_genbin8_recobin0 acc 0.0653 eff 0.0 outinratio 0.0067 

WplusH126_4l_pT4l_genbin8_recobin0 acc 0.0554 eff 0.0 outinratio 0.0308 

ZH126_4l_pT4l_genbin8_recobin0 acc 0.0614 eff 0.0 outinratio 0.0599 

ttH126_4l_pT4l_genbin8_recobin0 acc 0.072 eff 0.0 outinratio 0.0188 

ggH126_4l_pT4l_genbin9_recobin0 acc 0.0191 eff 0.0 outinratio 0.006 

VBFH126_4l_pT4l_genbin9_recobin0 acc 0.0742 eff 0.0 outinratio 0.0 

WminusH126_4l_pT4l_genbin9_recobin0 acc 0.0611 eff 0.0 outinratio 0.0067 

WplusH126_4l_pT4l_genbin9_recobin0 acc 0.0554 eff 0.0 outinratio 0.0308 

ZH126_4l_pT4l_genbin9_recobin0 acc 0.0596 eff 0.0 outinratio 0.0599 

ttH126_4l_pT4l_genbin9_recobin0 acc 0.0883 eff 0.0 outinratio 0.0188 

ggH126_4l_pT4l_genbin10_recobin0 acc 0.0212 eff 0.0 outinratio 0.006 

VBFH126_4l_pT4l_genbin10_recobin0 acc 0.0928 eff 0.0 outinratio 0.0 

WminusH126_4l_pT4l_genbin10_recobin0 acc 0.0754 eff 0.0 outinratio 0.0067 

WplusH126_4l_pT4l_genbin10_recobin0 acc 0.0794 eff 0.0 outinratio 0.0308 

ZH126_4l_pT4l_genbin10_recobin0 acc 0.0764 eff 0.0 outinratio 0.0599 

ttH126_4l_pT4l_genbin10_recobin0 acc 0.1717 eff 0.0 outinratio 0.0188 

ggH126_4l_pT4l_genbin0_recobin1 acc 0.0589 eff 0.0432 outinratio 0.01 

VBFH126_4l_pT4l_genbin0_recobin1 acc 0.007 eff 0.0627 outinratio 0.0 

WminusH126_4l_pT4l_genbin0_recobin1 acc 0.0059 eff 0.0564 outinratio 0.0303 

WplusH126_4l_pT4l_genbin0_recobin1 acc 0.0047 eff 0.0354 outinratio 0.0211 

ZH126_4l_pT4l_genbin0_recobin1 acc 0.0054 eff 0.0275 outinratio 0.0687 

ttH126_4l_pT4l_genbin0_recobin1 acc 0.0025 eff 0.0548 outinratio 0.0 

ggH126_4l_pT4l_genbin1_recobin1 acc 0.0589 eff 0.4006 outinratio 0.01 

VBFH126_4l_pT4l_genbin1_recobin1 acc 0.0076 eff 0.457 outinratio 0.0 

WminusH126_4l_pT4l_genbin1_recobin1 acc 0.0094 eff 0.3089 outinratio 0.0303 

WplusH126_4l_pT4l_genbin1_recobin1 acc 0.0075 eff 0.3619 outinratio 0.0211 

ZH126_4l_pT4l_genbin1_recobin1 acc 0.0076 eff 0.3596 outinratio 0.0687 

ttH126_4l_pT4l_genbin1_recobin1 acc 0.0046 eff 0.2235 outinratio 0.0 

ggH126_4l_pT4l_genbin2_recobin1 acc 0.0533 eff 0.0489 outinratio 0.01 

VBFH126_4l_pT4l_genbin2_recobin1 acc 0.0124 eff 0.0248 outinratio 0.0 

WminusH126_4l_pT4l_genbin2_recobin1 acc 0.0131 eff 0.0468 outinratio 0.0303 

WplusH126_4l_pT4l_genbin2_recobin1 acc 0.0104 eff 0.0337 outinratio 0.0211 

ZH126_4l_pT4l_genbin2_recobin1 acc 0.0119 eff 0.0397 outinratio 0.0687 

ttH126_4l_pT4l_genbin2_recobin1 acc 0.0068 eff 0.0349 outinratio 0.0 

ggH126_4l_pT4l_genbin3_recobin1 acc 0.0436 eff 0.002 outinratio 0.01 

VBFH126_4l_pT4l_genbin3_recobin1 acc 0.0157 eff 0.0 outinratio 0.0 

WminusH126_4l_pT4l_genbin3_recobin1 acc 0.0154 eff 0.0022 outinratio 0.0303 

WplusH126_4l_pT4l_genbin3_recobin1 acc 0.0125 eff 0.0018 outinratio 0.0211 

ZH126_4l_pT4l_genbin3_recobin1 acc 0.014 eff 0.0 outinratio 0.0687 

ttH126_4l_pT4l_genbin3_recobin1 acc 0.0095 eff 0.0 outinratio 0.0 

ggH126_4l_pT4l_genbin4_recobin1 acc 0.0475 eff 0.0 outinratio 0.01 

VBFH126_4l_pT4l_genbin4_recobin1 acc 0.027 eff 0.0 outinratio 0.0 

WminusH126_4l_pT4l_genbin4_recobin1 acc 0.0245 eff 0.0 outinratio 0.0303 

WplusH126_4l_pT4l_genbin4_recobin1 acc 0.019 eff 0.0 outinratio 0.0211 

ZH126_4l_pT4l_genbin4_recobin1 acc 0.0211 eff 0.0 outinratio 0.0687 

ttH126_4l_pT4l_genbin4_recobin1 acc 0.0158 eff 0.0 outinratio 0.0 

ggH126_4l_pT4l_genbin5_recobin1 acc 0.0444 eff 0.0 outinratio 0.01 

VBFH126_4l_pT4l_genbin5_recobin1 acc 0.0347 eff 0.0 outinratio 0.0 

WminusH126_4l_pT4l_genbin5_recobin1 acc 0.0338 eff 0.0 outinratio 0.0303 

WplusH126_4l_pT4l_genbin5_recobin1 acc 0.0272 eff 0.0 outinratio 0.0211 

ZH126_4l_pT4l_genbin5_recobin1 acc 0.0301 eff 0.0 outinratio 0.0687 

ttH126_4l_pT4l_genbin5_recobin1 acc 0.0218 eff 0.0 outinratio 0.0 

ggH126_4l_pT4l_genbin6_recobin1 acc 0.0414 eff 0.0 outinratio 0.01 

VBFH126_4l_pT4l_genbin6_recobin1 acc 0.0545 eff 0.0 outinratio 0.0 

WminusH126_4l_pT4l_genbin6_recobin1 acc 0.0475 eff 0.0 outinratio 0.0303 

WplusH126_4l_pT4l_genbin6_recobin1 acc 0.0402 eff 0.0 outinratio 0.0211 

ZH126_4l_pT4l_genbin6_recobin1 acc 0.0432 eff 0.0 outinratio 0.0687 

ttH126_4l_pT4l_genbin6_recobin1 acc 0.0371 eff 0.0 outinratio 0.0 

ggH126_4l_pT4l_genbin7_recobin1 acc 0.0352 eff 0.0 outinratio 0.01 

VBFH126_4l_pT4l_genbin7_recobin1 acc 0.0739 eff 0.0 outinratio 0.0 

WminusH126_4l_pT4l_genbin7_recobin1 acc 0.0624 eff 0.0 outinratio 0.0303 

WplusH126_4l_pT4l_genbin7_recobin1 acc 0.0533 eff 0.0 outinratio 0.0211 

ZH126_4l_pT4l_genbin7_recobin1 acc 0.0596 eff 0.0 outinratio 0.0687 

ttH126_4l_pT4l_genbin7_recobin1 acc 0.058 eff 0.0 outinratio 0.0 

ggH126_4l_pT4l_genbin8_recobin1 acc 0.025 eff 0.0 outinratio 0.01 

VBFH126_4l_pT4l_genbin8_recobin1 acc 0.0822 eff 0.0 outinratio 0.0 

WminusH126_4l_pT4l_genbin8_recobin1 acc 0.0653 eff 0.0 outinratio 0.0303 

WplusH126_4l_pT4l_genbin8_recobin1 acc 0.0554 eff 0.0 outinratio 0.0211 

ZH126_4l_pT4l_genbin8_recobin1 acc 0.0614 eff 0.0 outinratio 0.0687 

ttH126_4l_pT4l_genbin8_recobin1 acc 0.072 eff 0.0 outinratio 0.0 

ggH126_4l_pT4l_genbin9_recobin1 acc 0.0191 eff 0.0 outinratio 0.01 

VBFH126_4l_pT4l_genbin9_recobin1 acc 0.0742 eff 0.0 outinratio 0.0 

WminusH126_4l_pT4l_genbin9_recobin1 acc 0.0611 eff 0.0 outinratio 0.0303 

WplusH126_4l_pT4l_genbin9_recobin1 acc 0.0554 eff 0.0 outinratio 0.0211 

ZH126_4l_pT4l_genbin9_recobin1 acc 0.0596 eff 0.0 outinratio 0.0687 

ttH126_4l_pT4l_genbin9_recobin1 acc 0.0883 eff 0.0 outinratio 0.0 

ggH126_4l_pT4l_genbin10_recobin1 acc 0.0212 eff 0.0 outinratio 0.01 

VBFH126_4l_pT4l_genbin10_recobin1 acc 0.0928 eff 0.0 outinratio 0.0 

WminusH126_4l_pT4l_genbin10_recobin1 acc 0.0754 eff 0.0 outinratio 0.0303 

WplusH126_4l_pT4l_genbin10_recobin1 acc 0.0794 eff 0.0 outinratio 0.0211 

ZH126_4l_pT4l_genbin10_recobin1 acc 0.0764 eff 0.0 outinratio 0.0687 

ttH126_4l_pT4l_genbin10_recobin1 acc 0.1717 eff 0.0 outinratio 0.0 

ggH126_4l_pT4l_genbin0_recobin2 acc 0.0589 eff 0.0026 outinratio 0.0084 

VBFH126_4l_pT4l_genbin0_recobin2 acc 0.007 eff 0.0 outinratio 0.0043 

WminusH126_4l_pT4l_genbin0_recobin2 acc 0.0059 eff 0.0 outinratio 0.0265 

WplusH126_4l_pT4l_genbin0_recobin2 acc 0.0047 eff 0.0 outinratio 0.0127 

ZH126_4l_pT4l_genbin0_recobin2 acc 0.0054 eff 0.0 outinratio 0.0401 

ttH126_4l_pT4l_genbin0_recobin2 acc 0.0025 eff 0.0 outinratio 0.0254 

ggH126_4l_pT4l_genbin1_recobin2 acc 0.0589 eff 0.0362 outinratio 0.0084 

VBFH126_4l_pT4l_genbin1_recobin2 acc 0.0076 eff 0.0 outinratio 0.0043 

WminusH126_4l_pT4l_genbin1_recobin2 acc 0.0094 eff 0.0708 outinratio 0.0265 

WplusH126_4l_pT4l_genbin1_recobin2 acc 0.0075 eff 0.0515 outinratio 0.0127 

ZH126_4l_pT4l_genbin1_recobin2 acc 0.0076 eff 0.0426 outinratio 0.0401 

ttH126_4l_pT4l_genbin1_recobin2 acc 0.0046 eff 0.0189 outinratio 0.0254 

ggH126_4l_pT4l_genbin2_recobin2 acc 0.0533 eff 0.3955 outinratio 0.0084 

VBFH126_4l_pT4l_genbin2_recobin2 acc 0.0124 eff 0.4024 outinratio 0.0043 

WminusH126_4l_pT4l_genbin2_recobin2 acc 0.0131 eff 0.3613 outinratio 0.0265 

WplusH126_4l_pT4l_genbin2_recobin2 acc 0.0104 eff 0.3595 outinratio 0.0127 

ZH126_4l_pT4l_genbin2_recobin2 acc 0.0119 eff 0.3384 outinratio 0.0401 

ttH126_4l_pT4l_genbin2_recobin2 acc 0.0068 eff 0.3155 outinratio 0.0254 

ggH126_4l_pT4l_genbin3_recobin2 acc 0.0436 eff 0.0453 outinratio 0.0084 

VBFH126_4l_pT4l_genbin3_recobin2 acc 0.0157 eff 0.0643 outinratio 0.0043 

WminusH126_4l_pT4l_genbin3_recobin2 acc 0.0154 eff 0.0356 outinratio 0.0265 

WplusH126_4l_pT4l_genbin3_recobin2 acc 0.0125 eff 0.0394 outinratio 0.0127 

ZH126_4l_pT4l_genbin3_recobin2 acc 0.014 eff 0.037 outinratio 0.0401 

ttH126_4l_pT4l_genbin3_recobin2 acc 0.0095 eff 0.0351 outinratio 0.0254 

ggH126_4l_pT4l_genbin4_recobin2 acc 0.0475 eff 0.0022 outinratio 0.0084 

VBFH126_4l_pT4l_genbin4_recobin2 acc 0.027 eff 0.0087 outinratio 0.0043 

WminusH126_4l_pT4l_genbin4_recobin2 acc 0.0245 eff 0.0018 outinratio 0.0265 

WplusH126_4l_pT4l_genbin4_recobin2 acc 0.019 eff 0.0025 outinratio 0.0127 

ZH126_4l_pT4l_genbin4_recobin2 acc 0.0211 eff 0.0 outinratio 0.0401 

ttH126_4l_pT4l_genbin4_recobin2 acc 0.0158 eff 0.0031 outinratio 0.0254 

ggH126_4l_pT4l_genbin5_recobin2 acc 0.0444 eff 0.0 outinratio 0.0084 

VBFH126_4l_pT4l_genbin5_recobin2 acc 0.0347 eff 0.0 outinratio 0.0043 

WminusH126_4l_pT4l_genbin5_recobin2 acc 0.0338 eff 0.0004 outinratio 0.0265 

WplusH126_4l_pT4l_genbin5_recobin2 acc 0.0272 eff 0.0 outinratio 0.0127 

ZH126_4l_pT4l_genbin5_recobin2 acc 0.0301 eff 0.0 outinratio 0.0401 

ttH126_4l_pT4l_genbin5_recobin2 acc 0.0218 eff 0.0 outinratio 0.0254 

ggH126_4l_pT4l_genbin6_recobin2 acc 0.0414 eff 0.0 outinratio 0.0084 

VBFH126_4l_pT4l_genbin6_recobin2 acc 0.0545 eff 0.0 outinratio 0.0043 

WminusH126_4l_pT4l_genbin6_recobin2 acc 0.0475 eff 0.0 outinratio 0.0265 

WplusH126_4l_pT4l_genbin6_recobin2 acc 0.0402 eff 0.0 outinratio 0.0127 

ZH126_4l_pT4l_genbin6_recobin2 acc 0.0432 eff 0.0 outinratio 0.0401 

ttH126_4l_pT4l_genbin6_recobin2 acc 0.0371 eff 0.0 outinratio 0.0254 

ggH126_4l_pT4l_genbin7_recobin2 acc 0.0352 eff 0.0 outinratio 0.0084 

VBFH126_4l_pT4l_genbin7_recobin2 acc 0.0739 eff 0.0 outinratio 0.0043 

WminusH126_4l_pT4l_genbin7_recobin2 acc 0.0624 eff 0.0 outinratio 0.0265 

WplusH126_4l_pT4l_genbin7_recobin2 acc 0.0533 eff 0.0 outinratio 0.0127 

ZH126_4l_pT4l_genbin7_recobin2 acc 0.0596 eff 0.0 outinratio 0.0401 

ttH126_4l_pT4l_genbin7_recobin2 acc 0.058 eff 0.0 outinratio 0.0254 

ggH126_4l_pT4l_genbin8_recobin2 acc 0.025 eff 0.0 outinratio 0.0084 

VBFH126_4l_pT4l_genbin8_recobin2 acc 0.0822 eff 0.0 outinratio 0.0043 

WminusH126_4l_pT4l_genbin8_recobin2 acc 0.0653 eff 0.0 outinratio 0.0265 

WplusH126_4l_pT4l_genbin8_recobin2 acc 0.0554 eff 0.0 outinratio 0.0127 

ZH126_4l_pT4l_genbin8_recobin2 acc 0.0614 eff 0.0 outinratio 0.0401 

ttH126_4l_pT4l_genbin8_recobin2 acc 0.072 eff 0.0 outinratio 0.0254 

ggH126_4l_pT4l_genbin9_recobin2 acc 0.0191 eff 0.0 outinratio 0.0084 

VBFH126_4l_pT4l_genbin9_recobin2 acc 0.0742 eff 0.0 outinratio 0.0043 

WminusH126_4l_pT4l_genbin9_recobin2 acc 0.0611 eff 0.0 outinratio 0.0265 

WplusH126_4l_pT4l_genbin9_recobin2 acc 0.0554 eff 0.0 outinratio 0.0127 

ZH126_4l_pT4l_genbin9_recobin2 acc 0.0596 eff 0.0 outinratio 0.0401 

ttH126_4l_pT4l_genbin9_recobin2 acc 0.0883 eff 0.0 outinratio 0.0254 

ggH126_4l_pT4l_genbin10_recobin2 acc 0.0212 eff 0.0 outinratio 0.0084 

VBFH126_4l_pT4l_genbin10_recobin2 acc 0.0928 eff 0.0 outinratio 0.0043 

WminusH126_4l_pT4l_genbin10_recobin2 acc 0.0754 eff 0.0 outinratio 0.0265 

WplusH126_4l_pT4l_genbin10_recobin2 acc 0.0794 eff 0.0 outinratio 0.0127 

ZH126_4l_pT4l_genbin10_recobin2 acc 0.0764 eff 0.0 outinratio 0.0401 

ttH126_4l_pT4l_genbin10_recobin2 acc 0.1717 eff 0.0 outinratio 0.0254 

ggH126_4l_pT4l_genbin0_recobin3 acc 0.0589 eff 0.0001 outinratio 0.0098 

VBFH126_4l_pT4l_genbin0_recobin3 acc 0.007 eff 0.0 outinratio 0.0102 

WminusH126_4l_pT4l_genbin0_recobin3 acc 0.0059 eff 0.0 outinratio 0.0022 

WplusH126_4l_pT4l_genbin0_recobin3 acc 0.0047 eff 0.0 outinratio 0.0162 

ZH126_4l_pT4l_genbin0_recobin3 acc 0.0054 eff 0.0 outinratio 0.0318 

ttH126_4l_pT4l_genbin0_recobin3 acc 0.0025 eff 0.0 outinratio 0.0952 

ggH126_4l_pT4l_genbin1_recobin3 acc 0.0589 eff 0.0021 outinratio 0.0098 

VBFH126_4l_pT4l_genbin1_recobin3 acc 0.0076 eff 0.0 outinratio 0.0102 

WminusH126_4l_pT4l_genbin1_recobin3 acc 0.0094 eff 0.0 outinratio 0.0022 

WplusH126_4l_pT4l_genbin1_recobin3 acc 0.0075 eff 0.0005 outinratio 0.0162 

ZH126_4l_pT4l_genbin1_recobin3 acc 0.0076 eff -0.0007 outinratio 0.0318 

ttH126_4l_pT4l_genbin1_recobin3 acc 0.0046 eff 0.0 outinratio 0.0952 

ggH126_4l_pT4l_genbin2_recobin3 acc 0.0533 eff 0.036 outinratio 0.0098 

VBFH126_4l_pT4l_genbin2_recobin3 acc 0.0124 eff 0.0691 outinratio 0.0102 

WminusH126_4l_pT4l_genbin2_recobin3 acc 0.0131 eff 0.0313 outinratio 0.0022 

WplusH126_4l_pT4l_genbin2_recobin3 acc 0.0104 eff 0.0294 outinratio 0.0162 

ZH126_4l_pT4l_genbin2_recobin3 acc 0.0119 eff 0.0378 outinratio 0.0318 

ttH126_4l_pT4l_genbin2_recobin3 acc 0.0068 eff 0.0093 outinratio 0.0952 

ggH126_4l_pT4l_genbin3_recobin3 acc 0.0436 eff 0.3883 outinratio 0.0098 

VBFH126_4l_pT4l_genbin3_recobin3 acc 0.0157 eff 0.3879 outinratio 0.0102 

WminusH126_4l_pT4l_genbin3_recobin3 acc 0.0154 eff 0.3661 outinratio 0.0022 

WplusH126_4l_pT4l_genbin3_recobin3 acc 0.0125 eff 0.3492 outinratio 0.0162 

ZH126_4l_pT4l_genbin3_recobin3 acc 0.014 eff 0.3559 outinratio 0.0318 

ttH126_4l_pT4l_genbin3_recobin3 acc 0.0095 eff 0.25 outinratio 0.0952 

ggH126_4l_pT4l_genbin4_recobin3 acc 0.0475 eff 0.0397 outinratio 0.0098 

VBFH126_4l_pT4l_genbin4_recobin3 acc 0.027 eff 0.0293 outinratio 0.0102 

WminusH126_4l_pT4l_genbin4_recobin3 acc 0.0245 eff 0.0337 outinratio 0.0022 

WplusH126_4l_pT4l_genbin4_recobin3 acc 0.019 eff 0.0395 outinratio 0.0162 

ZH126_4l_pT4l_genbin4_recobin3 acc 0.0211 eff 0.035 outinratio 0.0318 

ttH126_4l_pT4l_genbin4_recobin3 acc 0.0158 eff 0.0262 outinratio 0.0952 

ggH126_4l_pT4l_genbin5_recobin3 acc 0.0444 eff 0.0005 outinratio 0.0098 

VBFH126_4l_pT4l_genbin5_recobin3 acc 0.0347 eff 0.0 outinratio 0.0102 

WminusH126_4l_pT4l_genbin5_recobin3 acc 0.0338 eff 0.0 outinratio 0.0022 

WplusH126_4l_pT4l_genbin5_recobin3 acc 0.0272 eff 0.0 outinratio 0.0162 

ZH126_4l_pT4l_genbin5_recobin3 acc 0.0301 eff 0.0007 outinratio 0.0318 

ttH126_4l_pT4l_genbin5_recobin3 acc 0.0218 eff 0.0022 outinratio 0.0952 

ggH126_4l_pT4l_genbin6_recobin3 acc 0.0414 eff 0.0 outinratio 0.0098 

VBFH126_4l_pT4l_genbin6_recobin3 acc 0.0545 eff 0.0 outinratio 0.0102 

WminusH126_4l_pT4l_genbin6_recobin3 acc 0.0475 eff 0.0 outinratio 0.0022 

WplusH126_4l_pT4l_genbin6_recobin3 acc 0.0402 eff 0.0 outinratio 0.0162 

ZH126_4l_pT4l_genbin6_recobin3 acc 0.0432 eff 0.0004 outinratio 0.0318 

ttH126_4l_pT4l_genbin6_recobin3 acc 0.0371 eff 0.0 outinratio 0.0952 

ggH126_4l_pT4l_genbin7_recobin3 acc 0.0352 eff 0.0 outinratio 0.0098 

VBFH126_4l_pT4l_genbin7_recobin3 acc 0.0739 eff 0.0 outinratio 0.0102 

WminusH126_4l_pT4l_genbin7_recobin3 acc 0.0624 eff 0.0 outinratio 0.0022 

WplusH126_4l_pT4l_genbin7_recobin3 acc 0.0533 eff 0.0 outinratio 0.0162 

ZH126_4l_pT4l_genbin7_recobin3 acc 0.0596 eff 0.0 outinratio 0.0318 

ttH126_4l_pT4l_genbin7_recobin3 acc 0.058 eff 0.0 outinratio 0.0952 

ggH126_4l_pT4l_genbin8_recobin3 acc 0.025 eff 0.0 outinratio 0.0098 

VBFH126_4l_pT4l_genbin8_recobin3 acc 0.0822 eff 0.0 outinratio 0.0102 

WminusH126_4l_pT4l_genbin8_recobin3 acc 0.0653 eff 0.0 outinratio 0.0022 

WplusH126_4l_pT4l_genbin8_recobin3 acc 0.0554 eff 0.0 outinratio 0.0162 

ZH126_4l_pT4l_genbin8_recobin3 acc 0.0614 eff 0.0 outinratio 0.0318 

ttH126_4l_pT4l_genbin8_recobin3 acc 0.072 eff 0.0 outinratio 0.0952 

ggH126_4l_pT4l_genbin9_recobin3 acc 0.0191 eff 0.0 outinratio 0.0098 

VBFH126_4l_pT4l_genbin9_recobin3 acc 0.0742 eff 0.0 outinratio 0.0102 

WminusH126_4l_pT4l_genbin9_recobin3 acc 0.0611 eff 0.0 outinratio 0.0022 

WplusH126_4l_pT4l_genbin9_recobin3 acc 0.0554 eff 0.0 outinratio 0.0162 

ZH126_4l_pT4l_genbin9_recobin3 acc 0.0596 eff 0.0 outinratio 0.0318 

ttH126_4l_pT4l_genbin9_recobin3 acc 0.0883 eff 0.0 outinratio 0.0952 

ggH126_4l_pT4l_genbin10_recobin3 acc 0.0212 eff 0.0 outinratio 0.0098 

VBFH126_4l_pT4l_genbin10_recobin3 acc 0.0928 eff 0.0 outinratio 0.0102 

WminusH126_4l_pT4l_genbin10_recobin3 acc 0.0754 eff 0.0 outinratio 0.0022 

WplusH126_4l_pT4l_genbin10_recobin3 acc 0.0794 eff 0.0 outinratio 0.0162 

ZH126_4l_pT4l_genbin10_recobin3 acc 0.0764 eff 0.0 outinratio 0.0318 

ttH126_4l_pT4l_genbin10_recobin3 acc 0.1717 eff 0.0 outinratio 0.0952 

ggH126_4l_pT4l_genbin0_recobin4 acc 0.0589 eff 0.0 outinratio 0.0064 

VBFH126_4l_pT4l_genbin0_recobin4 acc 0.007 eff 0.0 outinratio 0.0081 

WminusH126_4l_pT4l_genbin0_recobin4 acc 0.0059 eff 0.0 outinratio 0.0229 

WplusH126_4l_pT4l_genbin0_recobin4 acc 0.0047 eff 0.0 outinratio 0.0218 

ZH126_4l_pT4l_genbin0_recobin4 acc 0.0054 eff 0.0 outinratio 0.0602 

ttH126_4l_pT4l_genbin0_recobin4 acc 0.0025 eff 0.0 outinratio 0.0429 

ggH126_4l_pT4l_genbin1_recobin4 acc 0.0589 eff 0.0001 outinratio 0.0064 

VBFH126_4l_pT4l_genbin1_recobin4 acc 0.0076 eff 0.0 outinratio 0.0081 

WminusH126_4l_pT4l_genbin1_recobin4 acc 0.0094 eff 0.0 outinratio 0.0229 

WplusH126_4l_pT4l_genbin1_recobin4 acc 0.0075 eff 0.0 outinratio 0.0218 

ZH126_4l_pT4l_genbin1_recobin4 acc 0.0076 eff 0.0 outinratio 0.0602 

ttH126_4l_pT4l_genbin1_recobin4 acc 0.0046 eff 0.0 outinratio 0.0429 

ggH126_4l_pT4l_genbin2_recobin4 acc 0.0533 eff 0.0008 outinratio 0.0064 

VBFH126_4l_pT4l_genbin2_recobin4 acc 0.0124 eff 0.0061 outinratio 0.0081 

WminusH126_4l_pT4l_genbin2_recobin4 acc 0.0131 eff 0.0003 outinratio 0.0229 

WplusH126_4l_pT4l_genbin2_recobin4 acc 0.0104 eff 0.0022 outinratio 0.0218 

ZH126_4l_pT4l_genbin2_recobin4 acc 0.0119 eff 0.0 outinratio 0.0602 

ttH126_4l_pT4l_genbin2_recobin4 acc 0.0068 eff 0.0 outinratio 0.0429 

ggH126_4l_pT4l_genbin3_recobin4 acc 0.0436 eff 0.0302 outinratio 0.0064 

VBFH126_4l_pT4l_genbin3_recobin4 acc 0.0157 eff 0.0254 outinratio 0.0081 

WminusH126_4l_pT4l_genbin3_recobin4 acc 0.0154 eff 0.0399 outinratio 0.0229 

WplusH126_4l_pT4l_genbin3_recobin4 acc 0.0125 eff 0.0314 outinratio 0.0218 

ZH126_4l_pT4l_genbin3_recobin4 acc 0.014 eff 0.035 outinratio 0.0602 

ttH126_4l_pT4l_genbin3_recobin4 acc 0.0095 eff 0.0181 outinratio 0.0429 

ggH126_4l_pT4l_genbin4_recobin4 acc 0.0475 eff 0.3994 outinratio 0.0064 

VBFH126_4l_pT4l_genbin4_recobin4 acc 0.027 eff 0.4209 outinratio 0.0081 

WminusH126_4l_pT4l_genbin4_recobin4 acc 0.0245 eff 0.3573 outinratio 0.0229 

WplusH126_4l_pT4l_genbin4_recobin4 acc 0.019 eff 0.3667 outinratio 0.0218 

ZH126_4l_pT4l_genbin4_recobin4 acc 0.0211 eff 0.3623 outinratio 0.0602 

ttH126_4l_pT4l_genbin4_recobin4 acc 0.0158 eff 0.2718 outinratio 0.0429 

ggH126_4l_pT4l_genbin5_recobin4 acc 0.0444 eff 0.0371 outinratio 0.0064 

VBFH126_4l_pT4l_genbin5_recobin4 acc 0.0347 eff 0.0285 outinratio 0.0081 

WminusH126_4l_pT4l_genbin5_recobin4 acc 0.0338 eff 0.0291 outinratio 0.0229 

WplusH126_4l_pT4l_genbin5_recobin4 acc 0.0272 eff 0.0264 outinratio 0.0218 

ZH126_4l_pT4l_genbin5_recobin4 acc 0.0301 eff 0.0251 outinratio 0.0602 

ttH126_4l_pT4l_genbin5_recobin4 acc 0.0218 eff 0.0155 outinratio 0.0429 

ggH126_4l_pT4l_genbin6_recobin4 acc 0.0414 eff 0.0002 outinratio 0.0064 

VBFH126_4l_pT4l_genbin6_recobin4 acc 0.0545 eff 0.0 outinratio 0.0081 

WminusH126_4l_pT4l_genbin6_recobin4 acc 0.0475 eff 0.0005 outinratio 0.0229 

WplusH126_4l_pT4l_genbin6_recobin4 acc 0.0402 eff 0.0004 outinratio 0.0218 

ZH126_4l_pT4l_genbin6_recobin4 acc 0.0432 eff 0.0013 outinratio 0.0602 

ttH126_4l_pT4l_genbin6_recobin4 acc 0.0371 eff 0.0 outinratio 0.0429 

ggH126_4l_pT4l_genbin7_recobin4 acc 0.0352 eff 0.0 outinratio 0.0064 

VBFH126_4l_pT4l_genbin7_recobin4 acc 0.0739 eff 0.0 outinratio 0.0081 

WminusH126_4l_pT4l_genbin7_recobin4 acc 0.0624 eff 0.0 outinratio 0.0229 

WplusH126_4l_pT4l_genbin7_recobin4 acc 0.0533 eff 0.0 outinratio 0.0218 

ZH126_4l_pT4l_genbin7_recobin4 acc 0.0596 eff 0.0 outinratio 0.0602 

ttH126_4l_pT4l_genbin7_recobin4 acc 0.058 eff 0.0 outinratio 0.0429 

ggH126_4l_pT4l_genbin8_recobin4 acc 0.025 eff 0.0 outinratio 0.0064 

VBFH126_4l_pT4l_genbin8_recobin4 acc 0.0822 eff 0.0 outinratio 0.0081 

WminusH126_4l_pT4l_genbin8_recobin4 acc 0.0653 eff 0.0 outinratio 0.0229 

WplusH126_4l_pT4l_genbin8_recobin4 acc 0.0554 eff 0.0 outinratio 0.0218 

ZH126_4l_pT4l_genbin8_recobin4 acc 0.0614 eff 0.0 outinratio 0.0602 

ttH126_4l_pT4l_genbin8_recobin4 acc 0.072 eff 0.0 outinratio 0.0429 

ggH126_4l_pT4l_genbin9_recobin4 acc 0.0191 eff 0.0 outinratio 0.0064 

VBFH126_4l_pT4l_genbin9_recobin4 acc 0.0742 eff 0.0 outinratio 0.0081 

WminusH126_4l_pT4l_genbin9_recobin4 acc 0.0611 eff 0.0 outinratio 0.0229 

WplusH126_4l_pT4l_genbin9_recobin4 acc 0.0554 eff 0.0 outinratio 0.0218 

ZH126_4l_pT4l_genbin9_recobin4 acc 0.0596 eff 0.0 outinratio 0.0602 

ttH126_4l_pT4l_genbin9_recobin4 acc 0.0883 eff 0.0 outinratio 0.0429 

ggH126_4l_pT4l_genbin10_recobin4 acc 0.0212 eff 0.0 outinratio 0.0064 

VBFH126_4l_pT4l_genbin10_recobin4 acc 0.0928 eff 0.0 outinratio 0.0081 

WminusH126_4l_pT4l_genbin10_recobin4 acc 0.0754 eff 0.0 outinratio 0.0229 

WplusH126_4l_pT4l_genbin10_recobin4 acc 0.0794 eff 0.0 outinratio 0.0218 

ZH126_4l_pT4l_genbin10_recobin4 acc 0.0764 eff 0.0 outinratio 0.0602 

ttH126_4l_pT4l_genbin10_recobin4 acc 0.1717 eff 0.0 outinratio 0.0429 

ggH126_4l_pT4l_genbin0_recobin5 acc 0.0589 eff 0.0 outinratio 0.0077 

VBFH126_4l_pT4l_genbin0_recobin5 acc 0.007 eff 0.0 outinratio 0.0033 

WminusH126_4l_pT4l_genbin0_recobin5 acc 0.0059 eff 0.0 outinratio 0.0255 

WplusH126_4l_pT4l_genbin0_recobin5 acc 0.0047 eff 0.0 outinratio 0.017 

ZH126_4l_pT4l_genbin0_recobin5 acc 0.0054 eff 0.0 outinratio 0.0532 

ttH126_4l_pT4l_genbin0_recobin5 acc 0.0025 eff 0.0 outinratio 0.0628 

ggH126_4l_pT4l_genbin1_recobin5 acc 0.0589 eff 0.0 outinratio 0.0077 

VBFH126_4l_pT4l_genbin1_recobin5 acc 0.0076 eff 0.0 outinratio 0.0033 

WminusH126_4l_pT4l_genbin1_recobin5 acc 0.0094 eff 0.0 outinratio 0.0255 

WplusH126_4l_pT4l_genbin1_recobin5 acc 0.0075 eff 0.0 outinratio 0.017 

ZH126_4l_pT4l_genbin1_recobin5 acc 0.0076 eff 0.0 outinratio 0.0532 

ttH126_4l_pT4l_genbin1_recobin5 acc 0.0046 eff 0.0 outinratio 0.0628 

ggH126_4l_pT4l_genbin2_recobin5 acc 0.0533 eff 0.0003 outinratio 0.0077 

VBFH126_4l_pT4l_genbin2_recobin5 acc 0.0124 eff 0.0 outinratio 0.0033 

WminusH126_4l_pT4l_genbin2_recobin5 acc 0.0131 eff 0.0 outinratio 0.0255 

WplusH126_4l_pT4l_genbin2_recobin5 acc 0.0104 eff 0.0 outinratio 0.017 

ZH126_4l_pT4l_genbin2_recobin5 acc 0.0119 eff 0.0 outinratio 0.0532 

ttH126_4l_pT4l_genbin2_recobin5 acc 0.0068 eff 0.0 outinratio 0.0628 

ggH126_4l_pT4l_genbin3_recobin5 acc 0.0436 eff 0.0013 outinratio 0.0077 

VBFH126_4l_pT4l_genbin3_recobin5 acc 0.0157 eff 0.0 outinratio 0.0033 

WminusH126_4l_pT4l_genbin3_recobin5 acc 0.0154 eff 0.0018 outinratio 0.0255 

WplusH126_4l_pT4l_genbin3_recobin5 acc 0.0125 eff 0.0027 outinratio 0.017 

ZH126_4l_pT4l_genbin3_recobin5 acc 0.014 eff 0.0006 outinratio 0.0532 

ttH126_4l_pT4l_genbin3_recobin5 acc 0.0095 eff 0.0 outinratio 0.0628 

ggH126_4l_pT4l_genbin4_recobin5 acc 0.0475 eff 0.026 outinratio 0.0077 

VBFH126_4l_pT4l_genbin4_recobin5 acc 0.027 eff 0.0398 outinratio 0.0033 

WminusH126_4l_pT4l_genbin4_recobin5 acc 0.0245 eff 0.031 outinratio 0.0255 

WplusH126_4l_pT4l_genbin4_recobin5 acc 0.019 eff 0.0246 outinratio 0.017 

ZH126_4l_pT4l_genbin4_recobin5 acc 0.0211 eff 0.0225 outinratio 0.0532 

ttH126_4l_pT4l_genbin4_recobin5 acc 0.0158 eff 0.0193 outinratio 0.0628 

ggH126_4l_pT4l_genbin5_recobin5 acc 0.0444 eff 0.4221 outinratio 0.0077 

VBFH126_4l_pT4l_genbin5_recobin5 acc 0.0347 eff 0.421 outinratio 0.0033 

WminusH126_4l_pT4l_genbin5_recobin5 acc 0.0338 eff 0.3742 outinratio 0.0255 

WplusH126_4l_pT4l_genbin5_recobin5 acc 0.0272 eff 0.3855 outinratio 0.017 

ZH126_4l_pT4l_genbin5_recobin5 acc 0.0301 eff 0.3898 outinratio 0.0532 

ttH126_4l_pT4l_genbin5_recobin5 acc 0.0218 eff 0.2536 outinratio 0.0628 

ggH126_4l_pT4l_genbin6_recobin5 acc 0.0414 eff 0.0295 outinratio 0.0077 

VBFH126_4l_pT4l_genbin6_recobin5 acc 0.0545 eff 0.0121 outinratio 0.0033 

WminusH126_4l_pT4l_genbin6_recobin5 acc 0.0475 eff 0.0273 outinratio 0.0255 

WplusH126_4l_pT4l_genbin6_recobin5 acc 0.0402 eff 0.0229 outinratio 0.017 

ZH126_4l_pT4l_genbin6_recobin5 acc 0.0432 eff 0.0195 outinratio 0.0532 

ttH126_4l_pT4l_genbin6_recobin5 acc 0.0371 eff 0.0142 outinratio 0.0628 

ggH126_4l_pT4l_genbin7_recobin5 acc 0.0352 eff 0.0004 outinratio 0.0077 

VBFH126_4l_pT4l_genbin7_recobin5 acc 0.0739 eff 0.0 outinratio 0.0033 

WminusH126_4l_pT4l_genbin7_recobin5 acc 0.0624 eff 0.0 outinratio 0.0255 

WplusH126_4l_pT4l_genbin7_recobin5 acc 0.0533 eff 0.0004 outinratio 0.017 

ZH126_4l_pT4l_genbin7_recobin5 acc 0.0596 eff 0.0 outinratio 0.0532 

ttH126_4l_pT4l_genbin7_recobin5 acc 0.058 eff 0.0 outinratio 0.0628 

ggH126_4l_pT4l_genbin8_recobin5 acc 0.025 eff 0.0 outinratio 0.0077 

VBFH126_4l_pT4l_genbin8_recobin5 acc 0.0822 eff 0.0 outinratio 0.0033 

WminusH126_4l_pT4l_genbin8_recobin5 acc 0.0653 eff 0.0 outinratio 0.0255 

WplusH126_4l_pT4l_genbin8_recobin5 acc 0.0554 eff 0.0 outinratio 0.017 

ZH126_4l_pT4l_genbin8_recobin5 acc 0.0614 eff 0.0 outinratio 0.0532 

ttH126_4l_pT4l_genbin8_recobin5 acc 0.072 eff 0.0 outinratio 0.0628 

ggH126_4l_pT4l_genbin9_recobin5 acc 0.0191 eff 0.0 outinratio 0.0077 

VBFH126_4l_pT4l_genbin9_recobin5 acc 0.0742 eff 0.0 outinratio 0.0033 

WminusH126_4l_pT4l_genbin9_recobin5 acc 0.0611 eff 0.0 outinratio 0.0255 

WplusH126_4l_pT4l_genbin9_recobin5 acc 0.0554 eff 0.0 outinratio 0.017 

ZH126_4l_pT4l_genbin9_recobin5 acc 0.0596 eff 0.0 outinratio 0.0532 

ttH126_4l_pT4l_genbin9_recobin5 acc 0.0883 eff 0.0 outinratio 0.0628 

ggH126_4l_pT4l_genbin10_recobin5 acc 0.0212 eff 0.0 outinratio 0.0077 

VBFH126_4l_pT4l_genbin10_recobin5 acc 0.0928 eff 0.0 outinratio 0.0033 

WminusH126_4l_pT4l_genbin10_recobin5 acc 0.0754 eff 0.0 outinratio 0.0255 

WplusH126_4l_pT4l_genbin10_recobin5 acc 0.0794 eff 0.0 outinratio 0.017 

ZH126_4l_pT4l_genbin10_recobin5 acc 0.0764 eff 0.0 outinratio 0.0532 

ttH126_4l_pT4l_genbin10_recobin5 acc 0.1717 eff 0.0 outinratio 0.0628 

ggH126_4l_pT4l_genbin0_recobin6 acc 0.0589 eff 0.0 outinratio 0.0085 

VBFH126_4l_pT4l_genbin0_recobin6 acc 0.007 eff 0.0 outinratio 0.0134 

WminusH126_4l_pT4l_genbin0_recobin6 acc 0.0059 eff 0.0 outinratio 0.0236 

WplusH126_4l_pT4l_genbin0_recobin6 acc 0.0047 eff 0.0 outinratio 0.0184 

ZH126_4l_pT4l_genbin0_recobin6 acc 0.0054 eff 0.0 outinratio 0.0616 

ttH126_4l_pT4l_genbin0_recobin6 acc 0.0025 eff 0.0 outinratio 0.0511 

ggH126_4l_pT4l_genbin1_recobin6 acc 0.0589 eff 0.0 outinratio 0.0085 

VBFH126_4l_pT4l_genbin1_recobin6 acc 0.0076 eff 0.0 outinratio 0.0134 

WminusH126_4l_pT4l_genbin1_recobin6 acc 0.0094 eff 0.0 outinratio 0.0236 

WplusH126_4l_pT4l_genbin1_recobin6 acc 0.0075 eff 0.0 outinratio 0.0184 

ZH126_4l_pT4l_genbin1_recobin6 acc 0.0076 eff 0.0 outinratio 0.0616 

ttH126_4l_pT4l_genbin1_recobin6 acc 0.0046 eff 0.0 outinratio 0.0511 

ggH126_4l_pT4l_genbin2_recobin6 acc 0.0533 eff 0.0 outinratio 0.0085 

VBFH126_4l_pT4l_genbin2_recobin6 acc 0.0124 eff 0.0 outinratio 0.0134 

WminusH126_4l_pT4l_genbin2_recobin6 acc 0.0131 eff 0.0 outinratio 0.0236 

WplusH126_4l_pT4l_genbin2_recobin6 acc 0.0104 eff 0.0 outinratio 0.0184 

ZH126_4l_pT4l_genbin2_recobin6 acc 0.0119 eff 0.0 outinratio 0.0616 

ttH126_4l_pT4l_genbin2_recobin6 acc 0.0068 eff 0.0 outinratio 0.0511 

ggH126_4l_pT4l_genbin3_recobin6 acc 0.0436 eff 0.0002 outinratio 0.0085 

VBFH126_4l_pT4l_genbin3_recobin6 acc 0.0157 eff 0.0 outinratio 0.0134 

WminusH126_4l_pT4l_genbin3_recobin6 acc 0.0154 eff 0.0 outinratio 0.0236 

WplusH126_4l_pT4l_genbin3_recobin6 acc 0.0125 eff 0.0 outinratio 0.0184 

ZH126_4l_pT4l_genbin3_recobin6 acc 0.014 eff 0.0007 outinratio 0.0616 

ttH126_4l_pT4l_genbin3_recobin6 acc 0.0095 eff 0.0 outinratio 0.0511 

ggH126_4l_pT4l_genbin4_recobin6 acc 0.0475 eff 0.0004 outinratio 0.0085 

VBFH126_4l_pT4l_genbin4_recobin6 acc 0.027 eff 0.0 outinratio 0.0134 

WminusH126_4l_pT4l_genbin4_recobin6 acc 0.0245 eff 0.0003 outinratio 0.0236 

WplusH126_4l_pT4l_genbin4_recobin6 acc 0.019 eff 0.0004 outinratio 0.0184 

ZH126_4l_pT4l_genbin4_recobin6 acc 0.0211 eff 0.0016 outinratio 0.0616 

ttH126_4l_pT4l_genbin4_recobin6 acc 0.0158 eff 0.0 outinratio 0.0511 

ggH126_4l_pT4l_genbin5_recobin6 acc 0.0444 eff 0.0206 outinratio 0.0085 

VBFH126_4l_pT4l_genbin5_recobin6 acc 0.0347 eff 0.0336 outinratio 0.0134 

WminusH126_4l_pT4l_genbin5_recobin6 acc 0.0338 eff 0.0233 outinratio 0.0236 

WplusH126_4l_pT4l_genbin5_recobin6 acc 0.0272 eff 0.0194 outinratio 0.0184 

ZH126_4l_pT4l_genbin5_recobin6 acc 0.0301 eff 0.0211 outinratio 0.0616 

ttH126_4l_pT4l_genbin5_recobin6 acc 0.0218 eff 0.0242 outinratio 0.0511 

ggH126_4l_pT4l_genbin6_recobin6 acc 0.0414 eff 0.4231 outinratio 0.0085 

VBFH126_4l_pT4l_genbin6_recobin6 acc 0.0545 eff 0.4799 outinratio 0.0134 

WminusH126_4l_pT4l_genbin6_recobin6 acc 0.0475 eff 0.3824 outinratio 0.0236 

WplusH126_4l_pT4l_genbin6_recobin6 acc 0.0402 eff 0.4007 outinratio 0.0184 

ZH126_4l_pT4l_genbin6_recobin6 acc 0.0432 eff 0.4033 outinratio 0.0616 

ttH126_4l_pT4l_genbin6_recobin6 acc 0.0371 eff 0.2909 outinratio 0.0511 

ggH126_4l_pT4l_genbin7_recobin6 acc 0.0352 eff 0.0243 outinratio 0.0085 

VBFH126_4l_pT4l_genbin7_recobin6 acc 0.0739 eff 0.0204 outinratio 0.0134 

WminusH126_4l_pT4l_genbin7_recobin6 acc 0.0624 eff 0.0257 outinratio 0.0236 

WplusH126_4l_pT4l_genbin7_recobin6 acc 0.0533 eff 0.0213 outinratio 0.0184 

ZH126_4l_pT4l_genbin7_recobin6 acc 0.0596 eff 0.0219 outinratio 0.0616 

ttH126_4l_pT4l_genbin7_recobin6 acc 0.058 eff 0.0162 outinratio 0.0511 

ggH126_4l_pT4l_genbin8_recobin6 acc 0.025 eff 0.0 outinratio 0.0085 

VBFH126_4l_pT4l_genbin8_recobin6 acc 0.0822 eff 0.0 outinratio 0.0134 

WminusH126_4l_pT4l_genbin8_recobin6 acc 0.0653 eff 0.0 outinratio 0.0236 

WplusH126_4l_pT4l_genbin8_recobin6 acc 0.0554 eff 0.0 outinratio 0.0184 

ZH126_4l_pT4l_genbin8_recobin6 acc 0.0614 eff 0.0005 outinratio 0.0616 

ttH126_4l_pT4l_genbin8_recobin6 acc 0.072 eff 0.0 outinratio 0.0511 

ggH126_4l_pT4l_genbin9_recobin6 acc 0.0191 eff 0.0 outinratio 0.0085 

VBFH126_4l_pT4l_genbin9_recobin6 acc 0.0742 eff 0.0 outinratio 0.0134 

WminusH126_4l_pT4l_genbin9_recobin6 acc 0.0611 eff 0.0 outinratio 0.0236 

WplusH126_4l_pT4l_genbin9_recobin6 acc 0.0554 eff 0.0 outinratio 0.0184 

ZH126_4l_pT4l_genbin9_recobin6 acc 0.0596 eff 0.0 outinratio 0.0616 

ttH126_4l_pT4l_genbin9_recobin6 acc 0.0883 eff 0.0 outinratio 0.0511 

ggH126_4l_pT4l_genbin10_recobin6 acc 0.0212 eff 0.0 outinratio 0.0085 

VBFH126_4l_pT4l_genbin10_recobin6 acc 0.0928 eff 0.0 outinratio 0.0134 

WminusH126_4l_pT4l_genbin10_recobin6 acc 0.0754 eff 0.0 outinratio 0.0236 

WplusH126_4l_pT4l_genbin10_recobin6 acc 0.0794 eff 0.0 outinratio 0.0184 

ZH126_4l_pT4l_genbin10_recobin6 acc 0.0764 eff 0.0 outinratio 0.0616 

ttH126_4l_pT4l_genbin10_recobin6 acc 0.1717 eff 0.0 outinratio 0.0511 

ggH126_4l_pT4l_genbin0_recobin7 acc 0.0589 eff 0.0 outinratio 0.0053 

VBFH126_4l_pT4l_genbin0_recobin7 acc 0.007 eff 0.0 outinratio 0.0118 

WminusH126_4l_pT4l_genbin0_recobin7 acc 0.0059 eff 0.0 outinratio 0.0224 

WplusH126_4l_pT4l_genbin0_recobin7 acc 0.0047 eff 0.0 outinratio 0.017 

ZH126_4l_pT4l_genbin0_recobin7 acc 0.0054 eff 0.0 outinratio 0.0577 

ttH126_4l_pT4l_genbin0_recobin7 acc 0.0025 eff 0.0 outinratio 0.0417 

ggH126_4l_pT4l_genbin1_recobin7 acc 0.0589 eff 0.0 outinratio 0.0053 

VBFH126_4l_pT4l_genbin1_recobin7 acc 0.0076 eff 0.0 outinratio 0.0118 

WminusH126_4l_pT4l_genbin1_recobin7 acc 0.0094 eff 0.0 outinratio 0.0224 

WplusH126_4l_pT4l_genbin1_recobin7 acc 0.0075 eff 0.0 outinratio 0.017 

ZH126_4l_pT4l_genbin1_recobin7 acc 0.0076 eff 0.0 outinratio 0.0577 

ttH126_4l_pT4l_genbin1_recobin7 acc 0.0046 eff 0.0 outinratio 0.0417 

ggH126_4l_pT4l_genbin2_recobin7 acc 0.0533 eff 0.0 outinratio 0.0053 

VBFH126_4l_pT4l_genbin2_recobin7 acc 0.0124 eff 0.0 outinratio 0.0118 

WminusH126_4l_pT4l_genbin2_recobin7 acc 0.0131 eff 0.0 outinratio 0.0224 

WplusH126_4l_pT4l_genbin2_recobin7 acc 0.0104 eff 0.0 outinratio 0.017 

ZH126_4l_pT4l_genbin2_recobin7 acc 0.0119 eff 0.0 outinratio 0.0577 

ttH126_4l_pT4l_genbin2_recobin7 acc 0.0068 eff 0.0 outinratio 0.0417 

ggH126_4l_pT4l_genbin3_recobin7 acc 0.0436 eff 0.0 outinratio 0.0053 

VBFH126_4l_pT4l_genbin3_recobin7 acc 0.0157 eff 0.0 outinratio 0.0118 

WminusH126_4l_pT4l_genbin3_recobin7 acc 0.0154 eff 0.0 outinratio 0.0224 

WplusH126_4l_pT4l_genbin3_recobin7 acc 0.0125 eff 0.0 outinratio 0.017 

ZH126_4l_pT4l_genbin3_recobin7 acc 0.014 eff 0.0 outinratio 0.0577 

ttH126_4l_pT4l_genbin3_recobin7 acc 0.0095 eff 0.0 outinratio 0.0417 

ggH126_4l_pT4l_genbin4_recobin7 acc 0.0475 eff 0.0 outinratio 0.0053 

VBFH126_4l_pT4l_genbin4_recobin7 acc 0.027 eff 0.0 outinratio 0.0118 

WminusH126_4l_pT4l_genbin4_recobin7 acc 0.0245 eff 0.0 outinratio 0.0224 

WplusH126_4l_pT4l_genbin4_recobin7 acc 0.019 eff 0.0 outinratio 0.017 

ZH126_4l_pT4l_genbin4_recobin7 acc 0.0211 eff 0.0013 outinratio 0.0577 

ttH126_4l_pT4l_genbin4_recobin7 acc 0.0158 eff 0.0 outinratio 0.0417 

ggH126_4l_pT4l_genbin5_recobin7 acc 0.0444 eff 0.0001 outinratio 0.0053 

VBFH126_4l_pT4l_genbin5_recobin7 acc 0.0347 eff 0.0038 outinratio 0.0118 

WminusH126_4l_pT4l_genbin5_recobin7 acc 0.0338 eff 0.0 outinratio 0.0224 

WplusH126_4l_pT4l_genbin5_recobin7 acc 0.0272 eff 0.0006 outinratio 0.017 

ZH126_4l_pT4l_genbin5_recobin7 acc 0.0301 eff -0.0009 outinratio 0.0577 

ttH126_4l_pT4l_genbin5_recobin7 acc 0.0218 eff 0.0 outinratio 0.0417 

ggH126_4l_pT4l_genbin6_recobin7 acc 0.0414 eff 0.0147 outinratio 0.0053 

VBFH126_4l_pT4l_genbin6_recobin7 acc 0.0545 eff 0.0227 outinratio 0.0118 

WminusH126_4l_pT4l_genbin6_recobin7 acc 0.0475 eff 0.0164 outinratio 0.0224 

WplusH126_4l_pT4l_genbin6_recobin7 acc 0.0402 eff 0.0175 outinratio 0.017 

ZH126_4l_pT4l_genbin6_recobin7 acc 0.0432 eff 0.0156 outinratio 0.0577 

ttH126_4l_pT4l_genbin6_recobin7 acc 0.0371 eff 0.0172 outinratio 0.0417 

ggH126_4l_pT4l_genbin7_recobin7 acc 0.0352 eff 0.4476 outinratio 0.0053 

VBFH126_4l_pT4l_genbin7_recobin7 acc 0.0739 eff 0.474 outinratio 0.0118 

WminusH126_4l_pT4l_genbin7_recobin7 acc 0.0624 eff 0.4076 outinratio 0.0224 

WplusH126_4l_pT4l_genbin7_recobin7 acc 0.0533 eff 0.4054 outinratio 0.017 

ZH126_4l_pT4l_genbin7_recobin7 acc 0.0596 eff 0.4063 outinratio 0.0577 

ttH126_4l_pT4l_genbin7_recobin7 acc 0.058 eff 0.3183 outinratio 0.0417 

ggH126_4l_pT4l_genbin8_recobin7 acc 0.025 eff 0.0235 outinratio 0.0053 

VBFH126_4l_pT4l_genbin8_recobin7 acc 0.0822 eff 0.0221 outinratio 0.0118 

WminusH126_4l_pT4l_genbin8_recobin7 acc 0.0653 eff 0.0239 outinratio 0.0224 

WplusH126_4l_pT4l_genbin8_recobin7 acc 0.0554 eff 0.0171 outinratio 0.017 

ZH126_4l_pT4l_genbin8_recobin7 acc 0.0614 eff 0.0256 outinratio 0.0577 

ttH126_4l_pT4l_genbin8_recobin7 acc 0.072 eff 0.009 outinratio 0.0417 

ggH126_4l_pT4l_genbin9_recobin7 acc 0.0191 eff 0.0 outinratio 0.0053 

VBFH126_4l_pT4l_genbin9_recobin7 acc 0.0742 eff 0.0 outinratio 0.0118 

WminusH126_4l_pT4l_genbin9_recobin7 acc 0.0611 eff 0.0 outinratio 0.0224 

WplusH126_4l_pT4l_genbin9_recobin7 acc 0.0554 eff 0.0 outinratio 0.017 

ZH126_4l_pT4l_genbin9_recobin7 acc 0.0596 eff 0.0 outinratio 0.0577 

ttH126_4l_pT4l_genbin9_recobin7 acc 0.0883 eff 0.0 outinratio 0.0417 

ggH126_4l_pT4l_genbin10_recobin7 acc 0.0212 eff 0.0 outinratio 0.0053 

VBFH126_4l_pT4l_genbin10_recobin7 acc 0.0928 eff 0.0 outinratio 0.0118 

WminusH126_4l_pT4l_genbin10_recobin7 acc 0.0754 eff 0.0 outinratio 0.0224 

WplusH126_4l_pT4l_genbin10_recobin7 acc 0.0794 eff 0.0 outinratio 0.017 

ZH126_4l_pT4l_genbin10_recobin7 acc 0.0764 eff 0.0 outinratio 0.0577 

ttH126_4l_pT4l_genbin10_recobin7 acc 0.1717 eff 0.0 outinratio 0.0417 

ggH126_4l_pT4l_genbin0_recobin8 acc 0.0589 eff 0.0 outinratio 0.0042 

VBFH126_4l_pT4l_genbin0_recobin8 acc 0.007 eff 0.0 outinratio 0.0078 

WminusH126_4l_pT4l_genbin0_recobin8 acc 0.0059 eff 0.0 outinratio 0.016 

WplusH126_4l_pT4l_genbin0_recobin8 acc 0.0047 eff 0.0 outinratio 0.0177 

ZH126_4l_pT4l_genbin0_recobin8 acc 0.0054 eff 0.0 outinratio 0.0613 

ttH126_4l_pT4l_genbin0_recobin8 acc 0.0025 eff 0.0 outinratio 0.0486 

ggH126_4l_pT4l_genbin1_recobin8 acc 0.0589 eff 0.0 outinratio 0.0042 

VBFH126_4l_pT4l_genbin1_recobin8 acc 0.0076 eff 0.0 outinratio 0.0078 

WminusH126_4l_pT4l_genbin1_recobin8 acc 0.0094 eff 0.0 outinratio 0.016 

WplusH126_4l_pT4l_genbin1_recobin8 acc 0.0075 eff 0.0 outinratio 0.0177 

ZH126_4l_pT4l_genbin1_recobin8 acc 0.0076 eff 0.0 outinratio 0.0613 

ttH126_4l_pT4l_genbin1_recobin8 acc 0.0046 eff 0.0 outinratio 0.0486 

ggH126_4l_pT4l_genbin2_recobin8 acc 0.0533 eff 0.0 outinratio 0.0042 

VBFH126_4l_pT4l_genbin2_recobin8 acc 0.0124 eff 0.0 outinratio 0.0078 

WminusH126_4l_pT4l_genbin2_recobin8 acc 0.0131 eff 0.0 outinratio 0.016 

WplusH126_4l_pT4l_genbin2_recobin8 acc 0.0104 eff 0.0 outinratio 0.0177 

ZH126_4l_pT4l_genbin2_recobin8 acc 0.0119 eff 0.0 outinratio 0.0613 

ttH126_4l_pT4l_genbin2_recobin8 acc 0.0068 eff 0.0 outinratio 0.0486 

ggH126_4l_pT4l_genbin3_recobin8 acc 0.0436 eff 0.0 outinratio 0.0042 

VBFH126_4l_pT4l_genbin3_recobin8 acc 0.0157 eff 0.0 outinratio 0.0078 

WminusH126_4l_pT4l_genbin3_recobin8 acc 0.0154 eff 0.0 outinratio 0.016 

WplusH126_4l_pT4l_genbin3_recobin8 acc 0.0125 eff 0.0 outinratio 0.0177 

ZH126_4l_pT4l_genbin3_recobin8 acc 0.014 eff 0.0 outinratio 0.0613 

ttH126_4l_pT4l_genbin3_recobin8 acc 0.0095 eff 0.0 outinratio 0.0486 

ggH126_4l_pT4l_genbin4_recobin8 acc 0.0475 eff 0.0 outinratio 0.0042 

VBFH126_4l_pT4l_genbin4_recobin8 acc 0.027 eff 0.0 outinratio 0.0078 

WminusH126_4l_pT4l_genbin4_recobin8 acc 0.0245 eff 0.0 outinratio 0.016 

WplusH126_4l_pT4l_genbin4_recobin8 acc 0.019 eff 0.0 outinratio 0.0177 

ZH126_4l_pT4l_genbin4_recobin8 acc 0.0211 eff 0.0 outinratio 0.0613 

ttH126_4l_pT4l_genbin4_recobin8 acc 0.0158 eff 0.0 outinratio 0.0486 

ggH126_4l_pT4l_genbin5_recobin8 acc 0.0444 eff 0.0 outinratio 0.0042 

VBFH126_4l_pT4l_genbin5_recobin8 acc 0.0347 eff 0.0 outinratio 0.0078 

WminusH126_4l_pT4l_genbin5_recobin8 acc 0.0338 eff 0.0 outinratio 0.016 

WplusH126_4l_pT4l_genbin5_recobin8 acc 0.0272 eff 0.0 outinratio 0.0177 

ZH126_4l_pT4l_genbin5_recobin8 acc 0.0301 eff 0.0 outinratio 0.0613 

ttH126_4l_pT4l_genbin5_recobin8 acc 0.0218 eff 0.0 outinratio 0.0486 

ggH126_4l_pT4l_genbin6_recobin8 acc 0.0414 eff 0.0 outinratio 0.0042 

VBFH126_4l_pT4l_genbin6_recobin8 acc 0.0545 eff 0.0011 outinratio 0.0078 

WminusH126_4l_pT4l_genbin6_recobin8 acc 0.0475 eff 0.0 outinratio 0.016 

WplusH126_4l_pT4l_genbin6_recobin8 acc 0.0402 eff 0.0 outinratio 0.0177 

ZH126_4l_pT4l_genbin6_recobin8 acc 0.0432 eff 0.0 outinratio 0.0613 

ttH126_4l_pT4l_genbin6_recobin8 acc 0.0371 eff 0.0 outinratio 0.0486 

ggH126_4l_pT4l_genbin7_recobin8 acc 0.0352 eff 0.0136 outinratio 0.0042 

VBFH126_4l_pT4l_genbin7_recobin8 acc 0.0739 eff 0.0078 outinratio 0.0078 

WminusH126_4l_pT4l_genbin7_recobin8 acc 0.0624 eff 0.0082 outinratio 0.016 

WplusH126_4l_pT4l_genbin7_recobin8 acc 0.0533 eff 0.0134 outinratio 0.0177 

ZH126_4l_pT4l_genbin7_recobin8 acc 0.0596 eff 0.0134 outinratio 0.0613 

ttH126_4l_pT4l_genbin7_recobin8 acc 0.058 eff 0.0092 outinratio 0.0486 

ggH126_4l_pT4l_genbin8_recobin8 acc 0.025 eff 0.4588 outinratio 0.0042 

VBFH126_4l_pT4l_genbin8_recobin8 acc 0.0822 eff 0.4638 outinratio 0.0078 

WminusH126_4l_pT4l_genbin8_recobin8 acc 0.0653 eff 0.4414 outinratio 0.016 

WplusH126_4l_pT4l_genbin8_recobin8 acc 0.0554 eff 0.438 outinratio 0.0177 

ZH126_4l_pT4l_genbin8_recobin8 acc 0.0614 eff 0.3989 outinratio 0.0613 

ttH126_4l_pT4l_genbin8_recobin8 acc 0.072 eff 0.3158 outinratio 0.0486 

ggH126_4l_pT4l_genbin9_recobin8 acc 0.0191 eff 0.0204 outinratio 0.0042 

VBFH126_4l_pT4l_genbin9_recobin8 acc 0.0742 eff 0.0297 outinratio 0.0078 

WminusH126_4l_pT4l_genbin9_recobin8 acc 0.0611 eff 0.0151 outinratio 0.016 

WplusH126_4l_pT4l_genbin9_recobin8 acc 0.0554 eff 0.0252 outinratio 0.0177 

ZH126_4l_pT4l_genbin9_recobin8 acc 0.0596 eff 0.0196 outinratio 0.0613 

ttH126_4l_pT4l_genbin9_recobin8 acc 0.0883 eff 0.0104 outinratio 0.0486 

ggH126_4l_pT4l_genbin10_recobin8 acc 0.0212 eff 0.0 outinratio 0.0042 

VBFH126_4l_pT4l_genbin10_recobin8 acc 0.0928 eff 0.0 outinratio 0.0078 

WminusH126_4l_pT4l_genbin10_recobin8 acc 0.0754 eff 0.0 outinratio 0.016 

WplusH126_4l_pT4l_genbin10_recobin8 acc 0.0794 eff 0.0 outinratio 0.0177 

ZH126_4l_pT4l_genbin10_recobin8 acc 0.0764 eff 0.0 outinratio 0.0613 

ttH126_4l_pT4l_genbin10_recobin8 acc 0.1717 eff 0.0002 outinratio 0.0486 

ggH126_4l_pT4l_genbin0_recobin9 acc 0.0589 eff 0.0 outinratio 0.012 

VBFH126_4l_pT4l_genbin0_recobin9 acc 0.007 eff 0.0 outinratio 0.0029 

WminusH126_4l_pT4l_genbin0_recobin9 acc 0.0059 eff 0.0 outinratio 0.0206 

WplusH126_4l_pT4l_genbin0_recobin9 acc 0.0047 eff 0.0 outinratio 0.0143 

ZH126_4l_pT4l_genbin0_recobin9 acc 0.0054 eff 0.0 outinratio 0.0499 

ttH126_4l_pT4l_genbin0_recobin9 acc 0.0025 eff 0.0 outinratio 0.0315 

ggH126_4l_pT4l_genbin1_recobin9 acc 0.0589 eff 0.0 outinratio 0.012 

VBFH126_4l_pT4l_genbin1_recobin9 acc 0.0076 eff 0.0 outinratio 0.0029 

WminusH126_4l_pT4l_genbin1_recobin9 acc 0.0094 eff 0.0 outinratio 0.0206 

WplusH126_4l_pT4l_genbin1_recobin9 acc 0.0075 eff 0.0 outinratio 0.0143 

ZH126_4l_pT4l_genbin1_recobin9 acc 0.0076 eff 0.0 outinratio 0.0499 

ttH126_4l_pT4l_genbin1_recobin9 acc 0.0046 eff 0.0 outinratio 0.0315 

ggH126_4l_pT4l_genbin2_recobin9 acc 0.0533 eff 0.0 outinratio 0.012 

VBFH126_4l_pT4l_genbin2_recobin9 acc 0.0124 eff 0.0 outinratio 0.0029 

WminusH126_4l_pT4l_genbin2_recobin9 acc 0.0131 eff 0.0 outinratio 0.0206 

WplusH126_4l_pT4l_genbin2_recobin9 acc 0.0104 eff 0.0 outinratio 0.0143 

ZH126_4l_pT4l_genbin2_recobin9 acc 0.0119 eff 0.0 outinratio 0.0499 

ttH126_4l_pT4l_genbin2_recobin9 acc 0.0068 eff 0.0 outinratio 0.0315 

ggH126_4l_pT4l_genbin3_recobin9 acc 0.0436 eff 0.0 outinratio 0.012 

VBFH126_4l_pT4l_genbin3_recobin9 acc 0.0157 eff 0.0 outinratio 0.0029 

WminusH126_4l_pT4l_genbin3_recobin9 acc 0.0154 eff 0.0 outinratio 0.0206 

WplusH126_4l_pT4l_genbin3_recobin9 acc 0.0125 eff 0.0 outinratio 0.0143 

ZH126_4l_pT4l_genbin3_recobin9 acc 0.014 eff 0.0 outinratio 0.0499 

ttH126_4l_pT4l_genbin3_recobin9 acc 0.0095 eff 0.0 outinratio 0.0315 

ggH126_4l_pT4l_genbin4_recobin9 acc 0.0475 eff 0.0 outinratio 0.012 

VBFH126_4l_pT4l_genbin4_recobin9 acc 0.027 eff 0.0 outinratio 0.0029 

WminusH126_4l_pT4l_genbin4_recobin9 acc 0.0245 eff 0.0 outinratio 0.0206 

WplusH126_4l_pT4l_genbin4_recobin9 acc 0.019 eff 0.0 outinratio 0.0143 

ZH126_4l_pT4l_genbin4_recobin9 acc 0.0211 eff 0.0 outinratio 0.0499 

ttH126_4l_pT4l_genbin4_recobin9 acc 0.0158 eff 0.0 outinratio 0.0315 

ggH126_4l_pT4l_genbin5_recobin9 acc 0.0444 eff 0.0 outinratio 0.012 

VBFH126_4l_pT4l_genbin5_recobin9 acc 0.0347 eff 0.0 outinratio 0.0029 

WminusH126_4l_pT4l_genbin5_recobin9 acc 0.0338 eff 0.0 outinratio 0.0206 

WplusH126_4l_pT4l_genbin5_recobin9 acc 0.0272 eff 0.0 outinratio 0.0143 

ZH126_4l_pT4l_genbin5_recobin9 acc 0.0301 eff 0.0 outinratio 0.0499 

ttH126_4l_pT4l_genbin5_recobin9 acc 0.0218 eff 0.0 outinratio 0.0315 

ggH126_4l_pT4l_genbin6_recobin9 acc 0.0414 eff 0.0 outinratio 0.012 

VBFH126_4l_pT4l_genbin6_recobin9 acc 0.0545 eff 0.0 outinratio 0.0029 

WminusH126_4l_pT4l_genbin6_recobin9 acc 0.0475 eff 0.0 outinratio 0.0206 

WplusH126_4l_pT4l_genbin6_recobin9 acc 0.0402 eff 0.0 outinratio 0.0143 

ZH126_4l_pT4l_genbin6_recobin9 acc 0.0432 eff 0.0 outinratio 0.0499 

ttH126_4l_pT4l_genbin6_recobin9 acc 0.0371 eff 0.0 outinratio 0.0315 

ggH126_4l_pT4l_genbin7_recobin9 acc 0.0352 eff 0.0 outinratio 0.012 

VBFH126_4l_pT4l_genbin7_recobin9 acc 0.0739 eff 0.0 outinratio 0.0029 

WminusH126_4l_pT4l_genbin7_recobin9 acc 0.0624 eff 0.0 outinratio 0.0206 

WplusH126_4l_pT4l_genbin7_recobin9 acc 0.0533 eff 0.0 outinratio 0.0143 

ZH126_4l_pT4l_genbin7_recobin9 acc 0.0596 eff 0.0 outinratio 0.0499 

ttH126_4l_pT4l_genbin7_recobin9 acc 0.058 eff 0.0 outinratio 0.0315 

ggH126_4l_pT4l_genbin8_recobin9 acc 0.025 eff 0.0074 outinratio 0.012 

VBFH126_4l_pT4l_genbin8_recobin9 acc 0.0822 eff 0.0092 outinratio 0.0029 

WminusH126_4l_pT4l_genbin8_recobin9 acc 0.0653 eff 0.0106 outinratio 0.0206 

WplusH126_4l_pT4l_genbin8_recobin9 acc 0.0554 eff 0.0093 outinratio 0.0143 

ZH126_4l_pT4l_genbin8_recobin9 acc 0.0614 eff 0.0115 outinratio 0.0499 

ttH126_4l_pT4l_genbin8_recobin9 acc 0.072 eff 0.0086 outinratio 0.0315 

ggH126_4l_pT4l_genbin9_recobin9 acc 0.0191 eff 0.471 outinratio 0.012 

VBFH126_4l_pT4l_genbin9_recobin9 acc 0.0742 eff 0.4809 outinratio 0.0029 

WminusH126_4l_pT4l_genbin9_recobin9 acc 0.0611 eff 0.4736 outinratio 0.0206 

WplusH126_4l_pT4l_genbin9_recobin9 acc 0.0554 eff 0.4411 outinratio 0.0143 

ZH126_4l_pT4l_genbin9_recobin9 acc 0.0596 eff 0.4633 outinratio 0.0499 

ttH126_4l_pT4l_genbin9_recobin9 acc 0.0883 eff 0.3635 outinratio 0.0315 

ggH126_4l_pT4l_genbin10_recobin9 acc 0.0212 eff 0.0125 outinratio 0.012 

VBFH126_4l_pT4l_genbin10_recobin9 acc 0.0928 eff 0.0275 outinratio 0.0029 

WminusH126_4l_pT4l_genbin10_recobin9 acc 0.0754 eff 0.0102 outinratio 0.0206 

WplusH126_4l_pT4l_genbin10_recobin9 acc 0.0794 eff 0.0106 outinratio 0.0143 

ZH126_4l_pT4l_genbin10_recobin9 acc 0.0764 eff 0.0089 outinratio 0.0499 

ttH126_4l_pT4l_genbin10_recobin9 acc 0.1717 eff 0.0055 outinratio 0.0315 

ggH126_4l_pT4l_genbin0_recobin10 acc 0.0589 eff 0.0 outinratio 0.0101 

VBFH126_4l_pT4l_genbin0_recobin10 acc 0.007 eff 0.0 outinratio 0.0488 

WminusH126_4l_pT4l_genbin0_recobin10 acc 0.0059 eff 0.0 outinratio 0.0155 

WplusH126_4l_pT4l_genbin0_recobin10 acc 0.0047 eff 0.0 outinratio 0.0168 

ZH126_4l_pT4l_genbin0_recobin10 acc 0.0054 eff 0.0 outinratio 0.0478 

ttH126_4l_pT4l_genbin0_recobin10 acc 0.0025 eff 0.0 outinratio 0.0346 

ggH126_4l_pT4l_genbin1_recobin10 acc 0.0589 eff 0.0 outinratio 0.0101 

VBFH126_4l_pT4l_genbin1_recobin10 acc 0.0076 eff 0.0 outinratio 0.0488 

WminusH126_4l_pT4l_genbin1_recobin10 acc 0.0094 eff 0.0 outinratio 0.0155 

WplusH126_4l_pT4l_genbin1_recobin10 acc 0.0075 eff 0.0 outinratio 0.0168 

ZH126_4l_pT4l_genbin1_recobin10 acc 0.0076 eff 0.0 outinratio 0.0478 

ttH126_4l_pT4l_genbin1_recobin10 acc 0.0046 eff 0.0 outinratio 0.0346 

ggH126_4l_pT4l_genbin2_recobin10 acc 0.0533 eff 0.0 outinratio 0.0101 

VBFH126_4l_pT4l_genbin2_recobin10 acc 0.0124 eff 0.0 outinratio 0.0488 

WminusH126_4l_pT4l_genbin2_recobin10 acc 0.0131 eff 0.0 outinratio 0.0155 

WplusH126_4l_pT4l_genbin2_recobin10 acc 0.0104 eff 0.0 outinratio 0.0168 

ZH126_4l_pT4l_genbin2_recobin10 acc 0.0119 eff 0.0 outinratio 0.0478 

ttH126_4l_pT4l_genbin2_recobin10 acc 0.0068 eff 0.0 outinratio 0.0346 

ggH126_4l_pT4l_genbin3_recobin10 acc 0.0436 eff 0.0 outinratio 0.0101 

VBFH126_4l_pT4l_genbin3_recobin10 acc 0.0157 eff 0.0 outinratio 0.0488 

WminusH126_4l_pT4l_genbin3_recobin10 acc 0.0154 eff 0.0 outinratio 0.0155 

WplusH126_4l_pT4l_genbin3_recobin10 acc 0.0125 eff 0.0 outinratio 0.0168 

ZH126_4l_pT4l_genbin3_recobin10 acc 0.014 eff 0.0 outinratio 0.0478 

ttH126_4l_pT4l_genbin3_recobin10 acc 0.0095 eff 0.0 outinratio 0.0346 

ggH126_4l_pT4l_genbin4_recobin10 acc 0.0475 eff 0.0 outinratio 0.0101 

VBFH126_4l_pT4l_genbin4_recobin10 acc 0.027 eff 0.0 outinratio 0.0488 

WminusH126_4l_pT4l_genbin4_recobin10 acc 0.0245 eff 0.0 outinratio 0.0155 

WplusH126_4l_pT4l_genbin4_recobin10 acc 0.019 eff 0.0 outinratio 0.0168 

ZH126_4l_pT4l_genbin4_recobin10 acc 0.0211 eff 0.0 outinratio 0.0478 

ttH126_4l_pT4l_genbin4_recobin10 acc 0.0158 eff 0.0 outinratio 0.0346 

ggH126_4l_pT4l_genbin5_recobin10 acc 0.0444 eff 0.0 outinratio 0.0101 

VBFH126_4l_pT4l_genbin5_recobin10 acc 0.0347 eff 0.0 outinratio 0.0488 

WminusH126_4l_pT4l_genbin5_recobin10 acc 0.0338 eff 0.0 outinratio 0.0155 

WplusH126_4l_pT4l_genbin5_recobin10 acc 0.0272 eff 0.0 outinratio 0.0168 

ZH126_4l_pT4l_genbin5_recobin10 acc 0.0301 eff 0.0 outinratio 0.0478 

ttH126_4l_pT4l_genbin5_recobin10 acc 0.0218 eff 0.0 outinratio 0.0346 

ggH126_4l_pT4l_genbin6_recobin10 acc 0.0414 eff 0.0 outinratio 0.0101 

VBFH126_4l_pT4l_genbin6_recobin10 acc 0.0545 eff 0.0 outinratio 0.0488 

WminusH126_4l_pT4l_genbin6_recobin10 acc 0.0475 eff 0.0 outinratio 0.0155 

WplusH126_4l_pT4l_genbin6_recobin10 acc 0.0402 eff 0.0 outinratio 0.0168 

ZH126_4l_pT4l_genbin6_recobin10 acc 0.0432 eff 0.0 outinratio 0.0478 

ttH126_4l_pT4l_genbin6_recobin10 acc 0.0371 eff 0.0 outinratio 0.0346 

ggH126_4l_pT4l_genbin7_recobin10 acc 0.0352 eff 0.0 outinratio 0.0101 

VBFH126_4l_pT4l_genbin7_recobin10 acc 0.0739 eff 0.0 outinratio 0.0488 

WminusH126_4l_pT4l_genbin7_recobin10 acc 0.0624 eff 0.0 outinratio 0.0155 

WplusH126_4l_pT4l_genbin7_recobin10 acc 0.0533 eff 0.0 outinratio 0.0168 

ZH126_4l_pT4l_genbin7_recobin10 acc 0.0596 eff 0.0 outinratio 0.0478 

ttH126_4l_pT4l_genbin7_recobin10 acc 0.058 eff 0.0 outinratio 0.0346 

ggH126_4l_pT4l_genbin8_recobin10 acc 0.025 eff 0.0 outinratio 0.0101 

VBFH126_4l_pT4l_genbin8_recobin10 acc 0.0822 eff 0.0 outinratio 0.0488 

WminusH126_4l_pT4l_genbin8_recobin10 acc 0.0653 eff 0.0 outinratio 0.0155 

WplusH126_4l_pT4l_genbin8_recobin10 acc 0.0554 eff 0.0 outinratio 0.0168 

ZH126_4l_pT4l_genbin8_recobin10 acc 0.0614 eff 0.0 outinratio 0.0478 

ttH126_4l_pT4l_genbin8_recobin10 acc 0.072 eff 0.0 outinratio 0.0346 

ggH126_4l_pT4l_genbin9_recobin10 acc 0.0191 eff 0.0083 outinratio 0.0101 

VBFH126_4l_pT4l_genbin9_recobin10 acc 0.0742 eff 0.008 outinratio 0.0488 

WminusH126_4l_pT4l_genbin9_recobin10 acc 0.0611 eff 0.0062 outinratio 0.0155 

WplusH126_4l_pT4l_genbin9_recobin10 acc 0.0554 eff 0.0076 outinratio 0.0168 

ZH126_4l_pT4l_genbin9_recobin10 acc 0.0596 eff 0.0064 outinratio 0.0478 

ttH126_4l_pT4l_genbin9_recobin10 acc 0.0883 eff 0.0067 outinratio 0.0346 

ggH126_4l_pT4l_genbin10_recobin10 acc 0.0212 eff 0.5499 outinratio 0.0101 

VBFH126_4l_pT4l_genbin10_recobin10 acc 0.0928 eff 0.5731 outinratio 0.0488 

WminusH126_4l_pT4l_genbin10_recobin10 acc 0.0754 eff 0.5256 outinratio 0.0155 

WplusH126_4l_pT4l_genbin10_recobin10 acc 0.0794 eff 0.5167 outinratio 0.0168 

ZH126_4l_pT4l_genbin10_recobin10 acc 0.0764 eff 0.5325 outinratio 0.0478 

ttH126_4l_pT4l_genbin10_recobin10 acc 0.1717 eff 0.4435 outinratio 0.0346 

ggH126_4e_pT4l_genbin0_recobin0 acc 0.0554 eff 0.3352 outinratio 0.009 

VBFH126_4e_pT4l_genbin0_recobin0 acc 0.006 eff 0.4856 outinratio 0.0 

WminusH126_4e_pT4l_genbin0_recobin0 acc 0.0054 eff 0.173 outinratio 0.0 

WplusH126_4e_pT4l_genbin0_recobin0 acc 0.005 eff 0.2542 outinratio 0.0587 

ZH126_4e_pT4l_genbin0_recobin0 acc 0.0048 eff 0.2443 outinratio 0.0746 

ttH126_4e_pT4l_genbin0_recobin0 acc 0.0031 eff 0.2435 outinratio 0.0 

ggH126_4e_pT4l_genbin1_recobin0 acc 0.058 eff 0.0377 outinratio 0.009 

VBFH126_4e_pT4l_genbin1_recobin0 acc 0.0063 eff 0.1688 outinratio 0.0 

WminusH126_4e_pT4l_genbin1_recobin0 acc 0.0093 eff 0.027 outinratio 0.0 

WplusH126_4e_pT4l_genbin1_recobin0 acc 0.0074 eff 0.0357 outinratio 0.0587 

ZH126_4e_pT4l_genbin1_recobin0 acc 0.008 eff 0.0256 outinratio 0.0746 

ttH126_4e_pT4l_genbin1_recobin0 acc 0.004 eff 0.0225 outinratio 0.0 

ggH126_4e_pT4l_genbin2_recobin0 acc 0.0512 eff 0.0016 outinratio 0.009 

VBFH126_4e_pT4l_genbin2_recobin0 acc 0.0099 eff 0.0 outinratio 0.0 

WminusH126_4e_pT4l_genbin2_recobin0 acc 0.0127 eff 0.0 outinratio 0.0 

WplusH126_4e_pT4l_genbin2_recobin0 acc 0.0097 eff 0.0 outinratio 0.0587 

ZH126_4e_pT4l_genbin2_recobin0 acc 0.0117 eff 0.0056 outinratio 0.0746 

ttH126_4e_pT4l_genbin2_recobin0 acc 0.0065 eff 0.0 outinratio 0.0 

ggH126_4e_pT4l_genbin3_recobin0 acc 0.0426 eff 0.0 outinratio 0.009 

VBFH126_4e_pT4l_genbin3_recobin0 acc 0.0162 eff 0.0 outinratio 0.0 

WminusH126_4e_pT4l_genbin3_recobin0 acc 0.0153 eff 0.0 outinratio 0.0 

WplusH126_4e_pT4l_genbin3_recobin0 acc 0.0118 eff 0.0 outinratio 0.0587 

ZH126_4e_pT4l_genbin3_recobin0 acc 0.0129 eff 0.0 outinratio 0.0746 

ttH126_4e_pT4l_genbin3_recobin0 acc 0.0094 eff 0.0 outinratio 0.0 

ggH126_4e_pT4l_genbin4_recobin0 acc 0.0445 eff 0.0 outinratio 0.009 

VBFH126_4e_pT4l_genbin4_recobin0 acc 0.0268 eff 0.0 outinratio 0.0 

WminusH126_4e_pT4l_genbin4_recobin0 acc 0.0228 eff 0.0 outinratio 0.0 

WplusH126_4e_pT4l_genbin4_recobin0 acc 0.0179 eff 0.0 outinratio 0.0587 

ZH126_4e_pT4l_genbin4_recobin0 acc 0.02 eff 0.0 outinratio 0.0746 

ttH126_4e_pT4l_genbin4_recobin0 acc 0.0147 eff 0.0 outinratio 0.0 

ggH126_4e_pT4l_genbin5_recobin0 acc 0.0414 eff 0.0 outinratio 0.009 

VBFH126_4e_pT4l_genbin5_recobin0 acc 0.0321 eff 0.0 outinratio 0.0 

WminusH126_4e_pT4l_genbin5_recobin0 acc 0.034 eff 0.0 outinratio 0.0 

WplusH126_4e_pT4l_genbin5_recobin0 acc 0.0252 eff 0.0 outinratio 0.0587 

ZH126_4e_pT4l_genbin5_recobin0 acc 0.029 eff 0.0 outinratio 0.0746 

ttH126_4e_pT4l_genbin5_recobin0 acc 0.0218 eff 0.0 outinratio 0.0 

ggH126_4e_pT4l_genbin6_recobin0 acc 0.0384 eff 0.0 outinratio 0.009 

VBFH126_4e_pT4l_genbin6_recobin0 acc 0.0497 eff 0.0 outinratio 0.0 

WminusH126_4e_pT4l_genbin6_recobin0 acc 0.0441 eff 0.0 outinratio 0.0 

WplusH126_4e_pT4l_genbin6_recobin0 acc 0.0404 eff 0.0 outinratio 0.0587 

ZH126_4e_pT4l_genbin6_recobin0 acc 0.0417 eff 0.0 outinratio 0.0746 

ttH126_4e_pT4l_genbin6_recobin0 acc 0.036 eff 0.0 outinratio 0.0 

ggH126_4e_pT4l_genbin7_recobin0 acc 0.0342 eff 0.0 outinratio 0.009 

VBFH126_4e_pT4l_genbin7_recobin0 acc 0.0701 eff 0.0 outinratio 0.0 

WminusH126_4e_pT4l_genbin7_recobin0 acc 0.058 eff 0.0 outinratio 0.0 

WplusH126_4e_pT4l_genbin7_recobin0 acc 0.05 eff 0.0 outinratio 0.0587 

ZH126_4e_pT4l_genbin7_recobin0 acc 0.0552 eff 0.0 outinratio 0.0746 

ttH126_4e_pT4l_genbin7_recobin0 acc 0.0554 eff 0.0 outinratio 0.0 

ggH126_4e_pT4l_genbin8_recobin0 acc 0.0229 eff 0.0 outinratio 0.009 

VBFH126_4e_pT4l_genbin8_recobin0 acc 0.0849 eff 0.0 outinratio 0.0 

WminusH126_4e_pT4l_genbin8_recobin0 acc 0.0643 eff 0.0 outinratio 0.0 

WplusH126_4e_pT4l_genbin8_recobin0 acc 0.0529 eff 0.0 outinratio 0.0587 

ZH126_4e_pT4l_genbin8_recobin0 acc 0.0632 eff 0.0 outinratio 0.0746 

ttH126_4e_pT4l_genbin8_recobin0 acc 0.0645 eff 0.0 outinratio 0.0 

ggH126_4e_pT4l_genbin9_recobin0 acc 0.0178 eff 0.0 outinratio 0.009 

VBFH126_4e_pT4l_genbin9_recobin0 acc 0.0705 eff 0.0 outinratio 0.0 

WminusH126_4e_pT4l_genbin9_recobin0 acc 0.06 eff 0.0 outinratio 0.0 

WplusH126_4e_pT4l_genbin9_recobin0 acc 0.0521 eff 0.0 outinratio 0.0587 

ZH126_4e_pT4l_genbin9_recobin0 acc 0.0562 eff 0.0 outinratio 0.0746 

ttH126_4e_pT4l_genbin9_recobin0 acc 0.0877 eff 0.0 outinratio 0.0 

ggH126_4e_pT4l_genbin10_recobin0 acc 0.0206 eff 0.0 outinratio 0.009 

VBFH126_4e_pT4l_genbin10_recobin0 acc 0.0885 eff 0.0 outinratio 0.0 

WminusH126_4e_pT4l_genbin10_recobin0 acc 0.0733 eff 0.0 outinratio 0.0 

WplusH126_4e_pT4l_genbin10_recobin0 acc 0.0767 eff 0.0 outinratio 0.0587 

ZH126_4e_pT4l_genbin10_recobin0 acc 0.0728 eff 0.0 outinratio 0.0746 

ttH126_4e_pT4l_genbin10_recobin0 acc 0.1726 eff 0.0 outinratio 0.0 

ggH126_4e_pT4l_genbin0_recobin1 acc 0.0554 eff 0.0428 outinratio 0.0153 

VBFH126_4e_pT4l_genbin0_recobin1 acc 0.006 eff 0.0 outinratio 0.0 

WminusH126_4e_pT4l_genbin0_recobin1 acc 0.0054 eff 0.0617 outinratio 0.0066 

WplusH126_4e_pT4l_genbin0_recobin1 acc 0.005 eff 0.0402 outinratio 0.0227 

ZH126_4e_pT4l_genbin0_recobin1 acc 0.0048 eff 0.0308 outinratio 0.0457 

ttH126_4e_pT4l_genbin0_recobin1 acc 0.0031 eff 0.08 outinratio 0.0 

ggH126_4e_pT4l_genbin1_recobin1 acc 0.058 eff 0.2637 outinratio 0.0153 

VBFH126_4e_pT4l_genbin1_recobin1 acc 0.0063 eff 0.3852 outinratio 0.0 

WminusH126_4e_pT4l_genbin1_recobin1 acc 0.0093 eff 0.1732 outinratio 0.0066 

WplusH126_4e_pT4l_genbin1_recobin1 acc 0.0074 eff 0.2581 outinratio 0.0227 

ZH126_4e_pT4l_genbin1_recobin1 acc 0.008 eff 0.2058 outinratio 0.0457 

ttH126_4e_pT4l_genbin1_recobin1 acc 0.004 eff 0.0207 outinratio 0.0 

ggH126_4e_pT4l_genbin2_recobin1 acc 0.0512 eff 0.0615 outinratio 0.0153 

VBFH126_4e_pT4l_genbin2_recobin1 acc 0.0099 eff 0.0484 outinratio 0.0 

WminusH126_4e_pT4l_genbin2_recobin1 acc 0.0127 eff 0.0422 outinratio 0.0066 

WplusH126_4e_pT4l_genbin2_recobin1 acc 0.0097 eff 0.0479 outinratio 0.0227 

ZH126_4e_pT4l_genbin2_recobin1 acc 0.0117 eff 0.0467 outinratio 0.0457 

ttH126_4e_pT4l_genbin2_recobin1 acc 0.0065 eff 0.0501 outinratio 0.0 

ggH126_4e_pT4l_genbin3_recobin1 acc 0.0426 eff 0.0 outinratio 0.0153 

VBFH126_4e_pT4l_genbin3_recobin1 acc 0.0162 eff 0.0 outinratio 0.0 

WminusH126_4e_pT4l_genbin3_recobin1 acc 0.0153 eff 0.0058 outinratio 0.0066 

WplusH126_4e_pT4l_genbin3_recobin1 acc 0.0118 eff 0.0 outinratio 0.0227 

ZH126_4e_pT4l_genbin3_recobin1 acc 0.0129 eff 0.0 outinratio 0.0457 

ttH126_4e_pT4l_genbin3_recobin1 acc 0.0094 eff 0.0 outinratio 0.0 

ggH126_4e_pT4l_genbin4_recobin1 acc 0.0445 eff 0.0 outinratio 0.0153 

VBFH126_4e_pT4l_genbin4_recobin1 acc 0.0268 eff 0.0 outinratio 0.0 

WminusH126_4e_pT4l_genbin4_recobin1 acc 0.0228 eff 0.0 outinratio 0.0066 

WplusH126_4e_pT4l_genbin4_recobin1 acc 0.0179 eff 0.0 outinratio 0.0227 

ZH126_4e_pT4l_genbin4_recobin1 acc 0.02 eff 0.0 outinratio 0.0457 

ttH126_4e_pT4l_genbin4_recobin1 acc 0.0147 eff 0.0 outinratio 0.0 

ggH126_4e_pT4l_genbin5_recobin1 acc 0.0414 eff 0.0 outinratio 0.0153 

VBFH126_4e_pT4l_genbin5_recobin1 acc 0.0321 eff 0.0 outinratio 0.0 

WminusH126_4e_pT4l_genbin5_recobin1 acc 0.034 eff 0.0 outinratio 0.0066 

WplusH126_4e_pT4l_genbin5_recobin1 acc 0.0252 eff 0.0 outinratio 0.0227 

ZH126_4e_pT4l_genbin5_recobin1 acc 0.029 eff 0.0 outinratio 0.0457 

ttH126_4e_pT4l_genbin5_recobin1 acc 0.0218 eff 0.0 outinratio 0.0 

ggH126_4e_pT4l_genbin6_recobin1 acc 0.0384 eff 0.0 outinratio 0.0153 

VBFH126_4e_pT4l_genbin6_recobin1 acc 0.0497 eff 0.0 outinratio 0.0 

WminusH126_4e_pT4l_genbin6_recobin1 acc 0.0441 eff 0.0 outinratio 0.0066 

WplusH126_4e_pT4l_genbin6_recobin1 acc 0.0404 eff 0.0 outinratio 0.0227 

ZH126_4e_pT4l_genbin6_recobin1 acc 0.0417 eff 0.0 outinratio 0.0457 

ttH126_4e_pT4l_genbin6_recobin1 acc 0.036 eff 0.0 outinratio 0.0 

ggH126_4e_pT4l_genbin7_recobin1 acc 0.0342 eff 0.0 outinratio 0.0153 

VBFH126_4e_pT4l_genbin7_recobin1 acc 0.0701 eff 0.0 outinratio 0.0 

WminusH126_4e_pT4l_genbin7_recobin1 acc 0.058 eff 0.0 outinratio 0.0066 

WplusH126_4e_pT4l_genbin7_recobin1 acc 0.05 eff 0.0 outinratio 0.0227 

ZH126_4e_pT4l_genbin7_recobin1 acc 0.0552 eff 0.0 outinratio 0.0457 

ttH126_4e_pT4l_genbin7_recobin1 acc 0.0554 eff 0.0 outinratio 0.0 

ggH126_4e_pT4l_genbin8_recobin1 acc 0.0229 eff 0.0 outinratio 0.0153 

VBFH126_4e_pT4l_genbin8_recobin1 acc 0.0849 eff 0.0 outinratio 0.0 

WminusH126_4e_pT4l_genbin8_recobin1 acc 0.0643 eff 0.0 outinratio 0.0066 

WplusH126_4e_pT4l_genbin8_recobin1 acc 0.0529 eff 0.0 outinratio 0.0227 

ZH126_4e_pT4l_genbin8_recobin1 acc 0.0632 eff 0.0 outinratio 0.0457 

ttH126_4e_pT4l_genbin8_recobin1 acc 0.0645 eff 0.0 outinratio 0.0 

ggH126_4e_pT4l_genbin9_recobin1 acc 0.0178 eff 0.0 outinratio 0.0153 

VBFH126_4e_pT4l_genbin9_recobin1 acc 0.0705 eff 0.0 outinratio 0.0 

WminusH126_4e_pT4l_genbin9_recobin1 acc 0.06 eff 0.0 outinratio 0.0066 

WplusH126_4e_pT4l_genbin9_recobin1 acc 0.0521 eff 0.0 outinratio 0.0227 

ZH126_4e_pT4l_genbin9_recobin1 acc 0.0562 eff 0.0 outinratio 0.0457 

ttH126_4e_pT4l_genbin9_recobin1 acc 0.0877 eff 0.0 outinratio 0.0 

ggH126_4e_pT4l_genbin10_recobin1 acc 0.0206 eff 0.0 outinratio 0.0153 

VBFH126_4e_pT4l_genbin10_recobin1 acc 0.0885 eff 0.0 outinratio 0.0 

WminusH126_4e_pT4l_genbin10_recobin1 acc 0.0733 eff 0.0 outinratio 0.0066 

WplusH126_4e_pT4l_genbin10_recobin1 acc 0.0767 eff 0.0 outinratio 0.0227 

ZH126_4e_pT4l_genbin10_recobin1 acc 0.0728 eff 0.0 outinratio 0.0457 

ttH126_4e_pT4l_genbin10_recobin1 acc 0.1726 eff 0.0 outinratio 0.0 

ggH126_4e_pT4l_genbin0_recobin2 acc 0.0554 eff 0.0027 outinratio 0.0099 

VBFH126_4e_pT4l_genbin0_recobin2 acc 0.006 eff 0.0 outinratio 0.0 

WminusH126_4e_pT4l_genbin0_recobin2 acc 0.0054 eff 0.0 outinratio 0.0063 

WplusH126_4e_pT4l_genbin0_recobin2 acc 0.005 eff 0.0 outinratio 0.0098 

ZH126_4e_pT4l_genbin0_recobin2 acc 0.0048 eff 0.0 outinratio 0.0268 

ttH126_4e_pT4l_genbin0_recobin2 acc 0.0031 eff 0.0 outinratio 0.0 

ggH126_4e_pT4l_genbin1_recobin2 acc 0.058 eff 0.0457 outinratio 0.0099 

VBFH126_4e_pT4l_genbin1_recobin2 acc 0.0063 eff 0.0 outinratio 0.0 

WminusH126_4e_pT4l_genbin1_recobin2 acc 0.0093 eff 0.1024 outinratio 0.0063 

WplusH126_4e_pT4l_genbin1_recobin2 acc 0.0074 eff 0.0439 outinratio 0.0098 

ZH126_4e_pT4l_genbin1_recobin2 acc 0.008 eff 0.0305 outinratio 0.0268 

ttH126_4e_pT4l_genbin1_recobin2 acc 0.004 eff 0.0 outinratio 0.0 

ggH126_4e_pT4l_genbin2_recobin2 acc 0.0512 eff 0.2674 outinratio 0.0099 

VBFH126_4e_pT4l_genbin2_recobin2 acc 0.0099 eff 0.3892 outinratio 0.0 

WminusH126_4e_pT4l_genbin2_recobin2 acc 0.0127 eff 0.214 outinratio 0.0063 

WplusH126_4e_pT4l_genbin2_recobin2 acc 0.0097 eff 0.1936 outinratio 0.0098 

ZH126_4e_pT4l_genbin2_recobin2 acc 0.0117 eff 0.2298 outinratio 0.0268 

ttH126_4e_pT4l_genbin2_recobin2 acc 0.0065 eff 0.2216 outinratio 0.0 

ggH126_4e_pT4l_genbin3_recobin2 acc 0.0426 eff 0.044 outinratio 0.0099 

VBFH126_4e_pT4l_genbin3_recobin2 acc 0.0162 eff 0.1081 outinratio 0.0 

WminusH126_4e_pT4l_genbin3_recobin2 acc 0.0153 eff 0.0427 outinratio 0.0063 

WplusH126_4e_pT4l_genbin3_recobin2 acc 0.0118 eff 0.0418 outinratio 0.0098 

ZH126_4e_pT4l_genbin3_recobin2 acc 0.0129 eff 0.0311 outinratio 0.0268 

ttH126_4e_pT4l_genbin3_recobin2 acc 0.0094 eff 0.0 outinratio 0.0 

ggH126_4e_pT4l_genbin4_recobin2 acc 0.0445 eff 0.0026 outinratio 0.0099 

VBFH126_4e_pT4l_genbin4_recobin2 acc 0.0268 eff 0.0331 outinratio 0.0 

WminusH126_4e_pT4l_genbin4_recobin2 acc 0.0228 eff 0.0036 outinratio 0.0063 

WplusH126_4e_pT4l_genbin4_recobin2 acc 0.0179 eff 0.0048 outinratio 0.0098 

ZH126_4e_pT4l_genbin4_recobin2 acc 0.02 eff 0.0 outinratio 0.0268 

ttH126_4e_pT4l_genbin4_recobin2 acc 0.0147 eff 0.0 outinratio 0.0 

ggH126_4e_pT4l_genbin5_recobin2 acc 0.0414 eff 0.0 outinratio 0.0099 

VBFH126_4e_pT4l_genbin5_recobin2 acc 0.0321 eff 0.0 outinratio 0.0 

WminusH126_4e_pT4l_genbin5_recobin2 acc 0.034 eff 0.0 outinratio 0.0063 

WplusH126_4e_pT4l_genbin5_recobin2 acc 0.0252 eff 0.0 outinratio 0.0098 

ZH126_4e_pT4l_genbin5_recobin2 acc 0.029 eff 0.0 outinratio 0.0268 

ttH126_4e_pT4l_genbin5_recobin2 acc 0.0218 eff 0.0 outinratio 0.0 

ggH126_4e_pT4l_genbin6_recobin2 acc 0.0384 eff 0.0 outinratio 0.0099 

VBFH126_4e_pT4l_genbin6_recobin2 acc 0.0497 eff 0.0 outinratio 0.0 

WminusH126_4e_pT4l_genbin6_recobin2 acc 0.0441 eff 0.0 outinratio 0.0063 

WplusH126_4e_pT4l_genbin6_recobin2 acc 0.0404 eff 0.0 outinratio 0.0098 

ZH126_4e_pT4l_genbin6_recobin2 acc 0.0417 eff 0.0 outinratio 0.0268 

ttH126_4e_pT4l_genbin6_recobin2 acc 0.036 eff 0.0 outinratio 0.0 

ggH126_4e_pT4l_genbin7_recobin2 acc 0.0342 eff 0.0 outinratio 0.0099 

VBFH126_4e_pT4l_genbin7_recobin2 acc 0.0701 eff 0.0 outinratio 0.0 

WminusH126_4e_pT4l_genbin7_recobin2 acc 0.058 eff 0.0 outinratio 0.0063 

WplusH126_4e_pT4l_genbin7_recobin2 acc 0.05 eff 0.0 outinratio 0.0098 

ZH126_4e_pT4l_genbin7_recobin2 acc 0.0552 eff 0.0 outinratio 0.0268 

ttH126_4e_pT4l_genbin7_recobin2 acc 0.0554 eff 0.0 outinratio 0.0 

ggH126_4e_pT4l_genbin8_recobin2 acc 0.0229 eff 0.0 outinratio 0.0099 

VBFH126_4e_pT4l_genbin8_recobin2 acc 0.0849 eff 0.0 outinratio 0.0 

WminusH126_4e_pT4l_genbin8_recobin2 acc 0.0643 eff 0.0 outinratio 0.0063 

WplusH126_4e_pT4l_genbin8_recobin2 acc 0.0529 eff 0.0 outinratio 0.0098 

ZH126_4e_pT4l_genbin8_recobin2 acc 0.0632 eff 0.0 outinratio 0.0268 

ttH126_4e_pT4l_genbin8_recobin2 acc 0.0645 eff 0.0 outinratio 0.0 

ggH126_4e_pT4l_genbin9_recobin2 acc 0.0178 eff 0.0 outinratio 0.0099 

VBFH126_4e_pT4l_genbin9_recobin2 acc 0.0705 eff 0.0 outinratio 0.0 

WminusH126_4e_pT4l_genbin9_recobin2 acc 0.06 eff 0.0 outinratio 0.0063 

WplusH126_4e_pT4l_genbin9_recobin2 acc 0.0521 eff 0.0 outinratio 0.0098 

ZH126_4e_pT4l_genbin9_recobin2 acc 0.0562 eff 0.0 outinratio 0.0268 

ttH126_4e_pT4l_genbin9_recobin2 acc 0.0877 eff 0.0 outinratio 0.0 

ggH126_4e_pT4l_genbin10_recobin2 acc 0.0206 eff 0.0 outinratio 0.0099 

VBFH126_4e_pT4l_genbin10_recobin2 acc 0.0885 eff 0.0 outinratio 0.0 

WminusH126_4e_pT4l_genbin10_recobin2 acc 0.0733 eff 0.0 outinratio 0.0063 

WplusH126_4e_pT4l_genbin10_recobin2 acc 0.0767 eff 0.0 outinratio 0.0098 

ZH126_4e_pT4l_genbin10_recobin2 acc 0.0728 eff 0.0 outinratio 0.0268 

ttH126_4e_pT4l_genbin10_recobin2 acc 0.1726 eff 0.0 outinratio 0.0 

ggH126_4e_pT4l_genbin0_recobin3 acc 0.0554 eff 0.0 outinratio 0.0184 

VBFH126_4e_pT4l_genbin0_recobin3 acc 0.006 eff 0.0 outinratio 0.0 

WminusH126_4e_pT4l_genbin0_recobin3 acc 0.0054 eff 0.0 outinratio 0.0142 

WplusH126_4e_pT4l_genbin0_recobin3 acc 0.005 eff 0.0 outinratio 0.0209 

ZH126_4e_pT4l_genbin0_recobin3 acc 0.0048 eff 0.0 outinratio 0.0736 

ttH126_4e_pT4l_genbin0_recobin3 acc 0.0031 eff 0.0 outinratio 0.0865 

ggH126_4e_pT4l_genbin1_recobin3 acc 0.058 eff 0.0021 outinratio 0.0184 

VBFH126_4e_pT4l_genbin1_recobin3 acc 0.0063 eff 0.0 outinratio 0.0 

WminusH126_4e_pT4l_genbin1_recobin3 acc 0.0093 eff 0.0 outinratio 0.0142 

WplusH126_4e_pT4l_genbin1_recobin3 acc 0.0074 eff 0.0019 outinratio 0.0209 

ZH126_4e_pT4l_genbin1_recobin3 acc 0.008 eff 0.004 outinratio 0.0736 

ttH126_4e_pT4l_genbin1_recobin3 acc 0.004 eff 0.0 outinratio 0.0865 

ggH126_4e_pT4l_genbin2_recobin3 acc 0.0512 eff 0.0388 outinratio 0.0184 

VBFH126_4e_pT4l_genbin2_recobin3 acc 0.0099 eff 0.0277 outinratio 0.0 

WminusH126_4e_pT4l_genbin2_recobin3 acc 0.0127 eff 0.0196 outinratio 0.0142 

WplusH126_4e_pT4l_genbin2_recobin3 acc 0.0097 eff 0.0321 outinratio 0.0209 

ZH126_4e_pT4l_genbin2_recobin3 acc 0.0117 eff 0.04 outinratio 0.0736 

ttH126_4e_pT4l_genbin2_recobin3 acc 0.0065 eff 0.0 outinratio 0.0865 

ggH126_4e_pT4l_genbin3_recobin3 acc 0.0426 eff 0.2667 outinratio 0.0184 

VBFH126_4e_pT4l_genbin3_recobin3 acc 0.0162 eff 0.2519 outinratio 0.0 

WminusH126_4e_pT4l_genbin3_recobin3 acc 0.0153 eff 0.2348 outinratio 0.0142 

WplusH126_4e_pT4l_genbin3_recobin3 acc 0.0118 eff 0.2576 outinratio 0.0209 

ZH126_4e_pT4l_genbin3_recobin3 acc 0.0129 eff 0.2112 outinratio 0.0736 

ttH126_4e_pT4l_genbin3_recobin3 acc 0.0094 eff 0.2164 outinratio 0.0865 

ggH126_4e_pT4l_genbin4_recobin3 acc 0.0445 eff 0.043 outinratio 0.0184 

VBFH126_4e_pT4l_genbin4_recobin3 acc 0.0268 eff 0.0407 outinratio 0.0 

WminusH126_4e_pT4l_genbin4_recobin3 acc 0.0228 eff 0.0394 outinratio 0.0142 

WplusH126_4e_pT4l_genbin4_recobin3 acc 0.0179 eff 0.0445 outinratio 0.0209 

ZH126_4e_pT4l_genbin4_recobin3 acc 0.02 eff 0.0394 outinratio 0.0736 

ttH126_4e_pT4l_genbin4_recobin3 acc 0.0147 eff 0.0102 outinratio 0.0865 

ggH126_4e_pT4l_genbin5_recobin3 acc 0.0414 eff 0.0017 outinratio 0.0184 

VBFH126_4e_pT4l_genbin5_recobin3 acc 0.0321 eff 0.0 outinratio 0.0 

WminusH126_4e_pT4l_genbin5_recobin3 acc 0.034 eff 0.0 outinratio 0.0142 

WplusH126_4e_pT4l_genbin5_recobin3 acc 0.0252 eff 0.0 outinratio 0.0209 

ZH126_4e_pT4l_genbin5_recobin3 acc 0.029 eff 0.0 outinratio 0.0736 

ttH126_4e_pT4l_genbin5_recobin3 acc 0.0218 eff 0.0 outinratio 0.0865 

ggH126_4e_pT4l_genbin6_recobin3 acc 0.0384 eff 0.0 outinratio 0.0184 

VBFH126_4e_pT4l_genbin6_recobin3 acc 0.0497 eff 0.0 outinratio 0.0 

WminusH126_4e_pT4l_genbin6_recobin3 acc 0.0441 eff 0.0 outinratio 0.0142 

WplusH126_4e_pT4l_genbin6_recobin3 acc 0.0404 eff 0.0 outinratio 0.0209 

ZH126_4e_pT4l_genbin6_recobin3 acc 0.0417 eff 0.0 outinratio 0.0736 

ttH126_4e_pT4l_genbin6_recobin3 acc 0.036 eff 0.0 outinratio 0.0865 

ggH126_4e_pT4l_genbin7_recobin3 acc 0.0342 eff 0.0 outinratio 0.0184 

VBFH126_4e_pT4l_genbin7_recobin3 acc 0.0701 eff 0.0 outinratio 0.0 

WminusH126_4e_pT4l_genbin7_recobin3 acc 0.058 eff 0.0 outinratio 0.0142 

WplusH126_4e_pT4l_genbin7_recobin3 acc 0.05 eff 0.0 outinratio 0.0209 

ZH126_4e_pT4l_genbin7_recobin3 acc 0.0552 eff 0.0 outinratio 0.0736 

ttH126_4e_pT4l_genbin7_recobin3 acc 0.0554 eff 0.0 outinratio 0.0865 

ggH126_4e_pT4l_genbin8_recobin3 acc 0.0229 eff 0.0 outinratio 0.0184 

VBFH126_4e_pT4l_genbin8_recobin3 acc 0.0849 eff 0.0 outinratio 0.0 

WminusH126_4e_pT4l_genbin8_recobin3 acc 0.0643 eff 0.0 outinratio 0.0142 

WplusH126_4e_pT4l_genbin8_recobin3 acc 0.0529 eff 0.0 outinratio 0.0209 

ZH126_4e_pT4l_genbin8_recobin3 acc 0.0632 eff 0.0 outinratio 0.0736 

ttH126_4e_pT4l_genbin8_recobin3 acc 0.0645 eff 0.0 outinratio 0.0865 

ggH126_4e_pT4l_genbin9_recobin3 acc 0.0178 eff 0.0 outinratio 0.0184 

VBFH126_4e_pT4l_genbin9_recobin3 acc 0.0705 eff 0.0 outinratio 0.0 

WminusH126_4e_pT4l_genbin9_recobin3 acc 0.06 eff 0.0 outinratio 0.0142 

WplusH126_4e_pT4l_genbin9_recobin3 acc 0.0521 eff 0.0 outinratio 0.0209 

ZH126_4e_pT4l_genbin9_recobin3 acc 0.0562 eff 0.0 outinratio 0.0736 

ttH126_4e_pT4l_genbin9_recobin3 acc 0.0877 eff 0.0 outinratio 0.0865 

ggH126_4e_pT4l_genbin10_recobin3 acc 0.0206 eff 0.0 outinratio 0.0184 

VBFH126_4e_pT4l_genbin10_recobin3 acc 0.0885 eff 0.0 outinratio 0.0 

WminusH126_4e_pT4l_genbin10_recobin3 acc 0.0733 eff 0.0 outinratio 0.0142 

WplusH126_4e_pT4l_genbin10_recobin3 acc 0.0767 eff 0.0 outinratio 0.0209 

ZH126_4e_pT4l_genbin10_recobin3 acc 0.0728 eff 0.0 outinratio 0.0736 

ttH126_4e_pT4l_genbin10_recobin3 acc 0.1726 eff 0.0 outinratio 0.0865 

ggH126_4e_pT4l_genbin0_recobin4 acc 0.0554 eff 0.0 outinratio 0.0092 

VBFH126_4e_pT4l_genbin0_recobin4 acc 0.006 eff 0.0 outinratio 0.0463 

WminusH126_4e_pT4l_genbin0_recobin4 acc 0.0054 eff 0.0 outinratio 0.0418 

WplusH126_4e_pT4l_genbin0_recobin4 acc 0.005 eff 0.0 outinratio 0.0357 

ZH126_4e_pT4l_genbin0_recobin4 acc 0.0048 eff 0.0 outinratio 0.0971 

ttH126_4e_pT4l_genbin0_recobin4 acc 0.0031 eff 0.0 outinratio 0.0 

ggH126_4e_pT4l_genbin1_recobin4 acc 0.058 eff 0.0 outinratio 0.0092 

VBFH126_4e_pT4l_genbin1_recobin4 acc 0.0063 eff 0.0 outinratio 0.0463 

WminusH126_4e_pT4l_genbin1_recobin4 acc 0.0093 eff 0.0 outinratio 0.0418 

WplusH126_4e_pT4l_genbin1_recobin4 acc 0.0074 eff 0.0 outinratio 0.0357 

ZH126_4e_pT4l_genbin1_recobin4 acc 0.008 eff 0.0 outinratio 0.0971 

ttH126_4e_pT4l_genbin1_recobin4 acc 0.004 eff 0.0 outinratio 0.0 

ggH126_4e_pT4l_genbin2_recobin4 acc 0.0512 eff 0.0017 outinratio 0.0092 

VBFH126_4e_pT4l_genbin2_recobin4 acc 0.0099 eff 0.0 outinratio 0.0463 

WminusH126_4e_pT4l_genbin2_recobin4 acc 0.0127 eff 0.0 outinratio 0.0418 

WplusH126_4e_pT4l_genbin2_recobin4 acc 0.0097 eff 0.0043 outinratio 0.0357 

ZH126_4e_pT4l_genbin2_recobin4 acc 0.0117 eff 0.0 outinratio 0.0971 

ttH126_4e_pT4l_genbin2_recobin4 acc 0.0065 eff 0.0 outinratio 0.0 

ggH126_4e_pT4l_genbin3_recobin4 acc 0.0426 eff 0.0222 outinratio 0.0092 

VBFH126_4e_pT4l_genbin3_recobin4 acc 0.0162 eff 0.0184 outinratio 0.0463 

WminusH126_4e_pT4l_genbin3_recobin4 acc 0.0153 eff 0.0317 outinratio 0.0418 

WplusH126_4e_pT4l_genbin3_recobin4 acc 0.0118 eff 0.0215 outinratio 0.0357 

ZH126_4e_pT4l_genbin3_recobin4 acc 0.0129 eff 0.0559 outinratio 0.0971 

ttH126_4e_pT4l_genbin3_recobin4 acc 0.0094 eff 0.0441 outinratio 0.0 

ggH126_4e_pT4l_genbin4_recobin4 acc 0.0445 eff 0.278 outinratio 0.0092 

VBFH126_4e_pT4l_genbin4_recobin4 acc 0.0268 eff 0.2757 outinratio 0.0463 

WminusH126_4e_pT4l_genbin4_recobin4 acc 0.0228 eff 0.2598 outinratio 0.0418 

WplusH126_4e_pT4l_genbin4_recobin4 acc 0.0179 eff 0.2515 outinratio 0.0357 

ZH126_4e_pT4l_genbin4_recobin4 acc 0.02 eff 0.2147 outinratio 0.0971 

ttH126_4e_pT4l_genbin4_recobin4 acc 0.0147 eff 0.3 outinratio 0.0 

ggH126_4e_pT4l_genbin5_recobin4 acc 0.0414 eff 0.0397 outinratio 0.0092 

VBFH126_4e_pT4l_genbin5_recobin4 acc 0.0321 eff 0.0236 outinratio 0.0463 

WminusH126_4e_pT4l_genbin5_recobin4 acc 0.034 eff 0.0366 outinratio 0.0418 

WplusH126_4e_pT4l_genbin5_recobin4 acc 0.0252 eff 0.0326 outinratio 0.0357 

ZH126_4e_pT4l_genbin5_recobin4 acc 0.029 eff 0.0182 outinratio 0.0971 

ttH126_4e_pT4l_genbin5_recobin4 acc 0.0218 eff 0.0026 outinratio 0.0 

ggH126_4e_pT4l_genbin6_recobin4 acc 0.0384 eff 0.0 outinratio 0.0092 

VBFH126_4e_pT4l_genbin6_recobin4 acc 0.0497 eff 0.0 outinratio 0.0463 

WminusH126_4e_pT4l_genbin6_recobin4 acc 0.0441 eff 0.0 outinratio 0.0418 

WplusH126_4e_pT4l_genbin6_recobin4 acc 0.0404 eff 0.0 outinratio 0.0357 

ZH126_4e_pT4l_genbin6_recobin4 acc 0.0417 eff 0.0 outinratio 0.0971 

ttH126_4e_pT4l_genbin6_recobin4 acc 0.036 eff 0.0 outinratio 0.0 

ggH126_4e_pT4l_genbin7_recobin4 acc 0.0342 eff 0.0 outinratio 0.0092 

VBFH126_4e_pT4l_genbin7_recobin4 acc 0.0701 eff 0.0 outinratio 0.0463 

WminusH126_4e_pT4l_genbin7_recobin4 acc 0.058 eff 0.0 outinratio 0.0418 

WplusH126_4e_pT4l_genbin7_recobin4 acc 0.05 eff 0.0 outinratio 0.0357 

ZH126_4e_pT4l_genbin7_recobin4 acc 0.0552 eff 0.0 outinratio 0.0971 

ttH126_4e_pT4l_genbin7_recobin4 acc 0.0554 eff 0.0 outinratio 0.0 

ggH126_4e_pT4l_genbin8_recobin4 acc 0.0229 eff 0.0 outinratio 0.0092 

VBFH126_4e_pT4l_genbin8_recobin4 acc 0.0849 eff 0.0 outinratio 0.0463 

WminusH126_4e_pT4l_genbin8_recobin4 acc 0.0643 eff 0.0 outinratio 0.0418 

WplusH126_4e_pT4l_genbin8_recobin4 acc 0.0529 eff 0.0 outinratio 0.0357 

ZH126_4e_pT4l_genbin8_recobin4 acc 0.0632 eff 0.0 outinratio 0.0971 

ttH126_4e_pT4l_genbin8_recobin4 acc 0.0645 eff 0.0 outinratio 0.0 

ggH126_4e_pT4l_genbin9_recobin4 acc 0.0178 eff 0.0 outinratio 0.0092 

VBFH126_4e_pT4l_genbin9_recobin4 acc 0.0705 eff 0.0 outinratio 0.0463 

WminusH126_4e_pT4l_genbin9_recobin4 acc 0.06 eff 0.0 outinratio 0.0418 

WplusH126_4e_pT4l_genbin9_recobin4 acc 0.0521 eff 0.0 outinratio 0.0357 

ZH126_4e_pT4l_genbin9_recobin4 acc 0.0562 eff 0.0 outinratio 0.0971 

ttH126_4e_pT4l_genbin9_recobin4 acc 0.0877 eff 0.0 outinratio 0.0 

ggH126_4e_pT4l_genbin10_recobin4 acc 0.0206 eff 0.0 outinratio 0.0092 

VBFH126_4e_pT4l_genbin10_recobin4 acc 0.0885 eff 0.0 outinratio 0.0463 

WminusH126_4e_pT4l_genbin10_recobin4 acc 0.0733 eff 0.0 outinratio 0.0418 

WplusH126_4e_pT4l_genbin10_recobin4 acc 0.0767 eff 0.0 outinratio 0.0357 

ZH126_4e_pT4l_genbin10_recobin4 acc 0.0728 eff 0.0 outinratio 0.0971 

ttH126_4e_pT4l_genbin10_recobin4 acc 0.1726 eff 0.0 outinratio 0.0 

ggH126_4e_pT4l_genbin0_recobin5 acc 0.0554 eff 0.0 outinratio 0.0101 

VBFH126_4e_pT4l_genbin0_recobin5 acc 0.006 eff 0.0 outinratio 0.0 

WminusH126_4e_pT4l_genbin0_recobin5 acc 0.0054 eff 0.0 outinratio 0.051 

WplusH126_4e_pT4l_genbin0_recobin5 acc 0.005 eff 0.0 outinratio 0.0203 

ZH126_4e_pT4l_genbin0_recobin5 acc 0.0048 eff 0.0 outinratio 0.0742 

ttH126_4e_pT4l_genbin0_recobin5 acc 0.0031 eff 0.0 outinratio 0.0451 

ggH126_4e_pT4l_genbin1_recobin5 acc 0.058 eff 0.0 outinratio 0.0101 

VBFH126_4e_pT4l_genbin1_recobin5 acc 0.0063 eff 0.0 outinratio 0.0 

WminusH126_4e_pT4l_genbin1_recobin5 acc 0.0093 eff 0.0 outinratio 0.051 

WplusH126_4e_pT4l_genbin1_recobin5 acc 0.0074 eff 0.0 outinratio 0.0203 

ZH126_4e_pT4l_genbin1_recobin5 acc 0.008 eff 0.0 outinratio 0.0742 

ttH126_4e_pT4l_genbin1_recobin5 acc 0.004 eff 0.0 outinratio 0.0451 

ggH126_4e_pT4l_genbin2_recobin5 acc 0.0512 eff 0.0 outinratio 0.0101 

VBFH126_4e_pT4l_genbin2_recobin5 acc 0.0099 eff 0.0 outinratio 0.0 

WminusH126_4e_pT4l_genbin2_recobin5 acc 0.0127 eff 0.0 outinratio 0.051 

WplusH126_4e_pT4l_genbin2_recobin5 acc 0.0097 eff 0.0 outinratio 0.0203 

ZH126_4e_pT4l_genbin2_recobin5 acc 0.0117 eff 0.0 outinratio 0.0742 

ttH126_4e_pT4l_genbin2_recobin5 acc 0.0065 eff 0.0 outinratio 0.0451 

ggH126_4e_pT4l_genbin3_recobin5 acc 0.0426 eff 0.0015 outinratio 0.0101 

VBFH126_4e_pT4l_genbin3_recobin5 acc 0.0162 eff 0.0 outinratio 0.0 

WminusH126_4e_pT4l_genbin3_recobin5 acc 0.0153 eff 0.0 outinratio 0.051 

WplusH126_4e_pT4l_genbin3_recobin5 acc 0.0118 eff 0.0 outinratio 0.0203 

ZH126_4e_pT4l_genbin3_recobin5 acc 0.0129 eff 0.0 outinratio 0.0742 

ttH126_4e_pT4l_genbin3_recobin5 acc 0.0094 eff 0.0 outinratio 0.0451 

ggH126_4e_pT4l_genbin4_recobin5 acc 0.0445 eff 0.0286 outinratio 0.0101 

VBFH126_4e_pT4l_genbin4_recobin5 acc 0.0268 eff 0.0739 outinratio 0.0 

WminusH126_4e_pT4l_genbin4_recobin5 acc 0.0228 eff 0.0258 outinratio 0.051 

WplusH126_4e_pT4l_genbin4_recobin5 acc 0.0179 eff 0.0211 outinratio 0.0203 

ZH126_4e_pT4l_genbin4_recobin5 acc 0.02 eff 0.0085 outinratio 0.0742 

ttH126_4e_pT4l_genbin4_recobin5 acc 0.0147 eff 0.0169 outinratio 0.0451 

ggH126_4e_pT4l_genbin5_recobin5 acc 0.0414 eff 0.3391 outinratio 0.0101 

VBFH126_4e_pT4l_genbin5_recobin5 acc 0.0321 eff 0.3009 outinratio 0.0 

WminusH126_4e_pT4l_genbin5_recobin5 acc 0.034 eff 0.2325 outinratio 0.051 

WplusH126_4e_pT4l_genbin5_recobin5 acc 0.0252 eff 0.2768 outinratio 0.0203 

ZH126_4e_pT4l_genbin5_recobin5 acc 0.029 eff 0.2745 outinratio 0.0742 

ttH126_4e_pT4l_genbin5_recobin5 acc 0.0218 eff 0.1682 outinratio 0.0451 

ggH126_4e_pT4l_genbin6_recobin5 acc 0.0384 eff 0.028 outinratio 0.0101 

VBFH126_4e_pT4l_genbin6_recobin5 acc 0.0497 eff 0.0193 outinratio 0.0 

WminusH126_4e_pT4l_genbin6_recobin5 acc 0.0441 eff 0.0232 outinratio 0.051 

WplusH126_4e_pT4l_genbin6_recobin5 acc 0.0404 eff 0.0259 outinratio 0.0203 

ZH126_4e_pT4l_genbin6_recobin5 acc 0.0417 eff 0.0141 outinratio 0.0742 

ttH126_4e_pT4l_genbin6_recobin5 acc 0.036 eff 0.0093 outinratio 0.0451 

ggH126_4e_pT4l_genbin7_recobin5 acc 0.0342 eff 0.0 outinratio 0.0101 

VBFH126_4e_pT4l_genbin7_recobin5 acc 0.0701 eff 0.0 outinratio 0.0 

WminusH126_4e_pT4l_genbin7_recobin5 acc 0.058 eff 0.0 outinratio 0.051 

WplusH126_4e_pT4l_genbin7_recobin5 acc 0.05 eff 0.0007 outinratio 0.0203 

ZH126_4e_pT4l_genbin7_recobin5 acc 0.0552 eff 0.0 outinratio 0.0742 

ttH126_4e_pT4l_genbin7_recobin5 acc 0.0554 eff 0.0 outinratio 0.0451 

ggH126_4e_pT4l_genbin8_recobin5 acc 0.0229 eff 0.0 outinratio 0.0101 

VBFH126_4e_pT4l_genbin8_recobin5 acc 0.0849 eff 0.0 outinratio 0.0 

WminusH126_4e_pT4l_genbin8_recobin5 acc 0.0643 eff 0.0 outinratio 0.051 

WplusH126_4e_pT4l_genbin8_recobin5 acc 0.0529 eff 0.0 outinratio 0.0203 

ZH126_4e_pT4l_genbin8_recobin5 acc 0.0632 eff 0.0 outinratio 0.0742 

ttH126_4e_pT4l_genbin8_recobin5 acc 0.0645 eff 0.0 outinratio 0.0451 

ggH126_4e_pT4l_genbin9_recobin5 acc 0.0178 eff 0.0 outinratio 0.0101 

VBFH126_4e_pT4l_genbin9_recobin5 acc 0.0705 eff 0.0 outinratio 0.0 

WminusH126_4e_pT4l_genbin9_recobin5 acc 0.06 eff 0.0 outinratio 0.051 

WplusH126_4e_pT4l_genbin9_recobin5 acc 0.0521 eff 0.0 outinratio 0.0203 

ZH126_4e_pT4l_genbin9_recobin5 acc 0.0562 eff 0.0 outinratio 0.0742 

ttH126_4e_pT4l_genbin9_recobin5 acc 0.0877 eff 0.0 outinratio 0.0451 

ggH126_4e_pT4l_genbin10_recobin5 acc 0.0206 eff 0.0 outinratio 0.0101 

VBFH126_4e_pT4l_genbin10_recobin5 acc 0.0885 eff 0.0 outinratio 0.0 

WminusH126_4e_pT4l_genbin10_recobin5 acc 0.0733 eff 0.0 outinratio 0.051 

WplusH126_4e_pT4l_genbin10_recobin5 acc 0.0767 eff 0.0 outinratio 0.0203 

ZH126_4e_pT4l_genbin10_recobin5 acc 0.0728 eff 0.0 outinratio 0.0742 

ttH126_4e_pT4l_genbin10_recobin5 acc 0.1726 eff 0.0 outinratio 0.0451 

ggH126_4e_pT4l_genbin0_recobin6 acc 0.0554 eff 0.0 outinratio 0.0094 

VBFH126_4e_pT4l_genbin0_recobin6 acc 0.006 eff 0.0 outinratio 0.0532 

WminusH126_4e_pT4l_genbin0_recobin6 acc 0.0054 eff 0.0 outinratio 0.0245 

WplusH126_4e_pT4l_genbin0_recobin6 acc 0.005 eff 0.0 outinratio 0.0311 

ZH126_4e_pT4l_genbin0_recobin6 acc 0.0048 eff 0.0 outinratio 0.0676 

ttH126_4e_pT4l_genbin0_recobin6 acc 0.0031 eff 0.0 outinratio 0.0518 

ggH126_4e_pT4l_genbin1_recobin6 acc 0.058 eff 0.0 outinratio 0.0094 

VBFH126_4e_pT4l_genbin1_recobin6 acc 0.0063 eff 0.0 outinratio 0.0532 

WminusH126_4e_pT4l_genbin1_recobin6 acc 0.0093 eff 0.0 outinratio 0.0245 

WplusH126_4e_pT4l_genbin1_recobin6 acc 0.0074 eff 0.0 outinratio 0.0311 

ZH126_4e_pT4l_genbin1_recobin6 acc 0.008 eff 0.0 outinratio 0.0676 

ttH126_4e_pT4l_genbin1_recobin6 acc 0.004 eff 0.0 outinratio 0.0518 

ggH126_4e_pT4l_genbin2_recobin6 acc 0.0512 eff 0.0 outinratio 0.0094 

VBFH126_4e_pT4l_genbin2_recobin6 acc 0.0099 eff 0.0 outinratio 0.0532 

WminusH126_4e_pT4l_genbin2_recobin6 acc 0.0127 eff 0.0 outinratio 0.0245 

WplusH126_4e_pT4l_genbin2_recobin6 acc 0.0097 eff 0.0 outinratio 0.0311 

ZH126_4e_pT4l_genbin2_recobin6 acc 0.0117 eff 0.0 outinratio 0.0676 

ttH126_4e_pT4l_genbin2_recobin6 acc 0.0065 eff 0.0 outinratio 0.0518 

ggH126_4e_pT4l_genbin3_recobin6 acc 0.0426 eff 0.0 outinratio 0.0094 

VBFH126_4e_pT4l_genbin3_recobin6 acc 0.0162 eff 0.0 outinratio 0.0532 

WminusH126_4e_pT4l_genbin3_recobin6 acc 0.0153 eff 0.0 outinratio 0.0245 

WplusH126_4e_pT4l_genbin3_recobin6 acc 0.0118 eff 0.0 outinratio 0.0311 

ZH126_4e_pT4l_genbin3_recobin6 acc 0.0129 eff 0.0 outinratio 0.0676 

ttH126_4e_pT4l_genbin3_recobin6 acc 0.0094 eff 0.0 outinratio 0.0518 

ggH126_4e_pT4l_genbin4_recobin6 acc 0.0445 eff 0.0 outinratio 0.0094 

VBFH126_4e_pT4l_genbin4_recobin6 acc 0.0268 eff 0.0 outinratio 0.0532 

WminusH126_4e_pT4l_genbin4_recobin6 acc 0.0228 eff 0.0 outinratio 0.0245 

WplusH126_4e_pT4l_genbin4_recobin6 acc 0.0179 eff 0.0015 outinratio 0.0311 

ZH126_4e_pT4l_genbin4_recobin6 acc 0.02 eff 0.0028 outinratio 0.0676 

ttH126_4e_pT4l_genbin4_recobin6 acc 0.0147 eff 0.0 outinratio 0.0518 

ggH126_4e_pT4l_genbin5_recobin6 acc 0.0414 eff 0.0171 outinratio 0.0094 

VBFH126_4e_pT4l_genbin5_recobin6 acc 0.0321 eff 0.0266 outinratio 0.0532 

WminusH126_4e_pT4l_genbin5_recobin6 acc 0.034 eff 0.019 outinratio 0.0245 

WplusH126_4e_pT4l_genbin5_recobin6 acc 0.0252 eff 0.0198 outinratio 0.0311 

ZH126_4e_pT4l_genbin5_recobin6 acc 0.029 eff 0.0127 outinratio 0.0676 

ttH126_4e_pT4l_genbin5_recobin6 acc 0.0218 eff 0.0064 outinratio 0.0518 

ggH126_4e_pT4l_genbin6_recobin6 acc 0.0384 eff 0.3084 outinratio 0.0094 

VBFH126_4e_pT4l_genbin6_recobin6 acc 0.0497 eff 0.3324 outinratio 0.0532 

WminusH126_4e_pT4l_genbin6_recobin6 acc 0.0441 eff 0.2768 outinratio 0.0245 

WplusH126_4e_pT4l_genbin6_recobin6 acc 0.0404 eff 0.2836 outinratio 0.0311 

ZH126_4e_pT4l_genbin6_recobin6 acc 0.0417 eff 0.3075 outinratio 0.0676 

ttH126_4e_pT4l_genbin6_recobin6 acc 0.036 eff 0.2586 outinratio 0.0518 

ggH126_4e_pT4l_genbin7_recobin6 acc 0.0342 eff 0.0242 outinratio 0.0094 

VBFH126_4e_pT4l_genbin7_recobin6 acc 0.0701 eff 0.0386 outinratio 0.0532 

WminusH126_4e_pT4l_genbin7_recobin6 acc 0.058 eff 0.032 outinratio 0.0245 

WplusH126_4e_pT4l_genbin7_recobin6 acc 0.05 eff 0.0261 outinratio 0.0311 

ZH126_4e_pT4l_genbin7_recobin6 acc 0.0552 eff 0.0237 outinratio 0.0676 

ttH126_4e_pT4l_genbin7_recobin6 acc 0.0554 eff 0.0173 outinratio 0.0518 

ggH126_4e_pT4l_genbin8_recobin6 acc 0.0229 eff 0.0 outinratio 0.0094 

VBFH126_4e_pT4l_genbin8_recobin6 acc 0.0849 eff 0.0 outinratio 0.0532 

WminusH126_4e_pT4l_genbin8_recobin6 acc 0.0643 eff 0.0 outinratio 0.0245 

WplusH126_4e_pT4l_genbin8_recobin6 acc 0.0529 eff 0.0 outinratio 0.0311 

ZH126_4e_pT4l_genbin8_recobin6 acc 0.0632 eff 0.0 outinratio 0.0676 

ttH126_4e_pT4l_genbin8_recobin6 acc 0.0645 eff 0.0 outinratio 0.0518 

ggH126_4e_pT4l_genbin9_recobin6 acc 0.0178 eff 0.0 outinratio 0.0094 

VBFH126_4e_pT4l_genbin9_recobin6 acc 0.0705 eff 0.0 outinratio 0.0532 

WminusH126_4e_pT4l_genbin9_recobin6 acc 0.06 eff 0.0 outinratio 0.0245 

WplusH126_4e_pT4l_genbin9_recobin6 acc 0.0521 eff 0.0 outinratio 0.0311 

ZH126_4e_pT4l_genbin9_recobin6 acc 0.0562 eff 0.0 outinratio 0.0676 

ttH126_4e_pT4l_genbin9_recobin6 acc 0.0877 eff 0.0 outinratio 0.0518 

ggH126_4e_pT4l_genbin10_recobin6 acc 0.0206 eff 0.0 outinratio 0.0094 

VBFH126_4e_pT4l_genbin10_recobin6 acc 0.0885 eff 0.0 outinratio 0.0532 

WminusH126_4e_pT4l_genbin10_recobin6 acc 0.0733 eff 0.0 outinratio 0.0245 

WplusH126_4e_pT4l_genbin10_recobin6 acc 0.0767 eff 0.0 outinratio 0.0311 

ZH126_4e_pT4l_genbin10_recobin6 acc 0.0728 eff 0.0 outinratio 0.0676 

ttH126_4e_pT4l_genbin10_recobin6 acc 0.1726 eff 0.0 outinratio 0.0518 

ggH126_4e_pT4l_genbin0_recobin7 acc 0.0554 eff 0.0 outinratio 0.0135 

VBFH126_4e_pT4l_genbin0_recobin7 acc 0.006 eff 0.0 outinratio 0.0164 

WminusH126_4e_pT4l_genbin0_recobin7 acc 0.0054 eff 0.0 outinratio 0.037 

WplusH126_4e_pT4l_genbin0_recobin7 acc 0.005 eff 0.0 outinratio 0.039 

ZH126_4e_pT4l_genbin0_recobin7 acc 0.0048 eff 0.0 outinratio 0.0298 

ttH126_4e_pT4l_genbin0_recobin7 acc 0.0031 eff 0.0 outinratio 0.0583 

ggH126_4e_pT4l_genbin1_recobin7 acc 0.058 eff 0.0 outinratio 0.0135 

VBFH126_4e_pT4l_genbin1_recobin7 acc 0.0063 eff 0.0 outinratio 0.0164 

WminusH126_4e_pT4l_genbin1_recobin7 acc 0.0093 eff 0.0 outinratio 0.037 

WplusH126_4e_pT4l_genbin1_recobin7 acc 0.0074 eff 0.0 outinratio 0.039 

ZH126_4e_pT4l_genbin1_recobin7 acc 0.008 eff 0.0 outinratio 0.0298 

ttH126_4e_pT4l_genbin1_recobin7 acc 0.004 eff 0.0 outinratio 0.0583 

ggH126_4e_pT4l_genbin2_recobin7 acc 0.0512 eff 0.0 outinratio 0.0135 

VBFH126_4e_pT4l_genbin2_recobin7 acc 0.0099 eff 0.0 outinratio 0.0164 

WminusH126_4e_pT4l_genbin2_recobin7 acc 0.0127 eff 0.0 outinratio 0.037 

WplusH126_4e_pT4l_genbin2_recobin7 acc 0.0097 eff 0.0 outinratio 0.039 

ZH126_4e_pT4l_genbin2_recobin7 acc 0.0117 eff 0.0 outinratio 0.0298 

ttH126_4e_pT4l_genbin2_recobin7 acc 0.0065 eff 0.0 outinratio 0.0583 

ggH126_4e_pT4l_genbin3_recobin7 acc 0.0426 eff 0.0 outinratio 0.0135 

VBFH126_4e_pT4l_genbin3_recobin7 acc 0.0162 eff 0.0 outinratio 0.0164 

WminusH126_4e_pT4l_genbin3_recobin7 acc 0.0153 eff 0.0 outinratio 0.037 

WplusH126_4e_pT4l_genbin3_recobin7 acc 0.0118 eff 0.0 outinratio 0.039 

ZH126_4e_pT4l_genbin3_recobin7 acc 0.0129 eff 0.0 outinratio 0.0298 

ttH126_4e_pT4l_genbin3_recobin7 acc 0.0094 eff 0.0 outinratio 0.0583 

ggH126_4e_pT4l_genbin4_recobin7 acc 0.0445 eff 0.0 outinratio 0.0135 

VBFH126_4e_pT4l_genbin4_recobin7 acc 0.0268 eff 0.0 outinratio 0.0164 

WminusH126_4e_pT4l_genbin4_recobin7 acc 0.0228 eff 0.0 outinratio 0.037 

WplusH126_4e_pT4l_genbin4_recobin7 acc 0.0179 eff 0.0 outinratio 0.039 

ZH126_4e_pT4l_genbin4_recobin7 acc 0.02 eff 0.0 outinratio 0.0298 

ttH126_4e_pT4l_genbin4_recobin7 acc 0.0147 eff 0.0 outinratio 0.0583 

ggH126_4e_pT4l_genbin5_recobin7 acc 0.0414 eff 0.0 outinratio 0.0135 

VBFH126_4e_pT4l_genbin5_recobin7 acc 0.0321 eff 0.0 outinratio 0.0164 

WminusH126_4e_pT4l_genbin5_recobin7 acc 0.034 eff 0.0 outinratio 0.037 

WplusH126_4e_pT4l_genbin5_recobin7 acc 0.0252 eff 0.0 outinratio 0.039 

ZH126_4e_pT4l_genbin5_recobin7 acc 0.029 eff 0.0 outinratio 0.0298 

ttH126_4e_pT4l_genbin5_recobin7 acc 0.0218 eff 0.0 outinratio 0.0583 

ggH126_4e_pT4l_genbin6_recobin7 acc 0.0384 eff 0.0137 outinratio 0.0135 

VBFH126_4e_pT4l_genbin6_recobin7 acc 0.0497 eff 0.0316 outinratio 0.0164 

WminusH126_4e_pT4l_genbin6_recobin7 acc 0.0441 eff 0.0108 outinratio 0.037 

WplusH126_4e_pT4l_genbin6_recobin7 acc 0.0404 eff 0.0197 outinratio 0.039 

ZH126_4e_pT4l_genbin6_recobin7 acc 0.0417 eff 0.0105 outinratio 0.0298 

ttH126_4e_pT4l_genbin6_recobin7 acc 0.036 eff 0.024 outinratio 0.0583 

ggH126_4e_pT4l_genbin7_recobin7 acc 0.0342 eff 0.3439 outinratio 0.0135 

VBFH126_4e_pT4l_genbin7_recobin7 acc 0.0701 eff 0.3803 outinratio 0.0164 

WminusH126_4e_pT4l_genbin7_recobin7 acc 0.058 eff 0.2955 outinratio 0.037 

WplusH126_4e_pT4l_genbin7_recobin7 acc 0.05 eff 0.3214 outinratio 0.039 

ZH126_4e_pT4l_genbin7_recobin7 acc 0.0552 eff 0.3148 outinratio 0.0298 

ttH126_4e_pT4l_genbin7_recobin7 acc 0.0554 eff 0.2766 outinratio 0.0583 

ggH126_4e_pT4l_genbin8_recobin7 acc 0.0229 eff 0.0283 outinratio 0.0135 

VBFH126_4e_pT4l_genbin8_recobin7 acc 0.0849 eff 0.0214 outinratio 0.0164 

WminusH126_4e_pT4l_genbin8_recobin7 acc 0.0643 eff 0.027 outinratio 0.037 

WplusH126_4e_pT4l_genbin8_recobin7 acc 0.0529 eff 0.0143 outinratio 0.039 

ZH126_4e_pT4l_genbin8_recobin7 acc 0.0632 eff 0.0359 outinratio 0.0298 

ttH126_4e_pT4l_genbin8_recobin7 acc 0.0645 eff 0.011 outinratio 0.0583 

ggH126_4e_pT4l_genbin9_recobin7 acc 0.0178 eff 0.0 outinratio 0.0135 

VBFH126_4e_pT4l_genbin9_recobin7 acc 0.0705 eff 0.0 outinratio 0.0164 

WminusH126_4e_pT4l_genbin9_recobin7 acc 0.06 eff 0.0 outinratio 0.037 

WplusH126_4e_pT4l_genbin9_recobin7 acc 0.0521 eff 0.0 outinratio 0.039 

ZH126_4e_pT4l_genbin9_recobin7 acc 0.0562 eff 0.0 outinratio 0.0298 

ttH126_4e_pT4l_genbin9_recobin7 acc 0.0877 eff 0.0 outinratio 0.0583 

ggH126_4e_pT4l_genbin10_recobin7 acc 0.0206 eff 0.0 outinratio 0.0135 

VBFH126_4e_pT4l_genbin10_recobin7 acc 0.0885 eff 0.0 outinratio 0.0164 

WminusH126_4e_pT4l_genbin10_recobin7 acc 0.0733 eff 0.0 outinratio 0.037 

WplusH126_4e_pT4l_genbin10_recobin7 acc 0.0767 eff 0.0 outinratio 0.039 

ZH126_4e_pT4l_genbin10_recobin7 acc 0.0728 eff 0.0 outinratio 0.0298 

ttH126_4e_pT4l_genbin10_recobin7 acc 0.1726 eff 0.0 outinratio 0.0583 

ggH126_4e_pT4l_genbin0_recobin8 acc 0.0554 eff 0.0 outinratio 0.0048 

VBFH126_4e_pT4l_genbin0_recobin8 acc 0.006 eff 0.0 outinratio 0.0198 

WminusH126_4e_pT4l_genbin0_recobin8 acc 0.0054 eff 0.0 outinratio 0.0234 

WplusH126_4e_pT4l_genbin0_recobin8 acc 0.005 eff 0.0 outinratio 0.0322 

ZH126_4e_pT4l_genbin0_recobin8 acc 0.0048 eff 0.0 outinratio 0.0834 

ttH126_4e_pT4l_genbin0_recobin8 acc 0.0031 eff 0.0 outinratio 0.0566 

ggH126_4e_pT4l_genbin1_recobin8 acc 0.058 eff 0.0 outinratio 0.0048 

VBFH126_4e_pT4l_genbin1_recobin8 acc 0.0063 eff 0.0 outinratio 0.0198 

WminusH126_4e_pT4l_genbin1_recobin8 acc 0.0093 eff 0.0 outinratio 0.0234 

WplusH126_4e_pT4l_genbin1_recobin8 acc 0.0074 eff 0.0 outinratio 0.0322 

ZH126_4e_pT4l_genbin1_recobin8 acc 0.008 eff 0.0 outinratio 0.0834 

ttH126_4e_pT4l_genbin1_recobin8 acc 0.004 eff 0.0 outinratio 0.0566 

ggH126_4e_pT4l_genbin2_recobin8 acc 0.0512 eff 0.0 outinratio 0.0048 

VBFH126_4e_pT4l_genbin2_recobin8 acc 0.0099 eff 0.0 outinratio 0.0198 

WminusH126_4e_pT4l_genbin2_recobin8 acc 0.0127 eff 0.0 outinratio 0.0234 

WplusH126_4e_pT4l_genbin2_recobin8 acc 0.0097 eff 0.0 outinratio 0.0322 

ZH126_4e_pT4l_genbin2_recobin8 acc 0.0117 eff 0.0 outinratio 0.0834 

ttH126_4e_pT4l_genbin2_recobin8 acc 0.0065 eff 0.0 outinratio 0.0566 

ggH126_4e_pT4l_genbin3_recobin8 acc 0.0426 eff 0.0 outinratio 0.0048 

VBFH126_4e_pT4l_genbin3_recobin8 acc 0.0162 eff 0.0 outinratio 0.0198 

WminusH126_4e_pT4l_genbin3_recobin8 acc 0.0153 eff 0.0 outinratio 0.0234 

WplusH126_4e_pT4l_genbin3_recobin8 acc 0.0118 eff 0.0 outinratio 0.0322 

ZH126_4e_pT4l_genbin3_recobin8 acc 0.0129 eff 0.0 outinratio 0.0834 

ttH126_4e_pT4l_genbin3_recobin8 acc 0.0094 eff 0.0 outinratio 0.0566 

ggH126_4e_pT4l_genbin4_recobin8 acc 0.0445 eff 0.0 outinratio 0.0048 

VBFH126_4e_pT4l_genbin4_recobin8 acc 0.0268 eff 0.0 outinratio 0.0198 

WminusH126_4e_pT4l_genbin4_recobin8 acc 0.0228 eff 0.0 outinratio 0.0234 

WplusH126_4e_pT4l_genbin4_recobin8 acc 0.0179 eff 0.0 outinratio 0.0322 

ZH126_4e_pT4l_genbin4_recobin8 acc 0.02 eff 0.0 outinratio 0.0834 

ttH126_4e_pT4l_genbin4_recobin8 acc 0.0147 eff 0.0 outinratio 0.0566 

ggH126_4e_pT4l_genbin5_recobin8 acc 0.0414 eff 0.0 outinratio 0.0048 

VBFH126_4e_pT4l_genbin5_recobin8 acc 0.0321 eff 0.0 outinratio 0.0198 

WminusH126_4e_pT4l_genbin5_recobin8 acc 0.034 eff 0.0 outinratio 0.0234 

WplusH126_4e_pT4l_genbin5_recobin8 acc 0.0252 eff 0.0 outinratio 0.0322 

ZH126_4e_pT4l_genbin5_recobin8 acc 0.029 eff 0.0 outinratio 0.0834 

ttH126_4e_pT4l_genbin5_recobin8 acc 0.0218 eff 0.0 outinratio 0.0566 

ggH126_4e_pT4l_genbin6_recobin8 acc 0.0384 eff 0.0 outinratio 0.0048 

VBFH126_4e_pT4l_genbin6_recobin8 acc 0.0497 eff 0.0 outinratio 0.0198 

WminusH126_4e_pT4l_genbin6_recobin8 acc 0.0441 eff 0.0 outinratio 0.0234 

WplusH126_4e_pT4l_genbin6_recobin8 acc 0.0404 eff 0.0 outinratio 0.0322 

ZH126_4e_pT4l_genbin6_recobin8 acc 0.0417 eff 0.0 outinratio 0.0834 

ttH126_4e_pT4l_genbin6_recobin8 acc 0.036 eff 0.0 outinratio 0.0566 

ggH126_4e_pT4l_genbin7_recobin8 acc 0.0342 eff 0.0128 outinratio 0.0048 

VBFH126_4e_pT4l_genbin7_recobin8 acc 0.0701 eff 0.0 outinratio 0.0198 

WminusH126_4e_pT4l_genbin7_recobin8 acc 0.058 eff 0.0083 outinratio 0.0234 

WplusH126_4e_pT4l_genbin7_recobin8 acc 0.05 eff 0.0143 outinratio 0.0322 

ZH126_4e_pT4l_genbin7_recobin8 acc 0.0552 eff 0.0085 outinratio 0.0834 

ttH126_4e_pT4l_genbin7_recobin8 acc 0.0554 eff 0.0119 outinratio 0.0566 

ggH126_4e_pT4l_genbin8_recobin8 acc 0.0229 eff 0.3755 outinratio 0.0048 

VBFH126_4e_pT4l_genbin8_recobin8 acc 0.0849 eff 0.4201 outinratio 0.0198 

WminusH126_4e_pT4l_genbin8_recobin8 acc 0.0643 eff 0.349 outinratio 0.0234 

WplusH126_4e_pT4l_genbin8_recobin8 acc 0.0529 eff 0.3424 outinratio 0.0322 

ZH126_4e_pT4l_genbin8_recobin8 acc 0.0632 eff 0.3193 outinratio 0.0834 

ttH126_4e_pT4l_genbin8_recobin8 acc 0.0645 eff 0.2414 outinratio 0.0566 

ggH126_4e_pT4l_genbin9_recobin8 acc 0.0178 eff 0.017 outinratio 0.0048 

VBFH126_4e_pT4l_genbin9_recobin8 acc 0.0705 eff 0.0244 outinratio 0.0198 

WminusH126_4e_pT4l_genbin9_recobin8 acc 0.06 eff 0.0183 outinratio 0.0234 

WplusH126_4e_pT4l_genbin9_recobin8 acc 0.0521 eff 0.0339 outinratio 0.0322 

ZH126_4e_pT4l_genbin9_recobin8 acc 0.0562 eff 0.0231 outinratio 0.0834 

ttH126_4e_pT4l_genbin9_recobin8 acc 0.0877 eff 0.0196 outinratio 0.0566 

ggH126_4e_pT4l_genbin10_recobin8 acc 0.0206 eff 0.0 outinratio 0.0048 

VBFH126_4e_pT4l_genbin10_recobin8 acc 0.0885 eff 0.0 outinratio 0.0198 

WminusH126_4e_pT4l_genbin10_recobin8 acc 0.0733 eff 0.0 outinratio 0.0234 

WplusH126_4e_pT4l_genbin10_recobin8 acc 0.0767 eff 0.0 outinratio 0.0322 

ZH126_4e_pT4l_genbin10_recobin8 acc 0.0728 eff 0.0 outinratio 0.0834 

ttH126_4e_pT4l_genbin10_recobin8 acc 0.1726 eff 0.0 outinratio 0.0566 

ggH126_4e_pT4l_genbin0_recobin9 acc 0.0554 eff 0.0 outinratio 0.0105 

VBFH126_4e_pT4l_genbin0_recobin9 acc 0.006 eff 0.0 outinratio 0.0 

WminusH126_4e_pT4l_genbin0_recobin9 acc 0.0054 eff 0.0 outinratio 0.0217 

WplusH126_4e_pT4l_genbin0_recobin9 acc 0.005 eff 0.0 outinratio 0.0139 

ZH126_4e_pT4l_genbin0_recobin9 acc 0.0048 eff 0.0 outinratio 0.0366 

ttH126_4e_pT4l_genbin0_recobin9 acc 0.0031 eff 0.0 outinratio 0.0377 

ggH126_4e_pT4l_genbin1_recobin9 acc 0.058 eff 0.0 outinratio 0.0105 

VBFH126_4e_pT4l_genbin1_recobin9 acc 0.0063 eff 0.0 outinratio 0.0 

WminusH126_4e_pT4l_genbin1_recobin9 acc 0.0093 eff 0.0 outinratio 0.0217 

WplusH126_4e_pT4l_genbin1_recobin9 acc 0.0074 eff 0.0 outinratio 0.0139 

ZH126_4e_pT4l_genbin1_recobin9 acc 0.008 eff 0.0 outinratio 0.0366 

ttH126_4e_pT4l_genbin1_recobin9 acc 0.004 eff 0.0 outinratio 0.0377 

ggH126_4e_pT4l_genbin2_recobin9 acc 0.0512 eff 0.0 outinratio 0.0105 

VBFH126_4e_pT4l_genbin2_recobin9 acc 0.0099 eff 0.0 outinratio 0.0 

WminusH126_4e_pT4l_genbin2_recobin9 acc 0.0127 eff 0.0 outinratio 0.0217 

WplusH126_4e_pT4l_genbin2_recobin9 acc 0.0097 eff 0.0 outinratio 0.0139 

ZH126_4e_pT4l_genbin2_recobin9 acc 0.0117 eff 0.0 outinratio 0.0366 

ttH126_4e_pT4l_genbin2_recobin9 acc 0.0065 eff 0.0 outinratio 0.0377 

ggH126_4e_pT4l_genbin3_recobin9 acc 0.0426 eff 0.0 outinratio 0.0105 

VBFH126_4e_pT4l_genbin3_recobin9 acc 0.0162 eff 0.0 outinratio 0.0 

WminusH126_4e_pT4l_genbin3_recobin9 acc 0.0153 eff 0.0 outinratio 0.0217 

WplusH126_4e_pT4l_genbin3_recobin9 acc 0.0118 eff 0.0 outinratio 0.0139 

ZH126_4e_pT4l_genbin3_recobin9 acc 0.0129 eff 0.0 outinratio 0.0366 

ttH126_4e_pT4l_genbin3_recobin9 acc 0.0094 eff 0.0 outinratio 0.0377 

ggH126_4e_pT4l_genbin4_recobin9 acc 0.0445 eff 0.0 outinratio 0.0105 

VBFH126_4e_pT4l_genbin4_recobin9 acc 0.0268 eff 0.0 outinratio 0.0 

WminusH126_4e_pT4l_genbin4_recobin9 acc 0.0228 eff 0.0 outinratio 0.0217 

WplusH126_4e_pT4l_genbin4_recobin9 acc 0.0179 eff 0.0 outinratio 0.0139 

ZH126_4e_pT4l_genbin4_recobin9 acc 0.02 eff 0.0 outinratio 0.0366 

ttH126_4e_pT4l_genbin4_recobin9 acc 0.0147 eff 0.0 outinratio 0.0377 

ggH126_4e_pT4l_genbin5_recobin9 acc 0.0414 eff 0.0 outinratio 0.0105 

VBFH126_4e_pT4l_genbin5_recobin9 acc 0.0321 eff 0.0 outinratio 0.0 

WminusH126_4e_pT4l_genbin5_recobin9 acc 0.034 eff 0.0 outinratio 0.0217 

WplusH126_4e_pT4l_genbin5_recobin9 acc 0.0252 eff 0.0 outinratio 0.0139 

ZH126_4e_pT4l_genbin5_recobin9 acc 0.029 eff 0.0 outinratio 0.0366 

ttH126_4e_pT4l_genbin5_recobin9 acc 0.0218 eff 0.0 outinratio 0.0377 

ggH126_4e_pT4l_genbin6_recobin9 acc 0.0384 eff 0.0 outinratio 0.0105 

VBFH126_4e_pT4l_genbin6_recobin9 acc 0.0497 eff 0.0 outinratio 0.0 

WminusH126_4e_pT4l_genbin6_recobin9 acc 0.0441 eff 0.0 outinratio 0.0217 

WplusH126_4e_pT4l_genbin6_recobin9 acc 0.0404 eff 0.0 outinratio 0.0139 

ZH126_4e_pT4l_genbin6_recobin9 acc 0.0417 eff 0.0 outinratio 0.0366 

ttH126_4e_pT4l_genbin6_recobin9 acc 0.036 eff 0.0 outinratio 0.0377 

ggH126_4e_pT4l_genbin7_recobin9 acc 0.0342 eff 0.0 outinratio 0.0105 

VBFH126_4e_pT4l_genbin7_recobin9 acc 0.0701 eff 0.0 outinratio 0.0 

WminusH126_4e_pT4l_genbin7_recobin9 acc 0.058 eff 0.0 outinratio 0.0217 

WplusH126_4e_pT4l_genbin7_recobin9 acc 0.05 eff 0.0 outinratio 0.0139 

ZH126_4e_pT4l_genbin7_recobin9 acc 0.0552 eff 0.0 outinratio 0.0366 

ttH126_4e_pT4l_genbin7_recobin9 acc 0.0554 eff 0.0 outinratio 0.0377 

ggH126_4e_pT4l_genbin8_recobin9 acc 0.0229 eff 0.0005 outinratio 0.0105 

VBFH126_4e_pT4l_genbin8_recobin9 acc 0.0849 eff 0.0055 outinratio 0.0 

WminusH126_4e_pT4l_genbin8_recobin9 acc 0.0643 eff 0.0059 outinratio 0.0217 

WplusH126_4e_pT4l_genbin8_recobin9 acc 0.0529 eff 0.0088 outinratio 0.0139 

ZH126_4e_pT4l_genbin8_recobin9 acc 0.0632 eff 0.0142 outinratio 0.0366 

ttH126_4e_pT4l_genbin8_recobin9 acc 0.0645 eff 0.0024 outinratio 0.0377 

ggH126_4e_pT4l_genbin9_recobin9 acc 0.0178 eff 0.3951 outinratio 0.0105 

VBFH126_4e_pT4l_genbin9_recobin9 acc 0.0705 eff 0.399 outinratio 0.0 

WminusH126_4e_pT4l_genbin9_recobin9 acc 0.06 eff 0.3693 outinratio 0.0217 

WplusH126_4e_pT4l_genbin9_recobin9 acc 0.0521 eff 0.3486 outinratio 0.0139 

ZH126_4e_pT4l_genbin9_recobin9 acc 0.0562 eff 0.3568 outinratio 0.0366 

ttH126_4e_pT4l_genbin9_recobin9 acc 0.0877 eff 0.2962 outinratio 0.0377 

ggH126_4e_pT4l_genbin10_recobin9 acc 0.0206 eff 0.0116 outinratio 0.0105 

VBFH126_4e_pT4l_genbin10_recobin9 acc 0.0885 eff 0.0292 outinratio 0.0 

WminusH126_4e_pT4l_genbin10_recobin9 acc 0.0733 eff 0.0059 outinratio 0.0217 

WplusH126_4e_pT4l_genbin10_recobin9 acc 0.0767 eff 0.0154 outinratio 0.0139 

ZH126_4e_pT4l_genbin10_recobin9 acc 0.0728 eff 0.009 outinratio 0.0366 

ttH126_4e_pT4l_genbin10_recobin9 acc 0.1726 eff 0.0049 outinratio 0.0377 

ggH126_4e_pT4l_genbin0_recobin10 acc 0.0554 eff 0.0 outinratio 0.0145 

VBFH126_4e_pT4l_genbin0_recobin10 acc 0.006 eff 0.0 outinratio 0.2017 

WminusH126_4e_pT4l_genbin0_recobin10 acc 0.0054 eff 0.0 outinratio 0.0121 

WplusH126_4e_pT4l_genbin0_recobin10 acc 0.005 eff 0.0 outinratio 0.0231 

ZH126_4e_pT4l_genbin0_recobin10 acc 0.0048 eff 0.0 outinratio 0.0544 

ttH126_4e_pT4l_genbin0_recobin10 acc 0.0031 eff 0.0 outinratio 0.0355 

ggH126_4e_pT4l_genbin1_recobin10 acc 0.058 eff 0.0 outinratio 0.0145 

VBFH126_4e_pT4l_genbin1_recobin10 acc 0.0063 eff 0.0 outinratio 0.2017 

WminusH126_4e_pT4l_genbin1_recobin10 acc 0.0093 eff 0.0 outinratio 0.0121 

WplusH126_4e_pT4l_genbin1_recobin10 acc 0.0074 eff 0.0 outinratio 0.0231 

ZH126_4e_pT4l_genbin1_recobin10 acc 0.008 eff 0.0 outinratio 0.0544 

ttH126_4e_pT4l_genbin1_recobin10 acc 0.004 eff 0.0 outinratio 0.0355 

ggH126_4e_pT4l_genbin2_recobin10 acc 0.0512 eff 0.0 outinratio 0.0145 

VBFH126_4e_pT4l_genbin2_recobin10 acc 0.0099 eff 0.0 outinratio 0.2017 

WminusH126_4e_pT4l_genbin2_recobin10 acc 0.0127 eff 0.0 outinratio 0.0121 

WplusH126_4e_pT4l_genbin2_recobin10 acc 0.0097 eff 0.0 outinratio 0.0231 

ZH126_4e_pT4l_genbin2_recobin10 acc 0.0117 eff 0.0 outinratio 0.0544 

ttH126_4e_pT4l_genbin2_recobin10 acc 0.0065 eff 0.0 outinratio 0.0355 

ggH126_4e_pT4l_genbin3_recobin10 acc 0.0426 eff 0.0 outinratio 0.0145 

VBFH126_4e_pT4l_genbin3_recobin10 acc 0.0162 eff 0.0 outinratio 0.2017 

WminusH126_4e_pT4l_genbin3_recobin10 acc 0.0153 eff 0.0 outinratio 0.0121 

WplusH126_4e_pT4l_genbin3_recobin10 acc 0.0118 eff 0.0 outinratio 0.0231 

ZH126_4e_pT4l_genbin3_recobin10 acc 0.0129 eff 0.0 outinratio 0.0544 

ttH126_4e_pT4l_genbin3_recobin10 acc 0.0094 eff 0.0 outinratio 0.0355 

ggH126_4e_pT4l_genbin4_recobin10 acc 0.0445 eff 0.0 outinratio 0.0145 

VBFH126_4e_pT4l_genbin4_recobin10 acc 0.0268 eff 0.0 outinratio 0.2017 

WminusH126_4e_pT4l_genbin4_recobin10 acc 0.0228 eff 0.0 outinratio 0.0121 

WplusH126_4e_pT4l_genbin4_recobin10 acc 0.0179 eff 0.0 outinratio 0.0231 

ZH126_4e_pT4l_genbin4_recobin10 acc 0.02 eff 0.0 outinratio 0.0544 

ttH126_4e_pT4l_genbin4_recobin10 acc 0.0147 eff 0.0 outinratio 0.0355 

ggH126_4e_pT4l_genbin5_recobin10 acc 0.0414 eff 0.0 outinratio 0.0145 

VBFH126_4e_pT4l_genbin5_recobin10 acc 0.0321 eff 0.0 outinratio 0.2017 

WminusH126_4e_pT4l_genbin5_recobin10 acc 0.034 eff 0.0 outinratio 0.0121 

WplusH126_4e_pT4l_genbin5_recobin10 acc 0.0252 eff 0.0 outinratio 0.0231 

ZH126_4e_pT4l_genbin5_recobin10 acc 0.029 eff 0.0 outinratio 0.0544 

ttH126_4e_pT4l_genbin5_recobin10 acc 0.0218 eff 0.0 outinratio 0.0355 

ggH126_4e_pT4l_genbin6_recobin10 acc 0.0384 eff 0.0 outinratio 0.0145 

VBFH126_4e_pT4l_genbin6_recobin10 acc 0.0497 eff 0.0 outinratio 0.2017 

WminusH126_4e_pT4l_genbin6_recobin10 acc 0.0441 eff 0.0 outinratio 0.0121 

WplusH126_4e_pT4l_genbin6_recobin10 acc 0.0404 eff 0.0 outinratio 0.0231 

ZH126_4e_pT4l_genbin6_recobin10 acc 0.0417 eff 0.0 outinratio 0.0544 

ttH126_4e_pT4l_genbin6_recobin10 acc 0.036 eff 0.0 outinratio 0.0355 

ggH126_4e_pT4l_genbin7_recobin10 acc 0.0342 eff 0.0 outinratio 0.0145 

VBFH126_4e_pT4l_genbin7_recobin10 acc 0.0701 eff 0.0 outinratio 0.2017 

WminusH126_4e_pT4l_genbin7_recobin10 acc 0.058 eff 0.0 outinratio 0.0121 

WplusH126_4e_pT4l_genbin7_recobin10 acc 0.05 eff 0.0 outinratio 0.0231 

ZH126_4e_pT4l_genbin7_recobin10 acc 0.0552 eff 0.0 outinratio 0.0544 

ttH126_4e_pT4l_genbin7_recobin10 acc 0.0554 eff 0.0 outinratio 0.0355 

ggH126_4e_pT4l_genbin8_recobin10 acc 0.0229 eff 0.0 outinratio 0.0145 

VBFH126_4e_pT4l_genbin8_recobin10 acc 0.0849 eff 0.0 outinratio 0.2017 

WminusH126_4e_pT4l_genbin8_recobin10 acc 0.0643 eff 0.0 outinratio 0.0121 

WplusH126_4e_pT4l_genbin8_recobin10 acc 0.0529 eff 0.0 outinratio 0.0231 

ZH126_4e_pT4l_genbin8_recobin10 acc 0.0632 eff 0.0 outinratio 0.0544 

ttH126_4e_pT4l_genbin8_recobin10 acc 0.0645 eff 0.0 outinratio 0.0355 

ggH126_4e_pT4l_genbin9_recobin10 acc 0.0178 eff 0.0114 outinratio 0.0145 

VBFH126_4e_pT4l_genbin9_recobin10 acc 0.0705 eff 0.0065 outinratio 0.2017 

WminusH126_4e_pT4l_genbin9_recobin10 acc 0.06 eff 0.0092 outinratio 0.0121 

WplusH126_4e_pT4l_genbin9_recobin10 acc 0.0521 eff 0.0039 outinratio 0.0231 

ZH126_4e_pT4l_genbin9_recobin10 acc 0.0562 eff 0.0052 outinratio 0.0544 

ttH126_4e_pT4l_genbin9_recobin10 acc 0.0877 eff 0.001 outinratio 0.0355 

ggH126_4e_pT4l_genbin10_recobin10 acc 0.0206 eff 0.4347 outinratio 0.0145 

VBFH126_4e_pT4l_genbin10_recobin10 acc 0.0885 eff 0.5261 outinratio 0.2017 

WminusH126_4e_pT4l_genbin10_recobin10 acc 0.0733 eff 0.4826 outinratio 0.0121 

WplusH126_4e_pT4l_genbin10_recobin10 acc 0.0767 eff 0.4525 outinratio 0.0231 

ZH126_4e_pT4l_genbin10_recobin10 acc 0.0728 eff 0.4831 outinratio 0.0544 

ttH126_4e_pT4l_genbin10_recobin10 acc 0.1726 eff 0.39 outinratio 0.0355 

ggH126_4mu_pT4l_genbin0_recobin0 acc 0.0629 eff 0.5838 outinratio 0.008 

VBFH126_4mu_pT4l_genbin0_recobin0 acc 0.0071 eff 0.5036 outinratio 0.0 

WminusH126_4mu_pT4l_genbin0_recobin0 acc 0.0057 eff 0.5291 outinratio 0.0 

WplusH126_4mu_pT4l_genbin0_recobin0 acc 0.0044 eff 0.5663 outinratio 0.0022 

ZH126_4mu_pT4l_genbin0_recobin0 acc 0.0063 eff 0.4557 outinratio 0.0 

ttH126_4mu_pT4l_genbin0_recobin0 acc 0.0029 eff 0.3609 outinratio 0.0 

ggH126_4mu_pT4l_genbin1_recobin0 acc 0.0636 eff 0.0354 outinratio 0.008 

VBFH126_4mu_pT4l_genbin1_recobin0 acc 0.0078 eff 0.0226 outinratio 0.0 

WminusH126_4mu_pT4l_genbin1_recobin0 acc 0.0102 eff 0.0407 outinratio 0.0 

WplusH126_4mu_pT4l_genbin1_recobin0 acc 0.0082 eff 0.0288 outinratio 0.0022 

ZH126_4mu_pT4l_genbin1_recobin0 acc 0.0082 eff 0.0073 outinratio 0.0 

ttH126_4mu_pT4l_genbin1_recobin0 acc 0.0062 eff 0.0302 outinratio 0.0 

ggH126_4mu_pT4l_genbin2_recobin0 acc 0.0558 eff 0.0025 outinratio 0.008 

VBFH126_4mu_pT4l_genbin2_recobin0 acc 0.0174 eff 0.0 outinratio 0.0 

WminusH126_4mu_pT4l_genbin2_recobin0 acc 0.0144 eff 0.0 outinratio 0.0 

WplusH126_4mu_pT4l_genbin2_recobin0 acc 0.011 eff 0.0 outinratio 0.0022 

ZH126_4mu_pT4l_genbin2_recobin0 acc 0.0127 eff 0.0074 outinratio 0.0 

ttH126_4mu_pT4l_genbin2_recobin0 acc 0.0074 eff 0.0 outinratio 0.0 

ggH126_4mu_pT4l_genbin3_recobin0 acc 0.0471 eff 0.0008 outinratio 0.008 

VBFH126_4mu_pT4l_genbin3_recobin0 acc 0.0157 eff 0.0 outinratio 0.0 

WminusH126_4mu_pT4l_genbin3_recobin0 acc 0.0153 eff 0.0 outinratio 0.0 

WplusH126_4mu_pT4l_genbin3_recobin0 acc 0.0136 eff 0.0 outinratio 0.0022 

ZH126_4mu_pT4l_genbin3_recobin0 acc 0.0149 eff 0.0 outinratio 0.0 

ttH126_4mu_pT4l_genbin3_recobin0 acc 0.0101 eff 0.0 outinratio 0.0 

ggH126_4mu_pT4l_genbin4_recobin0 acc 0.0502 eff 0.0 outinratio 0.008 

VBFH126_4mu_pT4l_genbin4_recobin0 acc 0.0324 eff 0.0 outinratio 0.0 

WminusH126_4mu_pT4l_genbin4_recobin0 acc 0.0261 eff 0.0 outinratio 0.0 

WplusH126_4mu_pT4l_genbin4_recobin0 acc 0.0195 eff 0.0 outinratio 0.0022 

ZH126_4mu_pT4l_genbin4_recobin0 acc 0.0218 eff 0.0 outinratio 0.0 

ttH126_4mu_pT4l_genbin4_recobin0 acc 0.0188 eff 0.0 outinratio 0.0 

ggH126_4mu_pT4l_genbin5_recobin0 acc 0.0468 eff 0.0 outinratio 0.008 

VBFH126_4mu_pT4l_genbin5_recobin0 acc 0.0413 eff 0.0 outinratio 0.0 

WminusH126_4mu_pT4l_genbin5_recobin0 acc 0.0361 eff 0.0 outinratio 0.0 

WplusH126_4mu_pT4l_genbin5_recobin0 acc 0.0297 eff 0.0 outinratio 0.0022 

ZH126_4mu_pT4l_genbin5_recobin0 acc 0.0322 eff 0.0 outinratio 0.0 

ttH126_4mu_pT4l_genbin5_recobin0 acc 0.0206 eff 0.0 outinratio 0.0 

ggH126_4mu_pT4l_genbin6_recobin0 acc 0.0453 eff 0.0 outinratio 0.008 

VBFH126_4mu_pT4l_genbin6_recobin0 acc 0.0616 eff 0.0 outinratio 0.0 

WminusH126_4mu_pT4l_genbin6_recobin0 acc 0.0498 eff 0.0 outinratio 0.0 

WplusH126_4mu_pT4l_genbin6_recobin0 acc 0.0427 eff 0.0 outinratio 0.0022 

ZH126_4mu_pT4l_genbin6_recobin0 acc 0.0481 eff 0.0 outinratio 0.0 

ttH126_4mu_pT4l_genbin6_recobin0 acc 0.0392 eff 0.0 outinratio 0.0 

ggH126_4mu_pT4l_genbin7_recobin0 acc 0.0367 eff 0.0 outinratio 0.008 

VBFH126_4mu_pT4l_genbin7_recobin0 acc 0.0779 eff 0.0 outinratio 0.0 

WminusH126_4mu_pT4l_genbin7_recobin0 acc 0.067 eff 0.0 outinratio 0.0 

WplusH126_4mu_pT4l_genbin7_recobin0 acc 0.0559 eff 0.0 outinratio 0.0022 

ZH126_4mu_pT4l_genbin7_recobin0 acc 0.065 eff 0.0 outinratio 0.0 

ttH126_4mu_pT4l_genbin7_recobin0 acc 0.0667 eff 0.0 outinratio 0.0 

ggH126_4mu_pT4l_genbin8_recobin0 acc 0.0258 eff 0.0 outinratio 0.008 

VBFH126_4mu_pT4l_genbin8_recobin0 acc 0.0804 eff 0.0 outinratio 0.0 

WminusH126_4mu_pT4l_genbin8_recobin0 acc 0.0689 eff 0.0 outinratio 0.0 

WplusH126_4mu_pT4l_genbin8_recobin0 acc 0.0573 eff 0.0 outinratio 0.0022 

ZH126_4mu_pT4l_genbin8_recobin0 acc 0.0616 eff 0.0 outinratio 0.0 

ttH126_4mu_pT4l_genbin8_recobin0 acc 0.0826 eff 0.0 outinratio 0.0 

ggH126_4mu_pT4l_genbin9_recobin0 acc 0.0202 eff 0.0 outinratio 0.008 

VBFH126_4mu_pT4l_genbin9_recobin0 acc 0.0758 eff 0.0 outinratio 0.0 

WminusH126_4mu_pT4l_genbin9_recobin0 acc 0.0641 eff 0.0 outinratio 0.0 

WplusH126_4mu_pT4l_genbin9_recobin0 acc 0.058 eff 0.0 outinratio 0.0022 

ZH126_4mu_pT4l_genbin9_recobin0 acc 0.0626 eff 0.0 outinratio 0.0 

ttH126_4mu_pT4l_genbin9_recobin0 acc 0.0919 eff 0.0 outinratio 0.0 

ggH126_4mu_pT4l_genbin10_recobin0 acc 0.0225 eff 0.0 outinratio 0.008 

VBFH126_4mu_pT4l_genbin10_recobin0 acc 0.1036 eff 0.0 outinratio 0.0 

WminusH126_4mu_pT4l_genbin10_recobin0 acc 0.0788 eff 0.0 outinratio 0.0 

WplusH126_4mu_pT4l_genbin10_recobin0 acc 0.0817 eff 0.0 outinratio 0.0022 

ZH126_4mu_pT4l_genbin10_recobin0 acc 0.0778 eff 0.0 outinratio 0.0 

ttH126_4mu_pT4l_genbin10_recobin0 acc 0.1823 eff 0.0 outinratio 0.0 

ggH126_4mu_pT4l_genbin0_recobin1 acc 0.0629 eff 0.0245 outinratio 0.0093 

VBFH126_4mu_pT4l_genbin0_recobin1 acc 0.0071 eff 0.0837 outinratio 0.0 

WminusH126_4mu_pT4l_genbin0_recobin1 acc 0.0057 eff 0.0518 outinratio 0.04 

WplusH126_4mu_pT4l_genbin0_recobin1 acc 0.0044 eff 0.0397 outinratio 0.0258 

ZH126_4mu_pT4l_genbin0_recobin1 acc 0.0063 eff 0.0269 outinratio 0.0391 

ttH126_4mu_pT4l_genbin0_recobin1 acc 0.0029 eff 0.0145 outinratio 0.0 

ggH126_4mu_pT4l_genbin1_recobin1 acc 0.0636 eff 0.5487 outinratio 0.0093 

VBFH126_4mu_pT4l_genbin1_recobin1 acc 0.0078 eff 0.4741 outinratio 0.0 

WminusH126_4mu_pT4l_genbin1_recobin1 acc 0.0102 eff 0.4144 outinratio 0.04 

WplusH126_4mu_pT4l_genbin1_recobin1 acc 0.0082 eff 0.4724 outinratio 0.0258 

ZH126_4mu_pT4l_genbin1_recobin1 acc 0.0082 eff 0.4895 outinratio 0.0391 

ttH126_4mu_pT4l_genbin1_recobin1 acc 0.0062 eff 0.3081 outinratio 0.0 

ggH126_4mu_pT4l_genbin2_recobin1 acc 0.0558 eff 0.0384 outinratio 0.0093 

VBFH126_4mu_pT4l_genbin2_recobin1 acc 0.0174 eff 0.0107 outinratio 0.0 

WminusH126_4mu_pT4l_genbin2_recobin1 acc 0.0144 eff 0.0488 outinratio 0.04 

WplusH126_4mu_pT4l_genbin2_recobin1 acc 0.011 eff 0.0197 outinratio 0.0258 

ZH126_4mu_pT4l_genbin2_recobin1 acc 0.0127 eff 0.0331 outinratio 0.0391 

ttH126_4mu_pT4l_genbin2_recobin1 acc 0.0074 eff 0.0 outinratio 0.0 

ggH126_4mu_pT4l_genbin3_recobin1 acc 0.0471 eff 0.0034 outinratio 0.0093 

VBFH126_4mu_pT4l_genbin3_recobin1 acc 0.0157 eff 0.0 outinratio 0.0 

WminusH126_4mu_pT4l_genbin3_recobin1 acc 0.0153 eff 0.0028 outinratio 0.04 

WplusH126_4mu_pT4l_genbin3_recobin1 acc 0.0136 eff 0.0036 outinratio 0.0258 

ZH126_4mu_pT4l_genbin3_recobin1 acc 0.0149 eff 0.0 outinratio 0.0391 

ttH126_4mu_pT4l_genbin3_recobin1 acc 0.0101 eff 0.0 outinratio 0.0 

ggH126_4mu_pT4l_genbin4_recobin1 acc 0.0502 eff 0.0 outinratio 0.0093 

VBFH126_4mu_pT4l_genbin4_recobin1 acc 0.0324 eff 0.0 outinratio 0.0 

WminusH126_4mu_pT4l_genbin4_recobin1 acc 0.0261 eff 0.0 outinratio 0.04 

WplusH126_4mu_pT4l_genbin4_recobin1 acc 0.0195 eff 0.0 outinratio 0.0258 

ZH126_4mu_pT4l_genbin4_recobin1 acc 0.0218 eff 0.0 outinratio 0.0391 

ttH126_4mu_pT4l_genbin4_recobin1 acc 0.0188 eff 0.0 outinratio 0.0 

ggH126_4mu_pT4l_genbin5_recobin1 acc 0.0468 eff 0.0 outinratio 0.0093 

VBFH126_4mu_pT4l_genbin5_recobin1 acc 0.0413 eff 0.0 outinratio 0.0 

WminusH126_4mu_pT4l_genbin5_recobin1 acc 0.0361 eff 0.0 outinratio 0.04 

WplusH126_4mu_pT4l_genbin5_recobin1 acc 0.0297 eff 0.0 outinratio 0.0258 

ZH126_4mu_pT4l_genbin5_recobin1 acc 0.0322 eff 0.0 outinratio 0.0391 

ttH126_4mu_pT4l_genbin5_recobin1 acc 0.0206 eff 0.0 outinratio 0.0 

ggH126_4mu_pT4l_genbin6_recobin1 acc 0.0453 eff 0.0 outinratio 0.0093 

VBFH126_4mu_pT4l_genbin6_recobin1 acc 0.0616 eff 0.0 outinratio 0.0 

WminusH126_4mu_pT4l_genbin6_recobin1 acc 0.0498 eff 0.0 outinratio 0.04 

WplusH126_4mu_pT4l_genbin6_recobin1 acc 0.0427 eff 0.0 outinratio 0.0258 

ZH126_4mu_pT4l_genbin6_recobin1 acc 0.0481 eff 0.0 outinratio 0.0391 

ttH126_4mu_pT4l_genbin6_recobin1 acc 0.0392 eff 0.0 outinratio 0.0 

ggH126_4mu_pT4l_genbin7_recobin1 acc 0.0367 eff 0.0 outinratio 0.0093 

VBFH126_4mu_pT4l_genbin7_recobin1 acc 0.0779 eff 0.0 outinratio 0.0 

WminusH126_4mu_pT4l_genbin7_recobin1 acc 0.067 eff 0.0 outinratio 0.04 

WplusH126_4mu_pT4l_genbin7_recobin1 acc 0.0559 eff 0.0 outinratio 0.0258 

ZH126_4mu_pT4l_genbin7_recobin1 acc 0.065 eff 0.0 outinratio 0.0391 

ttH126_4mu_pT4l_genbin7_recobin1 acc 0.0667 eff 0.0 outinratio 0.0 

ggH126_4mu_pT4l_genbin8_recobin1 acc 0.0258 eff 0.0 outinratio 0.0093 

VBFH126_4mu_pT4l_genbin8_recobin1 acc 0.0804 eff 0.0 outinratio 0.0 

WminusH126_4mu_pT4l_genbin8_recobin1 acc 0.0689 eff 0.0 outinratio 0.04 

WplusH126_4mu_pT4l_genbin8_recobin1 acc 0.0573 eff 0.0 outinratio 0.0258 

ZH126_4mu_pT4l_genbin8_recobin1 acc 0.0616 eff 0.0 outinratio 0.0391 

ttH126_4mu_pT4l_genbin8_recobin1 acc 0.0826 eff 0.0 outinratio 0.0 

ggH126_4mu_pT4l_genbin9_recobin1 acc 0.0202 eff 0.0 outinratio 0.0093 

VBFH126_4mu_pT4l_genbin9_recobin1 acc 0.0758 eff 0.0 outinratio 0.0 

WminusH126_4mu_pT4l_genbin9_recobin1 acc 0.0641 eff 0.0 outinratio 0.04 

WplusH126_4mu_pT4l_genbin9_recobin1 acc 0.058 eff 0.0 outinratio 0.0258 

ZH126_4mu_pT4l_genbin9_recobin1 acc 0.0626 eff 0.0 outinratio 0.0391 

ttH126_4mu_pT4l_genbin9_recobin1 acc 0.0919 eff 0.0 outinratio 0.0 

ggH126_4mu_pT4l_genbin10_recobin1 acc 0.0225 eff 0.0 outinratio 0.0093 

VBFH126_4mu_pT4l_genbin10_recobin1 acc 0.1036 eff 0.0 outinratio 0.0 

WminusH126_4mu_pT4l_genbin10_recobin1 acc 0.0788 eff 0.0 outinratio 0.04 

WplusH126_4mu_pT4l_genbin10_recobin1 acc 0.0817 eff 0.0 outinratio 0.0258 

ZH126_4mu_pT4l_genbin10_recobin1 acc 0.0778 eff 0.0 outinratio 0.0391 

ttH126_4mu_pT4l_genbin10_recobin1 acc 0.1823 eff 0.0 outinratio 0.0 

ggH126_4mu_pT4l_genbin0_recobin2 acc 0.0629 eff 0.0035 outinratio 0.0106 

VBFH126_4mu_pT4l_genbin0_recobin2 acc 0.0071 eff 0.0 outinratio 0.0 

WminusH126_4mu_pT4l_genbin0_recobin2 acc 0.0057 eff 0.0 outinratio 0.0161 

WplusH126_4mu_pT4l_genbin0_recobin2 acc 0.0044 eff 0.0 outinratio 0.0105 

ZH126_4mu_pT4l_genbin0_recobin2 acc 0.0063 eff 0.0 outinratio 0.0433 

ttH126_4mu_pT4l_genbin0_recobin2 acc 0.0029 eff 0.0 outinratio 0.0 

ggH126_4mu_pT4l_genbin1_recobin2 acc 0.0636 eff 0.0306 outinratio 0.0106 

VBFH126_4mu_pT4l_genbin1_recobin2 acc 0.0078 eff 0.0 outinratio 0.0 

WminusH126_4mu_pT4l_genbin1_recobin2 acc 0.0102 eff 0.0475 outinratio 0.0161 

WplusH126_4mu_pT4l_genbin1_recobin2 acc 0.0082 eff 0.0503 outinratio 0.0105 

ZH126_4mu_pT4l_genbin1_recobin2 acc 0.0082 eff 0.0714 outinratio 0.0433 

ttH126_4mu_pT4l_genbin1_recobin2 acc 0.0062 eff 0.037 outinratio 0.0 

ggH126_4mu_pT4l_genbin2_recobin2 acc 0.0558 eff 0.5255 outinratio 0.0106 

VBFH126_4mu_pT4l_genbin2_recobin2 acc 0.0174 eff 0.3723 outinratio 0.0 

WminusH126_4mu_pT4l_genbin2_recobin2 acc 0.0144 eff 0.4991 outinratio 0.0161 

WplusH126_4mu_pT4l_genbin2_recobin2 acc 0.011 eff 0.5256 outinratio 0.0105 

ZH126_4mu_pT4l_genbin2_recobin2 acc 0.0127 eff 0.4721 outinratio 0.0433 

ttH126_4mu_pT4l_genbin2_recobin2 acc 0.0074 eff 0.5436 outinratio 0.0 

ggH126_4mu_pT4l_genbin3_recobin2 acc 0.0471 eff 0.0454 outinratio 0.0106 

VBFH126_4mu_pT4l_genbin3_recobin2 acc 0.0157 eff 0.0349 outinratio 0.0 

WminusH126_4mu_pT4l_genbin3_recobin2 acc 0.0153 eff 0.0332 outinratio 0.0161 

WplusH126_4mu_pT4l_genbin3_recobin2 acc 0.0136 eff 0.037 outinratio 0.0105 

ZH126_4mu_pT4l_genbin3_recobin2 acc 0.0149 eff 0.0375 outinratio 0.0433 

ttH126_4mu_pT4l_genbin3_recobin2 acc 0.0101 eff 0.0382 outinratio 0.0 

ggH126_4mu_pT4l_genbin4_recobin2 acc 0.0502 eff 0.0013 outinratio 0.0106 

VBFH126_4mu_pT4l_genbin4_recobin2 acc 0.0324 eff 0.0 outinratio 0.0 

WminusH126_4mu_pT4l_genbin4_recobin2 acc 0.0261 eff 0.001 outinratio 0.0161 

WplusH126_4mu_pT4l_genbin4_recobin2 acc 0.0195 eff 0.002 outinratio 0.0105 

ZH126_4mu_pT4l_genbin4_recobin2 acc 0.0218 eff 0.0 outinratio 0.0433 

ttH126_4mu_pT4l_genbin4_recobin2 acc 0.0188 eff 0.0 outinratio 0.0 

ggH126_4mu_pT4l_genbin5_recobin2 acc 0.0468 eff 0.0 outinratio 0.0106 

VBFH126_4mu_pT4l_genbin5_recobin2 acc 0.0413 eff 0.0 outinratio 0.0 

WminusH126_4mu_pT4l_genbin5_recobin2 acc 0.0361 eff 0.001 outinratio 0.0161 

WplusH126_4mu_pT4l_genbin5_recobin2 acc 0.0297 eff 0.0 outinratio 0.0105 

ZH126_4mu_pT4l_genbin5_recobin2 acc 0.0322 eff 0.0 outinratio 0.0433 

ttH126_4mu_pT4l_genbin5_recobin2 acc 0.0206 eff 0.0 outinratio 0.0 

ggH126_4mu_pT4l_genbin6_recobin2 acc 0.0453 eff 0.0 outinratio 0.0106 

VBFH126_4mu_pT4l_genbin6_recobin2 acc 0.0616 eff 0.0 outinratio 0.0 

WminusH126_4mu_pT4l_genbin6_recobin2 acc 0.0498 eff 0.0 outinratio 0.0161 

WplusH126_4mu_pT4l_genbin6_recobin2 acc 0.0427 eff 0.0 outinratio 0.0105 

ZH126_4mu_pT4l_genbin6_recobin2 acc 0.0481 eff 0.0 outinratio 0.0433 

ttH126_4mu_pT4l_genbin6_recobin2 acc 0.0392 eff 0.0 outinratio 0.0 

ggH126_4mu_pT4l_genbin7_recobin2 acc 0.0367 eff 0.0 outinratio 0.0106 

VBFH126_4mu_pT4l_genbin7_recobin2 acc 0.0779 eff 0.0 outinratio 0.0 

WminusH126_4mu_pT4l_genbin7_recobin2 acc 0.067 eff 0.0 outinratio 0.0161 

WplusH126_4mu_pT4l_genbin7_recobin2 acc 0.0559 eff 0.0 outinratio 0.0105 

ZH126_4mu_pT4l_genbin7_recobin2 acc 0.065 eff 0.0 outinratio 0.0433 

ttH126_4mu_pT4l_genbin7_recobin2 acc 0.0667 eff 0.0 outinratio 0.0 

ggH126_4mu_pT4l_genbin8_recobin2 acc 0.0258 eff 0.0 outinratio 0.0106 

VBFH126_4mu_pT4l_genbin8_recobin2 acc 0.0804 eff 0.0 outinratio 0.0 

WminusH126_4mu_pT4l_genbin8_recobin2 acc 0.0689 eff 0.0 outinratio 0.0161 

WplusH126_4mu_pT4l_genbin8_recobin2 acc 0.0573 eff 0.0 outinratio 0.0105 

ZH126_4mu_pT4l_genbin8_recobin2 acc 0.0616 eff 0.0 outinratio 0.0433 

ttH126_4mu_pT4l_genbin8_recobin2 acc 0.0826 eff 0.0 outinratio 0.0 

ggH126_4mu_pT4l_genbin9_recobin2 acc 0.0202 eff 0.0 outinratio 0.0106 

VBFH126_4mu_pT4l_genbin9_recobin2 acc 0.0758 eff 0.0 outinratio 0.0 

WminusH126_4mu_pT4l_genbin9_recobin2 acc 0.0641 eff 0.0 outinratio 0.0161 

WplusH126_4mu_pT4l_genbin9_recobin2 acc 0.058 eff 0.0 outinratio 0.0105 

ZH126_4mu_pT4l_genbin9_recobin2 acc 0.0626 eff 0.0 outinratio 0.0433 

ttH126_4mu_pT4l_genbin9_recobin2 acc 0.0919 eff 0.0 outinratio 0.0 

ggH126_4mu_pT4l_genbin10_recobin2 acc 0.0225 eff 0.0 outinratio 0.0106 

VBFH126_4mu_pT4l_genbin10_recobin2 acc 0.1036 eff 0.0 outinratio 0.0 

WminusH126_4mu_pT4l_genbin10_recobin2 acc 0.0788 eff 0.0 outinratio 0.0161 

WplusH126_4mu_pT4l_genbin10_recobin2 acc 0.0817 eff 0.0 outinratio 0.0105 

ZH126_4mu_pT4l_genbin10_recobin2 acc 0.0778 eff 0.0 outinratio 0.0433 

ttH126_4mu_pT4l_genbin10_recobin2 acc 0.1823 eff 0.0 outinratio 0.0 

ggH126_4mu_pT4l_genbin0_recobin3 acc 0.0629 eff 0.0004 outinratio 0.0063 

VBFH126_4mu_pT4l_genbin0_recobin3 acc 0.0071 eff 0.0 outinratio 0.03 

WminusH126_4mu_pT4l_genbin0_recobin3 acc 0.0057 eff 0.0 outinratio -0.0071 

WplusH126_4mu_pT4l_genbin0_recobin3 acc 0.0044 eff 0.0 outinratio 0.022 

ZH126_4mu_pT4l_genbin0_recobin3 acc 0.0063 eff 0.0 outinratio 0.0331 

ttH126_4mu_pT4l_genbin0_recobin3 acc 0.0029 eff 0.0 outinratio 0.113 

ggH126_4mu_pT4l_genbin1_recobin3 acc 0.0636 eff 0.0016 outinratio 0.0063 

VBFH126_4mu_pT4l_genbin1_recobin3 acc 0.0078 eff 0.0 outinratio 0.03 

WminusH126_4mu_pT4l_genbin1_recobin3 acc 0.0102 eff 0.0 outinratio -0.0071 

WplusH126_4mu_pT4l_genbin1_recobin3 acc 0.0082 eff 0.0 outinratio 0.022 

ZH126_4mu_pT4l_genbin1_recobin3 acc 0.0082 eff -0.0064 outinratio 0.0331 

ttH126_4mu_pT4l_genbin1_recobin3 acc 0.0062 eff 0.0 outinratio 0.113 

ggH126_4mu_pT4l_genbin2_recobin3 acc 0.0558 eff 0.0328 outinratio 0.0063 

VBFH126_4mu_pT4l_genbin2_recobin3 acc 0.0174 eff 0.0914 outinratio 0.03 

WminusH126_4mu_pT4l_genbin2_recobin3 acc 0.0144 eff 0.0267 outinratio -0.0071 

WplusH126_4mu_pT4l_genbin2_recobin3 acc 0.011 eff 0.0253 outinratio 0.022 

ZH126_4mu_pT4l_genbin2_recobin3 acc 0.0127 eff 0.0544 outinratio 0.0331 

ttH126_4mu_pT4l_genbin2_recobin3 acc 0.0074 eff 0.0226 outinratio 0.113 

ggH126_4mu_pT4l_genbin3_recobin3 acc 0.0471 eff 0.535 outinratio 0.0063 

VBFH126_4mu_pT4l_genbin3_recobin3 acc 0.0157 eff 0.5187 outinratio 0.03 

WminusH126_4mu_pT4l_genbin3_recobin3 acc 0.0153 eff 0.4569 outinratio -0.0071 

WplusH126_4mu_pT4l_genbin3_recobin3 acc 0.0136 eff 0.4568 outinratio 0.022 

ZH126_4mu_pT4l_genbin3_recobin3 acc 0.0149 eff 0.4614 outinratio 0.0331 

ttH126_4mu_pT4l_genbin3_recobin3 acc 0.0101 eff 0.2579 outinratio 0.113 

ggH126_4mu_pT4l_genbin4_recobin3 acc 0.0502 eff 0.0337 outinratio 0.0063 

VBFH126_4mu_pT4l_genbin4_recobin3 acc 0.0324 eff 0.0109 outinratio 0.03 

WminusH126_4mu_pT4l_genbin4_recobin3 acc 0.0261 eff 0.0337 outinratio -0.0071 

WplusH126_4mu_pT4l_genbin4_recobin3 acc 0.0195 eff 0.0218 outinratio 0.022 

ZH126_4mu_pT4l_genbin4_recobin3 acc 0.0218 eff 0.0273 outinratio 0.0331 

ttH126_4mu_pT4l_genbin4_recobin3 acc 0.0188 eff 0.0533 outinratio 0.113 

ggH126_4mu_pT4l_genbin5_recobin3 acc 0.0468 eff 0.0 outinratio 0.0063 

VBFH126_4mu_pT4l_genbin5_recobin3 acc 0.0413 eff 0.0 outinratio 0.03 

WminusH126_4mu_pT4l_genbin5_recobin3 acc 0.0361 eff 0.0 outinratio -0.0071 

WplusH126_4mu_pT4l_genbin5_recobin3 acc 0.0297 eff 0.0 outinratio 0.022 

ZH126_4mu_pT4l_genbin5_recobin3 acc 0.0322 eff 0.0027 outinratio 0.0331 

ttH126_4mu_pT4l_genbin5_recobin3 acc 0.0206 eff 0.0 outinratio 0.113 

ggH126_4mu_pT4l_genbin6_recobin3 acc 0.0453 eff 0.0 outinratio 0.0063 

VBFH126_4mu_pT4l_genbin6_recobin3 acc 0.0616 eff 0.0 outinratio 0.03 

WminusH126_4mu_pT4l_genbin6_recobin3 acc 0.0498 eff 0.0 outinratio -0.0071 

WplusH126_4mu_pT4l_genbin6_recobin3 acc 0.0427 eff 0.0 outinratio 0.022 

ZH126_4mu_pT4l_genbin6_recobin3 acc 0.0481 eff 0.0 outinratio 0.0331 

ttH126_4mu_pT4l_genbin6_recobin3 acc 0.0392 eff 0.0 outinratio 0.113 

ggH126_4mu_pT4l_genbin7_recobin3 acc 0.0367 eff 0.0 outinratio 0.0063 

VBFH126_4mu_pT4l_genbin7_recobin3 acc 0.0779 eff 0.0 outinratio 0.03 

WminusH126_4mu_pT4l_genbin7_recobin3 acc 0.067 eff 0.0 outinratio -0.0071 

WplusH126_4mu_pT4l_genbin7_recobin3 acc 0.0559 eff 0.0 outinratio 0.022 

ZH126_4mu_pT4l_genbin7_recobin3 acc 0.065 eff 0.0 outinratio 0.0331 

ttH126_4mu_pT4l_genbin7_recobin3 acc 0.0667 eff 0.0 outinratio 0.113 

ggH126_4mu_pT4l_genbin8_recobin3 acc 0.0258 eff 0.0 outinratio 0.0063 

VBFH126_4mu_pT4l_genbin8_recobin3 acc 0.0804 eff 0.0 outinratio 0.03 

WminusH126_4mu_pT4l_genbin8_recobin3 acc 0.0689 eff 0.0 outinratio -0.0071 

WplusH126_4mu_pT4l_genbin8_recobin3 acc 0.0573 eff 0.0 outinratio 0.022 

ZH126_4mu_pT4l_genbin8_recobin3 acc 0.0616 eff 0.0 outinratio 0.0331 

ttH126_4mu_pT4l_genbin8_recobin3 acc 0.0826 eff 0.0 outinratio 0.113 

ggH126_4mu_pT4l_genbin9_recobin3 acc 0.0202 eff 0.0 outinratio 0.0063 

VBFH126_4mu_pT4l_genbin9_recobin3 acc 0.0758 eff 0.0 outinratio 0.03 

WminusH126_4mu_pT4l_genbin9_recobin3 acc 0.0641 eff 0.0 outinratio -0.0071 

WplusH126_4mu_pT4l_genbin9_recobin3 acc 0.058 eff 0.0 outinratio 0.022 

ZH126_4mu_pT4l_genbin9_recobin3 acc 0.0626 eff 0.0 outinratio 0.0331 

ttH126_4mu_pT4l_genbin9_recobin3 acc 0.0919 eff 0.0 outinratio 0.113 

ggH126_4mu_pT4l_genbin10_recobin3 acc 0.0225 eff 0.0 outinratio 0.0063 

VBFH126_4mu_pT4l_genbin10_recobin3 acc 0.1036 eff 0.0 outinratio 0.03 

WminusH126_4mu_pT4l_genbin10_recobin3 acc 0.0788 eff 0.0 outinratio -0.0071 

WplusH126_4mu_pT4l_genbin10_recobin3 acc 0.0817 eff 0.0 outinratio 0.022 

ZH126_4mu_pT4l_genbin10_recobin3 acc 0.0778 eff 0.0 outinratio 0.0331 

ttH126_4mu_pT4l_genbin10_recobin3 acc 0.1823 eff 0.0 outinratio 0.113 

ggH126_4mu_pT4l_genbin0_recobin4 acc 0.0629 eff 0.0 outinratio 0.0041 

VBFH126_4mu_pT4l_genbin0_recobin4 acc 0.0071 eff 0.0 outinratio 0.0 

WminusH126_4mu_pT4l_genbin0_recobin4 acc 0.0057 eff 0.0 outinratio 0.0018 

WplusH126_4mu_pT4l_genbin0_recobin4 acc 0.0044 eff 0.0 outinratio 0.0079 

ZH126_4mu_pT4l_genbin0_recobin4 acc 0.0063 eff 0.0 outinratio 0.0496 

ttH126_4mu_pT4l_genbin0_recobin4 acc 0.0029 eff 0.0 outinratio 0.0475 

ggH126_4mu_pT4l_genbin1_recobin4 acc 0.0636 eff 0.0003 outinratio 0.0041 

VBFH126_4mu_pT4l_genbin1_recobin4 acc 0.0078 eff 0.0 outinratio 0.0 

WminusH126_4mu_pT4l_genbin1_recobin4 acc 0.0102 eff 0.0 outinratio 0.0018 

WplusH126_4mu_pT4l_genbin1_recobin4 acc 0.0082 eff 0.0 outinratio 0.0079 

ZH126_4mu_pT4l_genbin1_recobin4 acc 0.0082 eff 0.0 outinratio 0.0496 

ttH126_4mu_pT4l_genbin1_recobin4 acc 0.0062 eff 0.0 outinratio 0.0475 

ggH126_4mu_pT4l_genbin2_recobin4 acc 0.0558 eff 0.0007 outinratio 0.0041 

VBFH126_4mu_pT4l_genbin2_recobin4 acc 0.0174 eff 0.0164 outinratio 0.0 

WminusH126_4mu_pT4l_genbin2_recobin4 acc 0.0144 eff 0.0 outinratio 0.0018 

WplusH126_4mu_pT4l_genbin2_recobin4 acc 0.011 eff 0.0 outinratio 0.0079 

ZH126_4mu_pT4l_genbin2_recobin4 acc 0.0127 eff 0.0 outinratio 0.0496 

ttH126_4mu_pT4l_genbin2_recobin4 acc 0.0074 eff 0.0 outinratio 0.0475 

ggH126_4mu_pT4l_genbin3_recobin4 acc 0.0471 eff 0.0228 outinratio 0.0041 

VBFH126_4mu_pT4l_genbin3_recobin4 acc 0.0157 eff 0.0307 outinratio 0.0 

WminusH126_4mu_pT4l_genbin3_recobin4 acc 0.0153 eff 0.0306 outinratio 0.0018 

WplusH126_4mu_pT4l_genbin3_recobin4 acc 0.0136 eff 0.0415 outinratio 0.0079 

ZH126_4mu_pT4l_genbin3_recobin4 acc 0.0149 eff 0.0372 outinratio 0.0496 

ttH126_4mu_pT4l_genbin3_recobin4 acc 0.0101 eff 0.0163 outinratio 0.0475 

ggH126_4mu_pT4l_genbin4_recobin4 acc 0.0502 eff 0.5282 outinratio 0.0041 

VBFH126_4mu_pT4l_genbin4_recobin4 acc 0.0324 eff 0.5175 outinratio 0.0 

WminusH126_4mu_pT4l_genbin4_recobin4 acc 0.0261 eff 0.4571 outinratio 0.0018 

WplusH126_4mu_pT4l_genbin4_recobin4 acc 0.0195 eff 0.5096 outinratio 0.0079 

ZH126_4mu_pT4l_genbin4_recobin4 acc 0.0218 eff 0.5062 outinratio 0.0496 

ttH126_4mu_pT4l_genbin4_recobin4 acc 0.0188 eff 0.3455 outinratio 0.0475 

ggH126_4mu_pT4l_genbin5_recobin4 acc 0.0468 eff 0.0305 outinratio 0.0041 

VBFH126_4mu_pT4l_genbin5_recobin4 acc 0.0413 eff 0.0241 outinratio 0.0 

WminusH126_4mu_pT4l_genbin5_recobin4 acc 0.0361 eff 0.021 outinratio 0.0018 

WplusH126_4mu_pT4l_genbin5_recobin4 acc 0.0297 eff 0.0171 outinratio 0.0079 

ZH126_4mu_pT4l_genbin5_recobin4 acc 0.0322 eff 0.0278 outinratio 0.0496 

ttH126_4mu_pT4l_genbin5_recobin4 acc 0.0206 eff 0.0 outinratio 0.0475 

ggH126_4mu_pT4l_genbin6_recobin4 acc 0.0453 eff 0.0 outinratio 0.0041 

VBFH126_4mu_pT4l_genbin6_recobin4 acc 0.0616 eff 0.0 outinratio 0.0 

WminusH126_4mu_pT4l_genbin6_recobin4 acc 0.0498 eff 0.0 outinratio 0.0018 

WplusH126_4mu_pT4l_genbin6_recobin4 acc 0.0427 eff 0.0 outinratio 0.0079 

ZH126_4mu_pT4l_genbin6_recobin4 acc 0.0481 eff 0.0023 outinratio 0.0496 

ttH126_4mu_pT4l_genbin6_recobin4 acc 0.0392 eff 0.0 outinratio 0.0475 

ggH126_4mu_pT4l_genbin7_recobin4 acc 0.0367 eff 0.0 outinratio 0.0041 

VBFH126_4mu_pT4l_genbin7_recobin4 acc 0.0779 eff 0.0 outinratio 0.0 

WminusH126_4mu_pT4l_genbin7_recobin4 acc 0.067 eff 0.0 outinratio 0.0018 

WplusH126_4mu_pT4l_genbin7_recobin4 acc 0.0559 eff 0.0 outinratio 0.0079 

ZH126_4mu_pT4l_genbin7_recobin4 acc 0.065 eff 0.0 outinratio 0.0496 

ttH126_4mu_pT4l_genbin7_recobin4 acc 0.0667 eff 0.0 outinratio 0.0475 

ggH126_4mu_pT4l_genbin8_recobin4 acc 0.0258 eff 0.0 outinratio 0.0041 

VBFH126_4mu_pT4l_genbin8_recobin4 acc 0.0804 eff 0.0 outinratio 0.0 

WminusH126_4mu_pT4l_genbin8_recobin4 acc 0.0689 eff 0.0 outinratio 0.0018 

WplusH126_4mu_pT4l_genbin8_recobin4 acc 0.0573 eff 0.0 outinratio 0.0079 

ZH126_4mu_pT4l_genbin8_recobin4 acc 0.0616 eff 0.0 outinratio 0.0496 

ttH126_4mu_pT4l_genbin8_recobin4 acc 0.0826 eff 0.0 outinratio 0.0475 

ggH126_4mu_pT4l_genbin9_recobin4 acc 0.0202 eff 0.0 outinratio 0.0041 

VBFH126_4mu_pT4l_genbin9_recobin4 acc 0.0758 eff 0.0 outinratio 0.0 

WminusH126_4mu_pT4l_genbin9_recobin4 acc 0.0641 eff 0.0 outinratio 0.0018 

WplusH126_4mu_pT4l_genbin9_recobin4 acc 0.058 eff 0.0 outinratio 0.0079 

ZH126_4mu_pT4l_genbin9_recobin4 acc 0.0626 eff 0.0 outinratio 0.0496 

ttH126_4mu_pT4l_genbin9_recobin4 acc 0.0919 eff 0.0 outinratio 0.0475 

ggH126_4mu_pT4l_genbin10_recobin4 acc 0.0225 eff 0.0 outinratio 0.0041 

VBFH126_4mu_pT4l_genbin10_recobin4 acc 0.1036 eff 0.0 outinratio 0.0 

WminusH126_4mu_pT4l_genbin10_recobin4 acc 0.0788 eff 0.0 outinratio 0.0018 

WplusH126_4mu_pT4l_genbin10_recobin4 acc 0.0817 eff 0.0 outinratio 0.0079 

ZH126_4mu_pT4l_genbin10_recobin4 acc 0.0778 eff 0.0 outinratio 0.0496 

ttH126_4mu_pT4l_genbin10_recobin4 acc 0.1823 eff 0.0 outinratio 0.0475 

ggH126_4mu_pT4l_genbin0_recobin5 acc 0.0629 eff 0.0 outinratio 0.0066 

VBFH126_4mu_pT4l_genbin0_recobin5 acc 0.0071 eff 0.0 outinratio 0.0084 

WminusH126_4mu_pT4l_genbin0_recobin5 acc 0.0057 eff 0.0 outinratio 0.0225 

WplusH126_4mu_pT4l_genbin0_recobin5 acc 0.0044 eff 0.0 outinratio 0.0132 

ZH126_4mu_pT4l_genbin0_recobin5 acc 0.0063 eff 0.0 outinratio 0.0502 

ttH126_4mu_pT4l_genbin0_recobin5 acc 0.0029 eff 0.0 outinratio 0.106 

ggH126_4mu_pT4l_genbin1_recobin5 acc 0.0636 eff 0.0 outinratio 0.0066 

VBFH126_4mu_pT4l_genbin1_recobin5 acc 0.0078 eff 0.0 outinratio 0.0084 

WminusH126_4mu_pT4l_genbin1_recobin5 acc 0.0102 eff 0.0 outinratio 0.0225 

WplusH126_4mu_pT4l_genbin1_recobin5 acc 0.0082 eff 0.0 outinratio 0.0132 

ZH126_4mu_pT4l_genbin1_recobin5 acc 0.0082 eff 0.0 outinratio 0.0502 

ttH126_4mu_pT4l_genbin1_recobin5 acc 0.0062 eff 0.0 outinratio 0.106 

ggH126_4mu_pT4l_genbin2_recobin5 acc 0.0558 eff 0.001 outinratio 0.0066 

VBFH126_4mu_pT4l_genbin2_recobin5 acc 0.0174 eff 0.0 outinratio 0.0084 

WminusH126_4mu_pT4l_genbin2_recobin5 acc 0.0144 eff 0.0 outinratio 0.0225 

WplusH126_4mu_pT4l_genbin2_recobin5 acc 0.011 eff 0.0 outinratio 0.0132 

ZH126_4mu_pT4l_genbin2_recobin5 acc 0.0127 eff 0.0 outinratio 0.0502 

ttH126_4mu_pT4l_genbin2_recobin5 acc 0.0074 eff 0.0 outinratio 0.106 

ggH126_4mu_pT4l_genbin3_recobin5 acc 0.0471 eff 0.0 outinratio 0.0066 

VBFH126_4mu_pT4l_genbin3_recobin5 acc 0.0157 eff 0.0 outinratio 0.0084 

WminusH126_4mu_pT4l_genbin3_recobin5 acc 0.0153 eff 0.0 outinratio 0.0225 

WplusH126_4mu_pT4l_genbin3_recobin5 acc 0.0136 eff 0.0019 outinratio 0.0132 

ZH126_4mu_pT4l_genbin3_recobin5 acc 0.0149 eff 0.0022 outinratio 0.0502 

ttH126_4mu_pT4l_genbin3_recobin5 acc 0.0101 eff 0.0 outinratio 0.106 

ggH126_4mu_pT4l_genbin4_recobin5 acc 0.0502 eff 0.0233 outinratio 0.0066 

VBFH126_4mu_pT4l_genbin4_recobin5 acc 0.0324 eff 0.0314 outinratio 0.0084 

WminusH126_4mu_pT4l_genbin4_recobin5 acc 0.0261 eff 0.0341 outinratio 0.0225 

WplusH126_4mu_pT4l_genbin4_recobin5 acc 0.0195 eff 0.0167 outinratio 0.0132 

ZH126_4mu_pT4l_genbin4_recobin5 acc 0.0218 eff 0.0214 outinratio 0.0502 

ttH126_4mu_pT4l_genbin4_recobin5 acc 0.0188 eff 0.0208 outinratio 0.106 

ggH126_4mu_pT4l_genbin5_recobin5 acc 0.0468 eff 0.5463 outinratio 0.0066 

VBFH126_4mu_pT4l_genbin5_recobin5 acc 0.0413 eff 0.5653 outinratio 0.0084 

WminusH126_4mu_pT4l_genbin5_recobin5 acc 0.0361 eff 0.4704 outinratio 0.0225 

WplusH126_4mu_pT4l_genbin5_recobin5 acc 0.0297 eff 0.4957 outinratio 0.0132 

ZH126_4mu_pT4l_genbin5_recobin5 acc 0.0322 eff 0.5223 outinratio 0.0502 

ttH126_4mu_pT4l_genbin5_recobin5 acc 0.0206 eff 0.3002 outinratio 0.106 

ggH126_4mu_pT4l_genbin6_recobin5 acc 0.0453 eff 0.0265 outinratio 0.0066 

VBFH126_4mu_pT4l_genbin6_recobin5 acc 0.0616 eff 0.0025 outinratio 0.0084 

WminusH126_4mu_pT4l_genbin6_recobin5 acc 0.0498 eff 0.0266 outinratio 0.0225 

WplusH126_4mu_pT4l_genbin6_recobin5 acc 0.0427 eff 0.0193 outinratio 0.0132 

ZH126_4mu_pT4l_genbin6_recobin5 acc 0.0481 eff 0.0194 outinratio 0.0502 

ttH126_4mu_pT4l_genbin6_recobin5 acc 0.0392 eff 0.0179 outinratio 0.106 

ggH126_4mu_pT4l_genbin7_recobin5 acc 0.0367 eff 0.0013 outinratio 0.0066 

VBFH126_4mu_pT4l_genbin7_recobin5 acc 0.0779 eff 0.0 outinratio 0.0084 

WminusH126_4mu_pT4l_genbin7_recobin5 acc 0.067 eff 0.0 outinratio 0.0225 

WplusH126_4mu_pT4l_genbin7_recobin5 acc 0.0559 eff 0.0002 outinratio 0.0132 

ZH126_4mu_pT4l_genbin7_recobin5 acc 0.065 eff 0.0 outinratio 0.0502 

ttH126_4mu_pT4l_genbin7_recobin5 acc 0.0667 eff 0.0 outinratio 0.106 

ggH126_4mu_pT4l_genbin8_recobin5 acc 0.0258 eff 0.0 outinratio 0.0066 

VBFH126_4mu_pT4l_genbin8_recobin5 acc 0.0804 eff 0.0 outinratio 0.0084 

WminusH126_4mu_pT4l_genbin8_recobin5 acc 0.0689 eff 0.0 outinratio 0.0225 

WplusH126_4mu_pT4l_genbin8_recobin5 acc 0.0573 eff 0.0 outinratio 0.0132 

ZH126_4mu_pT4l_genbin8_recobin5 acc 0.0616 eff 0.0 outinratio 0.0502 

ttH126_4mu_pT4l_genbin8_recobin5 acc 0.0826 eff 0.0 outinratio 0.106 

ggH126_4mu_pT4l_genbin9_recobin5 acc 0.0202 eff 0.0 outinratio 0.0066 

VBFH126_4mu_pT4l_genbin9_recobin5 acc 0.0758 eff 0.0 outinratio 0.0084 

WminusH126_4mu_pT4l_genbin9_recobin5 acc 0.0641 eff 0.0 outinratio 0.0225 

WplusH126_4mu_pT4l_genbin9_recobin5 acc 0.058 eff 0.0 outinratio 0.0132 

ZH126_4mu_pT4l_genbin9_recobin5 acc 0.0626 eff 0.0 outinratio 0.0502 

ttH126_4mu_pT4l_genbin9_recobin5 acc 0.0919 eff 0.0 outinratio 0.106 

ggH126_4mu_pT4l_genbin10_recobin5 acc 0.0225 eff 0.0 outinratio 0.0066 

VBFH126_4mu_pT4l_genbin10_recobin5 acc 0.1036 eff 0.0 outinratio 0.0084 

WminusH126_4mu_pT4l_genbin10_recobin5 acc 0.0788 eff 0.0 outinratio 0.0225 

WplusH126_4mu_pT4l_genbin10_recobin5 acc 0.0817 eff 0.0 outinratio 0.0132 

ZH126_4mu_pT4l_genbin10_recobin5 acc 0.0778 eff 0.0 outinratio 0.0502 

ttH126_4mu_pT4l_genbin10_recobin5 acc 0.1823 eff 0.0 outinratio 0.106 

ggH126_4mu_pT4l_genbin0_recobin6 acc 0.0629 eff 0.0 outinratio 0.0037 

VBFH126_4mu_pT4l_genbin0_recobin6 acc 0.0071 eff 0.0 outinratio 0.0 

WminusH126_4mu_pT4l_genbin0_recobin6 acc 0.0057 eff 0.0 outinratio 0.0257 

WplusH126_4mu_pT4l_genbin0_recobin6 acc 0.0044 eff 0.0 outinratio 0.0095 

ZH126_4mu_pT4l_genbin0_recobin6 acc 0.0063 eff 0.0 outinratio 0.0501 

ttH126_4mu_pT4l_genbin0_recobin6 acc 0.0029 eff 0.0 outinratio 0.0153 

ggH126_4mu_pT4l_genbin1_recobin6 acc 0.0636 eff 0.0 outinratio 0.0037 

VBFH126_4mu_pT4l_genbin1_recobin6 acc 0.0078 eff 0.0 outinratio 0.0 

WminusH126_4mu_pT4l_genbin1_recobin6 acc 0.0102 eff 0.0 outinratio 0.0257 

WplusH126_4mu_pT4l_genbin1_recobin6 acc 0.0082 eff 0.0 outinratio 0.0095 

ZH126_4mu_pT4l_genbin1_recobin6 acc 0.0082 eff 0.0 outinratio 0.0501 

ttH126_4mu_pT4l_genbin1_recobin6 acc 0.0062 eff 0.0 outinratio 0.0153 

ggH126_4mu_pT4l_genbin2_recobin6 acc 0.0558 eff 0.0 outinratio 0.0037 

VBFH126_4mu_pT4l_genbin2_recobin6 acc 0.0174 eff 0.0 outinratio 0.0 

WminusH126_4mu_pT4l_genbin2_recobin6 acc 0.0144 eff 0.0 outinratio 0.0257 

WplusH126_4mu_pT4l_genbin2_recobin6 acc 0.011 eff 0.0 outinratio 0.0095 

ZH126_4mu_pT4l_genbin2_recobin6 acc 0.0127 eff 0.0 outinratio 0.0501 

ttH126_4mu_pT4l_genbin2_recobin6 acc 0.0074 eff 0.0 outinratio 0.0153 

ggH126_4mu_pT4l_genbin3_recobin6 acc 0.0471 eff 0.0 outinratio 0.0037 

VBFH126_4mu_pT4l_genbin3_recobin6 acc 0.0157 eff 0.0 outinratio 0.0 

WminusH126_4mu_pT4l_genbin3_recobin6 acc 0.0153 eff 0.0 outinratio 0.0257 

WplusH126_4mu_pT4l_genbin3_recobin6 acc 0.0136 eff 0.0 outinratio 0.0095 

ZH126_4mu_pT4l_genbin3_recobin6 acc 0.0149 eff 0.0 outinratio 0.0501 

ttH126_4mu_pT4l_genbin3_recobin6 acc 0.0101 eff 0.0 outinratio 0.0153 

ggH126_4mu_pT4l_genbin4_recobin6 acc 0.0502 eff 0.0 outinratio 0.0037 

VBFH126_4mu_pT4l_genbin4_recobin6 acc 0.0324 eff 0.0 outinratio 0.0 

WminusH126_4mu_pT4l_genbin4_recobin6 acc 0.0261 eff 0.0 outinratio 0.0257 

WplusH126_4mu_pT4l_genbin4_recobin6 acc 0.0195 eff 0.0 outinratio 0.0095 

ZH126_4mu_pT4l_genbin4_recobin6 acc 0.0218 eff 0.0 outinratio 0.0501 

ttH126_4mu_pT4l_genbin4_recobin6 acc 0.0188 eff 0.0 outinratio 0.0153 

ggH126_4mu_pT4l_genbin5_recobin6 acc 0.0468 eff 0.0183 outinratio 0.0037 

VBFH126_4mu_pT4l_genbin5_recobin6 acc 0.0413 eff 0.0225 outinratio 0.0 

WminusH126_4mu_pT4l_genbin5_recobin6 acc 0.0361 eff 0.0258 outinratio 0.0257 

WplusH126_4mu_pT4l_genbin5_recobin6 acc 0.0297 eff 0.0185 outinratio 0.0095 

ZH126_4mu_pT4l_genbin5_recobin6 acc 0.0322 eff 0.013 outinratio 0.0501 

ttH126_4mu_pT4l_genbin5_recobin6 acc 0.0206 eff 0.018 outinratio 0.0153 

ggH126_4mu_pT4l_genbin6_recobin6 acc 0.0453 eff 0.5238 outinratio 0.0037 

VBFH126_4mu_pT4l_genbin6_recobin6 acc 0.0616 eff 0.5762 outinratio 0.0 

WminusH126_4mu_pT4l_genbin6_recobin6 acc 0.0498 eff 0.5058 outinratio 0.0257 

WplusH126_4mu_pT4l_genbin6_recobin6 acc 0.0427 eff 0.5063 outinratio 0.0095 

ZH126_4mu_pT4l_genbin6_recobin6 acc 0.0481 eff 0.5021 outinratio 0.0501 

ttH126_4mu_pT4l_genbin6_recobin6 acc 0.0392 eff 0.3607 outinratio 0.0153 

ggH126_4mu_pT4l_genbin7_recobin6 acc 0.0367 eff 0.0188 outinratio 0.0037 

VBFH126_4mu_pT4l_genbin7_recobin6 acc 0.0779 eff 0.0118 outinratio 0.0 

WminusH126_4mu_pT4l_genbin7_recobin6 acc 0.067 eff 0.0215 outinratio 0.0257 

WplusH126_4mu_pT4l_genbin7_recobin6 acc 0.0559 eff 0.0145 outinratio 0.0095 

ZH126_4mu_pT4l_genbin7_recobin6 acc 0.065 eff 0.022 outinratio 0.0501 

ttH126_4mu_pT4l_genbin7_recobin6 acc 0.0667 eff 0.0128 outinratio 0.0153 

ggH126_4mu_pT4l_genbin8_recobin6 acc 0.0258 eff 0.0 outinratio 0.0037 

VBFH126_4mu_pT4l_genbin8_recobin6 acc 0.0804 eff 0.0 outinratio 0.0 

WminusH126_4mu_pT4l_genbin8_recobin6 acc 0.0689 eff 0.0 outinratio 0.0257 

WplusH126_4mu_pT4l_genbin8_recobin6 acc 0.0573 eff 0.0 outinratio 0.0095 

ZH126_4mu_pT4l_genbin8_recobin6 acc 0.0616 eff 0.0 outinratio 0.0501 

ttH126_4mu_pT4l_genbin8_recobin6 acc 0.0826 eff 0.0 outinratio 0.0153 

ggH126_4mu_pT4l_genbin9_recobin6 acc 0.0202 eff 0.0 outinratio 0.0037 

VBFH126_4mu_pT4l_genbin9_recobin6 acc 0.0758 eff 0.0 outinratio 0.0 

WminusH126_4mu_pT4l_genbin9_recobin6 acc 0.0641 eff 0.0 outinratio 0.0257 

WplusH126_4mu_pT4l_genbin9_recobin6 acc 0.058 eff 0.0 outinratio 0.0095 

ZH126_4mu_pT4l_genbin9_recobin6 acc 0.0626 eff 0.0 outinratio 0.0501 

ttH126_4mu_pT4l_genbin9_recobin6 acc 0.0919 eff 0.0 outinratio 0.0153 

ggH126_4mu_pT4l_genbin10_recobin6 acc 0.0225 eff 0.0 outinratio 0.0037 

VBFH126_4mu_pT4l_genbin10_recobin6 acc 0.1036 eff 0.0 outinratio 0.0 

WminusH126_4mu_pT4l_genbin10_recobin6 acc 0.0788 eff 0.0 outinratio 0.0257 

WplusH126_4mu_pT4l_genbin10_recobin6 acc 0.0817 eff 0.0 outinratio 0.0095 

ZH126_4mu_pT4l_genbin10_recobin6 acc 0.0778 eff 0.0 outinratio 0.0501 

ttH126_4mu_pT4l_genbin10_recobin6 acc 0.1823 eff 0.0 outinratio 0.0153 

ggH126_4mu_pT4l_genbin0_recobin7 acc 0.0629 eff 0.0 outinratio 0.0 

VBFH126_4mu_pT4l_genbin0_recobin7 acc 0.0071 eff 0.0 outinratio 0.0227 

WminusH126_4mu_pT4l_genbin0_recobin7 acc 0.0057 eff 0.0 outinratio 0.0138 

WplusH126_4mu_pT4l_genbin0_recobin7 acc 0.0044 eff 0.0 outinratio 0.0086 

ZH126_4mu_pT4l_genbin0_recobin7 acc 0.0063 eff 0.0 outinratio 0.0497 

ttH126_4mu_pT4l_genbin0_recobin7 acc 0.0029 eff 0.0 outinratio 0.0336 

ggH126_4mu_pT4l_genbin1_recobin7 acc 0.0636 eff 0.0 outinratio 0.0 

VBFH126_4mu_pT4l_genbin1_recobin7 acc 0.0078 eff 0.0 outinratio 0.0227 

WminusH126_4mu_pT4l_genbin1_recobin7 acc 0.0102 eff 0.0 outinratio 0.0138 

WplusH126_4mu_pT4l_genbin1_recobin7 acc 0.0082 eff 0.0 outinratio 0.0086 

ZH126_4mu_pT4l_genbin1_recobin7 acc 0.0082 eff 0.0 outinratio 0.0497 

ttH126_4mu_pT4l_genbin1_recobin7 acc 0.0062 eff 0.0 outinratio 0.0336 

ggH126_4mu_pT4l_genbin2_recobin7 acc 0.0558 eff 0.0 outinratio 0.0 

VBFH126_4mu_pT4l_genbin2_recobin7 acc 0.0174 eff 0.0 outinratio 0.0227 

WminusH126_4mu_pT4l_genbin2_recobin7 acc 0.0144 eff 0.0 outinratio 0.0138 

WplusH126_4mu_pT4l_genbin2_recobin7 acc 0.011 eff 0.0 outinratio 0.0086 

ZH126_4mu_pT4l_genbin2_recobin7 acc 0.0127 eff 0.0 outinratio 0.0497 

ttH126_4mu_pT4l_genbin2_recobin7 acc 0.0074 eff 0.0 outinratio 0.0336 

ggH126_4mu_pT4l_genbin3_recobin7 acc 0.0471 eff 0.0 outinratio 0.0 

VBFH126_4mu_pT4l_genbin3_recobin7 acc 0.0157 eff 0.0 outinratio 0.0227 

WminusH126_4mu_pT4l_genbin3_recobin7 acc 0.0153 eff 0.0 outinratio 0.0138 

WplusH126_4mu_pT4l_genbin3_recobin7 acc 0.0136 eff 0.0 outinratio 0.0086 

ZH126_4mu_pT4l_genbin3_recobin7 acc 0.0149 eff 0.0 outinratio 0.0497 

ttH126_4mu_pT4l_genbin3_recobin7 acc 0.0101 eff 0.0 outinratio 0.0336 

ggH126_4mu_pT4l_genbin4_recobin7 acc 0.0502 eff 0.0 outinratio 0.0 

VBFH126_4mu_pT4l_genbin4_recobin7 acc 0.0324 eff 0.0 outinratio 0.0227 

WminusH126_4mu_pT4l_genbin4_recobin7 acc 0.0261 eff 0.0 outinratio 0.0138 

WplusH126_4mu_pT4l_genbin4_recobin7 acc 0.0195 eff 0.0 outinratio 0.0086 

ZH126_4mu_pT4l_genbin4_recobin7 acc 0.0218 eff 0.0048 outinratio 0.0497 

ttH126_4mu_pT4l_genbin4_recobin7 acc 0.0188 eff 0.0 outinratio 0.0336 

ggH126_4mu_pT4l_genbin5_recobin7 acc 0.0468 eff 0.0 outinratio 0.0 

VBFH126_4mu_pT4l_genbin5_recobin7 acc 0.0413 eff 0.0 outinratio 0.0227 

WminusH126_4mu_pT4l_genbin5_recobin7 acc 0.0361 eff 0.0 outinratio 0.0138 

WplusH126_4mu_pT4l_genbin5_recobin7 acc 0.0297 eff 0.0017 outinratio 0.0086 

ZH126_4mu_pT4l_genbin5_recobin7 acc 0.0322 eff -0.0032 outinratio 0.0497 

ttH126_4mu_pT4l_genbin5_recobin7 acc 0.0206 eff 0.0 outinratio 0.0336 

ggH126_4mu_pT4l_genbin6_recobin7 acc 0.0453 eff 0.0143 outinratio 0.0 

VBFH126_4mu_pT4l_genbin6_recobin7 acc 0.0616 eff 0.0351 outinratio 0.0227 

WminusH126_4mu_pT4l_genbin6_recobin7 acc 0.0498 eff 0.0185 outinratio 0.0138 

WplusH126_4mu_pT4l_genbin6_recobin7 acc 0.0427 eff 0.0191 outinratio 0.0086 

ZH126_4mu_pT4l_genbin6_recobin7 acc 0.0481 eff 0.0213 outinratio 0.0497 

ttH126_4mu_pT4l_genbin6_recobin7 acc 0.0392 eff 0.0124 outinratio 0.0336 

ggH126_4mu_pT4l_genbin7_recobin7 acc 0.0367 eff 0.5626 outinratio 0.0 

VBFH126_4mu_pT4l_genbin7_recobin7 acc 0.0779 eff 0.5976 outinratio 0.0227 

WminusH126_4mu_pT4l_genbin7_recobin7 acc 0.067 eff 0.5122 outinratio 0.0138 

WplusH126_4mu_pT4l_genbin7_recobin7 acc 0.0559 eff 0.505 outinratio 0.0086 

ZH126_4mu_pT4l_genbin7_recobin7 acc 0.065 eff 0.5027 outinratio 0.0497 

ttH126_4mu_pT4l_genbin7_recobin7 acc 0.0667 eff 0.3666 outinratio 0.0336 

ggH126_4mu_pT4l_genbin8_recobin7 acc 0.0258 eff 0.0176 outinratio 0.0 

VBFH126_4mu_pT4l_genbin8_recobin7 acc 0.0804 eff 0.0142 outinratio 0.0227 

WminusH126_4mu_pT4l_genbin8_recobin7 acc 0.0689 eff 0.0233 outinratio 0.0138 

WplusH126_4mu_pT4l_genbin8_recobin7 acc 0.0573 eff 0.0202 outinratio 0.0086 

ZH126_4mu_pT4l_genbin8_recobin7 acc 0.0616 eff 0.0202 outinratio 0.0497 

ttH126_4mu_pT4l_genbin8_recobin7 acc 0.0826 eff 0.0115 outinratio 0.0336 

ggH126_4mu_pT4l_genbin9_recobin7 acc 0.0202 eff 0.0 outinratio 0.0 

VBFH126_4mu_pT4l_genbin9_recobin7 acc 0.0758 eff 0.0 outinratio 0.0227 

WminusH126_4mu_pT4l_genbin9_recobin7 acc 0.0641 eff 0.0 outinratio 0.0138 

WplusH126_4mu_pT4l_genbin9_recobin7 acc 0.058 eff 0.0 outinratio 0.0086 

ZH126_4mu_pT4l_genbin9_recobin7 acc 0.0626 eff 0.0 outinratio 0.0497 

ttH126_4mu_pT4l_genbin9_recobin7 acc 0.0919 eff 0.0 outinratio 0.0336 

ggH126_4mu_pT4l_genbin10_recobin7 acc 0.0225 eff 0.0 outinratio 0.0 

VBFH126_4mu_pT4l_genbin10_recobin7 acc 0.1036 eff 0.0 outinratio 0.0227 

WminusH126_4mu_pT4l_genbin10_recobin7 acc 0.0788 eff 0.0 outinratio 0.0138 

WplusH126_4mu_pT4l_genbin10_recobin7 acc 0.0817 eff 0.0 outinratio 0.0086 

ZH126_4mu_pT4l_genbin10_recobin7 acc 0.0778 eff 0.0 outinratio 0.0497 

ttH126_4mu_pT4l_genbin10_recobin7 acc 0.1823 eff 0.0 outinratio 0.0336 

ggH126_4mu_pT4l_genbin0_recobin8 acc 0.0629 eff 0.0 outinratio 0.0 

VBFH126_4mu_pT4l_genbin0_recobin8 acc 0.0071 eff 0.0 outinratio 0.0 

WminusH126_4mu_pT4l_genbin0_recobin8 acc 0.0057 eff 0.0 outinratio 0.0182 

WplusH126_4mu_pT4l_genbin0_recobin8 acc 0.0044 eff 0.0 outinratio 0.0144 

ZH126_4mu_pT4l_genbin0_recobin8 acc 0.0063 eff 0.0 outinratio 0.0407 

ttH126_4mu_pT4l_genbin0_recobin8 acc 0.0029 eff 0.0 outinratio 0.036 

ggH126_4mu_pT4l_genbin1_recobin8 acc 0.0636 eff 0.0 outinratio 0.0 

VBFH126_4mu_pT4l_genbin1_recobin8 acc 0.0078 eff 0.0 outinratio 0.0 

WminusH126_4mu_pT4l_genbin1_recobin8 acc 0.0102 eff 0.0 outinratio 0.0182 

WplusH126_4mu_pT4l_genbin1_recobin8 acc 0.0082 eff 0.0 outinratio 0.0144 

ZH126_4mu_pT4l_genbin1_recobin8 acc 0.0082 eff 0.0 outinratio 0.0407 

ttH126_4mu_pT4l_genbin1_recobin8 acc 0.0062 eff 0.0 outinratio 0.036 

ggH126_4mu_pT4l_genbin2_recobin8 acc 0.0558 eff 0.0 outinratio 0.0 

VBFH126_4mu_pT4l_genbin2_recobin8 acc 0.0174 eff 0.0 outinratio 0.0 

WminusH126_4mu_pT4l_genbin2_recobin8 acc 0.0144 eff 0.0 outinratio 0.0182 

WplusH126_4mu_pT4l_genbin2_recobin8 acc 0.011 eff 0.0 outinratio 0.0144 

ZH126_4mu_pT4l_genbin2_recobin8 acc 0.0127 eff 0.0 outinratio 0.0407 

ttH126_4mu_pT4l_genbin2_recobin8 acc 0.0074 eff 0.0 outinratio 0.036 

ggH126_4mu_pT4l_genbin3_recobin8 acc 0.0471 eff 0.0 outinratio 0.0 

VBFH126_4mu_pT4l_genbin3_recobin8 acc 0.0157 eff 0.0 outinratio 0.0 

WminusH126_4mu_pT4l_genbin3_recobin8 acc 0.0153 eff 0.0 outinratio 0.0182 

WplusH126_4mu_pT4l_genbin3_recobin8 acc 0.0136 eff 0.0 outinratio 0.0144 

ZH126_4mu_pT4l_genbin3_recobin8 acc 0.0149 eff 0.0 outinratio 0.0407 

ttH126_4mu_pT4l_genbin3_recobin8 acc 0.0101 eff 0.0 outinratio 0.036 

ggH126_4mu_pT4l_genbin4_recobin8 acc 0.0502 eff 0.0 outinratio 0.0 

VBFH126_4mu_pT4l_genbin4_recobin8 acc 0.0324 eff 0.0 outinratio 0.0 

WminusH126_4mu_pT4l_genbin4_recobin8 acc 0.0261 eff 0.0 outinratio 0.0182 

WplusH126_4mu_pT4l_genbin4_recobin8 acc 0.0195 eff 0.0 outinratio 0.0144 

ZH126_4mu_pT4l_genbin4_recobin8 acc 0.0218 eff 0.0 outinratio 0.0407 

ttH126_4mu_pT4l_genbin4_recobin8 acc 0.0188 eff 0.0 outinratio 0.036 

ggH126_4mu_pT4l_genbin5_recobin8 acc 0.0468 eff 0.0 outinratio 0.0 

VBFH126_4mu_pT4l_genbin5_recobin8 acc 0.0413 eff 0.0 outinratio 0.0 

WminusH126_4mu_pT4l_genbin5_recobin8 acc 0.0361 eff 0.0 outinratio 0.0182 

WplusH126_4mu_pT4l_genbin5_recobin8 acc 0.0297 eff 0.0 outinratio 0.0144 

ZH126_4mu_pT4l_genbin5_recobin8 acc 0.0322 eff 0.0 outinratio 0.0407 

ttH126_4mu_pT4l_genbin5_recobin8 acc 0.0206 eff 0.0 outinratio 0.036 

ggH126_4mu_pT4l_genbin6_recobin8 acc 0.0453 eff 0.0 outinratio 0.0 

VBFH126_4mu_pT4l_genbin6_recobin8 acc 0.0616 eff 0.0037 outinratio 0.0 

WminusH126_4mu_pT4l_genbin6_recobin8 acc 0.0498 eff 0.0 outinratio 0.0182 

WplusH126_4mu_pT4l_genbin6_recobin8 acc 0.0427 eff 0.0 outinratio 0.0144 

ZH126_4mu_pT4l_genbin6_recobin8 acc 0.0481 eff 0.0 outinratio 0.0407 

ttH126_4mu_pT4l_genbin6_recobin8 acc 0.0392 eff 0.0 outinratio 0.036 

ggH126_4mu_pT4l_genbin7_recobin8 acc 0.0367 eff 0.0149 outinratio 0.0 

VBFH126_4mu_pT4l_genbin7_recobin8 acc 0.0779 eff 0.0187 outinratio 0.0 

WminusH126_4mu_pT4l_genbin7_recobin8 acc 0.067 eff 0.0053 outinratio 0.0182 

WplusH126_4mu_pT4l_genbin7_recobin8 acc 0.0559 eff 0.0178 outinratio 0.0144 

ZH126_4mu_pT4l_genbin7_recobin8 acc 0.065 eff 0.0192 outinratio 0.0407 

ttH126_4mu_pT4l_genbin7_recobin8 acc 0.0667 eff 0.0157 outinratio 0.036 

ggH126_4mu_pT4l_genbin8_recobin8 acc 0.0258 eff 0.5581 outinratio 0.0 

VBFH126_4mu_pT4l_genbin8_recobin8 acc 0.0804 eff 0.5319 outinratio 0.0 

WminusH126_4mu_pT4l_genbin8_recobin8 acc 0.0689 eff 0.5409 outinratio 0.0182 

WplusH126_4mu_pT4l_genbin8_recobin8 acc 0.0573 eff 0.5157 outinratio 0.0144 

ZH126_4mu_pT4l_genbin8_recobin8 acc 0.0616 eff 0.54 outinratio 0.0407 

ttH126_4mu_pT4l_genbin8_recobin8 acc 0.0826 eff 0.4139 outinratio 0.036 

ggH126_4mu_pT4l_genbin9_recobin8 acc 0.0202 eff 0.016 outinratio 0.0 

VBFH126_4mu_pT4l_genbin9_recobin8 acc 0.0758 eff 0.0307 outinratio 0.0 

WminusH126_4mu_pT4l_genbin9_recobin8 acc 0.0641 eff 0.0162 outinratio 0.0182 

WplusH126_4mu_pT4l_genbin9_recobin8 acc 0.058 eff 0.0193 outinratio 0.0144 

ZH126_4mu_pT4l_genbin9_recobin8 acc 0.0626 eff 0.0204 outinratio 0.0407 

ttH126_4mu_pT4l_genbin9_recobin8 acc 0.0919 eff 0.0043 outinratio 0.036 

ggH126_4mu_pT4l_genbin10_recobin8 acc 0.0225 eff 0.0 outinratio 0.0 

VBFH126_4mu_pT4l_genbin10_recobin8 acc 0.1036 eff 0.0 outinratio 0.0 

WminusH126_4mu_pT4l_genbin10_recobin8 acc 0.0788 eff 0.0 outinratio 0.0182 

WplusH126_4mu_pT4l_genbin10_recobin8 acc 0.0817 eff 0.0 outinratio 0.0144 

ZH126_4mu_pT4l_genbin10_recobin8 acc 0.0778 eff 0.0 outinratio 0.0407 

ttH126_4mu_pT4l_genbin10_recobin8 acc 0.1823 eff 0.0009 outinratio 0.036 

ggH126_4mu_pT4l_genbin0_recobin9 acc 0.0629 eff 0.0 outinratio 0.0185 

VBFH126_4mu_pT4l_genbin0_recobin9 acc 0.0071 eff 0.0 outinratio 0.0022 

WminusH126_4mu_pT4l_genbin0_recobin9 acc 0.0057 eff 0.0 outinratio 0.0231 

WplusH126_4mu_pT4l_genbin0_recobin9 acc 0.0044 eff 0.0 outinratio 0.0127 

ZH126_4mu_pT4l_genbin0_recobin9 acc 0.0063 eff 0.0 outinratio 0.0546 

ttH126_4mu_pT4l_genbin0_recobin9 acc 0.0029 eff 0.0 outinratio 0.0209 

ggH126_4mu_pT4l_genbin1_recobin9 acc 0.0636 eff 0.0 outinratio 0.0185 

VBFH126_4mu_pT4l_genbin1_recobin9 acc 0.0078 eff 0.0 outinratio 0.0022 

WminusH126_4mu_pT4l_genbin1_recobin9 acc 0.0102 eff 0.0 outinratio 0.0231 

WplusH126_4mu_pT4l_genbin1_recobin9 acc 0.0082 eff 0.0 outinratio 0.0127 

ZH126_4mu_pT4l_genbin1_recobin9 acc 0.0082 eff 0.0 outinratio 0.0546 

ttH126_4mu_pT4l_genbin1_recobin9 acc 0.0062 eff 0.0 outinratio 0.0209 

ggH126_4mu_pT4l_genbin2_recobin9 acc 0.0558 eff 0.0 outinratio 0.0185 

VBFH126_4mu_pT4l_genbin2_recobin9 acc 0.0174 eff 0.0 outinratio 0.0022 

WminusH126_4mu_pT4l_genbin2_recobin9 acc 0.0144 eff 0.0 outinratio 0.0231 

WplusH126_4mu_pT4l_genbin2_recobin9 acc 0.011 eff 0.0 outinratio 0.0127 

ZH126_4mu_pT4l_genbin2_recobin9 acc 0.0127 eff 0.0 outinratio 0.0546 

ttH126_4mu_pT4l_genbin2_recobin9 acc 0.0074 eff 0.0 outinratio 0.0209 

ggH126_4mu_pT4l_genbin3_recobin9 acc 0.0471 eff 0.0 outinratio 0.0185 

VBFH126_4mu_pT4l_genbin3_recobin9 acc 0.0157 eff 0.0 outinratio 0.0022 

WminusH126_4mu_pT4l_genbin3_recobin9 acc 0.0153 eff 0.0 outinratio 0.0231 

WplusH126_4mu_pT4l_genbin3_recobin9 acc 0.0136 eff 0.0 outinratio 0.0127 

ZH126_4mu_pT4l_genbin3_recobin9 acc 0.0149 eff 0.0 outinratio 0.0546 

ttH126_4mu_pT4l_genbin3_recobin9 acc 0.0101 eff 0.0 outinratio 0.0209 

ggH126_4mu_pT4l_genbin4_recobin9 acc 0.0502 eff 0.0 outinratio 0.0185 

VBFH126_4mu_pT4l_genbin4_recobin9 acc 0.0324 eff 0.0 outinratio 0.0022 

WminusH126_4mu_pT4l_genbin4_recobin9 acc 0.0261 eff 0.0 outinratio 0.0231 

WplusH126_4mu_pT4l_genbin4_recobin9 acc 0.0195 eff 0.0 outinratio 0.0127 

ZH126_4mu_pT4l_genbin4_recobin9 acc 0.0218 eff 0.0 outinratio 0.0546 

ttH126_4mu_pT4l_genbin4_recobin9 acc 0.0188 eff 0.0 outinratio 0.0209 

ggH126_4mu_pT4l_genbin5_recobin9 acc 0.0468 eff 0.0 outinratio 0.0185 

VBFH126_4mu_pT4l_genbin5_recobin9 acc 0.0413 eff 0.0 outinratio 0.0022 

WminusH126_4mu_pT4l_genbin5_recobin9 acc 0.0361 eff 0.0 outinratio 0.0231 

WplusH126_4mu_pT4l_genbin5_recobin9 acc 0.0297 eff 0.0 outinratio 0.0127 

ZH126_4mu_pT4l_genbin5_recobin9 acc 0.0322 eff 0.0 outinratio 0.0546 

ttH126_4mu_pT4l_genbin5_recobin9 acc 0.0206 eff 0.0 outinratio 0.0209 

ggH126_4mu_pT4l_genbin6_recobin9 acc 0.0453 eff 0.0 outinratio 0.0185 

VBFH126_4mu_pT4l_genbin6_recobin9 acc 0.0616 eff 0.0 outinratio 0.0022 

WminusH126_4mu_pT4l_genbin6_recobin9 acc 0.0498 eff 0.0 outinratio 0.0231 

WplusH126_4mu_pT4l_genbin6_recobin9 acc 0.0427 eff 0.0 outinratio 0.0127 

ZH126_4mu_pT4l_genbin6_recobin9 acc 0.0481 eff 0.0 outinratio 0.0546 

ttH126_4mu_pT4l_genbin6_recobin9 acc 0.0392 eff 0.0 outinratio 0.0209 

ggH126_4mu_pT4l_genbin7_recobin9 acc 0.0367 eff 0.0 outinratio 0.0185 

VBFH126_4mu_pT4l_genbin7_recobin9 acc 0.0779 eff 0.0 outinratio 0.0022 

WminusH126_4mu_pT4l_genbin7_recobin9 acc 0.067 eff 0.0 outinratio 0.0231 

WplusH126_4mu_pT4l_genbin7_recobin9 acc 0.0559 eff 0.0 outinratio 0.0127 

ZH126_4mu_pT4l_genbin7_recobin9 acc 0.065 eff 0.0 outinratio 0.0546 

ttH126_4mu_pT4l_genbin7_recobin9 acc 0.0667 eff 0.0 outinratio 0.0209 

ggH126_4mu_pT4l_genbin8_recobin9 acc 0.0258 eff 0.0136 outinratio 0.0185 

VBFH126_4mu_pT4l_genbin8_recobin9 acc 0.0804 eff 0.0149 outinratio 0.0022 

WminusH126_4mu_pT4l_genbin8_recobin9 acc 0.0689 eff 0.0182 outinratio 0.0231 

WplusH126_4mu_pT4l_genbin8_recobin9 acc 0.0573 eff 0.0139 outinratio 0.0127 

ZH126_4mu_pT4l_genbin8_recobin9 acc 0.0616 eff 0.011 outinratio 0.0546 

ttH126_4mu_pT4l_genbin8_recobin9 acc 0.0826 eff 0.0052 outinratio 0.0209 

ggH126_4mu_pT4l_genbin9_recobin9 acc 0.0202 eff 0.5496 outinratio 0.0185 

VBFH126_4mu_pT4l_genbin9_recobin9 acc 0.0758 eff 0.5958 outinratio 0.0022 

WminusH126_4mu_pT4l_genbin9_recobin9 acc 0.0641 eff 0.5563 outinratio 0.0231 

WplusH126_4mu_pT4l_genbin9_recobin9 acc 0.058 eff 0.5418 outinratio 0.0127 

ZH126_4mu_pT4l_genbin9_recobin9 acc 0.0626 eff 0.5572 outinratio 0.0546 

ttH126_4mu_pT4l_genbin9_recobin9 acc 0.0919 eff 0.4317 outinratio 0.0209 

ggH126_4mu_pT4l_genbin10_recobin9 acc 0.0225 eff 0.008 outinratio 0.0185 

VBFH126_4mu_pT4l_genbin10_recobin9 acc 0.1036 eff 0.0236 outinratio 0.0022 

WminusH126_4mu_pT4l_genbin10_recobin9 acc 0.0788 eff 0.0123 outinratio 0.0231 

WplusH126_4mu_pT4l_genbin10_recobin9 acc 0.0817 eff 0.0095 outinratio 0.0127 

ZH126_4mu_pT4l_genbin10_recobin9 acc 0.0778 eff 0.0071 outinratio 0.0546 

ttH126_4mu_pT4l_genbin10_recobin9 acc 0.1823 eff 0.0084 outinratio 0.0209 

ggH126_4mu_pT4l_genbin0_recobin10 acc 0.0629 eff 0.0 outinratio 0.0105 

VBFH126_4mu_pT4l_genbin0_recobin10 acc 0.0071 eff 0.0 outinratio 0.002 

WminusH126_4mu_pT4l_genbin0_recobin10 acc 0.0057 eff 0.0 outinratio 0.0141 

WplusH126_4mu_pT4l_genbin0_recobin10 acc 0.0044 eff 0.0 outinratio 0.0102 

ZH126_4mu_pT4l_genbin0_recobin10 acc 0.0063 eff 0.0 outinratio 0.036 

ttH126_4mu_pT4l_genbin0_recobin10 acc 0.0029 eff 0.0 outinratio 0.0311 

ggH126_4mu_pT4l_genbin1_recobin10 acc 0.0636 eff 0.0 outinratio 0.0105 

VBFH126_4mu_pT4l_genbin1_recobin10 acc 0.0078 eff 0.0 outinratio 0.002 

WminusH126_4mu_pT4l_genbin1_recobin10 acc 0.0102 eff 0.0 outinratio 0.0141 

WplusH126_4mu_pT4l_genbin1_recobin10 acc 0.0082 eff 0.0 outinratio 0.0102 

ZH126_4mu_pT4l_genbin1_recobin10 acc 0.0082 eff 0.0 outinratio 0.036 

ttH126_4mu_pT4l_genbin1_recobin10 acc 0.0062 eff 0.0 outinratio 0.0311 

ggH126_4mu_pT4l_genbin2_recobin10 acc 0.0558 eff 0.0 outinratio 0.0105 

VBFH126_4mu_pT4l_genbin2_recobin10 acc 0.0174 eff 0.0 outinratio 0.002 

WminusH126_4mu_pT4l_genbin2_recobin10 acc 0.0144 eff 0.0 outinratio 0.0141 

WplusH126_4mu_pT4l_genbin2_recobin10 acc 0.011 eff 0.0 outinratio 0.0102 

ZH126_4mu_pT4l_genbin2_recobin10 acc 0.0127 eff 0.0 outinratio 0.036 

ttH126_4mu_pT4l_genbin2_recobin10 acc 0.0074 eff 0.0 outinratio 0.0311 

ggH126_4mu_pT4l_genbin3_recobin10 acc 0.0471 eff 0.0 outinratio 0.0105 

VBFH126_4mu_pT4l_genbin3_recobin10 acc 0.0157 eff 0.0 outinratio 0.002 

WminusH126_4mu_pT4l_genbin3_recobin10 acc 0.0153 eff 0.0 outinratio 0.0141 

WplusH126_4mu_pT4l_genbin3_recobin10 acc 0.0136 eff 0.0 outinratio 0.0102 

ZH126_4mu_pT4l_genbin3_recobin10 acc 0.0149 eff 0.0 outinratio 0.036 

ttH126_4mu_pT4l_genbin3_recobin10 acc 0.0101 eff 0.0 outinratio 0.0311 

ggH126_4mu_pT4l_genbin4_recobin10 acc 0.0502 eff 0.0 outinratio 0.0105 

VBFH126_4mu_pT4l_genbin4_recobin10 acc 0.0324 eff 0.0 outinratio 0.002 

WminusH126_4mu_pT4l_genbin4_recobin10 acc 0.0261 eff 0.0 outinratio 0.0141 

WplusH126_4mu_pT4l_genbin4_recobin10 acc 0.0195 eff 0.0 outinratio 0.0102 

ZH126_4mu_pT4l_genbin4_recobin10 acc 0.0218 eff 0.0 outinratio 0.036 

ttH126_4mu_pT4l_genbin4_recobin10 acc 0.0188 eff 0.0 outinratio 0.0311 

ggH126_4mu_pT4l_genbin5_recobin10 acc 0.0468 eff 0.0 outinratio 0.0105 

VBFH126_4mu_pT4l_genbin5_recobin10 acc 0.0413 eff 0.0 outinratio 0.002 

WminusH126_4mu_pT4l_genbin5_recobin10 acc 0.0361 eff 0.0 outinratio 0.0141 

WplusH126_4mu_pT4l_genbin5_recobin10 acc 0.0297 eff 0.0 outinratio 0.0102 

ZH126_4mu_pT4l_genbin5_recobin10 acc 0.0322 eff 0.0 outinratio 0.036 

ttH126_4mu_pT4l_genbin5_recobin10 acc 0.0206 eff 0.0 outinratio 0.0311 

ggH126_4mu_pT4l_genbin6_recobin10 acc 0.0453 eff 0.0 outinratio 0.0105 

VBFH126_4mu_pT4l_genbin6_recobin10 acc 0.0616 eff 0.0 outinratio 0.002 

WminusH126_4mu_pT4l_genbin6_recobin10 acc 0.0498 eff 0.0 outinratio 0.0141 

WplusH126_4mu_pT4l_genbin6_recobin10 acc 0.0427 eff 0.0 outinratio 0.0102 

ZH126_4mu_pT4l_genbin6_recobin10 acc 0.0481 eff 0.0 outinratio 0.036 

ttH126_4mu_pT4l_genbin6_recobin10 acc 0.0392 eff 0.0 outinratio 0.0311 

ggH126_4mu_pT4l_genbin7_recobin10 acc 0.0367 eff 0.0 outinratio 0.0105 

VBFH126_4mu_pT4l_genbin7_recobin10 acc 0.0779 eff 0.0 outinratio 0.002 

WminusH126_4mu_pT4l_genbin7_recobin10 acc 0.067 eff 0.0 outinratio 0.0141 

WplusH126_4mu_pT4l_genbin7_recobin10 acc 0.0559 eff 0.0 outinratio 0.0102 

ZH126_4mu_pT4l_genbin7_recobin10 acc 0.065 eff 0.0 outinratio 0.036 

ttH126_4mu_pT4l_genbin7_recobin10 acc 0.0667 eff 0.0 outinratio 0.0311 

ggH126_4mu_pT4l_genbin8_recobin10 acc 0.0258 eff 0.0 outinratio 0.0105 

VBFH126_4mu_pT4l_genbin8_recobin10 acc 0.0804 eff 0.0 outinratio 0.002 

WminusH126_4mu_pT4l_genbin8_recobin10 acc 0.0689 eff 0.0 outinratio 0.0141 

WplusH126_4mu_pT4l_genbin8_recobin10 acc 0.0573 eff 0.0 outinratio 0.0102 

ZH126_4mu_pT4l_genbin8_recobin10 acc 0.0616 eff 0.0 outinratio 0.036 

ttH126_4mu_pT4l_genbin8_recobin10 acc 0.0826 eff 0.0 outinratio 0.0311 

ggH126_4mu_pT4l_genbin9_recobin10 acc 0.0202 eff 0.0087 outinratio 0.0105 

VBFH126_4mu_pT4l_genbin9_recobin10 acc 0.0758 eff 0.0126 outinratio 0.002 

WminusH126_4mu_pT4l_genbin9_recobin10 acc 0.0641 eff 0.0061 outinratio 0.0141 

WplusH126_4mu_pT4l_genbin9_recobin10 acc 0.058 eff 0.0083 outinratio 0.0102 

ZH126_4mu_pT4l_genbin9_recobin10 acc 0.0626 eff 0.0034 outinratio 0.036 

ttH126_4mu_pT4l_genbin9_recobin10 acc 0.0919 eff 0.0116 outinratio 0.0311 

ggH126_4mu_pT4l_genbin10_recobin10 acc 0.0225 eff 0.6611 outinratio 0.0105 

VBFH126_4mu_pT4l_genbin10_recobin10 acc 0.1036 eff 0.6668 outinratio 0.002 

WminusH126_4mu_pT4l_genbin10_recobin10 acc 0.0788 eff 0.5929 outinratio 0.0141 

WplusH126_4mu_pT4l_genbin10_recobin10 acc 0.0817 eff 0.5961 outinratio 0.0102 

ZH126_4mu_pT4l_genbin10_recobin10 acc 0.0778 eff 0.6005 outinratio 0.036 

ttH126_4mu_pT4l_genbin10_recobin10 acc 0.1823 eff 0.5042 outinratio 0.0311 

ggH126_2e2mu_pT4l_genbin0_recobin0 acc 0.0586 eff 0.4399 outinratio 0.0033 

VBFH126_2e2mu_pT4l_genbin0_recobin0 acc 0.0075 eff 0.5608 outinratio 0.0 

WminusH126_2e2mu_pT4l_genbin0_recobin0 acc 0.0063 eff 0.386 outinratio 0.013 

WplusH126_2e2mu_pT4l_genbin0_recobin0 acc 0.0047 eff 0.4483 outinratio 0.0391 

ZH126_2e2mu_pT4l_genbin0_recobin0 acc 0.0052 eff 0.3189 outinratio 0.105 

ttH126_2e2mu_pT4l_genbin0_recobin0 acc 0.0019 eff 0.2731 outinratio 0.0576 

ggH126_2e2mu_pT4l_genbin1_recobin0 acc 0.0569 eff 0.0448 outinratio 0.0033 

VBFH126_2e2mu_pT4l_genbin1_recobin0 acc 0.0083 eff 0.023 outinratio 0.0 

WminusH126_2e2mu_pT4l_genbin1_recobin0 acc 0.0089 eff 0.0313 outinratio 0.013 

WplusH126_2e2mu_pT4l_genbin1_recobin0 acc 0.0072 eff 0.0332 outinratio 0.0391 

ZH126_2e2mu_pT4l_genbin1_recobin0 acc 0.0071 eff 0.0304 outinratio 0.105 

ttH126_2e2mu_pT4l_genbin1_recobin0 acc 0.004 eff 0.0078 outinratio 0.0576 

ggH126_2e2mu_pT4l_genbin2_recobin0 acc 0.0531 eff 0.0027 outinratio 0.0033 

VBFH126_2e2mu_pT4l_genbin2_recobin0 acc 0.011 eff 0.0 outinratio 0.0 

WminusH126_2e2mu_pT4l_genbin2_recobin0 acc 0.0126 eff 0.0 outinratio 0.013 

WplusH126_2e2mu_pT4l_genbin2_recobin0 acc 0.0104 eff 0.0 outinratio 0.0391 

ZH126_2e2mu_pT4l_genbin2_recobin0 acc 0.0116 eff 0.0022 outinratio 0.105 

ttH126_2e2mu_pT4l_genbin2_recobin0 acc 0.0067 eff 0.0 outinratio 0.0576 

ggH126_2e2mu_pT4l_genbin3_recobin0 acc 0.0423 eff 0.0 outinratio 0.0033 

VBFH126_2e2mu_pT4l_genbin3_recobin0 acc 0.0154 eff 0.0 outinratio 0.0 

WminusH126_2e2mu_pT4l_genbin3_recobin0 acc 0.0155 eff 0.0 outinratio 0.013 

WplusH126_2e2mu_pT4l_genbin3_recobin0 acc 0.0124 eff -0.0021 outinratio 0.0391 

ZH126_2e2mu_pT4l_genbin3_recobin0 acc 0.0142 eff 0.0 outinratio 0.105 

ttH126_2e2mu_pT4l_genbin3_recobin0 acc 0.0092 eff 0.0 outinratio 0.0576 

ggH126_2e2mu_pT4l_genbin4_recobin0 acc 0.0477 eff 0.0006 outinratio 0.0033 

VBFH126_2e2mu_pT4l_genbin4_recobin0 acc 0.024 eff 0.0 outinratio 0.0 

WminusH126_2e2mu_pT4l_genbin4_recobin0 acc 0.0245 eff 0.0 outinratio 0.013 

WplusH126_2e2mu_pT4l_genbin4_recobin0 acc 0.0193 eff 0.0 outinratio 0.0391 

ZH126_2e2mu_pT4l_genbin4_recobin0 acc 0.0213 eff 0.0 outinratio 0.105 

ttH126_2e2mu_pT4l_genbin4_recobin0 acc 0.0147 eff 0.0 outinratio 0.0576 

ggH126_2e2mu_pT4l_genbin5_recobin0 acc 0.0447 eff 0.0 outinratio 0.0033 

VBFH126_2e2mu_pT4l_genbin5_recobin0 acc 0.0325 eff 0.0 outinratio 0.0 

WminusH126_2e2mu_pT4l_genbin5_recobin0 acc 0.0324 eff 0.0 outinratio 0.013 

WplusH126_2e2mu_pT4l_genbin5_recobin0 acc 0.027 eff 0.0 outinratio 0.0391 

ZH126_2e2mu_pT4l_genbin5_recobin0 acc 0.0296 eff 0.0 outinratio 0.105 

ttH126_2e2mu_pT4l_genbin5_recobin0 acc 0.0224 eff 0.0 outinratio 0.0576 

ggH126_2e2mu_pT4l_genbin6_recobin0 acc 0.0409 eff 0.0 outinratio 0.0033 

VBFH126_2e2mu_pT4l_genbin6_recobin0 acc 0.0532 eff 0.0 outinratio 0.0 

WminusH126_2e2mu_pT4l_genbin6_recobin0 acc 0.0481 eff 0.0 outinratio 0.013 

WplusH126_2e2mu_pT4l_genbin6_recobin0 acc 0.0387 eff 0.0 outinratio 0.0391 

ZH126_2e2mu_pT4l_genbin6_recobin0 acc 0.0413 eff 0.0 outinratio 0.105 

ttH126_2e2mu_pT4l_genbin6_recobin0 acc 0.0367 eff 0.0 outinratio 0.0576 

ggH126_2e2mu_pT4l_genbin7_recobin0 acc 0.0348 eff 0.0 outinratio 0.0033 

VBFH126_2e2mu_pT4l_genbin7_recobin0 acc 0.0737 eff 0.0 outinratio 0.0 

WminusH126_2e2mu_pT4l_genbin7_recobin0 acc 0.0624 eff 0.0 outinratio 0.013 

WplusH126_2e2mu_pT4l_genbin7_recobin0 acc 0.0536 eff 0.0 outinratio 0.0391 

ZH126_2e2mu_pT4l_genbin7_recobin0 acc 0.059 eff 0.0 outinratio 0.105 

ttH126_2e2mu_pT4l_genbin7_recobin0 acc 0.0547 eff 0.0 outinratio 0.0576 

ggH126_2e2mu_pT4l_genbin8_recobin0 acc 0.0256 eff 0.0 outinratio 0.0033 

VBFH126_2e2mu_pT4l_genbin8_recobin0 acc 0.0816 eff 0.0 outinratio 0.0 

WminusH126_2e2mu_pT4l_genbin8_recobin0 acc 0.0639 eff 0.0 outinratio 0.013 

WplusH126_2e2mu_pT4l_genbin8_recobin0 acc 0.0557 eff 0.0 outinratio 0.0391 

ZH126_2e2mu_pT4l_genbin8_recobin0 acc 0.0602 eff 0.0 outinratio 0.105 

ttH126_2e2mu_pT4l_genbin8_recobin0 acc 0.0703 eff 0.0 outinratio 0.0576 

ggH126_2e2mu_pT4l_genbin9_recobin0 acc 0.0191 eff 0.0 outinratio 0.0033 

VBFH126_2e2mu_pT4l_genbin9_recobin0 acc 0.0753 eff 0.0 outinratio 0.0 

WminusH126_2e2mu_pT4l_genbin9_recobin0 acc 0.0601 eff 0.0 outinratio 0.013 

WplusH126_2e2mu_pT4l_genbin9_recobin0 acc 0.0559 eff 0.0 outinratio 0.0391 

ZH126_2e2mu_pT4l_genbin9_recobin0 acc 0.0599 eff 0.0 outinratio 0.105 

ttH126_2e2mu_pT4l_genbin9_recobin0 acc 0.0867 eff 0.0 outinratio 0.0576 

ggH126_2e2mu_pT4l_genbin10_recobin0 acc 0.0209 eff 0.0 outinratio 0.0033 

VBFH126_2e2mu_pT4l_genbin10_recobin0 acc 0.0893 eff 0.0 outinratio 0.0 

WminusH126_2e2mu_pT4l_genbin10_recobin0 acc 0.0746 eff 0.0 outinratio 0.013 

WplusH126_2e2mu_pT4l_genbin10_recobin0 acc 0.0796 eff 0.0 outinratio 0.0391 

ZH126_2e2mu_pT4l_genbin10_recobin0 acc 0.0776 eff 0.0 outinratio 0.105 

ttH126_2e2mu_pT4l_genbin10_recobin0 acc 0.1654 eff 0.0 outinratio 0.0576 

ggH126_2e2mu_pT4l_genbin0_recobin1 acc 0.0586 eff 0.0543 outinratio 0.0085 

VBFH126_2e2mu_pT4l_genbin0_recobin1 acc 0.0075 eff 0.0798 outinratio 0.0 

WminusH126_2e2mu_pT4l_genbin0_recobin1 acc 0.0063 eff 0.0562 outinratio 0.0316 

WplusH126_2e2mu_pT4l_genbin0_recobin1 acc 0.0047 eff 0.0304 outinratio 0.0167 

ZH126_2e2mu_pT4l_genbin0_recobin1 acc 0.0052 eff 0.0262 outinratio 0.1001 

ttH126_2e2mu_pT4l_genbin0_recobin1 acc 0.0019 eff 0.066 outinratio 0.0 

ggH126_2e2mu_pT4l_genbin1_recobin1 acc 0.0569 eff 0.3869 outinratio 0.0085 

VBFH126_2e2mu_pT4l_genbin1_recobin1 acc 0.0083 eff 0.4787 outinratio 0.0 

WminusH126_2e2mu_pT4l_genbin1_recobin1 acc 0.0089 eff 0.3202 outinratio 0.0316 

WplusH126_2e2mu_pT4l_genbin1_recobin1 acc 0.0072 eff 0.3517 outinratio 0.0167 

ZH126_2e2mu_pT4l_genbin1_recobin1 acc 0.0071 eff 0.3743 outinratio 0.1001 

ttH126_2e2mu_pT4l_genbin1_recobin1 acc 0.004 eff 0.2642 outinratio 0.0 

ggH126_2e2mu_pT4l_genbin2_recobin1 acc 0.0531 eff 0.0482 outinratio 0.0085 

VBFH126_2e2mu_pT4l_genbin2_recobin1 acc 0.011 eff 0.0254 outinratio 0.0 

WminusH126_2e2mu_pT4l_genbin2_recobin1 acc 0.0126 eff 0.0481 outinratio 0.0316 

WplusH126_2e2mu_pT4l_genbin2_recobin1 acc 0.0104 eff 0.0345 outinratio 0.0167 

ZH126_2e2mu_pT4l_genbin2_recobin1 acc 0.0116 eff 0.0398 outinratio 0.1001 

ttH126_2e2mu_pT4l_genbin2_recobin1 acc 0.0067 eff 0.0478 outinratio 0.0 

ggH126_2e2mu_pT4l_genbin3_recobin1 acc 0.0423 eff 0.0024 outinratio 0.0085 

VBFH126_2e2mu_pT4l_genbin3_recobin1 acc 0.0154 eff 0.0 outinratio 0.0 

WminusH126_2e2mu_pT4l_genbin3_recobin1 acc 0.0155 eff 0.0 outinratio 0.0316 

WplusH126_2e2mu_pT4l_genbin3_recobin1 acc 0.0124 eff 0.0015 outinratio 0.0167 

ZH126_2e2mu_pT4l_genbin3_recobin1 acc 0.0142 eff 0.0 outinratio 0.1001 

ttH126_2e2mu_pT4l_genbin3_recobin1 acc 0.0092 eff 0.0 outinratio 0.0 

ggH126_2e2mu_pT4l_genbin4_recobin1 acc 0.0477 eff 0.0 outinratio 0.0085 

VBFH126_2e2mu_pT4l_genbin4_recobin1 acc 0.024 eff 0.0 outinratio 0.0 

WminusH126_2e2mu_pT4l_genbin4_recobin1 acc 0.0245 eff 0.0 outinratio 0.0316 

WplusH126_2e2mu_pT4l_genbin4_recobin1 acc 0.0193 eff 0.0 outinratio 0.0167 

ZH126_2e2mu_pT4l_genbin4_recobin1 acc 0.0213 eff 0.0 outinratio 0.1001 

ttH126_2e2mu_pT4l_genbin4_recobin1 acc 0.0147 eff 0.0 outinratio 0.0 

ggH126_2e2mu_pT4l_genbin5_recobin1 acc 0.0447 eff 0.0 outinratio 0.0085 

VBFH126_2e2mu_pT4l_genbin5_recobin1 acc 0.0325 eff 0.0 outinratio 0.0 

WminusH126_2e2mu_pT4l_genbin5_recobin1 acc 0.0324 eff 0.0 outinratio 0.0316 

WplusH126_2e2mu_pT4l_genbin5_recobin1 acc 0.027 eff 0.0 outinratio 0.0167 

ZH126_2e2mu_pT4l_genbin5_recobin1 acc 0.0296 eff 0.0 outinratio 0.1001 

ttH126_2e2mu_pT4l_genbin5_recobin1 acc 0.0224 eff 0.0 outinratio 0.0 

ggH126_2e2mu_pT4l_genbin6_recobin1 acc 0.0409 eff 0.0 outinratio 0.0085 

VBFH126_2e2mu_pT4l_genbin6_recobin1 acc 0.0532 eff 0.0 outinratio 0.0 

WminusH126_2e2mu_pT4l_genbin6_recobin1 acc 0.0481 eff 0.0 outinratio 0.0316 

WplusH126_2e2mu_pT4l_genbin6_recobin1 acc 0.0387 eff 0.0 outinratio 0.0167 

ZH126_2e2mu_pT4l_genbin6_recobin1 acc 0.0413 eff 0.0 outinratio 0.1001 

ttH126_2e2mu_pT4l_genbin6_recobin1 acc 0.0367 eff 0.0 outinratio 0.0 

ggH126_2e2mu_pT4l_genbin7_recobin1 acc 0.0348 eff 0.0 outinratio 0.0085 

VBFH126_2e2mu_pT4l_genbin7_recobin1 acc 0.0737 eff 0.0 outinratio 0.0 

WminusH126_2e2mu_pT4l_genbin7_recobin1 acc 0.0624 eff 0.0 outinratio 0.0316 

WplusH126_2e2mu_pT4l_genbin7_recobin1 acc 0.0536 eff 0.0 outinratio 0.0167 

ZH126_2e2mu_pT4l_genbin7_recobin1 acc 0.059 eff 0.0 outinratio 0.1001 

ttH126_2e2mu_pT4l_genbin7_recobin1 acc 0.0547 eff 0.0 outinratio 0.0 

ggH126_2e2mu_pT4l_genbin8_recobin1 acc 0.0256 eff 0.0 outinratio 0.0085 

VBFH126_2e2mu_pT4l_genbin8_recobin1 acc 0.0816 eff 0.0 outinratio 0.0 

WminusH126_2e2mu_pT4l_genbin8_recobin1 acc 0.0639 eff 0.0 outinratio 0.0316 

WplusH126_2e2mu_pT4l_genbin8_recobin1 acc 0.0557 eff 0.0 outinratio 0.0167 

ZH126_2e2mu_pT4l_genbin8_recobin1 acc 0.0602 eff 0.0 outinratio 0.1001 

ttH126_2e2mu_pT4l_genbin8_recobin1 acc 0.0703 eff 0.0 outinratio 0.0 

ggH126_2e2mu_pT4l_genbin9_recobin1 acc 0.0191 eff 0.0 outinratio 0.0085 

VBFH126_2e2mu_pT4l_genbin9_recobin1 acc 0.0753 eff 0.0 outinratio 0.0 

WminusH126_2e2mu_pT4l_genbin9_recobin1 acc 0.0601 eff 0.0 outinratio 0.0316 

WplusH126_2e2mu_pT4l_genbin9_recobin1 acc 0.0559 eff 0.0 outinratio 0.0167 

ZH126_2e2mu_pT4l_genbin9_recobin1 acc 0.0599 eff 0.0 outinratio 0.1001 

ttH126_2e2mu_pT4l_genbin9_recobin1 acc 0.0867 eff 0.0 outinratio 0.0 

ggH126_2e2mu_pT4l_genbin10_recobin1 acc 0.0209 eff 0.0 outinratio 0.0085 

VBFH126_2e2mu_pT4l_genbin10_recobin1 acc 0.0893 eff 0.0 outinratio 0.0 

WminusH126_2e2mu_pT4l_genbin10_recobin1 acc 0.0746 eff 0.0 outinratio 0.0316 

WplusH126_2e2mu_pT4l_genbin10_recobin1 acc 0.0796 eff 0.0 outinratio 0.0167 

ZH126_2e2mu_pT4l_genbin10_recobin1 acc 0.0776 eff 0.0 outinratio 0.1001 

ttH126_2e2mu_pT4l_genbin10_recobin1 acc 0.1654 eff 0.0 outinratio 0.0 

ggH126_2e2mu_pT4l_genbin0_recobin2 acc 0.0586 eff 0.0019 outinratio 0.0061 

VBFH126_2e2mu_pT4l_genbin0_recobin2 acc 0.0075 eff 0.0 outinratio 0.01 

WminusH126_2e2mu_pT4l_genbin0_recobin2 acc 0.0063 eff 0.0 outinratio 0.0437 

WplusH126_2e2mu_pT4l_genbin0_recobin2 acc 0.0047 eff 0.0 outinratio 0.0155 

ZH126_2e2mu_pT4l_genbin0_recobin2 acc 0.0052 eff 0.0 outinratio 0.0427 

ttH126_2e2mu_pT4l_genbin0_recobin2 acc 0.0019 eff 0.0 outinratio 0.0643 

ggH126_2e2mu_pT4l_genbin1_recobin2 acc 0.0569 eff 0.0343 outinratio 0.0061 

VBFH126_2e2mu_pT4l_genbin1_recobin2 acc 0.0083 eff 0.0 outinratio 0.01 

WminusH126_2e2mu_pT4l_genbin1_recobin2 acc 0.0089 eff 0.0674 outinratio 0.0437 

WplusH126_2e2mu_pT4l_genbin1_recobin2 acc 0.0072 eff 0.0566 outinratio 0.0155 

ZH126_2e2mu_pT4l_genbin1_recobin2 acc 0.0071 eff 0.0322 outinratio 0.0427 

ttH126_2e2mu_pT4l_genbin1_recobin2 acc 0.004 eff 0.014 outinratio 0.0643 

ggH126_2e2mu_pT4l_genbin2_recobin2 acc 0.0531 eff 0.3887 outinratio 0.0061 

VBFH126_2e2mu_pT4l_genbin2_recobin2 acc 0.011 eff 0.4355 outinratio 0.01 

WminusH126_2e2mu_pT4l_genbin2_recobin2 acc 0.0126 eff 0.356 outinratio 0.0437 

WplusH126_2e2mu_pT4l_genbin2_recobin2 acc 0.0104 eff 0.3483 outinratio 0.0155 

ZH126_2e2mu_pT4l_genbin2_recobin2 acc 0.0116 eff 0.3194 outinratio 0.0427 

ttH126_2e2mu_pT4l_genbin2_recobin2 acc 0.0067 eff 0.2287 outinratio 0.0643 

ggH126_2e2mu_pT4l_genbin3_recobin2 acc 0.0423 eff 0.046 outinratio 0.0061 

VBFH126_2e2mu_pT4l_genbin3_recobin2 acc 0.0154 eff 0.055 outinratio 0.01 

WminusH126_2e2mu_pT4l_genbin3_recobin2 acc 0.0155 eff 0.033 outinratio 0.0437 

WplusH126_2e2mu_pT4l_genbin3_recobin2 acc 0.0124 eff 0.0396 outinratio 0.0155 

ZH126_2e2mu_pT4l_genbin3_recobin2 acc 0.0142 eff 0.0397 outinratio 0.0427 

ttH126_2e2mu_pT4l_genbin3_recobin2 acc 0.0092 eff 0.053 outinratio 0.0643 

ggH126_2e2mu_pT4l_genbin4_recobin2 acc 0.0477 eff 0.0026 outinratio 0.0061 

VBFH126_2e2mu_pT4l_genbin4_recobin2 acc 0.024 eff 0.0 outinratio 0.01 

WminusH126_2e2mu_pT4l_genbin4_recobin2 acc 0.0245 eff 0.0014 outinratio 0.0437 

WplusH126_2e2mu_pT4l_genbin4_recobin2 acc 0.0193 eff 0.0016 outinratio 0.0155 

ZH126_2e2mu_pT4l_genbin4_recobin2 acc 0.0213 eff 0.0 outinratio 0.0427 

ttH126_2e2mu_pT4l_genbin4_recobin2 acc 0.0147 eff 0.0071 outinratio 0.0643 

ggH126_2e2mu_pT4l_genbin5_recobin2 acc 0.0447 eff 0.0 outinratio 0.0061 

VBFH126_2e2mu_pT4l_genbin5_recobin2 acc 0.0325 eff 0.0 outinratio 0.01 

WminusH126_2e2mu_pT4l_genbin5_recobin2 acc 0.0324 eff 0.0003 outinratio 0.0437 

WplusH126_2e2mu_pT4l_genbin5_recobin2 acc 0.027 eff 0.0 outinratio 0.0155 

ZH126_2e2mu_pT4l_genbin5_recobin2 acc 0.0296 eff 0.0 outinratio 0.0427 

ttH126_2e2mu_pT4l_genbin5_recobin2 acc 0.0224 eff 0.0 outinratio 0.0643 

ggH126_2e2mu_pT4l_genbin6_recobin2 acc 0.0409 eff 0.0 outinratio 0.0061 

VBFH126_2e2mu_pT4l_genbin6_recobin2 acc 0.0532 eff 0.0 outinratio 0.01 

WminusH126_2e2mu_pT4l_genbin6_recobin2 acc 0.0481 eff 0.0 outinratio 0.0437 

WplusH126_2e2mu_pT4l_genbin6_recobin2 acc 0.0387 eff 0.0 outinratio 0.0155 

ZH126_2e2mu_pT4l_genbin6_recobin2 acc 0.0413 eff 0.0 outinratio 0.0427 

ttH126_2e2mu_pT4l_genbin6_recobin2 acc 0.0367 eff 0.0 outinratio 0.0643 

ggH126_2e2mu_pT4l_genbin7_recobin2 acc 0.0348 eff 0.0 outinratio 0.0061 

VBFH126_2e2mu_pT4l_genbin7_recobin2 acc 0.0737 eff 0.0 outinratio 0.01 

WminusH126_2e2mu_pT4l_genbin7_recobin2 acc 0.0624 eff 0.0 outinratio 0.0437 

WplusH126_2e2mu_pT4l_genbin7_recobin2 acc 0.0536 eff 0.0 outinratio 0.0155 

ZH126_2e2mu_pT4l_genbin7_recobin2 acc 0.059 eff 0.0 outinratio 0.0427 

ttH126_2e2mu_pT4l_genbin7_recobin2 acc 0.0547 eff 0.0 outinratio 0.0643 

ggH126_2e2mu_pT4l_genbin8_recobin2 acc 0.0256 eff 0.0 outinratio 0.0061 

VBFH126_2e2mu_pT4l_genbin8_recobin2 acc 0.0816 eff 0.0 outinratio 0.01 

WminusH126_2e2mu_pT4l_genbin8_recobin2 acc 0.0639 eff 0.0 outinratio 0.0437 

WplusH126_2e2mu_pT4l_genbin8_recobin2 acc 0.0557 eff 0.0 outinratio 0.0155 

ZH126_2e2mu_pT4l_genbin8_recobin2 acc 0.0602 eff 0.0 outinratio 0.0427 

ttH126_2e2mu_pT4l_genbin8_recobin2 acc 0.0703 eff 0.0 outinratio 0.0643 

ggH126_2e2mu_pT4l_genbin9_recobin2 acc 0.0191 eff 0.0 outinratio 0.0061 

VBFH126_2e2mu_pT4l_genbin9_recobin2 acc 0.0753 eff 0.0 outinratio 0.01 

WminusH126_2e2mu_pT4l_genbin9_recobin2 acc 0.0601 eff 0.0 outinratio 0.0437 

WplusH126_2e2mu_pT4l_genbin9_recobin2 acc 0.0559 eff 0.0 outinratio 0.0155 

ZH126_2e2mu_pT4l_genbin9_recobin2 acc 0.0599 eff 0.0 outinratio 0.0427 

ttH126_2e2mu_pT4l_genbin9_recobin2 acc 0.0867 eff 0.0 outinratio 0.0643 

ggH126_2e2mu_pT4l_genbin10_recobin2 acc 0.0209 eff 0.0 outinratio 0.0061 

VBFH126_2e2mu_pT4l_genbin10_recobin2 acc 0.0893 eff 0.0 outinratio 0.01 

WminusH126_2e2mu_pT4l_genbin10_recobin2 acc 0.0746 eff 0.0 outinratio 0.0437 

WplusH126_2e2mu_pT4l_genbin10_recobin2 acc 0.0796 eff 0.0 outinratio 0.0155 

ZH126_2e2mu_pT4l_genbin10_recobin2 acc 0.0776 eff 0.0 outinratio 0.0427 

ttH126_2e2mu_pT4l_genbin10_recobin2 acc 0.1654 eff 0.0 outinratio 0.0643 

ggH126_2e2mu_pT4l_genbin0_recobin3 acc 0.0586 eff 0.0 outinratio 0.0089 

VBFH126_2e2mu_pT4l_genbin0_recobin3 acc 0.0075 eff 0.0 outinratio 0.0 

WminusH126_2e2mu_pT4l_genbin0_recobin3 acc 0.0063 eff 0.0 outinratio 0.0038 

WplusH126_2e2mu_pT4l_genbin0_recobin3 acc 0.0047 eff 0.0 outinratio 0.0101 

ZH126_2e2mu_pT4l_genbin0_recobin3 acc 0.0052 eff 0.0 outinratio 0.0165 

ttH126_2e2mu_pT4l_genbin0_recobin3 acc 0.0019 eff 0.0 outinratio 0.086 

ggH126_2e2mu_pT4l_genbin1_recobin3 acc 0.0569 eff 0.0024 outinratio 0.0089 

VBFH126_2e2mu_pT4l_genbin1_recobin3 acc 0.0083 eff 0.0 outinratio 0.0 

WminusH126_2e2mu_pT4l_genbin1_recobin3 acc 0.0089 eff 0.0 outinratio 0.0038 

WplusH126_2e2mu_pT4l_genbin1_recobin3 acc 0.0072 eff 0.0 outinratio 0.0101 

ZH126_2e2mu_pT4l_genbin1_recobin3 acc 0.0071 eff 0.0 outinratio 0.0165 

ttH126_2e2mu_pT4l_genbin1_recobin3 acc 0.004 eff 0.0 outinratio 0.086 

ggH126_2e2mu_pT4l_genbin2_recobin3 acc 0.0531 eff 0.0363 outinratio 0.0089 

VBFH126_2e2mu_pT4l_genbin2_recobin3 acc 0.011 eff 0.0702 outinratio 0.0 

WminusH126_2e2mu_pT4l_genbin2_recobin3 acc 0.0126 eff 0.0408 outinratio 0.0038 

WplusH126_2e2mu_pT4l_genbin2_recobin3 acc 0.0104 eff 0.0303 outinratio 0.0101 

ZH126_2e2mu_pT4l_genbin2_recobin3 acc 0.0116 eff 0.0269 outinratio 0.0165 

ttH126_2e2mu_pT4l_genbin2_recobin3 acc 0.0067 eff 0.0064 outinratio 0.086 

ggH126_2e2mu_pT4l_genbin3_recobin3 acc 0.0423 eff 0.3665 outinratio 0.0089 

VBFH126_2e2mu_pT4l_genbin3_recobin3 acc 0.0154 eff 0.3944 outinratio 0.0 

WminusH126_2e2mu_pT4l_genbin3_recobin3 acc 0.0155 eff 0.3881 outinratio 0.0038 

WplusH126_2e2mu_pT4l_genbin3_recobin3 acc 0.0124 eff 0.3325 outinratio 0.0101 

ZH126_2e2mu_pT4l_genbin3_recobin3 acc 0.0142 eff 0.3684 outinratio 0.0165 

ttH126_2e2mu_pT4l_genbin3_recobin3 acc 0.0092 eff 0.2642 outinratio 0.086 

ggH126_2e2mu_pT4l_genbin4_recobin3 acc 0.0477 eff 0.0414 outinratio 0.0089 

VBFH126_2e2mu_pT4l_genbin4_recobin3 acc 0.024 eff 0.036 outinratio 0.0 

WminusH126_2e2mu_pT4l_genbin4_recobin3 acc 0.0245 eff 0.0308 outinratio 0.0038 

WplusH126_2e2mu_pT4l_genbin4_recobin3 acc 0.0193 eff 0.0467 outinratio 0.0101 

ZH126_2e2mu_pT4l_genbin4_recobin3 acc 0.0213 eff 0.0369 outinratio 0.0165 

ttH126_2e2mu_pT4l_genbin4_recobin3 acc 0.0147 eff 0.0162 outinratio 0.086 

ggH126_2e2mu_pT4l_genbin5_recobin3 acc 0.0447 eff 0.0003 outinratio 0.0089 

VBFH126_2e2mu_pT4l_genbin5_recobin3 acc 0.0325 eff 0.0 outinratio 0.0 

WminusH126_2e2mu_pT4l_genbin5_recobin3 acc 0.0324 eff 0.0 outinratio 0.0038 

WplusH126_2e2mu_pT4l_genbin5_recobin3 acc 0.027 eff 0.0 outinratio 0.0101 

ZH126_2e2mu_pT4l_genbin5_recobin3 acc 0.0296 eff 0.0 outinratio 0.0165 

ttH126_2e2mu_pT4l_genbin5_recobin3 acc 0.0224 eff 0.0045 outinratio 0.086 

ggH126_2e2mu_pT4l_genbin6_recobin3 acc 0.0409 eff 0.0 outinratio 0.0089 

VBFH126_2e2mu_pT4l_genbin6_recobin3 acc 0.0532 eff 0.0 outinratio 0.0 

WminusH126_2e2mu_pT4l_genbin6_recobin3 acc 0.0481 eff 0.0 outinratio 0.0038 

WplusH126_2e2mu_pT4l_genbin6_recobin3 acc 0.0387 eff 0.0 outinratio 0.0101 

ZH126_2e2mu_pT4l_genbin6_recobin3 acc 0.0413 eff 0.0008 outinratio 0.0165 

ttH126_2e2mu_pT4l_genbin6_recobin3 acc 0.0367 eff 0.0 outinratio 0.086 

ggH126_2e2mu_pT4l_genbin7_recobin3 acc 0.0348 eff 0.0 outinratio 0.0089 

VBFH126_2e2mu_pT4l_genbin7_recobin3 acc 0.0737 eff 0.0 outinratio 0.0 

WminusH126_2e2mu_pT4l_genbin7_recobin3 acc 0.0624 eff 0.0 outinratio 0.0038 

WplusH126_2e2mu_pT4l_genbin7_recobin3 acc 0.0536 eff 0.0 outinratio 0.0101 

ZH126_2e2mu_pT4l_genbin7_recobin3 acc 0.059 eff 0.0 outinratio 0.0165 

ttH126_2e2mu_pT4l_genbin7_recobin3 acc 0.0547 eff 0.0 outinratio 0.086 

ggH126_2e2mu_pT4l_genbin8_recobin3 acc 0.0256 eff 0.0 outinratio 0.0089 

VBFH126_2e2mu_pT4l_genbin8_recobin3 acc 0.0816 eff 0.0 outinratio 0.0 

WminusH126_2e2mu_pT4l_genbin8_recobin3 acc 0.0639 eff 0.0 outinratio 0.0038 

WplusH126_2e2mu_pT4l_genbin8_recobin3 acc 0.0557 eff 0.0 outinratio 0.0101 

ZH126_2e2mu_pT4l_genbin8_recobin3 acc 0.0602 eff 0.0 outinratio 0.0165 

ttH126_2e2mu_pT4l_genbin8_recobin3 acc 0.0703 eff 0.0 outinratio 0.086 

ggH126_2e2mu_pT4l_genbin9_recobin3 acc 0.0191 eff 0.0 outinratio 0.0089 

VBFH126_2e2mu_pT4l_genbin9_recobin3 acc 0.0753 eff 0.0 outinratio 0.0 

WminusH126_2e2mu_pT4l_genbin9_recobin3 acc 0.0601 eff 0.0 outinratio 0.0038 

WplusH126_2e2mu_pT4l_genbin9_recobin3 acc 0.0559 eff 0.0 outinratio 0.0101 

ZH126_2e2mu_pT4l_genbin9_recobin3 acc 0.0599 eff 0.0 outinratio 0.0165 

ttH126_2e2mu_pT4l_genbin9_recobin3 acc 0.0867 eff 0.0 outinratio 0.086 

ggH126_2e2mu_pT4l_genbin10_recobin3 acc 0.0209 eff 0.0 outinratio 0.0089 

VBFH126_2e2mu_pT4l_genbin10_recobin3 acc 0.0893 eff 0.0 outinratio 0.0 

WminusH126_2e2mu_pT4l_genbin10_recobin3 acc 0.0746 eff 0.0 outinratio 0.0038 

WplusH126_2e2mu_pT4l_genbin10_recobin3 acc 0.0796 eff 0.0 outinratio 0.0101 

ZH126_2e2mu_pT4l_genbin10_recobin3 acc 0.0776 eff 0.0 outinratio 0.0165 

ttH126_2e2mu_pT4l_genbin10_recobin3 acc 0.1654 eff 0.0 outinratio 0.086 

ggH126_2e2mu_pT4l_genbin0_recobin4 acc 0.0586 eff 0.0 outinratio 0.007 

VBFH126_2e2mu_pT4l_genbin0_recobin4 acc 0.0075 eff 0.0 outinratio 0.0 

WminusH126_2e2mu_pT4l_genbin0_recobin4 acc 0.0063 eff 0.0 outinratio 0.03 

WplusH126_2e2mu_pT4l_genbin0_recobin4 acc 0.0047 eff 0.0 outinratio 0.0269 

ZH126_2e2mu_pT4l_genbin0_recobin4 acc 0.0052 eff 0.0 outinratio 0.0556 

ttH126_2e2mu_pT4l_genbin0_recobin4 acc 0.0019 eff 0.0 outinratio 0.0695 

ggH126_2e2mu_pT4l_genbin1_recobin4 acc 0.0569 eff 0.0 outinratio 0.007 

VBFH126_2e2mu_pT4l_genbin1_recobin4 acc 0.0083 eff 0.0 outinratio 0.0 

WminusH126_2e2mu_pT4l_genbin1_recobin4 acc 0.0089 eff 0.0 outinratio 0.03 

WplusH126_2e2mu_pT4l_genbin1_recobin4 acc 0.0072 eff 0.0 outinratio 0.0269 

ZH126_2e2mu_pT4l_genbin1_recobin4 acc 0.0071 eff 0.0 outinratio 0.0556 

ttH126_2e2mu_pT4l_genbin1_recobin4 acc 0.004 eff 0.0 outinratio 0.0695 

ggH126_2e2mu_pT4l_genbin2_recobin4 acc 0.0531 eff 0.0005 outinratio 0.007 

VBFH126_2e2mu_pT4l_genbin2_recobin4 acc 0.011 eff 0.0 outinratio 0.0 

WminusH126_2e2mu_pT4l_genbin2_recobin4 acc 0.0126 eff 0.0006 outinratio 0.03 

WplusH126_2e2mu_pT4l_genbin2_recobin4 acc 0.0104 eff 0.0024 outinratio 0.0269 

ZH126_2e2mu_pT4l_genbin2_recobin4 acc 0.0116 eff 0.0 outinratio 0.0556 

ttH126_2e2mu_pT4l_genbin2_recobin4 acc 0.0067 eff 0.0 outinratio 0.0695 

ggH126_2e2mu_pT4l_genbin3_recobin4 acc 0.0423 eff 0.039 outinratio 0.007 

VBFH126_2e2mu_pT4l_genbin3_recobin4 acc 0.0154 eff 0.0265 outinratio 0.0 

WminusH126_2e2mu_pT4l_genbin3_recobin4 acc 0.0155 eff 0.0495 outinratio 0.03 

WplusH126_2e2mu_pT4l_genbin3_recobin4 acc 0.0124 eff 0.0305 outinratio 0.0269 

ZH126_2e2mu_pT4l_genbin3_recobin4 acc 0.0142 eff 0.0234 outinratio 0.0556 

ttH126_2e2mu_pT4l_genbin3_recobin4 acc 0.0092 eff 0.0046 outinratio 0.0695 

ggH126_2e2mu_pT4l_genbin4_recobin4 acc 0.0477 eff 0.3875 outinratio 0.007 

VBFH126_2e2mu_pT4l_genbin4_recobin4 acc 0.024 eff 0.4394 outinratio 0.0 

WminusH126_2e2mu_pT4l_genbin4_recobin4 acc 0.0245 eff 0.3483 outinratio 0.03 

WplusH126_2e2mu_pT4l_genbin4_recobin4 acc 0.0193 eff 0.3466 outinratio 0.0269 

ZH126_2e2mu_pT4l_genbin4_recobin4 acc 0.0213 eff 0.3585 outinratio 0.0556 

ttH126_2e2mu_pT4l_genbin4_recobin4 acc 0.0147 eff 0.2047 outinratio 0.0695 

ggH126_2e2mu_pT4l_genbin5_recobin4 acc 0.0447 eff 0.0394 outinratio 0.007 

VBFH126_2e2mu_pT4l_genbin5_recobin4 acc 0.0325 eff 0.0343 outinratio 0.0 

WminusH126_2e2mu_pT4l_genbin5_recobin4 acc 0.0324 eff 0.0299 outinratio 0.03 

WplusH126_2e2mu_pT4l_genbin5_recobin4 acc 0.027 eff 0.0289 outinratio 0.0269 

ZH126_2e2mu_pT4l_genbin5_recobin4 acc 0.0296 eff 0.0273 outinratio 0.0556 

ttH126_2e2mu_pT4l_genbin5_recobin4 acc 0.0224 eff 0.0303 outinratio 0.0695 

ggH126_2e2mu_pT4l_genbin6_recobin4 acc 0.0409 eff 0.0003 outinratio 0.007 

VBFH126_2e2mu_pT4l_genbin6_recobin4 acc 0.0532 eff 0.0 outinratio 0.0 

WminusH126_2e2mu_pT4l_genbin6_recobin4 acc 0.0481 eff 0.0009 outinratio 0.03 

WplusH126_2e2mu_pT4l_genbin6_recobin4 acc 0.0387 eff 0.0009 outinratio 0.0269 

ZH126_2e2mu_pT4l_genbin6_recobin4 acc 0.0413 eff 0.0014 outinratio 0.0556 

ttH126_2e2mu_pT4l_genbin6_recobin4 acc 0.0367 eff 0.0 outinratio 0.0695 

ggH126_2e2mu_pT4l_genbin7_recobin4 acc 0.0348 eff 0.0 outinratio 0.007 

VBFH126_2e2mu_pT4l_genbin7_recobin4 acc 0.0737 eff 0.0 outinratio 0.0 

WminusH126_2e2mu_pT4l_genbin7_recobin4 acc 0.0624 eff 0.0 outinratio 0.03 

WplusH126_2e2mu_pT4l_genbin7_recobin4 acc 0.0536 eff 0.0 outinratio 0.0269 

ZH126_2e2mu_pT4l_genbin7_recobin4 acc 0.059 eff 0.0 outinratio 0.0556 

ttH126_2e2mu_pT4l_genbin7_recobin4 acc 0.0547 eff 0.0 outinratio 0.0695 

ggH126_2e2mu_pT4l_genbin8_recobin4 acc 0.0256 eff 0.0 outinratio 0.007 

VBFH126_2e2mu_pT4l_genbin8_recobin4 acc 0.0816 eff 0.0 outinratio 0.0 

WminusH126_2e2mu_pT4l_genbin8_recobin4 acc 0.0639 eff 0.0 outinratio 0.03 

WplusH126_2e2mu_pT4l_genbin8_recobin4 acc 0.0557 eff 0.0 outinratio 0.0269 

ZH126_2e2mu_pT4l_genbin8_recobin4 acc 0.0602 eff 0.0 outinratio 0.0556 

ttH126_2e2mu_pT4l_genbin8_recobin4 acc 0.0703 eff 0.0 outinratio 0.0695 

ggH126_2e2mu_pT4l_genbin9_recobin4 acc 0.0191 eff 0.0 outinratio 0.007 

VBFH126_2e2mu_pT4l_genbin9_recobin4 acc 0.0753 eff 0.0 outinratio 0.0 

WminusH126_2e2mu_pT4l_genbin9_recobin4 acc 0.0601 eff 0.0 outinratio 0.03 

WplusH126_2e2mu_pT4l_genbin9_recobin4 acc 0.0559 eff 0.0 outinratio 0.0269 

ZH126_2e2mu_pT4l_genbin9_recobin4 acc 0.0599 eff 0.0 outinratio 0.0556 

ttH126_2e2mu_pT4l_genbin9_recobin4 acc 0.0867 eff 0.0 outinratio 0.0695 

ggH126_2e2mu_pT4l_genbin10_recobin4 acc 0.0209 eff 0.0 outinratio 0.007 

VBFH126_2e2mu_pT4l_genbin10_recobin4 acc 0.0893 eff 0.0 outinratio 0.0 

WminusH126_2e2mu_pT4l_genbin10_recobin4 acc 0.0746 eff 0.0 outinratio 0.03 

WplusH126_2e2mu_pT4l_genbin10_recobin4 acc 0.0796 eff 0.0 outinratio 0.0269 

ZH126_2e2mu_pT4l_genbin10_recobin4 acc 0.0776 eff 0.0 outinratio 0.0556 

ttH126_2e2mu_pT4l_genbin10_recobin4 acc 0.1654 eff 0.0 outinratio 0.0695 

ggH126_2e2mu_pT4l_genbin0_recobin5 acc 0.0586 eff 0.0 outinratio 0.0075 

VBFH126_2e2mu_pT4l_genbin0_recobin5 acc 0.0075 eff 0.0 outinratio 0.0 

WminusH126_2e2mu_pT4l_genbin0_recobin5 acc 0.0063 eff 0.0 outinratio 0.0186 

WplusH126_2e2mu_pT4l_genbin0_recobin5 acc 0.0047 eff 0.0 outinratio 0.0186 

ZH126_2e2mu_pT4l_genbin0_recobin5 acc 0.0052 eff 0.0 outinratio 0.0476 

ttH126_2e2mu_pT4l_genbin0_recobin5 acc 0.0019 eff 0.0 outinratio 0.0443 

ggH126_2e2mu_pT4l_genbin1_recobin5 acc 0.0569 eff 0.0 outinratio 0.0075 

VBFH126_2e2mu_pT4l_genbin1_recobin5 acc 0.0083 eff 0.0 outinratio 0.0 

WminusH126_2e2mu_pT4l_genbin1_recobin5 acc 0.0089 eff 0.0 outinratio 0.0186 

WplusH126_2e2mu_pT4l_genbin1_recobin5 acc 0.0072 eff 0.0 outinratio 0.0186 

ZH126_2e2mu_pT4l_genbin1_recobin5 acc 0.0071 eff 0.0 outinratio 0.0476 

ttH126_2e2mu_pT4l_genbin1_recobin5 acc 0.004 eff 0.0 outinratio 0.0443 

ggH126_2e2mu_pT4l_genbin2_recobin5 acc 0.0531 eff 0.0 outinratio 0.0075 

VBFH126_2e2mu_pT4l_genbin2_recobin5 acc 0.011 eff 0.0 outinratio 0.0 

WminusH126_2e2mu_pT4l_genbin2_recobin5 acc 0.0126 eff 0.0 outinratio 0.0186 

WplusH126_2e2mu_pT4l_genbin2_recobin5 acc 0.0104 eff 0.0 outinratio 0.0186 

ZH126_2e2mu_pT4l_genbin2_recobin5 acc 0.0116 eff 0.0 outinratio 0.0476 

ttH126_2e2mu_pT4l_genbin2_recobin5 acc 0.0067 eff 0.0 outinratio 0.0443 

ggH126_2e2mu_pT4l_genbin3_recobin5 acc 0.0423 eff 0.0021 outinratio 0.0075 

VBFH126_2e2mu_pT4l_genbin3_recobin5 acc 0.0154 eff 0.0 outinratio 0.0 

WminusH126_2e2mu_pT4l_genbin3_recobin5 acc 0.0155 eff 0.0037 outinratio 0.0186 

WplusH126_2e2mu_pT4l_genbin3_recobin5 acc 0.0124 eff 0.0047 outinratio 0.0186 

ZH126_2e2mu_pT4l_genbin3_recobin5 acc 0.0142 eff 0.0 outinratio 0.0476 

ttH126_2e2mu_pT4l_genbin3_recobin5 acc 0.0092 eff 0.0 outinratio 0.0443 

ggH126_2e2mu_pT4l_genbin4_recobin5 acc 0.0477 eff 0.0262 outinratio 0.0075 

VBFH126_2e2mu_pT4l_genbin4_recobin5 acc 0.024 eff 0.0248 outinratio 0.0 

WminusH126_2e2mu_pT4l_genbin4_recobin5 acc 0.0245 eff 0.0318 outinratio 0.0186 

WplusH126_2e2mu_pT4l_genbin4_recobin5 acc 0.0193 eff 0.0308 outinratio 0.0186 

ZH126_2e2mu_pT4l_genbin4_recobin5 acc 0.0213 eff 0.0304 outinratio 0.0476 

ttH126_2e2mu_pT4l_genbin4_recobin5 acc 0.0147 eff 0.0197 outinratio 0.0443 

ggH126_2e2mu_pT4l_genbin5_recobin5 acc 0.0447 eff 0.3934 outinratio 0.0075 

VBFH126_2e2mu_pT4l_genbin5_recobin5 acc 0.0325 eff 0.3858 outinratio 0.0 

WminusH126_2e2mu_pT4l_genbin5_recobin5 acc 0.0324 eff 0.3968 outinratio 0.0186 

WplusH126_2e2mu_pT4l_genbin5_recobin5 acc 0.027 eff 0.3748 outinratio 0.0186 

ZH126_2e2mu_pT4l_genbin5_recobin5 acc 0.0296 eff 0.3738 outinratio 0.0476 

ttH126_2e2mu_pT4l_genbin5_recobin5 acc 0.0224 eff 0.2763 outinratio 0.0443 

ggH126_2e2mu_pT4l_genbin6_recobin5 acc 0.0409 eff 0.032 outinratio 0.0075 

VBFH126_2e2mu_pT4l_genbin6_recobin5 acc 0.0532 eff 0.0146 outinratio 0.0 

WminusH126_2e2mu_pT4l_genbin6_recobin5 acc 0.0481 eff 0.0297 outinratio 0.0186 

WplusH126_2e2mu_pT4l_genbin6_recobin5 acc 0.0387 eff 0.0233 outinratio 0.0186 

ZH126_2e2mu_pT4l_genbin6_recobin5 acc 0.0413 eff 0.0226 outinratio 0.0476 

ttH126_2e2mu_pT4l_genbin6_recobin5 acc 0.0367 eff 0.0147 outinratio 0.0443 

ggH126_2e2mu_pT4l_genbin7_recobin5 acc 0.0348 eff 0.0 outinratio 0.0075 

VBFH126_2e2mu_pT4l_genbin7_recobin5 acc 0.0737 eff 0.0 outinratio 0.0 

WminusH126_2e2mu_pT4l_genbin7_recobin5 acc 0.0624 eff 0.0 outinratio 0.0186 

WplusH126_2e2mu_pT4l_genbin7_recobin5 acc 0.0536 eff 0.0004 outinratio 0.0186 

ZH126_2e2mu_pT4l_genbin7_recobin5 acc 0.059 eff 0.0 outinratio 0.0476 

ttH126_2e2mu_pT4l_genbin7_recobin5 acc 0.0547 eff 0.0 outinratio 0.0443 

ggH126_2e2mu_pT4l_genbin8_recobin5 acc 0.0256 eff 0.0 outinratio 0.0075 

VBFH126_2e2mu_pT4l_genbin8_recobin5 acc 0.0816 eff 0.0 outinratio 0.0 

WminusH126_2e2mu_pT4l_genbin8_recobin5 acc 0.0639 eff 0.0 outinratio 0.0186 

WplusH126_2e2mu_pT4l_genbin8_recobin5 acc 0.0557 eff 0.0 outinratio 0.0186 

ZH126_2e2mu_pT4l_genbin8_recobin5 acc 0.0602 eff 0.0 outinratio 0.0476 

ttH126_2e2mu_pT4l_genbin8_recobin5 acc 0.0703 eff 0.0 outinratio 0.0443 

ggH126_2e2mu_pT4l_genbin9_recobin5 acc 0.0191 eff 0.0 outinratio 0.0075 

VBFH126_2e2mu_pT4l_genbin9_recobin5 acc 0.0753 eff 0.0 outinratio 0.0 

WminusH126_2e2mu_pT4l_genbin9_recobin5 acc 0.0601 eff 0.0 outinratio 0.0186 

WplusH126_2e2mu_pT4l_genbin9_recobin5 acc 0.0559 eff 0.0 outinratio 0.0186 

ZH126_2e2mu_pT4l_genbin9_recobin5 acc 0.0599 eff 0.0 outinratio 0.0476 

ttH126_2e2mu_pT4l_genbin9_recobin5 acc 0.0867 eff 0.0 outinratio 0.0443 

ggH126_2e2mu_pT4l_genbin10_recobin5 acc 0.0209 eff 0.0 outinratio 0.0075 

VBFH126_2e2mu_pT4l_genbin10_recobin5 acc 0.0893 eff 0.0 outinratio 0.0 

WminusH126_2e2mu_pT4l_genbin10_recobin5 acc 0.0746 eff 0.0 outinratio 0.0186 

WplusH126_2e2mu_pT4l_genbin10_recobin5 acc 0.0796 eff 0.0 outinratio 0.0186 

ZH126_2e2mu_pT4l_genbin10_recobin5 acc 0.0776 eff 0.0 outinratio 0.0476 

ttH126_2e2mu_pT4l_genbin10_recobin5 acc 0.1654 eff 0.0 outinratio 0.0443 

ggH126_2e2mu_pT4l_genbin0_recobin6 acc 0.0586 eff 0.0 outinratio 0.0115 

VBFH126_2e2mu_pT4l_genbin0_recobin6 acc 0.0075 eff 0.0 outinratio 0.0075 

WminusH126_2e2mu_pT4l_genbin0_recobin6 acc 0.0063 eff 0.0 outinratio 0.0217 

WplusH126_2e2mu_pT4l_genbin0_recobin6 acc 0.0047 eff 0.0 outinratio 0.0195 

ZH126_2e2mu_pT4l_genbin0_recobin6 acc 0.0052 eff 0.0 outinratio 0.0676 

ttH126_2e2mu_pT4l_genbin0_recobin6 acc 0.0019 eff 0.0 outinratio 0.0767 

ggH126_2e2mu_pT4l_genbin1_recobin6 acc 0.0569 eff 0.0 outinratio 0.0115 

VBFH126_2e2mu_pT4l_genbin1_recobin6 acc 0.0083 eff 0.0 outinratio 0.0075 

WminusH126_2e2mu_pT4l_genbin1_recobin6 acc 0.0089 eff 0.0 outinratio 0.0217 

WplusH126_2e2mu_pT4l_genbin1_recobin6 acc 0.0072 eff 0.0 outinratio 0.0195 

ZH126_2e2mu_pT4l_genbin1_recobin6 acc 0.0071 eff 0.0 outinratio 0.0676 

ttH126_2e2mu_pT4l_genbin1_recobin6 acc 0.004 eff 0.0 outinratio 0.0767 

ggH126_2e2mu_pT4l_genbin2_recobin6 acc 0.0531 eff 0.0 outinratio 0.0115 

VBFH126_2e2mu_pT4l_genbin2_recobin6 acc 0.011 eff 0.0 outinratio 0.0075 

WminusH126_2e2mu_pT4l_genbin2_recobin6 acc 0.0126 eff 0.0 outinratio 0.0217 

WplusH126_2e2mu_pT4l_genbin2_recobin6 acc 0.0104 eff 0.0 outinratio 0.0195 

ZH126_2e2mu_pT4l_genbin2_recobin6 acc 0.0116 eff 0.0 outinratio 0.0676 

ttH126_2e2mu_pT4l_genbin2_recobin6 acc 0.0067 eff 0.0 outinratio 0.0767 

ggH126_2e2mu_pT4l_genbin3_recobin6 acc 0.0423 eff 0.0003 outinratio 0.0115 

VBFH126_2e2mu_pT4l_genbin3_recobin6 acc 0.0154 eff 0.0 outinratio 0.0075 

WminusH126_2e2mu_pT4l_genbin3_recobin6 acc 0.0155 eff 0.0 outinratio 0.0217 

WplusH126_2e2mu_pT4l_genbin3_recobin6 acc 0.0124 eff 0.0 outinratio 0.0195 

ZH126_2e2mu_pT4l_genbin3_recobin6 acc 0.0142 eff 0.0014 outinratio 0.0676 

ttH126_2e2mu_pT4l_genbin3_recobin6 acc 0.0092 eff 0.0 outinratio 0.0767 

ggH126_2e2mu_pT4l_genbin4_recobin6 acc 0.0477 eff 0.0009 outinratio 0.0115 

VBFH126_2e2mu_pT4l_genbin4_recobin6 acc 0.024 eff 0.0 outinratio 0.0075 

WminusH126_2e2mu_pT4l_genbin4_recobin6 acc 0.0245 eff 0.0006 outinratio 0.0217 

WplusH126_2e2mu_pT4l_genbin4_recobin6 acc 0.0193 eff 0.0 outinratio 0.0195 

ZH126_2e2mu_pT4l_genbin4_recobin6 acc 0.0213 eff 0.0019 outinratio 0.0676 

ttH126_2e2mu_pT4l_genbin4_recobin6 acc 0.0147 eff 0.0 outinratio 0.0767 

ggH126_2e2mu_pT4l_genbin5_recobin6 acc 0.0447 eff 0.0237 outinratio 0.0115 

VBFH126_2e2mu_pT4l_genbin5_recobin6 acc 0.0325 eff 0.0452 outinratio 0.0075 

WminusH126_2e2mu_pT4l_genbin5_recobin6 acc 0.0324 eff 0.0242 outinratio 0.0217 

WplusH126_2e2mu_pT4l_genbin5_recobin6 acc 0.027 eff 0.0196 outinratio 0.0195 

ZH126_2e2mu_pT4l_genbin5_recobin6 acc 0.0296 eff 0.0303 outinratio 0.0676 

ttH126_2e2mu_pT4l_genbin5_recobin6 acc 0.0224 eff 0.0369 outinratio 0.0767 

ggH126_2e2mu_pT4l_genbin6_recobin6 acc 0.0409 eff 0.4215 outinratio 0.0115 

VBFH126_2e2mu_pT4l_genbin6_recobin6 acc 0.0532 eff 0.4952 outinratio 0.0075 

WminusH126_2e2mu_pT4l_genbin6_recobin6 acc 0.0481 eff 0.3649 outinratio 0.0217 

WplusH126_2e2mu_pT4l_genbin6_recobin6 acc 0.0387 eff 0.4039 outinratio 0.0195 

ZH126_2e2mu_pT4l_genbin6_recobin6 acc 0.0413 eff 0.3942 outinratio 0.0676 

ttH126_2e2mu_pT4l_genbin6_recobin6 acc 0.0367 eff 0.2677 outinratio 0.0767 

ggH126_2e2mu_pT4l_genbin7_recobin6 acc 0.0348 eff 0.0275 outinratio 0.0115 

VBFH126_2e2mu_pT4l_genbin7_recobin6 acc 0.0737 eff 0.0158 outinratio 0.0075 

WminusH126_2e2mu_pT4l_genbin7_recobin6 acc 0.0624 eff 0.025 outinratio 0.0217 

WplusH126_2e2mu_pT4l_genbin7_recobin6 acc 0.0536 eff 0.0227 outinratio 0.0195 

ZH126_2e2mu_pT4l_genbin7_recobin6 acc 0.059 eff 0.0209 outinratio 0.0676 

ttH126_2e2mu_pT4l_genbin7_recobin6 acc 0.0547 eff 0.0179 outinratio 0.0767 

ggH126_2e2mu_pT4l_genbin8_recobin6 acc 0.0256 eff 0.0 outinratio 0.0115 

VBFH126_2e2mu_pT4l_genbin8_recobin6 acc 0.0816 eff 0.0 outinratio 0.0075 

WminusH126_2e2mu_pT4l_genbin8_recobin6 acc 0.0639 eff 0.0 outinratio 0.0217 

WplusH126_2e2mu_pT4l_genbin8_recobin6 acc 0.0557 eff 0.0 outinratio 0.0195 

ZH126_2e2mu_pT4l_genbin8_recobin6 acc 0.0602 eff 0.0011 outinratio 0.0676 

ttH126_2e2mu_pT4l_genbin8_recobin6 acc 0.0703 eff 0.0 outinratio 0.0767 

ggH126_2e2mu_pT4l_genbin9_recobin6 acc 0.0191 eff 0.0 outinratio 0.0115 

VBFH126_2e2mu_pT4l_genbin9_recobin6 acc 0.0753 eff 0.0 outinratio 0.0075 

WminusH126_2e2mu_pT4l_genbin9_recobin6 acc 0.0601 eff 0.0 outinratio 0.0217 

WplusH126_2e2mu_pT4l_genbin9_recobin6 acc 0.0559 eff 0.0 outinratio 0.0195 

ZH126_2e2mu_pT4l_genbin9_recobin6 acc 0.0599 eff 0.0 outinratio 0.0676 

ttH126_2e2mu_pT4l_genbin9_recobin6 acc 0.0867 eff 0.0 outinratio 0.0767 

ggH126_2e2mu_pT4l_genbin10_recobin6 acc 0.0209 eff 0.0 outinratio 0.0115 

VBFH126_2e2mu_pT4l_genbin10_recobin6 acc 0.0893 eff 0.0 outinratio 0.0075 

WminusH126_2e2mu_pT4l_genbin10_recobin6 acc 0.0746 eff 0.0 outinratio 0.0217 

WplusH126_2e2mu_pT4l_genbin10_recobin6 acc 0.0796 eff 0.0 outinratio 0.0195 

ZH126_2e2mu_pT4l_genbin10_recobin6 acc 0.0776 eff 0.0 outinratio 0.0676 

ttH126_2e2mu_pT4l_genbin10_recobin6 acc 0.1654 eff 0.0 outinratio 0.0767 

ggH126_2e2mu_pT4l_genbin0_recobin7 acc 0.0586 eff 0.0 outinratio 0.0056 

VBFH126_2e2mu_pT4l_genbin0_recobin7 acc 0.0075 eff 0.0 outinratio 0.0015 

WminusH126_2e2mu_pT4l_genbin0_recobin7 acc 0.0063 eff 0.0 outinratio 0.0232 

WplusH126_2e2mu_pT4l_genbin0_recobin7 acc 0.0047 eff 0.0 outinratio 0.0137 

ZH126_2e2mu_pT4l_genbin0_recobin7 acc 0.0052 eff 0.0 outinratio 0.0758 

ttH126_2e2mu_pT4l_genbin0_recobin7 acc 0.0019 eff 0.0 outinratio 0.0394 

ggH126_2e2mu_pT4l_genbin1_recobin7 acc 0.0569 eff 0.0 outinratio 0.0056 

VBFH126_2e2mu_pT4l_genbin1_recobin7 acc 0.0083 eff 0.0 outinratio 0.0015 

WminusH126_2e2mu_pT4l_genbin1_recobin7 acc 0.0089 eff 0.0 outinratio 0.0232 

WplusH126_2e2mu_pT4l_genbin1_recobin7 acc 0.0072 eff 0.0 outinratio 0.0137 

ZH126_2e2mu_pT4l_genbin1_recobin7 acc 0.0071 eff 0.0 outinratio 0.0758 

ttH126_2e2mu_pT4l_genbin1_recobin7 acc 0.004 eff 0.0 outinratio 0.0394 

ggH126_2e2mu_pT4l_genbin2_recobin7 acc 0.0531 eff 0.0 outinratio 0.0056 

VBFH126_2e2mu_pT4l_genbin2_recobin7 acc 0.011 eff 0.0 outinratio 0.0015 

WminusH126_2e2mu_pT4l_genbin2_recobin7 acc 0.0126 eff 0.0 outinratio 0.0232 

WplusH126_2e2mu_pT4l_genbin2_recobin7 acc 0.0104 eff 0.0 outinratio 0.0137 

ZH126_2e2mu_pT4l_genbin2_recobin7 acc 0.0116 eff 0.0 outinratio 0.0758 

ttH126_2e2mu_pT4l_genbin2_recobin7 acc 0.0067 eff 0.0 outinratio 0.0394 

ggH126_2e2mu_pT4l_genbin3_recobin7 acc 0.0423 eff 0.0 outinratio 0.0056 

VBFH126_2e2mu_pT4l_genbin3_recobin7 acc 0.0154 eff 0.0 outinratio 0.0015 

WminusH126_2e2mu_pT4l_genbin3_recobin7 acc 0.0155 eff 0.0 outinratio 0.0232 

WplusH126_2e2mu_pT4l_genbin3_recobin7 acc 0.0124 eff 0.0 outinratio 0.0137 

ZH126_2e2mu_pT4l_genbin3_recobin7 acc 0.0142 eff 0.0 outinratio 0.0758 

ttH126_2e2mu_pT4l_genbin3_recobin7 acc 0.0092 eff 0.0 outinratio 0.0394 

ggH126_2e2mu_pT4l_genbin4_recobin7 acc 0.0477 eff 0.0 outinratio 0.0056 

VBFH126_2e2mu_pT4l_genbin4_recobin7 acc 0.024 eff 0.0 outinratio 0.0015 

WminusH126_2e2mu_pT4l_genbin4_recobin7 acc 0.0245 eff 0.0 outinratio 0.0232 

WplusH126_2e2mu_pT4l_genbin4_recobin7 acc 0.0193 eff 0.0 outinratio 0.0137 

ZH126_2e2mu_pT4l_genbin4_recobin7 acc 0.0213 eff 0.0 outinratio 0.0758 

ttH126_2e2mu_pT4l_genbin4_recobin7 acc 0.0147 eff 0.0 outinratio 0.0394 

ggH126_2e2mu_pT4l_genbin5_recobin7 acc 0.0447 eff 0.0003 outinratio 0.0056 

VBFH126_2e2mu_pT4l_genbin5_recobin7 acc 0.0325 eff 0.0085 outinratio 0.0015 

WminusH126_2e2mu_pT4l_genbin5_recobin7 acc 0.0324 eff 0.0 outinratio 0.0232 

WplusH126_2e2mu_pT4l_genbin5_recobin7 acc 0.027 eff 0.0002 outinratio 0.0137 

ZH126_2e2mu_pT4l_genbin5_recobin7 acc 0.0296 eff 0.0 outinratio 0.0758 

ttH126_2e2mu_pT4l_genbin5_recobin7 acc 0.0224 eff 0.0 outinratio 0.0394 

ggH126_2e2mu_pT4l_genbin6_recobin7 acc 0.0409 eff 0.0155 outinratio 0.0056 

VBFH126_2e2mu_pT4l_genbin6_recobin7 acc 0.0532 eff 0.0101 outinratio 0.0015 

WminusH126_2e2mu_pT4l_genbin6_recobin7 acc 0.0481 eff 0.0181 outinratio 0.0232 

WplusH126_2e2mu_pT4l_genbin6_recobin7 acc 0.0387 eff 0.0153 outinratio 0.0137 

ZH126_2e2mu_pT4l_genbin6_recobin7 acc 0.0413 eff 0.015 outinratio 0.0758 

ttH126_2e2mu_pT4l_genbin6_recobin7 acc 0.0367 eff 0.0163 outinratio 0.0394 

ggH126_2e2mu_pT4l_genbin7_recobin7 acc 0.0348 eff 0.4374 outinratio 0.0056 

VBFH126_2e2mu_pT4l_genbin7_recobin7 acc 0.0737 eff 0.4516 outinratio 0.0015 

WminusH126_2e2mu_pT4l_genbin7_recobin7 acc 0.0624 eff 0.403 outinratio 0.0232 

WplusH126_2e2mu_pT4l_genbin7_recobin7 acc 0.0536 eff 0.3915 outinratio 0.0137 

ZH126_2e2mu_pT4l_genbin7_recobin7 acc 0.059 eff 0.3958 outinratio 0.0758 

ttH126_2e2mu_pT4l_genbin7_recobin7 acc 0.0547 eff 0.3094 outinratio 0.0394 

ggH126_2e2mu_pT4l_genbin8_recobin7 acc 0.0256 eff 0.0245 outinratio 0.0056 

VBFH126_2e2mu_pT4l_genbin8_recobin7 acc 0.0816 eff 0.0268 outinratio 0.0015 

WminusH126_2e2mu_pT4l_genbin8_recobin7 acc 0.0639 eff 0.0224 outinratio 0.0232 

WplusH126_2e2mu_pT4l_genbin8_recobin7 acc 0.0557 eff 0.0167 outinratio 0.0137 

ZH126_2e2mu_pT4l_genbin8_recobin7 acc 0.0602 eff 0.0228 outinratio 0.0758 

ttH126_2e2mu_pT4l_genbin8_recobin7 acc 0.0703 eff 0.0065 outinratio 0.0394 

ggH126_2e2mu_pT4l_genbin9_recobin7 acc 0.0191 eff 0.0 outinratio 0.0056 

VBFH126_2e2mu_pT4l_genbin9_recobin7 acc 0.0753 eff 0.0 outinratio 0.0015 

WminusH126_2e2mu_pT4l_genbin9_recobin7 acc 0.0601 eff 0.0 outinratio 0.0232 

WplusH126_2e2mu_pT4l_genbin9_recobin7 acc 0.0559 eff 0.0 outinratio 0.0137 

ZH126_2e2mu_pT4l_genbin9_recobin7 acc 0.0599 eff 0.0 outinratio 0.0758 

ttH126_2e2mu_pT4l_genbin9_recobin7 acc 0.0867 eff 0.0 outinratio 0.0394 

ggH126_2e2mu_pT4l_genbin10_recobin7 acc 0.0209 eff 0.0 outinratio 0.0056 

VBFH126_2e2mu_pT4l_genbin10_recobin7 acc 0.0893 eff 0.0 outinratio 0.0015 

WminusH126_2e2mu_pT4l_genbin10_recobin7 acc 0.0746 eff 0.0 outinratio 0.0232 

WplusH126_2e2mu_pT4l_genbin10_recobin7 acc 0.0796 eff 0.0 outinratio 0.0137 

ZH126_2e2mu_pT4l_genbin10_recobin7 acc 0.0776 eff 0.0 outinratio 0.0758 

ttH126_2e2mu_pT4l_genbin10_recobin7 acc 0.1654 eff 0.0 outinratio 0.0394 

ggH126_2e2mu_pT4l_genbin0_recobin8 acc 0.0586 eff 0.0 outinratio 0.0068 

VBFH126_2e2mu_pT4l_genbin0_recobin8 acc 0.0075 eff 0.0 outinratio 0.0066 

WminusH126_2e2mu_pT4l_genbin0_recobin8 acc 0.0063 eff 0.0 outinratio 0.0109 

WplusH126_2e2mu_pT4l_genbin0_recobin8 acc 0.0047 eff 0.0 outinratio 0.0136 

ZH126_2e2mu_pT4l_genbin0_recobin8 acc 0.0052 eff 0.0 outinratio 0.0668 

ttH126_2e2mu_pT4l_genbin0_recobin8 acc 0.0019 eff 0.0 outinratio 0.0563 

ggH126_2e2mu_pT4l_genbin1_recobin8 acc 0.0569 eff 0.0 outinratio 0.0068 

VBFH126_2e2mu_pT4l_genbin1_recobin8 acc 0.0083 eff 0.0 outinratio 0.0066 

WminusH126_2e2mu_pT4l_genbin1_recobin8 acc 0.0089 eff 0.0 outinratio 0.0109 

WplusH126_2e2mu_pT4l_genbin1_recobin8 acc 0.0072 eff 0.0 outinratio 0.0136 

ZH126_2e2mu_pT4l_genbin1_recobin8 acc 0.0071 eff 0.0 outinratio 0.0668 

ttH126_2e2mu_pT4l_genbin1_recobin8 acc 0.004 eff 0.0 outinratio 0.0563 

ggH126_2e2mu_pT4l_genbin2_recobin8 acc 0.0531 eff 0.0 outinratio 0.0068 

VBFH126_2e2mu_pT4l_genbin2_recobin8 acc 0.011 eff 0.0 outinratio 0.0066 

WminusH126_2e2mu_pT4l_genbin2_recobin8 acc 0.0126 eff 0.0 outinratio 0.0109 

WplusH126_2e2mu_pT4l_genbin2_recobin8 acc 0.0104 eff 0.0 outinratio 0.0136 

ZH126_2e2mu_pT4l_genbin2_recobin8 acc 0.0116 eff 0.0 outinratio 0.0668 

ttH126_2e2mu_pT4l_genbin2_recobin8 acc 0.0067 eff 0.0 outinratio 0.0563 

ggH126_2e2mu_pT4l_genbin3_recobin8 acc 0.0423 eff 0.0 outinratio 0.0068 

VBFH126_2e2mu_pT4l_genbin3_recobin8 acc 0.0154 eff 0.0 outinratio 0.0066 

WminusH126_2e2mu_pT4l_genbin3_recobin8 acc 0.0155 eff 0.0 outinratio 0.0109 

WplusH126_2e2mu_pT4l_genbin3_recobin8 acc 0.0124 eff 0.0 outinratio 0.0136 

ZH126_2e2mu_pT4l_genbin3_recobin8 acc 0.0142 eff 0.0 outinratio 0.0668 

ttH126_2e2mu_pT4l_genbin3_recobin8 acc 0.0092 eff 0.0 outinratio 0.0563 

ggH126_2e2mu_pT4l_genbin4_recobin8 acc 0.0477 eff 0.0 outinratio 0.0068 

VBFH126_2e2mu_pT4l_genbin4_recobin8 acc 0.024 eff 0.0 outinratio 0.0066 

WminusH126_2e2mu_pT4l_genbin4_recobin8 acc 0.0245 eff 0.0 outinratio 0.0109 

WplusH126_2e2mu_pT4l_genbin4_recobin8 acc 0.0193 eff 0.0 outinratio 0.0136 

ZH126_2e2mu_pT4l_genbin4_recobin8 acc 0.0213 eff 0.0 outinratio 0.0668 

ttH126_2e2mu_pT4l_genbin4_recobin8 acc 0.0147 eff 0.0 outinratio 0.0563 

ggH126_2e2mu_pT4l_genbin5_recobin8 acc 0.0447 eff 0.0 outinratio 0.0068 

VBFH126_2e2mu_pT4l_genbin5_recobin8 acc 0.0325 eff 0.0 outinratio 0.0066 

WminusH126_2e2mu_pT4l_genbin5_recobin8 acc 0.0324 eff 0.0 outinratio 0.0109 

WplusH126_2e2mu_pT4l_genbin5_recobin8 acc 0.027 eff 0.0 outinratio 0.0136 

ZH126_2e2mu_pT4l_genbin5_recobin8 acc 0.0296 eff 0.0 outinratio 0.0668 

ttH126_2e2mu_pT4l_genbin5_recobin8 acc 0.0224 eff 0.0 outinratio 0.0563 

ggH126_2e2mu_pT4l_genbin6_recobin8 acc 0.0409 eff 0.0 outinratio 0.0068 

VBFH126_2e2mu_pT4l_genbin6_recobin8 acc 0.0532 eff 0.0 outinratio 0.0066 

WminusH126_2e2mu_pT4l_genbin6_recobin8 acc 0.0481 eff 0.0 outinratio 0.0109 

WplusH126_2e2mu_pT4l_genbin6_recobin8 acc 0.0387 eff 0.0 outinratio 0.0136 

ZH126_2e2mu_pT4l_genbin6_recobin8 acc 0.0413 eff 0.0 outinratio 0.0668 

ttH126_2e2mu_pT4l_genbin6_recobin8 acc 0.0367 eff 0.0 outinratio 0.0563 

ggH126_2e2mu_pT4l_genbin7_recobin8 acc 0.0348 eff 0.0133 outinratio 0.0068 

VBFH126_2e2mu_pT4l_genbin7_recobin8 acc 0.0737 eff 0.0056 outinratio 0.0066 

WminusH126_2e2mu_pT4l_genbin7_recobin8 acc 0.0624 eff 0.0099 outinratio 0.0109 

WplusH126_2e2mu_pT4l_genbin7_recobin8 acc 0.0536 eff 0.0104 outinratio 0.0136 

ZH126_2e2mu_pT4l_genbin7_recobin8 acc 0.059 eff 0.0125 outinratio 0.0668 

ttH126_2e2mu_pT4l_genbin7_recobin8 acc 0.0547 eff 0.0033 outinratio 0.0563 

ggH126_2e2mu_pT4l_genbin8_recobin8 acc 0.0256 eff 0.445 outinratio 0.0068 

VBFH126_2e2mu_pT4l_genbin8_recobin8 acc 0.0816 eff 0.452 outinratio 0.0066 

WminusH126_2e2mu_pT4l_genbin8_recobin8 acc 0.0639 eff 0.4333 outinratio 0.0109 

WplusH126_2e2mu_pT4l_genbin8_recobin8 acc 0.0557 eff 0.4441 outinratio 0.0136 

ZH126_2e2mu_pT4l_genbin8_recobin8 acc 0.0602 eff 0.3667 outinratio 0.0668 

ttH126_2e2mu_pT4l_genbin8_recobin8 acc 0.0703 eff 0.2907 outinratio 0.0563 

ggH126_2e2mu_pT4l_genbin9_recobin8 acc 0.0191 eff 0.0247 outinratio 0.0068 

VBFH126_2e2mu_pT4l_genbin9_recobin8 acc 0.0753 eff 0.0319 outinratio 0.0066 

WminusH126_2e2mu_pT4l_genbin9_recobin8 acc 0.0601 eff 0.0128 outinratio 0.0109 

WplusH126_2e2mu_pT4l_genbin9_recobin8 acc 0.0559 eff 0.0241 outinratio 0.0136 

ZH126_2e2mu_pT4l_genbin9_recobin8 acc 0.0599 eff 0.0172 outinratio 0.0668 

ttH126_2e2mu_pT4l_genbin9_recobin8 acc 0.0867 eff 0.0089 outinratio 0.0563 

ggH126_2e2mu_pT4l_genbin10_recobin8 acc 0.0209 eff 0.0 outinratio 0.0068 

VBFH126_2e2mu_pT4l_genbin10_recobin8 acc 0.0893 eff 0.0 outinratio 0.0066 

WminusH126_2e2mu_pT4l_genbin10_recobin8 acc 0.0746 eff 0.0 outinratio 0.0109 

WplusH126_2e2mu_pT4l_genbin10_recobin8 acc 0.0796 eff 0.0 outinratio 0.0136 

ZH126_2e2mu_pT4l_genbin10_recobin8 acc 0.0776 eff 0.0 outinratio 0.0668 

ttH126_2e2mu_pT4l_genbin10_recobin8 acc 0.1654 eff 0.0 outinratio 0.0563 

ggH126_2e2mu_pT4l_genbin0_recobin9 acc 0.0586 eff 0.0 outinratio 0.0082 

VBFH126_2e2mu_pT4l_genbin0_recobin9 acc 0.0075 eff 0.0 outinratio 0.0047 

WminusH126_2e2mu_pT4l_genbin0_recobin9 acc 0.0063 eff 0.0 outinratio 0.0184 

WplusH126_2e2mu_pT4l_genbin0_recobin9 acc 0.0047 eff 0.0 outinratio 0.0156 

ZH126_2e2mu_pT4l_genbin0_recobin9 acc 0.0052 eff 0.0 outinratio 0.0522 

ttH126_2e2mu_pT4l_genbin0_recobin9 acc 0.0019 eff 0.0 outinratio 0.0359 

ggH126_2e2mu_pT4l_genbin1_recobin9 acc 0.0569 eff 0.0 outinratio 0.0082 

VBFH126_2e2mu_pT4l_genbin1_recobin9 acc 0.0083 eff 0.0 outinratio 0.0047 

WminusH126_2e2mu_pT4l_genbin1_recobin9 acc 0.0089 eff 0.0 outinratio 0.0184 

WplusH126_2e2mu_pT4l_genbin1_recobin9 acc 0.0072 eff 0.0 outinratio 0.0156 

ZH126_2e2mu_pT4l_genbin1_recobin9 acc 0.0071 eff 0.0 outinratio 0.0522 

ttH126_2e2mu_pT4l_genbin1_recobin9 acc 0.004 eff 0.0 outinratio 0.0359 

ggH126_2e2mu_pT4l_genbin2_recobin9 acc 0.0531 eff 0.0 outinratio 0.0082 

VBFH126_2e2mu_pT4l_genbin2_recobin9 acc 0.011 eff 0.0 outinratio 0.0047 

WminusH126_2e2mu_pT4l_genbin2_recobin9 acc 0.0126 eff 0.0 outinratio 0.0184 

WplusH126_2e2mu_pT4l_genbin2_recobin9 acc 0.0104 eff 0.0 outinratio 0.0156 

ZH126_2e2mu_pT4l_genbin2_recobin9 acc 0.0116 eff 0.0 outinratio 0.0522 

ttH126_2e2mu_pT4l_genbin2_recobin9 acc 0.0067 eff 0.0 outinratio 0.0359 

ggH126_2e2mu_pT4l_genbin3_recobin9 acc 0.0423 eff 0.0 outinratio 0.0082 

VBFH126_2e2mu_pT4l_genbin3_recobin9 acc 0.0154 eff 0.0 outinratio 0.0047 

WminusH126_2e2mu_pT4l_genbin3_recobin9 acc 0.0155 eff 0.0 outinratio 0.0184 

WplusH126_2e2mu_pT4l_genbin3_recobin9 acc 0.0124 eff 0.0 outinratio 0.0156 

ZH126_2e2mu_pT4l_genbin3_recobin9 acc 0.0142 eff 0.0 outinratio 0.0522 

ttH126_2e2mu_pT4l_genbin3_recobin9 acc 0.0092 eff 0.0 outinratio 0.0359 

ggH126_2e2mu_pT4l_genbin4_recobin9 acc 0.0477 eff 0.0 outinratio 0.0082 

VBFH126_2e2mu_pT4l_genbin4_recobin9 acc 0.024 eff 0.0 outinratio 0.0047 

WminusH126_2e2mu_pT4l_genbin4_recobin9 acc 0.0245 eff 0.0 outinratio 0.0184 

WplusH126_2e2mu_pT4l_genbin4_recobin9 acc 0.0193 eff 0.0 outinratio 0.0156 

ZH126_2e2mu_pT4l_genbin4_recobin9 acc 0.0213 eff 0.0 outinratio 0.0522 

ttH126_2e2mu_pT4l_genbin4_recobin9 acc 0.0147 eff 0.0 outinratio 0.0359 

ggH126_2e2mu_pT4l_genbin5_recobin9 acc 0.0447 eff 0.0 outinratio 0.0082 

VBFH126_2e2mu_pT4l_genbin5_recobin9 acc 0.0325 eff 0.0 outinratio 0.0047 

WminusH126_2e2mu_pT4l_genbin5_recobin9 acc 0.0324 eff 0.0 outinratio 0.0184 

WplusH126_2e2mu_pT4l_genbin5_recobin9 acc 0.027 eff 0.0 outinratio 0.0156 

ZH126_2e2mu_pT4l_genbin5_recobin9 acc 0.0296 eff 0.0 outinratio 0.0522 

ttH126_2e2mu_pT4l_genbin5_recobin9 acc 0.0224 eff 0.0 outinratio 0.0359 

ggH126_2e2mu_pT4l_genbin6_recobin9 acc 0.0409 eff 0.0 outinratio 0.0082 

VBFH126_2e2mu_pT4l_genbin6_recobin9 acc 0.0532 eff 0.0 outinratio 0.0047 

WminusH126_2e2mu_pT4l_genbin6_recobin9 acc 0.0481 eff 0.0 outinratio 0.0184 

WplusH126_2e2mu_pT4l_genbin6_recobin9 acc 0.0387 eff 0.0 outinratio 0.0156 

ZH126_2e2mu_pT4l_genbin6_recobin9 acc 0.0413 eff 0.0 outinratio 0.0522 

ttH126_2e2mu_pT4l_genbin6_recobin9 acc 0.0367 eff 0.0 outinratio 0.0359 

ggH126_2e2mu_pT4l_genbin7_recobin9 acc 0.0348 eff 0.0 outinratio 0.0082 

VBFH126_2e2mu_pT4l_genbin7_recobin9 acc 0.0737 eff 0.0 outinratio 0.0047 

WminusH126_2e2mu_pT4l_genbin7_recobin9 acc 0.0624 eff 0.0 outinratio 0.0184 

WplusH126_2e2mu_pT4l_genbin7_recobin9 acc 0.0536 eff 0.0 outinratio 0.0156 

ZH126_2e2mu_pT4l_genbin7_recobin9 acc 0.059 eff 0.0 outinratio 0.0522 

ttH126_2e2mu_pT4l_genbin7_recobin9 acc 0.0547 eff 0.0 outinratio 0.0359 

ggH126_2e2mu_pT4l_genbin8_recobin9 acc 0.0256 eff 0.0073 outinratio 0.0082 

VBFH126_2e2mu_pT4l_genbin8_recobin9 acc 0.0816 eff 0.0083 outinratio 0.0047 

WminusH126_2e2mu_pT4l_genbin8_recobin9 acc 0.0639 eff 0.0087 outinratio 0.0184 

WplusH126_2e2mu_pT4l_genbin8_recobin9 acc 0.0557 eff 0.007 outinratio 0.0156 

ZH126_2e2mu_pT4l_genbin8_recobin9 acc 0.0602 eff 0.0102 outinratio 0.0522 

ttH126_2e2mu_pT4l_genbin8_recobin9 acc 0.0703 eff 0.0139 outinratio 0.0359 

ggH126_2e2mu_pT4l_genbin9_recobin9 acc 0.0191 eff 0.4646 outinratio 0.0082 

VBFH126_2e2mu_pT4l_genbin9_recobin9 acc 0.0753 eff 0.4598 outinratio 0.0047 

WminusH126_2e2mu_pT4l_genbin9_recobin9 acc 0.0601 eff 0.4822 outinratio 0.0184 

WplusH126_2e2mu_pT4l_genbin9_recobin9 acc 0.0559 eff 0.4314 outinratio 0.0156 

ZH126_2e2mu_pT4l_genbin9_recobin9 acc 0.0599 eff 0.4651 outinratio 0.0522 

ttH126_2e2mu_pT4l_genbin9_recobin9 acc 0.0867 eff 0.3616 outinratio 0.0359 

ggH126_2e2mu_pT4l_genbin10_recobin9 acc 0.0209 eff 0.0156 outinratio 0.0082 

VBFH126_2e2mu_pT4l_genbin10_recobin9 acc 0.0893 eff 0.0291 outinratio 0.0047 

WminusH126_2e2mu_pT4l_genbin10_recobin9 acc 0.0746 eff 0.0112 outinratio 0.0184 

WplusH126_2e2mu_pT4l_genbin10_recobin9 acc 0.0796 eff 0.0086 outinratio 0.0156 

ZH126_2e2mu_pT4l_genbin10_recobin9 acc 0.0776 eff 0.0099 outinratio 0.0522 

ttH126_2e2mu_pT4l_genbin10_recobin9 acc 0.1654 eff 0.004 outinratio 0.0359 

ggH126_2e2mu_pT4l_genbin0_recobin10 acc 0.0586 eff 0.0 outinratio 0.008 

VBFH126_2e2mu_pT4l_genbin0_recobin10 acc 0.0075 eff 0.0 outinratio 0.0034 

WminusH126_2e2mu_pT4l_genbin0_recobin10 acc 0.0063 eff 0.0 outinratio 0.0183 

WplusH126_2e2mu_pT4l_genbin0_recobin10 acc 0.0047 eff 0.0 outinratio 0.0183 

ZH126_2e2mu_pT4l_genbin0_recobin10 acc 0.0052 eff 0.0 outinratio 0.052 

ttH126_2e2mu_pT4l_genbin0_recobin10 acc 0.0019 eff 0.0 outinratio 0.0365 

ggH126_2e2mu_pT4l_genbin1_recobin10 acc 0.0569 eff 0.0 outinratio 0.008 

VBFH126_2e2mu_pT4l_genbin1_recobin10 acc 0.0083 eff 0.0 outinratio 0.0034 

WminusH126_2e2mu_pT4l_genbin1_recobin10 acc 0.0089 eff 0.0 outinratio 0.0183 

WplusH126_2e2mu_pT4l_genbin1_recobin10 acc 0.0072 eff 0.0 outinratio 0.0183 

ZH126_2e2mu_pT4l_genbin1_recobin10 acc 0.0071 eff 0.0 outinratio 0.052 

ttH126_2e2mu_pT4l_genbin1_recobin10 acc 0.004 eff 0.0 outinratio 0.0365 

ggH126_2e2mu_pT4l_genbin2_recobin10 acc 0.0531 eff 0.0 outinratio 0.008 

VBFH126_2e2mu_pT4l_genbin2_recobin10 acc 0.011 eff 0.0 outinratio 0.0034 

WminusH126_2e2mu_pT4l_genbin2_recobin10 acc 0.0126 eff 0.0 outinratio 0.0183 

WplusH126_2e2mu_pT4l_genbin2_recobin10 acc 0.0104 eff 0.0 outinratio 0.0183 

ZH126_2e2mu_pT4l_genbin2_recobin10 acc 0.0116 eff 0.0 outinratio 0.052 

ttH126_2e2mu_pT4l_genbin2_recobin10 acc 0.0067 eff 0.0 outinratio 0.0365 

ggH126_2e2mu_pT4l_genbin3_recobin10 acc 0.0423 eff 0.0 outinratio 0.008 

VBFH126_2e2mu_pT4l_genbin3_recobin10 acc 0.0154 eff 0.0 outinratio 0.0034 

WminusH126_2e2mu_pT4l_genbin3_recobin10 acc 0.0155 eff 0.0 outinratio 0.0183 

WplusH126_2e2mu_pT4l_genbin3_recobin10 acc 0.0124 eff 0.0 outinratio 0.0183 

ZH126_2e2mu_pT4l_genbin3_recobin10 acc 0.0142 eff 0.0 outinratio 0.052 

ttH126_2e2mu_pT4l_genbin3_recobin10 acc 0.0092 eff 0.0 outinratio 0.0365 

ggH126_2e2mu_pT4l_genbin4_recobin10 acc 0.0477 eff 0.0 outinratio 0.008 

VBFH126_2e2mu_pT4l_genbin4_recobin10 acc 0.024 eff 0.0 outinratio 0.0034 

WminusH126_2e2mu_pT4l_genbin4_recobin10 acc 0.0245 eff 0.0 outinratio 0.0183 

WplusH126_2e2mu_pT4l_genbin4_recobin10 acc 0.0193 eff 0.0 outinratio 0.0183 

ZH126_2e2mu_pT4l_genbin4_recobin10 acc 0.0213 eff 0.0 outinratio 0.052 

ttH126_2e2mu_pT4l_genbin4_recobin10 acc 0.0147 eff 0.0 outinratio 0.0365 

ggH126_2e2mu_pT4l_genbin5_recobin10 acc 0.0447 eff 0.0 outinratio 0.008 

VBFH126_2e2mu_pT4l_genbin5_recobin10 acc 0.0325 eff 0.0 outinratio 0.0034 

WminusH126_2e2mu_pT4l_genbin5_recobin10 acc 0.0324 eff 0.0 outinratio 0.0183 

WplusH126_2e2mu_pT4l_genbin5_recobin10 acc 0.027 eff 0.0 outinratio 0.0183 

ZH126_2e2mu_pT4l_genbin5_recobin10 acc 0.0296 eff 0.0 outinratio 0.052 

ttH126_2e2mu_pT4l_genbin5_recobin10 acc 0.0224 eff 0.0 outinratio 0.0365 

ggH126_2e2mu_pT4l_genbin6_recobin10 acc 0.0409 eff 0.0 outinratio 0.008 

VBFH126_2e2mu_pT4l_genbin6_recobin10 acc 0.0532 eff 0.0 outinratio 0.0034 

WminusH126_2e2mu_pT4l_genbin6_recobin10 acc 0.0481 eff 0.0 outinratio 0.0183 

WplusH126_2e2mu_pT4l_genbin6_recobin10 acc 0.0387 eff 0.0 outinratio 0.0183 

ZH126_2e2mu_pT4l_genbin6_recobin10 acc 0.0413 eff 0.0 outinratio 0.052 

ttH126_2e2mu_pT4l_genbin6_recobin10 acc 0.0367 eff 0.0 outinratio 0.0365 

ggH126_2e2mu_pT4l_genbin7_recobin10 acc 0.0348 eff 0.0 outinratio 0.008 

VBFH126_2e2mu_pT4l_genbin7_recobin10 acc 0.0737 eff 0.0 outinratio 0.0034 

WminusH126_2e2mu_pT4l_genbin7_recobin10 acc 0.0624 eff 0.0 outinratio 0.0183 

WplusH126_2e2mu_pT4l_genbin7_recobin10 acc 0.0536 eff 0.0 outinratio 0.0183 

ZH126_2e2mu_pT4l_genbin7_recobin10 acc 0.059 eff 0.0 outinratio 0.052 

ttH126_2e2mu_pT4l_genbin7_recobin10 acc 0.0547 eff 0.0 outinratio 0.0365 

ggH126_2e2mu_pT4l_genbin8_recobin10 acc 0.0256 eff 0.0 outinratio 0.008 

VBFH126_2e2mu_pT4l_genbin8_recobin10 acc 0.0816 eff 0.0 outinratio 0.0034 

WminusH126_2e2mu_pT4l_genbin8_recobin10 acc 0.0639 eff 0.0 outinratio 0.0183 

WplusH126_2e2mu_pT4l_genbin8_recobin10 acc 0.0557 eff 0.0 outinratio 0.0183 

ZH126_2e2mu_pT4l_genbin8_recobin10 acc 0.0602 eff 0.0 outinratio 0.052 

ttH126_2e2mu_pT4l_genbin8_recobin10 acc 0.0703 eff 0.0 outinratio 0.0365 

ggH126_2e2mu_pT4l_genbin9_recobin10 acc 0.0191 eff 0.0065 outinratio 0.008 

VBFH126_2e2mu_pT4l_genbin9_recobin10 acc 0.0753 eff 0.0062 outinratio 0.0034 

WminusH126_2e2mu_pT4l_genbin9_recobin10 acc 0.0601 eff 0.0046 outinratio 0.0183 

WplusH126_2e2mu_pT4l_genbin9_recobin10 acc 0.0559 eff 0.0091 outinratio 0.0183 

ZH126_2e2mu_pT4l_genbin9_recobin10 acc 0.0599 eff 0.0088 outinratio 0.052 

ttH126_2e2mu_pT4l_genbin9_recobin10 acc 0.0867 eff 0.007 outinratio 0.0365 

ggH126_2e2mu_pT4l_genbin10_recobin10 acc 0.0209 eff 0.5467 outinratio 0.008 

VBFH126_2e2mu_pT4l_genbin10_recobin10 acc 0.0893 eff 0.5389 outinratio 0.0034 

WminusH126_2e2mu_pT4l_genbin10_recobin10 acc 0.0746 eff 0.5095 outinratio 0.0183 

WplusH126_2e2mu_pT4l_genbin10_recobin10 acc 0.0796 eff 0.5061 outinratio 0.0183 

ZH126_2e2mu_pT4l_genbin10_recobin10 acc 0.0776 eff 0.5211 outinratio 0.052 

ttH126_2e2mu_pT4l_genbin10_recobin10 acc 0.1654 eff 0.4378 outinratio 0.0365 

Coeff fullNNLOPS
