Welcome in RunCoefficients!
OPT SPLIT
DEBUG opt.YEAR = 2024_6
It is a single-differential measurement, binning [-1.0, -0.75, -0.5, -0.25, 0.0, 0.25, 0.5, 0.75, 1.0]
costheta2
Following observables extracted from dictionary: RECO =  costheta2  GEN =  GENcostheta2
LUMI: 10.882200000000001
ttH126 0.00046886125
Processing ggH126 2024_6
Signal created
Signal failed created
Processing VBFH126 2024_6
Signal created
Signal failed created
Processing WminusH126 2024_6
Signal created
Signal failed created
Processing WplusH126 2024_6
Signal created
Signal failed created
Processing ZH126 2024_6
Signal created
Signal failed created
Processing ttH126 2024_6
Signal created
Signal failed created
2024_6 SKIMMED df CREATED
2024_6 ggH126
2024_6 VBFH126
2024_6 WminusH126
2024_6 WplusH126
2024_6 ZH126
2024_6 ttH126
Dataframes created successfully
Coeff std
ggH126_4l_costhetaZ2_genbin0_recobin0 acc 0.0296 eff 0.4986 outinratio 0.0641 

VBFH126_4l_costhetaZ2_genbin0_recobin0 acc 0.0275 eff 0.5266 outinratio 0.0573 

WminusH126_4l_costhetaZ2_genbin0_recobin0 acc 0.0279 eff 0.487 outinratio 0.0624 

WplusH126_4l_costhetaZ2_genbin0_recobin0 acc 0.0256 eff 0.4512 outinratio 0.1502 

ZH126_4l_costhetaZ2_genbin0_recobin0 acc 0.0251 eff 0.4426 outinratio 0.1007 

ttH126_4l_costhetaZ2_genbin0_recobin0 acc 0.0257 eff 0.5038 outinratio 0.2044 

ggH126_4l_costhetaZ2_genbin1_recobin0 acc 0.0473 eff 0.0164 outinratio 0.0641 

VBFH126_4l_costhetaZ2_genbin1_recobin0 acc 0.0543 eff 0.0152 outinratio 0.0573 

WminusH126_4l_costhetaZ2_genbin1_recobin0 acc 0.0429 eff 0.0245 outinratio 0.0624 

WplusH126_4l_costhetaZ2_genbin1_recobin0 acc 0.0363 eff 0.0223 outinratio 0.1502 

ZH126_4l_costhetaZ2_genbin1_recobin0 acc 0.0404 eff 0.0134 outinratio 0.1007 

ttH126_4l_costhetaZ2_genbin1_recobin0 acc 0.0375 eff 0.0185 outinratio 0.2044 

ggH126_4l_costhetaZ2_genbin2_recobin0 acc 0.0596 eff 0.0009 outinratio 0.0641 

VBFH126_4l_costhetaZ2_genbin2_recobin0 acc 0.0689 eff 0.0 outinratio 0.0573 

WminusH126_4l_costhetaZ2_genbin2_recobin0 acc 0.0534 eff 0.0006 outinratio 0.0624 

WplusH126_4l_costhetaZ2_genbin2_recobin0 acc 0.0467 eff 0.0 outinratio 0.1502 

ZH126_4l_costhetaZ2_genbin2_recobin0 acc 0.0492 eff 0.0 outinratio 0.1007 

ttH126_4l_costhetaZ2_genbin2_recobin0 acc 0.0468 eff 0.0012 outinratio 0.2044 

ggH126_4l_costhetaZ2_genbin3_recobin0 acc 0.0663 eff 0.0 outinratio 0.0641 

VBFH126_4l_costhetaZ2_genbin3_recobin0 acc 0.0731 eff 0.0 outinratio 0.0573 

WminusH126_4l_costhetaZ2_genbin3_recobin0 acc 0.0552 eff 0.0 outinratio 0.0624 

WplusH126_4l_costhetaZ2_genbin3_recobin0 acc 0.0469 eff 0.0 outinratio 0.1502 

ZH126_4l_costhetaZ2_genbin3_recobin0 acc 0.0618 eff 0.0 outinratio 0.1007 

ttH126_4l_costhetaZ2_genbin3_recobin0 acc 0.0509 eff 0.0 outinratio 0.2044 

ggH126_4l_costhetaZ2_genbin4_recobin0 acc 0.0674 eff 0.0 outinratio 0.0641 

VBFH126_4l_costhetaZ2_genbin4_recobin0 acc 0.0698 eff 0.0 outinratio 0.0573 

WminusH126_4l_costhetaZ2_genbin4_recobin0 acc 0.0532 eff 0.0 outinratio 0.0624 

WplusH126_4l_costhetaZ2_genbin4_recobin0 acc 0.0522 eff 0.0006 outinratio 0.1502 

ZH126_4l_costhetaZ2_genbin4_recobin0 acc 0.0564 eff 0.0 outinratio 0.1007 

ttH126_4l_costhetaZ2_genbin4_recobin0 acc 0.0501 eff 0.0002 outinratio 0.2044 

ggH126_4l_costhetaZ2_genbin5_recobin0 acc 0.0622 eff 0.0007 outinratio 0.0641 

VBFH126_4l_costhetaZ2_genbin5_recobin0 acc 0.0654 eff 0.0 outinratio 0.0573 

WminusH126_4l_costhetaZ2_genbin5_recobin0 acc 0.0547 eff 0.0 outinratio 0.0624 

WplusH126_4l_costhetaZ2_genbin5_recobin0 acc 0.0475 eff 0.0 outinratio 0.1502 

ZH126_4l_costhetaZ2_genbin5_recobin0 acc 0.048 eff 0.0 outinratio 0.1007 

ttH126_4l_costhetaZ2_genbin5_recobin0 acc 0.0454 eff 0.0 outinratio 0.2044 

ggH126_4l_costhetaZ2_genbin6_recobin0 acc 0.0453 eff 0.0001 outinratio 0.0641 

VBFH126_4l_costhetaZ2_genbin6_recobin0 acc 0.055 eff 0.0 outinratio 0.0573 

WminusH126_4l_costhetaZ2_genbin6_recobin0 acc 0.0429 eff 0.0 outinratio 0.0624 

WplusH126_4l_costhetaZ2_genbin6_recobin0 acc 0.0359 eff 0.0 outinratio 0.1502 

ZH126_4l_costhetaZ2_genbin6_recobin0 acc 0.0374 eff 0.0 outinratio 0.1007 

ttH126_4l_costhetaZ2_genbin6_recobin0 acc 0.0379 eff 0.0 outinratio 0.2044 

ggH126_4l_costhetaZ2_genbin7_recobin0 acc 0.0299 eff 0.0 outinratio 0.0641 

VBFH126_4l_costhetaZ2_genbin7_recobin0 acc 0.0383 eff 0.0 outinratio 0.0573 

WminusH126_4l_costhetaZ2_genbin7_recobin0 acc 0.0262 eff 0.0 outinratio 0.0624 

WplusH126_4l_costhetaZ2_genbin7_recobin0 acc 0.0215 eff 0.0 outinratio 0.1502 

ZH126_4l_costhetaZ2_genbin7_recobin0 acc 0.0273 eff 0.0 outinratio 0.1007 

ttH126_4l_costhetaZ2_genbin7_recobin0 acc 0.0246 eff 0.0 outinratio 0.2044 

ggH126_4l_costhetaZ2_genbin0_recobin1 acc 0.0296 eff 0.0265 outinratio 0.0744 

VBFH126_4l_costhetaZ2_genbin0_recobin1 acc 0.0275 eff 0.0205 outinratio 0.0502 

WminusH126_4l_costhetaZ2_genbin0_recobin1 acc 0.0279 eff 0.0485 outinratio 0.0608 

WplusH126_4l_costhetaZ2_genbin0_recobin1 acc 0.0256 eff 0.022 outinratio 0.101 

ZH126_4l_costhetaZ2_genbin0_recobin1 acc 0.0251 eff 0.0352 outinratio 0.04 

ttH126_4l_costhetaZ2_genbin0_recobin1 acc 0.0257 eff 0.0267 outinratio 0.1705 

ggH126_4l_costhetaZ2_genbin1_recobin1 acc 0.0473 eff 0.4876 outinratio 0.0744 

VBFH126_4l_costhetaZ2_genbin1_recobin1 acc 0.0543 eff 0.492 outinratio 0.0502 

WminusH126_4l_costhetaZ2_genbin1_recobin1 acc 0.0429 eff 0.5047 outinratio 0.0608 

WplusH126_4l_costhetaZ2_genbin1_recobin1 acc 0.0363 eff 0.5747 outinratio 0.101 

ZH126_4l_costhetaZ2_genbin1_recobin1 acc 0.0404 eff 0.571 outinratio 0.04 

ttH126_4l_costhetaZ2_genbin1_recobin1 acc 0.0375 eff 0.4872 outinratio 0.1705 

ggH126_4l_costhetaZ2_genbin2_recobin1 acc 0.0596 eff 0.0277 outinratio 0.0744 

VBFH126_4l_costhetaZ2_genbin2_recobin1 acc 0.0689 eff 0.0519 outinratio 0.0502 

WminusH126_4l_costhetaZ2_genbin2_recobin1 acc 0.0534 eff 0.0198 outinratio 0.0608 

WplusH126_4l_costhetaZ2_genbin2_recobin1 acc 0.0467 eff 0.0345 outinratio 0.101 

ZH126_4l_costhetaZ2_genbin2_recobin1 acc 0.0492 eff 0.0431 outinratio 0.04 

ttH126_4l_costhetaZ2_genbin2_recobin1 acc 0.0468 eff 0.0276 outinratio 0.1705 

ggH126_4l_costhetaZ2_genbin3_recobin1 acc 0.0663 eff 0.0009 outinratio 0.0744 

VBFH126_4l_costhetaZ2_genbin3_recobin1 acc 0.0731 eff 0.0015 outinratio 0.0502 

WminusH126_4l_costhetaZ2_genbin3_recobin1 acc 0.0552 eff 0.0 outinratio 0.0608 

WplusH126_4l_costhetaZ2_genbin3_recobin1 acc 0.0469 eff 0.0 outinratio 0.101 

ZH126_4l_costhetaZ2_genbin3_recobin1 acc 0.0618 eff 0.0 outinratio 0.04 

ttH126_4l_costhetaZ2_genbin3_recobin1 acc 0.0509 eff 0.0022 outinratio 0.1705 

ggH126_4l_costhetaZ2_genbin4_recobin1 acc 0.0674 eff 0.0008 outinratio 0.0744 

VBFH126_4l_costhetaZ2_genbin4_recobin1 acc 0.0698 eff 0.0 outinratio 0.0502 

WminusH126_4l_costhetaZ2_genbin4_recobin1 acc 0.0532 eff 0.0 outinratio 0.0608 

WplusH126_4l_costhetaZ2_genbin4_recobin1 acc 0.0522 eff 0.0006 outinratio 0.101 

ZH126_4l_costhetaZ2_genbin4_recobin1 acc 0.0564 eff 0.0 outinratio 0.04 

ttH126_4l_costhetaZ2_genbin4_recobin1 acc 0.0501 eff 0.0 outinratio 0.1705 

ggH126_4l_costhetaZ2_genbin5_recobin1 acc 0.0622 eff 0.0 outinratio 0.0744 

VBFH126_4l_costhetaZ2_genbin5_recobin1 acc 0.0654 eff 0.0 outinratio 0.0502 

WminusH126_4l_costhetaZ2_genbin5_recobin1 acc 0.0547 eff 0.0 outinratio 0.0608 

WplusH126_4l_costhetaZ2_genbin5_recobin1 acc 0.0475 eff 0.0 outinratio 0.101 

ZH126_4l_costhetaZ2_genbin5_recobin1 acc 0.048 eff 0.0 outinratio 0.04 

ttH126_4l_costhetaZ2_genbin5_recobin1 acc 0.0454 eff 0.0001 outinratio 0.1705 

ggH126_4l_costhetaZ2_genbin6_recobin1 acc 0.0453 eff 0.0003 outinratio 0.0744 

VBFH126_4l_costhetaZ2_genbin6_recobin1 acc 0.055 eff 0.0032 outinratio 0.0502 

WminusH126_4l_costhetaZ2_genbin6_recobin1 acc 0.0429 eff 0.0 outinratio 0.0608 

WplusH126_4l_costhetaZ2_genbin6_recobin1 acc 0.0359 eff 0.0026 outinratio 0.101 

ZH126_4l_costhetaZ2_genbin6_recobin1 acc 0.0374 eff 0.0 outinratio 0.04 

ttH126_4l_costhetaZ2_genbin6_recobin1 acc 0.0379 eff 0.0 outinratio 0.1705 

ggH126_4l_costhetaZ2_genbin7_recobin1 acc 0.0299 eff 0.0 outinratio 0.0744 

VBFH126_4l_costhetaZ2_genbin7_recobin1 acc 0.0383 eff 0.0 outinratio 0.0502 

WminusH126_4l_costhetaZ2_genbin7_recobin1 acc 0.0262 eff 0.0 outinratio 0.0608 

WplusH126_4l_costhetaZ2_genbin7_recobin1 acc 0.0215 eff 0.0 outinratio 0.101 

ZH126_4l_costhetaZ2_genbin7_recobin1 acc 0.0273 eff 0.0 outinratio 0.04 

ttH126_4l_costhetaZ2_genbin7_recobin1 acc 0.0246 eff 0.0 outinratio 0.1705 

ggH126_4l_costhetaZ2_genbin0_recobin2 acc 0.0296 eff 0.0014 outinratio 0.0575 

VBFH126_4l_costhetaZ2_genbin0_recobin2 acc 0.0275 eff 0.0 outinratio 0.0375 

WminusH126_4l_costhetaZ2_genbin0_recobin2 acc 0.0279 eff 0.0 outinratio 0.035 

WplusH126_4l_costhetaZ2_genbin0_recobin2 acc 0.0256 eff 0.0 outinratio 0.0652 

ZH126_4l_costhetaZ2_genbin0_recobin2 acc 0.0251 eff 0.0 outinratio 0.061 

ttH126_4l_costhetaZ2_genbin0_recobin2 acc 0.0257 eff 0.0002 outinratio 0.1775 

ggH126_4l_costhetaZ2_genbin1_recobin2 acc 0.0473 eff 0.0324 outinratio 0.0575 

VBFH126_4l_costhetaZ2_genbin1_recobin2 acc 0.0543 eff 0.0327 outinratio 0.0375 

WminusH126_4l_costhetaZ2_genbin1_recobin2 acc 0.0429 eff 0.0279 outinratio 0.035 

WplusH126_4l_costhetaZ2_genbin1_recobin2 acc 0.0363 eff 0.0382 outinratio 0.0652 

ZH126_4l_costhetaZ2_genbin1_recobin2 acc 0.0404 eff 0.0128 outinratio 0.061 

ttH126_4l_costhetaZ2_genbin1_recobin2 acc 0.0375 eff 0.0297 outinratio 0.1775 

ggH126_4l_costhetaZ2_genbin2_recobin2 acc 0.0596 eff 0.4699 outinratio 0.0575 

VBFH126_4l_costhetaZ2_genbin2_recobin2 acc 0.0689 eff 0.5063 outinratio 0.0375 

WminusH126_4l_costhetaZ2_genbin2_recobin2 acc 0.0534 eff 0.4549 outinratio 0.035 

WplusH126_4l_costhetaZ2_genbin2_recobin2 acc 0.0467 eff 0.4499 outinratio 0.0652 

ZH126_4l_costhetaZ2_genbin2_recobin2 acc 0.0492 eff 0.4856 outinratio 0.061 

ttH126_4l_costhetaZ2_genbin2_recobin2 acc 0.0468 eff 0.4963 outinratio 0.1775 

ggH126_4l_costhetaZ2_genbin3_recobin2 acc 0.0663 eff 0.0374 outinratio 0.0575 

VBFH126_4l_costhetaZ2_genbin3_recobin2 acc 0.0731 eff 0.0382 outinratio 0.0375 

WminusH126_4l_costhetaZ2_genbin3_recobin2 acc 0.0552 eff 0.0377 outinratio 0.035 

WplusH126_4l_costhetaZ2_genbin3_recobin2 acc 0.0469 eff 0.0334 outinratio 0.0652 

ZH126_4l_costhetaZ2_genbin3_recobin2 acc 0.0618 eff 0.027 outinratio 0.061 

ttH126_4l_costhetaZ2_genbin3_recobin2 acc 0.0509 eff 0.0338 outinratio 0.1775 

ggH126_4l_costhetaZ2_genbin4_recobin2 acc 0.0674 eff 0.0014 outinratio 0.0575 

VBFH126_4l_costhetaZ2_genbin4_recobin2 acc 0.0698 eff 0.0023 outinratio 0.0375 

WminusH126_4l_costhetaZ2_genbin4_recobin2 acc 0.0532 eff 0.0012 outinratio 0.035 

WplusH126_4l_costhetaZ2_genbin4_recobin2 acc 0.0522 eff 0.0 outinratio 0.0652 

ZH126_4l_costhetaZ2_genbin4_recobin2 acc 0.0564 eff 0.0029 outinratio 0.061 

ttH126_4l_costhetaZ2_genbin4_recobin2 acc 0.0501 eff -0.0002 outinratio 0.1775 

ggH126_4l_costhetaZ2_genbin5_recobin2 acc 0.0622 eff 0.0004 outinratio 0.0575 

VBFH126_4l_costhetaZ2_genbin5_recobin2 acc 0.0654 eff 0.0 outinratio 0.0375 

WminusH126_4l_costhetaZ2_genbin5_recobin2 acc 0.0547 eff 0.0 outinratio 0.035 

WplusH126_4l_costhetaZ2_genbin5_recobin2 acc 0.0475 eff 0.0015 outinratio 0.0652 

ZH126_4l_costhetaZ2_genbin5_recobin2 acc 0.048 eff 0.0 outinratio 0.061 

ttH126_4l_costhetaZ2_genbin5_recobin2 acc 0.0454 eff 0.0 outinratio 0.1775 

ggH126_4l_costhetaZ2_genbin6_recobin2 acc 0.0453 eff 0.0005 outinratio 0.0575 

VBFH126_4l_costhetaZ2_genbin6_recobin2 acc 0.055 eff 0.0 outinratio 0.0375 

WminusH126_4l_costhetaZ2_genbin6_recobin2 acc 0.0429 eff 0.0 outinratio 0.035 

WplusH126_4l_costhetaZ2_genbin6_recobin2 acc 0.0359 eff 0.0 outinratio 0.0652 

ZH126_4l_costhetaZ2_genbin6_recobin2 acc 0.0374 eff 0.0 outinratio 0.061 

ttH126_4l_costhetaZ2_genbin6_recobin2 acc 0.0379 eff 0.0 outinratio 0.1775 

ggH126_4l_costhetaZ2_genbin7_recobin2 acc 0.0299 eff 0.0 outinratio 0.0575 

VBFH126_4l_costhetaZ2_genbin7_recobin2 acc 0.0383 eff 0.0 outinratio 0.0375 

WminusH126_4l_costhetaZ2_genbin7_recobin2 acc 0.0262 eff 0.0 outinratio 0.035 

WplusH126_4l_costhetaZ2_genbin7_recobin2 acc 0.0215 eff 0.0 outinratio 0.0652 

ZH126_4l_costhetaZ2_genbin7_recobin2 acc 0.0273 eff 0.0 outinratio 0.061 

ttH126_4l_costhetaZ2_genbin7_recobin2 acc 0.0246 eff 0.0 outinratio 0.1775 

ggH126_4l_costhetaZ2_genbin0_recobin3 acc 0.0296 eff 0.0002 outinratio 0.0448 

VBFH126_4l_costhetaZ2_genbin0_recobin3 acc 0.0275 eff 0.0 outinratio 0.0529 

WminusH126_4l_costhetaZ2_genbin0_recobin3 acc 0.0279 eff 0.0 outinratio 0.0869 

WplusH126_4l_costhetaZ2_genbin0_recobin3 acc 0.0256 eff 0.0 outinratio 0.0559 

ZH126_4l_costhetaZ2_genbin0_recobin3 acc 0.0251 eff 0.0 outinratio 0.0643 

ttH126_4l_costhetaZ2_genbin0_recobin3 acc 0.0257 eff 0.001 outinratio 0.1599 

ggH126_4l_costhetaZ2_genbin1_recobin3 acc 0.0473 eff 0.0017 outinratio 0.0448 

VBFH126_4l_costhetaZ2_genbin1_recobin3 acc 0.0543 eff 0.0 outinratio 0.0529 

WminusH126_4l_costhetaZ2_genbin1_recobin3 acc 0.0429 eff 0.0018 outinratio 0.0869 

WplusH126_4l_costhetaZ2_genbin1_recobin3 acc 0.0363 eff 0.0034 outinratio 0.0559 

ZH126_4l_costhetaZ2_genbin1_recobin3 acc 0.0404 eff 0.0 outinratio 0.0643 

ttH126_4l_costhetaZ2_genbin1_recobin3 acc 0.0375 eff 0.001 outinratio 0.1599 

ggH126_4l_costhetaZ2_genbin2_recobin3 acc 0.0596 eff 0.0341 outinratio 0.0448 

VBFH126_4l_costhetaZ2_genbin2_recobin3 acc 0.0689 eff 0.0612 outinratio 0.0529 

WminusH126_4l_costhetaZ2_genbin2_recobin3 acc 0.0534 eff 0.0358 outinratio 0.0869 

WplusH126_4l_costhetaZ2_genbin2_recobin3 acc 0.0467 eff 0.044 outinratio 0.0559 

ZH126_4l_costhetaZ2_genbin2_recobin3 acc 0.0492 eff 0.035 outinratio 0.0643 

ttH126_4l_costhetaZ2_genbin2_recobin3 acc 0.0468 eff 0.0307 outinratio 0.1599 

ggH126_4l_costhetaZ2_genbin3_recobin3 acc 0.0663 eff 0.4868 outinratio 0.0448 

VBFH126_4l_costhetaZ2_genbin3_recobin3 acc 0.0731 eff 0.4849 outinratio 0.0529 

WminusH126_4l_costhetaZ2_genbin3_recobin3 acc 0.0552 eff 0.5189 outinratio 0.0869 

WplusH126_4l_costhetaZ2_genbin3_recobin3 acc 0.0469 eff 0.4509 outinratio 0.0559 

ZH126_4l_costhetaZ2_genbin3_recobin3 acc 0.0618 eff 0.5059 outinratio 0.0643 

ttH126_4l_costhetaZ2_genbin3_recobin3 acc 0.0509 eff 0.4983 outinratio 0.1599 

ggH126_4l_costhetaZ2_genbin4_recobin3 acc 0.0674 eff 0.0413 outinratio 0.0448 

VBFH126_4l_costhetaZ2_genbin4_recobin3 acc 0.0698 eff 0.0555 outinratio 0.0529 

WminusH126_4l_costhetaZ2_genbin4_recobin3 acc 0.0532 eff 0.0431 outinratio 0.0869 

WplusH126_4l_costhetaZ2_genbin4_recobin3 acc 0.0522 eff 0.0265 outinratio 0.0559 

ZH126_4l_costhetaZ2_genbin4_recobin3 acc 0.0564 eff 0.0229 outinratio 0.0643 

ttH126_4l_costhetaZ2_genbin4_recobin3 acc 0.0501 eff 0.0337 outinratio 0.1599 

ggH126_4l_costhetaZ2_genbin5_recobin3 acc 0.0622 eff 0.003 outinratio 0.0448 

VBFH126_4l_costhetaZ2_genbin5_recobin3 acc 0.0654 eff 0.0015 outinratio 0.0529 

WminusH126_4l_costhetaZ2_genbin5_recobin3 acc 0.0547 eff 0.0006 outinratio 0.0869 

WplusH126_4l_costhetaZ2_genbin5_recobin3 acc 0.0475 eff 0.0008 outinratio 0.0559 

ZH126_4l_costhetaZ2_genbin5_recobin3 acc 0.048 eff 0.003 outinratio 0.0643 

ttH126_4l_costhetaZ2_genbin5_recobin3 acc 0.0454 eff 0.0012 outinratio 0.1599 

ggH126_4l_costhetaZ2_genbin6_recobin3 acc 0.0453 eff 0.0009 outinratio 0.0448 

VBFH126_4l_costhetaZ2_genbin6_recobin3 acc 0.055 eff 0.0 outinratio 0.0529 

WminusH126_4l_costhetaZ2_genbin6_recobin3 acc 0.0429 eff 0.0 outinratio 0.0869 

WplusH126_4l_costhetaZ2_genbin6_recobin3 acc 0.0359 eff 0.0 outinratio 0.0559 

ZH126_4l_costhetaZ2_genbin6_recobin3 acc 0.0374 eff 0.0 outinratio 0.0643 

ttH126_4l_costhetaZ2_genbin6_recobin3 acc 0.0379 eff 0.0007 outinratio 0.1599 

ggH126_4l_costhetaZ2_genbin7_recobin3 acc 0.0299 eff 0.0 outinratio 0.0448 

VBFH126_4l_costhetaZ2_genbin7_recobin3 acc 0.0383 eff 0.0 outinratio 0.0529 

WminusH126_4l_costhetaZ2_genbin7_recobin3 acc 0.0262 eff 0.0069 outinratio 0.0869 

WplusH126_4l_costhetaZ2_genbin7_recobin3 acc 0.0215 eff 0.0 outinratio 0.0559 

ZH126_4l_costhetaZ2_genbin7_recobin3 acc 0.0273 eff 0.0 outinratio 0.0643 

ttH126_4l_costhetaZ2_genbin7_recobin3 acc 0.0246 eff 0.0 outinratio 0.1599 

ggH126_4l_costhetaZ2_genbin0_recobin4 acc 0.0296 eff 0.0002 outinratio 0.0436 

VBFH126_4l_costhetaZ2_genbin0_recobin4 acc 0.0275 eff 0.0 outinratio 0.0164 

WminusH126_4l_costhetaZ2_genbin0_recobin4 acc 0.0279 eff 0.0 outinratio 0.0885 

WplusH126_4l_costhetaZ2_genbin0_recobin4 acc 0.0256 eff 0.0 outinratio 0.0647 

ZH126_4l_costhetaZ2_genbin0_recobin4 acc 0.0251 eff 0.0 outinratio 0.0764 

ttH126_4l_costhetaZ2_genbin0_recobin4 acc 0.0257 eff 0.0 outinratio 0.1688 

ggH126_4l_costhetaZ2_genbin1_recobin4 acc 0.0473 eff 0.0009 outinratio 0.0436 

VBFH126_4l_costhetaZ2_genbin1_recobin4 acc 0.0543 eff 0.0 outinratio 0.0164 

WminusH126_4l_costhetaZ2_genbin1_recobin4 acc 0.0429 eff 0.0 outinratio 0.0885 

WplusH126_4l_costhetaZ2_genbin1_recobin4 acc 0.0363 eff 0.0028 outinratio 0.0647 

ZH126_4l_costhetaZ2_genbin1_recobin4 acc 0.0404 eff 0.0 outinratio 0.0764 

ttH126_4l_costhetaZ2_genbin1_recobin4 acc 0.0375 eff 0.0012 outinratio 0.1688 

ggH126_4l_costhetaZ2_genbin2_recobin4 acc 0.0596 eff 0.0017 outinratio 0.0436 

VBFH126_4l_costhetaZ2_genbin2_recobin4 acc 0.0689 eff 0.0 outinratio 0.0164 

WminusH126_4l_costhetaZ2_genbin2_recobin4 acc 0.0534 eff 0.0 outinratio 0.0885 

WplusH126_4l_costhetaZ2_genbin2_recobin4 acc 0.0467 eff 0.0 outinratio 0.0647 

ZH126_4l_costhetaZ2_genbin2_recobin4 acc 0.0492 eff 0.0 outinratio 0.0764 

ttH126_4l_costhetaZ2_genbin2_recobin4 acc 0.0468 eff 0.001 outinratio 0.1688 

ggH126_4l_costhetaZ2_genbin3_recobin4 acc 0.0663 eff 0.0367 outinratio 0.0436 

VBFH126_4l_costhetaZ2_genbin3_recobin4 acc 0.0731 eff 0.0195 outinratio 0.0164 

WminusH126_4l_costhetaZ2_genbin3_recobin4 acc 0.0552 eff 0.0356 outinratio 0.0885 

WplusH126_4l_costhetaZ2_genbin3_recobin4 acc 0.0469 eff 0.0295 outinratio 0.0647 

ZH126_4l_costhetaZ2_genbin3_recobin4 acc 0.0618 eff 0.0309 outinratio 0.0764 

ttH126_4l_costhetaZ2_genbin3_recobin4 acc 0.0509 eff 0.0365 outinratio 0.1688 

ggH126_4l_costhetaZ2_genbin4_recobin4 acc 0.0674 eff 0.4828 outinratio 0.0436 

VBFH126_4l_costhetaZ2_genbin4_recobin4 acc 0.0698 eff 0.4925 outinratio 0.0164 

WminusH126_4l_costhetaZ2_genbin4_recobin4 acc 0.0532 eff 0.4374 outinratio 0.0885 

WplusH126_4l_costhetaZ2_genbin4_recobin4 acc 0.0522 eff 0.4768 outinratio 0.0647 

ZH126_4l_costhetaZ2_genbin4_recobin4 acc 0.0564 eff 0.4666 outinratio 0.0764 

ttH126_4l_costhetaZ2_genbin4_recobin4 acc 0.0501 eff 0.4768 outinratio 0.1688 

ggH126_4l_costhetaZ2_genbin5_recobin4 acc 0.0622 eff 0.0393 outinratio 0.0436 

VBFH126_4l_costhetaZ2_genbin5_recobin4 acc 0.0654 eff 0.035 outinratio 0.0164 

WminusH126_4l_costhetaZ2_genbin5_recobin4 acc 0.0547 eff 0.0307 outinratio 0.0885 

WplusH126_4l_costhetaZ2_genbin5_recobin4 acc 0.0475 eff 0.0341 outinratio 0.0647 

ZH126_4l_costhetaZ2_genbin5_recobin4 acc 0.048 eff 0.0292 outinratio 0.0764 

ttH126_4l_costhetaZ2_genbin5_recobin4 acc 0.0454 eff 0.0269 outinratio 0.1688 

ggH126_4l_costhetaZ2_genbin6_recobin4 acc 0.0453 eff 0.0036 outinratio 0.0436 

VBFH126_4l_costhetaZ2_genbin6_recobin4 acc 0.055 eff 0.0016 outinratio 0.0164 

WminusH126_4l_costhetaZ2_genbin6_recobin4 acc 0.0429 eff 0.0 outinratio 0.0885 

WplusH126_4l_costhetaZ2_genbin6_recobin4 acc 0.0359 eff 0.0 outinratio 0.0647 

ZH126_4l_costhetaZ2_genbin6_recobin4 acc 0.0374 eff 0.0028 outinratio 0.0764 

ttH126_4l_costhetaZ2_genbin6_recobin4 acc 0.0379 eff 0.0014 outinratio 0.1688 

ggH126_4l_costhetaZ2_genbin7_recobin4 acc 0.0299 eff 0.0 outinratio 0.0436 

VBFH126_4l_costhetaZ2_genbin7_recobin4 acc 0.0383 eff 0.0 outinratio 0.0164 

WminusH126_4l_costhetaZ2_genbin7_recobin4 acc 0.0262 eff 0.0 outinratio 0.0885 

WplusH126_4l_costhetaZ2_genbin7_recobin4 acc 0.0215 eff 0.0 outinratio 0.0647 

ZH126_4l_costhetaZ2_genbin7_recobin4 acc 0.0273 eff 0.0 outinratio 0.0764 

ttH126_4l_costhetaZ2_genbin7_recobin4 acc 0.0246 eff 0.0007 outinratio 0.1688 

ggH126_4l_costhetaZ2_genbin0_recobin5 acc 0.0296 eff 0.0 outinratio 0.0464 

VBFH126_4l_costhetaZ2_genbin0_recobin5 acc 0.0275 eff 0.0 outinratio 0.0257 

WminusH126_4l_costhetaZ2_genbin0_recobin5 acc 0.0279 eff 0.0 outinratio 0.0582 

WplusH126_4l_costhetaZ2_genbin0_recobin5 acc 0.0256 eff 0.0 outinratio 0.0652 

ZH126_4l_costhetaZ2_genbin0_recobin5 acc 0.0251 eff 0.0 outinratio 0.0572 

ttH126_4l_costhetaZ2_genbin0_recobin5 acc 0.0257 eff 0.0 outinratio 0.1485 

ggH126_4l_costhetaZ2_genbin1_recobin5 acc 0.0473 eff 0.0 outinratio 0.0464 

VBFH126_4l_costhetaZ2_genbin1_recobin5 acc 0.0543 eff 0.0 outinratio 0.0257 

WminusH126_4l_costhetaZ2_genbin1_recobin5 acc 0.0429 eff 0.0 outinratio 0.0582 

WplusH126_4l_costhetaZ2_genbin1_recobin5 acc 0.0363 eff 0.0 outinratio 0.0652 

ZH126_4l_costhetaZ2_genbin1_recobin5 acc 0.0404 eff 0.0 outinratio 0.0572 

ttH126_4l_costhetaZ2_genbin1_recobin5 acc 0.0375 eff 0.0003 outinratio 0.1485 

ggH126_4l_costhetaZ2_genbin2_recobin5 acc 0.0596 eff 0.0013 outinratio 0.0464 

VBFH126_4l_costhetaZ2_genbin2_recobin5 acc 0.0689 eff 0.0 outinratio 0.0257 

WminusH126_4l_costhetaZ2_genbin2_recobin5 acc 0.0534 eff 0.0 outinratio 0.0582 

WplusH126_4l_costhetaZ2_genbin2_recobin5 acc 0.0467 eff 0.0 outinratio 0.0652 

ZH126_4l_costhetaZ2_genbin2_recobin5 acc 0.0492 eff 0.0 outinratio 0.0572 

ttH126_4l_costhetaZ2_genbin2_recobin5 acc 0.0468 eff 0.0009 outinratio 0.1485 

ggH126_4l_costhetaZ2_genbin3_recobin5 acc 0.0663 eff 0.0 outinratio 0.0464 

VBFH126_4l_costhetaZ2_genbin3_recobin5 acc 0.0731 eff 0.0014 outinratio 0.0257 

WminusH126_4l_costhetaZ2_genbin3_recobin5 acc 0.0552 eff 0.0015 outinratio 0.0582 

WplusH126_4l_costhetaZ2_genbin3_recobin5 acc 0.0469 eff 0.0 outinratio 0.0652 

ZH126_4l_costhetaZ2_genbin3_recobin5 acc 0.0618 eff 0.0099 outinratio 0.0572 

ttH126_4l_costhetaZ2_genbin3_recobin5 acc 0.0509 eff 0.0011 outinratio 0.1485 

ggH126_4l_costhetaZ2_genbin4_recobin5 acc 0.0674 eff 0.0329 outinratio 0.0464 

VBFH126_4l_costhetaZ2_genbin4_recobin5 acc 0.0698 eff 0.0271 outinratio 0.0257 

WminusH126_4l_costhetaZ2_genbin4_recobin5 acc 0.0532 eff 0.0493 outinratio 0.0582 

WplusH126_4l_costhetaZ2_genbin4_recobin5 acc 0.0522 eff 0.032 outinratio 0.0652 

ZH126_4l_costhetaZ2_genbin4_recobin5 acc 0.0564 eff 0.041 outinratio 0.0572 

ttH126_4l_costhetaZ2_genbin4_recobin5 acc 0.0501 eff 0.0334 outinratio 0.1485 

ggH126_4l_costhetaZ2_genbin5_recobin5 acc 0.0622 eff 0.486 outinratio 0.0464 

VBFH126_4l_costhetaZ2_genbin5_recobin5 acc 0.0654 eff 0.4905 outinratio 0.0257 

WminusH126_4l_costhetaZ2_genbin5_recobin5 acc 0.0547 eff 0.4945 outinratio 0.0582 

WplusH126_4l_costhetaZ2_genbin5_recobin5 acc 0.0475 eff 0.4958 outinratio 0.0652 

ZH126_4l_costhetaZ2_genbin5_recobin5 acc 0.048 eff 0.5641 outinratio 0.0572 

ttH126_4l_costhetaZ2_genbin5_recobin5 acc 0.0454 eff 0.4938 outinratio 0.1485 

ggH126_4l_costhetaZ2_genbin6_recobin5 acc 0.0453 eff 0.0327 outinratio 0.0464 

VBFH126_4l_costhetaZ2_genbin6_recobin5 acc 0.055 eff 0.0287 outinratio 0.0257 

WminusH126_4l_costhetaZ2_genbin6_recobin5 acc 0.0429 eff 0.0394 outinratio 0.0582 

WplusH126_4l_costhetaZ2_genbin6_recobin5 acc 0.0359 eff 0.0182 outinratio 0.0652 

ZH126_4l_costhetaZ2_genbin6_recobin5 acc 0.0374 eff 0.0268 outinratio 0.0572 

ttH126_4l_costhetaZ2_genbin6_recobin5 acc 0.0379 eff 0.0242 outinratio 0.1485 

ggH126_4l_costhetaZ2_genbin7_recobin5 acc 0.0299 eff 0.001 outinratio 0.0464 

VBFH126_4l_costhetaZ2_genbin7_recobin5 acc 0.0383 eff 0.002 outinratio 0.0257 

WminusH126_4l_costhetaZ2_genbin7_recobin5 acc 0.0262 eff 0.0038 outinratio 0.0582 

WplusH126_4l_costhetaZ2_genbin7_recobin5 acc 0.0215 eff -0.0025 outinratio 0.0652 

ZH126_4l_costhetaZ2_genbin7_recobin5 acc 0.0273 eff 0.0 outinratio 0.0572 

ttH126_4l_costhetaZ2_genbin7_recobin5 acc 0.0246 eff 0.0007 outinratio 0.1485 

ggH126_4l_costhetaZ2_genbin0_recobin6 acc 0.0296 eff 0.0 outinratio 0.0626 

VBFH126_4l_costhetaZ2_genbin0_recobin6 acc 0.0275 eff 0.0 outinratio 0.0399 

WminusH126_4l_costhetaZ2_genbin0_recobin6 acc 0.0279 eff 0.0 outinratio 0.0496 

WplusH126_4l_costhetaZ2_genbin0_recobin6 acc 0.0256 eff 0.0 outinratio 0.0701 

ZH126_4l_costhetaZ2_genbin0_recobin6 acc 0.0251 eff 0.0 outinratio 0.075 

ttH126_4l_costhetaZ2_genbin0_recobin6 acc 0.0257 eff 0.0 outinratio 0.1718 

ggH126_4l_costhetaZ2_genbin1_recobin6 acc 0.0473 eff 0.0005 outinratio 0.0626 

VBFH126_4l_costhetaZ2_genbin1_recobin6 acc 0.0543 eff 0.0 outinratio 0.0399 

WminusH126_4l_costhetaZ2_genbin1_recobin6 acc 0.0429 eff 0.0013 outinratio 0.0496 

WplusH126_4l_costhetaZ2_genbin1_recobin6 acc 0.0363 eff 0.0 outinratio 0.0701 

ZH126_4l_costhetaZ2_genbin1_recobin6 acc 0.0404 eff 0.0 outinratio 0.075 

ttH126_4l_costhetaZ2_genbin1_recobin6 acc 0.0375 eff 0.0 outinratio 0.1718 

ggH126_4l_costhetaZ2_genbin2_recobin6 acc 0.0596 eff 0.0001 outinratio 0.0626 

VBFH126_4l_costhetaZ2_genbin2_recobin6 acc 0.0689 eff 0.0 outinratio 0.0399 

WminusH126_4l_costhetaZ2_genbin2_recobin6 acc 0.0534 eff 0.0 outinratio 0.0496 

WplusH126_4l_costhetaZ2_genbin2_recobin6 acc 0.0467 eff 0.0 outinratio 0.0701 

ZH126_4l_costhetaZ2_genbin2_recobin6 acc 0.0492 eff 0.0 outinratio 0.075 

ttH126_4l_costhetaZ2_genbin2_recobin6 acc 0.0468 eff 0.0002 outinratio 0.1718 

ggH126_4l_costhetaZ2_genbin3_recobin6 acc 0.0663 eff 0.0009 outinratio 0.0626 

VBFH126_4l_costhetaZ2_genbin3_recobin6 acc 0.0731 eff 0.0 outinratio 0.0399 

WminusH126_4l_costhetaZ2_genbin3_recobin6 acc 0.0552 eff 0.0 outinratio 0.0496 

WplusH126_4l_costhetaZ2_genbin3_recobin6 acc 0.0469 eff 0.0 outinratio 0.0701 

ZH126_4l_costhetaZ2_genbin3_recobin6 acc 0.0618 eff 0.0 outinratio 0.075 

ttH126_4l_costhetaZ2_genbin3_recobin6 acc 0.0509 eff 0.0002 outinratio 0.1718 

ggH126_4l_costhetaZ2_genbin4_recobin6 acc 0.0674 eff 0.001 outinratio 0.0626 

VBFH126_4l_costhetaZ2_genbin4_recobin6 acc 0.0698 eff 0.005 outinratio 0.0399 

WminusH126_4l_costhetaZ2_genbin4_recobin6 acc 0.0532 eff 0.0029 outinratio 0.0496 

WplusH126_4l_costhetaZ2_genbin4_recobin6 acc 0.0522 eff 0.0028 outinratio 0.0701 

ZH126_4l_costhetaZ2_genbin4_recobin6 acc 0.0564 eff 0.0 outinratio 0.075 

ttH126_4l_costhetaZ2_genbin4_recobin6 acc 0.0501 eff 0.001 outinratio 0.1718 

ggH126_4l_costhetaZ2_genbin5_recobin6 acc 0.0622 eff 0.0239 outinratio 0.0626 

VBFH126_4l_costhetaZ2_genbin5_recobin6 acc 0.0654 eff 0.0304 outinratio 0.0399 

WminusH126_4l_costhetaZ2_genbin5_recobin6 acc 0.0547 eff 0.0366 outinratio 0.0496 

WplusH126_4l_costhetaZ2_genbin5_recobin6 acc 0.0475 eff 0.0384 outinratio 0.0701 

ZH126_4l_costhetaZ2_genbin5_recobin6 acc 0.048 eff 0.0292 outinratio 0.075 

ttH126_4l_costhetaZ2_genbin5_recobin6 acc 0.0454 eff 0.0286 outinratio 0.1718 

ggH126_4l_costhetaZ2_genbin6_recobin6 acc 0.0453 eff 0.4878 outinratio 0.0626 

VBFH126_4l_costhetaZ2_genbin6_recobin6 acc 0.055 eff 0.4799 outinratio 0.0399 

WminusH126_4l_costhetaZ2_genbin6_recobin6 acc 0.0429 eff 0.4908 outinratio 0.0496 

WplusH126_4l_costhetaZ2_genbin6_recobin6 acc 0.0359 eff 0.5333 outinratio 0.0701 

ZH126_4l_costhetaZ2_genbin6_recobin6 acc 0.0374 eff 0.4989 outinratio 0.075 

ttH126_4l_costhetaZ2_genbin6_recobin6 acc 0.0379 eff 0.5262 outinratio 0.1718 

ggH126_4l_costhetaZ2_genbin7_recobin6 acc 0.0299 eff 0.0321 outinratio 0.0626 

VBFH126_4l_costhetaZ2_genbin7_recobin6 acc 0.0383 eff 0.0105 outinratio 0.0399 

WminusH126_4l_costhetaZ2_genbin7_recobin6 acc 0.0262 eff 0.0239 outinratio 0.0496 

WplusH126_4l_costhetaZ2_genbin7_recobin6 acc 0.0215 eff 0.0266 outinratio 0.0701 

ZH126_4l_costhetaZ2_genbin7_recobin6 acc 0.0273 eff 0.0251 outinratio 0.075 

ttH126_4l_costhetaZ2_genbin7_recobin6 acc 0.0246 eff 0.0164 outinratio 0.1718 

ggH126_4l_costhetaZ2_genbin0_recobin7 acc 0.0296 eff 0.0003 outinratio 0.0731 

VBFH126_4l_costhetaZ2_genbin0_recobin7 acc 0.0275 eff 0.0 outinratio 0.0394 

WminusH126_4l_costhetaZ2_genbin0_recobin7 acc 0.0279 eff 0.0 outinratio 0.0794 

WplusH126_4l_costhetaZ2_genbin0_recobin7 acc 0.0256 eff 0.0 outinratio 0.1313 

ZH126_4l_costhetaZ2_genbin0_recobin7 acc 0.0251 eff 0.0 outinratio 0.0667 

ttH126_4l_costhetaZ2_genbin0_recobin7 acc 0.0257 eff 0.0 outinratio 0.1807 

ggH126_4l_costhetaZ2_genbin1_recobin7 acc 0.0473 eff 0.0 outinratio 0.0731 

VBFH126_4l_costhetaZ2_genbin1_recobin7 acc 0.0543 eff 0.0 outinratio 0.0394 

WminusH126_4l_costhetaZ2_genbin1_recobin7 acc 0.0429 eff 0.0 outinratio 0.0794 

WplusH126_4l_costhetaZ2_genbin1_recobin7 acc 0.0363 eff 0.0 outinratio 0.1313 

ZH126_4l_costhetaZ2_genbin1_recobin7 acc 0.0404 eff 0.0063 outinratio 0.0667 

ttH126_4l_costhetaZ2_genbin1_recobin7 acc 0.0375 eff 0.0 outinratio 0.1807 

ggH126_4l_costhetaZ2_genbin2_recobin7 acc 0.0596 eff 0.0003 outinratio 0.0731 

VBFH126_4l_costhetaZ2_genbin2_recobin7 acc 0.0689 eff 0.0 outinratio 0.0394 

WminusH126_4l_costhetaZ2_genbin2_recobin7 acc 0.0534 eff 0.0 outinratio 0.0794 

WplusH126_4l_costhetaZ2_genbin2_recobin7 acc 0.0467 eff 0.0 outinratio 0.1313 

ZH126_4l_costhetaZ2_genbin2_recobin7 acc 0.0492 eff 0.0 outinratio 0.0667 

ttH126_4l_costhetaZ2_genbin2_recobin7 acc 0.0468 eff 0.0002 outinratio 0.1807 

ggH126_4l_costhetaZ2_genbin3_recobin7 acc 0.0663 eff 0.0 outinratio 0.0731 

VBFH126_4l_costhetaZ2_genbin3_recobin7 acc 0.0731 eff 0.0 outinratio 0.0394 

WminusH126_4l_costhetaZ2_genbin3_recobin7 acc 0.0552 eff 0.0 outinratio 0.0794 

WplusH126_4l_costhetaZ2_genbin3_recobin7 acc 0.0469 eff 0.0 outinratio 0.1313 

ZH126_4l_costhetaZ2_genbin3_recobin7 acc 0.0618 eff 0.0 outinratio 0.0667 

ttH126_4l_costhetaZ2_genbin3_recobin7 acc 0.0509 eff 0.0 outinratio 0.1807 

ggH126_4l_costhetaZ2_genbin4_recobin7 acc 0.0674 eff 0.0 outinratio 0.0731 

VBFH126_4l_costhetaZ2_genbin4_recobin7 acc 0.0698 eff 0.0 outinratio 0.0394 

WminusH126_4l_costhetaZ2_genbin4_recobin7 acc 0.0532 eff 0.0 outinratio 0.0794 

WplusH126_4l_costhetaZ2_genbin4_recobin7 acc 0.0522 eff 0.0 outinratio 0.1313 

ZH126_4l_costhetaZ2_genbin4_recobin7 acc 0.0564 eff 0.0 outinratio 0.0667 

ttH126_4l_costhetaZ2_genbin4_recobin7 acc 0.0501 eff 0.0006 outinratio 0.1807 

ggH126_4l_costhetaZ2_genbin5_recobin7 acc 0.0622 eff 0.0023 outinratio 0.0731 

VBFH126_4l_costhetaZ2_genbin5_recobin7 acc 0.0654 eff 0.0007 outinratio 0.0394 

WminusH126_4l_costhetaZ2_genbin5_recobin7 acc 0.0547 eff 0.0028 outinratio 0.0794 

WplusH126_4l_costhetaZ2_genbin5_recobin7 acc 0.0475 eff 0.0 outinratio 0.1313 

ZH126_4l_costhetaZ2_genbin5_recobin7 acc 0.048 eff 0.0 outinratio 0.0667 

ttH126_4l_costhetaZ2_genbin5_recobin7 acc 0.0454 eff 0.0006 outinratio 0.1807 

ggH126_4l_costhetaZ2_genbin6_recobin7 acc 0.0453 eff 0.0197 outinratio 0.0731 

VBFH126_4l_costhetaZ2_genbin6_recobin7 acc 0.055 eff 0.025 outinratio 0.0394 

WminusH126_4l_costhetaZ2_genbin6_recobin7 acc 0.0429 eff 0.0246 outinratio 0.0794 

WplusH126_4l_costhetaZ2_genbin6_recobin7 acc 0.0359 eff 0.012 outinratio 0.1313 

ZH126_4l_costhetaZ2_genbin6_recobin7 acc 0.0374 eff 0.0103 outinratio 0.0667 

ttH126_4l_costhetaZ2_genbin6_recobin7 acc 0.0379 eff 0.0149 outinratio 0.1807 

ggH126_4l_costhetaZ2_genbin7_recobin7 acc 0.0299 eff 0.49 outinratio 0.0731 

VBFH126_4l_costhetaZ2_genbin7_recobin7 acc 0.0383 eff 0.4789 outinratio 0.0394 

WminusH126_4l_costhetaZ2_genbin7_recobin7 acc 0.0262 eff 0.512 outinratio 0.0794 

WplusH126_4l_costhetaZ2_genbin7_recobin7 acc 0.0215 eff 0.5223 outinratio 0.1313 

ZH126_4l_costhetaZ2_genbin7_recobin7 acc 0.0273 eff 0.5172 outinratio 0.0667 

ttH126_4l_costhetaZ2_genbin7_recobin7 acc 0.0246 eff 0.5138 outinratio 0.1807 

ggH126_4e_costhetaZ2_genbin0_recobin0 acc 0.027 eff 0.2603 outinratio 0.0507 

VBFH126_4e_costhetaZ2_genbin0_recobin0 acc 0.0275 eff 0.3351 outinratio 0.1158 

WminusH126_4e_costhetaZ2_genbin0_recobin0 acc 0.024 eff 0.1838 outinratio 0.0229 

WplusH126_4e_costhetaZ2_genbin0_recobin0 acc 0.0219 eff 0.2849 outinratio 0.0383 

ZH126_4e_costhetaZ2_genbin0_recobin0 acc 0.0237 eff 0.2149 outinratio 0.2291 

ttH126_4e_costhetaZ2_genbin0_recobin0 acc 0.0245 eff 0.2697 outinratio 0.2452 

ggH126_4e_costhetaZ2_genbin1_recobin0 acc 0.0425 eff 0.0224 outinratio 0.0507 

VBFH126_4e_costhetaZ2_genbin1_recobin0 acc 0.048 eff 0.0168 outinratio 0.1158 

WminusH126_4e_costhetaZ2_genbin1_recobin0 acc 0.04 eff 0.0388 outinratio 0.0229 

WplusH126_4e_costhetaZ2_genbin1_recobin0 acc 0.0308 eff 0.0068 outinratio 0.0383 

ZH126_4e_costhetaZ2_genbin1_recobin0 acc 0.0369 eff 0.0403 outinratio 0.2291 

ttH126_4e_costhetaZ2_genbin1_recobin0 acc 0.039 eff 0.018 outinratio 0.2452 

ggH126_4e_costhetaZ2_genbin2_recobin0 acc 0.0584 eff 0.0009 outinratio 0.0507 

VBFH126_4e_costhetaZ2_genbin2_recobin0 acc 0.0632 eff 0.0 outinratio 0.1158 

WminusH126_4e_costhetaZ2_genbin2_recobin0 acc 0.0556 eff 0.0 outinratio 0.0229 

WplusH126_4e_costhetaZ2_genbin2_recobin0 acc 0.0414 eff 0.0 outinratio 0.0383 

ZH126_4e_costhetaZ2_genbin2_recobin0 acc 0.0435 eff 0.0 outinratio 0.2291 

ttH126_4e_costhetaZ2_genbin2_recobin0 acc 0.046 eff 0.0034 outinratio 0.2452 

ggH126_4e_costhetaZ2_genbin3_recobin0 acc 0.0668 eff 0.0 outinratio 0.0507 

VBFH126_4e_costhetaZ2_genbin3_recobin0 acc 0.076 eff 0.0 outinratio 0.1158 

WminusH126_4e_costhetaZ2_genbin3_recobin0 acc 0.0537 eff 0.0 outinratio 0.0229 

WplusH126_4e_costhetaZ2_genbin3_recobin0 acc 0.0464 eff 0.0 outinratio 0.0383 

ZH126_4e_costhetaZ2_genbin3_recobin0 acc 0.0615 eff 0.0 outinratio 0.2291 

ttH126_4e_costhetaZ2_genbin3_recobin0 acc 0.0487 eff 0.0 outinratio 0.2452 

ggH126_4e_costhetaZ2_genbin4_recobin0 acc 0.0697 eff 0.0 outinratio 0.0507 

VBFH126_4e_costhetaZ2_genbin4_recobin0 acc 0.0632 eff 0.0 outinratio 0.1158 

WminusH126_4e_costhetaZ2_genbin4_recobin0 acc 0.0575 eff 0.0 outinratio 0.0229 

WplusH126_4e_costhetaZ2_genbin4_recobin0 acc 0.0511 eff 0.0022 outinratio 0.0383 

ZH126_4e_costhetaZ2_genbin4_recobin0 acc 0.0672 eff 0.0 outinratio 0.2291 

ttH126_4e_costhetaZ2_genbin4_recobin0 acc 0.0506 eff 0.0006 outinratio 0.2452 

ggH126_4e_costhetaZ2_genbin5_recobin0 acc 0.0614 eff 0.0013 outinratio 0.0507 

VBFH126_4e_costhetaZ2_genbin5_recobin0 acc 0.0731 eff 0.0 outinratio 0.1158 

WminusH126_4e_costhetaZ2_genbin5_recobin0 acc 0.0545 eff 0.0 outinratio 0.0229 

WplusH126_4e_costhetaZ2_genbin5_recobin0 acc 0.046 eff 0.0 outinratio 0.0383 

ZH126_4e_costhetaZ2_genbin5_recobin0 acc 0.0501 eff 0.0 outinratio 0.2291 

ttH126_4e_costhetaZ2_genbin5_recobin0 acc 0.0476 eff 0.0 outinratio 0.2452 

ggH126_4e_costhetaZ2_genbin6_recobin0 acc 0.044 eff 0.0 outinratio 0.0507 

VBFH126_4e_costhetaZ2_genbin6_recobin0 acc 0.0544 eff 0.0 outinratio 0.1158 

WminusH126_4e_costhetaZ2_genbin6_recobin0 acc 0.0407 eff 0.0 outinratio 0.0229 

WplusH126_4e_costhetaZ2_genbin6_recobin0 acc 0.0376 eff 0.0 outinratio 0.0383 

ZH126_4e_costhetaZ2_genbin6_recobin0 acc 0.0293 eff 0.0 outinratio 0.2291 

ttH126_4e_costhetaZ2_genbin6_recobin0 acc 0.0368 eff 0.0 outinratio 0.2452 

ggH126_4e_costhetaZ2_genbin7_recobin0 acc 0.0268 eff 0.0 outinratio 0.0507 

VBFH126_4e_costhetaZ2_genbin7_recobin0 acc 0.0322 eff 0.0 outinratio 0.1158 

WminusH126_4e_costhetaZ2_genbin7_recobin0 acc 0.0194 eff 0.0 outinratio 0.0229 

WplusH126_4e_costhetaZ2_genbin7_recobin0 acc 0.0203 eff 0.0 outinratio 0.0383 

ZH126_4e_costhetaZ2_genbin7_recobin0 acc 0.0255 eff 0.0 outinratio 0.2291 

ttH126_4e_costhetaZ2_genbin7_recobin0 acc 0.0227 eff 0.0 outinratio 0.2452 

ggH126_4e_costhetaZ2_genbin0_recobin1 acc 0.027 eff 0.0203 outinratio 0.106 

VBFH126_4e_costhetaZ2_genbin0_recobin1 acc 0.0275 eff 0.0514 outinratio 0.0672 

WminusH126_4e_costhetaZ2_genbin0_recobin1 acc 0.024 eff 0.035 outinratio 0.0374 

WplusH126_4e_costhetaZ2_genbin0_recobin1 acc 0.0219 eff 0.0233 outinratio 0.1692 

ZH126_4e_costhetaZ2_genbin0_recobin1 acc 0.0237 eff 0.0251 outinratio 0.0562 

ttH126_4e_costhetaZ2_genbin0_recobin1 acc 0.0245 eff 0.0238 outinratio 0.1913 

ggH126_4e_costhetaZ2_genbin1_recobin1 acc 0.0425 eff 0.254 outinratio 0.106 

VBFH126_4e_costhetaZ2_genbin1_recobin1 acc 0.048 eff 0.256 outinratio 0.0672 

WminusH126_4e_costhetaZ2_genbin1_recobin1 acc 0.04 eff 0.3014 outinratio 0.0374 

WplusH126_4e_costhetaZ2_genbin1_recobin1 acc 0.0308 eff 0.2748 outinratio 0.1692 

ZH126_4e_costhetaZ2_genbin1_recobin1 acc 0.0369 eff 0.3436 outinratio 0.0562 

ttH126_4e_costhetaZ2_genbin1_recobin1 acc 0.039 eff 0.2818 outinratio 0.1913 

ggH126_4e_costhetaZ2_genbin2_recobin1 acc 0.0584 eff 0.0308 outinratio 0.106 

VBFH126_4e_costhetaZ2_genbin2_recobin1 acc 0.0632 eff 0.0643 outinratio 0.0672 

WminusH126_4e_costhetaZ2_genbin2_recobin1 acc 0.0556 eff 0.0319 outinratio 0.0374 

WplusH126_4e_costhetaZ2_genbin2_recobin1 acc 0.0414 eff 0.0409 outinratio 0.1692 

ZH126_4e_costhetaZ2_genbin2_recobin1 acc 0.0435 eff 0.0225 outinratio 0.0562 

ttH126_4e_costhetaZ2_genbin2_recobin1 acc 0.046 eff 0.0155 outinratio 0.1913 

ggH126_4e_costhetaZ2_genbin3_recobin1 acc 0.0668 eff 0.0007 outinratio 0.106 

VBFH126_4e_costhetaZ2_genbin3_recobin1 acc 0.076 eff 0.0 outinratio 0.0672 

WminusH126_4e_costhetaZ2_genbin3_recobin1 acc 0.0537 eff 0.0 outinratio 0.0374 

WplusH126_4e_costhetaZ2_genbin3_recobin1 acc 0.0464 eff 0.0 outinratio 0.1692 

ZH126_4e_costhetaZ2_genbin3_recobin1 acc 0.0615 eff 0.0 outinratio 0.0562 

ttH126_4e_costhetaZ2_genbin3_recobin1 acc 0.0487 eff 0.0031 outinratio 0.1913 

ggH126_4e_costhetaZ2_genbin4_recobin1 acc 0.0697 eff 0.0022 outinratio 0.106 

VBFH126_4e_costhetaZ2_genbin4_recobin1 acc 0.0632 eff 0.0 outinratio 0.0672 

WminusH126_4e_costhetaZ2_genbin4_recobin1 acc 0.0575 eff 0.0 outinratio 0.0374 

WplusH126_4e_costhetaZ2_genbin4_recobin1 acc 0.0511 eff 0.0023 outinratio 0.1692 

ZH126_4e_costhetaZ2_genbin4_recobin1 acc 0.0672 eff 0.0 outinratio 0.0562 

ttH126_4e_costhetaZ2_genbin4_recobin1 acc 0.0506 eff 0.0 outinratio 0.1913 

ggH126_4e_costhetaZ2_genbin5_recobin1 acc 0.0614 eff 0.0 outinratio 0.106 

VBFH126_4e_costhetaZ2_genbin5_recobin1 acc 0.0731 eff 0.0 outinratio 0.0672 

WminusH126_4e_costhetaZ2_genbin5_recobin1 acc 0.0545 eff 0.0 outinratio 0.0374 

WplusH126_4e_costhetaZ2_genbin5_recobin1 acc 0.046 eff 0.0 outinratio 0.1692 

ZH126_4e_costhetaZ2_genbin5_recobin1 acc 0.0501 eff 0.0 outinratio 0.0562 

ttH126_4e_costhetaZ2_genbin5_recobin1 acc 0.0476 eff 0.0 outinratio 0.1913 

ggH126_4e_costhetaZ2_genbin6_recobin1 acc 0.044 eff 0.0 outinratio 0.106 

VBFH126_4e_costhetaZ2_genbin6_recobin1 acc 0.0544 eff 0.0 outinratio 0.0672 

WminusH126_4e_costhetaZ2_genbin6_recobin1 acc 0.0407 eff 0.0 outinratio 0.0374 

WplusH126_4e_costhetaZ2_genbin6_recobin1 acc 0.0376 eff 0.0 outinratio 0.1692 

ZH126_4e_costhetaZ2_genbin6_recobin1 acc 0.0293 eff 0.0 outinratio 0.0562 

ttH126_4e_costhetaZ2_genbin6_recobin1 acc 0.0368 eff 0.0 outinratio 0.1913 

ggH126_4e_costhetaZ2_genbin7_recobin1 acc 0.0268 eff 0.0 outinratio 0.106 

VBFH126_4e_costhetaZ2_genbin7_recobin1 acc 0.0322 eff 0.0 outinratio 0.0672 

WminusH126_4e_costhetaZ2_genbin7_recobin1 acc 0.0194 eff 0.0 outinratio 0.0374 

WplusH126_4e_costhetaZ2_genbin7_recobin1 acc 0.0203 eff 0.0 outinratio 0.1692 

ZH126_4e_costhetaZ2_genbin7_recobin1 acc 0.0255 eff 0.0 outinratio 0.0562 

ttH126_4e_costhetaZ2_genbin7_recobin1 acc 0.0227 eff 0.0 outinratio 0.1913 

ggH126_4e_costhetaZ2_genbin0_recobin2 acc 0.027 eff 0.0036 outinratio 0.0495 

VBFH126_4e_costhetaZ2_genbin0_recobin2 acc 0.0275 eff 0.0 outinratio 0.0796 

WminusH126_4e_costhetaZ2_genbin0_recobin2 acc 0.024 eff 0.0 outinratio 0.0317 

WplusH126_4e_costhetaZ2_genbin0_recobin2 acc 0.0219 eff 0.0 outinratio 0.076 

ZH126_4e_costhetaZ2_genbin0_recobin2 acc 0.0237 eff 0.0 outinratio 0.1257 

ttH126_4e_costhetaZ2_genbin0_recobin2 acc 0.0245 eff 0.0 outinratio 0.1938 

ggH126_4e_costhetaZ2_genbin1_recobin2 acc 0.0425 eff 0.0399 outinratio 0.0495 

VBFH126_4e_costhetaZ2_genbin1_recobin2 acc 0.048 eff 0.0135 outinratio 0.0796 

WminusH126_4e_costhetaZ2_genbin1_recobin2 acc 0.04 eff 0.0288 outinratio 0.0317 

WplusH126_4e_costhetaZ2_genbin1_recobin2 acc 0.0308 eff 0.0238 outinratio 0.076 

ZH126_4e_costhetaZ2_genbin1_recobin2 acc 0.0369 eff 0.0169 outinratio 0.1257 

ttH126_4e_costhetaZ2_genbin1_recobin2 acc 0.039 eff 0.0229 outinratio 0.1938 

ggH126_4e_costhetaZ2_genbin2_recobin2 acc 0.0584 eff 0.2457 outinratio 0.0495 

VBFH126_4e_costhetaZ2_genbin2_recobin2 acc 0.0632 eff 0.2299 outinratio 0.0796 

WminusH126_4e_costhetaZ2_genbin2_recobin2 acc 0.0556 eff 0.2618 outinratio 0.0317 

WplusH126_4e_costhetaZ2_genbin2_recobin2 acc 0.0414 eff 0.1925 outinratio 0.076 

ZH126_4e_costhetaZ2_genbin2_recobin2 acc 0.0435 eff 0.3271 outinratio 0.1257 

ttH126_4e_costhetaZ2_genbin2_recobin2 acc 0.046 eff 0.3003 outinratio 0.1938 

ggH126_4e_costhetaZ2_genbin3_recobin2 acc 0.0668 eff 0.0354 outinratio 0.0495 

VBFH126_4e_costhetaZ2_genbin3_recobin2 acc 0.076 eff 0.0294 outinratio 0.0796 

WminusH126_4e_costhetaZ2_genbin3_recobin2 acc 0.0537 eff 0.0621 outinratio 0.0317 

WplusH126_4e_costhetaZ2_genbin3_recobin2 acc 0.0464 eff 0.0495 outinratio 0.076 

ZH126_4e_costhetaZ2_genbin3_recobin2 acc 0.0615 eff 0.0492 outinratio 0.1257 

ttH126_4e_costhetaZ2_genbin3_recobin2 acc 0.0487 eff 0.0401 outinratio 0.1938 

ggH126_4e_costhetaZ2_genbin4_recobin2 acc 0.0697 eff 0.0029 outinratio 0.0495 

VBFH126_4e_costhetaZ2_genbin4_recobin2 acc 0.0632 eff 0.0 outinratio 0.0796 

WminusH126_4e_costhetaZ2_genbin4_recobin2 acc 0.0575 eff 0.0 outinratio 0.0317 

WplusH126_4e_costhetaZ2_genbin4_recobin2 acc 0.0511 eff 0.0 outinratio 0.076 

ZH126_4e_costhetaZ2_genbin4_recobin2 acc 0.0672 eff 0.0 outinratio 0.1257 

ttH126_4e_costhetaZ2_genbin4_recobin2 acc 0.0506 eff 0.0003 outinratio 0.1938 

ggH126_4e_costhetaZ2_genbin5_recobin2 acc 0.0614 eff 0.0 outinratio 0.0495 

VBFH126_4e_costhetaZ2_genbin5_recobin2 acc 0.0731 eff 0.0 outinratio 0.0796 

WminusH126_4e_costhetaZ2_genbin5_recobin2 acc 0.0545 eff 0.0 outinratio 0.0317 

WplusH126_4e_costhetaZ2_genbin5_recobin2 acc 0.046 eff 0.0059 outinratio 0.076 

ZH126_4e_costhetaZ2_genbin5_recobin2 acc 0.0501 eff 0.0 outinratio 0.1257 

ttH126_4e_costhetaZ2_genbin5_recobin2 acc 0.0476 eff 0.0 outinratio 0.1938 

ggH126_4e_costhetaZ2_genbin6_recobin2 acc 0.044 eff 0.0 outinratio 0.0495 

VBFH126_4e_costhetaZ2_genbin6_recobin2 acc 0.0544 eff 0.0 outinratio 0.0796 

WminusH126_4e_costhetaZ2_genbin6_recobin2 acc 0.0407 eff 0.0 outinratio 0.0317 

WplusH126_4e_costhetaZ2_genbin6_recobin2 acc 0.0376 eff 0.0 outinratio 0.076 

ZH126_4e_costhetaZ2_genbin6_recobin2 acc 0.0293 eff 0.0 outinratio 0.1257 

ttH126_4e_costhetaZ2_genbin6_recobin2 acc 0.0368 eff 0.0 outinratio 0.1938 

ggH126_4e_costhetaZ2_genbin7_recobin2 acc 0.0268 eff 0.0 outinratio 0.0495 

VBFH126_4e_costhetaZ2_genbin7_recobin2 acc 0.0322 eff 0.0 outinratio 0.0796 

WminusH126_4e_costhetaZ2_genbin7_recobin2 acc 0.0194 eff 0.0 outinratio 0.0317 

WplusH126_4e_costhetaZ2_genbin7_recobin2 acc 0.0203 eff 0.0 outinratio 0.076 

ZH126_4e_costhetaZ2_genbin7_recobin2 acc 0.0255 eff 0.0 outinratio 0.1257 

ttH126_4e_costhetaZ2_genbin7_recobin2 acc 0.0227 eff 0.0 outinratio 0.1938 

ggH126_4e_costhetaZ2_genbin0_recobin3 acc 0.027 eff 0.0009 outinratio 0.0382 

VBFH126_4e_costhetaZ2_genbin0_recobin3 acc 0.0275 eff 0.0 outinratio 0.0274 

WminusH126_4e_costhetaZ2_genbin0_recobin3 acc 0.024 eff 0.0 outinratio 0.0794 

WplusH126_4e_costhetaZ2_genbin0_recobin3 acc 0.0219 eff 0.0 outinratio 0.0365 

ZH126_4e_costhetaZ2_genbin0_recobin3 acc 0.0237 eff 0.0 outinratio 0.0333 

ttH126_4e_costhetaZ2_genbin0_recobin3 acc 0.0245 eff 0.0038 outinratio 0.1622 

ggH126_4e_costhetaZ2_genbin1_recobin3 acc 0.0425 eff 0.0015 outinratio 0.0382 

VBFH126_4e_costhetaZ2_genbin1_recobin3 acc 0.048 eff 0.0 outinratio 0.0274 

WminusH126_4e_costhetaZ2_genbin1_recobin3 acc 0.04 eff 0.0035 outinratio 0.0794 

WplusH126_4e_costhetaZ2_genbin1_recobin3 acc 0.0308 eff 0.0111 outinratio 0.0365 

ZH126_4e_costhetaZ2_genbin1_recobin3 acc 0.0369 eff 0.0 outinratio 0.0333 

ttH126_4e_costhetaZ2_genbin1_recobin3 acc 0.039 eff 0.0 outinratio 0.1622 

ggH126_4e_costhetaZ2_genbin2_recobin3 acc 0.0584 eff 0.0319 outinratio 0.0382 

VBFH126_4e_costhetaZ2_genbin2_recobin3 acc 0.0632 eff 0.0497 outinratio 0.0274 

WminusH126_4e_costhetaZ2_genbin2_recobin3 acc 0.0556 eff 0.0499 outinratio 0.0794 

WplusH126_4e_costhetaZ2_genbin2_recobin3 acc 0.0414 eff 0.0288 outinratio 0.0365 

ZH126_4e_costhetaZ2_genbin2_recobin3 acc 0.0435 eff 0.0134 outinratio 0.0333 

ttH126_4e_costhetaZ2_genbin2_recobin3 acc 0.046 eff 0.0273 outinratio 0.1622 

ggH126_4e_costhetaZ2_genbin3_recobin3 acc 0.0668 eff 0.2537 outinratio 0.0382 

VBFH126_4e_costhetaZ2_genbin3_recobin3 acc 0.076 eff 0.2394 outinratio 0.0274 

WminusH126_4e_costhetaZ2_genbin3_recobin3 acc 0.0537 eff 0.2905 outinratio 0.0794 

WplusH126_4e_costhetaZ2_genbin3_recobin3 acc 0.0464 eff 0.2788 outinratio 0.0365 

ZH126_4e_costhetaZ2_genbin3_recobin3 acc 0.0615 eff 0.345 outinratio 0.0333 

ttH126_4e_costhetaZ2_genbin3_recobin3 acc 0.0487 eff 0.2882 outinratio 0.1622 

ggH126_4e_costhetaZ2_genbin4_recobin3 acc 0.0697 eff 0.041 outinratio 0.0382 

VBFH126_4e_costhetaZ2_genbin4_recobin3 acc 0.0632 eff 0.0908 outinratio 0.0274 

WminusH126_4e_costhetaZ2_genbin4_recobin3 acc 0.0575 eff 0.0281 outinratio 0.0794 

WplusH126_4e_costhetaZ2_genbin4_recobin3 acc 0.0511 eff 0.0249 outinratio 0.0365 

ZH126_4e_costhetaZ2_genbin4_recobin3 acc 0.0672 eff 0.0095 outinratio 0.0333 

ttH126_4e_costhetaZ2_genbin4_recobin3 acc 0.0506 eff 0.0371 outinratio 0.1622 

ggH126_4e_costhetaZ2_genbin5_recobin3 acc 0.0614 eff 0.0027 outinratio 0.0382 

VBFH126_4e_costhetaZ2_genbin5_recobin3 acc 0.0731 eff 0.0 outinratio 0.0274 

WminusH126_4e_costhetaZ2_genbin5_recobin3 acc 0.0545 eff 0.0 outinratio 0.0794 

WplusH126_4e_costhetaZ2_genbin5_recobin3 acc 0.046 eff 0.0033 outinratio 0.0365 

ZH126_4e_costhetaZ2_genbin5_recobin3 acc 0.0501 eff 0.0 outinratio 0.0333 

ttH126_4e_costhetaZ2_genbin5_recobin3 acc 0.0476 eff 0.0007 outinratio 0.1622 

ggH126_4e_costhetaZ2_genbin6_recobin3 acc 0.044 eff 0.0027 outinratio 0.0382 

VBFH126_4e_costhetaZ2_genbin6_recobin3 acc 0.0544 eff 0.0 outinratio 0.0274 

WminusH126_4e_costhetaZ2_genbin6_recobin3 acc 0.0407 eff 0.0 outinratio 0.0794 

WplusH126_4e_costhetaZ2_genbin6_recobin3 acc 0.0376 eff 0.0 outinratio 0.0365 

ZH126_4e_costhetaZ2_genbin6_recobin3 acc 0.0293 eff 0.0 outinratio 0.0333 

ttH126_4e_costhetaZ2_genbin6_recobin3 acc 0.0368 eff 0.0 outinratio 0.1622 

ggH126_4e_costhetaZ2_genbin7_recobin3 acc 0.0268 eff 0.0 outinratio 0.0382 

VBFH126_4e_costhetaZ2_genbin7_recobin3 acc 0.0322 eff 0.0 outinratio 0.0274 

WminusH126_4e_costhetaZ2_genbin7_recobin3 acc 0.0194 eff 0.0 outinratio 0.0794 

WplusH126_4e_costhetaZ2_genbin7_recobin3 acc 0.0203 eff 0.0 outinratio 0.0365 

ZH126_4e_costhetaZ2_genbin7_recobin3 acc 0.0255 eff 0.0 outinratio 0.0333 

ttH126_4e_costhetaZ2_genbin7_recobin3 acc 0.0227 eff 0.0 outinratio 0.1622 

ggH126_4e_costhetaZ2_genbin0_recobin4 acc 0.027 eff 0.0 outinratio 0.039 

VBFH126_4e_costhetaZ2_genbin0_recobin4 acc 0.0275 eff 0.0 outinratio 0.0209 

WminusH126_4e_costhetaZ2_genbin0_recobin4 acc 0.024 eff 0.0 outinratio 0.0575 

WplusH126_4e_costhetaZ2_genbin0_recobin4 acc 0.0219 eff 0.0 outinratio 0.1214 

ZH126_4e_costhetaZ2_genbin0_recobin4 acc 0.0237 eff 0.0 outinratio 0.0082 

ttH126_4e_costhetaZ2_genbin0_recobin4 acc 0.0245 eff 0.0 outinratio 0.1746 

ggH126_4e_costhetaZ2_genbin1_recobin4 acc 0.0425 eff 0.0 outinratio 0.039 

VBFH126_4e_costhetaZ2_genbin1_recobin4 acc 0.048 eff 0.0 outinratio 0.0209 

WminusH126_4e_costhetaZ2_genbin1_recobin4 acc 0.04 eff 0.0 outinratio 0.0575 

WplusH126_4e_costhetaZ2_genbin1_recobin4 acc 0.0308 eff 0.0 outinratio 0.1214 

ZH126_4e_costhetaZ2_genbin1_recobin4 acc 0.0369 eff 0.0 outinratio 0.0082 

ttH126_4e_costhetaZ2_genbin1_recobin4 acc 0.039 eff 0.0 outinratio 0.1746 

ggH126_4e_costhetaZ2_genbin2_recobin4 acc 0.0584 eff 0.0008 outinratio 0.039 

VBFH126_4e_costhetaZ2_genbin2_recobin4 acc 0.0632 eff 0.0 outinratio 0.0209 

WminusH126_4e_costhetaZ2_genbin2_recobin4 acc 0.0556 eff 0.0 outinratio 0.0575 

WplusH126_4e_costhetaZ2_genbin2_recobin4 acc 0.0414 eff 0.0 outinratio 0.1214 

ZH126_4e_costhetaZ2_genbin2_recobin4 acc 0.0435 eff 0.0 outinratio 0.0082 

ttH126_4e_costhetaZ2_genbin2_recobin4 acc 0.046 eff 0.0007 outinratio 0.1746 

ggH126_4e_costhetaZ2_genbin3_recobin4 acc 0.0668 eff 0.0411 outinratio 0.039 

VBFH126_4e_costhetaZ2_genbin3_recobin4 acc 0.076 eff 0.0195 outinratio 0.0209 

WminusH126_4e_costhetaZ2_genbin3_recobin4 acc 0.0537 eff 0.0636 outinratio 0.0575 

WplusH126_4e_costhetaZ2_genbin3_recobin4 acc 0.0464 eff 0.0361 outinratio 0.1214 

ZH126_4e_costhetaZ2_genbin3_recobin4 acc 0.0615 eff 0.0364 outinratio 0.0082 

ttH126_4e_costhetaZ2_genbin3_recobin4 acc 0.0487 eff 0.0339 outinratio 0.1746 

ggH126_4e_costhetaZ2_genbin4_recobin4 acc 0.0697 eff 0.2783 outinratio 0.039 

VBFH126_4e_costhetaZ2_genbin4_recobin4 acc 0.0632 eff 0.2734 outinratio 0.0209 

WminusH126_4e_costhetaZ2_genbin4_recobin4 acc 0.0575 eff 0.224 outinratio 0.0575 

WplusH126_4e_costhetaZ2_genbin4_recobin4 acc 0.0511 eff 0.2131 outinratio 0.1214 

ZH126_4e_costhetaZ2_genbin4_recobin4 acc 0.0672 eff 0.3114 outinratio 0.0082 

ttH126_4e_costhetaZ2_genbin4_recobin4 acc 0.0506 eff 0.2919 outinratio 0.1746 

ggH126_4e_costhetaZ2_genbin5_recobin4 acc 0.0614 eff 0.0516 outinratio 0.039 

VBFH126_4e_costhetaZ2_genbin5_recobin4 acc 0.0731 eff 0.0418 outinratio 0.0209 

WminusH126_4e_costhetaZ2_genbin5_recobin4 acc 0.0545 eff 0.0243 outinratio 0.0575 

WplusH126_4e_costhetaZ2_genbin5_recobin4 acc 0.046 eff 0.0182 outinratio 0.1214 

ZH126_4e_costhetaZ2_genbin5_recobin4 acc 0.0501 eff 0.0318 outinratio 0.0082 

ttH126_4e_costhetaZ2_genbin5_recobin4 acc 0.0476 eff 0.0268 outinratio 0.1746 

ggH126_4e_costhetaZ2_genbin6_recobin4 acc 0.044 eff 0.0037 outinratio 0.039 

VBFH126_4e_costhetaZ2_genbin6_recobin4 acc 0.0544 eff 0.0 outinratio 0.0209 

WminusH126_4e_costhetaZ2_genbin6_recobin4 acc 0.0407 eff 0.0 outinratio 0.0575 

WplusH126_4e_costhetaZ2_genbin6_recobin4 acc 0.0376 eff 0.0 outinratio 0.1214 

ZH126_4e_costhetaZ2_genbin6_recobin4 acc 0.0293 eff 0.0137 outinratio 0.0082 

ttH126_4e_costhetaZ2_genbin6_recobin4 acc 0.0368 eff 0.0009 outinratio 0.1746 

ggH126_4e_costhetaZ2_genbin7_recobin4 acc 0.0268 eff 0.0 outinratio 0.039 

VBFH126_4e_costhetaZ2_genbin7_recobin4 acc 0.0322 eff 0.0 outinratio 0.0209 

WminusH126_4e_costhetaZ2_genbin7_recobin4 acc 0.0194 eff 0.0 outinratio 0.0575 

WplusH126_4e_costhetaZ2_genbin7_recobin4 acc 0.0203 eff 0.0 outinratio 0.1214 

ZH126_4e_costhetaZ2_genbin7_recobin4 acc 0.0255 eff 0.0 outinratio 0.0082 

ttH126_4e_costhetaZ2_genbin7_recobin4 acc 0.0227 eff 0.0 outinratio 0.1746 

ggH126_4e_costhetaZ2_genbin0_recobin5 acc 0.027 eff 0.0 outinratio 0.035 

VBFH126_4e_costhetaZ2_genbin0_recobin5 acc 0.0275 eff 0.0 outinratio 0.0068 

WminusH126_4e_costhetaZ2_genbin0_recobin5 acc 0.024 eff 0.0 outinratio 0.1098 

WplusH126_4e_costhetaZ2_genbin0_recobin5 acc 0.0219 eff 0.0 outinratio 0.0282 

ZH126_4e_costhetaZ2_genbin0_recobin5 acc 0.0237 eff 0.0 outinratio 0.0888 

ttH126_4e_costhetaZ2_genbin0_recobin5 acc 0.0245 eff 0.0 outinratio 0.1978 

ggH126_4e_costhetaZ2_genbin1_recobin5 acc 0.0425 eff 0.0 outinratio 0.035 

VBFH126_4e_costhetaZ2_genbin1_recobin5 acc 0.048 eff 0.0 outinratio 0.0068 

WminusH126_4e_costhetaZ2_genbin1_recobin5 acc 0.04 eff 0.0 outinratio 0.1098 

WplusH126_4e_costhetaZ2_genbin1_recobin5 acc 0.0308 eff 0.0 outinratio 0.0282 

ZH126_4e_costhetaZ2_genbin1_recobin5 acc 0.0369 eff 0.0 outinratio 0.0888 

ttH126_4e_costhetaZ2_genbin1_recobin5 acc 0.039 eff 0.001 outinratio 0.1978 

ggH126_4e_costhetaZ2_genbin2_recobin5 acc 0.0584 eff 0.0011 outinratio 0.035 

VBFH126_4e_costhetaZ2_genbin2_recobin5 acc 0.0632 eff 0.0 outinratio 0.0068 

WminusH126_4e_costhetaZ2_genbin2_recobin5 acc 0.0556 eff 0.0 outinratio 0.1098 

WplusH126_4e_costhetaZ2_genbin2_recobin5 acc 0.0414 eff 0.0 outinratio 0.0282 

ZH126_4e_costhetaZ2_genbin2_recobin5 acc 0.0435 eff 0.0 outinratio 0.0888 

ttH126_4e_costhetaZ2_genbin2_recobin5 acc 0.046 eff 0.0009 outinratio 0.1978 

ggH126_4e_costhetaZ2_genbin3_recobin5 acc 0.0668 eff 0.0 outinratio 0.035 

VBFH126_4e_costhetaZ2_genbin3_recobin5 acc 0.076 eff 0.0 outinratio 0.0068 

WminusH126_4e_costhetaZ2_genbin3_recobin5 acc 0.0537 eff 0.0 outinratio 0.1098 

WplusH126_4e_costhetaZ2_genbin3_recobin5 acc 0.0464 eff 0.0 outinratio 0.0282 

ZH126_4e_costhetaZ2_genbin3_recobin5 acc 0.0615 eff 0.0 outinratio 0.0888 

ttH126_4e_costhetaZ2_genbin3_recobin5 acc 0.0487 eff 0.0011 outinratio 0.1978 

ggH126_4e_costhetaZ2_genbin4_recobin5 acc 0.0697 eff 0.0335 outinratio 0.035 

VBFH126_4e_costhetaZ2_genbin4_recobin5 acc 0.0632 eff 0.0235 outinratio 0.0068 

WminusH126_4e_costhetaZ2_genbin4_recobin5 acc 0.0575 eff 0.0406 outinratio 0.1098 

WplusH126_4e_costhetaZ2_genbin4_recobin5 acc 0.0511 eff 0.0327 outinratio 0.0282 

ZH126_4e_costhetaZ2_genbin4_recobin5 acc 0.0672 eff 0.0472 outinratio 0.0888 

ttH126_4e_costhetaZ2_genbin4_recobin5 acc 0.0506 eff 0.0296 outinratio 0.1978 

ggH126_4e_costhetaZ2_genbin5_recobin5 acc 0.0614 eff 0.2688 outinratio 0.035 

VBFH126_4e_costhetaZ2_genbin5_recobin5 acc 0.0731 eff 0.2107 outinratio 0.0068 

WminusH126_4e_costhetaZ2_genbin5_recobin5 acc 0.0545 eff 0.2174 outinratio 0.1098 

WplusH126_4e_costhetaZ2_genbin5_recobin5 acc 0.046 eff 0.1939 outinratio 0.0282 

ZH126_4e_costhetaZ2_genbin5_recobin5 acc 0.0501 eff 0.3712 outinratio 0.0888 

ttH126_4e_costhetaZ2_genbin5_recobin5 acc 0.0476 eff 0.2923 outinratio 0.1978 

ggH126_4e_costhetaZ2_genbin6_recobin5 acc 0.044 eff 0.0503 outinratio 0.035 

VBFH126_4e_costhetaZ2_genbin6_recobin5 acc 0.0544 eff 0.0354 outinratio 0.0068 

WminusH126_4e_costhetaZ2_genbin6_recobin5 acc 0.0407 eff 0.0366 outinratio 0.1098 

WplusH126_4e_costhetaZ2_genbin6_recobin5 acc 0.0376 eff 0.0246 outinratio 0.0282 

ZH126_4e_costhetaZ2_genbin6_recobin5 acc 0.0293 eff 0.0229 outinratio 0.0888 

ttH126_4e_costhetaZ2_genbin6_recobin5 acc 0.0368 eff 0.028 outinratio 0.1978 

ggH126_4e_costhetaZ2_genbin7_recobin5 acc 0.0268 eff 0.0022 outinratio 0.035 

VBFH126_4e_costhetaZ2_genbin7_recobin5 acc 0.0322 eff 0.0093 outinratio 0.0068 

WminusH126_4e_costhetaZ2_genbin7_recobin5 acc 0.0194 eff 0.012 outinratio 0.1098 

WplusH126_4e_costhetaZ2_genbin7_recobin5 acc 0.0203 eff -0.01 outinratio 0.0282 

ZH126_4e_costhetaZ2_genbin7_recobin5 acc 0.0255 eff 0.0 outinratio 0.0888 

ttH126_4e_costhetaZ2_genbin7_recobin5 acc 0.0227 eff 0.0 outinratio 0.1978 

ggH126_4e_costhetaZ2_genbin0_recobin6 acc 0.027 eff 0.0 outinratio 0.0318 

VBFH126_4e_costhetaZ2_genbin0_recobin6 acc 0.0275 eff 0.0 outinratio 0.0 

WminusH126_4e_costhetaZ2_genbin0_recobin6 acc 0.024 eff 0.0 outinratio 0.0287 

WplusH126_4e_costhetaZ2_genbin0_recobin6 acc 0.0219 eff 0.0 outinratio 0.0546 

ZH126_4e_costhetaZ2_genbin0_recobin6 acc 0.0237 eff 0.0 outinratio 0.0737 

ttH126_4e_costhetaZ2_genbin0_recobin6 acc 0.0245 eff 0.0 outinratio 0.1953 

ggH126_4e_costhetaZ2_genbin1_recobin6 acc 0.0425 eff 0.0 outinratio 0.0318 

VBFH126_4e_costhetaZ2_genbin1_recobin6 acc 0.048 eff 0.0 outinratio 0.0 

WminusH126_4e_costhetaZ2_genbin1_recobin6 acc 0.04 eff 0.0 outinratio 0.0287 

WplusH126_4e_costhetaZ2_genbin1_recobin6 acc 0.0308 eff 0.0 outinratio 0.0546 

ZH126_4e_costhetaZ2_genbin1_recobin6 acc 0.0369 eff 0.0 outinratio 0.0737 

ttH126_4e_costhetaZ2_genbin1_recobin6 acc 0.039 eff 0.0 outinratio 0.1953 

ggH126_4e_costhetaZ2_genbin2_recobin6 acc 0.0584 eff 0.0 outinratio 0.0318 

VBFH126_4e_costhetaZ2_genbin2_recobin6 acc 0.0632 eff 0.0 outinratio 0.0 

WminusH126_4e_costhetaZ2_genbin2_recobin6 acc 0.0556 eff 0.0 outinratio 0.0287 

WplusH126_4e_costhetaZ2_genbin2_recobin6 acc 0.0414 eff 0.0 outinratio 0.0546 

ZH126_4e_costhetaZ2_genbin2_recobin6 acc 0.0435 eff 0.0 outinratio 0.0737 

ttH126_4e_costhetaZ2_genbin2_recobin6 acc 0.046 eff 0.0 outinratio 0.1953 

ggH126_4e_costhetaZ2_genbin3_recobin6 acc 0.0668 eff 0.0 outinratio 0.0318 

VBFH126_4e_costhetaZ2_genbin3_recobin6 acc 0.076 eff 0.0 outinratio 0.0 

WminusH126_4e_costhetaZ2_genbin3_recobin6 acc 0.0537 eff 0.0 outinratio 0.0287 

WplusH126_4e_costhetaZ2_genbin3_recobin6 acc 0.0464 eff 0.0 outinratio 0.0546 

ZH126_4e_costhetaZ2_genbin3_recobin6 acc 0.0615 eff 0.0 outinratio 0.0737 

ttH126_4e_costhetaZ2_genbin3_recobin6 acc 0.0487 eff 0.0 outinratio 0.1953 

ggH126_4e_costhetaZ2_genbin4_recobin6 acc 0.0697 eff 0.0004 outinratio 0.0318 

VBFH126_4e_costhetaZ2_genbin4_recobin6 acc 0.0632 eff 0.013 outinratio 0.0 

WminusH126_4e_costhetaZ2_genbin4_recobin6 acc 0.0575 eff 0.0012 outinratio 0.0287 

WplusH126_4e_costhetaZ2_genbin4_recobin6 acc 0.0511 eff 0.0107 outinratio 0.0546 

ZH126_4e_costhetaZ2_genbin4_recobin6 acc 0.0672 eff 0.0 outinratio 0.0737 

ttH126_4e_costhetaZ2_genbin4_recobin6 acc 0.0506 eff 0.0022 outinratio 0.1953 

ggH126_4e_costhetaZ2_genbin5_recobin6 acc 0.0614 eff 0.0276 outinratio 0.0318 

VBFH126_4e_costhetaZ2_genbin5_recobin6 acc 0.0731 eff 0.0505 outinratio 0.0 

WminusH126_4e_costhetaZ2_genbin5_recobin6 acc 0.0545 eff 0.0733 outinratio 0.0287 

WplusH126_4e_costhetaZ2_genbin5_recobin6 acc 0.046 eff 0.0646 outinratio 0.0546 

ZH126_4e_costhetaZ2_genbin5_recobin6 acc 0.0501 eff 0.0264 outinratio 0.0737 

ttH126_4e_costhetaZ2_genbin5_recobin6 acc 0.0476 eff 0.0415 outinratio 0.1953 

ggH126_4e_costhetaZ2_genbin6_recobin6 acc 0.044 eff 0.2739 outinratio 0.0318 

VBFH126_4e_costhetaZ2_genbin6_recobin6 acc 0.0544 eff 0.2602 outinratio 0.0 

WminusH126_4e_costhetaZ2_genbin6_recobin6 acc 0.0407 eff 0.2711 outinratio 0.0287 

WplusH126_4e_costhetaZ2_genbin6_recobin6 acc 0.0376 eff 0.2617 outinratio 0.0546 

ZH126_4e_costhetaZ2_genbin6_recobin6 acc 0.0293 eff 0.3131 outinratio 0.0737 

ttH126_4e_costhetaZ2_genbin6_recobin6 acc 0.0368 eff 0.3225 outinratio 0.1953 

ggH126_4e_costhetaZ2_genbin7_recobin6 acc 0.0268 eff 0.0159 outinratio 0.0318 

VBFH126_4e_costhetaZ2_genbin7_recobin6 acc 0.0322 eff 0.0175 outinratio 0.0 

WminusH126_4e_costhetaZ2_genbin7_recobin6 acc 0.0194 eff 0.0137 outinratio 0.0287 

WplusH126_4e_costhetaZ2_genbin7_recobin6 acc 0.0203 eff 0.0406 outinratio 0.0546 

ZH126_4e_costhetaZ2_genbin7_recobin6 acc 0.0255 eff 0.0326 outinratio 0.0737 

ttH126_4e_costhetaZ2_genbin7_recobin6 acc 0.0227 eff 0.0145 outinratio 0.1953 

ggH126_4e_costhetaZ2_genbin0_recobin7 acc 0.027 eff 0.0 outinratio 0.113 

VBFH126_4e_costhetaZ2_genbin0_recobin7 acc 0.0275 eff 0.0 outinratio 0.0 

WminusH126_4e_costhetaZ2_genbin0_recobin7 acc 0.024 eff 0.0 outinratio 0.0274 

WplusH126_4e_costhetaZ2_genbin0_recobin7 acc 0.0219 eff 0.0 outinratio 0.1701 

ZH126_4e_costhetaZ2_genbin0_recobin7 acc 0.0237 eff 0.0 outinratio 0.0 

ttH126_4e_costhetaZ2_genbin0_recobin7 acc 0.0245 eff 0.0 outinratio 0.2665 

ggH126_4e_costhetaZ2_genbin1_recobin7 acc 0.0425 eff 0.0 outinratio 0.113 

VBFH126_4e_costhetaZ2_genbin1_recobin7 acc 0.048 eff 0.0 outinratio 0.0 

WminusH126_4e_costhetaZ2_genbin1_recobin7 acc 0.04 eff 0.0 outinratio 0.0274 

WplusH126_4e_costhetaZ2_genbin1_recobin7 acc 0.0308 eff 0.0 outinratio 0.1701 

ZH126_4e_costhetaZ2_genbin1_recobin7 acc 0.0369 eff 0.0 outinratio 0.0 

ttH126_4e_costhetaZ2_genbin1_recobin7 acc 0.039 eff 0.0 outinratio 0.2665 

ggH126_4e_costhetaZ2_genbin2_recobin7 acc 0.0584 eff 0.0 outinratio 0.113 

VBFH126_4e_costhetaZ2_genbin2_recobin7 acc 0.0632 eff 0.0 outinratio 0.0 

WminusH126_4e_costhetaZ2_genbin2_recobin7 acc 0.0556 eff 0.0 outinratio 0.0274 

WplusH126_4e_costhetaZ2_genbin2_recobin7 acc 0.0414 eff 0.0 outinratio 0.1701 

ZH126_4e_costhetaZ2_genbin2_recobin7 acc 0.0435 eff 0.0 outinratio 0.0 

ttH126_4e_costhetaZ2_genbin2_recobin7 acc 0.046 eff 0.0 outinratio 0.2665 

ggH126_4e_costhetaZ2_genbin3_recobin7 acc 0.0668 eff 0.0 outinratio 0.113 

VBFH126_4e_costhetaZ2_genbin3_recobin7 acc 0.076 eff 0.0 outinratio 0.0 

WminusH126_4e_costhetaZ2_genbin3_recobin7 acc 0.0537 eff 0.0 outinratio 0.0274 

WplusH126_4e_costhetaZ2_genbin3_recobin7 acc 0.0464 eff 0.0 outinratio 0.1701 

ZH126_4e_costhetaZ2_genbin3_recobin7 acc 0.0615 eff 0.0 outinratio 0.0 

ttH126_4e_costhetaZ2_genbin3_recobin7 acc 0.0487 eff 0.0 outinratio 0.2665 

ggH126_4e_costhetaZ2_genbin4_recobin7 acc 0.0697 eff 0.0 outinratio 0.113 

VBFH126_4e_costhetaZ2_genbin4_recobin7 acc 0.0632 eff 0.0 outinratio 0.0 

WminusH126_4e_costhetaZ2_genbin4_recobin7 acc 0.0575 eff 0.0 outinratio 0.0274 

WplusH126_4e_costhetaZ2_genbin4_recobin7 acc 0.0511 eff 0.0 outinratio 0.1701 

ZH126_4e_costhetaZ2_genbin4_recobin7 acc 0.0672 eff 0.0 outinratio 0.0 

ttH126_4e_costhetaZ2_genbin4_recobin7 acc 0.0506 eff 0.001 outinratio 0.2665 

ggH126_4e_costhetaZ2_genbin5_recobin7 acc 0.0614 eff 0.0043 outinratio 0.113 

VBFH126_4e_costhetaZ2_genbin5_recobin7 acc 0.0731 eff 0.0 outinratio 0.0 

WminusH126_4e_costhetaZ2_genbin5_recobin7 acc 0.0545 eff 0.0045 outinratio 0.0274 

WplusH126_4e_costhetaZ2_genbin5_recobin7 acc 0.046 eff 0.0 outinratio 0.1701 

ZH126_4e_costhetaZ2_genbin5_recobin7 acc 0.0501 eff 0.0 outinratio 0.0 

ttH126_4e_costhetaZ2_genbin5_recobin7 acc 0.0476 eff 0.0 outinratio 0.2665 

ggH126_4e_costhetaZ2_genbin6_recobin7 acc 0.044 eff 0.0134 outinratio 0.113 

VBFH126_4e_costhetaZ2_genbin6_recobin7 acc 0.0544 eff 0.0374 outinratio 0.0 

WminusH126_4e_costhetaZ2_genbin6_recobin7 acc 0.0407 eff 0.0349 outinratio 0.0274 

WplusH126_4e_costhetaZ2_genbin6_recobin7 acc 0.0376 eff 0.0 outinratio 0.1701 

ZH126_4e_costhetaZ2_genbin6_recobin7 acc 0.0293 eff 0.0 outinratio 0.0 

ttH126_4e_costhetaZ2_genbin6_recobin7 acc 0.0368 eff 0.0184 outinratio 0.2665 

ggH126_4e_costhetaZ2_genbin7_recobin7 acc 0.0268 eff 0.2366 outinratio 0.113 

VBFH126_4e_costhetaZ2_genbin7_recobin7 acc 0.0322 eff 0.2062 outinratio 0.0 

WminusH126_4e_costhetaZ2_genbin7_recobin7 acc 0.0194 eff 0.4172 outinratio 0.0274 

WplusH126_4e_costhetaZ2_genbin7_recobin7 acc 0.0203 eff 0.3163 outinratio 0.1701 

ZH126_4e_costhetaZ2_genbin7_recobin7 acc 0.0255 eff 0.2238 outinratio 0.0 

ttH126_4e_costhetaZ2_genbin7_recobin7 acc 0.0227 eff 0.2724 outinratio 0.2665 

ggH126_4mu_costhetaZ2_genbin0_recobin0 acc 0.0324 eff 0.7099 outinratio 0.0729 

VBFH126_4mu_costhetaZ2_genbin0_recobin0 acc 0.0272 eff 0.7275 outinratio 0.0 

WminusH126_4mu_costhetaZ2_genbin0_recobin0 acc 0.0311 eff 0.7571 outinratio 0.0091 

WplusH126_4mu_costhetaZ2_genbin0_recobin0 acc 0.0267 eff 0.664 outinratio 0.1564 

ZH126_4mu_costhetaZ2_genbin0_recobin0 acc 0.0253 eff 0.5448 outinratio 0.131 

ttH126_4mu_costhetaZ2_genbin0_recobin0 acc 0.0304 eff 0.7326 outinratio 0.1945 

ggH126_4mu_costhetaZ2_genbin1_recobin0 acc 0.0522 eff 0.0223 outinratio 0.0729 

VBFH126_4mu_costhetaZ2_genbin1_recobin0 acc 0.063 eff 0.0 outinratio 0.0 

WminusH126_4mu_costhetaZ2_genbin1_recobin0 acc 0.044 eff 0.0126 outinratio 0.0091 

WplusH126_4mu_costhetaZ2_genbin1_recobin0 acc 0.0403 eff 0.0 outinratio 0.1564 

ZH126_4mu_costhetaZ2_genbin1_recobin0 acc 0.0431 eff 0.0 outinratio 0.131 

ttH126_4mu_costhetaZ2_genbin1_recobin0 acc 0.0416 eff 0.0228 outinratio 0.1945 

ggH126_4mu_costhetaZ2_genbin2_recobin0 acc 0.0622 eff 0.0 outinratio 0.0729 

VBFH126_4mu_costhetaZ2_genbin2_recobin0 acc 0.0732 eff 0.0 outinratio 0.0 

WminusH126_4mu_costhetaZ2_genbin2_recobin0 acc 0.049 eff 0.0028 outinratio 0.0091 

WplusH126_4mu_costhetaZ2_genbin2_recobin0 acc 0.0473 eff 0.0 outinratio 0.1564 

ZH126_4mu_costhetaZ2_genbin2_recobin0 acc 0.0581 eff 0.0 outinratio 0.131 

ttH126_4mu_costhetaZ2_genbin2_recobin0 acc 0.0489 eff 0.0005 outinratio 0.1945 

ggH126_4mu_costhetaZ2_genbin3_recobin0 acc 0.0698 eff 0.0 outinratio 0.0729 

VBFH126_4mu_costhetaZ2_genbin3_recobin0 acc 0.0749 eff 0.0 outinratio 0.0 

WminusH126_4mu_costhetaZ2_genbin3_recobin0 acc 0.0568 eff 0.0 outinratio 0.0091 

WplusH126_4mu_costhetaZ2_genbin3_recobin0 acc 0.0561 eff 0.0 outinratio 0.1564 

ZH126_4mu_costhetaZ2_genbin3_recobin0 acc 0.0647 eff 0.0 outinratio 0.131 

ttH126_4mu_costhetaZ2_genbin3_recobin0 acc 0.0558 eff 0.0 outinratio 0.1945 

ggH126_4mu_costhetaZ2_genbin4_recobin0 acc 0.0673 eff 0.0 outinratio 0.0729 

VBFH126_4mu_costhetaZ2_genbin4_recobin0 acc 0.0777 eff 0.0 outinratio 0.0 

WminusH126_4mu_costhetaZ2_genbin4_recobin0 acc 0.0556 eff 0.0 outinratio 0.0091 

WplusH126_4mu_costhetaZ2_genbin4_recobin0 acc 0.0513 eff 0.0 outinratio 0.1564 

ZH126_4mu_costhetaZ2_genbin4_recobin0 acc 0.0544 eff 0.0 outinratio 0.131 

ttH126_4mu_costhetaZ2_genbin4_recobin0 acc 0.0531 eff 0.0 outinratio 0.1945 

ggH126_4mu_costhetaZ2_genbin5_recobin0 acc 0.0652 eff 0.0 outinratio 0.0729 

VBFH126_4mu_costhetaZ2_genbin5_recobin0 acc 0.0562 eff 0.0 outinratio 0.0 

WminusH126_4mu_costhetaZ2_genbin5_recobin0 acc 0.0525 eff 0.0 outinratio 0.0091 

WplusH126_4mu_costhetaZ2_genbin5_recobin0 acc 0.0521 eff 0.0 outinratio 0.1564 

ZH126_4mu_costhetaZ2_genbin5_recobin0 acc 0.0544 eff 0.0 outinratio 0.131 

ttH126_4mu_costhetaZ2_genbin5_recobin0 acc 0.0475 eff 0.0 outinratio 0.1945 

ggH126_4mu_costhetaZ2_genbin6_recobin0 acc 0.0483 eff 0.0 outinratio 0.0729 

VBFH126_4mu_costhetaZ2_genbin6_recobin0 acc 0.0641 eff 0.0 outinratio 0.0 

WminusH126_4mu_costhetaZ2_genbin6_recobin0 acc 0.0475 eff 0.0 outinratio 0.0091 

WplusH126_4mu_costhetaZ2_genbin6_recobin0 acc 0.0372 eff 0.0 outinratio 0.1564 

ZH126_4mu_costhetaZ2_genbin6_recobin0 acc 0.0384 eff 0.0 outinratio 0.131 

ttH126_4mu_costhetaZ2_genbin6_recobin0 acc 0.041 eff 0.0 outinratio 0.1945 

ggH126_4mu_costhetaZ2_genbin7_recobin0 acc 0.0337 eff 0.0 outinratio 0.0729 

VBFH126_4mu_costhetaZ2_genbin7_recobin0 acc 0.0454 eff 0.0 outinratio 0.0 

WminusH126_4mu_costhetaZ2_genbin7_recobin0 acc 0.0292 eff 0.0 outinratio 0.0091 

WplusH126_4mu_costhetaZ2_genbin7_recobin0 acc 0.0197 eff 0.0 outinratio 0.1564 

ZH126_4mu_costhetaZ2_genbin7_recobin0 acc 0.0291 eff 0.0 outinratio 0.131 

ttH126_4mu_costhetaZ2_genbin7_recobin0 acc 0.0261 eff 0.0 outinratio 0.1945 

ggH126_4mu_costhetaZ2_genbin0_recobin1 acc 0.0324 eff 0.0388 outinratio 0.076 

VBFH126_4mu_costhetaZ2_genbin0_recobin1 acc 0.0272 eff 0.0 outinratio 0.0419 

WminusH126_4mu_costhetaZ2_genbin0_recobin1 acc 0.0311 eff 0.0942 outinratio 0.0344 

WplusH126_4mu_costhetaZ2_genbin0_recobin1 acc 0.0267 eff 0.0393 outinratio 0.1511 

ZH126_4mu_costhetaZ2_genbin0_recobin1 acc 0.0253 eff 0.1096 outinratio 0.0402 

ttH126_4mu_costhetaZ2_genbin0_recobin1 acc 0.0304 eff 0.0325 outinratio 0.1427 

ggH126_4mu_costhetaZ2_genbin1_recobin1 acc 0.0522 eff 0.7393 outinratio 0.076 

VBFH126_4mu_costhetaZ2_genbin1_recobin1 acc 0.063 eff 0.6643 outinratio 0.0419 

WminusH126_4mu_costhetaZ2_genbin1_recobin1 acc 0.044 eff 0.8069 outinratio 0.0344 

WplusH126_4mu_costhetaZ2_genbin1_recobin1 acc 0.0403 eff 0.7431 outinratio 0.1511 

ZH126_4mu_costhetaZ2_genbin1_recobin1 acc 0.0431 eff 0.8871 outinratio 0.0402 

ttH126_4mu_costhetaZ2_genbin1_recobin1 acc 0.0416 eff 0.7504 outinratio 0.1427 

ggH126_4mu_costhetaZ2_genbin2_recobin1 acc 0.0622 eff 0.0238 outinratio 0.076 

VBFH126_4mu_costhetaZ2_genbin2_recobin1 acc 0.0732 eff 0.0507 outinratio 0.0419 

WminusH126_4mu_costhetaZ2_genbin2_recobin1 acc 0.049 eff 0.0021 outinratio 0.0344 

WplusH126_4mu_costhetaZ2_genbin2_recobin1 acc 0.0473 eff 0.0163 outinratio 0.1511 

ZH126_4mu_costhetaZ2_genbin2_recobin1 acc 0.0581 eff 0.0861 outinratio 0.0402 

ttH126_4mu_costhetaZ2_genbin2_recobin1 acc 0.0489 eff 0.0196 outinratio 0.1427 

ggH126_4mu_costhetaZ2_genbin3_recobin1 acc 0.0698 eff 0.0014 outinratio 0.076 

VBFH126_4mu_costhetaZ2_genbin3_recobin1 acc 0.0749 eff 0.0055 outinratio 0.0419 

WminusH126_4mu_costhetaZ2_genbin3_recobin1 acc 0.0568 eff 0.0 outinratio 0.0344 

WplusH126_4mu_costhetaZ2_genbin3_recobin1 acc 0.0561 eff 0.0 outinratio 0.1511 

ZH126_4mu_costhetaZ2_genbin3_recobin1 acc 0.0647 eff 0.0 outinratio 0.0402 

ttH126_4mu_costhetaZ2_genbin3_recobin1 acc 0.0558 eff 0.0008 outinratio 0.1427 

ggH126_4mu_costhetaZ2_genbin4_recobin1 acc 0.0673 eff 0.0 outinratio 0.076 

VBFH126_4mu_costhetaZ2_genbin4_recobin1 acc 0.0777 eff 0.0 outinratio 0.0419 

WminusH126_4mu_costhetaZ2_genbin4_recobin1 acc 0.0556 eff 0.0 outinratio 0.0344 

WplusH126_4mu_costhetaZ2_genbin4_recobin1 acc 0.0513 eff 0.0 outinratio 0.1511 

ZH126_4mu_costhetaZ2_genbin4_recobin1 acc 0.0544 eff 0.0 outinratio 0.0402 

ttH126_4mu_costhetaZ2_genbin4_recobin1 acc 0.0531 eff 0.0 outinratio 0.1427 

ggH126_4mu_costhetaZ2_genbin5_recobin1 acc 0.0652 eff 0.0 outinratio 0.076 

VBFH126_4mu_costhetaZ2_genbin5_recobin1 acc 0.0562 eff 0.0 outinratio 0.0419 

WminusH126_4mu_costhetaZ2_genbin5_recobin1 acc 0.0525 eff 0.0 outinratio 0.0344 

WplusH126_4mu_costhetaZ2_genbin5_recobin1 acc 0.0521 eff 0.0 outinratio 0.1511 

ZH126_4mu_costhetaZ2_genbin5_recobin1 acc 0.0544 eff 0.0 outinratio 0.0402 

ttH126_4mu_costhetaZ2_genbin5_recobin1 acc 0.0475 eff 0.0 outinratio 0.1427 

ggH126_4mu_costhetaZ2_genbin6_recobin1 acc 0.0483 eff 0.0 outinratio 0.076 

VBFH126_4mu_costhetaZ2_genbin6_recobin1 acc 0.0641 eff 0.0 outinratio 0.0419 

WminusH126_4mu_costhetaZ2_genbin6_recobin1 acc 0.0475 eff 0.0 outinratio 0.0344 

WplusH126_4mu_costhetaZ2_genbin6_recobin1 acc 0.0372 eff 0.0 outinratio 0.1511 

ZH126_4mu_costhetaZ2_genbin6_recobin1 acc 0.0384 eff 0.0 outinratio 0.0402 

ttH126_4mu_costhetaZ2_genbin6_recobin1 acc 0.041 eff 0.0 outinratio 0.1427 

ggH126_4mu_costhetaZ2_genbin7_recobin1 acc 0.0337 eff 0.0 outinratio 0.076 

VBFH126_4mu_costhetaZ2_genbin7_recobin1 acc 0.0454 eff 0.0 outinratio 0.0419 

WminusH126_4mu_costhetaZ2_genbin7_recobin1 acc 0.0292 eff 0.0 outinratio 0.0344 

WplusH126_4mu_costhetaZ2_genbin7_recobin1 acc 0.0197 eff 0.0 outinratio 0.1511 

ZH126_4mu_costhetaZ2_genbin7_recobin1 acc 0.0291 eff 0.0 outinratio 0.0402 

ttH126_4mu_costhetaZ2_genbin7_recobin1 acc 0.0261 eff 0.0 outinratio 0.1427 

ggH126_4mu_costhetaZ2_genbin0_recobin2 acc 0.0324 eff 0.0 outinratio 0.0539 

VBFH126_4mu_costhetaZ2_genbin0_recobin2 acc 0.0272 eff 0.0 outinratio 0.0187 

WminusH126_4mu_costhetaZ2_genbin0_recobin2 acc 0.0311 eff 0.0 outinratio 0.0362 

WplusH126_4mu_costhetaZ2_genbin0_recobin2 acc 0.0267 eff 0.0 outinratio 0.0689 

ZH126_4mu_costhetaZ2_genbin0_recobin2 acc 0.0253 eff 0.0 outinratio 0.0565 

ttH126_4mu_costhetaZ2_genbin0_recobin2 acc 0.0304 eff 0.0006 outinratio 0.1488 

ggH126_4mu_costhetaZ2_genbin1_recobin2 acc 0.0522 eff 0.0257 outinratio 0.0539 

VBFH126_4mu_costhetaZ2_genbin1_recobin2 acc 0.063 eff 0.029 outinratio 0.0187 

WminusH126_4mu_costhetaZ2_genbin1_recobin2 acc 0.044 eff 0.0228 outinratio 0.0362 

WplusH126_4mu_costhetaZ2_genbin1_recobin2 acc 0.0403 eff 0.072 outinratio 0.0689 

ZH126_4mu_costhetaZ2_genbin1_recobin2 acc 0.0431 eff 0.0155 outinratio 0.0565 

ttH126_4mu_costhetaZ2_genbin1_recobin2 acc 0.0416 eff 0.0379 outinratio 0.1488 

ggH126_4mu_costhetaZ2_genbin2_recobin2 acc 0.0622 eff 0.7433 outinratio 0.0539 

VBFH126_4mu_costhetaZ2_genbin2_recobin2 acc 0.0732 eff 0.7634 outinratio 0.0187 

WminusH126_4mu_costhetaZ2_genbin2_recobin2 acc 0.049 eff 0.7246 outinratio 0.0362 

WplusH126_4mu_costhetaZ2_genbin2_recobin2 acc 0.0473 eff 0.7143 outinratio 0.0689 

ZH126_4mu_costhetaZ2_genbin2_recobin2 acc 0.0581 eff 0.7271 outinratio 0.0565 

ttH126_4mu_costhetaZ2_genbin2_recobin2 acc 0.0489 eff 0.7558 outinratio 0.1488 

ggH126_4mu_costhetaZ2_genbin3_recobin2 acc 0.0698 eff 0.0315 outinratio 0.0539 

VBFH126_4mu_costhetaZ2_genbin3_recobin2 acc 0.0749 eff 0.0403 outinratio 0.0187 

WminusH126_4mu_costhetaZ2_genbin3_recobin2 acc 0.0568 eff 0.0262 outinratio 0.0362 

WplusH126_4mu_costhetaZ2_genbin3_recobin2 acc 0.0561 eff 0.034 outinratio 0.0689 

ZH126_4mu_costhetaZ2_genbin3_recobin2 acc 0.0647 eff 0.0347 outinratio 0.0565 

ttH126_4mu_costhetaZ2_genbin3_recobin2 acc 0.0558 eff 0.0356 outinratio 0.1488 

ggH126_4mu_costhetaZ2_genbin4_recobin2 acc 0.0673 eff 0.0 outinratio 0.0539 

VBFH126_4mu_costhetaZ2_genbin4_recobin2 acc 0.0777 eff 0.0079 outinratio 0.0187 

WminusH126_4mu_costhetaZ2_genbin4_recobin2 acc 0.0556 eff 0.0 outinratio 0.0362 

WplusH126_4mu_costhetaZ2_genbin4_recobin2 acc 0.0513 eff 0.0 outinratio 0.0689 

ZH126_4mu_costhetaZ2_genbin4_recobin2 acc 0.0544 eff 0.0 outinratio 0.0565 

ttH126_4mu_costhetaZ2_genbin4_recobin2 acc 0.0531 eff -0.0009 outinratio 0.1488 

ggH126_4mu_costhetaZ2_genbin5_recobin2 acc 0.0652 eff 0.0 outinratio 0.0539 

VBFH126_4mu_costhetaZ2_genbin5_recobin2 acc 0.0562 eff 0.0 outinratio 0.0187 

WminusH126_4mu_costhetaZ2_genbin5_recobin2 acc 0.0525 eff 0.0 outinratio 0.0362 

WplusH126_4mu_costhetaZ2_genbin5_recobin2 acc 0.0521 eff 0.0 outinratio 0.0689 

ZH126_4mu_costhetaZ2_genbin5_recobin2 acc 0.0544 eff 0.0 outinratio 0.0565 

ttH126_4mu_costhetaZ2_genbin5_recobin2 acc 0.0475 eff 0.0 outinratio 0.1488 

ggH126_4mu_costhetaZ2_genbin6_recobin2 acc 0.0483 eff 0.0 outinratio 0.0539 

VBFH126_4mu_costhetaZ2_genbin6_recobin2 acc 0.0641 eff 0.0 outinratio 0.0187 

WminusH126_4mu_costhetaZ2_genbin6_recobin2 acc 0.0475 eff 0.0 outinratio 0.0362 

WplusH126_4mu_costhetaZ2_genbin6_recobin2 acc 0.0372 eff 0.0 outinratio 0.0689 

ZH126_4mu_costhetaZ2_genbin6_recobin2 acc 0.0384 eff 0.0 outinratio 0.0565 

ttH126_4mu_costhetaZ2_genbin6_recobin2 acc 0.041 eff 0.0 outinratio 0.1488 

ggH126_4mu_costhetaZ2_genbin7_recobin2 acc 0.0337 eff 0.0 outinratio 0.0539 

VBFH126_4mu_costhetaZ2_genbin7_recobin2 acc 0.0454 eff 0.0 outinratio 0.0187 

WminusH126_4mu_costhetaZ2_genbin7_recobin2 acc 0.0292 eff 0.0 outinratio 0.0362 

WplusH126_4mu_costhetaZ2_genbin7_recobin2 acc 0.0197 eff 0.0 outinratio 0.0689 

ZH126_4mu_costhetaZ2_genbin7_recobin2 acc 0.0291 eff 0.0 outinratio 0.0565 

ttH126_4mu_costhetaZ2_genbin7_recobin2 acc 0.0261 eff 0.0 outinratio 0.1488 

ggH126_4mu_costhetaZ2_genbin0_recobin3 acc 0.0324 eff 0.0 outinratio 0.0503 

VBFH126_4mu_costhetaZ2_genbin0_recobin3 acc 0.0272 eff 0.0 outinratio 0.068 

WminusH126_4mu_costhetaZ2_genbin0_recobin3 acc 0.0311 eff 0.0 outinratio 0.0316 

WplusH126_4mu_costhetaZ2_genbin0_recobin3 acc 0.0267 eff 0.0 outinratio 0.0461 

ZH126_4mu_costhetaZ2_genbin0_recobin3 acc 0.0253 eff 0.0 outinratio 0.0876 

ttH126_4mu_costhetaZ2_genbin0_recobin3 acc 0.0304 eff 0.0 outinratio 0.1365 

ggH126_4mu_costhetaZ2_genbin1_recobin3 acc 0.0522 eff 0.0027 outinratio 0.0503 

VBFH126_4mu_costhetaZ2_genbin1_recobin3 acc 0.063 eff 0.0 outinratio 0.068 

WminusH126_4mu_costhetaZ2_genbin1_recobin3 acc 0.044 eff 0.0 outinratio 0.0316 

WplusH126_4mu_costhetaZ2_genbin1_recobin3 acc 0.0403 eff 0.0 outinratio 0.0461 

ZH126_4mu_costhetaZ2_genbin1_recobin3 acc 0.0431 eff 0.0 outinratio 0.0876 

ttH126_4mu_costhetaZ2_genbin1_recobin3 acc 0.0416 eff 0.0028 outinratio 0.1365 

ggH126_4mu_costhetaZ2_genbin2_recobin3 acc 0.0622 eff 0.0295 outinratio 0.0503 

VBFH126_4mu_costhetaZ2_genbin2_recobin3 acc 0.0732 eff 0.0412 outinratio 0.068 

WminusH126_4mu_costhetaZ2_genbin2_recobin3 acc 0.049 eff 0.0268 outinratio 0.0316 

WplusH126_4mu_costhetaZ2_genbin2_recobin3 acc 0.0473 eff 0.036 outinratio 0.0461 

ZH126_4mu_costhetaZ2_genbin2_recobin3 acc 0.0581 eff 0.0397 outinratio 0.0876 

ttH126_4mu_costhetaZ2_genbin2_recobin3 acc 0.0489 eff 0.0349 outinratio 0.1365 

ggH126_4mu_costhetaZ2_genbin3_recobin3 acc 0.0698 eff 0.7583 outinratio 0.0503 

VBFH126_4mu_costhetaZ2_genbin3_recobin3 acc 0.0749 eff 0.8052 outinratio 0.068 

WminusH126_4mu_costhetaZ2_genbin3_recobin3 acc 0.0568 eff 0.86 outinratio 0.0316 

WplusH126_4mu_costhetaZ2_genbin3_recobin3 acc 0.0561 eff 0.629 outinratio 0.0461 

ZH126_4mu_costhetaZ2_genbin3_recobin3 acc 0.0647 eff 0.7924 outinratio 0.0876 

ttH126_4mu_costhetaZ2_genbin3_recobin3 acc 0.0558 eff 0.7327 outinratio 0.1365 

ggH126_4mu_costhetaZ2_genbin4_recobin3 acc 0.0673 eff 0.0357 outinratio 0.0503 

VBFH126_4mu_costhetaZ2_genbin4_recobin3 acc 0.0777 eff 0.0548 outinratio 0.068 

WminusH126_4mu_costhetaZ2_genbin4_recobin3 acc 0.0556 eff 0.0498 outinratio 0.0316 

WplusH126_4mu_costhetaZ2_genbin4_recobin3 acc 0.0513 eff 0.0178 outinratio 0.0461 

ZH126_4mu_costhetaZ2_genbin4_recobin3 acc 0.0544 eff 0.0549 outinratio 0.0876 

ttH126_4mu_costhetaZ2_genbin4_recobin3 acc 0.0531 eff 0.0314 outinratio 0.1365 

ggH126_4mu_costhetaZ2_genbin5_recobin3 acc 0.0652 eff 0.0 outinratio 0.0503 

VBFH126_4mu_costhetaZ2_genbin5_recobin3 acc 0.0562 eff 0.0 outinratio 0.068 

WminusH126_4mu_costhetaZ2_genbin5_recobin3 acc 0.0525 eff 0.0 outinratio 0.0316 

WplusH126_4mu_costhetaZ2_genbin5_recobin3 acc 0.0521 eff 0.0 outinratio 0.0461 

ZH126_4mu_costhetaZ2_genbin5_recobin3 acc 0.0544 eff 0.0 outinratio 0.0876 

ttH126_4mu_costhetaZ2_genbin5_recobin3 acc 0.0475 eff 0.0029 outinratio 0.1365 

ggH126_4mu_costhetaZ2_genbin6_recobin3 acc 0.0483 eff 0.0 outinratio 0.0503 

VBFH126_4mu_costhetaZ2_genbin6_recobin3 acc 0.0641 eff 0.0 outinratio 0.068 

WminusH126_4mu_costhetaZ2_genbin6_recobin3 acc 0.0475 eff 0.0 outinratio 0.0316 

WplusH126_4mu_costhetaZ2_genbin6_recobin3 acc 0.0372 eff 0.0 outinratio 0.0461 

ZH126_4mu_costhetaZ2_genbin6_recobin3 acc 0.0384 eff 0.0 outinratio 0.0876 

ttH126_4mu_costhetaZ2_genbin6_recobin3 acc 0.041 eff 0.0023 outinratio 0.1365 

ggH126_4mu_costhetaZ2_genbin7_recobin3 acc 0.0337 eff 0.0 outinratio 0.0503 

VBFH126_4mu_costhetaZ2_genbin7_recobin3 acc 0.0454 eff 0.0 outinratio 0.068 

WminusH126_4mu_costhetaZ2_genbin7_recobin3 acc 0.0292 eff 0.0 outinratio 0.0316 

WplusH126_4mu_costhetaZ2_genbin7_recobin3 acc 0.0197 eff 0.0 outinratio 0.0461 

ZH126_4mu_costhetaZ2_genbin7_recobin3 acc 0.0291 eff 0.0 outinratio 0.0876 

ttH126_4mu_costhetaZ2_genbin7_recobin3 acc 0.0261 eff 0.0 outinratio 0.1365 

ggH126_4mu_costhetaZ2_genbin0_recobin4 acc 0.0324 eff 0.0 outinratio 0.0499 

VBFH126_4mu_costhetaZ2_genbin0_recobin4 acc 0.0272 eff 0.0 outinratio 0.0154 

WminusH126_4mu_costhetaZ2_genbin0_recobin4 acc 0.0311 eff 0.0 outinratio 0.1088 

WplusH126_4mu_costhetaZ2_genbin0_recobin4 acc 0.0267 eff 0.0 outinratio 0.0395 

ZH126_4mu_costhetaZ2_genbin0_recobin4 acc 0.0253 eff 0.0 outinratio 0.0726 

ttH126_4mu_costhetaZ2_genbin0_recobin4 acc 0.0304 eff 0.0 outinratio 0.1395 

ggH126_4mu_costhetaZ2_genbin1_recobin4 acc 0.0522 eff 0.0 outinratio 0.0499 

VBFH126_4mu_costhetaZ2_genbin1_recobin4 acc 0.063 eff 0.0 outinratio 0.0154 

WminusH126_4mu_costhetaZ2_genbin1_recobin4 acc 0.044 eff 0.0 outinratio 0.1088 

WplusH126_4mu_costhetaZ2_genbin1_recobin4 acc 0.0403 eff 0.0 outinratio 0.0395 

ZH126_4mu_costhetaZ2_genbin1_recobin4 acc 0.0431 eff 0.0 outinratio 0.0726 

ttH126_4mu_costhetaZ2_genbin1_recobin4 acc 0.0416 eff 0.0 outinratio 0.1395 

ggH126_4mu_costhetaZ2_genbin2_recobin4 acc 0.0622 eff 0.0 outinratio 0.0499 

VBFH126_4mu_costhetaZ2_genbin2_recobin4 acc 0.0732 eff 0.0 outinratio 0.0154 

WminusH126_4mu_costhetaZ2_genbin2_recobin4 acc 0.049 eff 0.0 outinratio 0.1088 

WplusH126_4mu_costhetaZ2_genbin2_recobin4 acc 0.0473 eff 0.0 outinratio 0.0395 

ZH126_4mu_costhetaZ2_genbin2_recobin4 acc 0.0581 eff 0.0 outinratio 0.0726 

ttH126_4mu_costhetaZ2_genbin2_recobin4 acc 0.0489 eff 0.0021 outinratio 0.1395 

ggH126_4mu_costhetaZ2_genbin3_recobin4 acc 0.0698 eff 0.0359 outinratio 0.0499 

VBFH126_4mu_costhetaZ2_genbin3_recobin4 acc 0.0749 eff 0.0258 outinratio 0.0154 

WminusH126_4mu_costhetaZ2_genbin3_recobin4 acc 0.0568 eff 0.0114 outinratio 0.1088 

WplusH126_4mu_costhetaZ2_genbin3_recobin4 acc 0.0561 eff 0.0295 outinratio 0.0395 

ZH126_4mu_costhetaZ2_genbin3_recobin4 acc 0.0647 eff 0.0189 outinratio 0.0726 

ttH126_4mu_costhetaZ2_genbin3_recobin4 acc 0.0558 eff 0.0294 outinratio 0.1395 

ggH126_4mu_costhetaZ2_genbin4_recobin4 acc 0.0673 eff 0.7984 outinratio 0.0499 

VBFH126_4mu_costhetaZ2_genbin4_recobin4 acc 0.0777 eff 0.7223 outinratio 0.0154 

WminusH126_4mu_costhetaZ2_genbin4_recobin4 acc 0.0556 eff 0.6231 outinratio 0.1088 

WplusH126_4mu_costhetaZ2_genbin4_recobin4 acc 0.0513 eff 0.7758 outinratio 0.0395 

ZH126_4mu_costhetaZ2_genbin4_recobin4 acc 0.0544 eff 0.7137 outinratio 0.0726 

ttH126_4mu_costhetaZ2_genbin4_recobin4 acc 0.0531 eff 0.719 outinratio 0.1395 

ggH126_4mu_costhetaZ2_genbin5_recobin4 acc 0.0652 eff 0.0261 outinratio 0.0499 

VBFH126_4mu_costhetaZ2_genbin5_recobin4 acc 0.0562 eff 0.0089 outinratio 0.0154 

WminusH126_4mu_costhetaZ2_genbin5_recobin4 acc 0.0525 eff 0.0234 outinratio 0.1088 

WplusH126_4mu_costhetaZ2_genbin5_recobin4 acc 0.0521 eff 0.0321 outinratio 0.0395 

ZH126_4mu_costhetaZ2_genbin5_recobin4 acc 0.0544 eff 0.0126 outinratio 0.0726 

ttH126_4mu_costhetaZ2_genbin5_recobin4 acc 0.0475 eff 0.0338 outinratio 0.1395 

ggH126_4mu_costhetaZ2_genbin6_recobin4 acc 0.0483 eff 0.002 outinratio 0.0499 

VBFH126_4mu_costhetaZ2_genbin6_recobin4 acc 0.0641 eff 0.0 outinratio 0.0154 

WminusH126_4mu_costhetaZ2_genbin6_recobin4 acc 0.0475 eff 0.0 outinratio 0.1088 

WplusH126_4mu_costhetaZ2_genbin6_recobin4 acc 0.0372 eff 0.0 outinratio 0.0395 

ZH126_4mu_costhetaZ2_genbin6_recobin4 acc 0.0384 eff 0.0 outinratio 0.0726 

ttH126_4mu_costhetaZ2_genbin6_recobin4 acc 0.041 eff 0.0022 outinratio 0.1395 

ggH126_4mu_costhetaZ2_genbin7_recobin4 acc 0.0337 eff 0.0 outinratio 0.0499 

VBFH126_4mu_costhetaZ2_genbin7_recobin4 acc 0.0454 eff 0.0 outinratio 0.0154 

WminusH126_4mu_costhetaZ2_genbin7_recobin4 acc 0.0292 eff 0.0 outinratio 0.1088 

WplusH126_4mu_costhetaZ2_genbin7_recobin4 acc 0.0197 eff 0.0 outinratio 0.0395 

ZH126_4mu_costhetaZ2_genbin7_recobin4 acc 0.0291 eff 0.0 outinratio 0.0726 

ttH126_4mu_costhetaZ2_genbin7_recobin4 acc 0.0261 eff 0.0027 outinratio 0.1395 

ggH126_4mu_costhetaZ2_genbin0_recobin5 acc 0.0324 eff 0.0 outinratio 0.0416 

VBFH126_4mu_costhetaZ2_genbin0_recobin5 acc 0.0272 eff 0.0 outinratio 0.0419 

WminusH126_4mu_costhetaZ2_genbin0_recobin5 acc 0.0311 eff 0.0 outinratio 0.0764 

WplusH126_4mu_costhetaZ2_genbin0_recobin5 acc 0.0267 eff 0.0 outinratio 0.0694 

ZH126_4mu_costhetaZ2_genbin0_recobin5 acc 0.0253 eff 0.0 outinratio 0.017 

ttH126_4mu_costhetaZ2_genbin0_recobin5 acc 0.0304 eff 0.0 outinratio 0.0947 

ggH126_4mu_costhetaZ2_genbin1_recobin5 acc 0.0522 eff 0.0 outinratio 0.0416 

VBFH126_4mu_costhetaZ2_genbin1_recobin5 acc 0.063 eff 0.0 outinratio 0.0419 

WminusH126_4mu_costhetaZ2_genbin1_recobin5 acc 0.044 eff 0.0 outinratio 0.0764 

WplusH126_4mu_costhetaZ2_genbin1_recobin5 acc 0.0403 eff 0.0 outinratio 0.0694 

ZH126_4mu_costhetaZ2_genbin1_recobin5 acc 0.0431 eff 0.0 outinratio 0.017 

ttH126_4mu_costhetaZ2_genbin1_recobin5 acc 0.0416 eff 0.0 outinratio 0.0947 

ggH126_4mu_costhetaZ2_genbin2_recobin5 acc 0.0622 eff 0.0038 outinratio 0.0416 

VBFH126_4mu_costhetaZ2_genbin2_recobin5 acc 0.0732 eff 0.0 outinratio 0.0419 

WminusH126_4mu_costhetaZ2_genbin2_recobin5 acc 0.049 eff 0.0 outinratio 0.0764 

WplusH126_4mu_costhetaZ2_genbin2_recobin5 acc 0.0473 eff 0.0 outinratio 0.0694 

ZH126_4mu_costhetaZ2_genbin2_recobin5 acc 0.0581 eff 0.0 outinratio 0.017 

ttH126_4mu_costhetaZ2_genbin2_recobin5 acc 0.0489 eff 0.0 outinratio 0.0947 

ggH126_4mu_costhetaZ2_genbin3_recobin5 acc 0.0698 eff 0.0 outinratio 0.0416 

VBFH126_4mu_costhetaZ2_genbin3_recobin5 acc 0.0749 eff 0.0 outinratio 0.0419 

WminusH126_4mu_costhetaZ2_genbin3_recobin5 acc 0.0568 eff 0.0 outinratio 0.0764 

WplusH126_4mu_costhetaZ2_genbin3_recobin5 acc 0.0561 eff 0.0 outinratio 0.0694 

ZH126_4mu_costhetaZ2_genbin3_recobin5 acc 0.0647 eff 0.0 outinratio 0.017 

ttH126_4mu_costhetaZ2_genbin3_recobin5 acc 0.0558 eff 0.0009 outinratio 0.0947 

ggH126_4mu_costhetaZ2_genbin4_recobin5 acc 0.0673 eff 0.0221 outinratio 0.0416 

VBFH126_4mu_costhetaZ2_genbin4_recobin5 acc 0.0777 eff 0.0065 outinratio 0.0419 

WminusH126_4mu_costhetaZ2_genbin4_recobin5 acc 0.0556 eff 0.0417 outinratio 0.0764 

WplusH126_4mu_costhetaZ2_genbin4_recobin5 acc 0.0513 eff 0.0114 outinratio 0.0694 

ZH126_4mu_costhetaZ2_genbin4_recobin5 acc 0.0544 eff 0.0126 outinratio 0.017 

ttH126_4mu_costhetaZ2_genbin4_recobin5 acc 0.0531 eff 0.035 outinratio 0.0947 

ggH126_4mu_costhetaZ2_genbin5_recobin5 acc 0.0652 eff 0.7351 outinratio 0.0416 

VBFH126_4mu_costhetaZ2_genbin5_recobin5 acc 0.0562 eff 0.8352 outinratio 0.0419 

WminusH126_4mu_costhetaZ2_genbin5_recobin5 acc 0.0525 eff 0.8454 outinratio 0.0764 

WplusH126_4mu_costhetaZ2_genbin5_recobin5 acc 0.0521 eff 0.8649 outinratio 0.0694 

ZH126_4mu_costhetaZ2_genbin5_recobin5 acc 0.0544 eff 0.7924 outinratio 0.017 

ttH126_4mu_costhetaZ2_genbin5_recobin5 acc 0.0475 eff 0.7541 outinratio 0.0947 

ggH126_4mu_costhetaZ2_genbin6_recobin5 acc 0.0483 eff 0.0238 outinratio 0.0416 

VBFH126_4mu_costhetaZ2_genbin6_recobin5 acc 0.0641 eff 0.0188 outinratio 0.0419 

WminusH126_4mu_costhetaZ2_genbin6_recobin5 acc 0.0475 eff 0.0194 outinratio 0.0764 

WplusH126_4mu_costhetaZ2_genbin6_recobin5 acc 0.0372 eff 0.0059 outinratio 0.0694 

ZH126_4mu_costhetaZ2_genbin6_recobin5 acc 0.0384 eff 0.0176 outinratio 0.017 

ttH126_4mu_costhetaZ2_genbin6_recobin5 acc 0.041 eff 0.0177 outinratio 0.0947 

ggH126_4mu_costhetaZ2_genbin7_recobin5 acc 0.0337 eff 0.0 outinratio 0.0416 

VBFH126_4mu_costhetaZ2_genbin7_recobin5 acc 0.0454 eff 0.0 outinratio 0.0419 

WminusH126_4mu_costhetaZ2_genbin7_recobin5 acc 0.0292 eff 0.0052 outinratio 0.0764 

WplusH126_4mu_costhetaZ2_genbin7_recobin5 acc 0.0197 eff 0.0 outinratio 0.0694 

ZH126_4mu_costhetaZ2_genbin7_recobin5 acc 0.0291 eff 0.0 outinratio 0.017 

ttH126_4mu_costhetaZ2_genbin7_recobin5 acc 0.0261 eff 0.0026 outinratio 0.0947 

ggH126_4mu_costhetaZ2_genbin0_recobin6 acc 0.0324 eff 0.0 outinratio 0.082 

VBFH126_4mu_costhetaZ2_genbin0_recobin6 acc 0.0272 eff 0.0 outinratio 0.0296 

WminusH126_4mu_costhetaZ2_genbin0_recobin6 acc 0.0311 eff 0.0 outinratio 0.0093 

WplusH126_4mu_costhetaZ2_genbin0_recobin6 acc 0.0267 eff 0.0 outinratio 0.0927 

ZH126_4mu_costhetaZ2_genbin0_recobin6 acc 0.0253 eff 0.0 outinratio 0.2322 

ttH126_4mu_costhetaZ2_genbin0_recobin6 acc 0.0304 eff 0.0 outinratio 0.1202 

ggH126_4mu_costhetaZ2_genbin1_recobin6 acc 0.0522 eff 0.0019 outinratio 0.082 

VBFH126_4mu_costhetaZ2_genbin1_recobin6 acc 0.063 eff 0.0 outinratio 0.0296 

WminusH126_4mu_costhetaZ2_genbin1_recobin6 acc 0.044 eff 0.0 outinratio 0.0093 

WplusH126_4mu_costhetaZ2_genbin1_recobin6 acc 0.0403 eff 0.0 outinratio 0.0927 

ZH126_4mu_costhetaZ2_genbin1_recobin6 acc 0.0431 eff 0.0 outinratio 0.2322 

ttH126_4mu_costhetaZ2_genbin1_recobin6 acc 0.0416 eff 0.0 outinratio 0.1202 

ggH126_4mu_costhetaZ2_genbin2_recobin6 acc 0.0622 eff 0.0005 outinratio 0.082 

VBFH126_4mu_costhetaZ2_genbin2_recobin6 acc 0.0732 eff 0.0 outinratio 0.0296 

WminusH126_4mu_costhetaZ2_genbin2_recobin6 acc 0.049 eff 0.0 outinratio 0.0093 

WplusH126_4mu_costhetaZ2_genbin2_recobin6 acc 0.0473 eff 0.0 outinratio 0.0927 

ZH126_4mu_costhetaZ2_genbin2_recobin6 acc 0.0581 eff 0.0 outinratio 0.2322 

ttH126_4mu_costhetaZ2_genbin2_recobin6 acc 0.0489 eff 0.0 outinratio 0.1202 

ggH126_4mu_costhetaZ2_genbin3_recobin6 acc 0.0698 eff 0.0009 outinratio 0.082 

VBFH126_4mu_costhetaZ2_genbin3_recobin6 acc 0.0749 eff 0.0 outinratio 0.0296 

WminusH126_4mu_costhetaZ2_genbin3_recobin6 acc 0.0568 eff 0.0 outinratio 0.0093 

WplusH126_4mu_costhetaZ2_genbin3_recobin6 acc 0.0561 eff 0.0 outinratio 0.0927 

ZH126_4mu_costhetaZ2_genbin3_recobin6 acc 0.0647 eff 0.0 outinratio 0.2322 

ttH126_4mu_costhetaZ2_genbin3_recobin6 acc 0.0558 eff 0.0 outinratio 0.1202 

ggH126_4mu_costhetaZ2_genbin4_recobin6 acc 0.0673 eff 0.0003 outinratio 0.082 

VBFH126_4mu_costhetaZ2_genbin4_recobin6 acc 0.0777 eff 0.0 outinratio 0.0296 

WminusH126_4mu_costhetaZ2_genbin4_recobin6 acc 0.0556 eff 0.0 outinratio 0.0093 

WplusH126_4mu_costhetaZ2_genbin4_recobin6 acc 0.0513 eff 0.0 outinratio 0.0927 

ZH126_4mu_costhetaZ2_genbin4_recobin6 acc 0.0544 eff 0.0 outinratio 0.2322 

ttH126_4mu_costhetaZ2_genbin4_recobin6 acc 0.0531 eff 0.0016 outinratio 0.1202 

ggH126_4mu_costhetaZ2_genbin5_recobin6 acc 0.0652 eff 0.0252 outinratio 0.082 

VBFH126_4mu_costhetaZ2_genbin5_recobin6 acc 0.0562 eff 0.0342 outinratio 0.0296 

WminusH126_4mu_costhetaZ2_genbin5_recobin6 acc 0.0525 eff 0.0285 outinratio 0.0093 

WplusH126_4mu_costhetaZ2_genbin5_recobin6 acc 0.0521 eff 0.0238 outinratio 0.0927 

ZH126_4mu_costhetaZ2_genbin5_recobin6 acc 0.0544 eff 0.0181 outinratio 0.2322 

ttH126_4mu_costhetaZ2_genbin5_recobin6 acc 0.0475 eff 0.0232 outinratio 0.1202 

ggH126_4mu_costhetaZ2_genbin6_recobin6 acc 0.0483 eff 0.7553 outinratio 0.082 

VBFH126_4mu_costhetaZ2_genbin6_recobin6 acc 0.0641 eff 0.7917 outinratio 0.0296 

WminusH126_4mu_costhetaZ2_genbin6_recobin6 acc 0.0475 eff 0.7608 outinratio 0.0093 

WplusH126_4mu_costhetaZ2_genbin6_recobin6 acc 0.0372 eff 0.8387 outinratio 0.0927 

ZH126_4mu_costhetaZ2_genbin6_recobin6 acc 0.0384 eff 0.6361 outinratio 0.2322 

ttH126_4mu_costhetaZ2_genbin6_recobin6 acc 0.041 eff 0.7928 outinratio 0.1202 

ggH126_4mu_costhetaZ2_genbin7_recobin6 acc 0.0337 eff 0.0394 outinratio 0.082 

VBFH126_4mu_costhetaZ2_genbin7_recobin6 acc 0.0454 eff 0.0053 outinratio 0.0296 

WminusH126_4mu_costhetaZ2_genbin7_recobin6 acc 0.0292 eff 0.0192 outinratio 0.0093 

WplusH126_4mu_costhetaZ2_genbin7_recobin6 acc 0.0197 eff 0.0148 outinratio 0.0927 

ZH126_4mu_costhetaZ2_genbin7_recobin6 acc 0.0291 eff 0.0 outinratio 0.2322 

ttH126_4mu_costhetaZ2_genbin7_recobin6 acc 0.0261 eff 0.0242 outinratio 0.1202 

ggH126_4mu_costhetaZ2_genbin0_recobin7 acc 0.0324 eff 0.0 outinratio 0.0829 

VBFH126_4mu_costhetaZ2_genbin0_recobin7 acc 0.0272 eff 0.0 outinratio 0.0409 

WminusH126_4mu_costhetaZ2_genbin0_recobin7 acc 0.0311 eff 0.0 outinratio 0.1073 

WplusH126_4mu_costhetaZ2_genbin0_recobin7 acc 0.0267 eff 0.0 outinratio 0.0397 

ZH126_4mu_costhetaZ2_genbin0_recobin7 acc 0.0253 eff 0.0 outinratio 0.0765 

ttH126_4mu_costhetaZ2_genbin0_recobin7 acc 0.0304 eff 0.0 outinratio 0.1908 

ggH126_4mu_costhetaZ2_genbin1_recobin7 acc 0.0522 eff 0.0 outinratio 0.0829 

VBFH126_4mu_costhetaZ2_genbin1_recobin7 acc 0.063 eff 0.0 outinratio 0.0409 

WminusH126_4mu_costhetaZ2_genbin1_recobin7 acc 0.044 eff 0.0 outinratio 0.1073 

WplusH126_4mu_costhetaZ2_genbin1_recobin7 acc 0.0403 eff 0.0 outinratio 0.0397 

ZH126_4mu_costhetaZ2_genbin1_recobin7 acc 0.0431 eff 0.0 outinratio 0.0765 

ttH126_4mu_costhetaZ2_genbin1_recobin7 acc 0.0416 eff 0.0 outinratio 0.1908 

ggH126_4mu_costhetaZ2_genbin2_recobin7 acc 0.0622 eff 0.0 outinratio 0.0829 

VBFH126_4mu_costhetaZ2_genbin2_recobin7 acc 0.0732 eff 0.0 outinratio 0.0409 

WminusH126_4mu_costhetaZ2_genbin2_recobin7 acc 0.049 eff 0.0 outinratio 0.1073 

WplusH126_4mu_costhetaZ2_genbin2_recobin7 acc 0.0473 eff 0.0 outinratio 0.0397 

ZH126_4mu_costhetaZ2_genbin2_recobin7 acc 0.0581 eff 0.0 outinratio 0.0765 

ttH126_4mu_costhetaZ2_genbin2_recobin7 acc 0.0489 eff 0.0 outinratio 0.1908 

ggH126_4mu_costhetaZ2_genbin3_recobin7 acc 0.0698 eff 0.0 outinratio 0.0829 

VBFH126_4mu_costhetaZ2_genbin3_recobin7 acc 0.0749 eff 0.0 outinratio 0.0409 

WminusH126_4mu_costhetaZ2_genbin3_recobin7 acc 0.0568 eff 0.0 outinratio 0.1073 

WplusH126_4mu_costhetaZ2_genbin3_recobin7 acc 0.0561 eff 0.0 outinratio 0.0397 

ZH126_4mu_costhetaZ2_genbin3_recobin7 acc 0.0647 eff 0.0 outinratio 0.0765 

ttH126_4mu_costhetaZ2_genbin3_recobin7 acc 0.0558 eff 0.0 outinratio 0.1908 

ggH126_4mu_costhetaZ2_genbin4_recobin7 acc 0.0673 eff 0.0 outinratio 0.0829 

VBFH126_4mu_costhetaZ2_genbin4_recobin7 acc 0.0777 eff 0.0 outinratio 0.0409 

WminusH126_4mu_costhetaZ2_genbin4_recobin7 acc 0.0556 eff 0.0 outinratio 0.1073 

WplusH126_4mu_costhetaZ2_genbin4_recobin7 acc 0.0513 eff 0.0 outinratio 0.0397 

ZH126_4mu_costhetaZ2_genbin4_recobin7 acc 0.0544 eff 0.0 outinratio 0.0765 

ttH126_4mu_costhetaZ2_genbin4_recobin7 acc 0.0531 eff 0.0 outinratio 0.1908 

ggH126_4mu_costhetaZ2_genbin5_recobin7 acc 0.0652 eff 0.0022 outinratio 0.0829 

VBFH126_4mu_costhetaZ2_genbin5_recobin7 acc 0.0562 eff 0.0 outinratio 0.0409 

WminusH126_4mu_costhetaZ2_genbin5_recobin7 acc 0.0525 eff 0.0 outinratio 0.1073 

WplusH126_4mu_costhetaZ2_genbin5_recobin7 acc 0.0521 eff 0.0 outinratio 0.0397 

ZH126_4mu_costhetaZ2_genbin5_recobin7 acc 0.0544 eff 0.0 outinratio 0.0765 

ttH126_4mu_costhetaZ2_genbin5_recobin7 acc 0.0475 eff 0.0 outinratio 0.1908 

ggH126_4mu_costhetaZ2_genbin6_recobin7 acc 0.0483 eff 0.0276 outinratio 0.0829 

VBFH126_4mu_costhetaZ2_genbin6_recobin7 acc 0.0641 eff 0.0102 outinratio 0.0409 

WminusH126_4mu_costhetaZ2_genbin6_recobin7 acc 0.0475 eff 0.0174 outinratio 0.1073 

WplusH126_4mu_costhetaZ2_genbin6_recobin7 acc 0.0372 eff 0.0 outinratio 0.0397 

ZH126_4mu_costhetaZ2_genbin6_recobin7 acc 0.0384 eff 0.0176 outinratio 0.0765 

ttH126_4mu_costhetaZ2_genbin6_recobin7 acc 0.041 eff 0.0105 outinratio 0.1908 

ggH126_4mu_costhetaZ2_genbin7_recobin7 acc 0.0337 eff 0.737 outinratio 0.0829 

VBFH126_4mu_costhetaZ2_genbin7_recobin7 acc 0.0454 eff 0.7693 outinratio 0.0409 

WminusH126_4mu_costhetaZ2_genbin7_recobin7 acc 0.0292 eff 0.709 outinratio 0.1073 

WplusH126_4mu_costhetaZ2_genbin7_recobin7 acc 0.0197 eff 0.8124 outinratio 0.0397 

ZH126_4mu_costhetaZ2_genbin7_recobin7 acc 0.0291 eff 0.896 outinratio 0.0765 

ttH126_4mu_costhetaZ2_genbin7_recobin7 acc 0.0261 eff 0.7804 outinratio 0.1908 

ggH126_2e2mu_costhetaZ2_genbin0_recobin0 acc 0.0294 eff 0.4933 outinratio 0.0605 

VBFH126_2e2mu_costhetaZ2_genbin0_recobin0 acc 0.0277 eff 0.5196 outinratio 0.0768 

WminusH126_2e2mu_costhetaZ2_genbin0_recobin0 acc 0.0283 eff 0.4689 outinratio 0.1188 

WplusH126_2e2mu_costhetaZ2_genbin0_recobin0 acc 0.027 eff 0.4132 outinratio 0.178 

ZH126_2e2mu_costhetaZ2_genbin0_recobin0 acc 0.0258 eff 0.5013 outinratio 0.0487 

ttH126_2e2mu_costhetaZ2_genbin0_recobin0 acc 0.0238 eff 0.4782 outinratio 0.2009 

ggH126_2e2mu_costhetaZ2_genbin1_recobin0 acc 0.0474 eff 0.0101 outinratio 0.0605 

VBFH126_2e2mu_costhetaZ2_genbin1_recobin0 acc 0.0529 eff 0.0242 outinratio 0.0768 

WminusH126_2e2mu_costhetaZ2_genbin1_recobin0 acc 0.044 eff 0.0238 outinratio 0.1188 

WplusH126_2e2mu_costhetaZ2_genbin1_recobin0 acc 0.0372 eff 0.0426 outinratio 0.178 

ZH126_2e2mu_costhetaZ2_genbin1_recobin0 acc 0.0407 eff 0.008 outinratio 0.0487 

ttH126_2e2mu_costhetaZ2_genbin1_recobin0 acc 0.0345 eff 0.0159 outinratio 0.2009 

ggH126_2e2mu_costhetaZ2_genbin2_recobin0 acc 0.0588 eff 0.0015 outinratio 0.0605 

VBFH126_2e2mu_costhetaZ2_genbin2_recobin0 acc 0.0697 eff 0.0 outinratio 0.0768 

WminusH126_2e2mu_costhetaZ2_genbin2_recobin0 acc 0.0544 eff 0.0 outinratio 0.1188 

WplusH126_2e2mu_costhetaZ2_genbin2_recobin0 acc 0.0493 eff 0.0 outinratio 0.178 

ZH126_2e2mu_costhetaZ2_genbin2_recobin0 acc 0.0474 eff 0.0 outinratio 0.0487 

ttH126_2e2mu_costhetaZ2_genbin2_recobin0 acc 0.0461 eff 0.0005 outinratio 0.2009 

ggH126_2e2mu_costhetaZ2_genbin3_recobin0 acc 0.0642 eff 0.0 outinratio 0.0605 

VBFH126_2e2mu_costhetaZ2_genbin3_recobin0 acc 0.0706 eff 0.0 outinratio 0.0768 

WminusH126_2e2mu_costhetaZ2_genbin3_recobin0 acc 0.0553 eff 0.0 outinratio 0.1188 

WplusH126_2e2mu_costhetaZ2_genbin3_recobin0 acc 0.0422 eff 0.0 outinratio 0.178 

ZH126_2e2mu_costhetaZ2_genbin3_recobin0 acc 0.0603 eff 0.0 outinratio 0.0487 

ttH126_2e2mu_costhetaZ2_genbin3_recobin0 acc 0.0495 eff 0.0 outinratio 0.2009 

ggH126_2e2mu_costhetaZ2_genbin4_recobin0 acc 0.0663 eff 0.0 outinratio 0.0605 

VBFH126_2e2mu_costhetaZ2_genbin4_recobin0 acc 0.0691 eff 0.0 outinratio 0.0768 

WminusH126_2e2mu_costhetaZ2_genbin4_recobin0 acc 0.0495 eff 0.0 outinratio 0.1188 

WplusH126_2e2mu_costhetaZ2_genbin4_recobin0 acc 0.0534 eff 0.0 outinratio 0.178 

ZH126_2e2mu_costhetaZ2_genbin4_recobin0 acc 0.0516 eff 0.0 outinratio 0.0487 

ttH126_2e2mu_costhetaZ2_genbin4_recobin0 acc 0.0483 eff 0.0 outinratio 0.2009 

ggH126_2e2mu_costhetaZ2_genbin5_recobin0 acc 0.0611 eff 0.0007 outinratio 0.0605 

VBFH126_2e2mu_costhetaZ2_genbin5_recobin0 acc 0.0663 eff 0.0 outinratio 0.0768 

WminusH126_2e2mu_costhetaZ2_genbin5_recobin0 acc 0.0559 eff 0.0 outinratio 0.1188 

WplusH126_2e2mu_costhetaZ2_genbin5_recobin0 acc 0.0458 eff 0.0 outinratio 0.178 

ZH126_2e2mu_costhetaZ2_genbin5_recobin0 acc 0.0433 eff 0.0 outinratio 0.0487 

ttH126_2e2mu_costhetaZ2_genbin5_recobin0 acc 0.043 eff 0.0 outinratio 0.2009 

ggH126_2e2mu_costhetaZ2_genbin6_recobin0 acc 0.0445 eff 0.0002 outinratio 0.0605 

VBFH126_2e2mu_costhetaZ2_genbin6_recobin0 acc 0.0505 eff 0.0 outinratio 0.0768 

WminusH126_2e2mu_costhetaZ2_genbin6_recobin0 acc 0.0417 eff 0.0 outinratio 0.1188 

WplusH126_2e2mu_costhetaZ2_genbin6_recobin0 acc 0.0341 eff 0.0 outinratio 0.178 

ZH126_2e2mu_costhetaZ2_genbin6_recobin0 acc 0.0413 eff 0.0 outinratio 0.0487 

ttH126_2e2mu_costhetaZ2_genbin6_recobin0 acc 0.0368 eff 0.0 outinratio 0.2009 

ggH126_2e2mu_costhetaZ2_genbin7_recobin0 acc 0.0295 eff 0.0 outinratio 0.0605 

VBFH126_2e2mu_costhetaZ2_genbin7_recobin0 acc 0.0377 eff 0.0 outinratio 0.0768 

WminusH126_2e2mu_costhetaZ2_genbin7_recobin0 acc 0.0283 eff 0.0 outinratio 0.1188 

WplusH126_2e2mu_costhetaZ2_genbin7_recobin0 acc 0.0232 eff 0.0 outinratio 0.178 

ZH126_2e2mu_costhetaZ2_genbin7_recobin0 acc 0.0273 eff 0.0 outinratio 0.0487 

ttH126_2e2mu_costhetaZ2_genbin7_recobin0 acc 0.0247 eff 0.0 outinratio 0.2009 

ggH126_2e2mu_costhetaZ2_genbin0_recobin1 acc 0.0294 eff 0.0224 outinratio 0.0632 

VBFH126_2e2mu_costhetaZ2_genbin0_recobin1 acc 0.0277 eff 0.0153 outinratio 0.0518 

WminusH126_2e2mu_costhetaZ2_genbin0_recobin1 acc 0.0283 eff 0.0282 outinratio 0.0944 

WplusH126_2e2mu_costhetaZ2_genbin0_recobin1 acc 0.027 eff 0.0121 outinratio 0.0509 

ZH126_2e2mu_costhetaZ2_genbin0_recobin1 acc 0.0258 eff 0.0 outinratio 0.0339 

ttH126_2e2mu_costhetaZ2_genbin0_recobin1 acc 0.0238 eff 0.0245 outinratio 0.1903 

ggH126_2e2mu_costhetaZ2_genbin1_recobin1 acc 0.0474 eff 0.453 outinratio 0.0632 

VBFH126_2e2mu_costhetaZ2_genbin1_recobin1 acc 0.0529 eff 0.4933 outinratio 0.0518 

WminusH126_2e2mu_costhetaZ2_genbin1_recobin1 acc 0.044 eff 0.4449 outinratio 0.0944 

WplusH126_2e2mu_costhetaZ2_genbin1_recobin1 acc 0.0372 eff 0.6155 outinratio 0.0509 

ZH126_2e2mu_costhetaZ2_genbin1_recobin1 acc 0.0407 eff 0.4992 outinratio 0.0339 

ttH126_2e2mu_costhetaZ2_genbin1_recobin1 acc 0.0345 eff 0.4433 outinratio 0.1903 

ggH126_2e2mu_costhetaZ2_genbin2_recobin1 acc 0.0588 eff 0.0282 outinratio 0.0632 

VBFH126_2e2mu_costhetaZ2_genbin2_recobin1 acc 0.0697 eff 0.0467 outinratio 0.0518 

WminusH126_2e2mu_costhetaZ2_genbin2_recobin1 acc 0.0544 eff 0.0215 outinratio 0.0944 

WplusH126_2e2mu_costhetaZ2_genbin2_recobin1 acc 0.0493 eff 0.041 outinratio 0.0509 

ZH126_2e2mu_costhetaZ2_genbin2_recobin1 acc 0.0474 eff 0.0244 outinratio 0.0339 

ttH126_2e2mu_costhetaZ2_genbin2_recobin1 acc 0.0461 eff 0.0387 outinratio 0.1903 

ggH126_2e2mu_costhetaZ2_genbin3_recobin1 acc 0.0642 eff 0.0008 outinratio 0.0632 

VBFH126_2e2mu_costhetaZ2_genbin3_recobin1 acc 0.0706 eff 0.0 outinratio 0.0518 

WminusH126_2e2mu_costhetaZ2_genbin3_recobin1 acc 0.0553 eff 0.0 outinratio 0.0944 

WplusH126_2e2mu_costhetaZ2_genbin3_recobin1 acc 0.0422 eff 0.0 outinratio 0.0509 

ZH126_2e2mu_costhetaZ2_genbin3_recobin1 acc 0.0603 eff 0.0 outinratio 0.0339 

ttH126_2e2mu_costhetaZ2_genbin3_recobin1 acc 0.0495 eff 0.0026 outinratio 0.1903 

ggH126_2e2mu_costhetaZ2_genbin4_recobin1 acc 0.0663 eff 0.0004 outinratio 0.0632 

VBFH126_2e2mu_costhetaZ2_genbin4_recobin1 acc 0.0691 eff 0.0 outinratio 0.0518 

WminusH126_2e2mu_costhetaZ2_genbin4_recobin1 acc 0.0495 eff 0.0 outinratio 0.0944 

WplusH126_2e2mu_costhetaZ2_genbin4_recobin1 acc 0.0534 eff 0.0 outinratio 0.0509 

ZH126_2e2mu_costhetaZ2_genbin4_recobin1 acc 0.0516 eff 0.0 outinratio 0.0339 

ttH126_2e2mu_costhetaZ2_genbin4_recobin1 acc 0.0483 eff 0.0 outinratio 0.1903 

ggH126_2e2mu_costhetaZ2_genbin5_recobin1 acc 0.0611 eff 0.0 outinratio 0.0632 

VBFH126_2e2mu_costhetaZ2_genbin5_recobin1 acc 0.0663 eff 0.0 outinratio 0.0518 

WminusH126_2e2mu_costhetaZ2_genbin5_recobin1 acc 0.0559 eff 0.0 outinratio 0.0944 

WplusH126_2e2mu_costhetaZ2_genbin5_recobin1 acc 0.0458 eff 0.0 outinratio 0.0509 

ZH126_2e2mu_costhetaZ2_genbin5_recobin1 acc 0.0433 eff 0.0 outinratio 0.0339 

ttH126_2e2mu_costhetaZ2_genbin5_recobin1 acc 0.043 eff 0.0002 outinratio 0.1903 

ggH126_2e2mu_costhetaZ2_genbin6_recobin1 acc 0.0445 eff 0.0007 outinratio 0.0632 

VBFH126_2e2mu_costhetaZ2_genbin6_recobin1 acc 0.0505 eff 0.0072 outinratio 0.0518 

WminusH126_2e2mu_costhetaZ2_genbin6_recobin1 acc 0.0417 eff 0.0 outinratio 0.0944 

WplusH126_2e2mu_costhetaZ2_genbin6_recobin1 acc 0.0341 eff 0.0057 outinratio 0.0509 

ZH126_2e2mu_costhetaZ2_genbin6_recobin1 acc 0.0413 eff 0.0 outinratio 0.0339 

ttH126_2e2mu_costhetaZ2_genbin6_recobin1 acc 0.0368 eff 0.0 outinratio 0.1903 

ggH126_2e2mu_costhetaZ2_genbin7_recobin1 acc 0.0295 eff 0.0 outinratio 0.0632 

VBFH126_2e2mu_costhetaZ2_genbin7_recobin1 acc 0.0377 eff 0.0 outinratio 0.0518 

WminusH126_2e2mu_costhetaZ2_genbin7_recobin1 acc 0.0283 eff 0.0 outinratio 0.0944 

WplusH126_2e2mu_costhetaZ2_genbin7_recobin1 acc 0.0232 eff 0.0 outinratio 0.0509 

ZH126_2e2mu_costhetaZ2_genbin7_recobin1 acc 0.0273 eff 0.0 outinratio 0.0339 

ttH126_2e2mu_costhetaZ2_genbin7_recobin1 acc 0.0247 eff 0.0 outinratio 0.1903 

ggH126_2e2mu_costhetaZ2_genbin0_recobin2 acc 0.0294 eff 0.0011 outinratio 0.0634 

VBFH126_2e2mu_costhetaZ2_genbin0_recobin2 acc 0.0277 eff 0.0 outinratio 0.0435 

WminusH126_2e2mu_costhetaZ2_genbin0_recobin2 acc 0.0283 eff 0.0 outinratio 0.0354 

WplusH126_2e2mu_costhetaZ2_genbin0_recobin2 acc 0.027 eff 0.0 outinratio 0.059 

ZH126_2e2mu_costhetaZ2_genbin0_recobin2 acc 0.0258 eff 0.0 outinratio 0.0356 

ttH126_2e2mu_costhetaZ2_genbin0_recobin2 acc 0.0238 eff 0.0 outinratio 0.1978 

ggH126_2e2mu_costhetaZ2_genbin1_recobin2 acc 0.0474 eff 0.0326 outinratio 0.0634 

VBFH126_2e2mu_costhetaZ2_genbin1_recobin2 acc 0.0529 eff 0.0442 outinratio 0.0435 

WminusH126_2e2mu_costhetaZ2_genbin1_recobin2 acc 0.044 eff 0.0301 outinratio 0.0354 

WplusH126_2e2mu_costhetaZ2_genbin1_recobin2 acc 0.0372 eff 0.0252 outinratio 0.059 

ZH126_2e2mu_costhetaZ2_genbin1_recobin2 acc 0.0407 eff 0.0092 outinratio 0.0356 

ttH126_2e2mu_costhetaZ2_genbin1_recobin2 acc 0.0345 eff 0.0287 outinratio 0.1978 

ggH126_2e2mu_costhetaZ2_genbin2_recobin2 acc 0.0588 eff 0.4362 outinratio 0.0634 

VBFH126_2e2mu_costhetaZ2_genbin2_recobin2 acc 0.0697 eff 0.4919 outinratio 0.0435 

WminusH126_2e2mu_costhetaZ2_genbin2_recobin2 acc 0.0544 eff 0.4331 outinratio 0.0354 

WplusH126_2e2mu_costhetaZ2_genbin2_recobin2 acc 0.0493 eff 0.434 outinratio 0.059 

ZH126_2e2mu_costhetaZ2_genbin2_recobin2 acc 0.0474 eff 0.402 outinratio 0.0356 

ttH126_2e2mu_costhetaZ2_genbin2_recobin2 acc 0.0461 eff 0.4552 outinratio 0.1978 

ggH126_2e2mu_costhetaZ2_genbin3_recobin2 acc 0.0642 eff 0.0419 outinratio 0.0634 

VBFH126_2e2mu_costhetaZ2_genbin3_recobin2 acc 0.0706 eff 0.042 outinratio 0.0435 

WminusH126_2e2mu_costhetaZ2_genbin3_recobin2 acc 0.0553 eff 0.0311 outinratio 0.0354 

WplusH126_2e2mu_costhetaZ2_genbin3_recobin2 acc 0.0422 eff 0.023 outinratio 0.059 

ZH126_2e2mu_costhetaZ2_genbin3_recobin2 acc 0.0603 eff 0.01 outinratio 0.0356 

ttH126_2e2mu_costhetaZ2_genbin3_recobin2 acc 0.0495 eff 0.0293 outinratio 0.1978 

ggH126_2e2mu_costhetaZ2_genbin4_recobin2 acc 0.0663 eff 0.0014 outinratio 0.0634 

VBFH126_2e2mu_costhetaZ2_genbin4_recobin2 acc 0.0691 eff 0.0 outinratio 0.0435 

WminusH126_2e2mu_costhetaZ2_genbin4_recobin2 acc 0.0495 eff 0.0026 outinratio 0.0354 

WplusH126_2e2mu_costhetaZ2_genbin4_recobin2 acc 0.0534 eff 0.0 outinratio 0.059 

ZH126_2e2mu_costhetaZ2_genbin4_recobin2 acc 0.0516 eff 0.0067 outinratio 0.0356 

ttH126_2e2mu_costhetaZ2_genbin4_recobin2 acc 0.0483 eff 0.0 outinratio 0.1978 

ggH126_2e2mu_costhetaZ2_genbin5_recobin2 acc 0.0611 eff 0.0008 outinratio 0.0634 

VBFH126_2e2mu_costhetaZ2_genbin5_recobin2 acc 0.0663 eff 0.0 outinratio 0.0435 

WminusH126_2e2mu_costhetaZ2_genbin5_recobin2 acc 0.0559 eff 0.0 outinratio 0.0354 

WplusH126_2e2mu_costhetaZ2_genbin5_recobin2 acc 0.0458 eff 0.0 outinratio 0.059 

ZH126_2e2mu_costhetaZ2_genbin5_recobin2 acc 0.0433 eff 0.0 outinratio 0.0356 

ttH126_2e2mu_costhetaZ2_genbin5_recobin2 acc 0.043 eff 0.0 outinratio 0.1978 

ggH126_2e2mu_costhetaZ2_genbin6_recobin2 acc 0.0445 eff 0.001 outinratio 0.0634 

VBFH126_2e2mu_costhetaZ2_genbin6_recobin2 acc 0.0505 eff 0.0 outinratio 0.0435 

WminusH126_2e2mu_costhetaZ2_genbin6_recobin2 acc 0.0417 eff 0.0 outinratio 0.0354 

WplusH126_2e2mu_costhetaZ2_genbin6_recobin2 acc 0.0341 eff 0.0 outinratio 0.059 

ZH126_2e2mu_costhetaZ2_genbin6_recobin2 acc 0.0413 eff 0.0 outinratio 0.0356 

ttH126_2e2mu_costhetaZ2_genbin6_recobin2 acc 0.0368 eff 0.0 outinratio 0.1978 

ggH126_2e2mu_costhetaZ2_genbin7_recobin2 acc 0.0295 eff 0.0 outinratio 0.0634 

VBFH126_2e2mu_costhetaZ2_genbin7_recobin2 acc 0.0377 eff 0.0 outinratio 0.0435 

WminusH126_2e2mu_costhetaZ2_genbin7_recobin2 acc 0.0283 eff 0.0 outinratio 0.0354 

WplusH126_2e2mu_costhetaZ2_genbin7_recobin2 acc 0.0232 eff 0.0 outinratio 0.059 

ZH126_2e2mu_costhetaZ2_genbin7_recobin2 acc 0.0273 eff 0.0 outinratio 0.0356 

ttH126_2e2mu_costhetaZ2_genbin7_recobin2 acc 0.0247 eff 0.0 outinratio 0.1978 

ggH126_2e2mu_costhetaZ2_genbin0_recobin3 acc 0.0294 eff 0.0 outinratio 0.0424 

VBFH126_2e2mu_costhetaZ2_genbin0_recobin3 acc 0.0277 eff 0.0 outinratio 0.0482 

WminusH126_2e2mu_costhetaZ2_genbin0_recobin3 acc 0.0283 eff 0.0 outinratio 0.1417 

WplusH126_2e2mu_costhetaZ2_genbin0_recobin3 acc 0.027 eff 0.0 outinratio 0.0724 

ZH126_2e2mu_costhetaZ2_genbin0_recobin3 acc 0.0258 eff 0.0 outinratio 0.0524 

ttH126_2e2mu_costhetaZ2_genbin0_recobin3 acc 0.0238 eff 0.0 outinratio 0.1803 

ggH126_2e2mu_costhetaZ2_genbin1_recobin3 acc 0.0474 eff 0.0012 outinratio 0.0424 

VBFH126_2e2mu_costhetaZ2_genbin1_recobin3 acc 0.0529 eff 0.0 outinratio 0.0482 

WminusH126_2e2mu_costhetaZ2_genbin1_recobin3 acc 0.044 eff 0.0019 outinratio 0.1417 

WplusH126_2e2mu_costhetaZ2_genbin1_recobin3 acc 0.0372 eff 0.0018 outinratio 0.0724 

ZH126_2e2mu_costhetaZ2_genbin1_recobin3 acc 0.0407 eff 0.0 outinratio 0.0524 

ttH126_2e2mu_costhetaZ2_genbin1_recobin3 acc 0.0345 eff 0.0004 outinratio 0.1803 

ggH126_2e2mu_costhetaZ2_genbin2_recobin3 acc 0.0588 eff 0.038 outinratio 0.0424 

VBFH126_2e2mu_costhetaZ2_genbin2_recobin3 acc 0.0697 eff 0.0778 outinratio 0.0482 

WminusH126_2e2mu_costhetaZ2_genbin2_recobin3 acc 0.0544 eff 0.0324 outinratio 0.1417 

WplusH126_2e2mu_costhetaZ2_genbin2_recobin3 acc 0.0493 eff 0.0554 outinratio 0.0724 

ZH126_2e2mu_costhetaZ2_genbin2_recobin3 acc 0.0474 eff 0.0427 outinratio 0.0524 

ttH126_2e2mu_costhetaZ2_genbin2_recobin3 acc 0.0461 eff 0.0301 outinratio 0.1803 

ggH126_2e2mu_costhetaZ2_genbin3_recobin3 acc 0.0642 eff 0.4607 outinratio 0.0424 

VBFH126_2e2mu_costhetaZ2_genbin3_recobin3 acc 0.0706 eff 0.4403 outinratio 0.0482 

WminusH126_2e2mu_costhetaZ2_genbin3_recobin3 acc 0.0553 eff 0.4534 outinratio 0.1417 

WplusH126_2e2mu_costhetaZ2_genbin3_recobin3 acc 0.0422 eff 0.4292 outinratio 0.0724 

ZH126_2e2mu_costhetaZ2_genbin3_recobin3 acc 0.0603 eff 0.4263 outinratio 0.0524 

ttH126_2e2mu_costhetaZ2_genbin3_recobin3 acc 0.0495 eff 0.4691 outinratio 0.1803 

ggH126_2e2mu_costhetaZ2_genbin4_recobin3 acc 0.0663 eff 0.0446 outinratio 0.0424 

VBFH126_2e2mu_costhetaZ2_genbin4_recobin3 acc 0.0691 eff 0.0392 outinratio 0.0482 

WminusH126_2e2mu_costhetaZ2_genbin4_recobin3 acc 0.0495 eff 0.0485 outinratio 0.1417 

WplusH126_2e2mu_costhetaZ2_genbin4_recobin3 acc 0.0534 eff 0.0319 outinratio 0.0724 

ZH126_2e2mu_costhetaZ2_genbin4_recobin3 acc 0.0516 eff 0.0138 outinratio 0.0524 

ttH126_2e2mu_costhetaZ2_genbin4_recobin3 acc 0.0483 eff 0.0332 outinratio 0.1803 

ggH126_2e2mu_costhetaZ2_genbin5_recobin3 acc 0.0611 eff 0.0049 outinratio 0.0424 

VBFH126_2e2mu_costhetaZ2_genbin5_recobin3 acc 0.0663 eff 0.0031 outinratio 0.0482 

WminusH126_2e2mu_costhetaZ2_genbin5_recobin3 acc 0.0559 eff 0.0011 outinratio 0.1417 

WplusH126_2e2mu_costhetaZ2_genbin5_recobin3 acc 0.0458 eff 0.0 outinratio 0.0724 

ZH126_2e2mu_costhetaZ2_genbin5_recobin3 acc 0.0433 eff 0.0069 outinratio 0.0524 

ttH126_2e2mu_costhetaZ2_genbin5_recobin3 acc 0.043 eff 0.0004 outinratio 0.1803 

ggH126_2e2mu_costhetaZ2_genbin6_recobin3 acc 0.0445 eff 0.0005 outinratio 0.0424 

VBFH126_2e2mu_costhetaZ2_genbin6_recobin3 acc 0.0505 eff 0.0 outinratio 0.0482 

WminusH126_2e2mu_costhetaZ2_genbin6_recobin3 acc 0.0417 eff 0.0 outinratio 0.1417 

WplusH126_2e2mu_costhetaZ2_genbin6_recobin3 acc 0.0341 eff 0.0 outinratio 0.0724 

ZH126_2e2mu_costhetaZ2_genbin6_recobin3 acc 0.0413 eff 0.0 outinratio 0.0524 

ttH126_2e2mu_costhetaZ2_genbin6_recobin3 acc 0.0368 eff 0.0 outinratio 0.1803 

ggH126_2e2mu_costhetaZ2_genbin7_recobin3 acc 0.0295 eff 0.0 outinratio 0.0424 

VBFH126_2e2mu_costhetaZ2_genbin7_recobin3 acc 0.0377 eff 0.0 outinratio 0.0482 

WminusH126_2e2mu_costhetaZ2_genbin7_recobin3 acc 0.0283 eff 0.0131 outinratio 0.1417 

WplusH126_2e2mu_costhetaZ2_genbin7_recobin3 acc 0.0232 eff 0.0 outinratio 0.0724 

ZH126_2e2mu_costhetaZ2_genbin7_recobin3 acc 0.0273 eff 0.0 outinratio 0.0524 

ttH126_2e2mu_costhetaZ2_genbin7_recobin3 acc 0.0247 eff 0.0 outinratio 0.1803 

ggH126_2e2mu_costhetaZ2_genbin0_recobin4 acc 0.0294 eff 0.0004 outinratio 0.0397 

VBFH126_2e2mu_costhetaZ2_genbin0_recobin4 acc 0.0277 eff 0.0 outinratio 0.0158 

WminusH126_2e2mu_costhetaZ2_genbin0_recobin4 acc 0.0283 eff 0.0 outinratio 0.0848 

WplusH126_2e2mu_costhetaZ2_genbin0_recobin4 acc 0.027 eff 0.0 outinratio 0.0705 

ZH126_2e2mu_costhetaZ2_genbin0_recobin4 acc 0.0258 eff 0.0 outinratio 0.1154 

ttH126_2e2mu_costhetaZ2_genbin0_recobin4 acc 0.0238 eff 0.0 outinratio 0.1934 

ggH126_2e2mu_costhetaZ2_genbin1_recobin4 acc 0.0474 eff 0.0018 outinratio 0.0397 

VBFH126_2e2mu_costhetaZ2_genbin1_recobin4 acc 0.0529 eff 0.0 outinratio 0.0158 

WminusH126_2e2mu_costhetaZ2_genbin1_recobin4 acc 0.044 eff 0.0 outinratio 0.0848 

WplusH126_2e2mu_costhetaZ2_genbin1_recobin4 acc 0.0372 eff 0.0057 outinratio 0.0705 

ZH126_2e2mu_costhetaZ2_genbin1_recobin4 acc 0.0407 eff 0.0 outinratio 0.1154 

ttH126_2e2mu_costhetaZ2_genbin1_recobin4 acc 0.0345 eff 0.0026 outinratio 0.1934 

ggH126_2e2mu_costhetaZ2_genbin2_recobin4 acc 0.0588 eff 0.0031 outinratio 0.0397 

VBFH126_2e2mu_costhetaZ2_genbin2_recobin4 acc 0.0697 eff 0.0 outinratio 0.0158 

WminusH126_2e2mu_costhetaZ2_genbin2_recobin4 acc 0.0544 eff 0.0 outinratio 0.0848 

WplusH126_2e2mu_costhetaZ2_genbin2_recobin4 acc 0.0493 eff 0.0 outinratio 0.0705 

ZH126_2e2mu_costhetaZ2_genbin2_recobin4 acc 0.0474 eff 0.0 outinratio 0.1154 

ttH126_2e2mu_costhetaZ2_genbin2_recobin4 acc 0.0461 eff 0.0006 outinratio 0.1934 

ggH126_2e2mu_costhetaZ2_genbin3_recobin4 acc 0.0642 eff 0.0347 outinratio 0.0397 

VBFH126_2e2mu_costhetaZ2_genbin3_recobin4 acc 0.0706 eff 0.0159 outinratio 0.0158 

WminusH126_2e2mu_costhetaZ2_genbin3_recobin4 acc 0.0553 eff 0.034 outinratio 0.0848 

WplusH126_2e2mu_costhetaZ2_genbin3_recobin4 acc 0.0422 eff 0.0256 outinratio 0.0705 

ZH126_2e2mu_costhetaZ2_genbin3_recobin4 acc 0.0603 eff 0.0348 outinratio 0.1154 

ttH126_2e2mu_costhetaZ2_genbin3_recobin4 acc 0.0495 eff 0.0421 outinratio 0.1934 

ggH126_2e2mu_costhetaZ2_genbin4_recobin4 acc 0.0663 eff 0.4281 outinratio 0.0397 

VBFH126_2e2mu_costhetaZ2_genbin4_recobin4 acc 0.0691 eff 0.4581 outinratio 0.0158 

WminusH126_2e2mu_costhetaZ2_genbin4_recobin4 acc 0.0495 eff 0.4609 outinratio 0.0848 

WplusH126_2e2mu_costhetaZ2_genbin4_recobin4 acc 0.0534 eff 0.4632 outinratio 0.0705 

ZH126_2e2mu_costhetaZ2_genbin4_recobin4 acc 0.0516 eff 0.4336 outinratio 0.1154 

ttH126_2e2mu_costhetaZ2_genbin4_recobin4 acc 0.0483 eff 0.4396 outinratio 0.1934 

ggH126_2e2mu_costhetaZ2_genbin5_recobin4 acc 0.0611 eff 0.0402 outinratio 0.0397 

VBFH126_2e2mu_costhetaZ2_genbin5_recobin4 acc 0.0663 eff 0.043 outinratio 0.0158 

WminusH126_2e2mu_costhetaZ2_genbin5_recobin4 acc 0.0559 eff 0.0378 outinratio 0.0848 

WplusH126_2e2mu_costhetaZ2_genbin5_recobin4 acc 0.0458 eff 0.0444 outinratio 0.0705 

ZH126_2e2mu_costhetaZ2_genbin5_recobin4 acc 0.0433 eff 0.039 outinratio 0.1154 

ttH126_2e2mu_costhetaZ2_genbin5_recobin4 acc 0.043 eff 0.0229 outinratio 0.1934 

ggH126_2e2mu_costhetaZ2_genbin6_recobin4 acc 0.0445 eff 0.0045 outinratio 0.0397 

VBFH126_2e2mu_costhetaZ2_genbin6_recobin4 acc 0.0505 eff 0.0036 outinratio 0.0158 

WminusH126_2e2mu_costhetaZ2_genbin6_recobin4 acc 0.0417 eff 0.0 outinratio 0.0848 

WplusH126_2e2mu_costhetaZ2_genbin6_recobin4 acc 0.0341 eff 0.0 outinratio 0.0705 

ZH126_2e2mu_costhetaZ2_genbin6_recobin4 acc 0.0413 eff 0.0 outinratio 0.1154 

ttH126_2e2mu_costhetaZ2_genbin6_recobin4 acc 0.0368 eff 0.0013 outinratio 0.1934 

ggH126_2e2mu_costhetaZ2_genbin7_recobin4 acc 0.0295 eff 0.0 outinratio 0.0397 

VBFH126_2e2mu_costhetaZ2_genbin7_recobin4 acc 0.0377 eff 0.0 outinratio 0.0158 

WminusH126_2e2mu_costhetaZ2_genbin7_recobin4 acc 0.0283 eff 0.0 outinratio 0.0848 

WplusH126_2e2mu_costhetaZ2_genbin7_recobin4 acc 0.0232 eff 0.0 outinratio 0.0705 

ZH126_2e2mu_costhetaZ2_genbin7_recobin4 acc 0.0273 eff 0.0 outinratio 0.1154 

ttH126_2e2mu_costhetaZ2_genbin7_recobin4 acc 0.0247 eff 0.0 outinratio 0.1934 

ggH126_2e2mu_costhetaZ2_genbin0_recobin5 acc 0.0294 eff 0.0 outinratio 0.0547 

VBFH126_2e2mu_costhetaZ2_genbin0_recobin5 acc 0.0277 eff 0.0 outinratio 0.0194 

WminusH126_2e2mu_costhetaZ2_genbin0_recobin5 acc 0.0283 eff 0.0 outinratio 0.0294 

WplusH126_2e2mu_costhetaZ2_genbin0_recobin5 acc 0.027 eff 0.0 outinratio 0.0709 

ZH126_2e2mu_costhetaZ2_genbin0_recobin5 acc 0.0258 eff 0.0 outinratio 0.0783 

ttH126_2e2mu_costhetaZ2_genbin0_recobin5 acc 0.0238 eff 0.0 outinratio 0.178 

ggH126_2e2mu_costhetaZ2_genbin1_recobin5 acc 0.0474 eff 0.0 outinratio 0.0547 

VBFH126_2e2mu_costhetaZ2_genbin1_recobin5 acc 0.0529 eff 0.0 outinratio 0.0194 

WminusH126_2e2mu_costhetaZ2_genbin1_recobin5 acc 0.044 eff 0.0 outinratio 0.0294 

WplusH126_2e2mu_costhetaZ2_genbin1_recobin5 acc 0.0372 eff 0.0 outinratio 0.0709 

ZH126_2e2mu_costhetaZ2_genbin1_recobin5 acc 0.0407 eff 0.0 outinratio 0.0783 

ttH126_2e2mu_costhetaZ2_genbin1_recobin5 acc 0.0345 eff 0.0 outinratio 0.178 

ggH126_2e2mu_costhetaZ2_genbin2_recobin5 acc 0.0588 eff 0.0 outinratio 0.0547 

VBFH126_2e2mu_costhetaZ2_genbin2_recobin5 acc 0.0697 eff 0.0 outinratio 0.0194 

WminusH126_2e2mu_costhetaZ2_genbin2_recobin5 acc 0.0544 eff 0.0 outinratio 0.0294 

WplusH126_2e2mu_costhetaZ2_genbin2_recobin5 acc 0.0493 eff 0.0 outinratio 0.0709 

ZH126_2e2mu_costhetaZ2_genbin2_recobin5 acc 0.0474 eff 0.0 outinratio 0.0783 

ttH126_2e2mu_costhetaZ2_genbin2_recobin5 acc 0.0461 eff 0.0013 outinratio 0.178 

ggH126_2e2mu_costhetaZ2_genbin3_recobin5 acc 0.0642 eff 0.0 outinratio 0.0547 

VBFH126_2e2mu_costhetaZ2_genbin3_recobin5 acc 0.0706 eff 0.0029 outinratio 0.0194 

WminusH126_2e2mu_costhetaZ2_genbin3_recobin5 acc 0.0553 eff 0.0031 outinratio 0.0294 

WplusH126_2e2mu_costhetaZ2_genbin3_recobin5 acc 0.0422 eff 0.0 outinratio 0.0709 

ZH126_2e2mu_costhetaZ2_genbin3_recobin5 acc 0.0603 eff 0.0213 outinratio 0.0783 

ttH126_2e2mu_costhetaZ2_genbin3_recobin5 acc 0.0495 eff 0.0013 outinratio 0.178 

ggH126_2e2mu_costhetaZ2_genbin4_recobin5 acc 0.0663 eff 0.0385 outinratio 0.0547 

VBFH126_2e2mu_costhetaZ2_genbin4_recobin5 acc 0.0691 eff 0.0412 outinratio 0.0194 

WminusH126_2e2mu_costhetaZ2_genbin4_recobin5 acc 0.0495 eff 0.0594 outinratio 0.0294 

WplusH126_2e2mu_costhetaZ2_genbin4_recobin5 acc 0.0534 eff 0.0422 outinratio 0.0709 

ZH126_2e2mu_costhetaZ2_genbin4_recobin5 acc 0.0516 eff 0.0531 outinratio 0.0783 

ttH126_2e2mu_costhetaZ2_genbin4_recobin5 acc 0.0483 eff 0.0345 outinratio 0.178 

ggH126_2e2mu_costhetaZ2_genbin5_recobin5 acc 0.0611 eff 0.4623 outinratio 0.0547 

VBFH126_2e2mu_costhetaZ2_genbin5_recobin5 acc 0.0663 eff 0.4944 outinratio 0.0194 

WminusH126_2e2mu_costhetaZ2_genbin5_recobin5 acc 0.0559 eff 0.466 outinratio 0.0294 

WplusH126_2e2mu_costhetaZ2_genbin5_recobin5 acc 0.0458 eff 0.4386 outinratio 0.0709 

ZH126_2e2mu_costhetaZ2_genbin5_recobin5 acc 0.0433 eff 0.5281 outinratio 0.0783 

ttH126_2e2mu_costhetaZ2_genbin5_recobin5 acc 0.043 eff 0.461 outinratio 0.178 

ggH126_2e2mu_costhetaZ2_genbin6_recobin5 acc 0.0445 eff 0.0283 outinratio 0.0547 

VBFH126_2e2mu_costhetaZ2_genbin6_recobin5 acc 0.0505 eff 0.0318 outinratio 0.0194 

WminusH126_2e2mu_costhetaZ2_genbin6_recobin5 acc 0.0417 eff 0.0529 outinratio 0.0294 

WplusH126_2e2mu_costhetaZ2_genbin6_recobin5 acc 0.0341 eff 0.0215 outinratio 0.0709 

ZH126_2e2mu_costhetaZ2_genbin6_recobin5 acc 0.0413 eff 0.033 outinratio 0.0783 

ttH126_2e2mu_costhetaZ2_genbin6_recobin5 acc 0.0368 eff 0.0259 outinratio 0.178 

ggH126_2e2mu_costhetaZ2_genbin7_recobin5 acc 0.0295 eff 0.0011 outinratio 0.0547 

VBFH126_2e2mu_costhetaZ2_genbin7_recobin5 acc 0.0377 eff 0.0 outinratio 0.0194 

WminusH126_2e2mu_costhetaZ2_genbin7_recobin5 acc 0.0283 eff 0.0 outinratio 0.0294 

WplusH126_2e2mu_costhetaZ2_genbin7_recobin5 acc 0.0232 eff 0.0 outinratio 0.0709 

ZH126_2e2mu_costhetaZ2_genbin7_recobin5 acc 0.0273 eff 0.0 outinratio 0.0783 

ttH126_2e2mu_costhetaZ2_genbin7_recobin5 acc 0.0247 eff 0.0 outinratio 0.178 

ggH126_2e2mu_costhetaZ2_genbin0_recobin6 acc 0.0294 eff 0.0 outinratio 0.0549 

VBFH126_2e2mu_costhetaZ2_genbin0_recobin6 acc 0.0277 eff 0.0 outinratio 0.0719 

WminusH126_2e2mu_costhetaZ2_genbin0_recobin6 acc 0.0283 eff 0.0 outinratio 0.0967 

WplusH126_2e2mu_costhetaZ2_genbin0_recobin6 acc 0.027 eff 0.0 outinratio 0.0563 

ZH126_2e2mu_costhetaZ2_genbin0_recobin6 acc 0.0258 eff 0.0 outinratio -0.019 

ttH126_2e2mu_costhetaZ2_genbin0_recobin6 acc 0.0238 eff 0.0 outinratio 0.2121 

ggH126_2e2mu_costhetaZ2_genbin1_recobin6 acc 0.0474 eff 0.0 outinratio 0.0549 

VBFH126_2e2mu_costhetaZ2_genbin1_recobin6 acc 0.0529 eff 0.0 outinratio 0.0719 

WminusH126_2e2mu_costhetaZ2_genbin1_recobin6 acc 0.044 eff 0.0027 outinratio 0.0967 

WplusH126_2e2mu_costhetaZ2_genbin1_recobin6 acc 0.0372 eff 0.0 outinratio 0.0563 

ZH126_2e2mu_costhetaZ2_genbin1_recobin6 acc 0.0407 eff 0.0 outinratio -0.019 

ttH126_2e2mu_costhetaZ2_genbin1_recobin6 acc 0.0345 eff 0.0 outinratio 0.2121 

ggH126_2e2mu_costhetaZ2_genbin2_recobin6 acc 0.0588 eff 0.0 outinratio 0.0549 

VBFH126_2e2mu_costhetaZ2_genbin2_recobin6 acc 0.0697 eff 0.0 outinratio 0.0719 

WminusH126_2e2mu_costhetaZ2_genbin2_recobin6 acc 0.0544 eff 0.0 outinratio 0.0967 

WplusH126_2e2mu_costhetaZ2_genbin2_recobin6 acc 0.0493 eff 0.0 outinratio 0.0563 

ZH126_2e2mu_costhetaZ2_genbin2_recobin6 acc 0.0474 eff 0.0 outinratio -0.019 

ttH126_2e2mu_costhetaZ2_genbin2_recobin6 acc 0.0461 eff 0.0005 outinratio 0.2121 

ggH126_2e2mu_costhetaZ2_genbin3_recobin6 acc 0.0642 eff 0.0014 outinratio 0.0549 

VBFH126_2e2mu_costhetaZ2_genbin3_recobin6 acc 0.0706 eff 0.0 outinratio 0.0719 

WminusH126_2e2mu_costhetaZ2_genbin3_recobin6 acc 0.0553 eff 0.0 outinratio 0.0967 

WplusH126_2e2mu_costhetaZ2_genbin3_recobin6 acc 0.0422 eff 0.0 outinratio 0.0563 

ZH126_2e2mu_costhetaZ2_genbin3_recobin6 acc 0.0603 eff 0.0 outinratio -0.019 

ttH126_2e2mu_costhetaZ2_genbin3_recobin6 acc 0.0495 eff 0.0004 outinratio 0.2121 

ggH126_2e2mu_costhetaZ2_genbin4_recobin6 acc 0.0663 eff 0.0017 outinratio 0.0549 

VBFH126_2e2mu_costhetaZ2_genbin4_recobin6 acc 0.0691 eff 0.0042 outinratio 0.0719 

WminusH126_2e2mu_costhetaZ2_genbin4_recobin6 acc 0.0495 eff 0.0056 outinratio 0.0967 

WplusH126_2e2mu_costhetaZ2_genbin4_recobin6 acc 0.0534 eff 0.0 outinratio 0.0563 

ZH126_2e2mu_costhetaZ2_genbin4_recobin6 acc 0.0516 eff 0.0 outinratio -0.019 

ttH126_2e2mu_costhetaZ2_genbin4_recobin6 acc 0.0483 eff 0.0 outinratio 0.2121 

ggH126_2e2mu_costhetaZ2_genbin5_recobin6 acc 0.0611 eff 0.0212 outinratio 0.0549 

VBFH126_2e2mu_costhetaZ2_genbin5_recobin6 acc 0.0663 eff 0.0171 outinratio 0.0719 

WminusH126_2e2mu_costhetaZ2_genbin5_recobin6 acc 0.0559 eff 0.0214 outinratio 0.0967 

WplusH126_2e2mu_costhetaZ2_genbin5_recobin6 acc 0.0458 eff 0.0326 outinratio 0.0563 

ZH126_2e2mu_costhetaZ2_genbin5_recobin6 acc 0.0433 eff 0.0386 outinratio -0.019 

ttH126_2e2mu_costhetaZ2_genbin5_recobin6 acc 0.043 eff 0.0241 outinratio 0.2121 

ggH126_2e2mu_costhetaZ2_genbin6_recobin6 acc 0.0445 eff 0.4476 outinratio 0.0549 

VBFH126_2e2mu_costhetaZ2_genbin6_recobin6 acc 0.0505 eff 0.3908 outinratio 0.0719 

WminusH126_2e2mu_costhetaZ2_genbin6_recobin6 acc 0.0417 eff 0.4444 outinratio 0.0967 

WplusH126_2e2mu_costhetaZ2_genbin6_recobin6 acc 0.0341 eff 0.521 outinratio 0.0563 

ZH126_2e2mu_costhetaZ2_genbin6_recobin6 acc 0.0413 eff 0.5006 outinratio -0.019 

ttH126_2e2mu_costhetaZ2_genbin6_recobin6 acc 0.0368 eff 0.478 outinratio 0.2121 

ggH126_2e2mu_costhetaZ2_genbin7_recobin6 acc 0.0295 eff 0.0356 outinratio 0.0549 

VBFH126_2e2mu_costhetaZ2_genbin7_recobin6 acc 0.0377 eff 0.0107 outinratio 0.0719 

WminusH126_2e2mu_costhetaZ2_genbin7_recobin6 acc 0.0283 eff 0.0303 outinratio 0.0967 

WplusH126_2e2mu_costhetaZ2_genbin7_recobin6 acc 0.0232 eff 0.0252 outinratio 0.0563 

ZH126_2e2mu_costhetaZ2_genbin7_recobin6 acc 0.0273 eff 0.036 outinratio -0.019 

ttH126_2e2mu_costhetaZ2_genbin7_recobin6 acc 0.0247 eff 0.013 outinratio 0.2121 

ggH126_2e2mu_costhetaZ2_genbin0_recobin7 acc 0.0294 eff 0.0006 outinratio 0.0528 

VBFH126_2e2mu_costhetaZ2_genbin0_recobin7 acc 0.0277 eff 0.0 outinratio 0.0481 

WminusH126_2e2mu_costhetaZ2_genbin0_recobin7 acc 0.0283 eff 0.0 outinratio 0.0763 

WplusH126_2e2mu_costhetaZ2_genbin0_recobin7 acc 0.027 eff 0.0 outinratio 0.1846 

ZH126_2e2mu_costhetaZ2_genbin0_recobin7 acc 0.0258 eff 0.0 outinratio 0.0715 

ttH126_2e2mu_costhetaZ2_genbin0_recobin7 acc 0.0238 eff 0.0 outinratio 0.1465 

ggH126_2e2mu_costhetaZ2_genbin1_recobin7 acc 0.0474 eff 0.0 outinratio 0.0528 

VBFH126_2e2mu_costhetaZ2_genbin1_recobin7 acc 0.0529 eff 0.0 outinratio 0.0481 

WminusH126_2e2mu_costhetaZ2_genbin1_recobin7 acc 0.044 eff 0.0 outinratio 0.0763 

WplusH126_2e2mu_costhetaZ2_genbin1_recobin7 acc 0.0372 eff 0.0 outinratio 0.1846 

ZH126_2e2mu_costhetaZ2_genbin1_recobin7 acc 0.0407 eff 0.0131 outinratio 0.0715 

ttH126_2e2mu_costhetaZ2_genbin1_recobin7 acc 0.0345 eff 0.0 outinratio 0.1465 

ggH126_2e2mu_costhetaZ2_genbin2_recobin7 acc 0.0588 eff 0.0005 outinratio 0.0528 

VBFH126_2e2mu_costhetaZ2_genbin2_recobin7 acc 0.0697 eff 0.0 outinratio 0.0481 

WminusH126_2e2mu_costhetaZ2_genbin2_recobin7 acc 0.0544 eff 0.0 outinratio 0.0763 

WplusH126_2e2mu_costhetaZ2_genbin2_recobin7 acc 0.0493 eff 0.0 outinratio 0.1846 

ZH126_2e2mu_costhetaZ2_genbin2_recobin7 acc 0.0474 eff 0.0 outinratio 0.0715 

ttH126_2e2mu_costhetaZ2_genbin2_recobin7 acc 0.0461 eff 0.0004 outinratio 0.1465 

ggH126_2e2mu_costhetaZ2_genbin3_recobin7 acc 0.0642 eff 0.0 outinratio 0.0528 

VBFH126_2e2mu_costhetaZ2_genbin3_recobin7 acc 0.0706 eff 0.0 outinratio 0.0481 

WminusH126_2e2mu_costhetaZ2_genbin3_recobin7 acc 0.0553 eff 0.0 outinratio 0.0763 

WplusH126_2e2mu_costhetaZ2_genbin3_recobin7 acc 0.0422 eff 0.0 outinratio 0.1846 

ZH126_2e2mu_costhetaZ2_genbin3_recobin7 acc 0.0603 eff 0.0 outinratio 0.0715 

ttH126_2e2mu_costhetaZ2_genbin3_recobin7 acc 0.0495 eff 0.0 outinratio 0.1465 

ggH126_2e2mu_costhetaZ2_genbin4_recobin7 acc 0.0663 eff 0.0 outinratio 0.0528 

VBFH126_2e2mu_costhetaZ2_genbin4_recobin7 acc 0.0691 eff 0.0 outinratio 0.0481 

WminusH126_2e2mu_costhetaZ2_genbin4_recobin7 acc 0.0495 eff 0.0 outinratio 0.0763 

WplusH126_2e2mu_costhetaZ2_genbin4_recobin7 acc 0.0534 eff 0.0 outinratio 0.1846 

ZH126_2e2mu_costhetaZ2_genbin4_recobin7 acc 0.0516 eff 0.0 outinratio 0.0715 

ttH126_2e2mu_costhetaZ2_genbin4_recobin7 acc 0.0483 eff 0.0008 outinratio 0.1465 

ggH126_2e2mu_costhetaZ2_genbin5_recobin7 acc 0.0611 eff 0.0012 outinratio 0.0528 

VBFH126_2e2mu_costhetaZ2_genbin5_recobin7 acc 0.0663 eff 0.0014 outinratio 0.0481 

WminusH126_2e2mu_costhetaZ2_genbin5_recobin7 acc 0.0559 eff 0.0032 outinratio 0.0763 

WplusH126_2e2mu_costhetaZ2_genbin5_recobin7 acc 0.0458 eff 0.0 outinratio 0.1846 

ZH126_2e2mu_costhetaZ2_genbin5_recobin7 acc 0.0433 eff 0.0 outinratio 0.0715 

ttH126_2e2mu_costhetaZ2_genbin5_recobin7 acc 0.043 eff 0.0014 outinratio 0.1465 

ggH126_2e2mu_costhetaZ2_genbin6_recobin7 acc 0.0445 eff 0.0186 outinratio 0.0528 

VBFH126_2e2mu_costhetaZ2_genbin6_recobin7 acc 0.0505 eff 0.0282 outinratio 0.0481 

WminusH126_2e2mu_costhetaZ2_genbin6_recobin7 acc 0.0417 eff 0.0235 outinratio 0.0763 

WplusH126_2e2mu_costhetaZ2_genbin6_recobin7 acc 0.0341 eff 0.0266 outinratio 0.1846 

ZH126_2e2mu_costhetaZ2_genbin6_recobin7 acc 0.0413 eff 0.0106 outinratio 0.0715 

ttH126_2e2mu_costhetaZ2_genbin6_recobin7 acc 0.0368 eff 0.0155 outinratio 0.1465 

ggH126_2e2mu_costhetaZ2_genbin7_recobin7 acc 0.0295 eff 0.4643 outinratio 0.0528 

VBFH126_2e2mu_costhetaZ2_genbin7_recobin7 acc 0.0377 eff 0.4126 outinratio 0.0481 

WminusH126_2e2mu_costhetaZ2_genbin7_recobin7 acc 0.0283 eff 0.4399 outinratio 0.0763 

WplusH126_2e2mu_costhetaZ2_genbin7_recobin7 acc 0.0232 eff 0.49 outinratio 0.1846 

ZH126_2e2mu_costhetaZ2_genbin7_recobin7 acc 0.0273 eff 0.4451 outinratio 0.0715 

ttH126_2e2mu_costhetaZ2_genbin7_recobin7 acc 0.0247 eff 0.4834 outinratio 0.1465 

Coeff fullNNLOPS
