Welcome in RunCoefficients!
OPT SPLIT
DEBUG opt.YEAR = 2024_5
It is a double-differential measurement, binning for the 1st variable {0: [40.0, 88.0], 1: [40.0, 88.0], 2: [40.0, 88.0], 3: [40.0, 88.0], 4: [88.0, 120.0], 5: [88.0, 120.0], 6: [88.0, 120.0]} and for the 2nd variable {0: [12.0, 28.0], 1: [28.0, 34.0], 2: [34.0, 40.0], 3: [40.0, 65.0], 4: [12.0, 25.0], 5: [25.0, 28.0], 6: [28.0, 65.0]}
{0: [40.0, 88.0, 12.0, 28.0], 1: [40.0, 88.0, 28.0, 34.0], 2: [40.0, 88.0, 34.0, 40.0], 3: [40.0, 88.0, 40.0, 65.0], 4: [88.0, 120.0, 12.0, 25.0], 5: [88.0, 120.0, 25.0, 28.0], 6: [88.0, 120.0, 28.0, 65.0]}
Z1Mass
Following observables extracted from dictionary: RECO =  Z1Mass  GEN =  GENmassZ1
It is a double-differential measurement: RECO_2nd =  Z2Mass  GEN_2nd =  GENmassZ2
LUMI: 10.882200000000001
ttH126 0.00046886125
Processing ggH126 2024_5
Signal created
Signal failed created
Processing VBFH126 2024_5
Signal created
Signal failed created
Processing WminusH126 2024_5
Signal created
Signal failed created
Processing WplusH126 2024_5
Signal created
Signal failed created
Processing ZH126 2024_5
Signal created
Signal failed created
Processing ttH126 2024_5
Signal created
Signal failed created
2024_5 SKIMMED df CREATED
2024_5 ggH126
2024_5 VBFH126
2024_5 WminusH126
2024_5 WplusH126
2024_5 ZH126
2024_5 ttH126
Dataframes created successfully
Coeff std
ggH126_4l_massZ1_massZ2_genbin0_recobin0 acc 0.0514 eff 0.5098 outinratio 0.0478 

VBFH126_4l_massZ1_massZ2_genbin0_recobin0 acc 0.0545 eff 0.5267 outinratio 0.0324 

WminusH126_4l_massZ1_massZ2_genbin0_recobin0 acc 0.0452 eff 0.5177 outinratio 0.072 

WplusH126_4l_massZ1_massZ2_genbin0_recobin0 acc 0.0392 eff 0.538 outinratio 0.076 

ZH126_4l_massZ1_massZ2_genbin0_recobin0 acc 0.0462 eff 0.5115 outinratio 0.1008 

ttH126_4l_massZ1_massZ2_genbin0_recobin0 acc 0.0399 eff 0.514 outinratio 0.1606 

ggH126_4l_massZ1_massZ2_genbin1_recobin0 acc 0.0327 eff 0.0403 outinratio 0.0478 

VBFH126_4l_massZ1_massZ2_genbin1_recobin0 acc 0.0388 eff 0.0338 outinratio 0.0324 

WminusH126_4l_massZ1_massZ2_genbin1_recobin0 acc 0.0286 eff 0.0185 outinratio 0.072 

WplusH126_4l_massZ1_massZ2_genbin1_recobin0 acc 0.0255 eff 0.0366 outinratio 0.076 

ZH126_4l_massZ1_massZ2_genbin1_recobin0 acc 0.0276 eff 0.0454 outinratio 0.1008 

ttH126_4l_massZ1_massZ2_genbin1_recobin0 acc 0.0262 eff 0.0362 outinratio 0.1606 

ggH126_4l_massZ1_massZ2_genbin2_recobin0 acc 0.0368 eff 0.0022 outinratio 0.0478 

VBFH126_4l_massZ1_massZ2_genbin2_recobin0 acc 0.036 eff 0.0027 outinratio 0.0324 

WminusH126_4l_massZ1_massZ2_genbin2_recobin0 acc 0.0297 eff 0.0061 outinratio 0.072 

WplusH126_4l_massZ1_massZ2_genbin2_recobin0 acc 0.0255 eff 0.0015 outinratio 0.076 

ZH126_4l_massZ1_massZ2_genbin2_recobin0 acc 0.029 eff 0.0028 outinratio 0.1008 

ttH126_4l_massZ1_massZ2_genbin2_recobin0 acc 0.026 eff 0.0037 outinratio 0.1606 

ggH126_4l_massZ1_massZ2_genbin3_recobin0 acc 0.0518 eff 0.0 outinratio 0.0478 

VBFH126_4l_massZ1_massZ2_genbin3_recobin0 acc 0.0572 eff 0.0005 outinratio 0.0324 

WminusH126_4l_massZ1_massZ2_genbin3_recobin0 acc 0.045 eff 0.0013 outinratio 0.072 

WplusH126_4l_massZ1_massZ2_genbin3_recobin0 acc 0.0392 eff 0.0 outinratio 0.076 

ZH126_4l_massZ1_massZ2_genbin3_recobin0 acc 0.0473 eff 0.0 outinratio 0.1008 

ttH126_4l_massZ1_massZ2_genbin3_recobin0 acc 0.0401 eff 0.0038 outinratio 0.1606 

ggH126_4l_massZ1_massZ2_genbin4_recobin0 acc 0.1081 eff 0.091 outinratio 0.0478 

VBFH126_4l_massZ1_massZ2_genbin4_recobin0 acc 0.1229 eff 0.0791 outinratio 0.0324 

WminusH126_4l_massZ1_massZ2_genbin4_recobin0 acc 0.0977 eff 0.0864 outinratio 0.072 

WplusH126_4l_massZ1_massZ2_genbin4_recobin0 acc 0.0821 eff 0.0934 outinratio 0.076 

ZH126_4l_massZ1_massZ2_genbin4_recobin0 acc 0.0844 eff 0.0619 outinratio 0.1008 

ttH126_4l_massZ1_massZ2_genbin4_recobin0 acc 0.0876 eff 0.0737 outinratio 0.1606 

ggH126_4l_massZ1_massZ2_genbin5_recobin0 acc 0.0399 eff 0.0743 outinratio 0.0478 

VBFH126_4l_massZ1_massZ2_genbin5_recobin0 acc 0.0459 eff 0.0703 outinratio 0.0324 

WminusH126_4l_massZ1_massZ2_genbin5_recobin0 acc 0.033 eff 0.0651 outinratio 0.072 

WplusH126_4l_massZ1_massZ2_genbin5_recobin0 acc 0.0299 eff 0.0634 outinratio 0.076 

ZH126_4l_massZ1_massZ2_genbin5_recobin0 acc 0.0344 eff 0.0704 outinratio 0.1008 

ttH126_4l_massZ1_massZ2_genbin5_recobin0 acc 0.0317 eff 0.0696 outinratio 0.1606 

ggH126_4l_massZ1_massZ2_genbin6_recobin0 acc 0.0922 eff 0.0082 outinratio 0.0478 

VBFH126_4l_massZ1_massZ2_genbin6_recobin0 acc 0.0964 eff 0.0056 outinratio 0.0324 

WminusH126_4l_massZ1_massZ2_genbin6_recobin0 acc 0.0726 eff 0.011 outinratio 0.072 

WplusH126_4l_massZ1_massZ2_genbin6_recobin0 acc 0.0671 eff 0.0045 outinratio 0.076 

ZH126_4l_massZ1_massZ2_genbin6_recobin0 acc 0.0773 eff 0.002 outinratio 0.1008 

ttH126_4l_massZ1_massZ2_genbin6_recobin0 acc 0.0674 eff 0.0044 outinratio 0.1606 

ggH126_4l_massZ1_massZ2_genbin0_recobin1 acc 0.0514 eff 0.0064 outinratio 0.0414 

VBFH126_4l_massZ1_massZ2_genbin0_recobin1 acc 0.0545 eff 0.0115 outinratio 0.0274 

WminusH126_4l_massZ1_massZ2_genbin0_recobin1 acc 0.0452 eff 0.0118 outinratio 0.0541 

WplusH126_4l_massZ1_massZ2_genbin0_recobin1 acc 0.0392 eff 0.0085 outinratio 0.0502 

ZH126_4l_massZ1_massZ2_genbin0_recobin1 acc 0.0462 eff 0.016 outinratio 0.0336 

ttH126_4l_massZ1_massZ2_genbin0_recobin1 acc 0.0399 eff 0.0074 outinratio 0.1407 

ggH126_4l_massZ1_massZ2_genbin1_recobin1 acc 0.0327 eff 0.4276 outinratio 0.0414 

VBFH126_4l_massZ1_massZ2_genbin1_recobin1 acc 0.0388 eff 0.4584 outinratio 0.0274 

WminusH126_4l_massZ1_massZ2_genbin1_recobin1 acc 0.0286 eff 0.5284 outinratio 0.0541 

WplusH126_4l_massZ1_massZ2_genbin1_recobin1 acc 0.0255 eff 0.5048 outinratio 0.0502 

ZH126_4l_massZ1_massZ2_genbin1_recobin1 acc 0.0276 eff 0.4925 outinratio 0.0336 

ttH126_4l_massZ1_massZ2_genbin1_recobin1 acc 0.0262 eff 0.4598 outinratio 0.1407 

ggH126_4l_massZ1_massZ2_genbin2_recobin1 acc 0.0368 eff 0.0578 outinratio 0.0414 

VBFH126_4l_massZ1_massZ2_genbin2_recobin1 acc 0.036 eff 0.0463 outinratio 0.0274 

WminusH126_4l_massZ1_massZ2_genbin2_recobin1 acc 0.0297 eff 0.0352 outinratio 0.0541 

WplusH126_4l_massZ1_massZ2_genbin2_recobin1 acc 0.0255 eff 0.0491 outinratio 0.0502 

ZH126_4l_massZ1_massZ2_genbin2_recobin1 acc 0.029 eff 0.0336 outinratio 0.0336 

ttH126_4l_massZ1_massZ2_genbin2_recobin1 acc 0.026 eff 0.0527 outinratio 0.1407 

ggH126_4l_massZ1_massZ2_genbin3_recobin1 acc 0.0518 eff 0.0082 outinratio 0.0414 

VBFH126_4l_massZ1_massZ2_genbin3_recobin1 acc 0.0572 eff 0.0036 outinratio 0.0274 

WminusH126_4l_massZ1_massZ2_genbin3_recobin1 acc 0.045 eff 0.0007 outinratio 0.0541 

WplusH126_4l_massZ1_massZ2_genbin3_recobin1 acc 0.0392 eff 0.0004 outinratio 0.0502 

ZH126_4l_massZ1_massZ2_genbin3_recobin1 acc 0.0473 eff 0.0075 outinratio 0.0336 

ttH126_4l_massZ1_massZ2_genbin3_recobin1 acc 0.0401 eff 0.0005 outinratio 0.1407 

ggH126_4l_massZ1_massZ2_genbin4_recobin1 acc 0.1081 eff 0.0 outinratio 0.0414 

VBFH126_4l_massZ1_massZ2_genbin4_recobin1 acc 0.1229 eff 0.0 outinratio 0.0274 

WminusH126_4l_massZ1_massZ2_genbin4_recobin1 acc 0.0977 eff 0.0 outinratio 0.0541 

WplusH126_4l_massZ1_massZ2_genbin4_recobin1 acc 0.0821 eff 0.0 outinratio 0.0502 

ZH126_4l_massZ1_massZ2_genbin4_recobin1 acc 0.0844 eff 0.0 outinratio 0.0336 

ttH126_4l_massZ1_massZ2_genbin4_recobin1 acc 0.0876 eff 0.0003 outinratio 0.1407 

ggH126_4l_massZ1_massZ2_genbin5_recobin1 acc 0.0399 eff 0.0046 outinratio 0.0414 

VBFH126_4l_massZ1_massZ2_genbin5_recobin1 acc 0.0459 eff 0.005 outinratio 0.0274 

WminusH126_4l_massZ1_massZ2_genbin5_recobin1 acc 0.033 eff 0.0025 outinratio 0.0541 

WplusH126_4l_massZ1_massZ2_genbin5_recobin1 acc 0.0299 eff 0.0036 outinratio 0.0502 

ZH126_4l_massZ1_massZ2_genbin5_recobin1 acc 0.0344 eff 0.0069 outinratio 0.0336 

ttH126_4l_massZ1_massZ2_genbin5_recobin1 acc 0.0317 eff 0.0022 outinratio 0.1407 

ggH126_4l_massZ1_massZ2_genbin6_recobin1 acc 0.0922 eff 0.0718 outinratio 0.0414 

VBFH126_4l_massZ1_massZ2_genbin6_recobin1 acc 0.0964 eff 0.0659 outinratio 0.0274 

WminusH126_4l_massZ1_massZ2_genbin6_recobin1 acc 0.0726 eff 0.0649 outinratio 0.0541 

WplusH126_4l_massZ1_massZ2_genbin6_recobin1 acc 0.0671 eff 0.0785 outinratio 0.0502 

ZH126_4l_massZ1_massZ2_genbin6_recobin1 acc 0.0773 eff 0.0745 outinratio 0.0336 

ttH126_4l_massZ1_massZ2_genbin6_recobin1 acc 0.0674 eff 0.0674 outinratio 0.1407 

ggH126_4l_massZ1_massZ2_genbin0_recobin2 acc 0.0514 eff 0.0007 outinratio 0.0266 

VBFH126_4l_massZ1_massZ2_genbin0_recobin2 acc 0.0545 eff 0.001 outinratio 0.0368 

WminusH126_4l_massZ1_massZ2_genbin0_recobin2 acc 0.0452 eff 0.0025 outinratio 0.0711 

WplusH126_4l_massZ1_massZ2_genbin0_recobin2 acc 0.0392 eff 0.0 outinratio 0.0744 

ZH126_4l_massZ1_massZ2_genbin0_recobin2 acc 0.0462 eff 0.006 outinratio 0.0753 

ttH126_4l_massZ1_massZ2_genbin0_recobin2 acc 0.0399 eff 0.0002 outinratio 0.1593 

ggH126_4l_massZ1_massZ2_genbin1_recobin2 acc 0.0327 eff 0.0234 outinratio 0.0266 

VBFH126_4l_massZ1_massZ2_genbin1_recobin2 acc 0.0388 eff 0.0166 outinratio 0.0368 

WminusH126_4l_massZ1_massZ2_genbin1_recobin2 acc 0.0286 eff 0.0138 outinratio 0.0711 

WplusH126_4l_massZ1_massZ2_genbin1_recobin2 acc 0.0255 eff 0.0065 outinratio 0.0744 

ZH126_4l_massZ1_massZ2_genbin1_recobin2 acc 0.0276 eff 0.0166 outinratio 0.0753 

ttH126_4l_massZ1_massZ2_genbin1_recobin2 acc 0.0262 eff 0.0159 outinratio 0.1593 

ggH126_4l_massZ1_massZ2_genbin2_recobin2 acc 0.0368 eff 0.4863 outinratio 0.0266 

VBFH126_4l_massZ1_massZ2_genbin2_recobin2 acc 0.036 eff 0.4995 outinratio 0.0368 

WminusH126_4l_massZ1_massZ2_genbin2_recobin2 acc 0.0297 eff 0.4743 outinratio 0.0711 

WplusH126_4l_massZ1_massZ2_genbin2_recobin2 acc 0.0255 eff 0.5067 outinratio 0.0744 

ZH126_4l_massZ1_massZ2_genbin2_recobin2 acc 0.029 eff 0.4752 outinratio 0.0753 

ttH126_4l_massZ1_massZ2_genbin2_recobin2 acc 0.026 eff 0.4857 outinratio 0.1593 

ggH126_4l_massZ1_massZ2_genbin3_recobin2 acc 0.0518 eff 0.0322 outinratio 0.0266 

VBFH126_4l_massZ1_massZ2_genbin3_recobin2 acc 0.0572 eff 0.0231 outinratio 0.0368 

WminusH126_4l_massZ1_massZ2_genbin3_recobin2 acc 0.045 eff 0.0306 outinratio 0.0711 

WplusH126_4l_massZ1_massZ2_genbin3_recobin2 acc 0.0392 eff 0.0254 outinratio 0.0744 

ZH126_4l_massZ1_massZ2_genbin3_recobin2 acc 0.0473 eff 0.0437 outinratio 0.0753 

ttH126_4l_massZ1_massZ2_genbin3_recobin2 acc 0.0401 eff 0.0293 outinratio 0.1593 

ggH126_4l_massZ1_massZ2_genbin4_recobin2 acc 0.1081 eff 0.0 outinratio 0.0266 

VBFH126_4l_massZ1_massZ2_genbin4_recobin2 acc 0.1229 eff 0.0 outinratio 0.0368 

WminusH126_4l_massZ1_massZ2_genbin4_recobin2 acc 0.0977 eff 0.0 outinratio 0.0711 

WplusH126_4l_massZ1_massZ2_genbin4_recobin2 acc 0.0821 eff 0.0 outinratio 0.0744 

ZH126_4l_massZ1_massZ2_genbin4_recobin2 acc 0.0844 eff 0.0 outinratio 0.0753 

ttH126_4l_massZ1_massZ2_genbin4_recobin2 acc 0.0876 eff 0.0 outinratio 0.1593 

ggH126_4l_massZ1_massZ2_genbin5_recobin2 acc 0.0399 eff 0.0 outinratio 0.0266 

VBFH126_4l_massZ1_massZ2_genbin5_recobin2 acc 0.0459 eff 0.0 outinratio 0.0368 

WminusH126_4l_massZ1_massZ2_genbin5_recobin2 acc 0.033 eff 0.0 outinratio 0.0711 

WplusH126_4l_massZ1_massZ2_genbin5_recobin2 acc 0.0299 eff 0.0 outinratio 0.0744 

ZH126_4l_massZ1_massZ2_genbin5_recobin2 acc 0.0344 eff 0.0 outinratio 0.0753 

ttH126_4l_massZ1_massZ2_genbin5_recobin2 acc 0.0317 eff 0.0 outinratio 0.1593 

ggH126_4l_massZ1_massZ2_genbin6_recobin2 acc 0.0922 eff 0.0153 outinratio 0.0266 

VBFH126_4l_massZ1_massZ2_genbin6_recobin2 acc 0.0964 eff 0.0177 outinratio 0.0368 

WminusH126_4l_massZ1_massZ2_genbin6_recobin2 acc 0.0726 eff 0.014 outinratio 0.0711 

WplusH126_4l_massZ1_massZ2_genbin6_recobin2 acc 0.0671 eff 0.0132 outinratio 0.0744 

ZH126_4l_massZ1_massZ2_genbin6_recobin2 acc 0.0773 eff 0.0094 outinratio 0.0753 

ttH126_4l_massZ1_massZ2_genbin6_recobin2 acc 0.0674 eff 0.0169 outinratio 0.1593 

ggH126_4l_massZ1_massZ2_genbin0_recobin3 acc 0.0514 eff 0.0011 outinratio 0.0356 

VBFH126_4l_massZ1_massZ2_genbin0_recobin3 acc 0.0545 eff 0.0008 outinratio 0.0225 

WminusH126_4l_massZ1_massZ2_genbin0_recobin3 acc 0.0452 eff 0.0024 outinratio 0.0688 

WplusH126_4l_massZ1_massZ2_genbin0_recobin3 acc 0.0392 eff 0.0022 outinratio 0.0572 

ZH126_4l_massZ1_massZ2_genbin0_recobin3 acc 0.0462 eff 0.0 outinratio 0.065 

ttH126_4l_massZ1_massZ2_genbin0_recobin3 acc 0.0399 eff 0.0007 outinratio 0.1599 

ggH126_4l_massZ1_massZ2_genbin1_recobin3 acc 0.0327 eff 0.0028 outinratio 0.0356 

VBFH126_4l_massZ1_massZ2_genbin1_recobin3 acc 0.0388 eff 0.0025 outinratio 0.0225 

WminusH126_4l_massZ1_massZ2_genbin1_recobin3 acc 0.0286 eff 0.001 outinratio 0.0688 

WplusH126_4l_massZ1_massZ2_genbin1_recobin3 acc 0.0255 eff 0.002 outinratio 0.0572 

ZH126_4l_massZ1_massZ2_genbin1_recobin3 acc 0.0276 eff 0.0 outinratio 0.065 

ttH126_4l_massZ1_massZ2_genbin1_recobin3 acc 0.0262 eff 0.002 outinratio 0.1599 

ggH126_4l_massZ1_massZ2_genbin2_recobin3 acc 0.0368 eff 0.0358 outinratio 0.0356 

VBFH126_4l_massZ1_massZ2_genbin2_recobin3 acc 0.036 eff 0.0268 outinratio 0.0225 

WminusH126_4l_massZ1_massZ2_genbin2_recobin3 acc 0.0297 eff 0.0221 outinratio 0.0688 

WplusH126_4l_massZ1_massZ2_genbin2_recobin3 acc 0.0255 eff 0.0262 outinratio 0.0572 

ZH126_4l_massZ1_massZ2_genbin2_recobin3 acc 0.029 eff 0.0084 outinratio 0.065 

ttH126_4l_massZ1_massZ2_genbin2_recobin3 acc 0.026 eff 0.0173 outinratio 0.1599 

ggH126_4l_massZ1_massZ2_genbin3_recobin3 acc 0.0518 eff 0.5383 outinratio 0.0356 

VBFH126_4l_massZ1_massZ2_genbin3_recobin3 acc 0.0572 eff 0.5801 outinratio 0.0225 

WminusH126_4l_massZ1_massZ2_genbin3_recobin3 acc 0.045 eff 0.524 outinratio 0.0688 

WplusH126_4l_massZ1_massZ2_genbin3_recobin3 acc 0.0392 eff 0.5155 outinratio 0.0572 

ZH126_4l_massZ1_massZ2_genbin3_recobin3 acc 0.0473 eff 0.4687 outinratio 0.065 

ttH126_4l_massZ1_massZ2_genbin3_recobin3 acc 0.0401 eff 0.5684 outinratio 0.1599 

ggH126_4l_massZ1_massZ2_genbin4_recobin3 acc 0.1081 eff 0.0 outinratio 0.0356 

VBFH126_4l_massZ1_massZ2_genbin4_recobin3 acc 0.1229 eff 0.0 outinratio 0.0225 

WminusH126_4l_massZ1_massZ2_genbin4_recobin3 acc 0.0977 eff 0.0 outinratio 0.0688 

WplusH126_4l_massZ1_massZ2_genbin4_recobin3 acc 0.0821 eff 0.0 outinratio 0.0572 

ZH126_4l_massZ1_massZ2_genbin4_recobin3 acc 0.0844 eff 0.0 outinratio 0.065 

ttH126_4l_massZ1_massZ2_genbin4_recobin3 acc 0.0876 eff 0.0 outinratio 0.1599 

ggH126_4l_massZ1_massZ2_genbin5_recobin3 acc 0.0399 eff 0.0 outinratio 0.0356 

VBFH126_4l_massZ1_massZ2_genbin5_recobin3 acc 0.0459 eff 0.0 outinratio 0.0225 

WminusH126_4l_massZ1_massZ2_genbin5_recobin3 acc 0.033 eff 0.0 outinratio 0.0688 

WplusH126_4l_massZ1_massZ2_genbin5_recobin3 acc 0.0299 eff 0.0 outinratio 0.0572 

ZH126_4l_massZ1_massZ2_genbin5_recobin3 acc 0.0344 eff 0.0 outinratio 0.065 

ttH126_4l_massZ1_massZ2_genbin5_recobin3 acc 0.0317 eff 0.0 outinratio 0.1599 

ggH126_4l_massZ1_massZ2_genbin6_recobin3 acc 0.0922 eff 0.0 outinratio 0.0356 

VBFH126_4l_massZ1_massZ2_genbin6_recobin3 acc 0.0964 eff 0.0004 outinratio 0.0225 

WminusH126_4l_massZ1_massZ2_genbin6_recobin3 acc 0.0726 eff 0.0 outinratio 0.0688 

WplusH126_4l_massZ1_massZ2_genbin6_recobin3 acc 0.0671 eff 0.0 outinratio 0.0572 

ZH126_4l_massZ1_massZ2_genbin6_recobin3 acc 0.0773 eff 0.0 outinratio 0.065 

ttH126_4l_massZ1_massZ2_genbin6_recobin3 acc 0.0674 eff 0.0007 outinratio 0.1599 

ggH126_4l_massZ1_massZ2_genbin0_recobin4 acc 0.0514 eff 0.0237 outinratio 0.0484 

VBFH126_4l_massZ1_massZ2_genbin0_recobin4 acc 0.0545 eff 0.0278 outinratio 0.0371 

WminusH126_4l_massZ1_massZ2_genbin0_recobin4 acc 0.0452 eff 0.0243 outinratio 0.082 

WplusH126_4l_massZ1_massZ2_genbin0_recobin4 acc 0.0392 eff 0.0387 outinratio 0.0563 

ZH126_4l_massZ1_massZ2_genbin0_recobin4 acc 0.0462 eff 0.0302 outinratio 0.0643 

ttH126_4l_massZ1_massZ2_genbin0_recobin4 acc 0.0399 eff 0.0315 outinratio 0.1787 

ggH126_4l_massZ1_massZ2_genbin1_recobin4 acc 0.0327 eff 0.0 outinratio 0.0484 

VBFH126_4l_massZ1_massZ2_genbin1_recobin4 acc 0.0388 eff 0.0009 outinratio 0.0371 

WminusH126_4l_massZ1_massZ2_genbin1_recobin4 acc 0.0286 eff 0.0 outinratio 0.082 

WplusH126_4l_massZ1_massZ2_genbin1_recobin4 acc 0.0255 eff 0.0 outinratio 0.0563 

ZH126_4l_massZ1_massZ2_genbin1_recobin4 acc 0.0276 eff 0.0 outinratio 0.0643 

ttH126_4l_massZ1_massZ2_genbin1_recobin4 acc 0.0262 eff 0.0007 outinratio 0.1787 

ggH126_4l_massZ1_massZ2_genbin2_recobin4 acc 0.0368 eff 0.0 outinratio 0.0484 

VBFH126_4l_massZ1_massZ2_genbin2_recobin4 acc 0.036 eff 0.0 outinratio 0.0371 

WminusH126_4l_massZ1_massZ2_genbin2_recobin4 acc 0.0297 eff 0.0 outinratio 0.082 

WplusH126_4l_massZ1_massZ2_genbin2_recobin4 acc 0.0255 eff 0.0 outinratio 0.0563 

ZH126_4l_massZ1_massZ2_genbin2_recobin4 acc 0.029 eff 0.0 outinratio 0.0643 

ttH126_4l_massZ1_massZ2_genbin2_recobin4 acc 0.026 eff 0.0 outinratio 0.1787 

ggH126_4l_massZ1_massZ2_genbin3_recobin4 acc 0.0518 eff 0.0 outinratio 0.0484 

VBFH126_4l_massZ1_massZ2_genbin3_recobin4 acc 0.0572 eff 0.0 outinratio 0.0371 

WminusH126_4l_massZ1_massZ2_genbin3_recobin4 acc 0.045 eff 0.0 outinratio 0.082 

WplusH126_4l_massZ1_massZ2_genbin3_recobin4 acc 0.0392 eff 0.0 outinratio 0.0563 

ZH126_4l_massZ1_massZ2_genbin3_recobin4 acc 0.0473 eff 0.0 outinratio 0.0643 

ttH126_4l_massZ1_massZ2_genbin3_recobin4 acc 0.0401 eff 0.0 outinratio 0.1787 

ggH126_4l_massZ1_massZ2_genbin4_recobin4 acc 0.1081 eff 0.4566 outinratio 0.0484 

VBFH126_4l_massZ1_massZ2_genbin4_recobin4 acc 0.1229 eff 0.4673 outinratio 0.0371 

WminusH126_4l_massZ1_massZ2_genbin4_recobin4 acc 0.0977 eff 0.4305 outinratio 0.082 

WplusH126_4l_massZ1_massZ2_genbin4_recobin4 acc 0.0821 eff 0.4558 outinratio 0.0563 

ZH126_4l_massZ1_massZ2_genbin4_recobin4 acc 0.0844 eff 0.4823 outinratio 0.0643 

ttH126_4l_massZ1_massZ2_genbin4_recobin4 acc 0.0876 eff 0.4516 outinratio 0.1787 

ggH126_4l_massZ1_massZ2_genbin5_recobin4 acc 0.0399 eff 0.0511 outinratio 0.0484 

VBFH126_4l_massZ1_massZ2_genbin5_recobin4 acc 0.0459 eff 0.0423 outinratio 0.0371 

WminusH126_4l_massZ1_massZ2_genbin5_recobin4 acc 0.033 eff 0.0582 outinratio 0.082 

WplusH126_4l_massZ1_massZ2_genbin5_recobin4 acc 0.0299 eff 0.0397 outinratio 0.0563 

ZH126_4l_massZ1_massZ2_genbin5_recobin4 acc 0.0344 eff 0.0696 outinratio 0.0643 

ttH126_4l_massZ1_massZ2_genbin5_recobin4 acc 0.0317 eff 0.0526 outinratio 0.1787 

ggH126_4l_massZ1_massZ2_genbin6_recobin4 acc 0.0922 eff 0.0043 outinratio 0.0484 

VBFH126_4l_massZ1_massZ2_genbin6_recobin4 acc 0.0964 eff 0.0039 outinratio 0.0371 

WminusH126_4l_massZ1_massZ2_genbin6_recobin4 acc 0.0726 eff 0.0036 outinratio 0.082 

WplusH126_4l_massZ1_massZ2_genbin6_recobin4 acc 0.0671 eff 0.0029 outinratio 0.0563 

ZH126_4l_massZ1_massZ2_genbin6_recobin4 acc 0.0773 eff 0.0016 outinratio 0.0643 

ttH126_4l_massZ1_massZ2_genbin6_recobin4 acc 0.0674 eff 0.0035 outinratio 0.1787 

ggH126_4l_massZ1_massZ2_genbin0_recobin5 acc 0.0514 eff 0.0131 outinratio 0.0431 

VBFH126_4l_massZ1_massZ2_genbin0_recobin5 acc 0.0545 eff 0.01 outinratio 0.0302 

WminusH126_4l_massZ1_massZ2_genbin0_recobin5 acc 0.0452 eff 0.0068 outinratio 0.0571 

WplusH126_4l_massZ1_massZ2_genbin0_recobin5 acc 0.0392 eff 0.0059 outinratio 0.1141 

ZH126_4l_massZ1_massZ2_genbin0_recobin5 acc 0.0462 eff 0.0032 outinratio 0.0419 

ttH126_4l_massZ1_massZ2_genbin0_recobin5 acc 0.0399 eff 0.0077 outinratio 0.1587 

ggH126_4l_massZ1_massZ2_genbin1_recobin5 acc 0.0327 eff 0.0027 outinratio 0.0431 

VBFH126_4l_massZ1_massZ2_genbin1_recobin5 acc 0.0388 eff 0.0023 outinratio 0.0302 

WminusH126_4l_massZ1_massZ2_genbin1_recobin5 acc 0.0286 eff 0.0006 outinratio 0.0571 

WplusH126_4l_massZ1_massZ2_genbin1_recobin5 acc 0.0255 eff 0.0036 outinratio 0.1141 

ZH126_4l_massZ1_massZ2_genbin1_recobin5 acc 0.0276 eff 0.0 outinratio 0.0419 

ttH126_4l_massZ1_massZ2_genbin1_recobin5 acc 0.0262 eff 0.0014 outinratio 0.1587 

ggH126_4l_massZ1_massZ2_genbin2_recobin5 acc 0.0368 eff 0.0 outinratio 0.0431 

VBFH126_4l_massZ1_massZ2_genbin2_recobin5 acc 0.036 eff 0.0 outinratio 0.0302 

WminusH126_4l_massZ1_massZ2_genbin2_recobin5 acc 0.0297 eff 0.0 outinratio 0.0571 

WplusH126_4l_massZ1_massZ2_genbin2_recobin5 acc 0.0255 eff 0.0 outinratio 0.1141 

ZH126_4l_massZ1_massZ2_genbin2_recobin5 acc 0.029 eff 0.0 outinratio 0.0419 

ttH126_4l_massZ1_massZ2_genbin2_recobin5 acc 0.026 eff 0.0 outinratio 0.1587 

ggH126_4l_massZ1_massZ2_genbin3_recobin5 acc 0.0518 eff 0.0 outinratio 0.0431 

VBFH126_4l_massZ1_massZ2_genbin3_recobin5 acc 0.0572 eff 0.0 outinratio 0.0302 

WminusH126_4l_massZ1_massZ2_genbin3_recobin5 acc 0.045 eff 0.0 outinratio 0.0571 

WplusH126_4l_massZ1_massZ2_genbin3_recobin5 acc 0.0392 eff 0.0 outinratio 0.1141 

ZH126_4l_massZ1_massZ2_genbin3_recobin5 acc 0.0473 eff 0.0 outinratio 0.0419 

ttH126_4l_massZ1_massZ2_genbin3_recobin5 acc 0.0401 eff 0.0 outinratio 0.1587 

ggH126_4l_massZ1_massZ2_genbin4_recobin5 acc 0.1081 eff 0.0093 outinratio 0.0431 

VBFH126_4l_massZ1_massZ2_genbin4_recobin5 acc 0.1229 eff 0.0065 outinratio 0.0302 

WminusH126_4l_massZ1_massZ2_genbin4_recobin5 acc 0.0977 eff 0.0095 outinratio 0.0571 

WplusH126_4l_massZ1_massZ2_genbin4_recobin5 acc 0.0821 eff 0.0047 outinratio 0.1141 

ZH126_4l_massZ1_massZ2_genbin4_recobin5 acc 0.0844 eff 0.0027 outinratio 0.0419 

ttH126_4l_massZ1_massZ2_genbin4_recobin5 acc 0.0876 eff 0.0082 outinratio 0.1587 

ggH126_4l_massZ1_massZ2_genbin5_recobin5 acc 0.0399 eff 0.3631 outinratio 0.0431 

VBFH126_4l_massZ1_massZ2_genbin5_recobin5 acc 0.0459 eff 0.4076 outinratio 0.0302 

WminusH126_4l_massZ1_massZ2_genbin5_recobin5 acc 0.033 eff 0.4048 outinratio 0.0571 

WplusH126_4l_massZ1_massZ2_genbin5_recobin5 acc 0.0299 eff 0.3309 outinratio 0.1141 

ZH126_4l_massZ1_massZ2_genbin5_recobin5 acc 0.0344 eff 0.3549 outinratio 0.0419 

ttH126_4l_massZ1_massZ2_genbin5_recobin5 acc 0.0317 eff 0.3869 outinratio 0.1587 

ggH126_4l_massZ1_massZ2_genbin6_recobin5 acc 0.0922 eff 0.0216 outinratio 0.0431 

VBFH126_4l_massZ1_massZ2_genbin6_recobin5 acc 0.0964 eff 0.0379 outinratio 0.0302 

WminusH126_4l_massZ1_massZ2_genbin6_recobin5 acc 0.0726 eff 0.0268 outinratio 0.0571 

WplusH126_4l_massZ1_massZ2_genbin6_recobin5 acc 0.0671 eff 0.0296 outinratio 0.1141 

ZH126_4l_massZ1_massZ2_genbin6_recobin5 acc 0.0773 eff 0.0253 outinratio 0.0419 

ttH126_4l_massZ1_massZ2_genbin6_recobin5 acc 0.0674 eff 0.0295 outinratio 0.1587 

ggH126_4l_massZ1_massZ2_genbin0_recobin6 acc 0.0514 eff 0.0 outinratio 0.0613 

VBFH126_4l_massZ1_massZ2_genbin0_recobin6 acc 0.0545 eff 0.0004 outinratio 0.0335 

WminusH126_4l_massZ1_massZ2_genbin0_recobin6 acc 0.0452 eff 0.0007 outinratio 0.0786 

WplusH126_4l_massZ1_massZ2_genbin0_recobin6 acc 0.0392 eff 0.0 outinratio 0.0898 

ZH126_4l_massZ1_massZ2_genbin0_recobin6 acc 0.0462 eff 0.0 outinratio 0.0623 

ttH126_4l_massZ1_massZ2_genbin0_recobin6 acc 0.0399 eff 0.0002 outinratio 0.1546 

ggH126_4l_massZ1_massZ2_genbin1_recobin6 acc 0.0327 eff 0.0457 outinratio 0.0613 

VBFH126_4l_massZ1_massZ2_genbin1_recobin6 acc 0.0388 eff 0.0331 outinratio 0.0335 

WminusH126_4l_massZ1_massZ2_genbin1_recobin6 acc 0.0286 eff 0.0272 outinratio 0.0786 

WplusH126_4l_massZ1_massZ2_genbin1_recobin6 acc 0.0255 eff 0.0343 outinratio 0.0898 

ZH126_4l_massZ1_massZ2_genbin1_recobin6 acc 0.0276 eff 0.0399 outinratio 0.0623 

ttH126_4l_massZ1_massZ2_genbin1_recobin6 acc 0.0262 eff 0.0385 outinratio 0.1546 

ggH126_4l_massZ1_massZ2_genbin2_recobin6 acc 0.0368 eff 0.023 outinratio 0.0613 

VBFH126_4l_massZ1_massZ2_genbin2_recobin6 acc 0.036 eff 0.0224 outinratio 0.0335 

WminusH126_4l_massZ1_massZ2_genbin2_recobin6 acc 0.0297 eff 0.0288 outinratio 0.0786 

WplusH126_4l_massZ1_massZ2_genbin2_recobin6 acc 0.0255 eff 0.0175 outinratio 0.0898 

ZH126_4l_massZ1_massZ2_genbin2_recobin6 acc 0.029 eff 0.0124 outinratio 0.0623 

ttH126_4l_massZ1_massZ2_genbin2_recobin6 acc 0.026 eff 0.0271 outinratio 0.1546 

ggH126_4l_massZ1_massZ2_genbin3_recobin6 acc 0.0518 eff 0.0014 outinratio 0.0613 

VBFH126_4l_massZ1_massZ2_genbin3_recobin6 acc 0.0572 eff 0.0 outinratio 0.0335 

WminusH126_4l_massZ1_massZ2_genbin3_recobin6 acc 0.045 eff 0.0 outinratio 0.0786 

WplusH126_4l_massZ1_massZ2_genbin3_recobin6 acc 0.0392 eff 0.0 outinratio 0.0898 

ZH126_4l_massZ1_massZ2_genbin3_recobin6 acc 0.0473 eff 0.0074 outinratio 0.0623 

ttH126_4l_massZ1_massZ2_genbin3_recobin6 acc 0.0401 eff 0.0002 outinratio 0.1546 

ggH126_4l_massZ1_massZ2_genbin4_recobin6 acc 0.1081 eff 0.0005 outinratio 0.0613 

VBFH126_4l_massZ1_massZ2_genbin4_recobin6 acc 0.1229 eff 0.0016 outinratio 0.0335 

WminusH126_4l_massZ1_massZ2_genbin4_recobin6 acc 0.0977 eff 0.0004 outinratio 0.0786 

WplusH126_4l_massZ1_massZ2_genbin4_recobin6 acc 0.0821 eff 0.0008 outinratio 0.0898 

ZH126_4l_massZ1_massZ2_genbin4_recobin6 acc 0.0844 eff 0.0 outinratio 0.0623 

ttH126_4l_massZ1_massZ2_genbin4_recobin6 acc 0.0876 eff 0.001 outinratio 0.1546 

ggH126_4l_massZ1_massZ2_genbin5_recobin6 acc 0.0399 eff 0.0307 outinratio 0.0613 

VBFH126_4l_massZ1_massZ2_genbin5_recobin6 acc 0.0459 eff 0.0262 outinratio 0.0335 

WminusH126_4l_massZ1_massZ2_genbin5_recobin6 acc 0.033 eff 0.0266 outinratio 0.0786 

WplusH126_4l_massZ1_massZ2_genbin5_recobin6 acc 0.0299 eff 0.0192 outinratio 0.0898 

ZH126_4l_massZ1_massZ2_genbin5_recobin6 acc 0.0344 eff 0.0178 outinratio 0.0623 

ttH126_4l_massZ1_massZ2_genbin5_recobin6 acc 0.0317 eff 0.0254 outinratio 0.1546 

ggH126_4l_massZ1_massZ2_genbin6_recobin6 acc 0.0922 eff 0.3928 outinratio 0.0613 

VBFH126_4l_massZ1_massZ2_genbin6_recobin6 acc 0.0964 eff 0.4218 outinratio 0.0335 

WminusH126_4l_massZ1_massZ2_genbin6_recobin6 acc 0.0726 eff 0.4316 outinratio 0.0786 

WplusH126_4l_massZ1_massZ2_genbin6_recobin6 acc 0.0671 eff 0.4247 outinratio 0.0898 

ZH126_4l_massZ1_massZ2_genbin6_recobin6 acc 0.0773 eff 0.4324 outinratio 0.0623 

ttH126_4l_massZ1_massZ2_genbin6_recobin6 acc 0.0674 eff 0.4184 outinratio 0.1546 

ggH126_4e_massZ1_massZ2_genbin0_recobin0 acc 0.0474 eff 0.2581 outinratio 0.0476 

VBFH126_4e_massZ1_massZ2_genbin0_recobin0 acc 0.054 eff 0.3176 outinratio 0.0198 

WminusH126_4e_massZ1_massZ2_genbin0_recobin0 acc 0.0427 eff 0.3153 outinratio 0.0353 

WplusH126_4e_massZ1_massZ2_genbin0_recobin0 acc 0.0393 eff 0.3017 outinratio 0.0891 

ZH126_4e_massZ1_massZ2_genbin0_recobin0 acc 0.0423 eff 0.2583 outinratio 0.1885 

ttH126_4e_massZ1_massZ2_genbin0_recobin0 acc 0.0407 eff 0.3431 outinratio 0.1913 

ggH126_4e_massZ1_massZ2_genbin1_recobin0 acc 0.0369 eff 0.0557 outinratio 0.0476 

VBFH126_4e_massZ1_massZ2_genbin1_recobin0 acc 0.0425 eff 0.027 outinratio 0.0198 

WminusH126_4e_massZ1_massZ2_genbin1_recobin0 acc 0.0277 eff 0.0289 outinratio 0.0353 

WplusH126_4e_massZ1_massZ2_genbin1_recobin0 acc 0.0227 eff 0.0544 outinratio 0.0891 

ZH126_4e_massZ1_massZ2_genbin1_recobin0 acc 0.0236 eff 0.014 outinratio 0.1885 

ttH126_4e_massZ1_massZ2_genbin1_recobin0 acc 0.0285 eff 0.0283 outinratio 0.1913 

ggH126_4e_massZ1_massZ2_genbin2_recobin0 acc 0.0377 eff 0.008 outinratio 0.0476 

VBFH126_4e_massZ1_massZ2_genbin2_recobin0 acc 0.0384 eff 0.0092 outinratio 0.0198 

WminusH126_4e_massZ1_massZ2_genbin2_recobin0 acc 0.0326 eff 0.0079 outinratio 0.0353 

WplusH126_4e_massZ1_massZ2_genbin2_recobin0 acc 0.0279 eff 0.0052 outinratio 0.0891 

ZH126_4e_massZ1_massZ2_genbin2_recobin0 acc 0.0292 eff 0.0111 outinratio 0.1885 

ttH126_4e_massZ1_massZ2_genbin2_recobin0 acc 0.0282 eff 0.0108 outinratio 0.1913 

ggH126_4e_massZ1_massZ2_genbin3_recobin0 acc 0.0591 eff 0.0 outinratio 0.0476 

VBFH126_4e_massZ1_massZ2_genbin3_recobin0 acc 0.066 eff 0.0003 outinratio 0.0198 

WminusH126_4e_massZ1_massZ2_genbin3_recobin0 acc 0.0551 eff 0.0021 outinratio 0.0353 

WplusH126_4e_massZ1_massZ2_genbin3_recobin0 acc 0.0432 eff 0.0 outinratio 0.0891 

ZH126_4e_massZ1_massZ2_genbin3_recobin0 acc 0.0566 eff 0.0 outinratio 0.1885 

ttH126_4e_massZ1_massZ2_genbin3_recobin0 acc 0.0434 eff 0.0101 outinratio 0.1913 

ggH126_4e_massZ1_massZ2_genbin4_recobin0 acc 0.0971 eff 0.072 outinratio 0.0476 

VBFH126_4e_massZ1_massZ2_genbin4_recobin0 acc 0.1078 eff 0.0676 outinratio 0.0198 

WminusH126_4e_massZ1_massZ2_genbin4_recobin0 acc 0.0915 eff 0.0537 outinratio 0.0353 

WplusH126_4e_massZ1_massZ2_genbin4_recobin0 acc 0.073 eff 0.087 outinratio 0.0891 

ZH126_4e_massZ1_massZ2_genbin4_recobin0 acc 0.0728 eff 0.0476 outinratio 0.1885 

ttH126_4e_massZ1_massZ2_genbin4_recobin0 acc 0.0772 eff 0.0587 outinratio 0.1913 

ggH126_4e_massZ1_massZ2_genbin5_recobin0 acc 0.0366 eff 0.0694 outinratio 0.0476 

VBFH126_4e_massZ1_massZ2_genbin5_recobin0 acc 0.04 eff 0.061 outinratio 0.0198 

WminusH126_4e_massZ1_massZ2_genbin5_recobin0 acc 0.0301 eff 0.0624 outinratio 0.0353 

WplusH126_4e_massZ1_massZ2_genbin5_recobin0 acc 0.0299 eff 0.029 outinratio 0.0891 

ZH126_4e_massZ1_massZ2_genbin5_recobin0 acc 0.0274 eff 0.0965 outinratio 0.1885 

ttH126_4e_massZ1_massZ2_genbin5_recobin0 acc 0.0291 eff 0.0575 outinratio 0.1913 

ggH126_4e_massZ1_massZ2_genbin6_recobin0 acc 0.0874 eff 0.015 outinratio 0.0476 

VBFH126_4e_massZ1_massZ2_genbin6_recobin0 acc 0.0886 eff 0.0108 outinratio 0.0198 

WminusH126_4e_massZ1_massZ2_genbin6_recobin0 acc 0.0679 eff 0.0165 outinratio 0.0353 

WplusH126_4e_massZ1_massZ2_genbin6_recobin0 acc 0.0576 eff 0.014 outinratio 0.0891 

ZH126_4e_massZ1_massZ2_genbin6_recobin0 acc 0.0678 eff 0.0 outinratio 0.1885 

ttH126_4e_massZ1_massZ2_genbin6_recobin0 acc 0.0619 eff 0.0076 outinratio 0.1913 

ggH126_4e_massZ1_massZ2_genbin0_recobin1 acc 0.0474 eff 0.0058 outinratio 0.0318 

VBFH126_4e_massZ1_massZ2_genbin0_recobin1 acc 0.054 eff 0.0147 outinratio 0.0323 

WminusH126_4e_massZ1_massZ2_genbin0_recobin1 acc 0.0427 eff 0.017 outinratio 0.1258 

WplusH126_4e_massZ1_massZ2_genbin0_recobin1 acc 0.0393 eff 0.0178 outinratio 0.1213 

ZH126_4e_massZ1_massZ2_genbin0_recobin1 acc 0.0423 eff 0.0085 outinratio 0.0314 

ttH126_4e_massZ1_massZ2_genbin0_recobin1 acc 0.0407 eff 0.0061 outinratio 0.1598 

ggH126_4e_massZ1_massZ2_genbin1_recobin1 acc 0.0369 eff 0.2145 outinratio 0.0318 

VBFH126_4e_massZ1_massZ2_genbin1_recobin1 acc 0.0425 eff 0.2649 outinratio 0.0323 

WminusH126_4e_massZ1_massZ2_genbin1_recobin1 acc 0.0277 eff 0.3117 outinratio 0.1258 

WplusH126_4e_massZ1_massZ2_genbin1_recobin1 acc 0.0227 eff 0.3775 outinratio 0.1213 

ZH126_4e_massZ1_massZ2_genbin1_recobin1 acc 0.0236 eff 0.3221 outinratio 0.0314 

ttH126_4e_massZ1_massZ2_genbin1_recobin1 acc 0.0285 eff 0.276 outinratio 0.1598 

ggH126_4e_massZ1_massZ2_genbin2_recobin1 acc 0.0377 eff 0.0632 outinratio 0.0318 

VBFH126_4e_massZ1_massZ2_genbin2_recobin1 acc 0.0384 eff 0.0399 outinratio 0.0323 

WminusH126_4e_massZ1_massZ2_genbin2_recobin1 acc 0.0326 eff 0.0315 outinratio 0.1258 

WplusH126_4e_massZ1_massZ2_genbin2_recobin1 acc 0.0279 eff 0.0597 outinratio 0.1213 

ZH126_4e_massZ1_massZ2_genbin2_recobin1 acc 0.0292 eff 0.0263 outinratio 0.0314 

ttH126_4e_massZ1_massZ2_genbin2_recobin1 acc 0.0282 eff 0.0624 outinratio 0.1598 

ggH126_4e_massZ1_massZ2_genbin3_recobin1 acc 0.0591 eff 0.0012 outinratio 0.0318 

VBFH126_4e_massZ1_massZ2_genbin3_recobin1 acc 0.066 eff 0.001 outinratio 0.0323 

WminusH126_4e_massZ1_massZ2_genbin3_recobin1 acc 0.0551 eff 0.0023 outinratio 0.1258 

WplusH126_4e_massZ1_massZ2_genbin3_recobin1 acc 0.0432 eff 0.0015 outinratio 0.1213 

ZH126_4e_massZ1_massZ2_genbin3_recobin1 acc 0.0566 eff 0.0 outinratio 0.0314 

ttH126_4e_massZ1_massZ2_genbin3_recobin1 acc 0.0434 eff 0.0016 outinratio 0.1598 

ggH126_4e_massZ1_massZ2_genbin4_recobin1 acc 0.0971 eff 0.0 outinratio 0.0318 

VBFH126_4e_massZ1_massZ2_genbin4_recobin1 acc 0.1078 eff 0.0002 outinratio 0.0323 

WminusH126_4e_massZ1_massZ2_genbin4_recobin1 acc 0.0915 eff 0.0 outinratio 0.1258 

WplusH126_4e_massZ1_massZ2_genbin4_recobin1 acc 0.073 eff 0.0 outinratio 0.1213 

ZH126_4e_massZ1_massZ2_genbin4_recobin1 acc 0.0728 eff 0.0 outinratio 0.0314 

ttH126_4e_massZ1_massZ2_genbin4_recobin1 acc 0.0772 eff 0.0004 outinratio 0.1598 

ggH126_4e_massZ1_massZ2_genbin5_recobin1 acc 0.0366 eff 0.0043 outinratio 0.0318 

VBFH126_4e_massZ1_massZ2_genbin5_recobin1 acc 0.04 eff 0.0064 outinratio 0.0323 

WminusH126_4e_massZ1_massZ2_genbin5_recobin1 acc 0.0301 eff 0.0058 outinratio 0.1258 

WplusH126_4e_massZ1_massZ2_genbin5_recobin1 acc 0.0299 eff 0.0056 outinratio 0.1213 

ZH126_4e_massZ1_massZ2_genbin5_recobin1 acc 0.0274 eff 0.016 outinratio 0.0314 

ttH126_4e_massZ1_massZ2_genbin5_recobin1 acc 0.0291 eff 0.0022 outinratio 0.1598 

ggH126_4e_massZ1_massZ2_genbin6_recobin1 acc 0.0874 eff 0.0587 outinratio 0.0318 

VBFH126_4e_massZ1_massZ2_genbin6_recobin1 acc 0.0886 eff 0.0516 outinratio 0.0323 

WminusH126_4e_massZ1_massZ2_genbin6_recobin1 acc 0.0679 eff 0.051 outinratio 0.1258 

WplusH126_4e_massZ1_massZ2_genbin6_recobin1 acc 0.0576 eff 0.0571 outinratio 0.1213 

ZH126_4e_massZ1_massZ2_genbin6_recobin1 acc 0.0678 eff 0.041 outinratio 0.0314 

ttH126_4e_massZ1_massZ2_genbin6_recobin1 acc 0.0619 eff 0.0451 outinratio 0.1598 

ggH126_4e_massZ1_massZ2_genbin0_recobin2 acc 0.0474 eff 0.0027 outinratio 0.0273 

VBFH126_4e_massZ1_massZ2_genbin0_recobin2 acc 0.054 eff 0.0 outinratio 0.0288 

WminusH126_4e_massZ1_massZ2_genbin0_recobin2 acc 0.0427 eff 0.0 outinratio 0.0294 

WplusH126_4e_massZ1_massZ2_genbin0_recobin2 acc 0.0393 eff 0.0 outinratio 0.0214 

ZH126_4e_massZ1_massZ2_genbin0_recobin2 acc 0.0423 eff 0.0258 outinratio 0.1474 

ttH126_4e_massZ1_massZ2_genbin0_recobin2 acc 0.0407 eff 0.0 outinratio 0.149 

ggH126_4e_massZ1_massZ2_genbin1_recobin2 acc 0.0369 eff 0.0192 outinratio 0.0273 

VBFH126_4e_massZ1_massZ2_genbin1_recobin2 acc 0.0425 eff 0.0064 outinratio 0.0288 

WminusH126_4e_massZ1_massZ2_genbin1_recobin2 acc 0.0277 eff 0.012 outinratio 0.0294 

WplusH126_4e_massZ1_massZ2_genbin1_recobin2 acc 0.0227 eff 0.016 outinratio 0.0214 

ZH126_4e_massZ1_massZ2_genbin1_recobin2 acc 0.0236 eff 0.0422 outinratio 0.1474 

ttH126_4e_massZ1_massZ2_genbin1_recobin2 acc 0.0285 eff 0.0268 outinratio 0.149 

ggH126_4e_massZ1_massZ2_genbin2_recobin2 acc 0.0377 eff 0.2595 outinratio 0.0273 

VBFH126_4e_massZ1_massZ2_genbin2_recobin2 acc 0.0384 eff 0.295 outinratio 0.0288 

WminusH126_4e_massZ1_massZ2_genbin2_recobin2 acc 0.0326 eff 0.274 outinratio 0.0294 

WplusH126_4e_massZ1_massZ2_genbin2_recobin2 acc 0.0279 eff 0.3631 outinratio 0.0214 

ZH126_4e_massZ1_massZ2_genbin2_recobin2 acc 0.0292 eff 0.3285 outinratio 0.1474 

ttH126_4e_massZ1_massZ2_genbin2_recobin2 acc 0.0282 eff 0.2825 outinratio 0.149 

ggH126_4e_massZ1_massZ2_genbin3_recobin2 acc 0.0591 eff 0.0465 outinratio 0.0273 

VBFH126_4e_massZ1_massZ2_genbin3_recobin2 acc 0.066 eff 0.0243 outinratio 0.0288 

WminusH126_4e_massZ1_massZ2_genbin3_recobin2 acc 0.0551 eff 0.0513 outinratio 0.0294 

WplusH126_4e_massZ1_massZ2_genbin3_recobin2 acc 0.0432 eff 0.0533 outinratio 0.0214 

ZH126_4e_massZ1_massZ2_genbin3_recobin2 acc 0.0566 eff 0.0216 outinratio 0.1474 

ttH126_4e_massZ1_massZ2_genbin3_recobin2 acc 0.0434 eff 0.0299 outinratio 0.149 

ggH126_4e_massZ1_massZ2_genbin4_recobin2 acc 0.0971 eff 0.0 outinratio 0.0273 

VBFH126_4e_massZ1_massZ2_genbin4_recobin2 acc 0.1078 eff 0.0 outinratio 0.0288 

WminusH126_4e_massZ1_massZ2_genbin4_recobin2 acc 0.0915 eff 0.0 outinratio 0.0294 

WplusH126_4e_massZ1_massZ2_genbin4_recobin2 acc 0.073 eff 0.0 outinratio 0.0214 

ZH126_4e_massZ1_massZ2_genbin4_recobin2 acc 0.0728 eff 0.0 outinratio 0.1474 

ttH126_4e_massZ1_massZ2_genbin4_recobin2 acc 0.0772 eff 0.0 outinratio 0.149 

ggH126_4e_massZ1_massZ2_genbin5_recobin2 acc 0.0366 eff 0.0 outinratio 0.0273 

VBFH126_4e_massZ1_massZ2_genbin5_recobin2 acc 0.04 eff 0.0 outinratio 0.0288 

WminusH126_4e_massZ1_massZ2_genbin5_recobin2 acc 0.0301 eff 0.0 outinratio 0.0294 

WplusH126_4e_massZ1_massZ2_genbin5_recobin2 acc 0.0299 eff 0.0 outinratio 0.0214 

ZH126_4e_massZ1_massZ2_genbin5_recobin2 acc 0.0274 eff 0.0 outinratio 0.1474 

ttH126_4e_massZ1_massZ2_genbin5_recobin2 acc 0.0291 eff 0.0 outinratio 0.149 

ggH126_4e_massZ1_massZ2_genbin6_recobin2 acc 0.0874 eff 0.0097 outinratio 0.0273 

VBFH126_4e_massZ1_massZ2_genbin6_recobin2 acc 0.0886 eff 0.0131 outinratio 0.0288 

WminusH126_4e_massZ1_massZ2_genbin6_recobin2 acc 0.0679 eff 0.0073 outinratio 0.0294 

WplusH126_4e_massZ1_massZ2_genbin6_recobin2 acc 0.0576 eff 0.0274 outinratio 0.0214 

ZH126_4e_massZ1_massZ2_genbin6_recobin2 acc 0.0678 eff 0.0163 outinratio 0.1474 

ttH126_4e_massZ1_massZ2_genbin6_recobin2 acc 0.0619 eff 0.0122 outinratio 0.149 

ggH126_4e_massZ1_massZ2_genbin0_recobin3 acc 0.0474 eff 0.0 outinratio 0.0628 

VBFH126_4e_massZ1_massZ2_genbin0_recobin3 acc 0.054 eff 0.0032 outinratio 0.0198 

WminusH126_4e_massZ1_massZ2_genbin0_recobin3 acc 0.0427 eff 0.0 outinratio 0.0649 

WplusH126_4e_massZ1_massZ2_genbin0_recobin3 acc 0.0393 eff 0.0086 outinratio 0.0949 

ZH126_4e_massZ1_massZ2_genbin0_recobin3 acc 0.0423 eff 0.0 outinratio 0.0191 

ttH126_4e_massZ1_massZ2_genbin0_recobin3 acc 0.0407 eff 0.0023 outinratio 0.2362 

ggH126_4e_massZ1_massZ2_genbin1_recobin3 acc 0.0369 eff 0.0072 outinratio 0.0628 

VBFH126_4e_massZ1_massZ2_genbin1_recobin3 acc 0.0425 eff 0.0005 outinratio 0.0198 

WminusH126_4e_massZ1_massZ2_genbin1_recobin3 acc 0.0277 eff 0.0039 outinratio 0.0649 

WplusH126_4e_massZ1_massZ2_genbin1_recobin3 acc 0.0227 eff 0.0 outinratio 0.0949 

ZH126_4e_massZ1_massZ2_genbin1_recobin3 acc 0.0236 eff 0.0 outinratio 0.0191 

ttH126_4e_massZ1_massZ2_genbin1_recobin3 acc 0.0285 eff 0.002 outinratio 0.2362 

ggH126_4e_massZ1_massZ2_genbin2_recobin3 acc 0.0377 eff 0.0169 outinratio 0.0628 

VBFH126_4e_massZ1_massZ2_genbin2_recobin3 acc 0.0384 eff 0.0285 outinratio 0.0198 

WminusH126_4e_massZ1_massZ2_genbin2_recobin3 acc 0.0326 eff 0.0185 outinratio 0.0649 

WplusH126_4e_massZ1_massZ2_genbin2_recobin3 acc 0.0279 eff 0.013 outinratio 0.0949 

ZH126_4e_massZ1_massZ2_genbin2_recobin3 acc 0.0292 eff -0.0031 outinratio 0.0191 

ttH126_4e_massZ1_massZ2_genbin2_recobin3 acc 0.0282 eff 0.0254 outinratio 0.2362 

ggH126_4e_massZ1_massZ2_genbin3_recobin3 acc 0.0591 eff 0.3193 outinratio 0.0628 

VBFH126_4e_massZ1_massZ2_genbin3_recobin3 acc 0.066 eff 0.3576 outinratio 0.0198 

WminusH126_4e_massZ1_massZ2_genbin3_recobin3 acc 0.0551 eff 0.3233 outinratio 0.0649 

WplusH126_4e_massZ1_massZ2_genbin3_recobin3 acc 0.0432 eff 0.2967 outinratio 0.0949 

ZH126_4e_massZ1_massZ2_genbin3_recobin3 acc 0.0566 eff 0.3246 outinratio 0.0191 

ttH126_4e_massZ1_massZ2_genbin3_recobin3 acc 0.0434 eff 0.3406 outinratio 0.2362 

ggH126_4e_massZ1_massZ2_genbin4_recobin3 acc 0.0971 eff 0.0 outinratio 0.0628 

VBFH126_4e_massZ1_massZ2_genbin4_recobin3 acc 0.1078 eff 0.0 outinratio 0.0198 

WminusH126_4e_massZ1_massZ2_genbin4_recobin3 acc 0.0915 eff 0.0 outinratio 0.0649 

WplusH126_4e_massZ1_massZ2_genbin4_recobin3 acc 0.073 eff 0.0 outinratio 0.0949 

ZH126_4e_massZ1_massZ2_genbin4_recobin3 acc 0.0728 eff 0.0 outinratio 0.0191 

ttH126_4e_massZ1_massZ2_genbin4_recobin3 acc 0.0772 eff 0.0 outinratio 0.2362 

ggH126_4e_massZ1_massZ2_genbin5_recobin3 acc 0.0366 eff 0.0 outinratio 0.0628 

VBFH126_4e_massZ1_massZ2_genbin5_recobin3 acc 0.04 eff 0.0 outinratio 0.0198 

WminusH126_4e_massZ1_massZ2_genbin5_recobin3 acc 0.0301 eff 0.0 outinratio 0.0649 

WplusH126_4e_massZ1_massZ2_genbin5_recobin3 acc 0.0299 eff 0.0 outinratio 0.0949 

ZH126_4e_massZ1_massZ2_genbin5_recobin3 acc 0.0274 eff 0.0 outinratio 0.0191 

ttH126_4e_massZ1_massZ2_genbin5_recobin3 acc 0.0291 eff 0.0 outinratio 0.2362 

ggH126_4e_massZ1_massZ2_genbin6_recobin3 acc 0.0874 eff 0.0 outinratio 0.0628 

VBFH126_4e_massZ1_massZ2_genbin6_recobin3 acc 0.0886 eff 0.0 outinratio 0.0198 

WminusH126_4e_massZ1_massZ2_genbin6_recobin3 acc 0.0679 eff 0.0 outinratio 0.0649 

WplusH126_4e_massZ1_massZ2_genbin6_recobin3 acc 0.0576 eff 0.0 outinratio 0.0949 

ZH126_4e_massZ1_massZ2_genbin6_recobin3 acc 0.0678 eff 0.0 outinratio 0.0191 

ttH126_4e_massZ1_massZ2_genbin6_recobin3 acc 0.0619 eff 0.0 outinratio 0.2362 

ggH126_4e_massZ1_massZ2_genbin0_recobin4 acc 0.0474 eff 0.0252 outinratio 0.0594 

VBFH126_4e_massZ1_massZ2_genbin0_recobin4 acc 0.054 eff 0.0141 outinratio 0.0349 

WminusH126_4e_massZ1_massZ2_genbin0_recobin4 acc 0.0427 eff 0.0043 outinratio 0.0613 

WplusH126_4e_massZ1_massZ2_genbin0_recobin4 acc 0.0393 eff 0.0143 outinratio 0.1185 

ZH126_4e_massZ1_massZ2_genbin0_recobin4 acc 0.0423 eff 0.0167 outinratio 0.0759 

ttH126_4e_massZ1_massZ2_genbin0_recobin4 acc 0.0407 eff 0.0164 outinratio 0.2483 

ggH126_4e_massZ1_massZ2_genbin1_recobin4 acc 0.0369 eff 0.0 outinratio 0.0594 

VBFH126_4e_massZ1_massZ2_genbin1_recobin4 acc 0.0425 eff 0.002 outinratio 0.0349 

WminusH126_4e_massZ1_massZ2_genbin1_recobin4 acc 0.0277 eff 0.0 outinratio 0.0613 

WplusH126_4e_massZ1_massZ2_genbin1_recobin4 acc 0.0227 eff 0.0 outinratio 0.1185 

ZH126_4e_massZ1_massZ2_genbin1_recobin4 acc 0.0236 eff 0.0 outinratio 0.0759 

ttH126_4e_massZ1_massZ2_genbin1_recobin4 acc 0.0285 eff 0.0015 outinratio 0.2483 

ggH126_4e_massZ1_massZ2_genbin2_recobin4 acc 0.0377 eff 0.0 outinratio 0.0594 

VBFH126_4e_massZ1_massZ2_genbin2_recobin4 acc 0.0384 eff 0.0 outinratio 0.0349 

WminusH126_4e_massZ1_massZ2_genbin2_recobin4 acc 0.0326 eff 0.0 outinratio 0.0613 

WplusH126_4e_massZ1_massZ2_genbin2_recobin4 acc 0.0279 eff 0.0 outinratio 0.1185 

ZH126_4e_massZ1_massZ2_genbin2_recobin4 acc 0.0292 eff 0.0 outinratio 0.0759 

ttH126_4e_massZ1_massZ2_genbin2_recobin4 acc 0.0282 eff 0.0 outinratio 0.2483 

ggH126_4e_massZ1_massZ2_genbin3_recobin4 acc 0.0591 eff 0.0 outinratio 0.0594 

VBFH126_4e_massZ1_massZ2_genbin3_recobin4 acc 0.066 eff 0.0 outinratio 0.0349 

WminusH126_4e_massZ1_massZ2_genbin3_recobin4 acc 0.0551 eff 0.0 outinratio 0.0613 

WplusH126_4e_massZ1_massZ2_genbin3_recobin4 acc 0.0432 eff 0.0 outinratio 0.1185 

ZH126_4e_massZ1_massZ2_genbin3_recobin4 acc 0.0566 eff 0.0 outinratio 0.0759 

ttH126_4e_massZ1_massZ2_genbin3_recobin4 acc 0.0434 eff 0.0 outinratio 0.2483 

ggH126_4e_massZ1_massZ2_genbin4_recobin4 acc 0.0971 eff 0.259 outinratio 0.0594 

VBFH126_4e_massZ1_massZ2_genbin4_recobin4 acc 0.1078 eff 0.2591 outinratio 0.0349 

WminusH126_4e_massZ1_massZ2_genbin4_recobin4 acc 0.0915 eff 0.2242 outinratio 0.0613 

WplusH126_4e_massZ1_massZ2_genbin4_recobin4 acc 0.073 eff 0.2234 outinratio 0.1185 

ZH126_4e_massZ1_massZ2_genbin4_recobin4 acc 0.0728 eff 0.2752 outinratio 0.0759 

ttH126_4e_massZ1_massZ2_genbin4_recobin4 acc 0.0772 eff 0.2485 outinratio 0.2483 

ggH126_4e_massZ1_massZ2_genbin5_recobin4 acc 0.0366 eff 0.0416 outinratio 0.0594 

VBFH126_4e_massZ1_massZ2_genbin5_recobin4 acc 0.04 eff 0.0415 outinratio 0.0349 

WminusH126_4e_massZ1_massZ2_genbin5_recobin4 acc 0.0301 eff 0.0574 outinratio 0.0613 

WplusH126_4e_massZ1_massZ2_genbin5_recobin4 acc 0.0299 eff 0.0577 outinratio 0.1185 

ZH126_4e_massZ1_massZ2_genbin5_recobin4 acc 0.0274 eff 0.0403 outinratio 0.0759 

ttH126_4e_massZ1_massZ2_genbin5_recobin4 acc 0.0291 eff 0.0595 outinratio 0.2483 

ggH126_4e_massZ1_massZ2_genbin6_recobin4 acc 0.0874 eff 0.009 outinratio 0.0594 

VBFH126_4e_massZ1_massZ2_genbin6_recobin4 acc 0.0886 eff 0.0046 outinratio 0.0349 

WminusH126_4e_massZ1_massZ2_genbin6_recobin4 acc 0.0679 eff 0.0062 outinratio 0.0613 

WplusH126_4e_massZ1_massZ2_genbin6_recobin4 acc 0.0576 eff 0.0098 outinratio 0.1185 

ZH126_4e_massZ1_massZ2_genbin6_recobin4 acc 0.0678 eff 0.0 outinratio 0.0759 

ttH126_4e_massZ1_massZ2_genbin6_recobin4 acc 0.0619 eff 0.0031 outinratio 0.2483 

ggH126_4e_massZ1_massZ2_genbin0_recobin5 acc 0.0474 eff 0.0 outinratio 0.0487 

VBFH126_4e_massZ1_massZ2_genbin0_recobin5 acc 0.054 eff 0.008 outinratio 0.0243 

WminusH126_4e_massZ1_massZ2_genbin0_recobin5 acc 0.0427 eff 0.0128 outinratio 0.0545 

WplusH126_4e_massZ1_massZ2_genbin0_recobin5 acc 0.0393 eff 0.0 outinratio 0.0705 

ZH126_4e_massZ1_massZ2_genbin0_recobin5 acc 0.0423 eff 0.0 outinratio 0.143 

ttH126_4e_massZ1_massZ2_genbin0_recobin5 acc 0.0407 eff 0.0032 outinratio 0.1934 

ggH126_4e_massZ1_massZ2_genbin1_recobin5 acc 0.0369 eff 0.0 outinratio 0.0487 

VBFH126_4e_massZ1_massZ2_genbin1_recobin5 acc 0.0425 eff 0.0041 outinratio 0.0243 

WminusH126_4e_massZ1_massZ2_genbin1_recobin5 acc 0.0277 eff 0.0 outinratio 0.0545 

WplusH126_4e_massZ1_massZ2_genbin1_recobin5 acc 0.0227 eff 0.0 outinratio 0.0705 

ZH126_4e_massZ1_massZ2_genbin1_recobin5 acc 0.0236 eff 0.0 outinratio 0.143 

ttH126_4e_massZ1_massZ2_genbin1_recobin5 acc 0.0285 eff 0.0 outinratio 0.1934 

ggH126_4e_massZ1_massZ2_genbin2_recobin5 acc 0.0377 eff 0.0 outinratio 0.0487 

VBFH126_4e_massZ1_massZ2_genbin2_recobin5 acc 0.0384 eff 0.0 outinratio 0.0243 

WminusH126_4e_massZ1_massZ2_genbin2_recobin5 acc 0.0326 eff 0.0 outinratio 0.0545 

WplusH126_4e_massZ1_massZ2_genbin2_recobin5 acc 0.0279 eff 0.0 outinratio 0.0705 

ZH126_4e_massZ1_massZ2_genbin2_recobin5 acc 0.0292 eff 0.0 outinratio 0.143 

ttH126_4e_massZ1_massZ2_genbin2_recobin5 acc 0.0282 eff 0.0 outinratio 0.1934 

ggH126_4e_massZ1_massZ2_genbin3_recobin5 acc 0.0591 eff 0.0 outinratio 0.0487 

VBFH126_4e_massZ1_massZ2_genbin3_recobin5 acc 0.066 eff 0.0 outinratio 0.0243 

WminusH126_4e_massZ1_massZ2_genbin3_recobin5 acc 0.0551 eff 0.0 outinratio 0.0545 

WplusH126_4e_massZ1_massZ2_genbin3_recobin5 acc 0.0432 eff 0.0 outinratio 0.0705 

ZH126_4e_massZ1_massZ2_genbin3_recobin5 acc 0.0566 eff 0.0 outinratio 0.143 

ttH126_4e_massZ1_massZ2_genbin3_recobin5 acc 0.0434 eff 0.0 outinratio 0.1934 

ggH126_4e_massZ1_massZ2_genbin4_recobin5 acc 0.0971 eff 0.0055 outinratio 0.0487 

VBFH126_4e_massZ1_massZ2_genbin4_recobin5 acc 0.1078 eff 0.0012 outinratio 0.0243 

WminusH126_4e_massZ1_massZ2_genbin4_recobin5 acc 0.0915 eff 0.0117 outinratio 0.0545 

WplusH126_4e_massZ1_massZ2_genbin4_recobin5 acc 0.073 eff 0.0022 outinratio 0.0705 

ZH126_4e_massZ1_massZ2_genbin4_recobin5 acc 0.0728 eff 0.0046 outinratio 0.143 

ttH126_4e_massZ1_massZ2_genbin4_recobin5 acc 0.0772 eff 0.0058 outinratio 0.1934 

ggH126_4e_massZ1_massZ2_genbin5_recobin5 acc 0.0366 eff 0.1761 outinratio 0.0487 

VBFH126_4e_massZ1_massZ2_genbin5_recobin5 acc 0.04 eff 0.1843 outinratio 0.0243 

WminusH126_4e_massZ1_massZ2_genbin5_recobin5 acc 0.0301 eff 0.1574 outinratio 0.0545 

WplusH126_4e_massZ1_massZ2_genbin5_recobin5 acc 0.0299 eff 0.167 outinratio 0.0705 

ZH126_4e_massZ1_massZ2_genbin5_recobin5 acc 0.0274 eff 0.1585 outinratio 0.143 

ttH126_4e_massZ1_massZ2_genbin5_recobin5 acc 0.0291 eff 0.1908 outinratio 0.1934 

ggH126_4e_massZ1_massZ2_genbin6_recobin5 acc 0.0874 eff 0.0229 outinratio 0.0487 

VBFH126_4e_massZ1_massZ2_genbin6_recobin5 acc 0.0886 eff 0.0424 outinratio 0.0243 

WminusH126_4e_massZ1_massZ2_genbin6_recobin5 acc 0.0679 eff 0.0364 outinratio 0.0545 

WplusH126_4e_massZ1_massZ2_genbin6_recobin5 acc 0.0576 eff 0.0343 outinratio 0.0705 

ZH126_4e_massZ1_massZ2_genbin6_recobin5 acc 0.0678 eff 0.0224 outinratio 0.143 

ttH126_4e_massZ1_massZ2_genbin6_recobin5 acc 0.0619 eff 0.0314 outinratio 0.1934 

ggH126_4e_massZ1_massZ2_genbin0_recobin6 acc 0.0474 eff 0.0 outinratio 0.0396 

VBFH126_4e_massZ1_massZ2_genbin0_recobin6 acc 0.054 eff 0.0017 outinratio 0.0393 

WminusH126_4e_massZ1_massZ2_genbin0_recobin6 acc 0.0427 eff 0.0 outinratio 0.0888 

WplusH126_4e_massZ1_massZ2_genbin0_recobin6 acc 0.0393 eff 0.0 outinratio 0.1526 

ZH126_4e_massZ1_massZ2_genbin0_recobin6 acc 0.0423 eff 0.0 outinratio 0.0 

ttH126_4e_massZ1_massZ2_genbin0_recobin6 acc 0.0407 eff 0.0 outinratio 0.2127 

ggH126_4e_massZ1_massZ2_genbin1_recobin6 acc 0.0369 eff 0.0164 outinratio 0.0396 

VBFH126_4e_massZ1_massZ2_genbin1_recobin6 acc 0.0425 eff 0.0152 outinratio 0.0393 

WminusH126_4e_massZ1_massZ2_genbin1_recobin6 acc 0.0277 eff 0.0153 outinratio 0.0888 

WplusH126_4e_massZ1_massZ2_genbin1_recobin6 acc 0.0227 eff 0.0 outinratio 0.1526 

ZH126_4e_massZ1_massZ2_genbin1_recobin6 acc 0.0236 eff 0.035 outinratio 0.0 

ttH126_4e_massZ1_massZ2_genbin1_recobin6 acc 0.0285 eff 0.0119 outinratio 0.2127 

ggH126_4e_massZ1_massZ2_genbin2_recobin6 acc 0.0377 eff 0.0286 outinratio 0.0396 

VBFH126_4e_massZ1_massZ2_genbin2_recobin6 acc 0.0384 eff 0.0215 outinratio 0.0393 

WminusH126_4e_massZ1_massZ2_genbin2_recobin6 acc 0.0326 eff 0.0155 outinratio 0.0888 

WplusH126_4e_massZ1_massZ2_genbin2_recobin6 acc 0.0279 eff 0.0098 outinratio 0.1526 

ZH126_4e_massZ1_massZ2_genbin2_recobin6 acc 0.0292 eff 0.0 outinratio 0.0 

ttH126_4e_massZ1_massZ2_genbin2_recobin6 acc 0.0282 eff 0.0183 outinratio 0.2127 

ggH126_4e_massZ1_massZ2_genbin3_recobin6 acc 0.0591 eff 0.0 outinratio 0.0396 

VBFH126_4e_massZ1_massZ2_genbin3_recobin6 acc 0.066 eff 0.0 outinratio 0.0393 

WminusH126_4e_massZ1_massZ2_genbin3_recobin6 acc 0.0551 eff 0.0 outinratio 0.0888 

WplusH126_4e_massZ1_massZ2_genbin3_recobin6 acc 0.0432 eff 0.0 outinratio 0.1526 

ZH126_4e_massZ1_massZ2_genbin3_recobin6 acc 0.0566 eff 0.0 outinratio 0.0 

ttH126_4e_massZ1_massZ2_genbin3_recobin6 acc 0.0434 eff 0.0 outinratio 0.2127 

ggH126_4e_massZ1_massZ2_genbin4_recobin6 acc 0.0971 eff 0.0021 outinratio 0.0396 

VBFH126_4e_massZ1_massZ2_genbin4_recobin6 acc 0.1078 eff 0.0 outinratio 0.0393 

WminusH126_4e_massZ1_massZ2_genbin4_recobin6 acc 0.0915 eff 0.0018 outinratio 0.0888 

WplusH126_4e_massZ1_massZ2_genbin4_recobin6 acc 0.073 eff 0.0 outinratio 0.1526 

ZH126_4e_massZ1_massZ2_genbin4_recobin6 acc 0.0728 eff 0.0 outinratio 0.0 

ttH126_4e_massZ1_massZ2_genbin4_recobin6 acc 0.0772 eff 0.0004 outinratio 0.2127 

ggH126_4e_massZ1_massZ2_genbin5_recobin6 acc 0.0366 eff 0.0394 outinratio 0.0396 

VBFH126_4e_massZ1_massZ2_genbin5_recobin6 acc 0.04 eff 0.0177 outinratio 0.0393 

WminusH126_4e_massZ1_massZ2_genbin5_recobin6 acc 0.0301 eff 0.036 outinratio 0.0888 

WplusH126_4e_massZ1_massZ2_genbin5_recobin6 acc 0.0299 eff 0.0121 outinratio 0.1526 

ZH126_4e_massZ1_massZ2_genbin5_recobin6 acc 0.0274 eff 0.0145 outinratio 0.0 

ttH126_4e_massZ1_massZ2_genbin5_recobin6 acc 0.0291 eff 0.0162 outinratio 0.2127 

ggH126_4e_massZ1_massZ2_genbin6_recobin6 acc 0.0874 eff 0.2143 outinratio 0.0396 

VBFH126_4e_massZ1_massZ2_genbin6_recobin6 acc 0.0886 eff 0.2175 outinratio 0.0393 

WminusH126_4e_massZ1_massZ2_genbin6_recobin6 acc 0.0679 eff 0.1719 outinratio 0.0888 

WplusH126_4e_massZ1_massZ2_genbin6_recobin6 acc 0.0576 eff 0.2449 outinratio 0.1526 

ZH126_4e_massZ1_massZ2_genbin6_recobin6 acc 0.0678 eff 0.2237 outinratio 0.0 

ttH126_4e_massZ1_massZ2_genbin6_recobin6 acc 0.0619 eff 0.2187 outinratio 0.2127 

ggH126_4mu_massZ1_massZ2_genbin0_recobin0 acc 0.0571 eff 0.7337 outinratio 0.0554 

VBFH126_4mu_massZ1_massZ2_genbin0_recobin0 acc 0.0618 eff 0.7599 outinratio 0.0269 

WminusH126_4mu_massZ1_massZ2_genbin0_recobin0 acc 0.0537 eff 0.7325 outinratio 0.0644 

WplusH126_4mu_massZ1_massZ2_genbin0_recobin0 acc 0.0432 eff 0.7944 outinratio 0.0654 

ZH126_4mu_massZ1_massZ2_genbin0_recobin0 acc 0.0606 eff 0.7213 outinratio 0.0794 

ttH126_4mu_massZ1_massZ2_genbin0_recobin0 acc 0.047 eff 0.72 outinratio 0.1312 

ggH126_4mu_massZ1_massZ2_genbin1_recobin0 acc 0.0376 eff 0.0354 outinratio 0.0554 

VBFH126_4mu_massZ1_massZ2_genbin1_recobin0 acc 0.0409 eff 0.0317 outinratio 0.0269 

WminusH126_4mu_massZ1_massZ2_genbin1_recobin0 acc 0.0308 eff 0.0152 outinratio 0.0644 

WplusH126_4mu_massZ1_massZ2_genbin1_recobin0 acc 0.0281 eff 0.065 outinratio 0.0654 

ZH126_4mu_massZ1_massZ2_genbin1_recobin0 acc 0.0285 eff 0.0464 outinratio 0.0794 

ttH126_4mu_massZ1_massZ2_genbin1_recobin0 acc 0.028 eff 0.047 outinratio 0.1312 

ggH126_4mu_massZ1_massZ2_genbin2_recobin0 acc 0.0376 eff 0.0 outinratio 0.0554 

VBFH126_4mu_massZ1_massZ2_genbin2_recobin0 acc 0.0415 eff 0.0 outinratio 0.0269 

WminusH126_4mu_massZ1_massZ2_genbin2_recobin0 acc 0.0328 eff 0.0037 outinratio 0.0644 

WplusH126_4mu_massZ1_massZ2_genbin2_recobin0 acc 0.0256 eff 0.0 outinratio 0.0654 

ZH126_4mu_massZ1_massZ2_genbin2_recobin0 acc 0.0368 eff 0.0 outinratio 0.0794 

ttH126_4mu_massZ1_massZ2_genbin2_recobin0 acc 0.0292 eff 0.0012 outinratio 0.1312 

ggH126_4mu_massZ1_massZ2_genbin3_recobin0 acc 0.0531 eff 0.0 outinratio 0.0554 

VBFH126_4mu_massZ1_massZ2_genbin3_recobin0 acc 0.0658 eff 0.0 outinratio 0.0269 

WminusH126_4mu_massZ1_massZ2_genbin3_recobin0 acc 0.0453 eff 0.0 outinratio 0.0644 

WplusH126_4mu_massZ1_massZ2_genbin3_recobin0 acc 0.0484 eff 0.0 outinratio 0.0654 

ZH126_4mu_massZ1_massZ2_genbin3_recobin0 acc 0.0493 eff 0.0 outinratio 0.0794 

ttH126_4mu_massZ1_massZ2_genbin3_recobin0 acc 0.0494 eff 0.0029 outinratio 0.1312 

ggH126_4mu_massZ1_massZ2_genbin4_recobin0 acc 0.1073 eff 0.0673 outinratio 0.0554 

VBFH126_4mu_massZ1_massZ2_genbin4_recobin0 acc 0.1258 eff 0.0817 outinratio 0.0269 

WminusH126_4mu_massZ1_massZ2_genbin4_recobin0 acc 0.0995 eff 0.0992 outinratio 0.0644 

WplusH126_4mu_massZ1_massZ2_genbin4_recobin0 acc 0.0852 eff 0.1088 outinratio 0.0654 

ZH126_4mu_massZ1_massZ2_genbin4_recobin0 acc 0.0861 eff 0.0514 outinratio 0.0794 

ttH126_4mu_massZ1_massZ2_genbin4_recobin0 acc 0.0901 eff 0.0798 outinratio 0.1312 

ggH126_4mu_massZ1_massZ2_genbin5_recobin0 acc 0.0424 eff 0.0857 outinratio 0.0554 

VBFH126_4mu_massZ1_massZ2_genbin5_recobin0 acc 0.0447 eff 0.0817 outinratio 0.0269 

WminusH126_4mu_massZ1_massZ2_genbin5_recobin0 acc 0.0366 eff 0.0677 outinratio 0.0644 

WplusH126_4mu_massZ1_massZ2_genbin5_recobin0 acc 0.027 eff 0.0946 outinratio 0.0654 

ZH126_4mu_massZ1_massZ2_genbin5_recobin0 acc 0.0356 eff 0.0659 outinratio 0.0794 

ttH126_4mu_massZ1_massZ2_genbin5_recobin0 acc 0.0308 eff 0.0712 outinratio 0.1312 

ggH126_4mu_massZ1_massZ2_genbin6_recobin0 acc 0.0856 eff 0.0039 outinratio 0.0554 

VBFH126_4mu_massZ1_massZ2_genbin6_recobin0 acc 0.0989 eff 0.0056 outinratio 0.0269 

WminusH126_4mu_massZ1_massZ2_genbin6_recobin0 acc 0.074 eff 0.0091 outinratio 0.0644 

WplusH126_4mu_massZ1_massZ2_genbin6_recobin0 acc 0.0671 eff 0.0 outinratio 0.0654 

ZH126_4mu_massZ1_massZ2_genbin6_recobin0 acc 0.079 eff 0.0054 outinratio 0.0794 

ttH126_4mu_massZ1_massZ2_genbin6_recobin0 acc 0.0675 eff 0.0027 outinratio 0.1312 

ggH126_4mu_massZ1_massZ2_genbin0_recobin1 acc 0.0571 eff 0.0 outinratio 0.0331 

VBFH126_4mu_massZ1_massZ2_genbin0_recobin1 acc 0.0618 eff 0.0057 outinratio 0.0169 

WminusH126_4mu_massZ1_massZ2_genbin0_recobin1 acc 0.0537 eff 0.0122 outinratio 0.0357 

WplusH126_4mu_massZ1_massZ2_genbin0_recobin1 acc 0.0432 eff 0.0047 outinratio 0.0404 

ZH126_4mu_massZ1_massZ2_genbin0_recobin1 acc 0.0606 eff 0.0181 outinratio 0.0309 

ttH126_4mu_massZ1_massZ2_genbin0_recobin1 acc 0.047 eff 0.011 outinratio 0.1402 

ggH126_4mu_massZ1_massZ2_genbin1_recobin1 acc 0.0376 eff 0.6469 outinratio 0.0331 

VBFH126_4mu_massZ1_massZ2_genbin1_recobin1 acc 0.0409 eff 0.6597 outinratio 0.0169 

WminusH126_4mu_massZ1_massZ2_genbin1_recobin1 acc 0.0308 eff 0.7088 outinratio 0.0357 

WplusH126_4mu_massZ1_massZ2_genbin1_recobin1 acc 0.0281 eff 0.7306 outinratio 0.0404 

ZH126_4mu_massZ1_massZ2_genbin1_recobin1 acc 0.0285 eff 0.8619 outinratio 0.0309 

ttH126_4mu_massZ1_massZ2_genbin1_recobin1 acc 0.028 eff 0.7035 outinratio 0.1402 

ggH126_4mu_massZ1_massZ2_genbin2_recobin1 acc 0.0376 eff 0.0239 outinratio 0.0331 

VBFH126_4mu_massZ1_massZ2_genbin2_recobin1 acc 0.0415 eff 0.0364 outinratio 0.0169 

WminusH126_4mu_massZ1_massZ2_genbin2_recobin1 acc 0.0328 eff 0.0325 outinratio 0.0357 

WplusH126_4mu_massZ1_massZ2_genbin2_recobin1 acc 0.0256 eff 0.0423 outinratio 0.0404 

ZH126_4mu_massZ1_massZ2_genbin2_recobin1 acc 0.0368 eff 0.0135 outinratio 0.0309 

ttH126_4mu_massZ1_massZ2_genbin2_recobin1 acc 0.0292 eff 0.0486 outinratio 0.1402 

ggH126_4mu_massZ1_massZ2_genbin3_recobin1 acc 0.0531 eff 0.0255 outinratio 0.0331 

VBFH126_4mu_massZ1_massZ2_genbin3_recobin1 acc 0.0658 eff 0.0071 outinratio 0.0169 

WminusH126_4mu_massZ1_massZ2_genbin3_recobin1 acc 0.0453 eff 0.0 outinratio 0.0357 

WplusH126_4mu_massZ1_massZ2_genbin3_recobin1 acc 0.0484 eff 0.0 outinratio 0.0404 

ZH126_4mu_massZ1_massZ2_genbin3_recobin1 acc 0.0493 eff 0.0135 outinratio 0.0309 

ttH126_4mu_massZ1_massZ2_genbin3_recobin1 acc 0.0494 eff 0.0003 outinratio 0.1402 

ggH126_4mu_massZ1_massZ2_genbin4_recobin1 acc 0.1073 eff 0.0 outinratio 0.0331 

VBFH126_4mu_massZ1_massZ2_genbin4_recobin1 acc 0.1258 eff 0.0 outinratio 0.0169 

WminusH126_4mu_massZ1_massZ2_genbin4_recobin1 acc 0.0995 eff 0.0 outinratio 0.0357 

WplusH126_4mu_massZ1_massZ2_genbin4_recobin1 acc 0.0852 eff 0.0 outinratio 0.0404 

ZH126_4mu_massZ1_massZ2_genbin4_recobin1 acc 0.0861 eff 0.0 outinratio 0.0309 

ttH126_4mu_massZ1_massZ2_genbin4_recobin1 acc 0.0901 eff 0.0008 outinratio 0.1402 

ggH126_4mu_massZ1_massZ2_genbin5_recobin1 acc 0.0424 eff 0.0086 outinratio 0.0331 

VBFH126_4mu_massZ1_massZ2_genbin5_recobin1 acc 0.0447 eff 0.0005 outinratio 0.0169 

WminusH126_4mu_massZ1_massZ2_genbin5_recobin1 acc 0.0366 eff 0.0018 outinratio 0.0357 

WplusH126_4mu_massZ1_massZ2_genbin5_recobin1 acc 0.027 eff 0.0 outinratio 0.0404 

ZH126_4mu_massZ1_massZ2_genbin5_recobin1 acc 0.0356 eff 0.0 outinratio 0.0309 

ttH126_4mu_massZ1_massZ2_genbin5_recobin1 acc 0.0308 eff 0.0024 outinratio 0.1402 

ggH126_4mu_massZ1_massZ2_genbin6_recobin1 acc 0.0856 eff 0.0722 outinratio 0.0331 

VBFH126_4mu_massZ1_massZ2_genbin6_recobin1 acc 0.0989 eff 0.0687 outinratio 0.0169 

WminusH126_4mu_massZ1_massZ2_genbin6_recobin1 acc 0.074 eff 0.0739 outinratio 0.0357 

WplusH126_4mu_massZ1_massZ2_genbin6_recobin1 acc 0.0671 eff 0.0736 outinratio 0.0404 

ZH126_4mu_massZ1_massZ2_genbin6_recobin1 acc 0.079 eff 0.09 outinratio 0.0309 

ttH126_4mu_massZ1_massZ2_genbin6_recobin1 acc 0.0675 eff 0.078 outinratio 0.1402 

ggH126_4mu_massZ1_massZ2_genbin0_recobin2 acc 0.0571 eff 0.0 outinratio 0.0281 

VBFH126_4mu_massZ1_massZ2_genbin0_recobin2 acc 0.0618 eff 0.0029 outinratio 0.0231 

WminusH126_4mu_massZ1_massZ2_genbin0_recobin2 acc 0.0537 eff 0.0028 outinratio 0.0815 

WplusH126_4mu_massZ1_massZ2_genbin0_recobin2 acc 0.0432 eff 0.0 outinratio 0.0879 

ZH126_4mu_massZ1_massZ2_genbin0_recobin2 acc 0.0606 eff 0.0 outinratio 0.0215 

ttH126_4mu_massZ1_massZ2_genbin0_recobin2 acc 0.047 eff 0.0 outinratio 0.2019 

ggH126_4mu_massZ1_massZ2_genbin1_recobin2 acc 0.0376 eff 0.0291 outinratio 0.0281 

VBFH126_4mu_massZ1_massZ2_genbin1_recobin2 acc 0.0409 eff 0.0261 outinratio 0.0231 

WminusH126_4mu_massZ1_massZ2_genbin1_recobin2 acc 0.0308 eff 0.0135 outinratio 0.0815 

WplusH126_4mu_massZ1_massZ2_genbin1_recobin2 acc 0.0281 eff 0.0039 outinratio 0.0879 

ZH126_4mu_massZ1_massZ2_genbin1_recobin2 acc 0.0285 eff 0.0 outinratio 0.0215 

ttH126_4mu_massZ1_massZ2_genbin1_recobin2 acc 0.028 eff 0.0117 outinratio 0.2019 

ggH126_4mu_massZ1_massZ2_genbin2_recobin2 acc 0.0376 eff 0.6908 outinratio 0.0281 

VBFH126_4mu_massZ1_massZ2_genbin2_recobin2 acc 0.0415 eff 0.7621 outinratio 0.0231 

WminusH126_4mu_massZ1_massZ2_genbin2_recobin2 acc 0.0328 eff 0.689 outinratio 0.0815 

WplusH126_4mu_massZ1_massZ2_genbin2_recobin2 acc 0.0256 eff 0.6958 outinratio 0.0879 

ZH126_4mu_massZ1_massZ2_genbin2_recobin2 acc 0.0368 eff 0.7883 outinratio 0.0215 

ttH126_4mu_massZ1_massZ2_genbin2_recobin2 acc 0.0292 eff 0.6978 outinratio 0.2019 

ggH126_4mu_massZ1_massZ2_genbin3_recobin2 acc 0.0531 eff 0.0246 outinratio 0.0281 

VBFH126_4mu_massZ1_massZ2_genbin3_recobin2 acc 0.0658 eff 0.0185 outinratio 0.0231 

WminusH126_4mu_massZ1_massZ2_genbin3_recobin2 acc 0.0453 eff 0.0126 outinratio 0.0815 

WplusH126_4mu_massZ1_massZ2_genbin3_recobin2 acc 0.0484 eff 0.0128 outinratio 0.0879 

ZH126_4mu_massZ1_massZ2_genbin3_recobin2 acc 0.0493 eff 0.0181 outinratio 0.0215 

ttH126_4mu_massZ1_massZ2_genbin3_recobin2 acc 0.0494 eff 0.0227 outinratio 0.2019 

ggH126_4mu_massZ1_massZ2_genbin4_recobin2 acc 0.1073 eff 0.0 outinratio 0.0281 

VBFH126_4mu_massZ1_massZ2_genbin4_recobin2 acc 0.1258 eff 0.0 outinratio 0.0231 

WminusH126_4mu_massZ1_massZ2_genbin4_recobin2 acc 0.0995 eff 0.0 outinratio 0.0815 

WplusH126_4mu_massZ1_massZ2_genbin4_recobin2 acc 0.0852 eff 0.0 outinratio 0.0879 

ZH126_4mu_massZ1_massZ2_genbin4_recobin2 acc 0.0861 eff 0.0 outinratio 0.0215 

ttH126_4mu_massZ1_massZ2_genbin4_recobin2 acc 0.0901 eff 0.0 outinratio 0.2019 

ggH126_4mu_massZ1_massZ2_genbin5_recobin2 acc 0.0424 eff 0.0 outinratio 0.0281 

VBFH126_4mu_massZ1_massZ2_genbin5_recobin2 acc 0.0447 eff 0.0 outinratio 0.0231 

WminusH126_4mu_massZ1_massZ2_genbin5_recobin2 acc 0.0366 eff 0.0 outinratio 0.0815 

WplusH126_4mu_massZ1_massZ2_genbin5_recobin2 acc 0.027 eff 0.0 outinratio 0.0879 

ZH126_4mu_massZ1_massZ2_genbin5_recobin2 acc 0.0356 eff 0.0 outinratio 0.0215 

ttH126_4mu_massZ1_massZ2_genbin5_recobin2 acc 0.0308 eff 0.0 outinratio 0.2019 

ggH126_4mu_massZ1_massZ2_genbin6_recobin2 acc 0.0856 eff 0.0083 outinratio 0.0281 

VBFH126_4mu_massZ1_massZ2_genbin6_recobin2 acc 0.0989 eff 0.0258 outinratio 0.0231 

WminusH126_4mu_massZ1_massZ2_genbin6_recobin2 acc 0.074 eff 0.0145 outinratio 0.0815 

WplusH126_4mu_massZ1_massZ2_genbin6_recobin2 acc 0.0671 eff 0.0149 outinratio 0.0879 

ZH126_4mu_massZ1_massZ2_genbin6_recobin2 acc 0.079 eff 0.0114 outinratio 0.0215 

ttH126_4mu_massZ1_massZ2_genbin6_recobin2 acc 0.0675 eff 0.0173 outinratio 0.2019 

ggH126_4mu_massZ1_massZ2_genbin0_recobin3 acc 0.0571 eff 0.0037 outinratio 0.0458 

VBFH126_4mu_massZ1_massZ2_genbin0_recobin3 acc 0.0618 eff 0.0 outinratio 0.0264 

WminusH126_4mu_massZ1_massZ2_genbin0_recobin3 acc 0.0537 eff 0.0075 outinratio 0.0502 

WplusH126_4mu_massZ1_massZ2_genbin0_recobin3 acc 0.0432 eff 0.0 outinratio 0.0305 

ZH126_4mu_massZ1_massZ2_genbin0_recobin3 acc 0.0606 eff 0.0 outinratio 0.0996 

ttH126_4mu_massZ1_massZ2_genbin0_recobin3 acc 0.047 eff 0.0004 outinratio 0.1074 

ggH126_4mu_massZ1_massZ2_genbin1_recobin3 acc 0.0376 eff 0.0023 outinratio 0.0458 

VBFH126_4mu_massZ1_massZ2_genbin1_recobin3 acc 0.0409 eff 0.005 outinratio 0.0264 

WminusH126_4mu_massZ1_massZ2_genbin1_recobin3 acc 0.0308 eff 0.0 outinratio 0.0502 

WplusH126_4mu_massZ1_massZ2_genbin1_recobin3 acc 0.0281 eff 0.007 outinratio 0.0305 

ZH126_4mu_massZ1_massZ2_genbin1_recobin3 acc 0.0285 eff 0.0 outinratio 0.0996 

ttH126_4mu_massZ1_massZ2_genbin1_recobin3 acc 0.028 eff 0.0022 outinratio 0.1074 

ggH126_4mu_massZ1_massZ2_genbin2_recobin3 acc 0.0376 eff 0.0895 outinratio 0.0458 

VBFH126_4mu_massZ1_massZ2_genbin2_recobin3 acc 0.0415 eff 0.0295 outinratio 0.0264 

WminusH126_4mu_massZ1_massZ2_genbin2_recobin3 acc 0.0328 eff 0.0222 outinratio 0.0502 

WplusH126_4mu_massZ1_massZ2_genbin2_recobin3 acc 0.0256 eff 0.02 outinratio 0.0305 

ZH126_4mu_massZ1_massZ2_genbin2_recobin3 acc 0.0368 eff 0.0169 outinratio 0.0996 

ttH126_4mu_massZ1_massZ2_genbin2_recobin3 acc 0.0292 eff 0.016 outinratio 0.1074 

ggH126_4mu_massZ1_massZ2_genbin3_recobin3 acc 0.0531 eff 0.7749 outinratio 0.0458 

VBFH126_4mu_massZ1_massZ2_genbin3_recobin3 acc 0.0658 eff 0.8212 outinratio 0.0264 

WminusH126_4mu_massZ1_massZ2_genbin3_recobin3 acc 0.0453 eff 0.7825 outinratio 0.0502 

WplusH126_4mu_massZ1_massZ2_genbin3_recobin3 acc 0.0484 eff 0.7754 outinratio 0.0305 

ZH126_4mu_massZ1_massZ2_genbin3_recobin3 acc 0.0493 eff 0.6811 outinratio 0.0996 

ttH126_4mu_massZ1_massZ2_genbin3_recobin3 acc 0.0494 eff 0.8133 outinratio 0.1074 

ggH126_4mu_massZ1_massZ2_genbin4_recobin3 acc 0.1073 eff 0.0 outinratio 0.0458 

VBFH126_4mu_massZ1_massZ2_genbin4_recobin3 acc 0.1258 eff 0.0 outinratio 0.0264 

WminusH126_4mu_massZ1_massZ2_genbin4_recobin3 acc 0.0995 eff 0.0 outinratio 0.0502 

WplusH126_4mu_massZ1_massZ2_genbin4_recobin3 acc 0.0852 eff 0.0 outinratio 0.0305 

ZH126_4mu_massZ1_massZ2_genbin4_recobin3 acc 0.0861 eff 0.0 outinratio 0.0996 

ttH126_4mu_massZ1_massZ2_genbin4_recobin3 acc 0.0901 eff 0.0 outinratio 0.1074 

ggH126_4mu_massZ1_massZ2_genbin5_recobin3 acc 0.0424 eff 0.0 outinratio 0.0458 

VBFH126_4mu_massZ1_massZ2_genbin5_recobin3 acc 0.0447 eff 0.0 outinratio 0.0264 

WminusH126_4mu_massZ1_massZ2_genbin5_recobin3 acc 0.0366 eff 0.0 outinratio 0.0502 

WplusH126_4mu_massZ1_massZ2_genbin5_recobin3 acc 0.027 eff 0.0 outinratio 0.0305 

ZH126_4mu_massZ1_massZ2_genbin5_recobin3 acc 0.0356 eff 0.0 outinratio 0.0996 

ttH126_4mu_massZ1_massZ2_genbin5_recobin3 acc 0.0308 eff 0.0 outinratio 0.1074 

ggH126_4mu_massZ1_massZ2_genbin6_recobin3 acc 0.0856 eff 0.0 outinratio 0.0458 

VBFH126_4mu_massZ1_massZ2_genbin6_recobin3 acc 0.0989 eff 0.0 outinratio 0.0264 

WminusH126_4mu_massZ1_massZ2_genbin6_recobin3 acc 0.074 eff 0.0 outinratio 0.0502 

WplusH126_4mu_massZ1_massZ2_genbin6_recobin3 acc 0.0671 eff 0.0 outinratio 0.0305 

ZH126_4mu_massZ1_massZ2_genbin6_recobin3 acc 0.079 eff 0.0 outinratio 0.0996 

ttH126_4mu_massZ1_massZ2_genbin6_recobin3 acc 0.0675 eff 0.0006 outinratio 0.1074 

ggH126_4mu_massZ1_massZ2_genbin0_recobin4 acc 0.0571 eff 0.0155 outinratio 0.0515 

VBFH126_4mu_massZ1_massZ2_genbin0_recobin4 acc 0.0618 eff 0.042 outinratio 0.0342 

WminusH126_4mu_massZ1_massZ2_genbin0_recobin4 acc 0.0537 eff 0.0361 outinratio 0.0838 

WplusH126_4mu_massZ1_massZ2_genbin0_recobin4 acc 0.0432 eff 0.0399 outinratio 0.0382 

ZH126_4mu_massZ1_massZ2_genbin0_recobin4 acc 0.0606 eff 0.0309 outinratio 0.068 

ttH126_4mu_massZ1_massZ2_genbin0_recobin4 acc 0.047 eff 0.037 outinratio 0.1665 

ggH126_4mu_massZ1_massZ2_genbin1_recobin4 acc 0.0376 eff 0.0 outinratio 0.0515 

VBFH126_4mu_massZ1_massZ2_genbin1_recobin4 acc 0.0409 eff 0.0 outinratio 0.0342 

WminusH126_4mu_massZ1_massZ2_genbin1_recobin4 acc 0.0308 eff 0.0 outinratio 0.0838 

WplusH126_4mu_massZ1_massZ2_genbin1_recobin4 acc 0.0281 eff 0.0 outinratio 0.0382 

ZH126_4mu_massZ1_massZ2_genbin1_recobin4 acc 0.0285 eff 0.0 outinratio 0.068 

ttH126_4mu_massZ1_massZ2_genbin1_recobin4 acc 0.028 eff 0.0011 outinratio 0.1665 

ggH126_4mu_massZ1_massZ2_genbin2_recobin4 acc 0.0376 eff 0.0 outinratio 0.0515 

VBFH126_4mu_massZ1_massZ2_genbin2_recobin4 acc 0.0415 eff 0.0 outinratio 0.0342 

WminusH126_4mu_massZ1_massZ2_genbin2_recobin4 acc 0.0328 eff 0.0 outinratio 0.0838 

WplusH126_4mu_massZ1_massZ2_genbin2_recobin4 acc 0.0256 eff 0.0 outinratio 0.0382 

ZH126_4mu_massZ1_massZ2_genbin2_recobin4 acc 0.0368 eff 0.0 outinratio 0.068 

ttH126_4mu_massZ1_massZ2_genbin2_recobin4 acc 0.0292 eff 0.0 outinratio 0.1665 

ggH126_4mu_massZ1_massZ2_genbin3_recobin4 acc 0.0531 eff 0.0 outinratio 0.0515 

VBFH126_4mu_massZ1_massZ2_genbin3_recobin4 acc 0.0658 eff 0.0 outinratio 0.0342 

WminusH126_4mu_massZ1_massZ2_genbin3_recobin4 acc 0.0453 eff 0.0 outinratio 0.0838 

WplusH126_4mu_massZ1_massZ2_genbin3_recobin4 acc 0.0484 eff 0.0 outinratio 0.0382 

ZH126_4mu_massZ1_massZ2_genbin3_recobin4 acc 0.0493 eff 0.0 outinratio 0.068 

ttH126_4mu_massZ1_massZ2_genbin3_recobin4 acc 0.0494 eff 0.0 outinratio 0.1665 

ggH126_4mu_massZ1_massZ2_genbin4_recobin4 acc 0.1073 eff 0.7083 outinratio 0.0515 

VBFH126_4mu_massZ1_massZ2_genbin4_recobin4 acc 0.1258 eff 0.7079 outinratio 0.0342 

WminusH126_4mu_massZ1_massZ2_genbin4_recobin4 acc 0.0995 eff 0.665 outinratio 0.0838 

WplusH126_4mu_massZ1_massZ2_genbin4_recobin4 acc 0.0852 eff 0.6712 outinratio 0.0382 

ZH126_4mu_massZ1_massZ2_genbin4_recobin4 acc 0.0861 eff 0.7364 outinratio 0.068 

ttH126_4mu_massZ1_massZ2_genbin4_recobin4 acc 0.0901 eff 0.6736 outinratio 0.1665 

ggH126_4mu_massZ1_massZ2_genbin5_recobin4 acc 0.0424 eff 0.0431 outinratio 0.0515 

VBFH126_4mu_massZ1_massZ2_genbin5_recobin4 acc 0.0447 eff 0.0363 outinratio 0.0342 

WminusH126_4mu_massZ1_massZ2_genbin5_recobin4 acc 0.0366 eff 0.0368 outinratio 0.0838 

WplusH126_4mu_massZ1_massZ2_genbin5_recobin4 acc 0.027 eff 0.0238 outinratio 0.0382 

ZH126_4mu_massZ1_massZ2_genbin5_recobin4 acc 0.0356 eff 0.0464 outinratio 0.068 

ttH126_4mu_massZ1_massZ2_genbin5_recobin4 acc 0.0308 eff 0.0268 outinratio 0.1665 

ggH126_4mu_massZ1_massZ2_genbin6_recobin4 acc 0.0856 eff 0.0 outinratio 0.0515 

VBFH126_4mu_massZ1_massZ2_genbin6_recobin4 acc 0.0989 eff 0.0014 outinratio 0.0342 

WminusH126_4mu_massZ1_massZ2_genbin6_recobin4 acc 0.074 eff 0.0033 outinratio 0.0838 

WplusH126_4mu_massZ1_massZ2_genbin6_recobin4 acc 0.0671 eff 0.0 outinratio 0.0382 

ZH126_4mu_massZ1_massZ2_genbin6_recobin4 acc 0.079 eff 0.0 outinratio 0.068 

ttH126_4mu_massZ1_massZ2_genbin6_recobin4 acc 0.0675 eff 0.0064 outinratio 0.1665 

ggH126_4mu_massZ1_massZ2_genbin0_recobin5 acc 0.0571 eff 0.021 outinratio 0.0217 

VBFH126_4mu_massZ1_massZ2_genbin0_recobin5 acc 0.0618 eff 0.0138 outinratio 0.0258 

WminusH126_4mu_massZ1_massZ2_genbin0_recobin5 acc 0.0537 eff 0.0079 outinratio 0.057 

WplusH126_4mu_massZ1_massZ2_genbin0_recobin5 acc 0.0432 eff 0.0 outinratio 0.0635 

ZH126_4mu_massZ1_massZ2_genbin0_recobin5 acc 0.0606 eff 0.0 outinratio 0.0 

ttH126_4mu_massZ1_massZ2_genbin0_recobin5 acc 0.047 eff 0.0113 outinratio 0.1456 

ggH126_4mu_massZ1_massZ2_genbin1_recobin5 acc 0.0376 eff 0.0 outinratio 0.0217 

VBFH126_4mu_massZ1_massZ2_genbin1_recobin5 acc 0.0409 eff 0.0 outinratio 0.0258 

WminusH126_4mu_massZ1_massZ2_genbin1_recobin5 acc 0.0308 eff 0.0023 outinratio 0.057 

WplusH126_4mu_massZ1_massZ2_genbin1_recobin5 acc 0.0281 eff 0.0 outinratio 0.0635 

ZH126_4mu_massZ1_massZ2_genbin1_recobin5 acc 0.0285 eff 0.0 outinratio 0.0 

ttH126_4mu_massZ1_massZ2_genbin1_recobin5 acc 0.028 eff 0.0024 outinratio 0.1456 

ggH126_4mu_massZ1_massZ2_genbin2_recobin5 acc 0.0376 eff 0.0 outinratio 0.0217 

VBFH126_4mu_massZ1_massZ2_genbin2_recobin5 acc 0.0415 eff 0.0 outinratio 0.0258 

WminusH126_4mu_massZ1_massZ2_genbin2_recobin5 acc 0.0328 eff 0.0 outinratio 0.057 

WplusH126_4mu_massZ1_massZ2_genbin2_recobin5 acc 0.0256 eff 0.0 outinratio 0.0635 

ZH126_4mu_massZ1_massZ2_genbin2_recobin5 acc 0.0368 eff 0.0 outinratio 0.0 

ttH126_4mu_massZ1_massZ2_genbin2_recobin5 acc 0.0292 eff 0.0 outinratio 0.1456 

ggH126_4mu_massZ1_massZ2_genbin3_recobin5 acc 0.0531 eff 0.0 outinratio 0.0217 

VBFH126_4mu_massZ1_massZ2_genbin3_recobin5 acc 0.0658 eff 0.0 outinratio 0.0258 

WminusH126_4mu_massZ1_massZ2_genbin3_recobin5 acc 0.0453 eff 0.0 outinratio 0.057 

WplusH126_4mu_massZ1_massZ2_genbin3_recobin5 acc 0.0484 eff 0.0 outinratio 0.0635 

ZH126_4mu_massZ1_massZ2_genbin3_recobin5 acc 0.0493 eff 0.0 outinratio 0.0 

ttH126_4mu_massZ1_massZ2_genbin3_recobin5 acc 0.0494 eff 0.0 outinratio 0.1456 

ggH126_4mu_massZ1_massZ2_genbin4_recobin5 acc 0.1073 eff 0.0156 outinratio 0.0217 

VBFH126_4mu_massZ1_massZ2_genbin4_recobin5 acc 0.1258 eff 0.0072 outinratio 0.0258 

WminusH126_4mu_massZ1_massZ2_genbin4_recobin5 acc 0.0995 eff 0.0108 outinratio 0.057 

WplusH126_4mu_massZ1_massZ2_genbin4_recobin5 acc 0.0852 eff 0.0024 outinratio 0.0635 

ZH126_4mu_massZ1_massZ2_genbin4_recobin5 acc 0.0861 eff 0.0032 outinratio 0.0 

ttH126_4mu_massZ1_massZ2_genbin4_recobin5 acc 0.0901 eff 0.0078 outinratio 0.1456 

ggH126_4mu_massZ1_massZ2_genbin5_recobin5 acc 0.0424 eff 0.6354 outinratio 0.0217 

VBFH126_4mu_massZ1_massZ2_genbin5_recobin5 acc 0.0447 eff 0.6825 outinratio 0.0258 

WminusH126_4mu_massZ1_massZ2_genbin5_recobin5 acc 0.0366 eff 0.6531 outinratio 0.057 

WplusH126_4mu_massZ1_massZ2_genbin5_recobin5 acc 0.027 eff 0.632 outinratio 0.0635 

ZH126_4mu_massZ1_massZ2_genbin5_recobin5 acc 0.0356 eff 0.5159 outinratio 0.0 

ttH126_4mu_massZ1_massZ2_genbin5_recobin5 acc 0.0308 eff 0.6353 outinratio 0.1456 

ggH126_4mu_massZ1_massZ2_genbin6_recobin5 acc 0.0856 eff 0.0164 outinratio 0.0217 

VBFH126_4mu_massZ1_massZ2_genbin6_recobin5 acc 0.0989 eff 0.0329 outinratio 0.0258 

WminusH126_4mu_massZ1_massZ2_genbin6_recobin5 acc 0.074 eff 0.0179 outinratio 0.057 

WplusH126_4mu_massZ1_massZ2_genbin6_recobin5 acc 0.0671 eff 0.0206 outinratio 0.0635 

ZH126_4mu_massZ1_massZ2_genbin6_recobin5 acc 0.079 eff 0.0299 outinratio 0.0 

ttH126_4mu_massZ1_massZ2_genbin6_recobin5 acc 0.0675 eff 0.0226 outinratio 0.1456 

ggH126_4mu_massZ1_massZ2_genbin0_recobin6 acc 0.0571 eff 0.0 outinratio 0.0576 

VBFH126_4mu_massZ1_massZ2_genbin0_recobin6 acc 0.0618 eff 0.0 outinratio 0.032 

WminusH126_4mu_massZ1_massZ2_genbin0_recobin6 acc 0.0537 eff 0.0 outinratio 0.0809 

WplusH126_4mu_massZ1_massZ2_genbin0_recobin6 acc 0.0432 eff 0.0 outinratio 0.0829 

ZH126_4mu_massZ1_massZ2_genbin0_recobin6 acc 0.0606 eff 0.0 outinratio 0.0315 

ttH126_4mu_massZ1_massZ2_genbin0_recobin6 acc 0.047 eff 0.0008 outinratio 0.1279 

ggH126_4mu_massZ1_massZ2_genbin1_recobin6 acc 0.0376 eff 0.0727 outinratio 0.0576 

VBFH126_4mu_massZ1_massZ2_genbin1_recobin6 acc 0.0409 eff 0.0706 outinratio 0.032 

WminusH126_4mu_massZ1_massZ2_genbin1_recobin6 acc 0.0308 eff 0.0473 outinratio 0.0809 

WplusH126_4mu_massZ1_massZ2_genbin1_recobin6 acc 0.0281 eff 0.0452 outinratio 0.0829 

ZH126_4mu_massZ1_massZ2_genbin1_recobin6 acc 0.0285 eff 0.0399 outinratio 0.0315 

ttH126_4mu_massZ1_massZ2_genbin1_recobin6 acc 0.028 eff 0.0577 outinratio 0.1279 

ggH126_4mu_massZ1_massZ2_genbin2_recobin6 acc 0.0376 eff 0.0294 outinratio 0.0576 

VBFH126_4mu_massZ1_massZ2_genbin2_recobin6 acc 0.0415 eff 0.029 outinratio 0.032 

WminusH126_4mu_massZ1_massZ2_genbin2_recobin6 acc 0.0328 eff 0.0587 outinratio 0.0809 

WplusH126_4mu_massZ1_massZ2_genbin2_recobin6 acc 0.0256 eff 0.0096 outinratio 0.0829 

ZH126_4mu_massZ1_massZ2_genbin2_recobin6 acc 0.0368 eff 0.0225 outinratio 0.0315 

ttH126_4mu_massZ1_massZ2_genbin2_recobin6 acc 0.0292 eff 0.037 outinratio 0.1279 

ggH126_4mu_massZ1_massZ2_genbin3_recobin6 acc 0.0531 eff 0.0 outinratio 0.0576 

VBFH126_4mu_massZ1_massZ2_genbin3_recobin6 acc 0.0658 eff 0.0 outinratio 0.032 

WminusH126_4mu_massZ1_massZ2_genbin3_recobin6 acc 0.0453 eff 0.0 outinratio 0.0809 

WplusH126_4mu_massZ1_massZ2_genbin3_recobin6 acc 0.0484 eff 0.0 outinratio 0.0829 

ZH126_4mu_massZ1_massZ2_genbin3_recobin6 acc 0.0493 eff 0.0 outinratio 0.0315 

ttH126_4mu_massZ1_massZ2_genbin3_recobin6 acc 0.0494 eff 0.0007 outinratio 0.1279 

ggH126_4mu_massZ1_massZ2_genbin4_recobin6 acc 0.1073 eff 0.0 outinratio 0.0576 

VBFH126_4mu_massZ1_massZ2_genbin4_recobin6 acc 0.1258 eff 0.002 outinratio 0.032 

WminusH126_4mu_massZ1_massZ2_genbin4_recobin6 acc 0.0995 eff 0.0 outinratio 0.0809 

WplusH126_4mu_massZ1_massZ2_genbin4_recobin6 acc 0.0852 eff 0.0028 outinratio 0.0829 

ZH126_4mu_massZ1_massZ2_genbin4_recobin6 acc 0.0861 eff 0.0 outinratio 0.0315 

ttH126_4mu_massZ1_massZ2_genbin4_recobin6 acc 0.0901 eff 0.0012 outinratio 0.1279 

ggH126_4mu_massZ1_massZ2_genbin5_recobin6 acc 0.0424 eff 0.0482 outinratio 0.0576 

VBFH126_4mu_massZ1_massZ2_genbin5_recobin6 acc 0.0447 eff 0.0259 outinratio 0.032 

WminusH126_4mu_massZ1_massZ2_genbin5_recobin6 acc 0.0366 eff 0.0291 outinratio 0.0809 

WplusH126_4mu_massZ1_massZ2_genbin5_recobin6 acc 0.027 eff 0.0015 outinratio 0.0829 

ZH126_4mu_massZ1_massZ2_genbin5_recobin6 acc 0.0356 eff 0.0445 outinratio 0.0315 

ttH126_4mu_massZ1_massZ2_genbin5_recobin6 acc 0.0308 eff 0.0232 outinratio 0.1279 

ggH126_4mu_massZ1_massZ2_genbin6_recobin6 acc 0.0856 eff 0.6691 outinratio 0.0576 

VBFH126_4mu_massZ1_massZ2_genbin6_recobin6 acc 0.0989 eff 0.6798 outinratio 0.032 

WminusH126_4mu_massZ1_massZ2_genbin6_recobin6 acc 0.074 eff 0.7487 outinratio 0.0809 

WplusH126_4mu_massZ1_massZ2_genbin6_recobin6 acc 0.0671 eff 0.6675 outinratio 0.0829 

ZH126_4mu_massZ1_massZ2_genbin6_recobin6 acc 0.079 eff 0.7201 outinratio 0.0315 

ttH126_4mu_massZ1_massZ2_genbin6_recobin6 acc 0.0675 eff 0.6551 outinratio 0.1279 

ggH126_2e2mu_massZ1_massZ2_genbin0_recobin0 acc 0.0506 eff 0.5031 outinratio 0.0427 

VBFH126_2e2mu_massZ1_massZ2_genbin0_recobin0 acc 0.0508 eff 0.4911 outinratio 0.042 

WminusH126_2e2mu_massZ1_massZ2_genbin0_recobin0 acc 0.0418 eff 0.4756 outinratio 0.0922 

WplusH126_2e2mu_massZ1_massZ2_genbin0_recobin0 acc 0.0371 eff 0.5127 outinratio 0.0802 

ZH126_2e2mu_massZ1_massZ2_genbin0_recobin0 acc 0.0404 eff 0.4775 outinratio 0.0942 

ttH126_2e2mu_massZ1_massZ2_genbin0_recobin0 acc 0.0356 eff 0.4686 outinratio 0.1738 

ggH126_2e2mu_massZ1_massZ2_genbin1_recobin0 acc 0.0278 eff 0.0325 outinratio 0.0427 

VBFH126_2e2mu_massZ1_massZ2_genbin1_recobin0 acc 0.0357 eff 0.0395 outinratio 0.042 

WminusH126_2e2mu_massZ1_massZ2_genbin1_recobin0 acc 0.0279 eff 0.015 outinratio 0.0922 

WplusH126_2e2mu_massZ1_massZ2_genbin1_recobin0 acc 0.0256 eff 0.0111 outinratio 0.0802 

ZH126_2e2mu_massZ1_massZ2_genbin1_recobin0 acc 0.0292 eff 0.0583 outinratio 0.0942 

ttH126_2e2mu_massZ1_massZ2_genbin1_recobin0 acc 0.024 eff 0.0343 outinratio 0.1738 

ggH126_2e2mu_massZ1_massZ2_genbin2_recobin0 acc 0.0359 eff 0.0 outinratio 0.0427 

VBFH126_2e2mu_massZ1_massZ2_genbin2_recobin0 acc 0.0318 eff 0.0004 outinratio 0.042 

WminusH126_2e2mu_massZ1_massZ2_genbin2_recobin0 acc 0.0264 eff 0.0065 outinratio 0.0922 

WplusH126_2e2mu_massZ1_massZ2_genbin2_recobin0 acc 0.0241 eff 0.0 outinratio 0.0802 

ZH126_2e2mu_massZ1_massZ2_genbin2_recobin0 acc 0.0246 eff 0.0 outinratio 0.0942 

ttH126_2e2mu_massZ1_massZ2_genbin2_recobin0 acc 0.0231 eff 0.0008 outinratio 0.1738 

ggH126_2e2mu_massZ1_massZ2_genbin3_recobin0 acc 0.047 eff 0.0 outinratio 0.0427 

VBFH126_2e2mu_massZ1_massZ2_genbin3_recobin0 acc 0.0478 eff 0.0009 outinratio 0.042 

WminusH126_2e2mu_massZ1_massZ2_genbin3_recobin0 acc 0.0394 eff 0.0016 outinratio 0.0922 

WplusH126_2e2mu_massZ1_massZ2_genbin3_recobin0 acc 0.0321 eff 0.0 outinratio 0.0802 

ZH126_2e2mu_massZ1_massZ2_genbin3_recobin0 acc 0.0414 eff 0.0 outinratio 0.0942 

ttH126_2e2mu_massZ1_massZ2_genbin3_recobin0 acc 0.0331 eff 0.0 outinratio 0.1738 

ggH126_2e2mu_massZ1_massZ2_genbin4_recobin0 acc 0.1146 eff 0.1119 outinratio 0.0427 

VBFH126_2e2mu_massZ1_massZ2_genbin4_recobin0 acc 0.1294 eff 0.0828 outinratio 0.042 

WminusH126_2e2mu_massZ1_massZ2_genbin4_recobin0 acc 0.1 eff 0.0953 outinratio 0.0922 

WplusH126_2e2mu_massZ1_massZ2_genbin4_recobin0 acc 0.0854 eff 0.088 outinratio 0.0802 

ZH126_2e2mu_massZ1_massZ2_genbin4_recobin0 acc 0.0896 eff 0.0737 outinratio 0.0942 

ttH126_2e2mu_massZ1_massZ2_genbin4_recobin0 acc 0.0919 eff 0.0771 outinratio 0.1738 

ggH126_2e2mu_massZ1_massZ2_genbin5_recobin0 acc 0.0404 eff 0.0702 outinratio 0.0427 

VBFH126_2e2mu_massZ1_massZ2_genbin5_recobin0 acc 0.0496 eff 0.0688 outinratio 0.042 

WminusH126_2e2mu_massZ1_massZ2_genbin5_recobin0 acc 0.0325 eff 0.0649 outinratio 0.0922 

WplusH126_2e2mu_massZ1_massZ2_genbin5_recobin0 acc 0.0315 eff 0.0667 outinratio 0.0802 

ZH126_2e2mu_massZ1_massZ2_genbin5_recobin0 acc 0.0374 eff 0.0627 outinratio 0.0942 

ttH126_2e2mu_massZ1_massZ2_genbin5_recobin0 acc 0.0335 eff 0.0745 outinratio 0.1738 

ggH126_2e2mu_massZ1_massZ2_genbin6_recobin0 acc 0.0985 eff 0.0068 outinratio 0.0427 

VBFH126_2e2mu_massZ1_massZ2_genbin6_recobin0 acc 0.0993 eff 0.003 outinratio 0.042 

WminusH126_2e2mu_massZ1_massZ2_genbin6_recobin0 acc 0.0744 eff 0.0094 outinratio 0.0922 

WplusH126_2e2mu_massZ1_massZ2_genbin6_recobin0 acc 0.0723 eff 0.0026 outinratio 0.0802 

ZH126_2e2mu_massZ1_massZ2_genbin6_recobin0 acc 0.0814 eff 0.0012 outinratio 0.0942 

ttH126_2e2mu_massZ1_massZ2_genbin6_recobin0 acc 0.0703 eff 0.0039 outinratio 0.1738 

ggH126_2e2mu_massZ1_massZ2_genbin0_recobin1 acc 0.0506 eff 0.0105 outinratio 0.0516 

VBFH126_2e2mu_massZ1_massZ2_genbin0_recobin1 acc 0.0508 eff 0.0135 outinratio 0.0334 

WminusH126_2e2mu_massZ1_massZ2_genbin0_recobin1 acc 0.0418 eff 0.0088 outinratio 0.0426 

WplusH126_2e2mu_massZ1_massZ2_genbin0_recobin1 acc 0.0371 eff 0.0055 outinratio 0.0283 

ZH126_2e2mu_massZ1_massZ2_genbin0_recobin1 acc 0.0404 eff 0.0183 outinratio 0.0368 

ttH126_2e2mu_massZ1_massZ2_genbin0_recobin1 acc 0.0356 eff 0.0056 outinratio 0.1332 

ggH126_2e2mu_massZ1_massZ2_genbin1_recobin1 acc 0.0278 eff 0.4231 outinratio 0.0516 

VBFH126_2e2mu_massZ1_massZ2_genbin1_recobin1 acc 0.0357 eff 0.4559 outinratio 0.0334 

WminusH126_2e2mu_massZ1_massZ2_genbin1_recobin1 acc 0.0279 eff 0.5327 outinratio 0.0426 

WplusH126_2e2mu_massZ1_massZ2_genbin1_recobin1 acc 0.0256 eff 0.4322 outinratio 0.0283 

ZH126_2e2mu_massZ1_massZ2_genbin1_recobin1 acc 0.0292 eff 0.3661 outinratio 0.0368 

ttH126_2e2mu_massZ1_massZ2_genbin1_recobin1 acc 0.024 eff 0.4201 outinratio 0.1332 

ggH126_2e2mu_massZ1_massZ2_genbin2_recobin1 acc 0.0359 eff 0.0739 outinratio 0.0516 

VBFH126_2e2mu_massZ1_massZ2_genbin2_recobin1 acc 0.0318 eff 0.0576 outinratio 0.0334 

WminusH126_2e2mu_massZ1_massZ2_genbin2_recobin1 acc 0.0264 eff 0.0393 outinratio 0.0426 

WplusH126_2e2mu_massZ1_massZ2_genbin2_recobin1 acc 0.0241 eff 0.0463 outinratio 0.0283 

ZH126_2e2mu_massZ1_massZ2_genbin2_recobin1 acc 0.0246 eff 0.0549 outinratio 0.0368 

ttH126_2e2mu_massZ1_massZ2_genbin2_recobin1 acc 0.0231 eff 0.0492 outinratio 0.1332 

ggH126_2e2mu_massZ1_massZ2_genbin3_recobin1 acc 0.047 eff 0.0025 outinratio 0.0516 

VBFH126_2e2mu_massZ1_massZ2_genbin3_recobin1 acc 0.0478 eff 0.0028 outinratio 0.0334 

WminusH126_2e2mu_massZ1_massZ2_genbin3_recobin1 acc 0.0394 eff 0.0 outinratio 0.0426 

WplusH126_2e2mu_massZ1_massZ2_genbin3_recobin1 acc 0.0321 eff 0.0 outinratio 0.0283 

ZH126_2e2mu_massZ1_massZ2_genbin3_recobin1 acc 0.0414 eff 0.009 outinratio 0.0368 

ttH126_2e2mu_massZ1_massZ2_genbin3_recobin1 acc 0.0331 eff 0.0 outinratio 0.1332 

ggH126_2e2mu_massZ1_massZ2_genbin4_recobin1 acc 0.1146 eff 0.0 outinratio 0.0516 

VBFH126_2e2mu_massZ1_massZ2_genbin4_recobin1 acc 0.1294 eff 0.0 outinratio 0.0334 

WminusH126_2e2mu_massZ1_massZ2_genbin4_recobin1 acc 0.1 eff 0.0 outinratio 0.0426 

WplusH126_2e2mu_massZ1_massZ2_genbin4_recobin1 acc 0.0854 eff 0.0 outinratio 0.0283 

ZH126_2e2mu_massZ1_massZ2_genbin4_recobin1 acc 0.0896 eff 0.0 outinratio 0.0368 

ttH126_2e2mu_massZ1_massZ2_genbin4_recobin1 acc 0.0919 eff 0.0 outinratio 0.1332 

ggH126_2e2mu_massZ1_massZ2_genbin5_recobin1 acc 0.0404 eff 0.0026 outinratio 0.0516 

VBFH126_2e2mu_massZ1_massZ2_genbin5_recobin1 acc 0.0496 eff 0.0066 outinratio 0.0334 

WminusH126_2e2mu_massZ1_massZ2_genbin5_recobin1 acc 0.0325 eff 0.0013 outinratio 0.0426 

WplusH126_2e2mu_massZ1_massZ2_genbin5_recobin1 acc 0.0315 eff 0.0042 outinratio 0.0283 

ZH126_2e2mu_massZ1_massZ2_genbin5_recobin1 acc 0.0374 eff 0.0071 outinratio 0.0368 

ttH126_2e2mu_massZ1_massZ2_genbin5_recobin1 acc 0.0335 eff 0.0021 outinratio 0.1332 

ggH126_2e2mu_massZ1_massZ2_genbin6_recobin1 acc 0.0985 eff 0.078 outinratio 0.0516 

VBFH126_2e2mu_massZ1_massZ2_genbin6_recobin1 acc 0.0993 eff 0.0712 outinratio 0.0334 

WminusH126_2e2mu_massZ1_massZ2_genbin6_recobin1 acc 0.0744 eff 0.0668 outinratio 0.0426 

WplusH126_2e2mu_massZ1_massZ2_genbin6_recobin1 acc 0.0723 eff 0.0902 outinratio 0.0283 

ZH126_2e2mu_massZ1_massZ2_genbin6_recobin1 acc 0.0814 eff 0.081 outinratio 0.0368 

ttH126_2e2mu_massZ1_massZ2_genbin6_recobin1 acc 0.0703 eff 0.0723 outinratio 0.1332 

ggH126_2e2mu_massZ1_massZ2_genbin0_recobin2 acc 0.0506 eff 0.0 outinratio 0.0252 

VBFH126_2e2mu_massZ1_massZ2_genbin0_recobin2 acc 0.0508 eff 0.0003 outinratio 0.056 

WminusH126_2e2mu_massZ1_massZ2_genbin0_recobin2 acc 0.0418 eff 0.0037 outinratio 0.0803 

WplusH126_2e2mu_massZ1_massZ2_genbin0_recobin2 acc 0.0371 eff 0.0 outinratio 0.0956 

ZH126_2e2mu_massZ1_massZ2_genbin0_recobin2 acc 0.0404 eff 0.0 outinratio 0.1083 

ttH126_2e2mu_massZ1_massZ2_genbin0_recobin2 acc 0.0356 eff 0.0005 outinratio 0.1239 

ggH126_2e2mu_massZ1_massZ2_genbin1_recobin2 acc 0.0278 eff 0.0223 outinratio 0.0252 

VBFH126_2e2mu_massZ1_massZ2_genbin1_recobin2 acc 0.0357 eff 0.0172 outinratio 0.056 

WminusH126_2e2mu_massZ1_massZ2_genbin1_recobin2 acc 0.0279 eff 0.0149 outinratio 0.0803 

WplusH126_2e2mu_massZ1_massZ2_genbin1_recobin2 acc 0.0256 eff 0.0035 outinratio 0.0956 

ZH126_2e2mu_massZ1_massZ2_genbin1_recobin2 acc 0.0292 eff 0.0145 outinratio 0.1083 

ttH126_2e2mu_massZ1_massZ2_genbin1_recobin2 acc 0.024 eff 0.0116 outinratio 0.1239 

ggH126_2e2mu_massZ1_massZ2_genbin2_recobin2 acc 0.0359 eff 0.5017 outinratio 0.0252 

VBFH126_2e2mu_massZ1_massZ2_genbin2_recobin2 acc 0.0318 eff 0.4446 outinratio 0.056 

WminusH126_2e2mu_massZ1_massZ2_genbin2_recobin2 acc 0.0264 eff 0.4584 outinratio 0.0803 

WplusH126_2e2mu_massZ1_massZ2_genbin2_recobin2 acc 0.0241 eff 0.4886 outinratio 0.0956 

ZH126_2e2mu_massZ1_massZ2_genbin2_recobin2 acc 0.0246 eff 0.3083 outinratio 0.1083 

ttH126_2e2mu_massZ1_massZ2_genbin2_recobin2 acc 0.0231 eff 0.4704 outinratio 0.1239 

ggH126_2e2mu_massZ1_massZ2_genbin3_recobin2 acc 0.047 eff 0.027 outinratio 0.0252 

VBFH126_2e2mu_massZ1_massZ2_genbin3_recobin2 acc 0.0478 eff 0.0258 outinratio 0.056 

WminusH126_2e2mu_massZ1_massZ2_genbin3_recobin2 acc 0.0394 eff 0.0267 outinratio 0.0803 

WplusH126_2e2mu_massZ1_massZ2_genbin3_recobin2 acc 0.0321 eff 0.0152 outinratio 0.0956 

ZH126_2e2mu_massZ1_massZ2_genbin3_recobin2 acc 0.0414 eff 0.0766 outinratio 0.1083 

ttH126_2e2mu_massZ1_massZ2_genbin3_recobin2 acc 0.0331 eff 0.0342 outinratio 0.1239 

ggH126_2e2mu_massZ1_massZ2_genbin4_recobin2 acc 0.1146 eff 0.0 outinratio 0.0252 

VBFH126_2e2mu_massZ1_massZ2_genbin4_recobin2 acc 0.1294 eff 0.0 outinratio 0.056 

WminusH126_2e2mu_massZ1_massZ2_genbin4_recobin2 acc 0.1 eff 0.0 outinratio 0.0803 

WplusH126_2e2mu_massZ1_massZ2_genbin4_recobin2 acc 0.0854 eff 0.0 outinratio 0.0956 

ZH126_2e2mu_massZ1_massZ2_genbin4_recobin2 acc 0.0896 eff 0.0 outinratio 0.1083 

ttH126_2e2mu_massZ1_massZ2_genbin4_recobin2 acc 0.0919 eff 0.0 outinratio 0.1239 

ggH126_2e2mu_massZ1_massZ2_genbin5_recobin2 acc 0.0404 eff 0.0 outinratio 0.0252 

VBFH126_2e2mu_massZ1_massZ2_genbin5_recobin2 acc 0.0496 eff 0.0 outinratio 0.056 

WminusH126_2e2mu_massZ1_massZ2_genbin5_recobin2 acc 0.0325 eff 0.0 outinratio 0.0803 

WplusH126_2e2mu_massZ1_massZ2_genbin5_recobin2 acc 0.0315 eff 0.0 outinratio 0.0956 

ZH126_2e2mu_massZ1_massZ2_genbin5_recobin2 acc 0.0374 eff 0.0 outinratio 0.1083 

ttH126_2e2mu_massZ1_massZ2_genbin5_recobin2 acc 0.0335 eff 0.0 outinratio 0.1239 

ggH126_2e2mu_massZ1_massZ2_genbin6_recobin2 acc 0.0985 eff 0.0214 outinratio 0.0252 

VBFH126_2e2mu_massZ1_massZ2_genbin6_recobin2 acc 0.0993 eff 0.0154 outinratio 0.056 

WminusH126_2e2mu_massZ1_massZ2_genbin6_recobin2 acc 0.0744 eff 0.017 outinratio 0.0803 

WplusH126_2e2mu_massZ1_massZ2_genbin6_recobin2 acc 0.0723 eff 0.0062 outinratio 0.0956 

ZH126_2e2mu_massZ1_massZ2_genbin6_recobin2 acc 0.0814 eff 0.0052 outinratio 0.1083 

ttH126_2e2mu_massZ1_massZ2_genbin6_recobin2 acc 0.0703 eff 0.0188 outinratio 0.1239 

ggH126_2e2mu_massZ1_massZ2_genbin0_recobin3 acc 0.0506 eff 0.0 outinratio 0.0149 

VBFH126_2e2mu_massZ1_massZ2_genbin0_recobin3 acc 0.0508 eff 0.0 outinratio 0.0195 

WminusH126_2e2mu_massZ1_massZ2_genbin0_recobin3 acc 0.0418 eff 0.0 outinratio 0.0887 

WplusH126_2e2mu_massZ1_massZ2_genbin0_recobin3 acc 0.0371 eff 0.0 outinratio 0.0748 

ZH126_2e2mu_massZ1_massZ2_genbin0_recobin3 acc 0.0404 eff 0.0 outinratio 0.0534 

ttH126_2e2mu_massZ1_massZ2_genbin0_recobin3 acc 0.0356 eff 0.0 outinratio 0.1904 

ggH126_2e2mu_massZ1_massZ2_genbin1_recobin3 acc 0.0278 eff 0.0 outinratio 0.0149 

VBFH126_2e2mu_massZ1_massZ2_genbin1_recobin3 acc 0.0357 eff 0.0022 outinratio 0.0195 

WminusH126_2e2mu_massZ1_massZ2_genbin1_recobin3 acc 0.0279 eff 0.0 outinratio 0.0887 

WplusH126_2e2mu_massZ1_massZ2_genbin1_recobin3 acc 0.0256 eff 0.0 outinratio 0.0748 

ZH126_2e2mu_massZ1_massZ2_genbin1_recobin3 acc 0.0292 eff 0.0 outinratio 0.0534 

ttH126_2e2mu_massZ1_massZ2_genbin1_recobin3 acc 0.024 eff 0.0019 outinratio 0.1904 

ggH126_2e2mu_massZ1_massZ2_genbin2_recobin3 acc 0.0359 eff 0.0163 outinratio 0.0149 

VBFH126_2e2mu_massZ1_massZ2_genbin2_recobin3 acc 0.0318 eff 0.0237 outinratio 0.0195 

WminusH126_2e2mu_massZ1_massZ2_genbin2_recobin3 acc 0.0264 eff 0.0245 outinratio 0.0887 

WplusH126_2e2mu_massZ1_massZ2_genbin2_recobin3 acc 0.0241 eff 0.038 outinratio 0.0748 

ZH126_2e2mu_massZ1_massZ2_genbin2_recobin3 acc 0.0246 eff 0.0086 outinratio 0.0534 

ttH126_2e2mu_massZ1_massZ2_genbin2_recobin3 acc 0.0231 eff 0.0128 outinratio 0.1904 

ggH126_2e2mu_massZ1_massZ2_genbin3_recobin3 acc 0.047 eff 0.5458 outinratio 0.0149 

VBFH126_2e2mu_massZ1_massZ2_genbin3_recobin3 acc 0.0478 eff 0.5639 outinratio 0.0195 

WminusH126_2e2mu_massZ1_massZ2_genbin3_recobin3 acc 0.0394 eff 0.5092 outinratio 0.0887 

WplusH126_2e2mu_massZ1_massZ2_genbin3_recobin3 acc 0.0321 eff 0.4635 outinratio 0.0748 

ZH126_2e2mu_massZ1_massZ2_genbin3_recobin3 acc 0.0414 eff 0.4329 outinratio 0.0534 

ttH126_2e2mu_massZ1_massZ2_genbin3_recobin3 acc 0.0331 eff 0.5271 outinratio 0.1904 

ggH126_2e2mu_massZ1_massZ2_genbin4_recobin3 acc 0.1146 eff 0.0 outinratio 0.0149 

VBFH126_2e2mu_massZ1_massZ2_genbin4_recobin3 acc 0.1294 eff 0.0 outinratio 0.0195 

WminusH126_2e2mu_massZ1_massZ2_genbin4_recobin3 acc 0.1 eff 0.0 outinratio 0.0887 

WplusH126_2e2mu_massZ1_massZ2_genbin4_recobin3 acc 0.0854 eff 0.0 outinratio 0.0748 

ZH126_2e2mu_massZ1_massZ2_genbin4_recobin3 acc 0.0896 eff 0.0 outinratio 0.0534 

ttH126_2e2mu_massZ1_massZ2_genbin4_recobin3 acc 0.0919 eff 0.0 outinratio 0.1904 

ggH126_2e2mu_massZ1_massZ2_genbin5_recobin3 acc 0.0404 eff 0.0 outinratio 0.0149 

VBFH126_2e2mu_massZ1_massZ2_genbin5_recobin3 acc 0.0496 eff 0.0 outinratio 0.0195 

WminusH126_2e2mu_massZ1_massZ2_genbin5_recobin3 acc 0.0325 eff 0.0 outinratio 0.0887 

WplusH126_2e2mu_massZ1_massZ2_genbin5_recobin3 acc 0.0315 eff 0.0 outinratio 0.0748 

ZH126_2e2mu_massZ1_massZ2_genbin5_recobin3 acc 0.0374 eff 0.0 outinratio 0.0534 

ttH126_2e2mu_massZ1_massZ2_genbin5_recobin3 acc 0.0335 eff 0.0 outinratio 0.1904 

ggH126_2e2mu_massZ1_massZ2_genbin6_recobin3 acc 0.0985 eff 0.0 outinratio 0.0149 

VBFH126_2e2mu_massZ1_massZ2_genbin6_recobin3 acc 0.0993 eff 0.0009 outinratio 0.0195 

WminusH126_2e2mu_massZ1_massZ2_genbin6_recobin3 acc 0.0744 eff 0.0 outinratio 0.0887 

WplusH126_2e2mu_massZ1_massZ2_genbin6_recobin3 acc 0.0723 eff 0.0 outinratio 0.0748 

ZH126_2e2mu_massZ1_massZ2_genbin6_recobin3 acc 0.0814 eff 0.0 outinratio 0.0534 

ttH126_2e2mu_massZ1_massZ2_genbin6_recobin3 acc 0.0703 eff 0.001 outinratio 0.1904 

ggH126_2e2mu_massZ1_massZ2_genbin0_recobin4 acc 0.0506 eff 0.028 outinratio 0.0425 

VBFH126_2e2mu_massZ1_massZ2_genbin0_recobin4 acc 0.0508 eff 0.0261 outinratio 0.0402 

WminusH126_2e2mu_massZ1_massZ2_genbin0_recobin4 acc 0.0418 eff 0.0268 outinratio 0.0861 

WplusH126_2e2mu_massZ1_massZ2_genbin0_recobin4 acc 0.0371 eff 0.052 outinratio 0.0547 

ZH126_2e2mu_massZ1_massZ2_genbin0_recobin4 acc 0.0404 eff 0.0371 outinratio 0.0583 

ttH126_2e2mu_massZ1_massZ2_genbin0_recobin4 acc 0.0356 eff 0.0368 outinratio 0.1695 

ggH126_2e2mu_massZ1_massZ2_genbin1_recobin4 acc 0.0278 eff 0.0 outinratio 0.0425 

VBFH126_2e2mu_massZ1_massZ2_genbin1_recobin4 acc 0.0357 eff 0.0008 outinratio 0.0402 

WminusH126_2e2mu_massZ1_massZ2_genbin1_recobin4 acc 0.0279 eff 0.0 outinratio 0.0861 

WplusH126_2e2mu_massZ1_massZ2_genbin1_recobin4 acc 0.0256 eff 0.0 outinratio 0.0547 

ZH126_2e2mu_massZ1_massZ2_genbin1_recobin4 acc 0.0292 eff 0.0 outinratio 0.0583 

ttH126_2e2mu_massZ1_massZ2_genbin1_recobin4 acc 0.024 eff 0.0 outinratio 0.1695 

ggH126_2e2mu_massZ1_massZ2_genbin2_recobin4 acc 0.0359 eff 0.0 outinratio 0.0425 

VBFH126_2e2mu_massZ1_massZ2_genbin2_recobin4 acc 0.0318 eff 0.0 outinratio 0.0402 

WminusH126_2e2mu_massZ1_massZ2_genbin2_recobin4 acc 0.0264 eff 0.0 outinratio 0.0861 

WplusH126_2e2mu_massZ1_massZ2_genbin2_recobin4 acc 0.0241 eff 0.0 outinratio 0.0547 

ZH126_2e2mu_massZ1_massZ2_genbin2_recobin4 acc 0.0246 eff 0.0 outinratio 0.0583 

ttH126_2e2mu_massZ1_massZ2_genbin2_recobin4 acc 0.0231 eff 0.0 outinratio 0.1695 

ggH126_2e2mu_massZ1_massZ2_genbin3_recobin4 acc 0.047 eff 0.0 outinratio 0.0425 

VBFH126_2e2mu_massZ1_massZ2_genbin3_recobin4 acc 0.0478 eff 0.0 outinratio 0.0402 

WminusH126_2e2mu_massZ1_massZ2_genbin3_recobin4 acc 0.0394 eff 0.0 outinratio 0.0861 

WplusH126_2e2mu_massZ1_massZ2_genbin3_recobin4 acc 0.0321 eff 0.0 outinratio 0.0547 

ZH126_2e2mu_massZ1_massZ2_genbin3_recobin4 acc 0.0414 eff 0.0 outinratio 0.0583 

ttH126_2e2mu_massZ1_massZ2_genbin3_recobin4 acc 0.0331 eff 0.0 outinratio 0.1695 

ggH126_2e2mu_massZ1_massZ2_genbin4_recobin4 acc 0.1146 eff 0.4215 outinratio 0.0425 

VBFH126_2e2mu_massZ1_massZ2_genbin4_recobin4 acc 0.1294 eff 0.4327 outinratio 0.0402 

WminusH126_2e2mu_massZ1_massZ2_genbin4_recobin4 acc 0.1 eff 0.4021 outinratio 0.0861 

WplusH126_2e2mu_massZ1_massZ2_genbin4_recobin4 acc 0.0854 eff 0.4477 outinratio 0.0547 

ZH126_2e2mu_massZ1_massZ2_genbin4_recobin4 acc 0.0896 eff 0.4362 outinratio 0.0583 

ttH126_2e2mu_massZ1_massZ2_genbin4_recobin4 acc 0.0919 eff 0.423 outinratio 0.1695 

ggH126_2e2mu_massZ1_massZ2_genbin5_recobin4 acc 0.0404 eff 0.0604 outinratio 0.0425 

VBFH126_2e2mu_massZ1_massZ2_genbin5_recobin4 acc 0.0496 eff 0.0456 outinratio 0.0402 

WminusH126_2e2mu_massZ1_massZ2_genbin5_recobin4 acc 0.0325 eff 0.0718 outinratio 0.0861 

WplusH126_2e2mu_massZ1_massZ2_genbin5_recobin4 acc 0.0315 eff 0.0379 outinratio 0.0547 

ZH126_2e2mu_massZ1_massZ2_genbin5_recobin4 acc 0.0374 eff 0.0931 outinratio 0.0583 

ttH126_2e2mu_massZ1_massZ2_genbin5_recobin4 acc 0.0335 eff 0.0624 outinratio 0.1695 

ggH126_2e2mu_massZ1_massZ2_genbin6_recobin4 acc 0.0985 eff 0.0041 outinratio 0.0425 

VBFH126_2e2mu_massZ1_massZ2_genbin6_recobin4 acc 0.0993 eff 0.0049 outinratio 0.0402 

WminusH126_2e2mu_massZ1_massZ2_genbin6_recobin4 acc 0.0744 eff 0.0026 outinratio 0.0861 

WplusH126_2e2mu_massZ1_massZ2_genbin6_recobin4 acc 0.0723 eff 0.0013 outinratio 0.0547 

ZH126_2e2mu_massZ1_massZ2_genbin6_recobin4 acc 0.0814 eff 0.0032 outinratio 0.0583 

ttH126_2e2mu_massZ1_massZ2_genbin6_recobin4 acc 0.0703 eff 0.0022 outinratio 0.1695 

ggH126_2e2mu_massZ1_massZ2_genbin0_recobin5 acc 0.0506 eff 0.0151 outinratio 0.0635 

VBFH126_2e2mu_massZ1_massZ2_genbin0_recobin5 acc 0.0508 eff 0.0087 outinratio 0.0354 

WminusH126_2e2mu_massZ1_massZ2_genbin0_recobin5 acc 0.0418 eff 0.0027 outinratio 0.058 

WplusH126_2e2mu_massZ1_massZ2_genbin0_recobin5 acc 0.0371 eff 0.0131 outinratio 0.1695 

ZH126_2e2mu_massZ1_massZ2_genbin0_recobin5 acc 0.0404 eff 0.0075 outinratio 0.0521 

ttH126_2e2mu_massZ1_massZ2_genbin0_recobin5 acc 0.0356 eff 0.0079 outinratio 0.1595 

ggH126_2e2mu_massZ1_massZ2_genbin1_recobin5 acc 0.0278 eff 0.0067 outinratio 0.0635 

VBFH126_2e2mu_massZ1_massZ2_genbin1_recobin5 acc 0.0357 eff 0.0026 outinratio 0.0354 

WminusH126_2e2mu_massZ1_massZ2_genbin1_recobin5 acc 0.0279 eff 0.0 outinratio 0.058 

WplusH126_2e2mu_massZ1_massZ2_genbin1_recobin5 acc 0.0256 eff 0.0074 outinratio 0.1695 

ZH126_2e2mu_massZ1_massZ2_genbin1_recobin5 acc 0.0292 eff 0.0 outinratio 0.0521 

ttH126_2e2mu_massZ1_massZ2_genbin1_recobin5 acc 0.024 eff 0.0015 outinratio 0.1595 

ggH126_2e2mu_massZ1_massZ2_genbin2_recobin5 acc 0.0359 eff 0.0 outinratio 0.0635 

VBFH126_2e2mu_massZ1_massZ2_genbin2_recobin5 acc 0.0318 eff 0.0 outinratio 0.0354 

WminusH126_2e2mu_massZ1_massZ2_genbin2_recobin5 acc 0.0264 eff 0.0 outinratio 0.058 

WplusH126_2e2mu_massZ1_massZ2_genbin2_recobin5 acc 0.0241 eff 0.0 outinratio 0.1695 

ZH126_2e2mu_massZ1_massZ2_genbin2_recobin5 acc 0.0246 eff 0.0 outinratio 0.0521 

ttH126_2e2mu_massZ1_massZ2_genbin2_recobin5 acc 0.0231 eff 0.0 outinratio 0.1595 

ggH126_2e2mu_massZ1_massZ2_genbin3_recobin5 acc 0.047 eff 0.0 outinratio 0.0635 

VBFH126_2e2mu_massZ1_massZ2_genbin3_recobin5 acc 0.0478 eff 0.0 outinratio 0.0354 

WminusH126_2e2mu_massZ1_massZ2_genbin3_recobin5 acc 0.0394 eff 0.0 outinratio 0.058 

WplusH126_2e2mu_massZ1_massZ2_genbin3_recobin5 acc 0.0321 eff 0.0 outinratio 0.1695 

ZH126_2e2mu_massZ1_massZ2_genbin3_recobin5 acc 0.0414 eff 0.0 outinratio 0.0521 

ttH126_2e2mu_massZ1_massZ2_genbin3_recobin5 acc 0.0331 eff 0.0 outinratio 0.1595 

ggH126_2e2mu_massZ1_massZ2_genbin4_recobin5 acc 0.1146 eff 0.0078 outinratio 0.0635 

VBFH126_2e2mu_massZ1_massZ2_genbin4_recobin5 acc 0.1294 eff 0.0085 outinratio 0.0354 

WminusH126_2e2mu_massZ1_massZ2_genbin4_recobin5 acc 0.1 eff 0.0078 outinratio 0.058 

WplusH126_2e2mu_massZ1_massZ2_genbin4_recobin5 acc 0.0854 eff 0.0071 outinratio 0.1695 

ZH126_2e2mu_massZ1_massZ2_genbin4_recobin5 acc 0.0896 eff 0.0015 outinratio 0.0521 

ttH126_2e2mu_massZ1_massZ2_genbin4_recobin5 acc 0.0919 eff 0.0096 outinratio 0.1595 

ggH126_2e2mu_massZ1_massZ2_genbin5_recobin5 acc 0.0404 eff 0.302 outinratio 0.0635 

VBFH126_2e2mu_massZ1_massZ2_genbin5_recobin5 acc 0.0496 eff 0.3691 outinratio 0.0354 

WminusH126_2e2mu_massZ1_massZ2_genbin5_recobin5 acc 0.0325 eff 0.3723 outinratio 0.058 

WplusH126_2e2mu_massZ1_massZ2_genbin5_recobin5 acc 0.0315 eff 0.2758 outinratio 0.1695 

ZH126_2e2mu_massZ1_massZ2_genbin5_recobin5 acc 0.0374 eff 0.346 outinratio 0.0521 

ttH126_2e2mu_massZ1_massZ2_genbin5_recobin5 acc 0.0335 eff 0.3523 outinratio 0.1595 

ggH126_2e2mu_massZ1_massZ2_genbin6_recobin5 acc 0.0985 eff 0.0235 outinratio 0.0635 

VBFH126_2e2mu_massZ1_massZ2_genbin6_recobin5 acc 0.0993 eff 0.0384 outinratio 0.0354 

WminusH126_2e2mu_massZ1_massZ2_genbin6_recobin5 acc 0.0744 eff 0.027 outinratio 0.058 

WplusH126_2e2mu_massZ1_massZ2_genbin6_recobin5 acc 0.0723 eff 0.0321 outinratio 0.1695 

ZH126_2e2mu_massZ1_massZ2_genbin6_recobin5 acc 0.0814 eff 0.0241 outinratio 0.0521 

ttH126_2e2mu_massZ1_massZ2_genbin6_recobin5 acc 0.0703 eff 0.0322 outinratio 0.1595 

ggH126_2e2mu_massZ1_massZ2_genbin0_recobin6 acc 0.0506 eff 0.0 outinratio 0.0717 

VBFH126_2e2mu_massZ1_massZ2_genbin0_recobin6 acc 0.0508 eff 0.0 outinratio 0.0333 

WminusH126_2e2mu_massZ1_massZ2_genbin0_recobin6 acc 0.0418 eff 0.0017 outinratio 0.0735 

WplusH126_2e2mu_massZ1_massZ2_genbin0_recobin6 acc 0.0371 eff 0.0 outinratio 0.0788 

ZH126_2e2mu_massZ1_massZ2_genbin0_recobin6 acc 0.0404 eff 0.0 outinratio 0.1104 

ttH126_2e2mu_massZ1_massZ2_genbin0_recobin6 acc 0.0356 eff 0.0 outinratio 0.1625 

ggH126_2e2mu_massZ1_massZ2_genbin1_recobin6 acc 0.0278 eff 0.0473 outinratio 0.0717 

VBFH126_2e2mu_massZ1_massZ2_genbin1_recobin6 acc 0.0357 eff 0.0212 outinratio 0.0333 

WminusH126_2e2mu_massZ1_massZ2_genbin1_recobin6 acc 0.0279 eff 0.0212 outinratio 0.0735 

WplusH126_2e2mu_massZ1_massZ2_genbin1_recobin6 acc 0.0256 eff 0.0443 outinratio 0.0788 

ZH126_2e2mu_massZ1_massZ2_genbin1_recobin6 acc 0.0292 eff 0.0419 outinratio 0.1104 

ttH126_2e2mu_massZ1_massZ2_genbin1_recobin6 acc 0.024 eff 0.043 outinratio 0.1625 

ggH126_2e2mu_massZ1_massZ2_genbin2_recobin6 acc 0.0359 eff 0.0161 outinratio 0.0717 

VBFH126_2e2mu_massZ1_massZ2_genbin2_recobin6 acc 0.0318 eff 0.0183 outinratio 0.0333 

WminusH126_2e2mu_massZ1_massZ2_genbin2_recobin6 acc 0.0264 eff 0.0169 outinratio 0.0735 

WplusH126_2e2mu_massZ1_massZ2_genbin2_recobin6 acc 0.0241 eff 0.0269 outinratio 0.0788 

ZH126_2e2mu_massZ1_massZ2_genbin2_recobin6 acc 0.0246 eff 0.0119 outinratio 0.1104 

ttH126_2e2mu_massZ1_massZ2_genbin2_recobin6 acc 0.0231 eff 0.0258 outinratio 0.1625 

ggH126_2e2mu_massZ1_massZ2_genbin3_recobin6 acc 0.047 eff 0.0033 outinratio 0.0717 

VBFH126_2e2mu_massZ1_massZ2_genbin3_recobin6 acc 0.0478 eff 0.0 outinratio 0.0333 

WminusH126_2e2mu_massZ1_massZ2_genbin3_recobin6 acc 0.0394 eff 0.0 outinratio 0.0735 

WplusH126_2e2mu_massZ1_massZ2_genbin3_recobin6 acc 0.0321 eff 0.0 outinratio 0.0788 

ZH126_2e2mu_massZ1_massZ2_genbin3_recobin6 acc 0.0414 eff 0.0176 outinratio 0.1104 

ttH126_2e2mu_massZ1_massZ2_genbin3_recobin6 acc 0.0331 eff 0.0 outinratio 0.1625 

ggH126_2e2mu_massZ1_massZ2_genbin4_recobin6 acc 0.1146 eff 0.0 outinratio 0.0717 

VBFH126_2e2mu_massZ1_massZ2_genbin4_recobin6 acc 0.1294 eff 0.0021 outinratio 0.0333 

WminusH126_2e2mu_massZ1_massZ2_genbin4_recobin6 acc 0.1 eff 0.0 outinratio 0.0735 

WplusH126_2e2mu_massZ1_massZ2_genbin4_recobin6 acc 0.0854 eff 0.0 outinratio 0.0788 

ZH126_2e2mu_massZ1_massZ2_genbin4_recobin6 acc 0.0896 eff 0.0 outinratio 0.1104 

ttH126_2e2mu_massZ1_massZ2_genbin4_recobin6 acc 0.0919 eff 0.0012 outinratio 0.1625 

ggH126_2e2mu_massZ1_massZ2_genbin5_recobin6 acc 0.0404 eff 0.0163 outinratio 0.0717 

VBFH126_2e2mu_massZ1_massZ2_genbin5_recobin6 acc 0.0496 eff 0.0301 outinratio 0.0333 

WminusH126_2e2mu_massZ1_massZ2_genbin5_recobin6 acc 0.0325 eff 0.0204 outinratio 0.0735 

WplusH126_2e2mu_massZ1_massZ2_genbin5_recobin6 acc 0.0315 eff 0.0311 outinratio 0.0788 

ZH126_2e2mu_massZ1_massZ2_genbin5_recobin6 acc 0.0374 eff 0.005 outinratio 0.1104 

ttH126_2e2mu_massZ1_massZ2_genbin5_recobin6 acc 0.0335 eff 0.0308 outinratio 0.1625 

ggH126_2e2mu_massZ1_massZ2_genbin6_recobin6 acc 0.0985 eff 0.3503 outinratio 0.0717 

VBFH126_2e2mu_massZ1_massZ2_genbin6_recobin6 acc 0.0993 eff 0.3793 outinratio 0.0333 

WminusH126_2e2mu_massZ1_massZ2_genbin6_recobin6 acc 0.0744 eff 0.3836 outinratio 0.0735 

WplusH126_2e2mu_massZ1_massZ2_genbin6_recobin6 acc 0.0723 eff 0.3807 outinratio 0.0788 

ZH126_2e2mu_massZ1_massZ2_genbin6_recobin6 acc 0.0814 eff 0.3699 outinratio 0.1104 

ttH126_2e2mu_massZ1_massZ2_genbin6_recobin6 acc 0.0703 eff 0.3874 outinratio 0.1625 

Coeff fullNNLOPS
