Welcome in RunCoefficients!
OPT SPLIT
DEBUG opt.YEAR = 2024_4
It is a double-differential measurement, binning for the 1st variable {0: [0.0, 0.99], 1: [0.0, 0.99], 2: [0.0, 0.99], 3: [0.0, 0.99], 4: [0.0, 0.99], 5: [0.0, 0.99], 6: [1.0, 1.99], 7: [1.0, 1.99], 8: [1.0, 1.99], 9: [1.0, 1.99], 10: [2.0, 100.0], 11: [2.0, 100.0]} and for the 2nd variable {0: [0.0, 12.0], 1: [12.0, 18.0], 2: [18.0, 24.0], 3: [24.0, 32.0], 4: [32.0, 46.0], 5: [46.0, 10000.0], 6: [0.0, 45.0], 7: [45.0, 65.0], 8: [65.0, 100.0], 9: [100.0, 10000.0], 10: [0.0, 155.0], 11: [155.0, 10000.0]}
{0: [0.0, 0.99, 0.0, 12.0], 1: [0.0, 0.99, 12.0, 18.0], 2: [0.0, 0.99, 18.0, 24.0], 3: [0.0, 0.99, 24.0, 32.0], 4: [0.0, 0.99, 32.0, 46.0], 5: [0.0, 0.99, 46.0, 10000.0], 6: [1.0, 1.99, 0.0, 45.0], 7: [1.0, 1.99, 45.0, 65.0], 8: [1.0, 1.99, 65.0, 100.0], 9: [1.0, 1.99, 100.0, 10000.0], 10: [2.0, 100.0, 0.0, 155.0], 11: [2.0, 100.0, 155.0, 10000.0]}
Nj
Following observables extracted from dictionary: RECO =  Nj  GEN =  GENNj
It is a double-differential measurement: RECO_2nd =  ZZPt  GEN_2nd =  GENpT4l
LUMI: 10.882200000000001
ttH126 0.00046886128
Processing ggH126 2024_4
Signal created
Signal failed created
Processing VBFH126 2024_4
Signal created
Signal failed created
Processing WminusH126 2024_4
Signal created
Signal failed created
Processing WplusH126 2024_4
Signal created
Signal failed created
Processing ZH126 2024_4
Signal created
Signal failed created
Processing ttH126 2024_4
Signal created
Signal failed created
2024_4 SKIMMED df CREATED
2024_4 ggH126
2024_4 VBFH126
2024_4 WminusH126
2024_4 WplusH126
2024_4 ZH126
2024_4 ttH126
Dataframes created successfully
Coeff std
ggH126_4l_Nj_pT4l_genbin0_recobin0 acc 0.0714 eff 0.4707 outinratio 0.0455 

VBFH126_4l_Nj_pT4l_genbin0_recobin0 acc 0.0037 eff 0.3928 outinratio 0.0565 

WminusH126_4l_Nj_pT4l_genbin0_recobin0 acc 0.0043 eff -1.0 outinratio 0.0 

WplusH126_4l_Nj_pT4l_genbin0_recobin0 acc 0.0027 eff 0.2865 outinratio 0.0988 

ZH126_4l_Nj_pT4l_genbin0_recobin0 acc 0.0028 eff 0.3596 outinratio 0.1161 

ttH126_4l_Nj_pT4l_genbin0_recobin0 acc 0.0 eff -1.0 outinratio 0.0 

ggH126_4l_Nj_pT4l_genbin1_recobin0 acc 0.0516 eff 0.0472 outinratio 0.0455 

VBFH126_4l_Nj_pT4l_genbin1_recobin0 acc 0.0038 eff 0.0247 outinratio 0.0565 

WminusH126_4l_Nj_pT4l_genbin1_recobin0 acc 0.0021 eff -1.0 outinratio 0.0 

WplusH126_4l_Nj_pT4l_genbin1_recobin0 acc 0.0028 eff 0.0386 outinratio 0.0988 

ZH126_4l_Nj_pT4l_genbin1_recobin0 acc 0.004 eff 0.0 outinratio 0.1161 

ttH126_4l_Nj_pT4l_genbin1_recobin0 acc 0.0 eff -1.0 outinratio 0.0 

ggH126_4l_Nj_pT4l_genbin2_recobin0 acc 0.0414 eff 0.0018 outinratio 0.0455 

VBFH126_4l_Nj_pT4l_genbin2_recobin0 acc 0.0044 eff 0.0 outinratio 0.0565 

WminusH126_4l_Nj_pT4l_genbin2_recobin0 acc 0.0107 eff -1.0 outinratio 0.0 

WplusH126_4l_Nj_pT4l_genbin2_recobin0 acc 0.0035 eff 0.0 outinratio 0.0988 

ZH126_4l_Nj_pT4l_genbin2_recobin0 acc 0.0036 eff 0.0 outinratio 0.1161 

ttH126_4l_Nj_pT4l_genbin2_recobin0 acc 0.0 eff -1.0 outinratio 0.0 

ggH126_4l_Nj_pT4l_genbin3_recobin0 acc 0.0406 eff 0.0 outinratio 0.0455 

VBFH126_4l_Nj_pT4l_genbin3_recobin0 acc 0.0057 eff 0.0 outinratio 0.0565 

WminusH126_4l_Nj_pT4l_genbin3_recobin0 acc 0.0043 eff -1.0 outinratio 0.0 

WplusH126_4l_Nj_pT4l_genbin3_recobin0 acc 0.0058 eff 0.0 outinratio 0.0988 

ZH126_4l_Nj_pT4l_genbin3_recobin0 acc 0.0059 eff 0.0 outinratio 0.1161 

ttH126_4l_Nj_pT4l_genbin3_recobin0 acc 0.0 eff -1.0 outinratio 0.0 

ggH126_4l_Nj_pT4l_genbin4_recobin0 acc 0.0347 eff 0.0 outinratio 0.0455 

VBFH126_4l_Nj_pT4l_genbin4_recobin0 acc 0.0105 eff 0.0 outinratio 0.0565 

WminusH126_4l_Nj_pT4l_genbin4_recobin0 acc 0.0064 eff -1.0 outinratio 0.0 

WplusH126_4l_Nj_pT4l_genbin4_recobin0 acc 0.0109 eff 0.0 outinratio 0.0988 

ZH126_4l_Nj_pT4l_genbin4_recobin0 acc 0.0115 eff 0.0 outinratio 0.1161 

ttH126_4l_Nj_pT4l_genbin4_recobin0 acc 0.0002 eff -1.0 outinratio 0.0 

ggH126_4l_Nj_pT4l_genbin5_recobin0 acc 0.0159 eff 0.0 outinratio 0.0455 

VBFH126_4l_Nj_pT4l_genbin5_recobin0 acc 0.0098 eff 0.0 outinratio 0.0565 

WminusH126_4l_Nj_pT4l_genbin5_recobin0 acc 0.064 eff 0.0 outinratio 0.0 

WplusH126_4l_Nj_pT4l_genbin5_recobin0 acc 0.0487 eff 0.0 outinratio 0.0988 

ZH126_4l_Nj_pT4l_genbin5_recobin0 acc 0.0476 eff 0.0 outinratio 0.1161 

ttH126_4l_Nj_pT4l_genbin5_recobin0 acc 0.0004 eff -1.0 outinratio 0.0 

ggH126_4l_Nj_pT4l_genbin6_recobin0 acc 0.0334 eff 0.0067 outinratio 0.0455 

VBFH126_4l_Nj_pT4l_genbin6_recobin0 acc 0.0324 eff 0.0077 outinratio 0.0565 

WminusH126_4l_Nj_pT4l_genbin6_recobin0 acc 0.0171 eff -1.0 outinratio 0.0 

WplusH126_4l_Nj_pT4l_genbin6_recobin0 acc 0.0233 eff 0.0067 outinratio 0.0988 

ZH126_4l_Nj_pT4l_genbin6_recobin0 acc 0.0235 eff 0.0039 outinratio 0.1161 

ttH126_4l_Nj_pT4l_genbin6_recobin0 acc 0.0005 eff -1.0 outinratio 0.0 

ggH126_4l_Nj_pT4l_genbin7_recobin0 acc 0.0301 eff 0.0 outinratio 0.0455 

VBFH126_4l_Nj_pT4l_genbin7_recobin0 acc 0.039 eff 0.0 outinratio 0.0565 

WminusH126_4l_Nj_pT4l_genbin7_recobin0 acc 0.0256 eff 0.0 outinratio 0.0 

WplusH126_4l_Nj_pT4l_genbin7_recobin0 acc 0.0203 eff 0.0 outinratio 0.0988 

ZH126_4l_Nj_pT4l_genbin7_recobin0 acc 0.023 eff 0.0 outinratio 0.1161 

ttH126_4l_Nj_pT4l_genbin7_recobin0 acc 0.0014 eff 0.0 outinratio 0.0 

ggH126_4l_Nj_pT4l_genbin8_recobin0 acc 0.0264 eff 0.0 outinratio 0.0455 

VBFH126_4l_Nj_pT4l_genbin8_recobin0 acc 0.0516 eff 0.0 outinratio 0.0565 

WminusH126_4l_Nj_pT4l_genbin8_recobin0 acc 0.0299 eff 0.0 outinratio 0.0 

WplusH126_4l_Nj_pT4l_genbin8_recobin0 acc 0.0264 eff 0.0 outinratio 0.0988 

ZH126_4l_Nj_pT4l_genbin8_recobin0 acc 0.028 eff 0.0 outinratio 0.1161 

ttH126_4l_Nj_pT4l_genbin8_recobin0 acc 0.0015 eff 0.0 outinratio 0.0 

ggH126_4l_Nj_pT4l_genbin9_recobin0 acc 0.0165 eff 0.0 outinratio 0.0455 

VBFH126_4l_Nj_pT4l_genbin9_recobin0 acc 0.0551 eff 0.0 outinratio 0.0565 

WminusH126_4l_Nj_pT4l_genbin9_recobin0 acc 0.0235 eff 0.0 outinratio 0.0 

WplusH126_4l_Nj_pT4l_genbin9_recobin0 acc 0.0277 eff 0.0 outinratio 0.0988 

ZH126_4l_Nj_pT4l_genbin9_recobin0 acc 0.0307 eff 0.0 outinratio 0.1161 

ttH126_4l_Nj_pT4l_genbin9_recobin0 acc 0.0041 eff 0.0 outinratio 0.0 

ggH126_4l_Nj_pT4l_genbin10_recobin0 acc 0.0329 eff 0.0003 outinratio 0.0455 

VBFH126_4l_Nj_pT4l_genbin10_recobin0 acc 0.186 eff 0.0 outinratio 0.0565 

WminusH126_4l_Nj_pT4l_genbin10_recobin0 acc 0.1237 eff 0.0 outinratio 0.0 

WplusH126_4l_Nj_pT4l_genbin10_recobin0 acc 0.0984 eff 0.0003 outinratio 0.0988 

ZH126_4l_Nj_pT4l_genbin10_recobin0 acc 0.1217 eff 0.0 outinratio 0.1161 

ttH126_4l_Nj_pT4l_genbin10_recobin0 acc 0.2036 eff 0.0 outinratio 0.0 

ggH126_4l_Nj_pT4l_genbin11_recobin0 acc 0.0121 eff 0.0 outinratio 0.0455 

VBFH126_4l_Nj_pT4l_genbin11_recobin0 acc 0.0587 eff 0.0 outinratio 0.0565 

WminusH126_4l_Nj_pT4l_genbin11_recobin0 acc 0.0405 eff 0.0 outinratio 0.0 

WplusH126_4l_Nj_pT4l_genbin11_recobin0 acc 0.0431 eff 0.0 outinratio 0.0988 

ZH126_4l_Nj_pT4l_genbin11_recobin0 acc 0.041 eff 0.0 outinratio 0.1161 

ttH126_4l_Nj_pT4l_genbin11_recobin0 acc 0.1085 eff 0.0 outinratio 0.0 

ggH126_4l_Nj_pT4l_genbin0_recobin1 acc 0.0714 eff 0.0321 outinratio 0.0476 

VBFH126_4l_Nj_pT4l_genbin0_recobin1 acc 0.0037 eff 0.1301 outinratio 0.0 

WminusH126_4l_Nj_pT4l_genbin0_recobin1 acc 0.0043 eff -1.0 outinratio 0.0 

WplusH126_4l_Nj_pT4l_genbin0_recobin1 acc 0.0027 eff 0.041 outinratio 0.0781 

ZH126_4l_Nj_pT4l_genbin0_recobin1 acc 0.0028 eff 0.0139 outinratio 0.081 

ttH126_4l_Nj_pT4l_genbin0_recobin1 acc 0.0 eff -1.0 outinratio 0.0 

ggH126_4l_Nj_pT4l_genbin1_recobin1 acc 0.0516 eff 0.413 outinratio 0.0476 

VBFH126_4l_Nj_pT4l_genbin1_recobin1 acc 0.0038 eff 0.2887 outinratio 0.0 

WminusH126_4l_Nj_pT4l_genbin1_recobin1 acc 0.0021 eff -1.0 outinratio 0.0 

WplusH126_4l_Nj_pT4l_genbin1_recobin1 acc 0.0028 eff 0.3604 outinratio 0.0781 

ZH126_4l_Nj_pT4l_genbin1_recobin1 acc 0.004 eff 0.356 outinratio 0.081 

ttH126_4l_Nj_pT4l_genbin1_recobin1 acc 0.0 eff -1.0 outinratio 0.0 

ggH126_4l_Nj_pT4l_genbin2_recobin1 acc 0.0414 eff 0.0465 outinratio 0.0476 

VBFH126_4l_Nj_pT4l_genbin2_recobin1 acc 0.0044 eff 0.0 outinratio 0.0 

WminusH126_4l_Nj_pT4l_genbin2_recobin1 acc 0.0107 eff -1.0 outinratio 0.0 

WplusH126_4l_Nj_pT4l_genbin2_recobin1 acc 0.0035 eff 0.051 outinratio 0.0781 

ZH126_4l_Nj_pT4l_genbin2_recobin1 acc 0.0036 eff 0.0148 outinratio 0.081 

ttH126_4l_Nj_pT4l_genbin2_recobin1 acc 0.0 eff -1.0 outinratio 0.0 

ggH126_4l_Nj_pT4l_genbin3_recobin1 acc 0.0406 eff 0.0021 outinratio 0.0476 

VBFH126_4l_Nj_pT4l_genbin3_recobin1 acc 0.0057 eff 0.0 outinratio 0.0 

WminusH126_4l_Nj_pT4l_genbin3_recobin1 acc 0.0043 eff -1.0 outinratio 0.0 

WplusH126_4l_Nj_pT4l_genbin3_recobin1 acc 0.0058 eff 0.0 outinratio 0.0781 

ZH126_4l_Nj_pT4l_genbin3_recobin1 acc 0.0059 eff 0.0 outinratio 0.081 

ttH126_4l_Nj_pT4l_genbin3_recobin1 acc 0.0 eff -1.0 outinratio 0.0 

ggH126_4l_Nj_pT4l_genbin4_recobin1 acc 0.0347 eff 0.0 outinratio 0.0476 

VBFH126_4l_Nj_pT4l_genbin4_recobin1 acc 0.0105 eff 0.0 outinratio 0.0 

WminusH126_4l_Nj_pT4l_genbin4_recobin1 acc 0.0064 eff -1.0 outinratio 0.0 

WplusH126_4l_Nj_pT4l_genbin4_recobin1 acc 0.0109 eff 0.0 outinratio 0.0781 

ZH126_4l_Nj_pT4l_genbin4_recobin1 acc 0.0115 eff 0.0 outinratio 0.081 

ttH126_4l_Nj_pT4l_genbin4_recobin1 acc 0.0002 eff -1.0 outinratio 0.0 

ggH126_4l_Nj_pT4l_genbin5_recobin1 acc 0.0159 eff 0.0 outinratio 0.0476 

VBFH126_4l_Nj_pT4l_genbin5_recobin1 acc 0.0098 eff 0.0 outinratio 0.0 

WminusH126_4l_Nj_pT4l_genbin5_recobin1 acc 0.064 eff 0.0 outinratio 0.0 

WplusH126_4l_Nj_pT4l_genbin5_recobin1 acc 0.0487 eff 0.0 outinratio 0.0781 

ZH126_4l_Nj_pT4l_genbin5_recobin1 acc 0.0476 eff 0.0 outinratio 0.081 

ttH126_4l_Nj_pT4l_genbin5_recobin1 acc 0.0004 eff -1.0 outinratio 0.0 

ggH126_4l_Nj_pT4l_genbin6_recobin1 acc 0.0334 eff 0.0084 outinratio 0.0476 

VBFH126_4l_Nj_pT4l_genbin6_recobin1 acc 0.0324 eff 0.0035 outinratio 0.0 

WminusH126_4l_Nj_pT4l_genbin6_recobin1 acc 0.0171 eff -1.0 outinratio 0.0 

WplusH126_4l_Nj_pT4l_genbin6_recobin1 acc 0.0233 eff 0.0069 outinratio 0.0781 

ZH126_4l_Nj_pT4l_genbin6_recobin1 acc 0.0235 eff 0.0093 outinratio 0.081 

ttH126_4l_Nj_pT4l_genbin6_recobin1 acc 0.0005 eff -1.0 outinratio 0.0 

ggH126_4l_Nj_pT4l_genbin7_recobin1 acc 0.0301 eff 0.0 outinratio 0.0476 

VBFH126_4l_Nj_pT4l_genbin7_recobin1 acc 0.039 eff 0.0 outinratio 0.0 

WminusH126_4l_Nj_pT4l_genbin7_recobin1 acc 0.0256 eff 0.0 outinratio 0.0 

WplusH126_4l_Nj_pT4l_genbin7_recobin1 acc 0.0203 eff 0.0 outinratio 0.0781 

ZH126_4l_Nj_pT4l_genbin7_recobin1 acc 0.023 eff 0.0 outinratio 0.081 

ttH126_4l_Nj_pT4l_genbin7_recobin1 acc 0.0014 eff 0.0 outinratio 0.0 

ggH126_4l_Nj_pT4l_genbin8_recobin1 acc 0.0264 eff 0.0 outinratio 0.0476 

VBFH126_4l_Nj_pT4l_genbin8_recobin1 acc 0.0516 eff 0.0 outinratio 0.0 

WminusH126_4l_Nj_pT4l_genbin8_recobin1 acc 0.0299 eff 0.0 outinratio 0.0 

WplusH126_4l_Nj_pT4l_genbin8_recobin1 acc 0.0264 eff 0.0 outinratio 0.0781 

ZH126_4l_Nj_pT4l_genbin8_recobin1 acc 0.028 eff 0.0 outinratio 0.081 

ttH126_4l_Nj_pT4l_genbin8_recobin1 acc 0.0015 eff 0.0 outinratio 0.0 

ggH126_4l_Nj_pT4l_genbin9_recobin1 acc 0.0165 eff 0.0 outinratio 0.0476 

VBFH126_4l_Nj_pT4l_genbin9_recobin1 acc 0.0551 eff 0.0 outinratio 0.0 

WminusH126_4l_Nj_pT4l_genbin9_recobin1 acc 0.0235 eff 0.0 outinratio 0.0 

WplusH126_4l_Nj_pT4l_genbin9_recobin1 acc 0.0277 eff 0.0 outinratio 0.0781 

ZH126_4l_Nj_pT4l_genbin9_recobin1 acc 0.0307 eff 0.0 outinratio 0.081 

ttH126_4l_Nj_pT4l_genbin9_recobin1 acc 0.0041 eff 0.0 outinratio 0.0 

ggH126_4l_Nj_pT4l_genbin10_recobin1 acc 0.0329 eff 0.0 outinratio 0.0476 

VBFH126_4l_Nj_pT4l_genbin10_recobin1 acc 0.186 eff 0.0 outinratio 0.0 

WminusH126_4l_Nj_pT4l_genbin10_recobin1 acc 0.1237 eff 0.0 outinratio 0.0 

WplusH126_4l_Nj_pT4l_genbin10_recobin1 acc 0.0984 eff 0.0003 outinratio 0.0781 

ZH126_4l_Nj_pT4l_genbin10_recobin1 acc 0.1217 eff 0.0002 outinratio 0.081 

ttH126_4l_Nj_pT4l_genbin10_recobin1 acc 0.2036 eff 0.0 outinratio 0.0 

ggH126_4l_Nj_pT4l_genbin11_recobin1 acc 0.0121 eff 0.0 outinratio 0.0476 

VBFH126_4l_Nj_pT4l_genbin11_recobin1 acc 0.0587 eff 0.0 outinratio 0.0 

WminusH126_4l_Nj_pT4l_genbin11_recobin1 acc 0.0405 eff 0.0 outinratio 0.0 

WplusH126_4l_Nj_pT4l_genbin11_recobin1 acc 0.0431 eff 0.0 outinratio 0.0781 

ZH126_4l_Nj_pT4l_genbin11_recobin1 acc 0.041 eff 0.0 outinratio 0.081 

ttH126_4l_Nj_pT4l_genbin11_recobin1 acc 0.1085 eff 0.0 outinratio 0.0 

ggH126_4l_Nj_pT4l_genbin0_recobin2 acc 0.0714 eff 0.001 outinratio 0.0517 

VBFH126_4l_Nj_pT4l_genbin0_recobin2 acc 0.0037 eff 0.0 outinratio 0.0512 

WminusH126_4l_Nj_pT4l_genbin0_recobin2 acc 0.0043 eff -1.0 outinratio 0.0 

WplusH126_4l_Nj_pT4l_genbin0_recobin2 acc 0.0027 eff 0.0 outinratio 0.0424 

ZH126_4l_Nj_pT4l_genbin0_recobin2 acc 0.0028 eff 0.0 outinratio 0.0708 

ttH126_4l_Nj_pT4l_genbin0_recobin2 acc 0.0 eff -1.0 outinratio 0.0 

ggH126_4l_Nj_pT4l_genbin1_recobin2 acc 0.0516 eff 0.0377 outinratio 0.0517 

VBFH126_4l_Nj_pT4l_genbin1_recobin2 acc 0.0038 eff 0.0441 outinratio 0.0512 

WminusH126_4l_Nj_pT4l_genbin1_recobin2 acc 0.0021 eff -1.0 outinratio 0.0 

WplusH126_4l_Nj_pT4l_genbin1_recobin2 acc 0.0028 eff 0.0251 outinratio 0.0424 

ZH126_4l_Nj_pT4l_genbin1_recobin2 acc 0.004 eff 0.0616 outinratio 0.0708 

ttH126_4l_Nj_pT4l_genbin1_recobin2 acc 0.0 eff -1.0 outinratio 0.0 

ggH126_4l_Nj_pT4l_genbin2_recobin2 acc 0.0414 eff 0.3832 outinratio 0.0517 

VBFH126_4l_Nj_pT4l_genbin2_recobin2 acc 0.0044 eff 0.2975 outinratio 0.0512 

WminusH126_4l_Nj_pT4l_genbin2_recobin2 acc 0.0107 eff -1.0 outinratio 0.0 

WplusH126_4l_Nj_pT4l_genbin2_recobin2 acc 0.0035 eff 0.3224 outinratio 0.0424 

ZH126_4l_Nj_pT4l_genbin2_recobin2 acc 0.0036 eff 0.3129 outinratio 0.0708 

ttH126_4l_Nj_pT4l_genbin2_recobin2 acc 0.0 eff -1.0 outinratio 0.0 

ggH126_4l_Nj_pT4l_genbin3_recobin2 acc 0.0406 eff 0.0403 outinratio 0.0517 

VBFH126_4l_Nj_pT4l_genbin3_recobin2 acc 0.0057 eff 0.0 outinratio 0.0512 

WminusH126_4l_Nj_pT4l_genbin3_recobin2 acc 0.0043 eff -1.0 outinratio 0.0 

WplusH126_4l_Nj_pT4l_genbin3_recobin2 acc 0.0058 eff 0.0282 outinratio 0.0424 

ZH126_4l_Nj_pT4l_genbin3_recobin2 acc 0.0059 eff 0.0281 outinratio 0.0708 

ttH126_4l_Nj_pT4l_genbin3_recobin2 acc 0.0 eff -1.0 outinratio 0.0 

ggH126_4l_Nj_pT4l_genbin4_recobin2 acc 0.0347 eff 0.0003 outinratio 0.0517 

VBFH126_4l_Nj_pT4l_genbin4_recobin2 acc 0.0105 eff 0.0 outinratio 0.0512 

WminusH126_4l_Nj_pT4l_genbin4_recobin2 acc 0.0064 eff -1.0 outinratio 0.0 

WplusH126_4l_Nj_pT4l_genbin4_recobin2 acc 0.0109 eff 0.0 outinratio 0.0424 

ZH126_4l_Nj_pT4l_genbin4_recobin2 acc 0.0115 eff 0.0 outinratio 0.0708 

ttH126_4l_Nj_pT4l_genbin4_recobin2 acc 0.0002 eff -1.0 outinratio 0.0 

ggH126_4l_Nj_pT4l_genbin5_recobin2 acc 0.0159 eff 0.0 outinratio 0.0517 

VBFH126_4l_Nj_pT4l_genbin5_recobin2 acc 0.0098 eff 0.0 outinratio 0.0512 

WminusH126_4l_Nj_pT4l_genbin5_recobin2 acc 0.064 eff 0.0 outinratio 0.0 

WplusH126_4l_Nj_pT4l_genbin5_recobin2 acc 0.0487 eff 0.0 outinratio 0.0424 

ZH126_4l_Nj_pT4l_genbin5_recobin2 acc 0.0476 eff 0.0 outinratio 0.0708 

ttH126_4l_Nj_pT4l_genbin5_recobin2 acc 0.0004 eff -1.0 outinratio 0.0 

ggH126_4l_Nj_pT4l_genbin6_recobin2 acc 0.0334 eff 0.0097 outinratio 0.0517 

VBFH126_4l_Nj_pT4l_genbin6_recobin2 acc 0.0324 eff 0.0107 outinratio 0.0512 

WminusH126_4l_Nj_pT4l_genbin6_recobin2 acc 0.0171 eff -1.0 outinratio 0.0 

WplusH126_4l_Nj_pT4l_genbin6_recobin2 acc 0.0233 eff 0.0133 outinratio 0.0424 

ZH126_4l_Nj_pT4l_genbin6_recobin2 acc 0.0235 eff 0.0085 outinratio 0.0708 

ttH126_4l_Nj_pT4l_genbin6_recobin2 acc 0.0005 eff -1.0 outinratio 0.0 

ggH126_4l_Nj_pT4l_genbin7_recobin2 acc 0.0301 eff 0.0 outinratio 0.0517 

VBFH126_4l_Nj_pT4l_genbin7_recobin2 acc 0.039 eff 0.0 outinratio 0.0512 

WminusH126_4l_Nj_pT4l_genbin7_recobin2 acc 0.0256 eff 0.0 outinratio 0.0 

WplusH126_4l_Nj_pT4l_genbin7_recobin2 acc 0.0203 eff 0.0 outinratio 0.0424 

ZH126_4l_Nj_pT4l_genbin7_recobin2 acc 0.023 eff 0.0 outinratio 0.0708 

ttH126_4l_Nj_pT4l_genbin7_recobin2 acc 0.0014 eff 0.0 outinratio 0.0 

ggH126_4l_Nj_pT4l_genbin8_recobin2 acc 0.0264 eff 0.0 outinratio 0.0517 

VBFH126_4l_Nj_pT4l_genbin8_recobin2 acc 0.0516 eff 0.0 outinratio 0.0512 

WminusH126_4l_Nj_pT4l_genbin8_recobin2 acc 0.0299 eff 0.0 outinratio 0.0 

WplusH126_4l_Nj_pT4l_genbin8_recobin2 acc 0.0264 eff 0.0 outinratio 0.0424 

ZH126_4l_Nj_pT4l_genbin8_recobin2 acc 0.028 eff 0.0 outinratio 0.0708 

ttH126_4l_Nj_pT4l_genbin8_recobin2 acc 0.0015 eff 0.0 outinratio 0.0 

ggH126_4l_Nj_pT4l_genbin9_recobin2 acc 0.0165 eff 0.0 outinratio 0.0517 

VBFH126_4l_Nj_pT4l_genbin9_recobin2 acc 0.0551 eff 0.0 outinratio 0.0512 

WminusH126_4l_Nj_pT4l_genbin9_recobin2 acc 0.0235 eff 0.0 outinratio 0.0 

WplusH126_4l_Nj_pT4l_genbin9_recobin2 acc 0.0277 eff 0.0 outinratio 0.0424 

ZH126_4l_Nj_pT4l_genbin9_recobin2 acc 0.0307 eff 0.0 outinratio 0.0708 

ttH126_4l_Nj_pT4l_genbin9_recobin2 acc 0.0041 eff 0.0 outinratio 0.0 

ggH126_4l_Nj_pT4l_genbin10_recobin2 acc 0.0329 eff 0.0007 outinratio 0.0517 

VBFH126_4l_Nj_pT4l_genbin10_recobin2 acc 0.186 eff 0.0 outinratio 0.0512 

WminusH126_4l_Nj_pT4l_genbin10_recobin2 acc 0.1237 eff 0.0144 outinratio 0.0 

WplusH126_4l_Nj_pT4l_genbin10_recobin2 acc 0.0984 eff 0.0003 outinratio 0.0424 

ZH126_4l_Nj_pT4l_genbin10_recobin2 acc 0.1217 eff 0.0004 outinratio 0.0708 

ttH126_4l_Nj_pT4l_genbin10_recobin2 acc 0.2036 eff 0.0003 outinratio 0.0 

ggH126_4l_Nj_pT4l_genbin11_recobin2 acc 0.0121 eff 0.0 outinratio 0.0517 

VBFH126_4l_Nj_pT4l_genbin11_recobin2 acc 0.0587 eff 0.0 outinratio 0.0512 

WminusH126_4l_Nj_pT4l_genbin11_recobin2 acc 0.0405 eff 0.0 outinratio 0.0 

WplusH126_4l_Nj_pT4l_genbin11_recobin2 acc 0.0431 eff 0.0 outinratio 0.0424 

ZH126_4l_Nj_pT4l_genbin11_recobin2 acc 0.041 eff 0.0 outinratio 0.0708 

ttH126_4l_Nj_pT4l_genbin11_recobin2 acc 0.1085 eff 0.0 outinratio 0.0 

ggH126_4l_Nj_pT4l_genbin0_recobin3 acc 0.0714 eff 0.0002 outinratio 0.0553 

VBFH126_4l_Nj_pT4l_genbin0_recobin3 acc 0.0037 eff 0.0 outinratio 0.0 

WminusH126_4l_Nj_pT4l_genbin0_recobin3 acc 0.0043 eff -1.0 outinratio 0.5163 

WplusH126_4l_Nj_pT4l_genbin0_recobin3 acc 0.0027 eff 0.0 outinratio 0.0982 

ZH126_4l_Nj_pT4l_genbin0_recobin3 acc 0.0028 eff 0.0 outinratio 0.0978 

ttH126_4l_Nj_pT4l_genbin0_recobin3 acc 0.0 eff -1.0 outinratio 0.0 

ggH126_4l_Nj_pT4l_genbin1_recobin3 acc 0.0516 eff 0.0009 outinratio 0.0553 

VBFH126_4l_Nj_pT4l_genbin1_recobin3 acc 0.0038 eff 0.0 outinratio 0.0 

WminusH126_4l_Nj_pT4l_genbin1_recobin3 acc 0.0021 eff -1.0 outinratio 0.5163 

WplusH126_4l_Nj_pT4l_genbin1_recobin3 acc 0.0028 eff 0.0 outinratio 0.0982 

ZH126_4l_Nj_pT4l_genbin1_recobin3 acc 0.004 eff 0.0 outinratio 0.0978 

ttH126_4l_Nj_pT4l_genbin1_recobin3 acc 0.0 eff -1.0 outinratio 0.0 

ggH126_4l_Nj_pT4l_genbin2_recobin3 acc 0.0414 eff 0.0434 outinratio 0.0553 

VBFH126_4l_Nj_pT4l_genbin2_recobin3 acc 0.0044 eff 0.0 outinratio 0.0 

WminusH126_4l_Nj_pT4l_genbin2_recobin3 acc 0.0107 eff -1.0 outinratio 0.5163 

WplusH126_4l_Nj_pT4l_genbin2_recobin3 acc 0.0035 eff 0.0266 outinratio 0.0982 

ZH126_4l_Nj_pT4l_genbin2_recobin3 acc 0.0036 eff 0.0097 outinratio 0.0978 

ttH126_4l_Nj_pT4l_genbin2_recobin3 acc 0.0 eff -1.0 outinratio 0.0 

ggH126_4l_Nj_pT4l_genbin3_recobin3 acc 0.0406 eff 0.3957 outinratio 0.0553 

VBFH126_4l_Nj_pT4l_genbin3_recobin3 acc 0.0057 eff 0.3487 outinratio 0.0 

WminusH126_4l_Nj_pT4l_genbin3_recobin3 acc 0.0043 eff -1.0 outinratio 0.5163 

WplusH126_4l_Nj_pT4l_genbin3_recobin3 acc 0.0058 eff 0.3234 outinratio 0.0982 

ZH126_4l_Nj_pT4l_genbin3_recobin3 acc 0.0059 eff 0.3679 outinratio 0.0978 

ttH126_4l_Nj_pT4l_genbin3_recobin3 acc 0.0 eff -1.0 outinratio 0.0 

ggH126_4l_Nj_pT4l_genbin4_recobin3 acc 0.0347 eff 0.0317 outinratio 0.0553 

VBFH126_4l_Nj_pT4l_genbin4_recobin3 acc 0.0105 eff 0.0 outinratio 0.0 

WminusH126_4l_Nj_pT4l_genbin4_recobin3 acc 0.0064 eff -1.0 outinratio 0.5163 

WplusH126_4l_Nj_pT4l_genbin4_recobin3 acc 0.0109 eff 0.0099 outinratio 0.0982 

ZH126_4l_Nj_pT4l_genbin4_recobin3 acc 0.0115 eff 0.0147 outinratio 0.0978 

ttH126_4l_Nj_pT4l_genbin4_recobin3 acc 0.0002 eff -1.0 outinratio 0.0 

ggH126_4l_Nj_pT4l_genbin5_recobin3 acc 0.0159 eff 0.0006 outinratio 0.0553 

VBFH126_4l_Nj_pT4l_genbin5_recobin3 acc 0.0098 eff 0.0 outinratio 0.0 

WminusH126_4l_Nj_pT4l_genbin5_recobin3 acc 0.064 eff 0.0 outinratio 0.5163 

WplusH126_4l_Nj_pT4l_genbin5_recobin3 acc 0.0487 eff 0.0 outinratio 0.0982 

ZH126_4l_Nj_pT4l_genbin5_recobin3 acc 0.0476 eff 0.0007 outinratio 0.0978 

ttH126_4l_Nj_pT4l_genbin5_recobin3 acc 0.0004 eff -1.0 outinratio 0.0 

ggH126_4l_Nj_pT4l_genbin6_recobin3 acc 0.0334 eff 0.0326 outinratio 0.0553 

VBFH126_4l_Nj_pT4l_genbin6_recobin3 acc 0.0324 eff 0.0384 outinratio 0.0 

WminusH126_4l_Nj_pT4l_genbin6_recobin3 acc 0.0171 eff -1.0 outinratio 0.5163 

WplusH126_4l_Nj_pT4l_genbin6_recobin3 acc 0.0233 eff 0.012 outinratio 0.0982 

ZH126_4l_Nj_pT4l_genbin6_recobin3 acc 0.0235 eff 0.0121 outinratio 0.0978 

ttH126_4l_Nj_pT4l_genbin6_recobin3 acc 0.0005 eff -1.0 outinratio 0.0 

ggH126_4l_Nj_pT4l_genbin7_recobin3 acc 0.0301 eff 0.0006 outinratio 0.0553 

VBFH126_4l_Nj_pT4l_genbin7_recobin3 acc 0.039 eff 0.0 outinratio 0.0 

WminusH126_4l_Nj_pT4l_genbin7_recobin3 acc 0.0256 eff 0.0 outinratio 0.5163 

WplusH126_4l_Nj_pT4l_genbin7_recobin3 acc 0.0203 eff 0.0 outinratio 0.0982 

ZH126_4l_Nj_pT4l_genbin7_recobin3 acc 0.023 eff 0.0 outinratio 0.0978 

ttH126_4l_Nj_pT4l_genbin7_recobin3 acc 0.0014 eff 0.0 outinratio 0.0 

ggH126_4l_Nj_pT4l_genbin8_recobin3 acc 0.0264 eff 0.0 outinratio 0.0553 

VBFH126_4l_Nj_pT4l_genbin8_recobin3 acc 0.0516 eff 0.0 outinratio 0.0 

WminusH126_4l_Nj_pT4l_genbin8_recobin3 acc 0.0299 eff 0.0 outinratio 0.5163 

WplusH126_4l_Nj_pT4l_genbin8_recobin3 acc 0.0264 eff 0.0 outinratio 0.0982 

ZH126_4l_Nj_pT4l_genbin8_recobin3 acc 0.028 eff 0.0 outinratio 0.0978 

ttH126_4l_Nj_pT4l_genbin8_recobin3 acc 0.0015 eff 0.0 outinratio 0.0 

ggH126_4l_Nj_pT4l_genbin9_recobin3 acc 0.0165 eff 0.0 outinratio 0.0553 

VBFH126_4l_Nj_pT4l_genbin9_recobin3 acc 0.0551 eff 0.0 outinratio 0.0 

WminusH126_4l_Nj_pT4l_genbin9_recobin3 acc 0.0235 eff 0.0 outinratio 0.5163 

WplusH126_4l_Nj_pT4l_genbin9_recobin3 acc 0.0277 eff 0.0 outinratio 0.0982 

ZH126_4l_Nj_pT4l_genbin9_recobin3 acc 0.0307 eff 0.0 outinratio 0.0978 

ttH126_4l_Nj_pT4l_genbin9_recobin3 acc 0.0041 eff 0.0 outinratio 0.0 

ggH126_4l_Nj_pT4l_genbin10_recobin3 acc 0.0329 eff 0.0003 outinratio 0.0553 

VBFH126_4l_Nj_pT4l_genbin10_recobin3 acc 0.186 eff 0.0 outinratio 0.0 

WminusH126_4l_Nj_pT4l_genbin10_recobin3 acc 0.1237 eff 0.0 outinratio 0.5163 

WplusH126_4l_Nj_pT4l_genbin10_recobin3 acc 0.0984 eff 0.0001 outinratio 0.0982 

ZH126_4l_Nj_pT4l_genbin10_recobin3 acc 0.1217 eff 0.0002 outinratio 0.0978 

ttH126_4l_Nj_pT4l_genbin10_recobin3 acc 0.2036 eff 0.0 outinratio 0.0 

ggH126_4l_Nj_pT4l_genbin11_recobin3 acc 0.0121 eff 0.0 outinratio 0.0553 

VBFH126_4l_Nj_pT4l_genbin11_recobin3 acc 0.0587 eff 0.0 outinratio 0.0 

WminusH126_4l_Nj_pT4l_genbin11_recobin3 acc 0.0405 eff 0.0 outinratio 0.5163 

WplusH126_4l_Nj_pT4l_genbin11_recobin3 acc 0.0431 eff 0.0 outinratio 0.0982 

ZH126_4l_Nj_pT4l_genbin11_recobin3 acc 0.041 eff 0.0 outinratio 0.0978 

ttH126_4l_Nj_pT4l_genbin11_recobin3 acc 0.1085 eff 0.0 outinratio 0.0 

ggH126_4l_Nj_pT4l_genbin0_recobin4 acc 0.0714 eff 0.0 outinratio 0.0607 

VBFH126_4l_Nj_pT4l_genbin0_recobin4 acc 0.0037 eff 0.0 outinratio 0.0 

WminusH126_4l_Nj_pT4l_genbin0_recobin4 acc 0.0043 eff -1.0 outinratio 0.0 

WplusH126_4l_Nj_pT4l_genbin0_recobin4 acc 0.0027 eff 0.0 outinratio 0.0587 

ZH126_4l_Nj_pT4l_genbin0_recobin4 acc 0.0028 eff 0.0 outinratio 0.0907 

ttH126_4l_Nj_pT4l_genbin0_recobin4 acc 0.0 eff -1.0 outinratio 0.0 

ggH126_4l_Nj_pT4l_genbin1_recobin4 acc 0.0516 eff 0.0 outinratio 0.0607 

VBFH126_4l_Nj_pT4l_genbin1_recobin4 acc 0.0038 eff 0.0 outinratio 0.0 

WminusH126_4l_Nj_pT4l_genbin1_recobin4 acc 0.0021 eff -1.0 outinratio 0.0 

WplusH126_4l_Nj_pT4l_genbin1_recobin4 acc 0.0028 eff 0.0 outinratio 0.0587 

ZH126_4l_Nj_pT4l_genbin1_recobin4 acc 0.004 eff 0.0 outinratio 0.0907 

ttH126_4l_Nj_pT4l_genbin1_recobin4 acc 0.0 eff -1.0 outinratio 0.0 

ggH126_4l_Nj_pT4l_genbin2_recobin4 acc 0.0414 eff 0.0014 outinratio 0.0607 

VBFH126_4l_Nj_pT4l_genbin2_recobin4 acc 0.0044 eff 0.0 outinratio 0.0 

WminusH126_4l_Nj_pT4l_genbin2_recobin4 acc 0.0107 eff -1.0 outinratio 0.0 

WplusH126_4l_Nj_pT4l_genbin2_recobin4 acc 0.0035 eff -0.0024 outinratio 0.0587 

ZH126_4l_Nj_pT4l_genbin2_recobin4 acc 0.0036 eff 0.0139 outinratio 0.0907 

ttH126_4l_Nj_pT4l_genbin2_recobin4 acc 0.0 eff -1.0 outinratio 0.0 

ggH126_4l_Nj_pT4l_genbin3_recobin4 acc 0.0406 eff 0.023 outinratio 0.0607 

VBFH126_4l_Nj_pT4l_genbin3_recobin4 acc 0.0057 eff 0.0161 outinratio 0.0 

WminusH126_4l_Nj_pT4l_genbin3_recobin4 acc 0.0043 eff -1.0 outinratio 0.0 

WplusH126_4l_Nj_pT4l_genbin3_recobin4 acc 0.0058 eff 0.036 outinratio 0.0587 

ZH126_4l_Nj_pT4l_genbin3_recobin4 acc 0.0059 eff 0.0345 outinratio 0.0907 

ttH126_4l_Nj_pT4l_genbin3_recobin4 acc 0.0 eff -1.0 outinratio 0.0 

ggH126_4l_Nj_pT4l_genbin4_recobin4 acc 0.0347 eff 0.4038 outinratio 0.0607 

VBFH126_4l_Nj_pT4l_genbin4_recobin4 acc 0.0105 eff 0.3557 outinratio 0.0 

WminusH126_4l_Nj_pT4l_genbin4_recobin4 acc 0.0064 eff -1.0 outinratio 0.0 

WplusH126_4l_Nj_pT4l_genbin4_recobin4 acc 0.0109 eff 0.3501 outinratio 0.0587 

ZH126_4l_Nj_pT4l_genbin4_recobin4 acc 0.0115 eff 0.3734 outinratio 0.0907 

ttH126_4l_Nj_pT4l_genbin4_recobin4 acc 0.0002 eff -1.0 outinratio 0.0 

ggH126_4l_Nj_pT4l_genbin5_recobin4 acc 0.0159 eff 0.0184 outinratio 0.0607 

VBFH126_4l_Nj_pT4l_genbin5_recobin4 acc 0.0098 eff 0.0 outinratio 0.0 

WminusH126_4l_Nj_pT4l_genbin5_recobin4 acc 0.064 eff 0.0 outinratio 0.0 

WplusH126_4l_Nj_pT4l_genbin5_recobin4 acc 0.0487 eff 0.0043 outinratio 0.0587 

ZH126_4l_Nj_pT4l_genbin5_recobin4 acc 0.0476 eff 0.0048 outinratio 0.0907 

ttH126_4l_Nj_pT4l_genbin5_recobin4 acc 0.0004 eff -1.0 outinratio 0.0 

ggH126_4l_Nj_pT4l_genbin6_recobin4 acc 0.0334 eff 0.0755 outinratio 0.0607 

VBFH126_4l_Nj_pT4l_genbin6_recobin4 acc 0.0324 eff 0.0317 outinratio 0.0 

WminusH126_4l_Nj_pT4l_genbin6_recobin4 acc 0.0171 eff -1.0 outinratio 0.0 

WplusH126_4l_Nj_pT4l_genbin6_recobin4 acc 0.0233 eff 0.0233 outinratio 0.0587 

ZH126_4l_Nj_pT4l_genbin6_recobin4 acc 0.0235 eff 0.024 outinratio 0.0907 

ttH126_4l_Nj_pT4l_genbin6_recobin4 acc 0.0005 eff -1.0 outinratio 0.0 

ggH126_4l_Nj_pT4l_genbin7_recobin4 acc 0.0301 eff 0.0097 outinratio 0.0607 

VBFH126_4l_Nj_pT4l_genbin7_recobin4 acc 0.039 eff 0.0 outinratio 0.0 

WminusH126_4l_Nj_pT4l_genbin7_recobin4 acc 0.0256 eff 0.0 outinratio 0.0 

WplusH126_4l_Nj_pT4l_genbin7_recobin4 acc 0.0203 eff 0.0015 outinratio 0.0587 

ZH126_4l_Nj_pT4l_genbin7_recobin4 acc 0.023 eff 0.0092 outinratio 0.0907 

ttH126_4l_Nj_pT4l_genbin7_recobin4 acc 0.0014 eff 0.0 outinratio 0.0 

ggH126_4l_Nj_pT4l_genbin8_recobin4 acc 0.0264 eff 0.0 outinratio 0.0607 

VBFH126_4l_Nj_pT4l_genbin8_recobin4 acc 0.0516 eff 0.0 outinratio 0.0 

WminusH126_4l_Nj_pT4l_genbin8_recobin4 acc 0.0299 eff 0.0 outinratio 0.0 

WplusH126_4l_Nj_pT4l_genbin8_recobin4 acc 0.0264 eff 0.0 outinratio 0.0587 

ZH126_4l_Nj_pT4l_genbin8_recobin4 acc 0.028 eff 0.0 outinratio 0.0907 

ttH126_4l_Nj_pT4l_genbin8_recobin4 acc 0.0015 eff 0.0 outinratio 0.0 

ggH126_4l_Nj_pT4l_genbin9_recobin4 acc 0.0165 eff 0.0 outinratio 0.0607 

VBFH126_4l_Nj_pT4l_genbin9_recobin4 acc 0.0551 eff 0.0 outinratio 0.0 

WminusH126_4l_Nj_pT4l_genbin9_recobin4 acc 0.0235 eff 0.0 outinratio 0.0 

WplusH126_4l_Nj_pT4l_genbin9_recobin4 acc 0.0277 eff 0.0 outinratio 0.0587 

ZH126_4l_Nj_pT4l_genbin9_recobin4 acc 0.0307 eff 0.0 outinratio 0.0907 

ttH126_4l_Nj_pT4l_genbin9_recobin4 acc 0.0041 eff 0.0 outinratio 0.0 

ggH126_4l_Nj_pT4l_genbin10_recobin4 acc 0.0329 eff 0.0022 outinratio 0.0607 

VBFH126_4l_Nj_pT4l_genbin10_recobin4 acc 0.186 eff 0.0027 outinratio 0.0 

WminusH126_4l_Nj_pT4l_genbin10_recobin4 acc 0.1237 eff 0.0 outinratio 0.0 

WplusH126_4l_Nj_pT4l_genbin10_recobin4 acc 0.0984 eff 0.001 outinratio 0.0587 

ZH126_4l_Nj_pT4l_genbin10_recobin4 acc 0.1217 eff 0.0003 outinratio 0.0907 

ttH126_4l_Nj_pT4l_genbin10_recobin4 acc 0.2036 eff 0.0 outinratio 0.0 

ggH126_4l_Nj_pT4l_genbin11_recobin4 acc 0.0121 eff 0.0 outinratio 0.0607 

VBFH126_4l_Nj_pT4l_genbin11_recobin4 acc 0.0587 eff 0.0 outinratio 0.0 

WminusH126_4l_Nj_pT4l_genbin11_recobin4 acc 0.0405 eff 0.0 outinratio 0.0 

WplusH126_4l_Nj_pT4l_genbin11_recobin4 acc 0.0431 eff 0.0 outinratio 0.0587 

ZH126_4l_Nj_pT4l_genbin11_recobin4 acc 0.041 eff 0.0 outinratio 0.0907 

ttH126_4l_Nj_pT4l_genbin11_recobin4 acc 0.1085 eff 0.0 outinratio 0.0 

ggH126_4l_Nj_pT4l_genbin0_recobin5 acc 0.0714 eff 0.0 outinratio 0.0646 

VBFH126_4l_Nj_pT4l_genbin0_recobin5 acc 0.0037 eff 0.0 outinratio 0.012 

WminusH126_4l_Nj_pT4l_genbin0_recobin5 acc 0.0043 eff -1.0 outinratio 0.3948 

WplusH126_4l_Nj_pT4l_genbin0_recobin5 acc 0.0027 eff 0.0 outinratio 0.0535 

ZH126_4l_Nj_pT4l_genbin0_recobin5 acc 0.0028 eff 0.0 outinratio 0.0754 

ttH126_4l_Nj_pT4l_genbin0_recobin5 acc 0.0 eff -1.0 outinratio 2.3698 

ggH126_4l_Nj_pT4l_genbin1_recobin5 acc 0.0516 eff 0.0 outinratio 0.0646 

VBFH126_4l_Nj_pT4l_genbin1_recobin5 acc 0.0038 eff 0.0 outinratio 0.012 

WminusH126_4l_Nj_pT4l_genbin1_recobin5 acc 0.0021 eff -1.0 outinratio 0.3948 

WplusH126_4l_Nj_pT4l_genbin1_recobin5 acc 0.0028 eff 0.0 outinratio 0.0535 

ZH126_4l_Nj_pT4l_genbin1_recobin5 acc 0.004 eff 0.0 outinratio 0.0754 

ttH126_4l_Nj_pT4l_genbin1_recobin5 acc 0.0 eff -1.0 outinratio 2.3698 

ggH126_4l_Nj_pT4l_genbin2_recobin5 acc 0.0414 eff 0.0 outinratio 0.0646 

VBFH126_4l_Nj_pT4l_genbin2_recobin5 acc 0.0044 eff 0.0 outinratio 0.012 

WminusH126_4l_Nj_pT4l_genbin2_recobin5 acc 0.0107 eff -1.0 outinratio 0.3948 

WplusH126_4l_Nj_pT4l_genbin2_recobin5 acc 0.0035 eff 0.0 outinratio 0.0535 

ZH126_4l_Nj_pT4l_genbin2_recobin5 acc 0.0036 eff 0.0 outinratio 0.0754 

ttH126_4l_Nj_pT4l_genbin2_recobin5 acc 0.0 eff -1.0 outinratio 2.3698 

ggH126_4l_Nj_pT4l_genbin3_recobin5 acc 0.0406 eff 0.0 outinratio 0.0646 

VBFH126_4l_Nj_pT4l_genbin3_recobin5 acc 0.0057 eff 0.0 outinratio 0.012 

WminusH126_4l_Nj_pT4l_genbin3_recobin5 acc 0.0043 eff -1.0 outinratio 0.3948 

WplusH126_4l_Nj_pT4l_genbin3_recobin5 acc 0.0058 eff 0.0 outinratio 0.0535 

ZH126_4l_Nj_pT4l_genbin3_recobin5 acc 0.0059 eff 0.0 outinratio 0.0754 

ttH126_4l_Nj_pT4l_genbin3_recobin5 acc 0.0 eff -1.0 outinratio 2.3698 

ggH126_4l_Nj_pT4l_genbin4_recobin5 acc 0.0347 eff 0.0081 outinratio 0.0646 

VBFH126_4l_Nj_pT4l_genbin4_recobin5 acc 0.0105 eff 0.0089 outinratio 0.012 

WminusH126_4l_Nj_pT4l_genbin4_recobin5 acc 0.0064 eff -1.0 outinratio 0.3948 

WplusH126_4l_Nj_pT4l_genbin4_recobin5 acc 0.0109 eff 0.0132 outinratio 0.0535 

ZH126_4l_Nj_pT4l_genbin4_recobin5 acc 0.0115 eff 0.0059 outinratio 0.0754 

ttH126_4l_Nj_pT4l_genbin4_recobin5 acc 0.0002 eff -1.0 outinratio 2.3698 

ggH126_4l_Nj_pT4l_genbin5_recobin5 acc 0.0159 eff 0.3793 outinratio 0.0646 

VBFH126_4l_Nj_pT4l_genbin5_recobin5 acc 0.0098 eff 0.3014 outinratio 0.012 

WminusH126_4l_Nj_pT4l_genbin5_recobin5 acc 0.064 eff 0.2246 outinratio 0.3948 

WplusH126_4l_Nj_pT4l_genbin5_recobin5 acc 0.0487 eff 0.3832 outinratio 0.0535 

ZH126_4l_Nj_pT4l_genbin5_recobin5 acc 0.0476 eff 0.4506 outinratio 0.0754 

ttH126_4l_Nj_pT4l_genbin5_recobin5 acc 0.0004 eff -1.0 outinratio 2.3698 

ggH126_4l_Nj_pT4l_genbin6_recobin5 acc 0.0334 eff 0.0003 outinratio 0.0646 

VBFH126_4l_Nj_pT4l_genbin6_recobin5 acc 0.0324 eff 0.0 outinratio 0.012 

WminusH126_4l_Nj_pT4l_genbin6_recobin5 acc 0.0171 eff -1.0 outinratio 0.3948 

WplusH126_4l_Nj_pT4l_genbin6_recobin5 acc 0.0233 eff 0.0 outinratio 0.0535 

ZH126_4l_Nj_pT4l_genbin6_recobin5 acc 0.0235 eff 0.0 outinratio 0.0754 

ttH126_4l_Nj_pT4l_genbin6_recobin5 acc 0.0005 eff -1.0 outinratio 2.3698 

ggH126_4l_Nj_pT4l_genbin7_recobin5 acc 0.0301 eff 0.0766 outinratio 0.0646 

VBFH126_4l_Nj_pT4l_genbin7_recobin5 acc 0.039 eff 0.061 outinratio 0.012 

WminusH126_4l_Nj_pT4l_genbin7_recobin5 acc 0.0256 eff 0.0 outinratio 0.3948 

WplusH126_4l_Nj_pT4l_genbin7_recobin5 acc 0.0203 eff 0.0416 outinratio 0.0535 

ZH126_4l_Nj_pT4l_genbin7_recobin5 acc 0.023 eff 0.0471 outinratio 0.0754 

ttH126_4l_Nj_pT4l_genbin7_recobin5 acc 0.0014 eff 0.0 outinratio 2.3698 

ggH126_4l_Nj_pT4l_genbin8_recobin5 acc 0.0264 eff 0.0333 outinratio 0.0646 

VBFH126_4l_Nj_pT4l_genbin8_recobin5 acc 0.0516 eff 0.0241 outinratio 0.012 

WminusH126_4l_Nj_pT4l_genbin8_recobin5 acc 0.0299 eff 0.0 outinratio 0.3948 

WplusH126_4l_Nj_pT4l_genbin8_recobin5 acc 0.0264 eff 0.0239 outinratio 0.0535 

ZH126_4l_Nj_pT4l_genbin8_recobin5 acc 0.028 eff 0.0355 outinratio 0.0754 

ttH126_4l_Nj_pT4l_genbin8_recobin5 acc 0.0015 eff 0.0 outinratio 2.3698 

ggH126_4l_Nj_pT4l_genbin9_recobin5 acc 0.0165 eff 0.0052 outinratio 0.0646 

VBFH126_4l_Nj_pT4l_genbin9_recobin5 acc 0.0551 eff 0.0088 outinratio 0.012 

WminusH126_4l_Nj_pT4l_genbin9_recobin5 acc 0.0235 eff 0.0 outinratio 0.3948 

WplusH126_4l_Nj_pT4l_genbin9_recobin5 acc 0.0277 eff 0.0182 outinratio 0.0535 

ZH126_4l_Nj_pT4l_genbin9_recobin5 acc 0.0307 eff 0.0165 outinratio 0.0754 

ttH126_4l_Nj_pT4l_genbin9_recobin5 acc 0.0041 eff 0.0 outinratio 2.3698 

ggH126_4l_Nj_pT4l_genbin10_recobin5 acc 0.0329 eff 0.0067 outinratio 0.0646 

VBFH126_4l_Nj_pT4l_genbin10_recobin5 acc 0.186 eff 0.0042 outinratio 0.012 

WminusH126_4l_Nj_pT4l_genbin10_recobin5 acc 0.1237 eff 0.0 outinratio 0.3948 

WplusH126_4l_Nj_pT4l_genbin10_recobin5 acc 0.0984 eff 0.0038 outinratio 0.0535 

ZH126_4l_Nj_pT4l_genbin10_recobin5 acc 0.1217 eff 0.0026 outinratio 0.0754 

ttH126_4l_Nj_pT4l_genbin10_recobin5 acc 0.2036 eff 0.0 outinratio 2.3698 

ggH126_4l_Nj_pT4l_genbin11_recobin5 acc 0.0121 eff 0.0 outinratio 0.0646 

VBFH126_4l_Nj_pT4l_genbin11_recobin5 acc 0.0587 eff 0.0006 outinratio 0.012 

WminusH126_4l_Nj_pT4l_genbin11_recobin5 acc 0.0405 eff 0.0 outinratio 0.3948 

WplusH126_4l_Nj_pT4l_genbin11_recobin5 acc 0.0431 eff 0.0 outinratio 0.0535 

ZH126_4l_Nj_pT4l_genbin11_recobin5 acc 0.041 eff 0.0 outinratio 0.0754 

ttH126_4l_Nj_pT4l_genbin11_recobin5 acc 0.1085 eff 0.0 outinratio 2.3698 

ggH126_4l_Nj_pT4l_genbin0_recobin6 acc 0.0714 eff 0.0391 outinratio 0.0606 

VBFH126_4l_Nj_pT4l_genbin0_recobin6 acc 0.0037 eff 0.1016 outinratio 0.0295 

WminusH126_4l_Nj_pT4l_genbin0_recobin6 acc 0.0043 eff -1.0 outinratio 0.0 

WplusH126_4l_Nj_pT4l_genbin0_recobin6 acc 0.0027 eff 0.1316 outinratio 0.1016 

ZH126_4l_Nj_pT4l_genbin0_recobin6 acc 0.0028 eff 0.0872 outinratio 0.136 

ttH126_4l_Nj_pT4l_genbin0_recobin6 acc 0.0 eff -1.0 outinratio 0.2116 

ggH126_4l_Nj_pT4l_genbin1_recobin6 acc 0.0516 eff 0.0472 outinratio 0.0606 

VBFH126_4l_Nj_pT4l_genbin1_recobin6 acc 0.0038 eff 0.1345 outinratio 0.0295 

WminusH126_4l_Nj_pT4l_genbin1_recobin6 acc 0.0021 eff -1.0 outinratio 0.0 

WplusH126_4l_Nj_pT4l_genbin1_recobin6 acc 0.0028 eff 0.0919 outinratio 0.1016 

ZH126_4l_Nj_pT4l_genbin1_recobin6 acc 0.004 eff 0.0763 outinratio 0.136 

ttH126_4l_Nj_pT4l_genbin1_recobin6 acc 0.0 eff -1.0 outinratio 0.2116 

ggH126_4l_Nj_pT4l_genbin2_recobin6 acc 0.0414 eff 0.0633 outinratio 0.0606 

VBFH126_4l_Nj_pT4l_genbin2_recobin6 acc 0.0044 eff 0.0776 outinratio 0.0295 

WminusH126_4l_Nj_pT4l_genbin2_recobin6 acc 0.0107 eff -1.0 outinratio 0.0 

WplusH126_4l_Nj_pT4l_genbin2_recobin6 acc 0.0035 eff 0.1288 outinratio 0.1016 

ZH126_4l_Nj_pT4l_genbin2_recobin6 acc 0.0036 eff 0.1239 outinratio 0.136 

ttH126_4l_Nj_pT4l_genbin2_recobin6 acc 0.0 eff -1.0 outinratio 0.2116 

ggH126_4l_Nj_pT4l_genbin3_recobin6 acc 0.0406 eff 0.0789 outinratio 0.0606 

VBFH126_4l_Nj_pT4l_genbin3_recobin6 acc 0.0057 eff 0.2161 outinratio 0.0295 

WminusH126_4l_Nj_pT4l_genbin3_recobin6 acc 0.0043 eff -1.0 outinratio 0.0 

WplusH126_4l_Nj_pT4l_genbin3_recobin6 acc 0.0058 eff 0.1171 outinratio 0.1016 

ZH126_4l_Nj_pT4l_genbin3_recobin6 acc 0.0059 eff 0.0884 outinratio 0.136 

ttH126_4l_Nj_pT4l_genbin3_recobin6 acc 0.0 eff -1.0 outinratio 0.2116 

ggH126_4l_Nj_pT4l_genbin4_recobin6 acc 0.0347 eff 0.0929 outinratio 0.0606 

VBFH126_4l_Nj_pT4l_genbin4_recobin6 acc 0.0105 eff 0.1746 outinratio 0.0295 

WminusH126_4l_Nj_pT4l_genbin4_recobin6 acc 0.0064 eff -1.0 outinratio 0.0 

WplusH126_4l_Nj_pT4l_genbin4_recobin6 acc 0.0109 eff 0.1203 outinratio 0.1016 

ZH126_4l_Nj_pT4l_genbin4_recobin6 acc 0.0115 eff 0.0901 outinratio 0.136 

ttH126_4l_Nj_pT4l_genbin4_recobin6 acc 0.0002 eff -1.0 outinratio 0.2116 

ggH126_4l_Nj_pT4l_genbin5_recobin6 acc 0.0159 eff 0.0016 outinratio 0.0606 

VBFH126_4l_Nj_pT4l_genbin5_recobin6 acc 0.0098 eff 0.0 outinratio 0.0295 

WminusH126_4l_Nj_pT4l_genbin5_recobin6 acc 0.064 eff 0.0 outinratio 0.0 

WplusH126_4l_Nj_pT4l_genbin5_recobin6 acc 0.0487 eff 0.0009 outinratio 0.1016 

ZH126_4l_Nj_pT4l_genbin5_recobin6 acc 0.0476 eff 0.0054 outinratio 0.136 

ttH126_4l_Nj_pT4l_genbin5_recobin6 acc 0.0004 eff -1.0 outinratio 0.2116 

ggH126_4l_Nj_pT4l_genbin6_recobin6 acc 0.0334 eff 0.34 outinratio 0.0606 

VBFH126_4l_Nj_pT4l_genbin6_recobin6 acc 0.0324 eff 0.3731 outinratio 0.0295 

WminusH126_4l_Nj_pT4l_genbin6_recobin6 acc 0.0171 eff -1.0 outinratio 0.0 

WplusH126_4l_Nj_pT4l_genbin6_recobin6 acc 0.0233 eff 0.3336 outinratio 0.1016 

ZH126_4l_Nj_pT4l_genbin6_recobin6 acc 0.0235 eff 0.3207 outinratio 0.136 

ttH126_4l_Nj_pT4l_genbin6_recobin6 acc 0.0005 eff -1.0 outinratio 0.2116 

ggH126_4l_Nj_pT4l_genbin7_recobin6 acc 0.0301 eff 0.0167 outinratio 0.0606 

VBFH126_4l_Nj_pT4l_genbin7_recobin6 acc 0.039 eff 0.0053 outinratio 0.0295 

WminusH126_4l_Nj_pT4l_genbin7_recobin6 acc 0.0256 eff 0.0 outinratio 0.0 

WplusH126_4l_Nj_pT4l_genbin7_recobin6 acc 0.0203 eff 0.0193 outinratio 0.1016 

ZH126_4l_Nj_pT4l_genbin7_recobin6 acc 0.023 eff 0.0129 outinratio 0.136 

ttH126_4l_Nj_pT4l_genbin7_recobin6 acc 0.0014 eff 0.0528 outinratio 0.2116 

ggH126_4l_Nj_pT4l_genbin8_recobin6 acc 0.0264 eff 0.0 outinratio 0.0606 

VBFH126_4l_Nj_pT4l_genbin8_recobin6 acc 0.0516 eff 0.0 outinratio 0.0295 

WminusH126_4l_Nj_pT4l_genbin8_recobin6 acc 0.0299 eff 0.0 outinratio 0.0 

WplusH126_4l_Nj_pT4l_genbin8_recobin6 acc 0.0264 eff 0.0 outinratio 0.1016 

ZH126_4l_Nj_pT4l_genbin8_recobin6 acc 0.028 eff 0.0 outinratio 0.136 

ttH126_4l_Nj_pT4l_genbin8_recobin6 acc 0.0015 eff 0.0 outinratio 0.2116 

ggH126_4l_Nj_pT4l_genbin9_recobin6 acc 0.0165 eff 0.0 outinratio 0.0606 

VBFH126_4l_Nj_pT4l_genbin9_recobin6 acc 0.0551 eff 0.0 outinratio 0.0295 

WminusH126_4l_Nj_pT4l_genbin9_recobin6 acc 0.0235 eff 0.0 outinratio 0.0 

WplusH126_4l_Nj_pT4l_genbin9_recobin6 acc 0.0277 eff 0.0 outinratio 0.1016 

ZH126_4l_Nj_pT4l_genbin9_recobin6 acc 0.0307 eff 0.0 outinratio 0.136 

ttH126_4l_Nj_pT4l_genbin9_recobin6 acc 0.0041 eff 0.0 outinratio 0.2116 

ggH126_4l_Nj_pT4l_genbin10_recobin6 acc 0.0329 eff 0.0138 outinratio 0.0606 

VBFH126_4l_Nj_pT4l_genbin10_recobin6 acc 0.186 eff 0.0171 outinratio 0.0295 

WminusH126_4l_Nj_pT4l_genbin10_recobin6 acc 0.1237 eff 0.035 outinratio 0.0 

WplusH126_4l_Nj_pT4l_genbin10_recobin6 acc 0.0984 eff 0.0135 outinratio 0.1016 

ZH126_4l_Nj_pT4l_genbin10_recobin6 acc 0.1217 eff 0.0195 outinratio 0.136 

ttH126_4l_Nj_pT4l_genbin10_recobin6 acc 0.2036 eff 0.0013 outinratio 0.2116 

ggH126_4l_Nj_pT4l_genbin11_recobin6 acc 0.0121 eff 0.0 outinratio 0.0606 

VBFH126_4l_Nj_pT4l_genbin11_recobin6 acc 0.0587 eff 0.0 outinratio 0.0295 

WminusH126_4l_Nj_pT4l_genbin11_recobin6 acc 0.0405 eff 0.0 outinratio 0.0 

WplusH126_4l_Nj_pT4l_genbin11_recobin6 acc 0.0431 eff 0.0 outinratio 0.1016 

ZH126_4l_Nj_pT4l_genbin11_recobin6 acc 0.041 eff 0.0 outinratio 0.136 

ttH126_4l_Nj_pT4l_genbin11_recobin6 acc 0.1085 eff 0.0 outinratio 0.2116 

ggH126_4l_Nj_pT4l_genbin0_recobin7 acc 0.0714 eff 0.0 outinratio 0.0486 

VBFH126_4l_Nj_pT4l_genbin0_recobin7 acc 0.0037 eff 0.0 outinratio 0.0256 

WminusH126_4l_Nj_pT4l_genbin0_recobin7 acc 0.0043 eff -1.0 outinratio 0.2139 

WplusH126_4l_Nj_pT4l_genbin0_recobin7 acc 0.0027 eff 0.0 outinratio 0.0753 

ZH126_4l_Nj_pT4l_genbin0_recobin7 acc 0.0028 eff 0.0 outinratio 0.0494 

ttH126_4l_Nj_pT4l_genbin0_recobin7 acc 0.0 eff -1.0 outinratio 0.0 

ggH126_4l_Nj_pT4l_genbin1_recobin7 acc 0.0516 eff 0.0 outinratio 0.0486 

VBFH126_4l_Nj_pT4l_genbin1_recobin7 acc 0.0038 eff 0.0 outinratio 0.0256 

WminusH126_4l_Nj_pT4l_genbin1_recobin7 acc 0.0021 eff -1.0 outinratio 0.2139 

WplusH126_4l_Nj_pT4l_genbin1_recobin7 acc 0.0028 eff 0.0 outinratio 0.0753 

ZH126_4l_Nj_pT4l_genbin1_recobin7 acc 0.004 eff 0.0 outinratio 0.0494 

ttH126_4l_Nj_pT4l_genbin1_recobin7 acc 0.0 eff -1.0 outinratio 0.0 

ggH126_4l_Nj_pT4l_genbin2_recobin7 acc 0.0414 eff 0.0 outinratio 0.0486 

VBFH126_4l_Nj_pT4l_genbin2_recobin7 acc 0.0044 eff 0.0 outinratio 0.0256 

WminusH126_4l_Nj_pT4l_genbin2_recobin7 acc 0.0107 eff -1.0 outinratio 0.2139 

WplusH126_4l_Nj_pT4l_genbin2_recobin7 acc 0.0035 eff 0.0 outinratio 0.0753 

ZH126_4l_Nj_pT4l_genbin2_recobin7 acc 0.0036 eff 0.0 outinratio 0.0494 

ttH126_4l_Nj_pT4l_genbin2_recobin7 acc 0.0 eff -1.0 outinratio 0.0 

ggH126_4l_Nj_pT4l_genbin3_recobin7 acc 0.0406 eff 0.0 outinratio 0.0486 

VBFH126_4l_Nj_pT4l_genbin3_recobin7 acc 0.0057 eff 0.0 outinratio 0.0256 

WminusH126_4l_Nj_pT4l_genbin3_recobin7 acc 0.0043 eff -1.0 outinratio 0.2139 

WplusH126_4l_Nj_pT4l_genbin3_recobin7 acc 0.0058 eff 0.0 outinratio 0.0753 

ZH126_4l_Nj_pT4l_genbin3_recobin7 acc 0.0059 eff 0.0 outinratio 0.0494 

ttH126_4l_Nj_pT4l_genbin3_recobin7 acc 0.0 eff -1.0 outinratio 0.0 

ggH126_4l_Nj_pT4l_genbin4_recobin7 acc 0.0347 eff 0.0052 outinratio 0.0486 

VBFH126_4l_Nj_pT4l_genbin4_recobin7 acc 0.0105 eff 0.031 outinratio 0.0256 

WminusH126_4l_Nj_pT4l_genbin4_recobin7 acc 0.0064 eff -1.0 outinratio 0.2139 

WplusH126_4l_Nj_pT4l_genbin4_recobin7 acc 0.0109 eff 0.0114 outinratio 0.0753 

ZH126_4l_Nj_pT4l_genbin4_recobin7 acc 0.0115 eff 0.0162 outinratio 0.0494 

ttH126_4l_Nj_pT4l_genbin4_recobin7 acc 0.0002 eff -1.0 outinratio 0.0 

ggH126_4l_Nj_pT4l_genbin5_recobin7 acc 0.0159 eff 0.0991 outinratio 0.0486 

VBFH126_4l_Nj_pT4l_genbin5_recobin7 acc 0.0098 eff 0.062 outinratio 0.0256 

WminusH126_4l_Nj_pT4l_genbin5_recobin7 acc 0.064 eff 0.0109 outinratio 0.2139 

WplusH126_4l_Nj_pT4l_genbin5_recobin7 acc 0.0487 eff 0.033 outinratio 0.0753 

ZH126_4l_Nj_pT4l_genbin5_recobin7 acc 0.0476 eff 0.0241 outinratio 0.0494 

ttH126_4l_Nj_pT4l_genbin5_recobin7 acc 0.0004 eff -1.0 outinratio 0.0 

ggH126_4l_Nj_pT4l_genbin6_recobin7 acc 0.0334 eff 0.007 outinratio 0.0486 

VBFH126_4l_Nj_pT4l_genbin6_recobin7 acc 0.0324 eff 0.0135 outinratio 0.0256 

WminusH126_4l_Nj_pT4l_genbin6_recobin7 acc 0.0171 eff -1.0 outinratio 0.2139 

WplusH126_4l_Nj_pT4l_genbin6_recobin7 acc 0.0233 eff 0.0082 outinratio 0.0753 

ZH126_4l_Nj_pT4l_genbin6_recobin7 acc 0.0235 eff 0.0205 outinratio 0.0494 

ttH126_4l_Nj_pT4l_genbin6_recobin7 acc 0.0005 eff -1.0 outinratio 0.0 

ggH126_4l_Nj_pT4l_genbin7_recobin7 acc 0.0301 eff 0.3969 outinratio 0.0486 

VBFH126_4l_Nj_pT4l_genbin7_recobin7 acc 0.039 eff 0.3702 outinratio 0.0256 

WminusH126_4l_Nj_pT4l_genbin7_recobin7 acc 0.0256 eff 0.3118 outinratio 0.2139 

WplusH126_4l_Nj_pT4l_genbin7_recobin7 acc 0.0203 eff 0.3646 outinratio 0.0753 

ZH126_4l_Nj_pT4l_genbin7_recobin7 acc 0.023 eff 0.3556 outinratio 0.0494 

ttH126_4l_Nj_pT4l_genbin7_recobin7 acc 0.0014 eff 0.1999 outinratio 0.0 

ggH126_4l_Nj_pT4l_genbin8_recobin7 acc 0.0264 eff 0.0179 outinratio 0.0486 

VBFH126_4l_Nj_pT4l_genbin8_recobin7 acc 0.0516 eff 0.0101 outinratio 0.0256 

WminusH126_4l_Nj_pT4l_genbin8_recobin7 acc 0.0299 eff 0.0 outinratio 0.2139 

WplusH126_4l_Nj_pT4l_genbin8_recobin7 acc 0.0264 eff 0.015 outinratio 0.0753 

ZH126_4l_Nj_pT4l_genbin8_recobin7 acc 0.028 eff 0.0167 outinratio 0.0494 

ttH126_4l_Nj_pT4l_genbin8_recobin7 acc 0.0015 eff 0.0 outinratio 0.0 

ggH126_4l_Nj_pT4l_genbin9_recobin7 acc 0.0165 eff 0.0 outinratio 0.0486 

VBFH126_4l_Nj_pT4l_genbin9_recobin7 acc 0.0551 eff 0.0 outinratio 0.0256 

WminusH126_4l_Nj_pT4l_genbin9_recobin7 acc 0.0235 eff 0.0 outinratio 0.2139 

WplusH126_4l_Nj_pT4l_genbin9_recobin7 acc 0.0277 eff 0.0 outinratio 0.0753 

ZH126_4l_Nj_pT4l_genbin9_recobin7 acc 0.0307 eff 0.0 outinratio 0.0494 

ttH126_4l_Nj_pT4l_genbin9_recobin7 acc 0.0041 eff 0.0 outinratio 0.0 

ggH126_4l_Nj_pT4l_genbin10_recobin7 acc 0.0329 eff 0.0195 outinratio 0.0486 

VBFH126_4l_Nj_pT4l_genbin10_recobin7 acc 0.186 eff 0.0171 outinratio 0.0256 

WminusH126_4l_Nj_pT4l_genbin10_recobin7 acc 0.1237 eff 0.0317 outinratio 0.2139 

WplusH126_4l_Nj_pT4l_genbin10_recobin7 acc 0.0984 eff 0.0134 outinratio 0.0753 

ZH126_4l_Nj_pT4l_genbin10_recobin7 acc 0.1217 eff 0.0069 outinratio 0.0494 

ttH126_4l_Nj_pT4l_genbin10_recobin7 acc 0.2036 eff 0.0009 outinratio 0.0 

ggH126_4l_Nj_pT4l_genbin11_recobin7 acc 0.0121 eff 0.0 outinratio 0.0486 

VBFH126_4l_Nj_pT4l_genbin11_recobin7 acc 0.0587 eff 0.0 outinratio 0.0256 

WminusH126_4l_Nj_pT4l_genbin11_recobin7 acc 0.0405 eff 0.0 outinratio 0.2139 

WplusH126_4l_Nj_pT4l_genbin11_recobin7 acc 0.0431 eff 0.0 outinratio 0.0753 

ZH126_4l_Nj_pT4l_genbin11_recobin7 acc 0.041 eff 0.0 outinratio 0.0494 

ttH126_4l_Nj_pT4l_genbin11_recobin7 acc 0.1085 eff 0.0 outinratio 0.0 

ggH126_4l_Nj_pT4l_genbin0_recobin8 acc 0.0714 eff 0.0 outinratio 0.0382 

VBFH126_4l_Nj_pT4l_genbin0_recobin8 acc 0.0037 eff 0.0 outinratio 0.0338 

WminusH126_4l_Nj_pT4l_genbin0_recobin8 acc 0.0043 eff -1.0 outinratio 0.1238 

WplusH126_4l_Nj_pT4l_genbin0_recobin8 acc 0.0027 eff 0.0 outinratio 0.0857 

ZH126_4l_Nj_pT4l_genbin0_recobin8 acc 0.0028 eff 0.0 outinratio 0.0878 

ttH126_4l_Nj_pT4l_genbin0_recobin8 acc 0.0 eff -1.0 outinratio 0.3199 

ggH126_4l_Nj_pT4l_genbin1_recobin8 acc 0.0516 eff 0.0 outinratio 0.0382 

VBFH126_4l_Nj_pT4l_genbin1_recobin8 acc 0.0038 eff 0.0 outinratio 0.0338 

WminusH126_4l_Nj_pT4l_genbin1_recobin8 acc 0.0021 eff -1.0 outinratio 0.1238 

WplusH126_4l_Nj_pT4l_genbin1_recobin8 acc 0.0028 eff 0.0 outinratio 0.0857 

ZH126_4l_Nj_pT4l_genbin1_recobin8 acc 0.004 eff 0.0 outinratio 0.0878 

ttH126_4l_Nj_pT4l_genbin1_recobin8 acc 0.0 eff -1.0 outinratio 0.3199 

ggH126_4l_Nj_pT4l_genbin2_recobin8 acc 0.0414 eff 0.0 outinratio 0.0382 

VBFH126_4l_Nj_pT4l_genbin2_recobin8 acc 0.0044 eff 0.0 outinratio 0.0338 

WminusH126_4l_Nj_pT4l_genbin2_recobin8 acc 0.0107 eff -1.0 outinratio 0.1238 

WplusH126_4l_Nj_pT4l_genbin2_recobin8 acc 0.0035 eff 0.0 outinratio 0.0857 

ZH126_4l_Nj_pT4l_genbin2_recobin8 acc 0.0036 eff 0.0 outinratio 0.0878 

ttH126_4l_Nj_pT4l_genbin2_recobin8 acc 0.0 eff -1.0 outinratio 0.3199 

ggH126_4l_Nj_pT4l_genbin3_recobin8 acc 0.0406 eff 0.0 outinratio 0.0382 

VBFH126_4l_Nj_pT4l_genbin3_recobin8 acc 0.0057 eff 0.0 outinratio 0.0338 

WminusH126_4l_Nj_pT4l_genbin3_recobin8 acc 0.0043 eff -1.0 outinratio 0.1238 

WplusH126_4l_Nj_pT4l_genbin3_recobin8 acc 0.0058 eff 0.0 outinratio 0.0857 

ZH126_4l_Nj_pT4l_genbin3_recobin8 acc 0.0059 eff 0.0 outinratio 0.0878 

ttH126_4l_Nj_pT4l_genbin3_recobin8 acc 0.0 eff -1.0 outinratio 0.3199 

ggH126_4l_Nj_pT4l_genbin4_recobin8 acc 0.0347 eff 0.0 outinratio 0.0382 

VBFH126_4l_Nj_pT4l_genbin4_recobin8 acc 0.0105 eff 0.0 outinratio 0.0338 

WminusH126_4l_Nj_pT4l_genbin4_recobin8 acc 0.0064 eff -1.0 outinratio 0.1238 

WplusH126_4l_Nj_pT4l_genbin4_recobin8 acc 0.0109 eff 0.0 outinratio 0.0857 

ZH126_4l_Nj_pT4l_genbin4_recobin8 acc 0.0115 eff 0.0 outinratio 0.0878 

ttH126_4l_Nj_pT4l_genbin4_recobin8 acc 0.0002 eff -1.0 outinratio 0.3199 

ggH126_4l_Nj_pT4l_genbin5_recobin8 acc 0.0159 eff 0.0263 outinratio 0.0382 

VBFH126_4l_Nj_pT4l_genbin5_recobin8 acc 0.0098 eff 0.0383 outinratio 0.0338 

WminusH126_4l_Nj_pT4l_genbin5_recobin8 acc 0.064 eff 0.0256 outinratio 0.1238 

WplusH126_4l_Nj_pT4l_genbin5_recobin8 acc 0.0487 eff 0.0393 outinratio 0.0857 

ZH126_4l_Nj_pT4l_genbin5_recobin8 acc 0.0476 eff 0.016 outinratio 0.0878 

ttH126_4l_Nj_pT4l_genbin5_recobin8 acc 0.0004 eff -1.0 outinratio 0.3199 

ggH126_4l_Nj_pT4l_genbin6_recobin8 acc 0.0334 eff 0.0 outinratio 0.0382 

VBFH126_4l_Nj_pT4l_genbin6_recobin8 acc 0.0324 eff 0.0 outinratio 0.0338 

WminusH126_4l_Nj_pT4l_genbin6_recobin8 acc 0.0171 eff -1.0 outinratio 0.1238 

WplusH126_4l_Nj_pT4l_genbin6_recobin8 acc 0.0233 eff 0.0 outinratio 0.0857 

ZH126_4l_Nj_pT4l_genbin6_recobin8 acc 0.0235 eff 0.0 outinratio 0.0878 

ttH126_4l_Nj_pT4l_genbin6_recobin8 acc 0.0005 eff -1.0 outinratio 0.3199 

ggH126_4l_Nj_pT4l_genbin7_recobin8 acc 0.0301 eff 0.0113 outinratio 0.0382 

VBFH126_4l_Nj_pT4l_genbin7_recobin8 acc 0.039 eff 0.0045 outinratio 0.0338 

WminusH126_4l_Nj_pT4l_genbin7_recobin8 acc 0.0256 eff 0.0 outinratio 0.1238 

WplusH126_4l_Nj_pT4l_genbin7_recobin8 acc 0.0203 eff 0.0111 outinratio 0.0857 

ZH126_4l_Nj_pT4l_genbin7_recobin8 acc 0.023 eff 0.0166 outinratio 0.0878 

ttH126_4l_Nj_pT4l_genbin7_recobin8 acc 0.0014 eff 0.0 outinratio 0.3199 

ggH126_4l_Nj_pT4l_genbin8_recobin8 acc 0.0264 eff 0.4388 outinratio 0.0382 

VBFH126_4l_Nj_pT4l_genbin8_recobin8 acc 0.0516 eff 0.3938 outinratio 0.0338 

WminusH126_4l_Nj_pT4l_genbin8_recobin8 acc 0.0299 eff 0.1699 outinratio 0.1238 

WplusH126_4l_Nj_pT4l_genbin8_recobin8 acc 0.0264 eff 0.352 outinratio 0.0857 

ZH126_4l_Nj_pT4l_genbin8_recobin8 acc 0.028 eff 0.3665 outinratio 0.0878 

ttH126_4l_Nj_pT4l_genbin8_recobin8 acc 0.0015 eff 0.1417 outinratio 0.3199 

ggH126_4l_Nj_pT4l_genbin9_recobin8 acc 0.0165 eff 0.0111 outinratio 0.0382 

VBFH126_4l_Nj_pT4l_genbin9_recobin8 acc 0.0551 eff 0.0046 outinratio 0.0338 

WminusH126_4l_Nj_pT4l_genbin9_recobin8 acc 0.0235 eff 0.0803 outinratio 0.1238 

WplusH126_4l_Nj_pT4l_genbin9_recobin8 acc 0.0277 eff 0.0073 outinratio 0.0857 

ZH126_4l_Nj_pT4l_genbin9_recobin8 acc 0.0307 eff 0.0073 outinratio 0.0878 

ttH126_4l_Nj_pT4l_genbin9_recobin8 acc 0.0041 eff 0.0 outinratio 0.3199 

ggH126_4l_Nj_pT4l_genbin10_recobin8 acc 0.0329 eff 0.04 outinratio 0.0382 

VBFH126_4l_Nj_pT4l_genbin10_recobin8 acc 0.186 eff 0.0273 outinratio 0.0338 

WminusH126_4l_Nj_pT4l_genbin10_recobin8 acc 0.1237 eff 0.0191 outinratio 0.1238 

WplusH126_4l_Nj_pT4l_genbin10_recobin8 acc 0.0984 eff 0.0247 outinratio 0.0857 

ZH126_4l_Nj_pT4l_genbin10_recobin8 acc 0.1217 eff 0.0218 outinratio 0.0878 

ttH126_4l_Nj_pT4l_genbin10_recobin8 acc 0.2036 eff 0.0004 outinratio 0.3199 

ggH126_4l_Nj_pT4l_genbin11_recobin8 acc 0.0121 eff 0.0 outinratio 0.0382 

VBFH126_4l_Nj_pT4l_genbin11_recobin8 acc 0.0587 eff 0.0 outinratio 0.0338 

WminusH126_4l_Nj_pT4l_genbin11_recobin8 acc 0.0405 eff 0.0 outinratio 0.1238 

WplusH126_4l_Nj_pT4l_genbin11_recobin8 acc 0.0431 eff 0.0 outinratio 0.0857 

ZH126_4l_Nj_pT4l_genbin11_recobin8 acc 0.041 eff 0.0 outinratio 0.0878 

ttH126_4l_Nj_pT4l_genbin11_recobin8 acc 0.1085 eff 0.0 outinratio 0.3199 

ggH126_4l_Nj_pT4l_genbin0_recobin9 acc 0.0714 eff 0.0 outinratio 0.0372 

VBFH126_4l_Nj_pT4l_genbin0_recobin9 acc 0.0037 eff 0.0 outinratio 0.0419 

WminusH126_4l_Nj_pT4l_genbin0_recobin9 acc 0.0043 eff -1.0 outinratio 0.0 

WplusH126_4l_Nj_pT4l_genbin0_recobin9 acc 0.0027 eff 0.0 outinratio 0.0574 

ZH126_4l_Nj_pT4l_genbin0_recobin9 acc 0.0028 eff 0.0 outinratio 0.0522 

ttH126_4l_Nj_pT4l_genbin0_recobin9 acc 0.0 eff -1.0 outinratio 0.0739 

ggH126_4l_Nj_pT4l_genbin1_recobin9 acc 0.0516 eff 0.0 outinratio 0.0372 

VBFH126_4l_Nj_pT4l_genbin1_recobin9 acc 0.0038 eff 0.0 outinratio 0.0419 

WminusH126_4l_Nj_pT4l_genbin1_recobin9 acc 0.0021 eff -1.0 outinratio 0.0 

WplusH126_4l_Nj_pT4l_genbin1_recobin9 acc 0.0028 eff 0.0 outinratio 0.0574 

ZH126_4l_Nj_pT4l_genbin1_recobin9 acc 0.004 eff 0.0 outinratio 0.0522 

ttH126_4l_Nj_pT4l_genbin1_recobin9 acc 0.0 eff -1.0 outinratio 0.0739 

ggH126_4l_Nj_pT4l_genbin2_recobin9 acc 0.0414 eff 0.0 outinratio 0.0372 

VBFH126_4l_Nj_pT4l_genbin2_recobin9 acc 0.0044 eff 0.0 outinratio 0.0419 

WminusH126_4l_Nj_pT4l_genbin2_recobin9 acc 0.0107 eff -1.0 outinratio 0.0 

WplusH126_4l_Nj_pT4l_genbin2_recobin9 acc 0.0035 eff 0.0 outinratio 0.0574 

ZH126_4l_Nj_pT4l_genbin2_recobin9 acc 0.0036 eff 0.0 outinratio 0.0522 

ttH126_4l_Nj_pT4l_genbin2_recobin9 acc 0.0 eff -1.0 outinratio 0.0739 

ggH126_4l_Nj_pT4l_genbin3_recobin9 acc 0.0406 eff 0.0 outinratio 0.0372 

VBFH126_4l_Nj_pT4l_genbin3_recobin9 acc 0.0057 eff 0.0 outinratio 0.0419 

WminusH126_4l_Nj_pT4l_genbin3_recobin9 acc 0.0043 eff -1.0 outinratio 0.0 

WplusH126_4l_Nj_pT4l_genbin3_recobin9 acc 0.0058 eff 0.0 outinratio 0.0574 

ZH126_4l_Nj_pT4l_genbin3_recobin9 acc 0.0059 eff 0.0 outinratio 0.0522 

ttH126_4l_Nj_pT4l_genbin3_recobin9 acc 0.0 eff -1.0 outinratio 0.0739 

ggH126_4l_Nj_pT4l_genbin4_recobin9 acc 0.0347 eff 0.0 outinratio 0.0372 

VBFH126_4l_Nj_pT4l_genbin4_recobin9 acc 0.0105 eff 0.0 outinratio 0.0419 

WminusH126_4l_Nj_pT4l_genbin4_recobin9 acc 0.0064 eff -1.0 outinratio 0.0 

WplusH126_4l_Nj_pT4l_genbin4_recobin9 acc 0.0109 eff 0.0 outinratio 0.0574 

ZH126_4l_Nj_pT4l_genbin4_recobin9 acc 0.0115 eff 0.0 outinratio 0.0522 

ttH126_4l_Nj_pT4l_genbin4_recobin9 acc 0.0002 eff -1.0 outinratio 0.0739 

ggH126_4l_Nj_pT4l_genbin5_recobin9 acc 0.0159 eff 0.0019 outinratio 0.0372 

VBFH126_4l_Nj_pT4l_genbin5_recobin9 acc 0.0098 eff 0.0 outinratio 0.0419 

WminusH126_4l_Nj_pT4l_genbin5_recobin9 acc 0.064 eff 0.0768 outinratio 0.0 

WplusH126_4l_Nj_pT4l_genbin5_recobin9 acc 0.0487 eff 0.065 outinratio 0.0574 

ZH126_4l_Nj_pT4l_genbin5_recobin9 acc 0.0476 eff 0.0422 outinratio 0.0522 

ttH126_4l_Nj_pT4l_genbin5_recobin9 acc 0.0004 eff -1.0 outinratio 0.0739 

ggH126_4l_Nj_pT4l_genbin6_recobin9 acc 0.0334 eff 0.0 outinratio 0.0372 

VBFH126_4l_Nj_pT4l_genbin6_recobin9 acc 0.0324 eff 0.0 outinratio 0.0419 

WminusH126_4l_Nj_pT4l_genbin6_recobin9 acc 0.0171 eff -1.0 outinratio 0.0 

WplusH126_4l_Nj_pT4l_genbin6_recobin9 acc 0.0233 eff 0.0 outinratio 0.0574 

ZH126_4l_Nj_pT4l_genbin6_recobin9 acc 0.0235 eff 0.0 outinratio 0.0522 

ttH126_4l_Nj_pT4l_genbin6_recobin9 acc 0.0005 eff -1.0 outinratio 0.0739 

ggH126_4l_Nj_pT4l_genbin7_recobin9 acc 0.0301 eff 0.0 outinratio 0.0372 

VBFH126_4l_Nj_pT4l_genbin7_recobin9 acc 0.039 eff 0.0 outinratio 0.0419 

WminusH126_4l_Nj_pT4l_genbin7_recobin9 acc 0.0256 eff 0.0 outinratio 0.0 

WplusH126_4l_Nj_pT4l_genbin7_recobin9 acc 0.0203 eff 0.0 outinratio 0.0574 

ZH126_4l_Nj_pT4l_genbin7_recobin9 acc 0.023 eff 0.0 outinratio 0.0522 

ttH126_4l_Nj_pT4l_genbin7_recobin9 acc 0.0014 eff 0.0 outinratio 0.0739 

ggH126_4l_Nj_pT4l_genbin8_recobin9 acc 0.0264 eff 0.007 outinratio 0.0372 

VBFH126_4l_Nj_pT4l_genbin8_recobin9 acc 0.0516 eff 0.0152 outinratio 0.0419 

WminusH126_4l_Nj_pT4l_genbin8_recobin9 acc 0.0299 eff 0.0 outinratio 0.0 

WplusH126_4l_Nj_pT4l_genbin8_recobin9 acc 0.0264 eff 0.0089 outinratio 0.0574 

ZH126_4l_Nj_pT4l_genbin8_recobin9 acc 0.028 eff 0.0 outinratio 0.0522 

ttH126_4l_Nj_pT4l_genbin8_recobin9 acc 0.0015 eff 0.0 outinratio 0.0739 

ggH126_4l_Nj_pT4l_genbin9_recobin9 acc 0.0165 eff 0.4646 outinratio 0.0372 

VBFH126_4l_Nj_pT4l_genbin9_recobin9 acc 0.0551 eff 0.415 outinratio 0.0419 

WminusH126_4l_Nj_pT4l_genbin9_recobin9 acc 0.0235 eff 0.6317 outinratio 0.0 

WplusH126_4l_Nj_pT4l_genbin9_recobin9 acc 0.0277 eff 0.4165 outinratio 0.0574 

ZH126_4l_Nj_pT4l_genbin9_recobin9 acc 0.0307 eff 0.3803 outinratio 0.0522 

ttH126_4l_Nj_pT4l_genbin9_recobin9 acc 0.0041 eff 0.2304 outinratio 0.0739 

ggH126_4l_Nj_pT4l_genbin10_recobin9 acc 0.0329 eff 0.0273 outinratio 0.0372 

VBFH126_4l_Nj_pT4l_genbin10_recobin9 acc 0.186 eff 0.0214 outinratio 0.0419 

WminusH126_4l_Nj_pT4l_genbin10_recobin9 acc 0.1237 eff 0.0 outinratio 0.0 

WplusH126_4l_Nj_pT4l_genbin10_recobin9 acc 0.0984 eff 0.0212 outinratio 0.0574 

ZH126_4l_Nj_pT4l_genbin10_recobin9 acc 0.1217 eff 0.015 outinratio 0.0522 

ttH126_4l_Nj_pT4l_genbin10_recobin9 acc 0.2036 eff 0.0012 outinratio 0.0739 

ggH126_4l_Nj_pT4l_genbin11_recobin9 acc 0.0121 eff 0.0411 outinratio 0.0372 

VBFH126_4l_Nj_pT4l_genbin11_recobin9 acc 0.0587 eff 0.063 outinratio 0.0419 

WminusH126_4l_Nj_pT4l_genbin11_recobin9 acc 0.0405 eff -0.0088 outinratio 0.0 

WplusH126_4l_Nj_pT4l_genbin11_recobin9 acc 0.0431 eff 0.0253 outinratio 0.0574 

ZH126_4l_Nj_pT4l_genbin11_recobin9 acc 0.041 eff 0.0275 outinratio 0.0522 

ttH126_4l_Nj_pT4l_genbin11_recobin9 acc 0.1085 eff 0.0007 outinratio 0.0739 

ggH126_4l_Nj_pT4l_genbin0_recobin10 acc 0.0714 eff 0.0032 outinratio 0.0889 

VBFH126_4l_Nj_pT4l_genbin0_recobin10 acc 0.0037 eff 0.0 outinratio 0.0365 

WminusH126_4l_Nj_pT4l_genbin0_recobin10 acc 0.0043 eff -1.0 outinratio 0.0205 

WplusH126_4l_Nj_pT4l_genbin0_recobin10 acc 0.0027 eff 0.0093 outinratio 0.084 

ZH126_4l_Nj_pT4l_genbin0_recobin10 acc 0.0028 eff 0.0507 outinratio 0.1036 

ttH126_4l_Nj_pT4l_genbin0_recobin10 acc 0.0 eff -1.0 outinratio 0.1711 

ggH126_4l_Nj_pT4l_genbin1_recobin10 acc 0.0516 eff 0.0048 outinratio 0.0889 

VBFH126_4l_Nj_pT4l_genbin1_recobin10 acc 0.0038 eff 0.0 outinratio 0.0365 

WminusH126_4l_Nj_pT4l_genbin1_recobin10 acc 0.0021 eff -1.0 outinratio 0.0205 

WplusH126_4l_Nj_pT4l_genbin1_recobin10 acc 0.0028 eff 0.0207 outinratio 0.084 

ZH126_4l_Nj_pT4l_genbin1_recobin10 acc 0.004 eff 0.0 outinratio 0.1036 

ttH126_4l_Nj_pT4l_genbin1_recobin10 acc 0.0 eff -1.0 outinratio 0.1711 

ggH126_4l_Nj_pT4l_genbin2_recobin10 acc 0.0414 eff 0.0066 outinratio 0.0889 

VBFH126_4l_Nj_pT4l_genbin2_recobin10 acc 0.0044 eff 0.0243 outinratio 0.0365 

WminusH126_4l_Nj_pT4l_genbin2_recobin10 acc 0.0107 eff -1.0 outinratio 0.0205 

WplusH126_4l_Nj_pT4l_genbin2_recobin10 acc 0.0035 eff 0.011 outinratio 0.084 

ZH126_4l_Nj_pT4l_genbin2_recobin10 acc 0.0036 eff 0.0245 outinratio 0.1036 

ttH126_4l_Nj_pT4l_genbin2_recobin10 acc 0.0 eff -1.0 outinratio 0.1711 

ggH126_4l_Nj_pT4l_genbin3_recobin10 acc 0.0406 eff 0.0056 outinratio 0.0889 

VBFH126_4l_Nj_pT4l_genbin3_recobin10 acc 0.0057 eff 0.0 outinratio 0.0365 

WminusH126_4l_Nj_pT4l_genbin3_recobin10 acc 0.0043 eff -1.0 outinratio 0.0205 

WplusH126_4l_Nj_pT4l_genbin3_recobin10 acc 0.0058 eff 0.0204 outinratio 0.084 

ZH126_4l_Nj_pT4l_genbin3_recobin10 acc 0.0059 eff 0.0269 outinratio 0.1036 

ttH126_4l_Nj_pT4l_genbin3_recobin10 acc 0.0 eff -1.0 outinratio 0.1711 

ggH126_4l_Nj_pT4l_genbin4_recobin10 acc 0.0347 eff 0.0091 outinratio 0.0889 

VBFH126_4l_Nj_pT4l_genbin4_recobin10 acc 0.0105 eff 0.0594 outinratio 0.0365 

WminusH126_4l_Nj_pT4l_genbin4_recobin10 acc 0.0064 eff -1.0 outinratio 0.0205 

WplusH126_4l_Nj_pT4l_genbin4_recobin10 acc 0.0109 eff 0.0097 outinratio 0.084 

ZH126_4l_Nj_pT4l_genbin4_recobin10 acc 0.0115 eff 0.0235 outinratio 0.1036 

ttH126_4l_Nj_pT4l_genbin4_recobin10 acc 0.0002 eff -1.0 outinratio 0.1711 

ggH126_4l_Nj_pT4l_genbin5_recobin10 acc 0.0159 eff 0.0259 outinratio 0.0889 

VBFH126_4l_Nj_pT4l_genbin5_recobin10 acc 0.0098 eff 0.0197 outinratio 0.0365 

WminusH126_4l_Nj_pT4l_genbin5_recobin10 acc 0.064 eff 0.047 outinratio 0.0205 

WplusH126_4l_Nj_pT4l_genbin5_recobin10 acc 0.0487 eff 0.0158 outinratio 0.084 

ZH126_4l_Nj_pT4l_genbin5_recobin10 acc 0.0476 eff 0.0057 outinratio 0.1036 

ttH126_4l_Nj_pT4l_genbin5_recobin10 acc 0.0004 eff -1.0 outinratio 0.1711 

ggH126_4l_Nj_pT4l_genbin6_recobin10 acc 0.0334 eff 0.0542 outinratio 0.0889 

VBFH126_4l_Nj_pT4l_genbin6_recobin10 acc 0.0324 eff 0.0994 outinratio 0.0365 

WminusH126_4l_Nj_pT4l_genbin6_recobin10 acc 0.0171 eff -1.0 outinratio 0.0205 

WplusH126_4l_Nj_pT4l_genbin6_recobin10 acc 0.0233 eff 0.1101 outinratio 0.084 

ZH126_4l_Nj_pT4l_genbin6_recobin10 acc 0.0235 eff 0.121 outinratio 0.1036 

ttH126_4l_Nj_pT4l_genbin6_recobin10 acc 0.0005 eff -1.0 outinratio 0.1711 

ggH126_4l_Nj_pT4l_genbin7_recobin10 acc 0.0301 eff 0.062 outinratio 0.0889 

VBFH126_4l_Nj_pT4l_genbin7_recobin10 acc 0.039 eff 0.0914 outinratio 0.0365 

WminusH126_4l_Nj_pT4l_genbin7_recobin10 acc 0.0256 eff 0.1947 outinratio 0.0205 

WplusH126_4l_Nj_pT4l_genbin7_recobin10 acc 0.0203 eff 0.1068 outinratio 0.084 

ZH126_4l_Nj_pT4l_genbin7_recobin10 acc 0.023 eff 0.1082 outinratio 0.1036 

ttH126_4l_Nj_pT4l_genbin7_recobin10 acc 0.0014 eff 0.2311 outinratio 0.1711 

ggH126_4l_Nj_pT4l_genbin8_recobin10 acc 0.0264 eff 0.0798 outinratio 0.0889 

VBFH126_4l_Nj_pT4l_genbin8_recobin10 acc 0.0516 eff 0.097 outinratio 0.0365 

WminusH126_4l_Nj_pT4l_genbin8_recobin10 acc 0.0299 eff 0.0 outinratio 0.0205 

WplusH126_4l_Nj_pT4l_genbin8_recobin10 acc 0.0264 eff 0.1273 outinratio 0.084 

ZH126_4l_Nj_pT4l_genbin8_recobin10 acc 0.028 eff 0.1144 outinratio 0.1036 

ttH126_4l_Nj_pT4l_genbin8_recobin10 acc 0.0015 eff 0.5213 outinratio 0.1711 

ggH126_4l_Nj_pT4l_genbin9_recobin10 acc 0.0165 eff 0.0419 outinratio 0.0889 

VBFH126_4l_Nj_pT4l_genbin9_recobin10 acc 0.0551 eff 0.09 outinratio 0.0365 

WminusH126_4l_Nj_pT4l_genbin9_recobin10 acc 0.0235 eff 0.1769 outinratio 0.0205 

WplusH126_4l_Nj_pT4l_genbin9_recobin10 acc 0.0277 eff 0.0784 outinratio 0.084 

ZH126_4l_Nj_pT4l_genbin9_recobin10 acc 0.0307 eff 0.0858 outinratio 0.1036 

ttH126_4l_Nj_pT4l_genbin9_recobin10 acc 0.0041 eff 0.1024 outinratio 0.1711 

ggH126_4l_Nj_pT4l_genbin10_recobin10 acc 0.0329 eff 0.4549 outinratio 0.0889 

VBFH126_4l_Nj_pT4l_genbin10_recobin10 acc 0.186 eff 0.4604 outinratio 0.0365 

WminusH126_4l_Nj_pT4l_genbin10_recobin10 acc 0.1237 eff 0.4693 outinratio 0.0205 

WplusH126_4l_Nj_pT4l_genbin10_recobin10 acc 0.0984 eff 0.4742 outinratio 0.084 

ZH126_4l_Nj_pT4l_genbin10_recobin10 acc 0.1217 eff 0.4883 outinratio 0.1036 

ttH126_4l_Nj_pT4l_genbin10_recobin10 acc 0.2036 eff 0.5114 outinratio 0.1711 

ggH126_4l_Nj_pT4l_genbin11_recobin10 acc 0.0121 eff 0.0125 outinratio 0.0889 

VBFH126_4l_Nj_pT4l_genbin11_recobin10 acc 0.0587 eff 0.0213 outinratio 0.0365 

WminusH126_4l_Nj_pT4l_genbin11_recobin10 acc 0.0405 eff 0.0 outinratio 0.0205 

WplusH126_4l_Nj_pT4l_genbin11_recobin10 acc 0.0431 eff 0.0115 outinratio 0.084 

ZH126_4l_Nj_pT4l_genbin11_recobin10 acc 0.041 eff 0.0096 outinratio 0.1036 

ttH126_4l_Nj_pT4l_genbin11_recobin10 acc 0.1085 eff 0.0081 outinratio 0.1711 

ggH126_4l_Nj_pT4l_genbin0_recobin11 acc 0.0714 eff 0.0 outinratio 0.0352 

VBFH126_4l_Nj_pT4l_genbin0_recobin11 acc 0.0037 eff 0.0 outinratio 0.0299 

WminusH126_4l_Nj_pT4l_genbin0_recobin11 acc 0.0043 eff -1.0 outinratio 0.0 

WplusH126_4l_Nj_pT4l_genbin0_recobin11 acc 0.0027 eff 0.0 outinratio 0.0492 

ZH126_4l_Nj_pT4l_genbin0_recobin11 acc 0.0028 eff 0.0 outinratio 0.0532 

ttH126_4l_Nj_pT4l_genbin0_recobin11 acc 0.0 eff -1.0 outinratio 0.1582 

ggH126_4l_Nj_pT4l_genbin1_recobin11 acc 0.0516 eff 0.0 outinratio 0.0352 

VBFH126_4l_Nj_pT4l_genbin1_recobin11 acc 0.0038 eff 0.0 outinratio 0.0299 

WminusH126_4l_Nj_pT4l_genbin1_recobin11 acc 0.0021 eff -1.0 outinratio 0.0 

WplusH126_4l_Nj_pT4l_genbin1_recobin11 acc 0.0028 eff 0.0 outinratio 0.0492 

ZH126_4l_Nj_pT4l_genbin1_recobin11 acc 0.004 eff 0.0 outinratio 0.0532 

ttH126_4l_Nj_pT4l_genbin1_recobin11 acc 0.0 eff -1.0 outinratio 0.1582 

ggH126_4l_Nj_pT4l_genbin2_recobin11 acc 0.0414 eff 0.0 outinratio 0.0352 

VBFH126_4l_Nj_pT4l_genbin2_recobin11 acc 0.0044 eff 0.0 outinratio 0.0299 

WminusH126_4l_Nj_pT4l_genbin2_recobin11 acc 0.0107 eff -1.0 outinratio 0.0 

WplusH126_4l_Nj_pT4l_genbin2_recobin11 acc 0.0035 eff 0.0 outinratio 0.0492 

ZH126_4l_Nj_pT4l_genbin2_recobin11 acc 0.0036 eff 0.0 outinratio 0.0532 

ttH126_4l_Nj_pT4l_genbin2_recobin11 acc 0.0 eff -1.0 outinratio 0.1582 

ggH126_4l_Nj_pT4l_genbin3_recobin11 acc 0.0406 eff 0.0 outinratio 0.0352 

VBFH126_4l_Nj_pT4l_genbin3_recobin11 acc 0.0057 eff 0.0 outinratio 0.0299 

WminusH126_4l_Nj_pT4l_genbin3_recobin11 acc 0.0043 eff -1.0 outinratio 0.0 

WplusH126_4l_Nj_pT4l_genbin3_recobin11 acc 0.0058 eff 0.0 outinratio 0.0492 

ZH126_4l_Nj_pT4l_genbin3_recobin11 acc 0.0059 eff 0.0 outinratio 0.0532 

ttH126_4l_Nj_pT4l_genbin3_recobin11 acc 0.0 eff -1.0 outinratio 0.1582 

ggH126_4l_Nj_pT4l_genbin4_recobin11 acc 0.0347 eff 0.0 outinratio 0.0352 

VBFH126_4l_Nj_pT4l_genbin4_recobin11 acc 0.0105 eff 0.0 outinratio 0.0299 

WminusH126_4l_Nj_pT4l_genbin4_recobin11 acc 0.0064 eff -1.0 outinratio 0.0 

WplusH126_4l_Nj_pT4l_genbin4_recobin11 acc 0.0109 eff 0.0 outinratio 0.0492 

ZH126_4l_Nj_pT4l_genbin4_recobin11 acc 0.0115 eff 0.0 outinratio 0.0532 

ttH126_4l_Nj_pT4l_genbin4_recobin11 acc 0.0002 eff -1.0 outinratio 0.1582 

ggH126_4l_Nj_pT4l_genbin5_recobin11 acc 0.0159 eff 0.0 outinratio 0.0352 

VBFH126_4l_Nj_pT4l_genbin5_recobin11 acc 0.0098 eff 0.0 outinratio 0.0299 

WminusH126_4l_Nj_pT4l_genbin5_recobin11 acc 0.064 eff 0.0 outinratio 0.0 

WplusH126_4l_Nj_pT4l_genbin5_recobin11 acc 0.0487 eff 0.0036 outinratio 0.0492 

ZH126_4l_Nj_pT4l_genbin5_recobin11 acc 0.0476 eff 0.0035 outinratio 0.0532 

ttH126_4l_Nj_pT4l_genbin5_recobin11 acc 0.0004 eff -1.0 outinratio 0.1582 

ggH126_4l_Nj_pT4l_genbin6_recobin11 acc 0.0334 eff 0.0 outinratio 0.0352 

VBFH126_4l_Nj_pT4l_genbin6_recobin11 acc 0.0324 eff 0.0 outinratio 0.0299 

WminusH126_4l_Nj_pT4l_genbin6_recobin11 acc 0.0171 eff -1.0 outinratio 0.0 

WplusH126_4l_Nj_pT4l_genbin6_recobin11 acc 0.0233 eff 0.0 outinratio 0.0492 

ZH126_4l_Nj_pT4l_genbin6_recobin11 acc 0.0235 eff 0.0 outinratio 0.0532 

ttH126_4l_Nj_pT4l_genbin6_recobin11 acc 0.0005 eff -1.0 outinratio 0.1582 

ggH126_4l_Nj_pT4l_genbin7_recobin11 acc 0.0301 eff 0.0 outinratio 0.0352 

VBFH126_4l_Nj_pT4l_genbin7_recobin11 acc 0.039 eff 0.0 outinratio 0.0299 

WminusH126_4l_Nj_pT4l_genbin7_recobin11 acc 0.0256 eff 0.0 outinratio 0.0 

WplusH126_4l_Nj_pT4l_genbin7_recobin11 acc 0.0203 eff 0.0 outinratio 0.0492 

ZH126_4l_Nj_pT4l_genbin7_recobin11 acc 0.023 eff 0.0 outinratio 0.0532 

ttH126_4l_Nj_pT4l_genbin7_recobin11 acc 0.0014 eff 0.0 outinratio 0.1582 

ggH126_4l_Nj_pT4l_genbin8_recobin11 acc 0.0264 eff 0.0 outinratio 0.0352 

VBFH126_4l_Nj_pT4l_genbin8_recobin11 acc 0.0516 eff 0.0 outinratio 0.0299 

WminusH126_4l_Nj_pT4l_genbin8_recobin11 acc 0.0299 eff 0.0 outinratio 0.0 

WplusH126_4l_Nj_pT4l_genbin8_recobin11 acc 0.0264 eff 0.0 outinratio 0.0492 

ZH126_4l_Nj_pT4l_genbin8_recobin11 acc 0.028 eff 0.0 outinratio 0.0532 

ttH126_4l_Nj_pT4l_genbin8_recobin11 acc 0.0015 eff 0.0 outinratio 0.1582 

ggH126_4l_Nj_pT4l_genbin9_recobin11 acc 0.0165 eff 0.0236 outinratio 0.0352 

VBFH126_4l_Nj_pT4l_genbin9_recobin11 acc 0.0551 eff 0.0546 outinratio 0.0299 

WminusH126_4l_Nj_pT4l_genbin9_recobin11 acc 0.0235 eff 0.0 outinratio 0.0 

WplusH126_4l_Nj_pT4l_genbin9_recobin11 acc 0.0277 eff 0.0481 outinratio 0.0492 

ZH126_4l_Nj_pT4l_genbin9_recobin11 acc 0.0307 eff 0.0512 outinratio 0.0532 

ttH126_4l_Nj_pT4l_genbin9_recobin11 acc 0.0041 eff 0.285 outinratio 0.1582 

ggH126_4l_Nj_pT4l_genbin10_recobin11 acc 0.0329 eff 0.0043 outinratio 0.0352 

VBFH126_4l_Nj_pT4l_genbin10_recobin11 acc 0.186 eff 0.0034 outinratio 0.0299 

WminusH126_4l_Nj_pT4l_genbin10_recobin11 acc 0.1237 eff 0.0 outinratio 0.0 

WplusH126_4l_Nj_pT4l_genbin10_recobin11 acc 0.0984 eff 0.0026 outinratio 0.0492 

ZH126_4l_Nj_pT4l_genbin10_recobin11 acc 0.1217 eff 0.0012 outinratio 0.0532 

ttH126_4l_Nj_pT4l_genbin10_recobin11 acc 0.2036 eff 0.0033 outinratio 0.1582 

ggH126_4l_Nj_pT4l_genbin11_recobin11 acc 0.0121 eff 0.5231 outinratio 0.0352 

VBFH126_4l_Nj_pT4l_genbin11_recobin11 acc 0.0587 eff 0.5922 outinratio 0.0299 

WminusH126_4l_Nj_pT4l_genbin11_recobin11 acc 0.0405 eff 0.5171 outinratio 0.0 

WplusH126_4l_Nj_pT4l_genbin11_recobin11 acc 0.0431 eff 0.5379 outinratio 0.0492 

ZH126_4l_Nj_pT4l_genbin11_recobin11 acc 0.041 eff 0.5698 outinratio 0.0532 

ttH126_4l_Nj_pT4l_genbin11_recobin11 acc 0.1085 eff 0.5571 outinratio 0.1582 

ggH126_4e_Nj_pT4l_genbin0_recobin0 acc 0.0697 eff 0.2536 outinratio 0.0318 

VBFH126_4e_Nj_pT4l_genbin0_recobin0 acc 0.0044 eff -1.0 outinratio 0.0 

WminusH126_4e_Nj_pT4l_genbin0_recobin0 acc 0.0 eff -1.0 outinratio 0.0 

WplusH126_4e_Nj_pT4l_genbin0_recobin0 acc 0.0024 eff 0.1398 outinratio 0.1815 

ZH126_4e_Nj_pT4l_genbin0_recobin0 acc 0.0029 eff 0.2388 outinratio 0.117 

ttH126_4e_Nj_pT4l_genbin0_recobin0 acc 0.0 eff -1.0 outinratio 0.0 

ggH126_4e_Nj_pT4l_genbin1_recobin0 acc 0.051 eff 0.0427 outinratio 0.0318 

VBFH126_4e_Nj_pT4l_genbin1_recobin0 acc 0.0038 eff -1.0 outinratio 0.0 

WminusH126_4e_Nj_pT4l_genbin1_recobin0 acc -0.0078 eff -1.0 outinratio 0.0 

WplusH126_4e_Nj_pT4l_genbin1_recobin0 acc 0.0025 eff 0.0038 outinratio 0.1815 

ZH126_4e_Nj_pT4l_genbin1_recobin0 acc 0.0032 eff 0.0 outinratio 0.117 

ttH126_4e_Nj_pT4l_genbin1_recobin0 acc 0.0 eff -1.0 outinratio 0.0 

ggH126_4e_Nj_pT4l_genbin2_recobin0 acc 0.0385 eff 0.0057 outinratio 0.0318 

VBFH126_4e_Nj_pT4l_genbin2_recobin0 acc 0.0027 eff -1.0 outinratio 0.0 

WminusH126_4e_Nj_pT4l_genbin2_recobin0 acc 0.0 eff -1.0 outinratio 0.0 

WplusH126_4e_Nj_pT4l_genbin2_recobin0 acc 0.0034 eff 0.0 outinratio 0.1815 

ZH126_4e_Nj_pT4l_genbin2_recobin0 acc 0.0048 eff 0.0 outinratio 0.117 

ttH126_4e_Nj_pT4l_genbin2_recobin0 acc 0.0 eff -1.0 outinratio 0.0 

ggH126_4e_Nj_pT4l_genbin3_recobin0 acc 0.0393 eff 0.0 outinratio 0.0318 

VBFH126_4e_Nj_pT4l_genbin3_recobin0 acc 0.0082 eff 0.0 outinratio 0.0 

WminusH126_4e_Nj_pT4l_genbin3_recobin0 acc 0.0 eff -1.0 outinratio 0.0 

WplusH126_4e_Nj_pT4l_genbin3_recobin0 acc 0.0057 eff 0.0 outinratio 0.1815 

ZH126_4e_Nj_pT4l_genbin3_recobin0 acc 0.0048 eff 0.0 outinratio 0.117 

ttH126_4e_Nj_pT4l_genbin3_recobin0 acc 0.0 eff -1.0 outinratio 0.0 

ggH126_4e_Nj_pT4l_genbin4_recobin0 acc 0.032 eff 0.0 outinratio 0.0318 

VBFH126_4e_Nj_pT4l_genbin4_recobin0 acc 0.0114 eff 0.0 outinratio 0.0 

WminusH126_4e_Nj_pT4l_genbin4_recobin0 acc 0.0233 eff -1.0 outinratio 0.0 

WplusH126_4e_Nj_pT4l_genbin4_recobin0 acc 0.0102 eff 0.0 outinratio 0.1815 

ZH126_4e_Nj_pT4l_genbin4_recobin0 acc 0.0134 eff 0.0 outinratio 0.117 

ttH126_4e_Nj_pT4l_genbin4_recobin0 acc 0.0 eff -1.0 outinratio 0.0 

ggH126_4e_Nj_pT4l_genbin5_recobin0 acc 0.0148 eff 0.0 outinratio 0.0318 

VBFH126_4e_Nj_pT4l_genbin5_recobin0 acc 0.012 eff 0.0 outinratio 0.0 

WminusH126_4e_Nj_pT4l_genbin5_recobin0 acc 0.0543 eff -1.0 outinratio 0.0 

WplusH126_4e_Nj_pT4l_genbin5_recobin0 acc 0.0491 eff 0.0 outinratio 0.1815 

ZH126_4e_Nj_pT4l_genbin5_recobin0 acc 0.0431 eff 0.0 outinratio 0.117 

ttH126_4e_Nj_pT4l_genbin5_recobin0 acc 0.0004 eff -1.0 outinratio 0.0 

ggH126_4e_Nj_pT4l_genbin6_recobin0 acc 0.0334 eff 0.0 outinratio 0.0318 

VBFH126_4e_Nj_pT4l_genbin6_recobin0 acc 0.0332 eff 0.0 outinratio 0.0 

WminusH126_4e_Nj_pT4l_genbin6_recobin0 acc 0.0155 eff -1.0 outinratio 0.0 

WplusH126_4e_Nj_pT4l_genbin6_recobin0 acc 0.0226 eff 0.0017 outinratio 0.1815 

ZH126_4e_Nj_pT4l_genbin6_recobin0 acc 0.0249 eff 0.0 outinratio 0.117 

ttH126_4e_Nj_pT4l_genbin6_recobin0 acc 0.0 eff -1.0 outinratio 0.0 

ggH126_4e_Nj_pT4l_genbin7_recobin0 acc 0.0306 eff 0.0 outinratio 0.0318 

VBFH126_4e_Nj_pT4l_genbin7_recobin0 acc 0.0397 eff 0.0 outinratio 0.0 

WminusH126_4e_Nj_pT4l_genbin7_recobin0 acc 0.0155 eff -1.0 outinratio 0.0 

WplusH126_4e_Nj_pT4l_genbin7_recobin0 acc 0.018 eff 0.0 outinratio 0.1815 

ZH126_4e_Nj_pT4l_genbin7_recobin0 acc 0.0182 eff 0.0 outinratio 0.117 

ttH126_4e_Nj_pT4l_genbin7_recobin0 acc 0.0014 eff -1.0 outinratio 0.0 

ggH126_4e_Nj_pT4l_genbin8_recobin0 acc 0.0278 eff 0.0 outinratio 0.0318 

VBFH126_4e_Nj_pT4l_genbin8_recobin0 acc 0.0495 eff 0.0 outinratio 0.0 

WminusH126_4e_Nj_pT4l_genbin8_recobin0 acc 0.0388 eff -1.0 outinratio 0.0 

WplusH126_4e_Nj_pT4l_genbin8_recobin0 acc 0.0251 eff 0.0 outinratio 0.1815 

ZH126_4e_Nj_pT4l_genbin8_recobin0 acc 0.0257 eff 0.0 outinratio 0.117 

ttH126_4e_Nj_pT4l_genbin8_recobin0 acc 0.0025 eff -1.0 outinratio 0.0 

ggH126_4e_Nj_pT4l_genbin9_recobin0 acc 0.0174 eff 0.0 outinratio 0.0318 

VBFH126_4e_Nj_pT4l_genbin9_recobin0 acc 0.0435 eff 0.0 outinratio 0.0 

WminusH126_4e_Nj_pT4l_genbin9_recobin0 acc 0.031 eff -1.0 outinratio 0.0 

WplusH126_4e_Nj_pT4l_genbin9_recobin0 acc 0.0279 eff 0.0 outinratio 0.1815 

ZH126_4e_Nj_pT4l_genbin9_recobin0 acc 0.0289 eff 0.0 outinratio 0.117 

ttH126_4e_Nj_pT4l_genbin9_recobin0 acc 0.0047 eff 0.0 outinratio 0.0 

ggH126_4e_Nj_pT4l_genbin10_recobin0 acc 0.0333 eff 0.0 outinratio 0.0318 

VBFH126_4e_Nj_pT4l_genbin10_recobin0 acc 0.1767 eff 0.0 outinratio 0.0 

WminusH126_4e_Nj_pT4l_genbin10_recobin0 acc 0.0853 eff 0.0 outinratio 0.0 

WplusH126_4e_Nj_pT4l_genbin10_recobin0 acc 0.0937 eff 0.0 outinratio 0.1815 

ZH126_4e_Nj_pT4l_genbin10_recobin0 acc 0.1162 eff 0.0 outinratio 0.117 

ttH126_4e_Nj_pT4l_genbin10_recobin0 acc 0.1978 eff 0.0 outinratio 0.0 

ggH126_4e_Nj_pT4l_genbin11_recobin0 acc 0.013 eff 0.0 outinratio 0.0318 

VBFH126_4e_Nj_pT4l_genbin11_recobin0 acc 0.0609 eff 0.0 outinratio 0.0 

WminusH126_4e_Nj_pT4l_genbin11_recobin0 acc 0.0388 eff -1.0 outinratio 0.0 

WplusH126_4e_Nj_pT4l_genbin11_recobin0 acc 0.0426 eff 0.0 outinratio 0.1815 

ZH126_4e_Nj_pT4l_genbin11_recobin0 acc 0.0391 eff 0.0 outinratio 0.117 

ttH126_4e_Nj_pT4l_genbin11_recobin0 acc 0.1072 eff 0.0 outinratio 0.0 

ggH126_4e_Nj_pT4l_genbin0_recobin1 acc 0.0697 eff 0.025 outinratio 0.0534 

VBFH126_4e_Nj_pT4l_genbin0_recobin1 acc 0.0044 eff -1.0 outinratio 0.0 

WminusH126_4e_Nj_pT4l_genbin0_recobin1 acc 0.0 eff -1.0 outinratio 0.0 

WplusH126_4e_Nj_pT4l_genbin0_recobin1 acc 0.0024 eff 0.0587 outinratio 0.0 

ZH126_4e_Nj_pT4l_genbin0_recobin1 acc 0.0029 eff 0.0 outinratio 0.1576 

ttH126_4e_Nj_pT4l_genbin0_recobin1 acc 0.0 eff -1.0 outinratio 0.0 

ggH126_4e_Nj_pT4l_genbin1_recobin1 acc 0.051 eff 0.2302 outinratio 0.0534 

VBFH126_4e_Nj_pT4l_genbin1_recobin1 acc 0.0038 eff -1.0 outinratio 0.0 

WminusH126_4e_Nj_pT4l_genbin1_recobin1 acc -0.0078 eff -1.0 outinratio 0.0 

WplusH126_4e_Nj_pT4l_genbin1_recobin1 acc 0.0025 eff 0.2306 outinratio 0.0 

ZH126_4e_Nj_pT4l_genbin1_recobin1 acc 0.0032 eff 0.0772 outinratio 0.1576 

ttH126_4e_Nj_pT4l_genbin1_recobin1 acc 0.0 eff -1.0 outinratio 0.0 

ggH126_4e_Nj_pT4l_genbin2_recobin1 acc 0.0385 eff 0.0416 outinratio 0.0534 

VBFH126_4e_Nj_pT4l_genbin2_recobin1 acc 0.0027 eff -1.0 outinratio 0.0 

WminusH126_4e_Nj_pT4l_genbin2_recobin1 acc 0.0 eff -1.0 outinratio 0.0 

WplusH126_4e_Nj_pT4l_genbin2_recobin1 acc 0.0034 eff 0.0156 outinratio 0.0 

ZH126_4e_Nj_pT4l_genbin2_recobin1 acc 0.0048 eff 0.0 outinratio 0.1576 

ttH126_4e_Nj_pT4l_genbin2_recobin1 acc 0.0 eff -1.0 outinratio 0.0 

ggH126_4e_Nj_pT4l_genbin3_recobin1 acc 0.0393 eff 0.0 outinratio 0.0534 

VBFH126_4e_Nj_pT4l_genbin3_recobin1 acc 0.0082 eff 0.0 outinratio 0.0 

WminusH126_4e_Nj_pT4l_genbin3_recobin1 acc 0.0 eff -1.0 outinratio 0.0 

WplusH126_4e_Nj_pT4l_genbin3_recobin1 acc 0.0057 eff 0.0 outinratio 0.0 

ZH126_4e_Nj_pT4l_genbin3_recobin1 acc 0.0048 eff 0.0 outinratio 0.1576 

ttH126_4e_Nj_pT4l_genbin3_recobin1 acc 0.0 eff -1.0 outinratio 0.0 

ggH126_4e_Nj_pT4l_genbin4_recobin1 acc 0.032 eff 0.0 outinratio 0.0534 

VBFH126_4e_Nj_pT4l_genbin4_recobin1 acc 0.0114 eff 0.0 outinratio 0.0 

WminusH126_4e_Nj_pT4l_genbin4_recobin1 acc 0.0233 eff -1.0 outinratio 0.0 

WplusH126_4e_Nj_pT4l_genbin4_recobin1 acc 0.0102 eff 0.0 outinratio 0.0 

ZH126_4e_Nj_pT4l_genbin4_recobin1 acc 0.0134 eff 0.0 outinratio 0.1576 

ttH126_4e_Nj_pT4l_genbin4_recobin1 acc 0.0 eff -1.0 outinratio 0.0 

ggH126_4e_Nj_pT4l_genbin5_recobin1 acc 0.0148 eff 0.0 outinratio 0.0534 

VBFH126_4e_Nj_pT4l_genbin5_recobin1 acc 0.012 eff 0.0 outinratio 0.0 

WminusH126_4e_Nj_pT4l_genbin5_recobin1 acc 0.0543 eff -1.0 outinratio 0.0 

WplusH126_4e_Nj_pT4l_genbin5_recobin1 acc 0.0491 eff 0.0 outinratio 0.0 

ZH126_4e_Nj_pT4l_genbin5_recobin1 acc 0.0431 eff 0.0 outinratio 0.1576 

ttH126_4e_Nj_pT4l_genbin5_recobin1 acc 0.0004 eff -1.0 outinratio 0.0 

ggH126_4e_Nj_pT4l_genbin6_recobin1 acc 0.0334 eff 0.0051 outinratio 0.0534 

VBFH126_4e_Nj_pT4l_genbin6_recobin1 acc 0.0332 eff 0.0 outinratio 0.0 

WminusH126_4e_Nj_pT4l_genbin6_recobin1 acc 0.0155 eff -1.0 outinratio 0.0 

WplusH126_4e_Nj_pT4l_genbin6_recobin1 acc 0.0226 eff 0.0054 outinratio 0.0 

ZH126_4e_Nj_pT4l_genbin6_recobin1 acc 0.0249 eff 0.0186 outinratio 0.1576 

ttH126_4e_Nj_pT4l_genbin6_recobin1 acc 0.0 eff -1.0 outinratio 0.0 

ggH126_4e_Nj_pT4l_genbin7_recobin1 acc 0.0306 eff 0.0 outinratio 0.0534 

VBFH126_4e_Nj_pT4l_genbin7_recobin1 acc 0.0397 eff 0.0 outinratio 0.0 

WminusH126_4e_Nj_pT4l_genbin7_recobin1 acc 0.0155 eff -1.0 outinratio 0.0 

WplusH126_4e_Nj_pT4l_genbin7_recobin1 acc 0.018 eff 0.0 outinratio 0.0 

ZH126_4e_Nj_pT4l_genbin7_recobin1 acc 0.0182 eff 0.0 outinratio 0.1576 

ttH126_4e_Nj_pT4l_genbin7_recobin1 acc 0.0014 eff -1.0 outinratio 0.0 

ggH126_4e_Nj_pT4l_genbin8_recobin1 acc 0.0278 eff 0.0 outinratio 0.0534 

VBFH126_4e_Nj_pT4l_genbin8_recobin1 acc 0.0495 eff 0.0 outinratio 0.0 

WminusH126_4e_Nj_pT4l_genbin8_recobin1 acc 0.0388 eff -1.0 outinratio 0.0 

WplusH126_4e_Nj_pT4l_genbin8_recobin1 acc 0.0251 eff 0.0 outinratio 0.0 

ZH126_4e_Nj_pT4l_genbin8_recobin1 acc 0.0257 eff 0.0 outinratio 0.1576 

ttH126_4e_Nj_pT4l_genbin8_recobin1 acc 0.0025 eff -1.0 outinratio 0.0 

ggH126_4e_Nj_pT4l_genbin9_recobin1 acc 0.0174 eff 0.0 outinratio 0.0534 

VBFH126_4e_Nj_pT4l_genbin9_recobin1 acc 0.0435 eff 0.0 outinratio 0.0 

WminusH126_4e_Nj_pT4l_genbin9_recobin1 acc 0.031 eff -1.0 outinratio 0.0 

WplusH126_4e_Nj_pT4l_genbin9_recobin1 acc 0.0279 eff 0.0 outinratio 0.0 

ZH126_4e_Nj_pT4l_genbin9_recobin1 acc 0.0289 eff 0.0 outinratio 0.1576 

ttH126_4e_Nj_pT4l_genbin9_recobin1 acc 0.0047 eff 0.0 outinratio 0.0 

ggH126_4e_Nj_pT4l_genbin10_recobin1 acc 0.0333 eff 0.0 outinratio 0.0534 

VBFH126_4e_Nj_pT4l_genbin10_recobin1 acc 0.1767 eff 0.0 outinratio 0.0 

WminusH126_4e_Nj_pT4l_genbin10_recobin1 acc 0.0853 eff 0.0 outinratio 0.0 

WplusH126_4e_Nj_pT4l_genbin10_recobin1 acc 0.0937 eff 0.0003 outinratio 0.0 

ZH126_4e_Nj_pT4l_genbin10_recobin1 acc 0.1162 eff 0.0 outinratio 0.1576 

ttH126_4e_Nj_pT4l_genbin10_recobin1 acc 0.1978 eff 0.0 outinratio 0.0 

ggH126_4e_Nj_pT4l_genbin11_recobin1 acc 0.013 eff 0.0 outinratio 0.0534 

VBFH126_4e_Nj_pT4l_genbin11_recobin1 acc 0.0609 eff 0.0 outinratio 0.0 

WminusH126_4e_Nj_pT4l_genbin11_recobin1 acc 0.0388 eff -1.0 outinratio 0.0 

WplusH126_4e_Nj_pT4l_genbin11_recobin1 acc 0.0426 eff 0.0 outinratio 0.0 

ZH126_4e_Nj_pT4l_genbin11_recobin1 acc 0.0391 eff 0.0 outinratio 0.1576 

ttH126_4e_Nj_pT4l_genbin11_recobin1 acc 0.1072 eff 0.0 outinratio 0.0 

ggH126_4e_Nj_pT4l_genbin0_recobin2 acc 0.0697 eff 0.0022 outinratio 0.0347 

VBFH126_4e_Nj_pT4l_genbin0_recobin2 acc 0.0044 eff -1.0 outinratio 0.0 

WminusH126_4e_Nj_pT4l_genbin0_recobin2 acc 0.0 eff -1.0 outinratio 0.0 

WplusH126_4e_Nj_pT4l_genbin0_recobin2 acc 0.0024 eff 0.0 outinratio 0.024 

ZH126_4e_Nj_pT4l_genbin0_recobin2 acc 0.0029 eff 0.0 outinratio 0.0 

ttH126_4e_Nj_pT4l_genbin0_recobin2 acc 0.0 eff -1.0 outinratio 0.0 

ggH126_4e_Nj_pT4l_genbin1_recobin2 acc 0.051 eff 0.0385 outinratio 0.0347 

VBFH126_4e_Nj_pT4l_genbin1_recobin2 acc 0.0038 eff -1.0 outinratio 0.0 

WminusH126_4e_Nj_pT4l_genbin1_recobin2 acc -0.0078 eff -1.0 outinratio 0.0 

WplusH126_4e_Nj_pT4l_genbin1_recobin2 acc 0.0025 eff 0.087 outinratio 0.024 

ZH126_4e_Nj_pT4l_genbin1_recobin2 acc 0.0032 eff 0.1003 outinratio 0.0 

ttH126_4e_Nj_pT4l_genbin1_recobin2 acc 0.0 eff -1.0 outinratio 0.0 

ggH126_4e_Nj_pT4l_genbin2_recobin2 acc 0.0385 eff 0.1997 outinratio 0.0347 

VBFH126_4e_Nj_pT4l_genbin2_recobin2 acc 0.0027 eff -1.0 outinratio 0.0 

WminusH126_4e_Nj_pT4l_genbin2_recobin2 acc 0.0 eff -1.0 outinratio 0.0 

WplusH126_4e_Nj_pT4l_genbin2_recobin2 acc 0.0034 eff 0.1669 outinratio 0.024 

ZH126_4e_Nj_pT4l_genbin2_recobin2 acc 0.0048 eff 0.285 outinratio 0.0 

ttH126_4e_Nj_pT4l_genbin2_recobin2 acc 0.0 eff -1.0 outinratio 0.0 

ggH126_4e_Nj_pT4l_genbin3_recobin2 acc 0.0393 eff 0.04 outinratio 0.0347 

VBFH126_4e_Nj_pT4l_genbin3_recobin2 acc 0.0082 eff 0.0 outinratio 0.0 

WminusH126_4e_Nj_pT4l_genbin3_recobin2 acc 0.0 eff -1.0 outinratio 0.0 

WplusH126_4e_Nj_pT4l_genbin3_recobin2 acc 0.0057 eff 0.0146 outinratio 0.024 

ZH126_4e_Nj_pT4l_genbin3_recobin2 acc 0.0048 eff 0.0113 outinratio 0.0 

ttH126_4e_Nj_pT4l_genbin3_recobin2 acc 0.0 eff -1.0 outinratio 0.0 

ggH126_4e_Nj_pT4l_genbin4_recobin2 acc 0.032 eff 0.0012 outinratio 0.0347 

VBFH126_4e_Nj_pT4l_genbin4_recobin2 acc 0.0114 eff 0.0 outinratio 0.0 

WminusH126_4e_Nj_pT4l_genbin4_recobin2 acc 0.0233 eff -1.0 outinratio 0.0 

WplusH126_4e_Nj_pT4l_genbin4_recobin2 acc 0.0102 eff 0.0 outinratio 0.024 

ZH126_4e_Nj_pT4l_genbin4_recobin2 acc 0.0134 eff 0.0 outinratio 0.0 

ttH126_4e_Nj_pT4l_genbin4_recobin2 acc 0.0 eff -1.0 outinratio 0.0 

ggH126_4e_Nj_pT4l_genbin5_recobin2 acc 0.0148 eff 0.0 outinratio 0.0347 

VBFH126_4e_Nj_pT4l_genbin5_recobin2 acc 0.012 eff 0.0 outinratio 0.0 

WminusH126_4e_Nj_pT4l_genbin5_recobin2 acc 0.0543 eff -1.0 outinratio 0.0 

WplusH126_4e_Nj_pT4l_genbin5_recobin2 acc 0.0491 eff 0.0 outinratio 0.024 

ZH126_4e_Nj_pT4l_genbin5_recobin2 acc 0.0431 eff 0.0 outinratio 0.0 

ttH126_4e_Nj_pT4l_genbin5_recobin2 acc 0.0004 eff -1.0 outinratio 0.0 

ggH126_4e_Nj_pT4l_genbin6_recobin2 acc 0.0334 eff 0.0068 outinratio 0.0347 

VBFH126_4e_Nj_pT4l_genbin6_recobin2 acc 0.0332 eff 0.0 outinratio 0.0 

WminusH126_4e_Nj_pT4l_genbin6_recobin2 acc 0.0155 eff -1.0 outinratio 0.0 

WplusH126_4e_Nj_pT4l_genbin6_recobin2 acc 0.0226 eff 0.003 outinratio 0.024 

ZH126_4e_Nj_pT4l_genbin6_recobin2 acc 0.0249 eff 0.0 outinratio 0.0 

ttH126_4e_Nj_pT4l_genbin6_recobin2 acc 0.0 eff -1.0 outinratio 0.0 

ggH126_4e_Nj_pT4l_genbin7_recobin2 acc 0.0306 eff 0.0 outinratio 0.0347 

VBFH126_4e_Nj_pT4l_genbin7_recobin2 acc 0.0397 eff 0.0 outinratio 0.0 

WminusH126_4e_Nj_pT4l_genbin7_recobin2 acc 0.0155 eff -1.0 outinratio 0.0 

WplusH126_4e_Nj_pT4l_genbin7_recobin2 acc 0.018 eff 0.0 outinratio 0.024 

ZH126_4e_Nj_pT4l_genbin7_recobin2 acc 0.0182 eff 0.0 outinratio 0.0 

ttH126_4e_Nj_pT4l_genbin7_recobin2 acc 0.0014 eff -1.0 outinratio 0.0 

ggH126_4e_Nj_pT4l_genbin8_recobin2 acc 0.0278 eff 0.0 outinratio 0.0347 

VBFH126_4e_Nj_pT4l_genbin8_recobin2 acc 0.0495 eff 0.0 outinratio 0.0 

WminusH126_4e_Nj_pT4l_genbin8_recobin2 acc 0.0388 eff -1.0 outinratio 0.0 

WplusH126_4e_Nj_pT4l_genbin8_recobin2 acc 0.0251 eff 0.0 outinratio 0.024 

ZH126_4e_Nj_pT4l_genbin8_recobin2 acc 0.0257 eff 0.0 outinratio 0.0 

ttH126_4e_Nj_pT4l_genbin8_recobin2 acc 0.0025 eff -1.0 outinratio 0.0 

ggH126_4e_Nj_pT4l_genbin9_recobin2 acc 0.0174 eff 0.0 outinratio 0.0347 

VBFH126_4e_Nj_pT4l_genbin9_recobin2 acc 0.0435 eff 0.0 outinratio 0.0 

WminusH126_4e_Nj_pT4l_genbin9_recobin2 acc 0.031 eff -1.0 outinratio 0.0 

WplusH126_4e_Nj_pT4l_genbin9_recobin2 acc 0.0279 eff 0.0 outinratio 0.024 

ZH126_4e_Nj_pT4l_genbin9_recobin2 acc 0.0289 eff 0.0 outinratio 0.0 

ttH126_4e_Nj_pT4l_genbin9_recobin2 acc 0.0047 eff 0.0 outinratio 0.0 

ggH126_4e_Nj_pT4l_genbin10_recobin2 acc 0.0333 eff 0.0 outinratio 0.0347 

VBFH126_4e_Nj_pT4l_genbin10_recobin2 acc 0.1767 eff 0.0 outinratio 0.0 

WminusH126_4e_Nj_pT4l_genbin10_recobin2 acc 0.0853 eff 0.0 outinratio 0.0 

WplusH126_4e_Nj_pT4l_genbin10_recobin2 acc 0.0937 eff 0.0007 outinratio 0.024 

ZH126_4e_Nj_pT4l_genbin10_recobin2 acc 0.1162 eff 0.0 outinratio 0.0 

ttH126_4e_Nj_pT4l_genbin10_recobin2 acc 0.1978 eff 0.0 outinratio 0.0 

ggH126_4e_Nj_pT4l_genbin11_recobin2 acc 0.013 eff 0.0 outinratio 0.0347 

VBFH126_4e_Nj_pT4l_genbin11_recobin2 acc 0.0609 eff 0.0 outinratio 0.0 

WminusH126_4e_Nj_pT4l_genbin11_recobin2 acc 0.0388 eff -1.0 outinratio 0.0 

WplusH126_4e_Nj_pT4l_genbin11_recobin2 acc 0.0426 eff 0.0 outinratio 0.024 

ZH126_4e_Nj_pT4l_genbin11_recobin2 acc 0.0391 eff 0.0 outinratio 0.0 

ttH126_4e_Nj_pT4l_genbin11_recobin2 acc 0.1072 eff 0.0 outinratio 0.0 

ggH126_4e_Nj_pT4l_genbin0_recobin3 acc 0.0697 eff 0.0 outinratio 0.0631 

VBFH126_4e_Nj_pT4l_genbin0_recobin3 acc 0.0044 eff -1.0 outinratio 0.0 

WminusH126_4e_Nj_pT4l_genbin0_recobin3 acc 0.0 eff -1.0 outinratio 0.0 

WplusH126_4e_Nj_pT4l_genbin0_recobin3 acc 0.0024 eff 0.0 outinratio 0.1572 

ZH126_4e_Nj_pT4l_genbin0_recobin3 acc 0.0029 eff 0.0 outinratio 0.1384 

ttH126_4e_Nj_pT4l_genbin0_recobin3 acc 0.0 eff -1.0 outinratio 0.0 

ggH126_4e_Nj_pT4l_genbin1_recobin3 acc 0.051 eff 0.0 outinratio 0.0631 

VBFH126_4e_Nj_pT4l_genbin1_recobin3 acc 0.0038 eff -1.0 outinratio 0.0 

WminusH126_4e_Nj_pT4l_genbin1_recobin3 acc -0.0078 eff -1.0 outinratio 0.0 

WplusH126_4e_Nj_pT4l_genbin1_recobin3 acc 0.0025 eff 0.0 outinratio 0.1572 

ZH126_4e_Nj_pT4l_genbin1_recobin3 acc 0.0032 eff 0.0 outinratio 0.1384 

ttH126_4e_Nj_pT4l_genbin1_recobin3 acc 0.0 eff -1.0 outinratio 0.0 

ggH126_4e_Nj_pT4l_genbin2_recobin3 acc 0.0385 eff 0.0177 outinratio 0.0631 

VBFH126_4e_Nj_pT4l_genbin2_recobin3 acc 0.0027 eff -1.0 outinratio 0.0 

WminusH126_4e_Nj_pT4l_genbin2_recobin3 acc 0.0 eff -1.0 outinratio 0.0 

WplusH126_4e_Nj_pT4l_genbin2_recobin3 acc 0.0034 eff 0.0 outinratio 0.1572 

ZH126_4e_Nj_pT4l_genbin2_recobin3 acc 0.0048 eff 0.014 outinratio 0.1384 

ttH126_4e_Nj_pT4l_genbin2_recobin3 acc 0.0 eff -1.0 outinratio 0.0 

ggH126_4e_Nj_pT4l_genbin3_recobin3 acc 0.0393 eff 0.2023 outinratio 0.0631 

VBFH126_4e_Nj_pT4l_genbin3_recobin3 acc 0.0082 eff 0.1696 outinratio 0.0 

WminusH126_4e_Nj_pT4l_genbin3_recobin3 acc 0.0 eff -1.0 outinratio 0.0 

WplusH126_4e_Nj_pT4l_genbin3_recobin3 acc 0.0057 eff 0.1481 outinratio 0.1572 

ZH126_4e_Nj_pT4l_genbin3_recobin3 acc 0.0048 eff 0.1548 outinratio 0.1384 

ttH126_4e_Nj_pT4l_genbin3_recobin3 acc 0.0 eff -1.0 outinratio 0.0 

ggH126_4e_Nj_pT4l_genbin4_recobin3 acc 0.032 eff 0.0356 outinratio 0.0631 

VBFH126_4e_Nj_pT4l_genbin4_recobin3 acc 0.0114 eff 0.0 outinratio 0.0 

WminusH126_4e_Nj_pT4l_genbin4_recobin3 acc 0.0233 eff -1.0 outinratio 0.0 

WplusH126_4e_Nj_pT4l_genbin4_recobin3 acc 0.0102 eff 0.0058 outinratio 0.1572 

ZH126_4e_Nj_pT4l_genbin4_recobin3 acc 0.0134 eff 0.0121 outinratio 0.1384 

ttH126_4e_Nj_pT4l_genbin4_recobin3 acc 0.0 eff -1.0 outinratio 0.0 

ggH126_4e_Nj_pT4l_genbin5_recobin3 acc 0.0148 eff 0.0025 outinratio 0.0631 

VBFH126_4e_Nj_pT4l_genbin5_recobin3 acc 0.012 eff 0.0 outinratio 0.0 

WminusH126_4e_Nj_pT4l_genbin5_recobin3 acc 0.0543 eff -1.0 outinratio 0.0 

WplusH126_4e_Nj_pT4l_genbin5_recobin3 acc 0.0491 eff 0.0 outinratio 0.1572 

ZH126_4e_Nj_pT4l_genbin5_recobin3 acc 0.0431 eff 0.0 outinratio 0.1384 

ttH126_4e_Nj_pT4l_genbin5_recobin3 acc 0.0004 eff -1.0 outinratio 0.0 

ggH126_4e_Nj_pT4l_genbin6_recobin3 acc 0.0334 eff 0.0207 outinratio 0.0631 

VBFH126_4e_Nj_pT4l_genbin6_recobin3 acc 0.0332 eff 0.0595 outinratio 0.0 

WminusH126_4e_Nj_pT4l_genbin6_recobin3 acc 0.0155 eff -1.0 outinratio 0.0 

WplusH126_4e_Nj_pT4l_genbin6_recobin3 acc 0.0226 eff 0.0019 outinratio 0.1572 

ZH126_4e_Nj_pT4l_genbin6_recobin3 acc 0.0249 eff 0.0087 outinratio 0.1384 

ttH126_4e_Nj_pT4l_genbin6_recobin3 acc 0.0 eff -1.0 outinratio 0.0 

ggH126_4e_Nj_pT4l_genbin7_recobin3 acc 0.0306 eff 0.0 outinratio 0.0631 

VBFH126_4e_Nj_pT4l_genbin7_recobin3 acc 0.0397 eff 0.0 outinratio 0.0 

WminusH126_4e_Nj_pT4l_genbin7_recobin3 acc 0.0155 eff -1.0 outinratio 0.0 

WplusH126_4e_Nj_pT4l_genbin7_recobin3 acc 0.018 eff 0.0 outinratio 0.1572 

ZH126_4e_Nj_pT4l_genbin7_recobin3 acc 0.0182 eff 0.0 outinratio 0.1384 

ttH126_4e_Nj_pT4l_genbin7_recobin3 acc 0.0014 eff -1.0 outinratio 0.0 

ggH126_4e_Nj_pT4l_genbin8_recobin3 acc 0.0278 eff 0.0 outinratio 0.0631 

VBFH126_4e_Nj_pT4l_genbin8_recobin3 acc 0.0495 eff 0.0 outinratio 0.0 

WminusH126_4e_Nj_pT4l_genbin8_recobin3 acc 0.0388 eff -1.0 outinratio 0.0 

WplusH126_4e_Nj_pT4l_genbin8_recobin3 acc 0.0251 eff 0.0 outinratio 0.1572 

ZH126_4e_Nj_pT4l_genbin8_recobin3 acc 0.0257 eff 0.0 outinratio 0.1384 

ttH126_4e_Nj_pT4l_genbin8_recobin3 acc 0.0025 eff -1.0 outinratio 0.0 

ggH126_4e_Nj_pT4l_genbin9_recobin3 acc 0.0174 eff 0.0 outinratio 0.0631 

VBFH126_4e_Nj_pT4l_genbin9_recobin3 acc 0.0435 eff 0.0 outinratio 0.0 

WminusH126_4e_Nj_pT4l_genbin9_recobin3 acc 0.031 eff -1.0 outinratio 0.0 

WplusH126_4e_Nj_pT4l_genbin9_recobin3 acc 0.0279 eff 0.0 outinratio 0.1572 

ZH126_4e_Nj_pT4l_genbin9_recobin3 acc 0.0289 eff 0.0 outinratio 0.1384 

ttH126_4e_Nj_pT4l_genbin9_recobin3 acc 0.0047 eff 0.0 outinratio 0.0 

ggH126_4e_Nj_pT4l_genbin10_recobin3 acc 0.0333 eff 0.0012 outinratio 0.0631 

VBFH126_4e_Nj_pT4l_genbin10_recobin3 acc 0.1767 eff 0.0 outinratio 0.0 

WminusH126_4e_Nj_pT4l_genbin10_recobin3 acc 0.0853 eff 0.0 outinratio 0.0 

WplusH126_4e_Nj_pT4l_genbin10_recobin3 acc 0.0937 eff 0.0 outinratio 0.1572 

ZH126_4e_Nj_pT4l_genbin10_recobin3 acc 0.1162 eff 0.0 outinratio 0.1384 

ttH126_4e_Nj_pT4l_genbin10_recobin3 acc 0.1978 eff 0.0 outinratio 0.0 

ggH126_4e_Nj_pT4l_genbin11_recobin3 acc 0.013 eff 0.0 outinratio 0.0631 

VBFH126_4e_Nj_pT4l_genbin11_recobin3 acc 0.0609 eff 0.0 outinratio 0.0 

WminusH126_4e_Nj_pT4l_genbin11_recobin3 acc 0.0388 eff -1.0 outinratio 0.0 

WplusH126_4e_Nj_pT4l_genbin11_recobin3 acc 0.0426 eff 0.0 outinratio 0.1572 

ZH126_4e_Nj_pT4l_genbin11_recobin3 acc 0.0391 eff 0.0 outinratio 0.1384 

ttH126_4e_Nj_pT4l_genbin11_recobin3 acc 0.1072 eff 0.0 outinratio 0.0 

ggH126_4e_Nj_pT4l_genbin0_recobin4 acc 0.0697 eff 0.0 outinratio 0.0405 

VBFH126_4e_Nj_pT4l_genbin0_recobin4 acc 0.0044 eff -1.0 outinratio 0.0 

WminusH126_4e_Nj_pT4l_genbin0_recobin4 acc 0.0 eff -1.0 outinratio 0.0 

WplusH126_4e_Nj_pT4l_genbin0_recobin4 acc 0.0024 eff 0.0 outinratio 0.0765 

ZH126_4e_Nj_pT4l_genbin0_recobin4 acc 0.0029 eff 0.0 outinratio 0.0486 

ttH126_4e_Nj_pT4l_genbin0_recobin4 acc 0.0 eff -1.0 outinratio 0.0 

ggH126_4e_Nj_pT4l_genbin1_recobin4 acc 0.051 eff 0.0 outinratio 0.0405 

VBFH126_4e_Nj_pT4l_genbin1_recobin4 acc 0.0038 eff -1.0 outinratio 0.0 

WminusH126_4e_Nj_pT4l_genbin1_recobin4 acc -0.0078 eff -1.0 outinratio 0.0 

WplusH126_4e_Nj_pT4l_genbin1_recobin4 acc 0.0025 eff 0.0 outinratio 0.0765 

ZH126_4e_Nj_pT4l_genbin1_recobin4 acc 0.0032 eff 0.0 outinratio 0.0486 

ttH126_4e_Nj_pT4l_genbin1_recobin4 acc 0.0 eff -1.0 outinratio 0.0 

ggH126_4e_Nj_pT4l_genbin2_recobin4 acc 0.0385 eff 0.0 outinratio 0.0405 

VBFH126_4e_Nj_pT4l_genbin2_recobin4 acc 0.0027 eff -1.0 outinratio 0.0 

WminusH126_4e_Nj_pT4l_genbin2_recobin4 acc 0.0 eff -1.0 outinratio 0.0 

WplusH126_4e_Nj_pT4l_genbin2_recobin4 acc 0.0034 eff 0.0 outinratio 0.0765 

ZH126_4e_Nj_pT4l_genbin2_recobin4 acc 0.0048 eff 0.0 outinratio 0.0486 

ttH126_4e_Nj_pT4l_genbin2_recobin4 acc 0.0 eff -1.0 outinratio 0.0 

ggH126_4e_Nj_pT4l_genbin3_recobin4 acc 0.0393 eff 0.0249 outinratio 0.0405 

VBFH126_4e_Nj_pT4l_genbin3_recobin4 acc 0.0082 eff 0.0 outinratio 0.0 

WminusH126_4e_Nj_pT4l_genbin3_recobin4 acc 0.0 eff -1.0 outinratio 0.0 

WplusH126_4e_Nj_pT4l_genbin3_recobin4 acc 0.0057 eff 0.0098 outinratio 0.0765 

ZH126_4e_Nj_pT4l_genbin3_recobin4 acc 0.0048 eff 0.0 outinratio 0.0486 

ttH126_4e_Nj_pT4l_genbin3_recobin4 acc 0.0 eff -1.0 outinratio 0.0 

ggH126_4e_Nj_pT4l_genbin4_recobin4 acc 0.032 eff 0.2387 outinratio 0.0405 

VBFH126_4e_Nj_pT4l_genbin4_recobin4 acc 0.0114 eff 0.0952 outinratio 0.0 

WminusH126_4e_Nj_pT4l_genbin4_recobin4 acc 0.0233 eff -1.0 outinratio 0.0 

WplusH126_4e_Nj_pT4l_genbin4_recobin4 acc 0.0102 eff 0.1837 outinratio 0.0765 

ZH126_4e_Nj_pT4l_genbin4_recobin4 acc 0.0134 eff 0.2108 outinratio 0.0486 

ttH126_4e_Nj_pT4l_genbin4_recobin4 acc 0.0 eff -1.0 outinratio 0.0 

ggH126_4e_Nj_pT4l_genbin5_recobin4 acc 0.0148 eff 0.0122 outinratio 0.0405 

VBFH126_4e_Nj_pT4l_genbin5_recobin4 acc 0.012 eff 0.0 outinratio 0.0 

WminusH126_4e_Nj_pT4l_genbin5_recobin4 acc 0.0543 eff -1.0 outinratio 0.0 

WplusH126_4e_Nj_pT4l_genbin5_recobin4 acc 0.0491 eff 0.0042 outinratio 0.0765 

ZH126_4e_Nj_pT4l_genbin5_recobin4 acc 0.0431 eff 0.0 outinratio 0.0486 

ttH126_4e_Nj_pT4l_genbin5_recobin4 acc 0.0004 eff -1.0 outinratio 0.0 

ggH126_4e_Nj_pT4l_genbin6_recobin4 acc 0.0334 eff 0.0297 outinratio 0.0405 

VBFH126_4e_Nj_pT4l_genbin6_recobin4 acc 0.0332 eff 0.0336 outinratio 0.0 

WminusH126_4e_Nj_pT4l_genbin6_recobin4 acc 0.0155 eff -1.0 outinratio 0.0 

WplusH126_4e_Nj_pT4l_genbin6_recobin4 acc 0.0226 eff 0.0228 outinratio 0.0765 

ZH126_4e_Nj_pT4l_genbin6_recobin4 acc 0.0249 eff 0.0 outinratio 0.0486 

ttH126_4e_Nj_pT4l_genbin6_recobin4 acc 0.0 eff -1.0 outinratio 0.0 

ggH126_4e_Nj_pT4l_genbin7_recobin4 acc 0.0306 eff 0.0116 outinratio 0.0405 

VBFH126_4e_Nj_pT4l_genbin7_recobin4 acc 0.0397 eff 0.0 outinratio 0.0 

WminusH126_4e_Nj_pT4l_genbin7_recobin4 acc 0.0155 eff -1.0 outinratio 0.0 

WplusH126_4e_Nj_pT4l_genbin7_recobin4 acc 0.018 eff 0.0017 outinratio 0.0765 

ZH126_4e_Nj_pT4l_genbin7_recobin4 acc 0.0182 eff 0.0135 outinratio 0.0486 

ttH126_4e_Nj_pT4l_genbin7_recobin4 acc 0.0014 eff -1.0 outinratio 0.0 

ggH126_4e_Nj_pT4l_genbin8_recobin4 acc 0.0278 eff 0.0 outinratio 0.0405 

VBFH126_4e_Nj_pT4l_genbin8_recobin4 acc 0.0495 eff 0.0 outinratio 0.0 

WminusH126_4e_Nj_pT4l_genbin8_recobin4 acc 0.0388 eff -1.0 outinratio 0.0 

WplusH126_4e_Nj_pT4l_genbin8_recobin4 acc 0.0251 eff 0.0 outinratio 0.0765 

ZH126_4e_Nj_pT4l_genbin8_recobin4 acc 0.0257 eff 0.0 outinratio 0.0486 

ttH126_4e_Nj_pT4l_genbin8_recobin4 acc 0.0025 eff -1.0 outinratio 0.0 

ggH126_4e_Nj_pT4l_genbin9_recobin4 acc 0.0174 eff 0.0 outinratio 0.0405 

VBFH126_4e_Nj_pT4l_genbin9_recobin4 acc 0.0435 eff 0.0 outinratio 0.0 

WminusH126_4e_Nj_pT4l_genbin9_recobin4 acc 0.031 eff -1.0 outinratio 0.0 

WplusH126_4e_Nj_pT4l_genbin9_recobin4 acc 0.0279 eff 0.0 outinratio 0.0765 

ZH126_4e_Nj_pT4l_genbin9_recobin4 acc 0.0289 eff 0.0 outinratio 0.0486 

ttH126_4e_Nj_pT4l_genbin9_recobin4 acc 0.0047 eff 0.0 outinratio 0.0 

ggH126_4e_Nj_pT4l_genbin10_recobin4 acc 0.0333 eff 0.0012 outinratio 0.0405 

VBFH126_4e_Nj_pT4l_genbin10_recobin4 acc 0.1767 eff 0.0053 outinratio 0.0 

WminusH126_4e_Nj_pT4l_genbin10_recobin4 acc 0.0853 eff 0.0 outinratio 0.0 

WplusH126_4e_Nj_pT4l_genbin10_recobin4 acc 0.0937 eff 0.0015 outinratio 0.0765 

ZH126_4e_Nj_pT4l_genbin10_recobin4 acc 0.1162 eff 0.0 outinratio 0.0486 

ttH126_4e_Nj_pT4l_genbin10_recobin4 acc 0.1978 eff 0.0 outinratio 0.0 

ggH126_4e_Nj_pT4l_genbin11_recobin4 acc 0.013 eff 0.0 outinratio 0.0405 

VBFH126_4e_Nj_pT4l_genbin11_recobin4 acc 0.0609 eff 0.0 outinratio 0.0 

WminusH126_4e_Nj_pT4l_genbin11_recobin4 acc 0.0388 eff -1.0 outinratio 0.0 

WplusH126_4e_Nj_pT4l_genbin11_recobin4 acc 0.0426 eff 0.0 outinratio 0.0765 

ZH126_4e_Nj_pT4l_genbin11_recobin4 acc 0.0391 eff 0.0 outinratio 0.0486 

ttH126_4e_Nj_pT4l_genbin11_recobin4 acc 0.1072 eff 0.0 outinratio 0.0 

ggH126_4e_Nj_pT4l_genbin0_recobin5 acc 0.0697 eff 0.0 outinratio 0.0574 

VBFH126_4e_Nj_pT4l_genbin0_recobin5 acc 0.0044 eff -1.0 outinratio 0.0 

WminusH126_4e_Nj_pT4l_genbin0_recobin5 acc 0.0 eff -1.0 outinratio 0.0 

WplusH126_4e_Nj_pT4l_genbin0_recobin5 acc 0.0024 eff 0.0 outinratio 0.0482 

ZH126_4e_Nj_pT4l_genbin0_recobin5 acc 0.0029 eff 0.0 outinratio 0.0786 

ttH126_4e_Nj_pT4l_genbin0_recobin5 acc 0.0 eff -1.0 outinratio 0.0 

ggH126_4e_Nj_pT4l_genbin1_recobin5 acc 0.051 eff 0.0 outinratio 0.0574 

VBFH126_4e_Nj_pT4l_genbin1_recobin5 acc 0.0038 eff -1.0 outinratio 0.0 

WminusH126_4e_Nj_pT4l_genbin1_recobin5 acc -0.0078 eff -1.0 outinratio 0.0 

WplusH126_4e_Nj_pT4l_genbin1_recobin5 acc 0.0025 eff 0.0 outinratio 0.0482 

ZH126_4e_Nj_pT4l_genbin1_recobin5 acc 0.0032 eff 0.0 outinratio 0.0786 

ttH126_4e_Nj_pT4l_genbin1_recobin5 acc 0.0 eff -1.0 outinratio 0.0 

ggH126_4e_Nj_pT4l_genbin2_recobin5 acc 0.0385 eff 0.0 outinratio 0.0574 

VBFH126_4e_Nj_pT4l_genbin2_recobin5 acc 0.0027 eff -1.0 outinratio 0.0 

WminusH126_4e_Nj_pT4l_genbin2_recobin5 acc 0.0 eff -1.0 outinratio 0.0 

WplusH126_4e_Nj_pT4l_genbin2_recobin5 acc 0.0034 eff 0.0 outinratio 0.0482 

ZH126_4e_Nj_pT4l_genbin2_recobin5 acc 0.0048 eff 0.0 outinratio 0.0786 

ttH126_4e_Nj_pT4l_genbin2_recobin5 acc 0.0 eff -1.0 outinratio 0.0 

ggH126_4e_Nj_pT4l_genbin3_recobin5 acc 0.0393 eff 0.0 outinratio 0.0574 

VBFH126_4e_Nj_pT4l_genbin3_recobin5 acc 0.0082 eff 0.0 outinratio 0.0 

WminusH126_4e_Nj_pT4l_genbin3_recobin5 acc 0.0 eff -1.0 outinratio 0.0 

WplusH126_4e_Nj_pT4l_genbin3_recobin5 acc 0.0057 eff 0.0 outinratio 0.0482 

ZH126_4e_Nj_pT4l_genbin3_recobin5 acc 0.0048 eff 0.0 outinratio 0.0786 

ttH126_4e_Nj_pT4l_genbin3_recobin5 acc 0.0 eff -1.0 outinratio 0.0 

ggH126_4e_Nj_pT4l_genbin4_recobin5 acc 0.032 eff 0.0083 outinratio 0.0574 

VBFH126_4e_Nj_pT4l_genbin4_recobin5 acc 0.0114 eff 0.0 outinratio 0.0 

WminusH126_4e_Nj_pT4l_genbin4_recobin5 acc 0.0233 eff -1.0 outinratio 0.0 

WplusH126_4e_Nj_pT4l_genbin4_recobin5 acc 0.0102 eff 0.0258 outinratio 0.0482 

ZH126_4e_Nj_pT4l_genbin4_recobin5 acc 0.0134 eff 0.0195 outinratio 0.0786 

ttH126_4e_Nj_pT4l_genbin4_recobin5 acc 0.0 eff -1.0 outinratio 0.0 

ggH126_4e_Nj_pT4l_genbin5_recobin5 acc 0.0148 eff 0.2323 outinratio 0.0574 

VBFH126_4e_Nj_pT4l_genbin5_recobin5 acc 0.012 eff 0.1947 outinratio 0.0 

WminusH126_4e_Nj_pT4l_genbin5_recobin5 acc 0.0543 eff -1.0 outinratio 0.0 

WplusH126_4e_Nj_pT4l_genbin5_recobin5 acc 0.0491 eff 0.24 outinratio 0.0482 

ZH126_4e_Nj_pT4l_genbin5_recobin5 acc 0.0431 eff 0.2688 outinratio 0.0786 

ttH126_4e_Nj_pT4l_genbin5_recobin5 acc 0.0004 eff -1.0 outinratio 0.0 

ggH126_4e_Nj_pT4l_genbin6_recobin5 acc 0.0334 eff 0.0011 outinratio 0.0574 

VBFH126_4e_Nj_pT4l_genbin6_recobin5 acc 0.0332 eff 0.0 outinratio 0.0 

WminusH126_4e_Nj_pT4l_genbin6_recobin5 acc 0.0155 eff -1.0 outinratio 0.0 

WplusH126_4e_Nj_pT4l_genbin6_recobin5 acc 0.0226 eff 0.0 outinratio 0.0482 

ZH126_4e_Nj_pT4l_genbin6_recobin5 acc 0.0249 eff 0.0 outinratio 0.0786 

ttH126_4e_Nj_pT4l_genbin6_recobin5 acc 0.0 eff -1.0 outinratio 0.0 

ggH126_4e_Nj_pT4l_genbin7_recobin5 acc 0.0306 eff 0.0445 outinratio 0.0574 

VBFH126_4e_Nj_pT4l_genbin7_recobin5 acc 0.0397 eff 0.035 outinratio 0.0 

WminusH126_4e_Nj_pT4l_genbin7_recobin5 acc 0.0155 eff -1.0 outinratio 0.0 

WplusH126_4e_Nj_pT4l_genbin7_recobin5 acc 0.018 eff 0.0297 outinratio 0.0482 

ZH126_4e_Nj_pT4l_genbin7_recobin5 acc 0.0182 eff 0.0104 outinratio 0.0786 

ttH126_4e_Nj_pT4l_genbin7_recobin5 acc 0.0014 eff -1.0 outinratio 0.0 

ggH126_4e_Nj_pT4l_genbin8_recobin5 acc 0.0278 eff 0.0215 outinratio 0.0574 

VBFH126_4e_Nj_pT4l_genbin8_recobin5 acc 0.0495 eff 0.0158 outinratio 0.0 

WminusH126_4e_Nj_pT4l_genbin8_recobin5 acc 0.0388 eff -1.0 outinratio 0.0 

WplusH126_4e_Nj_pT4l_genbin8_recobin5 acc 0.0251 eff 0.0083 outinratio 0.0482 

ZH126_4e_Nj_pT4l_genbin8_recobin5 acc 0.0257 eff 0.0504 outinratio 0.0786 

ttH126_4e_Nj_pT4l_genbin8_recobin5 acc 0.0025 eff -1.0 outinratio 0.0 

ggH126_4e_Nj_pT4l_genbin9_recobin5 acc 0.0174 eff 0.0 outinratio 0.0574 

VBFH126_4e_Nj_pT4l_genbin9_recobin5 acc 0.0435 eff 0.004 outinratio 0.0 

WminusH126_4e_Nj_pT4l_genbin9_recobin5 acc 0.031 eff -1.0 outinratio 0.0 

WplusH126_4e_Nj_pT4l_genbin9_recobin5 acc 0.0279 eff 0.0147 outinratio 0.0482 

ZH126_4e_Nj_pT4l_genbin9_recobin5 acc 0.0289 eff 0.0193 outinratio 0.0786 

ttH126_4e_Nj_pT4l_genbin9_recobin5 acc 0.0047 eff 0.0 outinratio 0.0 

ggH126_4e_Nj_pT4l_genbin10_recobin5 acc 0.0333 eff 0.0012 outinratio 0.0574 

VBFH126_4e_Nj_pT4l_genbin10_recobin5 acc 0.1767 eff 0.0053 outinratio 0.0 

WminusH126_4e_Nj_pT4l_genbin10_recobin5 acc 0.0853 eff 0.0 outinratio 0.0 

WplusH126_4e_Nj_pT4l_genbin10_recobin5 acc 0.0937 eff 0.0015 outinratio 0.0482 

ZH126_4e_Nj_pT4l_genbin10_recobin5 acc 0.1162 eff 0.006 outinratio 0.0786 

ttH126_4e_Nj_pT4l_genbin10_recobin5 acc 0.1978 eff 0.0 outinratio 0.0 

ggH126_4e_Nj_pT4l_genbin11_recobin5 acc 0.013 eff 0.0 outinratio 0.0574 

VBFH126_4e_Nj_pT4l_genbin11_recobin5 acc 0.0609 eff 0.0023 outinratio 0.0 

WminusH126_4e_Nj_pT4l_genbin11_recobin5 acc 0.0388 eff -1.0 outinratio 0.0 

WplusH126_4e_Nj_pT4l_genbin11_recobin5 acc 0.0426 eff 0.0 outinratio 0.0482 

ZH126_4e_Nj_pT4l_genbin11_recobin5 acc 0.0391 eff 0.0 outinratio 0.0786 

ttH126_4e_Nj_pT4l_genbin11_recobin5 acc 0.1072 eff 0.0 outinratio 0.0 

ggH126_4e_Nj_pT4l_genbin0_recobin6 acc 0.0697 eff 0.0211 outinratio 0.0822 

VBFH126_4e_Nj_pT4l_genbin0_recobin6 acc 0.0044 eff -1.0 outinratio 0.0 

WminusH126_4e_Nj_pT4l_genbin0_recobin6 acc 0.0 eff -1.0 outinratio 0.0 

WplusH126_4e_Nj_pT4l_genbin0_recobin6 acc 0.0024 eff 0.0418 outinratio 0.1166 

ZH126_4e_Nj_pT4l_genbin0_recobin6 acc 0.0029 eff 0.0 outinratio 0.0913 

ttH126_4e_Nj_pT4l_genbin0_recobin6 acc 0.0 eff -1.0 outinratio 0.0 

ggH126_4e_Nj_pT4l_genbin1_recobin6 acc 0.051 eff 0.0319 outinratio 0.0822 

VBFH126_4e_Nj_pT4l_genbin1_recobin6 acc 0.0038 eff -1.0 outinratio 0.0 

WminusH126_4e_Nj_pT4l_genbin1_recobin6 acc -0.0078 eff -1.0 outinratio 0.0 

WplusH126_4e_Nj_pT4l_genbin1_recobin6 acc 0.0025 eff 0.0469 outinratio 0.1166 

ZH126_4e_Nj_pT4l_genbin1_recobin6 acc 0.0032 eff 0.1405 outinratio 0.0913 

ttH126_4e_Nj_pT4l_genbin1_recobin6 acc 0.0 eff -1.0 outinratio 0.0 

ggH126_4e_Nj_pT4l_genbin2_recobin6 acc 0.0385 eff 0.0384 outinratio 0.0822 

VBFH126_4e_Nj_pT4l_genbin2_recobin6 acc 0.0027 eff -1.0 outinratio 0.0 

WminusH126_4e_Nj_pT4l_genbin2_recobin6 acc 0.0 eff -1.0 outinratio 0.0 

WplusH126_4e_Nj_pT4l_genbin2_recobin6 acc 0.0034 eff 0.0777 outinratio 0.1166 

ZH126_4e_Nj_pT4l_genbin2_recobin6 acc 0.0048 eff 0.094 outinratio 0.0913 

ttH126_4e_Nj_pT4l_genbin2_recobin6 acc 0.0 eff -1.0 outinratio 0.0 

ggH126_4e_Nj_pT4l_genbin3_recobin6 acc 0.0393 eff 0.055 outinratio 0.0822 

VBFH126_4e_Nj_pT4l_genbin3_recobin6 acc 0.0082 eff 0.0467 outinratio 0.0 

WminusH126_4e_Nj_pT4l_genbin3_recobin6 acc 0.0 eff -1.0 outinratio 0.0 

WplusH126_4e_Nj_pT4l_genbin3_recobin6 acc 0.0057 eff 0.0528 outinratio 0.1166 

ZH126_4e_Nj_pT4l_genbin3_recobin6 acc 0.0048 eff 0.0 outinratio 0.0913 

ttH126_4e_Nj_pT4l_genbin3_recobin6 acc 0.0 eff -1.0 outinratio 0.0 

ggH126_4e_Nj_pT4l_genbin4_recobin6 acc 0.032 eff 0.0557 outinratio 0.0822 

VBFH126_4e_Nj_pT4l_genbin4_recobin6 acc 0.0114 eff 0.0345 outinratio 0.0 

WminusH126_4e_Nj_pT4l_genbin4_recobin6 acc 0.0233 eff -1.0 outinratio 0.0 

WplusH126_4e_Nj_pT4l_genbin4_recobin6 acc 0.0102 eff 0.0346 outinratio 0.1166 

ZH126_4e_Nj_pT4l_genbin4_recobin6 acc 0.0134 eff 0.0399 outinratio 0.0913 

ttH126_4e_Nj_pT4l_genbin4_recobin6 acc 0.0 eff -1.0 outinratio 0.0 

ggH126_4e_Nj_pT4l_genbin5_recobin6 acc 0.0148 eff 0.0 outinratio 0.0822 

VBFH126_4e_Nj_pT4l_genbin5_recobin6 acc 0.012 eff 0.0 outinratio 0.0 

WminusH126_4e_Nj_pT4l_genbin5_recobin6 acc 0.0543 eff -1.0 outinratio 0.0 

WplusH126_4e_Nj_pT4l_genbin5_recobin6 acc 0.0491 eff 0.0008 outinratio 0.1166 

ZH126_4e_Nj_pT4l_genbin5_recobin6 acc 0.0431 eff 0.0094 outinratio 0.0913 

ttH126_4e_Nj_pT4l_genbin5_recobin6 acc 0.0004 eff -1.0 outinratio 0.0 

ggH126_4e_Nj_pT4l_genbin6_recobin6 acc 0.0334 eff 0.2281 outinratio 0.0822 

VBFH126_4e_Nj_pT4l_genbin6_recobin6 acc 0.0332 eff 0.2763 outinratio 0.0 

WminusH126_4e_Nj_pT4l_genbin6_recobin6 acc 0.0155 eff -1.0 outinratio 0.0 

WplusH126_4e_Nj_pT4l_genbin6_recobin6 acc 0.0226 eff 0.2019 outinratio 0.1166 

ZH126_4e_Nj_pT4l_genbin6_recobin6 acc 0.0249 eff 0.2056 outinratio 0.0913 

ttH126_4e_Nj_pT4l_genbin6_recobin6 acc 0.0 eff -1.0 outinratio 0.0 

ggH126_4e_Nj_pT4l_genbin7_recobin6 acc 0.0306 eff 0.0203 outinratio 0.0822 

VBFH126_4e_Nj_pT4l_genbin7_recobin6 acc 0.0397 eff 0.0 outinratio 0.0 

WminusH126_4e_Nj_pT4l_genbin7_recobin6 acc 0.0155 eff -1.0 outinratio 0.0 

WplusH126_4e_Nj_pT4l_genbin7_recobin6 acc 0.018 eff 0.014 outinratio 0.1166 

ZH126_4e_Nj_pT4l_genbin7_recobin6 acc 0.0182 eff 0.0 outinratio 0.0913 

ttH126_4e_Nj_pT4l_genbin7_recobin6 acc 0.0014 eff -1.0 outinratio 0.0 

ggH126_4e_Nj_pT4l_genbin8_recobin6 acc 0.0278 eff 0.0 outinratio 0.0822 

VBFH126_4e_Nj_pT4l_genbin8_recobin6 acc 0.0495 eff 0.0 outinratio 0.0 

WminusH126_4e_Nj_pT4l_genbin8_recobin6 acc 0.0388 eff -1.0 outinratio 0.0 

WplusH126_4e_Nj_pT4l_genbin8_recobin6 acc 0.0251 eff 0.0 outinratio 0.1166 

ZH126_4e_Nj_pT4l_genbin8_recobin6 acc 0.0257 eff 0.0 outinratio 0.0913 

ttH126_4e_Nj_pT4l_genbin8_recobin6 acc 0.0025 eff -1.0 outinratio 0.0 

ggH126_4e_Nj_pT4l_genbin9_recobin6 acc 0.0174 eff 0.0 outinratio 0.0822 

VBFH126_4e_Nj_pT4l_genbin9_recobin6 acc 0.0435 eff 0.0 outinratio 0.0 

WminusH126_4e_Nj_pT4l_genbin9_recobin6 acc 0.031 eff -1.0 outinratio 0.0 

WplusH126_4e_Nj_pT4l_genbin9_recobin6 acc 0.0279 eff 0.0 outinratio 0.1166 

ZH126_4e_Nj_pT4l_genbin9_recobin6 acc 0.0289 eff 0.0 outinratio 0.0913 

ttH126_4e_Nj_pT4l_genbin9_recobin6 acc 0.0047 eff 0.0 outinratio 0.0 

ggH126_4e_Nj_pT4l_genbin10_recobin6 acc 0.0333 eff 0.01 outinratio 0.0822 

VBFH126_4e_Nj_pT4l_genbin10_recobin6 acc 0.1767 eff 0.0048 outinratio 0.0 

WminusH126_4e_Nj_pT4l_genbin10_recobin6 acc 0.0853 eff 0.0 outinratio 0.0 

WplusH126_4e_Nj_pT4l_genbin10_recobin6 acc 0.0937 eff 0.0101 outinratio 0.1166 

ZH126_4e_Nj_pT4l_genbin10_recobin6 acc 0.1162 eff 0.016 outinratio 0.0913 

ttH126_4e_Nj_pT4l_genbin10_recobin6 acc 0.1978 eff 0.0 outinratio 0.0 

ggH126_4e_Nj_pT4l_genbin11_recobin6 acc 0.013 eff 0.0 outinratio 0.0822 

VBFH126_4e_Nj_pT4l_genbin11_recobin6 acc 0.0609 eff 0.0 outinratio 0.0 

WminusH126_4e_Nj_pT4l_genbin11_recobin6 acc 0.0388 eff -1.0 outinratio 0.0 

WplusH126_4e_Nj_pT4l_genbin11_recobin6 acc 0.0426 eff 0.0 outinratio 0.1166 

ZH126_4e_Nj_pT4l_genbin11_recobin6 acc 0.0391 eff 0.0 outinratio 0.0913 

ttH126_4e_Nj_pT4l_genbin11_recobin6 acc 0.1072 eff 0.0 outinratio 0.0 

ggH126_4e_Nj_pT4l_genbin0_recobin7 acc 0.0697 eff 0.0 outinratio 0.0708 

VBFH126_4e_Nj_pT4l_genbin0_recobin7 acc 0.0044 eff -1.0 outinratio 0.0 

WminusH126_4e_Nj_pT4l_genbin0_recobin7 acc 0.0 eff -1.0 outinratio 0.0 

WplusH126_4e_Nj_pT4l_genbin0_recobin7 acc 0.0024 eff 0.0 outinratio 0.087 

ZH126_4e_Nj_pT4l_genbin0_recobin7 acc 0.0029 eff 0.0 outinratio 0.0 

ttH126_4e_Nj_pT4l_genbin0_recobin7 acc 0.0 eff -1.0 outinratio 0.0 

ggH126_4e_Nj_pT4l_genbin1_recobin7 acc 0.051 eff 0.0 outinratio 0.0708 

VBFH126_4e_Nj_pT4l_genbin1_recobin7 acc 0.0038 eff -1.0 outinratio 0.0 

WminusH126_4e_Nj_pT4l_genbin1_recobin7 acc -0.0078 eff -1.0 outinratio 0.0 

WplusH126_4e_Nj_pT4l_genbin1_recobin7 acc 0.0025 eff 0.0 outinratio 0.087 

ZH126_4e_Nj_pT4l_genbin1_recobin7 acc 0.0032 eff 0.0 outinratio 0.0 

ttH126_4e_Nj_pT4l_genbin1_recobin7 acc 0.0 eff -1.0 outinratio 0.0 

ggH126_4e_Nj_pT4l_genbin2_recobin7 acc 0.0385 eff 0.0 outinratio 0.0708 

VBFH126_4e_Nj_pT4l_genbin2_recobin7 acc 0.0027 eff -1.0 outinratio 0.0 

WminusH126_4e_Nj_pT4l_genbin2_recobin7 acc 0.0 eff -1.0 outinratio 0.0 

WplusH126_4e_Nj_pT4l_genbin2_recobin7 acc 0.0034 eff 0.0 outinratio 0.087 

ZH126_4e_Nj_pT4l_genbin2_recobin7 acc 0.0048 eff 0.0 outinratio 0.0 

ttH126_4e_Nj_pT4l_genbin2_recobin7 acc 0.0 eff -1.0 outinratio 0.0 

ggH126_4e_Nj_pT4l_genbin3_recobin7 acc 0.0393 eff 0.0 outinratio 0.0708 

VBFH126_4e_Nj_pT4l_genbin3_recobin7 acc 0.0082 eff 0.0 outinratio 0.0 

WminusH126_4e_Nj_pT4l_genbin3_recobin7 acc 0.0 eff -1.0 outinratio 0.0 

WplusH126_4e_Nj_pT4l_genbin3_recobin7 acc 0.0057 eff 0.0 outinratio 0.087 

ZH126_4e_Nj_pT4l_genbin3_recobin7 acc 0.0048 eff 0.0 outinratio 0.0 

ttH126_4e_Nj_pT4l_genbin3_recobin7 acc 0.0 eff -1.0 outinratio 0.0 

ggH126_4e_Nj_pT4l_genbin4_recobin7 acc 0.032 eff 0.0012 outinratio 0.0708 

VBFH126_4e_Nj_pT4l_genbin4_recobin7 acc 0.0114 eff 0.0519 outinratio 0.0 

WminusH126_4e_Nj_pT4l_genbin4_recobin7 acc 0.0233 eff -1.0 outinratio 0.0 

WplusH126_4e_Nj_pT4l_genbin4_recobin7 acc 0.0102 eff 0.0051 outinratio 0.087 

ZH126_4e_Nj_pT4l_genbin4_recobin7 acc 0.0134 eff 0.0 outinratio 0.0 

ttH126_4e_Nj_pT4l_genbin4_recobin7 acc 0.0 eff -1.0 outinratio 0.0 

ggH126_4e_Nj_pT4l_genbin5_recobin7 acc 0.0148 eff 0.0445 outinratio 0.0708 

VBFH126_4e_Nj_pT4l_genbin5_recobin7 acc 0.012 eff 0.0134 outinratio 0.0 

WminusH126_4e_Nj_pT4l_genbin5_recobin7 acc 0.0543 eff -1.0 outinratio 0.0 

WplusH126_4e_Nj_pT4l_genbin5_recobin7 acc 0.0491 eff 0.021 outinratio 0.087 

ZH126_4e_Nj_pT4l_genbin5_recobin7 acc 0.0431 eff 0.0052 outinratio 0.0 

ttH126_4e_Nj_pT4l_genbin5_recobin7 acc 0.0004 eff -1.0 outinratio 0.0 

ggH126_4e_Nj_pT4l_genbin6_recobin7 acc 0.0334 eff 0.0022 outinratio 0.0708 

VBFH126_4e_Nj_pT4l_genbin6_recobin7 acc 0.0332 eff 0.0207 outinratio 0.0 

WminusH126_4e_Nj_pT4l_genbin6_recobin7 acc 0.0155 eff -1.0 outinratio 0.0 

WplusH126_4e_Nj_pT4l_genbin6_recobin7 acc 0.0226 eff 0.0096 outinratio 0.087 

ZH126_4e_Nj_pT4l_genbin6_recobin7 acc 0.0249 eff 0.049 outinratio 0.0 

ttH126_4e_Nj_pT4l_genbin6_recobin7 acc 0.0 eff -1.0 outinratio 0.0 

ggH126_4e_Nj_pT4l_genbin7_recobin7 acc 0.0306 eff 0.2544 outinratio 0.0708 

VBFH126_4e_Nj_pT4l_genbin7_recobin7 acc 0.0397 eff 0.2687 outinratio 0.0 

WminusH126_4e_Nj_pT4l_genbin7_recobin7 acc 0.0155 eff -1.0 outinratio 0.0 

WplusH126_4e_Nj_pT4l_genbin7_recobin7 acc 0.018 eff 0.1981 outinratio 0.087 

ZH126_4e_Nj_pT4l_genbin7_recobin7 acc 0.0182 eff 0.2118 outinratio 0.0 

ttH126_4e_Nj_pT4l_genbin7_recobin7 acc 0.0014 eff -1.0 outinratio 0.0 

ggH126_4e_Nj_pT4l_genbin8_recobin7 acc 0.0278 eff 0.0232 outinratio 0.0708 

VBFH126_4e_Nj_pT4l_genbin8_recobin7 acc 0.0495 eff 0.0121 outinratio 0.0 

WminusH126_4e_Nj_pT4l_genbin8_recobin7 acc 0.0388 eff -1.0 outinratio 0.0 

WplusH126_4e_Nj_pT4l_genbin8_recobin7 acc 0.0251 eff 0.0109 outinratio 0.087 

ZH126_4e_Nj_pT4l_genbin8_recobin7 acc 0.0257 eff 0.0 outinratio 0.0 

ttH126_4e_Nj_pT4l_genbin8_recobin7 acc 0.0025 eff -1.0 outinratio 0.0 

ggH126_4e_Nj_pT4l_genbin9_recobin7 acc 0.0174 eff 0.0 outinratio 0.0708 

VBFH126_4e_Nj_pT4l_genbin9_recobin7 acc 0.0435 eff 0.0 outinratio 0.0 

WminusH126_4e_Nj_pT4l_genbin9_recobin7 acc 0.031 eff -1.0 outinratio 0.0 

WplusH126_4e_Nj_pT4l_genbin9_recobin7 acc 0.0279 eff 0.0 outinratio 0.087 

ZH126_4e_Nj_pT4l_genbin9_recobin7 acc 0.0289 eff 0.0 outinratio 0.0 

ttH126_4e_Nj_pT4l_genbin9_recobin7 acc 0.0047 eff 0.0 outinratio 0.0 

ggH126_4e_Nj_pT4l_genbin10_recobin7 acc 0.0333 eff 0.0128 outinratio 0.0708 

VBFH126_4e_Nj_pT4l_genbin10_recobin7 acc 0.1767 eff 0.0093 outinratio 0.0 

WminusH126_4e_Nj_pT4l_genbin10_recobin7 acc 0.0853 eff 0.0 outinratio 0.0 

WplusH126_4e_Nj_pT4l_genbin10_recobin7 acc 0.0937 eff 0.0074 outinratio 0.087 

ZH126_4e_Nj_pT4l_genbin10_recobin7 acc 0.1162 eff 0.0093 outinratio 0.0 

ttH126_4e_Nj_pT4l_genbin10_recobin7 acc 0.1978 eff 0.0 outinratio 0.0 

ggH126_4e_Nj_pT4l_genbin11_recobin7 acc 0.013 eff 0.0 outinratio 0.0708 

VBFH126_4e_Nj_pT4l_genbin11_recobin7 acc 0.0609 eff 0.0 outinratio 0.0 

WminusH126_4e_Nj_pT4l_genbin11_recobin7 acc 0.0388 eff -1.0 outinratio 0.0 

WplusH126_4e_Nj_pT4l_genbin11_recobin7 acc 0.0426 eff 0.0 outinratio 0.087 

ZH126_4e_Nj_pT4l_genbin11_recobin7 acc 0.0391 eff 0.0 outinratio 0.0 

ttH126_4e_Nj_pT4l_genbin11_recobin7 acc 0.1072 eff 0.0 outinratio 0.0 

ggH126_4e_Nj_pT4l_genbin0_recobin8 acc 0.0697 eff 0.0 outinratio 0.059 

VBFH126_4e_Nj_pT4l_genbin0_recobin8 acc 0.0044 eff -1.0 outinratio 0.0394 

WminusH126_4e_Nj_pT4l_genbin0_recobin8 acc 0.0 eff -1.0 outinratio 0.0 

WplusH126_4e_Nj_pT4l_genbin0_recobin8 acc 0.0024 eff 0.0 outinratio 0.089 

ZH126_4e_Nj_pT4l_genbin0_recobin8 acc 0.0029 eff 0.0 outinratio 0.1407 

ttH126_4e_Nj_pT4l_genbin0_recobin8 acc 0.0 eff -1.0 outinratio 0.0 

ggH126_4e_Nj_pT4l_genbin1_recobin8 acc 0.051 eff 0.0 outinratio 0.059 

VBFH126_4e_Nj_pT4l_genbin1_recobin8 acc 0.0038 eff -1.0 outinratio 0.0394 

WminusH126_4e_Nj_pT4l_genbin1_recobin8 acc -0.0078 eff -1.0 outinratio 0.0 

WplusH126_4e_Nj_pT4l_genbin1_recobin8 acc 0.0025 eff 0.0 outinratio 0.089 

ZH126_4e_Nj_pT4l_genbin1_recobin8 acc 0.0032 eff 0.0 outinratio 0.1407 

ttH126_4e_Nj_pT4l_genbin1_recobin8 acc 0.0 eff -1.0 outinratio 0.0 

ggH126_4e_Nj_pT4l_genbin2_recobin8 acc 0.0385 eff 0.0 outinratio 0.059 

VBFH126_4e_Nj_pT4l_genbin2_recobin8 acc 0.0027 eff -1.0 outinratio 0.0394 

WminusH126_4e_Nj_pT4l_genbin2_recobin8 acc 0.0 eff -1.0 outinratio 0.0 

WplusH126_4e_Nj_pT4l_genbin2_recobin8 acc 0.0034 eff 0.0 outinratio 0.089 

ZH126_4e_Nj_pT4l_genbin2_recobin8 acc 0.0048 eff 0.0 outinratio 0.1407 

ttH126_4e_Nj_pT4l_genbin2_recobin8 acc 0.0 eff -1.0 outinratio 0.0 

ggH126_4e_Nj_pT4l_genbin3_recobin8 acc 0.0393 eff 0.0 outinratio 0.059 

VBFH126_4e_Nj_pT4l_genbin3_recobin8 acc 0.0082 eff 0.0 outinratio 0.0394 

WminusH126_4e_Nj_pT4l_genbin3_recobin8 acc 0.0 eff -1.0 outinratio 0.0 

WplusH126_4e_Nj_pT4l_genbin3_recobin8 acc 0.0057 eff 0.0 outinratio 0.089 

ZH126_4e_Nj_pT4l_genbin3_recobin8 acc 0.0048 eff 0.0 outinratio 0.1407 

ttH126_4e_Nj_pT4l_genbin3_recobin8 acc 0.0 eff -1.0 outinratio 0.0 

ggH126_4e_Nj_pT4l_genbin4_recobin8 acc 0.032 eff 0.0 outinratio 0.059 

VBFH126_4e_Nj_pT4l_genbin4_recobin8 acc 0.0114 eff 0.0 outinratio 0.0394 

WminusH126_4e_Nj_pT4l_genbin4_recobin8 acc 0.0233 eff -1.0 outinratio 0.0 

WplusH126_4e_Nj_pT4l_genbin4_recobin8 acc 0.0102 eff 0.0 outinratio 0.089 

ZH126_4e_Nj_pT4l_genbin4_recobin8 acc 0.0134 eff 0.0 outinratio 0.1407 

ttH126_4e_Nj_pT4l_genbin4_recobin8 acc 0.0 eff -1.0 outinratio 0.0 

ggH126_4e_Nj_pT4l_genbin5_recobin8 acc 0.0148 eff 0.0208 outinratio 0.059 

VBFH126_4e_Nj_pT4l_genbin5_recobin8 acc 0.012 eff 0.0858 outinratio 0.0394 

WminusH126_4e_Nj_pT4l_genbin5_recobin8 acc 0.0543 eff -1.0 outinratio 0.0 

WplusH126_4e_Nj_pT4l_genbin5_recobin8 acc 0.0491 eff 0.0146 outinratio 0.089 

ZH126_4e_Nj_pT4l_genbin5_recobin8 acc 0.0431 eff 0.0072 outinratio 0.1407 

ttH126_4e_Nj_pT4l_genbin5_recobin8 acc 0.0004 eff -1.0 outinratio 0.0 

ggH126_4e_Nj_pT4l_genbin6_recobin8 acc 0.0334 eff 0.0 outinratio 0.059 

VBFH126_4e_Nj_pT4l_genbin6_recobin8 acc 0.0332 eff 0.0 outinratio 0.0394 

WminusH126_4e_Nj_pT4l_genbin6_recobin8 acc 0.0155 eff -1.0 outinratio 0.0 

WplusH126_4e_Nj_pT4l_genbin6_recobin8 acc 0.0226 eff 0.0 outinratio 0.089 

ZH126_4e_Nj_pT4l_genbin6_recobin8 acc 0.0249 eff 0.0 outinratio 0.1407 

ttH126_4e_Nj_pT4l_genbin6_recobin8 acc 0.0 eff -1.0 outinratio 0.0 

ggH126_4e_Nj_pT4l_genbin7_recobin8 acc 0.0306 eff 0.0067 outinratio 0.059 

VBFH126_4e_Nj_pT4l_genbin7_recobin8 acc 0.0397 eff 0.0076 outinratio 0.0394 

WminusH126_4e_Nj_pT4l_genbin7_recobin8 acc 0.0155 eff -1.0 outinratio 0.0 

WplusH126_4e_Nj_pT4l_genbin7_recobin8 acc 0.018 eff 0.0045 outinratio 0.089 

ZH126_4e_Nj_pT4l_genbin7_recobin8 acc 0.0182 eff 0.0168 outinratio 0.1407 

ttH126_4e_Nj_pT4l_genbin7_recobin8 acc 0.0014 eff -1.0 outinratio 0.0 

ggH126_4e_Nj_pT4l_genbin8_recobin8 acc 0.0278 eff 0.2569 outinratio 0.059 

VBFH126_4e_Nj_pT4l_genbin8_recobin8 acc 0.0495 eff 0.3223 outinratio 0.0394 

WminusH126_4e_Nj_pT4l_genbin8_recobin8 acc 0.0388 eff -1.0 outinratio 0.0 

WplusH126_4e_Nj_pT4l_genbin8_recobin8 acc 0.0251 eff 0.2111 outinratio 0.089 

ZH126_4e_Nj_pT4l_genbin8_recobin8 acc 0.0257 eff 0.1623 outinratio 0.1407 

ttH126_4e_Nj_pT4l_genbin8_recobin8 acc 0.0025 eff -1.0 outinratio 0.0 

ggH126_4e_Nj_pT4l_genbin9_recobin8 acc 0.0174 eff 0.0171 outinratio 0.059 

VBFH126_4e_Nj_pT4l_genbin9_recobin8 acc 0.0435 eff 0.004 outinratio 0.0394 

WminusH126_4e_Nj_pT4l_genbin9_recobin8 acc 0.031 eff -1.0 outinratio 0.0 

WplusH126_4e_Nj_pT4l_genbin9_recobin8 acc 0.0279 eff 0.008 outinratio 0.089 

ZH126_4e_Nj_pT4l_genbin9_recobin8 acc 0.0289 eff 0.0022 outinratio 0.1407 

ttH126_4e_Nj_pT4l_genbin9_recobin8 acc 0.0047 eff 0.0 outinratio 0.0 

ggH126_4e_Nj_pT4l_genbin10_recobin8 acc 0.0333 eff 0.0206 outinratio 0.059 

VBFH126_4e_Nj_pT4l_genbin10_recobin8 acc 0.1767 eff 0.019 outinratio 0.0394 

WminusH126_4e_Nj_pT4l_genbin10_recobin8 acc 0.0853 eff 0.0 outinratio 0.0 

WplusH126_4e_Nj_pT4l_genbin10_recobin8 acc 0.0937 eff 0.0134 outinratio 0.089 

ZH126_4e_Nj_pT4l_genbin10_recobin8 acc 0.1162 eff 0.0076 outinratio 0.1407 

ttH126_4e_Nj_pT4l_genbin10_recobin8 acc 0.1978 eff 0.0 outinratio 0.0 

ggH126_4e_Nj_pT4l_genbin11_recobin8 acc 0.013 eff 0.0 outinratio 0.059 

VBFH126_4e_Nj_pT4l_genbin11_recobin8 acc 0.0609 eff 0.0 outinratio 0.0394 

WminusH126_4e_Nj_pT4l_genbin11_recobin8 acc 0.0388 eff -1.0 outinratio 0.0 

WplusH126_4e_Nj_pT4l_genbin11_recobin8 acc 0.0426 eff 0.0 outinratio 0.089 

ZH126_4e_Nj_pT4l_genbin11_recobin8 acc 0.0391 eff 0.0 outinratio 0.1407 

ttH126_4e_Nj_pT4l_genbin11_recobin8 acc 0.1072 eff 0.0 outinratio 0.0 

ggH126_4e_Nj_pT4l_genbin0_recobin9 acc 0.0697 eff 0.0 outinratio 0.0194 

VBFH126_4e_Nj_pT4l_genbin0_recobin9 acc 0.0044 eff -1.0 outinratio 0.0986 

WminusH126_4e_Nj_pT4l_genbin0_recobin9 acc 0.0 eff -1.0 outinratio 0.0 

WplusH126_4e_Nj_pT4l_genbin0_recobin9 acc 0.0024 eff 0.0 outinratio 0.0499 

ZH126_4e_Nj_pT4l_genbin0_recobin9 acc 0.0029 eff 0.0 outinratio 0.0517 

ttH126_4e_Nj_pT4l_genbin0_recobin9 acc 0.0 eff -1.0 outinratio 0.0 

ggH126_4e_Nj_pT4l_genbin1_recobin9 acc 0.051 eff 0.0 outinratio 0.0194 

VBFH126_4e_Nj_pT4l_genbin1_recobin9 acc 0.0038 eff -1.0 outinratio 0.0986 

WminusH126_4e_Nj_pT4l_genbin1_recobin9 acc -0.0078 eff -1.0 outinratio 0.0 

WplusH126_4e_Nj_pT4l_genbin1_recobin9 acc 0.0025 eff 0.0 outinratio 0.0499 

ZH126_4e_Nj_pT4l_genbin1_recobin9 acc 0.0032 eff 0.0 outinratio 0.0517 

ttH126_4e_Nj_pT4l_genbin1_recobin9 acc 0.0 eff -1.0 outinratio 0.0 

ggH126_4e_Nj_pT4l_genbin2_recobin9 acc 0.0385 eff 0.0 outinratio 0.0194 

VBFH126_4e_Nj_pT4l_genbin2_recobin9 acc 0.0027 eff -1.0 outinratio 0.0986 

WminusH126_4e_Nj_pT4l_genbin2_recobin9 acc 0.0 eff -1.0 outinratio 0.0 

WplusH126_4e_Nj_pT4l_genbin2_recobin9 acc 0.0034 eff 0.0 outinratio 0.0499 

ZH126_4e_Nj_pT4l_genbin2_recobin9 acc 0.0048 eff 0.0 outinratio 0.0517 

ttH126_4e_Nj_pT4l_genbin2_recobin9 acc 0.0 eff -1.0 outinratio 0.0 

ggH126_4e_Nj_pT4l_genbin3_recobin9 acc 0.0393 eff 0.0 outinratio 0.0194 

VBFH126_4e_Nj_pT4l_genbin3_recobin9 acc 0.0082 eff 0.0 outinratio 0.0986 

WminusH126_4e_Nj_pT4l_genbin3_recobin9 acc 0.0 eff -1.0 outinratio 0.0 

WplusH126_4e_Nj_pT4l_genbin3_recobin9 acc 0.0057 eff 0.0 outinratio 0.0499 

ZH126_4e_Nj_pT4l_genbin3_recobin9 acc 0.0048 eff 0.0 outinratio 0.0517 

ttH126_4e_Nj_pT4l_genbin3_recobin9 acc 0.0 eff -1.0 outinratio 0.0 

ggH126_4e_Nj_pT4l_genbin4_recobin9 acc 0.032 eff 0.0 outinratio 0.0194 

VBFH126_4e_Nj_pT4l_genbin4_recobin9 acc 0.0114 eff 0.0 outinratio 0.0986 

WminusH126_4e_Nj_pT4l_genbin4_recobin9 acc 0.0233 eff -1.0 outinratio 0.0 

WplusH126_4e_Nj_pT4l_genbin4_recobin9 acc 0.0102 eff 0.0 outinratio 0.0499 

ZH126_4e_Nj_pT4l_genbin4_recobin9 acc 0.0134 eff 0.0 outinratio 0.0517 

ttH126_4e_Nj_pT4l_genbin4_recobin9 acc 0.0 eff -1.0 outinratio 0.0 

ggH126_4e_Nj_pT4l_genbin5_recobin9 acc 0.0148 eff 0.0 outinratio 0.0194 

VBFH126_4e_Nj_pT4l_genbin5_recobin9 acc 0.012 eff 0.0 outinratio 0.0986 

WminusH126_4e_Nj_pT4l_genbin5_recobin9 acc 0.0543 eff -1.0 outinratio 0.0 

WplusH126_4e_Nj_pT4l_genbin5_recobin9 acc 0.0491 eff 0.0363 outinratio 0.0499 

ZH126_4e_Nj_pT4l_genbin5_recobin9 acc 0.0431 eff 0.0278 outinratio 0.0517 

ttH126_4e_Nj_pT4l_genbin5_recobin9 acc 0.0004 eff -1.0 outinratio 0.0 

ggH126_4e_Nj_pT4l_genbin6_recobin9 acc 0.0334 eff 0.0 outinratio 0.0194 

VBFH126_4e_Nj_pT4l_genbin6_recobin9 acc 0.0332 eff 0.0 outinratio 0.0986 

WminusH126_4e_Nj_pT4l_genbin6_recobin9 acc 0.0155 eff -1.0 outinratio 0.0 

WplusH126_4e_Nj_pT4l_genbin6_recobin9 acc 0.0226 eff 0.0 outinratio 0.0499 

ZH126_4e_Nj_pT4l_genbin6_recobin9 acc 0.0249 eff 0.0 outinratio 0.0517 

ttH126_4e_Nj_pT4l_genbin6_recobin9 acc 0.0 eff -1.0 outinratio 0.0 

ggH126_4e_Nj_pT4l_genbin7_recobin9 acc 0.0306 eff 0.0 outinratio 0.0194 

VBFH126_4e_Nj_pT4l_genbin7_recobin9 acc 0.0397 eff 0.0 outinratio 0.0986 

WminusH126_4e_Nj_pT4l_genbin7_recobin9 acc 0.0155 eff -1.0 outinratio 0.0 

WplusH126_4e_Nj_pT4l_genbin7_recobin9 acc 0.018 eff 0.0 outinratio 0.0499 

ZH126_4e_Nj_pT4l_genbin7_recobin9 acc 0.0182 eff 0.0 outinratio 0.0517 

ttH126_4e_Nj_pT4l_genbin7_recobin9 acc 0.0014 eff -1.0 outinratio 0.0 

ggH126_4e_Nj_pT4l_genbin8_recobin9 acc 0.0278 eff 0.0105 outinratio 0.0194 

VBFH126_4e_Nj_pT4l_genbin8_recobin9 acc 0.0495 eff 0.0 outinratio 0.0986 

WminusH126_4e_Nj_pT4l_genbin8_recobin9 acc 0.0388 eff -1.0 outinratio 0.0 

WplusH126_4e_Nj_pT4l_genbin8_recobin9 acc 0.0251 eff 0.0077 outinratio 0.0499 

ZH126_4e_Nj_pT4l_genbin8_recobin9 acc 0.0257 eff 0.0 outinratio 0.0517 

ttH126_4e_Nj_pT4l_genbin8_recobin9 acc 0.0025 eff -1.0 outinratio 0.0 

ggH126_4e_Nj_pT4l_genbin9_recobin9 acc 0.0174 eff 0.3567 outinratio 0.0194 

VBFH126_4e_Nj_pT4l_genbin9_recobin9 acc 0.0435 eff 0.2914 outinratio 0.0986 

WminusH126_4e_Nj_pT4l_genbin9_recobin9 acc 0.031 eff -1.0 outinratio 0.0 

WplusH126_4e_Nj_pT4l_genbin9_recobin9 acc 0.0279 eff 0.2632 outinratio 0.0499 

ZH126_4e_Nj_pT4l_genbin9_recobin9 acc 0.0289 eff 0.2399 outinratio 0.0517 

ttH126_4e_Nj_pT4l_genbin9_recobin9 acc 0.0047 eff 0.2281 outinratio 0.0 

ggH126_4e_Nj_pT4l_genbin10_recobin9 acc 0.0333 eff 0.0143 outinratio 0.0194 

VBFH126_4e_Nj_pT4l_genbin10_recobin9 acc 0.1767 eff 0.0142 outinratio 0.0986 

WminusH126_4e_Nj_pT4l_genbin10_recobin9 acc 0.0853 eff 0.0 outinratio 0.0 

WplusH126_4e_Nj_pT4l_genbin10_recobin9 acc 0.0937 eff 0.0134 outinratio 0.0499 

ZH126_4e_Nj_pT4l_genbin10_recobin9 acc 0.1162 eff 0.0053 outinratio 0.0517 

ttH126_4e_Nj_pT4l_genbin10_recobin9 acc 0.1978 eff 0.0 outinratio 0.0 

ggH126_4e_Nj_pT4l_genbin11_recobin9 acc 0.013 eff 0.0331 outinratio 0.0194 

VBFH126_4e_Nj_pT4l_genbin11_recobin9 acc 0.0609 eff 0.0165 outinratio 0.0986 

WminusH126_4e_Nj_pT4l_genbin11_recobin9 acc 0.0388 eff -1.0 outinratio 0.0 

WplusH126_4e_Nj_pT4l_genbin11_recobin9 acc 0.0426 eff 0.0201 outinratio 0.0499 

ZH126_4e_Nj_pT4l_genbin11_recobin9 acc 0.0391 eff 0.0084 outinratio 0.0517 

ttH126_4e_Nj_pT4l_genbin11_recobin9 acc 0.1072 eff 0.0 outinratio 0.0 

ggH126_4e_Nj_pT4l_genbin0_recobin10 acc 0.0697 eff 0.0002 outinratio 0.0495 

VBFH126_4e_Nj_pT4l_genbin0_recobin10 acc 0.0044 eff -1.0 outinratio 0.0132 

WminusH126_4e_Nj_pT4l_genbin0_recobin10 acc 0.0 eff -1.0 outinratio 0.0 

WplusH126_4e_Nj_pT4l_genbin0_recobin10 acc 0.0024 eff 0.0 outinratio 0.0805 

ZH126_4e_Nj_pT4l_genbin0_recobin10 acc 0.0029 eff 0.0 outinratio 0.1496 

ttH126_4e_Nj_pT4l_genbin0_recobin10 acc 0.0 eff -1.0 outinratio 0.1775 

ggH126_4e_Nj_pT4l_genbin1_recobin10 acc 0.051 eff 0.0022 outinratio 0.0495 

VBFH126_4e_Nj_pT4l_genbin1_recobin10 acc 0.0038 eff -1.0 outinratio 0.0132 

WminusH126_4e_Nj_pT4l_genbin1_recobin10 acc -0.0078 eff -1.0 outinratio 0.0 

WplusH126_4e_Nj_pT4l_genbin1_recobin10 acc 0.0025 eff 0.0 outinratio 0.0805 

ZH126_4e_Nj_pT4l_genbin1_recobin10 acc 0.0032 eff 0.0 outinratio 0.1496 

ttH126_4e_Nj_pT4l_genbin1_recobin10 acc 0.0 eff -1.0 outinratio 0.1775 

ggH126_4e_Nj_pT4l_genbin2_recobin10 acc 0.0385 eff 0.0049 outinratio 0.0495 

VBFH126_4e_Nj_pT4l_genbin2_recobin10 acc 0.0027 eff -1.0 outinratio 0.0132 

WminusH126_4e_Nj_pT4l_genbin2_recobin10 acc 0.0 eff -1.0 outinratio 0.0 

WplusH126_4e_Nj_pT4l_genbin2_recobin10 acc 0.0034 eff 0.0 outinratio 0.0805 

ZH126_4e_Nj_pT4l_genbin2_recobin10 acc 0.0048 eff 0.0 outinratio 0.1496 

ttH126_4e_Nj_pT4l_genbin2_recobin10 acc 0.0 eff -1.0 outinratio 0.1775 

ggH126_4e_Nj_pT4l_genbin3_recobin10 acc 0.0393 eff 0.0009 outinratio 0.0495 

VBFH126_4e_Nj_pT4l_genbin3_recobin10 acc 0.0082 eff 0.0 outinratio 0.0132 

WminusH126_4e_Nj_pT4l_genbin3_recobin10 acc 0.0 eff -1.0 outinratio 0.0 

WplusH126_4e_Nj_pT4l_genbin3_recobin10 acc 0.0057 eff 0.0 outinratio 0.0805 

ZH126_4e_Nj_pT4l_genbin3_recobin10 acc 0.0048 eff 0.0 outinratio 0.1496 

ttH126_4e_Nj_pT4l_genbin3_recobin10 acc 0.0 eff -1.0 outinratio 0.1775 

ggH126_4e_Nj_pT4l_genbin4_recobin10 acc 0.032 eff 0.0076 outinratio 0.0495 

VBFH126_4e_Nj_pT4l_genbin4_recobin10 acc 0.0114 eff 0.0573 outinratio 0.0132 

WminusH126_4e_Nj_pT4l_genbin4_recobin10 acc 0.0233 eff -1.0 outinratio 0.0 

WplusH126_4e_Nj_pT4l_genbin4_recobin10 acc 0.0102 eff 0.0084 outinratio 0.0805 

ZH126_4e_Nj_pT4l_genbin4_recobin10 acc 0.0134 eff 0.0 outinratio 0.1496 

ttH126_4e_Nj_pT4l_genbin4_recobin10 acc 0.0 eff -1.0 outinratio 0.1775 

ggH126_4e_Nj_pT4l_genbin5_recobin10 acc 0.0148 eff 0.0038 outinratio 0.0495 

VBFH126_4e_Nj_pT4l_genbin5_recobin10 acc 0.012 eff 0.06 outinratio 0.0132 

WminusH126_4e_Nj_pT4l_genbin5_recobin10 acc 0.0543 eff -1.0 outinratio 0.0 

WplusH126_4e_Nj_pT4l_genbin5_recobin10 acc 0.0491 eff 0.0049 outinratio 0.0805 

ZH126_4e_Nj_pT4l_genbin5_recobin10 acc 0.0431 eff 0.0057 outinratio 0.1496 

ttH126_4e_Nj_pT4l_genbin5_recobin10 acc 0.0004 eff -1.0 outinratio 0.1775 

ggH126_4e_Nj_pT4l_genbin6_recobin10 acc 0.0334 eff 0.0384 outinratio 0.0495 

VBFH126_4e_Nj_pT4l_genbin6_recobin10 acc 0.0332 eff 0.0956 outinratio 0.0132 

WminusH126_4e_Nj_pT4l_genbin6_recobin10 acc 0.0155 eff -1.0 outinratio 0.0 

WplusH126_4e_Nj_pT4l_genbin6_recobin10 acc 0.0226 eff 0.0454 outinratio 0.0805 

ZH126_4e_Nj_pT4l_genbin6_recobin10 acc 0.0249 eff 0.0676 outinratio 0.1496 

ttH126_4e_Nj_pT4l_genbin6_recobin10 acc 0.0 eff -1.0 outinratio 0.1775 

ggH126_4e_Nj_pT4l_genbin7_recobin10 acc 0.0306 eff 0.043 outinratio 0.0495 

VBFH126_4e_Nj_pT4l_genbin7_recobin10 acc 0.0397 eff 0.066 outinratio 0.0132 

WminusH126_4e_Nj_pT4l_genbin7_recobin10 acc 0.0155 eff -1.0 outinratio 0.0 

WplusH126_4e_Nj_pT4l_genbin7_recobin10 acc 0.018 eff 0.0543 outinratio 0.0805 

ZH126_4e_Nj_pT4l_genbin7_recobin10 acc 0.0182 eff 0.0 outinratio 0.1496 

ttH126_4e_Nj_pT4l_genbin7_recobin10 acc 0.0014 eff -1.0 outinratio 0.1775 

ggH126_4e_Nj_pT4l_genbin8_recobin10 acc 0.0278 eff 0.0494 outinratio 0.0495 

VBFH126_4e_Nj_pT4l_genbin8_recobin10 acc 0.0495 eff 0.0971 outinratio 0.0132 

WminusH126_4e_Nj_pT4l_genbin8_recobin10 acc 0.0388 eff -1.0 outinratio 0.0 

WplusH126_4e_Nj_pT4l_genbin8_recobin10 acc 0.0251 eff 0.0739 outinratio 0.0805 

ZH126_4e_Nj_pT4l_genbin8_recobin10 acc 0.0257 eff 0.0643 outinratio 0.1496 

ttH126_4e_Nj_pT4l_genbin8_recobin10 acc 0.0025 eff -1.0 outinratio 0.1775 

ggH126_4e_Nj_pT4l_genbin9_recobin10 acc 0.0174 eff 0.0201 outinratio 0.0495 

VBFH126_4e_Nj_pT4l_genbin9_recobin10 acc 0.0435 eff 0.06 outinratio 0.0132 

WminusH126_4e_Nj_pT4l_genbin9_recobin10 acc 0.031 eff -1.0 outinratio 0.0 

WplusH126_4e_Nj_pT4l_genbin9_recobin10 acc 0.0279 eff 0.0539 outinratio 0.0805 

ZH126_4e_Nj_pT4l_genbin9_recobin10 acc 0.0289 eff 0.0302 outinratio 0.1496 

ttH126_4e_Nj_pT4l_genbin9_recobin10 acc 0.0047 eff 0.0475 outinratio 0.1775 

ggH126_4e_Nj_pT4l_genbin10_recobin10 acc 0.0333 eff 0.2705 outinratio 0.0495 

VBFH126_4e_Nj_pT4l_genbin10_recobin10 acc 0.1767 eff 0.288 outinratio 0.0132 

WminusH126_4e_Nj_pT4l_genbin10_recobin10 acc 0.0853 eff 0.3517 outinratio 0.0 

WplusH126_4e_Nj_pT4l_genbin10_recobin10 acc 0.0937 eff 0.3101 outinratio 0.0805 

ZH126_4e_Nj_pT4l_genbin10_recobin10 acc 0.1162 eff 0.2662 outinratio 0.1496 

ttH126_4e_Nj_pT4l_genbin10_recobin10 acc 0.1978 eff 0.3309 outinratio 0.1775 

ggH126_4e_Nj_pT4l_genbin11_recobin10 acc 0.013 eff 0.0212 outinratio 0.0495 

VBFH126_4e_Nj_pT4l_genbin11_recobin10 acc 0.0609 eff 0.0192 outinratio 0.0132 

WminusH126_4e_Nj_pT4l_genbin11_recobin10 acc 0.0388 eff -1.0 outinratio 0.0 

WplusH126_4e_Nj_pT4l_genbin11_recobin10 acc 0.0426 eff 0.0113 outinratio 0.0805 

ZH126_4e_Nj_pT4l_genbin11_recobin10 acc 0.0391 eff 0.0015 outinratio 0.1496 

ttH126_4e_Nj_pT4l_genbin11_recobin10 acc 0.1072 eff 0.0031 outinratio 0.1775 

ggH126_4e_Nj_pT4l_genbin0_recobin11 acc 0.0697 eff 0.0 outinratio 0.0499 

VBFH126_4e_Nj_pT4l_genbin0_recobin11 acc 0.0044 eff -1.0 outinratio 0.0269 

WminusH126_4e_Nj_pT4l_genbin0_recobin11 acc 0.0 eff -1.0 outinratio 0.0 

WplusH126_4e_Nj_pT4l_genbin0_recobin11 acc 0.0024 eff 0.0 outinratio 0.0447 

ZH126_4e_Nj_pT4l_genbin0_recobin11 acc 0.0029 eff 0.0 outinratio 0.1072 

ttH126_4e_Nj_pT4l_genbin0_recobin11 acc 0.0 eff -1.0 outinratio 0.1828 

ggH126_4e_Nj_pT4l_genbin1_recobin11 acc 0.051 eff 0.0 outinratio 0.0499 

VBFH126_4e_Nj_pT4l_genbin1_recobin11 acc 0.0038 eff -1.0 outinratio 0.0269 

WminusH126_4e_Nj_pT4l_genbin1_recobin11 acc -0.0078 eff -1.0 outinratio 0.0 

WplusH126_4e_Nj_pT4l_genbin1_recobin11 acc 0.0025 eff 0.0 outinratio 0.0447 

ZH126_4e_Nj_pT4l_genbin1_recobin11 acc 0.0032 eff 0.0 outinratio 0.1072 

ttH126_4e_Nj_pT4l_genbin1_recobin11 acc 0.0 eff -1.0 outinratio 0.1828 

ggH126_4e_Nj_pT4l_genbin2_recobin11 acc 0.0385 eff 0.0 outinratio 0.0499 

VBFH126_4e_Nj_pT4l_genbin2_recobin11 acc 0.0027 eff -1.0 outinratio 0.0269 

WminusH126_4e_Nj_pT4l_genbin2_recobin11 acc 0.0 eff -1.0 outinratio 0.0 

WplusH126_4e_Nj_pT4l_genbin2_recobin11 acc 0.0034 eff 0.0 outinratio 0.0447 

ZH126_4e_Nj_pT4l_genbin2_recobin11 acc 0.0048 eff 0.0 outinratio 0.1072 

ttH126_4e_Nj_pT4l_genbin2_recobin11 acc 0.0 eff -1.0 outinratio 0.1828 

ggH126_4e_Nj_pT4l_genbin3_recobin11 acc 0.0393 eff 0.0 outinratio 0.0499 

VBFH126_4e_Nj_pT4l_genbin3_recobin11 acc 0.0082 eff 0.0 outinratio 0.0269 

WminusH126_4e_Nj_pT4l_genbin3_recobin11 acc 0.0 eff -1.0 outinratio 0.0 

WplusH126_4e_Nj_pT4l_genbin3_recobin11 acc 0.0057 eff 0.0 outinratio 0.0447 

ZH126_4e_Nj_pT4l_genbin3_recobin11 acc 0.0048 eff 0.0 outinratio 0.1072 

ttH126_4e_Nj_pT4l_genbin3_recobin11 acc 0.0 eff -1.0 outinratio 0.1828 

ggH126_4e_Nj_pT4l_genbin4_recobin11 acc 0.032 eff 0.0 outinratio 0.0499 

VBFH126_4e_Nj_pT4l_genbin4_recobin11 acc 0.0114 eff 0.0 outinratio 0.0269 

WminusH126_4e_Nj_pT4l_genbin4_recobin11 acc 0.0233 eff -1.0 outinratio 0.0 

WplusH126_4e_Nj_pT4l_genbin4_recobin11 acc 0.0102 eff 0.0 outinratio 0.0447 

ZH126_4e_Nj_pT4l_genbin4_recobin11 acc 0.0134 eff 0.0 outinratio 0.1072 

ttH126_4e_Nj_pT4l_genbin4_recobin11 acc 0.0 eff -1.0 outinratio 0.1828 

ggH126_4e_Nj_pT4l_genbin5_recobin11 acc 0.0148 eff 0.0 outinratio 0.0499 

VBFH126_4e_Nj_pT4l_genbin5_recobin11 acc 0.012 eff 0.0 outinratio 0.0269 

WminusH126_4e_Nj_pT4l_genbin5_recobin11 acc 0.0543 eff -1.0 outinratio 0.0 

WplusH126_4e_Nj_pT4l_genbin5_recobin11 acc 0.0491 eff 0.0018 outinratio 0.0447 

ZH126_4e_Nj_pT4l_genbin5_recobin11 acc 0.0431 eff 0.0141 outinratio 0.1072 

ttH126_4e_Nj_pT4l_genbin5_recobin11 acc 0.0004 eff -1.0 outinratio 0.1828 

ggH126_4e_Nj_pT4l_genbin6_recobin11 acc 0.0334 eff 0.0 outinratio 0.0499 

VBFH126_4e_Nj_pT4l_genbin6_recobin11 acc 0.0332 eff 0.0 outinratio 0.0269 

WminusH126_4e_Nj_pT4l_genbin6_recobin11 acc 0.0155 eff -1.0 outinratio 0.0 

WplusH126_4e_Nj_pT4l_genbin6_recobin11 acc 0.0226 eff 0.0 outinratio 0.0447 

ZH126_4e_Nj_pT4l_genbin6_recobin11 acc 0.0249 eff 0.0 outinratio 0.1072 

ttH126_4e_Nj_pT4l_genbin6_recobin11 acc 0.0 eff -1.0 outinratio 0.1828 

ggH126_4e_Nj_pT4l_genbin7_recobin11 acc 0.0306 eff 0.0 outinratio 0.0499 

VBFH126_4e_Nj_pT4l_genbin7_recobin11 acc 0.0397 eff 0.0 outinratio 0.0269 

WminusH126_4e_Nj_pT4l_genbin7_recobin11 acc 0.0155 eff -1.0 outinratio 0.0 

WplusH126_4e_Nj_pT4l_genbin7_recobin11 acc 0.018 eff 0.0 outinratio 0.0447 

ZH126_4e_Nj_pT4l_genbin7_recobin11 acc 0.0182 eff 0.0 outinratio 0.1072 

ttH126_4e_Nj_pT4l_genbin7_recobin11 acc 0.0014 eff -1.0 outinratio 0.1828 

ggH126_4e_Nj_pT4l_genbin8_recobin11 acc 0.0278 eff 0.0 outinratio 0.0499 

VBFH126_4e_Nj_pT4l_genbin8_recobin11 acc 0.0495 eff 0.0 outinratio 0.0269 

WminusH126_4e_Nj_pT4l_genbin8_recobin11 acc 0.0388 eff -1.0 outinratio 0.0 

WplusH126_4e_Nj_pT4l_genbin8_recobin11 acc 0.0251 eff 0.0 outinratio 0.0447 

ZH126_4e_Nj_pT4l_genbin8_recobin11 acc 0.0257 eff 0.0 outinratio 0.1072 

ttH126_4e_Nj_pT4l_genbin8_recobin11 acc 0.0025 eff -1.0 outinratio 0.1828 

ggH126_4e_Nj_pT4l_genbin9_recobin11 acc 0.0174 eff 0.0045 outinratio 0.0499 

VBFH126_4e_Nj_pT4l_genbin9_recobin11 acc 0.0435 eff 0.0205 outinratio 0.0269 

WminusH126_4e_Nj_pT4l_genbin9_recobin11 acc 0.031 eff -1.0 outinratio 0.0 

WplusH126_4e_Nj_pT4l_genbin9_recobin11 acc 0.0279 eff 0.0258 outinratio 0.0447 

ZH126_4e_Nj_pT4l_genbin9_recobin11 acc 0.0289 eff 0.0388 outinratio 0.1072 

ttH126_4e_Nj_pT4l_genbin9_recobin11 acc 0.0047 eff 0.2487 outinratio 0.1828 

ggH126_4e_Nj_pT4l_genbin10_recobin11 acc 0.0333 eff 0.0035 outinratio 0.0499 

VBFH126_4e_Nj_pT4l_genbin10_recobin11 acc 0.1767 eff 0.0 outinratio 0.0269 

WminusH126_4e_Nj_pT4l_genbin10_recobin11 acc 0.0853 eff 0.0 outinratio 0.0 

WplusH126_4e_Nj_pT4l_genbin10_recobin11 acc 0.0937 eff 0.0022 outinratio 0.0447 

ZH126_4e_Nj_pT4l_genbin10_recobin11 acc 0.1162 eff 0.0 outinratio 0.1072 

ttH126_4e_Nj_pT4l_genbin10_recobin11 acc 0.1978 eff 0.0 outinratio 0.1828 

ggH126_4e_Nj_pT4l_genbin11_recobin11 acc 0.013 eff 0.3515 outinratio 0.0499 

VBFH126_4e_Nj_pT4l_genbin11_recobin11 acc 0.0609 eff 0.3802 outinratio 0.0269 

WminusH126_4e_Nj_pT4l_genbin11_recobin11 acc 0.0388 eff -1.0 outinratio 0.0 

WplusH126_4e_Nj_pT4l_genbin11_recobin11 acc 0.0426 eff 0.3479 outinratio 0.0447 

ZH126_4e_Nj_pT4l_genbin11_recobin11 acc 0.0391 eff 0.4012 outinratio 0.1072 

ttH126_4e_Nj_pT4l_genbin11_recobin11 acc 0.1072 eff 0.3791 outinratio 0.1828 

ggH126_4mu_Nj_pT4l_genbin0_recobin0 acc 0.0765 eff 0.7173 outinratio 0.0371 

VBFH126_4mu_Nj_pT4l_genbin0_recobin0 acc 0.0033 eff -1.0 outinratio 0.2245 

WminusH126_4mu_Nj_pT4l_genbin0_recobin0 acc 0.0 eff -1.0 outinratio 0.0 

WplusH126_4mu_Nj_pT4l_genbin0_recobin0 acc 0.0028 eff 0.3916 outinratio 0.0971 

ZH126_4mu_Nj_pT4l_genbin0_recobin0 acc 0.0027 eff -1.0 outinratio 0.2859 

ttH126_4mu_Nj_pT4l_genbin0_recobin0 acc 0.0 eff -1.0 outinratio 0.0 

ggH126_4mu_Nj_pT4l_genbin1_recobin0 acc 0.0533 eff 0.0425 outinratio 0.0371 

VBFH126_4mu_Nj_pT4l_genbin1_recobin0 acc 0.0033 eff -1.0 outinratio 0.2245 

WminusH126_4mu_Nj_pT4l_genbin1_recobin0 acc 0.0 eff -1.0 outinratio 0.0 

WplusH126_4mu_Nj_pT4l_genbin1_recobin0 acc 0.0033 eff 0.0372 outinratio 0.0971 

ZH126_4mu_Nj_pT4l_genbin1_recobin0 acc 0.0043 eff 0.0 outinratio 0.2859 

ttH126_4mu_Nj_pT4l_genbin1_recobin0 acc 0.0 eff -1.0 outinratio 0.0 

ggH126_4mu_Nj_pT4l_genbin2_recobin0 acc 0.0442 eff 0.0017 outinratio 0.0371 

VBFH126_4mu_Nj_pT4l_genbin2_recobin0 acc 0.005 eff -1.0 outinratio 0.2245 

WminusH126_4mu_Nj_pT4l_genbin2_recobin0 acc 0.0273 eff -1.0 outinratio 0.0 

WplusH126_4mu_Nj_pT4l_genbin2_recobin0 acc 0.0038 eff 0.0 outinratio 0.0971 

ZH126_4mu_Nj_pT4l_genbin2_recobin0 acc 0.0019 eff -1.0 outinratio 0.2859 

ttH126_4mu_Nj_pT4l_genbin2_recobin0 acc 0.0 eff -1.0 outinratio 0.0 

ggH126_4mu_Nj_pT4l_genbin3_recobin0 acc 0.0438 eff 0.0 outinratio 0.0371 

VBFH126_4mu_Nj_pT4l_genbin3_recobin0 acc 0.0039 eff -1.0 outinratio 0.2245 

WminusH126_4mu_Nj_pT4l_genbin3_recobin0 acc 0.0091 eff -1.0 outinratio 0.0 

WplusH126_4mu_Nj_pT4l_genbin3_recobin0 acc 0.0063 eff 0.0 outinratio 0.0971 

ZH126_4mu_Nj_pT4l_genbin3_recobin0 acc 0.004 eff 0.0 outinratio 0.2859 

ttH126_4mu_Nj_pT4l_genbin3_recobin0 acc 0.0 eff -1.0 outinratio 0.0 

ggH126_4mu_Nj_pT4l_genbin4_recobin0 acc 0.0361 eff 0.0 outinratio 0.0371 

VBFH126_4mu_Nj_pT4l_genbin4_recobin0 acc 0.0133 eff 0.0 outinratio 0.2245 

WminusH126_4mu_Nj_pT4l_genbin4_recobin0 acc -0.0091 eff -1.0 outinratio 0.0 

WplusH126_4mu_Nj_pT4l_genbin4_recobin0 acc 0.0117 eff 0.0 outinratio 0.0971 

ZH126_4mu_Nj_pT4l_genbin4_recobin0 acc 0.0126 eff 0.0 outinratio 0.2859 

ttH126_4mu_Nj_pT4l_genbin4_recobin0 acc 0.0007 eff -1.0 outinratio 0.0 

ggH126_4mu_Nj_pT4l_genbin5_recobin0 acc 0.0169 eff 0.0 outinratio 0.0371 

VBFH126_4mu_Nj_pT4l_genbin5_recobin0 acc 0.0072 eff 0.0 outinratio 0.2245 

WminusH126_4mu_Nj_pT4l_genbin5_recobin0 acc 0.0636 eff -1.0 outinratio 0.0 

WplusH126_4mu_Nj_pT4l_genbin5_recobin0 acc 0.0523 eff 0.0 outinratio 0.0971 

ZH126_4mu_Nj_pT4l_genbin5_recobin0 acc 0.0564 eff 0.0 outinratio 0.2859 

ttH126_4mu_Nj_pT4l_genbin5_recobin0 acc 0.0011 eff -1.0 outinratio 0.0 

ggH126_4mu_Nj_pT4l_genbin6_recobin0 acc 0.0361 eff 0.0129 outinratio 0.0371 

VBFH126_4mu_Nj_pT4l_genbin6_recobin0 acc 0.0289 eff 0.0 outinratio 0.2245 

WminusH126_4mu_Nj_pT4l_genbin6_recobin0 acc 0.0182 eff -1.0 outinratio 0.0 

WplusH126_4mu_Nj_pT4l_genbin6_recobin0 acc 0.0248 eff 0.0114 outinratio 0.0971 

ZH126_4mu_Nj_pT4l_genbin6_recobin0 acc 0.0257 eff 0.0138 outinratio 0.2859 

ttH126_4mu_Nj_pT4l_genbin6_recobin0 acc 0.0007 eff -1.0 outinratio 0.0 

ggH126_4mu_Nj_pT4l_genbin7_recobin0 acc 0.0302 eff 0.0 outinratio 0.0371 

VBFH126_4mu_Nj_pT4l_genbin7_recobin0 acc 0.0323 eff 0.0 outinratio 0.2245 

WminusH126_4mu_Nj_pT4l_genbin7_recobin0 acc 0.0455 eff -1.0 outinratio 0.0 

WplusH126_4mu_Nj_pT4l_genbin7_recobin0 acc 0.0239 eff 0.0 outinratio 0.0971 

ZH126_4mu_Nj_pT4l_genbin7_recobin0 acc 0.0262 eff 0.0 outinratio 0.2859 

ttH126_4mu_Nj_pT4l_genbin7_recobin0 acc 0.0004 eff -1.0 outinratio 0.0 

ggH126_4mu_Nj_pT4l_genbin8_recobin0 acc 0.028 eff 0.0 outinratio 0.0371 

VBFH126_4mu_Nj_pT4l_genbin8_recobin0 acc 0.0489 eff 0.0 outinratio 0.2245 

WminusH126_4mu_Nj_pT4l_genbin8_recobin0 acc 0.0273 eff -1.0 outinratio 0.0 

WplusH126_4mu_Nj_pT4l_genbin8_recobin0 acc 0.0281 eff 0.0 outinratio 0.0971 

ZH126_4mu_Nj_pT4l_genbin8_recobin0 acc 0.031 eff 0.0 outinratio 0.2859 

ttH126_4mu_Nj_pT4l_genbin8_recobin0 acc 0.0011 eff -1.0 outinratio 0.0 

ggH126_4mu_Nj_pT4l_genbin9_recobin0 acc 0.0164 eff 0.0 outinratio 0.0371 

VBFH126_4mu_Nj_pT4l_genbin9_recobin0 acc 0.0562 eff 0.0 outinratio 0.2245 

WminusH126_4mu_Nj_pT4l_genbin9_recobin0 acc 0.0364 eff -1.0 outinratio 0.0 

WplusH126_4mu_Nj_pT4l_genbin9_recobin0 acc 0.028 eff 0.0 outinratio 0.0971 

ZH126_4mu_Nj_pT4l_genbin9_recobin0 acc 0.0283 eff 0.0 outinratio 0.2859 

ttH126_4mu_Nj_pT4l_genbin9_recobin0 acc 0.0036 eff -1.0 outinratio 0.0 

ggH126_4mu_Nj_pT4l_genbin10_recobin0 acc 0.0324 eff 0.0 outinratio 0.0371 

VBFH126_4mu_Nj_pT4l_genbin10_recobin0 acc 0.2058 eff 0.0 outinratio 0.2245 

WminusH126_4mu_Nj_pT4l_genbin10_recobin0 acc 0.1 eff 0.0 outinratio 0.0 

WplusH126_4mu_Nj_pT4l_genbin10_recobin0 acc 0.103 eff 0.0 outinratio 0.0971 

ZH126_4mu_Nj_pT4l_genbin10_recobin0 acc 0.1301 eff 0.0 outinratio 0.2859 

ttH126_4mu_Nj_pT4l_genbin10_recobin0 acc 0.2144 eff 0.0 outinratio 0.0 

ggH126_4mu_Nj_pT4l_genbin11_recobin0 acc 0.0126 eff 0.0 outinratio 0.0371 

VBFH126_4mu_Nj_pT4l_genbin11_recobin0 acc 0.0651 eff 0.0 outinratio 0.2245 

WminusH126_4mu_Nj_pT4l_genbin11_recobin0 acc 0.0364 eff -1.0 outinratio 0.0 

WplusH126_4mu_Nj_pT4l_genbin11_recobin0 acc 0.0439 eff 0.0 outinratio 0.0971 

ZH126_4mu_Nj_pT4l_genbin11_recobin0 acc 0.0438 eff 0.0 outinratio 0.2859 

ttH126_4mu_Nj_pT4l_genbin11_recobin0 acc 0.1209 eff 0.0 outinratio 0.0 

ggH126_4mu_Nj_pT4l_genbin0_recobin1 acc 0.0765 eff 0.0416 outinratio 0.0452 

VBFH126_4mu_Nj_pT4l_genbin0_recobin1 acc 0.0033 eff -1.0 outinratio 0.0 

WminusH126_4mu_Nj_pT4l_genbin0_recobin1 acc 0.0 eff -1.0 outinratio 0.0 

WplusH126_4mu_Nj_pT4l_genbin0_recobin1 acc 0.0028 eff 0.0179 outinratio 0.1262 

ZH126_4mu_Nj_pT4l_genbin0_recobin1 acc 0.0027 eff -1.0 outinratio 0.0 

ttH126_4mu_Nj_pT4l_genbin0_recobin1 acc 0.0 eff -1.0 outinratio 0.0 

ggH126_4mu_Nj_pT4l_genbin1_recobin1 acc 0.0533 eff 0.6693 outinratio 0.0452 

VBFH126_4mu_Nj_pT4l_genbin1_recobin1 acc 0.0033 eff -1.0 outinratio 0.0 

WminusH126_4mu_Nj_pT4l_genbin1_recobin1 acc 0.0 eff -1.0 outinratio 0.0 

WplusH126_4mu_Nj_pT4l_genbin1_recobin1 acc 0.0033 eff 0.5982 outinratio 0.1262 

ZH126_4mu_Nj_pT4l_genbin1_recobin1 acc 0.0043 eff 0.5365 outinratio 0.0 

ttH126_4mu_Nj_pT4l_genbin1_recobin1 acc 0.0 eff -1.0 outinratio 0.0 

ggH126_4mu_Nj_pT4l_genbin2_recobin1 acc 0.0442 eff 0.0397 outinratio 0.0452 

VBFH126_4mu_Nj_pT4l_genbin2_recobin1 acc 0.005 eff -1.0 outinratio 0.0 

WminusH126_4mu_Nj_pT4l_genbin2_recobin1 acc 0.0273 eff -1.0 outinratio 0.0 

WplusH126_4mu_Nj_pT4l_genbin2_recobin1 acc 0.0038 eff 0.0843 outinratio 0.1262 

ZH126_4mu_Nj_pT4l_genbin2_recobin1 acc 0.0019 eff -1.0 outinratio 0.0 

ttH126_4mu_Nj_pT4l_genbin2_recobin1 acc 0.0 eff -1.0 outinratio 0.0 

ggH126_4mu_Nj_pT4l_genbin3_recobin1 acc 0.0438 eff 0.0061 outinratio 0.0452 

VBFH126_4mu_Nj_pT4l_genbin3_recobin1 acc 0.0039 eff -1.0 outinratio 0.0 

WminusH126_4mu_Nj_pT4l_genbin3_recobin1 acc 0.0091 eff -1.0 outinratio 0.0 

WplusH126_4mu_Nj_pT4l_genbin3_recobin1 acc 0.0063 eff 0.0 outinratio 0.1262 

ZH126_4mu_Nj_pT4l_genbin3_recobin1 acc 0.004 eff 0.0 outinratio 0.0 

ttH126_4mu_Nj_pT4l_genbin3_recobin1 acc 0.0 eff -1.0 outinratio 0.0 

ggH126_4mu_Nj_pT4l_genbin4_recobin1 acc 0.0361 eff 0.0 outinratio 0.0452 

VBFH126_4mu_Nj_pT4l_genbin4_recobin1 acc 0.0133 eff 0.0 outinratio 0.0 

WminusH126_4mu_Nj_pT4l_genbin4_recobin1 acc -0.0091 eff -1.0 outinratio 0.0 

WplusH126_4mu_Nj_pT4l_genbin4_recobin1 acc 0.0117 eff 0.0 outinratio 0.1262 

ZH126_4mu_Nj_pT4l_genbin4_recobin1 acc 0.0126 eff 0.0 outinratio 0.0 

ttH126_4mu_Nj_pT4l_genbin4_recobin1 acc 0.0007 eff -1.0 outinratio 0.0 

ggH126_4mu_Nj_pT4l_genbin5_recobin1 acc 0.0169 eff 0.0 outinratio 0.0452 

VBFH126_4mu_Nj_pT4l_genbin5_recobin1 acc 0.0072 eff 0.0 outinratio 0.0 

WminusH126_4mu_Nj_pT4l_genbin5_recobin1 acc 0.0636 eff -1.0 outinratio 0.0 

WplusH126_4mu_Nj_pT4l_genbin5_recobin1 acc 0.0523 eff 0.0 outinratio 0.1262 

ZH126_4mu_Nj_pT4l_genbin5_recobin1 acc 0.0564 eff 0.0 outinratio 0.0 

ttH126_4mu_Nj_pT4l_genbin5_recobin1 acc 0.0011 eff -1.0 outinratio 0.0 

ggH126_4mu_Nj_pT4l_genbin6_recobin1 acc 0.0361 eff 0.0163 outinratio 0.0452 

VBFH126_4mu_Nj_pT4l_genbin6_recobin1 acc 0.0289 eff 0.0 outinratio 0.0 

WminusH126_4mu_Nj_pT4l_genbin6_recobin1 acc 0.0182 eff -1.0 outinratio 0.0 

WplusH126_4mu_Nj_pT4l_genbin6_recobin1 acc 0.0248 eff 0.0056 outinratio 0.1262 

ZH126_4mu_Nj_pT4l_genbin6_recobin1 acc 0.0257 eff 0.0116 outinratio 0.0 

ttH126_4mu_Nj_pT4l_genbin6_recobin1 acc 0.0007 eff -1.0 outinratio 0.0 

ggH126_4mu_Nj_pT4l_genbin7_recobin1 acc 0.0302 eff 0.0 outinratio 0.0452 

VBFH126_4mu_Nj_pT4l_genbin7_recobin1 acc 0.0323 eff 0.0 outinratio 0.0 

WminusH126_4mu_Nj_pT4l_genbin7_recobin1 acc 0.0455 eff -1.0 outinratio 0.0 

WplusH126_4mu_Nj_pT4l_genbin7_recobin1 acc 0.0239 eff 0.0 outinratio 0.1262 

ZH126_4mu_Nj_pT4l_genbin7_recobin1 acc 0.0262 eff 0.0 outinratio 0.0 

ttH126_4mu_Nj_pT4l_genbin7_recobin1 acc 0.0004 eff -1.0 outinratio 0.0 

ggH126_4mu_Nj_pT4l_genbin8_recobin1 acc 0.028 eff 0.0 outinratio 0.0452 

VBFH126_4mu_Nj_pT4l_genbin8_recobin1 acc 0.0489 eff 0.0 outinratio 0.0 

WminusH126_4mu_Nj_pT4l_genbin8_recobin1 acc 0.0273 eff -1.0 outinratio 0.0 

WplusH126_4mu_Nj_pT4l_genbin8_recobin1 acc 0.0281 eff 0.0 outinratio 0.1262 

ZH126_4mu_Nj_pT4l_genbin8_recobin1 acc 0.031 eff 0.0 outinratio 0.0 

ttH126_4mu_Nj_pT4l_genbin8_recobin1 acc 0.0011 eff -1.0 outinratio 0.0 

ggH126_4mu_Nj_pT4l_genbin9_recobin1 acc 0.0164 eff 0.0 outinratio 0.0452 

VBFH126_4mu_Nj_pT4l_genbin9_recobin1 acc 0.0562 eff 0.0 outinratio 0.0 

WminusH126_4mu_Nj_pT4l_genbin9_recobin1 acc 0.0364 eff -1.0 outinratio 0.0 

WplusH126_4mu_Nj_pT4l_genbin9_recobin1 acc 0.028 eff 0.0 outinratio 0.1262 

ZH126_4mu_Nj_pT4l_genbin9_recobin1 acc 0.0283 eff 0.0 outinratio 0.0 

ttH126_4mu_Nj_pT4l_genbin9_recobin1 acc 0.0036 eff -1.0 outinratio 0.0 

ggH126_4mu_Nj_pT4l_genbin10_recobin1 acc 0.0324 eff 0.0 outinratio 0.0452 

VBFH126_4mu_Nj_pT4l_genbin10_recobin1 acc 0.2058 eff 0.0 outinratio 0.0 

WminusH126_4mu_Nj_pT4l_genbin10_recobin1 acc 0.1 eff 0.0 outinratio 0.0 

WplusH126_4mu_Nj_pT4l_genbin10_recobin1 acc 0.103 eff 0.0004 outinratio 0.1262 

ZH126_4mu_Nj_pT4l_genbin10_recobin1 acc 0.1301 eff 0.0 outinratio 0.0 

ttH126_4mu_Nj_pT4l_genbin10_recobin1 acc 0.2144 eff 0.0 outinratio 0.0 

ggH126_4mu_Nj_pT4l_genbin11_recobin1 acc 0.0126 eff 0.0 outinratio 0.0452 

VBFH126_4mu_Nj_pT4l_genbin11_recobin1 acc 0.0651 eff 0.0 outinratio 0.0 

WminusH126_4mu_Nj_pT4l_genbin11_recobin1 acc 0.0364 eff -1.0 outinratio 0.0 

WplusH126_4mu_Nj_pT4l_genbin11_recobin1 acc 0.0439 eff 0.0 outinratio 0.1262 

ZH126_4mu_Nj_pT4l_genbin11_recobin1 acc 0.0438 eff 0.0 outinratio 0.0 

ttH126_4mu_Nj_pT4l_genbin11_recobin1 acc 0.1209 eff 0.0 outinratio 0.0 

ggH126_4mu_Nj_pT4l_genbin0_recobin2 acc 0.0765 eff 0.0015 outinratio 0.0564 

VBFH126_4mu_Nj_pT4l_genbin0_recobin2 acc 0.0033 eff -1.0 outinratio 0.0 

WminusH126_4mu_Nj_pT4l_genbin0_recobin2 acc 0.0 eff -1.0 outinratio 0.0 

WplusH126_4mu_Nj_pT4l_genbin0_recobin2 acc 0.0028 eff 0.0 outinratio 0.0552 

ZH126_4mu_Nj_pT4l_genbin0_recobin2 acc 0.0027 eff -1.0 outinratio 0.0952 

ttH126_4mu_Nj_pT4l_genbin0_recobin2 acc 0.0 eff -1.0 outinratio 0.0 

ggH126_4mu_Nj_pT4l_genbin1_recobin2 acc 0.0533 eff 0.0381 outinratio 0.0564 

VBFH126_4mu_Nj_pT4l_genbin1_recobin2 acc 0.0033 eff -1.0 outinratio 0.0 

WminusH126_4mu_Nj_pT4l_genbin1_recobin2 acc 0.0 eff -1.0 outinratio 0.0 

WplusH126_4mu_Nj_pT4l_genbin1_recobin2 acc 0.0033 eff 0.006 outinratio 0.0552 

ZH126_4mu_Nj_pT4l_genbin1_recobin2 acc 0.0043 eff 0.1442 outinratio 0.0952 

ttH126_4mu_Nj_pT4l_genbin1_recobin2 acc 0.0 eff -1.0 outinratio 0.0 

ggH126_4mu_Nj_pT4l_genbin2_recobin2 acc 0.0442 eff 0.6003 outinratio 0.0564 

VBFH126_4mu_Nj_pT4l_genbin2_recobin2 acc 0.005 eff -1.0 outinratio 0.0 

WminusH126_4mu_Nj_pT4l_genbin2_recobin2 acc 0.0273 eff -1.0 outinratio 0.0 

WplusH126_4mu_Nj_pT4l_genbin2_recobin2 acc 0.0038 eff 0.5243 outinratio 0.0552 

ZH126_4mu_Nj_pT4l_genbin2_recobin2 acc 0.0019 eff -1.0 outinratio 0.0952 

ttH126_4mu_Nj_pT4l_genbin2_recobin2 acc 0.0 eff -1.0 outinratio 0.0 

ggH126_4mu_Nj_pT4l_genbin3_recobin2 acc 0.0438 eff 0.0408 outinratio 0.0564 

VBFH126_4mu_Nj_pT4l_genbin3_recobin2 acc 0.0039 eff -1.0 outinratio 0.0 

WminusH126_4mu_Nj_pT4l_genbin3_recobin2 acc 0.0091 eff -1.0 outinratio 0.0 

WplusH126_4mu_Nj_pT4l_genbin3_recobin2 acc 0.0063 eff 0.0278 outinratio 0.0552 

ZH126_4mu_Nj_pT4l_genbin3_recobin2 acc 0.004 eff 0.0 outinratio 0.0952 

ttH126_4mu_Nj_pT4l_genbin3_recobin2 acc 0.0 eff -1.0 outinratio 0.0 

ggH126_4mu_Nj_pT4l_genbin4_recobin2 acc 0.0361 eff 0.0 outinratio 0.0564 

VBFH126_4mu_Nj_pT4l_genbin4_recobin2 acc 0.0133 eff 0.0 outinratio 0.0 

WminusH126_4mu_Nj_pT4l_genbin4_recobin2 acc -0.0091 eff -1.0 outinratio 0.0 

WplusH126_4mu_Nj_pT4l_genbin4_recobin2 acc 0.0117 eff 0.0 outinratio 0.0552 

ZH126_4mu_Nj_pT4l_genbin4_recobin2 acc 0.0126 eff 0.0 outinratio 0.0952 

ttH126_4mu_Nj_pT4l_genbin4_recobin2 acc 0.0007 eff -1.0 outinratio 0.0 

ggH126_4mu_Nj_pT4l_genbin5_recobin2 acc 0.0169 eff 0.0 outinratio 0.0564 

VBFH126_4mu_Nj_pT4l_genbin5_recobin2 acc 0.0072 eff 0.0 outinratio 0.0 

WminusH126_4mu_Nj_pT4l_genbin5_recobin2 acc 0.0636 eff -1.0 outinratio 0.0 

WplusH126_4mu_Nj_pT4l_genbin5_recobin2 acc 0.0523 eff 0.0 outinratio 0.0552 

ZH126_4mu_Nj_pT4l_genbin5_recobin2 acc 0.0564 eff 0.0 outinratio 0.0952 

ttH126_4mu_Nj_pT4l_genbin5_recobin2 acc 0.0011 eff -1.0 outinratio 0.0 

ggH126_4mu_Nj_pT4l_genbin6_recobin2 acc 0.0361 eff 0.0156 outinratio 0.0564 

VBFH126_4mu_Nj_pT4l_genbin6_recobin2 acc 0.0289 eff 0.0138 outinratio 0.0 

WminusH126_4mu_Nj_pT4l_genbin6_recobin2 acc 0.0182 eff -1.0 outinratio 0.0 

WplusH126_4mu_Nj_pT4l_genbin6_recobin2 acc 0.0248 eff 0.0251 outinratio 0.0552 

ZH126_4mu_Nj_pT4l_genbin6_recobin2 acc 0.0257 eff 0.0146 outinratio 0.0952 

ttH126_4mu_Nj_pT4l_genbin6_recobin2 acc 0.0007 eff -1.0 outinratio 0.0 

ggH126_4mu_Nj_pT4l_genbin7_recobin2 acc 0.0302 eff 0.0 outinratio 0.0564 

VBFH126_4mu_Nj_pT4l_genbin7_recobin2 acc 0.0323 eff 0.0 outinratio 0.0 

WminusH126_4mu_Nj_pT4l_genbin7_recobin2 acc 0.0455 eff -1.0 outinratio 0.0 

WplusH126_4mu_Nj_pT4l_genbin7_recobin2 acc 0.0239 eff 0.0 outinratio 0.0552 

ZH126_4mu_Nj_pT4l_genbin7_recobin2 acc 0.0262 eff 0.0 outinratio 0.0952 

ttH126_4mu_Nj_pT4l_genbin7_recobin2 acc 0.0004 eff -1.0 outinratio 0.0 

ggH126_4mu_Nj_pT4l_genbin8_recobin2 acc 0.028 eff 0.0 outinratio 0.0564 

VBFH126_4mu_Nj_pT4l_genbin8_recobin2 acc 0.0489 eff 0.0 outinratio 0.0 

WminusH126_4mu_Nj_pT4l_genbin8_recobin2 acc 0.0273 eff -1.0 outinratio 0.0 

WplusH126_4mu_Nj_pT4l_genbin8_recobin2 acc 0.0281 eff 0.0 outinratio 0.0552 

ZH126_4mu_Nj_pT4l_genbin8_recobin2 acc 0.031 eff 0.0 outinratio 0.0952 

ttH126_4mu_Nj_pT4l_genbin8_recobin2 acc 0.0011 eff -1.0 outinratio 0.0 

ggH126_4mu_Nj_pT4l_genbin9_recobin2 acc 0.0164 eff 0.0 outinratio 0.0564 

VBFH126_4mu_Nj_pT4l_genbin9_recobin2 acc 0.0562 eff 0.0 outinratio 0.0 

WminusH126_4mu_Nj_pT4l_genbin9_recobin2 acc 0.0364 eff -1.0 outinratio 0.0 

WplusH126_4mu_Nj_pT4l_genbin9_recobin2 acc 0.028 eff 0.0 outinratio 0.0552 

ZH126_4mu_Nj_pT4l_genbin9_recobin2 acc 0.0283 eff 0.0 outinratio 0.0952 

ttH126_4mu_Nj_pT4l_genbin9_recobin2 acc 0.0036 eff -1.0 outinratio 0.0 

ggH126_4mu_Nj_pT4l_genbin10_recobin2 acc 0.0324 eff 0.0 outinratio 0.0564 

VBFH126_4mu_Nj_pT4l_genbin10_recobin2 acc 0.2058 eff 0.0 outinratio 0.0 

WminusH126_4mu_Nj_pT4l_genbin10_recobin2 acc 0.1 eff 0.0 outinratio 0.0 

WplusH126_4mu_Nj_pT4l_genbin10_recobin2 acc 0.103 eff 0.0003 outinratio 0.0552 

ZH126_4mu_Nj_pT4l_genbin10_recobin2 acc 0.1301 eff 0.0 outinratio 0.0952 

ttH126_4mu_Nj_pT4l_genbin10_recobin2 acc 0.2144 eff 0.0012 outinratio 0.0 

ggH126_4mu_Nj_pT4l_genbin11_recobin2 acc 0.0126 eff 0.0 outinratio 0.0564 

VBFH126_4mu_Nj_pT4l_genbin11_recobin2 acc 0.0651 eff 0.0 outinratio 0.0 

WminusH126_4mu_Nj_pT4l_genbin11_recobin2 acc 0.0364 eff -1.0 outinratio 0.0 

WplusH126_4mu_Nj_pT4l_genbin11_recobin2 acc 0.0439 eff 0.0 outinratio 0.0552 

ZH126_4mu_Nj_pT4l_genbin11_recobin2 acc 0.0438 eff 0.0 outinratio 0.0952 

ttH126_4mu_Nj_pT4l_genbin11_recobin2 acc 0.1209 eff 0.0 outinratio 0.0 

ggH126_4mu_Nj_pT4l_genbin0_recobin3 acc 0.0765 eff 0.0 outinratio 0.0556 

VBFH126_4mu_Nj_pT4l_genbin0_recobin3 acc 0.0033 eff -1.0 outinratio 0.0 

WminusH126_4mu_Nj_pT4l_genbin0_recobin3 acc 0.0 eff -1.0 outinratio 1.6828 

WplusH126_4mu_Nj_pT4l_genbin0_recobin3 acc 0.0028 eff 0.0 outinratio 0.0617 

ZH126_4mu_Nj_pT4l_genbin0_recobin3 acc 0.0027 eff -1.0 outinratio 0.1785 

ttH126_4mu_Nj_pT4l_genbin0_recobin3 acc 0.0 eff -1.0 outinratio 0.0 

ggH126_4mu_Nj_pT4l_genbin1_recobin3 acc 0.0533 eff 0.0026 outinratio 0.0556 

VBFH126_4mu_Nj_pT4l_genbin1_recobin3 acc 0.0033 eff -1.0 outinratio 0.0 

WminusH126_4mu_Nj_pT4l_genbin1_recobin3 acc 0.0 eff -1.0 outinratio 1.6828 

WplusH126_4mu_Nj_pT4l_genbin1_recobin3 acc 0.0033 eff 0.0 outinratio 0.0617 

ZH126_4mu_Nj_pT4l_genbin1_recobin3 acc 0.0043 eff 0.0 outinratio 0.1785 

ttH126_4mu_Nj_pT4l_genbin1_recobin3 acc 0.0 eff -1.0 outinratio 0.0 

ggH126_4mu_Nj_pT4l_genbin2_recobin3 acc 0.0442 eff 0.0599 outinratio 0.0556 

VBFH126_4mu_Nj_pT4l_genbin2_recobin3 acc 0.005 eff -1.0 outinratio 0.0 

WminusH126_4mu_Nj_pT4l_genbin2_recobin3 acc 0.0273 eff -1.0 outinratio 1.6828 

WplusH126_4mu_Nj_pT4l_genbin2_recobin3 acc 0.0038 eff 0.0275 outinratio 0.0617 

ZH126_4mu_Nj_pT4l_genbin2_recobin3 acc 0.0019 eff -1.0 outinratio 0.1785 

ttH126_4mu_Nj_pT4l_genbin2_recobin3 acc 0.0 eff -1.0 outinratio 0.0 

ggH126_4mu_Nj_pT4l_genbin3_recobin3 acc 0.0438 eff 0.5902 outinratio 0.0556 

VBFH126_4mu_Nj_pT4l_genbin3_recobin3 acc 0.0039 eff -1.0 outinratio 0.0 

WminusH126_4mu_Nj_pT4l_genbin3_recobin3 acc 0.0091 eff -1.0 outinratio 1.6828 

WplusH126_4mu_Nj_pT4l_genbin3_recobin3 acc 0.0063 eff 0.4653 outinratio 0.0617 

ZH126_4mu_Nj_pT4l_genbin3_recobin3 acc 0.004 eff 0.6098 outinratio 0.1785 

ttH126_4mu_Nj_pT4l_genbin3_recobin3 acc 0.0 eff -1.0 outinratio 0.0 

ggH126_4mu_Nj_pT4l_genbin4_recobin3 acc 0.0361 eff 0.036 outinratio 0.0556 

VBFH126_4mu_Nj_pT4l_genbin4_recobin3 acc 0.0133 eff 0.0 outinratio 0.0 

WminusH126_4mu_Nj_pT4l_genbin4_recobin3 acc -0.0091 eff -1.0 outinratio 1.6828 

WplusH126_4mu_Nj_pT4l_genbin4_recobin3 acc 0.0117 eff 0.0147 outinratio 0.0617 

ZH126_4mu_Nj_pT4l_genbin4_recobin3 acc 0.0126 eff 0.0389 outinratio 0.1785 

ttH126_4mu_Nj_pT4l_genbin4_recobin3 acc 0.0007 eff -1.0 outinratio 0.0 

ggH126_4mu_Nj_pT4l_genbin5_recobin3 acc 0.0169 eff 0.0 outinratio 0.0556 

VBFH126_4mu_Nj_pT4l_genbin5_recobin3 acc 0.0072 eff 0.0 outinratio 0.0 

WminusH126_4mu_Nj_pT4l_genbin5_recobin3 acc 0.0636 eff -1.0 outinratio 1.6828 

WplusH126_4mu_Nj_pT4l_genbin5_recobin3 acc 0.0523 eff 0.0 outinratio 0.0617 

ZH126_4mu_Nj_pT4l_genbin5_recobin3 acc 0.0564 eff 0.0 outinratio 0.1785 

ttH126_4mu_Nj_pT4l_genbin5_recobin3 acc 0.0011 eff -1.0 outinratio 0.0 

ggH126_4mu_Nj_pT4l_genbin6_recobin3 acc 0.0361 eff 0.0442 outinratio 0.0556 

VBFH126_4mu_Nj_pT4l_genbin6_recobin3 acc 0.0289 eff 0.0 outinratio 0.0 

WminusH126_4mu_Nj_pT4l_genbin6_recobin3 acc 0.0182 eff -1.0 outinratio 1.6828 

WplusH126_4mu_Nj_pT4l_genbin6_recobin3 acc 0.0248 eff 0.0217 outinratio 0.0617 

ZH126_4mu_Nj_pT4l_genbin6_recobin3 acc 0.0257 eff 0.0342 outinratio 0.1785 

ttH126_4mu_Nj_pT4l_genbin6_recobin3 acc 0.0007 eff -1.0 outinratio 0.0 

ggH126_4mu_Nj_pT4l_genbin7_recobin3 acc 0.0302 eff 0.0 outinratio 0.0556 

VBFH126_4mu_Nj_pT4l_genbin7_recobin3 acc 0.0323 eff 0.0 outinratio 0.0 

WminusH126_4mu_Nj_pT4l_genbin7_recobin3 acc 0.0455 eff -1.0 outinratio 1.6828 

WplusH126_4mu_Nj_pT4l_genbin7_recobin3 acc 0.0239 eff 0.0 outinratio 0.0617 

ZH126_4mu_Nj_pT4l_genbin7_recobin3 acc 0.0262 eff 0.0 outinratio 0.1785 

ttH126_4mu_Nj_pT4l_genbin7_recobin3 acc 0.0004 eff -1.0 outinratio 0.0 

ggH126_4mu_Nj_pT4l_genbin8_recobin3 acc 0.028 eff 0.0 outinratio 0.0556 

VBFH126_4mu_Nj_pT4l_genbin8_recobin3 acc 0.0489 eff 0.0 outinratio 0.0 

WminusH126_4mu_Nj_pT4l_genbin8_recobin3 acc 0.0273 eff -1.0 outinratio 1.6828 

WplusH126_4mu_Nj_pT4l_genbin8_recobin3 acc 0.0281 eff 0.0 outinratio 0.0617 

ZH126_4mu_Nj_pT4l_genbin8_recobin3 acc 0.031 eff 0.0 outinratio 0.1785 

ttH126_4mu_Nj_pT4l_genbin8_recobin3 acc 0.0011 eff -1.0 outinratio 0.0 

ggH126_4mu_Nj_pT4l_genbin9_recobin3 acc 0.0164 eff 0.0 outinratio 0.0556 

VBFH126_4mu_Nj_pT4l_genbin9_recobin3 acc 0.0562 eff 0.0 outinratio 0.0 

WminusH126_4mu_Nj_pT4l_genbin9_recobin3 acc 0.0364 eff -1.0 outinratio 1.6828 

WplusH126_4mu_Nj_pT4l_genbin9_recobin3 acc 0.028 eff 0.0 outinratio 0.0617 

ZH126_4mu_Nj_pT4l_genbin9_recobin3 acc 0.0283 eff 0.0 outinratio 0.1785 

ttH126_4mu_Nj_pT4l_genbin9_recobin3 acc 0.0036 eff -1.0 outinratio 0.0 

ggH126_4mu_Nj_pT4l_genbin10_recobin3 acc 0.0324 eff 0.0 outinratio 0.0556 

VBFH126_4mu_Nj_pT4l_genbin10_recobin3 acc 0.2058 eff 0.0 outinratio 0.0 

WminusH126_4mu_Nj_pT4l_genbin10_recobin3 acc 0.1 eff 0.0 outinratio 1.6828 

WplusH126_4mu_Nj_pT4l_genbin10_recobin3 acc 0.103 eff 0.0 outinratio 0.0617 

ZH126_4mu_Nj_pT4l_genbin10_recobin3 acc 0.1301 eff 0.0 outinratio 0.1785 

ttH126_4mu_Nj_pT4l_genbin10_recobin3 acc 0.2144 eff 0.0 outinratio 0.0 

ggH126_4mu_Nj_pT4l_genbin11_recobin3 acc 0.0126 eff 0.0 outinratio 0.0556 

VBFH126_4mu_Nj_pT4l_genbin11_recobin3 acc 0.0651 eff 0.0 outinratio 0.0 

WminusH126_4mu_Nj_pT4l_genbin11_recobin3 acc 0.0364 eff -1.0 outinratio 1.6828 

WplusH126_4mu_Nj_pT4l_genbin11_recobin3 acc 0.0439 eff 0.0 outinratio 0.0617 

ZH126_4mu_Nj_pT4l_genbin11_recobin3 acc 0.0438 eff 0.0 outinratio 0.1785 

ttH126_4mu_Nj_pT4l_genbin11_recobin3 acc 0.1209 eff 0.0 outinratio 0.0 

ggH126_4mu_Nj_pT4l_genbin0_recobin4 acc 0.0765 eff 0.0 outinratio 0.0744 

VBFH126_4mu_Nj_pT4l_genbin0_recobin4 acc 0.0033 eff -1.0 outinratio 0.0 

WminusH126_4mu_Nj_pT4l_genbin0_recobin4 acc 0.0 eff -1.0 outinratio 0.0 

WplusH126_4mu_Nj_pT4l_genbin0_recobin4 acc 0.0028 eff 0.0 outinratio 0.063 

ZH126_4mu_Nj_pT4l_genbin0_recobin4 acc 0.0027 eff -1.0 outinratio 0.0 

ttH126_4mu_Nj_pT4l_genbin0_recobin4 acc 0.0 eff -1.0 outinratio 0.0 

ggH126_4mu_Nj_pT4l_genbin1_recobin4 acc 0.0533 eff 0.0 outinratio 0.0744 

VBFH126_4mu_Nj_pT4l_genbin1_recobin4 acc 0.0033 eff -1.0 outinratio 0.0 

WminusH126_4mu_Nj_pT4l_genbin1_recobin4 acc 0.0 eff -1.0 outinratio 0.0 

WplusH126_4mu_Nj_pT4l_genbin1_recobin4 acc 0.0033 eff 0.0 outinratio 0.063 

ZH126_4mu_Nj_pT4l_genbin1_recobin4 acc 0.0043 eff 0.0 outinratio 0.0 

ttH126_4mu_Nj_pT4l_genbin1_recobin4 acc 0.0 eff -1.0 outinratio 0.0 

ggH126_4mu_Nj_pT4l_genbin2_recobin4 acc 0.0442 eff 0.002 outinratio 0.0744 

VBFH126_4mu_Nj_pT4l_genbin2_recobin4 acc 0.005 eff -1.0 outinratio 0.0 

WminusH126_4mu_Nj_pT4l_genbin2_recobin4 acc 0.0273 eff -1.0 outinratio 0.0 

WplusH126_4mu_Nj_pT4l_genbin2_recobin4 acc 0.0038 eff 0.0 outinratio 0.063 

ZH126_4mu_Nj_pT4l_genbin2_recobin4 acc 0.0019 eff -1.0 outinratio 0.0 

ttH126_4mu_Nj_pT4l_genbin2_recobin4 acc 0.0 eff -1.0 outinratio 0.0 

ggH126_4mu_Nj_pT4l_genbin3_recobin4 acc 0.0438 eff 0.0266 outinratio 0.0744 

VBFH126_4mu_Nj_pT4l_genbin3_recobin4 acc 0.0039 eff -1.0 outinratio 0.0 

WminusH126_4mu_Nj_pT4l_genbin3_recobin4 acc 0.0091 eff -1.0 outinratio 0.0 

WplusH126_4mu_Nj_pT4l_genbin3_recobin4 acc 0.0063 eff 0.0775 outinratio 0.063 

ZH126_4mu_Nj_pT4l_genbin3_recobin4 acc 0.004 eff 0.1952 outinratio 0.0 

ttH126_4mu_Nj_pT4l_genbin3_recobin4 acc 0.0 eff -1.0 outinratio 0.0 

ggH126_4mu_Nj_pT4l_genbin4_recobin4 acc 0.0361 eff 0.6022 outinratio 0.0744 

VBFH126_4mu_Nj_pT4l_genbin4_recobin4 acc 0.0133 eff 0.6032 outinratio 0.0 

WminusH126_4mu_Nj_pT4l_genbin4_recobin4 acc -0.0091 eff -1.0 outinratio 0.0 

WplusH126_4mu_Nj_pT4l_genbin4_recobin4 acc 0.0117 eff 0.488 outinratio 0.063 

ZH126_4mu_Nj_pT4l_genbin4_recobin4 acc 0.0126 eff 0.673 outinratio 0.0 

ttH126_4mu_Nj_pT4l_genbin4_recobin4 acc 0.0007 eff -1.0 outinratio 0.0 

ggH126_4mu_Nj_pT4l_genbin5_recobin4 acc 0.0169 eff 0.0152 outinratio 0.0744 

VBFH126_4mu_Nj_pT4l_genbin5_recobin4 acc 0.0072 eff 0.0 outinratio 0.0 

WminusH126_4mu_Nj_pT4l_genbin5_recobin4 acc 0.0636 eff -1.0 outinratio 0.0 

WplusH126_4mu_Nj_pT4l_genbin5_recobin4 acc 0.0523 eff 0.001 outinratio 0.063 

ZH126_4mu_Nj_pT4l_genbin5_recobin4 acc 0.0564 eff 0.0 outinratio 0.0 

ttH126_4mu_Nj_pT4l_genbin5_recobin4 acc 0.0011 eff -1.0 outinratio 0.0 

ggH126_4mu_Nj_pT4l_genbin6_recobin4 acc 0.0361 eff 0.1105 outinratio 0.0744 

VBFH126_4mu_Nj_pT4l_genbin6_recobin4 acc 0.0289 eff 0.0737 outinratio 0.0 

WminusH126_4mu_Nj_pT4l_genbin6_recobin4 acc 0.0182 eff -1.0 outinratio 0.0 

WplusH126_4mu_Nj_pT4l_genbin6_recobin4 acc 0.0248 eff 0.0209 outinratio 0.063 

ZH126_4mu_Nj_pT4l_genbin6_recobin4 acc 0.0257 eff 0.0353 outinratio 0.0 

ttH126_4mu_Nj_pT4l_genbin6_recobin4 acc 0.0007 eff -1.0 outinratio 0.0 

ggH126_4mu_Nj_pT4l_genbin7_recobin4 acc 0.0302 eff 0.0044 outinratio 0.0744 

VBFH126_4mu_Nj_pT4l_genbin7_recobin4 acc 0.0323 eff 0.0 outinratio 0.0 

WminusH126_4mu_Nj_pT4l_genbin7_recobin4 acc 0.0455 eff -1.0 outinratio 0.0 

WplusH126_4mu_Nj_pT4l_genbin7_recobin4 acc 0.0239 eff 0.0012 outinratio 0.063 

ZH126_4mu_Nj_pT4l_genbin7_recobin4 acc 0.0262 eff 0.0 outinratio 0.0 

ttH126_4mu_Nj_pT4l_genbin7_recobin4 acc 0.0004 eff -1.0 outinratio 0.0 

ggH126_4mu_Nj_pT4l_genbin8_recobin4 acc 0.028 eff 0.0 outinratio 0.0744 

VBFH126_4mu_Nj_pT4l_genbin8_recobin4 acc 0.0489 eff 0.0 outinratio 0.0 

WminusH126_4mu_Nj_pT4l_genbin8_recobin4 acc 0.0273 eff -1.0 outinratio 0.0 

WplusH126_4mu_Nj_pT4l_genbin8_recobin4 acc 0.0281 eff 0.0 outinratio 0.063 

ZH126_4mu_Nj_pT4l_genbin8_recobin4 acc 0.031 eff 0.0 outinratio 0.0 

ttH126_4mu_Nj_pT4l_genbin8_recobin4 acc 0.0011 eff -1.0 outinratio 0.0 

ggH126_4mu_Nj_pT4l_genbin9_recobin4 acc 0.0164 eff 0.0 outinratio 0.0744 

VBFH126_4mu_Nj_pT4l_genbin9_recobin4 acc 0.0562 eff 0.0 outinratio 0.0 

WminusH126_4mu_Nj_pT4l_genbin9_recobin4 acc 0.0364 eff -1.0 outinratio 0.0 

WplusH126_4mu_Nj_pT4l_genbin9_recobin4 acc 0.028 eff 0.0 outinratio 0.063 

ZH126_4mu_Nj_pT4l_genbin9_recobin4 acc 0.0283 eff 0.0 outinratio 0.0 

ttH126_4mu_Nj_pT4l_genbin9_recobin4 acc 0.0036 eff -1.0 outinratio 0.0 

ggH126_4mu_Nj_pT4l_genbin10_recobin4 acc 0.0324 eff 0.0047 outinratio 0.0744 

VBFH126_4mu_Nj_pT4l_genbin10_recobin4 acc 0.2058 eff 0.003 outinratio 0.0 

WminusH126_4mu_Nj_pT4l_genbin10_recobin4 acc 0.1 eff 0.0 outinratio 0.0 

WplusH126_4mu_Nj_pT4l_genbin10_recobin4 acc 0.103 eff 0.0008 outinratio 0.063 

ZH126_4mu_Nj_pT4l_genbin10_recobin4 acc 0.1301 eff 0.0 outinratio 0.0 

ttH126_4mu_Nj_pT4l_genbin10_recobin4 acc 0.2144 eff 0.0 outinratio 0.0 

ggH126_4mu_Nj_pT4l_genbin11_recobin4 acc 0.0126 eff 0.0 outinratio 0.0744 

VBFH126_4mu_Nj_pT4l_genbin11_recobin4 acc 0.0651 eff 0.0 outinratio 0.0 

WminusH126_4mu_Nj_pT4l_genbin11_recobin4 acc 0.0364 eff -1.0 outinratio 0.0 

WplusH126_4mu_Nj_pT4l_genbin11_recobin4 acc 0.0439 eff 0.0 outinratio 0.063 

ZH126_4mu_Nj_pT4l_genbin11_recobin4 acc 0.0438 eff 0.0 outinratio 0.0 

ttH126_4mu_Nj_pT4l_genbin11_recobin4 acc 0.1209 eff 0.0 outinratio 0.0 

ggH126_4mu_Nj_pT4l_genbin0_recobin5 acc 0.0765 eff 0.0 outinratio 0.0926 

VBFH126_4mu_Nj_pT4l_genbin0_recobin5 acc 0.0033 eff -1.0 outinratio 0.0 

WminusH126_4mu_Nj_pT4l_genbin0_recobin5 acc 0.0 eff -1.0 outinratio 0.0 

WplusH126_4mu_Nj_pT4l_genbin0_recobin5 acc 0.0028 eff 0.0 outinratio 0.0429 

ZH126_4mu_Nj_pT4l_genbin0_recobin5 acc 0.0027 eff -1.0 outinratio 0.1 

ttH126_4mu_Nj_pT4l_genbin0_recobin5 acc 0.0 eff -1.0 outinratio 2.3698 

ggH126_4mu_Nj_pT4l_genbin1_recobin5 acc 0.0533 eff 0.0 outinratio 0.0926 

VBFH126_4mu_Nj_pT4l_genbin1_recobin5 acc 0.0033 eff -1.0 outinratio 0.0 

WminusH126_4mu_Nj_pT4l_genbin1_recobin5 acc 0.0 eff -1.0 outinratio 0.0 

WplusH126_4mu_Nj_pT4l_genbin1_recobin5 acc 0.0033 eff 0.0 outinratio 0.0429 

ZH126_4mu_Nj_pT4l_genbin1_recobin5 acc 0.0043 eff 0.0 outinratio 0.1 

ttH126_4mu_Nj_pT4l_genbin1_recobin5 acc 0.0 eff -1.0 outinratio 2.3698 

ggH126_4mu_Nj_pT4l_genbin2_recobin5 acc 0.0442 eff 0.0 outinratio 0.0926 

VBFH126_4mu_Nj_pT4l_genbin2_recobin5 acc 0.005 eff -1.0 outinratio 0.0 

WminusH126_4mu_Nj_pT4l_genbin2_recobin5 acc 0.0273 eff -1.0 outinratio 0.0 

WplusH126_4mu_Nj_pT4l_genbin2_recobin5 acc 0.0038 eff 0.0 outinratio 0.0429 

ZH126_4mu_Nj_pT4l_genbin2_recobin5 acc 0.0019 eff -1.0 outinratio 0.1 

ttH126_4mu_Nj_pT4l_genbin2_recobin5 acc 0.0 eff -1.0 outinratio 2.3698 

ggH126_4mu_Nj_pT4l_genbin3_recobin5 acc 0.0438 eff 0.0 outinratio 0.0926 

VBFH126_4mu_Nj_pT4l_genbin3_recobin5 acc 0.0039 eff -1.0 outinratio 0.0 

WminusH126_4mu_Nj_pT4l_genbin3_recobin5 acc 0.0091 eff -1.0 outinratio 0.0 

WplusH126_4mu_Nj_pT4l_genbin3_recobin5 acc 0.0063 eff 0.0 outinratio 0.0429 

ZH126_4mu_Nj_pT4l_genbin3_recobin5 acc 0.004 eff 0.0 outinratio 0.1 

ttH126_4mu_Nj_pT4l_genbin3_recobin5 acc 0.0 eff -1.0 outinratio 2.3698 

ggH126_4mu_Nj_pT4l_genbin4_recobin5 acc 0.0361 eff 0.0062 outinratio 0.0926 

VBFH126_4mu_Nj_pT4l_genbin4_recobin5 acc 0.0133 eff 0.0 outinratio 0.0 

WminusH126_4mu_Nj_pT4l_genbin4_recobin5 acc -0.0091 eff -1.0 outinratio 0.0 

WplusH126_4mu_Nj_pT4l_genbin4_recobin5 acc 0.0117 eff 0.0106 outinratio 0.0429 

ZH126_4mu_Nj_pT4l_genbin4_recobin5 acc 0.0126 eff 0.0 outinratio 0.1 

ttH126_4mu_Nj_pT4l_genbin4_recobin5 acc 0.0007 eff -1.0 outinratio 2.3698 

ggH126_4mu_Nj_pT4l_genbin5_recobin5 acc 0.0169 eff 0.54 outinratio 0.0926 

VBFH126_4mu_Nj_pT4l_genbin5_recobin5 acc 0.0072 eff 0.5011 outinratio 0.0 

WminusH126_4mu_Nj_pT4l_genbin5_recobin5 acc 0.0636 eff -1.0 outinratio 0.0 

WplusH126_4mu_Nj_pT4l_genbin5_recobin5 acc 0.0523 eff 0.5458 outinratio 0.0429 

ZH126_4mu_Nj_pT4l_genbin5_recobin5 acc 0.0564 eff 0.6228 outinratio 0.1 

ttH126_4mu_Nj_pT4l_genbin5_recobin5 acc 0.0011 eff -1.0 outinratio 2.3698 

ggH126_4mu_Nj_pT4l_genbin6_recobin5 acc 0.0361 eff 0.0 outinratio 0.0926 

VBFH126_4mu_Nj_pT4l_genbin6_recobin5 acc 0.0289 eff 0.0 outinratio 0.0 

WminusH126_4mu_Nj_pT4l_genbin6_recobin5 acc 0.0182 eff -1.0 outinratio 0.0 

WplusH126_4mu_Nj_pT4l_genbin6_recobin5 acc 0.0248 eff 0.0 outinratio 0.0429 

ZH126_4mu_Nj_pT4l_genbin6_recobin5 acc 0.0257 eff 0.0 outinratio 0.1 

ttH126_4mu_Nj_pT4l_genbin6_recobin5 acc 0.0007 eff -1.0 outinratio 2.3698 

ggH126_4mu_Nj_pT4l_genbin7_recobin5 acc 0.0302 eff 0.1146 outinratio 0.0926 

VBFH126_4mu_Nj_pT4l_genbin7_recobin5 acc 0.0323 eff 0.1028 outinratio 0.0 

WminusH126_4mu_Nj_pT4l_genbin7_recobin5 acc 0.0455 eff -1.0 outinratio 0.0 

WplusH126_4mu_Nj_pT4l_genbin7_recobin5 acc 0.0239 eff 0.0527 outinratio 0.0429 

ZH126_4mu_Nj_pT4l_genbin7_recobin5 acc 0.0262 eff 0.0454 outinratio 0.1 

ttH126_4mu_Nj_pT4l_genbin7_recobin5 acc 0.0004 eff -1.0 outinratio 2.3698 

ggH126_4mu_Nj_pT4l_genbin8_recobin5 acc 0.028 eff 0.0366 outinratio 0.0926 

VBFH126_4mu_Nj_pT4l_genbin8_recobin5 acc 0.0489 eff 0.05 outinratio 0.0 

WminusH126_4mu_Nj_pT4l_genbin8_recobin5 acc 0.0273 eff -1.0 outinratio 0.0 

WplusH126_4mu_Nj_pT4l_genbin8_recobin5 acc 0.0281 eff 0.0331 outinratio 0.0429 

ZH126_4mu_Nj_pT4l_genbin8_recobin5 acc 0.031 eff 0.0315 outinratio 0.1 

ttH126_4mu_Nj_pT4l_genbin8_recobin5 acc 0.0011 eff -1.0 outinratio 2.3698 

ggH126_4mu_Nj_pT4l_genbin9_recobin5 acc 0.0164 eff 0.0094 outinratio 0.0926 

VBFH126_4mu_Nj_pT4l_genbin9_recobin5 acc 0.0562 eff 0.0227 outinratio 0.0 

WminusH126_4mu_Nj_pT4l_genbin9_recobin5 acc 0.0364 eff -1.0 outinratio 0.0 

WplusH126_4mu_Nj_pT4l_genbin9_recobin5 acc 0.028 eff 0.0209 outinratio 0.0429 

ZH126_4mu_Nj_pT4l_genbin9_recobin5 acc 0.0283 eff 0.0196 outinratio 0.1 

ttH126_4mu_Nj_pT4l_genbin9_recobin5 acc 0.0036 eff -1.0 outinratio 2.3698 

ggH126_4mu_Nj_pT4l_genbin10_recobin5 acc 0.0324 eff 0.0127 outinratio 0.0926 

VBFH126_4mu_Nj_pT4l_genbin10_recobin5 acc 0.2058 eff 0.0076 outinratio 0.0 

WminusH126_4mu_Nj_pT4l_genbin10_recobin5 acc 0.1 eff 0.0 outinratio 0.0 

WplusH126_4mu_Nj_pT4l_genbin10_recobin5 acc 0.103 eff 0.0056 outinratio 0.0429 

ZH126_4mu_Nj_pT4l_genbin10_recobin5 acc 0.1301 eff 0.0029 outinratio 0.1 

ttH126_4mu_Nj_pT4l_genbin10_recobin5 acc 0.2144 eff 0.0 outinratio 2.3698 

ggH126_4mu_Nj_pT4l_genbin11_recobin5 acc 0.0126 eff 0.0 outinratio 0.0926 

VBFH126_4mu_Nj_pT4l_genbin11_recobin5 acc 0.0651 eff 0.0 outinratio 0.0 

WminusH126_4mu_Nj_pT4l_genbin11_recobin5 acc 0.0364 eff -1.0 outinratio 0.0 

WplusH126_4mu_Nj_pT4l_genbin11_recobin5 acc 0.0439 eff 0.0 outinratio 0.0429 

ZH126_4mu_Nj_pT4l_genbin11_recobin5 acc 0.0438 eff 0.0 outinratio 0.1 

ttH126_4mu_Nj_pT4l_genbin11_recobin5 acc 0.1209 eff 0.0 outinratio 2.3698 

ggH126_4mu_Nj_pT4l_genbin0_recobin6 acc 0.0765 eff 0.0688 outinratio 0.0464 

VBFH126_4mu_Nj_pT4l_genbin0_recobin6 acc 0.0033 eff -1.0 outinratio 0.0 

WminusH126_4mu_Nj_pT4l_genbin0_recobin6 acc 0.0 eff -1.0 outinratio 0.0 

WplusH126_4mu_Nj_pT4l_genbin0_recobin6 acc 0.0028 eff 0.289 outinratio 0.1032 

ZH126_4mu_Nj_pT4l_genbin0_recobin6 acc 0.0027 eff -1.0 outinratio 0.1105 

ttH126_4mu_Nj_pT4l_genbin0_recobin6 acc 0.0 eff -1.0 outinratio 0.0 

ggH126_4mu_Nj_pT4l_genbin1_recobin6 acc 0.0533 eff 0.0663 outinratio 0.0464 

VBFH126_4mu_Nj_pT4l_genbin1_recobin6 acc 0.0033 eff -1.0 outinratio 0.0 

WminusH126_4mu_Nj_pT4l_genbin1_recobin6 acc 0.0 eff -1.0 outinratio 0.0 

WplusH126_4mu_Nj_pT4l_genbin1_recobin6 acc 0.0033 eff 0.0845 outinratio 0.1032 

ZH126_4mu_Nj_pT4l_genbin1_recobin6 acc 0.0043 eff 0.0881 outinratio 0.1105 

ttH126_4mu_Nj_pT4l_genbin1_recobin6 acc 0.0 eff -1.0 outinratio 0.0 

ggH126_4mu_Nj_pT4l_genbin2_recobin6 acc 0.0442 eff 0.1034 outinratio 0.0464 

VBFH126_4mu_Nj_pT4l_genbin2_recobin6 acc 0.005 eff -1.0 outinratio 0.0 

WminusH126_4mu_Nj_pT4l_genbin2_recobin6 acc 0.0273 eff -1.0 outinratio 0.0 

WplusH126_4mu_Nj_pT4l_genbin2_recobin6 acc 0.0038 eff 0.2265 outinratio 0.1032 

ZH126_4mu_Nj_pT4l_genbin2_recobin6 acc 0.0019 eff -1.0 outinratio 0.1105 

ttH126_4mu_Nj_pT4l_genbin2_recobin6 acc 0.0 eff -1.0 outinratio 0.0 

ggH126_4mu_Nj_pT4l_genbin3_recobin6 acc 0.0438 eff 0.1107 outinratio 0.0464 

VBFH126_4mu_Nj_pT4l_genbin3_recobin6 acc 0.0039 eff -1.0 outinratio 0.0 

WminusH126_4mu_Nj_pT4l_genbin3_recobin6 acc 0.0091 eff -1.0 outinratio 0.0 

WplusH126_4mu_Nj_pT4l_genbin3_recobin6 acc 0.0063 eff 0.2009 outinratio 0.1032 

ZH126_4mu_Nj_pT4l_genbin3_recobin6 acc 0.004 eff 0.0965 outinratio 0.1105 

ttH126_4mu_Nj_pT4l_genbin3_recobin6 acc 0.0 eff -1.0 outinratio 0.0 

ggH126_4mu_Nj_pT4l_genbin4_recobin6 acc 0.0361 eff 0.1168 outinratio 0.0464 

VBFH126_4mu_Nj_pT4l_genbin4_recobin6 acc 0.0133 eff 0.2477 outinratio 0.0 

WminusH126_4mu_Nj_pT4l_genbin4_recobin6 acc -0.0091 eff -1.0 outinratio 0.0 

WplusH126_4mu_Nj_pT4l_genbin4_recobin6 acc 0.0117 eff 0.193 outinratio 0.1032 

ZH126_4mu_Nj_pT4l_genbin4_recobin6 acc 0.0126 eff 0.0862 outinratio 0.1105 

ttH126_4mu_Nj_pT4l_genbin4_recobin6 acc 0.0007 eff -1.0 outinratio 0.0 

ggH126_4mu_Nj_pT4l_genbin5_recobin6 acc 0.0169 eff 0.0 outinratio 0.0464 

VBFH126_4mu_Nj_pT4l_genbin5_recobin6 acc 0.0072 eff 0.0 outinratio 0.0 

WminusH126_4mu_Nj_pT4l_genbin5_recobin6 acc 0.0636 eff -1.0 outinratio 0.0 

WplusH126_4mu_Nj_pT4l_genbin5_recobin6 acc 0.0523 eff 0.0009 outinratio 0.1032 

ZH126_4mu_Nj_pT4l_genbin5_recobin6 acc 0.0564 eff 0.0 outinratio 0.1105 

ttH126_4mu_Nj_pT4l_genbin5_recobin6 acc 0.0011 eff -1.0 outinratio 0.0 

ggH126_4mu_Nj_pT4l_genbin6_recobin6 acc 0.0361 eff 0.4791 outinratio 0.0464 

VBFH126_4mu_Nj_pT4l_genbin6_recobin6 acc 0.0289 eff 0.5922 outinratio 0.0 

WminusH126_4mu_Nj_pT4l_genbin6_recobin6 acc 0.0182 eff -1.0 outinratio 0.0 

WplusH126_4mu_Nj_pT4l_genbin6_recobin6 acc 0.0248 eff 0.4748 outinratio 0.1032 

ZH126_4mu_Nj_pT4l_genbin6_recobin6 acc 0.0257 eff 0.5593 outinratio 0.1105 

ttH126_4mu_Nj_pT4l_genbin6_recobin6 acc 0.0007 eff -1.0 outinratio 0.0 

ggH126_4mu_Nj_pT4l_genbin7_recobin6 acc 0.0302 eff 0.0184 outinratio 0.0464 

VBFH126_4mu_Nj_pT4l_genbin7_recobin6 acc 0.0323 eff 0.0244 outinratio 0.0 

WminusH126_4mu_Nj_pT4l_genbin7_recobin6 acc 0.0455 eff -1.0 outinratio 0.0 

WplusH126_4mu_Nj_pT4l_genbin7_recobin6 acc 0.0239 eff 0.027 outinratio 0.1032 

ZH126_4mu_Nj_pT4l_genbin7_recobin6 acc 0.0262 eff 0.0081 outinratio 0.1105 

ttH126_4mu_Nj_pT4l_genbin7_recobin6 acc 0.0004 eff -1.0 outinratio 0.0 

ggH126_4mu_Nj_pT4l_genbin8_recobin6 acc 0.028 eff 0.0 outinratio 0.0464 

VBFH126_4mu_Nj_pT4l_genbin8_recobin6 acc 0.0489 eff 0.0 outinratio 0.0 

WminusH126_4mu_Nj_pT4l_genbin8_recobin6 acc 0.0273 eff -1.0 outinratio 0.0 

WplusH126_4mu_Nj_pT4l_genbin8_recobin6 acc 0.0281 eff 0.0 outinratio 0.1032 

ZH126_4mu_Nj_pT4l_genbin8_recobin6 acc 0.031 eff 0.0 outinratio 0.1105 

ttH126_4mu_Nj_pT4l_genbin8_recobin6 acc 0.0011 eff -1.0 outinratio 0.0 

ggH126_4mu_Nj_pT4l_genbin9_recobin6 acc 0.0164 eff 0.0 outinratio 0.0464 

VBFH126_4mu_Nj_pT4l_genbin9_recobin6 acc 0.0562 eff 0.0 outinratio 0.0 

WminusH126_4mu_Nj_pT4l_genbin9_recobin6 acc 0.0364 eff -1.0 outinratio 0.0 

WplusH126_4mu_Nj_pT4l_genbin9_recobin6 acc 0.028 eff 0.0 outinratio 0.1032 

ZH126_4mu_Nj_pT4l_genbin9_recobin6 acc 0.0283 eff 0.0 outinratio 0.1105 

ttH126_4mu_Nj_pT4l_genbin9_recobin6 acc 0.0036 eff -1.0 outinratio 0.0 

ggH126_4mu_Nj_pT4l_genbin10_recobin6 acc 0.0324 eff 0.0284 outinratio 0.0464 

VBFH126_4mu_Nj_pT4l_genbin10_recobin6 acc 0.2058 eff 0.0222 outinratio 0.0 

WminusH126_4mu_Nj_pT4l_genbin10_recobin6 acc 0.1 eff 0.0 outinratio 0.0 

WplusH126_4mu_Nj_pT4l_genbin10_recobin6 acc 0.103 eff 0.0182 outinratio 0.1032 

ZH126_4mu_Nj_pT4l_genbin10_recobin6 acc 0.1301 eff 0.0302 outinratio 0.1105 

ttH126_4mu_Nj_pT4l_genbin10_recobin6 acc 0.2144 eff 0.0025 outinratio 0.0 

ggH126_4mu_Nj_pT4l_genbin11_recobin6 acc 0.0126 eff 0.0 outinratio 0.0464 

VBFH126_4mu_Nj_pT4l_genbin11_recobin6 acc 0.0651 eff 0.0 outinratio 0.0 

WminusH126_4mu_Nj_pT4l_genbin11_recobin6 acc 0.0364 eff -1.0 outinratio 0.0 

WplusH126_4mu_Nj_pT4l_genbin11_recobin6 acc 0.0439 eff 0.0 outinratio 0.1032 

ZH126_4mu_Nj_pT4l_genbin11_recobin6 acc 0.0438 eff 0.0 outinratio 0.1105 

ttH126_4mu_Nj_pT4l_genbin11_recobin6 acc 0.1209 eff 0.0 outinratio 0.0 

ggH126_4mu_Nj_pT4l_genbin0_recobin7 acc 0.0765 eff 0.0 outinratio 0.0361 

VBFH126_4mu_Nj_pT4l_genbin0_recobin7 acc 0.0033 eff -1.0 outinratio 0.0567 

WminusH126_4mu_Nj_pT4l_genbin0_recobin7 acc 0.0 eff -1.0 outinratio 0.8348 

WplusH126_4mu_Nj_pT4l_genbin0_recobin7 acc 0.0028 eff 0.0 outinratio 0.0604 

ZH126_4mu_Nj_pT4l_genbin0_recobin7 acc 0.0027 eff -1.0 outinratio 0.0227 

ttH126_4mu_Nj_pT4l_genbin0_recobin7 acc 0.0 eff -1.0 outinratio 0.0 

ggH126_4mu_Nj_pT4l_genbin1_recobin7 acc 0.0533 eff 0.0 outinratio 0.0361 

VBFH126_4mu_Nj_pT4l_genbin1_recobin7 acc 0.0033 eff -1.0 outinratio 0.0567 

WminusH126_4mu_Nj_pT4l_genbin1_recobin7 acc 0.0 eff -1.0 outinratio 0.8348 

WplusH126_4mu_Nj_pT4l_genbin1_recobin7 acc 0.0033 eff 0.0 outinratio 0.0604 

ZH126_4mu_Nj_pT4l_genbin1_recobin7 acc 0.0043 eff 0.0 outinratio 0.0227 

ttH126_4mu_Nj_pT4l_genbin1_recobin7 acc 0.0 eff -1.0 outinratio 0.0 

ggH126_4mu_Nj_pT4l_genbin2_recobin7 acc 0.0442 eff 0.0 outinratio 0.0361 

VBFH126_4mu_Nj_pT4l_genbin2_recobin7 acc 0.005 eff -1.0 outinratio 0.0567 

WminusH126_4mu_Nj_pT4l_genbin2_recobin7 acc 0.0273 eff -1.0 outinratio 0.8348 

WplusH126_4mu_Nj_pT4l_genbin2_recobin7 acc 0.0038 eff 0.0 outinratio 0.0604 

ZH126_4mu_Nj_pT4l_genbin2_recobin7 acc 0.0019 eff -1.0 outinratio 0.0227 

ttH126_4mu_Nj_pT4l_genbin2_recobin7 acc 0.0 eff -1.0 outinratio 0.0 

ggH126_4mu_Nj_pT4l_genbin3_recobin7 acc 0.0438 eff 0.0 outinratio 0.0361 

VBFH126_4mu_Nj_pT4l_genbin3_recobin7 acc 0.0039 eff -1.0 outinratio 0.0567 

WminusH126_4mu_Nj_pT4l_genbin3_recobin7 acc 0.0091 eff -1.0 outinratio 0.8348 

WplusH126_4mu_Nj_pT4l_genbin3_recobin7 acc 0.0063 eff 0.0 outinratio 0.0604 

ZH126_4mu_Nj_pT4l_genbin3_recobin7 acc 0.004 eff 0.0 outinratio 0.0227 

ttH126_4mu_Nj_pT4l_genbin3_recobin7 acc 0.0 eff -1.0 outinratio 0.0 

ggH126_4mu_Nj_pT4l_genbin4_recobin7 acc 0.0361 eff 0.0055 outinratio 0.0361 

VBFH126_4mu_Nj_pT4l_genbin4_recobin7 acc 0.0133 eff 0.0476 outinratio 0.0567 

WminusH126_4mu_Nj_pT4l_genbin4_recobin7 acc -0.0091 eff -1.0 outinratio 0.8348 

WplusH126_4mu_Nj_pT4l_genbin4_recobin7 acc 0.0117 eff 0.0271 outinratio 0.0604 

ZH126_4mu_Nj_pT4l_genbin4_recobin7 acc 0.0126 eff 0.0337 outinratio 0.0227 

ttH126_4mu_Nj_pT4l_genbin4_recobin7 acc 0.0007 eff -1.0 outinratio 0.0 

ggH126_4mu_Nj_pT4l_genbin5_recobin7 acc 0.0169 eff 0.1527 outinratio 0.0361 

VBFH126_4mu_Nj_pT4l_genbin5_recobin7 acc 0.0072 eff 0.0535 outinratio 0.0567 

WminusH126_4mu_Nj_pT4l_genbin5_recobin7 acc 0.0636 eff -1.0 outinratio 0.8348 

WplusH126_4mu_Nj_pT4l_genbin5_recobin7 acc 0.0523 eff 0.0494 outinratio 0.0604 

ZH126_4mu_Nj_pT4l_genbin5_recobin7 acc 0.0564 eff 0.0442 outinratio 0.0227 

ttH126_4mu_Nj_pT4l_genbin5_recobin7 acc 0.0011 eff -1.0 outinratio 0.0 

ggH126_4mu_Nj_pT4l_genbin6_recobin7 acc 0.0361 eff 0.0133 outinratio 0.0361 

VBFH126_4mu_Nj_pT4l_genbin6_recobin7 acc 0.0289 eff 0.014 outinratio 0.0567 

WminusH126_4mu_Nj_pT4l_genbin6_recobin7 acc 0.0182 eff -1.0 outinratio 0.8348 

WplusH126_4mu_Nj_pT4l_genbin6_recobin7 acc 0.0248 eff 0.0022 outinratio 0.0604 

ZH126_4mu_Nj_pT4l_genbin6_recobin7 acc 0.0257 eff 0.0075 outinratio 0.0227 

ttH126_4mu_Nj_pT4l_genbin6_recobin7 acc 0.0007 eff -1.0 outinratio 0.0 

ggH126_4mu_Nj_pT4l_genbin7_recobin7 acc 0.0302 eff 0.579 outinratio 0.0361 

VBFH126_4mu_Nj_pT4l_genbin7_recobin7 acc 0.0323 eff 0.5309 outinratio 0.0567 

WminusH126_4mu_Nj_pT4l_genbin7_recobin7 acc 0.0455 eff -1.0 outinratio 0.8348 

WplusH126_4mu_Nj_pT4l_genbin7_recobin7 acc 0.0239 eff 0.5421 outinratio 0.0604 

ZH126_4mu_Nj_pT4l_genbin7_recobin7 acc 0.0262 eff 0.5602 outinratio 0.0227 

ttH126_4mu_Nj_pT4l_genbin7_recobin7 acc 0.0004 eff -1.0 outinratio 0.0 

ggH126_4mu_Nj_pT4l_genbin8_recobin7 acc 0.028 eff 0.0142 outinratio 0.0361 

VBFH126_4mu_Nj_pT4l_genbin8_recobin7 acc 0.0489 eff 0.0128 outinratio 0.0567 

WminusH126_4mu_Nj_pT4l_genbin8_recobin7 acc 0.0273 eff -1.0 outinratio 0.8348 

WplusH126_4mu_Nj_pT4l_genbin8_recobin7 acc 0.0281 eff 0.0077 outinratio 0.0604 

ZH126_4mu_Nj_pT4l_genbin8_recobin7 acc 0.031 eff 0.0452 outinratio 0.0227 

ttH126_4mu_Nj_pT4l_genbin8_recobin7 acc 0.0011 eff -1.0 outinratio 0.0 

ggH126_4mu_Nj_pT4l_genbin9_recobin7 acc 0.0164 eff 0.0 outinratio 0.0361 

VBFH126_4mu_Nj_pT4l_genbin9_recobin7 acc 0.0562 eff 0.0 outinratio 0.0567 

WminusH126_4mu_Nj_pT4l_genbin9_recobin7 acc 0.0364 eff -1.0 outinratio 0.8348 

WplusH126_4mu_Nj_pT4l_genbin9_recobin7 acc 0.028 eff 0.0 outinratio 0.0604 

ZH126_4mu_Nj_pT4l_genbin9_recobin7 acc 0.0283 eff 0.0 outinratio 0.0227 

ttH126_4mu_Nj_pT4l_genbin9_recobin7 acc 0.0036 eff -1.0 outinratio 0.0 

ggH126_4mu_Nj_pT4l_genbin10_recobin7 acc 0.0324 eff 0.0318 outinratio 0.0361 

VBFH126_4mu_Nj_pT4l_genbin10_recobin7 acc 0.2058 eff 0.0217 outinratio 0.0567 

WminusH126_4mu_Nj_pT4l_genbin10_recobin7 acc 0.1 eff 0.0 outinratio 0.8348 

WplusH126_4mu_Nj_pT4l_genbin10_recobin7 acc 0.103 eff 0.0175 outinratio 0.0604 

ZH126_4mu_Nj_pT4l_genbin10_recobin7 acc 0.1301 eff 0.0105 outinratio 0.0227 

ttH126_4mu_Nj_pT4l_genbin10_recobin7 acc 0.2144 eff 0.0031 outinratio 0.0 

ggH126_4mu_Nj_pT4l_genbin11_recobin7 acc 0.0126 eff 0.0 outinratio 0.0361 

VBFH126_4mu_Nj_pT4l_genbin11_recobin7 acc 0.0651 eff 0.0 outinratio 0.0567 

WminusH126_4mu_Nj_pT4l_genbin11_recobin7 acc 0.0364 eff -1.0 outinratio 0.8348 

WplusH126_4mu_Nj_pT4l_genbin11_recobin7 acc 0.0439 eff 0.0 outinratio 0.0604 

ZH126_4mu_Nj_pT4l_genbin11_recobin7 acc 0.0438 eff 0.0 outinratio 0.0227 

ttH126_4mu_Nj_pT4l_genbin11_recobin7 acc 0.1209 eff 0.0 outinratio 0.0 

ggH126_4mu_Nj_pT4l_genbin0_recobin8 acc 0.0765 eff 0.0 outinratio 0.0211 

VBFH126_4mu_Nj_pT4l_genbin0_recobin8 acc 0.0033 eff -1.0 outinratio 0.0138 

WminusH126_4mu_Nj_pT4l_genbin0_recobin8 acc 0.0 eff -1.0 outinratio 0.0 

WplusH126_4mu_Nj_pT4l_genbin0_recobin8 acc 0.0028 eff 0.0 outinratio 0.0692 

ZH126_4mu_Nj_pT4l_genbin0_recobin8 acc 0.0027 eff -1.0 outinratio 0.1126 

ttH126_4mu_Nj_pT4l_genbin0_recobin8 acc 0.0 eff -1.0 outinratio 0.0 

ggH126_4mu_Nj_pT4l_genbin1_recobin8 acc 0.0533 eff 0.0 outinratio 0.0211 

VBFH126_4mu_Nj_pT4l_genbin1_recobin8 acc 0.0033 eff -1.0 outinratio 0.0138 

WminusH126_4mu_Nj_pT4l_genbin1_recobin8 acc 0.0 eff -1.0 outinratio 0.0 

WplusH126_4mu_Nj_pT4l_genbin1_recobin8 acc 0.0033 eff 0.0 outinratio 0.0692 

ZH126_4mu_Nj_pT4l_genbin1_recobin8 acc 0.0043 eff 0.0 outinratio 0.1126 

ttH126_4mu_Nj_pT4l_genbin1_recobin8 acc 0.0 eff -1.0 outinratio 0.0 

ggH126_4mu_Nj_pT4l_genbin2_recobin8 acc 0.0442 eff 0.0 outinratio 0.0211 

VBFH126_4mu_Nj_pT4l_genbin2_recobin8 acc 0.005 eff -1.0 outinratio 0.0138 

WminusH126_4mu_Nj_pT4l_genbin2_recobin8 acc 0.0273 eff -1.0 outinratio 0.0 

WplusH126_4mu_Nj_pT4l_genbin2_recobin8 acc 0.0038 eff 0.0 outinratio 0.0692 

ZH126_4mu_Nj_pT4l_genbin2_recobin8 acc 0.0019 eff -1.0 outinratio 0.1126 

ttH126_4mu_Nj_pT4l_genbin2_recobin8 acc 0.0 eff -1.0 outinratio 0.0 

ggH126_4mu_Nj_pT4l_genbin3_recobin8 acc 0.0438 eff 0.0 outinratio 0.0211 

VBFH126_4mu_Nj_pT4l_genbin3_recobin8 acc 0.0039 eff -1.0 outinratio 0.0138 

WminusH126_4mu_Nj_pT4l_genbin3_recobin8 acc 0.0091 eff -1.0 outinratio 0.0 

WplusH126_4mu_Nj_pT4l_genbin3_recobin8 acc 0.0063 eff 0.0 outinratio 0.0692 

ZH126_4mu_Nj_pT4l_genbin3_recobin8 acc 0.004 eff 0.0 outinratio 0.1126 

ttH126_4mu_Nj_pT4l_genbin3_recobin8 acc 0.0 eff -1.0 outinratio 0.0 

ggH126_4mu_Nj_pT4l_genbin4_recobin8 acc 0.0361 eff 0.0 outinratio 0.0211 

VBFH126_4mu_Nj_pT4l_genbin4_recobin8 acc 0.0133 eff 0.0 outinratio 0.0138 

WminusH126_4mu_Nj_pT4l_genbin4_recobin8 acc -0.0091 eff -1.0 outinratio 0.0 

WplusH126_4mu_Nj_pT4l_genbin4_recobin8 acc 0.0117 eff 0.0 outinratio 0.0692 

ZH126_4mu_Nj_pT4l_genbin4_recobin8 acc 0.0126 eff 0.0 outinratio 0.1126 

ttH126_4mu_Nj_pT4l_genbin4_recobin8 acc 0.0007 eff -1.0 outinratio 0.0 

ggH126_4mu_Nj_pT4l_genbin5_recobin8 acc 0.0169 eff 0.0328 outinratio 0.0211 

VBFH126_4mu_Nj_pT4l_genbin5_recobin8 acc 0.0072 eff 0.0292 outinratio 0.0138 

WminusH126_4mu_Nj_pT4l_genbin5_recobin8 acc 0.0636 eff -1.0 outinratio 0.0 

WplusH126_4mu_Nj_pT4l_genbin5_recobin8 acc 0.0523 eff 0.074 outinratio 0.0692 

ZH126_4mu_Nj_pT4l_genbin5_recobin8 acc 0.0564 eff 0.0111 outinratio 0.1126 

ttH126_4mu_Nj_pT4l_genbin5_recobin8 acc 0.0011 eff -1.0 outinratio 0.0 

ggH126_4mu_Nj_pT4l_genbin6_recobin8 acc 0.0361 eff 0.0 outinratio 0.0211 

VBFH126_4mu_Nj_pT4l_genbin6_recobin8 acc 0.0289 eff 0.0 outinratio 0.0138 

WminusH126_4mu_Nj_pT4l_genbin6_recobin8 acc 0.0182 eff -1.0 outinratio 0.0 

WplusH126_4mu_Nj_pT4l_genbin6_recobin8 acc 0.0248 eff 0.0 outinratio 0.0692 

ZH126_4mu_Nj_pT4l_genbin6_recobin8 acc 0.0257 eff 0.0 outinratio 0.1126 

ttH126_4mu_Nj_pT4l_genbin6_recobin8 acc 0.0007 eff -1.0 outinratio 0.0 

ggH126_4mu_Nj_pT4l_genbin7_recobin8 acc 0.0302 eff 0.0127 outinratio 0.0211 

VBFH126_4mu_Nj_pT4l_genbin7_recobin8 acc 0.0323 eff 0.0 outinratio 0.0138 

WminusH126_4mu_Nj_pT4l_genbin7_recobin8 acc 0.0455 eff -1.0 outinratio 0.0 

WplusH126_4mu_Nj_pT4l_genbin7_recobin8 acc 0.0239 eff 0.0107 outinratio 0.0692 

ZH126_4mu_Nj_pT4l_genbin7_recobin8 acc 0.0262 eff 0.0263 outinratio 0.1126 

ttH126_4mu_Nj_pT4l_genbin7_recobin8 acc 0.0004 eff -1.0 outinratio 0.0 

ggH126_4mu_Nj_pT4l_genbin8_recobin8 acc 0.028 eff 0.6561 outinratio 0.0211 

VBFH126_4mu_Nj_pT4l_genbin8_recobin8 acc 0.0489 eff 0.6161 outinratio 0.0138 

WminusH126_4mu_Nj_pT4l_genbin8_recobin8 acc 0.0273 eff -1.0 outinratio 0.0 

WplusH126_4mu_Nj_pT4l_genbin8_recobin8 acc 0.0281 eff 0.52 outinratio 0.0692 

ZH126_4mu_Nj_pT4l_genbin8_recobin8 acc 0.031 eff 0.5133 outinratio 0.1126 

ttH126_4mu_Nj_pT4l_genbin8_recobin8 acc 0.0011 eff -1.0 outinratio 0.0 

ggH126_4mu_Nj_pT4l_genbin9_recobin8 acc 0.0164 eff 0.0 outinratio 0.0211 

VBFH126_4mu_Nj_pT4l_genbin9_recobin8 acc 0.0562 eff 0.0099 outinratio 0.0138 

WminusH126_4mu_Nj_pT4l_genbin9_recobin8 acc 0.0364 eff -1.0 outinratio 0.0 

WplusH126_4mu_Nj_pT4l_genbin9_recobin8 acc 0.028 eff 0.0072 outinratio 0.0692 

ZH126_4mu_Nj_pT4l_genbin9_recobin8 acc 0.0283 eff 0.0078 outinratio 0.1126 

ttH126_4mu_Nj_pT4l_genbin9_recobin8 acc 0.0036 eff -1.0 outinratio 0.0 

ggH126_4mu_Nj_pT4l_genbin10_recobin8 acc 0.0324 eff 0.0473 outinratio 0.0211 

VBFH126_4mu_Nj_pT4l_genbin10_recobin8 acc 0.2058 eff 0.0436 outinratio 0.0138 

WminusH126_4mu_Nj_pT4l_genbin10_recobin8 acc 0.1 eff 0.0 outinratio 0.0 

WplusH126_4mu_Nj_pT4l_genbin10_recobin8 acc 0.103 eff 0.0341 outinratio 0.0692 

ZH126_4mu_Nj_pT4l_genbin10_recobin8 acc 0.1301 eff 0.0431 outinratio 0.1126 

ttH126_4mu_Nj_pT4l_genbin10_recobin8 acc 0.2144 eff 0.0004 outinratio 0.0 

ggH126_4mu_Nj_pT4l_genbin11_recobin8 acc 0.0126 eff 0.0 outinratio 0.0211 

VBFH126_4mu_Nj_pT4l_genbin11_recobin8 acc 0.0651 eff 0.0 outinratio 0.0138 

WminusH126_4mu_Nj_pT4l_genbin11_recobin8 acc 0.0364 eff -1.0 outinratio 0.0 

WplusH126_4mu_Nj_pT4l_genbin11_recobin8 acc 0.0439 eff 0.0 outinratio 0.0692 

ZH126_4mu_Nj_pT4l_genbin11_recobin8 acc 0.0438 eff 0.0 outinratio 0.1126 

ttH126_4mu_Nj_pT4l_genbin11_recobin8 acc 0.1209 eff 0.0 outinratio 0.0 

ggH126_4mu_Nj_pT4l_genbin0_recobin9 acc 0.0765 eff 0.0 outinratio 0.0511 

VBFH126_4mu_Nj_pT4l_genbin0_recobin9 acc 0.0033 eff -1.0 outinratio 0.0671 

WminusH126_4mu_Nj_pT4l_genbin0_recobin9 acc 0.0 eff -1.0 outinratio 0.0 

WplusH126_4mu_Nj_pT4l_genbin0_recobin9 acc 0.0028 eff 0.0 outinratio 0.0681 

ZH126_4mu_Nj_pT4l_genbin0_recobin9 acc 0.0027 eff -1.0 outinratio 0.0866 

ttH126_4mu_Nj_pT4l_genbin0_recobin9 acc 0.0 eff -1.0 outinratio 0.0 

ggH126_4mu_Nj_pT4l_genbin1_recobin9 acc 0.0533 eff 0.0 outinratio 0.0511 

VBFH126_4mu_Nj_pT4l_genbin1_recobin9 acc 0.0033 eff -1.0 outinratio 0.0671 

WminusH126_4mu_Nj_pT4l_genbin1_recobin9 acc 0.0 eff -1.0 outinratio 0.0 

WplusH126_4mu_Nj_pT4l_genbin1_recobin9 acc 0.0033 eff 0.0 outinratio 0.0681 

ZH126_4mu_Nj_pT4l_genbin1_recobin9 acc 0.0043 eff 0.0 outinratio 0.0866 

ttH126_4mu_Nj_pT4l_genbin1_recobin9 acc 0.0 eff -1.0 outinratio 0.0 

ggH126_4mu_Nj_pT4l_genbin2_recobin9 acc 0.0442 eff 0.0 outinratio 0.0511 

VBFH126_4mu_Nj_pT4l_genbin2_recobin9 acc 0.005 eff -1.0 outinratio 0.0671 

WminusH126_4mu_Nj_pT4l_genbin2_recobin9 acc 0.0273 eff -1.0 outinratio 0.0 

WplusH126_4mu_Nj_pT4l_genbin2_recobin9 acc 0.0038 eff 0.0 outinratio 0.0681 

ZH126_4mu_Nj_pT4l_genbin2_recobin9 acc 0.0019 eff -1.0 outinratio 0.0866 

ttH126_4mu_Nj_pT4l_genbin2_recobin9 acc 0.0 eff -1.0 outinratio 0.0 

ggH126_4mu_Nj_pT4l_genbin3_recobin9 acc 0.0438 eff 0.0 outinratio 0.0511 

VBFH126_4mu_Nj_pT4l_genbin3_recobin9 acc 0.0039 eff -1.0 outinratio 0.0671 

WminusH126_4mu_Nj_pT4l_genbin3_recobin9 acc 0.0091 eff -1.0 outinratio 0.0 

WplusH126_4mu_Nj_pT4l_genbin3_recobin9 acc 0.0063 eff 0.0 outinratio 0.0681 

ZH126_4mu_Nj_pT4l_genbin3_recobin9 acc 0.004 eff 0.0 outinratio 0.0866 

ttH126_4mu_Nj_pT4l_genbin3_recobin9 acc 0.0 eff -1.0 outinratio 0.0 

ggH126_4mu_Nj_pT4l_genbin4_recobin9 acc 0.0361 eff 0.0 outinratio 0.0511 

VBFH126_4mu_Nj_pT4l_genbin4_recobin9 acc 0.0133 eff 0.0 outinratio 0.0671 

WminusH126_4mu_Nj_pT4l_genbin4_recobin9 acc -0.0091 eff -1.0 outinratio 0.0 

WplusH126_4mu_Nj_pT4l_genbin4_recobin9 acc 0.0117 eff 0.0 outinratio 0.0681 

ZH126_4mu_Nj_pT4l_genbin4_recobin9 acc 0.0126 eff 0.0 outinratio 0.0866 

ttH126_4mu_Nj_pT4l_genbin4_recobin9 acc 0.0007 eff -1.0 outinratio 0.0 

ggH126_4mu_Nj_pT4l_genbin5_recobin9 acc 0.0169 eff 0.0 outinratio 0.0511 

VBFH126_4mu_Nj_pT4l_genbin5_recobin9 acc 0.0072 eff 0.0 outinratio 0.0671 

WminusH126_4mu_Nj_pT4l_genbin5_recobin9 acc 0.0636 eff -1.0 outinratio 0.0 

WplusH126_4mu_Nj_pT4l_genbin5_recobin9 acc 0.0523 eff 0.1107 outinratio 0.0681 

ZH126_4mu_Nj_pT4l_genbin5_recobin9 acc 0.0564 eff 0.0316 outinratio 0.0866 

ttH126_4mu_Nj_pT4l_genbin5_recobin9 acc 0.0011 eff -1.0 outinratio 0.0 

ggH126_4mu_Nj_pT4l_genbin6_recobin9 acc 0.0361 eff 0.0 outinratio 0.0511 

VBFH126_4mu_Nj_pT4l_genbin6_recobin9 acc 0.0289 eff 0.0 outinratio 0.0671 

WminusH126_4mu_Nj_pT4l_genbin6_recobin9 acc 0.0182 eff -1.0 outinratio 0.0 

WplusH126_4mu_Nj_pT4l_genbin6_recobin9 acc 0.0248 eff 0.0 outinratio 0.0681 

ZH126_4mu_Nj_pT4l_genbin6_recobin9 acc 0.0257 eff 0.0 outinratio 0.0866 

ttH126_4mu_Nj_pT4l_genbin6_recobin9 acc 0.0007 eff -1.0 outinratio 0.0 

ggH126_4mu_Nj_pT4l_genbin7_recobin9 acc 0.0302 eff 0.0 outinratio 0.0511 

VBFH126_4mu_Nj_pT4l_genbin7_recobin9 acc 0.0323 eff 0.0 outinratio 0.0671 

WminusH126_4mu_Nj_pT4l_genbin7_recobin9 acc 0.0455 eff -1.0 outinratio 0.0 

WplusH126_4mu_Nj_pT4l_genbin7_recobin9 acc 0.0239 eff 0.0 outinratio 0.0681 

ZH126_4mu_Nj_pT4l_genbin7_recobin9 acc 0.0262 eff 0.0 outinratio 0.0866 

ttH126_4mu_Nj_pT4l_genbin7_recobin9 acc 0.0004 eff -1.0 outinratio 0.0 

ggH126_4mu_Nj_pT4l_genbin8_recobin9 acc 0.028 eff 0.0076 outinratio 0.0511 

VBFH126_4mu_Nj_pT4l_genbin8_recobin9 acc 0.0489 eff 0.0191 outinratio 0.0671 

WminusH126_4mu_Nj_pT4l_genbin8_recobin9 acc 0.0273 eff -1.0 outinratio 0.0 

WplusH126_4mu_Nj_pT4l_genbin8_recobin9 acc 0.0281 eff 0.0109 outinratio 0.0681 

ZH126_4mu_Nj_pT4l_genbin8_recobin9 acc 0.031 eff 0.0 outinratio 0.0866 

ttH126_4mu_Nj_pT4l_genbin8_recobin9 acc 0.0011 eff -1.0 outinratio 0.0 

ggH126_4mu_Nj_pT4l_genbin9_recobin9 acc 0.0164 eff 0.6349 outinratio 0.0511 

VBFH126_4mu_Nj_pT4l_genbin9_recobin9 acc 0.0562 eff 0.489 outinratio 0.0671 

WminusH126_4mu_Nj_pT4l_genbin9_recobin9 acc 0.0364 eff -1.0 outinratio 0.0 

WplusH126_4mu_Nj_pT4l_genbin9_recobin9 acc 0.028 eff 0.6061 outinratio 0.0681 

ZH126_4mu_Nj_pT4l_genbin9_recobin9 acc 0.0283 eff 0.5622 outinratio 0.0866 

ttH126_4mu_Nj_pT4l_genbin9_recobin9 acc 0.0036 eff -1.0 outinratio 0.0 

ggH126_4mu_Nj_pT4l_genbin10_recobin9 acc 0.0324 eff 0.046 outinratio 0.0511 

VBFH126_4mu_Nj_pT4l_genbin10_recobin9 acc 0.2058 eff 0.0208 outinratio 0.0671 

WminusH126_4mu_Nj_pT4l_genbin10_recobin9 acc 0.1 eff 0.0 outinratio 0.0 

WplusH126_4mu_Nj_pT4l_genbin10_recobin9 acc 0.103 eff 0.0332 outinratio 0.0681 

ZH126_4mu_Nj_pT4l_genbin10_recobin9 acc 0.1301 eff 0.0228 outinratio 0.0866 

ttH126_4mu_Nj_pT4l_genbin10_recobin9 acc 0.2144 eff 0.0028 outinratio 0.0 

ggH126_4mu_Nj_pT4l_genbin11_recobin9 acc 0.0126 eff 0.0723 outinratio 0.0511 

VBFH126_4mu_Nj_pT4l_genbin11_recobin9 acc 0.0651 eff 0.0724 outinratio 0.0671 

WminusH126_4mu_Nj_pT4l_genbin11_recobin9 acc 0.0364 eff -1.0 outinratio 0.0 

WplusH126_4mu_Nj_pT4l_genbin11_recobin9 acc 0.0439 eff 0.0331 outinratio 0.0681 

ZH126_4mu_Nj_pT4l_genbin11_recobin9 acc 0.0438 eff 0.0597 outinratio 0.0866 

ttH126_4mu_Nj_pT4l_genbin11_recobin9 acc 0.1209 eff 0.0025 outinratio 0.0 

ggH126_4mu_Nj_pT4l_genbin0_recobin10 acc 0.0765 eff 0.0068 outinratio 0.0751 

VBFH126_4mu_Nj_pT4l_genbin0_recobin10 acc 0.0033 eff -1.0 outinratio 0.0544 

WminusH126_4mu_Nj_pT4l_genbin0_recobin10 acc 0.0 eff -1.0 outinratio 0.0 

WplusH126_4mu_Nj_pT4l_genbin0_recobin10 acc 0.0028 eff 0.0054 outinratio 0.0749 

ZH126_4mu_Nj_pT4l_genbin0_recobin10 acc 0.0027 eff -1.0 outinratio 0.0797 

ttH126_4mu_Nj_pT4l_genbin0_recobin10 acc 0.0 eff -1.0 outinratio 0.1498 

ggH126_4mu_Nj_pT4l_genbin1_recobin10 acc 0.0533 eff 0.0093 outinratio 0.0751 

VBFH126_4mu_Nj_pT4l_genbin1_recobin10 acc 0.0033 eff -1.0 outinratio 0.0544 

WminusH126_4mu_Nj_pT4l_genbin1_recobin10 acc 0.0 eff -1.0 outinratio 0.0 

WplusH126_4mu_Nj_pT4l_genbin1_recobin10 acc 0.0033 eff 0.0563 outinratio 0.0749 

ZH126_4mu_Nj_pT4l_genbin1_recobin10 acc 0.0043 eff 0.0 outinratio 0.0797 

ttH126_4mu_Nj_pT4l_genbin1_recobin10 acc 0.0 eff -1.0 outinratio 0.1498 

ggH126_4mu_Nj_pT4l_genbin2_recobin10 acc 0.0442 eff 0.0105 outinratio 0.0751 

VBFH126_4mu_Nj_pT4l_genbin2_recobin10 acc 0.005 eff -1.0 outinratio 0.0544 

WminusH126_4mu_Nj_pT4l_genbin2_recobin10 acc 0.0273 eff -1.0 outinratio 0.0 

WplusH126_4mu_Nj_pT4l_genbin2_recobin10 acc 0.0038 eff 0.009 outinratio 0.0749 

ZH126_4mu_Nj_pT4l_genbin2_recobin10 acc 0.0019 eff -1.0 outinratio 0.0797 

ttH126_4mu_Nj_pT4l_genbin2_recobin10 acc 0.0 eff -1.0 outinratio 0.1498 

ggH126_4mu_Nj_pT4l_genbin3_recobin10 acc 0.0438 eff 0.0106 outinratio 0.0751 

VBFH126_4mu_Nj_pT4l_genbin3_recobin10 acc 0.0039 eff -1.0 outinratio 0.0544 

WminusH126_4mu_Nj_pT4l_genbin3_recobin10 acc 0.0091 eff -1.0 outinratio 0.0 

WplusH126_4mu_Nj_pT4l_genbin3_recobin10 acc 0.0063 eff 0.0338 outinratio 0.0749 

ZH126_4mu_Nj_pT4l_genbin3_recobin10 acc 0.004 eff 0.0 outinratio 0.0797 

ttH126_4mu_Nj_pT4l_genbin3_recobin10 acc 0.0 eff -1.0 outinratio 0.1498 

ggH126_4mu_Nj_pT4l_genbin4_recobin10 acc 0.0361 eff 0.0133 outinratio 0.0751 

VBFH126_4mu_Nj_pT4l_genbin4_recobin10 acc 0.0133 eff 0.1281 outinratio 0.0544 

WminusH126_4mu_Nj_pT4l_genbin4_recobin10 acc -0.0091 eff -1.0 outinratio 0.0 

WplusH126_4mu_Nj_pT4l_genbin4_recobin10 acc 0.0117 eff 0.0097 outinratio 0.0749 

ZH126_4mu_Nj_pT4l_genbin4_recobin10 acc 0.0126 eff 0.0357 outinratio 0.0797 

ttH126_4mu_Nj_pT4l_genbin4_recobin10 acc 0.0007 eff -1.0 outinratio 0.1498 

ggH126_4mu_Nj_pT4l_genbin5_recobin10 acc 0.0169 eff 0.0319 outinratio 0.0751 

VBFH126_4mu_Nj_pT4l_genbin5_recobin10 acc 0.0072 eff 0.0 outinratio 0.0544 

WminusH126_4mu_Nj_pT4l_genbin5_recobin10 acc 0.0636 eff -1.0 outinratio 0.0 

WplusH126_4mu_Nj_pT4l_genbin5_recobin10 acc 0.0523 eff 0.0207 outinratio 0.0749 

ZH126_4mu_Nj_pT4l_genbin5_recobin10 acc 0.0564 eff 0.0067 outinratio 0.0797 

ttH126_4mu_Nj_pT4l_genbin5_recobin10 acc 0.0011 eff -1.0 outinratio 0.1498 

ggH126_4mu_Nj_pT4l_genbin6_recobin10 acc 0.0361 eff 0.0707 outinratio 0.0751 

VBFH126_4mu_Nj_pT4l_genbin6_recobin10 acc 0.0289 eff 0.1906 outinratio 0.0544 

WminusH126_4mu_Nj_pT4l_genbin6_recobin10 acc 0.0182 eff -1.0 outinratio 0.0 

WplusH126_4mu_Nj_pT4l_genbin6_recobin10 acc 0.0248 eff 0.1679 outinratio 0.0749 

ZH126_4mu_Nj_pT4l_genbin6_recobin10 acc 0.0257 eff 0.1781 outinratio 0.0797 

ttH126_4mu_Nj_pT4l_genbin6_recobin10 acc 0.0007 eff -1.0 outinratio 0.1498 

ggH126_4mu_Nj_pT4l_genbin7_recobin10 acc 0.0302 eff 0.0845 outinratio 0.0751 

VBFH126_4mu_Nj_pT4l_genbin7_recobin10 acc 0.0323 eff 0.1034 outinratio 0.0544 

WminusH126_4mu_Nj_pT4l_genbin7_recobin10 acc 0.0455 eff -1.0 outinratio 0.0 

WplusH126_4mu_Nj_pT4l_genbin7_recobin10 acc 0.0239 eff 0.1524 outinratio 0.0749 

ZH126_4mu_Nj_pT4l_genbin7_recobin10 acc 0.0262 eff 0.155 outinratio 0.0797 

ttH126_4mu_Nj_pT4l_genbin7_recobin10 acc 0.0004 eff -1.0 outinratio 0.1498 

ggH126_4mu_Nj_pT4l_genbin8_recobin10 acc 0.028 eff 0.1195 outinratio 0.0751 

VBFH126_4mu_Nj_pT4l_genbin8_recobin10 acc 0.0489 eff 0.1286 outinratio 0.0544 

WminusH126_4mu_Nj_pT4l_genbin8_recobin10 acc 0.0273 eff -1.0 outinratio 0.0 

WplusH126_4mu_Nj_pT4l_genbin8_recobin10 acc 0.0281 eff 0.179 outinratio 0.0749 

ZH126_4mu_Nj_pT4l_genbin8_recobin10 acc 0.031 eff 0.2094 outinratio 0.0797 

ttH126_4mu_Nj_pT4l_genbin8_recobin10 acc 0.0011 eff -1.0 outinratio 0.1498 

ggH126_4mu_Nj_pT4l_genbin9_recobin10 acc 0.0164 eff 0.0832 outinratio 0.0751 

VBFH126_4mu_Nj_pT4l_genbin9_recobin10 acc 0.0562 eff 0.1076 outinratio 0.0544 

WminusH126_4mu_Nj_pT4l_genbin9_recobin10 acc 0.0364 eff -1.0 outinratio 0.0 

WplusH126_4mu_Nj_pT4l_genbin9_recobin10 acc 0.028 eff 0.0978 outinratio 0.0749 

ZH126_4mu_Nj_pT4l_genbin9_recobin10 acc 0.0283 eff 0.1252 outinratio 0.0797 

ttH126_4mu_Nj_pT4l_genbin9_recobin10 acc 0.0036 eff -1.0 outinratio 0.1498 

ggH126_4mu_Nj_pT4l_genbin10_recobin10 acc 0.0324 eff 0.6759 outinratio 0.0751 

VBFH126_4mu_Nj_pT4l_genbin10_recobin10 acc 0.2058 eff 0.6657 outinratio 0.0544 

WminusH126_4mu_Nj_pT4l_genbin10_recobin10 acc 0.1 eff 0.6892 outinratio 0.0 

WplusH126_4mu_Nj_pT4l_genbin10_recobin10 acc 0.103 eff 0.6804 outinratio 0.0749 

ZH126_4mu_Nj_pT4l_genbin10_recobin10 acc 0.1301 eff 0.7191 outinratio 0.0797 

ttH126_4mu_Nj_pT4l_genbin10_recobin10 acc 0.2144 eff 0.7433 outinratio 0.1498 

ggH126_4mu_Nj_pT4l_genbin11_recobin10 acc 0.0126 eff 0.0082 outinratio 0.0751 

VBFH126_4mu_Nj_pT4l_genbin11_recobin10 acc 0.0651 eff 0.017 outinratio 0.0544 

WminusH126_4mu_Nj_pT4l_genbin11_recobin10 acc 0.0364 eff -1.0 outinratio 0.0 

WplusH126_4mu_Nj_pT4l_genbin11_recobin10 acc 0.0439 eff 0.0138 outinratio 0.0749 

ZH126_4mu_Nj_pT4l_genbin11_recobin10 acc 0.0438 eff 0.0113 outinratio 0.0797 

ttH126_4mu_Nj_pT4l_genbin11_recobin10 acc 0.1209 eff 0.0112 outinratio 0.1498 

ggH126_4mu_Nj_pT4l_genbin0_recobin11 acc 0.0765 eff 0.0 outinratio 0.0101 

VBFH126_4mu_Nj_pT4l_genbin0_recobin11 acc 0.0033 eff -1.0 outinratio 0.0286 

WminusH126_4mu_Nj_pT4l_genbin0_recobin11 acc 0.0 eff -1.0 outinratio 0.0 

WplusH126_4mu_Nj_pT4l_genbin0_recobin11 acc 0.0028 eff 0.0 outinratio 0.0483 

ZH126_4mu_Nj_pT4l_genbin0_recobin11 acc 0.0027 eff -1.0 outinratio 0.0397 

ttH126_4mu_Nj_pT4l_genbin0_recobin11 acc 0.0 eff -1.0 outinratio 0.1514 

ggH126_4mu_Nj_pT4l_genbin1_recobin11 acc 0.0533 eff 0.0 outinratio 0.0101 

VBFH126_4mu_Nj_pT4l_genbin1_recobin11 acc 0.0033 eff -1.0 outinratio 0.0286 

WminusH126_4mu_Nj_pT4l_genbin1_recobin11 acc 0.0 eff -1.0 outinratio 0.0 

WplusH126_4mu_Nj_pT4l_genbin1_recobin11 acc 0.0033 eff 0.0 outinratio 0.0483 

ZH126_4mu_Nj_pT4l_genbin1_recobin11 acc 0.0043 eff 0.0 outinratio 0.0397 

ttH126_4mu_Nj_pT4l_genbin1_recobin11 acc 0.0 eff -1.0 outinratio 0.1514 

ggH126_4mu_Nj_pT4l_genbin2_recobin11 acc 0.0442 eff 0.0 outinratio 0.0101 

VBFH126_4mu_Nj_pT4l_genbin2_recobin11 acc 0.005 eff -1.0 outinratio 0.0286 

WminusH126_4mu_Nj_pT4l_genbin2_recobin11 acc 0.0273 eff -1.0 outinratio 0.0 

WplusH126_4mu_Nj_pT4l_genbin2_recobin11 acc 0.0038 eff 0.0 outinratio 0.0483 

ZH126_4mu_Nj_pT4l_genbin2_recobin11 acc 0.0019 eff -1.0 outinratio 0.0397 

ttH126_4mu_Nj_pT4l_genbin2_recobin11 acc 0.0 eff -1.0 outinratio 0.1514 

ggH126_4mu_Nj_pT4l_genbin3_recobin11 acc 0.0438 eff 0.0 outinratio 0.0101 

VBFH126_4mu_Nj_pT4l_genbin3_recobin11 acc 0.0039 eff -1.0 outinratio 0.0286 

WminusH126_4mu_Nj_pT4l_genbin3_recobin11 acc 0.0091 eff -1.0 outinratio 0.0 

WplusH126_4mu_Nj_pT4l_genbin3_recobin11 acc 0.0063 eff 0.0 outinratio 0.0483 

ZH126_4mu_Nj_pT4l_genbin3_recobin11 acc 0.004 eff 0.0 outinratio 0.0397 

ttH126_4mu_Nj_pT4l_genbin3_recobin11 acc 0.0 eff -1.0 outinratio 0.1514 

ggH126_4mu_Nj_pT4l_genbin4_recobin11 acc 0.0361 eff 0.0 outinratio 0.0101 

VBFH126_4mu_Nj_pT4l_genbin4_recobin11 acc 0.0133 eff 0.0 outinratio 0.0286 

WminusH126_4mu_Nj_pT4l_genbin4_recobin11 acc -0.0091 eff -1.0 outinratio 0.0 

WplusH126_4mu_Nj_pT4l_genbin4_recobin11 acc 0.0117 eff 0.0 outinratio 0.0483 

ZH126_4mu_Nj_pT4l_genbin4_recobin11 acc 0.0126 eff 0.0 outinratio 0.0397 

ttH126_4mu_Nj_pT4l_genbin4_recobin11 acc 0.0007 eff -1.0 outinratio 0.1514 

ggH126_4mu_Nj_pT4l_genbin5_recobin11 acc 0.0169 eff 0.0 outinratio 0.0101 

VBFH126_4mu_Nj_pT4l_genbin5_recobin11 acc 0.0072 eff 0.0 outinratio 0.0286 

WminusH126_4mu_Nj_pT4l_genbin5_recobin11 acc 0.0636 eff -1.0 outinratio 0.0 

WplusH126_4mu_Nj_pT4l_genbin5_recobin11 acc 0.0523 eff 0.0026 outinratio 0.0483 

ZH126_4mu_Nj_pT4l_genbin5_recobin11 acc 0.0564 eff 0.0037 outinratio 0.0397 

ttH126_4mu_Nj_pT4l_genbin5_recobin11 acc 0.0011 eff -1.0 outinratio 0.1514 

ggH126_4mu_Nj_pT4l_genbin6_recobin11 acc 0.0361 eff 0.0 outinratio 0.0101 

VBFH126_4mu_Nj_pT4l_genbin6_recobin11 acc 0.0289 eff 0.0 outinratio 0.0286 

WminusH126_4mu_Nj_pT4l_genbin6_recobin11 acc 0.0182 eff -1.0 outinratio 0.0 

WplusH126_4mu_Nj_pT4l_genbin6_recobin11 acc 0.0248 eff 0.0 outinratio 0.0483 

ZH126_4mu_Nj_pT4l_genbin6_recobin11 acc 0.0257 eff 0.0 outinratio 0.0397 

ttH126_4mu_Nj_pT4l_genbin6_recobin11 acc 0.0007 eff -1.0 outinratio 0.1514 

ggH126_4mu_Nj_pT4l_genbin7_recobin11 acc 0.0302 eff 0.0 outinratio 0.0101 

VBFH126_4mu_Nj_pT4l_genbin7_recobin11 acc 0.0323 eff 0.0 outinratio 0.0286 

WminusH126_4mu_Nj_pT4l_genbin7_recobin11 acc 0.0455 eff -1.0 outinratio 0.0 

WplusH126_4mu_Nj_pT4l_genbin7_recobin11 acc 0.0239 eff 0.0 outinratio 0.0483 

ZH126_4mu_Nj_pT4l_genbin7_recobin11 acc 0.0262 eff 0.0 outinratio 0.0397 

ttH126_4mu_Nj_pT4l_genbin7_recobin11 acc 0.0004 eff -1.0 outinratio 0.1514 

ggH126_4mu_Nj_pT4l_genbin8_recobin11 acc 0.028 eff 0.0 outinratio 0.0101 

VBFH126_4mu_Nj_pT4l_genbin8_recobin11 acc 0.0489 eff 0.0 outinratio 0.0286 

WminusH126_4mu_Nj_pT4l_genbin8_recobin11 acc 0.0273 eff -1.0 outinratio 0.0 

WplusH126_4mu_Nj_pT4l_genbin8_recobin11 acc 0.0281 eff 0.0 outinratio 0.0483 

ZH126_4mu_Nj_pT4l_genbin8_recobin11 acc 0.031 eff 0.0 outinratio 0.0397 

ttH126_4mu_Nj_pT4l_genbin8_recobin11 acc 0.0011 eff -1.0 outinratio 0.1514 

ggH126_4mu_Nj_pT4l_genbin9_recobin11 acc 0.0164 eff 0.0468 outinratio 0.0101 

VBFH126_4mu_Nj_pT4l_genbin9_recobin11 acc 0.0562 eff 0.0735 outinratio 0.0286 

WminusH126_4mu_Nj_pT4l_genbin9_recobin11 acc 0.0364 eff -1.0 outinratio 0.0 

WplusH126_4mu_Nj_pT4l_genbin9_recobin11 acc 0.028 eff 0.0681 outinratio 0.0483 

ZH126_4mu_Nj_pT4l_genbin9_recobin11 acc 0.0283 eff 0.0674 outinratio 0.0397 

ttH126_4mu_Nj_pT4l_genbin9_recobin11 acc 0.0036 eff -1.0 outinratio 0.1514 

ggH126_4mu_Nj_pT4l_genbin10_recobin11 acc 0.0324 eff 0.0016 outinratio 0.0101 

VBFH126_4mu_Nj_pT4l_genbin10_recobin11 acc 0.2058 eff 0.004 outinratio 0.0286 

WminusH126_4mu_Nj_pT4l_genbin10_recobin11 acc 0.1 eff 0.0 outinratio 0.0 

WplusH126_4mu_Nj_pT4l_genbin10_recobin11 acc 0.103 eff 0.0057 outinratio 0.0483 

ZH126_4mu_Nj_pT4l_genbin10_recobin11 acc 0.1301 eff 0.002 outinratio 0.0397 

ttH126_4mu_Nj_pT4l_genbin10_recobin11 acc 0.2144 eff 0.003 outinratio 0.1514 

ggH126_4mu_Nj_pT4l_genbin11_recobin11 acc 0.0126 eff 0.7464 outinratio 0.0101 

VBFH126_4mu_Nj_pT4l_genbin11_recobin11 acc 0.0651 eff 0.935 outinratio 0.0286 

WminusH126_4mu_Nj_pT4l_genbin11_recobin11 acc 0.0364 eff -1.0 outinratio 0.0 

WplusH126_4mu_Nj_pT4l_genbin11_recobin11 acc 0.0439 eff 0.7874 outinratio 0.0483 

ZH126_4mu_Nj_pT4l_genbin11_recobin11 acc 0.0438 eff 0.7411 outinratio 0.0397 

ttH126_4mu_Nj_pT4l_genbin11_recobin11 acc 0.1209 eff 0.76 outinratio 0.1514 

ggH126_2e2mu_Nj_pT4l_genbin0_recobin0 acc 0.0695 eff 0.4396 outinratio 0.0578 

VBFH126_2e2mu_Nj_pT4l_genbin0_recobin0 acc 0.0034 eff 0.3297 outinratio 0.0 

WminusH126_2e2mu_Nj_pT4l_genbin0_recobin0 acc 0.0087 eff -1.0 outinratio 0.0 

WplusH126_2e2mu_Nj_pT4l_genbin0_recobin0 acc 0.0028 eff 0.2979 outinratio 0.0854 

ZH126_2e2mu_Nj_pT4l_genbin0_recobin0 acc 0.0027 eff 0.4095 outinratio 0.0 

ttH126_2e2mu_Nj_pT4l_genbin0_recobin0 acc 0.0 eff -1.0 outinratio 0.0 

ggH126_2e2mu_Nj_pT4l_genbin1_recobin0 acc 0.0509 eff 0.0523 outinratio 0.0578 

VBFH126_2e2mu_Nj_pT4l_genbin1_recobin0 acc 0.0041 eff 0.0494 outinratio 0.0 

WminusH126_2e2mu_Nj_pT4l_genbin1_recobin0 acc 0.0087 eff -1.0 outinratio 0.0 

WplusH126_2e2mu_Nj_pT4l_genbin1_recobin0 acc 0.0027 eff 0.0575 outinratio 0.0854 

ZH126_2e2mu_Nj_pT4l_genbin1_recobin0 acc 0.0042 eff 0.0 outinratio 0.0 

ttH126_2e2mu_Nj_pT4l_genbin1_recobin0 acc 0.0 eff -1.0 outinratio 0.0 

ggH126_2e2mu_Nj_pT4l_genbin2_recobin0 acc 0.0415 eff 0.0 outinratio 0.0578 

VBFH126_2e2mu_Nj_pT4l_genbin2_recobin0 acc 0.005 eff 0.0 outinratio 0.0 

WminusH126_2e2mu_Nj_pT4l_genbin2_recobin0 acc 0.0087 eff -1.0 outinratio 0.0 

WplusH126_2e2mu_Nj_pT4l_genbin2_recobin0 acc 0.0033 eff 0.0 outinratio 0.0854 

ZH126_2e2mu_Nj_pT4l_genbin2_recobin0 acc 0.0039 eff 0.0 outinratio 0.0 

ttH126_2e2mu_Nj_pT4l_genbin2_recobin0 acc 0.0 eff -1.0 outinratio 0.0 

ggH126_2e2mu_Nj_pT4l_genbin3_recobin0 acc 0.0394 eff 0.0 outinratio 0.0578 

VBFH126_2e2mu_Nj_pT4l_genbin3_recobin0 acc 0.0053 eff 0.0 outinratio 0.0 

WminusH126_2e2mu_Nj_pT4l_genbin3_recobin0 acc 0.0043 eff -1.0 outinratio 0.0 

WplusH126_2e2mu_Nj_pT4l_genbin3_recobin0 acc 0.0055 eff 0.0 outinratio 0.0854 

ZH126_2e2mu_Nj_pT4l_genbin3_recobin0 acc 0.0075 eff 0.0 outinratio 0.0 

ttH126_2e2mu_Nj_pT4l_genbin3_recobin0 acc 0.0 eff -1.0 outinratio 0.0 

ggH126_2e2mu_Nj_pT4l_genbin4_recobin0 acc 0.0354 eff 0.0 outinratio 0.0578 

VBFH126_2e2mu_Nj_pT4l_genbin4_recobin0 acc 0.0084 eff 0.0 outinratio 0.0 

WminusH126_2e2mu_Nj_pT4l_genbin4_recobin0 acc 0.0043 eff -1.0 outinratio 0.0 

WplusH126_2e2mu_Nj_pT4l_genbin4_recobin0 acc 0.0108 eff 0.0 outinratio 0.0854 

ZH126_2e2mu_Nj_pT4l_genbin4_recobin0 acc 0.01 eff 0.0 outinratio 0.0 

ttH126_2e2mu_Nj_pT4l_genbin4_recobin0 acc 0.0 eff -1.0 outinratio 0.0 

ggH126_2e2mu_Nj_pT4l_genbin5_recobin0 acc 0.016 eff 0.0 outinratio 0.0578 

VBFH126_2e2mu_Nj_pT4l_genbin5_recobin0 acc 0.01 eff 0.0 outinratio 0.0 

WminusH126_2e2mu_Nj_pT4l_genbin5_recobin0 acc 0.0696 eff 0.0 outinratio 0.0 

WplusH126_2e2mu_Nj_pT4l_genbin5_recobin0 acc 0.0465 eff 0.0 outinratio 0.0854 

ZH126_2e2mu_Nj_pT4l_genbin5_recobin0 acc 0.0452 eff 0.0 outinratio 0.0 

ttH126_2e2mu_Nj_pT4l_genbin5_recobin0 acc 0.0 eff -1.0 outinratio 0.0 

ggH126_2e2mu_Nj_pT4l_genbin6_recobin0 acc 0.0319 eff 0.0067 outinratio 0.0578 

VBFH126_2e2mu_Nj_pT4l_genbin6_recobin0 acc 0.034 eff 0.0158 outinratio 0.0 

WminusH126_2e2mu_Nj_pT4l_genbin6_recobin0 acc 0.0174 eff -1.0 outinratio 0.0 

WplusH126_2e2mu_Nj_pT4l_genbin6_recobin0 acc 0.0229 eff 0.0067 outinratio 0.0854 

ZH126_2e2mu_Nj_pT4l_genbin6_recobin0 acc 0.0217 eff 0.0 outinratio 0.0 

ttH126_2e2mu_Nj_pT4l_genbin6_recobin0 acc 0.0006 eff -1.0 outinratio 0.0 

ggH126_2e2mu_Nj_pT4l_genbin7_recobin0 acc 0.0297 eff 0.0 outinratio 0.0578 

VBFH126_2e2mu_Nj_pT4l_genbin7_recobin0 acc 0.0424 eff 0.0 outinratio 0.0 

WminusH126_2e2mu_Nj_pT4l_genbin7_recobin0 acc 0.0217 eff -1.0 outinratio 0.0 

WplusH126_2e2mu_Nj_pT4l_genbin7_recobin0 acc 0.0195 eff 0.0 outinratio 0.0854 

ZH126_2e2mu_Nj_pT4l_genbin7_recobin0 acc 0.024 eff 0.0 outinratio 0.0 

ttH126_2e2mu_Nj_pT4l_genbin7_recobin0 acc 0.002 eff -1.0 outinratio 0.0 

ggH126_2e2mu_Nj_pT4l_genbin8_recobin0 acc 0.0248 eff 0.0 outinratio 0.0578 

VBFH126_2e2mu_Nj_pT4l_genbin8_recobin0 acc 0.0543 eff 0.0 outinratio 0.0 

WminusH126_2e2mu_Nj_pT4l_genbin8_recobin0 acc 0.0261 eff -1.0 outinratio 0.0 

WplusH126_2e2mu_Nj_pT4l_genbin8_recobin0 acc 0.0262 eff 0.0 outinratio 0.0854 

ZH126_2e2mu_Nj_pT4l_genbin8_recobin0 acc 0.0276 eff 0.0 outinratio 0.0 

ttH126_2e2mu_Nj_pT4l_genbin8_recobin0 acc 0.0012 eff -1.0 outinratio 0.0 

ggH126_2e2mu_Nj_pT4l_genbin9_recobin0 acc 0.0161 eff 0.0 outinratio 0.0578 

VBFH126_2e2mu_Nj_pT4l_genbin9_recobin0 acc 0.0611 eff 0.0 outinratio 0.0 

WminusH126_2e2mu_Nj_pT4l_genbin9_recobin0 acc 0.013 eff -1.0 outinratio 0.0 

WplusH126_2e2mu_Nj_pT4l_genbin9_recobin0 acc 0.0274 eff 0.0 outinratio 0.0854 

ZH126_2e2mu_Nj_pT4l_genbin9_recobin0 acc 0.0329 eff 0.0 outinratio 0.0 

ttH126_2e2mu_Nj_pT4l_genbin9_recobin0 acc 0.0041 eff 0.0 outinratio 0.0 

ggH126_2e2mu_Nj_pT4l_genbin10_recobin0 acc 0.0329 eff 0.0006 outinratio 0.0578 

VBFH126_2e2mu_Nj_pT4l_genbin10_recobin0 acc 0.1803 eff 0.0 outinratio 0.0 

WminusH126_2e2mu_Nj_pT4l_genbin10_recobin0 acc 0.1565 eff 0.0 outinratio 0.0 

WplusH126_2e2mu_Nj_pT4l_genbin10_recobin0 acc 0.0984 eff 0.0006 outinratio 0.0854 

ZH126_2e2mu_Nj_pT4l_genbin10_recobin0 acc 0.1201 eff 0.0 outinratio 0.0 

ttH126_2e2mu_Nj_pT4l_genbin10_recobin0 acc 0.2009 eff 0.0 outinratio 0.0 

ggH126_2e2mu_Nj_pT4l_genbin11_recobin0 acc 0.0114 eff 0.0 outinratio 0.0578 

VBFH126_2e2mu_Nj_pT4l_genbin11_recobin0 acc 0.054 eff 0.0 outinratio 0.0 

WminusH126_2e2mu_Nj_pT4l_genbin11_recobin0 acc 0.0435 eff -1.0 outinratio 0.0 

WplusH126_2e2mu_Nj_pT4l_genbin11_recobin0 acc 0.043 eff 0.0 outinratio 0.0854 

ZH126_2e2mu_Nj_pT4l_genbin11_recobin0 acc 0.0406 eff 0.0 outinratio 0.0 

ttH126_2e2mu_Nj_pT4l_genbin11_recobin0 acc 0.1023 eff 0.0 outinratio 0.0 

ggH126_2e2mu_Nj_pT4l_genbin0_recobin1 acc 0.0695 eff 0.0302 outinratio 0.048 

VBFH126_2e2mu_Nj_pT4l_genbin0_recobin1 acc 0.0034 eff 0.1096 outinratio 0.0 

WminusH126_2e2mu_Nj_pT4l_genbin0_recobin1 acc 0.0087 eff -1.0 outinratio 0.0 

WplusH126_2e2mu_Nj_pT4l_genbin0_recobin1 acc 0.0028 eff 0.0453 outinratio 0.0549 

ZH126_2e2mu_Nj_pT4l_genbin0_recobin1 acc 0.0027 eff 0.0292 outinratio 0.1264 

ttH126_2e2mu_Nj_pT4l_genbin0_recobin1 acc 0.0 eff -1.0 outinratio 0.0 

ggH126_2e2mu_Nj_pT4l_genbin1_recobin1 acc 0.0509 eff 0.365 outinratio 0.048 

VBFH126_2e2mu_Nj_pT4l_genbin1_recobin1 acc 0.0041 eff 0.2033 outinratio 0.0 

WminusH126_2e2mu_Nj_pT4l_genbin1_recobin1 acc 0.0087 eff -1.0 outinratio 0.0 

WplusH126_2e2mu_Nj_pT4l_genbin1_recobin1 acc 0.0027 eff 0.2631 outinratio 0.0549 

ZH126_2e2mu_Nj_pT4l_genbin1_recobin1 acc 0.0042 eff 0.3718 outinratio 0.1264 

ttH126_2e2mu_Nj_pT4l_genbin1_recobin1 acc 0.0 eff -1.0 outinratio 0.0 

ggH126_2e2mu_Nj_pT4l_genbin2_recobin1 acc 0.0415 eff 0.0529 outinratio 0.048 

VBFH126_2e2mu_Nj_pT4l_genbin2_recobin1 acc 0.005 eff 0.0 outinratio 0.0 

WminusH126_2e2mu_Nj_pT4l_genbin2_recobin1 acc 0.0087 eff -1.0 outinratio 0.0 

WplusH126_2e2mu_Nj_pT4l_genbin2_recobin1 acc 0.0033 eff 0.0498 outinratio 0.0549 

ZH126_2e2mu_Nj_pT4l_genbin2_recobin1 acc 0.0039 eff 0.0285 outinratio 0.1264 

ttH126_2e2mu_Nj_pT4l_genbin2_recobin1 acc 0.0 eff -1.0 outinratio 0.0 

ggH126_2e2mu_Nj_pT4l_genbin3_recobin1 acc 0.0394 eff 0.0009 outinratio 0.048 

VBFH126_2e2mu_Nj_pT4l_genbin3_recobin1 acc 0.0053 eff 0.0 outinratio 0.0 

WminusH126_2e2mu_Nj_pT4l_genbin3_recobin1 acc 0.0043 eff -1.0 outinratio 0.0 

WplusH126_2e2mu_Nj_pT4l_genbin3_recobin1 acc 0.0055 eff 0.0 outinratio 0.0549 

ZH126_2e2mu_Nj_pT4l_genbin3_recobin1 acc 0.0075 eff 0.0 outinratio 0.1264 

ttH126_2e2mu_Nj_pT4l_genbin3_recobin1 acc 0.0 eff -1.0 outinratio 0.0 

ggH126_2e2mu_Nj_pT4l_genbin4_recobin1 acc 0.0354 eff 0.0 outinratio 0.048 

VBFH126_2e2mu_Nj_pT4l_genbin4_recobin1 acc 0.0084 eff 0.0 outinratio 0.0 

WminusH126_2e2mu_Nj_pT4l_genbin4_recobin1 acc 0.0043 eff -1.0 outinratio 0.0 

WplusH126_2e2mu_Nj_pT4l_genbin4_recobin1 acc 0.0108 eff 0.0 outinratio 0.0549 

ZH126_2e2mu_Nj_pT4l_genbin4_recobin1 acc 0.01 eff 0.0 outinratio 0.1264 

ttH126_2e2mu_Nj_pT4l_genbin4_recobin1 acc 0.0 eff -1.0 outinratio 0.0 

ggH126_2e2mu_Nj_pT4l_genbin5_recobin1 acc 0.016 eff 0.0 outinratio 0.048 

VBFH126_2e2mu_Nj_pT4l_genbin5_recobin1 acc 0.01 eff 0.0 outinratio 0.0 

WminusH126_2e2mu_Nj_pT4l_genbin5_recobin1 acc 0.0696 eff 0.0 outinratio 0.0 

WplusH126_2e2mu_Nj_pT4l_genbin5_recobin1 acc 0.0465 eff 0.0 outinratio 0.0549 

ZH126_2e2mu_Nj_pT4l_genbin5_recobin1 acc 0.0452 eff 0.0 outinratio 0.1264 

ttH126_2e2mu_Nj_pT4l_genbin5_recobin1 acc 0.0 eff -1.0 outinratio 0.0 

ggH126_2e2mu_Nj_pT4l_genbin6_recobin1 acc 0.0319 eff 0.0054 outinratio 0.048 

VBFH126_2e2mu_Nj_pT4l_genbin6_recobin1 acc 0.034 eff 0.0072 outinratio 0.0 

WminusH126_2e2mu_Nj_pT4l_genbin6_recobin1 acc 0.0174 eff -1.0 outinratio 0.0 

WplusH126_2e2mu_Nj_pT4l_genbin6_recobin1 acc 0.0229 eff 0.0085 outinratio 0.0549 

ZH126_2e2mu_Nj_pT4l_genbin6_recobin1 acc 0.0217 eff 0.0022 outinratio 0.1264 

ttH126_2e2mu_Nj_pT4l_genbin6_recobin1 acc 0.0006 eff -1.0 outinratio 0.0 

ggH126_2e2mu_Nj_pT4l_genbin7_recobin1 acc 0.0297 eff 0.0 outinratio 0.048 

VBFH126_2e2mu_Nj_pT4l_genbin7_recobin1 acc 0.0424 eff 0.0 outinratio 0.0 

WminusH126_2e2mu_Nj_pT4l_genbin7_recobin1 acc 0.0217 eff -1.0 outinratio 0.0 

WplusH126_2e2mu_Nj_pT4l_genbin7_recobin1 acc 0.0195 eff 0.0 outinratio 0.0549 

ZH126_2e2mu_Nj_pT4l_genbin7_recobin1 acc 0.024 eff 0.0 outinratio 0.1264 

ttH126_2e2mu_Nj_pT4l_genbin7_recobin1 acc 0.002 eff -1.0 outinratio 0.0 

ggH126_2e2mu_Nj_pT4l_genbin8_recobin1 acc 0.0248 eff 0.0 outinratio 0.048 

VBFH126_2e2mu_Nj_pT4l_genbin8_recobin1 acc 0.0543 eff 0.0 outinratio 0.0 

WminusH126_2e2mu_Nj_pT4l_genbin8_recobin1 acc 0.0261 eff -1.0 outinratio 0.0 

WplusH126_2e2mu_Nj_pT4l_genbin8_recobin1 acc 0.0262 eff 0.0 outinratio 0.0549 

ZH126_2e2mu_Nj_pT4l_genbin8_recobin1 acc 0.0276 eff 0.0 outinratio 0.1264 

ttH126_2e2mu_Nj_pT4l_genbin8_recobin1 acc 0.0012 eff -1.0 outinratio 0.0 

ggH126_2e2mu_Nj_pT4l_genbin9_recobin1 acc 0.0161 eff 0.0 outinratio 0.048 

VBFH126_2e2mu_Nj_pT4l_genbin9_recobin1 acc 0.0611 eff 0.0 outinratio 0.0 

WminusH126_2e2mu_Nj_pT4l_genbin9_recobin1 acc 0.013 eff -1.0 outinratio 0.0 

WplusH126_2e2mu_Nj_pT4l_genbin9_recobin1 acc 0.0274 eff 0.0 outinratio 0.0549 

ZH126_2e2mu_Nj_pT4l_genbin9_recobin1 acc 0.0329 eff 0.0 outinratio 0.1264 

ttH126_2e2mu_Nj_pT4l_genbin9_recobin1 acc 0.0041 eff 0.0 outinratio 0.0 

ggH126_2e2mu_Nj_pT4l_genbin10_recobin1 acc 0.0329 eff 0.0 outinratio 0.048 

VBFH126_2e2mu_Nj_pT4l_genbin10_recobin1 acc 0.1803 eff 0.0 outinratio 0.0 

WminusH126_2e2mu_Nj_pT4l_genbin10_recobin1 acc 0.1565 eff 0.0 outinratio 0.0 

WplusH126_2e2mu_Nj_pT4l_genbin10_recobin1 acc 0.0984 eff 0.0001 outinratio 0.0549 

ZH126_2e2mu_Nj_pT4l_genbin10_recobin1 acc 0.1201 eff 0.0005 outinratio 0.1264 

ttH126_2e2mu_Nj_pT4l_genbin10_recobin1 acc 0.2009 eff 0.0 outinratio 0.0 

ggH126_2e2mu_Nj_pT4l_genbin11_recobin1 acc 0.0114 eff 0.0 outinratio 0.048 

VBFH126_2e2mu_Nj_pT4l_genbin11_recobin1 acc 0.054 eff 0.0 outinratio 0.0 

WminusH126_2e2mu_Nj_pT4l_genbin11_recobin1 acc 0.0435 eff -1.0 outinratio 0.0 

WplusH126_2e2mu_Nj_pT4l_genbin11_recobin1 acc 0.043 eff 0.0 outinratio 0.0549 

ZH126_2e2mu_Nj_pT4l_genbin11_recobin1 acc 0.0406 eff 0.0 outinratio 0.1264 

ttH126_2e2mu_Nj_pT4l_genbin11_recobin1 acc 0.1023 eff 0.0 outinratio 0.0 

ggH126_2e2mu_Nj_pT4l_genbin0_recobin2 acc 0.0695 eff 0.0001 outinratio 0.0531 

VBFH126_2e2mu_Nj_pT4l_genbin0_recobin2 acc 0.0034 eff 0.0 outinratio 0.0 

WminusH126_2e2mu_Nj_pT4l_genbin0_recobin2 acc 0.0087 eff -1.0 outinratio 0.0 

WplusH126_2e2mu_Nj_pT4l_genbin0_recobin2 acc 0.0028 eff 0.0 outinratio 0.0356 

ZH126_2e2mu_Nj_pT4l_genbin0_recobin2 acc 0.0027 eff 0.0 outinratio 0.0948 

ttH126_2e2mu_Nj_pT4l_genbin0_recobin2 acc 0.0 eff -1.0 outinratio 0.0 

ggH126_2e2mu_Nj_pT4l_genbin1_recobin2 acc 0.0509 eff 0.0369 outinratio 0.0531 

VBFH126_2e2mu_Nj_pT4l_genbin1_recobin2 acc 0.0041 eff 0.0465 outinratio 0.0 

WminusH126_2e2mu_Nj_pT4l_genbin1_recobin2 acc 0.0087 eff -1.0 outinratio 0.0 

WplusH126_2e2mu_Nj_pT4l_genbin1_recobin2 acc 0.0027 eff 0.0064 outinratio 0.0356 

ZH126_2e2mu_Nj_pT4l_genbin1_recobin2 acc 0.0042 eff 0.0 outinratio 0.0948 

ttH126_2e2mu_Nj_pT4l_genbin1_recobin2 acc 0.0 eff -1.0 outinratio 0.0 

ggH126_2e2mu_Nj_pT4l_genbin2_recobin2 acc 0.0415 eff 0.3487 outinratio 0.0531 

VBFH126_2e2mu_Nj_pT4l_genbin2_recobin2 acc 0.005 eff 0.4118 outinratio 0.0 

WminusH126_2e2mu_Nj_pT4l_genbin2_recobin2 acc 0.0087 eff -1.0 outinratio 0.0 

WplusH126_2e2mu_Nj_pT4l_genbin2_recobin2 acc 0.0033 eff 0.2829 outinratio 0.0356 

ZH126_2e2mu_Nj_pT4l_genbin2_recobin2 acc 0.0039 eff 0.2716 outinratio 0.0948 

ttH126_2e2mu_Nj_pT4l_genbin2_recobin2 acc 0.0 eff -1.0 outinratio 0.0 

ggH126_2e2mu_Nj_pT4l_genbin3_recobin2 acc 0.0394 eff 0.0403 outinratio 0.0531 

VBFH126_2e2mu_Nj_pT4l_genbin3_recobin2 acc 0.0053 eff 0.0 outinratio 0.0 

WminusH126_2e2mu_Nj_pT4l_genbin3_recobin2 acc 0.0043 eff -1.0 outinratio 0.0 

WplusH126_2e2mu_Nj_pT4l_genbin3_recobin2 acc 0.0055 eff 0.0362 outinratio 0.0356 

ZH126_2e2mu_Nj_pT4l_genbin3_recobin2 acc 0.0075 eff 0.042 outinratio 0.0948 

ttH126_2e2mu_Nj_pT4l_genbin3_recobin2 acc 0.0 eff -1.0 outinratio 0.0 

ggH126_2e2mu_Nj_pT4l_genbin4_recobin2 acc 0.0354 eff 0.0 outinratio 0.0531 

VBFH126_2e2mu_Nj_pT4l_genbin4_recobin2 acc 0.0084 eff 0.0 outinratio 0.0 

WminusH126_2e2mu_Nj_pT4l_genbin4_recobin2 acc 0.0043 eff -1.0 outinratio 0.0 

WplusH126_2e2mu_Nj_pT4l_genbin4_recobin2 acc 0.0108 eff 0.0 outinratio 0.0356 

ZH126_2e2mu_Nj_pT4l_genbin4_recobin2 acc 0.01 eff 0.0 outinratio 0.0948 

ttH126_2e2mu_Nj_pT4l_genbin4_recobin2 acc 0.0 eff -1.0 outinratio 0.0 

ggH126_2e2mu_Nj_pT4l_genbin5_recobin2 acc 0.016 eff 0.0 outinratio 0.0531 

VBFH126_2e2mu_Nj_pT4l_genbin5_recobin2 acc 0.01 eff 0.0 outinratio 0.0 

WminusH126_2e2mu_Nj_pT4l_genbin5_recobin2 acc 0.0696 eff 0.0 outinratio 0.0 

WplusH126_2e2mu_Nj_pT4l_genbin5_recobin2 acc 0.0465 eff 0.0 outinratio 0.0356 

ZH126_2e2mu_Nj_pT4l_genbin5_recobin2 acc 0.0452 eff 0.0 outinratio 0.0948 

ttH126_2e2mu_Nj_pT4l_genbin5_recobin2 acc 0.0 eff -1.0 outinratio 0.0 

ggH126_2e2mu_Nj_pT4l_genbin6_recobin2 acc 0.0319 eff 0.0077 outinratio 0.0531 

VBFH126_2e2mu_Nj_pT4l_genbin6_recobin2 acc 0.034 eff 0.0153 outinratio 0.0 

WminusH126_2e2mu_Nj_pT4l_genbin6_recobin2 acc 0.0174 eff -1.0 outinratio 0.0 

WplusH126_2e2mu_Nj_pT4l_genbin6_recobin2 acc 0.0229 eff 0.0118 outinratio 0.0356 

ZH126_2e2mu_Nj_pT4l_genbin6_recobin2 acc 0.0217 eff 0.0099 outinratio 0.0948 

ttH126_2e2mu_Nj_pT4l_genbin6_recobin2 acc 0.0006 eff -1.0 outinratio 0.0 

ggH126_2e2mu_Nj_pT4l_genbin7_recobin2 acc 0.0297 eff 0.0 outinratio 0.0531 

VBFH126_2e2mu_Nj_pT4l_genbin7_recobin2 acc 0.0424 eff 0.0 outinratio 0.0 

WminusH126_2e2mu_Nj_pT4l_genbin7_recobin2 acc 0.0217 eff -1.0 outinratio 0.0 

WplusH126_2e2mu_Nj_pT4l_genbin7_recobin2 acc 0.0195 eff 0.0 outinratio 0.0356 

ZH126_2e2mu_Nj_pT4l_genbin7_recobin2 acc 0.024 eff 0.0 outinratio 0.0948 

ttH126_2e2mu_Nj_pT4l_genbin7_recobin2 acc 0.002 eff -1.0 outinratio 0.0 

ggH126_2e2mu_Nj_pT4l_genbin8_recobin2 acc 0.0248 eff 0.0 outinratio 0.0531 

VBFH126_2e2mu_Nj_pT4l_genbin8_recobin2 acc 0.0543 eff 0.0 outinratio 0.0 

WminusH126_2e2mu_Nj_pT4l_genbin8_recobin2 acc 0.0261 eff -1.0 outinratio 0.0 

WplusH126_2e2mu_Nj_pT4l_genbin8_recobin2 acc 0.0262 eff 0.0 outinratio 0.0356 

ZH126_2e2mu_Nj_pT4l_genbin8_recobin2 acc 0.0276 eff 0.0 outinratio 0.0948 

ttH126_2e2mu_Nj_pT4l_genbin8_recobin2 acc 0.0012 eff -1.0 outinratio 0.0 

ggH126_2e2mu_Nj_pT4l_genbin9_recobin2 acc 0.0161 eff 0.0 outinratio 0.0531 

VBFH126_2e2mu_Nj_pT4l_genbin9_recobin2 acc 0.0611 eff 0.0 outinratio 0.0 

WminusH126_2e2mu_Nj_pT4l_genbin9_recobin2 acc 0.013 eff -1.0 outinratio 0.0 

WplusH126_2e2mu_Nj_pT4l_genbin9_recobin2 acc 0.0274 eff 0.0 outinratio 0.0356 

ZH126_2e2mu_Nj_pT4l_genbin9_recobin2 acc 0.0329 eff 0.0 outinratio 0.0948 

ttH126_2e2mu_Nj_pT4l_genbin9_recobin2 acc 0.0041 eff 0.0 outinratio 0.0 

ggH126_2e2mu_Nj_pT4l_genbin10_recobin2 acc 0.0329 eff 0.0014 outinratio 0.0531 

VBFH126_2e2mu_Nj_pT4l_genbin10_recobin2 acc 0.1803 eff 0.0 outinratio 0.0 

WminusH126_2e2mu_Nj_pT4l_genbin10_recobin2 acc 0.1565 eff 0.0231 outinratio 0.0 

WplusH126_2e2mu_Nj_pT4l_genbin10_recobin2 acc 0.0984 eff 0.0 outinratio 0.0356 

ZH126_2e2mu_Nj_pT4l_genbin10_recobin2 acc 0.1201 eff 0.0008 outinratio 0.0948 

ttH126_2e2mu_Nj_pT4l_genbin10_recobin2 acc 0.2009 eff 0.0 outinratio 0.0 

ggH126_2e2mu_Nj_pT4l_genbin11_recobin2 acc 0.0114 eff 0.0 outinratio 0.0531 

VBFH126_2e2mu_Nj_pT4l_genbin11_recobin2 acc 0.054 eff 0.0 outinratio 0.0 

WminusH126_2e2mu_Nj_pT4l_genbin11_recobin2 acc 0.0435 eff -1.0 outinratio 0.0 

WplusH126_2e2mu_Nj_pT4l_genbin11_recobin2 acc 0.043 eff 0.0 outinratio 0.0356 

ZH126_2e2mu_Nj_pT4l_genbin11_recobin2 acc 0.0406 eff 0.0 outinratio 0.0948 

ttH126_2e2mu_Nj_pT4l_genbin11_recobin2 acc 0.1023 eff 0.0 outinratio 0.0 

ggH126_2e2mu_Nj_pT4l_genbin0_recobin3 acc 0.0695 eff 0.0003 outinratio 0.0527 

VBFH126_2e2mu_Nj_pT4l_genbin0_recobin3 acc 0.0034 eff 0.0 outinratio 0.0 

WminusH126_2e2mu_Nj_pT4l_genbin0_recobin3 acc 0.0087 eff -1.0 outinratio 0.0 

WplusH126_2e2mu_Nj_pT4l_genbin0_recobin3 acc 0.0028 eff 0.0 outinratio 0.1171 

ZH126_2e2mu_Nj_pT4l_genbin0_recobin3 acc 0.0027 eff 0.0 outinratio 0.0323 

ttH126_2e2mu_Nj_pT4l_genbin0_recobin3 acc 0.0 eff -1.0 outinratio 0.0 

ggH126_2e2mu_Nj_pT4l_genbin1_recobin3 acc 0.0509 eff 0.0004 outinratio 0.0527 

VBFH126_2e2mu_Nj_pT4l_genbin1_recobin3 acc 0.0041 eff 0.0 outinratio 0.0 

WminusH126_2e2mu_Nj_pT4l_genbin1_recobin3 acc 0.0087 eff -1.0 outinratio 0.0 

WplusH126_2e2mu_Nj_pT4l_genbin1_recobin3 acc 0.0027 eff 0.0 outinratio 0.1171 

ZH126_2e2mu_Nj_pT4l_genbin1_recobin3 acc 0.0042 eff 0.0 outinratio 0.0323 

ttH126_2e2mu_Nj_pT4l_genbin1_recobin3 acc 0.0 eff -1.0 outinratio 0.0 

ggH126_2e2mu_Nj_pT4l_genbin2_recobin3 acc 0.0415 eff 0.0468 outinratio 0.0527 

VBFH126_2e2mu_Nj_pT4l_genbin2_recobin3 acc 0.005 eff 0.0 outinratio 0.0 

WminusH126_2e2mu_Nj_pT4l_genbin2_recobin3 acc 0.0087 eff -1.0 outinratio 0.0 

WplusH126_2e2mu_Nj_pT4l_genbin2_recobin3 acc 0.0033 eff 0.0411 outinratio 0.1171 

ZH126_2e2mu_Nj_pT4l_genbin2_recobin3 acc 0.0039 eff 0.0094 outinratio 0.0323 

ttH126_2e2mu_Nj_pT4l_genbin2_recobin3 acc 0.0 eff -1.0 outinratio 0.0 

ggH126_2e2mu_Nj_pT4l_genbin3_recobin3 acc 0.0394 eff 0.3816 outinratio 0.0527 

VBFH126_2e2mu_Nj_pT4l_genbin3_recobin3 acc 0.0053 eff 0.5206 outinratio 0.0 

WminusH126_2e2mu_Nj_pT4l_genbin3_recobin3 acc 0.0043 eff -1.0 outinratio 0.0 

WplusH126_2e2mu_Nj_pT4l_genbin3_recobin3 acc 0.0055 eff 0.334 outinratio 0.1171 

ZH126_2e2mu_Nj_pT4l_genbin3_recobin3 acc 0.0075 eff 0.3719 outinratio 0.0323 

ttH126_2e2mu_Nj_pT4l_genbin3_recobin3 acc 0.0 eff -1.0 outinratio 0.0 

ggH126_2e2mu_Nj_pT4l_genbin4_recobin3 acc 0.0354 eff 0.0273 outinratio 0.0527 

VBFH126_2e2mu_Nj_pT4l_genbin4_recobin3 acc 0.0084 eff 0.0 outinratio 0.0 

WminusH126_2e2mu_Nj_pT4l_genbin4_recobin3 acc 0.0043 eff -1.0 outinratio 0.0 

WplusH126_2e2mu_Nj_pT4l_genbin4_recobin3 acc 0.0108 eff 0.0092 outinratio 0.1171 

ZH126_2e2mu_Nj_pT4l_genbin4_recobin3 acc 0.01 eff 0.0 outinratio 0.0323 

ttH126_2e2mu_Nj_pT4l_genbin4_recobin3 acc 0.0 eff -1.0 outinratio 0.0 

ggH126_2e2mu_Nj_pT4l_genbin5_recobin3 acc 0.016 eff 0.0 outinratio 0.0527 

VBFH126_2e2mu_Nj_pT4l_genbin5_recobin3 acc 0.01 eff 0.0 outinratio 0.0 

WminusH126_2e2mu_Nj_pT4l_genbin5_recobin3 acc 0.0696 eff 0.0 outinratio 0.0 

WplusH126_2e2mu_Nj_pT4l_genbin5_recobin3 acc 0.0465 eff 0.0 outinratio 0.1171 

ZH126_2e2mu_Nj_pT4l_genbin5_recobin3 acc 0.0452 eff 0.0016 outinratio 0.0323 

ttH126_2e2mu_Nj_pT4l_genbin5_recobin3 acc 0.0 eff -1.0 outinratio 0.0 

ggH126_2e2mu_Nj_pT4l_genbin6_recobin3 acc 0.0319 eff 0.0322 outinratio 0.0527 

VBFH126_2e2mu_Nj_pT4l_genbin6_recobin3 acc 0.034 eff 0.0449 outinratio 0.0 

WminusH126_2e2mu_Nj_pT4l_genbin6_recobin3 acc 0.0174 eff -1.0 outinratio 0.0 

WplusH126_2e2mu_Nj_pT4l_genbin6_recobin3 acc 0.0229 eff 0.0117 outinratio 0.1171 

ZH126_2e2mu_Nj_pT4l_genbin6_recobin3 acc 0.0217 eff 0.0 outinratio 0.0323 

ttH126_2e2mu_Nj_pT4l_genbin6_recobin3 acc 0.0006 eff -1.0 outinratio 0.0 

ggH126_2e2mu_Nj_pT4l_genbin7_recobin3 acc 0.0297 eff 0.0013 outinratio 0.0527 

VBFH126_2e2mu_Nj_pT4l_genbin7_recobin3 acc 0.0424 eff 0.0 outinratio 0.0 

WminusH126_2e2mu_Nj_pT4l_genbin7_recobin3 acc 0.0217 eff -1.0 outinratio 0.0 

WplusH126_2e2mu_Nj_pT4l_genbin7_recobin3 acc 0.0195 eff 0.0 outinratio 0.1171 

ZH126_2e2mu_Nj_pT4l_genbin7_recobin3 acc 0.024 eff 0.0 outinratio 0.0323 

ttH126_2e2mu_Nj_pT4l_genbin7_recobin3 acc 0.002 eff -1.0 outinratio 0.0 

ggH126_2e2mu_Nj_pT4l_genbin8_recobin3 acc 0.0248 eff 0.0 outinratio 0.0527 

VBFH126_2e2mu_Nj_pT4l_genbin8_recobin3 acc 0.0543 eff 0.0 outinratio 0.0 

WminusH126_2e2mu_Nj_pT4l_genbin8_recobin3 acc 0.0261 eff -1.0 outinratio 0.0 

WplusH126_2e2mu_Nj_pT4l_genbin8_recobin3 acc 0.0262 eff 0.0 outinratio 0.1171 

ZH126_2e2mu_Nj_pT4l_genbin8_recobin3 acc 0.0276 eff 0.0 outinratio 0.0323 

ttH126_2e2mu_Nj_pT4l_genbin8_recobin3 acc 0.0012 eff -1.0 outinratio 0.0 

ggH126_2e2mu_Nj_pT4l_genbin9_recobin3 acc 0.0161 eff 0.0 outinratio 0.0527 

VBFH126_2e2mu_Nj_pT4l_genbin9_recobin3 acc 0.0611 eff 0.0 outinratio 0.0 

WminusH126_2e2mu_Nj_pT4l_genbin9_recobin3 acc 0.013 eff -1.0 outinratio 0.0 

WplusH126_2e2mu_Nj_pT4l_genbin9_recobin3 acc 0.0274 eff 0.0 outinratio 0.1171 

ZH126_2e2mu_Nj_pT4l_genbin9_recobin3 acc 0.0329 eff 0.0 outinratio 0.0323 

ttH126_2e2mu_Nj_pT4l_genbin9_recobin3 acc 0.0041 eff 0.0 outinratio 0.0 

ggH126_2e2mu_Nj_pT4l_genbin10_recobin3 acc 0.0329 eff 0.0 outinratio 0.0527 

VBFH126_2e2mu_Nj_pT4l_genbin10_recobin3 acc 0.1803 eff 0.0 outinratio 0.0 

WminusH126_2e2mu_Nj_pT4l_genbin10_recobin3 acc 0.1565 eff 0.0 outinratio 0.0 

WplusH126_2e2mu_Nj_pT4l_genbin10_recobin3 acc 0.0984 eff 0.0003 outinratio 0.1171 

ZH126_2e2mu_Nj_pT4l_genbin10_recobin3 acc 0.1201 eff 0.0003 outinratio 0.0323 

ttH126_2e2mu_Nj_pT4l_genbin10_recobin3 acc 0.2009 eff 0.0 outinratio 0.0 

ggH126_2e2mu_Nj_pT4l_genbin11_recobin3 acc 0.0114 eff 0.0 outinratio 0.0527 

VBFH126_2e2mu_Nj_pT4l_genbin11_recobin3 acc 0.054 eff 0.0 outinratio 0.0 

WminusH126_2e2mu_Nj_pT4l_genbin11_recobin3 acc 0.0435 eff -1.0 outinratio 0.0 

WplusH126_2e2mu_Nj_pT4l_genbin11_recobin3 acc 0.043 eff 0.0 outinratio 0.1171 

ZH126_2e2mu_Nj_pT4l_genbin11_recobin3 acc 0.0406 eff 0.0 outinratio 0.0323 

ttH126_2e2mu_Nj_pT4l_genbin11_recobin3 acc 0.1023 eff 0.0 outinratio 0.0 

ggH126_2e2mu_Nj_pT4l_genbin0_recobin4 acc 0.0695 eff 0.0 outinratio 0.0552 

VBFH126_2e2mu_Nj_pT4l_genbin0_recobin4 acc 0.0034 eff 0.0 outinratio 0.0 

WminusH126_2e2mu_Nj_pT4l_genbin0_recobin4 acc 0.0087 eff -1.0 outinratio 0.0 

WplusH126_2e2mu_Nj_pT4l_genbin0_recobin4 acc 0.0028 eff 0.0 outinratio 0.0497 

ZH126_2e2mu_Nj_pT4l_genbin0_recobin4 acc 0.0027 eff 0.0 outinratio 0.216 

ttH126_2e2mu_Nj_pT4l_genbin0_recobin4 acc 0.0 eff -1.0 outinratio 0.0 

ggH126_2e2mu_Nj_pT4l_genbin1_recobin4 acc 0.0509 eff 0.0 outinratio 0.0552 

VBFH126_2e2mu_Nj_pT4l_genbin1_recobin4 acc 0.0041 eff 0.0 outinratio 0.0 

WminusH126_2e2mu_Nj_pT4l_genbin1_recobin4 acc 0.0087 eff -1.0 outinratio 0.0 

WplusH126_2e2mu_Nj_pT4l_genbin1_recobin4 acc 0.0027 eff 0.0 outinratio 0.0497 

ZH126_2e2mu_Nj_pT4l_genbin1_recobin4 acc 0.0042 eff 0.0 outinratio 0.216 

ttH126_2e2mu_Nj_pT4l_genbin1_recobin4 acc 0.0 eff -1.0 outinratio 0.0 

ggH126_2e2mu_Nj_pT4l_genbin2_recobin4 acc 0.0415 eff 0.0016 outinratio 0.0552 

VBFH126_2e2mu_Nj_pT4l_genbin2_recobin4 acc 0.005 eff 0.0 outinratio 0.0 

WminusH126_2e2mu_Nj_pT4l_genbin2_recobin4 acc 0.0087 eff -1.0 outinratio 0.0 

WplusH126_2e2mu_Nj_pT4l_genbin2_recobin4 acc 0.0033 eff -0.0053 outinratio 0.0497 

ZH126_2e2mu_Nj_pT4l_genbin2_recobin4 acc 0.0039 eff 0.0267 outinratio 0.216 

ttH126_2e2mu_Nj_pT4l_genbin2_recobin4 acc 0.0 eff -1.0 outinratio 0.0 

ggH126_2e2mu_Nj_pT4l_genbin3_recobin4 acc 0.0394 eff 0.0198 outinratio 0.0552 

VBFH126_2e2mu_Nj_pT4l_genbin3_recobin4 acc 0.0053 eff 0.037 outinratio 0.0 

WminusH126_2e2mu_Nj_pT4l_genbin3_recobin4 acc 0.0043 eff -1.0 outinratio 0.0 

WplusH126_2e2mu_Nj_pT4l_genbin3_recobin4 acc 0.0055 eff 0.0247 outinratio 0.0497 

ZH126_2e2mu_Nj_pT4l_genbin3_recobin4 acc 0.0075 eff 0.0 outinratio 0.216 

ttH126_2e2mu_Nj_pT4l_genbin3_recobin4 acc 0.0 eff -1.0 outinratio 0.0 

ggH126_2e2mu_Nj_pT4l_genbin4_recobin4 acc 0.0354 eff 0.374 outinratio 0.0552 

VBFH126_2e2mu_Nj_pT4l_genbin4_recobin4 acc 0.0084 eff 0.3383 outinratio 0.0 

WminusH126_2e2mu_Nj_pT4l_genbin4_recobin4 acc 0.0043 eff -1.0 outinratio 0.0 

WplusH126_2e2mu_Nj_pT4l_genbin4_recobin4 acc 0.0108 eff 0.3541 outinratio 0.0497 

ZH126_2e2mu_Nj_pT4l_genbin4_recobin4 acc 0.01 eff 0.2871 outinratio 0.216 

ttH126_2e2mu_Nj_pT4l_genbin4_recobin4 acc 0.0 eff -1.0 outinratio 0.0 

ggH126_2e2mu_Nj_pT4l_genbin5_recobin4 acc 0.016 eff 0.0233 outinratio 0.0552 

VBFH126_2e2mu_Nj_pT4l_genbin5_recobin4 acc 0.01 eff 0.0 outinratio 0.0 

WminusH126_2e2mu_Nj_pT4l_genbin5_recobin4 acc 0.0696 eff 0.0 outinratio 0.0 

WplusH126_2e2mu_Nj_pT4l_genbin5_recobin4 acc 0.0465 eff 0.0064 outinratio 0.0497 

ZH126_2e2mu_Nj_pT4l_genbin5_recobin4 acc 0.0452 eff 0.0106 outinratio 0.216 

ttH126_2e2mu_Nj_pT4l_genbin5_recobin4 acc 0.0 eff -1.0 outinratio 0.0 

ggH126_2e2mu_Nj_pT4l_genbin6_recobin4 acc 0.0319 eff 0.0798 outinratio 0.0552 

VBFH126_2e2mu_Nj_pT4l_genbin6_recobin4 acc 0.034 eff 0.0106 outinratio 0.0 

WminusH126_2e2mu_Nj_pT4l_genbin6_recobin4 acc 0.0174 eff -1.0 outinratio 0.0 

WplusH126_2e2mu_Nj_pT4l_genbin6_recobin4 acc 0.0229 eff 0.025 outinratio 0.0497 

ZH126_2e2mu_Nj_pT4l_genbin6_recobin4 acc 0.0217 eff 0.0317 outinratio 0.216 

ttH126_2e2mu_Nj_pT4l_genbin6_recobin4 acc 0.0006 eff -1.0 outinratio 0.0 

ggH126_2e2mu_Nj_pT4l_genbin7_recobin4 acc 0.0297 eff 0.0115 outinratio 0.0552 

VBFH126_2e2mu_Nj_pT4l_genbin7_recobin4 acc 0.0424 eff 0.0 outinratio 0.0 

WminusH126_2e2mu_Nj_pT4l_genbin7_recobin4 acc 0.0217 eff -1.0 outinratio 0.0 

WplusH126_2e2mu_Nj_pT4l_genbin7_recobin4 acc 0.0195 eff 0.0015 outinratio 0.0497 

ZH126_2e2mu_Nj_pT4l_genbin7_recobin4 acc 0.024 eff 0.0129 outinratio 0.216 

ttH126_2e2mu_Nj_pT4l_genbin7_recobin4 acc 0.002 eff -1.0 outinratio 0.0 

ggH126_2e2mu_Nj_pT4l_genbin8_recobin4 acc 0.0248 eff 0.0 outinratio 0.0552 

VBFH126_2e2mu_Nj_pT4l_genbin8_recobin4 acc 0.0543 eff 0.0 outinratio 0.0 

WminusH126_2e2mu_Nj_pT4l_genbin8_recobin4 acc 0.0261 eff -1.0 outinratio 0.0 

WplusH126_2e2mu_Nj_pT4l_genbin8_recobin4 acc 0.0262 eff 0.0 outinratio 0.0497 

ZH126_2e2mu_Nj_pT4l_genbin8_recobin4 acc 0.0276 eff 0.0 outinratio 0.216 

ttH126_2e2mu_Nj_pT4l_genbin8_recobin4 acc 0.0012 eff -1.0 outinratio 0.0 

ggH126_2e2mu_Nj_pT4l_genbin9_recobin4 acc 0.0161 eff 0.0 outinratio 0.0552 

VBFH126_2e2mu_Nj_pT4l_genbin9_recobin4 acc 0.0611 eff 0.0 outinratio 0.0 

WminusH126_2e2mu_Nj_pT4l_genbin9_recobin4 acc 0.013 eff -1.0 outinratio 0.0 

WplusH126_2e2mu_Nj_pT4l_genbin9_recobin4 acc 0.0274 eff 0.0 outinratio 0.0497 

ZH126_2e2mu_Nj_pT4l_genbin9_recobin4 acc 0.0329 eff 0.0 outinratio 0.216 

ttH126_2e2mu_Nj_pT4l_genbin9_recobin4 acc 0.0041 eff 0.0 outinratio 0.0 

ggH126_2e2mu_Nj_pT4l_genbin10_recobin4 acc 0.0329 eff 0.0014 outinratio 0.0552 

VBFH126_2e2mu_Nj_pT4l_genbin10_recobin4 acc 0.1803 eff 0.001 outinratio 0.0 

WminusH126_2e2mu_Nj_pT4l_genbin10_recobin4 acc 0.1565 eff 0.0 outinratio 0.0 

WplusH126_2e2mu_Nj_pT4l_genbin10_recobin4 acc 0.0984 eff 0.0009 outinratio 0.0497 

ZH126_2e2mu_Nj_pT4l_genbin10_recobin4 acc 0.1201 eff 0.0007 outinratio 0.216 

ttH126_2e2mu_Nj_pT4l_genbin10_recobin4 acc 0.2009 eff 0.0 outinratio 0.0 

ggH126_2e2mu_Nj_pT4l_genbin11_recobin4 acc 0.0114 eff 0.0 outinratio 0.0552 

VBFH126_2e2mu_Nj_pT4l_genbin11_recobin4 acc 0.054 eff 0.0 outinratio 0.0 

WminusH126_2e2mu_Nj_pT4l_genbin11_recobin4 acc 0.0435 eff -1.0 outinratio 0.0 

WplusH126_2e2mu_Nj_pT4l_genbin11_recobin4 acc 0.043 eff 0.0 outinratio 0.0497 

ZH126_2e2mu_Nj_pT4l_genbin11_recobin4 acc 0.0406 eff 0.0 outinratio 0.216 

ttH126_2e2mu_Nj_pT4l_genbin11_recobin4 acc 0.1023 eff 0.0 outinratio 0.0 

ggH126_2e2mu_Nj_pT4l_genbin0_recobin5 acc 0.0695 eff 0.0 outinratio 0.0438 

VBFH126_2e2mu_Nj_pT4l_genbin0_recobin5 acc 0.0034 eff 0.0 outinratio 0.0298 

WminusH126_2e2mu_Nj_pT4l_genbin0_recobin5 acc 0.0087 eff -1.0 outinratio 0.6792 

WplusH126_2e2mu_Nj_pT4l_genbin0_recobin5 acc 0.0028 eff 0.0 outinratio 0.0653 

ZH126_2e2mu_Nj_pT4l_genbin0_recobin5 acc 0.0027 eff 0.0 outinratio 0.0513 

ttH126_2e2mu_Nj_pT4l_genbin0_recobin5 acc 0.0 eff -1.0 outinratio 0.0 

ggH126_2e2mu_Nj_pT4l_genbin1_recobin5 acc 0.0509 eff 0.0 outinratio 0.0438 

VBFH126_2e2mu_Nj_pT4l_genbin1_recobin5 acc 0.0041 eff 0.0 outinratio 0.0298 

WminusH126_2e2mu_Nj_pT4l_genbin1_recobin5 acc 0.0087 eff -1.0 outinratio 0.6792 

WplusH126_2e2mu_Nj_pT4l_genbin1_recobin5 acc 0.0027 eff 0.0 outinratio 0.0653 

ZH126_2e2mu_Nj_pT4l_genbin1_recobin5 acc 0.0042 eff 0.0 outinratio 0.0513 

ttH126_2e2mu_Nj_pT4l_genbin1_recobin5 acc 0.0 eff -1.0 outinratio 0.0 

ggH126_2e2mu_Nj_pT4l_genbin2_recobin5 acc 0.0415 eff 0.0 outinratio 0.0438 

VBFH126_2e2mu_Nj_pT4l_genbin2_recobin5 acc 0.005 eff 0.0 outinratio 0.0298 

WminusH126_2e2mu_Nj_pT4l_genbin2_recobin5 acc 0.0087 eff -1.0 outinratio 0.6792 

WplusH126_2e2mu_Nj_pT4l_genbin2_recobin5 acc 0.0033 eff 0.0 outinratio 0.0653 

ZH126_2e2mu_Nj_pT4l_genbin2_recobin5 acc 0.0039 eff 0.0 outinratio 0.0513 

ttH126_2e2mu_Nj_pT4l_genbin2_recobin5 acc 0.0 eff -1.0 outinratio 0.0 

ggH126_2e2mu_Nj_pT4l_genbin3_recobin5 acc 0.0394 eff 0.0 outinratio 0.0438 

VBFH126_2e2mu_Nj_pT4l_genbin3_recobin5 acc 0.0053 eff 0.0 outinratio 0.0298 

WminusH126_2e2mu_Nj_pT4l_genbin3_recobin5 acc 0.0043 eff -1.0 outinratio 0.6792 

WplusH126_2e2mu_Nj_pT4l_genbin3_recobin5 acc 0.0055 eff 0.0 outinratio 0.0653 

ZH126_2e2mu_Nj_pT4l_genbin3_recobin5 acc 0.0075 eff 0.0 outinratio 0.0513 

ttH126_2e2mu_Nj_pT4l_genbin3_recobin5 acc 0.0 eff -1.0 outinratio 0.0 

ggH126_2e2mu_Nj_pT4l_genbin4_recobin5 acc 0.0354 eff 0.0091 outinratio 0.0438 

VBFH126_2e2mu_Nj_pT4l_genbin4_recobin5 acc 0.0084 eff 0.0237 outinratio 0.0298 

WminusH126_2e2mu_Nj_pT4l_genbin4_recobin5 acc 0.0043 eff -1.0 outinratio 0.6792 

WplusH126_2e2mu_Nj_pT4l_genbin4_recobin5 acc 0.0108 eff 0.0081 outinratio 0.0653 

ZH126_2e2mu_Nj_pT4l_genbin4_recobin5 acc 0.01 eff 0.0 outinratio 0.0513 

ttH126_2e2mu_Nj_pT4l_genbin4_recobin5 acc 0.0 eff -1.0 outinratio 0.0 

ggH126_2e2mu_Nj_pT4l_genbin5_recobin5 acc 0.016 eff 0.3599 outinratio 0.0438 

VBFH126_2e2mu_Nj_pT4l_genbin5_recobin5 acc 0.01 eff 0.2937 outinratio 0.0298 

WminusH126_2e2mu_Nj_pT4l_genbin5_recobin5 acc 0.0696 eff 0.2448 outinratio 0.6792 

WplusH126_2e2mu_Nj_pT4l_genbin5_recobin5 acc 0.0465 eff 0.3654 outinratio 0.0653 

ZH126_2e2mu_Nj_pT4l_genbin5_recobin5 acc 0.0452 eff 0.428 outinratio 0.0513 

ttH126_2e2mu_Nj_pT4l_genbin5_recobin5 acc 0.0 eff -1.0 outinratio 0.0 

ggH126_2e2mu_Nj_pT4l_genbin6_recobin5 acc 0.0319 eff 0.0 outinratio 0.0438 

VBFH126_2e2mu_Nj_pT4l_genbin6_recobin5 acc 0.034 eff 0.0 outinratio 0.0298 

WminusH126_2e2mu_Nj_pT4l_genbin6_recobin5 acc 0.0174 eff -1.0 outinratio 0.6792 

WplusH126_2e2mu_Nj_pT4l_genbin6_recobin5 acc 0.0229 eff 0.0 outinratio 0.0653 

ZH126_2e2mu_Nj_pT4l_genbin6_recobin5 acc 0.0217 eff 0.0 outinratio 0.0513 

ttH126_2e2mu_Nj_pT4l_genbin6_recobin5 acc 0.0006 eff -1.0 outinratio 0.0 

ggH126_2e2mu_Nj_pT4l_genbin7_recobin5 acc 0.0297 eff 0.0733 outinratio 0.0438 

VBFH126_2e2mu_Nj_pT4l_genbin7_recobin5 acc 0.0424 eff 0.0572 outinratio 0.0298 

WminusH126_2e2mu_Nj_pT4l_genbin7_recobin5 acc 0.0217 eff -1.0 outinratio 0.6792 

WplusH126_2e2mu_Nj_pT4l_genbin7_recobin5 acc 0.0195 eff 0.0402 outinratio 0.0653 

ZH126_2e2mu_Nj_pT4l_genbin7_recobin5 acc 0.024 eff 0.0631 outinratio 0.0513 

ttH126_2e2mu_Nj_pT4l_genbin7_recobin5 acc 0.002 eff -1.0 outinratio 0.0 

ggH126_2e2mu_Nj_pT4l_genbin8_recobin5 acc 0.0248 eff 0.0383 outinratio 0.0438 

VBFH126_2e2mu_Nj_pT4l_genbin8_recobin5 acc 0.0543 eff 0.0154 outinratio 0.0298 

WminusH126_2e2mu_Nj_pT4l_genbin8_recobin5 acc 0.0261 eff -1.0 outinratio 0.6792 

WplusH126_2e2mu_Nj_pT4l_genbin8_recobin5 acc 0.0262 eff 0.0266 outinratio 0.0653 

ZH126_2e2mu_Nj_pT4l_genbin8_recobin5 acc 0.0276 eff 0.0305 outinratio 0.0513 

ttH126_2e2mu_Nj_pT4l_genbin8_recobin5 acc 0.0012 eff -1.0 outinratio 0.0 

ggH126_2e2mu_Nj_pT4l_genbin9_recobin5 acc 0.0161 eff 0.0059 outinratio 0.0438 

VBFH126_2e2mu_Nj_pT4l_genbin9_recobin5 acc 0.0611 eff 0.0036 outinratio 0.0298 

WminusH126_2e2mu_Nj_pT4l_genbin9_recobin5 acc 0.013 eff -1.0 outinratio 0.6792 

WplusH126_2e2mu_Nj_pT4l_genbin9_recobin5 acc 0.0274 eff 0.0186 outinratio 0.0653 

ZH126_2e2mu_Nj_pT4l_genbin9_recobin5 acc 0.0329 eff 0.0138 outinratio 0.0513 

ttH126_2e2mu_Nj_pT4l_genbin9_recobin5 acc 0.0041 eff 0.0 outinratio 0.0 

ggH126_2e2mu_Nj_pT4l_genbin10_recobin5 acc 0.0329 eff 0.0064 outinratio 0.0438 

VBFH126_2e2mu_Nj_pT4l_genbin10_recobin5 acc 0.1803 eff 0.0013 outinratio 0.0298 

WminusH126_2e2mu_Nj_pT4l_genbin10_recobin5 acc 0.1565 eff 0.0 outinratio 0.6792 

WplusH126_2e2mu_Nj_pT4l_genbin10_recobin5 acc 0.0984 eff 0.0039 outinratio 0.0653 

ZH126_2e2mu_Nj_pT4l_genbin10_recobin5 acc 0.1201 eff 0.0007 outinratio 0.0513 

ttH126_2e2mu_Nj_pT4l_genbin10_recobin5 acc 0.2009 eff 0.0 outinratio 0.0 

ggH126_2e2mu_Nj_pT4l_genbin11_recobin5 acc 0.0114 eff 0.0 outinratio 0.0438 

VBFH126_2e2mu_Nj_pT4l_genbin11_recobin5 acc 0.054 eff 0.0 outinratio 0.0298 

WminusH126_2e2mu_Nj_pT4l_genbin11_recobin5 acc 0.0435 eff -1.0 outinratio 0.6792 

WplusH126_2e2mu_Nj_pT4l_genbin11_recobin5 acc 0.043 eff 0.0 outinratio 0.0653 

ZH126_2e2mu_Nj_pT4l_genbin11_recobin5 acc 0.0406 eff 0.0 outinratio 0.0513 

ttH126_2e2mu_Nj_pT4l_genbin11_recobin5 acc 0.1023 eff 0.0 outinratio 0.0 

ggH126_2e2mu_Nj_pT4l_genbin0_recobin6 acc 0.0695 eff 0.0309 outinratio 0.0657 

VBFH126_2e2mu_Nj_pT4l_genbin0_recobin6 acc 0.0034 eff 0.0 outinratio 0.0659 

WminusH126_2e2mu_Nj_pT4l_genbin0_recobin6 acc 0.0087 eff -1.0 outinratio 0.0 

WplusH126_2e2mu_Nj_pT4l_genbin0_recobin6 acc 0.0028 eff 0.087 outinratio 0.0952 

ZH126_2e2mu_Nj_pT4l_genbin0_recobin6 acc 0.0027 eff 0.0 outinratio 0.183 

ttH126_2e2mu_Nj_pT4l_genbin0_recobin6 acc 0.0 eff -1.0 outinratio 0.0 

ggH126_2e2mu_Nj_pT4l_genbin1_recobin6 acc 0.0509 eff 0.0445 outinratio 0.0657 

VBFH126_2e2mu_Nj_pT4l_genbin1_recobin6 acc 0.0041 eff 0.1863 outinratio 0.0659 

WminusH126_2e2mu_Nj_pT4l_genbin1_recobin6 acc 0.0087 eff -1.0 outinratio 0.0 

WplusH126_2e2mu_Nj_pT4l_genbin1_recobin6 acc 0.0027 eff 0.1203 outinratio 0.0952 

ZH126_2e2mu_Nj_pT4l_genbin1_recobin6 acc 0.0042 eff 0.0433 outinratio 0.183 

ttH126_2e2mu_Nj_pT4l_genbin1_recobin6 acc 0.0 eff -1.0 outinratio 0.0 

ggH126_2e2mu_Nj_pT4l_genbin2_recobin6 acc 0.0415 eff 0.0524 outinratio 0.0657 

VBFH126_2e2mu_Nj_pT4l_genbin2_recobin6 acc 0.005 eff 0.0875 outinratio 0.0659 

WminusH126_2e2mu_Nj_pT4l_genbin2_recobin6 acc 0.0087 eff -1.0 outinratio 0.0 

WplusH126_2e2mu_Nj_pT4l_genbin2_recobin6 acc 0.0033 eff 0.096 outinratio 0.0952 

ZH126_2e2mu_Nj_pT4l_genbin2_recobin6 acc 0.0039 eff 0.1651 outinratio 0.183 

ttH126_2e2mu_Nj_pT4l_genbin2_recobin6 acc 0.0 eff -1.0 outinratio 0.0 

ggH126_2e2mu_Nj_pT4l_genbin3_recobin6 acc 0.0394 eff 0.0725 outinratio 0.0657 

VBFH126_2e2mu_Nj_pT4l_genbin3_recobin6 acc 0.0053 eff 0.2186 outinratio 0.0659 

WminusH126_2e2mu_Nj_pT4l_genbin3_recobin6 acc 0.0043 eff -1.0 outinratio 0.0 

WplusH126_2e2mu_Nj_pT4l_genbin3_recobin6 acc 0.0055 eff 0.101 outinratio 0.0952 

ZH126_2e2mu_Nj_pT4l_genbin3_recobin6 acc 0.0075 eff 0.1166 outinratio 0.183 

ttH126_2e2mu_Nj_pT4l_genbin3_recobin6 acc 0.0 eff -1.0 outinratio 0.0 

ggH126_2e2mu_Nj_pT4l_genbin4_recobin6 acc 0.0354 eff 0.0977 outinratio 0.0657 

VBFH126_2e2mu_Nj_pT4l_genbin4_recobin6 acc 0.0084 eff 0.2186 outinratio 0.0659 

WminusH126_2e2mu_Nj_pT4l_genbin4_recobin6 acc 0.0043 eff -1.0 outinratio 0.0 

WplusH126_2e2mu_Nj_pT4l_genbin4_recobin6 acc 0.0108 eff 0.1214 outinratio 0.0952 

ZH126_2e2mu_Nj_pT4l_genbin4_recobin6 acc 0.01 eff 0.1291 outinratio 0.183 

ttH126_2e2mu_Nj_pT4l_genbin4_recobin6 acc 0.0 eff -1.0 outinratio 0.0 

ggH126_2e2mu_Nj_pT4l_genbin5_recobin6 acc 0.016 eff 0.0032 outinratio 0.0657 

VBFH126_2e2mu_Nj_pT4l_genbin5_recobin6 acc 0.01 eff 0.0 outinratio 0.0659 

WminusH126_2e2mu_Nj_pT4l_genbin5_recobin6 acc 0.0696 eff 0.0 outinratio 0.0 

WplusH126_2e2mu_Nj_pT4l_genbin5_recobin6 acc 0.0465 eff 0.0008 outinratio 0.0952 

ZH126_2e2mu_Nj_pT4l_genbin5_recobin6 acc 0.0452 eff 0.0069 outinratio 0.183 

ttH126_2e2mu_Nj_pT4l_genbin5_recobin6 acc 0.0 eff -1.0 outinratio 0.0 

ggH126_2e2mu_Nj_pT4l_genbin6_recobin6 acc 0.0319 eff 0.3171 outinratio 0.0657 

VBFH126_2e2mu_Nj_pT4l_genbin6_recobin6 acc 0.034 eff 0.3227 outinratio 0.0659 

WminusH126_2e2mu_Nj_pT4l_genbin6_recobin6 acc 0.0174 eff -1.0 outinratio 0.0 

WplusH126_2e2mu_Nj_pT4l_genbin6_recobin6 acc 0.0229 eff 0.3205 outinratio 0.0952 

ZH126_2e2mu_Nj_pT4l_genbin6_recobin6 acc 0.0217 eff 0.2393 outinratio 0.183 

ttH126_2e2mu_Nj_pT4l_genbin6_recobin6 acc 0.0006 eff -1.0 outinratio 0.0 

ggH126_2e2mu_Nj_pT4l_genbin7_recobin6 acc 0.0297 eff 0.0137 outinratio 0.0657 

VBFH126_2e2mu_Nj_pT4l_genbin7_recobin6 acc 0.0424 eff 0.0 outinratio 0.0659 

WminusH126_2e2mu_Nj_pT4l_genbin7_recobin6 acc 0.0217 eff -1.0 outinratio 0.0 

WplusH126_2e2mu_Nj_pT4l_genbin7_recobin6 acc 0.0195 eff 0.0169 outinratio 0.0952 

ZH126_2e2mu_Nj_pT4l_genbin7_recobin6 acc 0.024 eff 0.0211 outinratio 0.183 

ttH126_2e2mu_Nj_pT4l_genbin7_recobin6 acc 0.002 eff -1.0 outinratio 0.0 

ggH126_2e2mu_Nj_pT4l_genbin8_recobin6 acc 0.0248 eff 0.0 outinratio 0.0657 

VBFH126_2e2mu_Nj_pT4l_genbin8_recobin6 acc 0.0543 eff 0.0 outinratio 0.0659 

WminusH126_2e2mu_Nj_pT4l_genbin8_recobin6 acc 0.0261 eff -1.0 outinratio 0.0 

WplusH126_2e2mu_Nj_pT4l_genbin8_recobin6 acc 0.0262 eff 0.0 outinratio 0.0952 

ZH126_2e2mu_Nj_pT4l_genbin8_recobin6 acc 0.0276 eff 0.0 outinratio 0.183 

ttH126_2e2mu_Nj_pT4l_genbin8_recobin6 acc 0.0012 eff -1.0 outinratio 0.0 

ggH126_2e2mu_Nj_pT4l_genbin9_recobin6 acc 0.0161 eff 0.0 outinratio 0.0657 

VBFH126_2e2mu_Nj_pT4l_genbin9_recobin6 acc 0.0611 eff 0.0 outinratio 0.0659 

WminusH126_2e2mu_Nj_pT4l_genbin9_recobin6 acc 0.013 eff -1.0 outinratio 0.0 

WplusH126_2e2mu_Nj_pT4l_genbin9_recobin6 acc 0.0274 eff 0.0 outinratio 0.0952 

ZH126_2e2mu_Nj_pT4l_genbin9_recobin6 acc 0.0329 eff 0.0 outinratio 0.183 

ttH126_2e2mu_Nj_pT4l_genbin9_recobin6 acc 0.0041 eff 0.0 outinratio 0.0 

ggH126_2e2mu_Nj_pT4l_genbin10_recobin6 acc 0.0329 eff 0.0081 outinratio 0.0657 

VBFH126_2e2mu_Nj_pT4l_genbin10_recobin6 acc 0.1803 eff 0.0207 outinratio 0.0659 

WminusH126_2e2mu_Nj_pT4l_genbin10_recobin6 acc 0.1565 eff 0.0563 outinratio 0.0 

WplusH126_2e2mu_Nj_pT4l_genbin10_recobin6 acc 0.0984 eff 0.0125 outinratio 0.0952 

ZH126_2e2mu_Nj_pT4l_genbin10_recobin6 acc 0.1201 eff 0.015 outinratio 0.183 

ttH126_2e2mu_Nj_pT4l_genbin10_recobin6 acc 0.2009 eff 0.0013 outinratio 0.0 

ggH126_2e2mu_Nj_pT4l_genbin11_recobin6 acc 0.0114 eff 0.0 outinratio 0.0657 

VBFH126_2e2mu_Nj_pT4l_genbin11_recobin6 acc 0.054 eff 0.0 outinratio 0.0659 

WminusH126_2e2mu_Nj_pT4l_genbin11_recobin6 acc 0.0435 eff -1.0 outinratio 0.0 

WplusH126_2e2mu_Nj_pT4l_genbin11_recobin6 acc 0.043 eff 0.0 outinratio 0.0952 

ZH126_2e2mu_Nj_pT4l_genbin11_recobin6 acc 0.0406 eff 0.0 outinratio 0.183 

ttH126_2e2mu_Nj_pT4l_genbin11_recobin6 acc 0.1023 eff 0.0 outinratio 0.0 

ggH126_2e2mu_Nj_pT4l_genbin0_recobin7 acc 0.0695 eff 0.0 outinratio 0.0512 

VBFH126_2e2mu_Nj_pT4l_genbin0_recobin7 acc 0.0034 eff 0.0 outinratio 0.0156 

WminusH126_2e2mu_Nj_pT4l_genbin0_recobin7 acc 0.0087 eff -1.0 outinratio 0.0 

WplusH126_2e2mu_Nj_pT4l_genbin0_recobin7 acc 0.0028 eff 0.0 outinratio 0.0863 

ZH126_2e2mu_Nj_pT4l_genbin0_recobin7 acc 0.0027 eff 0.0 outinratio 0.1013 

ttH126_2e2mu_Nj_pT4l_genbin0_recobin7 acc 0.0 eff -1.0 outinratio 0.0 

ggH126_2e2mu_Nj_pT4l_genbin1_recobin7 acc 0.0509 eff 0.0 outinratio 0.0512 

VBFH126_2e2mu_Nj_pT4l_genbin1_recobin7 acc 0.0041 eff 0.0 outinratio 0.0156 

WminusH126_2e2mu_Nj_pT4l_genbin1_recobin7 acc 0.0087 eff -1.0 outinratio 0.0 

WplusH126_2e2mu_Nj_pT4l_genbin1_recobin7 acc 0.0027 eff 0.0 outinratio 0.0863 

ZH126_2e2mu_Nj_pT4l_genbin1_recobin7 acc 0.0042 eff 0.0 outinratio 0.1013 

ttH126_2e2mu_Nj_pT4l_genbin1_recobin7 acc 0.0 eff -1.0 outinratio 0.0 

ggH126_2e2mu_Nj_pT4l_genbin2_recobin7 acc 0.0415 eff 0.0 outinratio 0.0512 

VBFH126_2e2mu_Nj_pT4l_genbin2_recobin7 acc 0.005 eff 0.0 outinratio 0.0156 

WminusH126_2e2mu_Nj_pT4l_genbin2_recobin7 acc 0.0087 eff -1.0 outinratio 0.0 

WplusH126_2e2mu_Nj_pT4l_genbin2_recobin7 acc 0.0033 eff 0.0 outinratio 0.0863 

ZH126_2e2mu_Nj_pT4l_genbin2_recobin7 acc 0.0039 eff 0.0 outinratio 0.1013 

ttH126_2e2mu_Nj_pT4l_genbin2_recobin7 acc 0.0 eff -1.0 outinratio 0.0 

ggH126_2e2mu_Nj_pT4l_genbin3_recobin7 acc 0.0394 eff 0.0 outinratio 0.0512 

VBFH126_2e2mu_Nj_pT4l_genbin3_recobin7 acc 0.0053 eff 0.0 outinratio 0.0156 

WminusH126_2e2mu_Nj_pT4l_genbin3_recobin7 acc 0.0043 eff -1.0 outinratio 0.0 

WplusH126_2e2mu_Nj_pT4l_genbin3_recobin7 acc 0.0055 eff 0.0 outinratio 0.0863 

ZH126_2e2mu_Nj_pT4l_genbin3_recobin7 acc 0.0075 eff 0.0 outinratio 0.1013 

ttH126_2e2mu_Nj_pT4l_genbin3_recobin7 acc 0.0 eff -1.0 outinratio 0.0 

ggH126_2e2mu_Nj_pT4l_genbin4_recobin7 acc 0.0354 eff 0.007 outinratio 0.0512 

VBFH126_2e2mu_Nj_pT4l_genbin4_recobin7 acc 0.0084 eff 0.0 outinratio 0.0156 

WminusH126_2e2mu_Nj_pT4l_genbin4_recobin7 acc 0.0043 eff -1.0 outinratio 0.0 

WplusH126_2e2mu_Nj_pT4l_genbin4_recobin7 acc 0.0108 eff 0.0053 outinratio 0.0863 

ZH126_2e2mu_Nj_pT4l_genbin4_recobin7 acc 0.01 eff 0.016 outinratio 0.1013 

ttH126_2e2mu_Nj_pT4l_genbin4_recobin7 acc 0.0 eff -1.0 outinratio 0.0 

ggH126_2e2mu_Nj_pT4l_genbin5_recobin7 acc 0.016 eff 0.0955 outinratio 0.0512 

VBFH126_2e2mu_Nj_pT4l_genbin5_recobin7 acc 0.01 eff 0.0989 outinratio 0.0156 

WminusH126_2e2mu_Nj_pT4l_genbin5_recobin7 acc 0.0696 eff 0.0205 outinratio 0.0 

WplusH126_2e2mu_Nj_pT4l_genbin5_recobin7 acc 0.0465 eff 0.0297 outinratio 0.0863 

ZH126_2e2mu_Nj_pT4l_genbin5_recobin7 acc 0.0452 eff 0.0204 outinratio 0.1013 

ttH126_2e2mu_Nj_pT4l_genbin5_recobin7 acc 0.0 eff -1.0 outinratio 0.0 

ggH126_2e2mu_Nj_pT4l_genbin6_recobin7 acc 0.0319 eff 0.0059 outinratio 0.0512 

VBFH126_2e2mu_Nj_pT4l_genbin6_recobin7 acc 0.034 eff 0.0093 outinratio 0.0156 

WminusH126_2e2mu_Nj_pT4l_genbin6_recobin7 acc 0.0174 eff -1.0 outinratio 0.0 

WplusH126_2e2mu_Nj_pT4l_genbin6_recobin7 acc 0.0229 eff 0.011 outinratio 0.0863 

ZH126_2e2mu_Nj_pT4l_genbin6_recobin7 acc 0.0217 eff 0.0111 outinratio 0.1013 

ttH126_2e2mu_Nj_pT4l_genbin6_recobin7 acc 0.0006 eff -1.0 outinratio 0.0 

ggH126_2e2mu_Nj_pT4l_genbin7_recobin7 acc 0.0297 eff 0.3747 outinratio 0.0512 

VBFH126_2e2mu_Nj_pT4l_genbin7_recobin7 acc 0.0424 eff 0.3562 outinratio 0.0156 

WminusH126_2e2mu_Nj_pT4l_genbin7_recobin7 acc 0.0217 eff -1.0 outinratio 0.0 

WplusH126_2e2mu_Nj_pT4l_genbin7_recobin7 acc 0.0195 eff 0.3293 outinratio 0.0863 

ZH126_2e2mu_Nj_pT4l_genbin7_recobin7 acc 0.024 eff 0.2936 outinratio 0.1013 

ttH126_2e2mu_Nj_pT4l_genbin7_recobin7 acc 0.002 eff -1.0 outinratio 0.0 

ggH126_2e2mu_Nj_pT4l_genbin8_recobin7 acc 0.0248 eff 0.017 outinratio 0.0512 

VBFH126_2e2mu_Nj_pT4l_genbin8_recobin7 acc 0.0543 eff 0.0076 outinratio 0.0156 

WminusH126_2e2mu_Nj_pT4l_genbin8_recobin7 acc 0.0261 eff -1.0 outinratio 0.0 

WplusH126_2e2mu_Nj_pT4l_genbin8_recobin7 acc 0.0262 eff 0.0214 outinratio 0.0863 

ZH126_2e2mu_Nj_pT4l_genbin8_recobin7 acc 0.0276 eff 0.0077 outinratio 0.1013 

ttH126_2e2mu_Nj_pT4l_genbin8_recobin7 acc 0.0012 eff -1.0 outinratio 0.0 

ggH126_2e2mu_Nj_pT4l_genbin9_recobin7 acc 0.0161 eff 0.0 outinratio 0.0512 

VBFH126_2e2mu_Nj_pT4l_genbin9_recobin7 acc 0.0611 eff 0.0 outinratio 0.0156 

WminusH126_2e2mu_Nj_pT4l_genbin9_recobin7 acc 0.013 eff -1.0 outinratio 0.0 

WplusH126_2e2mu_Nj_pT4l_genbin9_recobin7 acc 0.0274 eff 0.0 outinratio 0.0863 

ZH126_2e2mu_Nj_pT4l_genbin9_recobin7 acc 0.0329 eff 0.0 outinratio 0.1013 

ttH126_2e2mu_Nj_pT4l_genbin9_recobin7 acc 0.0041 eff 0.0 outinratio 0.0 

ggH126_2e2mu_Nj_pT4l_genbin10_recobin7 acc 0.0329 eff 0.0166 outinratio 0.0512 

VBFH126_2e2mu_Nj_pT4l_genbin10_recobin7 acc 0.1803 eff 0.0185 outinratio 0.0156 

WminusH126_2e2mu_Nj_pT4l_genbin10_recobin7 acc 0.1565 eff 0.0511 outinratio 0.0 

WplusH126_2e2mu_Nj_pT4l_genbin10_recobin7 acc 0.0984 eff 0.0142 outinratio 0.0863 

ZH126_2e2mu_Nj_pT4l_genbin10_recobin7 acc 0.1201 eff 0.0035 outinratio 0.1013 

ttH126_2e2mu_Nj_pT4l_genbin10_recobin7 acc 0.2009 eff 0.0 outinratio 0.0 

ggH126_2e2mu_Nj_pT4l_genbin11_recobin7 acc 0.0114 eff 0.0 outinratio 0.0512 

VBFH126_2e2mu_Nj_pT4l_genbin11_recobin7 acc 0.054 eff 0.0 outinratio 0.0156 

WminusH126_2e2mu_Nj_pT4l_genbin11_recobin7 acc 0.0435 eff -1.0 outinratio 0.0 

WplusH126_2e2mu_Nj_pT4l_genbin11_recobin7 acc 0.043 eff 0.0 outinratio 0.0863 

ZH126_2e2mu_Nj_pT4l_genbin11_recobin7 acc 0.0406 eff 0.0 outinratio 0.1013 

ttH126_2e2mu_Nj_pT4l_genbin11_recobin7 acc 0.1023 eff 0.0 outinratio 0.0 

ggH126_2e2mu_Nj_pT4l_genbin0_recobin8 acc 0.0695 eff 0.0 outinratio 0.0458 

VBFH126_2e2mu_Nj_pT4l_genbin0_recobin8 acc 0.0034 eff 0.0 outinratio 0.0514 

WminusH126_2e2mu_Nj_pT4l_genbin0_recobin8 acc 0.0087 eff -1.0 outinratio 0.2556 

WplusH126_2e2mu_Nj_pT4l_genbin0_recobin8 acc 0.0028 eff 0.0 outinratio 0.1003 

ZH126_2e2mu_Nj_pT4l_genbin0_recobin8 acc 0.0027 eff 0.0 outinratio 0.0543 

ttH126_2e2mu_Nj_pT4l_genbin0_recobin8 acc 0.0 eff -1.0 outinratio 0.589 

ggH126_2e2mu_Nj_pT4l_genbin1_recobin8 acc 0.0509 eff 0.0 outinratio 0.0458 

VBFH126_2e2mu_Nj_pT4l_genbin1_recobin8 acc 0.0041 eff 0.0 outinratio 0.0514 

WminusH126_2e2mu_Nj_pT4l_genbin1_recobin8 acc 0.0087 eff -1.0 outinratio 0.2556 

WplusH126_2e2mu_Nj_pT4l_genbin1_recobin8 acc 0.0027 eff 0.0 outinratio 0.1003 

ZH126_2e2mu_Nj_pT4l_genbin1_recobin8 acc 0.0042 eff 0.0 outinratio 0.0543 

ttH126_2e2mu_Nj_pT4l_genbin1_recobin8 acc 0.0 eff -1.0 outinratio 0.589 

ggH126_2e2mu_Nj_pT4l_genbin2_recobin8 acc 0.0415 eff 0.0 outinratio 0.0458 

VBFH126_2e2mu_Nj_pT4l_genbin2_recobin8 acc 0.005 eff 0.0 outinratio 0.0514 

WminusH126_2e2mu_Nj_pT4l_genbin2_recobin8 acc 0.0087 eff -1.0 outinratio 0.2556 

WplusH126_2e2mu_Nj_pT4l_genbin2_recobin8 acc 0.0033 eff 0.0 outinratio 0.1003 

ZH126_2e2mu_Nj_pT4l_genbin2_recobin8 acc 0.0039 eff 0.0 outinratio 0.0543 

ttH126_2e2mu_Nj_pT4l_genbin2_recobin8 acc 0.0 eff -1.0 outinratio 0.589 

ggH126_2e2mu_Nj_pT4l_genbin3_recobin8 acc 0.0394 eff 0.0 outinratio 0.0458 

VBFH126_2e2mu_Nj_pT4l_genbin3_recobin8 acc 0.0053 eff 0.0 outinratio 0.0514 

WminusH126_2e2mu_Nj_pT4l_genbin3_recobin8 acc 0.0043 eff -1.0 outinratio 0.2556 

WplusH126_2e2mu_Nj_pT4l_genbin3_recobin8 acc 0.0055 eff 0.0 outinratio 0.1003 

ZH126_2e2mu_Nj_pT4l_genbin3_recobin8 acc 0.0075 eff 0.0 outinratio 0.0543 

ttH126_2e2mu_Nj_pT4l_genbin3_recobin8 acc 0.0 eff -1.0 outinratio 0.589 

ggH126_2e2mu_Nj_pT4l_genbin4_recobin8 acc 0.0354 eff 0.0 outinratio 0.0458 

VBFH126_2e2mu_Nj_pT4l_genbin4_recobin8 acc 0.0084 eff 0.0 outinratio 0.0514 

WminusH126_2e2mu_Nj_pT4l_genbin4_recobin8 acc 0.0043 eff -1.0 outinratio 0.2556 

WplusH126_2e2mu_Nj_pT4l_genbin4_recobin8 acc 0.0108 eff 0.0 outinratio 0.1003 

ZH126_2e2mu_Nj_pT4l_genbin4_recobin8 acc 0.01 eff 0.0 outinratio 0.0543 

ttH126_2e2mu_Nj_pT4l_genbin4_recobin8 acc 0.0 eff -1.0 outinratio 0.589 

ggH126_2e2mu_Nj_pT4l_genbin5_recobin8 acc 0.016 eff 0.0252 outinratio 0.0458 

VBFH126_2e2mu_Nj_pT4l_genbin5_recobin8 acc 0.01 eff 0.0094 outinratio 0.0514 

WminusH126_2e2mu_Nj_pT4l_genbin5_recobin8 acc 0.0696 eff 0.0 outinratio 0.2556 

WplusH126_2e2mu_Nj_pT4l_genbin5_recobin8 acc 0.0465 eff 0.0322 outinratio 0.1003 

ZH126_2e2mu_Nj_pT4l_genbin5_recobin8 acc 0.0452 eff 0.0239 outinratio 0.0543 

ttH126_2e2mu_Nj_pT4l_genbin5_recobin8 acc 0.0 eff -1.0 outinratio 0.589 

ggH126_2e2mu_Nj_pT4l_genbin6_recobin8 acc 0.0319 eff 0.0 outinratio 0.0458 

VBFH126_2e2mu_Nj_pT4l_genbin6_recobin8 acc 0.034 eff 0.0 outinratio 0.0514 

WminusH126_2e2mu_Nj_pT4l_genbin6_recobin8 acc 0.0174 eff -1.0 outinratio 0.2556 

WplusH126_2e2mu_Nj_pT4l_genbin6_recobin8 acc 0.0229 eff 0.0 outinratio 0.1003 

ZH126_2e2mu_Nj_pT4l_genbin6_recobin8 acc 0.0217 eff 0.0 outinratio 0.0543 

ttH126_2e2mu_Nj_pT4l_genbin6_recobin8 acc 0.0006 eff -1.0 outinratio 0.589 

ggH126_2e2mu_Nj_pT4l_genbin7_recobin8 acc 0.0297 eff 0.0131 outinratio 0.0458 

VBFH126_2e2mu_Nj_pT4l_genbin7_recobin8 acc 0.0424 eff 0.0047 outinratio 0.0514 

WminusH126_2e2mu_Nj_pT4l_genbin7_recobin8 acc 0.0217 eff -1.0 outinratio 0.2556 

WplusH126_2e2mu_Nj_pT4l_genbin7_recobin8 acc 0.0195 eff 0.0148 outinratio 0.1003 

ZH126_2e2mu_Nj_pT4l_genbin7_recobin8 acc 0.024 eff 0.0109 outinratio 0.0543 

ttH126_2e2mu_Nj_pT4l_genbin7_recobin8 acc 0.002 eff -1.0 outinratio 0.589 

ggH126_2e2mu_Nj_pT4l_genbin8_recobin8 acc 0.0248 eff 0.4148 outinratio 0.0458 

VBFH126_2e2mu_Nj_pT4l_genbin8_recobin8 acc 0.0543 eff 0.3189 outinratio 0.0514 

WminusH126_2e2mu_Nj_pT4l_genbin8_recobin8 acc 0.0261 eff -1.0 outinratio 0.2556 

WplusH126_2e2mu_Nj_pT4l_genbin8_recobin8 acc 0.0262 eff 0.3267 outinratio 0.1003 

ZH126_2e2mu_Nj_pT4l_genbin8_recobin8 acc 0.0276 eff 0.3799 outinratio 0.0543 

ttH126_2e2mu_Nj_pT4l_genbin8_recobin8 acc 0.0012 eff -1.0 outinratio 0.589 

ggH126_2e2mu_Nj_pT4l_genbin9_recobin8 acc 0.0161 eff 0.0139 outinratio 0.0458 

VBFH126_2e2mu_Nj_pT4l_genbin9_recobin8 acc 0.0611 eff 0.0021 outinratio 0.0514 

WminusH126_2e2mu_Nj_pT4l_genbin9_recobin8 acc 0.013 eff -1.0 outinratio 0.2556 

WplusH126_2e2mu_Nj_pT4l_genbin9_recobin8 acc 0.0274 eff 0.007 outinratio 0.1003 

ZH126_2e2mu_Nj_pT4l_genbin9_recobin8 acc 0.0329 eff 0.0094 outinratio 0.0543 

ttH126_2e2mu_Nj_pT4l_genbin9_recobin8 acc 0.0041 eff 0.0 outinratio 0.589 

ggH126_2e2mu_Nj_pT4l_genbin10_recobin8 acc 0.0329 eff 0.0466 outinratio 0.0458 

VBFH126_2e2mu_Nj_pT4l_genbin10_recobin8 acc 0.1803 eff 0.0214 outinratio 0.0514 

WminusH126_2e2mu_Nj_pT4l_genbin10_recobin8 acc 0.1565 eff 0.0307 outinratio 0.2556 

WplusH126_2e2mu_Nj_pT4l_genbin10_recobin8 acc 0.0984 eff 0.0252 outinratio 0.1003 

ZH126_2e2mu_Nj_pT4l_genbin10_recobin8 acc 0.1201 eff 0.0169 outinratio 0.0543 

ttH126_2e2mu_Nj_pT4l_genbin10_recobin8 acc 0.2009 eff 0.0006 outinratio 0.589 

ggH126_2e2mu_Nj_pT4l_genbin11_recobin8 acc 0.0114 eff 0.0 outinratio 0.0458 

VBFH126_2e2mu_Nj_pT4l_genbin11_recobin8 acc 0.054 eff 0.0 outinratio 0.0514 

WminusH126_2e2mu_Nj_pT4l_genbin11_recobin8 acc 0.0435 eff -1.0 outinratio 0.2556 

WplusH126_2e2mu_Nj_pT4l_genbin11_recobin8 acc 0.043 eff 0.0 outinratio 0.1003 

ZH126_2e2mu_Nj_pT4l_genbin11_recobin8 acc 0.0406 eff 0.0 outinratio 0.0543 

ttH126_2e2mu_Nj_pT4l_genbin11_recobin8 acc 0.1023 eff 0.0 outinratio 0.589 

ggH126_2e2mu_Nj_pT4l_genbin0_recobin9 acc 0.0695 eff 0.0 outinratio 0.0339 

VBFH126_2e2mu_Nj_pT4l_genbin0_recobin9 acc 0.0034 eff 0.0 outinratio 0.0131 

WminusH126_2e2mu_Nj_pT4l_genbin0_recobin9 acc 0.0087 eff -1.0 outinratio 0.0 

WplusH126_2e2mu_Nj_pT4l_genbin0_recobin9 acc 0.0028 eff 0.0 outinratio 0.0503 

ZH126_2e2mu_Nj_pT4l_genbin0_recobin9 acc 0.0027 eff 0.0 outinratio 0.0269 

ttH126_2e2mu_Nj_pT4l_genbin0_recobin9 acc 0.0 eff -1.0 outinratio 0.3561 

ggH126_2e2mu_Nj_pT4l_genbin1_recobin9 acc 0.0509 eff 0.0 outinratio 0.0339 

VBFH126_2e2mu_Nj_pT4l_genbin1_recobin9 acc 0.0041 eff 0.0 outinratio 0.0131 

WminusH126_2e2mu_Nj_pT4l_genbin1_recobin9 acc 0.0087 eff -1.0 outinratio 0.0 

WplusH126_2e2mu_Nj_pT4l_genbin1_recobin9 acc 0.0027 eff 0.0 outinratio 0.0503 

ZH126_2e2mu_Nj_pT4l_genbin1_recobin9 acc 0.0042 eff 0.0 outinratio 0.0269 

ttH126_2e2mu_Nj_pT4l_genbin1_recobin9 acc 0.0 eff -1.0 outinratio 0.3561 

ggH126_2e2mu_Nj_pT4l_genbin2_recobin9 acc 0.0415 eff 0.0 outinratio 0.0339 

VBFH126_2e2mu_Nj_pT4l_genbin2_recobin9 acc 0.005 eff 0.0 outinratio 0.0131 

WminusH126_2e2mu_Nj_pT4l_genbin2_recobin9 acc 0.0087 eff -1.0 outinratio 0.0 

WplusH126_2e2mu_Nj_pT4l_genbin2_recobin9 acc 0.0033 eff 0.0 outinratio 0.0503 

ZH126_2e2mu_Nj_pT4l_genbin2_recobin9 acc 0.0039 eff 0.0 outinratio 0.0269 

ttH126_2e2mu_Nj_pT4l_genbin2_recobin9 acc 0.0 eff -1.0 outinratio 0.3561 

ggH126_2e2mu_Nj_pT4l_genbin3_recobin9 acc 0.0394 eff 0.0 outinratio 0.0339 

VBFH126_2e2mu_Nj_pT4l_genbin3_recobin9 acc 0.0053 eff 0.0 outinratio 0.0131 

WminusH126_2e2mu_Nj_pT4l_genbin3_recobin9 acc 0.0043 eff -1.0 outinratio 0.0 

WplusH126_2e2mu_Nj_pT4l_genbin3_recobin9 acc 0.0055 eff 0.0 outinratio 0.0503 

ZH126_2e2mu_Nj_pT4l_genbin3_recobin9 acc 0.0075 eff 0.0 outinratio 0.0269 

ttH126_2e2mu_Nj_pT4l_genbin3_recobin9 acc 0.0 eff -1.0 outinratio 0.3561 

ggH126_2e2mu_Nj_pT4l_genbin4_recobin9 acc 0.0354 eff 0.0 outinratio 0.0339 

VBFH126_2e2mu_Nj_pT4l_genbin4_recobin9 acc 0.0084 eff 0.0 outinratio 0.0131 

WminusH126_2e2mu_Nj_pT4l_genbin4_recobin9 acc 0.0043 eff -1.0 outinratio 0.0 

WplusH126_2e2mu_Nj_pT4l_genbin4_recobin9 acc 0.0108 eff 0.0 outinratio 0.0503 

ZH126_2e2mu_Nj_pT4l_genbin4_recobin9 acc 0.01 eff 0.0 outinratio 0.0269 

ttH126_2e2mu_Nj_pT4l_genbin4_recobin9 acc 0.0 eff -1.0 outinratio 0.3561 

ggH126_2e2mu_Nj_pT4l_genbin5_recobin9 acc 0.016 eff 0.004 outinratio 0.0339 

VBFH126_2e2mu_Nj_pT4l_genbin5_recobin9 acc 0.01 eff 0.0 outinratio 0.0131 

WminusH126_2e2mu_Nj_pT4l_genbin5_recobin9 acc 0.0696 eff -0.0098 outinratio 0.0 

WplusH126_2e2mu_Nj_pT4l_genbin5_recobin9 acc 0.0465 eff 0.0533 outinratio 0.0503 

ZH126_2e2mu_Nj_pT4l_genbin5_recobin9 acc 0.0452 eff 0.0569 outinratio 0.0269 

ttH126_2e2mu_Nj_pT4l_genbin5_recobin9 acc 0.0 eff -1.0 outinratio 0.3561 

ggH126_2e2mu_Nj_pT4l_genbin6_recobin9 acc 0.0319 eff 0.0 outinratio 0.0339 

VBFH126_2e2mu_Nj_pT4l_genbin6_recobin9 acc 0.034 eff 0.0 outinratio 0.0131 

WminusH126_2e2mu_Nj_pT4l_genbin6_recobin9 acc 0.0174 eff -1.0 outinratio 0.0 

WplusH126_2e2mu_Nj_pT4l_genbin6_recobin9 acc 0.0229 eff 0.0 outinratio 0.0503 

ZH126_2e2mu_Nj_pT4l_genbin6_recobin9 acc 0.0217 eff 0.0 outinratio 0.0269 

ttH126_2e2mu_Nj_pT4l_genbin6_recobin9 acc 0.0006 eff -1.0 outinratio 0.3561 

ggH126_2e2mu_Nj_pT4l_genbin7_recobin9 acc 0.0297 eff 0.0 outinratio 0.0339 

VBFH126_2e2mu_Nj_pT4l_genbin7_recobin9 acc 0.0424 eff 0.0 outinratio 0.0131 

WminusH126_2e2mu_Nj_pT4l_genbin7_recobin9 acc 0.0217 eff -1.0 outinratio 0.0 

WplusH126_2e2mu_Nj_pT4l_genbin7_recobin9 acc 0.0195 eff 0.0 outinratio 0.0503 

ZH126_2e2mu_Nj_pT4l_genbin7_recobin9 acc 0.024 eff 0.0 outinratio 0.0269 

ttH126_2e2mu_Nj_pT4l_genbin7_recobin9 acc 0.002 eff -1.0 outinratio 0.3561 

ggH126_2e2mu_Nj_pT4l_genbin8_recobin9 acc 0.0248 eff 0.0045 outinratio 0.0339 

VBFH126_2e2mu_Nj_pT4l_genbin8_recobin9 acc 0.0543 eff 0.0212 outinratio 0.0131 

WminusH126_2e2mu_Nj_pT4l_genbin8_recobin9 acc 0.0261 eff -1.0 outinratio 0.0 

WplusH126_2e2mu_Nj_pT4l_genbin8_recobin9 acc 0.0262 eff 0.0083 outinratio 0.0503 

ZH126_2e2mu_Nj_pT4l_genbin8_recobin9 acc 0.0276 eff 0.0 outinratio 0.0269 

ttH126_2e2mu_Nj_pT4l_genbin8_recobin9 acc 0.0012 eff -1.0 outinratio 0.3561 

ggH126_2e2mu_Nj_pT4l_genbin9_recobin9 acc 0.0161 eff 0.433 outinratio 0.0339 

VBFH126_2e2mu_Nj_pT4l_genbin9_recobin9 acc 0.0611 eff 0.4273 outinratio 0.0131 

WminusH126_2e2mu_Nj_pT4l_genbin9_recobin9 acc 0.013 eff -1.0 outinratio 0.0 

WplusH126_2e2mu_Nj_pT4l_genbin9_recobin9 acc 0.0274 eff 0.3955 outinratio 0.0503 

ZH126_2e2mu_Nj_pT4l_genbin9_recobin9 acc 0.0329 eff 0.3623 outinratio 0.0269 

ttH126_2e2mu_Nj_pT4l_genbin9_recobin9 acc 0.0041 eff 0.1188 outinratio 0.3561 

ggH126_2e2mu_Nj_pT4l_genbin10_recobin9 acc 0.0329 eff 0.0242 outinratio 0.0339 

VBFH126_2e2mu_Nj_pT4l_genbin10_recobin9 acc 0.1803 eff 0.0259 outinratio 0.0131 

WminusH126_2e2mu_Nj_pT4l_genbin10_recobin9 acc 0.1565 eff 0.0 outinratio 0.0 

WplusH126_2e2mu_Nj_pT4l_genbin10_recobin9 acc 0.0984 eff 0.0183 outinratio 0.0503 

ZH126_2e2mu_Nj_pT4l_genbin10_recobin9 acc 0.1201 eff 0.0155 outinratio 0.0269 

ttH126_2e2mu_Nj_pT4l_genbin10_recobin9 acc 0.2009 eff 0.0009 outinratio 0.3561 

ggH126_2e2mu_Nj_pT4l_genbin11_recobin9 acc 0.0114 eff 0.0273 outinratio 0.0339 

VBFH126_2e2mu_Nj_pT4l_genbin11_recobin9 acc 0.054 eff 0.0868 outinratio 0.0131 

WminusH126_2e2mu_Nj_pT4l_genbin11_recobin9 acc 0.0435 eff -1.0 outinratio 0.0 

WplusH126_2e2mu_Nj_pT4l_genbin11_recobin9 acc 0.043 eff 0.0237 outinratio 0.0503 

ZH126_2e2mu_Nj_pT4l_genbin11_recobin9 acc 0.0406 eff 0.0187 outinratio 0.0269 

ttH126_2e2mu_Nj_pT4l_genbin11_recobin9 acc 0.1023 eff 0.0 outinratio 0.3561 

ggH126_2e2mu_Nj_pT4l_genbin0_recobin10 acc 0.0695 eff 0.0025 outinratio 0.1147 

VBFH126_2e2mu_Nj_pT4l_genbin0_recobin10 acc 0.0034 eff 0.0 outinratio 0.0287 

WminusH126_2e2mu_Nj_pT4l_genbin0_recobin10 acc 0.0087 eff -1.0 outinratio 0.041 

WplusH126_2e2mu_Nj_pT4l_genbin0_recobin10 acc 0.0028 eff 0.016 outinratio 0.0933 

ZH126_2e2mu_Nj_pT4l_genbin0_recobin10 acc 0.0027 eff 0.0782 outinratio 0.1121 

ttH126_2e2mu_Nj_pT4l_genbin0_recobin10 acc 0.0 eff -1.0 outinratio 0.1884 

ggH126_2e2mu_Nj_pT4l_genbin1_recobin10 acc 0.0509 eff 0.0036 outinratio 0.1147 

VBFH126_2e2mu_Nj_pT4l_genbin1_recobin10 acc 0.0041 eff 0.0 outinratio 0.0287 

WminusH126_2e2mu_Nj_pT4l_genbin1_recobin10 acc 0.0087 eff -1.0 outinratio 0.041 

WplusH126_2e2mu_Nj_pT4l_genbin1_recobin10 acc 0.0027 eff 0.0068 outinratio 0.0933 

ZH126_2e2mu_Nj_pT4l_genbin1_recobin10 acc 0.0042 eff 0.0 outinratio 0.1121 

ttH126_2e2mu_Nj_pT4l_genbin1_recobin10 acc 0.0 eff -1.0 outinratio 0.1884 

ggH126_2e2mu_Nj_pT4l_genbin2_recobin10 acc 0.0415 eff 0.0052 outinratio 0.1147 

VBFH126_2e2mu_Nj_pT4l_genbin2_recobin10 acc 0.005 eff 0.0 outinratio 0.0287 

WminusH126_2e2mu_Nj_pT4l_genbin2_recobin10 acc 0.0087 eff -1.0 outinratio 0.041 

WplusH126_2e2mu_Nj_pT4l_genbin2_recobin10 acc 0.0033 eff 0.0184 outinratio 0.0933 

ZH126_2e2mu_Nj_pT4l_genbin2_recobin10 acc 0.0039 eff 0.0472 outinratio 0.1121 

ttH126_2e2mu_Nj_pT4l_genbin2_recobin10 acc 0.0 eff -1.0 outinratio 0.1884 

ggH126_2e2mu_Nj_pT4l_genbin3_recobin10 acc 0.0394 eff 0.0052 outinratio 0.1147 

VBFH126_2e2mu_Nj_pT4l_genbin3_recobin10 acc 0.0053 eff 0.0 outinratio 0.0287 

WminusH126_2e2mu_Nj_pT4l_genbin3_recobin10 acc 0.0043 eff -1.0 outinratio 0.041 

WplusH126_2e2mu_Nj_pT4l_genbin3_recobin10 acc 0.0055 eff 0.0236 outinratio 0.0933 

ZH126_2e2mu_Nj_pT4l_genbin3_recobin10 acc 0.0075 eff 0.044 outinratio 0.1121 

ttH126_2e2mu_Nj_pT4l_genbin3_recobin10 acc 0.0 eff -1.0 outinratio 0.1884 

ggH126_2e2mu_Nj_pT4l_genbin4_recobin10 acc 0.0354 eff 0.0075 outinratio 0.1147 

VBFH126_2e2mu_Nj_pT4l_genbin4_recobin10 acc 0.0084 eff 0.0 outinratio 0.0287 

WminusH126_2e2mu_Nj_pT4l_genbin4_recobin10 acc 0.0043 eff -1.0 outinratio 0.041 

WplusH126_2e2mu_Nj_pT4l_genbin4_recobin10 acc 0.0108 eff 0.0104 outinratio 0.0933 

ZH126_2e2mu_Nj_pT4l_genbin4_recobin10 acc 0.01 eff 0.0322 outinratio 0.1121 

ttH126_2e2mu_Nj_pT4l_genbin4_recobin10 acc 0.0 eff -1.0 outinratio 0.1884 

ggH126_2e2mu_Nj_pT4l_genbin5_recobin10 acc 0.016 eff 0.0335 outinratio 0.1147 

VBFH126_2e2mu_Nj_pT4l_genbin5_recobin10 acc 0.01 eff 0.0 outinratio 0.0287 

WminusH126_2e2mu_Nj_pT4l_genbin5_recobin10 acc 0.0696 eff 0.0 outinratio 0.041 

WplusH126_2e2mu_Nj_pT4l_genbin5_recobin10 acc 0.0465 eff 0.0191 outinratio 0.0933 

ZH126_2e2mu_Nj_pT4l_genbin5_recobin10 acc 0.0452 eff 0.005 outinratio 0.1121 

ttH126_2e2mu_Nj_pT4l_genbin5_recobin10 acc 0.0 eff -1.0 outinratio 0.1884 

ggH126_2e2mu_Nj_pT4l_genbin6_recobin10 acc 0.0319 eff 0.0531 outinratio 0.1147 

VBFH126_2e2mu_Nj_pT4l_genbin6_recobin10 acc 0.034 eff 0.058 outinratio 0.0287 

WminusH126_2e2mu_Nj_pT4l_genbin6_recobin10 acc 0.0174 eff -1.0 outinratio 0.041 

WplusH126_2e2mu_Nj_pT4l_genbin6_recobin10 acc 0.0229 eff 0.1107 outinratio 0.0933 

ZH126_2e2mu_Nj_pT4l_genbin6_recobin10 acc 0.0217 eff 0.1176 outinratio 0.1121 

ttH126_2e2mu_Nj_pT4l_genbin6_recobin10 acc 0.0006 eff -1.0 outinratio 0.1884 

ggH126_2e2mu_Nj_pT4l_genbin7_recobin10 acc 0.0297 eff 0.06 outinratio 0.1147 

VBFH126_2e2mu_Nj_pT4l_genbin7_recobin10 acc 0.0424 eff 0.1 outinratio 0.0287 

WminusH126_2e2mu_Nj_pT4l_genbin7_recobin10 acc 0.0217 eff -1.0 outinratio 0.041 

WplusH126_2e2mu_Nj_pT4l_genbin7_recobin10 acc 0.0195 eff 0.1027 outinratio 0.0933 

ZH126_2e2mu_Nj_pT4l_genbin7_recobin10 acc 0.024 eff 0.1249 outinratio 0.1121 

ttH126_2e2mu_Nj_pT4l_genbin7_recobin10 acc 0.002 eff -1.0 outinratio 0.1884 

ggH126_2e2mu_Nj_pT4l_genbin8_recobin10 acc 0.0248 eff 0.0738 outinratio 0.1147 

VBFH126_2e2mu_Nj_pT4l_genbin8_recobin10 acc 0.0543 eff 0.0809 outinratio 0.0287 

WminusH126_2e2mu_Nj_pT4l_genbin8_recobin10 acc 0.0261 eff -1.0 outinratio 0.041 

WplusH126_2e2mu_Nj_pT4l_genbin8_recobin10 acc 0.0262 eff 0.1249 outinratio 0.0933 

ZH126_2e2mu_Nj_pT4l_genbin8_recobin10 acc 0.0276 eff 0.0819 outinratio 0.1121 

ttH126_2e2mu_Nj_pT4l_genbin8_recobin10 acc 0.0012 eff -1.0 outinratio 0.1884 

ggH126_2e2mu_Nj_pT4l_genbin9_recobin10 acc 0.0161 eff 0.0317 outinratio 0.1147 

VBFH126_2e2mu_Nj_pT4l_genbin9_recobin10 acc 0.0611 eff 0.0931 outinratio 0.0287 

WminusH126_2e2mu_Nj_pT4l_genbin9_recobin10 acc 0.013 eff -1.0 outinratio 0.041 

WplusH126_2e2mu_Nj_pT4l_genbin9_recobin10 acc 0.0274 eff 0.0813 outinratio 0.0933 

ZH126_2e2mu_Nj_pT4l_genbin9_recobin10 acc 0.0329 eff 0.0938 outinratio 0.1121 

ttH126_2e2mu_Nj_pT4l_genbin9_recobin10 acc 0.0041 eff 0.1707 outinratio 0.1884 

ggH126_2e2mu_Nj_pT4l_genbin10_recobin10 acc 0.0329 eff 0.4365 outinratio 0.1147 

VBFH126_2e2mu_Nj_pT4l_genbin10_recobin10 acc 0.1803 eff 0.4259 outinratio 0.0287 

WminusH126_2e2mu_Nj_pT4l_genbin10_recobin10 acc 0.1565 eff 0.438 outinratio 0.041 

WplusH126_2e2mu_Nj_pT4l_genbin10_recobin10 acc 0.0984 eff 0.4411 outinratio 0.0933 

ZH126_2e2mu_Nj_pT4l_genbin10_recobin10 acc 0.1201 eff 0.4689 outinratio 0.1121 

ttH126_2e2mu_Nj_pT4l_genbin10_recobin10 acc 0.2009 eff 0.4714 outinratio 0.1884 

ggH126_2e2mu_Nj_pT4l_genbin11_recobin10 acc 0.0114 eff 0.0097 outinratio 0.1147 

VBFH126_2e2mu_Nj_pT4l_genbin11_recobin10 acc 0.054 eff 0.0257 outinratio 0.0287 

WminusH126_2e2mu_Nj_pT4l_genbin11_recobin10 acc 0.0435 eff -1.0 outinratio 0.041 

WplusH126_2e2mu_Nj_pT4l_genbin11_recobin10 acc 0.043 eff 0.0104 outinratio 0.0933 

ZH126_2e2mu_Nj_pT4l_genbin11_recobin10 acc 0.0406 eff 0.0128 outinratio 0.1121 

ttH126_2e2mu_Nj_pT4l_genbin11_recobin10 acc 0.1023 eff 0.009 outinratio 0.1884 

ggH126_2e2mu_Nj_pT4l_genbin0_recobin11 acc 0.0695 eff 0.0 outinratio 0.0518 

VBFH126_2e2mu_Nj_pT4l_genbin0_recobin11 acc 0.0034 eff 0.0 outinratio 0.0327 

WminusH126_2e2mu_Nj_pT4l_genbin0_recobin11 acc 0.0087 eff -1.0 outinratio 0.0 

WplusH126_2e2mu_Nj_pT4l_genbin0_recobin11 acc 0.0028 eff 0.0 outinratio 0.0517 

ZH126_2e2mu_Nj_pT4l_genbin0_recobin11 acc 0.0027 eff 0.0 outinratio 0.0428 

ttH126_2e2mu_Nj_pT4l_genbin0_recobin11 acc 0.0 eff -1.0 outinratio 0.1546 

ggH126_2e2mu_Nj_pT4l_genbin1_recobin11 acc 0.0509 eff 0.0 outinratio 0.0518 

VBFH126_2e2mu_Nj_pT4l_genbin1_recobin11 acc 0.0041 eff 0.0 outinratio 0.0327 

WminusH126_2e2mu_Nj_pT4l_genbin1_recobin11 acc 0.0087 eff -1.0 outinratio 0.0 

WplusH126_2e2mu_Nj_pT4l_genbin1_recobin11 acc 0.0027 eff 0.0 outinratio 0.0517 

ZH126_2e2mu_Nj_pT4l_genbin1_recobin11 acc 0.0042 eff 0.0 outinratio 0.0428 

ttH126_2e2mu_Nj_pT4l_genbin1_recobin11 acc 0.0 eff -1.0 outinratio 0.1546 

ggH126_2e2mu_Nj_pT4l_genbin2_recobin11 acc 0.0415 eff 0.0 outinratio 0.0518 

VBFH126_2e2mu_Nj_pT4l_genbin2_recobin11 acc 0.005 eff 0.0 outinratio 0.0327 

WminusH126_2e2mu_Nj_pT4l_genbin2_recobin11 acc 0.0087 eff -1.0 outinratio 0.0 

WplusH126_2e2mu_Nj_pT4l_genbin2_recobin11 acc 0.0033 eff 0.0 outinratio 0.0517 

ZH126_2e2mu_Nj_pT4l_genbin2_recobin11 acc 0.0039 eff 0.0 outinratio 0.0428 

ttH126_2e2mu_Nj_pT4l_genbin2_recobin11 acc 0.0 eff -1.0 outinratio 0.1546 

ggH126_2e2mu_Nj_pT4l_genbin3_recobin11 acc 0.0394 eff 0.0 outinratio 0.0518 

VBFH126_2e2mu_Nj_pT4l_genbin3_recobin11 acc 0.0053 eff 0.0 outinratio 0.0327 

WminusH126_2e2mu_Nj_pT4l_genbin3_recobin11 acc 0.0043 eff -1.0 outinratio 0.0 

WplusH126_2e2mu_Nj_pT4l_genbin3_recobin11 acc 0.0055 eff 0.0 outinratio 0.0517 

ZH126_2e2mu_Nj_pT4l_genbin3_recobin11 acc 0.0075 eff 0.0 outinratio 0.0428 

ttH126_2e2mu_Nj_pT4l_genbin3_recobin11 acc 0.0 eff -1.0 outinratio 0.1546 

ggH126_2e2mu_Nj_pT4l_genbin4_recobin11 acc 0.0354 eff 0.0 outinratio 0.0518 

VBFH126_2e2mu_Nj_pT4l_genbin4_recobin11 acc 0.0084 eff 0.0 outinratio 0.0327 

WminusH126_2e2mu_Nj_pT4l_genbin4_recobin11 acc 0.0043 eff -1.0 outinratio 0.0 

WplusH126_2e2mu_Nj_pT4l_genbin4_recobin11 acc 0.0108 eff 0.0 outinratio 0.0517 

ZH126_2e2mu_Nj_pT4l_genbin4_recobin11 acc 0.01 eff 0.0 outinratio 0.0428 

ttH126_2e2mu_Nj_pT4l_genbin4_recobin11 acc 0.0 eff -1.0 outinratio 0.1546 

ggH126_2e2mu_Nj_pT4l_genbin5_recobin11 acc 0.016 eff 0.0 outinratio 0.0518 

VBFH126_2e2mu_Nj_pT4l_genbin5_recobin11 acc 0.01 eff 0.0 outinratio 0.0327 

WminusH126_2e2mu_Nj_pT4l_genbin5_recobin11 acc 0.0696 eff 0.0 outinratio 0.0 

WplusH126_2e2mu_Nj_pT4l_genbin5_recobin11 acc 0.0465 eff 0.0052 outinratio 0.0517 

ZH126_2e2mu_Nj_pT4l_genbin5_recobin11 acc 0.0452 eff -0.0021 outinratio 0.0428 

ttH126_2e2mu_Nj_pT4l_genbin5_recobin11 acc 0.0 eff -1.0 outinratio 0.1546 

ggH126_2e2mu_Nj_pT4l_genbin6_recobin11 acc 0.0319 eff 0.0 outinratio 0.0518 

VBFH126_2e2mu_Nj_pT4l_genbin6_recobin11 acc 0.034 eff 0.0 outinratio 0.0327 

WminusH126_2e2mu_Nj_pT4l_genbin6_recobin11 acc 0.0174 eff -1.0 outinratio 0.0 

WplusH126_2e2mu_Nj_pT4l_genbin6_recobin11 acc 0.0229 eff 0.0 outinratio 0.0517 

ZH126_2e2mu_Nj_pT4l_genbin6_recobin11 acc 0.0217 eff 0.0 outinratio 0.0428 

ttH126_2e2mu_Nj_pT4l_genbin6_recobin11 acc 0.0006 eff -1.0 outinratio 0.1546 

ggH126_2e2mu_Nj_pT4l_genbin7_recobin11 acc 0.0297 eff 0.0 outinratio 0.0518 

VBFH126_2e2mu_Nj_pT4l_genbin7_recobin11 acc 0.0424 eff 0.0 outinratio 0.0327 

WminusH126_2e2mu_Nj_pT4l_genbin7_recobin11 acc 0.0217 eff -1.0 outinratio 0.0 

WplusH126_2e2mu_Nj_pT4l_genbin7_recobin11 acc 0.0195 eff 0.0 outinratio 0.0517 

ZH126_2e2mu_Nj_pT4l_genbin7_recobin11 acc 0.024 eff 0.0 outinratio 0.0428 

ttH126_2e2mu_Nj_pT4l_genbin7_recobin11 acc 0.002 eff -1.0 outinratio 0.1546 

ggH126_2e2mu_Nj_pT4l_genbin8_recobin11 acc 0.0248 eff 0.0 outinratio 0.0518 

VBFH126_2e2mu_Nj_pT4l_genbin8_recobin11 acc 0.0543 eff 0.0 outinratio 0.0327 

WminusH126_2e2mu_Nj_pT4l_genbin8_recobin11 acc 0.0261 eff -1.0 outinratio 0.0 

WplusH126_2e2mu_Nj_pT4l_genbin8_recobin11 acc 0.0262 eff 0.0 outinratio 0.0517 

ZH126_2e2mu_Nj_pT4l_genbin8_recobin11 acc 0.0276 eff 0.0 outinratio 0.0428 

ttH126_2e2mu_Nj_pT4l_genbin8_recobin11 acc 0.0012 eff -1.0 outinratio 0.1546 

ggH126_2e2mu_Nj_pT4l_genbin9_recobin11 acc 0.0161 eff 0.0218 outinratio 0.0518 

VBFH126_2e2mu_Nj_pT4l_genbin9_recobin11 acc 0.0611 eff 0.0587 outinratio 0.0327 

WminusH126_2e2mu_Nj_pT4l_genbin9_recobin11 acc 0.013 eff -1.0 outinratio 0.0 

WplusH126_2e2mu_Nj_pT4l_genbin9_recobin11 acc 0.0274 eff 0.0493 outinratio 0.0517 

ZH126_2e2mu_Nj_pT4l_genbin9_recobin11 acc 0.0329 eff 0.0495 outinratio 0.0428 

ttH126_2e2mu_Nj_pT4l_genbin9_recobin11 acc 0.0041 eff 0.3558 outinratio 0.1546 

ggH126_2e2mu_Nj_pT4l_genbin10_recobin11 acc 0.0329 eff 0.0062 outinratio 0.0518 

VBFH126_2e2mu_Nj_pT4l_genbin10_recobin11 acc 0.1803 eff 0.0048 outinratio 0.0327 

WminusH126_2e2mu_Nj_pT4l_genbin10_recobin11 acc 0.1565 eff 0.0 outinratio 0.0 

WplusH126_2e2mu_Nj_pT4l_genbin10_recobin11 acc 0.0984 eff 0.001 outinratio 0.0517 

ZH126_2e2mu_Nj_pT4l_genbin10_recobin11 acc 0.1201 eff 0.0013 outinratio 0.0428 

ttH126_2e2mu_Nj_pT4l_genbin10_recobin11 acc 0.2009 eff 0.0051 outinratio 0.1546 

ggH126_2e2mu_Nj_pT4l_genbin11_recobin11 acc 0.0114 eff 0.4938 outinratio 0.0518 

VBFH126_2e2mu_Nj_pT4l_genbin11_recobin11 acc 0.054 eff 0.4975 outinratio 0.0327 

WminusH126_2e2mu_Nj_pT4l_genbin11_recobin11 acc 0.0435 eff -1.0 outinratio 0.0 

WplusH126_2e2mu_Nj_pT4l_genbin11_recobin11 acc 0.043 eff 0.5009 outinratio 0.0517 

ZH126_2e2mu_Nj_pT4l_genbin11_recobin11 acc 0.0406 eff 0.5575 outinratio 0.0428 

ttH126_2e2mu_Nj_pT4l_genbin11_recobin11 acc 0.1023 eff 0.5262 outinratio 0.1546 

Coeff fullNNLOPS
