Welcome in RunCoefficients!
OPT SPLIT
DEBUG opt.YEAR = 2022EE_4
It is a single-differential measurement, binning [0.0, 0.12, 0.24, 0.36, 0.5, 0.6, 0.75, 0.9, 1.1, 1.3, 10000.0]
ZZy
Following observables extracted from dictionary: RECO =  ZZy  GEN =  GENrapidity4l
LUMI: 4.4454666666666665
ttH126 0.0001677859
Processing ggH126 2022EE_4
Signal created
Signal failed created
Processing VBFH126 2022EE_4
Signal created
Signal failed created
Processing WminusH126 2022EE_4
Signal created
Signal failed created
Processing WplusH126 2022EE_4
Signal created
Signal failed created
Processing ZH126 2022EE_4
Signal created
Signal failed created
Processing ttH126 2022EE_4
Signal created
Signal failed created
2022EE_4 SKIMMED df CREATED
2022EE_4 ggH126
2022EE_4 VBFH126
2022EE_4 WminusH126
2022EE_4 WplusH126
2022EE_4 ZH126
2022EE_4 ttH126
Dataframes created successfully
Coeff std
ggH126_4l_rapidity4l_genbin0_recobin0 acc 0.0382 eff 0.5336 outinratio 0.0078 

VBFH126_4l_rapidity4l_genbin0_recobin0 acc 0.0408 eff 0.582 outinratio 0.0065 

WminusH126_4l_rapidity4l_genbin0_recobin0 acc 0.0325 eff 0.5066 outinratio 0.0158 

WplusH126_4l_rapidity4l_genbin0_recobin0 acc 0.0262 eff 0.4998 outinratio 0.0163 

ZH126_4l_rapidity4l_genbin0_recobin0 acc 0.0299 eff 0.5309 outinratio 0.0534 

ttH126_4l_rapidity4l_genbin0_recobin0 acc 0.0471 eff 0.4239 outinratio 0.0425 

ggH126_4l_rapidity4l_genbin1_recobin0 acc 0.0379 eff 0.0157 outinratio 0.0078 

VBFH126_4l_rapidity4l_genbin1_recobin0 acc 0.0386 eff 0.0135 outinratio 0.0065 

WminusH126_4l_rapidity4l_genbin1_recobin0 acc 0.0316 eff 0.0116 outinratio 0.0158 

WplusH126_4l_rapidity4l_genbin1_recobin0 acc 0.0274 eff 0.0159 outinratio 0.0163 

ZH126_4l_rapidity4l_genbin1_recobin0 acc 0.0296 eff 0.015 outinratio 0.0534 

ttH126_4l_rapidity4l_genbin1_recobin0 acc 0.0501 eff 0.0107 outinratio 0.0425 

ggH126_4l_rapidity4l_genbin2_recobin0 acc 0.0372 eff 0.0 outinratio 0.0078 

VBFH126_4l_rapidity4l_genbin2_recobin0 acc 0.0418 eff 0.0 outinratio 0.0065 

WminusH126_4l_rapidity4l_genbin2_recobin0 acc 0.0315 eff 0.0 outinratio 0.0158 

WplusH126_4l_rapidity4l_genbin2_recobin0 acc 0.0251 eff 0.0 outinratio 0.0163 

ZH126_4l_rapidity4l_genbin2_recobin0 acc 0.0295 eff 0.0 outinratio 0.0534 

ttH126_4l_rapidity4l_genbin2_recobin0 acc 0.0458 eff 0.0 outinratio 0.0425 

ggH126_4l_rapidity4l_genbin3_recobin0 acc 0.0426 eff 0.0 outinratio 0.0078 

VBFH126_4l_rapidity4l_genbin3_recobin0 acc 0.046 eff 0.0 outinratio 0.0065 

WminusH126_4l_rapidity4l_genbin3_recobin0 acc 0.0372 eff 0.0 outinratio 0.0158 

WplusH126_4l_rapidity4l_genbin3_recobin0 acc 0.031 eff 0.0 outinratio 0.0163 

ZH126_4l_rapidity4l_genbin3_recobin0 acc 0.0351 eff 0.0 outinratio 0.0534 

ttH126_4l_rapidity4l_genbin3_recobin0 acc 0.0512 eff 0.0 outinratio 0.0425 

ggH126_4l_rapidity4l_genbin4_recobin0 acc 0.0297 eff 0.0 outinratio 0.0078 

VBFH126_4l_rapidity4l_genbin4_recobin0 acc 0.0324 eff 0.0 outinratio 0.0065 

WminusH126_4l_rapidity4l_genbin4_recobin0 acc 0.0259 eff 0.0 outinratio 0.0158 

WplusH126_4l_rapidity4l_genbin4_recobin0 acc 0.0231 eff 0.0 outinratio 0.0163 

ZH126_4l_rapidity4l_genbin4_recobin0 acc 0.0243 eff 0.0 outinratio 0.0534 

ttH126_4l_rapidity4l_genbin4_recobin0 acc 0.0394 eff 0.0 outinratio 0.0425 

ggH126_4l_rapidity4l_genbin5_recobin0 acc 0.044 eff 0.0 outinratio 0.0078 

VBFH126_4l_rapidity4l_genbin5_recobin0 acc 0.0441 eff 0.0 outinratio 0.0065 

WminusH126_4l_rapidity4l_genbin5_recobin0 acc 0.0373 eff 0.0 outinratio 0.0158 

WplusH126_4l_rapidity4l_genbin5_recobin0 acc 0.0302 eff 0.0 outinratio 0.0163 

ZH126_4l_rapidity4l_genbin5_recobin0 acc 0.036 eff 0.0 outinratio 0.0534 

ttH126_4l_rapidity4l_genbin5_recobin0 acc 0.0507 eff 0.0 outinratio 0.0425 

ggH126_4l_rapidity4l_genbin6_recobin0 acc 0.0406 eff 0.0 outinratio 0.0078 

VBFH126_4l_rapidity4l_genbin6_recobin0 acc 0.0447 eff 0.0 outinratio 0.0065 

WminusH126_4l_rapidity4l_genbin6_recobin0 acc 0.0359 eff 0.0 outinratio 0.0158 

WplusH126_4l_rapidity4l_genbin6_recobin0 acc 0.0306 eff 0.0 outinratio 0.0163 

ZH126_4l_rapidity4l_genbin6_recobin0 acc 0.0345 eff 0.0 outinratio 0.0534 

ttH126_4l_rapidity4l_genbin6_recobin0 acc 0.0484 eff 0.0 outinratio 0.0425 

ggH126_4l_rapidity4l_genbin7_recobin0 acc 0.0508 eff 0.0 outinratio 0.0078 

VBFH126_4l_rapidity4l_genbin7_recobin0 acc 0.0532 eff 0.0 outinratio 0.0065 

WminusH126_4l_rapidity4l_genbin7_recobin0 acc 0.0452 eff 0.0 outinratio 0.0158 

WplusH126_4l_rapidity4l_genbin7_recobin0 acc 0.0411 eff 0.0 outinratio 0.0163 

ZH126_4l_rapidity4l_genbin7_recobin0 acc 0.0425 eff 0.0 outinratio 0.0534 

ttH126_4l_rapidity4l_genbin7_recobin0 acc 0.0528 eff 0.0 outinratio 0.0425 

ggH126_4l_rapidity4l_genbin8_recobin0 acc 0.0417 eff 0.0 outinratio 0.0078 

VBFH126_4l_rapidity4l_genbin8_recobin0 acc 0.0464 eff 0.0 outinratio 0.0065 

WminusH126_4l_rapidity4l_genbin8_recobin0 acc 0.0408 eff 0.0 outinratio 0.0158 

WplusH126_4l_rapidity4l_genbin8_recobin0 acc 0.0376 eff 0.0 outinratio 0.0163 

ZH126_4l_rapidity4l_genbin8_recobin0 acc 0.0395 eff 0.0 outinratio 0.0534 

ttH126_4l_rapidity4l_genbin8_recobin0 acc 0.0426 eff 0.0 outinratio 0.0425 

ggH126_4l_rapidity4l_genbin9_recobin0 acc 0.0835 eff 0.0 outinratio 0.0078 

VBFH126_4l_rapidity4l_genbin9_recobin0 acc 0.0932 eff 0.0 outinratio 0.0065 

WminusH126_4l_rapidity4l_genbin9_recobin0 acc 0.0902 eff 0.0 outinratio 0.0158 

WplusH126_4l_rapidity4l_genbin9_recobin0 acc 0.0951 eff 0.0 outinratio 0.0163 

ZH126_4l_rapidity4l_genbin9_recobin0 acc 0.093 eff 0.0 outinratio 0.0534 

ttH126_4l_rapidity4l_genbin9_recobin0 acc 0.0689 eff 0.0 outinratio 0.0425 

ggH126_4l_rapidity4l_genbin0_recobin1 acc 0.0382 eff 0.0141 outinratio 0.0073 

VBFH126_4l_rapidity4l_genbin0_recobin1 acc 0.0408 eff 0.0117 outinratio 0.0056 

WminusH126_4l_rapidity4l_genbin0_recobin1 acc 0.0325 eff 0.0119 outinratio 0.0162 

WplusH126_4l_rapidity4l_genbin0_recobin1 acc 0.0262 eff 0.0126 outinratio 0.019 

ZH126_4l_rapidity4l_genbin0_recobin1 acc 0.0299 eff 0.0113 outinratio 0.0606 

ttH126_4l_rapidity4l_genbin0_recobin1 acc 0.0471 eff 0.0186 outinratio 0.0591 

ggH126_4l_rapidity4l_genbin1_recobin1 acc 0.0379 eff 0.5063 outinratio 0.0073 

VBFH126_4l_rapidity4l_genbin1_recobin1 acc 0.0386 eff 0.5664 outinratio 0.0056 

WminusH126_4l_rapidity4l_genbin1_recobin1 acc 0.0316 eff 0.5166 outinratio 0.0162 

WplusH126_4l_rapidity4l_genbin1_recobin1 acc 0.0274 eff 0.4949 outinratio 0.019 

ZH126_4l_rapidity4l_genbin1_recobin1 acc 0.0296 eff 0.5042 outinratio 0.0606 

ttH126_4l_rapidity4l_genbin1_recobin1 acc 0.0501 eff 0.3783 outinratio 0.0591 

ggH126_4l_rapidity4l_genbin2_recobin1 acc 0.0372 eff 0.0166 outinratio 0.0073 

VBFH126_4l_rapidity4l_genbin2_recobin1 acc 0.0418 eff 0.0129 outinratio 0.0056 

WminusH126_4l_rapidity4l_genbin2_recobin1 acc 0.0315 eff 0.0141 outinratio 0.0162 

WplusH126_4l_rapidity4l_genbin2_recobin1 acc 0.0251 eff 0.019 outinratio 0.019 

ZH126_4l_rapidity4l_genbin2_recobin1 acc 0.0295 eff 0.0156 outinratio 0.0606 

ttH126_4l_rapidity4l_genbin2_recobin1 acc 0.0458 eff 0.0064 outinratio 0.0591 

ggH126_4l_rapidity4l_genbin3_recobin1 acc 0.0426 eff 0.0 outinratio 0.0073 

VBFH126_4l_rapidity4l_genbin3_recobin1 acc 0.046 eff 0.0 outinratio 0.0056 

WminusH126_4l_rapidity4l_genbin3_recobin1 acc 0.0372 eff 0.0 outinratio 0.0162 

WplusH126_4l_rapidity4l_genbin3_recobin1 acc 0.031 eff 0.0 outinratio 0.019 

ZH126_4l_rapidity4l_genbin3_recobin1 acc 0.0351 eff 0.0 outinratio 0.0606 

ttH126_4l_rapidity4l_genbin3_recobin1 acc 0.0512 eff 0.0 outinratio 0.0591 

ggH126_4l_rapidity4l_genbin4_recobin1 acc 0.0297 eff 0.0 outinratio 0.0073 

VBFH126_4l_rapidity4l_genbin4_recobin1 acc 0.0324 eff 0.0 outinratio 0.0056 

WminusH126_4l_rapidity4l_genbin4_recobin1 acc 0.0259 eff 0.0 outinratio 0.0162 

WplusH126_4l_rapidity4l_genbin4_recobin1 acc 0.0231 eff 0.0 outinratio 0.019 

ZH126_4l_rapidity4l_genbin4_recobin1 acc 0.0243 eff 0.0 outinratio 0.0606 

ttH126_4l_rapidity4l_genbin4_recobin1 acc 0.0394 eff 0.0 outinratio 0.0591 

ggH126_4l_rapidity4l_genbin5_recobin1 acc 0.044 eff 0.0 outinratio 0.0073 

VBFH126_4l_rapidity4l_genbin5_recobin1 acc 0.0441 eff 0.0 outinratio 0.0056 

WminusH126_4l_rapidity4l_genbin5_recobin1 acc 0.0373 eff 0.0 outinratio 0.0162 

WplusH126_4l_rapidity4l_genbin5_recobin1 acc 0.0302 eff 0.0 outinratio 0.019 

ZH126_4l_rapidity4l_genbin5_recobin1 acc 0.036 eff 0.0 outinratio 0.0606 

ttH126_4l_rapidity4l_genbin5_recobin1 acc 0.0507 eff 0.0 outinratio 0.0591 

ggH126_4l_rapidity4l_genbin6_recobin1 acc 0.0406 eff 0.0 outinratio 0.0073 

VBFH126_4l_rapidity4l_genbin6_recobin1 acc 0.0447 eff 0.0 outinratio 0.0056 

WminusH126_4l_rapidity4l_genbin6_recobin1 acc 0.0359 eff 0.0 outinratio 0.0162 

WplusH126_4l_rapidity4l_genbin6_recobin1 acc 0.0306 eff 0.0 outinratio 0.019 

ZH126_4l_rapidity4l_genbin6_recobin1 acc 0.0345 eff 0.0 outinratio 0.0606 

ttH126_4l_rapidity4l_genbin6_recobin1 acc 0.0484 eff 0.0 outinratio 0.0591 

ggH126_4l_rapidity4l_genbin7_recobin1 acc 0.0508 eff 0.0 outinratio 0.0073 

VBFH126_4l_rapidity4l_genbin7_recobin1 acc 0.0532 eff 0.0 outinratio 0.0056 

WminusH126_4l_rapidity4l_genbin7_recobin1 acc 0.0452 eff 0.0 outinratio 0.0162 

WplusH126_4l_rapidity4l_genbin7_recobin1 acc 0.0411 eff 0.0 outinratio 0.019 

ZH126_4l_rapidity4l_genbin7_recobin1 acc 0.0425 eff 0.0 outinratio 0.0606 

ttH126_4l_rapidity4l_genbin7_recobin1 acc 0.0528 eff 0.0 outinratio 0.0591 

ggH126_4l_rapidity4l_genbin8_recobin1 acc 0.0417 eff 0.0 outinratio 0.0073 

VBFH126_4l_rapidity4l_genbin8_recobin1 acc 0.0464 eff 0.0 outinratio 0.0056 

WminusH126_4l_rapidity4l_genbin8_recobin1 acc 0.0408 eff 0.0 outinratio 0.0162 

WplusH126_4l_rapidity4l_genbin8_recobin1 acc 0.0376 eff 0.0 outinratio 0.019 

ZH126_4l_rapidity4l_genbin8_recobin1 acc 0.0395 eff 0.0 outinratio 0.0606 

ttH126_4l_rapidity4l_genbin8_recobin1 acc 0.0426 eff 0.0 outinratio 0.0591 

ggH126_4l_rapidity4l_genbin9_recobin1 acc 0.0835 eff 0.0 outinratio 0.0073 

VBFH126_4l_rapidity4l_genbin9_recobin1 acc 0.0932 eff 0.0 outinratio 0.0056 

WminusH126_4l_rapidity4l_genbin9_recobin1 acc 0.0902 eff 0.0 outinratio 0.0162 

WplusH126_4l_rapidity4l_genbin9_recobin1 acc 0.0951 eff 0.0 outinratio 0.019 

ZH126_4l_rapidity4l_genbin9_recobin1 acc 0.093 eff 0.0 outinratio 0.0606 

ttH126_4l_rapidity4l_genbin9_recobin1 acc 0.0689 eff 0.0 outinratio 0.0591 

ggH126_4l_rapidity4l_genbin0_recobin2 acc 0.0382 eff 0.0 outinratio 0.0099 

VBFH126_4l_rapidity4l_genbin0_recobin2 acc 0.0408 eff 0.0 outinratio 0.0046 

WminusH126_4l_rapidity4l_genbin0_recobin2 acc 0.0325 eff 0.0 outinratio 0.026 

WplusH126_4l_rapidity4l_genbin0_recobin2 acc 0.0262 eff 0.0 outinratio 0.0171 

ZH126_4l_rapidity4l_genbin0_recobin2 acc 0.0299 eff 0.0 outinratio 0.0496 

ttH126_4l_rapidity4l_genbin0_recobin2 acc 0.0471 eff 0.0 outinratio 0.0465 

ggH126_4l_rapidity4l_genbin1_recobin2 acc 0.0379 eff 0.0161 outinratio 0.0099 

VBFH126_4l_rapidity4l_genbin1_recobin2 acc 0.0386 eff 0.0139 outinratio 0.0046 

WminusH126_4l_rapidity4l_genbin1_recobin2 acc 0.0316 eff 0.0121 outinratio 0.026 

WplusH126_4l_rapidity4l_genbin1_recobin2 acc 0.0274 eff 0.0108 outinratio 0.0171 

ZH126_4l_rapidity4l_genbin1_recobin2 acc 0.0296 eff 0.009 outinratio 0.0496 

ttH126_4l_rapidity4l_genbin1_recobin2 acc 0.0501 eff 0.0114 outinratio 0.0465 

ggH126_4l_rapidity4l_genbin2_recobin2 acc 0.0372 eff 0.5023 outinratio 0.0099 

VBFH126_4l_rapidity4l_genbin2_recobin2 acc 0.0418 eff 0.5657 outinratio 0.0046 

WminusH126_4l_rapidity4l_genbin2_recobin2 acc 0.0315 eff 0.4931 outinratio 0.026 

WplusH126_4l_rapidity4l_genbin2_recobin2 acc 0.0251 eff 0.5442 outinratio 0.0171 

ZH126_4l_rapidity4l_genbin2_recobin2 acc 0.0295 eff 0.5098 outinratio 0.0496 

ttH126_4l_rapidity4l_genbin2_recobin2 acc 0.0458 eff 0.4086 outinratio 0.0465 

ggH126_4l_rapidity4l_genbin3_recobin2 acc 0.0426 eff 0.015 outinratio 0.0099 

VBFH126_4l_rapidity4l_genbin3_recobin2 acc 0.046 eff 0.0103 outinratio 0.0046 

WminusH126_4l_rapidity4l_genbin3_recobin2 acc 0.0372 eff 0.014 outinratio 0.026 

WplusH126_4l_rapidity4l_genbin3_recobin2 acc 0.031 eff 0.0141 outinratio 0.0171 

ZH126_4l_rapidity4l_genbin3_recobin2 acc 0.0351 eff 0.0117 outinratio 0.0496 

ttH126_4l_rapidity4l_genbin3_recobin2 acc 0.0512 eff 0.0079 outinratio 0.0465 

ggH126_4l_rapidity4l_genbin4_recobin2 acc 0.0297 eff 0.0 outinratio 0.0099 

VBFH126_4l_rapidity4l_genbin4_recobin2 acc 0.0324 eff 0.0 outinratio 0.0046 

WminusH126_4l_rapidity4l_genbin4_recobin2 acc 0.0259 eff 0.0 outinratio 0.026 

WplusH126_4l_rapidity4l_genbin4_recobin2 acc 0.0231 eff 0.0 outinratio 0.0171 

ZH126_4l_rapidity4l_genbin4_recobin2 acc 0.0243 eff 0.0008 outinratio 0.0496 

ttH126_4l_rapidity4l_genbin4_recobin2 acc 0.0394 eff 0.0 outinratio 0.0465 

ggH126_4l_rapidity4l_genbin5_recobin2 acc 0.044 eff 0.0 outinratio 0.0099 

VBFH126_4l_rapidity4l_genbin5_recobin2 acc 0.0441 eff 0.0 outinratio 0.0046 

WminusH126_4l_rapidity4l_genbin5_recobin2 acc 0.0373 eff 0.0 outinratio 0.026 

WplusH126_4l_rapidity4l_genbin5_recobin2 acc 0.0302 eff 0.0 outinratio 0.0171 

ZH126_4l_rapidity4l_genbin5_recobin2 acc 0.036 eff 0.0 outinratio 0.0496 

ttH126_4l_rapidity4l_genbin5_recobin2 acc 0.0507 eff 0.0 outinratio 0.0465 

ggH126_4l_rapidity4l_genbin6_recobin2 acc 0.0406 eff 0.0 outinratio 0.0099 

VBFH126_4l_rapidity4l_genbin6_recobin2 acc 0.0447 eff 0.0 outinratio 0.0046 

WminusH126_4l_rapidity4l_genbin6_recobin2 acc 0.0359 eff 0.0 outinratio 0.026 

WplusH126_4l_rapidity4l_genbin6_recobin2 acc 0.0306 eff 0.0 outinratio 0.0171 

ZH126_4l_rapidity4l_genbin6_recobin2 acc 0.0345 eff 0.0 outinratio 0.0496 

ttH126_4l_rapidity4l_genbin6_recobin2 acc 0.0484 eff 0.0 outinratio 0.0465 

ggH126_4l_rapidity4l_genbin7_recobin2 acc 0.0508 eff 0.0 outinratio 0.0099 

VBFH126_4l_rapidity4l_genbin7_recobin2 acc 0.0532 eff 0.0 outinratio 0.0046 

WminusH126_4l_rapidity4l_genbin7_recobin2 acc 0.0452 eff 0.0 outinratio 0.026 

WplusH126_4l_rapidity4l_genbin7_recobin2 acc 0.0411 eff 0.0 outinratio 0.0171 

ZH126_4l_rapidity4l_genbin7_recobin2 acc 0.0425 eff 0.0 outinratio 0.0496 

ttH126_4l_rapidity4l_genbin7_recobin2 acc 0.0528 eff 0.0 outinratio 0.0465 

ggH126_4l_rapidity4l_genbin8_recobin2 acc 0.0417 eff 0.0 outinratio 0.0099 

VBFH126_4l_rapidity4l_genbin8_recobin2 acc 0.0464 eff 0.0 outinratio 0.0046 

WminusH126_4l_rapidity4l_genbin8_recobin2 acc 0.0408 eff 0.0 outinratio 0.026 

WplusH126_4l_rapidity4l_genbin8_recobin2 acc 0.0376 eff 0.0 outinratio 0.0171 

ZH126_4l_rapidity4l_genbin8_recobin2 acc 0.0395 eff 0.0 outinratio 0.0496 

ttH126_4l_rapidity4l_genbin8_recobin2 acc 0.0426 eff 0.0 outinratio 0.0465 

ggH126_4l_rapidity4l_genbin9_recobin2 acc 0.0835 eff 0.0 outinratio 0.0099 

VBFH126_4l_rapidity4l_genbin9_recobin2 acc 0.0932 eff 0.0 outinratio 0.0046 

WminusH126_4l_rapidity4l_genbin9_recobin2 acc 0.0902 eff 0.0 outinratio 0.026 

WplusH126_4l_rapidity4l_genbin9_recobin2 acc 0.0951 eff 0.0 outinratio 0.0171 

ZH126_4l_rapidity4l_genbin9_recobin2 acc 0.093 eff 0.0 outinratio 0.0496 

ttH126_4l_rapidity4l_genbin9_recobin2 acc 0.0689 eff 0.0 outinratio 0.0465 

ggH126_4l_rapidity4l_genbin0_recobin3 acc 0.0382 eff 0.0 outinratio 0.0066 

VBFH126_4l_rapidity4l_genbin0_recobin3 acc 0.0408 eff 0.0 outinratio 0.0041 

WminusH126_4l_rapidity4l_genbin0_recobin3 acc 0.0325 eff 0.0 outinratio 0.0139 

WplusH126_4l_rapidity4l_genbin0_recobin3 acc 0.0262 eff 0.0 outinratio 0.0197 

ZH126_4l_rapidity4l_genbin0_recobin3 acc 0.0299 eff 0.0 outinratio 0.053 

ttH126_4l_rapidity4l_genbin0_recobin3 acc 0.0471 eff 0.0 outinratio 0.0544 

ggH126_4l_rapidity4l_genbin1_recobin3 acc 0.0379 eff 0.0 outinratio 0.0066 

VBFH126_4l_rapidity4l_genbin1_recobin3 acc 0.0386 eff 0.0 outinratio 0.0041 

WminusH126_4l_rapidity4l_genbin1_recobin3 acc 0.0316 eff 0.0 outinratio 0.0139 

WplusH126_4l_rapidity4l_genbin1_recobin3 acc 0.0274 eff 0.0 outinratio 0.0197 

ZH126_4l_rapidity4l_genbin1_recobin3 acc 0.0296 eff 0.0 outinratio 0.053 

ttH126_4l_rapidity4l_genbin1_recobin3 acc 0.0501 eff 0.0 outinratio 0.0544 

ggH126_4l_rapidity4l_genbin2_recobin3 acc 0.0372 eff 0.0105 outinratio 0.0066 

VBFH126_4l_rapidity4l_genbin2_recobin3 acc 0.0418 eff 0.0122 outinratio 0.0041 

WminusH126_4l_rapidity4l_genbin2_recobin3 acc 0.0315 eff 0.0099 outinratio 0.0139 

WplusH126_4l_rapidity4l_genbin2_recobin3 acc 0.0251 eff 0.0115 outinratio 0.0197 

ZH126_4l_rapidity4l_genbin2_recobin3 acc 0.0295 eff 0.012 outinratio 0.053 

ttH126_4l_rapidity4l_genbin2_recobin3 acc 0.0458 eff 0.0043 outinratio 0.0544 

ggH126_4l_rapidity4l_genbin3_recobin3 acc 0.0426 eff 0.519 outinratio 0.0066 

VBFH126_4l_rapidity4l_genbin3_recobin3 acc 0.046 eff 0.5428 outinratio 0.0041 

WminusH126_4l_rapidity4l_genbin3_recobin3 acc 0.0372 eff 0.498 outinratio 0.0139 

WplusH126_4l_rapidity4l_genbin3_recobin3 acc 0.031 eff 0.4918 outinratio 0.0197 

ZH126_4l_rapidity4l_genbin3_recobin3 acc 0.0351 eff 0.4911 outinratio 0.053 

ttH126_4l_rapidity4l_genbin3_recobin3 acc 0.0512 eff 0.4363 outinratio 0.0544 

ggH126_4l_rapidity4l_genbin4_recobin3 acc 0.0297 eff 0.0229 outinratio 0.0066 

VBFH126_4l_rapidity4l_genbin4_recobin3 acc 0.0324 eff 0.0226 outinratio 0.0041 

WminusH126_4l_rapidity4l_genbin4_recobin3 acc 0.0259 eff 0.0176 outinratio 0.0139 

WplusH126_4l_rapidity4l_genbin4_recobin3 acc 0.0231 eff 0.0113 outinratio 0.0197 

ZH126_4l_rapidity4l_genbin4_recobin3 acc 0.0243 eff 0.0221 outinratio 0.053 

ttH126_4l_rapidity4l_genbin4_recobin3 acc 0.0394 eff 0.0102 outinratio 0.0544 

ggH126_4l_rapidity4l_genbin5_recobin3 acc 0.044 eff 0.0 outinratio 0.0066 

VBFH126_4l_rapidity4l_genbin5_recobin3 acc 0.0441 eff 0.0 outinratio 0.0041 

WminusH126_4l_rapidity4l_genbin5_recobin3 acc 0.0373 eff 0.0 outinratio 0.0139 

WplusH126_4l_rapidity4l_genbin5_recobin3 acc 0.0302 eff 0.0 outinratio 0.0197 

ZH126_4l_rapidity4l_genbin5_recobin3 acc 0.036 eff 0.0002 outinratio 0.053 

ttH126_4l_rapidity4l_genbin5_recobin3 acc 0.0507 eff 0.0 outinratio 0.0544 

ggH126_4l_rapidity4l_genbin6_recobin3 acc 0.0406 eff 0.0 outinratio 0.0066 

VBFH126_4l_rapidity4l_genbin6_recobin3 acc 0.0447 eff 0.0 outinratio 0.0041 

WminusH126_4l_rapidity4l_genbin6_recobin3 acc 0.0359 eff 0.0 outinratio 0.0139 

WplusH126_4l_rapidity4l_genbin6_recobin3 acc 0.0306 eff 0.0 outinratio 0.0197 

ZH126_4l_rapidity4l_genbin6_recobin3 acc 0.0345 eff 0.0 outinratio 0.053 

ttH126_4l_rapidity4l_genbin6_recobin3 acc 0.0484 eff 0.0 outinratio 0.0544 

ggH126_4l_rapidity4l_genbin7_recobin3 acc 0.0508 eff 0.0 outinratio 0.0066 

VBFH126_4l_rapidity4l_genbin7_recobin3 acc 0.0532 eff 0.0 outinratio 0.0041 

WminusH126_4l_rapidity4l_genbin7_recobin3 acc 0.0452 eff 0.0 outinratio 0.0139 

WplusH126_4l_rapidity4l_genbin7_recobin3 acc 0.0411 eff 0.0 outinratio 0.0197 

ZH126_4l_rapidity4l_genbin7_recobin3 acc 0.0425 eff 0.0 outinratio 0.053 

ttH126_4l_rapidity4l_genbin7_recobin3 acc 0.0528 eff 0.0 outinratio 0.0544 

ggH126_4l_rapidity4l_genbin8_recobin3 acc 0.0417 eff 0.0 outinratio 0.0066 

VBFH126_4l_rapidity4l_genbin8_recobin3 acc 0.0464 eff 0.0 outinratio 0.0041 

WminusH126_4l_rapidity4l_genbin8_recobin3 acc 0.0408 eff 0.0 outinratio 0.0139 

WplusH126_4l_rapidity4l_genbin8_recobin3 acc 0.0376 eff 0.0 outinratio 0.0197 

ZH126_4l_rapidity4l_genbin8_recobin3 acc 0.0395 eff 0.0 outinratio 0.053 

ttH126_4l_rapidity4l_genbin8_recobin3 acc 0.0426 eff 0.0 outinratio 0.0544 

ggH126_4l_rapidity4l_genbin9_recobin3 acc 0.0835 eff 0.0 outinratio 0.0066 

VBFH126_4l_rapidity4l_genbin9_recobin3 acc 0.0932 eff 0.0 outinratio 0.0041 

WminusH126_4l_rapidity4l_genbin9_recobin3 acc 0.0902 eff 0.0 outinratio 0.0139 

WplusH126_4l_rapidity4l_genbin9_recobin3 acc 0.0951 eff 0.0 outinratio 0.0197 

ZH126_4l_rapidity4l_genbin9_recobin3 acc 0.093 eff 0.0 outinratio 0.053 

ttH126_4l_rapidity4l_genbin9_recobin3 acc 0.0689 eff 0.0 outinratio 0.0544 

ggH126_4l_rapidity4l_genbin0_recobin4 acc 0.0382 eff 0.0 outinratio 0.0059 

VBFH126_4l_rapidity4l_genbin0_recobin4 acc 0.0408 eff 0.0 outinratio 0.0136 

WminusH126_4l_rapidity4l_genbin0_recobin4 acc 0.0325 eff 0.0 outinratio 0.0151 

WplusH126_4l_rapidity4l_genbin0_recobin4 acc 0.0262 eff 0.0 outinratio 0.0236 

ZH126_4l_rapidity4l_genbin0_recobin4 acc 0.0299 eff 0.0 outinratio 0.0655 

ttH126_4l_rapidity4l_genbin0_recobin4 acc 0.0471 eff 0.0 outinratio 0.0393 

ggH126_4l_rapidity4l_genbin1_recobin4 acc 0.0379 eff 0.0 outinratio 0.0059 

VBFH126_4l_rapidity4l_genbin1_recobin4 acc 0.0386 eff 0.0 outinratio 0.0136 

WminusH126_4l_rapidity4l_genbin1_recobin4 acc 0.0316 eff 0.0 outinratio 0.0151 

WplusH126_4l_rapidity4l_genbin1_recobin4 acc 0.0274 eff 0.0 outinratio 0.0236 

ZH126_4l_rapidity4l_genbin1_recobin4 acc 0.0296 eff 0.0 outinratio 0.0655 

ttH126_4l_rapidity4l_genbin1_recobin4 acc 0.0501 eff 0.0 outinratio 0.0393 

ggH126_4l_rapidity4l_genbin2_recobin4 acc 0.0372 eff 0.0 outinratio 0.0059 

VBFH126_4l_rapidity4l_genbin2_recobin4 acc 0.0418 eff 0.0 outinratio 0.0136 

WminusH126_4l_rapidity4l_genbin2_recobin4 acc 0.0315 eff 0.0 outinratio 0.0151 

WplusH126_4l_rapidity4l_genbin2_recobin4 acc 0.0251 eff 0.0 outinratio 0.0236 

ZH126_4l_rapidity4l_genbin2_recobin4 acc 0.0295 eff 0.0 outinratio 0.0655 

ttH126_4l_rapidity4l_genbin2_recobin4 acc 0.0458 eff 0.0 outinratio 0.0393 

ggH126_4l_rapidity4l_genbin3_recobin4 acc 0.0426 eff 0.0104 outinratio 0.0059 

VBFH126_4l_rapidity4l_genbin3_recobin4 acc 0.046 eff 0.0108 outinratio 0.0136 

WminusH126_4l_rapidity4l_genbin3_recobin4 acc 0.0372 eff 0.0105 outinratio 0.0151 

WplusH126_4l_rapidity4l_genbin3_recobin4 acc 0.031 eff 0.0097 outinratio 0.0236 

ZH126_4l_rapidity4l_genbin3_recobin4 acc 0.0351 eff 0.0111 outinratio 0.0655 

ttH126_4l_rapidity4l_genbin3_recobin4 acc 0.0512 eff 0.0039 outinratio 0.0393 

ggH126_4l_rapidity4l_genbin4_recobin4 acc 0.0297 eff 0.4955 outinratio 0.0059 

VBFH126_4l_rapidity4l_genbin4_recobin4 acc 0.0324 eff 0.5433 outinratio 0.0136 

WminusH126_4l_rapidity4l_genbin4_recobin4 acc 0.0259 eff 0.4955 outinratio 0.0151 

WplusH126_4l_rapidity4l_genbin4_recobin4 acc 0.0231 eff 0.474 outinratio 0.0236 

ZH126_4l_rapidity4l_genbin4_recobin4 acc 0.0243 eff 0.4854 outinratio 0.0655 

ttH126_4l_rapidity4l_genbin4_recobin4 acc 0.0394 eff 0.401 outinratio 0.0393 

ggH126_4l_rapidity4l_genbin5_recobin4 acc 0.044 eff 0.0136 outinratio 0.0059 

VBFH126_4l_rapidity4l_genbin5_recobin4 acc 0.0441 eff 0.0203 outinratio 0.0136 

WminusH126_4l_rapidity4l_genbin5_recobin4 acc 0.0373 eff 0.0101 outinratio 0.0151 

WplusH126_4l_rapidity4l_genbin5_recobin4 acc 0.0302 eff 0.0136 outinratio 0.0236 

ZH126_4l_rapidity4l_genbin5_recobin4 acc 0.036 eff 0.012 outinratio 0.0655 

ttH126_4l_rapidity4l_genbin5_recobin4 acc 0.0507 eff 0.0115 outinratio 0.0393 

ggH126_4l_rapidity4l_genbin6_recobin4 acc 0.0406 eff 0.0 outinratio 0.0059 

VBFH126_4l_rapidity4l_genbin6_recobin4 acc 0.0447 eff 0.0 outinratio 0.0136 

WminusH126_4l_rapidity4l_genbin6_recobin4 acc 0.0359 eff 0.0 outinratio 0.0151 

WplusH126_4l_rapidity4l_genbin6_recobin4 acc 0.0306 eff 0.0 outinratio 0.0236 

ZH126_4l_rapidity4l_genbin6_recobin4 acc 0.0345 eff 0.0 outinratio 0.0655 

ttH126_4l_rapidity4l_genbin6_recobin4 acc 0.0484 eff 0.0 outinratio 0.0393 

ggH126_4l_rapidity4l_genbin7_recobin4 acc 0.0508 eff 0.0 outinratio 0.0059 

VBFH126_4l_rapidity4l_genbin7_recobin4 acc 0.0532 eff 0.0 outinratio 0.0136 

WminusH126_4l_rapidity4l_genbin7_recobin4 acc 0.0452 eff 0.0 outinratio 0.0151 

WplusH126_4l_rapidity4l_genbin7_recobin4 acc 0.0411 eff 0.0 outinratio 0.0236 

ZH126_4l_rapidity4l_genbin7_recobin4 acc 0.0425 eff 0.0 outinratio 0.0655 

ttH126_4l_rapidity4l_genbin7_recobin4 acc 0.0528 eff 0.0 outinratio 0.0393 

ggH126_4l_rapidity4l_genbin8_recobin4 acc 0.0417 eff 0.0 outinratio 0.0059 

VBFH126_4l_rapidity4l_genbin8_recobin4 acc 0.0464 eff 0.0 outinratio 0.0136 

WminusH126_4l_rapidity4l_genbin8_recobin4 acc 0.0408 eff 0.0 outinratio 0.0151 

WplusH126_4l_rapidity4l_genbin8_recobin4 acc 0.0376 eff 0.0 outinratio 0.0236 

ZH126_4l_rapidity4l_genbin8_recobin4 acc 0.0395 eff 0.0 outinratio 0.0655 

ttH126_4l_rapidity4l_genbin8_recobin4 acc 0.0426 eff 0.0 outinratio 0.0393 

ggH126_4l_rapidity4l_genbin9_recobin4 acc 0.0835 eff 0.0 outinratio 0.0059 

VBFH126_4l_rapidity4l_genbin9_recobin4 acc 0.0932 eff 0.0 outinratio 0.0136 

WminusH126_4l_rapidity4l_genbin9_recobin4 acc 0.0902 eff 0.0 outinratio 0.0151 

WplusH126_4l_rapidity4l_genbin9_recobin4 acc 0.0951 eff 0.0 outinratio 0.0236 

ZH126_4l_rapidity4l_genbin9_recobin4 acc 0.093 eff 0.0 outinratio 0.0655 

ttH126_4l_rapidity4l_genbin9_recobin4 acc 0.0689 eff 0.0 outinratio 0.0393 

ggH126_4l_rapidity4l_genbin0_recobin5 acc 0.0382 eff 0.0 outinratio 0.0044 

VBFH126_4l_rapidity4l_genbin0_recobin5 acc 0.0408 eff 0.0 outinratio 0.0031 

WminusH126_4l_rapidity4l_genbin0_recobin5 acc 0.0325 eff 0.0 outinratio 0.0225 

WplusH126_4l_rapidity4l_genbin0_recobin5 acc 0.0262 eff 0.0 outinratio 0.0162 

ZH126_4l_rapidity4l_genbin0_recobin5 acc 0.0299 eff 0.0 outinratio 0.0556 

ttH126_4l_rapidity4l_genbin0_recobin5 acc 0.0471 eff 0.0 outinratio 0.0617 

ggH126_4l_rapidity4l_genbin1_recobin5 acc 0.0379 eff 0.0 outinratio 0.0044 

VBFH126_4l_rapidity4l_genbin1_recobin5 acc 0.0386 eff 0.0 outinratio 0.0031 

WminusH126_4l_rapidity4l_genbin1_recobin5 acc 0.0316 eff 0.0 outinratio 0.0225 

WplusH126_4l_rapidity4l_genbin1_recobin5 acc 0.0274 eff 0.0 outinratio 0.0162 

ZH126_4l_rapidity4l_genbin1_recobin5 acc 0.0296 eff 0.0 outinratio 0.0556 

ttH126_4l_rapidity4l_genbin1_recobin5 acc 0.0501 eff 0.0 outinratio 0.0617 

ggH126_4l_rapidity4l_genbin2_recobin5 acc 0.0372 eff 0.0 outinratio 0.0044 

VBFH126_4l_rapidity4l_genbin2_recobin5 acc 0.0418 eff 0.0 outinratio 0.0031 

WminusH126_4l_rapidity4l_genbin2_recobin5 acc 0.0315 eff 0.0 outinratio 0.0225 

WplusH126_4l_rapidity4l_genbin2_recobin5 acc 0.0251 eff 0.0 outinratio 0.0162 

ZH126_4l_rapidity4l_genbin2_recobin5 acc 0.0295 eff 0.0 outinratio 0.0556 

ttH126_4l_rapidity4l_genbin2_recobin5 acc 0.0458 eff 0.0 outinratio 0.0617 

ggH126_4l_rapidity4l_genbin3_recobin5 acc 0.0426 eff 0.0002 outinratio 0.0044 

VBFH126_4l_rapidity4l_genbin3_recobin5 acc 0.046 eff 0.0 outinratio 0.0031 

WminusH126_4l_rapidity4l_genbin3_recobin5 acc 0.0372 eff 0.0 outinratio 0.0225 

WplusH126_4l_rapidity4l_genbin3_recobin5 acc 0.031 eff 0.0 outinratio 0.0162 

ZH126_4l_rapidity4l_genbin3_recobin5 acc 0.0351 eff 0.0 outinratio 0.0556 

ttH126_4l_rapidity4l_genbin3_recobin5 acc 0.0512 eff 0.0 outinratio 0.0617 

ggH126_4l_rapidity4l_genbin4_recobin5 acc 0.0297 eff 0.0157 outinratio 0.0044 

VBFH126_4l_rapidity4l_genbin4_recobin5 acc 0.0324 eff 0.012 outinratio 0.0031 

WminusH126_4l_rapidity4l_genbin4_recobin5 acc 0.0259 eff 0.0163 outinratio 0.0225 

WplusH126_4l_rapidity4l_genbin4_recobin5 acc 0.0231 eff 0.0099 outinratio 0.0162 

ZH126_4l_rapidity4l_genbin4_recobin5 acc 0.0243 eff 0.0178 outinratio 0.0556 

ttH126_4l_rapidity4l_genbin4_recobin5 acc 0.0394 eff 0.0066 outinratio 0.0617 

ggH126_4l_rapidity4l_genbin5_recobin5 acc 0.044 eff 0.5004 outinratio 0.0044 

VBFH126_4l_rapidity4l_genbin5_recobin5 acc 0.0441 eff 0.5543 outinratio 0.0031 

WminusH126_4l_rapidity4l_genbin5_recobin5 acc 0.0373 eff 0.4929 outinratio 0.0225 

WplusH126_4l_rapidity4l_genbin5_recobin5 acc 0.0302 eff 0.4692 outinratio 0.0162 

ZH126_4l_rapidity4l_genbin5_recobin5 acc 0.036 eff 0.4905 outinratio 0.0556 

ttH126_4l_rapidity4l_genbin5_recobin5 acc 0.0507 eff 0.3991 outinratio 0.0617 

ggH126_4l_rapidity4l_genbin6_recobin5 acc 0.0406 eff 0.015 outinratio 0.0044 

VBFH126_4l_rapidity4l_genbin6_recobin5 acc 0.0447 eff 0.012 outinratio 0.0031 

WminusH126_4l_rapidity4l_genbin6_recobin5 acc 0.0359 eff 0.0127 outinratio 0.0225 

WplusH126_4l_rapidity4l_genbin6_recobin5 acc 0.0306 eff 0.0165 outinratio 0.0162 

ZH126_4l_rapidity4l_genbin6_recobin5 acc 0.0345 eff 0.0142 outinratio 0.0556 

ttH126_4l_rapidity4l_genbin6_recobin5 acc 0.0484 eff 0.0029 outinratio 0.0617 

ggH126_4l_rapidity4l_genbin7_recobin5 acc 0.0508 eff 0.0 outinratio 0.0044 

VBFH126_4l_rapidity4l_genbin7_recobin5 acc 0.0532 eff 0.0 outinratio 0.0031 

WminusH126_4l_rapidity4l_genbin7_recobin5 acc 0.0452 eff 0.0 outinratio 0.0225 

WplusH126_4l_rapidity4l_genbin7_recobin5 acc 0.0411 eff 0.0 outinratio 0.0162 

ZH126_4l_rapidity4l_genbin7_recobin5 acc 0.0425 eff 0.0 outinratio 0.0556 

ttH126_4l_rapidity4l_genbin7_recobin5 acc 0.0528 eff 0.0 outinratio 0.0617 

ggH126_4l_rapidity4l_genbin8_recobin5 acc 0.0417 eff 0.0 outinratio 0.0044 

VBFH126_4l_rapidity4l_genbin8_recobin5 acc 0.0464 eff 0.0 outinratio 0.0031 

WminusH126_4l_rapidity4l_genbin8_recobin5 acc 0.0408 eff 0.0 outinratio 0.0225 

WplusH126_4l_rapidity4l_genbin8_recobin5 acc 0.0376 eff 0.0 outinratio 0.0162 

ZH126_4l_rapidity4l_genbin8_recobin5 acc 0.0395 eff 0.0 outinratio 0.0556 

ttH126_4l_rapidity4l_genbin8_recobin5 acc 0.0426 eff 0.0 outinratio 0.0617 

ggH126_4l_rapidity4l_genbin9_recobin5 acc 0.0835 eff 0.0 outinratio 0.0044 

VBFH126_4l_rapidity4l_genbin9_recobin5 acc 0.0932 eff 0.0 outinratio 0.0031 

WminusH126_4l_rapidity4l_genbin9_recobin5 acc 0.0902 eff 0.0 outinratio 0.0225 

WplusH126_4l_rapidity4l_genbin9_recobin5 acc 0.0951 eff 0.0 outinratio 0.0162 

ZH126_4l_rapidity4l_genbin9_recobin5 acc 0.093 eff 0.0 outinratio 0.0556 

ttH126_4l_rapidity4l_genbin9_recobin5 acc 0.0689 eff 0.0 outinratio 0.0617 

ggH126_4l_rapidity4l_genbin0_recobin6 acc 0.0382 eff 0.0 outinratio 0.006 

VBFH126_4l_rapidity4l_genbin0_recobin6 acc 0.0408 eff 0.0 outinratio 0.0037 

WminusH126_4l_rapidity4l_genbin0_recobin6 acc 0.0325 eff 0.0 outinratio 0.0145 

WplusH126_4l_rapidity4l_genbin0_recobin6 acc 0.0262 eff 0.0 outinratio 0.016 

ZH126_4l_rapidity4l_genbin0_recobin6 acc 0.0299 eff 0.0 outinratio 0.0502 

ttH126_4l_rapidity4l_genbin0_recobin6 acc 0.0471 eff 0.0 outinratio 0.02 

ggH126_4l_rapidity4l_genbin1_recobin6 acc 0.0379 eff 0.0 outinratio 0.006 

VBFH126_4l_rapidity4l_genbin1_recobin6 acc 0.0386 eff 0.0 outinratio 0.0037 

WminusH126_4l_rapidity4l_genbin1_recobin6 acc 0.0316 eff 0.0 outinratio 0.0145 

WplusH126_4l_rapidity4l_genbin1_recobin6 acc 0.0274 eff 0.0 outinratio 0.016 

ZH126_4l_rapidity4l_genbin1_recobin6 acc 0.0296 eff 0.0 outinratio 0.0502 

ttH126_4l_rapidity4l_genbin1_recobin6 acc 0.0501 eff 0.0 outinratio 0.02 

ggH126_4l_rapidity4l_genbin2_recobin6 acc 0.0372 eff 0.0 outinratio 0.006 

VBFH126_4l_rapidity4l_genbin2_recobin6 acc 0.0418 eff 0.0 outinratio 0.0037 

WminusH126_4l_rapidity4l_genbin2_recobin6 acc 0.0315 eff 0.0 outinratio 0.0145 

WplusH126_4l_rapidity4l_genbin2_recobin6 acc 0.0251 eff 0.0 outinratio 0.016 

ZH126_4l_rapidity4l_genbin2_recobin6 acc 0.0295 eff 0.0 outinratio 0.0502 

ttH126_4l_rapidity4l_genbin2_recobin6 acc 0.0458 eff 0.0 outinratio 0.02 

ggH126_4l_rapidity4l_genbin3_recobin6 acc 0.0426 eff 0.0 outinratio 0.006 

VBFH126_4l_rapidity4l_genbin3_recobin6 acc 0.046 eff 0.0 outinratio 0.0037 

WminusH126_4l_rapidity4l_genbin3_recobin6 acc 0.0372 eff 0.0 outinratio 0.0145 

WplusH126_4l_rapidity4l_genbin3_recobin6 acc 0.031 eff 0.0 outinratio 0.016 

ZH126_4l_rapidity4l_genbin3_recobin6 acc 0.0351 eff 0.0 outinratio 0.0502 

ttH126_4l_rapidity4l_genbin3_recobin6 acc 0.0512 eff 0.0 outinratio 0.02 

ggH126_4l_rapidity4l_genbin4_recobin6 acc 0.0297 eff 0.0 outinratio 0.006 

VBFH126_4l_rapidity4l_genbin4_recobin6 acc 0.0324 eff 0.0 outinratio 0.0037 

WminusH126_4l_rapidity4l_genbin4_recobin6 acc 0.0259 eff 0.0 outinratio 0.0145 

WplusH126_4l_rapidity4l_genbin4_recobin6 acc 0.0231 eff 0.0 outinratio 0.016 

ZH126_4l_rapidity4l_genbin4_recobin6 acc 0.0243 eff 0.0 outinratio 0.0502 

ttH126_4l_rapidity4l_genbin4_recobin6 acc 0.0394 eff 0.0 outinratio 0.02 

ggH126_4l_rapidity4l_genbin5_recobin6 acc 0.044 eff 0.0115 outinratio 0.006 

VBFH126_4l_rapidity4l_genbin5_recobin6 acc 0.0441 eff 0.0072 outinratio 0.0037 

WminusH126_4l_rapidity4l_genbin5_recobin6 acc 0.0373 eff 0.0106 outinratio 0.0145 

WplusH126_4l_rapidity4l_genbin5_recobin6 acc 0.0302 eff 0.012 outinratio 0.016 

ZH126_4l_rapidity4l_genbin5_recobin6 acc 0.036 eff 0.0105 outinratio 0.0502 

ttH126_4l_rapidity4l_genbin5_recobin6 acc 0.0507 eff 0.0107 outinratio 0.02 

ggH126_4l_rapidity4l_genbin6_recobin6 acc 0.0406 eff 0.4888 outinratio 0.006 

VBFH126_4l_rapidity4l_genbin6_recobin6 acc 0.0447 eff 0.5166 outinratio 0.0037 

WminusH126_4l_rapidity4l_genbin6_recobin6 acc 0.0359 eff 0.4702 outinratio 0.0145 

WplusH126_4l_rapidity4l_genbin6_recobin6 acc 0.0306 eff 0.4837 outinratio 0.016 

ZH126_4l_rapidity4l_genbin6_recobin6 acc 0.0345 eff 0.4656 outinratio 0.0502 

ttH126_4l_rapidity4l_genbin6_recobin6 acc 0.0484 eff 0.3892 outinratio 0.02 

ggH126_4l_rapidity4l_genbin7_recobin6 acc 0.0508 eff 0.0115 outinratio 0.006 

VBFH126_4l_rapidity4l_genbin7_recobin6 acc 0.0532 eff 0.0073 outinratio 0.0037 

WminusH126_4l_rapidity4l_genbin7_recobin6 acc 0.0452 eff 0.011 outinratio 0.0145 

WplusH126_4l_rapidity4l_genbin7_recobin6 acc 0.0411 eff 0.0105 outinratio 0.016 

ZH126_4l_rapidity4l_genbin7_recobin6 acc 0.0425 eff 0.0095 outinratio 0.0502 

ttH126_4l_rapidity4l_genbin7_recobin6 acc 0.0528 eff 0.0023 outinratio 0.02 

ggH126_4l_rapidity4l_genbin8_recobin6 acc 0.0417 eff 0.0 outinratio 0.006 

VBFH126_4l_rapidity4l_genbin8_recobin6 acc 0.0464 eff 0.0 outinratio 0.0037 

WminusH126_4l_rapidity4l_genbin8_recobin6 acc 0.0408 eff 0.0 outinratio 0.0145 

WplusH126_4l_rapidity4l_genbin8_recobin6 acc 0.0376 eff 0.0 outinratio 0.016 

ZH126_4l_rapidity4l_genbin8_recobin6 acc 0.0395 eff 0.0 outinratio 0.0502 

ttH126_4l_rapidity4l_genbin8_recobin6 acc 0.0426 eff 0.0 outinratio 0.02 

ggH126_4l_rapidity4l_genbin9_recobin6 acc 0.0835 eff 0.0 outinratio 0.006 

VBFH126_4l_rapidity4l_genbin9_recobin6 acc 0.0932 eff 0.0 outinratio 0.0037 

WminusH126_4l_rapidity4l_genbin9_recobin6 acc 0.0902 eff 0.0 outinratio 0.0145 

WplusH126_4l_rapidity4l_genbin9_recobin6 acc 0.0951 eff 0.0 outinratio 0.016 

ZH126_4l_rapidity4l_genbin9_recobin6 acc 0.093 eff 0.0 outinratio 0.0502 

ttH126_4l_rapidity4l_genbin9_recobin6 acc 0.0689 eff 0.0 outinratio 0.02 

ggH126_4l_rapidity4l_genbin0_recobin7 acc 0.0382 eff 0.0 outinratio 0.0079 

VBFH126_4l_rapidity4l_genbin0_recobin7 acc 0.0408 eff 0.0 outinratio 0.0085 

WminusH126_4l_rapidity4l_genbin0_recobin7 acc 0.0325 eff 0.0 outinratio 0.0144 

WplusH126_4l_rapidity4l_genbin0_recobin7 acc 0.0262 eff 0.0 outinratio 0.0115 

ZH126_4l_rapidity4l_genbin0_recobin7 acc 0.0299 eff 0.0 outinratio 0.0527 

ttH126_4l_rapidity4l_genbin0_recobin7 acc 0.0471 eff 0.0 outinratio 0.0326 

ggH126_4l_rapidity4l_genbin1_recobin7 acc 0.0379 eff 0.0 outinratio 0.0079 

VBFH126_4l_rapidity4l_genbin1_recobin7 acc 0.0386 eff 0.0 outinratio 0.0085 

WminusH126_4l_rapidity4l_genbin1_recobin7 acc 0.0316 eff 0.0 outinratio 0.0144 

WplusH126_4l_rapidity4l_genbin1_recobin7 acc 0.0274 eff 0.0 outinratio 0.0115 

ZH126_4l_rapidity4l_genbin1_recobin7 acc 0.0296 eff 0.0 outinratio 0.0527 

ttH126_4l_rapidity4l_genbin1_recobin7 acc 0.0501 eff 0.0 outinratio 0.0326 

ggH126_4l_rapidity4l_genbin2_recobin7 acc 0.0372 eff 0.0 outinratio 0.0079 

VBFH126_4l_rapidity4l_genbin2_recobin7 acc 0.0418 eff 0.0 outinratio 0.0085 

WminusH126_4l_rapidity4l_genbin2_recobin7 acc 0.0315 eff 0.0 outinratio 0.0144 

WplusH126_4l_rapidity4l_genbin2_recobin7 acc 0.0251 eff 0.0 outinratio 0.0115 

ZH126_4l_rapidity4l_genbin2_recobin7 acc 0.0295 eff 0.0 outinratio 0.0527 

ttH126_4l_rapidity4l_genbin2_recobin7 acc 0.0458 eff 0.0 outinratio 0.0326 

ggH126_4l_rapidity4l_genbin3_recobin7 acc 0.0426 eff 0.0 outinratio 0.0079 

VBFH126_4l_rapidity4l_genbin3_recobin7 acc 0.046 eff 0.0 outinratio 0.0085 

WminusH126_4l_rapidity4l_genbin3_recobin7 acc 0.0372 eff 0.0 outinratio 0.0144 

WplusH126_4l_rapidity4l_genbin3_recobin7 acc 0.031 eff 0.0 outinratio 0.0115 

ZH126_4l_rapidity4l_genbin3_recobin7 acc 0.0351 eff 0.0 outinratio 0.0527 

ttH126_4l_rapidity4l_genbin3_recobin7 acc 0.0512 eff 0.0 outinratio 0.0326 

ggH126_4l_rapidity4l_genbin4_recobin7 acc 0.0297 eff 0.0 outinratio 0.0079 

VBFH126_4l_rapidity4l_genbin4_recobin7 acc 0.0324 eff 0.0 outinratio 0.0085 

WminusH126_4l_rapidity4l_genbin4_recobin7 acc 0.0259 eff 0.0 outinratio 0.0144 

WplusH126_4l_rapidity4l_genbin4_recobin7 acc 0.0231 eff 0.0 outinratio 0.0115 

ZH126_4l_rapidity4l_genbin4_recobin7 acc 0.0243 eff 0.0 outinratio 0.0527 

ttH126_4l_rapidity4l_genbin4_recobin7 acc 0.0394 eff 0.0 outinratio 0.0326 

ggH126_4l_rapidity4l_genbin5_recobin7 acc 0.044 eff 0.0 outinratio 0.0079 

VBFH126_4l_rapidity4l_genbin5_recobin7 acc 0.0441 eff 0.0 outinratio 0.0085 

WminusH126_4l_rapidity4l_genbin5_recobin7 acc 0.0373 eff 0.0 outinratio 0.0144 

WplusH126_4l_rapidity4l_genbin5_recobin7 acc 0.0302 eff 0.0 outinratio 0.0115 

ZH126_4l_rapidity4l_genbin5_recobin7 acc 0.036 eff 0.0 outinratio 0.0527 

ttH126_4l_rapidity4l_genbin5_recobin7 acc 0.0507 eff 0.0 outinratio 0.0326 

ggH126_4l_rapidity4l_genbin6_recobin7 acc 0.0406 eff 0.0103 outinratio 0.0079 

VBFH126_4l_rapidity4l_genbin6_recobin7 acc 0.0447 eff 0.0086 outinratio 0.0085 

WminusH126_4l_rapidity4l_genbin6_recobin7 acc 0.0359 eff 0.0134 outinratio 0.0144 

WplusH126_4l_rapidity4l_genbin6_recobin7 acc 0.0306 eff 0.0103 outinratio 0.0115 

ZH126_4l_rapidity4l_genbin6_recobin7 acc 0.0345 eff 0.0109 outinratio 0.0527 

ttH126_4l_rapidity4l_genbin6_recobin7 acc 0.0484 eff 0.0036 outinratio 0.0326 

ggH126_4l_rapidity4l_genbin7_recobin7 acc 0.0508 eff 0.4712 outinratio 0.0079 

VBFH126_4l_rapidity4l_genbin7_recobin7 acc 0.0532 eff 0.5217 outinratio 0.0085 

WminusH126_4l_rapidity4l_genbin7_recobin7 acc 0.0452 eff 0.4559 outinratio 0.0144 

WplusH126_4l_rapidity4l_genbin7_recobin7 acc 0.0411 eff 0.4915 outinratio 0.0115 

ZH126_4l_rapidity4l_genbin7_recobin7 acc 0.0425 eff 0.4686 outinratio 0.0527 

ttH126_4l_rapidity4l_genbin7_recobin7 acc 0.0528 eff 0.3599 outinratio 0.0326 

ggH126_4l_rapidity4l_genbin8_recobin7 acc 0.0417 eff 0.0132 outinratio 0.0079 

VBFH126_4l_rapidity4l_genbin8_recobin7 acc 0.0464 eff 0.0076 outinratio 0.0085 

WminusH126_4l_rapidity4l_genbin8_recobin7 acc 0.0408 eff 0.0081 outinratio 0.0144 

WplusH126_4l_rapidity4l_genbin8_recobin7 acc 0.0376 eff 0.0129 outinratio 0.0115 

ZH126_4l_rapidity4l_genbin8_recobin7 acc 0.0395 eff 0.0099 outinratio 0.0527 

ttH126_4l_rapidity4l_genbin8_recobin7 acc 0.0426 eff 0.0064 outinratio 0.0326 

ggH126_4l_rapidity4l_genbin9_recobin7 acc 0.0835 eff 0.0 outinratio 0.0079 

VBFH126_4l_rapidity4l_genbin9_recobin7 acc 0.0932 eff 0.0 outinratio 0.0085 

WminusH126_4l_rapidity4l_genbin9_recobin7 acc 0.0902 eff 0.0 outinratio 0.0144 

WplusH126_4l_rapidity4l_genbin9_recobin7 acc 0.0951 eff 0.0 outinratio 0.0115 

ZH126_4l_rapidity4l_genbin9_recobin7 acc 0.093 eff 0.0 outinratio 0.0527 

ttH126_4l_rapidity4l_genbin9_recobin7 acc 0.0689 eff 0.0 outinratio 0.0326 

ggH126_4l_rapidity4l_genbin0_recobin8 acc 0.0382 eff 0.0 outinratio 0.0076 

VBFH126_4l_rapidity4l_genbin0_recobin8 acc 0.0408 eff 0.0 outinratio 0.0032 

WminusH126_4l_rapidity4l_genbin0_recobin8 acc 0.0325 eff 0.0 outinratio 0.0196 

WplusH126_4l_rapidity4l_genbin0_recobin8 acc 0.0262 eff 0.0 outinratio 0.0168 

ZH126_4l_rapidity4l_genbin0_recobin8 acc 0.0299 eff 0.0 outinratio 0.0461 

ttH126_4l_rapidity4l_genbin0_recobin8 acc 0.0471 eff 0.0 outinratio 0.0471 

ggH126_4l_rapidity4l_genbin1_recobin8 acc 0.0379 eff 0.0 outinratio 0.0076 

VBFH126_4l_rapidity4l_genbin1_recobin8 acc 0.0386 eff 0.0 outinratio 0.0032 

WminusH126_4l_rapidity4l_genbin1_recobin8 acc 0.0316 eff 0.0 outinratio 0.0196 

WplusH126_4l_rapidity4l_genbin1_recobin8 acc 0.0274 eff 0.0 outinratio 0.0168 

ZH126_4l_rapidity4l_genbin1_recobin8 acc 0.0296 eff 0.0 outinratio 0.0461 

ttH126_4l_rapidity4l_genbin1_recobin8 acc 0.0501 eff 0.0 outinratio 0.0471 

ggH126_4l_rapidity4l_genbin2_recobin8 acc 0.0372 eff 0.0 outinratio 0.0076 

VBFH126_4l_rapidity4l_genbin2_recobin8 acc 0.0418 eff 0.0 outinratio 0.0032 

WminusH126_4l_rapidity4l_genbin2_recobin8 acc 0.0315 eff 0.0 outinratio 0.0196 

WplusH126_4l_rapidity4l_genbin2_recobin8 acc 0.0251 eff 0.0 outinratio 0.0168 

ZH126_4l_rapidity4l_genbin2_recobin8 acc 0.0295 eff 0.0 outinratio 0.0461 

ttH126_4l_rapidity4l_genbin2_recobin8 acc 0.0458 eff 0.0 outinratio 0.0471 

ggH126_4l_rapidity4l_genbin3_recobin8 acc 0.0426 eff 0.0 outinratio 0.0076 

VBFH126_4l_rapidity4l_genbin3_recobin8 acc 0.046 eff 0.0 outinratio 0.0032 

WminusH126_4l_rapidity4l_genbin3_recobin8 acc 0.0372 eff 0.0 outinratio 0.0196 

WplusH126_4l_rapidity4l_genbin3_recobin8 acc 0.031 eff 0.0 outinratio 0.0168 

ZH126_4l_rapidity4l_genbin3_recobin8 acc 0.0351 eff 0.0 outinratio 0.0461 

ttH126_4l_rapidity4l_genbin3_recobin8 acc 0.0512 eff 0.0 outinratio 0.0471 

ggH126_4l_rapidity4l_genbin4_recobin8 acc 0.0297 eff 0.0 outinratio 0.0076 

VBFH126_4l_rapidity4l_genbin4_recobin8 acc 0.0324 eff 0.0 outinratio 0.0032 

WminusH126_4l_rapidity4l_genbin4_recobin8 acc 0.0259 eff 0.0 outinratio 0.0196 

WplusH126_4l_rapidity4l_genbin4_recobin8 acc 0.0231 eff 0.0 outinratio 0.0168 

ZH126_4l_rapidity4l_genbin4_recobin8 acc 0.0243 eff 0.0 outinratio 0.0461 

ttH126_4l_rapidity4l_genbin4_recobin8 acc 0.0394 eff 0.0 outinratio 0.0471 

ggH126_4l_rapidity4l_genbin5_recobin8 acc 0.044 eff 0.0 outinratio 0.0076 

VBFH126_4l_rapidity4l_genbin5_recobin8 acc 0.0441 eff 0.0 outinratio 0.0032 

WminusH126_4l_rapidity4l_genbin5_recobin8 acc 0.0373 eff 0.0 outinratio 0.0196 

WplusH126_4l_rapidity4l_genbin5_recobin8 acc 0.0302 eff 0.0 outinratio 0.0168 

ZH126_4l_rapidity4l_genbin5_recobin8 acc 0.036 eff 0.0 outinratio 0.0461 

ttH126_4l_rapidity4l_genbin5_recobin8 acc 0.0507 eff 0.0 outinratio 0.0471 

ggH126_4l_rapidity4l_genbin6_recobin8 acc 0.0406 eff 0.0 outinratio 0.0076 

VBFH126_4l_rapidity4l_genbin6_recobin8 acc 0.0447 eff 0.0 outinratio 0.0032 

WminusH126_4l_rapidity4l_genbin6_recobin8 acc 0.0359 eff 0.0 outinratio 0.0196 

WplusH126_4l_rapidity4l_genbin6_recobin8 acc 0.0306 eff 0.0 outinratio 0.0168 

ZH126_4l_rapidity4l_genbin6_recobin8 acc 0.0345 eff 0.0 outinratio 0.0461 

ttH126_4l_rapidity4l_genbin6_recobin8 acc 0.0484 eff 0.0 outinratio 0.0471 

ggH126_4l_rapidity4l_genbin7_recobin8 acc 0.0508 eff 0.0069 outinratio 0.0076 

VBFH126_4l_rapidity4l_genbin7_recobin8 acc 0.0532 eff 0.0097 outinratio 0.0032 

WminusH126_4l_rapidity4l_genbin7_recobin8 acc 0.0452 eff 0.0041 outinratio 0.0196 

WplusH126_4l_rapidity4l_genbin7_recobin8 acc 0.0411 eff 0.0089 outinratio 0.0168 

ZH126_4l_rapidity4l_genbin7_recobin8 acc 0.0425 eff 0.0075 outinratio 0.0461 

ttH126_4l_rapidity4l_genbin7_recobin8 acc 0.0528 eff 0.004 outinratio 0.0471 

ggH126_4l_rapidity4l_genbin8_recobin8 acc 0.0417 eff 0.4392 outinratio 0.0076 

VBFH126_4l_rapidity4l_genbin8_recobin8 acc 0.0464 eff 0.4892 outinratio 0.0032 

WminusH126_4l_rapidity4l_genbin8_recobin8 acc 0.0408 eff 0.4242 outinratio 0.0196 

WplusH126_4l_rapidity4l_genbin8_recobin8 acc 0.0376 eff 0.4505 outinratio 0.0168 

ZH126_4l_rapidity4l_genbin8_recobin8 acc 0.0395 eff 0.452 outinratio 0.0461 

ttH126_4l_rapidity4l_genbin8_recobin8 acc 0.0426 eff 0.335 outinratio 0.0471 

ggH126_4l_rapidity4l_genbin9_recobin8 acc 0.0835 eff 0.004 outinratio 0.0076 

VBFH126_4l_rapidity4l_genbin9_recobin8 acc 0.0932 eff 0.0026 outinratio 0.0032 

WminusH126_4l_rapidity4l_genbin9_recobin8 acc 0.0902 eff 0.0033 outinratio 0.0196 

WplusH126_4l_rapidity4l_genbin9_recobin8 acc 0.0951 eff 0.0023 outinratio 0.0168 

ZH126_4l_rapidity4l_genbin9_recobin8 acc 0.093 eff 0.0031 outinratio 0.0461 

ttH126_4l_rapidity4l_genbin9_recobin8 acc 0.0689 eff 0.0025 outinratio 0.0471 

ggH126_4l_rapidity4l_genbin0_recobin9 acc 0.0382 eff 0.0 outinratio 0.0064 

VBFH126_4l_rapidity4l_genbin0_recobin9 acc 0.0408 eff 0.0 outinratio 0.0073 

WminusH126_4l_rapidity4l_genbin0_recobin9 acc 0.0325 eff 0.0 outinratio 0.0218 

WplusH126_4l_rapidity4l_genbin0_recobin9 acc 0.0262 eff 0.0 outinratio 0.0179 

ZH126_4l_rapidity4l_genbin0_recobin9 acc 0.0299 eff 0.0 outinratio 0.0522 

ttH126_4l_rapidity4l_genbin0_recobin9 acc 0.0471 eff 0.0 outinratio 0.0332 

ggH126_4l_rapidity4l_genbin1_recobin9 acc 0.0379 eff 0.0 outinratio 0.0064 

VBFH126_4l_rapidity4l_genbin1_recobin9 acc 0.0386 eff 0.0 outinratio 0.0073 

WminusH126_4l_rapidity4l_genbin1_recobin9 acc 0.0316 eff 0.0 outinratio 0.0218 

WplusH126_4l_rapidity4l_genbin1_recobin9 acc 0.0274 eff 0.0 outinratio 0.0179 

ZH126_4l_rapidity4l_genbin1_recobin9 acc 0.0296 eff 0.0 outinratio 0.0522 

ttH126_4l_rapidity4l_genbin1_recobin9 acc 0.0501 eff 0.0 outinratio 0.0332 

ggH126_4l_rapidity4l_genbin2_recobin9 acc 0.0372 eff 0.0 outinratio 0.0064 

VBFH126_4l_rapidity4l_genbin2_recobin9 acc 0.0418 eff 0.0 outinratio 0.0073 

WminusH126_4l_rapidity4l_genbin2_recobin9 acc 0.0315 eff 0.0 outinratio 0.0218 

WplusH126_4l_rapidity4l_genbin2_recobin9 acc 0.0251 eff 0.0 outinratio 0.0179 

ZH126_4l_rapidity4l_genbin2_recobin9 acc 0.0295 eff 0.0 outinratio 0.0522 

ttH126_4l_rapidity4l_genbin2_recobin9 acc 0.0458 eff 0.0 outinratio 0.0332 

ggH126_4l_rapidity4l_genbin3_recobin9 acc 0.0426 eff 0.0 outinratio 0.0064 

VBFH126_4l_rapidity4l_genbin3_recobin9 acc 0.046 eff 0.0 outinratio 0.0073 

WminusH126_4l_rapidity4l_genbin3_recobin9 acc 0.0372 eff 0.0 outinratio 0.0218 

WplusH126_4l_rapidity4l_genbin3_recobin9 acc 0.031 eff 0.0 outinratio 0.0179 

ZH126_4l_rapidity4l_genbin3_recobin9 acc 0.0351 eff 0.0 outinratio 0.0522 

ttH126_4l_rapidity4l_genbin3_recobin9 acc 0.0512 eff 0.0 outinratio 0.0332 

ggH126_4l_rapidity4l_genbin4_recobin9 acc 0.0297 eff 0.0 outinratio 0.0064 

VBFH126_4l_rapidity4l_genbin4_recobin9 acc 0.0324 eff 0.0 outinratio 0.0073 

WminusH126_4l_rapidity4l_genbin4_recobin9 acc 0.0259 eff 0.0 outinratio 0.0218 

WplusH126_4l_rapidity4l_genbin4_recobin9 acc 0.0231 eff 0.0 outinratio 0.0179 

ZH126_4l_rapidity4l_genbin4_recobin9 acc 0.0243 eff 0.0 outinratio 0.0522 

ttH126_4l_rapidity4l_genbin4_recobin9 acc 0.0394 eff 0.0 outinratio 0.0332 

ggH126_4l_rapidity4l_genbin5_recobin9 acc 0.044 eff 0.0 outinratio 0.0064 

VBFH126_4l_rapidity4l_genbin5_recobin9 acc 0.0441 eff 0.0 outinratio 0.0073 

WminusH126_4l_rapidity4l_genbin5_recobin9 acc 0.0373 eff 0.0 outinratio 0.0218 

WplusH126_4l_rapidity4l_genbin5_recobin9 acc 0.0302 eff 0.0 outinratio 0.0179 

ZH126_4l_rapidity4l_genbin5_recobin9 acc 0.036 eff 0.0 outinratio 0.0522 

ttH126_4l_rapidity4l_genbin5_recobin9 acc 0.0507 eff 0.0 outinratio 0.0332 

ggH126_4l_rapidity4l_genbin6_recobin9 acc 0.0406 eff 0.0 outinratio 0.0064 

VBFH126_4l_rapidity4l_genbin6_recobin9 acc 0.0447 eff 0.0 outinratio 0.0073 

WminusH126_4l_rapidity4l_genbin6_recobin9 acc 0.0359 eff 0.0 outinratio 0.0218 

WplusH126_4l_rapidity4l_genbin6_recobin9 acc 0.0306 eff 0.0 outinratio 0.0179 

ZH126_4l_rapidity4l_genbin6_recobin9 acc 0.0345 eff 0.0 outinratio 0.0522 

ttH126_4l_rapidity4l_genbin6_recobin9 acc 0.0484 eff 0.0 outinratio 0.0332 

ggH126_4l_rapidity4l_genbin7_recobin9 acc 0.0508 eff 0.0 outinratio 0.0064 

VBFH126_4l_rapidity4l_genbin7_recobin9 acc 0.0532 eff 0.0 outinratio 0.0073 

WminusH126_4l_rapidity4l_genbin7_recobin9 acc 0.0452 eff 0.0 outinratio 0.0218 

WplusH126_4l_rapidity4l_genbin7_recobin9 acc 0.0411 eff 0.0 outinratio 0.0179 

ZH126_4l_rapidity4l_genbin7_recobin9 acc 0.0425 eff 0.0 outinratio 0.0522 

ttH126_4l_rapidity4l_genbin7_recobin9 acc 0.0528 eff 0.0 outinratio 0.0332 

ggH126_4l_rapidity4l_genbin8_recobin9 acc 0.0417 eff 0.0073 outinratio 0.0064 

VBFH126_4l_rapidity4l_genbin8_recobin9 acc 0.0464 eff 0.0082 outinratio 0.0073 

WminusH126_4l_rapidity4l_genbin8_recobin9 acc 0.0408 eff 0.007 outinratio 0.0218 

WplusH126_4l_rapidity4l_genbin8_recobin9 acc 0.0376 eff 0.0039 outinratio 0.0179 

ZH126_4l_rapidity4l_genbin8_recobin9 acc 0.0395 eff 0.0045 outinratio 0.0522 

ttH126_4l_rapidity4l_genbin8_recobin9 acc 0.0426 eff 0.0039 outinratio 0.0332 

ggH126_4l_rapidity4l_genbin9_recobin9 acc 0.0835 eff 0.4042 outinratio 0.0064 

VBFH126_4l_rapidity4l_genbin9_recobin9 acc 0.0932 eff 0.4223 outinratio 0.0073 

WminusH126_4l_rapidity4l_genbin9_recobin9 acc 0.0902 eff 0.3724 outinratio 0.0218 

WplusH126_4l_rapidity4l_genbin9_recobin9 acc 0.0951 eff 0.3769 outinratio 0.0179 

ZH126_4l_rapidity4l_genbin9_recobin9 acc 0.093 eff 0.3736 outinratio 0.0522 

ttH126_4l_rapidity4l_genbin9_recobin9 acc 0.0689 eff 0.2764 outinratio 0.0332 

ggH126_4e_rapidity4l_genbin0_recobin0 acc 0.0355 eff 0.3753 outinratio 0.0033 

VBFH126_4e_rapidity4l_genbin0_recobin0 acc 0.037 eff 0.3777 outinratio 0.0 

WminusH126_4e_rapidity4l_genbin0_recobin0 acc 0.0303 eff 0.3869 outinratio 0.0242 

WplusH126_4e_rapidity4l_genbin0_recobin0 acc 0.0247 eff 0.342 outinratio 0.0023 

ZH126_4e_rapidity4l_genbin0_recobin0 acc 0.0296 eff 0.3888 outinratio 0.0491 

ttH126_4e_rapidity4l_genbin0_recobin0 acc 0.0454 eff 0.3249 outinratio 0.0243 

ggH126_4e_rapidity4l_genbin1_recobin0 acc 0.0357 eff 0.0143 outinratio 0.0033 

VBFH126_4e_rapidity4l_genbin1_recobin0 acc 0.0371 eff 0.0156 outinratio 0.0 

WminusH126_4e_rapidity4l_genbin1_recobin0 acc 0.0302 eff 0.0136 outinratio 0.0242 

WplusH126_4e_rapidity4l_genbin1_recobin0 acc 0.0243 eff 0.0126 outinratio 0.0023 

ZH126_4e_rapidity4l_genbin1_recobin0 acc 0.027 eff 0.0197 outinratio 0.0491 

ttH126_4e_rapidity4l_genbin1_recobin0 acc 0.0486 eff 0.0053 outinratio 0.0243 

ggH126_4e_rapidity4l_genbin2_recobin0 acc 0.0344 eff 0.0 outinratio 0.0033 

VBFH126_4e_rapidity4l_genbin2_recobin0 acc 0.036 eff 0.0 outinratio 0.0 

WminusH126_4e_rapidity4l_genbin2_recobin0 acc 0.0301 eff 0.0 outinratio 0.0242 

WplusH126_4e_rapidity4l_genbin2_recobin0 acc 0.0242 eff 0.0 outinratio 0.0023 

ZH126_4e_rapidity4l_genbin2_recobin0 acc 0.0278 eff 0.0 outinratio 0.0491 

ttH126_4e_rapidity4l_genbin2_recobin0 acc 0.0439 eff 0.0 outinratio 0.0243 

ggH126_4e_rapidity4l_genbin3_recobin0 acc 0.0394 eff 0.0 outinratio 0.0033 

VBFH126_4e_rapidity4l_genbin3_recobin0 acc 0.0436 eff 0.0 outinratio 0.0 

WminusH126_4e_rapidity4l_genbin3_recobin0 acc 0.034 eff 0.0 outinratio 0.0242 

WplusH126_4e_rapidity4l_genbin3_recobin0 acc 0.0271 eff 0.0 outinratio 0.0023 

ZH126_4e_rapidity4l_genbin3_recobin0 acc 0.033 eff 0.0 outinratio 0.0491 

ttH126_4e_rapidity4l_genbin3_recobin0 acc 0.0511 eff 0.0 outinratio 0.0243 

ggH126_4e_rapidity4l_genbin4_recobin0 acc 0.0279 eff 0.0 outinratio 0.0033 

VBFH126_4e_rapidity4l_genbin4_recobin0 acc 0.0302 eff 0.0 outinratio 0.0 

WminusH126_4e_rapidity4l_genbin4_recobin0 acc 0.0245 eff 0.0 outinratio 0.0242 

WplusH126_4e_rapidity4l_genbin4_recobin0 acc 0.0242 eff 0.0 outinratio 0.0023 

ZH126_4e_rapidity4l_genbin4_recobin0 acc 0.0229 eff 0.0 outinratio 0.0491 

ttH126_4e_rapidity4l_genbin4_recobin0 acc 0.0368 eff 0.0 outinratio 0.0243 

ggH126_4e_rapidity4l_genbin5_recobin0 acc 0.0412 eff 0.0 outinratio 0.0033 

VBFH126_4e_rapidity4l_genbin5_recobin0 acc 0.0392 eff 0.0 outinratio 0.0 

WminusH126_4e_rapidity4l_genbin5_recobin0 acc 0.0349 eff 0.0 outinratio 0.0242 

WplusH126_4e_rapidity4l_genbin5_recobin0 acc 0.0311 eff 0.0 outinratio 0.0023 

ZH126_4e_rapidity4l_genbin5_recobin0 acc 0.0349 eff 0.0 outinratio 0.0491 

ttH126_4e_rapidity4l_genbin5_recobin0 acc 0.0555 eff 0.0 outinratio 0.0243 

ggH126_4e_rapidity4l_genbin6_recobin0 acc 0.038 eff 0.0 outinratio 0.0033 

VBFH126_4e_rapidity4l_genbin6_recobin0 acc 0.0426 eff 0.0 outinratio 0.0 

WminusH126_4e_rapidity4l_genbin6_recobin0 acc 0.0352 eff 0.0 outinratio 0.0242 

WplusH126_4e_rapidity4l_genbin6_recobin0 acc 0.0295 eff 0.0 outinratio 0.0023 

ZH126_4e_rapidity4l_genbin6_recobin0 acc 0.0319 eff 0.0 outinratio 0.0491 

ttH126_4e_rapidity4l_genbin6_recobin0 acc 0.0471 eff 0.0 outinratio 0.0243 

ggH126_4e_rapidity4l_genbin7_recobin0 acc 0.048 eff 0.0 outinratio 0.0033 

VBFH126_4e_rapidity4l_genbin7_recobin0 acc 0.0528 eff 0.0 outinratio 0.0 

WminusH126_4e_rapidity4l_genbin7_recobin0 acc 0.0422 eff 0.0 outinratio 0.0242 

WplusH126_4e_rapidity4l_genbin7_recobin0 acc 0.0359 eff 0.0 outinratio 0.0023 

ZH126_4e_rapidity4l_genbin7_recobin0 acc 0.0395 eff 0.0 outinratio 0.0491 

ttH126_4e_rapidity4l_genbin7_recobin0 acc 0.0503 eff 0.0 outinratio 0.0243 

ggH126_4e_rapidity4l_genbin8_recobin0 acc 0.0401 eff 0.0 outinratio 0.0033 

VBFH126_4e_rapidity4l_genbin8_recobin0 acc 0.0497 eff 0.0 outinratio 0.0 

WminusH126_4e_rapidity4l_genbin8_recobin0 acc 0.0395 eff 0.0 outinratio 0.0242 

WplusH126_4e_rapidity4l_genbin8_recobin0 acc 0.0339 eff 0.0 outinratio 0.0023 

ZH126_4e_rapidity4l_genbin8_recobin0 acc 0.0377 eff 0.0 outinratio 0.0491 

ttH126_4e_rapidity4l_genbin8_recobin0 acc 0.0378 eff 0.0 outinratio 0.0243 

ggH126_4e_rapidity4l_genbin9_recobin0 acc 0.0853 eff 0.0 outinratio 0.0033 

VBFH126_4e_rapidity4l_genbin9_recobin0 acc 0.0926 eff 0.0 outinratio 0.0 

WminusH126_4e_rapidity4l_genbin9_recobin0 acc 0.091 eff 0.0 outinratio 0.0242 

WplusH126_4e_rapidity4l_genbin9_recobin0 acc 0.0975 eff 0.0 outinratio 0.0023 

ZH126_4e_rapidity4l_genbin9_recobin0 acc 0.0955 eff 0.0 outinratio 0.0491 

ttH126_4e_rapidity4l_genbin9_recobin0 acc 0.0678 eff 0.0 outinratio 0.0243 

ggH126_4e_rapidity4l_genbin0_recobin1 acc 0.0355 eff 0.0136 outinratio 0.0181 

VBFH126_4e_rapidity4l_genbin0_recobin1 acc 0.037 eff 0.0207 outinratio 0.007 

WminusH126_4e_rapidity4l_genbin0_recobin1 acc 0.0303 eff 0.0167 outinratio 0.0391 

WplusH126_4e_rapidity4l_genbin0_recobin1 acc 0.0247 eff 0.0091 outinratio 0.0235 

ZH126_4e_rapidity4l_genbin0_recobin1 acc 0.0296 eff 0.0086 outinratio 0.1009 

ttH126_4e_rapidity4l_genbin0_recobin1 acc 0.0454 eff 0.0222 outinratio 0.0562 

ggH126_4e_rapidity4l_genbin1_recobin1 acc 0.0357 eff 0.3578 outinratio 0.0181 

VBFH126_4e_rapidity4l_genbin1_recobin1 acc 0.0371 eff 0.4511 outinratio 0.007 

WminusH126_4e_rapidity4l_genbin1_recobin1 acc 0.0302 eff 0.3533 outinratio 0.0391 

WplusH126_4e_rapidity4l_genbin1_recobin1 acc 0.0243 eff 0.3719 outinratio 0.0235 

ZH126_4e_rapidity4l_genbin1_recobin1 acc 0.027 eff 0.3652 outinratio 0.1009 

ttH126_4e_rapidity4l_genbin1_recobin1 acc 0.0486 eff 0.3355 outinratio 0.0562 

ggH126_4e_rapidity4l_genbin2_recobin1 acc 0.0344 eff 0.0148 outinratio 0.0181 

VBFH126_4e_rapidity4l_genbin2_recobin1 acc 0.036 eff 0.0147 outinratio 0.007 

WminusH126_4e_rapidity4l_genbin2_recobin1 acc 0.0301 eff 0.0154 outinratio 0.0391 

WplusH126_4e_rapidity4l_genbin2_recobin1 acc 0.0242 eff 0.0206 outinratio 0.0235 

ZH126_4e_rapidity4l_genbin2_recobin1 acc 0.0278 eff 0.014 outinratio 0.1009 

ttH126_4e_rapidity4l_genbin2_recobin1 acc 0.0439 eff 0.0145 outinratio 0.0562 

ggH126_4e_rapidity4l_genbin3_recobin1 acc 0.0394 eff 0.0 outinratio 0.0181 

VBFH126_4e_rapidity4l_genbin3_recobin1 acc 0.0436 eff 0.0 outinratio 0.007 

WminusH126_4e_rapidity4l_genbin3_recobin1 acc 0.034 eff 0.0 outinratio 0.0391 

WplusH126_4e_rapidity4l_genbin3_recobin1 acc 0.0271 eff 0.0 outinratio 0.0235 

ZH126_4e_rapidity4l_genbin3_recobin1 acc 0.033 eff 0.0 outinratio 0.1009 

ttH126_4e_rapidity4l_genbin3_recobin1 acc 0.0511 eff 0.0 outinratio 0.0562 

ggH126_4e_rapidity4l_genbin4_recobin1 acc 0.0279 eff 0.0 outinratio 0.0181 

VBFH126_4e_rapidity4l_genbin4_recobin1 acc 0.0302 eff 0.0 outinratio 0.007 

WminusH126_4e_rapidity4l_genbin4_recobin1 acc 0.0245 eff 0.0 outinratio 0.0391 

WplusH126_4e_rapidity4l_genbin4_recobin1 acc 0.0242 eff 0.0 outinratio 0.0235 

ZH126_4e_rapidity4l_genbin4_recobin1 acc 0.0229 eff 0.0 outinratio 0.1009 

ttH126_4e_rapidity4l_genbin4_recobin1 acc 0.0368 eff 0.0 outinratio 0.0562 

ggH126_4e_rapidity4l_genbin5_recobin1 acc 0.0412 eff 0.0 outinratio 0.0181 

VBFH126_4e_rapidity4l_genbin5_recobin1 acc 0.0392 eff 0.0 outinratio 0.007 

WminusH126_4e_rapidity4l_genbin5_recobin1 acc 0.0349 eff 0.0 outinratio 0.0391 

WplusH126_4e_rapidity4l_genbin5_recobin1 acc 0.0311 eff 0.0 outinratio 0.0235 

ZH126_4e_rapidity4l_genbin5_recobin1 acc 0.0349 eff 0.0 outinratio 0.1009 

ttH126_4e_rapidity4l_genbin5_recobin1 acc 0.0555 eff 0.0 outinratio 0.0562 

ggH126_4e_rapidity4l_genbin6_recobin1 acc 0.038 eff 0.0 outinratio 0.0181 

VBFH126_4e_rapidity4l_genbin6_recobin1 acc 0.0426 eff 0.0 outinratio 0.007 

WminusH126_4e_rapidity4l_genbin6_recobin1 acc 0.0352 eff 0.0 outinratio 0.0391 

WplusH126_4e_rapidity4l_genbin6_recobin1 acc 0.0295 eff 0.0 outinratio 0.0235 

ZH126_4e_rapidity4l_genbin6_recobin1 acc 0.0319 eff 0.0 outinratio 0.1009 

ttH126_4e_rapidity4l_genbin6_recobin1 acc 0.0471 eff 0.0 outinratio 0.0562 

ggH126_4e_rapidity4l_genbin7_recobin1 acc 0.048 eff 0.0 outinratio 0.0181 

VBFH126_4e_rapidity4l_genbin7_recobin1 acc 0.0528 eff 0.0 outinratio 0.007 

WminusH126_4e_rapidity4l_genbin7_recobin1 acc 0.0422 eff 0.0 outinratio 0.0391 

WplusH126_4e_rapidity4l_genbin7_recobin1 acc 0.0359 eff 0.0 outinratio 0.0235 

ZH126_4e_rapidity4l_genbin7_recobin1 acc 0.0395 eff 0.0 outinratio 0.1009 

ttH126_4e_rapidity4l_genbin7_recobin1 acc 0.0503 eff 0.0 outinratio 0.0562 

ggH126_4e_rapidity4l_genbin8_recobin1 acc 0.0401 eff 0.0 outinratio 0.0181 

VBFH126_4e_rapidity4l_genbin8_recobin1 acc 0.0497 eff 0.0 outinratio 0.007 

WminusH126_4e_rapidity4l_genbin8_recobin1 acc 0.0395 eff 0.0 outinratio 0.0391 

WplusH126_4e_rapidity4l_genbin8_recobin1 acc 0.0339 eff 0.0 outinratio 0.0235 

ZH126_4e_rapidity4l_genbin8_recobin1 acc 0.0377 eff 0.0 outinratio 0.1009 

ttH126_4e_rapidity4l_genbin8_recobin1 acc 0.0378 eff 0.0 outinratio 0.0562 

ggH126_4e_rapidity4l_genbin9_recobin1 acc 0.0853 eff 0.0 outinratio 0.0181 

VBFH126_4e_rapidity4l_genbin9_recobin1 acc 0.0926 eff 0.0 outinratio 0.007 

WminusH126_4e_rapidity4l_genbin9_recobin1 acc 0.091 eff 0.0 outinratio 0.0391 

WplusH126_4e_rapidity4l_genbin9_recobin1 acc 0.0975 eff 0.0 outinratio 0.0235 

ZH126_4e_rapidity4l_genbin9_recobin1 acc 0.0955 eff 0.0 outinratio 0.1009 

ttH126_4e_rapidity4l_genbin9_recobin1 acc 0.0678 eff 0.0 outinratio 0.0562 

ggH126_4e_rapidity4l_genbin0_recobin2 acc 0.0355 eff 0.0 outinratio 0.0107 

VBFH126_4e_rapidity4l_genbin0_recobin2 acc 0.037 eff 0.0 outinratio 0.0 

WminusH126_4e_rapidity4l_genbin0_recobin2 acc 0.0303 eff 0.0 outinratio 0.0487 

WplusH126_4e_rapidity4l_genbin0_recobin2 acc 0.0247 eff 0.0 outinratio 0.0099 

ZH126_4e_rapidity4l_genbin0_recobin2 acc 0.0296 eff 0.0 outinratio 0.0491 

ttH126_4e_rapidity4l_genbin0_recobin2 acc 0.0454 eff 0.0 outinratio 0.0453 

ggH126_4e_rapidity4l_genbin1_recobin2 acc 0.0357 eff 0.017 outinratio 0.0107 

VBFH126_4e_rapidity4l_genbin1_recobin2 acc 0.0371 eff 0.0096 outinratio 0.0 

WminusH126_4e_rapidity4l_genbin1_recobin2 acc 0.0302 eff 0.009 outinratio 0.0487 

WplusH126_4e_rapidity4l_genbin1_recobin2 acc 0.0243 eff 0.0186 outinratio 0.0099 

ZH126_4e_rapidity4l_genbin1_recobin2 acc 0.027 eff 0.0054 outinratio 0.0491 

ttH126_4e_rapidity4l_genbin1_recobin2 acc 0.0486 eff 0.015 outinratio 0.0453 

ggH126_4e_rapidity4l_genbin2_recobin2 acc 0.0344 eff 0.3528 outinratio 0.0107 

VBFH126_4e_rapidity4l_genbin2_recobin2 acc 0.036 eff 0.3773 outinratio 0.0 

WminusH126_4e_rapidity4l_genbin2_recobin2 acc 0.0301 eff 0.3529 outinratio 0.0487 

WplusH126_4e_rapidity4l_genbin2_recobin2 acc 0.0242 eff 0.3735 outinratio 0.0099 

ZH126_4e_rapidity4l_genbin2_recobin2 acc 0.0278 eff 0.3895 outinratio 0.0491 

ttH126_4e_rapidity4l_genbin2_recobin2 acc 0.0439 eff 0.362 outinratio 0.0453 

ggH126_4e_rapidity4l_genbin3_recobin2 acc 0.0394 eff 0.0147 outinratio 0.0107 

VBFH126_4e_rapidity4l_genbin3_recobin2 acc 0.0436 eff 0.0078 outinratio 0.0 

WminusH126_4e_rapidity4l_genbin3_recobin2 acc 0.034 eff 0.0132 outinratio 0.0487 

WplusH126_4e_rapidity4l_genbin3_recobin2 acc 0.0271 eff 0.0157 outinratio 0.0099 

ZH126_4e_rapidity4l_genbin3_recobin2 acc 0.033 eff 0.0209 outinratio 0.0491 

ttH126_4e_rapidity4l_genbin3_recobin2 acc 0.0511 eff 0.0105 outinratio 0.0453 

ggH126_4e_rapidity4l_genbin4_recobin2 acc 0.0279 eff 0.0 outinratio 0.0107 

VBFH126_4e_rapidity4l_genbin4_recobin2 acc 0.0302 eff 0.0 outinratio 0.0 

WminusH126_4e_rapidity4l_genbin4_recobin2 acc 0.0245 eff 0.0 outinratio 0.0487 

WplusH126_4e_rapidity4l_genbin4_recobin2 acc 0.0242 eff 0.0 outinratio 0.0099 

ZH126_4e_rapidity4l_genbin4_recobin2 acc 0.0229 eff 0.0 outinratio 0.0491 

ttH126_4e_rapidity4l_genbin4_recobin2 acc 0.0368 eff 0.0 outinratio 0.0453 

ggH126_4e_rapidity4l_genbin5_recobin2 acc 0.0412 eff 0.0 outinratio 0.0107 

VBFH126_4e_rapidity4l_genbin5_recobin2 acc 0.0392 eff 0.0 outinratio 0.0 

WminusH126_4e_rapidity4l_genbin5_recobin2 acc 0.0349 eff 0.0 outinratio 0.0487 

WplusH126_4e_rapidity4l_genbin5_recobin2 acc 0.0311 eff 0.0 outinratio 0.0099 

ZH126_4e_rapidity4l_genbin5_recobin2 acc 0.0349 eff 0.0 outinratio 0.0491 

ttH126_4e_rapidity4l_genbin5_recobin2 acc 0.0555 eff 0.0 outinratio 0.0453 

ggH126_4e_rapidity4l_genbin6_recobin2 acc 0.038 eff 0.0 outinratio 0.0107 

VBFH126_4e_rapidity4l_genbin6_recobin2 acc 0.0426 eff 0.0 outinratio 0.0 

WminusH126_4e_rapidity4l_genbin6_recobin2 acc 0.0352 eff 0.0 outinratio 0.0487 

WplusH126_4e_rapidity4l_genbin6_recobin2 acc 0.0295 eff 0.0 outinratio 0.0099 

ZH126_4e_rapidity4l_genbin6_recobin2 acc 0.0319 eff 0.0 outinratio 0.0491 

ttH126_4e_rapidity4l_genbin6_recobin2 acc 0.0471 eff 0.0 outinratio 0.0453 

ggH126_4e_rapidity4l_genbin7_recobin2 acc 0.048 eff 0.0 outinratio 0.0107 

VBFH126_4e_rapidity4l_genbin7_recobin2 acc 0.0528 eff 0.0 outinratio 0.0 

WminusH126_4e_rapidity4l_genbin7_recobin2 acc 0.0422 eff 0.0 outinratio 0.0487 

WplusH126_4e_rapidity4l_genbin7_recobin2 acc 0.0359 eff 0.0 outinratio 0.0099 

ZH126_4e_rapidity4l_genbin7_recobin2 acc 0.0395 eff 0.0 outinratio 0.0491 

ttH126_4e_rapidity4l_genbin7_recobin2 acc 0.0503 eff 0.0 outinratio 0.0453 

ggH126_4e_rapidity4l_genbin8_recobin2 acc 0.0401 eff 0.0 outinratio 0.0107 

VBFH126_4e_rapidity4l_genbin8_recobin2 acc 0.0497 eff 0.0 outinratio 0.0 

WminusH126_4e_rapidity4l_genbin8_recobin2 acc 0.0395 eff 0.0 outinratio 0.0487 

WplusH126_4e_rapidity4l_genbin8_recobin2 acc 0.0339 eff 0.0 outinratio 0.0099 

ZH126_4e_rapidity4l_genbin8_recobin2 acc 0.0377 eff 0.0 outinratio 0.0491 

ttH126_4e_rapidity4l_genbin8_recobin2 acc 0.0378 eff 0.0 outinratio 0.0453 

ggH126_4e_rapidity4l_genbin9_recobin2 acc 0.0853 eff 0.0 outinratio 0.0107 

VBFH126_4e_rapidity4l_genbin9_recobin2 acc 0.0926 eff 0.0 outinratio 0.0 

WminusH126_4e_rapidity4l_genbin9_recobin2 acc 0.091 eff 0.0 outinratio 0.0487 

WplusH126_4e_rapidity4l_genbin9_recobin2 acc 0.0975 eff 0.0 outinratio 0.0099 

ZH126_4e_rapidity4l_genbin9_recobin2 acc 0.0955 eff 0.0 outinratio 0.0491 

ttH126_4e_rapidity4l_genbin9_recobin2 acc 0.0678 eff 0.0 outinratio 0.0453 

ggH126_4e_rapidity4l_genbin0_recobin3 acc 0.0355 eff 0.0 outinratio 0.0095 

VBFH126_4e_rapidity4l_genbin0_recobin3 acc 0.037 eff 0.0 outinratio 0.0028 

WminusH126_4e_rapidity4l_genbin0_recobin3 acc 0.0303 eff 0.0 outinratio 0.0133 

WplusH126_4e_rapidity4l_genbin0_recobin3 acc 0.0247 eff 0.0 outinratio 0.0504 

ZH126_4e_rapidity4l_genbin0_recobin3 acc 0.0296 eff 0.0 outinratio 0.0761 

ttH126_4e_rapidity4l_genbin0_recobin3 acc 0.0454 eff 0.0 outinratio 0.0757 

ggH126_4e_rapidity4l_genbin1_recobin3 acc 0.0357 eff 0.0 outinratio 0.0095 

VBFH126_4e_rapidity4l_genbin1_recobin3 acc 0.0371 eff 0.0 outinratio 0.0028 

WminusH126_4e_rapidity4l_genbin1_recobin3 acc 0.0302 eff 0.0 outinratio 0.0133 

WplusH126_4e_rapidity4l_genbin1_recobin3 acc 0.0243 eff 0.0 outinratio 0.0504 

ZH126_4e_rapidity4l_genbin1_recobin3 acc 0.027 eff 0.0 outinratio 0.0761 

ttH126_4e_rapidity4l_genbin1_recobin3 acc 0.0486 eff 0.0 outinratio 0.0757 

ggH126_4e_rapidity4l_genbin2_recobin3 acc 0.0344 eff 0.0089 outinratio 0.0095 

VBFH126_4e_rapidity4l_genbin2_recobin3 acc 0.036 eff 0.0105 outinratio 0.0028 

WminusH126_4e_rapidity4l_genbin2_recobin3 acc 0.0301 eff 0.0142 outinratio 0.0133 

WplusH126_4e_rapidity4l_genbin2_recobin3 acc 0.0242 eff 0.0161 outinratio 0.0504 

ZH126_4e_rapidity4l_genbin2_recobin3 acc 0.0278 eff 0.0136 outinratio 0.0761 

ttH126_4e_rapidity4l_genbin2_recobin3 acc 0.0439 eff 0.0 outinratio 0.0757 

ggH126_4e_rapidity4l_genbin3_recobin3 acc 0.0394 eff 0.3279 outinratio 0.0095 

VBFH126_4e_rapidity4l_genbin3_recobin3 acc 0.0436 eff 0.4181 outinratio 0.0028 

WminusH126_4e_rapidity4l_genbin3_recobin3 acc 0.034 eff 0.3363 outinratio 0.0133 

WplusH126_4e_rapidity4l_genbin3_recobin3 acc 0.0271 eff 0.3879 outinratio 0.0504 

ZH126_4e_rapidity4l_genbin3_recobin3 acc 0.033 eff 0.3561 outinratio 0.0761 

ttH126_4e_rapidity4l_genbin3_recobin3 acc 0.0511 eff 0.3281 outinratio 0.0757 

ggH126_4e_rapidity4l_genbin4_recobin3 acc 0.0279 eff 0.0219 outinratio 0.0095 

VBFH126_4e_rapidity4l_genbin4_recobin3 acc 0.0302 eff 0.0201 outinratio 0.0028 

WminusH126_4e_rapidity4l_genbin4_recobin3 acc 0.0245 eff 0.0192 outinratio 0.0133 

WplusH126_4e_rapidity4l_genbin4_recobin3 acc 0.0242 eff 0.0187 outinratio 0.0504 

ZH126_4e_rapidity4l_genbin4_recobin3 acc 0.0229 eff 0.0273 outinratio 0.0761 

ttH126_4e_rapidity4l_genbin4_recobin3 acc 0.0368 eff 0.0118 outinratio 0.0757 

ggH126_4e_rapidity4l_genbin5_recobin3 acc 0.0412 eff 0.0 outinratio 0.0095 

VBFH126_4e_rapidity4l_genbin5_recobin3 acc 0.0392 eff 0.0 outinratio 0.0028 

WminusH126_4e_rapidity4l_genbin5_recobin3 acc 0.0349 eff 0.0 outinratio 0.0133 

WplusH126_4e_rapidity4l_genbin5_recobin3 acc 0.0311 eff 0.0 outinratio 0.0504 

ZH126_4e_rapidity4l_genbin5_recobin3 acc 0.0349 eff 0.0 outinratio 0.0761 

ttH126_4e_rapidity4l_genbin5_recobin3 acc 0.0555 eff 0.0 outinratio 0.0757 

ggH126_4e_rapidity4l_genbin6_recobin3 acc 0.038 eff 0.0 outinratio 0.0095 

VBFH126_4e_rapidity4l_genbin6_recobin3 acc 0.0426 eff 0.0 outinratio 0.0028 

WminusH126_4e_rapidity4l_genbin6_recobin3 acc 0.0352 eff 0.0 outinratio 0.0133 

WplusH126_4e_rapidity4l_genbin6_recobin3 acc 0.0295 eff 0.0 outinratio 0.0504 

ZH126_4e_rapidity4l_genbin6_recobin3 acc 0.0319 eff 0.0 outinratio 0.0761 

ttH126_4e_rapidity4l_genbin6_recobin3 acc 0.0471 eff 0.0 outinratio 0.0757 

ggH126_4e_rapidity4l_genbin7_recobin3 acc 0.048 eff 0.0 outinratio 0.0095 

VBFH126_4e_rapidity4l_genbin7_recobin3 acc 0.0528 eff 0.0 outinratio 0.0028 

WminusH126_4e_rapidity4l_genbin7_recobin3 acc 0.0422 eff 0.0 outinratio 0.0133 

WplusH126_4e_rapidity4l_genbin7_recobin3 acc 0.0359 eff 0.0 outinratio 0.0504 

ZH126_4e_rapidity4l_genbin7_recobin3 acc 0.0395 eff 0.0 outinratio 0.0761 

ttH126_4e_rapidity4l_genbin7_recobin3 acc 0.0503 eff 0.0 outinratio 0.0757 

ggH126_4e_rapidity4l_genbin8_recobin3 acc 0.0401 eff 0.0 outinratio 0.0095 

VBFH126_4e_rapidity4l_genbin8_recobin3 acc 0.0497 eff 0.0 outinratio 0.0028 

WminusH126_4e_rapidity4l_genbin8_recobin3 acc 0.0395 eff 0.0 outinratio 0.0133 

WplusH126_4e_rapidity4l_genbin8_recobin3 acc 0.0339 eff 0.0 outinratio 0.0504 

ZH126_4e_rapidity4l_genbin8_recobin3 acc 0.0377 eff 0.0 outinratio 0.0761 

ttH126_4e_rapidity4l_genbin8_recobin3 acc 0.0378 eff 0.0 outinratio 0.0757 

ggH126_4e_rapidity4l_genbin9_recobin3 acc 0.0853 eff 0.0 outinratio 0.0095 

VBFH126_4e_rapidity4l_genbin9_recobin3 acc 0.0926 eff 0.0 outinratio 0.0028 

WminusH126_4e_rapidity4l_genbin9_recobin3 acc 0.091 eff 0.0 outinratio 0.0133 

WplusH126_4e_rapidity4l_genbin9_recobin3 acc 0.0975 eff 0.0 outinratio 0.0504 

ZH126_4e_rapidity4l_genbin9_recobin3 acc 0.0955 eff 0.0 outinratio 0.0761 

ttH126_4e_rapidity4l_genbin9_recobin3 acc 0.0678 eff 0.0 outinratio 0.0757 

ggH126_4e_rapidity4l_genbin0_recobin4 acc 0.0355 eff 0.0 outinratio 0.0031 

VBFH126_4e_rapidity4l_genbin0_recobin4 acc 0.037 eff 0.0 outinratio 0.0276 

WminusH126_4e_rapidity4l_genbin0_recobin4 acc 0.0303 eff 0.0 outinratio 0.0147 

WplusH126_4e_rapidity4l_genbin0_recobin4 acc 0.0247 eff 0.0 outinratio 0.0165 

ZH126_4e_rapidity4l_genbin0_recobin4 acc 0.0296 eff 0.0 outinratio 0.0655 

ttH126_4e_rapidity4l_genbin0_recobin4 acc 0.0454 eff 0.0 outinratio 0.1195 

ggH126_4e_rapidity4l_genbin1_recobin4 acc 0.0357 eff 0.0 outinratio 0.0031 

VBFH126_4e_rapidity4l_genbin1_recobin4 acc 0.0371 eff 0.0 outinratio 0.0276 

WminusH126_4e_rapidity4l_genbin1_recobin4 acc 0.0302 eff 0.0 outinratio 0.0147 

WplusH126_4e_rapidity4l_genbin1_recobin4 acc 0.0243 eff 0.0 outinratio 0.0165 

ZH126_4e_rapidity4l_genbin1_recobin4 acc 0.027 eff 0.0 outinratio 0.0655 

ttH126_4e_rapidity4l_genbin1_recobin4 acc 0.0486 eff 0.0 outinratio 0.1195 

ggH126_4e_rapidity4l_genbin2_recobin4 acc 0.0344 eff 0.0 outinratio 0.0031 

VBFH126_4e_rapidity4l_genbin2_recobin4 acc 0.036 eff 0.0 outinratio 0.0276 

WminusH126_4e_rapidity4l_genbin2_recobin4 acc 0.0301 eff 0.0 outinratio 0.0147 

WplusH126_4e_rapidity4l_genbin2_recobin4 acc 0.0242 eff 0.0 outinratio 0.0165 

ZH126_4e_rapidity4l_genbin2_recobin4 acc 0.0278 eff 0.0 outinratio 0.0655 

ttH126_4e_rapidity4l_genbin2_recobin4 acc 0.0439 eff 0.0 outinratio 0.1195 

ggH126_4e_rapidity4l_genbin3_recobin4 acc 0.0394 eff 0.0105 outinratio 0.0031 

VBFH126_4e_rapidity4l_genbin3_recobin4 acc 0.0436 eff 0.0125 outinratio 0.0276 

WminusH126_4e_rapidity4l_genbin3_recobin4 acc 0.034 eff 0.0126 outinratio 0.0147 

WplusH126_4e_rapidity4l_genbin3_recobin4 acc 0.0271 eff 0.0086 outinratio 0.0165 

ZH126_4e_rapidity4l_genbin3_recobin4 acc 0.033 eff 0.0099 outinratio 0.0655 

ttH126_4e_rapidity4l_genbin3_recobin4 acc 0.0511 eff 0.005 outinratio 0.1195 

ggH126_4e_rapidity4l_genbin4_recobin4 acc 0.0279 eff 0.3351 outinratio 0.0031 

VBFH126_4e_rapidity4l_genbin4_recobin4 acc 0.0302 eff 0.3773 outinratio 0.0276 

WminusH126_4e_rapidity4l_genbin4_recobin4 acc 0.0245 eff 0.3318 outinratio 0.0147 

WplusH126_4e_rapidity4l_genbin4_recobin4 acc 0.0242 eff 0.3132 outinratio 0.0165 

ZH126_4e_rapidity4l_genbin4_recobin4 acc 0.0229 eff 0.3234 outinratio 0.0655 

ttH126_4e_rapidity4l_genbin4_recobin4 acc 0.0368 eff 0.3193 outinratio 0.1195 

ggH126_4e_rapidity4l_genbin5_recobin4 acc 0.0412 eff 0.0148 outinratio 0.0031 

VBFH126_4e_rapidity4l_genbin5_recobin4 acc 0.0392 eff 0.0216 outinratio 0.0276 

WminusH126_4e_rapidity4l_genbin5_recobin4 acc 0.0349 eff 0.0063 outinratio 0.0147 

WplusH126_4e_rapidity4l_genbin5_recobin4 acc 0.0311 eff 0.0187 outinratio 0.0165 

ZH126_4e_rapidity4l_genbin5_recobin4 acc 0.0349 eff 0.0142 outinratio 0.0655 

ttH126_4e_rapidity4l_genbin5_recobin4 acc 0.0555 eff 0.0098 outinratio 0.1195 

ggH126_4e_rapidity4l_genbin6_recobin4 acc 0.038 eff 0.0 outinratio 0.0031 

VBFH126_4e_rapidity4l_genbin6_recobin4 acc 0.0426 eff 0.0 outinratio 0.0276 

WminusH126_4e_rapidity4l_genbin6_recobin4 acc 0.0352 eff 0.0 outinratio 0.0147 

WplusH126_4e_rapidity4l_genbin6_recobin4 acc 0.0295 eff 0.0 outinratio 0.0165 

ZH126_4e_rapidity4l_genbin6_recobin4 acc 0.0319 eff 0.0 outinratio 0.0655 

ttH126_4e_rapidity4l_genbin6_recobin4 acc 0.0471 eff 0.0 outinratio 0.1195 

ggH126_4e_rapidity4l_genbin7_recobin4 acc 0.048 eff 0.0 outinratio 0.0031 

VBFH126_4e_rapidity4l_genbin7_recobin4 acc 0.0528 eff 0.0 outinratio 0.0276 

WminusH126_4e_rapidity4l_genbin7_recobin4 acc 0.0422 eff 0.0 outinratio 0.0147 

WplusH126_4e_rapidity4l_genbin7_recobin4 acc 0.0359 eff 0.0 outinratio 0.0165 

ZH126_4e_rapidity4l_genbin7_recobin4 acc 0.0395 eff 0.0 outinratio 0.0655 

ttH126_4e_rapidity4l_genbin7_recobin4 acc 0.0503 eff 0.0 outinratio 0.1195 

ggH126_4e_rapidity4l_genbin8_recobin4 acc 0.0401 eff 0.0 outinratio 0.0031 

VBFH126_4e_rapidity4l_genbin8_recobin4 acc 0.0497 eff 0.0 outinratio 0.0276 

WminusH126_4e_rapidity4l_genbin8_recobin4 acc 0.0395 eff 0.0 outinratio 0.0147 

WplusH126_4e_rapidity4l_genbin8_recobin4 acc 0.0339 eff 0.0 outinratio 0.0165 

ZH126_4e_rapidity4l_genbin8_recobin4 acc 0.0377 eff 0.0 outinratio 0.0655 

ttH126_4e_rapidity4l_genbin8_recobin4 acc 0.0378 eff 0.0 outinratio 0.1195 

ggH126_4e_rapidity4l_genbin9_recobin4 acc 0.0853 eff 0.0 outinratio 0.0031 

VBFH126_4e_rapidity4l_genbin9_recobin4 acc 0.0926 eff 0.0 outinratio 0.0276 

WminusH126_4e_rapidity4l_genbin9_recobin4 acc 0.091 eff 0.0 outinratio 0.0147 

WplusH126_4e_rapidity4l_genbin9_recobin4 acc 0.0975 eff 0.0 outinratio 0.0165 

ZH126_4e_rapidity4l_genbin9_recobin4 acc 0.0955 eff 0.0 outinratio 0.0655 

ttH126_4e_rapidity4l_genbin9_recobin4 acc 0.0678 eff 0.0 outinratio 0.1195 

ggH126_4e_rapidity4l_genbin0_recobin5 acc 0.0355 eff 0.0 outinratio 0.0083 

VBFH126_4e_rapidity4l_genbin0_recobin5 acc 0.037 eff 0.0 outinratio 0.0087 

WminusH126_4e_rapidity4l_genbin0_recobin5 acc 0.0303 eff 0.0 outinratio 0.0235 

WplusH126_4e_rapidity4l_genbin0_recobin5 acc 0.0247 eff 0.0 outinratio 0.0109 

ZH126_4e_rapidity4l_genbin0_recobin5 acc 0.0296 eff 0.0 outinratio 0.0554 

ttH126_4e_rapidity4l_genbin0_recobin5 acc 0.0454 eff 0.0 outinratio 0.0224 

ggH126_4e_rapidity4l_genbin1_recobin5 acc 0.0357 eff 0.0 outinratio 0.0083 

VBFH126_4e_rapidity4l_genbin1_recobin5 acc 0.0371 eff 0.0 outinratio 0.0087 

WminusH126_4e_rapidity4l_genbin1_recobin5 acc 0.0302 eff 0.0 outinratio 0.0235 

WplusH126_4e_rapidity4l_genbin1_recobin5 acc 0.0243 eff 0.0 outinratio 0.0109 

ZH126_4e_rapidity4l_genbin1_recobin5 acc 0.027 eff 0.0 outinratio 0.0554 

ttH126_4e_rapidity4l_genbin1_recobin5 acc 0.0486 eff 0.0 outinratio 0.0224 

ggH126_4e_rapidity4l_genbin2_recobin5 acc 0.0344 eff 0.0 outinratio 0.0083 

VBFH126_4e_rapidity4l_genbin2_recobin5 acc 0.036 eff 0.0 outinratio 0.0087 

WminusH126_4e_rapidity4l_genbin2_recobin5 acc 0.0301 eff 0.0 outinratio 0.0235 

WplusH126_4e_rapidity4l_genbin2_recobin5 acc 0.0242 eff 0.0 outinratio 0.0109 

ZH126_4e_rapidity4l_genbin2_recobin5 acc 0.0278 eff 0.0 outinratio 0.0554 

ttH126_4e_rapidity4l_genbin2_recobin5 acc 0.0439 eff 0.0 outinratio 0.0224 

ggH126_4e_rapidity4l_genbin3_recobin5 acc 0.0394 eff 0.0 outinratio 0.0083 

VBFH126_4e_rapidity4l_genbin3_recobin5 acc 0.0436 eff 0.0 outinratio 0.0087 

WminusH126_4e_rapidity4l_genbin3_recobin5 acc 0.034 eff 0.0 outinratio 0.0235 

WplusH126_4e_rapidity4l_genbin3_recobin5 acc 0.0271 eff 0.0 outinratio 0.0109 

ZH126_4e_rapidity4l_genbin3_recobin5 acc 0.033 eff 0.0 outinratio 0.0554 

ttH126_4e_rapidity4l_genbin3_recobin5 acc 0.0511 eff 0.0 outinratio 0.0224 

ggH126_4e_rapidity4l_genbin4_recobin5 acc 0.0279 eff 0.011 outinratio 0.0083 

VBFH126_4e_rapidity4l_genbin4_recobin5 acc 0.0302 eff 0.0129 outinratio 0.0087 

WminusH126_4e_rapidity4l_genbin4_recobin5 acc 0.0245 eff 0.0148 outinratio 0.0235 

WplusH126_4e_rapidity4l_genbin4_recobin5 acc 0.0242 eff 0.0059 outinratio 0.0109 

ZH126_4e_rapidity4l_genbin4_recobin5 acc 0.0229 eff 0.011 outinratio 0.0554 

ttH126_4e_rapidity4l_genbin4_recobin5 acc 0.0368 eff 0.0074 outinratio 0.0224 

ggH126_4e_rapidity4l_genbin5_recobin5 acc 0.0412 eff 0.3301 outinratio 0.0083 

VBFH126_4e_rapidity4l_genbin5_recobin5 acc 0.0392 eff 0.4257 outinratio 0.0087 

WminusH126_4e_rapidity4l_genbin5_recobin5 acc 0.0349 eff 0.3365 outinratio 0.0235 

WplusH126_4e_rapidity4l_genbin5_recobin5 acc 0.0311 eff 0.3196 outinratio 0.0109 

ZH126_4e_rapidity4l_genbin5_recobin5 acc 0.0349 eff 0.3471 outinratio 0.0554 

ttH126_4e_rapidity4l_genbin5_recobin5 acc 0.0555 eff 0.3301 outinratio 0.0224 

ggH126_4e_rapidity4l_genbin6_recobin5 acc 0.038 eff 0.015 outinratio 0.0083 

VBFH126_4e_rapidity4l_genbin6_recobin5 acc 0.0426 eff 0.0196 outinratio 0.0087 

WminusH126_4e_rapidity4l_genbin6_recobin5 acc 0.0352 eff 0.0111 outinratio 0.0235 

WplusH126_4e_rapidity4l_genbin6_recobin5 acc 0.0295 eff 0.0106 outinratio 0.0109 

ZH126_4e_rapidity4l_genbin6_recobin5 acc 0.0319 eff 0.0245 outinratio 0.0554 

ttH126_4e_rapidity4l_genbin6_recobin5 acc 0.0471 eff 0.0083 outinratio 0.0224 

ggH126_4e_rapidity4l_genbin7_recobin5 acc 0.048 eff 0.0 outinratio 0.0083 

VBFH126_4e_rapidity4l_genbin7_recobin5 acc 0.0528 eff 0.0 outinratio 0.0087 

WminusH126_4e_rapidity4l_genbin7_recobin5 acc 0.0422 eff 0.0 outinratio 0.0235 

WplusH126_4e_rapidity4l_genbin7_recobin5 acc 0.0359 eff 0.0 outinratio 0.0109 

ZH126_4e_rapidity4l_genbin7_recobin5 acc 0.0395 eff 0.0 outinratio 0.0554 

ttH126_4e_rapidity4l_genbin7_recobin5 acc 0.0503 eff 0.0 outinratio 0.0224 

ggH126_4e_rapidity4l_genbin8_recobin5 acc 0.0401 eff 0.0 outinratio 0.0083 

VBFH126_4e_rapidity4l_genbin8_recobin5 acc 0.0497 eff 0.0 outinratio 0.0087 

WminusH126_4e_rapidity4l_genbin8_recobin5 acc 0.0395 eff 0.0 outinratio 0.0235 

WplusH126_4e_rapidity4l_genbin8_recobin5 acc 0.0339 eff 0.0 outinratio 0.0109 

ZH126_4e_rapidity4l_genbin8_recobin5 acc 0.0377 eff 0.0 outinratio 0.0554 

ttH126_4e_rapidity4l_genbin8_recobin5 acc 0.0378 eff 0.0 outinratio 0.0224 

ggH126_4e_rapidity4l_genbin9_recobin5 acc 0.0853 eff 0.0 outinratio 0.0083 

VBFH126_4e_rapidity4l_genbin9_recobin5 acc 0.0926 eff 0.0 outinratio 0.0087 

WminusH126_4e_rapidity4l_genbin9_recobin5 acc 0.091 eff 0.0 outinratio 0.0235 

WplusH126_4e_rapidity4l_genbin9_recobin5 acc 0.0975 eff 0.0 outinratio 0.0109 

ZH126_4e_rapidity4l_genbin9_recobin5 acc 0.0955 eff 0.0 outinratio 0.0554 

ttH126_4e_rapidity4l_genbin9_recobin5 acc 0.0678 eff 0.0 outinratio 0.0224 

ggH126_4e_rapidity4l_genbin0_recobin6 acc 0.0355 eff 0.0 outinratio 0.0099 

VBFH126_4e_rapidity4l_genbin0_recobin6 acc 0.037 eff 0.0 outinratio 0.0074 

WminusH126_4e_rapidity4l_genbin0_recobin6 acc 0.0303 eff 0.0 outinratio 0.0226 

WplusH126_4e_rapidity4l_genbin0_recobin6 acc 0.0247 eff 0.0 outinratio 0.0225 

ZH126_4e_rapidity4l_genbin0_recobin6 acc 0.0296 eff 0.0 outinratio 0.0647 

ttH126_4e_rapidity4l_genbin0_recobin6 acc 0.0454 eff 0.0 outinratio 0.0035 

ggH126_4e_rapidity4l_genbin1_recobin6 acc 0.0357 eff 0.0 outinratio 0.0099 

VBFH126_4e_rapidity4l_genbin1_recobin6 acc 0.0371 eff 0.0 outinratio 0.0074 

WminusH126_4e_rapidity4l_genbin1_recobin6 acc 0.0302 eff 0.0 outinratio 0.0226 

WplusH126_4e_rapidity4l_genbin1_recobin6 acc 0.0243 eff 0.0 outinratio 0.0225 

ZH126_4e_rapidity4l_genbin1_recobin6 acc 0.027 eff 0.0 outinratio 0.0647 

ttH126_4e_rapidity4l_genbin1_recobin6 acc 0.0486 eff 0.0 outinratio 0.0035 

ggH126_4e_rapidity4l_genbin2_recobin6 acc 0.0344 eff 0.0 outinratio 0.0099 

VBFH126_4e_rapidity4l_genbin2_recobin6 acc 0.036 eff 0.0 outinratio 0.0074 

WminusH126_4e_rapidity4l_genbin2_recobin6 acc 0.0301 eff 0.0 outinratio 0.0226 

WplusH126_4e_rapidity4l_genbin2_recobin6 acc 0.0242 eff 0.0 outinratio 0.0225 

ZH126_4e_rapidity4l_genbin2_recobin6 acc 0.0278 eff 0.0 outinratio 0.0647 

ttH126_4e_rapidity4l_genbin2_recobin6 acc 0.0439 eff 0.0 outinratio 0.0035 

ggH126_4e_rapidity4l_genbin3_recobin6 acc 0.0394 eff 0.0 outinratio 0.0099 

VBFH126_4e_rapidity4l_genbin3_recobin6 acc 0.0436 eff 0.0 outinratio 0.0074 

WminusH126_4e_rapidity4l_genbin3_recobin6 acc 0.034 eff 0.0 outinratio 0.0226 

WplusH126_4e_rapidity4l_genbin3_recobin6 acc 0.0271 eff 0.0 outinratio 0.0225 

ZH126_4e_rapidity4l_genbin3_recobin6 acc 0.033 eff 0.0 outinratio 0.0647 

ttH126_4e_rapidity4l_genbin3_recobin6 acc 0.0511 eff 0.0 outinratio 0.0035 

ggH126_4e_rapidity4l_genbin4_recobin6 acc 0.0279 eff 0.0 outinratio 0.0099 

VBFH126_4e_rapidity4l_genbin4_recobin6 acc 0.0302 eff 0.0 outinratio 0.0074 

WminusH126_4e_rapidity4l_genbin4_recobin6 acc 0.0245 eff 0.0 outinratio 0.0226 

WplusH126_4e_rapidity4l_genbin4_recobin6 acc 0.0242 eff 0.0 outinratio 0.0225 

ZH126_4e_rapidity4l_genbin4_recobin6 acc 0.0229 eff 0.0 outinratio 0.0647 

ttH126_4e_rapidity4l_genbin4_recobin6 acc 0.0368 eff 0.0 outinratio 0.0035 

ggH126_4e_rapidity4l_genbin5_recobin6 acc 0.0412 eff 0.0118 outinratio 0.0099 

VBFH126_4e_rapidity4l_genbin5_recobin6 acc 0.0392 eff 0.0109 outinratio 0.0074 

WminusH126_4e_rapidity4l_genbin5_recobin6 acc 0.0349 eff 0.0074 outinratio 0.0226 

WplusH126_4e_rapidity4l_genbin5_recobin6 acc 0.0311 eff 0.0069 outinratio 0.0225 

ZH126_4e_rapidity4l_genbin5_recobin6 acc 0.0349 eff 0.0055 outinratio 0.0647 

ttH126_4e_rapidity4l_genbin5_recobin6 acc 0.0555 eff 0.0136 outinratio 0.0035 

ggH126_4e_rapidity4l_genbin6_recobin6 acc 0.038 eff 0.3209 outinratio 0.0099 

VBFH126_4e_rapidity4l_genbin6_recobin6 acc 0.0426 eff 0.3568 outinratio 0.0074 

WminusH126_4e_rapidity4l_genbin6_recobin6 acc 0.0352 eff 0.3134 outinratio 0.0226 

WplusH126_4e_rapidity4l_genbin6_recobin6 acc 0.0295 eff 0.3523 outinratio 0.0225 

ZH126_4e_rapidity4l_genbin6_recobin6 acc 0.0319 eff 0.3264 outinratio 0.0647 

ttH126_4e_rapidity4l_genbin6_recobin6 acc 0.0471 eff 0.3336 outinratio 0.0035 

ggH126_4e_rapidity4l_genbin7_recobin6 acc 0.048 eff 0.0123 outinratio 0.0099 

VBFH126_4e_rapidity4l_genbin7_recobin6 acc 0.0528 eff 0.0084 outinratio 0.0074 

WminusH126_4e_rapidity4l_genbin7_recobin6 acc 0.0422 eff 0.0143 outinratio 0.0226 

WplusH126_4e_rapidity4l_genbin7_recobin6 acc 0.0359 eff 0.0109 outinratio 0.0225 

ZH126_4e_rapidity4l_genbin7_recobin6 acc 0.0395 eff 0.0118 outinratio 0.0647 

ttH126_4e_rapidity4l_genbin7_recobin6 acc 0.0503 eff 0.0 outinratio 0.0035 

ggH126_4e_rapidity4l_genbin8_recobin6 acc 0.0401 eff 0.0 outinratio 0.0099 

VBFH126_4e_rapidity4l_genbin8_recobin6 acc 0.0497 eff 0.0 outinratio 0.0074 

WminusH126_4e_rapidity4l_genbin8_recobin6 acc 0.0395 eff 0.0 outinratio 0.0226 

WplusH126_4e_rapidity4l_genbin8_recobin6 acc 0.0339 eff 0.0 outinratio 0.0225 

ZH126_4e_rapidity4l_genbin8_recobin6 acc 0.0377 eff 0.0 outinratio 0.0647 

ttH126_4e_rapidity4l_genbin8_recobin6 acc 0.0378 eff 0.0 outinratio 0.0035 

ggH126_4e_rapidity4l_genbin9_recobin6 acc 0.0853 eff 0.0 outinratio 0.0099 

VBFH126_4e_rapidity4l_genbin9_recobin6 acc 0.0926 eff 0.0 outinratio 0.0074 

WminusH126_4e_rapidity4l_genbin9_recobin6 acc 0.091 eff 0.0 outinratio 0.0226 

WplusH126_4e_rapidity4l_genbin9_recobin6 acc 0.0975 eff 0.0 outinratio 0.0225 

ZH126_4e_rapidity4l_genbin9_recobin6 acc 0.0955 eff 0.0 outinratio 0.0647 

ttH126_4e_rapidity4l_genbin9_recobin6 acc 0.0678 eff 0.0 outinratio 0.0035 

ggH126_4e_rapidity4l_genbin0_recobin7 acc 0.0355 eff 0.0 outinratio 0.0117 

VBFH126_4e_rapidity4l_genbin0_recobin7 acc 0.037 eff 0.0 outinratio 0.0147 

WminusH126_4e_rapidity4l_genbin0_recobin7 acc 0.0303 eff 0.0 outinratio 0.024 

WplusH126_4e_rapidity4l_genbin0_recobin7 acc 0.0247 eff 0.0 outinratio 0.0 

ZH126_4e_rapidity4l_genbin0_recobin7 acc 0.0296 eff 0.0 outinratio 0.0506 

ttH126_4e_rapidity4l_genbin0_recobin7 acc 0.0454 eff 0.0 outinratio 0.0115 

ggH126_4e_rapidity4l_genbin1_recobin7 acc 0.0357 eff 0.0 outinratio 0.0117 

VBFH126_4e_rapidity4l_genbin1_recobin7 acc 0.0371 eff 0.0 outinratio 0.0147 

WminusH126_4e_rapidity4l_genbin1_recobin7 acc 0.0302 eff 0.0 outinratio 0.024 

WplusH126_4e_rapidity4l_genbin1_recobin7 acc 0.0243 eff 0.0 outinratio 0.0 

ZH126_4e_rapidity4l_genbin1_recobin7 acc 0.027 eff 0.0 outinratio 0.0506 

ttH126_4e_rapidity4l_genbin1_recobin7 acc 0.0486 eff 0.0 outinratio 0.0115 

ggH126_4e_rapidity4l_genbin2_recobin7 acc 0.0344 eff 0.0 outinratio 0.0117 

VBFH126_4e_rapidity4l_genbin2_recobin7 acc 0.036 eff 0.0 outinratio 0.0147 

WminusH126_4e_rapidity4l_genbin2_recobin7 acc 0.0301 eff 0.0 outinratio 0.024 

WplusH126_4e_rapidity4l_genbin2_recobin7 acc 0.0242 eff 0.0 outinratio 0.0 

ZH126_4e_rapidity4l_genbin2_recobin7 acc 0.0278 eff 0.0 outinratio 0.0506 

ttH126_4e_rapidity4l_genbin2_recobin7 acc 0.0439 eff 0.0 outinratio 0.0115 

ggH126_4e_rapidity4l_genbin3_recobin7 acc 0.0394 eff 0.0 outinratio 0.0117 

VBFH126_4e_rapidity4l_genbin3_recobin7 acc 0.0436 eff 0.0 outinratio 0.0147 

WminusH126_4e_rapidity4l_genbin3_recobin7 acc 0.034 eff 0.0 outinratio 0.024 

WplusH126_4e_rapidity4l_genbin3_recobin7 acc 0.0271 eff 0.0 outinratio 0.0 

ZH126_4e_rapidity4l_genbin3_recobin7 acc 0.033 eff 0.0 outinratio 0.0506 

ttH126_4e_rapidity4l_genbin3_recobin7 acc 0.0511 eff 0.0 outinratio 0.0115 

ggH126_4e_rapidity4l_genbin4_recobin7 acc 0.0279 eff 0.0 outinratio 0.0117 

VBFH126_4e_rapidity4l_genbin4_recobin7 acc 0.0302 eff 0.0 outinratio 0.0147 

WminusH126_4e_rapidity4l_genbin4_recobin7 acc 0.0245 eff 0.0 outinratio 0.024 

WplusH126_4e_rapidity4l_genbin4_recobin7 acc 0.0242 eff 0.0 outinratio 0.0 

ZH126_4e_rapidity4l_genbin4_recobin7 acc 0.0229 eff 0.0 outinratio 0.0506 

ttH126_4e_rapidity4l_genbin4_recobin7 acc 0.0368 eff 0.0 outinratio 0.0115 

ggH126_4e_rapidity4l_genbin5_recobin7 acc 0.0412 eff 0.0 outinratio 0.0117 

VBFH126_4e_rapidity4l_genbin5_recobin7 acc 0.0392 eff 0.0 outinratio 0.0147 

WminusH126_4e_rapidity4l_genbin5_recobin7 acc 0.0349 eff 0.0 outinratio 0.024 

WplusH126_4e_rapidity4l_genbin5_recobin7 acc 0.0311 eff 0.0 outinratio 0.0 

ZH126_4e_rapidity4l_genbin5_recobin7 acc 0.0349 eff 0.0 outinratio 0.0506 

ttH126_4e_rapidity4l_genbin5_recobin7 acc 0.0555 eff 0.0 outinratio 0.0115 

ggH126_4e_rapidity4l_genbin6_recobin7 acc 0.038 eff 0.0085 outinratio 0.0117 

VBFH126_4e_rapidity4l_genbin6_recobin7 acc 0.0426 eff 0.0099 outinratio 0.0147 

WminusH126_4e_rapidity4l_genbin6_recobin7 acc 0.0352 eff 0.0111 outinratio 0.024 

WplusH126_4e_rapidity4l_genbin6_recobin7 acc 0.0295 eff 0.0059 outinratio 0.0 

ZH126_4e_rapidity4l_genbin6_recobin7 acc 0.0319 eff 0.0144 outinratio 0.0506 

ttH126_4e_rapidity4l_genbin6_recobin7 acc 0.0471 eff 0.0 outinratio 0.0115 

ggH126_4e_rapidity4l_genbin7_recobin7 acc 0.048 eff 0.2929 outinratio 0.0117 

VBFH126_4e_rapidity4l_genbin7_recobin7 acc 0.0528 eff 0.3315 outinratio 0.0147 

WminusH126_4e_rapidity4l_genbin7_recobin7 acc 0.0422 eff 0.2888 outinratio 0.024 

WplusH126_4e_rapidity4l_genbin7_recobin7 acc 0.0359 eff 0.3645 outinratio 0.0 

ZH126_4e_rapidity4l_genbin7_recobin7 acc 0.0395 eff 0.3232 outinratio 0.0506 

ttH126_4e_rapidity4l_genbin7_recobin7 acc 0.0503 eff 0.253 outinratio 0.0115 

ggH126_4e_rapidity4l_genbin8_recobin7 acc 0.0401 eff 0.0125 outinratio 0.0117 

VBFH126_4e_rapidity4l_genbin8_recobin7 acc 0.0497 eff 0.0115 outinratio 0.0147 

WminusH126_4e_rapidity4l_genbin8_recobin7 acc 0.0395 eff 0.0063 outinratio 0.024 

WplusH126_4e_rapidity4l_genbin8_recobin7 acc 0.0339 eff 0.008 outinratio 0.0 

ZH126_4e_rapidity4l_genbin8_recobin7 acc 0.0377 eff 0.0092 outinratio 0.0506 

ttH126_4e_rapidity4l_genbin8_recobin7 acc 0.0378 eff 0.0 outinratio 0.0115 

ggH126_4e_rapidity4l_genbin9_recobin7 acc 0.0853 eff 0.0 outinratio 0.0117 

VBFH126_4e_rapidity4l_genbin9_recobin7 acc 0.0926 eff 0.0 outinratio 0.0147 

WminusH126_4e_rapidity4l_genbin9_recobin7 acc 0.091 eff 0.0 outinratio 0.024 

WplusH126_4e_rapidity4l_genbin9_recobin7 acc 0.0975 eff 0.0 outinratio 0.0 

ZH126_4e_rapidity4l_genbin9_recobin7 acc 0.0955 eff 0.0 outinratio 0.0506 

ttH126_4e_rapidity4l_genbin9_recobin7 acc 0.0678 eff 0.0 outinratio 0.0115 

ggH126_4e_rapidity4l_genbin0_recobin8 acc 0.0355 eff 0.0 outinratio 0.0135 

VBFH126_4e_rapidity4l_genbin0_recobin8 acc 0.037 eff 0.0 outinratio 0.0036 

WminusH126_4e_rapidity4l_genbin0_recobin8 acc 0.0303 eff 0.0 outinratio 0.0177 

WplusH126_4e_rapidity4l_genbin0_recobin8 acc 0.0247 eff 0.0 outinratio 0.0 

ZH126_4e_rapidity4l_genbin0_recobin8 acc 0.0296 eff 0.0 outinratio 0.0623 

ttH126_4e_rapidity4l_genbin0_recobin8 acc 0.0454 eff 0.0 outinratio 0.1221 

ggH126_4e_rapidity4l_genbin1_recobin8 acc 0.0357 eff 0.0 outinratio 0.0135 

VBFH126_4e_rapidity4l_genbin1_recobin8 acc 0.0371 eff 0.0 outinratio 0.0036 

WminusH126_4e_rapidity4l_genbin1_recobin8 acc 0.0302 eff 0.0 outinratio 0.0177 

WplusH126_4e_rapidity4l_genbin1_recobin8 acc 0.0243 eff 0.0 outinratio 0.0 

ZH126_4e_rapidity4l_genbin1_recobin8 acc 0.027 eff 0.0 outinratio 0.0623 

ttH126_4e_rapidity4l_genbin1_recobin8 acc 0.0486 eff 0.0 outinratio 0.1221 

ggH126_4e_rapidity4l_genbin2_recobin8 acc 0.0344 eff 0.0 outinratio 0.0135 

VBFH126_4e_rapidity4l_genbin2_recobin8 acc 0.036 eff 0.0 outinratio 0.0036 

WminusH126_4e_rapidity4l_genbin2_recobin8 acc 0.0301 eff 0.0 outinratio 0.0177 

WplusH126_4e_rapidity4l_genbin2_recobin8 acc 0.0242 eff 0.0 outinratio 0.0 

ZH126_4e_rapidity4l_genbin2_recobin8 acc 0.0278 eff 0.0 outinratio 0.0623 

ttH126_4e_rapidity4l_genbin2_recobin8 acc 0.0439 eff 0.0 outinratio 0.1221 

ggH126_4e_rapidity4l_genbin3_recobin8 acc 0.0394 eff 0.0 outinratio 0.0135 

VBFH126_4e_rapidity4l_genbin3_recobin8 acc 0.0436 eff 0.0 outinratio 0.0036 

WminusH126_4e_rapidity4l_genbin3_recobin8 acc 0.034 eff 0.0 outinratio 0.0177 

WplusH126_4e_rapidity4l_genbin3_recobin8 acc 0.0271 eff 0.0 outinratio 0.0 

ZH126_4e_rapidity4l_genbin3_recobin8 acc 0.033 eff 0.0 outinratio 0.0623 

ttH126_4e_rapidity4l_genbin3_recobin8 acc 0.0511 eff 0.0 outinratio 0.1221 

ggH126_4e_rapidity4l_genbin4_recobin8 acc 0.0279 eff 0.0 outinratio 0.0135 

VBFH126_4e_rapidity4l_genbin4_recobin8 acc 0.0302 eff 0.0 outinratio 0.0036 

WminusH126_4e_rapidity4l_genbin4_recobin8 acc 0.0245 eff 0.0 outinratio 0.0177 

WplusH126_4e_rapidity4l_genbin4_recobin8 acc 0.0242 eff 0.0 outinratio 0.0 

ZH126_4e_rapidity4l_genbin4_recobin8 acc 0.0229 eff 0.0 outinratio 0.0623 

ttH126_4e_rapidity4l_genbin4_recobin8 acc 0.0368 eff 0.0 outinratio 0.1221 

ggH126_4e_rapidity4l_genbin5_recobin8 acc 0.0412 eff 0.0 outinratio 0.0135 

VBFH126_4e_rapidity4l_genbin5_recobin8 acc 0.0392 eff 0.0 outinratio 0.0036 

WminusH126_4e_rapidity4l_genbin5_recobin8 acc 0.0349 eff 0.0 outinratio 0.0177 

WplusH126_4e_rapidity4l_genbin5_recobin8 acc 0.0311 eff 0.0 outinratio 0.0 

ZH126_4e_rapidity4l_genbin5_recobin8 acc 0.0349 eff 0.0 outinratio 0.0623 

ttH126_4e_rapidity4l_genbin5_recobin8 acc 0.0555 eff 0.0 outinratio 0.1221 

ggH126_4e_rapidity4l_genbin6_recobin8 acc 0.038 eff 0.0 outinratio 0.0135 

VBFH126_4e_rapidity4l_genbin6_recobin8 acc 0.0426 eff 0.0 outinratio 0.0036 

WminusH126_4e_rapidity4l_genbin6_recobin8 acc 0.0352 eff 0.0 outinratio 0.0177 

WplusH126_4e_rapidity4l_genbin6_recobin8 acc 0.0295 eff 0.0 outinratio 0.0 

ZH126_4e_rapidity4l_genbin6_recobin8 acc 0.0319 eff 0.0 outinratio 0.0623 

ttH126_4e_rapidity4l_genbin6_recobin8 acc 0.0471 eff 0.0 outinratio 0.1221 

ggH126_4e_rapidity4l_genbin7_recobin8 acc 0.048 eff 0.0048 outinratio 0.0135 

VBFH126_4e_rapidity4l_genbin7_recobin8 acc 0.0528 eff 0.0129 outinratio 0.0036 

WminusH126_4e_rapidity4l_genbin7_recobin8 acc 0.0422 eff 0.0044 outinratio 0.0177 

WplusH126_4e_rapidity4l_genbin7_recobin8 acc 0.0359 eff 0.008 outinratio 0.0 

ZH126_4e_rapidity4l_genbin7_recobin8 acc 0.0395 eff 0.0083 outinratio 0.0623 

ttH126_4e_rapidity4l_genbin7_recobin8 acc 0.0503 eff 0.0 outinratio 0.1221 

ggH126_4e_rapidity4l_genbin8_recobin8 acc 0.0401 eff 0.2825 outinratio 0.0135 

VBFH126_4e_rapidity4l_genbin8_recobin8 acc 0.0497 eff 0.3359 outinratio 0.0036 

WminusH126_4e_rapidity4l_genbin8_recobin8 acc 0.0395 eff 0.2623 outinratio 0.0177 

WplusH126_4e_rapidity4l_genbin8_recobin8 acc 0.0339 eff 0.3084 outinratio 0.0 

ZH126_4e_rapidity4l_genbin8_recobin8 acc 0.0377 eff 0.2722 outinratio 0.0623 

ttH126_4e_rapidity4l_genbin8_recobin8 acc 0.0378 eff 0.1987 outinratio 0.1221 

ggH126_4e_rapidity4l_genbin9_recobin8 acc 0.0853 eff 0.0035 outinratio 0.0135 

VBFH126_4e_rapidity4l_genbin9_recobin8 acc 0.0926 eff 0.0034 outinratio 0.0036 

WminusH126_4e_rapidity4l_genbin9_recobin8 acc 0.091 eff 0.0027 outinratio 0.0177 

WplusH126_4e_rapidity4l_genbin9_recobin8 acc 0.0975 eff 0.0017 outinratio 0.0 

ZH126_4e_rapidity4l_genbin9_recobin8 acc 0.0955 eff 0.0032 outinratio 0.0623 

ttH126_4e_rapidity4l_genbin9_recobin8 acc 0.0678 eff 0.0 outinratio 0.1221 

ggH126_4e_rapidity4l_genbin0_recobin9 acc 0.0355 eff 0.0 outinratio 0.0045 

VBFH126_4e_rapidity4l_genbin0_recobin9 acc 0.037 eff 0.0 outinratio 0.0132 

WminusH126_4e_rapidity4l_genbin0_recobin9 acc 0.0303 eff 0.0 outinratio 0.0285 

WplusH126_4e_rapidity4l_genbin0_recobin9 acc 0.0247 eff 0.0 outinratio 0.0119 

ZH126_4e_rapidity4l_genbin0_recobin9 acc 0.0296 eff 0.0 outinratio 0.0443 

ttH126_4e_rapidity4l_genbin0_recobin9 acc 0.0454 eff 0.0 outinratio 0.0051 

ggH126_4e_rapidity4l_genbin1_recobin9 acc 0.0357 eff 0.0 outinratio 0.0045 

VBFH126_4e_rapidity4l_genbin1_recobin9 acc 0.0371 eff 0.0 outinratio 0.0132 

WminusH126_4e_rapidity4l_genbin1_recobin9 acc 0.0302 eff 0.0 outinratio 0.0285 

WplusH126_4e_rapidity4l_genbin1_recobin9 acc 0.0243 eff 0.0 outinratio 0.0119 

ZH126_4e_rapidity4l_genbin1_recobin9 acc 0.027 eff 0.0 outinratio 0.0443 

ttH126_4e_rapidity4l_genbin1_recobin9 acc 0.0486 eff 0.0 outinratio 0.0051 

ggH126_4e_rapidity4l_genbin2_recobin9 acc 0.0344 eff 0.0 outinratio 0.0045 

VBFH126_4e_rapidity4l_genbin2_recobin9 acc 0.036 eff 0.0 outinratio 0.0132 

WminusH126_4e_rapidity4l_genbin2_recobin9 acc 0.0301 eff 0.0 outinratio 0.0285 

WplusH126_4e_rapidity4l_genbin2_recobin9 acc 0.0242 eff 0.0 outinratio 0.0119 

ZH126_4e_rapidity4l_genbin2_recobin9 acc 0.0278 eff 0.0 outinratio 0.0443 

ttH126_4e_rapidity4l_genbin2_recobin9 acc 0.0439 eff 0.0 outinratio 0.0051 

ggH126_4e_rapidity4l_genbin3_recobin9 acc 0.0394 eff 0.0 outinratio 0.0045 

VBFH126_4e_rapidity4l_genbin3_recobin9 acc 0.0436 eff 0.0 outinratio 0.0132 

WminusH126_4e_rapidity4l_genbin3_recobin9 acc 0.034 eff 0.0 outinratio 0.0285 

WplusH126_4e_rapidity4l_genbin3_recobin9 acc 0.0271 eff 0.0 outinratio 0.0119 

ZH126_4e_rapidity4l_genbin3_recobin9 acc 0.033 eff 0.0 outinratio 0.0443 

ttH126_4e_rapidity4l_genbin3_recobin9 acc 0.0511 eff 0.0 outinratio 0.0051 

ggH126_4e_rapidity4l_genbin4_recobin9 acc 0.0279 eff 0.0 outinratio 0.0045 

VBFH126_4e_rapidity4l_genbin4_recobin9 acc 0.0302 eff 0.0 outinratio 0.0132 

WminusH126_4e_rapidity4l_genbin4_recobin9 acc 0.0245 eff 0.0 outinratio 0.0285 

WplusH126_4e_rapidity4l_genbin4_recobin9 acc 0.0242 eff 0.0 outinratio 0.0119 

ZH126_4e_rapidity4l_genbin4_recobin9 acc 0.0229 eff 0.0 outinratio 0.0443 

ttH126_4e_rapidity4l_genbin4_recobin9 acc 0.0368 eff 0.0 outinratio 0.0051 

ggH126_4e_rapidity4l_genbin5_recobin9 acc 0.0412 eff 0.0 outinratio 0.0045 

VBFH126_4e_rapidity4l_genbin5_recobin9 acc 0.0392 eff 0.0 outinratio 0.0132 

WminusH126_4e_rapidity4l_genbin5_recobin9 acc 0.0349 eff 0.0 outinratio 0.0285 

WplusH126_4e_rapidity4l_genbin5_recobin9 acc 0.0311 eff 0.0 outinratio 0.0119 

ZH126_4e_rapidity4l_genbin5_recobin9 acc 0.0349 eff 0.0 outinratio 0.0443 

ttH126_4e_rapidity4l_genbin5_recobin9 acc 0.0555 eff 0.0 outinratio 0.0051 

ggH126_4e_rapidity4l_genbin6_recobin9 acc 0.038 eff 0.0 outinratio 0.0045 

VBFH126_4e_rapidity4l_genbin6_recobin9 acc 0.0426 eff 0.0 outinratio 0.0132 

WminusH126_4e_rapidity4l_genbin6_recobin9 acc 0.0352 eff 0.0 outinratio 0.0285 

WplusH126_4e_rapidity4l_genbin6_recobin9 acc 0.0295 eff 0.0 outinratio 0.0119 

ZH126_4e_rapidity4l_genbin6_recobin9 acc 0.0319 eff 0.0 outinratio 0.0443 

ttH126_4e_rapidity4l_genbin6_recobin9 acc 0.0471 eff 0.0 outinratio 0.0051 

ggH126_4e_rapidity4l_genbin7_recobin9 acc 0.048 eff 0.0 outinratio 0.0045 

VBFH126_4e_rapidity4l_genbin7_recobin9 acc 0.0528 eff 0.0 outinratio 0.0132 

WminusH126_4e_rapidity4l_genbin7_recobin9 acc 0.0422 eff 0.0 outinratio 0.0285 

WplusH126_4e_rapidity4l_genbin7_recobin9 acc 0.0359 eff 0.0 outinratio 0.0119 

ZH126_4e_rapidity4l_genbin7_recobin9 acc 0.0395 eff 0.0 outinratio 0.0443 

ttH126_4e_rapidity4l_genbin7_recobin9 acc 0.0503 eff 0.0 outinratio 0.0051 

ggH126_4e_rapidity4l_genbin8_recobin9 acc 0.0401 eff 0.0069 outinratio 0.0045 

VBFH126_4e_rapidity4l_genbin8_recobin9 acc 0.0497 eff 0.0006 outinratio 0.0132 

WminusH126_4e_rapidity4l_genbin8_recobin9 acc 0.0395 eff 0.0071 outinratio 0.0285 

WplusH126_4e_rapidity4l_genbin8_recobin9 acc 0.0339 eff 0.0081 outinratio 0.0119 

ZH126_4e_rapidity4l_genbin8_recobin9 acc 0.0377 eff 0.007 outinratio 0.0443 

ttH126_4e_rapidity4l_genbin8_recobin9 acc 0.0378 eff 0.0045 outinratio 0.0051 

ggH126_4e_rapidity4l_genbin9_recobin9 acc 0.0853 eff 0.2385 outinratio 0.0045 

VBFH126_4e_rapidity4l_genbin9_recobin9 acc 0.0926 eff 0.3026 outinratio 0.0132 

WminusH126_4e_rapidity4l_genbin9_recobin9 acc 0.091 eff 0.2131 outinratio 0.0285 

WplusH126_4e_rapidity4l_genbin9_recobin9 acc 0.0975 eff 0.2333 outinratio 0.0119 

ZH126_4e_rapidity4l_genbin9_recobin9 acc 0.0955 eff 0.2332 outinratio 0.0443 

ttH126_4e_rapidity4l_genbin9_recobin9 acc 0.0678 eff 0.2203 outinratio 0.0051 

ggH126_4mu_rapidity4l_genbin0_recobin0 acc 0.0435 eff 0.7035 outinratio 0.0104 

VBFH126_4mu_rapidity4l_genbin0_recobin0 acc 0.0454 eff 0.7849 outinratio 0.0109 

WminusH126_4mu_rapidity4l_genbin0_recobin0 acc 0.0355 eff 0.6561 outinratio 0.0063 

WplusH126_4mu_rapidity4l_genbin0_recobin0 acc 0.0276 eff 0.6566 outinratio 0.011 

ZH126_4mu_rapidity4l_genbin0_recobin0 acc 0.0308 eff 0.6994 outinratio 0.0475 

ttH126_4mu_rapidity4l_genbin0_recobin0 acc 0.0539 eff 0.4946 outinratio 0.0182 

ggH126_4mu_rapidity4l_genbin1_recobin0 acc 0.0397 eff 0.0109 outinratio 0.0104 

VBFH126_4mu_rapidity4l_genbin1_recobin0 acc 0.042 eff 0.0138 outinratio 0.0109 

WminusH126_4mu_rapidity4l_genbin1_recobin0 acc 0.0325 eff 0.0112 outinratio 0.0063 

WplusH126_4mu_rapidity4l_genbin1_recobin0 acc 0.0307 eff 0.0197 outinratio 0.011 

ZH126_4mu_rapidity4l_genbin1_recobin0 acc 0.0318 eff 0.015 outinratio 0.0475 

ttH126_4mu_rapidity4l_genbin1_recobin0 acc 0.0595 eff 0.0094 outinratio 0.0182 

ggH126_4mu_rapidity4l_genbin2_recobin0 acc 0.0406 eff 0.0 outinratio 0.0104 

VBFH126_4mu_rapidity4l_genbin2_recobin0 acc 0.0478 eff 0.0 outinratio 0.0109 

WminusH126_4mu_rapidity4l_genbin2_recobin0 acc 0.0349 eff 0.0 outinratio 0.0063 

WplusH126_4mu_rapidity4l_genbin2_recobin0 acc 0.0275 eff 0.0 outinratio 0.011 

ZH126_4mu_rapidity4l_genbin2_recobin0 acc 0.0323 eff 0.0 outinratio 0.0475 

ttH126_4mu_rapidity4l_genbin2_recobin0 acc 0.0455 eff 0.0 outinratio 0.0182 

ggH126_4mu_rapidity4l_genbin3_recobin0 acc 0.0483 eff 0.0 outinratio 0.0104 

VBFH126_4mu_rapidity4l_genbin3_recobin0 acc 0.05 eff 0.0 outinratio 0.0109 

WminusH126_4mu_rapidity4l_genbin3_recobin0 acc 0.042 eff 0.0 outinratio 0.0063 

WplusH126_4mu_rapidity4l_genbin3_recobin0 acc 0.0349 eff 0.0 outinratio 0.011 

ZH126_4mu_rapidity4l_genbin3_recobin0 acc 0.037 eff 0.0 outinratio 0.0475 

ttH126_4mu_rapidity4l_genbin3_recobin0 acc 0.0547 eff 0.0 outinratio 0.0182 

ggH126_4mu_rapidity4l_genbin4_recobin0 acc 0.0327 eff 0.0 outinratio 0.0104 

VBFH126_4mu_rapidity4l_genbin4_recobin0 acc 0.036 eff 0.0 outinratio 0.0109 

WminusH126_4mu_rapidity4l_genbin4_recobin0 acc 0.0276 eff 0.0 outinratio 0.0063 

WplusH126_4mu_rapidity4l_genbin4_recobin0 acc 0.0254 eff 0.0 outinratio 0.011 

ZH126_4mu_rapidity4l_genbin4_recobin0 acc 0.0259 eff 0.0 outinratio 0.0475 

ttH126_4mu_rapidity4l_genbin4_recobin0 acc 0.0457 eff 0.0 outinratio 0.0182 

ggH126_4mu_rapidity4l_genbin5_recobin0 acc 0.0481 eff 0.0 outinratio 0.0104 

VBFH126_4mu_rapidity4l_genbin5_recobin0 acc 0.0482 eff 0.0 outinratio 0.0109 

WminusH126_4mu_rapidity4l_genbin5_recobin0 acc 0.0397 eff 0.0 outinratio 0.0063 

WplusH126_4mu_rapidity4l_genbin5_recobin0 acc 0.0319 eff 0.0 outinratio 0.011 

ZH126_4mu_rapidity4l_genbin5_recobin0 acc 0.0396 eff 0.0 outinratio 0.0475 

ttH126_4mu_rapidity4l_genbin5_recobin0 acc 0.0508 eff 0.0 outinratio 0.0182 

ggH126_4mu_rapidity4l_genbin6_recobin0 acc 0.0451 eff 0.0 outinratio 0.0104 

VBFH126_4mu_rapidity4l_genbin6_recobin0 acc 0.0478 eff 0.0 outinratio 0.0109 

WminusH126_4mu_rapidity4l_genbin6_recobin0 acc 0.0382 eff 0.0 outinratio 0.0063 

WplusH126_4mu_rapidity4l_genbin6_recobin0 acc 0.0337 eff 0.0 outinratio 0.011 

ZH126_4mu_rapidity4l_genbin6_recobin0 acc 0.0365 eff 0.0 outinratio 0.0475 

ttH126_4mu_rapidity4l_genbin6_recobin0 acc 0.057 eff 0.0 outinratio 0.0182 

ggH126_4mu_rapidity4l_genbin7_recobin0 acc 0.0541 eff 0.0 outinratio 0.0104 

VBFH126_4mu_rapidity4l_genbin7_recobin0 acc 0.0572 eff 0.0 outinratio 0.0109 

WminusH126_4mu_rapidity4l_genbin7_recobin0 acc 0.0493 eff 0.0 outinratio 0.0063 

WplusH126_4mu_rapidity4l_genbin7_recobin0 acc 0.0457 eff 0.0 outinratio 0.011 

ZH126_4mu_rapidity4l_genbin7_recobin0 acc 0.0467 eff 0.0 outinratio 0.0475 

ttH126_4mu_rapidity4l_genbin7_recobin0 acc 0.0544 eff 0.0 outinratio 0.0182 

ggH126_4mu_rapidity4l_genbin8_recobin0 acc 0.0432 eff 0.0 outinratio 0.0104 

VBFH126_4mu_rapidity4l_genbin8_recobin0 acc 0.0444 eff 0.0 outinratio 0.0109 

WminusH126_4mu_rapidity4l_genbin8_recobin0 acc 0.0444 eff 0.0 outinratio 0.0063 

WplusH126_4mu_rapidity4l_genbin8_recobin0 acc 0.041 eff 0.0 outinratio 0.011 

ZH126_4mu_rapidity4l_genbin8_recobin0 acc 0.041 eff 0.0 outinratio 0.0475 

ttH126_4mu_rapidity4l_genbin8_recobin0 acc 0.0473 eff 0.0 outinratio 0.0182 

ggH126_4mu_rapidity4l_genbin9_recobin0 acc 0.0825 eff 0.0 outinratio 0.0104 

VBFH126_4mu_rapidity4l_genbin9_recobin0 acc 0.0933 eff 0.0 outinratio 0.0109 

WminusH126_4mu_rapidity4l_genbin9_recobin0 acc 0.0903 eff 0.0 outinratio 0.0063 

WplusH126_4mu_rapidity4l_genbin9_recobin0 acc 0.0939 eff 0.0 outinratio 0.011 

ZH126_4mu_rapidity4l_genbin9_recobin0 acc 0.0903 eff 0.0 outinratio 0.0475 

ttH126_4mu_rapidity4l_genbin9_recobin0 acc 0.0731 eff 0.0 outinratio 0.0182 

ggH126_4mu_rapidity4l_genbin0_recobin1 acc 0.0435 eff 0.0116 outinratio 0.0054 

VBFH126_4mu_rapidity4l_genbin0_recobin1 acc 0.0454 eff 0.0106 outinratio 0.0077 

WminusH126_4mu_rapidity4l_genbin0_recobin1 acc 0.0355 eff 0.0076 outinratio 0.0074 

WplusH126_4mu_rapidity4l_genbin0_recobin1 acc 0.0276 eff 0.0065 outinratio 0.0153 

ZH126_4mu_rapidity4l_genbin0_recobin1 acc 0.0308 eff 0.0144 outinratio 0.0483 

ttH126_4mu_rapidity4l_genbin0_recobin1 acc 0.0539 eff 0.0121 outinratio 0.0435 

ggH126_4mu_rapidity4l_genbin1_recobin1 acc 0.0397 eff 0.6954 outinratio 0.0054 

VBFH126_4mu_rapidity4l_genbin1_recobin1 acc 0.042 eff 0.7017 outinratio 0.0077 

WminusH126_4mu_rapidity4l_genbin1_recobin1 acc 0.0325 eff 0.6795 outinratio 0.0074 

WplusH126_4mu_rapidity4l_genbin1_recobin1 acc 0.0307 eff 0.65 outinratio 0.0153 

ZH126_4mu_rapidity4l_genbin1_recobin1 acc 0.0318 eff 0.6295 outinratio 0.0483 

ttH126_4mu_rapidity4l_genbin1_recobin1 acc 0.0595 eff 0.4329 outinratio 0.0435 

ggH126_4mu_rapidity4l_genbin2_recobin1 acc 0.0406 eff 0.0142 outinratio 0.0054 

VBFH126_4mu_rapidity4l_genbin2_recobin1 acc 0.0478 eff 0.0075 outinratio 0.0077 

WminusH126_4mu_rapidity4l_genbin2_recobin1 acc 0.0349 eff 0.0124 outinratio 0.0074 

WplusH126_4mu_rapidity4l_genbin2_recobin1 acc 0.0275 eff 0.0232 outinratio 0.0153 

ZH126_4mu_rapidity4l_genbin2_recobin1 acc 0.0323 eff 0.0175 outinratio 0.0483 

ttH126_4mu_rapidity4l_genbin2_recobin1 acc 0.0455 eff 0.0 outinratio 0.0435 

ggH126_4mu_rapidity4l_genbin3_recobin1 acc 0.0483 eff 0.0 outinratio 0.0054 

VBFH126_4mu_rapidity4l_genbin3_recobin1 acc 0.05 eff 0.0 outinratio 0.0077 

WminusH126_4mu_rapidity4l_genbin3_recobin1 acc 0.042 eff 0.0 outinratio 0.0074 

WplusH126_4mu_rapidity4l_genbin3_recobin1 acc 0.0349 eff 0.0 outinratio 0.0153 

ZH126_4mu_rapidity4l_genbin3_recobin1 acc 0.037 eff 0.0 outinratio 0.0483 

ttH126_4mu_rapidity4l_genbin3_recobin1 acc 0.0547 eff 0.0 outinratio 0.0435 

ggH126_4mu_rapidity4l_genbin4_recobin1 acc 0.0327 eff 0.0 outinratio 0.0054 

VBFH126_4mu_rapidity4l_genbin4_recobin1 acc 0.036 eff 0.0 outinratio 0.0077 

WminusH126_4mu_rapidity4l_genbin4_recobin1 acc 0.0276 eff 0.0 outinratio 0.0074 

WplusH126_4mu_rapidity4l_genbin4_recobin1 acc 0.0254 eff 0.0 outinratio 0.0153 

ZH126_4mu_rapidity4l_genbin4_recobin1 acc 0.0259 eff 0.0 outinratio 0.0483 

ttH126_4mu_rapidity4l_genbin4_recobin1 acc 0.0457 eff 0.0 outinratio 0.0435 

ggH126_4mu_rapidity4l_genbin5_recobin1 acc 0.0481 eff 0.0 outinratio 0.0054 

VBFH126_4mu_rapidity4l_genbin5_recobin1 acc 0.0482 eff 0.0 outinratio 0.0077 

WminusH126_4mu_rapidity4l_genbin5_recobin1 acc 0.0397 eff 0.0 outinratio 0.0074 

WplusH126_4mu_rapidity4l_genbin5_recobin1 acc 0.0319 eff 0.0 outinratio 0.0153 

ZH126_4mu_rapidity4l_genbin5_recobin1 acc 0.0396 eff 0.0 outinratio 0.0483 

ttH126_4mu_rapidity4l_genbin5_recobin1 acc 0.0508 eff 0.0 outinratio 0.0435 

ggH126_4mu_rapidity4l_genbin6_recobin1 acc 0.0451 eff 0.0 outinratio 0.0054 

VBFH126_4mu_rapidity4l_genbin6_recobin1 acc 0.0478 eff 0.0 outinratio 0.0077 

WminusH126_4mu_rapidity4l_genbin6_recobin1 acc 0.0382 eff 0.0 outinratio 0.0074 

WplusH126_4mu_rapidity4l_genbin6_recobin1 acc 0.0337 eff 0.0 outinratio 0.0153 

ZH126_4mu_rapidity4l_genbin6_recobin1 acc 0.0365 eff 0.0 outinratio 0.0483 

ttH126_4mu_rapidity4l_genbin6_recobin1 acc 0.057 eff 0.0 outinratio 0.0435 

ggH126_4mu_rapidity4l_genbin7_recobin1 acc 0.0541 eff 0.0 outinratio 0.0054 

VBFH126_4mu_rapidity4l_genbin7_recobin1 acc 0.0572 eff 0.0 outinratio 0.0077 

WminusH126_4mu_rapidity4l_genbin7_recobin1 acc 0.0493 eff 0.0 outinratio 0.0074 

WplusH126_4mu_rapidity4l_genbin7_recobin1 acc 0.0457 eff 0.0 outinratio 0.0153 

ZH126_4mu_rapidity4l_genbin7_recobin1 acc 0.0467 eff 0.0 outinratio 0.0483 

ttH126_4mu_rapidity4l_genbin7_recobin1 acc 0.0544 eff 0.0 outinratio 0.0435 

ggH126_4mu_rapidity4l_genbin8_recobin1 acc 0.0432 eff 0.0 outinratio 0.0054 

VBFH126_4mu_rapidity4l_genbin8_recobin1 acc 0.0444 eff 0.0 outinratio 0.0077 

WminusH126_4mu_rapidity4l_genbin8_recobin1 acc 0.0444 eff 0.0 outinratio 0.0074 

WplusH126_4mu_rapidity4l_genbin8_recobin1 acc 0.041 eff 0.0 outinratio 0.0153 

ZH126_4mu_rapidity4l_genbin8_recobin1 acc 0.041 eff 0.0 outinratio 0.0483 

ttH126_4mu_rapidity4l_genbin8_recobin1 acc 0.0473 eff 0.0 outinratio 0.0435 

ggH126_4mu_rapidity4l_genbin9_recobin1 acc 0.0825 eff 0.0 outinratio 0.0054 

VBFH126_4mu_rapidity4l_genbin9_recobin1 acc 0.0933 eff 0.0 outinratio 0.0077 

WminusH126_4mu_rapidity4l_genbin9_recobin1 acc 0.0903 eff 0.0 outinratio 0.0074 

WplusH126_4mu_rapidity4l_genbin9_recobin1 acc 0.0939 eff 0.0 outinratio 0.0153 

ZH126_4mu_rapidity4l_genbin9_recobin1 acc 0.0903 eff 0.0 outinratio 0.0483 

ttH126_4mu_rapidity4l_genbin9_recobin1 acc 0.0731 eff 0.0 outinratio 0.0435 

ggH126_4mu_rapidity4l_genbin0_recobin2 acc 0.0435 eff 0.0 outinratio 0.0073 

VBFH126_4mu_rapidity4l_genbin0_recobin2 acc 0.0454 eff 0.0 outinratio 0.0084 

WminusH126_4mu_rapidity4l_genbin0_recobin2 acc 0.0355 eff 0.0 outinratio 0.0121 

WplusH126_4mu_rapidity4l_genbin0_recobin2 acc 0.0276 eff 0.0 outinratio 0.0161 

ZH126_4mu_rapidity4l_genbin0_recobin2 acc 0.0308 eff 0.0 outinratio 0.0452 

ttH126_4mu_rapidity4l_genbin0_recobin2 acc 0.0539 eff 0.0 outinratio 0.0456 

ggH126_4mu_rapidity4l_genbin1_recobin2 acc 0.0397 eff 0.0121 outinratio 0.0073 

VBFH126_4mu_rapidity4l_genbin1_recobin2 acc 0.042 eff 0.0195 outinratio 0.0084 

WminusH126_4mu_rapidity4l_genbin1_recobin2 acc 0.0325 eff 0.0121 outinratio 0.0121 

WplusH126_4mu_rapidity4l_genbin1_recobin2 acc 0.0307 eff 0.0068 outinratio 0.0161 

ZH126_4mu_rapidity4l_genbin1_recobin2 acc 0.0318 eff 0.0096 outinratio 0.0452 

ttH126_4mu_rapidity4l_genbin1_recobin2 acc 0.0595 eff 0.0097 outinratio 0.0456 

ggH126_4mu_rapidity4l_genbin2_recobin2 acc 0.0406 eff 0.6702 outinratio 0.0073 

VBFH126_4mu_rapidity4l_genbin2_recobin2 acc 0.0478 eff 0.7482 outinratio 0.0084 

WminusH126_4mu_rapidity4l_genbin2_recobin2 acc 0.0349 eff 0.6467 outinratio 0.0121 

WplusH126_4mu_rapidity4l_genbin2_recobin2 acc 0.0275 eff 0.7395 outinratio 0.0161 

ZH126_4mu_rapidity4l_genbin2_recobin2 acc 0.0323 eff 0.6764 outinratio 0.0452 

ttH126_4mu_rapidity4l_genbin2_recobin2 acc 0.0455 eff 0.4675 outinratio 0.0456 

ggH126_4mu_rapidity4l_genbin3_recobin2 acc 0.0483 eff 0.0094 outinratio 0.0073 

VBFH126_4mu_rapidity4l_genbin3_recobin2 acc 0.05 eff 0.0081 outinratio 0.0084 

WminusH126_4mu_rapidity4l_genbin3_recobin2 acc 0.042 eff 0.0114 outinratio 0.0121 

WplusH126_4mu_rapidity4l_genbin3_recobin2 acc 0.0349 eff 0.0121 outinratio 0.0161 

ZH126_4mu_rapidity4l_genbin3_recobin2 acc 0.037 eff 0.0055 outinratio 0.0452 

ttH126_4mu_rapidity4l_genbin3_recobin2 acc 0.0547 eff 0.0149 outinratio 0.0456 

ggH126_4mu_rapidity4l_genbin4_recobin2 acc 0.0327 eff 0.0 outinratio 0.0073 

VBFH126_4mu_rapidity4l_genbin4_recobin2 acc 0.036 eff 0.0 outinratio 0.0084 

WminusH126_4mu_rapidity4l_genbin4_recobin2 acc 0.0276 eff 0.0 outinratio 0.0121 

WplusH126_4mu_rapidity4l_genbin4_recobin2 acc 0.0254 eff 0.0 outinratio 0.0161 

ZH126_4mu_rapidity4l_genbin4_recobin2 acc 0.0259 eff 0.0028 outinratio 0.0452 

ttH126_4mu_rapidity4l_genbin4_recobin2 acc 0.0457 eff 0.0 outinratio 0.0456 

ggH126_4mu_rapidity4l_genbin5_recobin2 acc 0.0481 eff 0.0 outinratio 0.0073 

VBFH126_4mu_rapidity4l_genbin5_recobin2 acc 0.0482 eff 0.0 outinratio 0.0084 

WminusH126_4mu_rapidity4l_genbin5_recobin2 acc 0.0397 eff 0.0 outinratio 0.0121 

WplusH126_4mu_rapidity4l_genbin5_recobin2 acc 0.0319 eff 0.0 outinratio 0.0161 

ZH126_4mu_rapidity4l_genbin5_recobin2 acc 0.0396 eff 0.0 outinratio 0.0452 

ttH126_4mu_rapidity4l_genbin5_recobin2 acc 0.0508 eff 0.0 outinratio 0.0456 

ggH126_4mu_rapidity4l_genbin6_recobin2 acc 0.0451 eff 0.0 outinratio 0.0073 

VBFH126_4mu_rapidity4l_genbin6_recobin2 acc 0.0478 eff 0.0 outinratio 0.0084 

WminusH126_4mu_rapidity4l_genbin6_recobin2 acc 0.0382 eff 0.0 outinratio 0.0121 

WplusH126_4mu_rapidity4l_genbin6_recobin2 acc 0.0337 eff 0.0 outinratio 0.0161 

ZH126_4mu_rapidity4l_genbin6_recobin2 acc 0.0365 eff 0.0 outinratio 0.0452 

ttH126_4mu_rapidity4l_genbin6_recobin2 acc 0.057 eff 0.0 outinratio 0.0456 

ggH126_4mu_rapidity4l_genbin7_recobin2 acc 0.0541 eff 0.0 outinratio 0.0073 

VBFH126_4mu_rapidity4l_genbin7_recobin2 acc 0.0572 eff 0.0 outinratio 0.0084 

WminusH126_4mu_rapidity4l_genbin7_recobin2 acc 0.0493 eff 0.0 outinratio 0.0121 

WplusH126_4mu_rapidity4l_genbin7_recobin2 acc 0.0457 eff 0.0 outinratio 0.0161 

ZH126_4mu_rapidity4l_genbin7_recobin2 acc 0.0467 eff 0.0 outinratio 0.0452 

ttH126_4mu_rapidity4l_genbin7_recobin2 acc 0.0544 eff 0.0 outinratio 0.0456 

ggH126_4mu_rapidity4l_genbin8_recobin2 acc 0.0432 eff 0.0 outinratio 0.0073 

VBFH126_4mu_rapidity4l_genbin8_recobin2 acc 0.0444 eff 0.0 outinratio 0.0084 

WminusH126_4mu_rapidity4l_genbin8_recobin2 acc 0.0444 eff 0.0 outinratio 0.0121 

WplusH126_4mu_rapidity4l_genbin8_recobin2 acc 0.041 eff 0.0 outinratio 0.0161 

ZH126_4mu_rapidity4l_genbin8_recobin2 acc 0.041 eff 0.0 outinratio 0.0452 

ttH126_4mu_rapidity4l_genbin8_recobin2 acc 0.0473 eff 0.0 outinratio 0.0456 

ggH126_4mu_rapidity4l_genbin9_recobin2 acc 0.0825 eff 0.0 outinratio 0.0073 

VBFH126_4mu_rapidity4l_genbin9_recobin2 acc 0.0933 eff 0.0 outinratio 0.0084 

WminusH126_4mu_rapidity4l_genbin9_recobin2 acc 0.0903 eff 0.0 outinratio 0.0121 

WplusH126_4mu_rapidity4l_genbin9_recobin2 acc 0.0939 eff 0.0 outinratio 0.0161 

ZH126_4mu_rapidity4l_genbin9_recobin2 acc 0.0903 eff 0.0 outinratio 0.0452 

ttH126_4mu_rapidity4l_genbin9_recobin2 acc 0.0731 eff 0.0 outinratio 0.0456 

ggH126_4mu_rapidity4l_genbin0_recobin3 acc 0.0435 eff 0.0 outinratio 0.0026 

VBFH126_4mu_rapidity4l_genbin0_recobin3 acc 0.0454 eff 0.0 outinratio 0.0046 

WminusH126_4mu_rapidity4l_genbin0_recobin3 acc 0.0355 eff 0.0 outinratio 0.0073 

WplusH126_4mu_rapidity4l_genbin0_recobin3 acc 0.0276 eff 0.0 outinratio 0.0096 

ZH126_4mu_rapidity4l_genbin0_recobin3 acc 0.0308 eff 0.0 outinratio 0.0381 

ttH126_4mu_rapidity4l_genbin0_recobin3 acc 0.0539 eff 0.0 outinratio 0.0606 

ggH126_4mu_rapidity4l_genbin1_recobin3 acc 0.0397 eff 0.0 outinratio 0.0026 

VBFH126_4mu_rapidity4l_genbin1_recobin3 acc 0.042 eff 0.0 outinratio 0.0046 

WminusH126_4mu_rapidity4l_genbin1_recobin3 acc 0.0325 eff 0.0 outinratio 0.0073 

WplusH126_4mu_rapidity4l_genbin1_recobin3 acc 0.0307 eff 0.0 outinratio 0.0096 

ZH126_4mu_rapidity4l_genbin1_recobin3 acc 0.0318 eff 0.0 outinratio 0.0381 

ttH126_4mu_rapidity4l_genbin1_recobin3 acc 0.0595 eff 0.0 outinratio 0.0606 

ggH126_4mu_rapidity4l_genbin2_recobin3 acc 0.0406 eff 0.0099 outinratio 0.0026 

VBFH126_4mu_rapidity4l_genbin2_recobin3 acc 0.0478 eff 0.015 outinratio 0.0046 

WminusH126_4mu_rapidity4l_genbin2_recobin3 acc 0.0349 eff 0.0048 outinratio 0.0073 

WplusH126_4mu_rapidity4l_genbin2_recobin3 acc 0.0275 eff 0.0 outinratio 0.0096 

ZH126_4mu_rapidity4l_genbin2_recobin3 acc 0.0323 eff 0.0043 outinratio 0.0381 

ttH126_4mu_rapidity4l_genbin2_recobin3 acc 0.0455 eff 0.0 outinratio 0.0606 

ggH126_4mu_rapidity4l_genbin3_recobin3 acc 0.0483 eff 0.7091 outinratio 0.0026 

VBFH126_4mu_rapidity4l_genbin3_recobin3 acc 0.05 eff 0.7162 outinratio 0.0046 

WminusH126_4mu_rapidity4l_genbin3_recobin3 acc 0.042 eff 0.6653 outinratio 0.0073 

WplusH126_4mu_rapidity4l_genbin3_recobin3 acc 0.0349 eff 0.6197 outinratio 0.0096 

ZH126_4mu_rapidity4l_genbin3_recobin3 acc 0.037 eff 0.6531 outinratio 0.0381 

ttH126_4mu_rapidity4l_genbin3_recobin3 acc 0.0547 eff 0.5563 outinratio 0.0606 

ggH126_4mu_rapidity4l_genbin4_recobin3 acc 0.0327 eff 0.0197 outinratio 0.0026 

VBFH126_4mu_rapidity4l_genbin4_recobin3 acc 0.036 eff 0.0163 outinratio 0.0046 

WminusH126_4mu_rapidity4l_genbin4_recobin3 acc 0.0276 eff 0.0045 outinratio 0.0073 

WplusH126_4mu_rapidity4l_genbin4_recobin3 acc 0.0254 eff 0.0083 outinratio 0.0096 

ZH126_4mu_rapidity4l_genbin4_recobin3 acc 0.0259 eff 0.0172 outinratio 0.0381 

ttH126_4mu_rapidity4l_genbin4_recobin3 acc 0.0457 eff 0.0203 outinratio 0.0606 

ggH126_4mu_rapidity4l_genbin5_recobin3 acc 0.0481 eff 0.0 outinratio 0.0026 

VBFH126_4mu_rapidity4l_genbin5_recobin3 acc 0.0482 eff 0.0 outinratio 0.0046 

WminusH126_4mu_rapidity4l_genbin5_recobin3 acc 0.0397 eff 0.0 outinratio 0.0073 

WplusH126_4mu_rapidity4l_genbin5_recobin3 acc 0.0319 eff 0.0 outinratio 0.0096 

ZH126_4mu_rapidity4l_genbin5_recobin3 acc 0.0396 eff 0.0007 outinratio 0.0381 

ttH126_4mu_rapidity4l_genbin5_recobin3 acc 0.0508 eff 0.0 outinratio 0.0606 

ggH126_4mu_rapidity4l_genbin6_recobin3 acc 0.0451 eff 0.0 outinratio 0.0026 

VBFH126_4mu_rapidity4l_genbin6_recobin3 acc 0.0478 eff 0.0 outinratio 0.0046 

WminusH126_4mu_rapidity4l_genbin6_recobin3 acc 0.0382 eff 0.0 outinratio 0.0073 

WplusH126_4mu_rapidity4l_genbin6_recobin3 acc 0.0337 eff 0.0 outinratio 0.0096 

ZH126_4mu_rapidity4l_genbin6_recobin3 acc 0.0365 eff 0.0 outinratio 0.0381 

ttH126_4mu_rapidity4l_genbin6_recobin3 acc 0.057 eff 0.0 outinratio 0.0606 

ggH126_4mu_rapidity4l_genbin7_recobin3 acc 0.0541 eff 0.0 outinratio 0.0026 

VBFH126_4mu_rapidity4l_genbin7_recobin3 acc 0.0572 eff 0.0 outinratio 0.0046 

WminusH126_4mu_rapidity4l_genbin7_recobin3 acc 0.0493 eff 0.0 outinratio 0.0073 

WplusH126_4mu_rapidity4l_genbin7_recobin3 acc 0.0457 eff 0.0 outinratio 0.0096 

ZH126_4mu_rapidity4l_genbin7_recobin3 acc 0.0467 eff 0.0 outinratio 0.0381 

ttH126_4mu_rapidity4l_genbin7_recobin3 acc 0.0544 eff 0.0 outinratio 0.0606 

ggH126_4mu_rapidity4l_genbin8_recobin3 acc 0.0432 eff 0.0 outinratio 0.0026 

VBFH126_4mu_rapidity4l_genbin8_recobin3 acc 0.0444 eff 0.0 outinratio 0.0046 

WminusH126_4mu_rapidity4l_genbin8_recobin3 acc 0.0444 eff 0.0 outinratio 0.0073 

WplusH126_4mu_rapidity4l_genbin8_recobin3 acc 0.041 eff 0.0 outinratio 0.0096 

ZH126_4mu_rapidity4l_genbin8_recobin3 acc 0.041 eff 0.0 outinratio 0.0381 

ttH126_4mu_rapidity4l_genbin8_recobin3 acc 0.0473 eff 0.0 outinratio 0.0606 

ggH126_4mu_rapidity4l_genbin9_recobin3 acc 0.0825 eff 0.0 outinratio 0.0026 

VBFH126_4mu_rapidity4l_genbin9_recobin3 acc 0.0933 eff 0.0 outinratio 0.0046 

WminusH126_4mu_rapidity4l_genbin9_recobin3 acc 0.0903 eff 0.0 outinratio 0.0073 

WplusH126_4mu_rapidity4l_genbin9_recobin3 acc 0.0939 eff 0.0 outinratio 0.0096 

ZH126_4mu_rapidity4l_genbin9_recobin3 acc 0.0903 eff 0.0 outinratio 0.0381 

ttH126_4mu_rapidity4l_genbin9_recobin3 acc 0.0731 eff 0.0 outinratio 0.0606 

ggH126_4mu_rapidity4l_genbin0_recobin4 acc 0.0435 eff 0.0 outinratio 0.006 

VBFH126_4mu_rapidity4l_genbin0_recobin4 acc 0.0454 eff 0.0 outinratio 0.0116 

WminusH126_4mu_rapidity4l_genbin0_recobin4 acc 0.0355 eff 0.0 outinratio 0.016 

WplusH126_4mu_rapidity4l_genbin0_recobin4 acc 0.0276 eff 0.0 outinratio 0.0386 

ZH126_4mu_rapidity4l_genbin0_recobin4 acc 0.0308 eff 0.0 outinratio 0.083 

ttH126_4mu_rapidity4l_genbin0_recobin4 acc 0.0539 eff 0.0 outinratio 0.0068 

ggH126_4mu_rapidity4l_genbin1_recobin4 acc 0.0397 eff 0.0 outinratio 0.006 

VBFH126_4mu_rapidity4l_genbin1_recobin4 acc 0.042 eff 0.0 outinratio 0.0116 

WminusH126_4mu_rapidity4l_genbin1_recobin4 acc 0.0325 eff 0.0 outinratio 0.016 

WplusH126_4mu_rapidity4l_genbin1_recobin4 acc 0.0307 eff 0.0 outinratio 0.0386 

ZH126_4mu_rapidity4l_genbin1_recobin4 acc 0.0318 eff 0.0 outinratio 0.083 

ttH126_4mu_rapidity4l_genbin1_recobin4 acc 0.0595 eff 0.0 outinratio 0.0068 

ggH126_4mu_rapidity4l_genbin2_recobin4 acc 0.0406 eff 0.0 outinratio 0.006 

VBFH126_4mu_rapidity4l_genbin2_recobin4 acc 0.0478 eff 0.0 outinratio 0.0116 

WminusH126_4mu_rapidity4l_genbin2_recobin4 acc 0.0349 eff 0.0 outinratio 0.016 

WplusH126_4mu_rapidity4l_genbin2_recobin4 acc 0.0275 eff 0.0 outinratio 0.0386 

ZH126_4mu_rapidity4l_genbin2_recobin4 acc 0.0323 eff 0.0 outinratio 0.083 

ttH126_4mu_rapidity4l_genbin2_recobin4 acc 0.0455 eff 0.0 outinratio 0.0068 

ggH126_4mu_rapidity4l_genbin3_recobin4 acc 0.0483 eff 0.0047 outinratio 0.006 

VBFH126_4mu_rapidity4l_genbin3_recobin4 acc 0.05 eff 0.0125 outinratio 0.0116 

WminusH126_4mu_rapidity4l_genbin3_recobin4 acc 0.042 eff 0.0096 outinratio 0.016 

WplusH126_4mu_rapidity4l_genbin3_recobin4 acc 0.0349 eff 0.0023 outinratio 0.0386 

ZH126_4mu_rapidity4l_genbin3_recobin4 acc 0.037 eff 0.011 outinratio 0.083 

ttH126_4mu_rapidity4l_genbin3_recobin4 acc 0.0547 eff 0.0032 outinratio 0.0068 

ggH126_4mu_rapidity4l_genbin4_recobin4 acc 0.0327 eff 0.6817 outinratio 0.006 

VBFH126_4mu_rapidity4l_genbin4_recobin4 acc 0.036 eff 0.7223 outinratio 0.0116 

WminusH126_4mu_rapidity4l_genbin4_recobin4 acc 0.0276 eff 0.6878 outinratio 0.016 

WplusH126_4mu_rapidity4l_genbin4_recobin4 acc 0.0254 eff 0.6176 outinratio 0.0386 

ZH126_4mu_rapidity4l_genbin4_recobin4 acc 0.0259 eff 0.6406 outinratio 0.083 

ttH126_4mu_rapidity4l_genbin4_recobin4 acc 0.0457 eff 0.5553 outinratio 0.0068 

ggH126_4mu_rapidity4l_genbin5_recobin4 acc 0.0481 eff 0.0126 outinratio 0.006 

VBFH126_4mu_rapidity4l_genbin5_recobin4 acc 0.0482 eff 0.0172 outinratio 0.0116 

WminusH126_4mu_rapidity4l_genbin5_recobin4 acc 0.0397 eff 0.0106 outinratio 0.016 

WplusH126_4mu_rapidity4l_genbin5_recobin4 acc 0.0319 eff 0.0123 outinratio 0.0386 

ZH126_4mu_rapidity4l_genbin5_recobin4 acc 0.0396 eff 0.0122 outinratio 0.083 

ttH126_4mu_rapidity4l_genbin5_recobin4 acc 0.0508 eff 0.0117 outinratio 0.0068 

ggH126_4mu_rapidity4l_genbin6_recobin4 acc 0.0451 eff 0.0 outinratio 0.006 

VBFH126_4mu_rapidity4l_genbin6_recobin4 acc 0.0478 eff 0.0 outinratio 0.0116 

WminusH126_4mu_rapidity4l_genbin6_recobin4 acc 0.0382 eff 0.0 outinratio 0.016 

WplusH126_4mu_rapidity4l_genbin6_recobin4 acc 0.0337 eff 0.0 outinratio 0.0386 

ZH126_4mu_rapidity4l_genbin6_recobin4 acc 0.0365 eff 0.0 outinratio 0.083 

ttH126_4mu_rapidity4l_genbin6_recobin4 acc 0.057 eff 0.0 outinratio 0.0068 

ggH126_4mu_rapidity4l_genbin7_recobin4 acc 0.0541 eff 0.0 outinratio 0.006 

VBFH126_4mu_rapidity4l_genbin7_recobin4 acc 0.0572 eff 0.0 outinratio 0.0116 

WminusH126_4mu_rapidity4l_genbin7_recobin4 acc 0.0493 eff 0.0 outinratio 0.016 

WplusH126_4mu_rapidity4l_genbin7_recobin4 acc 0.0457 eff 0.0 outinratio 0.0386 

ZH126_4mu_rapidity4l_genbin7_recobin4 acc 0.0467 eff 0.0 outinratio 0.083 

ttH126_4mu_rapidity4l_genbin7_recobin4 acc 0.0544 eff 0.0 outinratio 0.0068 

ggH126_4mu_rapidity4l_genbin8_recobin4 acc 0.0432 eff 0.0 outinratio 0.006 

VBFH126_4mu_rapidity4l_genbin8_recobin4 acc 0.0444 eff 0.0 outinratio 0.0116 

WminusH126_4mu_rapidity4l_genbin8_recobin4 acc 0.0444 eff 0.0 outinratio 0.016 

WplusH126_4mu_rapidity4l_genbin8_recobin4 acc 0.041 eff 0.0 outinratio 0.0386 

ZH126_4mu_rapidity4l_genbin8_recobin4 acc 0.041 eff 0.0 outinratio 0.083 

ttH126_4mu_rapidity4l_genbin8_recobin4 acc 0.0473 eff 0.0 outinratio 0.0068 

ggH126_4mu_rapidity4l_genbin9_recobin4 acc 0.0825 eff 0.0 outinratio 0.006 

VBFH126_4mu_rapidity4l_genbin9_recobin4 acc 0.0933 eff 0.0 outinratio 0.0116 

WminusH126_4mu_rapidity4l_genbin9_recobin4 acc 0.0903 eff 0.0 outinratio 0.016 

WplusH126_4mu_rapidity4l_genbin9_recobin4 acc 0.0939 eff 0.0 outinratio 0.0386 

ZH126_4mu_rapidity4l_genbin9_recobin4 acc 0.0903 eff 0.0 outinratio 0.083 

ttH126_4mu_rapidity4l_genbin9_recobin4 acc 0.0731 eff 0.0 outinratio 0.0068 

ggH126_4mu_rapidity4l_genbin0_recobin5 acc 0.0435 eff 0.0 outinratio 0.0033 

VBFH126_4mu_rapidity4l_genbin0_recobin5 acc 0.0454 eff 0.0 outinratio 0.0024 

WminusH126_4mu_rapidity4l_genbin0_recobin5 acc 0.0355 eff 0.0 outinratio 0.014 

WplusH126_4mu_rapidity4l_genbin0_recobin5 acc 0.0276 eff 0.0 outinratio 0.013 

ZH126_4mu_rapidity4l_genbin0_recobin5 acc 0.0308 eff 0.0 outinratio 0.0537 

ttH126_4mu_rapidity4l_genbin0_recobin5 acc 0.0539 eff 0.0 outinratio 0.0393 

ggH126_4mu_rapidity4l_genbin1_recobin5 acc 0.0397 eff 0.0 outinratio 0.0033 

VBFH126_4mu_rapidity4l_genbin1_recobin5 acc 0.042 eff 0.0 outinratio 0.0024 

WminusH126_4mu_rapidity4l_genbin1_recobin5 acc 0.0325 eff 0.0 outinratio 0.014 

WplusH126_4mu_rapidity4l_genbin1_recobin5 acc 0.0307 eff 0.0 outinratio 0.013 

ZH126_4mu_rapidity4l_genbin1_recobin5 acc 0.0318 eff 0.0 outinratio 0.0537 

ttH126_4mu_rapidity4l_genbin1_recobin5 acc 0.0595 eff 0.0 outinratio 0.0393 

ggH126_4mu_rapidity4l_genbin2_recobin5 acc 0.0406 eff 0.0 outinratio 0.0033 

VBFH126_4mu_rapidity4l_genbin2_recobin5 acc 0.0478 eff 0.0 outinratio 0.0024 

WminusH126_4mu_rapidity4l_genbin2_recobin5 acc 0.0349 eff 0.0 outinratio 0.014 

WplusH126_4mu_rapidity4l_genbin2_recobin5 acc 0.0275 eff 0.0 outinratio 0.013 

ZH126_4mu_rapidity4l_genbin2_recobin5 acc 0.0323 eff 0.0 outinratio 0.0537 

ttH126_4mu_rapidity4l_genbin2_recobin5 acc 0.0455 eff 0.0 outinratio 0.0393 

ggH126_4mu_rapidity4l_genbin3_recobin5 acc 0.0483 eff 0.0 outinratio 0.0033 

VBFH126_4mu_rapidity4l_genbin3_recobin5 acc 0.05 eff 0.0 outinratio 0.0024 

WminusH126_4mu_rapidity4l_genbin3_recobin5 acc 0.042 eff 0.0 outinratio 0.014 

WplusH126_4mu_rapidity4l_genbin3_recobin5 acc 0.0349 eff 0.0 outinratio 0.013 

ZH126_4mu_rapidity4l_genbin3_recobin5 acc 0.037 eff 0.0 outinratio 0.0537 

ttH126_4mu_rapidity4l_genbin3_recobin5 acc 0.0547 eff 0.0 outinratio 0.0393 

ggH126_4mu_rapidity4l_genbin4_recobin5 acc 0.0327 eff 0.0111 outinratio 0.0033 

VBFH126_4mu_rapidity4l_genbin4_recobin5 acc 0.036 eff 0.0064 outinratio 0.0024 

WminusH126_4mu_rapidity4l_genbin4_recobin5 acc 0.0276 eff 0.01 outinratio 0.014 

WplusH126_4mu_rapidity4l_genbin4_recobin5 acc 0.0254 eff 0.0127 outinratio 0.013 

ZH126_4mu_rapidity4l_genbin4_recobin5 acc 0.0259 eff 0.0188 outinratio 0.0537 

ttH126_4mu_rapidity4l_genbin4_recobin5 acc 0.0457 eff 0.0056 outinratio 0.0393 

ggH126_4mu_rapidity4l_genbin5_recobin5 acc 0.0481 eff 0.6853 outinratio 0.0033 

VBFH126_4mu_rapidity4l_genbin5_recobin5 acc 0.0482 eff 0.7344 outinratio 0.0024 

WminusH126_4mu_rapidity4l_genbin5_recobin5 acc 0.0397 eff 0.6477 outinratio 0.014 

WplusH126_4mu_rapidity4l_genbin5_recobin5 acc 0.0319 eff 0.6342 outinratio 0.013 

ZH126_4mu_rapidity4l_genbin5_recobin5 acc 0.0396 eff 0.6396 outinratio 0.0537 

ttH126_4mu_rapidity4l_genbin5_recobin5 acc 0.0508 eff 0.4716 outinratio 0.0393 

ggH126_4mu_rapidity4l_genbin6_recobin5 acc 0.0451 eff 0.0153 outinratio 0.0033 

VBFH126_4mu_rapidity4l_genbin6_recobin5 acc 0.0478 eff 0.0086 outinratio 0.0024 

WminusH126_4mu_rapidity4l_genbin6_recobin5 acc 0.0382 eff 0.013 outinratio 0.014 

WplusH126_4mu_rapidity4l_genbin6_recobin5 acc 0.0337 eff 0.0045 outinratio 0.013 

ZH126_4mu_rapidity4l_genbin6_recobin5 acc 0.0365 eff 0.0128 outinratio 0.0537 

ttH126_4mu_rapidity4l_genbin6_recobin5 acc 0.057 eff 0.0025 outinratio 0.0393 

ggH126_4mu_rapidity4l_genbin7_recobin5 acc 0.0541 eff 0.0 outinratio 0.0033 

VBFH126_4mu_rapidity4l_genbin7_recobin5 acc 0.0572 eff 0.0 outinratio 0.0024 

WminusH126_4mu_rapidity4l_genbin7_recobin5 acc 0.0493 eff 0.0 outinratio 0.014 

WplusH126_4mu_rapidity4l_genbin7_recobin5 acc 0.0457 eff 0.0 outinratio 0.013 

ZH126_4mu_rapidity4l_genbin7_recobin5 acc 0.0467 eff 0.0 outinratio 0.0537 

ttH126_4mu_rapidity4l_genbin7_recobin5 acc 0.0544 eff 0.0 outinratio 0.0393 

ggH126_4mu_rapidity4l_genbin8_recobin5 acc 0.0432 eff 0.0 outinratio 0.0033 

VBFH126_4mu_rapidity4l_genbin8_recobin5 acc 0.0444 eff 0.0 outinratio 0.0024 

WminusH126_4mu_rapidity4l_genbin8_recobin5 acc 0.0444 eff 0.0 outinratio 0.014 

WplusH126_4mu_rapidity4l_genbin8_recobin5 acc 0.041 eff 0.0 outinratio 0.013 

ZH126_4mu_rapidity4l_genbin8_recobin5 acc 0.041 eff 0.0 outinratio 0.0537 

ttH126_4mu_rapidity4l_genbin8_recobin5 acc 0.0473 eff 0.0 outinratio 0.0393 

ggH126_4mu_rapidity4l_genbin9_recobin5 acc 0.0825 eff 0.0 outinratio 0.0033 

VBFH126_4mu_rapidity4l_genbin9_recobin5 acc 0.0933 eff 0.0 outinratio 0.0024 

WminusH126_4mu_rapidity4l_genbin9_recobin5 acc 0.0903 eff 0.0 outinratio 0.014 

WplusH126_4mu_rapidity4l_genbin9_recobin5 acc 0.0939 eff 0.0 outinratio 0.013 

ZH126_4mu_rapidity4l_genbin9_recobin5 acc 0.0903 eff 0.0 outinratio 0.0537 

ttH126_4mu_rapidity4l_genbin9_recobin5 acc 0.0731 eff 0.0 outinratio 0.0393 

ggH126_4mu_rapidity4l_genbin0_recobin6 acc 0.0435 eff 0.0 outinratio 0.0016 

VBFH126_4mu_rapidity4l_genbin0_recobin6 acc 0.0454 eff 0.0 outinratio 0.0049 

WminusH126_4mu_rapidity4l_genbin0_recobin6 acc 0.0355 eff 0.0 outinratio 0.0096 

WplusH126_4mu_rapidity4l_genbin0_recobin6 acc 0.0276 eff 0.0 outinratio 0.0068 

ZH126_4mu_rapidity4l_genbin0_recobin6 acc 0.0308 eff 0.0 outinratio 0.0555 

ttH126_4mu_rapidity4l_genbin0_recobin6 acc 0.0539 eff 0.0 outinratio 0.0139 

ggH126_4mu_rapidity4l_genbin1_recobin6 acc 0.0397 eff 0.0 outinratio 0.0016 

VBFH126_4mu_rapidity4l_genbin1_recobin6 acc 0.042 eff 0.0 outinratio 0.0049 

WminusH126_4mu_rapidity4l_genbin1_recobin6 acc 0.0325 eff 0.0 outinratio 0.0096 

WplusH126_4mu_rapidity4l_genbin1_recobin6 acc 0.0307 eff 0.0 outinratio 0.0068 

ZH126_4mu_rapidity4l_genbin1_recobin6 acc 0.0318 eff 0.0 outinratio 0.0555 

ttH126_4mu_rapidity4l_genbin1_recobin6 acc 0.0595 eff 0.0 outinratio 0.0139 

ggH126_4mu_rapidity4l_genbin2_recobin6 acc 0.0406 eff 0.0 outinratio 0.0016 

VBFH126_4mu_rapidity4l_genbin2_recobin6 acc 0.0478 eff 0.0 outinratio 0.0049 

WminusH126_4mu_rapidity4l_genbin2_recobin6 acc 0.0349 eff 0.0 outinratio 0.0096 

WplusH126_4mu_rapidity4l_genbin2_recobin6 acc 0.0275 eff 0.0 outinratio 0.0068 

ZH126_4mu_rapidity4l_genbin2_recobin6 acc 0.0323 eff 0.0 outinratio 0.0555 

ttH126_4mu_rapidity4l_genbin2_recobin6 acc 0.0455 eff 0.0 outinratio 0.0139 

ggH126_4mu_rapidity4l_genbin3_recobin6 acc 0.0483 eff 0.0 outinratio 0.0016 

VBFH126_4mu_rapidity4l_genbin3_recobin6 acc 0.05 eff 0.0 outinratio 0.0049 

WminusH126_4mu_rapidity4l_genbin3_recobin6 acc 0.042 eff 0.0 outinratio 0.0096 

WplusH126_4mu_rapidity4l_genbin3_recobin6 acc 0.0349 eff 0.0 outinratio 0.0068 

ZH126_4mu_rapidity4l_genbin3_recobin6 acc 0.037 eff 0.0 outinratio 0.0555 

ttH126_4mu_rapidity4l_genbin3_recobin6 acc 0.0547 eff 0.0 outinratio 0.0139 

ggH126_4mu_rapidity4l_genbin4_recobin6 acc 0.0327 eff 0.0 outinratio 0.0016 

VBFH126_4mu_rapidity4l_genbin4_recobin6 acc 0.036 eff 0.0 outinratio 0.0049 

WminusH126_4mu_rapidity4l_genbin4_recobin6 acc 0.0276 eff 0.0 outinratio 0.0096 

WplusH126_4mu_rapidity4l_genbin4_recobin6 acc 0.0254 eff 0.0 outinratio 0.0068 

ZH126_4mu_rapidity4l_genbin4_recobin6 acc 0.0259 eff 0.0 outinratio 0.0555 

ttH126_4mu_rapidity4l_genbin4_recobin6 acc 0.0457 eff 0.0 outinratio 0.0139 

ggH126_4mu_rapidity4l_genbin5_recobin6 acc 0.0481 eff 0.0113 outinratio 0.0016 

VBFH126_4mu_rapidity4l_genbin5_recobin6 acc 0.0482 eff 0.0054 outinratio 0.0049 

WminusH126_4mu_rapidity4l_genbin5_recobin6 acc 0.0397 eff 0.0154 outinratio 0.0096 

WplusH126_4mu_rapidity4l_genbin5_recobin6 acc 0.0319 eff 0.0108 outinratio 0.0068 

ZH126_4mu_rapidity4l_genbin5_recobin6 acc 0.0396 eff 0.015 outinratio 0.0555 

ttH126_4mu_rapidity4l_genbin5_recobin6 acc 0.0508 eff 0.0131 outinratio 0.0139 

ggH126_4mu_rapidity4l_genbin6_recobin6 acc 0.0451 eff 0.6727 outinratio 0.0016 

VBFH126_4mu_rapidity4l_genbin6_recobin6 acc 0.0478 eff 0.7106 outinratio 0.0049 

WminusH126_4mu_rapidity4l_genbin6_recobin6 acc 0.0382 eff 0.5993 outinratio 0.0096 

WplusH126_4mu_rapidity4l_genbin6_recobin6 acc 0.0337 eff 0.6458 outinratio 0.0068 

ZH126_4mu_rapidity4l_genbin6_recobin6 acc 0.0365 eff 0.617 outinratio 0.0555 

ttH126_4mu_rapidity4l_genbin6_recobin6 acc 0.057 eff 0.4982 outinratio 0.0139 

ggH126_4mu_rapidity4l_genbin7_recobin6 acc 0.0541 eff 0.0099 outinratio 0.0016 

VBFH126_4mu_rapidity4l_genbin7_recobin6 acc 0.0572 eff 0.0062 outinratio 0.0049 

WminusH126_4mu_rapidity4l_genbin7_recobin6 acc 0.0493 eff 0.011 outinratio 0.0096 

WplusH126_4mu_rapidity4l_genbin7_recobin6 acc 0.0457 eff 0.0115 outinratio 0.0068 

ZH126_4mu_rapidity4l_genbin7_recobin6 acc 0.0467 eff 0.0072 outinratio 0.0555 

ttH126_4mu_rapidity4l_genbin7_recobin6 acc 0.0544 eff 0.0087 outinratio 0.0139 

ggH126_4mu_rapidity4l_genbin8_recobin6 acc 0.0432 eff 0.0 outinratio 0.0016 

VBFH126_4mu_rapidity4l_genbin8_recobin6 acc 0.0444 eff 0.0 outinratio 0.0049 

WminusH126_4mu_rapidity4l_genbin8_recobin6 acc 0.0444 eff 0.0 outinratio 0.0096 

WplusH126_4mu_rapidity4l_genbin8_recobin6 acc 0.041 eff 0.0 outinratio 0.0068 

ZH126_4mu_rapidity4l_genbin8_recobin6 acc 0.041 eff 0.0 outinratio 0.0555 

ttH126_4mu_rapidity4l_genbin8_recobin6 acc 0.0473 eff 0.0 outinratio 0.0139 

ggH126_4mu_rapidity4l_genbin9_recobin6 acc 0.0825 eff 0.0 outinratio 0.0016 

VBFH126_4mu_rapidity4l_genbin9_recobin6 acc 0.0933 eff 0.0 outinratio 0.0049 

WminusH126_4mu_rapidity4l_genbin9_recobin6 acc 0.0903 eff 0.0 outinratio 0.0096 

WplusH126_4mu_rapidity4l_genbin9_recobin6 acc 0.0939 eff 0.0 outinratio 0.0068 

ZH126_4mu_rapidity4l_genbin9_recobin6 acc 0.0903 eff 0.0 outinratio 0.0555 

ttH126_4mu_rapidity4l_genbin9_recobin6 acc 0.0731 eff 0.0 outinratio 0.0139 

ggH126_4mu_rapidity4l_genbin0_recobin7 acc 0.0435 eff 0.0 outinratio 0.0066 

VBFH126_4mu_rapidity4l_genbin0_recobin7 acc 0.0454 eff 0.0 outinratio 0.0112 

WminusH126_4mu_rapidity4l_genbin0_recobin7 acc 0.0355 eff 0.0 outinratio 0.0105 

WplusH126_4mu_rapidity4l_genbin0_recobin7 acc 0.0276 eff 0.0 outinratio 0.0228 

ZH126_4mu_rapidity4l_genbin0_recobin7 acc 0.0308 eff 0.0 outinratio 0.0555 

ttH126_4mu_rapidity4l_genbin0_recobin7 acc 0.0539 eff 0.0 outinratio 0.0587 

ggH126_4mu_rapidity4l_genbin1_recobin7 acc 0.0397 eff 0.0 outinratio 0.0066 

VBFH126_4mu_rapidity4l_genbin1_recobin7 acc 0.042 eff 0.0 outinratio 0.0112 

WminusH126_4mu_rapidity4l_genbin1_recobin7 acc 0.0325 eff 0.0 outinratio 0.0105 

WplusH126_4mu_rapidity4l_genbin1_recobin7 acc 0.0307 eff 0.0 outinratio 0.0228 

ZH126_4mu_rapidity4l_genbin1_recobin7 acc 0.0318 eff 0.0 outinratio 0.0555 

ttH126_4mu_rapidity4l_genbin1_recobin7 acc 0.0595 eff 0.0 outinratio 0.0587 

ggH126_4mu_rapidity4l_genbin2_recobin7 acc 0.0406 eff 0.0 outinratio 0.0066 

VBFH126_4mu_rapidity4l_genbin2_recobin7 acc 0.0478 eff 0.0 outinratio 0.0112 

WminusH126_4mu_rapidity4l_genbin2_recobin7 acc 0.0349 eff 0.0 outinratio 0.0105 

WplusH126_4mu_rapidity4l_genbin2_recobin7 acc 0.0275 eff 0.0 outinratio 0.0228 

ZH126_4mu_rapidity4l_genbin2_recobin7 acc 0.0323 eff 0.0 outinratio 0.0555 

ttH126_4mu_rapidity4l_genbin2_recobin7 acc 0.0455 eff 0.0 outinratio 0.0587 

ggH126_4mu_rapidity4l_genbin3_recobin7 acc 0.0483 eff 0.0 outinratio 0.0066 

VBFH126_4mu_rapidity4l_genbin3_recobin7 acc 0.05 eff 0.0 outinratio 0.0112 

WminusH126_4mu_rapidity4l_genbin3_recobin7 acc 0.042 eff 0.0 outinratio 0.0105 

WplusH126_4mu_rapidity4l_genbin3_recobin7 acc 0.0349 eff 0.0 outinratio 0.0228 

ZH126_4mu_rapidity4l_genbin3_recobin7 acc 0.037 eff 0.0 outinratio 0.0555 

ttH126_4mu_rapidity4l_genbin3_recobin7 acc 0.0547 eff 0.0 outinratio 0.0587 

ggH126_4mu_rapidity4l_genbin4_recobin7 acc 0.0327 eff 0.0 outinratio 0.0066 

VBFH126_4mu_rapidity4l_genbin4_recobin7 acc 0.036 eff 0.0 outinratio 0.0112 

WminusH126_4mu_rapidity4l_genbin4_recobin7 acc 0.0276 eff 0.0 outinratio 0.0105 

WplusH126_4mu_rapidity4l_genbin4_recobin7 acc 0.0254 eff 0.0 outinratio 0.0228 

ZH126_4mu_rapidity4l_genbin4_recobin7 acc 0.0259 eff 0.0 outinratio 0.0555 

ttH126_4mu_rapidity4l_genbin4_recobin7 acc 0.0457 eff 0.0 outinratio 0.0587 

ggH126_4mu_rapidity4l_genbin5_recobin7 acc 0.0481 eff 0.0 outinratio 0.0066 

VBFH126_4mu_rapidity4l_genbin5_recobin7 acc 0.0482 eff 0.0 outinratio 0.0112 

WminusH126_4mu_rapidity4l_genbin5_recobin7 acc 0.0397 eff 0.0 outinratio 0.0105 

WplusH126_4mu_rapidity4l_genbin5_recobin7 acc 0.0319 eff 0.0 outinratio 0.0228 

ZH126_4mu_rapidity4l_genbin5_recobin7 acc 0.0396 eff 0.0 outinratio 0.0555 

ttH126_4mu_rapidity4l_genbin5_recobin7 acc 0.0508 eff 0.0 outinratio 0.0587 

ggH126_4mu_rapidity4l_genbin6_recobin7 acc 0.0451 eff 0.0057 outinratio 0.0066 

VBFH126_4mu_rapidity4l_genbin6_recobin7 acc 0.0478 eff 0.0115 outinratio 0.0112 

WminusH126_4mu_rapidity4l_genbin6_recobin7 acc 0.0382 eff 0.0161 outinratio 0.0105 

WplusH126_4mu_rapidity4l_genbin6_recobin7 acc 0.0337 eff 0.019 outinratio 0.0228 

ZH126_4mu_rapidity4l_genbin6_recobin7 acc 0.0365 eff 0.0069 outinratio 0.0555 

ttH126_4mu_rapidity4l_genbin6_recobin7 acc 0.057 eff 0.0 outinratio 0.0587 

ggH126_4mu_rapidity4l_genbin7_recobin7 acc 0.0541 eff 0.6658 outinratio 0.0066 

VBFH126_4mu_rapidity4l_genbin7_recobin7 acc 0.0572 eff 0.7024 outinratio 0.0112 

WminusH126_4mu_rapidity4l_genbin7_recobin7 acc 0.0493 eff 0.6123 outinratio 0.0105 

WplusH126_4mu_rapidity4l_genbin7_recobin7 acc 0.0457 eff 0.665 outinratio 0.0228 

ZH126_4mu_rapidity4l_genbin7_recobin7 acc 0.0467 eff 0.644 outinratio 0.0555 

ttH126_4mu_rapidity4l_genbin7_recobin7 acc 0.0544 eff 0.4354 outinratio 0.0587 

ggH126_4mu_rapidity4l_genbin8_recobin7 acc 0.0432 eff 0.012 outinratio 0.0066 

VBFH126_4mu_rapidity4l_genbin8_recobin7 acc 0.0444 eff 0.0063 outinratio 0.0112 

WminusH126_4mu_rapidity4l_genbin8_recobin7 acc 0.0444 eff 0.0084 outinratio 0.0105 

WplusH126_4mu_rapidity4l_genbin8_recobin7 acc 0.041 eff 0.0166 outinratio 0.0228 

ZH126_4mu_rapidity4l_genbin8_recobin7 acc 0.041 eff 0.0046 outinratio 0.0555 

ttH126_4mu_rapidity4l_genbin8_recobin7 acc 0.0473 eff 0.007 outinratio 0.0587 

ggH126_4mu_rapidity4l_genbin9_recobin7 acc 0.0825 eff 0.0 outinratio 0.0066 

VBFH126_4mu_rapidity4l_genbin9_recobin7 acc 0.0933 eff 0.0 outinratio 0.0112 

WminusH126_4mu_rapidity4l_genbin9_recobin7 acc 0.0903 eff 0.0 outinratio 0.0105 

WplusH126_4mu_rapidity4l_genbin9_recobin7 acc 0.0939 eff 0.0 outinratio 0.0228 

ZH126_4mu_rapidity4l_genbin9_recobin7 acc 0.0903 eff 0.0 outinratio 0.0555 

ttH126_4mu_rapidity4l_genbin9_recobin7 acc 0.0731 eff 0.0 outinratio 0.0587 

ggH126_4mu_rapidity4l_genbin0_recobin8 acc 0.0435 eff 0.0 outinratio 0.0084 

VBFH126_4mu_rapidity4l_genbin0_recobin8 acc 0.0454 eff 0.0 outinratio 0.0 

WminusH126_4mu_rapidity4l_genbin0_recobin8 acc 0.0355 eff 0.0 outinratio 0.0157 

WplusH126_4mu_rapidity4l_genbin0_recobin8 acc 0.0276 eff 0.0 outinratio 0.0236 

ZH126_4mu_rapidity4l_genbin0_recobin8 acc 0.0308 eff 0.0 outinratio 0.0483 

ttH126_4mu_rapidity4l_genbin0_recobin8 acc 0.0539 eff 0.0 outinratio 0.0211 

ggH126_4mu_rapidity4l_genbin1_recobin8 acc 0.0397 eff 0.0 outinratio 0.0084 

VBFH126_4mu_rapidity4l_genbin1_recobin8 acc 0.042 eff 0.0 outinratio 0.0 

WminusH126_4mu_rapidity4l_genbin1_recobin8 acc 0.0325 eff 0.0 outinratio 0.0157 

WplusH126_4mu_rapidity4l_genbin1_recobin8 acc 0.0307 eff 0.0 outinratio 0.0236 

ZH126_4mu_rapidity4l_genbin1_recobin8 acc 0.0318 eff 0.0 outinratio 0.0483 

ttH126_4mu_rapidity4l_genbin1_recobin8 acc 0.0595 eff 0.0 outinratio 0.0211 

ggH126_4mu_rapidity4l_genbin2_recobin8 acc 0.0406 eff 0.0 outinratio 0.0084 

VBFH126_4mu_rapidity4l_genbin2_recobin8 acc 0.0478 eff 0.0 outinratio 0.0 

WminusH126_4mu_rapidity4l_genbin2_recobin8 acc 0.0349 eff 0.0 outinratio 0.0157 

WplusH126_4mu_rapidity4l_genbin2_recobin8 acc 0.0275 eff 0.0 outinratio 0.0236 

ZH126_4mu_rapidity4l_genbin2_recobin8 acc 0.0323 eff 0.0 outinratio 0.0483 

ttH126_4mu_rapidity4l_genbin2_recobin8 acc 0.0455 eff 0.0 outinratio 0.0211 

ggH126_4mu_rapidity4l_genbin3_recobin8 acc 0.0483 eff 0.0 outinratio 0.0084 

VBFH126_4mu_rapidity4l_genbin3_recobin8 acc 0.05 eff 0.0 outinratio 0.0 

WminusH126_4mu_rapidity4l_genbin3_recobin8 acc 0.042 eff 0.0 outinratio 0.0157 

WplusH126_4mu_rapidity4l_genbin3_recobin8 acc 0.0349 eff 0.0 outinratio 0.0236 

ZH126_4mu_rapidity4l_genbin3_recobin8 acc 0.037 eff 0.0 outinratio 0.0483 

ttH126_4mu_rapidity4l_genbin3_recobin8 acc 0.0547 eff 0.0 outinratio 0.0211 

ggH126_4mu_rapidity4l_genbin4_recobin8 acc 0.0327 eff 0.0 outinratio 0.0084 

VBFH126_4mu_rapidity4l_genbin4_recobin8 acc 0.036 eff 0.0 outinratio 0.0 

WminusH126_4mu_rapidity4l_genbin4_recobin8 acc 0.0276 eff 0.0 outinratio 0.0157 

WplusH126_4mu_rapidity4l_genbin4_recobin8 acc 0.0254 eff 0.0 outinratio 0.0236 

ZH126_4mu_rapidity4l_genbin4_recobin8 acc 0.0259 eff 0.0 outinratio 0.0483 

ttH126_4mu_rapidity4l_genbin4_recobin8 acc 0.0457 eff 0.0 outinratio 0.0211 

ggH126_4mu_rapidity4l_genbin5_recobin8 acc 0.0481 eff 0.0 outinratio 0.0084 

VBFH126_4mu_rapidity4l_genbin5_recobin8 acc 0.0482 eff 0.0 outinratio 0.0 

WminusH126_4mu_rapidity4l_genbin5_recobin8 acc 0.0397 eff 0.0 outinratio 0.0157 

WplusH126_4mu_rapidity4l_genbin5_recobin8 acc 0.0319 eff 0.0 outinratio 0.0236 

ZH126_4mu_rapidity4l_genbin5_recobin8 acc 0.0396 eff 0.0 outinratio 0.0483 

ttH126_4mu_rapidity4l_genbin5_recobin8 acc 0.0508 eff 0.0 outinratio 0.0211 

ggH126_4mu_rapidity4l_genbin6_recobin8 acc 0.0451 eff 0.0 outinratio 0.0084 

VBFH126_4mu_rapidity4l_genbin6_recobin8 acc 0.0478 eff 0.0 outinratio 0.0 

WminusH126_4mu_rapidity4l_genbin6_recobin8 acc 0.0382 eff 0.0 outinratio 0.0157 

WplusH126_4mu_rapidity4l_genbin6_recobin8 acc 0.0337 eff 0.0 outinratio 0.0236 

ZH126_4mu_rapidity4l_genbin6_recobin8 acc 0.0365 eff 0.0 outinratio 0.0483 

ttH126_4mu_rapidity4l_genbin6_recobin8 acc 0.057 eff 0.0 outinratio 0.0211 

ggH126_4mu_rapidity4l_genbin7_recobin8 acc 0.0541 eff 0.0084 outinratio 0.0084 

VBFH126_4mu_rapidity4l_genbin7_recobin8 acc 0.0572 eff 0.0147 outinratio 0.0 

WminusH126_4mu_rapidity4l_genbin7_recobin8 acc 0.0493 eff 0.0039 outinratio 0.0157 

WplusH126_4mu_rapidity4l_genbin7_recobin8 acc 0.0457 eff 0.0087 outinratio 0.0236 

ZH126_4mu_rapidity4l_genbin7_recobin8 acc 0.0467 eff 0.0115 outinratio 0.0483 

ttH126_4mu_rapidity4l_genbin7_recobin8 acc 0.0544 eff 0.0124 outinratio 0.0211 

ggH126_4mu_rapidity4l_genbin8_recobin8 acc 0.0432 eff 0.6226 outinratio 0.0084 

VBFH126_4mu_rapidity4l_genbin8_recobin8 acc 0.0444 eff 0.7416 outinratio 0.0 

WminusH126_4mu_rapidity4l_genbin8_recobin8 acc 0.0444 eff 0.5696 outinratio 0.0157 

WplusH126_4mu_rapidity4l_genbin8_recobin8 acc 0.041 eff 0.5961 outinratio 0.0236 

ZH126_4mu_rapidity4l_genbin8_recobin8 acc 0.041 eff 0.6643 outinratio 0.0483 

ttH126_4mu_rapidity4l_genbin8_recobin8 acc 0.0473 eff 0.4901 outinratio 0.0211 

ggH126_4mu_rapidity4l_genbin9_recobin8 acc 0.0825 eff 0.0042 outinratio 0.0084 

VBFH126_4mu_rapidity4l_genbin9_recobin8 acc 0.0933 eff 0.002 outinratio 0.0 

WminusH126_4mu_rapidity4l_genbin9_recobin8 acc 0.0903 eff 0.0029 outinratio 0.0157 

WplusH126_4mu_rapidity4l_genbin9_recobin8 acc 0.0939 eff 0.004 outinratio 0.0236 

ZH126_4mu_rapidity4l_genbin9_recobin8 acc 0.0903 eff 0.0016 outinratio 0.0483 

ttH126_4mu_rapidity4l_genbin9_recobin8 acc 0.0731 eff 0.0025 outinratio 0.0211 

ggH126_4mu_rapidity4l_genbin0_recobin9 acc 0.0435 eff 0.0 outinratio 0.0061 

VBFH126_4mu_rapidity4l_genbin0_recobin9 acc 0.0454 eff 0.0 outinratio 0.0064 

WminusH126_4mu_rapidity4l_genbin0_recobin9 acc 0.0355 eff 0.0 outinratio 0.006 

WplusH126_4mu_rapidity4l_genbin0_recobin9 acc 0.0276 eff 0.0 outinratio 0.0169 

ZH126_4mu_rapidity4l_genbin0_recobin9 acc 0.0308 eff 0.0 outinratio 0.0571 

ttH126_4mu_rapidity4l_genbin0_recobin9 acc 0.0539 eff 0.0 outinratio 0.045 

ggH126_4mu_rapidity4l_genbin1_recobin9 acc 0.0397 eff 0.0 outinratio 0.0061 

VBFH126_4mu_rapidity4l_genbin1_recobin9 acc 0.042 eff 0.0 outinratio 0.0064 

WminusH126_4mu_rapidity4l_genbin1_recobin9 acc 0.0325 eff 0.0 outinratio 0.006 

WplusH126_4mu_rapidity4l_genbin1_recobin9 acc 0.0307 eff 0.0 outinratio 0.0169 

ZH126_4mu_rapidity4l_genbin1_recobin9 acc 0.0318 eff 0.0 outinratio 0.0571 

ttH126_4mu_rapidity4l_genbin1_recobin9 acc 0.0595 eff 0.0 outinratio 0.045 

ggH126_4mu_rapidity4l_genbin2_recobin9 acc 0.0406 eff 0.0 outinratio 0.0061 

VBFH126_4mu_rapidity4l_genbin2_recobin9 acc 0.0478 eff 0.0 outinratio 0.0064 

WminusH126_4mu_rapidity4l_genbin2_recobin9 acc 0.0349 eff 0.0 outinratio 0.006 

WplusH126_4mu_rapidity4l_genbin2_recobin9 acc 0.0275 eff 0.0 outinratio 0.0169 

ZH126_4mu_rapidity4l_genbin2_recobin9 acc 0.0323 eff 0.0 outinratio 0.0571 

ttH126_4mu_rapidity4l_genbin2_recobin9 acc 0.0455 eff 0.0 outinratio 0.045 

ggH126_4mu_rapidity4l_genbin3_recobin9 acc 0.0483 eff 0.0 outinratio 0.0061 

VBFH126_4mu_rapidity4l_genbin3_recobin9 acc 0.05 eff 0.0 outinratio 0.0064 

WminusH126_4mu_rapidity4l_genbin3_recobin9 acc 0.042 eff 0.0 outinratio 0.006 

WplusH126_4mu_rapidity4l_genbin3_recobin9 acc 0.0349 eff 0.0 outinratio 0.0169 

ZH126_4mu_rapidity4l_genbin3_recobin9 acc 0.037 eff 0.0 outinratio 0.0571 

ttH126_4mu_rapidity4l_genbin3_recobin9 acc 0.0547 eff 0.0 outinratio 0.045 

ggH126_4mu_rapidity4l_genbin4_recobin9 acc 0.0327 eff 0.0 outinratio 0.0061 

VBFH126_4mu_rapidity4l_genbin4_recobin9 acc 0.036 eff 0.0 outinratio 0.0064 

WminusH126_4mu_rapidity4l_genbin4_recobin9 acc 0.0276 eff 0.0 outinratio 0.006 

WplusH126_4mu_rapidity4l_genbin4_recobin9 acc 0.0254 eff 0.0 outinratio 0.0169 

ZH126_4mu_rapidity4l_genbin4_recobin9 acc 0.0259 eff 0.0 outinratio 0.0571 

ttH126_4mu_rapidity4l_genbin4_recobin9 acc 0.0457 eff 0.0 outinratio 0.045 

ggH126_4mu_rapidity4l_genbin5_recobin9 acc 0.0481 eff 0.0 outinratio 0.0061 

VBFH126_4mu_rapidity4l_genbin5_recobin9 acc 0.0482 eff 0.0 outinratio 0.0064 

WminusH126_4mu_rapidity4l_genbin5_recobin9 acc 0.0397 eff 0.0 outinratio 0.006 

WplusH126_4mu_rapidity4l_genbin5_recobin9 acc 0.0319 eff 0.0 outinratio 0.0169 

ZH126_4mu_rapidity4l_genbin5_recobin9 acc 0.0396 eff 0.0 outinratio 0.0571 

ttH126_4mu_rapidity4l_genbin5_recobin9 acc 0.0508 eff 0.0 outinratio 0.045 

ggH126_4mu_rapidity4l_genbin6_recobin9 acc 0.0451 eff 0.0 outinratio 0.0061 

VBFH126_4mu_rapidity4l_genbin6_recobin9 acc 0.0478 eff 0.0 outinratio 0.0064 

WminusH126_4mu_rapidity4l_genbin6_recobin9 acc 0.0382 eff 0.0 outinratio 0.006 

WplusH126_4mu_rapidity4l_genbin6_recobin9 acc 0.0337 eff 0.0 outinratio 0.0169 

ZH126_4mu_rapidity4l_genbin6_recobin9 acc 0.0365 eff 0.0 outinratio 0.0571 

ttH126_4mu_rapidity4l_genbin6_recobin9 acc 0.057 eff 0.0 outinratio 0.045 

ggH126_4mu_rapidity4l_genbin7_recobin9 acc 0.0541 eff 0.0 outinratio 0.0061 

VBFH126_4mu_rapidity4l_genbin7_recobin9 acc 0.0572 eff 0.0 outinratio 0.0064 

WminusH126_4mu_rapidity4l_genbin7_recobin9 acc 0.0493 eff 0.0 outinratio 0.006 

WplusH126_4mu_rapidity4l_genbin7_recobin9 acc 0.0457 eff 0.0 outinratio 0.0169 

ZH126_4mu_rapidity4l_genbin7_recobin9 acc 0.0467 eff 0.0 outinratio 0.0571 

ttH126_4mu_rapidity4l_genbin7_recobin9 acc 0.0544 eff 0.0 outinratio 0.045 

ggH126_4mu_rapidity4l_genbin8_recobin9 acc 0.0432 eff 0.0065 outinratio 0.0061 

VBFH126_4mu_rapidity4l_genbin8_recobin9 acc 0.0444 eff 0.0074 outinratio 0.0064 

WminusH126_4mu_rapidity4l_genbin8_recobin9 acc 0.0444 eff 0.009 outinratio 0.006 

WplusH126_4mu_rapidity4l_genbin8_recobin9 acc 0.041 eff 0.004 outinratio 0.0169 

ZH126_4mu_rapidity4l_genbin8_recobin9 acc 0.041 eff 0.0074 outinratio 0.0571 

ttH126_4mu_rapidity4l_genbin8_recobin9 acc 0.0473 eff 0.0 outinratio 0.045 

ggH126_4mu_rapidity4l_genbin9_recobin9 acc 0.0825 eff 0.6086 outinratio 0.0061 

VBFH126_4mu_rapidity4l_genbin9_recobin9 acc 0.0933 eff 0.6221 outinratio 0.0064 

WminusH126_4mu_rapidity4l_genbin9_recobin9 acc 0.0903 eff 0.5591 outinratio 0.006 

WplusH126_4mu_rapidity4l_genbin9_recobin9 acc 0.0939 eff 0.5695 outinratio 0.0169 

ZH126_4mu_rapidity4l_genbin9_recobin9 acc 0.0903 eff 0.5509 outinratio 0.0571 

ttH126_4mu_rapidity4l_genbin9_recobin9 acc 0.0731 eff 0.4101 outinratio 0.045 

ggH126_2e2mu_rapidity4l_genbin0_recobin0 acc 0.0368 eff 0.5073 outinratio 0.0073 

VBFH126_2e2mu_rapidity4l_genbin0_recobin0 acc 0.0404 eff 0.5593 outinratio 0.0049 

WminusH126_2e2mu_rapidity4l_genbin0_recobin0 acc 0.0321 eff 0.4782 outinratio 0.02 

WplusH126_2e2mu_rapidity4l_genbin0_recobin0 acc 0.0262 eff 0.4892 outinratio 0.0255 

ZH126_2e2mu_rapidity4l_genbin0_recobin0 acc 0.0296 eff 0.512 outinratio 0.0597 

ttH126_2e2mu_rapidity4l_genbin0_recobin0 acc 0.0443 eff 0.4343 outinratio 0.0678 

ggH126_2e2mu_rapidity4l_genbin1_recobin0 acc 0.0382 eff 0.0192 outinratio 0.0073 

VBFH126_2e2mu_rapidity4l_genbin1_recobin0 acc 0.0376 eff 0.0122 outinratio 0.0049 

WminusH126_2e2mu_rapidity4l_genbin1_recobin0 acc 0.032 eff 0.0108 outinratio 0.02 

WplusH126_2e2mu_rapidity4l_genbin1_recobin0 acc 0.0273 eff 0.0151 outinratio 0.0255 

ZH126_2e2mu_rapidity4l_genbin1_recobin0 acc 0.0297 eff 0.0126 outinratio 0.0597 

ttH126_2e2mu_rapidity4l_genbin1_recobin0 acc 0.046 eff 0.0147 outinratio 0.0678 

ggH126_2e2mu_rapidity4l_genbin2_recobin0 acc 0.0369 eff 0.0 outinratio 0.0073 

VBFH126_2e2mu_rapidity4l_genbin2_recobin0 acc 0.0416 eff 0.0 outinratio 0.0049 

WminusH126_2e2mu_rapidity4l_genbin2_recobin0 acc 0.0304 eff 0.0 outinratio 0.02 

WplusH126_2e2mu_rapidity4l_genbin2_recobin0 acc 0.0244 eff 0.0 outinratio 0.0255 

ZH126_2e2mu_rapidity4l_genbin2_recobin0 acc 0.0289 eff 0.0 outinratio 0.0597 

ttH126_2e2mu_rapidity4l_genbin2_recobin0 acc 0.0469 eff 0.0 outinratio 0.0678 

ggH126_2e2mu_rapidity4l_genbin3_recobin0 acc 0.0412 eff 0.0 outinratio 0.0073 

VBFH126_2e2mu_rapidity4l_genbin3_recobin0 acc 0.0452 eff 0.0 outinratio 0.0049 

WminusH126_2e2mu_rapidity4l_genbin3_recobin0 acc 0.0363 eff 0.0 outinratio 0.02 

WplusH126_2e2mu_rapidity4l_genbin3_recobin0 acc 0.0309 eff 0.0 outinratio 0.0255 

ZH126_2e2mu_rapidity4l_genbin3_recobin0 acc 0.0352 eff 0.0 outinratio 0.0597 

ttH126_2e2mu_rapidity4l_genbin3_recobin0 acc 0.0495 eff 0.0 outinratio 0.0678 

ggH126_2e2mu_rapidity4l_genbin4_recobin0 acc 0.0291 eff 0.0 outinratio 0.0073 

VBFH126_2e2mu_rapidity4l_genbin4_recobin0 acc 0.0316 eff 0.0 outinratio 0.0049 

WminusH126_2e2mu_rapidity4l_genbin4_recobin0 acc 0.0258 eff 0.0 outinratio 0.02 

WplusH126_2e2mu_rapidity4l_genbin4_recobin0 acc 0.0212 eff 0.0 outinratio 0.0255 

ZH126_2e2mu_rapidity4l_genbin4_recobin0 acc 0.0241 eff 0.0 outinratio 0.0597 

ttH126_2e2mu_rapidity4l_genbin4_recobin0 acc 0.0376 eff 0.0 outinratio 0.0678 

ggH126_2e2mu_rapidity4l_genbin5_recobin0 acc 0.0432 eff 0.0 outinratio 0.0073 

VBFH126_2e2mu_rapidity4l_genbin5_recobin0 acc 0.0444 eff 0.0 outinratio 0.0049 

WminusH126_2e2mu_rapidity4l_genbin5_recobin0 acc 0.0372 eff 0.0 outinratio 0.02 

WplusH126_2e2mu_rapidity4l_genbin5_recobin0 acc 0.0288 eff 0.0 outinratio 0.0255 

ZH126_2e2mu_rapidity4l_genbin5_recobin0 acc 0.0347 eff 0.0 outinratio 0.0597 

ttH126_2e2mu_rapidity4l_genbin5_recobin0 acc 0.048 eff 0.0 outinratio 0.0678 

ggH126_2e2mu_rapidity4l_genbin6_recobin0 acc 0.0396 eff 0.0 outinratio 0.0073 

VBFH126_2e2mu_rapidity4l_genbin6_recobin0 acc 0.0442 eff 0.0 outinratio 0.0049 

WminusH126_2e2mu_rapidity4l_genbin6_recobin0 acc 0.035 eff 0.0 outinratio 0.02 

WplusH126_2e2mu_rapidity4l_genbin6_recobin0 acc 0.0295 eff 0.0 outinratio 0.0255 

ZH126_2e2mu_rapidity4l_genbin6_recobin0 acc 0.0348 eff 0.0 outinratio 0.0597 

ttH126_2e2mu_rapidity4l_genbin6_recobin0 acc 0.0446 eff 0.0 outinratio 0.0678 

ggH126_2e2mu_rapidity4l_genbin7_recobin0 acc 0.0505 eff 0.0 outinratio 0.0073 

VBFH126_2e2mu_rapidity4l_genbin7_recobin0 acc 0.0513 eff 0.0 outinratio 0.0049 

WminusH126_2e2mu_rapidity4l_genbin7_recobin0 acc 0.0446 eff 0.0 outinratio 0.02 

WplusH126_2e2mu_rapidity4l_genbin7_recobin0 acc 0.0413 eff 0.0 outinratio 0.0255 

ZH126_2e2mu_rapidity4l_genbin7_recobin0 acc 0.0417 eff 0.0 outinratio 0.0597 

ttH126_2e2mu_rapidity4l_genbin7_recobin0 acc 0.0533 eff 0.0 outinratio 0.0678 

ggH126_2e2mu_rapidity4l_genbin8_recobin0 acc 0.0418 eff 0.0 outinratio 0.0073 

VBFH126_2e2mu_rapidity4l_genbin8_recobin0 acc 0.0457 eff 0.0 outinratio 0.0049 

WminusH126_2e2mu_rapidity4l_genbin8_recobin0 acc 0.0396 eff 0.0 outinratio 0.02 

WplusH126_2e2mu_rapidity4l_genbin8_recobin0 acc 0.0378 eff 0.0 outinratio 0.0255 

ZH126_2e2mu_rapidity4l_genbin8_recobin0 acc 0.0395 eff 0.0 outinratio 0.0597 

ttH126_2e2mu_rapidity4l_genbin8_recobin0 acc 0.0427 eff 0.0 outinratio 0.0678 

ggH126_2e2mu_rapidity4l_genbin9_recobin0 acc 0.083 eff 0.0 outinratio 0.0073 

VBFH126_2e2mu_rapidity4l_genbin9_recobin0 acc 0.0935 eff 0.0 outinratio 0.0049 

WminusH126_2e2mu_rapidity4l_genbin9_recobin0 acc 0.0898 eff 0.0 outinratio 0.02 

WplusH126_2e2mu_rapidity4l_genbin9_recobin0 acc 0.0945 eff 0.0 outinratio 0.0255 

ZH126_2e2mu_rapidity4l_genbin9_recobin0 acc 0.0931 eff 0.0 outinratio 0.0597 

ttH126_2e2mu_rapidity4l_genbin9_recobin0 acc 0.0674 eff 0.0 outinratio 0.0678 

ggH126_2e2mu_rapidity4l_genbin0_recobin1 acc 0.0368 eff 0.0161 outinratio 0.0046 

VBFH126_2e2mu_rapidity4l_genbin0_recobin1 acc 0.0404 eff 0.008 outinratio 0.0033 

WminusH126_2e2mu_rapidity4l_genbin0_recobin1 acc 0.0321 eff 0.012 outinratio 0.014 

WplusH126_2e2mu_rapidity4l_genbin0_recobin1 acc 0.0262 eff 0.0181 outinratio 0.0204 

ZH126_2e2mu_rapidity4l_genbin0_recobin1 acc 0.0296 eff 0.011 outinratio 0.055 

ttH126_2e2mu_rapidity4l_genbin0_recobin1 acc 0.0443 eff 0.0207 outinratio 0.0729 

ggH126_2e2mu_rapidity4l_genbin1_recobin1 acc 0.0382 eff 0.4746 outinratio 0.0046 

VBFH126_2e2mu_rapidity4l_genbin1_recobin1 acc 0.0376 eff 0.5458 outinratio 0.0033 

WminusH126_2e2mu_rapidity4l_genbin1_recobin1 acc 0.032 eff 0.5106 outinratio 0.014 

WplusH126_2e2mu_rapidity4l_genbin1_recobin1 acc 0.0273 eff 0.458 outinratio 0.0204 

ZH126_2e2mu_rapidity4l_genbin1_recobin1 acc 0.0297 eff 0.4991 outinratio 0.055 

ttH126_2e2mu_rapidity4l_genbin1_recobin1 acc 0.046 eff 0.3657 outinratio 0.0729 

ggH126_2e2mu_rapidity4l_genbin2_recobin1 acc 0.0369 eff 0.0191 outinratio 0.0046 

VBFH126_2e2mu_rapidity4l_genbin2_recobin1 acc 0.0416 eff 0.0154 outinratio 0.0033 

WminusH126_2e2mu_rapidity4l_genbin2_recobin1 acc 0.0304 eff 0.0145 outinratio 0.014 

WplusH126_2e2mu_rapidity4l_genbin2_recobin1 acc 0.0244 eff 0.0156 outinratio 0.0204 

ZH126_2e2mu_rapidity4l_genbin2_recobin1 acc 0.0289 eff 0.0154 outinratio 0.055 

ttH126_2e2mu_rapidity4l_genbin2_recobin1 acc 0.0469 eff 0.0054 outinratio 0.0729 

ggH126_2e2mu_rapidity4l_genbin3_recobin1 acc 0.0412 eff 0.0 outinratio 0.0046 

VBFH126_2e2mu_rapidity4l_genbin3_recobin1 acc 0.0452 eff 0.0 outinratio 0.0033 

WminusH126_2e2mu_rapidity4l_genbin3_recobin1 acc 0.0363 eff 0.0 outinratio 0.014 

WplusH126_2e2mu_rapidity4l_genbin3_recobin1 acc 0.0309 eff 0.0 outinratio 0.0204 

ZH126_2e2mu_rapidity4l_genbin3_recobin1 acc 0.0352 eff 0.0 outinratio 0.055 

ttH126_2e2mu_rapidity4l_genbin3_recobin1 acc 0.0495 eff 0.0 outinratio 0.0729 

ggH126_2e2mu_rapidity4l_genbin4_recobin1 acc 0.0291 eff 0.0 outinratio 0.0046 

VBFH126_2e2mu_rapidity4l_genbin4_recobin1 acc 0.0316 eff 0.0 outinratio 0.0033 

WminusH126_2e2mu_rapidity4l_genbin4_recobin1 acc 0.0258 eff 0.0 outinratio 0.014 

WplusH126_2e2mu_rapidity4l_genbin4_recobin1 acc 0.0212 eff 0.0 outinratio 0.0204 

ZH126_2e2mu_rapidity4l_genbin4_recobin1 acc 0.0241 eff 0.0 outinratio 0.055 

ttH126_2e2mu_rapidity4l_genbin4_recobin1 acc 0.0376 eff 0.0 outinratio 0.0729 

ggH126_2e2mu_rapidity4l_genbin5_recobin1 acc 0.0432 eff 0.0 outinratio 0.0046 

VBFH126_2e2mu_rapidity4l_genbin5_recobin1 acc 0.0444 eff 0.0 outinratio 0.0033 

WminusH126_2e2mu_rapidity4l_genbin5_recobin1 acc 0.0372 eff 0.0 outinratio 0.014 

WplusH126_2e2mu_rapidity4l_genbin5_recobin1 acc 0.0288 eff 0.0 outinratio 0.0204 

ZH126_2e2mu_rapidity4l_genbin5_recobin1 acc 0.0347 eff 0.0 outinratio 0.055 

ttH126_2e2mu_rapidity4l_genbin5_recobin1 acc 0.048 eff 0.0 outinratio 0.0729 

ggH126_2e2mu_rapidity4l_genbin6_recobin1 acc 0.0396 eff 0.0 outinratio 0.0046 

VBFH126_2e2mu_rapidity4l_genbin6_recobin1 acc 0.0442 eff 0.0 outinratio 0.0033 

WminusH126_2e2mu_rapidity4l_genbin6_recobin1 acc 0.035 eff 0.0 outinratio 0.014 

WplusH126_2e2mu_rapidity4l_genbin6_recobin1 acc 0.0295 eff 0.0 outinratio 0.0204 

ZH126_2e2mu_rapidity4l_genbin6_recobin1 acc 0.0348 eff 0.0 outinratio 0.055 

ttH126_2e2mu_rapidity4l_genbin6_recobin1 acc 0.0446 eff 0.0 outinratio 0.0729 

ggH126_2e2mu_rapidity4l_genbin7_recobin1 acc 0.0505 eff 0.0 outinratio 0.0046 

VBFH126_2e2mu_rapidity4l_genbin7_recobin1 acc 0.0513 eff 0.0 outinratio 0.0033 

WminusH126_2e2mu_rapidity4l_genbin7_recobin1 acc 0.0446 eff 0.0 outinratio 0.014 

WplusH126_2e2mu_rapidity4l_genbin7_recobin1 acc 0.0413 eff 0.0 outinratio 0.0204 

ZH126_2e2mu_rapidity4l_genbin7_recobin1 acc 0.0417 eff 0.0 outinratio 0.055 

ttH126_2e2mu_rapidity4l_genbin7_recobin1 acc 0.0533 eff 0.0 outinratio 0.0729 

ggH126_2e2mu_rapidity4l_genbin8_recobin1 acc 0.0418 eff 0.0 outinratio 0.0046 

VBFH126_2e2mu_rapidity4l_genbin8_recobin1 acc 0.0457 eff 0.0 outinratio 0.0033 

WminusH126_2e2mu_rapidity4l_genbin8_recobin1 acc 0.0396 eff 0.0 outinratio 0.014 

WplusH126_2e2mu_rapidity4l_genbin8_recobin1 acc 0.0378 eff 0.0 outinratio 0.0204 

ZH126_2e2mu_rapidity4l_genbin8_recobin1 acc 0.0395 eff 0.0 outinratio 0.055 

ttH126_2e2mu_rapidity4l_genbin8_recobin1 acc 0.0427 eff 0.0 outinratio 0.0729 

ggH126_2e2mu_rapidity4l_genbin9_recobin1 acc 0.083 eff 0.0 outinratio 0.0046 

VBFH126_2e2mu_rapidity4l_genbin9_recobin1 acc 0.0935 eff 0.0 outinratio 0.0033 

WminusH126_2e2mu_rapidity4l_genbin9_recobin1 acc 0.0898 eff 0.0 outinratio 0.014 

WplusH126_2e2mu_rapidity4l_genbin9_recobin1 acc 0.0945 eff 0.0 outinratio 0.0204 

ZH126_2e2mu_rapidity4l_genbin9_recobin1 acc 0.0931 eff 0.0 outinratio 0.055 

ttH126_2e2mu_rapidity4l_genbin9_recobin1 acc 0.0674 eff 0.0 outinratio 0.0729 

ggH126_2e2mu_rapidity4l_genbin0_recobin2 acc 0.0368 eff 0.0 outinratio 0.0117 

VBFH126_2e2mu_rapidity4l_genbin0_recobin2 acc 0.0404 eff 0.0 outinratio 0.0028 

WminusH126_2e2mu_rapidity4l_genbin0_recobin2 acc 0.0321 eff 0.0 outinratio 0.0285 

WplusH126_2e2mu_rapidity4l_genbin0_recobin2 acc 0.0262 eff 0.0 outinratio 0.0209 

ZH126_2e2mu_rapidity4l_genbin0_recobin2 acc 0.0296 eff 0.0 outinratio 0.0536 

ttH126_2e2mu_rapidity4l_genbin0_recobin2 acc 0.0443 eff 0.0 outinratio 0.0476 

ggH126_2e2mu_rapidity4l_genbin1_recobin2 acc 0.0382 eff 0.0178 outinratio 0.0117 

VBFH126_2e2mu_rapidity4l_genbin1_recobin2 acc 0.0376 eff 0.0127 outinratio 0.0028 

WminusH126_2e2mu_rapidity4l_genbin1_recobin2 acc 0.032 eff 0.0137 outinratio 0.0285 

WplusH126_2e2mu_rapidity4l_genbin1_recobin2 acc 0.0273 eff 0.0095 outinratio 0.0209 

ZH126_2e2mu_rapidity4l_genbin1_recobin2 acc 0.0297 eff 0.0103 outinratio 0.0536 

ttH126_2e2mu_rapidity4l_genbin1_recobin2 acc 0.046 eff 0.0105 outinratio 0.0476 

ggH126_2e2mu_rapidity4l_genbin2_recobin2 acc 0.0369 eff 0.4775 outinratio 0.0117 

VBFH126_2e2mu_rapidity4l_genbin2_recobin2 acc 0.0416 eff 0.5401 outinratio 0.0028 

WminusH126_2e2mu_rapidity4l_genbin2_recobin2 acc 0.0304 eff 0.4727 outinratio 0.0285 

WplusH126_2e2mu_rapidity4l_genbin2_recobin2 acc 0.0244 eff 0.5149 outinratio 0.0209 

ZH126_2e2mu_rapidity4l_genbin2_recobin2 acc 0.0289 eff 0.4705 outinratio 0.0536 

ttH126_2e2mu_rapidity4l_genbin2_recobin2 acc 0.0469 eff 0.4023 outinratio 0.0476 

ggH126_2e2mu_rapidity4l_genbin3_recobin2 acc 0.0412 eff 0.0188 outinratio 0.0117 

VBFH126_2e2mu_rapidity4l_genbin3_recobin2 acc 0.0452 eff 0.013 outinratio 0.0028 

WminusH126_2e2mu_rapidity4l_genbin3_recobin2 acc 0.0363 eff 0.016 outinratio 0.0285 

WplusH126_2e2mu_rapidity4l_genbin3_recobin2 acc 0.0309 eff 0.0147 outinratio 0.0209 

ZH126_2e2mu_rapidity4l_genbin3_recobin2 acc 0.0352 eff 0.0107 outinratio 0.0536 

ttH126_2e2mu_rapidity4l_genbin3_recobin2 acc 0.0495 eff 0.0023 outinratio 0.0476 

ggH126_2e2mu_rapidity4l_genbin4_recobin2 acc 0.0291 eff 0.0 outinratio 0.0117 

VBFH126_2e2mu_rapidity4l_genbin4_recobin2 acc 0.0316 eff 0.0 outinratio 0.0028 

WminusH126_2e2mu_rapidity4l_genbin4_recobin2 acc 0.0258 eff 0.0 outinratio 0.0285 

WplusH126_2e2mu_rapidity4l_genbin4_recobin2 acc 0.0212 eff 0.0 outinratio 0.0209 

ZH126_2e2mu_rapidity4l_genbin4_recobin2 acc 0.0241 eff 0.0 outinratio 0.0536 

ttH126_2e2mu_rapidity4l_genbin4_recobin2 acc 0.0376 eff 0.0 outinratio 0.0476 

ggH126_2e2mu_rapidity4l_genbin5_recobin2 acc 0.0432 eff 0.0 outinratio 0.0117 

VBFH126_2e2mu_rapidity4l_genbin5_recobin2 acc 0.0444 eff 0.0 outinratio 0.0028 

WminusH126_2e2mu_rapidity4l_genbin5_recobin2 acc 0.0372 eff 0.0 outinratio 0.0285 

WplusH126_2e2mu_rapidity4l_genbin5_recobin2 acc 0.0288 eff 0.0 outinratio 0.0209 

ZH126_2e2mu_rapidity4l_genbin5_recobin2 acc 0.0347 eff 0.0 outinratio 0.0536 

ttH126_2e2mu_rapidity4l_genbin5_recobin2 acc 0.048 eff 0.0 outinratio 0.0476 

ggH126_2e2mu_rapidity4l_genbin6_recobin2 acc 0.0396 eff 0.0 outinratio 0.0117 

VBFH126_2e2mu_rapidity4l_genbin6_recobin2 acc 0.0442 eff 0.0 outinratio 0.0028 

WminusH126_2e2mu_rapidity4l_genbin6_recobin2 acc 0.035 eff 0.0 outinratio 0.0285 

WplusH126_2e2mu_rapidity4l_genbin6_recobin2 acc 0.0295 eff 0.0 outinratio 0.0209 

ZH126_2e2mu_rapidity4l_genbin6_recobin2 acc 0.0348 eff 0.0 outinratio 0.0536 

ttH126_2e2mu_rapidity4l_genbin6_recobin2 acc 0.0446 eff 0.0 outinratio 0.0476 

ggH126_2e2mu_rapidity4l_genbin7_recobin2 acc 0.0505 eff 0.0 outinratio 0.0117 

VBFH126_2e2mu_rapidity4l_genbin7_recobin2 acc 0.0513 eff 0.0 outinratio 0.0028 

WminusH126_2e2mu_rapidity4l_genbin7_recobin2 acc 0.0446 eff 0.0 outinratio 0.0285 

WplusH126_2e2mu_rapidity4l_genbin7_recobin2 acc 0.0413 eff 0.0 outinratio 0.0209 

ZH126_2e2mu_rapidity4l_genbin7_recobin2 acc 0.0417 eff 0.0 outinratio 0.0536 

ttH126_2e2mu_rapidity4l_genbin7_recobin2 acc 0.0533 eff 0.0 outinratio 0.0476 

ggH126_2e2mu_rapidity4l_genbin8_recobin2 acc 0.0418 eff 0.0 outinratio 0.0117 

VBFH126_2e2mu_rapidity4l_genbin8_recobin2 acc 0.0457 eff 0.0 outinratio 0.0028 

WminusH126_2e2mu_rapidity4l_genbin8_recobin2 acc 0.0396 eff 0.0 outinratio 0.0285 

WplusH126_2e2mu_rapidity4l_genbin8_recobin2 acc 0.0378 eff 0.0 outinratio 0.0209 

ZH126_2e2mu_rapidity4l_genbin8_recobin2 acc 0.0395 eff 0.0 outinratio 0.0536 

ttH126_2e2mu_rapidity4l_genbin8_recobin2 acc 0.0427 eff 0.0 outinratio 0.0476 

ggH126_2e2mu_rapidity4l_genbin9_recobin2 acc 0.083 eff 0.0 outinratio 0.0117 

VBFH126_2e2mu_rapidity4l_genbin9_recobin2 acc 0.0935 eff 0.0 outinratio 0.0028 

WminusH126_2e2mu_rapidity4l_genbin9_recobin2 acc 0.0898 eff 0.0 outinratio 0.0285 

WplusH126_2e2mu_rapidity4l_genbin9_recobin2 acc 0.0945 eff 0.0 outinratio 0.0209 

ZH126_2e2mu_rapidity4l_genbin9_recobin2 acc 0.0931 eff 0.0 outinratio 0.0536 

ttH126_2e2mu_rapidity4l_genbin9_recobin2 acc 0.0674 eff 0.0 outinratio 0.0476 

ggH126_2e2mu_rapidity4l_genbin0_recobin3 acc 0.0368 eff 0.0 outinratio 0.0091 

VBFH126_2e2mu_rapidity4l_genbin0_recobin3 acc 0.0404 eff 0.0 outinratio 0.0043 

WminusH126_2e2mu_rapidity4l_genbin0_recobin3 acc 0.0321 eff 0.0 outinratio 0.0197 

WplusH126_2e2mu_rapidity4l_genbin0_recobin3 acc 0.0262 eff 0.0 outinratio 0.0153 

ZH126_2e2mu_rapidity4l_genbin0_recobin3 acc 0.0296 eff 0.0 outinratio 0.0556 

ttH126_2e2mu_rapidity4l_genbin0_recobin3 acc 0.0443 eff 0.0 outinratio 0.0404 

ggH126_2e2mu_rapidity4l_genbin1_recobin3 acc 0.0382 eff 0.0 outinratio 0.0091 

VBFH126_2e2mu_rapidity4l_genbin1_recobin3 acc 0.0376 eff 0.0 outinratio 0.0043 

WminusH126_2e2mu_rapidity4l_genbin1_recobin3 acc 0.032 eff 0.0 outinratio 0.0197 

WplusH126_2e2mu_rapidity4l_genbin1_recobin3 acc 0.0273 eff 0.0 outinratio 0.0153 

ZH126_2e2mu_rapidity4l_genbin1_recobin3 acc 0.0297 eff 0.0 outinratio 0.0556 

ttH126_2e2mu_rapidity4l_genbin1_recobin3 acc 0.046 eff 0.0 outinratio 0.0404 

ggH126_2e2mu_rapidity4l_genbin2_recobin3 acc 0.0369 eff 0.0117 outinratio 0.0091 

VBFH126_2e2mu_rapidity4l_genbin2_recobin3 acc 0.0416 eff 0.0112 outinratio 0.0043 

WminusH126_2e2mu_rapidity4l_genbin2_recobin3 acc 0.0304 eff 0.0109 outinratio 0.0197 

WplusH126_2e2mu_rapidity4l_genbin2_recobin3 acc 0.0244 eff 0.0163 outinratio 0.0153 

ZH126_2e2mu_rapidity4l_genbin2_recobin3 acc 0.0289 eff 0.0159 outinratio 0.0556 

ttH126_2e2mu_rapidity4l_genbin2_recobin3 acc 0.0469 eff 0.0088 outinratio 0.0404 

ggH126_2e2mu_rapidity4l_genbin3_recobin3 acc 0.0412 eff 0.4968 outinratio 0.0091 

VBFH126_2e2mu_rapidity4l_genbin3_recobin3 acc 0.0452 eff 0.5038 outinratio 0.0043 

WminusH126_2e2mu_rapidity4l_genbin3_recobin3 acc 0.0363 eff 0.475 outinratio 0.0197 

WplusH126_2e2mu_rapidity4l_genbin3_recobin3 acc 0.0309 eff 0.4614 outinratio 0.0153 

ZH126_2e2mu_rapidity4l_genbin3_recobin3 acc 0.0352 eff 0.4662 outinratio 0.0556 

ttH126_2e2mu_rapidity4l_genbin3_recobin3 acc 0.0495 eff 0.4276 outinratio 0.0404 

ggH126_2e2mu_rapidity4l_genbin4_recobin3 acc 0.0291 eff 0.0254 outinratio 0.0091 

VBFH126_2e2mu_rapidity4l_genbin4_recobin3 acc 0.0316 eff 0.0279 outinratio 0.0043 

WminusH126_2e2mu_rapidity4l_genbin4_recobin3 acc 0.0258 eff 0.0243 outinratio 0.0197 

WplusH126_2e2mu_rapidity4l_genbin4_recobin3 acc 0.0212 eff 0.0086 outinratio 0.0153 

ZH126_2e2mu_rapidity4l_genbin4_recobin3 acc 0.0241 eff 0.0223 outinratio 0.0556 

ttH126_2e2mu_rapidity4l_genbin4_recobin3 acc 0.0376 eff 0.0028 outinratio 0.0404 

ggH126_2e2mu_rapidity4l_genbin5_recobin3 acc 0.0432 eff 0.0 outinratio 0.0091 

VBFH126_2e2mu_rapidity4l_genbin5_recobin3 acc 0.0444 eff 0.0 outinratio 0.0043 

WminusH126_2e2mu_rapidity4l_genbin5_recobin3 acc 0.0372 eff 0.0 outinratio 0.0197 

WplusH126_2e2mu_rapidity4l_genbin5_recobin3 acc 0.0288 eff 0.0 outinratio 0.0153 

ZH126_2e2mu_rapidity4l_genbin5_recobin3 acc 0.0347 eff 0.0 outinratio 0.0556 

ttH126_2e2mu_rapidity4l_genbin5_recobin3 acc 0.048 eff 0.0 outinratio 0.0404 

ggH126_2e2mu_rapidity4l_genbin6_recobin3 acc 0.0396 eff 0.0 outinratio 0.0091 

VBFH126_2e2mu_rapidity4l_genbin6_recobin3 acc 0.0442 eff 0.0 outinratio 0.0043 

WminusH126_2e2mu_rapidity4l_genbin6_recobin3 acc 0.035 eff 0.0 outinratio 0.0197 

WplusH126_2e2mu_rapidity4l_genbin6_recobin3 acc 0.0295 eff 0.0 outinratio 0.0153 

ZH126_2e2mu_rapidity4l_genbin6_recobin3 acc 0.0348 eff 0.0 outinratio 0.0556 

ttH126_2e2mu_rapidity4l_genbin6_recobin3 acc 0.0446 eff 0.0 outinratio 0.0404 

ggH126_2e2mu_rapidity4l_genbin7_recobin3 acc 0.0505 eff 0.0 outinratio 0.0091 

VBFH126_2e2mu_rapidity4l_genbin7_recobin3 acc 0.0513 eff 0.0 outinratio 0.0043 

WminusH126_2e2mu_rapidity4l_genbin7_recobin3 acc 0.0446 eff 0.0 outinratio 0.0197 

WplusH126_2e2mu_rapidity4l_genbin7_recobin3 acc 0.0413 eff 0.0 outinratio 0.0153 

ZH126_2e2mu_rapidity4l_genbin7_recobin3 acc 0.0417 eff 0.0 outinratio 0.0556 

ttH126_2e2mu_rapidity4l_genbin7_recobin3 acc 0.0533 eff 0.0 outinratio 0.0404 

ggH126_2e2mu_rapidity4l_genbin8_recobin3 acc 0.0418 eff 0.0 outinratio 0.0091 

VBFH126_2e2mu_rapidity4l_genbin8_recobin3 acc 0.0457 eff 0.0 outinratio 0.0043 

WminusH126_2e2mu_rapidity4l_genbin8_recobin3 acc 0.0396 eff 0.0 outinratio 0.0197 

WplusH126_2e2mu_rapidity4l_genbin8_recobin3 acc 0.0378 eff 0.0 outinratio 0.0153 

ZH126_2e2mu_rapidity4l_genbin8_recobin3 acc 0.0395 eff 0.0 outinratio 0.0556 

ttH126_2e2mu_rapidity4l_genbin8_recobin3 acc 0.0427 eff 0.0 outinratio 0.0404 

ggH126_2e2mu_rapidity4l_genbin9_recobin3 acc 0.083 eff 0.0 outinratio 0.0091 

VBFH126_2e2mu_rapidity4l_genbin9_recobin3 acc 0.0935 eff 0.0 outinratio 0.0043 

WminusH126_2e2mu_rapidity4l_genbin9_recobin3 acc 0.0898 eff 0.0 outinratio 0.0197 

WplusH126_2e2mu_rapidity4l_genbin9_recobin3 acc 0.0945 eff 0.0 outinratio 0.0153 

ZH126_2e2mu_rapidity4l_genbin9_recobin3 acc 0.0931 eff 0.0 outinratio 0.0556 

ttH126_2e2mu_rapidity4l_genbin9_recobin3 acc 0.0674 eff 0.0 outinratio 0.0404 

ggH126_2e2mu_rapidity4l_genbin0_recobin4 acc 0.0368 eff 0.0 outinratio 0.007 

VBFH126_2e2mu_rapidity4l_genbin0_recobin4 acc 0.0404 eff 0.0 outinratio 0.0098 

WminusH126_2e2mu_rapidity4l_genbin0_recobin4 acc 0.0321 eff 0.0 outinratio 0.0145 

WplusH126_2e2mu_rapidity4l_genbin0_recobin4 acc 0.0262 eff 0.0 outinratio 0.0143 

ZH126_2e2mu_rapidity4l_genbin0_recobin4 acc 0.0296 eff 0.0 outinratio 0.0519 

ttH126_2e2mu_rapidity4l_genbin0_recobin4 acc 0.0443 eff 0.0 outinratio 0.0317 

ggH126_2e2mu_rapidity4l_genbin1_recobin4 acc 0.0382 eff 0.0 outinratio 0.007 

VBFH126_2e2mu_rapidity4l_genbin1_recobin4 acc 0.0376 eff 0.0 outinratio 0.0098 

WminusH126_2e2mu_rapidity4l_genbin1_recobin4 acc 0.032 eff 0.0 outinratio 0.0145 

WplusH126_2e2mu_rapidity4l_genbin1_recobin4 acc 0.0273 eff 0.0 outinratio 0.0143 

ZH126_2e2mu_rapidity4l_genbin1_recobin4 acc 0.0297 eff 0.0 outinratio 0.0519 

ttH126_2e2mu_rapidity4l_genbin1_recobin4 acc 0.046 eff 0.0 outinratio 0.0317 

ggH126_2e2mu_rapidity4l_genbin2_recobin4 acc 0.0369 eff 0.0 outinratio 0.007 

VBFH126_2e2mu_rapidity4l_genbin2_recobin4 acc 0.0416 eff 0.0 outinratio 0.0098 

WminusH126_2e2mu_rapidity4l_genbin2_recobin4 acc 0.0304 eff 0.0 outinratio 0.0145 

WplusH126_2e2mu_rapidity4l_genbin2_recobin4 acc 0.0244 eff 0.0 outinratio 0.0143 

ZH126_2e2mu_rapidity4l_genbin2_recobin4 acc 0.0289 eff 0.0 outinratio 0.0519 

ttH126_2e2mu_rapidity4l_genbin2_recobin4 acc 0.0469 eff 0.0 outinratio 0.0317 

ggH126_2e2mu_rapidity4l_genbin3_recobin4 acc 0.0412 eff 0.014 outinratio 0.007 

VBFH126_2e2mu_rapidity4l_genbin3_recobin4 acc 0.0452 eff 0.0088 outinratio 0.0098 

WminusH126_2e2mu_rapidity4l_genbin3_recobin4 acc 0.0363 eff 0.01 outinratio 0.0145 

WplusH126_2e2mu_rapidity4l_genbin3_recobin4 acc 0.0309 eff 0.0148 outinratio 0.0143 

ZH126_2e2mu_rapidity4l_genbin3_recobin4 acc 0.0352 eff 0.0119 outinratio 0.0519 

ttH126_2e2mu_rapidity4l_genbin3_recobin4 acc 0.0495 eff 0.0036 outinratio 0.0317 

ggH126_2e2mu_rapidity4l_genbin4_recobin4 acc 0.0291 eff 0.4652 outinratio 0.007 

VBFH126_2e2mu_rapidity4l_genbin4_recobin4 acc 0.0316 eff 0.5183 outinratio 0.0098 

WminusH126_2e2mu_rapidity4l_genbin4_recobin4 acc 0.0258 eff 0.468 outinratio 0.0145 

WplusH126_2e2mu_rapidity4l_genbin4_recobin4 acc 0.0212 eff 0.4789 outinratio 0.0143 

ZH126_2e2mu_rapidity4l_genbin4_recobin4 acc 0.0241 eff 0.4773 outinratio 0.0519 

ttH126_2e2mu_rapidity4l_genbin4_recobin4 acc 0.0376 eff 0.3455 outinratio 0.0317 

ggH126_2e2mu_rapidity4l_genbin5_recobin4 acc 0.0432 eff 0.0135 outinratio 0.007 

VBFH126_2e2mu_rapidity4l_genbin5_recobin4 acc 0.0444 eff 0.0215 outinratio 0.0098 

WminusH126_2e2mu_rapidity4l_genbin5_recobin4 acc 0.0372 eff 0.0118 outinratio 0.0145 

WplusH126_2e2mu_rapidity4l_genbin5_recobin4 acc 0.0288 eff 0.0114 outinratio 0.0143 

ZH126_2e2mu_rapidity4l_genbin5_recobin4 acc 0.0347 eff 0.0107 outinratio 0.0519 

ttH126_2e2mu_rapidity4l_genbin5_recobin4 acc 0.048 eff 0.0124 outinratio 0.0317 

ggH126_2e2mu_rapidity4l_genbin6_recobin4 acc 0.0396 eff 0.0 outinratio 0.007 

VBFH126_2e2mu_rapidity4l_genbin6_recobin4 acc 0.0442 eff 0.0 outinratio 0.0098 

WminusH126_2e2mu_rapidity4l_genbin6_recobin4 acc 0.035 eff 0.0 outinratio 0.0145 

WplusH126_2e2mu_rapidity4l_genbin6_recobin4 acc 0.0295 eff 0.0 outinratio 0.0143 

ZH126_2e2mu_rapidity4l_genbin6_recobin4 acc 0.0348 eff 0.0 outinratio 0.0519 

ttH126_2e2mu_rapidity4l_genbin6_recobin4 acc 0.0446 eff 0.0 outinratio 0.0317 

ggH126_2e2mu_rapidity4l_genbin7_recobin4 acc 0.0505 eff 0.0 outinratio 0.007 

VBFH126_2e2mu_rapidity4l_genbin7_recobin4 acc 0.0513 eff 0.0 outinratio 0.0098 

WminusH126_2e2mu_rapidity4l_genbin7_recobin4 acc 0.0446 eff 0.0 outinratio 0.0145 

WplusH126_2e2mu_rapidity4l_genbin7_recobin4 acc 0.0413 eff 0.0 outinratio 0.0143 

ZH126_2e2mu_rapidity4l_genbin7_recobin4 acc 0.0417 eff 0.0 outinratio 0.0519 

ttH126_2e2mu_rapidity4l_genbin7_recobin4 acc 0.0533 eff 0.0 outinratio 0.0317 

ggH126_2e2mu_rapidity4l_genbin8_recobin4 acc 0.0418 eff 0.0 outinratio 0.007 

VBFH126_2e2mu_rapidity4l_genbin8_recobin4 acc 0.0457 eff 0.0 outinratio 0.0098 

WminusH126_2e2mu_rapidity4l_genbin8_recobin4 acc 0.0396 eff 0.0 outinratio 0.0145 

WplusH126_2e2mu_rapidity4l_genbin8_recobin4 acc 0.0378 eff 0.0 outinratio 0.0143 

ZH126_2e2mu_rapidity4l_genbin8_recobin4 acc 0.0395 eff 0.0 outinratio 0.0519 

ttH126_2e2mu_rapidity4l_genbin8_recobin4 acc 0.0427 eff 0.0 outinratio 0.0317 

ggH126_2e2mu_rapidity4l_genbin9_recobin4 acc 0.083 eff 0.0 outinratio 0.007 

VBFH126_2e2mu_rapidity4l_genbin9_recobin4 acc 0.0935 eff 0.0 outinratio 0.0098 

WminusH126_2e2mu_rapidity4l_genbin9_recobin4 acc 0.0898 eff 0.0 outinratio 0.0145 

WplusH126_2e2mu_rapidity4l_genbin9_recobin4 acc 0.0945 eff 0.0 outinratio 0.0143 

ZH126_2e2mu_rapidity4l_genbin9_recobin4 acc 0.0931 eff 0.0 outinratio 0.0519 

ttH126_2e2mu_rapidity4l_genbin9_recobin4 acc 0.0674 eff 0.0 outinratio 0.0317 

ggH126_2e2mu_rapidity4l_genbin0_recobin5 acc 0.0368 eff 0.0 outinratio 0.0038 

VBFH126_2e2mu_rapidity4l_genbin0_recobin5 acc 0.0404 eff 0.0 outinratio 0.0014 

WminusH126_2e2mu_rapidity4l_genbin0_recobin5 acc 0.0321 eff 0.0 outinratio 0.0287 

WplusH126_2e2mu_rapidity4l_genbin0_recobin5 acc 0.0262 eff 0.0 outinratio 0.0208 

ZH126_2e2mu_rapidity4l_genbin0_recobin5 acc 0.0296 eff 0.0 outinratio 0.0573 

ttH126_2e2mu_rapidity4l_genbin0_recobin5 acc 0.0443 eff 0.0 outinratio 0.0976 

ggH126_2e2mu_rapidity4l_genbin1_recobin5 acc 0.0382 eff 0.0 outinratio 0.0038 

VBFH126_2e2mu_rapidity4l_genbin1_recobin5 acc 0.0376 eff 0.0 outinratio 0.0014 

WminusH126_2e2mu_rapidity4l_genbin1_recobin5 acc 0.032 eff 0.0 outinratio 0.0287 

WplusH126_2e2mu_rapidity4l_genbin1_recobin5 acc 0.0273 eff 0.0 outinratio 0.0208 

ZH126_2e2mu_rapidity4l_genbin1_recobin5 acc 0.0297 eff 0.0 outinratio 0.0573 

ttH126_2e2mu_rapidity4l_genbin1_recobin5 acc 0.046 eff 0.0 outinratio 0.0976 

ggH126_2e2mu_rapidity4l_genbin2_recobin5 acc 0.0369 eff 0.0 outinratio 0.0038 

VBFH126_2e2mu_rapidity4l_genbin2_recobin5 acc 0.0416 eff 0.0 outinratio 0.0014 

WminusH126_2e2mu_rapidity4l_genbin2_recobin5 acc 0.0304 eff 0.0 outinratio 0.0287 

WplusH126_2e2mu_rapidity4l_genbin2_recobin5 acc 0.0244 eff 0.0 outinratio 0.0208 

ZH126_2e2mu_rapidity4l_genbin2_recobin5 acc 0.0289 eff 0.0 outinratio 0.0573 

ttH126_2e2mu_rapidity4l_genbin2_recobin5 acc 0.0469 eff 0.0 outinratio 0.0976 

ggH126_2e2mu_rapidity4l_genbin3_recobin5 acc 0.0412 eff 0.0005 outinratio 0.0038 

VBFH126_2e2mu_rapidity4l_genbin3_recobin5 acc 0.0452 eff 0.0 outinratio 0.0014 

WminusH126_2e2mu_rapidity4l_genbin3_recobin5 acc 0.0363 eff 0.0 outinratio 0.0287 

WplusH126_2e2mu_rapidity4l_genbin3_recobin5 acc 0.0309 eff 0.0 outinratio 0.0208 

ZH126_2e2mu_rapidity4l_genbin3_recobin5 acc 0.0352 eff 0.0 outinratio 0.0573 

ttH126_2e2mu_rapidity4l_genbin3_recobin5 acc 0.0495 eff 0.0 outinratio 0.0976 

ggH126_2e2mu_rapidity4l_genbin4_recobin5 acc 0.0291 eff 0.0211 outinratio 0.0038 

VBFH126_2e2mu_rapidity4l_genbin4_recobin5 acc 0.0316 eff 0.015 outinratio 0.0014 

WminusH126_2e2mu_rapidity4l_genbin4_recobin5 acc 0.0258 eff 0.0207 outinratio 0.0287 

WplusH126_2e2mu_rapidity4l_genbin4_recobin5 acc 0.0212 eff 0.0105 outinratio 0.0208 

ZH126_2e2mu_rapidity4l_genbin4_recobin5 acc 0.0241 eff 0.0206 outinratio 0.0573 

ttH126_2e2mu_rapidity4l_genbin4_recobin5 acc 0.0376 eff 0.0069 outinratio 0.0976 

ggH126_2e2mu_rapidity4l_genbin5_recobin5 acc 0.0432 eff 0.4766 outinratio 0.0038 

VBFH126_2e2mu_rapidity4l_genbin5_recobin5 acc 0.0444 eff 0.5095 outinratio 0.0014 

WminusH126_2e2mu_rapidity4l_genbin5_recobin5 acc 0.0372 eff 0.4829 outinratio 0.0287 

WplusH126_2e2mu_rapidity4l_genbin5_recobin5 acc 0.0288 eff 0.4561 outinratio 0.0208 

ZH126_2e2mu_rapidity4l_genbin5_recobin5 acc 0.0347 eff 0.4754 outinratio 0.0573 

ttH126_2e2mu_rapidity4l_genbin5_recobin5 acc 0.048 eff 0.4025 outinratio 0.0976 

ggH126_2e2mu_rapidity4l_genbin6_recobin5 acc 0.0396 eff 0.0148 outinratio 0.0038 

VBFH126_2e2mu_rapidity4l_genbin6_recobin5 acc 0.0442 eff 0.01 outinratio 0.0014 

WminusH126_2e2mu_rapidity4l_genbin6_recobin5 acc 0.035 eff 0.0134 outinratio 0.0287 

WplusH126_2e2mu_rapidity4l_genbin6_recobin5 acc 0.0295 eff 0.0273 outinratio 0.0208 

ZH126_2e2mu_rapidity4l_genbin6_recobin5 acc 0.0348 eff 0.0099 outinratio 0.0573 

ttH126_2e2mu_rapidity4l_genbin6_recobin5 acc 0.0446 eff 0.0 outinratio 0.0976 

ggH126_2e2mu_rapidity4l_genbin7_recobin5 acc 0.0505 eff 0.0 outinratio 0.0038 

VBFH126_2e2mu_rapidity4l_genbin7_recobin5 acc 0.0513 eff 0.0 outinratio 0.0014 

WminusH126_2e2mu_rapidity4l_genbin7_recobin5 acc 0.0446 eff 0.0 outinratio 0.0287 

WplusH126_2e2mu_rapidity4l_genbin7_recobin5 acc 0.0413 eff 0.0 outinratio 0.0208 

ZH126_2e2mu_rapidity4l_genbin7_recobin5 acc 0.0417 eff 0.0 outinratio 0.0573 

ttH126_2e2mu_rapidity4l_genbin7_recobin5 acc 0.0533 eff 0.0 outinratio 0.0976 

ggH126_2e2mu_rapidity4l_genbin8_recobin5 acc 0.0418 eff 0.0 outinratio 0.0038 

VBFH126_2e2mu_rapidity4l_genbin8_recobin5 acc 0.0457 eff 0.0 outinratio 0.0014 

WminusH126_2e2mu_rapidity4l_genbin8_recobin5 acc 0.0396 eff 0.0 outinratio 0.0287 

WplusH126_2e2mu_rapidity4l_genbin8_recobin5 acc 0.0378 eff 0.0 outinratio 0.0208 

ZH126_2e2mu_rapidity4l_genbin8_recobin5 acc 0.0395 eff 0.0 outinratio 0.0573 

ttH126_2e2mu_rapidity4l_genbin8_recobin5 acc 0.0427 eff 0.0 outinratio 0.0976 

ggH126_2e2mu_rapidity4l_genbin9_recobin5 acc 0.083 eff 0.0 outinratio 0.0038 

VBFH126_2e2mu_rapidity4l_genbin9_recobin5 acc 0.0935 eff 0.0 outinratio 0.0014 

WminusH126_2e2mu_rapidity4l_genbin9_recobin5 acc 0.0898 eff 0.0 outinratio 0.0287 

WplusH126_2e2mu_rapidity4l_genbin9_recobin5 acc 0.0945 eff 0.0 outinratio 0.0208 

ZH126_2e2mu_rapidity4l_genbin9_recobin5 acc 0.0931 eff 0.0 outinratio 0.0573 

ttH126_2e2mu_rapidity4l_genbin9_recobin5 acc 0.0674 eff 0.0 outinratio 0.0976 

ggH126_2e2mu_rapidity4l_genbin0_recobin6 acc 0.0368 eff 0.0 outinratio 0.0084 

VBFH126_2e2mu_rapidity4l_genbin0_recobin6 acc 0.0404 eff 0.0 outinratio 0.0012 

WminusH126_2e2mu_rapidity4l_genbin0_recobin6 acc 0.0321 eff 0.0 outinratio 0.0151 

WplusH126_2e2mu_rapidity4l_genbin0_recobin6 acc 0.0262 eff 0.0 outinratio 0.0214 

ZH126_2e2mu_rapidity4l_genbin0_recobin6 acc 0.0296 eff 0.0 outinratio 0.0409 

ttH126_2e2mu_rapidity4l_genbin0_recobin6 acc 0.0443 eff 0.0 outinratio 0.0353 

ggH126_2e2mu_rapidity4l_genbin1_recobin6 acc 0.0382 eff 0.0 outinratio 0.0084 

VBFH126_2e2mu_rapidity4l_genbin1_recobin6 acc 0.0376 eff 0.0 outinratio 0.0012 

WminusH126_2e2mu_rapidity4l_genbin1_recobin6 acc 0.032 eff 0.0 outinratio 0.0151 

WplusH126_2e2mu_rapidity4l_genbin1_recobin6 acc 0.0273 eff 0.0 outinratio 0.0214 

ZH126_2e2mu_rapidity4l_genbin1_recobin6 acc 0.0297 eff 0.0 outinratio 0.0409 

ttH126_2e2mu_rapidity4l_genbin1_recobin6 acc 0.046 eff 0.0 outinratio 0.0353 

ggH126_2e2mu_rapidity4l_genbin2_recobin6 acc 0.0369 eff 0.0 outinratio 0.0084 

VBFH126_2e2mu_rapidity4l_genbin2_recobin6 acc 0.0416 eff 0.0 outinratio 0.0012 

WminusH126_2e2mu_rapidity4l_genbin2_recobin6 acc 0.0304 eff 0.0 outinratio 0.0151 

WplusH126_2e2mu_rapidity4l_genbin2_recobin6 acc 0.0244 eff 0.0 outinratio 0.0214 

ZH126_2e2mu_rapidity4l_genbin2_recobin6 acc 0.0289 eff 0.0 outinratio 0.0409 

ttH126_2e2mu_rapidity4l_genbin2_recobin6 acc 0.0469 eff 0.0 outinratio 0.0353 

ggH126_2e2mu_rapidity4l_genbin3_recobin6 acc 0.0412 eff 0.0 outinratio 0.0084 

VBFH126_2e2mu_rapidity4l_genbin3_recobin6 acc 0.0452 eff 0.0 outinratio 0.0012 

WminusH126_2e2mu_rapidity4l_genbin3_recobin6 acc 0.0363 eff 0.0 outinratio 0.0151 

WplusH126_2e2mu_rapidity4l_genbin3_recobin6 acc 0.0309 eff 0.0 outinratio 0.0214 

ZH126_2e2mu_rapidity4l_genbin3_recobin6 acc 0.0352 eff 0.0 outinratio 0.0409 

ttH126_2e2mu_rapidity4l_genbin3_recobin6 acc 0.0495 eff 0.0 outinratio 0.0353 

ggH126_2e2mu_rapidity4l_genbin4_recobin6 acc 0.0291 eff 0.0 outinratio 0.0084 

VBFH126_2e2mu_rapidity4l_genbin4_recobin6 acc 0.0316 eff 0.0 outinratio 0.0012 

WminusH126_2e2mu_rapidity4l_genbin4_recobin6 acc 0.0258 eff 0.0 outinratio 0.0151 

WplusH126_2e2mu_rapidity4l_genbin4_recobin6 acc 0.0212 eff 0.0 outinratio 0.0214 

ZH126_2e2mu_rapidity4l_genbin4_recobin6 acc 0.0241 eff 0.0 outinratio 0.0409 

ttH126_2e2mu_rapidity4l_genbin4_recobin6 acc 0.0376 eff 0.0 outinratio 0.0353 

ggH126_2e2mu_rapidity4l_genbin5_recobin6 acc 0.0432 eff 0.0115 outinratio 0.0084 

VBFH126_2e2mu_rapidity4l_genbin5_recobin6 acc 0.0444 eff 0.0065 outinratio 0.0012 

WminusH126_2e2mu_rapidity4l_genbin5_recobin6 acc 0.0372 eff 0.0095 outinratio 0.0151 

WplusH126_2e2mu_rapidity4l_genbin5_recobin6 acc 0.0288 eff 0.0157 outinratio 0.0214 

ZH126_2e2mu_rapidity4l_genbin5_recobin6 acc 0.0347 eff 0.0105 outinratio 0.0409 

ttH126_2e2mu_rapidity4l_genbin5_recobin6 acc 0.048 eff 0.0075 outinratio 0.0353 

ggH126_2e2mu_rapidity4l_genbin6_recobin6 acc 0.0396 eff 0.4621 outinratio 0.0084 

VBFH126_2e2mu_rapidity4l_genbin6_recobin6 acc 0.0442 eff 0.4859 outinratio 0.0012 

WminusH126_2e2mu_rapidity4l_genbin6_recobin6 acc 0.035 eff 0.4795 outinratio 0.0151 

WplusH126_2e2mu_rapidity4l_genbin6_recobin6 acc 0.0295 eff 0.4526 outinratio 0.0214 

ZH126_2e2mu_rapidity4l_genbin6_recobin6 acc 0.0348 eff 0.4478 outinratio 0.0409 

ttH126_2e2mu_rapidity4l_genbin6_recobin6 acc 0.0446 eff 0.3477 outinratio 0.0353 

ggH126_2e2mu_rapidity4l_genbin7_recobin6 acc 0.0505 eff 0.012 outinratio 0.0084 

VBFH126_2e2mu_rapidity4l_genbin7_recobin6 acc 0.0513 eff 0.0073 outinratio 0.0012 

WminusH126_2e2mu_rapidity4l_genbin7_recobin6 acc 0.0446 eff 0.0092 outinratio 0.0151 

WplusH126_2e2mu_rapidity4l_genbin7_recobin6 acc 0.0413 eff 0.0097 outinratio 0.0214 

ZH126_2e2mu_rapidity4l_genbin7_recobin6 acc 0.0417 eff 0.0098 outinratio 0.0409 

ttH126_2e2mu_rapidity4l_genbin7_recobin6 acc 0.0533 eff 0.0 outinratio 0.0353 

ggH126_2e2mu_rapidity4l_genbin8_recobin6 acc 0.0418 eff 0.0 outinratio 0.0084 

VBFH126_2e2mu_rapidity4l_genbin8_recobin6 acc 0.0457 eff 0.0 outinratio 0.0012 

WminusH126_2e2mu_rapidity4l_genbin8_recobin6 acc 0.0396 eff 0.0 outinratio 0.0151 

WplusH126_2e2mu_rapidity4l_genbin8_recobin6 acc 0.0378 eff 0.0 outinratio 0.0214 

ZH126_2e2mu_rapidity4l_genbin8_recobin6 acc 0.0395 eff 0.0 outinratio 0.0409 

ttH126_2e2mu_rapidity4l_genbin8_recobin6 acc 0.0427 eff 0.0 outinratio 0.0353 

ggH126_2e2mu_rapidity4l_genbin9_recobin6 acc 0.083 eff 0.0 outinratio 0.0084 

VBFH126_2e2mu_rapidity4l_genbin9_recobin6 acc 0.0935 eff 0.0 outinratio 0.0012 

WminusH126_2e2mu_rapidity4l_genbin9_recobin6 acc 0.0898 eff 0.0 outinratio 0.0151 

WplusH126_2e2mu_rapidity4l_genbin9_recobin6 acc 0.0945 eff 0.0 outinratio 0.0214 

ZH126_2e2mu_rapidity4l_genbin9_recobin6 acc 0.0931 eff 0.0 outinratio 0.0409 

ttH126_2e2mu_rapidity4l_genbin9_recobin6 acc 0.0674 eff 0.0 outinratio 0.0353 

ggH126_2e2mu_rapidity4l_genbin0_recobin7 acc 0.0368 eff 0.0 outinratio 0.0076 

VBFH126_2e2mu_rapidity4l_genbin0_recobin7 acc 0.0404 eff 0.0 outinratio 0.0039 

WminusH126_2e2mu_rapidity4l_genbin0_recobin7 acc 0.0321 eff 0.0 outinratio 0.0144 

WplusH126_2e2mu_rapidity4l_genbin0_recobin7 acc 0.0262 eff 0.0 outinratio 0.0055 

ZH126_2e2mu_rapidity4l_genbin0_recobin7 acc 0.0296 eff 0.0 outinratio 0.0511 

ttH126_2e2mu_rapidity4l_genbin0_recobin7 acc 0.0443 eff 0.0 outinratio 0.0237 

ggH126_2e2mu_rapidity4l_genbin1_recobin7 acc 0.0382 eff 0.0 outinratio 0.0076 

VBFH126_2e2mu_rapidity4l_genbin1_recobin7 acc 0.0376 eff 0.0 outinratio 0.0039 

WminusH126_2e2mu_rapidity4l_genbin1_recobin7 acc 0.032 eff 0.0 outinratio 0.0144 

WplusH126_2e2mu_rapidity4l_genbin1_recobin7 acc 0.0273 eff 0.0 outinratio 0.0055 

ZH126_2e2mu_rapidity4l_genbin1_recobin7 acc 0.0297 eff 0.0 outinratio 0.0511 

ttH126_2e2mu_rapidity4l_genbin1_recobin7 acc 0.046 eff 0.0 outinratio 0.0237 

ggH126_2e2mu_rapidity4l_genbin2_recobin7 acc 0.0369 eff 0.0 outinratio 0.0076 

VBFH126_2e2mu_rapidity4l_genbin2_recobin7 acc 0.0416 eff 0.0 outinratio 0.0039 

WminusH126_2e2mu_rapidity4l_genbin2_recobin7 acc 0.0304 eff 0.0 outinratio 0.0144 

WplusH126_2e2mu_rapidity4l_genbin2_recobin7 acc 0.0244 eff 0.0 outinratio 0.0055 

ZH126_2e2mu_rapidity4l_genbin2_recobin7 acc 0.0289 eff 0.0 outinratio 0.0511 

ttH126_2e2mu_rapidity4l_genbin2_recobin7 acc 0.0469 eff 0.0 outinratio 0.0237 

ggH126_2e2mu_rapidity4l_genbin3_recobin7 acc 0.0412 eff 0.0 outinratio 0.0076 

VBFH126_2e2mu_rapidity4l_genbin3_recobin7 acc 0.0452 eff 0.0 outinratio 0.0039 

WminusH126_2e2mu_rapidity4l_genbin3_recobin7 acc 0.0363 eff 0.0 outinratio 0.0144 

WplusH126_2e2mu_rapidity4l_genbin3_recobin7 acc 0.0309 eff 0.0 outinratio 0.0055 

ZH126_2e2mu_rapidity4l_genbin3_recobin7 acc 0.0352 eff 0.0 outinratio 0.0511 

ttH126_2e2mu_rapidity4l_genbin3_recobin7 acc 0.0495 eff 0.0 outinratio 0.0237 

ggH126_2e2mu_rapidity4l_genbin4_recobin7 acc 0.0291 eff 0.0 outinratio 0.0076 

VBFH126_2e2mu_rapidity4l_genbin4_recobin7 acc 0.0316 eff 0.0 outinratio 0.0039 

WminusH126_2e2mu_rapidity4l_genbin4_recobin7 acc 0.0258 eff 0.0 outinratio 0.0144 

WplusH126_2e2mu_rapidity4l_genbin4_recobin7 acc 0.0212 eff 0.0 outinratio 0.0055 

ZH126_2e2mu_rapidity4l_genbin4_recobin7 acc 0.0241 eff 0.0 outinratio 0.0511 

ttH126_2e2mu_rapidity4l_genbin4_recobin7 acc 0.0376 eff 0.0 outinratio 0.0237 

ggH126_2e2mu_rapidity4l_genbin5_recobin7 acc 0.0432 eff 0.0 outinratio 0.0076 

VBFH126_2e2mu_rapidity4l_genbin5_recobin7 acc 0.0444 eff 0.0 outinratio 0.0039 

WminusH126_2e2mu_rapidity4l_genbin5_recobin7 acc 0.0372 eff 0.0 outinratio 0.0144 

WplusH126_2e2mu_rapidity4l_genbin5_recobin7 acc 0.0288 eff 0.0 outinratio 0.0055 

ZH126_2e2mu_rapidity4l_genbin5_recobin7 acc 0.0347 eff 0.0 outinratio 0.0511 

ttH126_2e2mu_rapidity4l_genbin5_recobin7 acc 0.048 eff 0.0 outinratio 0.0237 

ggH126_2e2mu_rapidity4l_genbin6_recobin7 acc 0.0396 eff 0.0142 outinratio 0.0076 

VBFH126_2e2mu_rapidity4l_genbin6_recobin7 acc 0.0442 eff 0.0062 outinratio 0.0039 

WminusH126_2e2mu_rapidity4l_genbin6_recobin7 acc 0.035 eff 0.0131 outinratio 0.0144 

WplusH126_2e2mu_rapidity4l_genbin6_recobin7 acc 0.0295 eff 0.0072 outinratio 0.0055 

ZH126_2e2mu_rapidity4l_genbin6_recobin7 acc 0.0348 eff 0.0115 outinratio 0.0511 

ttH126_2e2mu_rapidity4l_genbin6_recobin7 acc 0.0446 eff 0.0082 outinratio 0.0237 

ggH126_2e2mu_rapidity4l_genbin7_recobin7 acc 0.0505 eff 0.4496 outinratio 0.0076 

VBFH126_2e2mu_rapidity4l_genbin7_recobin7 acc 0.0513 eff 0.5182 outinratio 0.0039 

WminusH126_2e2mu_rapidity4l_genbin7_recobin7 acc 0.0446 eff 0.448 outinratio 0.0144 

WplusH126_2e2mu_rapidity4l_genbin7_recobin7 acc 0.0413 eff 0.4454 outinratio 0.0055 

ZH126_2e2mu_rapidity4l_genbin7_recobin7 acc 0.0417 eff 0.4357 outinratio 0.0511 

ttH126_2e2mu_rapidity4l_genbin7_recobin7 acc 0.0533 eff 0.3747 outinratio 0.0237 

ggH126_2e2mu_rapidity4l_genbin8_recobin7 acc 0.0418 eff 0.0143 outinratio 0.0076 

VBFH126_2e2mu_rapidity4l_genbin8_recobin7 acc 0.0457 eff 0.006 outinratio 0.0039 

WminusH126_2e2mu_rapidity4l_genbin8_recobin7 acc 0.0396 eff 0.0089 outinratio 0.0144 

WplusH126_2e2mu_rapidity4l_genbin8_recobin7 acc 0.0378 eff 0.013 outinratio 0.0055 

ZH126_2e2mu_rapidity4l_genbin8_recobin7 acc 0.0395 eff 0.0133 outinratio 0.0511 

ttH126_2e2mu_rapidity4l_genbin8_recobin7 acc 0.0427 eff 0.0092 outinratio 0.0237 

ggH126_2e2mu_rapidity4l_genbin9_recobin7 acc 0.083 eff 0.0 outinratio 0.0076 

VBFH126_2e2mu_rapidity4l_genbin9_recobin7 acc 0.0935 eff 0.0 outinratio 0.0039 

WminusH126_2e2mu_rapidity4l_genbin9_recobin7 acc 0.0898 eff 0.0 outinratio 0.0144 

WplusH126_2e2mu_rapidity4l_genbin9_recobin7 acc 0.0945 eff 0.0 outinratio 0.0055 

ZH126_2e2mu_rapidity4l_genbin9_recobin7 acc 0.0931 eff 0.0 outinratio 0.0511 

ttH126_2e2mu_rapidity4l_genbin9_recobin7 acc 0.0674 eff 0.0 outinratio 0.0237 

ggH126_2e2mu_rapidity4l_genbin0_recobin8 acc 0.0368 eff 0.0 outinratio 0.0049 

VBFH126_2e2mu_rapidity4l_genbin0_recobin8 acc 0.0404 eff 0.0 outinratio 0.0058 

WminusH126_2e2mu_rapidity4l_genbin0_recobin8 acc 0.0321 eff 0.0 outinratio 0.0233 

WplusH126_2e2mu_rapidity4l_genbin0_recobin8 acc 0.0262 eff 0.0 outinratio 0.0172 

ZH126_2e2mu_rapidity4l_genbin0_recobin8 acc 0.0296 eff 0.0 outinratio 0.0387 

ttH126_2e2mu_rapidity4l_genbin0_recobin8 acc 0.0443 eff 0.0 outinratio 0.0486 

ggH126_2e2mu_rapidity4l_genbin1_recobin8 acc 0.0382 eff 0.0 outinratio 0.0049 

VBFH126_2e2mu_rapidity4l_genbin1_recobin8 acc 0.0376 eff 0.0 outinratio 0.0058 

WminusH126_2e2mu_rapidity4l_genbin1_recobin8 acc 0.032 eff 0.0 outinratio 0.0233 

WplusH126_2e2mu_rapidity4l_genbin1_recobin8 acc 0.0273 eff 0.0 outinratio 0.0172 

ZH126_2e2mu_rapidity4l_genbin1_recobin8 acc 0.0297 eff 0.0 outinratio 0.0387 

ttH126_2e2mu_rapidity4l_genbin1_recobin8 acc 0.046 eff 0.0 outinratio 0.0486 

ggH126_2e2mu_rapidity4l_genbin2_recobin8 acc 0.0369 eff 0.0 outinratio 0.0049 

VBFH126_2e2mu_rapidity4l_genbin2_recobin8 acc 0.0416 eff 0.0 outinratio 0.0058 

WminusH126_2e2mu_rapidity4l_genbin2_recobin8 acc 0.0304 eff 0.0 outinratio 0.0233 

WplusH126_2e2mu_rapidity4l_genbin2_recobin8 acc 0.0244 eff 0.0 outinratio 0.0172 

ZH126_2e2mu_rapidity4l_genbin2_recobin8 acc 0.0289 eff 0.0 outinratio 0.0387 

ttH126_2e2mu_rapidity4l_genbin2_recobin8 acc 0.0469 eff 0.0 outinratio 0.0486 

ggH126_2e2mu_rapidity4l_genbin3_recobin8 acc 0.0412 eff 0.0 outinratio 0.0049 

VBFH126_2e2mu_rapidity4l_genbin3_recobin8 acc 0.0452 eff 0.0 outinratio 0.0058 

WminusH126_2e2mu_rapidity4l_genbin3_recobin8 acc 0.0363 eff 0.0 outinratio 0.0233 

WplusH126_2e2mu_rapidity4l_genbin3_recobin8 acc 0.0309 eff 0.0 outinratio 0.0172 

ZH126_2e2mu_rapidity4l_genbin3_recobin8 acc 0.0352 eff 0.0 outinratio 0.0387 

ttH126_2e2mu_rapidity4l_genbin3_recobin8 acc 0.0495 eff 0.0 outinratio 0.0486 

ggH126_2e2mu_rapidity4l_genbin4_recobin8 acc 0.0291 eff 0.0 outinratio 0.0049 

VBFH126_2e2mu_rapidity4l_genbin4_recobin8 acc 0.0316 eff 0.0 outinratio 0.0058 

WminusH126_2e2mu_rapidity4l_genbin4_recobin8 acc 0.0258 eff 0.0 outinratio 0.0233 

WplusH126_2e2mu_rapidity4l_genbin4_recobin8 acc 0.0212 eff 0.0 outinratio 0.0172 

ZH126_2e2mu_rapidity4l_genbin4_recobin8 acc 0.0241 eff 0.0 outinratio 0.0387 

ttH126_2e2mu_rapidity4l_genbin4_recobin8 acc 0.0376 eff 0.0 outinratio 0.0486 

ggH126_2e2mu_rapidity4l_genbin5_recobin8 acc 0.0432 eff 0.0 outinratio 0.0049 

VBFH126_2e2mu_rapidity4l_genbin5_recobin8 acc 0.0444 eff 0.0 outinratio 0.0058 

WminusH126_2e2mu_rapidity4l_genbin5_recobin8 acc 0.0372 eff 0.0 outinratio 0.0233 

WplusH126_2e2mu_rapidity4l_genbin5_recobin8 acc 0.0288 eff 0.0 outinratio 0.0172 

ZH126_2e2mu_rapidity4l_genbin5_recobin8 acc 0.0347 eff 0.0 outinratio 0.0387 

ttH126_2e2mu_rapidity4l_genbin5_recobin8 acc 0.048 eff 0.0 outinratio 0.0486 

ggH126_2e2mu_rapidity4l_genbin6_recobin8 acc 0.0396 eff 0.0 outinratio 0.0049 

VBFH126_2e2mu_rapidity4l_genbin6_recobin8 acc 0.0442 eff 0.0 outinratio 0.0058 

WminusH126_2e2mu_rapidity4l_genbin6_recobin8 acc 0.035 eff 0.0 outinratio 0.0233 

WplusH126_2e2mu_rapidity4l_genbin6_recobin8 acc 0.0295 eff 0.0 outinratio 0.0172 

ZH126_2e2mu_rapidity4l_genbin6_recobin8 acc 0.0348 eff 0.0 outinratio 0.0387 

ttH126_2e2mu_rapidity4l_genbin6_recobin8 acc 0.0446 eff 0.0 outinratio 0.0486 

ggH126_2e2mu_rapidity4l_genbin7_recobin8 acc 0.0505 eff 0.007 outinratio 0.0049 

VBFH126_2e2mu_rapidity4l_genbin7_recobin8 acc 0.0513 eff 0.0049 outinratio 0.0058 

WminusH126_2e2mu_rapidity4l_genbin7_recobin8 acc 0.0446 eff 0.004 outinratio 0.0233 

WplusH126_2e2mu_rapidity4l_genbin7_recobin8 acc 0.0413 eff 0.0095 outinratio 0.0172 

ZH126_2e2mu_rapidity4l_genbin7_recobin8 acc 0.0417 eff 0.0047 outinratio 0.0387 

ttH126_2e2mu_rapidity4l_genbin7_recobin8 acc 0.0533 eff 0.0016 outinratio 0.0486 

ggH126_2e2mu_rapidity4l_genbin8_recobin8 acc 0.0418 eff 0.4177 outinratio 0.0049 

VBFH126_2e2mu_rapidity4l_genbin8_recobin8 acc 0.0457 eff 0.4463 outinratio 0.0058 

WminusH126_2e2mu_rapidity4l_genbin8_recobin8 acc 0.0396 eff 0.4237 outinratio 0.0233 

WplusH126_2e2mu_rapidity4l_genbin8_recobin8 acc 0.0378 eff 0.4325 outinratio 0.0172 

ZH126_2e2mu_rapidity4l_genbin8_recobin8 acc 0.0395 eff 0.4242 outinratio 0.0387 

ttH126_2e2mu_rapidity4l_genbin8_recobin8 acc 0.0427 eff 0.3106 outinratio 0.0486 

ggH126_2e2mu_rapidity4l_genbin9_recobin8 acc 0.083 eff 0.0042 outinratio 0.0049 

VBFH126_2e2mu_rapidity4l_genbin9_recobin8 acc 0.0935 eff 0.0026 outinratio 0.0058 

WminusH126_2e2mu_rapidity4l_genbin9_recobin8 acc 0.0898 eff 0.0038 outinratio 0.0233 

WplusH126_2e2mu_rapidity4l_genbin9_recobin8 acc 0.0945 eff 0.0017 outinratio 0.0172 

ZH126_2e2mu_rapidity4l_genbin9_recobin8 acc 0.0931 eff 0.0039 outinratio 0.0387 

ttH126_2e2mu_rapidity4l_genbin9_recobin8 acc 0.0674 eff 0.0039 outinratio 0.0486 

ggH126_2e2mu_rapidity4l_genbin0_recobin9 acc 0.0368 eff 0.0 outinratio 0.0073 

VBFH126_2e2mu_rapidity4l_genbin0_recobin9 acc 0.0404 eff 0.0 outinratio 0.0057 

WminusH126_2e2mu_rapidity4l_genbin0_recobin9 acc 0.0321 eff 0.0 outinratio 0.0331 

WplusH126_2e2mu_rapidity4l_genbin0_recobin9 acc 0.0262 eff 0.0 outinratio 0.0211 

ZH126_2e2mu_rapidity4l_genbin0_recobin9 acc 0.0296 eff 0.0 outinratio 0.051 

ttH126_2e2mu_rapidity4l_genbin0_recobin9 acc 0.0443 eff 0.0 outinratio 0.0361 

ggH126_2e2mu_rapidity4l_genbin1_recobin9 acc 0.0382 eff 0.0 outinratio 0.0073 

VBFH126_2e2mu_rapidity4l_genbin1_recobin9 acc 0.0376 eff 0.0 outinratio 0.0057 

WminusH126_2e2mu_rapidity4l_genbin1_recobin9 acc 0.032 eff 0.0 outinratio 0.0331 

WplusH126_2e2mu_rapidity4l_genbin1_recobin9 acc 0.0273 eff 0.0 outinratio 0.0211 

ZH126_2e2mu_rapidity4l_genbin1_recobin9 acc 0.0297 eff 0.0 outinratio 0.051 

ttH126_2e2mu_rapidity4l_genbin1_recobin9 acc 0.046 eff 0.0 outinratio 0.0361 

ggH126_2e2mu_rapidity4l_genbin2_recobin9 acc 0.0369 eff 0.0 outinratio 0.0073 

VBFH126_2e2mu_rapidity4l_genbin2_recobin9 acc 0.0416 eff 0.0 outinratio 0.0057 

WminusH126_2e2mu_rapidity4l_genbin2_recobin9 acc 0.0304 eff 0.0 outinratio 0.0331 

WplusH126_2e2mu_rapidity4l_genbin2_recobin9 acc 0.0244 eff 0.0 outinratio 0.0211 

ZH126_2e2mu_rapidity4l_genbin2_recobin9 acc 0.0289 eff 0.0 outinratio 0.051 

ttH126_2e2mu_rapidity4l_genbin2_recobin9 acc 0.0469 eff 0.0 outinratio 0.0361 

ggH126_2e2mu_rapidity4l_genbin3_recobin9 acc 0.0412 eff 0.0 outinratio 0.0073 

VBFH126_2e2mu_rapidity4l_genbin3_recobin9 acc 0.0452 eff 0.0 outinratio 0.0057 

WminusH126_2e2mu_rapidity4l_genbin3_recobin9 acc 0.0363 eff 0.0 outinratio 0.0331 

WplusH126_2e2mu_rapidity4l_genbin3_recobin9 acc 0.0309 eff 0.0 outinratio 0.0211 

ZH126_2e2mu_rapidity4l_genbin3_recobin9 acc 0.0352 eff 0.0 outinratio 0.051 

ttH126_2e2mu_rapidity4l_genbin3_recobin9 acc 0.0495 eff 0.0 outinratio 0.0361 

ggH126_2e2mu_rapidity4l_genbin4_recobin9 acc 0.0291 eff 0.0 outinratio 0.0073 

VBFH126_2e2mu_rapidity4l_genbin4_recobin9 acc 0.0316 eff 0.0 outinratio 0.0057 

WminusH126_2e2mu_rapidity4l_genbin4_recobin9 acc 0.0258 eff 0.0 outinratio 0.0331 

WplusH126_2e2mu_rapidity4l_genbin4_recobin9 acc 0.0212 eff 0.0 outinratio 0.0211 

ZH126_2e2mu_rapidity4l_genbin4_recobin9 acc 0.0241 eff 0.0 outinratio 0.051 

ttH126_2e2mu_rapidity4l_genbin4_recobin9 acc 0.0376 eff 0.0 outinratio 0.0361 

ggH126_2e2mu_rapidity4l_genbin5_recobin9 acc 0.0432 eff 0.0 outinratio 0.0073 

VBFH126_2e2mu_rapidity4l_genbin5_recobin9 acc 0.0444 eff 0.0 outinratio 0.0057 

WminusH126_2e2mu_rapidity4l_genbin5_recobin9 acc 0.0372 eff 0.0 outinratio 0.0331 

WplusH126_2e2mu_rapidity4l_genbin5_recobin9 acc 0.0288 eff 0.0 outinratio 0.0211 

ZH126_2e2mu_rapidity4l_genbin5_recobin9 acc 0.0347 eff 0.0 outinratio 0.051 

ttH126_2e2mu_rapidity4l_genbin5_recobin9 acc 0.048 eff 0.0 outinratio 0.0361 

ggH126_2e2mu_rapidity4l_genbin6_recobin9 acc 0.0396 eff 0.0 outinratio 0.0073 

VBFH126_2e2mu_rapidity4l_genbin6_recobin9 acc 0.0442 eff 0.0 outinratio 0.0057 

WminusH126_2e2mu_rapidity4l_genbin6_recobin9 acc 0.035 eff 0.0 outinratio 0.0331 

WplusH126_2e2mu_rapidity4l_genbin6_recobin9 acc 0.0295 eff 0.0 outinratio 0.0211 

ZH126_2e2mu_rapidity4l_genbin6_recobin9 acc 0.0348 eff 0.0 outinratio 0.051 

ttH126_2e2mu_rapidity4l_genbin6_recobin9 acc 0.0446 eff 0.0 outinratio 0.0361 

ggH126_2e2mu_rapidity4l_genbin7_recobin9 acc 0.0505 eff 0.0 outinratio 0.0073 

VBFH126_2e2mu_rapidity4l_genbin7_recobin9 acc 0.0513 eff 0.0 outinratio 0.0057 

WminusH126_2e2mu_rapidity4l_genbin7_recobin9 acc 0.0446 eff 0.0 outinratio 0.0331 

WplusH126_2e2mu_rapidity4l_genbin7_recobin9 acc 0.0413 eff 0.0 outinratio 0.0211 

ZH126_2e2mu_rapidity4l_genbin7_recobin9 acc 0.0417 eff 0.0 outinratio 0.051 

ttH126_2e2mu_rapidity4l_genbin7_recobin9 acc 0.0533 eff 0.0 outinratio 0.0361 

ggH126_2e2mu_rapidity4l_genbin8_recobin9 acc 0.0418 eff 0.008 outinratio 0.0073 

VBFH126_2e2mu_rapidity4l_genbin8_recobin9 acc 0.0457 eff 0.0131 outinratio 0.0057 

WminusH126_2e2mu_rapidity4l_genbin8_recobin9 acc 0.0396 eff 0.0058 outinratio 0.0331 

WplusH126_2e2mu_rapidity4l_genbin8_recobin9 acc 0.0378 eff 0.0018 outinratio 0.0211 

ZH126_2e2mu_rapidity4l_genbin8_recobin9 acc 0.0395 eff 0.0016 outinratio 0.051 

ttH126_2e2mu_rapidity4l_genbin8_recobin9 acc 0.0427 eff 0.0059 outinratio 0.0361 

ggH126_2e2mu_rapidity4l_genbin9_recobin9 acc 0.083 eff 0.3861 outinratio 0.0073 

VBFH126_2e2mu_rapidity4l_genbin9_recobin9 acc 0.0935 eff 0.378 outinratio 0.0057 

WminusH126_2e2mu_rapidity4l_genbin9_recobin9 acc 0.0898 eff 0.3582 outinratio 0.0331 

WplusH126_2e2mu_rapidity4l_genbin9_recobin9 acc 0.0945 eff 0.3517 outinratio 0.0211 

ZH126_2e2mu_rapidity4l_genbin9_recobin9 acc 0.0931 eff 0.3575 outinratio 0.051 

ttH126_2e2mu_rapidity4l_genbin9_recobin9 acc 0.0674 eff 0.2306 outinratio 0.0361 

Coeff fullNNLOPS
