Welcome in RunCoefficients!
OPT SPLIT
DEBUG opt.YEAR = 2022EE_6
It is a single-differential measurement, binning [12.0, 22.0, 26.0, 28.0, 32.0, 34.0, 40.0, 50.0, 65.0]
Z2Mass
Following observables extracted from dictionary: RECO =  Z2Mass  GEN =  GENmassZ2
LUMI: 4.4454666666666665
ttH126 0.00016778593
Processing ggH126 2022EE_6
Signal created
Signal failed created
Processing VBFH126 2022EE_6
Signal created
Signal failed created
Processing WminusH126 2022EE_6
Signal created
Signal failed created
Processing WplusH126 2022EE_6
Signal created
Signal failed created
Processing ZH126 2022EE_6
Signal created
Signal failed created
Processing ttH126 2022EE_6
Signal created
Signal failed created
2022EE_6 SKIMMED df CREATED
2022EE_6 ggH126
2022EE_6 VBFH126
2022EE_6 WminusH126
2022EE_6 WplusH126
2022EE_6 ZH126
2022EE_6 ttH126
Dataframes created successfully
Coeff std
ggH126_4l_massZ2_genbin0_recobin0 acc 0.1061 eff 0.4657 outinratio 0.0139 

VBFH126_4l_massZ2_genbin0_recobin0 acc 0.1177 eff 0.5007 outinratio 0.0121 

WminusH126_4l_massZ2_genbin0_recobin0 acc 0.1041 eff 0.4492 outinratio 0.0215 

WplusH126_4l_massZ2_genbin0_recobin0 acc 0.089 eff 0.4456 outinratio 0.0241 

ZH126_4l_massZ2_genbin0_recobin0 acc 0.0975 eff 0.4438 outinratio 0.0514 

ttH126_4l_massZ2_genbin0_recobin0 acc 0.1219 eff 0.3581 outinratio 0.059 

ggH126_4l_massZ2_genbin1_recobin0 acc 0.0712 eff 0.0361 outinratio 0.0139 

VBFH126_4l_massZ2_genbin1_recobin0 acc 0.0781 eff 0.0451 outinratio 0.0121 

WminusH126_4l_massZ2_genbin1_recobin0 acc 0.0675 eff 0.0362 outinratio 0.0215 

WplusH126_4l_massZ2_genbin1_recobin0 acc 0.0577 eff 0.0352 outinratio 0.0241 

ZH126_4l_massZ2_genbin1_recobin0 acc 0.0637 eff 0.0357 outinratio 0.0514 

ttH126_4l_massZ2_genbin1_recobin0 acc 0.0777 eff 0.028 outinratio 0.059 

ggH126_4l_massZ2_genbin2_recobin0 acc 0.0421 eff 0.0035 outinratio 0.0139 

VBFH126_4l_massZ2_genbin2_recobin0 acc 0.0424 eff 0.0048 outinratio 0.0121 

WminusH126_4l_massZ2_genbin2_recobin0 acc 0.0393 eff 0.0025 outinratio 0.0215 

WplusH126_4l_massZ2_genbin2_recobin0 acc 0.0334 eff 0.003 outinratio 0.0241 

ZH126_4l_massZ2_genbin2_recobin0 acc 0.0356 eff 0.006 outinratio 0.0514 

ttH126_4l_massZ2_genbin2_recobin0 acc 0.0463 eff 0.0018 outinratio 0.059 

ggH126_4l_massZ2_genbin3_recobin0 acc 0.0866 eff 0.0012 outinratio 0.0139 

VBFH126_4l_massZ2_genbin3_recobin0 acc 0.091 eff 0.0023 outinratio 0.0121 

WminusH126_4l_massZ2_genbin3_recobin0 acc 0.0792 eff 0.0009 outinratio 0.0215 

WplusH126_4l_massZ2_genbin3_recobin0 acc 0.0695 eff 0.0021 outinratio 0.0241 

ZH126_4l_massZ2_genbin3_recobin0 acc 0.0747 eff 0.0014 outinratio 0.0514 

ttH126_4l_massZ2_genbin3_recobin0 acc 0.0936 eff 0.0005 outinratio 0.059 

ggH126_4l_massZ2_genbin4_recobin0 acc 0.0372 eff 0.0004 outinratio 0.0139 

VBFH126_4l_massZ2_genbin4_recobin0 acc 0.0395 eff 0.003 outinratio 0.0121 

WminusH126_4l_massZ2_genbin4_recobin0 acc 0.0307 eff 0.0005 outinratio 0.0215 

WplusH126_4l_massZ2_genbin4_recobin0 acc 0.0298 eff 0.0 outinratio 0.0241 

ZH126_4l_massZ2_genbin4_recobin0 acc 0.0317 eff 0.0011 outinratio 0.0514 

ttH126_4l_massZ2_genbin4_recobin0 acc 0.0381 eff 0.0 outinratio 0.059 

ggH126_4l_massZ2_genbin5_recobin0 acc 0.0484 eff 0.0 outinratio 0.0139 

VBFH126_4l_massZ2_genbin5_recobin0 acc 0.0527 eff 0.0 outinratio 0.0121 

WminusH126_4l_massZ2_genbin5_recobin0 acc 0.0399 eff 0.0004 outinratio 0.0215 

WplusH126_4l_massZ2_genbin5_recobin0 acc 0.0384 eff 0.0004 outinratio 0.0241 

ZH126_4l_massZ2_genbin5_recobin0 acc 0.0415 eff 0.0009 outinratio 0.0514 

ttH126_4l_massZ2_genbin5_recobin0 acc 0.0489 eff 0.0013 outinratio 0.059 

ggH126_4l_massZ2_genbin6_recobin0 acc 0.0371 eff 0.0002 outinratio 0.0139 

VBFH126_4l_massZ2_genbin6_recobin0 acc 0.0384 eff 0.0 outinratio 0.0121 

WminusH126_4l_massZ2_genbin6_recobin0 acc 0.0349 eff 0.0005 outinratio 0.0215 

WplusH126_4l_massZ2_genbin6_recobin0 acc 0.0303 eff 0.0007 outinratio 0.0241 

ZH126_4l_massZ2_genbin6_recobin0 acc 0.0319 eff 0.0013 outinratio 0.0514 

ttH126_4l_massZ2_genbin6_recobin0 acc 0.0397 eff 0.0 outinratio 0.059 

ggH126_4l_massZ2_genbin7_recobin0 acc 0.0185 eff 0.0008 outinratio 0.0139 

VBFH126_4l_massZ2_genbin7_recobin0 acc 0.0211 eff 0.0 outinratio 0.0121 

WminusH126_4l_massZ2_genbin7_recobin0 acc 0.0164 eff 0.0003 outinratio 0.0215 

WplusH126_4l_massZ2_genbin7_recobin0 acc 0.0147 eff 0.0 outinratio 0.0241 

ZH126_4l_massZ2_genbin7_recobin0 acc 0.0158 eff 0.0 outinratio 0.0514 

ttH126_4l_massZ2_genbin7_recobin0 acc 0.02 eff 0.0 outinratio 0.059 

ggH126_4l_massZ2_genbin0_recobin1 acc 0.1061 eff 0.0087 outinratio 0.0085 

VBFH126_4l_massZ2_genbin0_recobin1 acc 0.1177 eff 0.0074 outinratio 0.0025 

WminusH126_4l_massZ2_genbin0_recobin1 acc 0.1041 eff 0.0073 outinratio 0.0156 

WplusH126_4l_massZ2_genbin0_recobin1 acc 0.089 eff 0.0095 outinratio 0.0213 

ZH126_4l_massZ2_genbin0_recobin1 acc 0.0975 eff 0.0087 outinratio 0.0475 

ttH126_4l_massZ2_genbin0_recobin1 acc 0.1219 eff 0.0075 outinratio 0.0323 

ggH126_4l_massZ2_genbin1_recobin1 acc 0.0712 eff 0.4286 outinratio 0.0085 

VBFH126_4l_massZ2_genbin1_recobin1 acc 0.0781 eff 0.4434 outinratio 0.0025 

WminusH126_4l_massZ2_genbin1_recobin1 acc 0.0675 eff 0.4069 outinratio 0.0156 

WplusH126_4l_massZ2_genbin1_recobin1 acc 0.0577 eff 0.3989 outinratio 0.0213 

ZH126_4l_massZ2_genbin1_recobin1 acc 0.0637 eff 0.4094 outinratio 0.0475 

ttH126_4l_massZ2_genbin1_recobin1 acc 0.0777 eff 0.3521 outinratio 0.0323 

ggH126_4l_massZ2_genbin2_recobin1 acc 0.0421 eff 0.0755 outinratio 0.0085 

VBFH126_4l_massZ2_genbin2_recobin1 acc 0.0424 eff 0.0553 outinratio 0.0025 

WminusH126_4l_massZ2_genbin2_recobin1 acc 0.0393 eff 0.0753 outinratio 0.0156 

WplusH126_4l_massZ2_genbin2_recobin1 acc 0.0334 eff 0.0744 outinratio 0.0213 

ZH126_4l_massZ2_genbin2_recobin1 acc 0.0356 eff 0.0758 outinratio 0.0475 

ttH126_4l_massZ2_genbin2_recobin1 acc 0.0463 eff 0.0543 outinratio 0.0323 

ggH126_4l_massZ2_genbin3_recobin1 acc 0.0866 eff 0.0085 outinratio 0.0085 

VBFH126_4l_massZ2_genbin3_recobin1 acc 0.091 eff 0.0059 outinratio 0.0025 

WminusH126_4l_massZ2_genbin3_recobin1 acc 0.0792 eff 0.0082 outinratio 0.0156 

WplusH126_4l_massZ2_genbin3_recobin1 acc 0.0695 eff 0.0091 outinratio 0.0213 

ZH126_4l_massZ2_genbin3_recobin1 acc 0.0747 eff 0.0095 outinratio 0.0475 

ttH126_4l_massZ2_genbin3_recobin1 acc 0.0936 eff 0.0032 outinratio 0.0323 

ggH126_4l_massZ2_genbin4_recobin1 acc 0.0372 eff 0.0019 outinratio 0.0085 

VBFH126_4l_massZ2_genbin4_recobin1 acc 0.0395 eff 0.0 outinratio 0.0025 

WminusH126_4l_massZ2_genbin4_recobin1 acc 0.0307 eff 0.0011 outinratio 0.0156 

WplusH126_4l_massZ2_genbin4_recobin1 acc 0.0298 eff 0.0019 outinratio 0.0213 

ZH126_4l_massZ2_genbin4_recobin1 acc 0.0317 eff 0.0012 outinratio 0.0475 

ttH126_4l_massZ2_genbin4_recobin1 acc 0.0381 eff 0.0016 outinratio 0.0323 

ggH126_4l_massZ2_genbin5_recobin1 acc 0.0484 eff 0.0005 outinratio 0.0085 

VBFH126_4l_massZ2_genbin5_recobin1 acc 0.0527 eff 0.0042 outinratio 0.0025 

WminusH126_4l_massZ2_genbin5_recobin1 acc 0.0399 eff 0.0015 outinratio 0.0156 

WplusH126_4l_massZ2_genbin5_recobin1 acc 0.0384 eff 0.0008 outinratio 0.0213 

ZH126_4l_massZ2_genbin5_recobin1 acc 0.0415 eff 0.0011 outinratio 0.0475 

ttH126_4l_massZ2_genbin5_recobin1 acc 0.0489 eff 0.002 outinratio 0.0323 

ggH126_4l_massZ2_genbin6_recobin1 acc 0.0371 eff 0.0002 outinratio 0.0085 

VBFH126_4l_massZ2_genbin6_recobin1 acc 0.0384 eff 0.0 outinratio 0.0025 

WminusH126_4l_massZ2_genbin6_recobin1 acc 0.0349 eff 0.0006 outinratio 0.0156 

WplusH126_4l_massZ2_genbin6_recobin1 acc 0.0303 eff 0.0006 outinratio 0.0213 

ZH126_4l_massZ2_genbin6_recobin1 acc 0.0319 eff 0.0006 outinratio 0.0475 

ttH126_4l_massZ2_genbin6_recobin1 acc 0.0397 eff 0.0 outinratio 0.0323 

ggH126_4l_massZ2_genbin7_recobin1 acc 0.0185 eff 0.0006 outinratio 0.0085 

VBFH126_4l_massZ2_genbin7_recobin1 acc 0.0211 eff 0.0 outinratio 0.0025 

WminusH126_4l_massZ2_genbin7_recobin1 acc 0.0164 eff 0.0 outinratio 0.0156 

WplusH126_4l_massZ2_genbin7_recobin1 acc 0.0147 eff 0.0 outinratio 0.0213 

ZH126_4l_massZ2_genbin7_recobin1 acc 0.0158 eff 0.0 outinratio 0.0475 

ttH126_4l_massZ2_genbin7_recobin1 acc 0.02 eff 0.0 outinratio 0.0323 

ggH126_4l_massZ2_genbin0_recobin2 acc 0.1061 eff 0.0002 outinratio 0.0067 

VBFH126_4l_massZ2_genbin0_recobin2 acc 0.1177 eff 0.0 outinratio 0.0078 

WminusH126_4l_massZ2_genbin0_recobin2 acc 0.1041 eff 0.0004 outinratio 0.0184 

WplusH126_4l_massZ2_genbin0_recobin2 acc 0.089 eff 0.0003 outinratio 0.0154 

ZH126_4l_massZ2_genbin0_recobin2 acc 0.0975 eff 0.0005 outinratio 0.047 

ttH126_4l_massZ2_genbin0_recobin2 acc 0.1219 eff 0.0002 outinratio 0.0409 

ggH126_4l_massZ2_genbin1_recobin2 acc 0.0712 eff 0.0173 outinratio 0.0067 

VBFH126_4l_massZ2_genbin1_recobin2 acc 0.0781 eff 0.03 outinratio 0.0078 

WminusH126_4l_massZ2_genbin1_recobin2 acc 0.0675 eff 0.0193 outinratio 0.0184 

WplusH126_4l_massZ2_genbin1_recobin2 acc 0.0577 eff 0.0187 outinratio 0.0154 

ZH126_4l_massZ2_genbin1_recobin2 acc 0.0637 eff 0.0209 outinratio 0.047 

ttH126_4l_massZ2_genbin1_recobin2 acc 0.0777 eff 0.0186 outinratio 0.0409 

ggH126_4l_massZ2_genbin2_recobin2 acc 0.0421 eff 0.3666 outinratio 0.0067 

VBFH126_4l_massZ2_genbin2_recobin2 acc 0.0424 eff 0.4249 outinratio 0.0078 

WminusH126_4l_massZ2_genbin2_recobin2 acc 0.0393 eff 0.3573 outinratio 0.0184 

WplusH126_4l_massZ2_genbin2_recobin2 acc 0.0334 eff 0.3398 outinratio 0.0154 

ZH126_4l_massZ2_genbin2_recobin2 acc 0.0356 eff 0.3522 outinratio 0.047 

ttH126_4l_massZ2_genbin2_recobin2 acc 0.0463 eff 0.2818 outinratio 0.0409 

ggH126_4l_massZ2_genbin3_recobin2 acc 0.0866 eff 0.0418 outinratio 0.0067 

VBFH126_4l_massZ2_genbin3_recobin2 acc 0.091 eff 0.0368 outinratio 0.0078 

WminusH126_4l_massZ2_genbin3_recobin2 acc 0.0792 eff 0.0387 outinratio 0.0184 

WplusH126_4l_massZ2_genbin3_recobin2 acc 0.0695 eff 0.0379 outinratio 0.0154 

ZH126_4l_massZ2_genbin3_recobin2 acc 0.0747 eff 0.0405 outinratio 0.047 

ttH126_4l_massZ2_genbin3_recobin2 acc 0.0936 eff 0.031 outinratio 0.0409 

ggH126_4l_massZ2_genbin4_recobin2 acc 0.0372 eff 0.0045 outinratio 0.0067 

VBFH126_4l_massZ2_genbin4_recobin2 acc 0.0395 eff 0.0 outinratio 0.0078 

WminusH126_4l_massZ2_genbin4_recobin2 acc 0.0307 eff 0.0033 outinratio 0.0184 

WplusH126_4l_massZ2_genbin4_recobin2 acc 0.0298 eff 0.0045 outinratio 0.0154 

ZH126_4l_massZ2_genbin4_recobin2 acc 0.0317 eff 0.0047 outinratio 0.047 

ttH126_4l_massZ2_genbin4_recobin2 acc 0.0381 eff 0.0031 outinratio 0.0409 

ggH126_4l_massZ2_genbin5_recobin2 acc 0.0484 eff 0.0014 outinratio 0.0067 

VBFH126_4l_massZ2_genbin5_recobin2 acc 0.0527 eff 0.0 outinratio 0.0078 

WminusH126_4l_massZ2_genbin5_recobin2 acc 0.0399 eff 0.0019 outinratio 0.0184 

WplusH126_4l_massZ2_genbin5_recobin2 acc 0.0384 eff 0.0016 outinratio 0.0154 

ZH126_4l_massZ2_genbin5_recobin2 acc 0.0415 eff 0.0011 outinratio 0.047 

ttH126_4l_massZ2_genbin5_recobin2 acc 0.0489 eff 0.0024 outinratio 0.0409 

ggH126_4l_massZ2_genbin6_recobin2 acc 0.0371 eff 0.0003 outinratio 0.0067 

VBFH126_4l_massZ2_genbin6_recobin2 acc 0.0384 eff 0.0 outinratio 0.0078 

WminusH126_4l_massZ2_genbin6_recobin2 acc 0.0349 eff 0.0003 outinratio 0.0184 

WplusH126_4l_massZ2_genbin6_recobin2 acc 0.0303 eff 0.0005 outinratio 0.0154 

ZH126_4l_massZ2_genbin6_recobin2 acc 0.0319 eff 0.0005 outinratio 0.047 

ttH126_4l_massZ2_genbin6_recobin2 acc 0.0397 eff 0.0016 outinratio 0.0409 

ggH126_4l_massZ2_genbin7_recobin2 acc 0.0185 eff 0.0006 outinratio 0.0067 

VBFH126_4l_massZ2_genbin7_recobin2 acc 0.0211 eff 0.0 outinratio 0.0078 

WminusH126_4l_massZ2_genbin7_recobin2 acc 0.0164 eff 0.0008 outinratio 0.0184 

WplusH126_4l_massZ2_genbin7_recobin2 acc 0.0147 eff 0.0 outinratio 0.0154 

ZH126_4l_massZ2_genbin7_recobin2 acc 0.0158 eff 0.0 outinratio 0.047 

ttH126_4l_massZ2_genbin7_recobin2 acc 0.02 eff 0.0 outinratio 0.0409 

ggH126_4l_massZ2_genbin0_recobin3 acc 0.1061 eff 0.0003 outinratio 0.0048 

VBFH126_4l_massZ2_genbin0_recobin3 acc 0.1177 eff 0.0 outinratio 0.0067 

WminusH126_4l_massZ2_genbin0_recobin3 acc 0.1041 eff 0.0004 outinratio 0.0129 

WplusH126_4l_massZ2_genbin0_recobin3 acc 0.089 eff 0.0004 outinratio 0.0157 

ZH126_4l_massZ2_genbin0_recobin3 acc 0.0975 eff 0.0001 outinratio 0.0471 

ttH126_4l_massZ2_genbin0_recobin3 acc 0.1219 eff 0.0011 outinratio 0.0397 

ggH126_4l_massZ2_genbin1_recobin3 acc 0.0712 eff 0.0018 outinratio 0.0048 

VBFH126_4l_massZ2_genbin1_recobin3 acc 0.0781 eff 0.0 outinratio 0.0067 

WminusH126_4l_massZ2_genbin1_recobin3 acc 0.0675 eff 0.0015 outinratio 0.0129 

WplusH126_4l_massZ2_genbin1_recobin3 acc 0.0577 eff 0.0018 outinratio 0.0157 

ZH126_4l_massZ2_genbin1_recobin3 acc 0.0637 eff 0.0017 outinratio 0.0471 

ttH126_4l_massZ2_genbin1_recobin3 acc 0.0777 eff 0.0003 outinratio 0.0397 

ggH126_4l_massZ2_genbin2_recobin3 acc 0.0421 eff 0.0384 outinratio 0.0048 

VBFH126_4l_massZ2_genbin2_recobin3 acc 0.0424 eff 0.0423 outinratio 0.0067 

WminusH126_4l_massZ2_genbin2_recobin3 acc 0.0393 eff 0.0353 outinratio 0.0129 

WplusH126_4l_massZ2_genbin2_recobin3 acc 0.0334 eff 0.0369 outinratio 0.0157 

ZH126_4l_massZ2_genbin2_recobin3 acc 0.0356 eff 0.0369 outinratio 0.0471 

ttH126_4l_massZ2_genbin2_recobin3 acc 0.0463 eff 0.0253 outinratio 0.0397 

ggH126_4l_massZ2_genbin3_recobin3 acc 0.0866 eff 0.4186 outinratio 0.0048 

VBFH126_4l_massZ2_genbin3_recobin3 acc 0.091 eff 0.4814 outinratio 0.0067 

WminusH126_4l_massZ2_genbin3_recobin3 acc 0.0792 eff 0.3965 outinratio 0.0129 

WplusH126_4l_massZ2_genbin3_recobin3 acc 0.0695 eff 0.3904 outinratio 0.0157 

ZH126_4l_massZ2_genbin3_recobin3 acc 0.0747 eff 0.4057 outinratio 0.0471 

ttH126_4l_massZ2_genbin3_recobin3 acc 0.0936 eff 0.3469 outinratio 0.0397 

ggH126_4l_massZ2_genbin4_recobin3 acc 0.0372 eff 0.1017 outinratio 0.0048 

VBFH126_4l_massZ2_genbin4_recobin3 acc 0.0395 eff 0.0849 outinratio 0.0067 

WminusH126_4l_massZ2_genbin4_recobin3 acc 0.0307 eff 0.0913 outinratio 0.0129 

WplusH126_4l_massZ2_genbin4_recobin3 acc 0.0298 eff 0.0888 outinratio 0.0157 

ZH126_4l_massZ2_genbin4_recobin3 acc 0.0317 eff 0.0947 outinratio 0.0471 

ttH126_4l_massZ2_genbin4_recobin3 acc 0.0381 eff 0.0803 outinratio 0.0397 

ggH126_4l_massZ2_genbin5_recobin3 acc 0.0484 eff 0.0146 outinratio 0.0048 

VBFH126_4l_massZ2_genbin5_recobin3 acc 0.0527 eff 0.0151 outinratio 0.0067 

WminusH126_4l_massZ2_genbin5_recobin3 acc 0.0399 eff 0.011 outinratio 0.0129 

WplusH126_4l_massZ2_genbin5_recobin3 acc 0.0384 eff 0.0123 outinratio 0.0157 

ZH126_4l_massZ2_genbin5_recobin3 acc 0.0415 eff 0.0119 outinratio 0.0471 

ttH126_4l_massZ2_genbin5_recobin3 acc 0.0489 eff 0.0108 outinratio 0.0397 

ggH126_4l_massZ2_genbin6_recobin3 acc 0.0371 eff 0.0017 outinratio 0.0048 

VBFH126_4l_massZ2_genbin6_recobin3 acc 0.0384 eff 0.0023 outinratio 0.0067 

WminusH126_4l_massZ2_genbin6_recobin3 acc 0.0349 eff 0.0021 outinratio 0.0129 

WplusH126_4l_massZ2_genbin6_recobin3 acc 0.0303 eff 0.003 outinratio 0.0157 

ZH126_4l_massZ2_genbin6_recobin3 acc 0.0319 eff 0.0023 outinratio 0.0471 

ttH126_4l_massZ2_genbin6_recobin3 acc 0.0397 eff 0.0006 outinratio 0.0397 

ggH126_4l_massZ2_genbin7_recobin3 acc 0.0185 eff 0.0007 outinratio 0.0048 

VBFH126_4l_massZ2_genbin7_recobin3 acc 0.0211 eff 0.0 outinratio 0.0067 

WminusH126_4l_massZ2_genbin7_recobin3 acc 0.0164 eff 0.0001 outinratio 0.0129 

WplusH126_4l_massZ2_genbin7_recobin3 acc 0.0147 eff 0.0 outinratio 0.0157 

ZH126_4l_massZ2_genbin7_recobin3 acc 0.0158 eff 0.0008 outinratio 0.0471 

ttH126_4l_massZ2_genbin7_recobin3 acc 0.02 eff 0.0 outinratio 0.0397 

ggH126_4l_massZ2_genbin0_recobin4 acc 0.1061 eff 0.0 outinratio 0.0044 

VBFH126_4l_massZ2_genbin0_recobin4 acc 0.1177 eff 0.0 outinratio 0.0 

WminusH126_4l_massZ2_genbin0_recobin4 acc 0.1041 eff 0.0002 outinratio 0.0176 

WplusH126_4l_massZ2_genbin0_recobin4 acc 0.089 eff 0.0002 outinratio 0.0141 

ZH126_4l_massZ2_genbin0_recobin4 acc 0.0975 eff 0.0001 outinratio 0.0454 

ttH126_4l_massZ2_genbin0_recobin4 acc 0.1219 eff 0.0 outinratio 0.041 

ggH126_4l_massZ2_genbin1_recobin4 acc 0.0712 eff 0.0001 outinratio 0.0044 

VBFH126_4l_massZ2_genbin1_recobin4 acc 0.0781 eff 0.0 outinratio 0.0 

WminusH126_4l_massZ2_genbin1_recobin4 acc 0.0675 eff 0.0002 outinratio 0.0176 

WplusH126_4l_massZ2_genbin1_recobin4 acc 0.0577 eff 0.0 outinratio 0.0141 

ZH126_4l_massZ2_genbin1_recobin4 acc 0.0637 eff 0.0009 outinratio 0.0454 

ttH126_4l_massZ2_genbin1_recobin4 acc 0.0777 eff 0.0002 outinratio 0.041 

ggH126_4l_massZ2_genbin2_recobin4 acc 0.0421 eff 0.0007 outinratio 0.0044 

VBFH126_4l_massZ2_genbin2_recobin4 acc 0.0424 eff 0.0 outinratio 0.0 

WminusH126_4l_massZ2_genbin2_recobin4 acc 0.0393 eff 0.0012 outinratio 0.0176 

WplusH126_4l_massZ2_genbin2_recobin4 acc 0.0334 eff 0.0 outinratio 0.0141 

ZH126_4l_massZ2_genbin2_recobin4 acc 0.0356 eff 0.0004 outinratio 0.0454 

ttH126_4l_massZ2_genbin2_recobin4 acc 0.0463 eff 0.001 outinratio 0.041 

ggH126_4l_massZ2_genbin3_recobin4 acc 0.0866 eff 0.0205 outinratio 0.0044 

VBFH126_4l_massZ2_genbin3_recobin4 acc 0.091 eff 0.0195 outinratio 0.0 

WminusH126_4l_massZ2_genbin3_recobin4 acc 0.0792 eff 0.0176 outinratio 0.0176 

WplusH126_4l_massZ2_genbin3_recobin4 acc 0.0695 eff 0.0202 outinratio 0.0141 

ZH126_4l_massZ2_genbin3_recobin4 acc 0.0747 eff 0.0175 outinratio 0.0454 

ttH126_4l_massZ2_genbin3_recobin4 acc 0.0936 eff 0.017 outinratio 0.041 

ggH126_4l_massZ2_genbin4_recobin4 acc 0.0372 eff 0.348 outinratio 0.0044 

VBFH126_4l_massZ2_genbin4_recobin4 acc 0.0395 eff 0.3421 outinratio 0.0 

WminusH126_4l_massZ2_genbin4_recobin4 acc 0.0307 eff 0.3373 outinratio 0.0176 

WplusH126_4l_massZ2_genbin4_recobin4 acc 0.0298 eff 0.3421 outinratio 0.0141 

ZH126_4l_massZ2_genbin4_recobin4 acc 0.0317 eff 0.3444 outinratio 0.0454 

ttH126_4l_massZ2_genbin4_recobin4 acc 0.0381 eff 0.2659 outinratio 0.041 

ggH126_4l_massZ2_genbin5_recobin4 acc 0.0484 eff 0.0539 outinratio 0.0044 

VBFH126_4l_massZ2_genbin5_recobin4 acc 0.0527 eff 0.0436 outinratio 0.0 

WminusH126_4l_massZ2_genbin5_recobin4 acc 0.0399 eff 0.046 outinratio 0.0176 

WplusH126_4l_massZ2_genbin5_recobin4 acc 0.0384 eff 0.0526 outinratio 0.0141 

ZH126_4l_massZ2_genbin5_recobin4 acc 0.0415 eff 0.0504 outinratio 0.0454 

ttH126_4l_massZ2_genbin5_recobin4 acc 0.0489 eff 0.0383 outinratio 0.041 

ggH126_4l_massZ2_genbin6_recobin4 acc 0.0371 eff 0.0017 outinratio 0.0044 

VBFH126_4l_massZ2_genbin6_recobin4 acc 0.0384 eff 0.007 outinratio 0.0 

WminusH126_4l_massZ2_genbin6_recobin4 acc 0.0349 eff 0.0015 outinratio 0.0176 

WplusH126_4l_massZ2_genbin6_recobin4 acc 0.0303 eff 0.0009 outinratio 0.0141 

ZH126_4l_massZ2_genbin6_recobin4 acc 0.0319 eff 0.0013 outinratio 0.0454 

ttH126_4l_massZ2_genbin6_recobin4 acc 0.0397 eff 0.0016 outinratio 0.041 

ggH126_4l_massZ2_genbin7_recobin4 acc 0.0185 eff 0.0002 outinratio 0.0044 

VBFH126_4l_massZ2_genbin7_recobin4 acc 0.0211 eff 0.0 outinratio 0.0 

WminusH126_4l_massZ2_genbin7_recobin4 acc 0.0164 eff 0.0007 outinratio 0.0176 

WplusH126_4l_massZ2_genbin7_recobin4 acc 0.0147 eff 0.0004 outinratio 0.0141 

ZH126_4l_massZ2_genbin7_recobin4 acc 0.0158 eff 0.0005 outinratio 0.0454 

ttH126_4l_massZ2_genbin7_recobin4 acc 0.02 eff 0.0 outinratio 0.041 

ggH126_4l_massZ2_genbin0_recobin5 acc 0.1061 eff 0.0002 outinratio 0.0064 

VBFH126_4l_massZ2_genbin0_recobin5 acc 0.1177 eff 0.0018 outinratio 0.0 

WminusH126_4l_massZ2_genbin0_recobin5 acc 0.1041 eff 0.0003 outinratio 0.0182 

WplusH126_4l_massZ2_genbin0_recobin5 acc 0.089 eff 0.0001 outinratio 0.0161 

ZH126_4l_massZ2_genbin0_recobin5 acc 0.0975 eff 0.0003 outinratio 0.0463 

ttH126_4l_massZ2_genbin0_recobin5 acc 0.1219 eff 0.0001 outinratio 0.0474 

ggH126_4l_massZ2_genbin1_recobin5 acc 0.0712 eff 0.0003 outinratio 0.0064 

VBFH126_4l_massZ2_genbin1_recobin5 acc 0.0781 eff 0.0 outinratio 0.0 

WminusH126_4l_massZ2_genbin1_recobin5 acc 0.0675 eff 0.0007 outinratio 0.0182 

WplusH126_4l_massZ2_genbin1_recobin5 acc 0.0577 eff 0.0002 outinratio 0.0161 

ZH126_4l_massZ2_genbin1_recobin5 acc 0.0637 eff 0.0003 outinratio 0.0463 

ttH126_4l_massZ2_genbin1_recobin5 acc 0.0777 eff 0.0003 outinratio 0.0474 

ggH126_4l_massZ2_genbin2_recobin5 acc 0.0421 eff 0.0008 outinratio 0.0064 

VBFH126_4l_massZ2_genbin2_recobin5 acc 0.0424 eff 0.0 outinratio 0.0 

WminusH126_4l_massZ2_genbin2_recobin5 acc 0.0393 eff 0.0011 outinratio 0.0182 

WplusH126_4l_massZ2_genbin2_recobin5 acc 0.0334 eff 0.0012 outinratio 0.0161 

ZH126_4l_massZ2_genbin2_recobin5 acc 0.0356 eff 0.0004 outinratio 0.0463 

ttH126_4l_massZ2_genbin2_recobin5 acc 0.0463 eff 0.0012 outinratio 0.0474 

ggH126_4l_massZ2_genbin3_recobin5 acc 0.0866 eff 0.0016 outinratio 0.0064 

VBFH126_4l_massZ2_genbin3_recobin5 acc 0.091 eff 0.0029 outinratio 0.0 

WminusH126_4l_massZ2_genbin3_recobin5 acc 0.0792 eff 0.0022 outinratio 0.0182 

WplusH126_4l_massZ2_genbin3_recobin5 acc 0.0695 eff 0.0041 outinratio 0.0161 

ZH126_4l_massZ2_genbin3_recobin5 acc 0.0747 eff 0.0028 outinratio 0.0463 

ttH126_4l_massZ2_genbin3_recobin5 acc 0.0936 eff 0.0036 outinratio 0.0474 

ggH126_4l_massZ2_genbin4_recobin5 acc 0.0372 eff 0.0429 outinratio 0.0064 

VBFH126_4l_massZ2_genbin4_recobin5 acc 0.0395 eff 0.0355 outinratio 0.0 

WminusH126_4l_massZ2_genbin4_recobin5 acc 0.0307 eff 0.0371 outinratio 0.0182 

WplusH126_4l_massZ2_genbin4_recobin5 acc 0.0298 eff 0.0435 outinratio 0.0161 

ZH126_4l_massZ2_genbin4_recobin5 acc 0.0317 eff 0.0434 outinratio 0.0463 

ttH126_4l_massZ2_genbin4_recobin5 acc 0.0381 eff 0.0282 outinratio 0.0474 

ggH126_4l_massZ2_genbin5_recobin5 acc 0.0484 eff 0.4285 outinratio 0.0064 

VBFH126_4l_massZ2_genbin5_recobin5 acc 0.0527 eff 0.4232 outinratio 0.0 

WminusH126_4l_massZ2_genbin5_recobin5 acc 0.0399 eff 0.4125 outinratio 0.0182 

WplusH126_4l_massZ2_genbin5_recobin5 acc 0.0384 eff 0.41 outinratio 0.0161 

ZH126_4l_massZ2_genbin5_recobin5 acc 0.0415 eff 0.4064 outinratio 0.0463 

ttH126_4l_massZ2_genbin5_recobin5 acc 0.0489 eff 0.3389 outinratio 0.0474 

ggH126_4l_massZ2_genbin6_recobin5 acc 0.0371 eff 0.0377 outinratio 0.0064 

VBFH126_4l_massZ2_genbin6_recobin5 acc 0.0384 eff 0.0339 outinratio 0.0 

WminusH126_4l_massZ2_genbin6_recobin5 acc 0.0349 eff 0.0355 outinratio 0.0182 

WplusH126_4l_massZ2_genbin6_recobin5 acc 0.0303 eff 0.032 outinratio 0.0161 

ZH126_4l_massZ2_genbin6_recobin5 acc 0.0319 eff 0.0372 outinratio 0.0463 

ttH126_4l_massZ2_genbin6_recobin5 acc 0.0397 eff 0.0296 outinratio 0.0474 

ggH126_4l_massZ2_genbin7_recobin5 acc 0.0185 eff 0.0024 outinratio 0.0064 

VBFH126_4l_massZ2_genbin7_recobin5 acc 0.0211 eff 0.0 outinratio 0.0 

WminusH126_4l_massZ2_genbin7_recobin5 acc 0.0164 eff 0.0013 outinratio 0.0182 

WplusH126_4l_massZ2_genbin7_recobin5 acc 0.0147 eff 0.0012 outinratio 0.0161 

ZH126_4l_massZ2_genbin7_recobin5 acc 0.0158 eff 0.0011 outinratio 0.0463 

ttH126_4l_massZ2_genbin7_recobin5 acc 0.02 eff 0.0032 outinratio 0.0474 

ggH126_4l_massZ2_genbin0_recobin6 acc 0.1061 eff 0.0001 outinratio 0.0052 

VBFH126_4l_massZ2_genbin0_recobin6 acc 0.1177 eff 0.0 outinratio 0.0047 

WminusH126_4l_massZ2_genbin0_recobin6 acc 0.1041 eff 0.0 outinratio 0.0182 

WplusH126_4l_massZ2_genbin0_recobin6 acc 0.089 eff 0.0001 outinratio 0.0162 

ZH126_4l_massZ2_genbin0_recobin6 acc 0.0975 eff 0.0004 outinratio 0.0491 

ttH126_4l_massZ2_genbin0_recobin6 acc 0.1219 eff 0.0 outinratio 0.0185 

ggH126_4l_massZ2_genbin1_recobin6 acc 0.0712 eff 0.0 outinratio 0.0052 

VBFH126_4l_massZ2_genbin1_recobin6 acc 0.0781 eff 0.0 outinratio 0.0047 

WminusH126_4l_massZ2_genbin1_recobin6 acc 0.0675 eff 0.0002 outinratio 0.0182 

WplusH126_4l_massZ2_genbin1_recobin6 acc 0.0577 eff 0.0002 outinratio 0.0162 

ZH126_4l_massZ2_genbin1_recobin6 acc 0.0637 eff 0.0001 outinratio 0.0491 

ttH126_4l_massZ2_genbin1_recobin6 acc 0.0777 eff 0.0009 outinratio 0.0185 

ggH126_4l_massZ2_genbin2_recobin6 acc 0.0421 eff 0.0004 outinratio 0.0052 

VBFH126_4l_massZ2_genbin2_recobin6 acc 0.0424 eff 0.0 outinratio 0.0047 

WminusH126_4l_massZ2_genbin2_recobin6 acc 0.0393 eff 0.0007 outinratio 0.0182 

WplusH126_4l_massZ2_genbin2_recobin6 acc 0.0334 eff 0.0002 outinratio 0.0162 

ZH126_4l_massZ2_genbin2_recobin6 acc 0.0356 eff 0.001 outinratio 0.0491 

ttH126_4l_massZ2_genbin2_recobin6 acc 0.0463 eff 0.0013 outinratio 0.0185 

ggH126_4l_massZ2_genbin3_recobin6 acc 0.0866 eff 0.0004 outinratio 0.0052 

VBFH126_4l_massZ2_genbin3_recobin6 acc 0.091 eff 0.0 outinratio 0.0047 

WminusH126_4l_massZ2_genbin3_recobin6 acc 0.0792 eff 0.0004 outinratio 0.0182 

WplusH126_4l_massZ2_genbin3_recobin6 acc 0.0695 eff 0.0007 outinratio 0.0162 

ZH126_4l_massZ2_genbin3_recobin6 acc 0.0747 eff 0.0003 outinratio 0.0491 

ttH126_4l_massZ2_genbin3_recobin6 acc 0.0936 eff 0.0018 outinratio 0.0185 

ggH126_4l_massZ2_genbin4_recobin6 acc 0.0372 eff 0.0014 outinratio 0.0052 

VBFH126_4l_massZ2_genbin4_recobin6 acc 0.0395 eff 0.0 outinratio 0.0047 

WminusH126_4l_massZ2_genbin4_recobin6 acc 0.0307 eff 0.002 outinratio 0.0182 

WplusH126_4l_massZ2_genbin4_recobin6 acc 0.0298 eff 0.0011 outinratio 0.0162 

ZH126_4l_massZ2_genbin4_recobin6 acc 0.0317 eff 0.0009 outinratio 0.0491 

ttH126_4l_massZ2_genbin4_recobin6 acc 0.0381 eff 0.001 outinratio 0.0185 

ggH126_4l_massZ2_genbin5_recobin6 acc 0.0484 eff 0.0148 outinratio 0.0052 

VBFH126_4l_massZ2_genbin5_recobin6 acc 0.0527 eff 0.0155 outinratio 0.0047 

WminusH126_4l_massZ2_genbin5_recobin6 acc 0.0399 eff 0.0127 outinratio 0.0182 

WplusH126_4l_massZ2_genbin5_recobin6 acc 0.0384 eff 0.0161 outinratio 0.0162 

ZH126_4l_massZ2_genbin5_recobin6 acc 0.0415 eff 0.016 outinratio 0.0491 

ttH126_4l_massZ2_genbin5_recobin6 acc 0.0489 eff 0.015 outinratio 0.0185 

ggH126_4l_massZ2_genbin6_recobin6 acc 0.0371 eff 0.4893 outinratio 0.0052 

VBFH126_4l_massZ2_genbin6_recobin6 acc 0.0384 eff 0.5308 outinratio 0.0047 

WminusH126_4l_massZ2_genbin6_recobin6 acc 0.0349 eff 0.4469 outinratio 0.0182 

WplusH126_4l_massZ2_genbin6_recobin6 acc 0.0303 eff 0.4765 outinratio 0.0162 

ZH126_4l_massZ2_genbin6_recobin6 acc 0.0319 eff 0.4566 outinratio 0.0491 

ttH126_4l_massZ2_genbin6_recobin6 acc 0.0397 eff 0.3449 outinratio 0.0185 

ggH126_4l_massZ2_genbin7_recobin6 acc 0.0185 eff 0.0582 outinratio 0.0052 

VBFH126_4l_massZ2_genbin7_recobin6 acc 0.0211 eff 0.0484 outinratio 0.0047 

WminusH126_4l_massZ2_genbin7_recobin6 acc 0.0164 eff 0.0602 outinratio 0.0182 

WplusH126_4l_massZ2_genbin7_recobin6 acc 0.0147 eff 0.0639 outinratio 0.0162 

ZH126_4l_massZ2_genbin7_recobin6 acc 0.0158 eff 0.0541 outinratio 0.0491 

ttH126_4l_massZ2_genbin7_recobin6 acc 0.02 eff 0.0441 outinratio 0.0185 

ggH126_4l_massZ2_genbin0_recobin7 acc 0.1061 eff 0.0 outinratio 0.0055 

VBFH126_4l_massZ2_genbin0_recobin7 acc 0.1177 eff 0.0 outinratio 0.0 

WminusH126_4l_massZ2_genbin0_recobin7 acc 0.1041 eff 0.0 outinratio 0.0173 

WplusH126_4l_massZ2_genbin0_recobin7 acc 0.089 eff 0.0 outinratio 0.0255 

ZH126_4l_massZ2_genbin0_recobin7 acc 0.0975 eff 0.0 outinratio 0.0432 

ttH126_4l_massZ2_genbin0_recobin7 acc 0.1219 eff 0.0002 outinratio 0.036 

ggH126_4l_massZ2_genbin1_recobin7 acc 0.0712 eff 0.0 outinratio 0.0055 

VBFH126_4l_massZ2_genbin1_recobin7 acc 0.0781 eff 0.0 outinratio 0.0 

WminusH126_4l_massZ2_genbin1_recobin7 acc 0.0675 eff 0.0001 outinratio 0.0173 

WplusH126_4l_massZ2_genbin1_recobin7 acc 0.0577 eff 0.0 outinratio 0.0255 

ZH126_4l_massZ2_genbin1_recobin7 acc 0.0637 eff 0.0 outinratio 0.0432 

ttH126_4l_massZ2_genbin1_recobin7 acc 0.0777 eff 0.0 outinratio 0.036 

ggH126_4l_massZ2_genbin2_recobin7 acc 0.0421 eff 0.0 outinratio 0.0055 

VBFH126_4l_massZ2_genbin2_recobin7 acc 0.0424 eff 0.0 outinratio 0.0 

WminusH126_4l_massZ2_genbin2_recobin7 acc 0.0393 eff 0.0 outinratio 0.0173 

WplusH126_4l_massZ2_genbin2_recobin7 acc 0.0334 eff 0.0 outinratio 0.0255 

ZH126_4l_massZ2_genbin2_recobin7 acc 0.0356 eff 0.0 outinratio 0.0432 

ttH126_4l_massZ2_genbin2_recobin7 acc 0.0463 eff 0.0 outinratio 0.036 

ggH126_4l_massZ2_genbin3_recobin7 acc 0.0866 eff 0.0 outinratio 0.0055 

VBFH126_4l_massZ2_genbin3_recobin7 acc 0.091 eff 0.0 outinratio 0.0 

WminusH126_4l_massZ2_genbin3_recobin7 acc 0.0792 eff 0.0 outinratio 0.0173 

WplusH126_4l_massZ2_genbin3_recobin7 acc 0.0695 eff 0.0001 outinratio 0.0255 

ZH126_4l_massZ2_genbin3_recobin7 acc 0.0747 eff 0.0 outinratio 0.0432 

ttH126_4l_massZ2_genbin3_recobin7 acc 0.0936 eff 0.0 outinratio 0.036 

ggH126_4l_massZ2_genbin4_recobin7 acc 0.0372 eff 0.0004 outinratio 0.0055 

VBFH126_4l_massZ2_genbin4_recobin7 acc 0.0395 eff 0.0 outinratio 0.0 

WminusH126_4l_massZ2_genbin4_recobin7 acc 0.0307 eff 0.0 outinratio 0.0173 

WplusH126_4l_massZ2_genbin4_recobin7 acc 0.0298 eff 0.0 outinratio 0.0255 

ZH126_4l_massZ2_genbin4_recobin7 acc 0.0317 eff 0.0002 outinratio 0.0432 

ttH126_4l_massZ2_genbin4_recobin7 acc 0.0381 eff 0.0011 outinratio 0.036 

ggH126_4l_massZ2_genbin5_recobin7 acc 0.0484 eff 0.0002 outinratio 0.0055 

VBFH126_4l_massZ2_genbin5_recobin7 acc 0.0527 eff 0.0 outinratio 0.0 

WminusH126_4l_massZ2_genbin5_recobin7 acc 0.0399 eff 0.0005 outinratio 0.0173 

WplusH126_4l_massZ2_genbin5_recobin7 acc 0.0384 eff 0.0005 outinratio 0.0255 

ZH126_4l_massZ2_genbin5_recobin7 acc 0.0415 eff 0.0006 outinratio 0.0432 

ttH126_4l_massZ2_genbin5_recobin7 acc 0.0489 eff 0.0005 outinratio 0.036 

ggH126_4l_massZ2_genbin6_recobin7 acc 0.0371 eff 0.0155 outinratio 0.0055 

VBFH126_4l_massZ2_genbin6_recobin7 acc 0.0384 eff 0.0236 outinratio 0.0 

WminusH126_4l_massZ2_genbin6_recobin7 acc 0.0349 eff 0.012 outinratio 0.0173 

WplusH126_4l_massZ2_genbin6_recobin7 acc 0.0303 eff 0.0141 outinratio 0.0255 

ZH126_4l_massZ2_genbin6_recobin7 acc 0.0319 eff 0.0121 outinratio 0.0432 

ttH126_4l_massZ2_genbin6_recobin7 acc 0.0397 eff 0.0101 outinratio 0.036 

ggH126_4l_massZ2_genbin7_recobin7 acc 0.0185 eff 0.4975 outinratio 0.0055 

VBFH126_4l_massZ2_genbin7_recobin7 acc 0.0211 eff 0.5083 outinratio 0.0 

WminusH126_4l_massZ2_genbin7_recobin7 acc 0.0164 eff 0.455 outinratio 0.0173 

WplusH126_4l_massZ2_genbin7_recobin7 acc 0.0147 eff 0.4817 outinratio 0.0255 

ZH126_4l_massZ2_genbin7_recobin7 acc 0.0158 eff 0.451 outinratio 0.0432 

ttH126_4l_massZ2_genbin7_recobin7 acc 0.02 eff 0.4152 outinratio 0.036 

ggH126_4e_massZ2_genbin0_recobin0 acc 0.0938 eff 0.2987 outinratio 0.0189 

VBFH126_4e_massZ2_genbin0_recobin0 acc 0.1075 eff 0.3759 outinratio 0.0184 

WminusH126_4e_massZ2_genbin0_recobin0 acc 0.092 eff 0.3004 outinratio 0.0312 

WplusH126_4e_massZ2_genbin0_recobin0 acc 0.084 eff 0.3101 outinratio 0.0333 

ZH126_4e_massZ2_genbin0_recobin0 acc 0.0875 eff 0.2975 outinratio 0.0389 

ttH126_4e_massZ2_genbin0_recobin0 acc 0.1089 eff 0.2686 outinratio 0.046 

ggH126_4e_massZ2_genbin1_recobin0 acc 0.0649 eff 0.0471 outinratio 0.0189 

VBFH126_4e_massZ2_genbin1_recobin0 acc 0.0689 eff 0.0488 outinratio 0.0184 

WminusH126_4e_massZ2_genbin1_recobin0 acc 0.0617 eff 0.0434 outinratio 0.0312 

WplusH126_4e_massZ2_genbin1_recobin0 acc 0.0535 eff 0.0447 outinratio 0.0333 

ZH126_4e_massZ2_genbin1_recobin0 acc 0.0587 eff 0.0436 outinratio 0.0389 

ttH126_4e_massZ2_genbin1_recobin0 acc 0.0691 eff 0.027 outinratio 0.046 

ggH126_4e_massZ2_genbin2_recobin0 acc 0.038 eff 0.0044 outinratio 0.0189 

VBFH126_4e_massZ2_genbin2_recobin0 acc 0.0374 eff 0.0202 outinratio 0.0184 

WminusH126_4e_massZ2_genbin2_recobin0 acc 0.0371 eff 0.0046 outinratio 0.0312 

WplusH126_4e_massZ2_genbin2_recobin0 acc 0.0316 eff 0.005 outinratio 0.0333 

ZH126_4e_massZ2_genbin2_recobin0 acc 0.0326 eff 0.0125 outinratio 0.0389 

ttH126_4e_massZ2_genbin2_recobin0 acc 0.0414 eff 0.0077 outinratio 0.046 

ggH126_4e_massZ2_genbin3_recobin0 acc 0.0843 eff 0.0024 outinratio 0.0189 

VBFH126_4e_massZ2_genbin3_recobin0 acc 0.0808 eff 0.0 outinratio 0.0184 

WminusH126_4e_massZ2_genbin3_recobin0 acc 0.0755 eff 0.001 outinratio 0.0312 

WplusH126_4e_massZ2_genbin3_recobin0 acc 0.0682 eff 0.0033 outinratio 0.0333 

ZH126_4e_massZ2_genbin3_recobin0 acc 0.0701 eff 0.0029 outinratio 0.0389 

ttH126_4e_massZ2_genbin3_recobin0 acc 0.0849 eff 0.001 outinratio 0.046 

ggH126_4e_massZ2_genbin4_recobin0 acc 0.0361 eff 0.0001 outinratio 0.0189 

VBFH126_4e_massZ2_genbin4_recobin0 acc 0.0487 eff 0.0092 outinratio 0.0184 

WminusH126_4e_massZ2_genbin4_recobin0 acc 0.03 eff 0.0005 outinratio 0.0312 

WplusH126_4e_massZ2_genbin4_recobin0 acc 0.0294 eff 0.0 outinratio 0.0333 

ZH126_4e_massZ2_genbin4_recobin0 acc 0.0304 eff 0.0 outinratio 0.0389 

ttH126_4e_massZ2_genbin4_recobin0 acc 0.0361 eff 0.0 outinratio 0.046 

ggH126_4e_massZ2_genbin5_recobin0 acc 0.0503 eff 0.0 outinratio 0.0189 

VBFH126_4e_massZ2_genbin5_recobin0 acc 0.0588 eff 0.0 outinratio 0.0184 

WminusH126_4e_massZ2_genbin5_recobin0 acc 0.0422 eff 0.0005 outinratio 0.0312 

WplusH126_4e_massZ2_genbin5_recobin0 acc 0.0411 eff 0.0 outinratio 0.0333 

ZH126_4e_massZ2_genbin5_recobin0 acc 0.0433 eff 0.0018 outinratio 0.0389 

ttH126_4e_massZ2_genbin5_recobin0 acc 0.0499 eff 0.0 outinratio 0.046 

ggH126_4e_massZ2_genbin6_recobin0 acc 0.0419 eff 0.0004 outinratio 0.0189 

VBFH126_4e_massZ2_genbin6_recobin0 acc 0.0357 eff 0.0 outinratio 0.0184 

WminusH126_4e_massZ2_genbin6_recobin0 acc 0.0396 eff 0.0008 outinratio 0.0312 

WplusH126_4e_massZ2_genbin6_recobin0 acc 0.0353 eff 0.0 outinratio 0.0333 

ZH126_4e_massZ2_genbin6_recobin0 acc 0.0345 eff 0.0028 outinratio 0.0389 

ttH126_4e_massZ2_genbin6_recobin0 acc 0.0463 eff 0.0 outinratio 0.046 

ggH126_4e_massZ2_genbin7_recobin0 acc 0.0206 eff 0.0006 outinratio 0.0189 

VBFH126_4e_massZ2_genbin7_recobin0 acc 0.0226 eff 0.0 outinratio 0.0184 

WminusH126_4e_massZ2_genbin7_recobin0 acc 0.0192 eff 0.0 outinratio 0.0312 

WplusH126_4e_massZ2_genbin7_recobin0 acc 0.0166 eff 0.0 outinratio 0.0333 

ZH126_4e_massZ2_genbin7_recobin0 acc 0.0196 eff 0.0 outinratio 0.0389 

ttH126_4e_massZ2_genbin7_recobin0 acc 0.0231 eff 0.0 outinratio 0.046 

ggH126_4e_massZ2_genbin0_recobin1 acc 0.0938 eff 0.007 outinratio 0.0101 

VBFH126_4e_massZ2_genbin0_recobin1 acc 0.1075 eff 0.0119 outinratio 0.0153 

WminusH126_4e_massZ2_genbin0_recobin1 acc 0.092 eff 0.0053 outinratio 0.0152 

WplusH126_4e_massZ2_genbin0_recobin1 acc 0.084 eff 0.0102 outinratio 0.0266 

ZH126_4e_massZ2_genbin0_recobin1 acc 0.0875 eff 0.0076 outinratio 0.0276 

ttH126_4e_massZ2_genbin0_recobin1 acc 0.1089 eff 0.0121 outinratio 0.0316 

ggH126_4e_massZ2_genbin1_recobin1 acc 0.0649 eff 0.2316 outinratio 0.0101 

VBFH126_4e_massZ2_genbin1_recobin1 acc 0.0689 eff 0.256 outinratio 0.0153 

WminusH126_4e_massZ2_genbin1_recobin1 acc 0.0617 eff 0.2484 outinratio 0.0152 

WplusH126_4e_massZ2_genbin1_recobin1 acc 0.0535 eff 0.226 outinratio 0.0266 

ZH126_4e_massZ2_genbin1_recobin1 acc 0.0587 eff 0.2416 outinratio 0.0276 

ttH126_4e_massZ2_genbin1_recobin1 acc 0.0691 eff 0.2087 outinratio 0.0316 

ggH126_4e_massZ2_genbin2_recobin1 acc 0.038 eff 0.095 outinratio 0.0101 

VBFH126_4e_massZ2_genbin2_recobin1 acc 0.0374 eff 0.077 outinratio 0.0153 

WminusH126_4e_massZ2_genbin2_recobin1 acc 0.0371 eff 0.0843 outinratio 0.0152 

WplusH126_4e_massZ2_genbin2_recobin1 acc 0.0316 eff 0.0783 outinratio 0.0266 

ZH126_4e_massZ2_genbin2_recobin1 acc 0.0326 eff 0.0956 outinratio 0.0276 

ttH126_4e_massZ2_genbin2_recobin1 acc 0.0414 eff 0.0871 outinratio 0.0316 

ggH126_4e_massZ2_genbin3_recobin1 acc 0.0843 eff 0.0126 outinratio 0.0101 

VBFH126_4e_massZ2_genbin3_recobin1 acc 0.0808 eff 0.0119 outinratio 0.0153 

WminusH126_4e_massZ2_genbin3_recobin1 acc 0.0755 eff 0.0128 outinratio 0.0152 

WplusH126_4e_massZ2_genbin3_recobin1 acc 0.0682 eff 0.0118 outinratio 0.0266 

ZH126_4e_massZ2_genbin3_recobin1 acc 0.0701 eff 0.0143 outinratio 0.0276 

ttH126_4e_massZ2_genbin3_recobin1 acc 0.0849 eff 0.0083 outinratio 0.0316 

ggH126_4e_massZ2_genbin4_recobin1 acc 0.0361 eff 0.0053 outinratio 0.0101 

VBFH126_4e_massZ2_genbin4_recobin1 acc 0.0487 eff 0.0 outinratio 0.0153 

WminusH126_4e_massZ2_genbin4_recobin1 acc 0.03 eff 0.0007 outinratio 0.0152 

WplusH126_4e_massZ2_genbin4_recobin1 acc 0.0294 eff 0.0034 outinratio 0.0266 

ZH126_4e_massZ2_genbin4_recobin1 acc 0.0304 eff 0.0027 outinratio 0.0276 

ttH126_4e_massZ2_genbin4_recobin1 acc 0.0361 eff 0.0 outinratio 0.0316 

ggH126_4e_massZ2_genbin5_recobin1 acc 0.0503 eff 0.0015 outinratio 0.0101 

VBFH126_4e_massZ2_genbin5_recobin1 acc 0.0588 eff 0.0141 outinratio 0.0153 

WminusH126_4e_massZ2_genbin5_recobin1 acc 0.0422 eff 0.0023 outinratio 0.0152 

WplusH126_4e_massZ2_genbin5_recobin1 acc 0.0411 eff 0.0012 outinratio 0.0266 

ZH126_4e_massZ2_genbin5_recobin1 acc 0.0433 eff 0.0023 outinratio 0.0276 

ttH126_4e_massZ2_genbin5_recobin1 acc 0.0499 eff 0.002 outinratio 0.0316 

ggH126_4e_massZ2_genbin6_recobin1 acc 0.0419 eff 0.0006 outinratio 0.0101 

VBFH126_4e_massZ2_genbin6_recobin1 acc 0.0357 eff 0.0 outinratio 0.0153 

WminusH126_4e_massZ2_genbin6_recobin1 acc 0.0396 eff 0.001 outinratio 0.0152 

WplusH126_4e_massZ2_genbin6_recobin1 acc 0.0353 eff 0.0021 outinratio 0.0266 

ZH126_4e_massZ2_genbin6_recobin1 acc 0.0345 eff 0.0 outinratio 0.0276 

ttH126_4e_massZ2_genbin6_recobin1 acc 0.0463 eff 0.0 outinratio 0.0316 

ggH126_4e_massZ2_genbin7_recobin1 acc 0.0206 eff 0.0006 outinratio 0.0101 

VBFH126_4e_massZ2_genbin7_recobin1 acc 0.0226 eff 0.0 outinratio 0.0153 

WminusH126_4e_massZ2_genbin7_recobin1 acc 0.0192 eff 0.0 outinratio 0.0152 

WplusH126_4e_massZ2_genbin7_recobin1 acc 0.0166 eff 0.0 outinratio 0.0266 

ZH126_4e_massZ2_genbin7_recobin1 acc 0.0196 eff 0.0 outinratio 0.0276 

ttH126_4e_massZ2_genbin7_recobin1 acc 0.0231 eff 0.0 outinratio 0.0316 

ggH126_4e_massZ2_genbin0_recobin2 acc 0.0938 eff 0.0 outinratio 0.0131 

VBFH126_4e_massZ2_genbin0_recobin2 acc 0.1075 eff 0.0 outinratio 0.0 

WminusH126_4e_massZ2_genbin0_recobin2 acc 0.092 eff 0.0002 outinratio 0.0263 

WplusH126_4e_massZ2_genbin0_recobin2 acc 0.084 eff 0.0004 outinratio 0.0156 

ZH126_4e_massZ2_genbin0_recobin2 acc 0.0875 eff 0.0006 outinratio 0.0466 

ttH126_4e_massZ2_genbin0_recobin2 acc 0.1089 eff 0.0008 outinratio 0.0474 

ggH126_4e_massZ2_genbin1_recobin2 acc 0.0649 eff 0.0156 outinratio 0.0131 

VBFH126_4e_massZ2_genbin1_recobin2 acc 0.0689 eff 0.026 outinratio 0.0 

WminusH126_4e_massZ2_genbin1_recobin2 acc 0.0617 eff 0.0177 outinratio 0.0263 

WplusH126_4e_massZ2_genbin1_recobin2 acc 0.0535 eff 0.0161 outinratio 0.0156 

ZH126_4e_massZ2_genbin1_recobin2 acc 0.0587 eff 0.0174 outinratio 0.0466 

ttH126_4e_massZ2_genbin1_recobin2 acc 0.0691 eff 0.0182 outinratio 0.0474 

ggH126_4e_massZ2_genbin2_recobin2 acc 0.038 eff 0.1826 outinratio 0.0131 

VBFH126_4e_massZ2_genbin2_recobin2 acc 0.0374 eff 0.1442 outinratio 0.0 

WminusH126_4e_massZ2_genbin2_recobin2 acc 0.0371 eff 0.2013 outinratio 0.0263 

WplusH126_4e_massZ2_genbin2_recobin2 acc 0.0316 eff 0.1881 outinratio 0.0156 

ZH126_4e_massZ2_genbin2_recobin2 acc 0.0326 eff 0.1731 outinratio 0.0466 

ttH126_4e_massZ2_genbin2_recobin2 acc 0.0414 eff 0.1934 outinratio 0.0474 

ggH126_4e_massZ2_genbin3_recobin2 acc 0.0843 eff 0.0416 outinratio 0.0131 

VBFH126_4e_massZ2_genbin3_recobin2 acc 0.0808 eff 0.0507 outinratio 0.0 

WminusH126_4e_massZ2_genbin3_recobin2 acc 0.0755 eff 0.0451 outinratio 0.0263 

WplusH126_4e_massZ2_genbin3_recobin2 acc 0.0682 eff 0.0423 outinratio 0.0156 

ZH126_4e_massZ2_genbin3_recobin2 acc 0.0701 eff 0.0528 outinratio 0.0466 

ttH126_4e_massZ2_genbin3_recobin2 acc 0.0849 eff 0.0537 outinratio 0.0474 

ggH126_4e_massZ2_genbin4_recobin2 acc 0.0361 eff 0.0041 outinratio 0.0131 

VBFH126_4e_massZ2_genbin4_recobin2 acc 0.0487 eff 0.0 outinratio 0.0 

WminusH126_4e_massZ2_genbin4_recobin2 acc 0.03 eff 0.0041 outinratio 0.0263 

WplusH126_4e_massZ2_genbin4_recobin2 acc 0.0294 eff 0.0034 outinratio 0.0156 

ZH126_4e_massZ2_genbin4_recobin2 acc 0.0304 eff 0.0064 outinratio 0.0466 

ttH126_4e_massZ2_genbin4_recobin2 acc 0.0361 eff 0.0021 outinratio 0.0474 

ggH126_4e_massZ2_genbin5_recobin2 acc 0.0503 eff 0.0009 outinratio 0.0131 

VBFH126_4e_massZ2_genbin5_recobin2 acc 0.0588 eff 0.0 outinratio 0.0 

WminusH126_4e_massZ2_genbin5_recobin2 acc 0.0422 eff 0.0019 outinratio 0.0263 

WplusH126_4e_massZ2_genbin5_recobin2 acc 0.0411 eff 0.0012 outinratio 0.0156 

ZH126_4e_massZ2_genbin5_recobin2 acc 0.0433 eff 0.002 outinratio 0.0466 

ttH126_4e_massZ2_genbin5_recobin2 acc 0.0499 eff 0.0048 outinratio 0.0474 

ggH126_4e_massZ2_genbin6_recobin2 acc 0.0419 eff 0.0003 outinratio 0.0131 

VBFH126_4e_massZ2_genbin6_recobin2 acc 0.0357 eff 0.0 outinratio 0.0 

WminusH126_4e_massZ2_genbin6_recobin2 acc 0.0396 eff 0.0011 outinratio 0.0263 

WplusH126_4e_massZ2_genbin6_recobin2 acc 0.0353 eff 0.0015 outinratio 0.0156 

ZH126_4e_massZ2_genbin6_recobin2 acc 0.0345 eff 0.0 outinratio 0.0466 

ttH126_4e_massZ2_genbin6_recobin2 acc 0.0463 eff 0.0053 outinratio 0.0474 

ggH126_4e_massZ2_genbin7_recobin2 acc 0.0206 eff 0.0014 outinratio 0.0131 

VBFH126_4e_massZ2_genbin7_recobin2 acc 0.0226 eff 0.0 outinratio 0.0 

WminusH126_4e_massZ2_genbin7_recobin2 acc 0.0192 eff 0.0 outinratio 0.0263 

WplusH126_4e_massZ2_genbin7_recobin2 acc 0.0166 eff 0.0 outinratio 0.0156 

ZH126_4e_massZ2_genbin7_recobin2 acc 0.0196 eff 0.0 outinratio 0.0466 

ttH126_4e_massZ2_genbin7_recobin2 acc 0.0231 eff 0.0 outinratio 0.0474 

ggH126_4e_massZ2_genbin0_recobin3 acc 0.0938 eff 0.0005 outinratio 0.0062 

VBFH126_4e_massZ2_genbin0_recobin3 acc 0.1075 eff 0.0 outinratio 0.0297 

WminusH126_4e_massZ2_genbin0_recobin3 acc 0.092 eff 0.0012 outinratio 0.0167 

WplusH126_4e_massZ2_genbin0_recobin3 acc 0.084 eff 0.0008 outinratio 0.0145 

ZH126_4e_massZ2_genbin0_recobin3 acc 0.0875 eff 0.0 outinratio 0.0538 

ttH126_4e_massZ2_genbin0_recobin3 acc 0.1089 eff 0.0 outinratio 0.0691 

ggH126_4e_massZ2_genbin1_recobin3 acc 0.0649 eff 0.0014 outinratio 0.0062 

VBFH126_4e_massZ2_genbin1_recobin3 acc 0.0689 eff 0.0 outinratio 0.0297 

WminusH126_4e_massZ2_genbin1_recobin3 acc 0.0617 eff 0.0014 outinratio 0.0167 

WplusH126_4e_massZ2_genbin1_recobin3 acc 0.0535 eff 0.0023 outinratio 0.0145 

ZH126_4e_massZ2_genbin1_recobin3 acc 0.0587 eff 0.0022 outinratio 0.0538 

ttH126_4e_massZ2_genbin1_recobin3 acc 0.0691 eff 0.0 outinratio 0.0691 

ggH126_4e_massZ2_genbin2_recobin3 acc 0.038 eff 0.031 outinratio 0.0062 

VBFH126_4e_massZ2_genbin2_recobin3 acc 0.0374 eff 0.0724 outinratio 0.0297 

WminusH126_4e_massZ2_genbin2_recobin3 acc 0.0371 eff 0.0317 outinratio 0.0167 

WplusH126_4e_massZ2_genbin2_recobin3 acc 0.0316 eff 0.0291 outinratio 0.0145 

ZH126_4e_massZ2_genbin2_recobin3 acc 0.0326 eff 0.0229 outinratio 0.0538 

ttH126_4e_massZ2_genbin2_recobin3 acc 0.0414 eff 0.0222 outinratio 0.0691 

ggH126_4e_massZ2_genbin3_recobin3 acc 0.0843 eff 0.2287 outinratio 0.0062 

VBFH126_4e_massZ2_genbin3_recobin3 acc 0.0808 eff 0.2944 outinratio 0.0297 

WminusH126_4e_massZ2_genbin3_recobin3 acc 0.0755 eff 0.2316 outinratio 0.0167 

WplusH126_4e_massZ2_genbin3_recobin3 acc 0.0682 eff 0.2501 outinratio 0.0145 

ZH126_4e_massZ2_genbin3_recobin3 acc 0.0701 eff 0.2366 outinratio 0.0538 

ttH126_4e_massZ2_genbin3_recobin3 acc 0.0849 eff 0.2099 outinratio 0.0691 

ggH126_4e_massZ2_genbin4_recobin3 acc 0.0361 eff 0.1216 outinratio 0.0062 

VBFH126_4e_massZ2_genbin4_recobin3 acc 0.0487 eff 0.076 outinratio 0.0297 

WminusH126_4e_massZ2_genbin4_recobin3 acc 0.03 eff 0.1052 outinratio 0.0167 

WplusH126_4e_massZ2_genbin4_recobin3 acc 0.0294 eff 0.1057 outinratio 0.0145 

ZH126_4e_massZ2_genbin4_recobin3 acc 0.0304 eff 0.1127 outinratio 0.0538 

ttH126_4e_massZ2_genbin4_recobin3 acc 0.0361 eff 0.094 outinratio 0.0691 

ggH126_4e_massZ2_genbin5_recobin3 acc 0.0503 eff 0.0226 outinratio 0.0062 

VBFH126_4e_massZ2_genbin5_recobin3 acc 0.0588 eff 0.0218 outinratio 0.0297 

WminusH126_4e_massZ2_genbin5_recobin3 acc 0.0422 eff 0.0131 outinratio 0.0167 

WplusH126_4e_massZ2_genbin5_recobin3 acc 0.0411 eff 0.019 outinratio 0.0145 

ZH126_4e_massZ2_genbin5_recobin3 acc 0.0433 eff 0.0162 outinratio 0.0538 

ttH126_4e_massZ2_genbin5_recobin3 acc 0.0499 eff 0.0197 outinratio 0.0691 

ggH126_4e_massZ2_genbin6_recobin3 acc 0.0419 eff 0.003 outinratio 0.0062 

VBFH126_4e_massZ2_genbin6_recobin3 acc 0.0357 eff 0.0094 outinratio 0.0297 

WminusH126_4e_massZ2_genbin6_recobin3 acc 0.0396 eff 0.0029 outinratio 0.0167 

WplusH126_4e_massZ2_genbin6_recobin3 acc 0.0353 eff 0.0012 outinratio 0.0145 

ZH126_4e_massZ2_genbin6_recobin3 acc 0.0345 eff 0.0046 outinratio 0.0538 

ttH126_4e_massZ2_genbin6_recobin3 acc 0.0463 eff 0.0 outinratio 0.0691 

ggH126_4e_massZ2_genbin7_recobin3 acc 0.0206 eff 0.001 outinratio 0.0062 

VBFH126_4e_massZ2_genbin7_recobin3 acc 0.0226 eff 0.0 outinratio 0.0297 

WminusH126_4e_massZ2_genbin7_recobin3 acc 0.0192 eff 0.0002 outinratio 0.0167 

WplusH126_4e_massZ2_genbin7_recobin3 acc 0.0166 eff 0.0 outinratio 0.0145 

ZH126_4e_massZ2_genbin7_recobin3 acc 0.0196 eff 0.0023 outinratio 0.0538 

ttH126_4e_massZ2_genbin7_recobin3 acc 0.0231 eff 0.0 outinratio 0.0691 

ggH126_4e_massZ2_genbin0_recobin4 acc 0.0938 eff 0.0 outinratio 0.0045 

VBFH126_4e_massZ2_genbin0_recobin4 acc 0.1075 eff 0.0 outinratio 0.0 

WminusH126_4e_massZ2_genbin0_recobin4 acc 0.092 eff 0.0002 outinratio 0.0151 

WplusH126_4e_massZ2_genbin0_recobin4 acc 0.084 eff 0.0006 outinratio 0.0237 

ZH126_4e_massZ2_genbin0_recobin4 acc 0.0875 eff 0.0002 outinratio 0.042 

ttH126_4e_massZ2_genbin0_recobin4 acc 0.1089 eff 0.0 outinratio 0.0487 

ggH126_4e_massZ2_genbin1_recobin4 acc 0.0649 eff 0.0 outinratio 0.0045 

VBFH126_4e_massZ2_genbin1_recobin4 acc 0.0689 eff 0.0 outinratio 0.0 

WminusH126_4e_massZ2_genbin1_recobin4 acc 0.0617 eff 0.0002 outinratio 0.0151 

WplusH126_4e_massZ2_genbin1_recobin4 acc 0.0535 eff 0.0 outinratio 0.0237 

ZH126_4e_massZ2_genbin1_recobin4 acc 0.0587 eff 0.0008 outinratio 0.042 

ttH126_4e_massZ2_genbin1_recobin4 acc 0.0691 eff 0.0 outinratio 0.0487 

ggH126_4e_massZ2_genbin2_recobin4 acc 0.038 eff 0.0003 outinratio 0.0045 

VBFH126_4e_massZ2_genbin2_recobin4 acc 0.0374 eff 0.0 outinratio 0.0 

WminusH126_4e_massZ2_genbin2_recobin4 acc 0.0371 eff 0.0015 outinratio 0.0151 

WplusH126_4e_massZ2_genbin2_recobin4 acc 0.0316 eff 0.0 outinratio 0.0237 

ZH126_4e_massZ2_genbin2_recobin4 acc 0.0326 eff 0.0006 outinratio 0.042 

ttH126_4e_massZ2_genbin2_recobin4 acc 0.0414 eff 0.0 outinratio 0.0487 

ggH126_4e_massZ2_genbin3_recobin4 acc 0.0843 eff 0.0174 outinratio 0.0045 

VBFH126_4e_massZ2_genbin3_recobin4 acc 0.0808 eff 0.0307 outinratio 0.0 

WminusH126_4e_massZ2_genbin3_recobin4 acc 0.0755 eff 0.0182 outinratio 0.0151 

WplusH126_4e_massZ2_genbin3_recobin4 acc 0.0682 eff 0.0154 outinratio 0.0237 

ZH126_4e_massZ2_genbin3_recobin4 acc 0.0701 eff 0.0177 outinratio 0.042 

ttH126_4e_massZ2_genbin3_recobin4 acc 0.0849 eff 0.025 outinratio 0.0487 

ggH126_4e_massZ2_genbin4_recobin4 acc 0.0361 eff 0.1631 outinratio 0.0045 

VBFH126_4e_massZ2_genbin4_recobin4 acc 0.0487 eff 0.1764 outinratio 0.0 

WminusH126_4e_massZ2_genbin4_recobin4 acc 0.03 eff 0.1626 outinratio 0.0151 

WplusH126_4e_massZ2_genbin4_recobin4 acc 0.0294 eff 0.1591 outinratio 0.0237 

ZH126_4e_massZ2_genbin4_recobin4 acc 0.0304 eff 0.1712 outinratio 0.042 

ttH126_4e_massZ2_genbin4_recobin4 acc 0.0361 eff 0.1459 outinratio 0.0487 

ggH126_4e_massZ2_genbin5_recobin4 acc 0.0503 eff 0.0542 outinratio 0.0045 

VBFH126_4e_massZ2_genbin5_recobin4 acc 0.0588 eff 0.0292 outinratio 0.0 

WminusH126_4e_massZ2_genbin5_recobin4 acc 0.0422 eff 0.0487 outinratio 0.0151 

WplusH126_4e_massZ2_genbin5_recobin4 acc 0.0411 eff 0.065 outinratio 0.0237 

ZH126_4e_massZ2_genbin5_recobin4 acc 0.0433 eff 0.049 outinratio 0.042 

ttH126_4e_massZ2_genbin5_recobin4 acc 0.0499 eff 0.0386 outinratio 0.0487 

ggH126_4e_massZ2_genbin6_recobin4 acc 0.0419 eff 0.0024 outinratio 0.0045 

VBFH126_4e_massZ2_genbin6_recobin4 acc 0.0357 eff 0.0035 outinratio 0.0 

WminusH126_4e_massZ2_genbin6_recobin4 acc 0.0396 eff 0.003 outinratio 0.0151 

WplusH126_4e_massZ2_genbin6_recobin4 acc 0.0353 eff 0.0004 outinratio 0.0237 

ZH126_4e_massZ2_genbin6_recobin4 acc 0.0345 eff 0.0037 outinratio 0.042 

ttH126_4e_massZ2_genbin6_recobin4 acc 0.0463 eff 0.0 outinratio 0.0487 

ggH126_4e_massZ2_genbin7_recobin4 acc 0.0206 eff 0.0007 outinratio 0.0045 

VBFH126_4e_massZ2_genbin7_recobin4 acc 0.0226 eff 0.0 outinratio 0.0 

WminusH126_4e_massZ2_genbin7_recobin4 acc 0.0192 eff 0.0 outinratio 0.0151 

WplusH126_4e_massZ2_genbin7_recobin4 acc 0.0166 eff 0.0015 outinratio 0.0237 

ZH126_4e_massZ2_genbin7_recobin4 acc 0.0196 eff 0.0017 outinratio 0.042 

ttH126_4e_massZ2_genbin7_recobin4 acc 0.0231 eff 0.0 outinratio 0.0487 

ggH126_4e_massZ2_genbin0_recobin5 acc 0.0938 eff 0.0004 outinratio 0.0079 

VBFH126_4e_massZ2_genbin0_recobin5 acc 0.1075 eff 0.0 outinratio 0.0 

WminusH126_4e_massZ2_genbin0_recobin5 acc 0.092 eff 0.0003 outinratio 0.0246 

WplusH126_4e_massZ2_genbin0_recobin5 acc 0.084 eff 0.0 outinratio 0.0272 

ZH126_4e_massZ2_genbin0_recobin5 acc 0.0875 eff 0.0005 outinratio 0.0401 

ttH126_4e_massZ2_genbin0_recobin5 acc 0.1089 eff 0.0004 outinratio 0.0533 

ggH126_4e_massZ2_genbin1_recobin5 acc 0.0649 eff 0.0002 outinratio 0.0079 

VBFH126_4e_massZ2_genbin1_recobin5 acc 0.0689 eff 0.0 outinratio 0.0 

WminusH126_4e_massZ2_genbin1_recobin5 acc 0.0617 eff 0.0004 outinratio 0.0246 

WplusH126_4e_massZ2_genbin1_recobin5 acc 0.0535 eff 0.0 outinratio 0.0272 

ZH126_4e_massZ2_genbin1_recobin5 acc 0.0587 eff 0.0 outinratio 0.0401 

ttH126_4e_massZ2_genbin1_recobin5 acc 0.0691 eff 0.0014 outinratio 0.0533 

ggH126_4e_massZ2_genbin2_recobin5 acc 0.038 eff 0.0006 outinratio 0.0079 

VBFH126_4e_massZ2_genbin2_recobin5 acc 0.0374 eff 0.0 outinratio 0.0 

WminusH126_4e_massZ2_genbin2_recobin5 acc 0.0371 eff 0.0022 outinratio 0.0246 

WplusH126_4e_massZ2_genbin2_recobin5 acc 0.0316 eff 0.0012 outinratio 0.0272 

ZH126_4e_massZ2_genbin2_recobin5 acc 0.0326 eff 0.0 outinratio 0.0401 

ttH126_4e_massZ2_genbin2_recobin5 acc 0.0414 eff 0.0 outinratio 0.0533 

ggH126_4e_massZ2_genbin3_recobin5 acc 0.0843 eff 0.002 outinratio 0.0079 

VBFH126_4e_massZ2_genbin3_recobin5 acc 0.0808 eff 0.0 outinratio 0.0 

WminusH126_4e_massZ2_genbin3_recobin5 acc 0.0755 eff 0.0032 outinratio 0.0246 

WplusH126_4e_massZ2_genbin3_recobin5 acc 0.0682 eff 0.0031 outinratio 0.0272 

ZH126_4e_massZ2_genbin3_recobin5 acc 0.0701 eff 0.0035 outinratio 0.0401 

ttH126_4e_massZ2_genbin3_recobin5 acc 0.0849 eff 0.0 outinratio 0.0533 

ggH126_4e_massZ2_genbin4_recobin5 acc 0.0361 eff 0.0381 outinratio 0.0079 

VBFH126_4e_massZ2_genbin4_recobin5 acc 0.0487 eff 0.0213 outinratio 0.0 

WminusH126_4e_massZ2_genbin4_recobin5 acc 0.03 eff 0.0387 outinratio 0.0246 

WplusH126_4e_massZ2_genbin4_recobin5 acc 0.0294 eff 0.0536 outinratio 0.0272 

ZH126_4e_massZ2_genbin4_recobin5 acc 0.0304 eff 0.0469 outinratio 0.0401 

ttH126_4e_massZ2_genbin4_recobin5 acc 0.0361 eff 0.0227 outinratio 0.0533 

ggH126_4e_massZ2_genbin5_recobin5 acc 0.0503 eff 0.253 outinratio 0.0079 

VBFH126_4e_massZ2_genbin5_recobin5 acc 0.0588 eff 0.255 outinratio 0.0 

WminusH126_4e_massZ2_genbin5_recobin5 acc 0.0422 eff 0.2624 outinratio 0.0246 

WplusH126_4e_massZ2_genbin5_recobin5 acc 0.0411 eff 0.2294 outinratio 0.0272 

ZH126_4e_massZ2_genbin5_recobin5 acc 0.0433 eff 0.254 outinratio 0.0401 

ttH126_4e_massZ2_genbin5_recobin5 acc 0.0499 eff 0.235 outinratio 0.0533 

ggH126_4e_massZ2_genbin6_recobin5 acc 0.0419 eff 0.0473 outinratio 0.0079 

VBFH126_4e_massZ2_genbin6_recobin5 acc 0.0357 eff 0.0229 outinratio 0.0 

WminusH126_4e_massZ2_genbin6_recobin5 acc 0.0396 eff 0.0418 outinratio 0.0246 

WplusH126_4e_massZ2_genbin6_recobin5 acc 0.0353 eff 0.0429 outinratio 0.0272 

ZH126_4e_massZ2_genbin6_recobin5 acc 0.0345 eff 0.0348 outinratio 0.0401 

ttH126_4e_massZ2_genbin6_recobin5 acc 0.0463 eff 0.0333 outinratio 0.0533 

ggH126_4e_massZ2_genbin7_recobin5 acc 0.0206 eff 0.0032 outinratio 0.0079 

VBFH126_4e_massZ2_genbin7_recobin5 acc 0.0226 eff 0.0 outinratio 0.0 

WminusH126_4e_massZ2_genbin7_recobin5 acc 0.0192 eff 0.0017 outinratio 0.0246 

WplusH126_4e_massZ2_genbin7_recobin5 acc 0.0166 eff 0.0 outinratio 0.0272 

ZH126_4e_massZ2_genbin7_recobin5 acc 0.0196 eff 0.0011 outinratio 0.0401 

ttH126_4e_massZ2_genbin7_recobin5 acc 0.0231 eff 0.0105 outinratio 0.0533 

ggH126_4e_massZ2_genbin0_recobin6 acc 0.0938 eff 0.0001 outinratio 0.0093 

VBFH126_4e_massZ2_genbin0_recobin6 acc 0.1075 eff 0.0 outinratio 0.0 

WminusH126_4e_massZ2_genbin0_recobin6 acc 0.092 eff 0.0 outinratio 0.0285 

WplusH126_4e_massZ2_genbin0_recobin6 acc 0.084 eff 0.0005 outinratio 0.0133 

ZH126_4e_massZ2_genbin0_recobin6 acc 0.0875 eff 0.001 outinratio 0.0492 

ttH126_4e_massZ2_genbin0_recobin6 acc 0.1089 eff 0.0 outinratio 0.0248 

ggH126_4e_massZ2_genbin1_recobin6 acc 0.0649 eff 0.0 outinratio 0.0093 

VBFH126_4e_massZ2_genbin1_recobin6 acc 0.0689 eff 0.0 outinratio 0.0 

WminusH126_4e_massZ2_genbin1_recobin6 acc 0.0617 eff 0.0003 outinratio 0.0285 

WplusH126_4e_massZ2_genbin1_recobin6 acc 0.0535 eff 0.0 outinratio 0.0133 

ZH126_4e_massZ2_genbin1_recobin6 acc 0.0587 eff 0.0 outinratio 0.0492 

ttH126_4e_massZ2_genbin1_recobin6 acc 0.0691 eff 0.0006 outinratio 0.0248 

ggH126_4e_massZ2_genbin2_recobin6 acc 0.038 eff 0.0003 outinratio 0.0093 

VBFH126_4e_massZ2_genbin2_recobin6 acc 0.0374 eff 0.0 outinratio 0.0 

WminusH126_4e_massZ2_genbin2_recobin6 acc 0.0371 eff 0.0 outinratio 0.0285 

WplusH126_4e_massZ2_genbin2_recobin6 acc 0.0316 eff 0.0 outinratio 0.0133 

ZH126_4e_massZ2_genbin2_recobin6 acc 0.0326 eff 0.0017 outinratio 0.0492 

ttH126_4e_massZ2_genbin2_recobin6 acc 0.0414 eff 0.0 outinratio 0.0248 

ggH126_4e_massZ2_genbin3_recobin6 acc 0.0843 eff 0.0002 outinratio 0.0093 

VBFH126_4e_massZ2_genbin3_recobin6 acc 0.0808 eff 0.0 outinratio 0.0 

WminusH126_4e_massZ2_genbin3_recobin6 acc 0.0755 eff 0.0003 outinratio 0.0285 

WplusH126_4e_massZ2_genbin3_recobin6 acc 0.0682 eff 0.0016 outinratio 0.0133 

ZH126_4e_massZ2_genbin3_recobin6 acc 0.0701 eff 0.0 outinratio 0.0492 

ttH126_4e_massZ2_genbin3_recobin6 acc 0.0849 eff 0.0032 outinratio 0.0248 

ggH126_4e_massZ2_genbin4_recobin6 acc 0.0361 eff 0.0014 outinratio 0.0093 

VBFH126_4e_massZ2_genbin4_recobin6 acc 0.0487 eff 0.0 outinratio 0.0 

WminusH126_4e_massZ2_genbin4_recobin6 acc 0.03 eff -0.0001 outinratio 0.0285 

WplusH126_4e_massZ2_genbin4_recobin6 acc 0.0294 eff 0.0009 outinratio 0.0133 

ZH126_4e_massZ2_genbin4_recobin6 acc 0.0304 eff 0.0013 outinratio 0.0492 

ttH126_4e_massZ2_genbin4_recobin6 acc 0.0361 eff 0.0016 outinratio 0.0248 

ggH126_4e_massZ2_genbin5_recobin6 acc 0.0503 eff 0.014 outinratio 0.0093 

VBFH126_4e_massZ2_genbin5_recobin6 acc 0.0588 eff 0.0 outinratio 0.0 

WminusH126_4e_massZ2_genbin5_recobin6 acc 0.0422 eff 0.0125 outinratio 0.0285 

WplusH126_4e_massZ2_genbin5_recobin6 acc 0.0411 eff 0.0211 outinratio 0.0133 

ZH126_4e_massZ2_genbin5_recobin6 acc 0.0433 eff 0.0144 outinratio 0.0492 

ttH126_4e_massZ2_genbin5_recobin6 acc 0.0499 eff 0.0199 outinratio 0.0248 

ggH126_4e_massZ2_genbin6_recobin6 acc 0.0419 eff 0.3057 outinratio 0.0093 

VBFH126_4e_massZ2_genbin6_recobin6 acc 0.0357 eff 0.3619 outinratio 0.0 

WminusH126_4e_massZ2_genbin6_recobin6 acc 0.0396 eff 0.2867 outinratio 0.0285 

WplusH126_4e_massZ2_genbin6_recobin6 acc 0.0353 eff 0.3804 outinratio 0.0133 

ZH126_4e_massZ2_genbin6_recobin6 acc 0.0345 eff 0.3086 outinratio 0.0492 

ttH126_4e_massZ2_genbin6_recobin6 acc 0.0463 eff 0.2757 outinratio 0.0248 

ggH126_4e_massZ2_genbin7_recobin6 acc 0.0206 eff 0.0723 outinratio 0.0093 

VBFH126_4e_massZ2_genbin7_recobin6 acc 0.0226 eff 0.0942 outinratio 0.0 

WminusH126_4e_massZ2_genbin7_recobin6 acc 0.0192 eff 0.0661 outinratio 0.0285 

WplusH126_4e_massZ2_genbin7_recobin6 acc 0.0166 eff 0.0823 outinratio 0.0133 

ZH126_4e_massZ2_genbin7_recobin6 acc 0.0196 eff 0.0682 outinratio 0.0492 

ttH126_4e_massZ2_genbin7_recobin6 acc 0.0231 eff 0.0448 outinratio 0.0248 

ggH126_4e_massZ2_genbin0_recobin7 acc 0.0938 eff 0.0 outinratio 0.008 

VBFH126_4e_massZ2_genbin0_recobin7 acc 0.1075 eff 0.0 outinratio 0.0 

WminusH126_4e_massZ2_genbin0_recobin7 acc 0.092 eff 0.0002 outinratio 0.0068 

WplusH126_4e_massZ2_genbin0_recobin7 acc 0.084 eff 0.0 outinratio 0.0255 

ZH126_4e_massZ2_genbin0_recobin7 acc 0.0875 eff 0.0 outinratio 0.0214 

ttH126_4e_massZ2_genbin0_recobin7 acc 0.1089 eff 0.0 outinratio 0.0402 

ggH126_4e_massZ2_genbin1_recobin7 acc 0.0649 eff 0.0 outinratio 0.008 

VBFH126_4e_massZ2_genbin1_recobin7 acc 0.0689 eff 0.0 outinratio 0.0 

WminusH126_4e_massZ2_genbin1_recobin7 acc 0.0617 eff 0.0 outinratio 0.0068 

WplusH126_4e_massZ2_genbin1_recobin7 acc 0.0535 eff 0.0 outinratio 0.0255 

ZH126_4e_massZ2_genbin1_recobin7 acc 0.0587 eff 0.0 outinratio 0.0214 

ttH126_4e_massZ2_genbin1_recobin7 acc 0.0691 eff 0.0 outinratio 0.0402 

ggH126_4e_massZ2_genbin2_recobin7 acc 0.038 eff 0.0002 outinratio 0.008 

VBFH126_4e_massZ2_genbin2_recobin7 acc 0.0374 eff 0.0 outinratio 0.0 

WminusH126_4e_massZ2_genbin2_recobin7 acc 0.0371 eff 0.0 outinratio 0.0068 

WplusH126_4e_massZ2_genbin2_recobin7 acc 0.0316 eff 0.0 outinratio 0.0255 

ZH126_4e_massZ2_genbin2_recobin7 acc 0.0326 eff 0.0 outinratio 0.0214 

ttH126_4e_massZ2_genbin2_recobin7 acc 0.0414 eff 0.0 outinratio 0.0402 

ggH126_4e_massZ2_genbin3_recobin7 acc 0.0843 eff 0.0 outinratio 0.008 

VBFH126_4e_massZ2_genbin3_recobin7 acc 0.0808 eff 0.0 outinratio 0.0 

WminusH126_4e_massZ2_genbin3_recobin7 acc 0.0755 eff 0.0 outinratio 0.0068 

WplusH126_4e_massZ2_genbin3_recobin7 acc 0.0682 eff 0.0004 outinratio 0.0255 

ZH126_4e_massZ2_genbin3_recobin7 acc 0.0701 eff 0.0 outinratio 0.0214 

ttH126_4e_massZ2_genbin3_recobin7 acc 0.0849 eff 0.0 outinratio 0.0402 

ggH126_4e_massZ2_genbin4_recobin7 acc 0.0361 eff 0.0004 outinratio 0.008 

VBFH126_4e_massZ2_genbin4_recobin7 acc 0.0487 eff 0.0 outinratio 0.0 

WminusH126_4e_massZ2_genbin4_recobin7 acc 0.03 eff 0.0 outinratio 0.0068 

WplusH126_4e_massZ2_genbin4_recobin7 acc 0.0294 eff 0.0 outinratio 0.0255 

ZH126_4e_massZ2_genbin4_recobin7 acc 0.0304 eff 0.0007 outinratio 0.0214 

ttH126_4e_massZ2_genbin4_recobin7 acc 0.0361 eff 0.0044 outinratio 0.0402 

ggH126_4e_massZ2_genbin5_recobin7 acc 0.0503 eff 0.0001 outinratio 0.008 

VBFH126_4e_massZ2_genbin5_recobin7 acc 0.0588 eff 0.0 outinratio 0.0 

WminusH126_4e_massZ2_genbin5_recobin7 acc 0.0422 eff 0.0014 outinratio 0.0068 

WplusH126_4e_massZ2_genbin5_recobin7 acc 0.0411 eff 0.0018 outinratio 0.0255 

ZH126_4e_massZ2_genbin5_recobin7 acc 0.0433 eff 0.0 outinratio 0.0214 

ttH126_4e_massZ2_genbin5_recobin7 acc 0.0499 eff 0.0 outinratio 0.0402 

ggH126_4e_massZ2_genbin6_recobin7 acc 0.0419 eff 0.0107 outinratio 0.008 

VBFH126_4e_massZ2_genbin6_recobin7 acc 0.0357 eff 0.0398 outinratio 0.0 

WminusH126_4e_massZ2_genbin6_recobin7 acc 0.0396 eff 0.0124 outinratio 0.0068 

WplusH126_4e_massZ2_genbin6_recobin7 acc 0.0353 eff 0.0154 outinratio 0.0255 

ZH126_4e_massZ2_genbin6_recobin7 acc 0.0345 eff 0.0174 outinratio 0.0214 

ttH126_4e_massZ2_genbin6_recobin7 acc 0.0463 eff 0.0092 outinratio 0.0402 

ggH126_4e_massZ2_genbin7_recobin7 acc 0.0206 eff 0.311 outinratio 0.008 

VBFH126_4e_massZ2_genbin7_recobin7 acc 0.0226 eff 0.276 outinratio 0.0 

WminusH126_4e_massZ2_genbin7_recobin7 acc 0.0192 eff 0.3113 outinratio 0.0068 

WplusH126_4e_massZ2_genbin7_recobin7 acc 0.0166 eff 0.3191 outinratio 0.0255 

ZH126_4e_massZ2_genbin7_recobin7 acc 0.0196 eff 0.294 outinratio 0.0214 

ttH126_4e_massZ2_genbin7_recobin7 acc 0.0231 eff 0.2704 outinratio 0.0402 

ggH126_4mu_massZ2_genbin0_recobin0 acc 0.1166 eff 0.6458 outinratio 0.011 

VBFH126_4mu_massZ2_genbin0_recobin0 acc 0.12 eff 0.6684 outinratio 0.0059 

WminusH126_4mu_massZ2_genbin0_recobin0 acc 0.1135 eff 0.6077 outinratio 0.0146 

WplusH126_4mu_massZ2_genbin0_recobin0 acc 0.0932 eff 0.6163 outinratio 0.013 

ZH126_4mu_massZ2_genbin0_recobin0 acc 0.1035 eff 0.5838 outinratio 0.0555 

ttH126_4mu_massZ2_genbin0_recobin0 acc 0.1317 eff 0.4683 outinratio 0.0665 

ggH126_4mu_massZ2_genbin1_recobin0 acc 0.0764 eff 0.0215 outinratio 0.011 

VBFH126_4mu_massZ2_genbin1_recobin0 acc 0.0832 eff 0.0378 outinratio 0.0059 

WminusH126_4mu_massZ2_genbin1_recobin0 acc 0.0714 eff 0.0271 outinratio 0.0146 

WplusH126_4mu_massZ2_genbin1_recobin0 acc 0.0594 eff 0.02 outinratio 0.013 

ZH126_4mu_massZ2_genbin1_recobin0 acc 0.0675 eff 0.0233 outinratio 0.0555 

ttH126_4mu_massZ2_genbin1_recobin0 acc 0.0829 eff 0.0241 outinratio 0.0665 

ggH126_4mu_massZ2_genbin2_recobin0 acc 0.0438 eff 0.0034 outinratio 0.011 

VBFH126_4mu_massZ2_genbin2_recobin0 acc 0.0493 eff 0.0 outinratio 0.0059 

WminusH126_4mu_massZ2_genbin2_recobin0 acc 0.0403 eff 0.0007 outinratio 0.0146 

WplusH126_4mu_massZ2_genbin2_recobin0 acc 0.0358 eff 0.0031 outinratio 0.013 

ZH126_4mu_massZ2_genbin2_recobin0 acc 0.0381 eff 0.0023 outinratio 0.0555 

ttH126_4mu_massZ2_genbin2_recobin0 acc 0.0465 eff 0.0 outinratio 0.0665 

ggH126_4mu_massZ2_genbin3_recobin0 acc 0.0889 eff 0.0007 outinratio 0.011 

VBFH126_4mu_massZ2_genbin3_recobin0 acc 0.104 eff 0.0076 outinratio 0.0059 

WminusH126_4mu_massZ2_genbin3_recobin0 acc 0.0807 eff 0.0009 outinratio 0.0146 

WplusH126_4mu_massZ2_genbin3_recobin0 acc 0.0685 eff 0.001 outinratio 0.013 

ZH126_4mu_massZ2_genbin3_recobin0 acc 0.0773 eff 0.0 outinratio 0.0555 

ttH126_4mu_massZ2_genbin3_recobin0 acc 0.0964 eff 0.0 outinratio 0.0665 

ggH126_4mu_massZ2_genbin4_recobin0 acc 0.0375 eff 0.0003 outinratio 0.011 

VBFH126_4mu_massZ2_genbin4_recobin0 acc 0.0374 eff 0.0 outinratio 0.0059 

WminusH126_4mu_massZ2_genbin4_recobin0 acc 0.0316 eff 0.0008 outinratio 0.0146 

WplusH126_4mu_massZ2_genbin4_recobin0 acc 0.0306 eff 0.0 outinratio 0.013 

ZH126_4mu_massZ2_genbin4_recobin0 acc 0.0317 eff 0.0035 outinratio 0.0555 

ttH126_4mu_massZ2_genbin4_recobin0 acc 0.0397 eff 0.0 outinratio 0.0665 

ggH126_4mu_massZ2_genbin5_recobin0 acc 0.0513 eff 0.0 outinratio 0.011 

VBFH126_4mu_massZ2_genbin5_recobin0 acc 0.057 eff 0.0 outinratio 0.0059 

WminusH126_4mu_massZ2_genbin5_recobin0 acc 0.0434 eff 0.0 outinratio 0.0146 

WplusH126_4mu_massZ2_genbin5_recobin0 acc 0.0416 eff -0.0008 outinratio 0.013 

ZH126_4mu_massZ2_genbin5_recobin0 acc 0.0444 eff 0.0016 outinratio 0.0555 

ttH126_4mu_massZ2_genbin5_recobin0 acc 0.0527 eff 0.0 outinratio 0.0665 

ggH126_4mu_massZ2_genbin6_recobin0 acc 0.041 eff 0.0001 outinratio 0.011 

VBFH126_4mu_massZ2_genbin6_recobin0 acc 0.0481 eff 0.0 outinratio 0.0059 

WminusH126_4mu_massZ2_genbin6_recobin0 acc 0.04 eff 0.0008 outinratio 0.0146 

WplusH126_4mu_massZ2_genbin6_recobin0 acc 0.0343 eff 0.0022 outinratio 0.013 

ZH126_4mu_massZ2_genbin6_recobin0 acc 0.0362 eff 0.0016 outinratio 0.0555 

ttH126_4mu_massZ2_genbin6_recobin0 acc 0.0467 eff 0.0 outinratio 0.0665 

ggH126_4mu_massZ2_genbin7_recobin0 acc 0.0212 eff 0.0023 outinratio 0.011 

VBFH126_4mu_massZ2_genbin7_recobin0 acc 0.0273 eff 0.0 outinratio 0.0059 

WminusH126_4mu_massZ2_genbin7_recobin0 acc 0.0196 eff 0.0011 outinratio 0.0146 

WplusH126_4mu_massZ2_genbin7_recobin0 acc 0.0168 eff 0.0 outinratio 0.013 

ZH126_4mu_massZ2_genbin7_recobin0 acc 0.0175 eff 0.0 outinratio 0.0555 

ttH126_4mu_massZ2_genbin7_recobin0 acc 0.0218 eff 0.0 outinratio 0.0665 

ggH126_4mu_massZ2_genbin0_recobin1 acc 0.1166 eff 0.0082 outinratio 0.0069 

VBFH126_4mu_massZ2_genbin0_recobin1 acc 0.12 eff 0.0023 outinratio 0.0 

WminusH126_4mu_massZ2_genbin0_recobin1 acc 0.1135 eff 0.0077 outinratio 0.0132 

WplusH126_4mu_massZ2_genbin0_recobin1 acc 0.0932 eff 0.0066 outinratio 0.0148 

ZH126_4mu_massZ2_genbin0_recobin1 acc 0.1035 eff 0.0102 outinratio 0.0577 

ttH126_4mu_massZ2_genbin0_recobin1 acc 0.1317 eff 0.0043 outinratio 0.0176 

ggH126_4mu_massZ2_genbin1_recobin1 acc 0.0764 eff 0.6388 outinratio 0.0069 

VBFH126_4mu_massZ2_genbin1_recobin1 acc 0.0832 eff 0.598 outinratio 0.0 

WminusH126_4mu_massZ2_genbin1_recobin1 acc 0.0714 eff 0.5791 outinratio 0.0132 

WplusH126_4mu_massZ2_genbin1_recobin1 acc 0.0594 eff 0.5761 outinratio 0.0148 

ZH126_4mu_massZ2_genbin1_recobin1 acc 0.0675 eff 0.5632 outinratio 0.0577 

ttH126_4mu_massZ2_genbin1_recobin1 acc 0.0829 eff 0.4844 outinratio 0.0176 

ggH126_4mu_massZ2_genbin2_recobin1 acc 0.0438 eff 0.0583 outinratio 0.0069 

VBFH126_4mu_massZ2_genbin2_recobin1 acc 0.0493 eff 0.0578 outinratio 0.0 

WminusH126_4mu_massZ2_genbin2_recobin1 acc 0.0403 eff 0.0612 outinratio 0.0132 

WplusH126_4mu_massZ2_genbin2_recobin1 acc 0.0358 eff 0.0686 outinratio 0.0148 

ZH126_4mu_massZ2_genbin2_recobin1 acc 0.0381 eff 0.0531 outinratio 0.0577 

ttH126_4mu_massZ2_genbin2_recobin1 acc 0.0465 eff 0.0263 outinratio 0.0176 

ggH126_4mu_massZ2_genbin3_recobin1 acc 0.0889 eff 0.0051 outinratio 0.0069 

VBFH126_4mu_massZ2_genbin3_recobin1 acc 0.104 eff 0.0071 outinratio 0.0 

WminusH126_4mu_massZ2_genbin3_recobin1 acc 0.0807 eff 0.005 outinratio 0.0132 

WplusH126_4mu_massZ2_genbin3_recobin1 acc 0.0685 eff 0.0031 outinratio 0.0148 

ZH126_4mu_massZ2_genbin3_recobin1 acc 0.0773 eff 0.0061 outinratio 0.0577 

ttH126_4mu_massZ2_genbin3_recobin1 acc 0.0964 eff 0.0 outinratio 0.0176 

ggH126_4mu_massZ2_genbin4_recobin1 acc 0.0375 eff 0.0003 outinratio 0.0069 

VBFH126_4mu_massZ2_genbin4_recobin1 acc 0.0374 eff 0.0 outinratio 0.0 

WminusH126_4mu_massZ2_genbin4_recobin1 acc 0.0316 eff 0.0017 outinratio 0.0132 

WplusH126_4mu_massZ2_genbin4_recobin1 acc 0.0306 eff 0.0 outinratio 0.0148 

ZH126_4mu_massZ2_genbin4_recobin1 acc 0.0317 eff 0.0005 outinratio 0.0577 

ttH126_4mu_massZ2_genbin4_recobin1 acc 0.0397 eff 0.0 outinratio 0.0176 

ggH126_4mu_massZ2_genbin5_recobin1 acc 0.0513 eff 0.0 outinratio 0.0069 

VBFH126_4mu_massZ2_genbin5_recobin1 acc 0.057 eff 0.0 outinratio 0.0 

WminusH126_4mu_massZ2_genbin5_recobin1 acc 0.0434 eff 0.001 outinratio 0.0132 

WplusH126_4mu_massZ2_genbin5_recobin1 acc 0.0416 eff 0.0004 outinratio 0.0148 

ZH126_4mu_massZ2_genbin5_recobin1 acc 0.0444 eff 0.0018 outinratio 0.0577 

ttH126_4mu_massZ2_genbin5_recobin1 acc 0.0527 eff 0.0051 outinratio 0.0176 

ggH126_4mu_massZ2_genbin6_recobin1 acc 0.041 eff 0.0 outinratio 0.0069 

VBFH126_4mu_massZ2_genbin6_recobin1 acc 0.0481 eff 0.0 outinratio 0.0 

WminusH126_4mu_massZ2_genbin6_recobin1 acc 0.04 eff 0.001 outinratio 0.0132 

WplusH126_4mu_massZ2_genbin6_recobin1 acc 0.0343 eff 0.0 outinratio 0.0148 

ZH126_4mu_massZ2_genbin6_recobin1 acc 0.0362 eff 0.0015 outinratio 0.0577 

ttH126_4mu_massZ2_genbin6_recobin1 acc 0.0467 eff 0.0 outinratio 0.0176 

ggH126_4mu_massZ2_genbin7_recobin1 acc 0.0212 eff 0.0015 outinratio 0.0069 

VBFH126_4mu_massZ2_genbin7_recobin1 acc 0.0273 eff 0.0 outinratio 0.0 

WminusH126_4mu_massZ2_genbin7_recobin1 acc 0.0196 eff 0.0 outinratio 0.0132 

WplusH126_4mu_massZ2_genbin7_recobin1 acc 0.0168 eff 0.0 outinratio 0.0148 

ZH126_4mu_massZ2_genbin7_recobin1 acc 0.0175 eff 0.0 outinratio 0.0577 

ttH126_4mu_massZ2_genbin7_recobin1 acc 0.0218 eff 0.0 outinratio 0.0176 

ggH126_4mu_massZ2_genbin0_recobin2 acc 0.1166 eff 0.0007 outinratio 0.004 

VBFH126_4mu_massZ2_genbin0_recobin2 acc 0.12 eff 0.0 outinratio 0.0 

WminusH126_4mu_massZ2_genbin0_recobin2 acc 0.1135 eff 0.001 outinratio 0.0142 

WplusH126_4mu_massZ2_genbin0_recobin2 acc 0.0932 eff 0.0007 outinratio 0.0049 

ZH126_4mu_massZ2_genbin0_recobin2 acc 0.1035 eff 0.0002 outinratio 0.0413 

ttH126_4mu_massZ2_genbin0_recobin2 acc 0.1317 eff 0.0 outinratio 0.0422 

ggH126_4mu_massZ2_genbin1_recobin2 acc 0.0764 eff 0.0224 outinratio 0.004 

VBFH126_4mu_massZ2_genbin1_recobin2 acc 0.0832 eff 0.025 outinratio 0.0 

WminusH126_4mu_massZ2_genbin1_recobin2 acc 0.0714 eff 0.0204 outinratio 0.0142 

WplusH126_4mu_massZ2_genbin1_recobin2 acc 0.0594 eff 0.0198 outinratio 0.0049 

ZH126_4mu_massZ2_genbin1_recobin2 acc 0.0675 eff 0.0187 outinratio 0.0413 

ttH126_4mu_massZ2_genbin1_recobin2 acc 0.0829 eff 0.0222 outinratio 0.0422 

ggH126_4mu_massZ2_genbin2_recobin2 acc 0.0438 eff 0.567 outinratio 0.004 

VBFH126_4mu_massZ2_genbin2_recobin2 acc 0.0493 eff 0.5795 outinratio 0.0 

WminusH126_4mu_massZ2_genbin2_recobin2 acc 0.0403 eff 0.5404 outinratio 0.0142 

WplusH126_4mu_massZ2_genbin2_recobin2 acc 0.0358 eff 0.5375 outinratio 0.0049 

ZH126_4mu_massZ2_genbin2_recobin2 acc 0.0381 eff 0.5474 outinratio 0.0413 

ttH126_4mu_massZ2_genbin2_recobin2 acc 0.0465 eff 0.4199 outinratio 0.0422 

ggH126_4mu_massZ2_genbin3_recobin2 acc 0.0889 eff 0.0398 outinratio 0.004 

VBFH126_4mu_massZ2_genbin3_recobin2 acc 0.104 eff 0.0199 outinratio 0.0 

WminusH126_4mu_massZ2_genbin3_recobin2 acc 0.0807 eff 0.0336 outinratio 0.0142 

WplusH126_4mu_massZ2_genbin3_recobin2 acc 0.0685 eff 0.0345 outinratio 0.0049 

ZH126_4mu_massZ2_genbin3_recobin2 acc 0.0773 eff 0.0289 outinratio 0.0413 

ttH126_4mu_massZ2_genbin3_recobin2 acc 0.0964 eff 0.024 outinratio 0.0422 

ggH126_4mu_massZ2_genbin4_recobin2 acc 0.0375 eff 0.0031 outinratio 0.004 

VBFH126_4mu_massZ2_genbin4_recobin2 acc 0.0374 eff 0.0 outinratio 0.0 

WminusH126_4mu_massZ2_genbin4_recobin2 acc 0.0316 eff 0.0015 outinratio 0.0142 

WplusH126_4mu_massZ2_genbin4_recobin2 acc 0.0306 eff 0.0004 outinratio 0.0049 

ZH126_4mu_massZ2_genbin4_recobin2 acc 0.0317 eff 0.0014 outinratio 0.0413 

ttH126_4mu_massZ2_genbin4_recobin2 acc 0.0397 eff 0.0 outinratio 0.0422 

ggH126_4mu_massZ2_genbin5_recobin2 acc 0.0513 eff 0.0009 outinratio 0.004 

VBFH126_4mu_massZ2_genbin5_recobin2 acc 0.057 eff 0.0 outinratio 0.0 

WminusH126_4mu_massZ2_genbin5_recobin2 acc 0.0434 eff 0.0022 outinratio 0.0142 

WplusH126_4mu_massZ2_genbin5_recobin2 acc 0.0416 eff 0.0 outinratio 0.0049 

ZH126_4mu_massZ2_genbin5_recobin2 acc 0.0444 eff 0.0012 outinratio 0.0413 

ttH126_4mu_massZ2_genbin5_recobin2 acc 0.0527 eff 0.0041 outinratio 0.0422 

ggH126_4mu_massZ2_genbin6_recobin2 acc 0.041 eff 0.0001 outinratio 0.004 

VBFH126_4mu_massZ2_genbin6_recobin2 acc 0.0481 eff 0.0 outinratio 0.0 

WminusH126_4mu_massZ2_genbin6_recobin2 acc 0.04 eff 0.0 outinratio 0.0142 

WplusH126_4mu_massZ2_genbin6_recobin2 acc 0.0343 eff 0.0 outinratio 0.0049 

ZH126_4mu_massZ2_genbin6_recobin2 acc 0.0362 eff 0.0016 outinratio 0.0413 

ttH126_4mu_massZ2_genbin6_recobin2 acc 0.0467 eff 0.0 outinratio 0.0422 

ggH126_4mu_massZ2_genbin7_recobin2 acc 0.0212 eff 0.0006 outinratio 0.004 

VBFH126_4mu_massZ2_genbin7_recobin2 acc 0.0273 eff 0.0 outinratio 0.0 

WminusH126_4mu_massZ2_genbin7_recobin2 acc 0.0196 eff 0.0024 outinratio 0.0142 

WplusH126_4mu_massZ2_genbin7_recobin2 acc 0.0168 eff 0.0 outinratio 0.0049 

ZH126_4mu_massZ2_genbin7_recobin2 acc 0.0175 eff 0.0 outinratio 0.0413 

ttH126_4mu_massZ2_genbin7_recobin2 acc 0.0218 eff 0.0 outinratio 0.0422 

ggH126_4mu_massZ2_genbin0_recobin3 acc 0.1166 eff 0.0004 outinratio 0.004 

VBFH126_4mu_massZ2_genbin0_recobin3 acc 0.12 eff 0.0 outinratio 0.0042 

WminusH126_4mu_massZ2_genbin0_recobin3 acc 0.1135 eff 0.0003 outinratio 0.0099 

WplusH126_4mu_massZ2_genbin0_recobin3 acc 0.0932 eff 0.0005 outinratio 0.0105 

ZH126_4mu_massZ2_genbin0_recobin3 acc 0.1035 eff 0.0 outinratio 0.0455 

ttH126_4mu_massZ2_genbin0_recobin3 acc 0.1317 eff 0.0024 outinratio 0.019 

ggH126_4mu_massZ2_genbin1_recobin3 acc 0.0764 eff 0.0021 outinratio 0.004 

VBFH126_4mu_massZ2_genbin1_recobin3 acc 0.0832 eff 0.0 outinratio 0.0042 

WminusH126_4mu_massZ2_genbin1_recobin3 acc 0.0714 eff 0.0011 outinratio 0.0099 

WplusH126_4mu_massZ2_genbin1_recobin3 acc 0.0594 eff 0.001 outinratio 0.0105 

ZH126_4mu_massZ2_genbin1_recobin3 acc 0.0675 eff 0.0012 outinratio 0.0455 

ttH126_4mu_massZ2_genbin1_recobin3 acc 0.0829 eff 0.0021 outinratio 0.019 

ggH126_4mu_massZ2_genbin2_recobin3 acc 0.0438 eff 0.0364 outinratio 0.004 

VBFH126_4mu_massZ2_genbin2_recobin3 acc 0.0493 eff 0.0102 outinratio 0.0042 

WminusH126_4mu_massZ2_genbin2_recobin3 acc 0.0403 eff 0.046 outinratio 0.0099 

WplusH126_4mu_massZ2_genbin2_recobin3 acc 0.0358 eff 0.0288 outinratio 0.0105 

ZH126_4mu_massZ2_genbin2_recobin3 acc 0.0381 eff 0.0451 outinratio 0.0455 

ttH126_4mu_massZ2_genbin2_recobin3 acc 0.0465 eff 0.0418 outinratio 0.019 

ggH126_4mu_massZ2_genbin3_recobin3 acc 0.0889 eff 0.6219 outinratio 0.004 

VBFH126_4mu_massZ2_genbin3_recobin3 acc 0.104 eff 0.6718 outinratio 0.0042 

WminusH126_4mu_massZ2_genbin3_recobin3 acc 0.0807 eff 0.5694 outinratio 0.0099 

WplusH126_4mu_massZ2_genbin3_recobin3 acc 0.0685 eff 0.5666 outinratio 0.0105 

ZH126_4mu_massZ2_genbin3_recobin3 acc 0.0773 eff 0.5739 outinratio 0.0455 

ttH126_4mu_massZ2_genbin3_recobin3 acc 0.0964 eff 0.4662 outinratio 0.019 

ggH126_4mu_massZ2_genbin4_recobin3 acc 0.0375 eff 0.077 outinratio 0.004 

VBFH126_4mu_massZ2_genbin4_recobin3 acc 0.0374 eff 0.0424 outinratio 0.0042 

WminusH126_4mu_massZ2_genbin4_recobin3 acc 0.0316 eff 0.0714 outinratio 0.0099 

WplusH126_4mu_massZ2_genbin4_recobin3 acc 0.0306 eff 0.084 outinratio 0.0105 

ZH126_4mu_massZ2_genbin4_recobin3 acc 0.0317 eff 0.0703 outinratio 0.0455 

ttH126_4mu_massZ2_genbin4_recobin3 acc 0.0397 eff 0.0539 outinratio 0.019 

ggH126_4mu_massZ2_genbin5_recobin3 acc 0.0513 eff 0.0076 outinratio 0.004 

VBFH126_4mu_massZ2_genbin5_recobin3 acc 0.057 eff 0.0 outinratio 0.0042 

WminusH126_4mu_massZ2_genbin5_recobin3 acc 0.0434 eff 0.005 outinratio 0.0099 

WplusH126_4mu_massZ2_genbin5_recobin3 acc 0.0416 eff 0.0065 outinratio 0.0105 

ZH126_4mu_massZ2_genbin5_recobin3 acc 0.0444 eff 0.0082 outinratio 0.0455 

ttH126_4mu_massZ2_genbin5_recobin3 acc 0.0527 eff 0.0072 outinratio 0.019 

ggH126_4mu_massZ2_genbin6_recobin3 acc 0.041 eff 0.001 outinratio 0.004 

VBFH126_4mu_massZ2_genbin6_recobin3 acc 0.0481 eff 0.0 outinratio 0.0042 

WminusH126_4mu_massZ2_genbin6_recobin3 acc 0.04 eff 0.0026 outinratio 0.0099 

WplusH126_4mu_massZ2_genbin6_recobin3 acc 0.0343 eff 0.007 outinratio 0.0105 

ZH126_4mu_massZ2_genbin6_recobin3 acc 0.0362 eff 0.0013 outinratio 0.0455 

ttH126_4mu_massZ2_genbin6_recobin3 acc 0.0467 eff 0.0 outinratio 0.019 

ggH126_4mu_massZ2_genbin7_recobin3 acc 0.0212 eff 0.0013 outinratio 0.004 

VBFH126_4mu_massZ2_genbin7_recobin3 acc 0.0273 eff 0.0 outinratio 0.0042 

WminusH126_4mu_massZ2_genbin7_recobin3 acc 0.0196 eff 0.0 outinratio 0.0099 

WplusH126_4mu_massZ2_genbin7_recobin3 acc 0.0168 eff 0.0 outinratio 0.0105 

ZH126_4mu_massZ2_genbin7_recobin3 acc 0.0175 eff 0.0 outinratio 0.0455 

ttH126_4mu_massZ2_genbin7_recobin3 acc 0.0218 eff 0.0 outinratio 0.019 

ggH126_4mu_massZ2_genbin0_recobin4 acc 0.1166 eff 0.0 outinratio 0.0041 

VBFH126_4mu_massZ2_genbin0_recobin4 acc 0.12 eff 0.0 outinratio 0.0 

WminusH126_4mu_massZ2_genbin0_recobin4 acc 0.1135 eff 0.0002 outinratio 0.0153 

WplusH126_4mu_massZ2_genbin0_recobin4 acc 0.0932 eff 0.0003 outinratio 0.0097 

ZH126_4mu_massZ2_genbin0_recobin4 acc 0.1035 eff 0.0 outinratio 0.0453 

ttH126_4mu_massZ2_genbin0_recobin4 acc 0.1317 eff 0.0 outinratio 0.0346 

ggH126_4mu_massZ2_genbin1_recobin4 acc 0.0764 eff 0.0004 outinratio 0.0041 

VBFH126_4mu_massZ2_genbin1_recobin4 acc 0.0832 eff 0.0 outinratio 0.0 

WminusH126_4mu_massZ2_genbin1_recobin4 acc 0.0714 eff 0.0001 outinratio 0.0153 

WplusH126_4mu_massZ2_genbin1_recobin4 acc 0.0594 eff 0.0 outinratio 0.0097 

ZH126_4mu_massZ2_genbin1_recobin4 acc 0.0675 eff 0.0011 outinratio 0.0453 

ttH126_4mu_massZ2_genbin1_recobin4 acc 0.0829 eff 0.0006 outinratio 0.0346 

ggH126_4mu_massZ2_genbin2_recobin4 acc 0.0438 eff 0.0011 outinratio 0.0041 

VBFH126_4mu_massZ2_genbin2_recobin4 acc 0.0493 eff 0.0 outinratio 0.0 

WminusH126_4mu_massZ2_genbin2_recobin4 acc 0.0403 eff 0.0002 outinratio 0.0153 

WplusH126_4mu_massZ2_genbin2_recobin4 acc 0.0358 eff 0.0 outinratio 0.0097 

ZH126_4mu_massZ2_genbin2_recobin4 acc 0.0381 eff 0.0009 outinratio 0.0453 

ttH126_4mu_massZ2_genbin2_recobin4 acc 0.0465 eff 0.0 outinratio 0.0346 

ggH126_4mu_massZ2_genbin3_recobin4 acc 0.0889 eff 0.0218 outinratio 0.0041 

VBFH126_4mu_massZ2_genbin3_recobin4 acc 0.104 eff 0.012 outinratio 0.0 

WminusH126_4mu_massZ2_genbin3_recobin4 acc 0.0807 eff 0.0169 outinratio 0.0153 

WplusH126_4mu_massZ2_genbin3_recobin4 acc 0.0685 eff 0.0221 outinratio 0.0097 

ZH126_4mu_massZ2_genbin3_recobin4 acc 0.0773 eff 0.0144 outinratio 0.0453 

ttH126_4mu_massZ2_genbin3_recobin4 acc 0.0964 eff 0.0158 outinratio 0.0346 

ggH126_4mu_massZ2_genbin4_recobin4 acc 0.0375 eff 0.5538 outinratio 0.0041 

VBFH126_4mu_massZ2_genbin4_recobin4 acc 0.0374 eff 0.6692 outinratio 0.0 

WminusH126_4mu_massZ2_genbin4_recobin4 acc 0.0316 eff 0.5097 outinratio 0.0153 

WplusH126_4mu_massZ2_genbin4_recobin4 acc 0.0306 eff 0.5569 outinratio 0.0097 

ZH126_4mu_massZ2_genbin4_recobin4 acc 0.0317 eff 0.5247 outinratio 0.0453 

ttH126_4mu_massZ2_genbin4_recobin4 acc 0.0397 eff 0.3401 outinratio 0.0346 

ggH126_4mu_massZ2_genbin5_recobin4 acc 0.0513 eff 0.0432 outinratio 0.0041 

VBFH126_4mu_massZ2_genbin5_recobin4 acc 0.057 eff 0.0406 outinratio 0.0 

WminusH126_4mu_massZ2_genbin5_recobin4 acc 0.0434 eff 0.0385 outinratio 0.0153 

WplusH126_4mu_massZ2_genbin5_recobin4 acc 0.0416 eff 0.0443 outinratio 0.0097 

ZH126_4mu_massZ2_genbin5_recobin4 acc 0.0444 eff 0.0446 outinratio 0.0453 

ttH126_4mu_massZ2_genbin5_recobin4 acc 0.0527 eff 0.0278 outinratio 0.0346 

ggH126_4mu_massZ2_genbin6_recobin4 acc 0.041 eff 0.0008 outinratio 0.0041 

VBFH126_4mu_massZ2_genbin6_recobin4 acc 0.0481 eff 0.0 outinratio 0.0 

WminusH126_4mu_massZ2_genbin6_recobin4 acc 0.04 eff 0.0 outinratio 0.0153 

WplusH126_4mu_massZ2_genbin6_recobin4 acc 0.0343 eff 0.0 outinratio 0.0097 

ZH126_4mu_massZ2_genbin6_recobin4 acc 0.0362 eff -0.0005 outinratio 0.0453 

ttH126_4mu_massZ2_genbin6_recobin4 acc 0.0467 eff 0.0 outinratio 0.0346 

ggH126_4mu_massZ2_genbin7_recobin4 acc 0.0212 eff 0.0 outinratio 0.0041 

VBFH126_4mu_massZ2_genbin7_recobin4 acc 0.0273 eff 0.0 outinratio 0.0 

WminusH126_4mu_massZ2_genbin7_recobin4 acc 0.0196 eff 0.0014 outinratio 0.0153 

WplusH126_4mu_massZ2_genbin7_recobin4 acc 0.0168 eff 0.0 outinratio 0.0097 

ZH126_4mu_massZ2_genbin7_recobin4 acc 0.0175 eff 0.0 outinratio 0.0453 

ttH126_4mu_massZ2_genbin7_recobin4 acc 0.0218 eff 0.0 outinratio 0.0346 

ggH126_4mu_massZ2_genbin0_recobin5 acc 0.1166 eff 0.0003 outinratio 0.0061 

VBFH126_4mu_massZ2_genbin0_recobin5 acc 0.12 eff 0.0 outinratio 0.0 

WminusH126_4mu_massZ2_genbin0_recobin5 acc 0.1135 eff 0.0005 outinratio 0.0124 

WplusH126_4mu_massZ2_genbin0_recobin5 acc 0.0932 eff 0.0003 outinratio 0.0058 

ZH126_4mu_massZ2_genbin0_recobin5 acc 0.1035 eff 0.0006 outinratio 0.0399 

ttH126_4mu_massZ2_genbin0_recobin5 acc 0.1317 eff 0.0 outinratio 0.0489 

ggH126_4mu_massZ2_genbin1_recobin5 acc 0.0764 eff 0.0002 outinratio 0.0061 

VBFH126_4mu_massZ2_genbin1_recobin5 acc 0.0832 eff 0.0 outinratio 0.0 

WminusH126_4mu_massZ2_genbin1_recobin5 acc 0.0714 eff 0.001 outinratio 0.0124 

WplusH126_4mu_massZ2_genbin1_recobin5 acc 0.0594 eff 0.0 outinratio 0.0058 

ZH126_4mu_massZ2_genbin1_recobin5 acc 0.0675 eff 0.001 outinratio 0.0399 

ttH126_4mu_massZ2_genbin1_recobin5 acc 0.0829 eff 0.0 outinratio 0.0489 

ggH126_4mu_massZ2_genbin2_recobin5 acc 0.0438 eff 0.0015 outinratio 0.0061 

VBFH126_4mu_massZ2_genbin2_recobin5 acc 0.0493 eff 0.0 outinratio 0.0 

WminusH126_4mu_massZ2_genbin2_recobin5 acc 0.0403 eff 0.0 outinratio 0.0124 

WplusH126_4mu_massZ2_genbin2_recobin5 acc 0.0358 eff 0.0015 outinratio 0.0058 

ZH126_4mu_massZ2_genbin2_recobin5 acc 0.0381 eff 0.0008 outinratio 0.0399 

ttH126_4mu_massZ2_genbin2_recobin5 acc 0.0465 eff 0.002 outinratio 0.0489 

ggH126_4mu_massZ2_genbin3_recobin5 acc 0.0889 eff 0.0022 outinratio 0.0061 

VBFH126_4mu_massZ2_genbin3_recobin5 acc 0.104 eff 0.0015 outinratio 0.0 

WminusH126_4mu_massZ2_genbin3_recobin5 acc 0.0807 eff 0.0019 outinratio 0.0124 

WplusH126_4mu_massZ2_genbin3_recobin5 acc 0.0685 eff 0.0033 outinratio 0.0058 

ZH126_4mu_massZ2_genbin3_recobin5 acc 0.0773 eff 0.0019 outinratio 0.0399 

ttH126_4mu_massZ2_genbin3_recobin5 acc 0.0964 eff 0.0061 outinratio 0.0489 

ggH126_4mu_massZ2_genbin4_recobin5 acc 0.0375 eff 0.0478 outinratio 0.0061 

VBFH126_4mu_massZ2_genbin4_recobin5 acc 0.0374 eff 0.0528 outinratio 0.0 

WminusH126_4mu_massZ2_genbin4_recobin5 acc 0.0316 eff 0.0403 outinratio 0.0124 

WplusH126_4mu_massZ2_genbin4_recobin5 acc 0.0306 eff 0.0312 outinratio 0.0058 

ZH126_4mu_massZ2_genbin4_recobin5 acc 0.0317 eff 0.0376 outinratio 0.0399 

ttH126_4mu_massZ2_genbin4_recobin5 acc 0.0397 eff 0.0334 outinratio 0.0489 

ggH126_4mu_massZ2_genbin5_recobin5 acc 0.0513 eff 0.6289 outinratio 0.0061 

VBFH126_4mu_massZ2_genbin5_recobin5 acc 0.057 eff 0.6459 outinratio 0.0 

WminusH126_4mu_massZ2_genbin5_recobin5 acc 0.0434 eff 0.5845 outinratio 0.0124 

WplusH126_4mu_massZ2_genbin5_recobin5 acc 0.0416 eff 0.6041 outinratio 0.0058 

ZH126_4mu_massZ2_genbin5_recobin5 acc 0.0444 eff 0.5692 outinratio 0.0399 

ttH126_4mu_massZ2_genbin5_recobin5 acc 0.0527 eff 0.4613 outinratio 0.0489 

ggH126_4mu_massZ2_genbin6_recobin5 acc 0.041 eff 0.0223 outinratio 0.0061 

VBFH126_4mu_massZ2_genbin6_recobin5 acc 0.0481 eff 0.0317 outinratio 0.0 

WminusH126_4mu_massZ2_genbin6_recobin5 acc 0.04 eff 0.0281 outinratio 0.0124 

WplusH126_4mu_massZ2_genbin6_recobin5 acc 0.0343 eff 0.0202 outinratio 0.0058 

ZH126_4mu_massZ2_genbin6_recobin5 acc 0.0362 eff 0.0324 outinratio 0.0399 

ttH126_4mu_massZ2_genbin6_recobin5 acc 0.0467 eff 0.0285 outinratio 0.0489 

ggH126_4mu_massZ2_genbin7_recobin5 acc 0.0212 eff 0.0028 outinratio 0.0061 

VBFH126_4mu_massZ2_genbin7_recobin5 acc 0.0273 eff 0.0 outinratio 0.0 

WminusH126_4mu_massZ2_genbin7_recobin5 acc 0.0196 eff 0.0007 outinratio 0.0124 

WplusH126_4mu_massZ2_genbin7_recobin5 acc 0.0168 eff 0.0 outinratio 0.0058 

ZH126_4mu_massZ2_genbin7_recobin5 acc 0.0175 eff 0.0 outinratio 0.0399 

ttH126_4mu_massZ2_genbin7_recobin5 acc 0.0218 eff 0.0 outinratio 0.0489 

ggH126_4mu_massZ2_genbin0_recobin6 acc 0.1166 eff 0.0004 outinratio 0.0053 

VBFH126_4mu_massZ2_genbin0_recobin6 acc 0.12 eff 0.0 outinratio 0.0106 

WminusH126_4mu_massZ2_genbin0_recobin6 acc 0.1135 eff 0.0 outinratio 0.0097 

WplusH126_4mu_massZ2_genbin0_recobin6 acc 0.0932 eff 0.0 outinratio 0.0177 

ZH126_4mu_massZ2_genbin0_recobin6 acc 0.1035 eff 0.0005 outinratio 0.0504 

ttH126_4mu_massZ2_genbin0_recobin6 acc 0.1317 eff 0.0 outinratio 0.009 

ggH126_4mu_massZ2_genbin1_recobin6 acc 0.0764 eff 0.0002 outinratio 0.0053 

VBFH126_4mu_massZ2_genbin1_recobin6 acc 0.0832 eff 0.0 outinratio 0.0106 

WminusH126_4mu_massZ2_genbin1_recobin6 acc 0.0714 eff 0.0002 outinratio 0.0097 

WplusH126_4mu_massZ2_genbin1_recobin6 acc 0.0594 eff 0.0 outinratio 0.0177 

ZH126_4mu_massZ2_genbin1_recobin6 acc 0.0675 eff 0.0004 outinratio 0.0504 

ttH126_4mu_massZ2_genbin1_recobin6 acc 0.0829 eff 0.0 outinratio 0.009 

ggH126_4mu_massZ2_genbin2_recobin6 acc 0.0438 eff 0.0005 outinratio 0.0053 

VBFH126_4mu_massZ2_genbin2_recobin6 acc 0.0493 eff 0.0 outinratio 0.0106 

WminusH126_4mu_massZ2_genbin2_recobin6 acc 0.0403 eff 0.0003 outinratio 0.0097 

WplusH126_4mu_massZ2_genbin2_recobin6 acc 0.0358 eff 0.0008 outinratio 0.0177 

ZH126_4mu_massZ2_genbin2_recobin6 acc 0.0381 eff 0.0016 outinratio 0.0504 

ttH126_4mu_massZ2_genbin2_recobin6 acc 0.0465 eff 0.0 outinratio 0.009 

ggH126_4mu_massZ2_genbin3_recobin6 acc 0.0889 eff 0.001 outinratio 0.0053 

VBFH126_4mu_massZ2_genbin3_recobin6 acc 0.104 eff 0.0 outinratio 0.0106 

WminusH126_4mu_massZ2_genbin3_recobin6 acc 0.0807 eff 0.0007 outinratio 0.0097 

WplusH126_4mu_massZ2_genbin3_recobin6 acc 0.0685 eff 0.0 outinratio 0.0177 

ZH126_4mu_massZ2_genbin3_recobin6 acc 0.0773 eff 0.0002 outinratio 0.0504 

ttH126_4mu_massZ2_genbin3_recobin6 acc 0.0964 eff 0.0 outinratio 0.009 

ggH126_4mu_massZ2_genbin4_recobin6 acc 0.0375 eff 0.0012 outinratio 0.0053 

VBFH126_4mu_massZ2_genbin4_recobin6 acc 0.0374 eff 0.0 outinratio 0.0106 

WminusH126_4mu_massZ2_genbin4_recobin6 acc 0.0316 eff 0.002 outinratio 0.0097 

WplusH126_4mu_massZ2_genbin4_recobin6 acc 0.0306 eff 0.0031 outinratio 0.0177 

ZH126_4mu_massZ2_genbin4_recobin6 acc 0.0317 eff 0.0004 outinratio 0.0504 

ttH126_4mu_massZ2_genbin4_recobin6 acc 0.0397 eff 0.0 outinratio 0.009 

ggH126_4mu_massZ2_genbin5_recobin6 acc 0.0513 eff 0.0189 outinratio 0.0053 

VBFH126_4mu_massZ2_genbin5_recobin6 acc 0.057 eff 0.026 outinratio 0.0106 

WminusH126_4mu_massZ2_genbin5_recobin6 acc 0.0434 eff 0.0153 outinratio 0.0097 

WplusH126_4mu_massZ2_genbin5_recobin6 acc 0.0416 eff 0.0114 outinratio 0.0177 

ZH126_4mu_massZ2_genbin5_recobin6 acc 0.0444 eff 0.0213 outinratio 0.0504 

ttH126_4mu_massZ2_genbin5_recobin6 acc 0.0527 eff 0.0094 outinratio 0.009 

ggH126_4mu_massZ2_genbin6_recobin6 acc 0.041 eff 0.6932 outinratio 0.0053 

VBFH126_4mu_massZ2_genbin6_recobin6 acc 0.0481 eff 0.7096 outinratio 0.0106 

WminusH126_4mu_massZ2_genbin6_recobin6 acc 0.04 eff 0.6107 outinratio 0.0097 

WplusH126_4mu_massZ2_genbin6_recobin6 acc 0.0343 eff 0.6239 outinratio 0.0177 

ZH126_4mu_massZ2_genbin6_recobin6 acc 0.0362 eff 0.5992 outinratio 0.0504 

ttH126_4mu_massZ2_genbin6_recobin6 acc 0.0467 eff 0.451 outinratio 0.009 

ggH126_4mu_massZ2_genbin7_recobin6 acc 0.0212 eff 0.0425 outinratio 0.0053 

VBFH126_4mu_massZ2_genbin7_recobin6 acc 0.0273 eff 0.0292 outinratio 0.0106 

WminusH126_4mu_massZ2_genbin7_recobin6 acc 0.0196 eff 0.0443 outinratio 0.0097 

WplusH126_4mu_massZ2_genbin7_recobin6 acc 0.0168 eff 0.0349 outinratio 0.0177 

ZH126_4mu_massZ2_genbin7_recobin6 acc 0.0175 eff 0.0399 outinratio 0.0504 

ttH126_4mu_massZ2_genbin7_recobin6 acc 0.0218 eff 0.0228 outinratio 0.009 

ggH126_4mu_massZ2_genbin0_recobin7 acc 0.1166 eff 0.0 outinratio 0.002 

VBFH126_4mu_massZ2_genbin0_recobin7 acc 0.12 eff 0.0 outinratio 0.0 

WminusH126_4mu_massZ2_genbin0_recobin7 acc 0.1135 eff 0.0 outinratio 0.0172 

WplusH126_4mu_massZ2_genbin0_recobin7 acc 0.0932 eff 0.0 outinratio 0.0137 

ZH126_4mu_massZ2_genbin0_recobin7 acc 0.1035 eff 0.0 outinratio 0.058 

ttH126_4mu_massZ2_genbin0_recobin7 acc 0.1317 eff 0.0007 outinratio 0.0144 

ggH126_4mu_massZ2_genbin1_recobin7 acc 0.0764 eff 0.0001 outinratio 0.002 

VBFH126_4mu_massZ2_genbin1_recobin7 acc 0.0832 eff 0.0 outinratio 0.0 

WminusH126_4mu_massZ2_genbin1_recobin7 acc 0.0714 eff 0.0003 outinratio 0.0172 

WplusH126_4mu_massZ2_genbin1_recobin7 acc 0.0594 eff 0.0 outinratio 0.0137 

ZH126_4mu_massZ2_genbin1_recobin7 acc 0.0675 eff 0.0 outinratio 0.058 

ttH126_4mu_massZ2_genbin1_recobin7 acc 0.0829 eff 0.0 outinratio 0.0144 

ggH126_4mu_massZ2_genbin2_recobin7 acc 0.0438 eff 0.0 outinratio 0.002 

VBFH126_4mu_massZ2_genbin2_recobin7 acc 0.0493 eff 0.0 outinratio 0.0 

WminusH126_4mu_massZ2_genbin2_recobin7 acc 0.0403 eff 0.0 outinratio 0.0172 

WplusH126_4mu_massZ2_genbin2_recobin7 acc 0.0358 eff 0.0 outinratio 0.0137 

ZH126_4mu_massZ2_genbin2_recobin7 acc 0.0381 eff 0.0 outinratio 0.058 

ttH126_4mu_massZ2_genbin2_recobin7 acc 0.0465 eff 0.0 outinratio 0.0144 

ggH126_4mu_massZ2_genbin3_recobin7 acc 0.0889 eff 0.0001 outinratio 0.002 

VBFH126_4mu_massZ2_genbin3_recobin7 acc 0.104 eff 0.0 outinratio 0.0 

WminusH126_4mu_massZ2_genbin3_recobin7 acc 0.0807 eff 0.0001 outinratio 0.0172 

WplusH126_4mu_massZ2_genbin3_recobin7 acc 0.0685 eff 0.0 outinratio 0.0137 

ZH126_4mu_massZ2_genbin3_recobin7 acc 0.0773 eff 0.0 outinratio 0.058 

ttH126_4mu_massZ2_genbin3_recobin7 acc 0.0964 eff 0.0 outinratio 0.0144 

ggH126_4mu_massZ2_genbin4_recobin7 acc 0.0375 eff 0.0011 outinratio 0.002 

VBFH126_4mu_massZ2_genbin4_recobin7 acc 0.0374 eff 0.0 outinratio 0.0 

WminusH126_4mu_massZ2_genbin4_recobin7 acc 0.0316 eff 0.0 outinratio 0.0172 

WplusH126_4mu_massZ2_genbin4_recobin7 acc 0.0306 eff 0.0 outinratio 0.0137 

ZH126_4mu_massZ2_genbin4_recobin7 acc 0.0317 eff 0.0 outinratio 0.058 

ttH126_4mu_massZ2_genbin4_recobin7 acc 0.0397 eff 0.0 outinratio 0.0144 

ggH126_4mu_massZ2_genbin5_recobin7 acc 0.0513 eff 0.0005 outinratio 0.002 

VBFH126_4mu_massZ2_genbin5_recobin7 acc 0.057 eff 0.0 outinratio 0.0 

WminusH126_4mu_massZ2_genbin5_recobin7 acc 0.0434 eff 0.0004 outinratio 0.0172 

WplusH126_4mu_massZ2_genbin5_recobin7 acc 0.0416 eff 0.0 outinratio 0.0137 

ZH126_4mu_massZ2_genbin5_recobin7 acc 0.0444 eff 0.0 outinratio 0.058 

ttH126_4mu_massZ2_genbin5_recobin7 acc 0.0527 eff 0.0019 outinratio 0.0144 

ggH126_4mu_massZ2_genbin6_recobin7 acc 0.041 eff 0.0174 outinratio 0.002 

VBFH126_4mu_massZ2_genbin6_recobin7 acc 0.0481 eff 0.0072 outinratio 0.0 

WminusH126_4mu_massZ2_genbin6_recobin7 acc 0.04 eff 0.015 outinratio 0.0172 

WplusH126_4mu_massZ2_genbin6_recobin7 acc 0.0343 eff 0.0125 outinratio 0.0137 

ZH126_4mu_massZ2_genbin6_recobin7 acc 0.0362 eff 0.0111 outinratio 0.058 

ttH126_4mu_massZ2_genbin6_recobin7 acc 0.0467 eff 0.0096 outinratio 0.0144 

ggH126_4mu_massZ2_genbin7_recobin7 acc 0.0212 eff 0.6748 outinratio 0.002 

VBFH126_4mu_massZ2_genbin7_recobin7 acc 0.0273 eff 0.7089 outinratio 0.0 

WminusH126_4mu_massZ2_genbin7_recobin7 acc 0.0196 eff 0.6188 outinratio 0.0172 

WplusH126_4mu_massZ2_genbin7_recobin7 acc 0.0168 eff 0.6372 outinratio 0.0137 

ZH126_4mu_massZ2_genbin7_recobin7 acc 0.0175 eff 0.6149 outinratio 0.058 

ttH126_4mu_massZ2_genbin7_recobin7 acc 0.0218 eff 0.5801 outinratio 0.0144 

ggH126_2e2mu_massZ2_genbin0_recobin0 acc 0.1072 eff 0.438 outinratio 0.0147 

VBFH126_2e2mu_massZ2_genbin0_recobin0 acc 0.1221 eff 0.4691 outinratio 0.0143 

WminusH126_2e2mu_massZ2_genbin0_recobin0 acc 0.1055 eff 0.4276 outinratio 0.0238 

WplusH126_2e2mu_massZ2_genbin0_recobin0 acc 0.0893 eff 0.4156 outinratio 0.0297 

ZH126_2e2mu_massZ2_genbin0_recobin0 acc 0.0997 eff 0.4354 outinratio 0.0527 

ttH126_2e2mu_massZ2_genbin0_recobin0 acc 0.1235 eff 0.3363 outinratio 0.058 

ggH126_2e2mu_massZ2_genbin1_recobin0 acc 0.0718 eff 0.0393 outinratio 0.0147 

VBFH126_2e2mu_massZ2_genbin1_recobin0 acc 0.0805 eff 0.0476 outinratio 0.0143 

WminusH126_2e2mu_massZ2_genbin1_recobin0 acc 0.0685 eff 0.0377 outinratio 0.0238 

WplusH126_2e2mu_massZ2_genbin1_recobin0 acc 0.0591 eff 0.039 outinratio 0.0297 

ZH126_2e2mu_massZ2_genbin1_recobin0 acc 0.0643 eff 0.0387 outinratio 0.0527 

ttH126_2e2mu_massZ2_genbin1_recobin0 acc 0.0795 eff 0.0306 outinratio 0.058 

ggH126_2e2mu_massZ2_genbin2_recobin0 acc 0.0434 eff 0.0032 outinratio 0.0147 

VBFH126_2e2mu_massZ2_genbin2_recobin0 acc 0.0413 eff 0.0 outinratio 0.0143 

WminusH126_2e2mu_massZ2_genbin2_recobin0 acc 0.0399 eff 0.0025 outinratio 0.0238 

WplusH126_2e2mu_massZ2_genbin2_recobin0 acc 0.0331 eff 0.002 outinratio 0.0297 

ZH126_2e2mu_massZ2_genbin2_recobin0 acc 0.0359 eff 0.005 outinratio 0.0527 

ttH126_2e2mu_massZ2_genbin2_recobin0 acc 0.0489 eff 0.0 outinratio 0.058 

ggH126_2e2mu_massZ2_genbin3_recobin0 acc 0.0866 eff 0.0009 outinratio 0.0147 

VBFH126_2e2mu_massZ2_genbin3_recobin0 acc 0.0894 eff 0.0 outinratio 0.0143 

WminusH126_2e2mu_massZ2_genbin3_recobin0 acc 0.0804 eff 0.0008 outinratio 0.0238 

WplusH126_2e2mu_massZ2_genbin3_recobin0 acc 0.0709 eff 0.0021 outinratio 0.0297 

ZH126_2e2mu_massZ2_genbin3_recobin0 acc 0.0757 eff 0.0013 outinratio 0.0527 

ttH126_2e2mu_massZ2_genbin3_recobin0 acc 0.0967 eff 0.0005 outinratio 0.058 

ggH126_2e2mu_massZ2_genbin4_recobin0 acc 0.0377 eff 0.0006 outinratio 0.0147 

VBFH126_2e2mu_massZ2_genbin4_recobin0 acc 0.0355 eff 0.0 outinratio 0.0143 

WminusH126_2e2mu_massZ2_genbin4_recobin0 acc 0.0307 eff 0.0003 outinratio 0.0238 

WplusH126_2e2mu_massZ2_genbin4_recobin0 acc 0.0295 eff 0.0 outinratio 0.0297 

ZH126_2e2mu_massZ2_genbin4_recobin0 acc 0.0324 eff 0.0005 outinratio 0.0527 

ttH126_2e2mu_massZ2_genbin4_recobin0 acc 0.0383 eff 0.0 outinratio 0.058 

ggH126_2e2mu_massZ2_genbin5_recobin0 acc 0.0457 eff 0.0 outinratio 0.0147 

VBFH126_2e2mu_massZ2_genbin5_recobin0 acc 0.0467 eff 0.0 outinratio 0.0143 

WminusH126_2e2mu_massZ2_genbin5_recobin0 acc 0.0367 eff 0.0006 outinratio 0.0238 

WplusH126_2e2mu_massZ2_genbin5_recobin0 acc 0.0351 eff 0.0014 outinratio 0.0297 

ZH126_2e2mu_massZ2_genbin5_recobin0 acc 0.0389 eff 0.0 outinratio 0.0527 

ttH126_2e2mu_massZ2_genbin5_recobin0 acc 0.0464 eff 0.0029 outinratio 0.058 

ggH126_2e2mu_massZ2_genbin6_recobin0 acc 0.0323 eff 0.0 outinratio 0.0147 

VBFH126_2e2mu_massZ2_genbin6_recobin0 acc 0.0345 eff 0.0 outinratio 0.0143 

WminusH126_2e2mu_massZ2_genbin6_recobin0 acc 0.0295 eff 0.0 outinratio 0.0238 

WplusH126_2e2mu_massZ2_genbin6_recobin0 acc 0.0254 eff 0.0 outinratio 0.0297 

ZH126_2e2mu_massZ2_genbin6_recobin0 acc 0.0283 eff 0.0 outinratio 0.0527 

ttH126_2e2mu_massZ2_genbin6_recobin0 acc 0.0322 eff 0.0 outinratio 0.058 

ggH126_2e2mu_massZ2_genbin7_recobin0 acc 0.0158 eff 0.0 outinratio 0.0147 

VBFH126_2e2mu_massZ2_genbin7_recobin0 acc 0.0167 eff 0.0 outinratio 0.0143 

WminusH126_2e2mu_massZ2_genbin7_recobin0 acc 0.013 eff 0.0 outinratio 0.0238 

WplusH126_2e2mu_massZ2_genbin7_recobin0 acc 0.0126 eff 0.0 outinratio 0.0297 

ZH126_2e2mu_massZ2_genbin7_recobin0 acc 0.0128 eff 0.0 outinratio 0.0527 

ttH126_2e2mu_massZ2_genbin7_recobin0 acc 0.0173 eff 0.0 outinratio 0.058 

ggH126_2e2mu_massZ2_genbin0_recobin1 acc 0.1072 eff 0.0099 outinratio 0.0093 

VBFH126_2e2mu_massZ2_genbin0_recobin1 acc 0.1221 eff 0.0081 outinratio 0.0 

WminusH126_2e2mu_massZ2_genbin0_recobin1 acc 0.1055 eff 0.008 outinratio 0.0177 

WplusH126_2e2mu_massZ2_genbin0_recobin1 acc 0.0893 eff 0.0109 outinratio 0.0245 

ZH126_2e2mu_massZ2_genbin0_recobin1 acc 0.0997 eff 0.0084 outinratio 0.0467 

ttH126_2e2mu_massZ2_genbin0_recobin1 acc 0.1235 eff 0.0072 outinratio 0.0435 

ggH126_2e2mu_massZ2_genbin1_recobin1 acc 0.0718 eff 0.4035 outinratio 0.0093 

VBFH126_2e2mu_massZ2_genbin1_recobin1 acc 0.0805 eff 0.4439 outinratio 0.0 

WminusH126_2e2mu_massZ2_genbin1_recobin1 acc 0.0685 eff 0.3875 outinratio 0.0177 

WplusH126_2e2mu_massZ2_genbin1_recobin1 acc 0.0591 eff 0.3848 outinratio 0.0245 

ZH126_2e2mu_massZ2_genbin1_recobin1 acc 0.0643 eff 0.4058 outinratio 0.0467 

ttH126_2e2mu_massZ2_genbin1_recobin1 acc 0.0795 eff 0.344 outinratio 0.0435 

ggH126_2e2mu_massZ2_genbin2_recobin1 acc 0.0434 eff 0.0757 outinratio 0.0093 

VBFH126_2e2mu_massZ2_genbin2_recobin1 acc 0.0413 eff 0.0423 outinratio 0.0 

WminusH126_2e2mu_massZ2_genbin2_recobin1 acc 0.0399 eff 0.0785 outinratio 0.0177 

WplusH126_2e2mu_massZ2_genbin2_recobin1 acc 0.0331 eff 0.0759 outinratio 0.0245 

ZH126_2e2mu_massZ2_genbin2_recobin1 acc 0.0359 eff 0.0791 outinratio 0.0467 

ttH126_2e2mu_massZ2_genbin2_recobin1 acc 0.0489 eff 0.0539 outinratio 0.0435 

ggH126_2e2mu_massZ2_genbin3_recobin1 acc 0.0866 eff 0.0083 outinratio 0.0093 

VBFH126_2e2mu_massZ2_genbin3_recobin1 acc 0.0894 eff 0.0021 outinratio 0.0 

WminusH126_2e2mu_massZ2_genbin3_recobin1 acc 0.0804 eff 0.0076 outinratio 0.0177 

WplusH126_2e2mu_massZ2_genbin3_recobin1 acc 0.0709 eff 0.0109 outinratio 0.0245 

ZH126_2e2mu_massZ2_genbin3_recobin1 acc 0.0757 eff 0.009 outinratio 0.0467 

ttH126_2e2mu_massZ2_genbin3_recobin1 acc 0.0967 eff 0.0026 outinratio 0.0435 

ggH126_2e2mu_massZ2_genbin4_recobin1 acc 0.0377 eff 0.0009 outinratio 0.0093 

VBFH126_2e2mu_massZ2_genbin4_recobin1 acc 0.0355 eff 0.0 outinratio 0.0 

WminusH126_2e2mu_massZ2_genbin4_recobin1 acc 0.0307 eff 0.0009 outinratio 0.0177 

WplusH126_2e2mu_massZ2_genbin4_recobin1 acc 0.0295 eff 0.0023 outinratio 0.0245 

ZH126_2e2mu_massZ2_genbin4_recobin1 acc 0.0324 eff 0.0008 outinratio 0.0467 

ttH126_2e2mu_massZ2_genbin4_recobin1 acc 0.0383 eff 0.0033 outinratio 0.0435 

ggH126_2e2mu_massZ2_genbin5_recobin1 acc 0.0457 eff 0.0001 outinratio 0.0093 

VBFH126_2e2mu_massZ2_genbin5_recobin1 acc 0.0467 eff 0.0 outinratio 0.0 

WminusH126_2e2mu_massZ2_genbin5_recobin1 acc 0.0367 eff 0.0013 outinratio 0.0177 

WplusH126_2e2mu_massZ2_genbin5_recobin1 acc 0.0351 eff 0.0008 outinratio 0.0245 

ZH126_2e2mu_massZ2_genbin5_recobin1 acc 0.0389 eff 0.0 outinratio 0.0467 

ttH126_2e2mu_massZ2_genbin5_recobin1 acc 0.0464 eff 0.0 outinratio 0.0435 

ggH126_2e2mu_massZ2_genbin6_recobin1 acc 0.0323 eff 0.0 outinratio 0.0093 

VBFH126_2e2mu_massZ2_genbin6_recobin1 acc 0.0345 eff 0.0 outinratio 0.0 

WminusH126_2e2mu_massZ2_genbin6_recobin1 acc 0.0295 eff 0.0 outinratio 0.0177 

WplusH126_2e2mu_massZ2_genbin6_recobin1 acc 0.0254 eff 0.0 outinratio 0.0245 

ZH126_2e2mu_massZ2_genbin6_recobin1 acc 0.0283 eff 0.0003 outinratio 0.0467 

ttH126_2e2mu_massZ2_genbin6_recobin1 acc 0.0322 eff 0.0 outinratio 0.0435 

ggH126_2e2mu_massZ2_genbin7_recobin1 acc 0.0158 eff 0.0 outinratio 0.0093 

VBFH126_2e2mu_massZ2_genbin7_recobin1 acc 0.0167 eff 0.0 outinratio 0.0 

WminusH126_2e2mu_massZ2_genbin7_recobin1 acc 0.013 eff 0.0 outinratio 0.0177 

WplusH126_2e2mu_massZ2_genbin7_recobin1 acc 0.0126 eff 0.0 outinratio 0.0245 

ZH126_2e2mu_massZ2_genbin7_recobin1 acc 0.0128 eff 0.0 outinratio 0.0467 

ttH126_2e2mu_massZ2_genbin7_recobin1 acc 0.0173 eff 0.0 outinratio 0.0435 

ggH126_2e2mu_massZ2_genbin0_recobin2 acc 0.1072 eff 0.0 outinratio 0.007 

VBFH126_2e2mu_massZ2_genbin0_recobin2 acc 0.1221 eff 0.0 outinratio 0.0154 

WminusH126_2e2mu_massZ2_genbin0_recobin2 acc 0.1055 eff 0.0001 outinratio 0.0187 

WplusH126_2e2mu_massZ2_genbin0_recobin2 acc 0.0893 eff 0.0 outinratio 0.0249 

ZH126_2e2mu_massZ2_genbin0_recobin2 acc 0.0997 eff 0.0005 outinratio 0.0516 

ttH126_2e2mu_massZ2_genbin0_recobin2 acc 0.1235 eff 0.0 outinratio 0.0367 

ggH126_2e2mu_massZ2_genbin1_recobin2 acc 0.0718 eff 0.0152 outinratio 0.007 

VBFH126_2e2mu_massZ2_genbin1_recobin2 acc 0.0805 eff 0.0349 outinratio 0.0154 

WminusH126_2e2mu_massZ2_genbin1_recobin2 acc 0.0685 eff 0.0195 outinratio 0.0187 

WplusH126_2e2mu_massZ2_genbin1_recobin2 acc 0.0591 eff 0.0194 outinratio 0.0249 

ZH126_2e2mu_massZ2_genbin1_recobin2 acc 0.0643 eff 0.0239 outinratio 0.0516 

ttH126_2e2mu_massZ2_genbin1_recobin2 acc 0.0795 eff 0.0168 outinratio 0.0367 

ggH126_2e2mu_massZ2_genbin2_recobin2 acc 0.0434 eff 0.3437 outinratio 0.007 

VBFH126_2e2mu_massZ2_genbin2_recobin2 acc 0.0413 eff 0.465 outinratio 0.0154 

WminusH126_2e2mu_massZ2_genbin2_recobin2 acc 0.0399 eff 0.3362 outinratio 0.0187 

WplusH126_2e2mu_massZ2_genbin2_recobin2 acc 0.0331 eff 0.2995 outinratio 0.0249 

ZH126_2e2mu_massZ2_genbin2_recobin2 acc 0.0359 eff 0.3291 outinratio 0.0516 

ttH126_2e2mu_massZ2_genbin2_recobin2 acc 0.0489 eff 0.2501 outinratio 0.0367 

ggH126_2e2mu_massZ2_genbin3_recobin2 acc 0.0866 eff 0.0431 outinratio 0.007 

VBFH126_2e2mu_massZ2_genbin3_recobin2 acc 0.0894 eff 0.0409 outinratio 0.0154 

WminusH126_2e2mu_massZ2_genbin3_recobin2 acc 0.0804 eff 0.0382 outinratio 0.0187 

WplusH126_2e2mu_massZ2_genbin3_recobin2 acc 0.0709 eff 0.0374 outinratio 0.0249 

ZH126_2e2mu_massZ2_genbin3_recobin2 acc 0.0757 eff 0.0406 outinratio 0.0516 

ttH126_2e2mu_massZ2_genbin3_recobin2 acc 0.0967 eff 0.0239 outinratio 0.0367 

ggH126_2e2mu_massZ2_genbin4_recobin2 acc 0.0377 eff 0.0054 outinratio 0.007 

VBFH126_2e2mu_massZ2_genbin4_recobin2 acc 0.0355 eff 0.0 outinratio 0.0154 

WminusH126_2e2mu_massZ2_genbin4_recobin2 acc 0.0307 eff 0.0039 outinratio 0.0187 

WplusH126_2e2mu_massZ2_genbin4_recobin2 acc 0.0295 eff 0.0075 outinratio 0.0249 

ZH126_2e2mu_massZ2_genbin4_recobin2 acc 0.0324 eff 0.0056 outinratio 0.0516 

ttH126_2e2mu_massZ2_genbin4_recobin2 acc 0.0383 eff 0.0053 outinratio 0.0367 

ggH126_2e2mu_massZ2_genbin5_recobin2 acc 0.0457 eff 0.0021 outinratio 0.007 

VBFH126_2e2mu_massZ2_genbin5_recobin2 acc 0.0467 eff 0.0 outinratio 0.0154 

WminusH126_2e2mu_massZ2_genbin5_recobin2 acc 0.0367 eff 0.0017 outinratio 0.0187 

WplusH126_2e2mu_massZ2_genbin5_recobin2 acc 0.0351 eff 0.003 outinratio 0.0249 

ZH126_2e2mu_massZ2_genbin5_recobin2 acc 0.0389 eff 0.0005 outinratio 0.0516 

ttH126_2e2mu_massZ2_genbin5_recobin2 acc 0.0464 eff 0.0 outinratio 0.0367 

ggH126_2e2mu_massZ2_genbin6_recobin2 acc 0.0323 eff 0.0004 outinratio 0.007 

VBFH126_2e2mu_massZ2_genbin6_recobin2 acc 0.0345 eff 0.0 outinratio 0.0154 

WminusH126_2e2mu_massZ2_genbin6_recobin2 acc 0.0295 eff 0.0 outinratio 0.0187 

WplusH126_2e2mu_massZ2_genbin6_recobin2 acc 0.0254 eff 0.0 outinratio 0.0249 

ZH126_2e2mu_massZ2_genbin6_recobin2 acc 0.0283 eff 0.0 outinratio 0.0516 

ttH126_2e2mu_massZ2_genbin6_recobin2 acc 0.0322 eff 0.0 outinratio 0.0367 

ggH126_2e2mu_massZ2_genbin7_recobin2 acc 0.0158 eff 0.0 outinratio 0.007 

VBFH126_2e2mu_massZ2_genbin7_recobin2 acc 0.0167 eff 0.0 outinratio 0.0154 

WminusH126_2e2mu_massZ2_genbin7_recobin2 acc 0.013 eff 0.0 outinratio 0.0187 

WplusH126_2e2mu_massZ2_genbin7_recobin2 acc 0.0126 eff 0.0 outinratio 0.0249 

ZH126_2e2mu_massZ2_genbin7_recobin2 acc 0.0128 eff 0.0 outinratio 0.0516 

ttH126_2e2mu_massZ2_genbin7_recobin2 acc 0.0173 eff 0.0 outinratio 0.0367 

ggH126_2e2mu_massZ2_genbin0_recobin3 acc 0.1072 eff 0.0002 outinratio 0.0049 

VBFH126_2e2mu_massZ2_genbin0_recobin3 acc 0.1221 eff 0.0 outinratio 0.0 

WminusH126_2e2mu_massZ2_genbin0_recobin3 acc 0.1055 eff 0.0001 outinratio 0.0138 

WplusH126_2e2mu_massZ2_genbin0_recobin3 acc 0.0893 eff 0.0001 outinratio 0.0202 

ZH126_2e2mu_massZ2_genbin0_recobin3 acc 0.0997 eff 0.0001 outinratio 0.046 

ttH126_2e2mu_massZ2_genbin0_recobin3 acc 0.1235 eff 0.001 outinratio 0.0448 

ggH126_2e2mu_massZ2_genbin1_recobin3 acc 0.0718 eff 0.0017 outinratio 0.0049 

VBFH126_2e2mu_massZ2_genbin1_recobin3 acc 0.0805 eff 0.0 outinratio 0.0 

WminusH126_2e2mu_massZ2_genbin1_recobin3 acc 0.0685 eff 0.0019 outinratio 0.0138 

WplusH126_2e2mu_massZ2_genbin1_recobin3 acc 0.0591 eff 0.0019 outinratio 0.0202 

ZH126_2e2mu_massZ2_genbin1_recobin3 acc 0.0643 eff 0.0018 outinratio 0.046 

ttH126_2e2mu_massZ2_genbin1_recobin3 acc 0.0795 eff -0.0006 outinratio 0.0448 

ggH126_2e2mu_massZ2_genbin2_recobin3 acc 0.0434 eff 0.0432 outinratio 0.0049 

VBFH126_2e2mu_massZ2_genbin2_recobin3 acc 0.0413 eff 0.0488 outinratio 0.0 

WminusH126_2e2mu_massZ2_genbin2_recobin3 acc 0.0399 eff 0.0312 outinratio 0.0138 

WplusH126_2e2mu_massZ2_genbin2_recobin3 acc 0.0331 eff 0.0459 outinratio 0.0202 

ZH126_2e2mu_massZ2_genbin2_recobin3 acc 0.0359 eff 0.0392 outinratio 0.046 

ttH126_2e2mu_massZ2_genbin2_recobin3 acc 0.0489 eff 0.018 outinratio 0.0448 

ggH126_2e2mu_massZ2_genbin3_recobin3 acc 0.0866 eff 0.4054 outinratio 0.0049 

VBFH126_2e2mu_massZ2_genbin3_recobin3 acc 0.0894 eff 0.4513 outinratio 0.0 

WminusH126_2e2mu_massZ2_genbin3_recobin3 acc 0.0804 eff 0.3869 outinratio 0.0138 

WplusH126_2e2mu_massZ2_genbin3_recobin3 acc 0.0709 eff 0.369 outinratio 0.0202 

ZH126_2e2mu_massZ2_genbin3_recobin3 acc 0.0757 eff 0.3983 outinratio 0.046 

ttH126_2e2mu_massZ2_genbin3_recobin3 acc 0.0967 eff 0.3468 outinratio 0.0448 

ggH126_2e2mu_massZ2_genbin4_recobin3 acc 0.0377 eff 0.1047 outinratio 0.0049 

VBFH126_2e2mu_massZ2_genbin4_recobin3 acc 0.0355 eff 0.1176 outinratio 0.0 

WminusH126_2e2mu_massZ2_genbin4_recobin3 acc 0.0307 eff 0.095 outinratio 0.0138 

WplusH126_2e2mu_massZ2_genbin4_recobin3 acc 0.0295 eff 0.0824 outinratio 0.0202 

ZH126_2e2mu_massZ2_genbin4_recobin3 acc 0.0324 eff 0.0985 outinratio 0.046 

ttH126_2e2mu_massZ2_genbin4_recobin3 acc 0.0383 eff 0.0885 outinratio 0.0448 

ggH126_2e2mu_massZ2_genbin5_recobin3 acc 0.0457 eff 0.0141 outinratio 0.0049 

VBFH126_2e2mu_massZ2_genbin5_recobin3 acc 0.0467 eff 0.0209 outinratio 0.0 

WminusH126_2e2mu_massZ2_genbin5_recobin3 acc 0.0367 eff 0.0136 outinratio 0.0138 

WplusH126_2e2mu_massZ2_genbin5_recobin3 acc 0.0351 eff 0.0118 outinratio 0.0202 

ZH126_2e2mu_massZ2_genbin5_recobin3 acc 0.0389 eff 0.0115 outinratio 0.046 

ttH126_2e2mu_massZ2_genbin5_recobin3 acc 0.0464 eff 0.0079 outinratio 0.0448 

ggH126_2e2mu_massZ2_genbin6_recobin3 acc 0.0323 eff 0.0012 outinratio 0.0049 

VBFH126_2e2mu_massZ2_genbin6_recobin3 acc 0.0345 eff 0.0 outinratio 0.0 

WminusH126_2e2mu_massZ2_genbin6_recobin3 acc 0.0295 eff 0.0011 outinratio 0.0138 

WplusH126_2e2mu_massZ2_genbin6_recobin3 acc 0.0254 eff 0.0014 outinratio 0.0202 

ZH126_2e2mu_massZ2_genbin6_recobin3 acc 0.0283 eff 0.0014 outinratio 0.046 

ttH126_2e2mu_massZ2_genbin6_recobin3 acc 0.0322 eff 0.0014 outinratio 0.0448 

ggH126_2e2mu_massZ2_genbin7_recobin3 acc 0.0158 eff 0.0 outinratio 0.0049 

VBFH126_2e2mu_massZ2_genbin7_recobin3 acc 0.0167 eff 0.0 outinratio 0.0 

WminusH126_2e2mu_massZ2_genbin7_recobin3 acc 0.013 eff 0.0 outinratio 0.0138 

WplusH126_2e2mu_massZ2_genbin7_recobin3 acc 0.0126 eff 0.0 outinratio 0.0202 

ZH126_2e2mu_massZ2_genbin7_recobin3 acc 0.0128 eff 0.0 outinratio 0.046 

ttH126_2e2mu_massZ2_genbin7_recobin3 acc 0.0173 eff 0.0 outinratio 0.0448 

ggH126_2e2mu_massZ2_genbin0_recobin4 acc 0.1072 eff 0.0 outinratio 0.0047 

VBFH126_2e2mu_massZ2_genbin0_recobin4 acc 0.1221 eff 0.0 outinratio 0.0 

WminusH126_2e2mu_massZ2_genbin0_recobin4 acc 0.1055 eff 0.0002 outinratio 0.0203 

WplusH126_2e2mu_massZ2_genbin0_recobin4 acc 0.0893 eff 0.0 outinratio 0.0146 

ZH126_2e2mu_massZ2_genbin0_recobin4 acc 0.0997 eff 0.0001 outinratio 0.0467 

ttH126_2e2mu_massZ2_genbin0_recobin4 acc 0.1235 eff 0.0 outinratio 0.0422 

ggH126_2e2mu_massZ2_genbin1_recobin4 acc 0.0718 eff 0.0001 outinratio 0.0047 

VBFH126_2e2mu_massZ2_genbin1_recobin4 acc 0.0805 eff 0.0 outinratio 0.0 

WminusH126_2e2mu_massZ2_genbin1_recobin4 acc 0.0685 eff 0.0003 outinratio 0.0203 

WplusH126_2e2mu_massZ2_genbin1_recobin4 acc 0.0591 eff 0.0 outinratio 0.0146 

ZH126_2e2mu_massZ2_genbin1_recobin4 acc 0.0643 eff 0.0008 outinratio 0.0467 

ttH126_2e2mu_massZ2_genbin1_recobin4 acc 0.0795 eff 0.0 outinratio 0.0422 

ggH126_2e2mu_massZ2_genbin2_recobin4 acc 0.0434 eff 0.0006 outinratio 0.0047 

VBFH126_2e2mu_massZ2_genbin2_recobin4 acc 0.0413 eff 0.0 outinratio 0.0 

WminusH126_2e2mu_massZ2_genbin2_recobin4 acc 0.0399 eff 0.0016 outinratio 0.0203 

WplusH126_2e2mu_massZ2_genbin2_recobin4 acc 0.0331 eff 0.0 outinratio 0.0146 

ZH126_2e2mu_massZ2_genbin2_recobin4 acc 0.0359 eff 0.0 outinratio 0.0467 

ttH126_2e2mu_massZ2_genbin2_recobin4 acc 0.0489 eff 0.0021 outinratio 0.0422 

ggH126_2e2mu_massZ2_genbin3_recobin4 acc 0.0866 eff 0.0213 outinratio 0.0047 

VBFH126_2e2mu_massZ2_genbin3_recobin4 acc 0.0894 eff 0.0186 outinratio 0.0 

WminusH126_2e2mu_massZ2_genbin3_recobin4 acc 0.0804 eff 0.0178 outinratio 0.0203 

WplusH126_2e2mu_massZ2_genbin3_recobin4 acc 0.0709 eff 0.0216 outinratio 0.0146 

ZH126_2e2mu_massZ2_genbin3_recobin4 acc 0.0757 eff 0.0191 outinratio 0.0467 

ttH126_2e2mu_massZ2_genbin3_recobin4 acc 0.0967 eff 0.0137 outinratio 0.0422 

ggH126_2e2mu_massZ2_genbin4_recobin4 acc 0.0377 eff 0.3327 outinratio 0.0047 

VBFH126_2e2mu_massZ2_genbin4_recobin4 acc 0.0355 eff 0.2745 outinratio 0.0 

WminusH126_2e2mu_massZ2_genbin4_recobin4 acc 0.0307 eff 0.3341 outinratio 0.0203 

WplusH126_2e2mu_massZ2_genbin4_recobin4 acc 0.0295 eff 0.3172 outinratio 0.0146 

ZH126_2e2mu_massZ2_genbin4_recobin4 acc 0.0324 eff 0.3377 outinratio 0.0467 

ttH126_2e2mu_massZ2_genbin4_recobin4 acc 0.0383 eff 0.2849 outinratio 0.0422 

ggH126_2e2mu_massZ2_genbin5_recobin4 acc 0.0457 eff 0.0603 outinratio 0.0047 

VBFH126_2e2mu_massZ2_genbin5_recobin4 acc 0.0467 eff 0.0562 outinratio 0.0 

WminusH126_2e2mu_massZ2_genbin5_recobin4 acc 0.0367 eff 0.049 outinratio 0.0203 

WplusH126_2e2mu_massZ2_genbin5_recobin4 acc 0.0351 eff 0.0502 outinratio 0.0146 

ZH126_2e2mu_massZ2_genbin5_recobin4 acc 0.0389 eff 0.0548 outinratio 0.0467 

ttH126_2e2mu_massZ2_genbin5_recobin4 acc 0.0464 eff 0.0448 outinratio 0.0422 

ggH126_2e2mu_massZ2_genbin6_recobin4 acc 0.0323 eff 0.0017 outinratio 0.0047 

VBFH126_2e2mu_massZ2_genbin6_recobin4 acc 0.0345 eff 0.0148 outinratio 0.0 

WminusH126_2e2mu_massZ2_genbin6_recobin4 acc 0.0295 eff 0.0016 outinratio 0.0203 

WplusH126_2e2mu_massZ2_genbin6_recobin4 acc 0.0254 eff 0.0018 outinratio 0.0146 

ZH126_2e2mu_massZ2_genbin6_recobin4 acc 0.0283 eff 0.0009 outinratio 0.0467 

ttH126_2e2mu_massZ2_genbin6_recobin4 acc 0.0322 eff 0.0041 outinratio 0.0422 

ggH126_2e2mu_massZ2_genbin7_recobin4 acc 0.0158 eff 0.0 outinratio 0.0047 

VBFH126_2e2mu_massZ2_genbin7_recobin4 acc 0.0167 eff 0.0 outinratio 0.0 

WminusH126_2e2mu_massZ2_genbin7_recobin4 acc 0.013 eff 0.0007 outinratio 0.0203 

WplusH126_2e2mu_massZ2_genbin7_recobin4 acc 0.0126 eff 0.0 outinratio 0.0146 

ZH126_2e2mu_massZ2_genbin7_recobin4 acc 0.0128 eff 0.0 outinratio 0.0467 

ttH126_2e2mu_massZ2_genbin7_recobin4 acc 0.0173 eff 0.0 outinratio 0.0422 

ggH126_2e2mu_massZ2_genbin0_recobin5 acc 0.1072 eff 0.0001 outinratio 0.006 

VBFH126_2e2mu_massZ2_genbin0_recobin5 acc 0.1221 eff 0.0037 outinratio 0.0 

WminusH126_2e2mu_massZ2_genbin0_recobin5 acc 0.1055 eff 0.0001 outinratio 0.0205 

WplusH126_2e2mu_massZ2_genbin0_recobin5 acc 0.0893 eff 0.0 outinratio 0.0208 

ZH126_2e2mu_massZ2_genbin0_recobin5 acc 0.0997 eff 0.0 outinratio 0.054 

ttH126_2e2mu_massZ2_genbin0_recobin5 acc 0.1235 eff 0.0 outinratio 0.0433 

ggH126_2e2mu_massZ2_genbin1_recobin5 acc 0.0718 eff 0.0004 outinratio 0.006 

VBFH126_2e2mu_massZ2_genbin1_recobin5 acc 0.0805 eff 0.0 outinratio 0.0 

WminusH126_2e2mu_massZ2_genbin1_recobin5 acc 0.0685 eff 0.0007 outinratio 0.0205 

WplusH126_2e2mu_massZ2_genbin1_recobin5 acc 0.0591 eff 0.0005 outinratio 0.0208 

ZH126_2e2mu_massZ2_genbin1_recobin5 acc 0.0643 eff 0.0001 outinratio 0.054 

ttH126_2e2mu_massZ2_genbin1_recobin5 acc 0.0795 eff 0.0 outinratio 0.0433 

ggH126_2e2mu_massZ2_genbin2_recobin5 acc 0.0434 eff 0.0005 outinratio 0.006 

VBFH126_2e2mu_massZ2_genbin2_recobin5 acc 0.0413 eff 0.0 outinratio 0.0 

WminusH126_2e2mu_massZ2_genbin2_recobin5 acc 0.0399 eff 0.001 outinratio 0.0205 

WplusH126_2e2mu_massZ2_genbin2_recobin5 acc 0.0331 eff 0.001 outinratio 0.0208 

ZH126_2e2mu_massZ2_genbin2_recobin5 acc 0.0359 eff 0.0004 outinratio 0.054 

ttH126_2e2mu_massZ2_genbin2_recobin5 acc 0.0489 eff 0.0013 outinratio 0.0433 

ggH126_2e2mu_massZ2_genbin3_recobin5 acc 0.0866 eff 0.0011 outinratio 0.006 

VBFH126_2e2mu_massZ2_genbin3_recobin5 acc 0.0894 eff 0.0054 outinratio 0.0 

WminusH126_2e2mu_massZ2_genbin3_recobin5 acc 0.0804 eff 0.0019 outinratio 0.0205 

WplusH126_2e2mu_massZ2_genbin3_recobin5 acc 0.0709 eff 0.0051 outinratio 0.0208 

ZH126_2e2mu_massZ2_genbin3_recobin5 acc 0.0757 eff 0.0029 outinratio 0.054 

ttH126_2e2mu_massZ2_genbin3_recobin5 acc 0.0967 eff 0.004 outinratio 0.0433 

ggH126_2e2mu_massZ2_genbin4_recobin5 acc 0.0377 eff 0.0426 outinratio 0.006 

VBFH126_2e2mu_massZ2_genbin4_recobin5 acc 0.0355 eff 0.0361 outinratio 0.0 

WminusH126_2e2mu_massZ2_genbin4_recobin5 acc 0.0307 eff 0.0344 outinratio 0.0205 

WplusH126_2e2mu_massZ2_genbin4_recobin5 acc 0.0295 eff 0.0452 outinratio 0.0208 

ZH126_2e2mu_massZ2_genbin4_recobin5 acc 0.0324 eff 0.0448 outinratio 0.054 

ttH126_2e2mu_massZ2_genbin4_recobin5 acc 0.0383 eff 0.0281 outinratio 0.0433 

ggH126_2e2mu_massZ2_genbin5_recobin5 acc 0.0457 eff 0.411 outinratio 0.006 

VBFH126_2e2mu_massZ2_genbin5_recobin5 acc 0.0467 eff 0.3888 outinratio 0.0 

WminusH126_2e2mu_massZ2_genbin5_recobin5 acc 0.0367 eff 0.3965 outinratio 0.0205 

WplusH126_2e2mu_massZ2_genbin5_recobin5 acc 0.0351 eff 0.3967 outinratio 0.0208 

ZH126_2e2mu_massZ2_genbin5_recobin5 acc 0.0389 eff 0.3985 outinratio 0.054 

ttH126_2e2mu_massZ2_genbin5_recobin5 acc 0.0464 eff 0.323 outinratio 0.0433 

ggH126_2e2mu_massZ2_genbin6_recobin5 acc 0.0323 eff 0.0415 outinratio 0.006 

VBFH126_2e2mu_massZ2_genbin6_recobin5 acc 0.0345 eff 0.0421 outinratio 0.0 

WminusH126_2e2mu_massZ2_genbin6_recobin5 acc 0.0295 eff 0.0362 outinratio 0.0205 

WplusH126_2e2mu_massZ2_genbin6_recobin5 acc 0.0254 eff 0.0325 outinratio 0.0208 

ZH126_2e2mu_massZ2_genbin6_recobin5 acc 0.0283 eff 0.042 outinratio 0.054 

ttH126_2e2mu_massZ2_genbin6_recobin5 acc 0.0322 eff 0.0275 outinratio 0.0433 

ggH126_2e2mu_massZ2_genbin7_recobin5 acc 0.0158 eff 0.0016 outinratio 0.006 

VBFH126_2e2mu_massZ2_genbin7_recobin5 acc 0.0167 eff 0.0 outinratio 0.0 

WminusH126_2e2mu_massZ2_genbin7_recobin5 acc 0.013 eff 0.0015 outinratio 0.0205 

WplusH126_2e2mu_massZ2_genbin7_recobin5 acc 0.0126 eff 0.0029 outinratio 0.0208 

ZH126_2e2mu_massZ2_genbin7_recobin5 acc 0.0128 eff 0.002 outinratio 0.054 

ttH126_2e2mu_massZ2_genbin7_recobin5 acc 0.0173 eff 0.0 outinratio 0.0433 

ggH126_2e2mu_massZ2_genbin0_recobin6 acc 0.1072 eff 0.0 outinratio 0.0032 

VBFH126_2e2mu_massZ2_genbin0_recobin6 acc 0.1221 eff 0.0 outinratio 0.0 

WminusH126_2e2mu_massZ2_genbin0_recobin6 acc 0.1055 eff 0.0 outinratio 0.0213 

WplusH126_2e2mu_massZ2_genbin0_recobin6 acc 0.0893 eff 0.0 outinratio 0.0168 

ZH126_2e2mu_massZ2_genbin0_recobin6 acc 0.0997 eff 0.0 outinratio 0.0479 

ttH126_2e2mu_massZ2_genbin0_recobin6 acc 0.1235 eff 0.0 outinratio 0.0235 

ggH126_2e2mu_massZ2_genbin1_recobin6 acc 0.0718 eff 0.0 outinratio 0.0032 

VBFH126_2e2mu_massZ2_genbin1_recobin6 acc 0.0805 eff 0.0 outinratio 0.0 

WminusH126_2e2mu_massZ2_genbin1_recobin6 acc 0.0685 eff 0.0001 outinratio 0.0213 

WplusH126_2e2mu_massZ2_genbin1_recobin6 acc 0.0591 eff 0.0004 outinratio 0.0168 

ZH126_2e2mu_massZ2_genbin1_recobin6 acc 0.0643 eff 0.0 outinratio 0.0479 

ttH126_2e2mu_massZ2_genbin1_recobin6 acc 0.0795 eff 0.0017 outinratio 0.0235 

ggH126_2e2mu_massZ2_genbin2_recobin6 acc 0.0434 eff 0.0003 outinratio 0.0032 

VBFH126_2e2mu_massZ2_genbin2_recobin6 acc 0.0413 eff 0.0 outinratio 0.0 

WminusH126_2e2mu_massZ2_genbin2_recobin6 acc 0.0399 eff 0.0013 outinratio 0.0213 

WplusH126_2e2mu_massZ2_genbin2_recobin6 acc 0.0331 eff 0.0 outinratio 0.0168 

ZH126_2e2mu_massZ2_genbin2_recobin6 acc 0.0359 eff 0.0003 outinratio 0.0479 

ttH126_2e2mu_massZ2_genbin2_recobin6 acc 0.0489 eff 0.0025 outinratio 0.0235 

ggH126_2e2mu_massZ2_genbin3_recobin6 acc 0.0866 eff 0.0001 outinratio 0.0032 

VBFH126_2e2mu_massZ2_genbin3_recobin6 acc 0.0894 eff 0.0 outinratio 0.0 

WminusH126_2e2mu_massZ2_genbin3_recobin6 acc 0.0804 eff 0.0004 outinratio 0.0213 

WplusH126_2e2mu_massZ2_genbin3_recobin6 acc 0.0709 eff 0.0005 outinratio 0.0168 

ZH126_2e2mu_massZ2_genbin3_recobin6 acc 0.0757 eff 0.0005 outinratio 0.0479 

ttH126_2e2mu_massZ2_genbin3_recobin6 acc 0.0967 eff 0.0022 outinratio 0.0235 

ggH126_2e2mu_massZ2_genbin4_recobin6 acc 0.0377 eff 0.0015 outinratio 0.0032 

VBFH126_2e2mu_massZ2_genbin4_recobin6 acc 0.0355 eff 0.0 outinratio 0.0 

WminusH126_2e2mu_massZ2_genbin4_recobin6 acc 0.0307 eff 0.0032 outinratio 0.0213 

WplusH126_2e2mu_massZ2_genbin4_recobin6 acc 0.0295 eff 0.0 outinratio 0.0168 

ZH126_2e2mu_massZ2_genbin4_recobin6 acc 0.0324 eff 0.001 outinratio 0.0479 

ttH126_2e2mu_massZ2_genbin4_recobin6 acc 0.0383 eff 0.0012 outinratio 0.0235 

ggH126_2e2mu_massZ2_genbin5_recobin6 acc 0.0457 eff 0.0127 outinratio 0.0032 

VBFH126_2e2mu_massZ2_genbin5_recobin6 acc 0.0467 eff 0.0193 outinratio 0.0 

WminusH126_2e2mu_massZ2_genbin5_recobin6 acc 0.0367 eff 0.0111 outinratio 0.0213 

WplusH126_2e2mu_massZ2_genbin5_recobin6 acc 0.0351 eff 0.0161 outinratio 0.0168 

ZH126_2e2mu_massZ2_genbin5_recobin6 acc 0.0389 eff 0.0138 outinratio 0.0479 

ttH126_2e2mu_massZ2_genbin5_recobin6 acc 0.0464 eff 0.0157 outinratio 0.0235 

ggH126_2e2mu_massZ2_genbin6_recobin6 acc 0.0323 eff 0.4777 outinratio 0.0032 

VBFH126_2e2mu_massZ2_genbin6_recobin6 acc 0.0345 eff 0.4877 outinratio 0.0 

WminusH126_2e2mu_massZ2_genbin6_recobin6 acc 0.0295 eff 0.4441 outinratio 0.0213 

WplusH126_2e2mu_massZ2_genbin6_recobin6 acc 0.0254 eff 0.4382 outinratio 0.0168 

ZH126_2e2mu_massZ2_genbin6_recobin6 acc 0.0283 eff 0.4564 outinratio 0.0479 

ttH126_2e2mu_massZ2_genbin6_recobin6 acc 0.0322 eff 0.3144 outinratio 0.0235 

ggH126_2e2mu_massZ2_genbin7_recobin6 acc 0.0158 eff 0.0598 outinratio 0.0032 

VBFH126_2e2mu_massZ2_genbin7_recobin6 acc 0.0167 eff 0.0309 outinratio 0.0 

WminusH126_2e2mu_massZ2_genbin7_recobin6 acc 0.013 eff 0.0684 outinratio 0.0213 

WplusH126_2e2mu_massZ2_genbin7_recobin6 acc 0.0126 eff 0.0721 outinratio 0.0168 

ZH126_2e2mu_massZ2_genbin7_recobin6 acc 0.0128 eff 0.0528 outinratio 0.0479 

ttH126_2e2mu_massZ2_genbin7_recobin6 acc 0.0173 eff 0.0584 outinratio 0.0235 

ggH126_2e2mu_massZ2_genbin0_recobin7 acc 0.1072 eff 0.0 outinratio 0.0078 

VBFH126_2e2mu_massZ2_genbin0_recobin7 acc 0.1221 eff 0.0 outinratio 0.0 

WminusH126_2e2mu_massZ2_genbin0_recobin7 acc 0.1055 eff 0.0 outinratio 0.0237 

WplusH126_2e2mu_massZ2_genbin0_recobin7 acc 0.0893 eff 0.0 outinratio 0.0368 

ZH126_2e2mu_massZ2_genbin0_recobin7 acc 0.0997 eff 0.0 outinratio 0.041 

ttH126_2e2mu_massZ2_genbin0_recobin7 acc 0.1235 eff 0.0 outinratio 0.0554 

ggH126_2e2mu_massZ2_genbin1_recobin7 acc 0.0718 eff 0.0 outinratio 0.0078 

VBFH126_2e2mu_massZ2_genbin1_recobin7 acc 0.0805 eff 0.0 outinratio 0.0 

WminusH126_2e2mu_massZ2_genbin1_recobin7 acc 0.0685 eff 0.0 outinratio 0.0237 

WplusH126_2e2mu_massZ2_genbin1_recobin7 acc 0.0591 eff 0.0 outinratio 0.0368 

ZH126_2e2mu_massZ2_genbin1_recobin7 acc 0.0643 eff 0.0 outinratio 0.041 

ttH126_2e2mu_massZ2_genbin1_recobin7 acc 0.0795 eff 0.0 outinratio 0.0554 

ggH126_2e2mu_massZ2_genbin2_recobin7 acc 0.0434 eff 0.0 outinratio 0.0078 

VBFH126_2e2mu_massZ2_genbin2_recobin7 acc 0.0413 eff 0.0 outinratio 0.0 

WminusH126_2e2mu_massZ2_genbin2_recobin7 acc 0.0399 eff 0.0 outinratio 0.0237 

WplusH126_2e2mu_massZ2_genbin2_recobin7 acc 0.0331 eff 0.0 outinratio 0.0368 

ZH126_2e2mu_massZ2_genbin2_recobin7 acc 0.0359 eff 0.0 outinratio 0.041 

ttH126_2e2mu_massZ2_genbin2_recobin7 acc 0.0489 eff 0.0 outinratio 0.0554 

ggH126_2e2mu_massZ2_genbin3_recobin7 acc 0.0866 eff 0.0 outinratio 0.0078 

VBFH126_2e2mu_massZ2_genbin3_recobin7 acc 0.0894 eff 0.0 outinratio 0.0 

WminusH126_2e2mu_massZ2_genbin3_recobin7 acc 0.0804 eff 0.0 outinratio 0.0237 

WplusH126_2e2mu_massZ2_genbin3_recobin7 acc 0.0709 eff 0.0 outinratio 0.0368 

ZH126_2e2mu_massZ2_genbin3_recobin7 acc 0.0757 eff 0.0 outinratio 0.041 

ttH126_2e2mu_massZ2_genbin3_recobin7 acc 0.0967 eff 0.0 outinratio 0.0554 

ggH126_2e2mu_massZ2_genbin4_recobin7 acc 0.0377 eff 0.0 outinratio 0.0078 

VBFH126_2e2mu_massZ2_genbin4_recobin7 acc 0.0355 eff 0.0 outinratio 0.0 

WminusH126_2e2mu_massZ2_genbin4_recobin7 acc 0.0307 eff 0.0 outinratio 0.0237 

WplusH126_2e2mu_massZ2_genbin4_recobin7 acc 0.0295 eff 0.0 outinratio 0.0368 

ZH126_2e2mu_massZ2_genbin4_recobin7 acc 0.0324 eff 0.0 outinratio 0.041 

ttH126_2e2mu_massZ2_genbin4_recobin7 acc 0.0383 eff 0.0 outinratio 0.0554 

ggH126_2e2mu_massZ2_genbin5_recobin7 acc 0.0457 eff 0.0001 outinratio 0.0078 

VBFH126_2e2mu_massZ2_genbin5_recobin7 acc 0.0467 eff 0.0 outinratio 0.0 

WminusH126_2e2mu_massZ2_genbin5_recobin7 acc 0.0367 eff 0.0 outinratio 0.0237 

WplusH126_2e2mu_massZ2_genbin5_recobin7 acc 0.0351 eff 0.0 outinratio 0.0368 

ZH126_2e2mu_massZ2_genbin5_recobin7 acc 0.0389 eff 0.0013 outinratio 0.041 

ttH126_2e2mu_massZ2_genbin5_recobin7 acc 0.0464 eff 0.0 outinratio 0.0554 

ggH126_2e2mu_massZ2_genbin6_recobin7 acc 0.0323 eff 0.0175 outinratio 0.0078 

VBFH126_2e2mu_massZ2_genbin6_recobin7 acc 0.0345 eff 0.0271 outinratio 0.0 

WminusH126_2e2mu_massZ2_genbin6_recobin7 acc 0.0295 eff 0.0095 outinratio 0.0237 

WplusH126_2e2mu_massZ2_genbin6_recobin7 acc 0.0254 eff 0.0142 outinratio 0.0368 

ZH126_2e2mu_massZ2_genbin6_recobin7 acc 0.0283 eff 0.0092 outinratio 0.041 

ttH126_2e2mu_massZ2_genbin6_recobin7 acc 0.0322 eff 0.0111 outinratio 0.0554 

ggH126_2e2mu_massZ2_genbin7_recobin7 acc 0.0158 eff 0.5001 outinratio 0.0078 

VBFH126_2e2mu_massZ2_genbin7_recobin7 acc 0.0167 eff 0.5 outinratio 0.0 

WminusH126_2e2mu_massZ2_genbin7_recobin7 acc 0.013 eff 0.4374 outinratio 0.0237 

WplusH126_2e2mu_massZ2_genbin7_recobin7 acc 0.0126 eff 0.4829 outinratio 0.0368 

ZH126_2e2mu_massZ2_genbin7_recobin7 acc 0.0128 eff 0.4614 outinratio 0.041 

ttH126_2e2mu_massZ2_genbin7_recobin7 acc 0.0173 eff 0.406 outinratio 0.0554 

Coeff fullNNLOPS
