Welcome in RunCoefficients!
OPT SPLIT
DEBUG opt.YEAR = 2022_3
It is a single-differential measurement, binning [-3.14159265359, -2.35619449019, -1.57079632679, -0.785398163397, 0.0, 0.785398163397, 1.57079632679, 2.35619449019, 3.14159265359]
Phi
Following observables extracted from dictionary: RECO =  Phi  GEN =  GENPhi
LUMI: 1.9951
ttH126 0.00016778593
Processing ggH126 2022_3
Signal created
Signal failed created
Processing VBFH126 2022_3
Signal created
Signal failed created
Processing WminusH126 2022_3
Signal created
Signal failed created
Processing WplusH126 2022_3
Signal created
Signal failed created
Processing ZH126 2022_3
Signal created
Signal failed created
Processing ttH126 2022_3
Signal created
Signal failed created
2022_3 SKIMMED df CREATED
2022_3 ggH126
2022_3 VBFH126
2022_3 WminusH126
2022_3 WplusH126
2022_3 ZH126
2022_3 ttH126
Dataframes created successfully
Coeff std
ggH126_4l_phi_genbin0_recobin0 acc 0.0623 eff 0.4932 outinratio 0.0141 

VBFH126_4l_phi_genbin0_recobin0 acc 0.065 eff 0.4957 outinratio 0.0106 

WminusH126_4l_phi_genbin0_recobin0 acc 0.0587 eff 0.4656 outinratio 0.0223 

WplusH126_4l_phi_genbin0_recobin0 acc 0.0515 eff 0.4537 outinratio 0.0173 

ZH126_4l_phi_genbin0_recobin0 acc 0.0526 eff 0.4526 outinratio 0.0527 

ttH126_4l_phi_genbin0_recobin0 acc 0.068 eff 0.3442 outinratio 0.0619 

ggH126_4l_phi_genbin1_recobin0 acc 0.0522 eff 0.0071 outinratio 0.0141 

VBFH126_4l_phi_genbin1_recobin0 acc 0.0564 eff 0.0074 outinratio 0.0106 

WminusH126_4l_phi_genbin1_recobin0 acc 0.0516 eff 0.0081 outinratio 0.0223 

WplusH126_4l_phi_genbin1_recobin0 acc 0.043 eff 0.0066 outinratio 0.0173 

ZH126_4l_phi_genbin1_recobin0 acc 0.0492 eff 0.0092 outinratio 0.0527 

ttH126_4l_phi_genbin1_recobin0 acc 0.0596 eff 0.0078 outinratio 0.0619 

ggH126_4l_phi_genbin2_recobin0 acc 0.0493 eff 0.0 outinratio 0.0141 

VBFH126_4l_phi_genbin2_recobin0 acc 0.052 eff 0.0 outinratio 0.0106 

WminusH126_4l_phi_genbin2_recobin0 acc 0.0447 eff 0.0 outinratio 0.0223 

WplusH126_4l_phi_genbin2_recobin0 acc 0.0404 eff 0.0 outinratio 0.0173 

ZH126_4l_phi_genbin2_recobin0 acc 0.0448 eff 0.0 outinratio 0.0527 

ttH126_4l_phi_genbin2_recobin0 acc 0.0491 eff 0.0 outinratio 0.0619 

ggH126_4l_phi_genbin3_recobin0 acc 0.0572 eff 0.0007 outinratio 0.0141 

VBFH126_4l_phi_genbin3_recobin0 acc 0.0593 eff 0.0037 outinratio 0.0106 

WminusH126_4l_phi_genbin3_recobin0 acc 0.0519 eff 0.0 outinratio 0.0223 

WplusH126_4l_phi_genbin3_recobin0 acc 0.0459 eff 0.0 outinratio 0.0173 

ZH126_4l_phi_genbin3_recobin0 acc 0.0472 eff 0.0008 outinratio 0.0527 

ttH126_4l_phi_genbin3_recobin0 acc 0.0604 eff 0.0 outinratio 0.0619 

ggH126_4l_phi_genbin4_recobin0 acc 0.0581 eff 0.0004 outinratio 0.0141 

VBFH126_4l_phi_genbin4_recobin0 acc 0.0611 eff 0.0 outinratio 0.0106 

WminusH126_4l_phi_genbin4_recobin0 acc 0.0537 eff 0.0007 outinratio 0.0223 

WplusH126_4l_phi_genbin4_recobin0 acc 0.0473 eff 0.0 outinratio 0.0173 

ZH126_4l_phi_genbin4_recobin0 acc 0.0517 eff 0.0008 outinratio 0.0527 

ttH126_4l_phi_genbin4_recobin0 acc 0.0614 eff 0.0 outinratio 0.0619 

ggH126_4l_phi_genbin5_recobin0 acc 0.0498 eff 0.0 outinratio 0.0141 

VBFH126_4l_phi_genbin5_recobin0 acc 0.0591 eff 0.0 outinratio 0.0106 

WminusH126_4l_phi_genbin5_recobin0 acc 0.0444 eff 0.0 outinratio 0.0223 

WplusH126_4l_phi_genbin5_recobin0 acc 0.0412 eff 0.0 outinratio 0.0173 

ZH126_4l_phi_genbin5_recobin0 acc 0.044 eff 0.0 outinratio 0.0527 

ttH126_4l_phi_genbin5_recobin0 acc 0.0528 eff 0.0 outinratio 0.0619 

ggH126_4l_phi_genbin6_recobin0 acc 0.0546 eff 0.0004 outinratio 0.0141 

VBFH126_4l_phi_genbin6_recobin0 acc 0.0579 eff 0.0 outinratio 0.0106 

WminusH126_4l_phi_genbin6_recobin0 acc 0.0503 eff 0.0016 outinratio 0.0223 

WplusH126_4l_phi_genbin6_recobin0 acc 0.044 eff 0.0 outinratio 0.0173 

ZH126_4l_phi_genbin6_recobin0 acc 0.0463 eff 0.0 outinratio 0.0527 

ttH126_4l_phi_genbin6_recobin0 acc 0.0593 eff 0.0 outinratio 0.0619 

ggH126_4l_phi_genbin7_recobin0 acc 0.0623 eff 0.0002 outinratio 0.0141 

VBFH126_4l_phi_genbin7_recobin0 acc 0.0674 eff 0.0 outinratio 0.0106 

WminusH126_4l_phi_genbin7_recobin0 acc 0.0569 eff 0.0019 outinratio 0.0223 

WplusH126_4l_phi_genbin7_recobin0 acc 0.054 eff 0.0026 outinratio 0.0173 

ZH126_4l_phi_genbin7_recobin0 acc 0.0543 eff 0.0017 outinratio 0.0527 

ttH126_4l_phi_genbin7_recobin0 acc 0.0682 eff 0.0 outinratio 0.0619 

ggH126_4l_phi_genbin0_recobin1 acc 0.0623 eff 0.0055 outinratio 0.012 

VBFH126_4l_phi_genbin0_recobin1 acc 0.065 eff 0.0066 outinratio 0.0042 

WminusH126_4l_phi_genbin0_recobin1 acc 0.0587 eff 0.0059 outinratio 0.0205 

WplusH126_4l_phi_genbin0_recobin1 acc 0.0515 eff 0.007 outinratio 0.0176 

ZH126_4l_phi_genbin0_recobin1 acc 0.0526 eff 0.0062 outinratio 0.0427 

ttH126_4l_phi_genbin0_recobin1 acc 0.068 eff 0.0022 outinratio 0.0303 

ggH126_4l_phi_genbin1_recobin1 acc 0.0522 eff 0.4778 outinratio 0.012 

VBFH126_4l_phi_genbin1_recobin1 acc 0.0564 eff 0.5232 outinratio 0.0042 

WminusH126_4l_phi_genbin1_recobin1 acc 0.0516 eff 0.4438 outinratio 0.0205 

WplusH126_4l_phi_genbin1_recobin1 acc 0.043 eff 0.4626 outinratio 0.0176 

ZH126_4l_phi_genbin1_recobin1 acc 0.0492 eff 0.4485 outinratio 0.0427 

ttH126_4l_phi_genbin1_recobin1 acc 0.0596 eff 0.3863 outinratio 0.0303 

ggH126_4l_phi_genbin2_recobin1 acc 0.0493 eff 0.0094 outinratio 0.012 

VBFH126_4l_phi_genbin2_recobin1 acc 0.052 eff 0.0122 outinratio 0.0042 

WminusH126_4l_phi_genbin2_recobin1 acc 0.0447 eff 0.005 outinratio 0.0205 

WplusH126_4l_phi_genbin2_recobin1 acc 0.0404 eff 0.007 outinratio 0.0176 

ZH126_4l_phi_genbin2_recobin1 acc 0.0448 eff 0.0094 outinratio 0.0427 

ttH126_4l_phi_genbin2_recobin1 acc 0.0491 eff 0.0028 outinratio 0.0303 

ggH126_4l_phi_genbin3_recobin1 acc 0.0572 eff 0.0 outinratio 0.012 

VBFH126_4l_phi_genbin3_recobin1 acc 0.0593 eff 0.0 outinratio 0.0042 

WminusH126_4l_phi_genbin3_recobin1 acc 0.0519 eff 0.0 outinratio 0.0205 

WplusH126_4l_phi_genbin3_recobin1 acc 0.0459 eff 0.0003 outinratio 0.0176 

ZH126_4l_phi_genbin3_recobin1 acc 0.0472 eff 0.0 outinratio 0.0427 

ttH126_4l_phi_genbin3_recobin1 acc 0.0604 eff 0.0 outinratio 0.0303 

ggH126_4l_phi_genbin4_recobin1 acc 0.0581 eff 0.0 outinratio 0.012 

VBFH126_4l_phi_genbin4_recobin1 acc 0.0611 eff 0.0 outinratio 0.0042 

WminusH126_4l_phi_genbin4_recobin1 acc 0.0537 eff 0.0013 outinratio 0.0205 

WplusH126_4l_phi_genbin4_recobin1 acc 0.0473 eff 0.0015 outinratio 0.0176 

ZH126_4l_phi_genbin4_recobin1 acc 0.0517 eff 0.0007 outinratio 0.0427 

ttH126_4l_phi_genbin4_recobin1 acc 0.0614 eff 0.0 outinratio 0.0303 

ggH126_4l_phi_genbin5_recobin1 acc 0.0498 eff 0.0 outinratio 0.012 

VBFH126_4l_phi_genbin5_recobin1 acc 0.0591 eff 0.0 outinratio 0.0042 

WminusH126_4l_phi_genbin5_recobin1 acc 0.0444 eff 0.0005 outinratio 0.0205 

WplusH126_4l_phi_genbin5_recobin1 acc 0.0412 eff 0.0016 outinratio 0.0176 

ZH126_4l_phi_genbin5_recobin1 acc 0.044 eff 0.0009 outinratio 0.0427 

ttH126_4l_phi_genbin5_recobin1 acc 0.0528 eff 0.0 outinratio 0.0303 

ggH126_4l_phi_genbin6_recobin1 acc 0.0546 eff 0.0018 outinratio 0.012 

VBFH126_4l_phi_genbin6_recobin1 acc 0.0579 eff 0.004 outinratio 0.0042 

WminusH126_4l_phi_genbin6_recobin1 acc 0.0503 eff 0.0 outinratio 0.0205 

WplusH126_4l_phi_genbin6_recobin1 acc 0.044 eff 0.0005 outinratio 0.0176 

ZH126_4l_phi_genbin6_recobin1 acc 0.0463 eff 0.0012 outinratio 0.0427 

ttH126_4l_phi_genbin6_recobin1 acc 0.0593 eff 0.0 outinratio 0.0303 

ggH126_4l_phi_genbin7_recobin1 acc 0.0623 eff 0.0 outinratio 0.012 

VBFH126_4l_phi_genbin7_recobin1 acc 0.0674 eff 0.0 outinratio 0.0042 

WminusH126_4l_phi_genbin7_recobin1 acc 0.0569 eff 0.0 outinratio 0.0205 

WplusH126_4l_phi_genbin7_recobin1 acc 0.054 eff 0.0 outinratio 0.0176 

ZH126_4l_phi_genbin7_recobin1 acc 0.0543 eff 0.0003 outinratio 0.0427 

ttH126_4l_phi_genbin7_recobin1 acc 0.0682 eff 0.0 outinratio 0.0303 

ggH126_4l_phi_genbin0_recobin2 acc 0.0623 eff 0.0006 outinratio 0.0035 

VBFH126_4l_phi_genbin0_recobin2 acc 0.065 eff 0.0 outinratio 0.0063 

WminusH126_4l_phi_genbin0_recobin2 acc 0.0587 eff 0.0006 outinratio 0.0228 

WplusH126_4l_phi_genbin0_recobin2 acc 0.0515 eff 0.0 outinratio 0.0253 

ZH126_4l_phi_genbin0_recobin2 acc 0.0526 eff 0.0 outinratio 0.0433 

ttH126_4l_phi_genbin0_recobin2 acc 0.068 eff 0.0 outinratio 0.0544 

ggH126_4l_phi_genbin1_recobin2 acc 0.0522 eff 0.0068 outinratio 0.0035 

VBFH126_4l_phi_genbin1_recobin2 acc 0.0564 eff 0.0082 outinratio 0.0063 

WminusH126_4l_phi_genbin1_recobin2 acc 0.0516 eff 0.0085 outinratio 0.0228 

WplusH126_4l_phi_genbin1_recobin2 acc 0.043 eff 0.0045 outinratio 0.0253 

ZH126_4l_phi_genbin1_recobin2 acc 0.0492 eff 0.0041 outinratio 0.0433 

ttH126_4l_phi_genbin1_recobin2 acc 0.0596 eff 0.0089 outinratio 0.0544 

ggH126_4l_phi_genbin2_recobin2 acc 0.0493 eff 0.4861 outinratio 0.0035 

VBFH126_4l_phi_genbin2_recobin2 acc 0.052 eff 0.5413 outinratio 0.0063 

WminusH126_4l_phi_genbin2_recobin2 acc 0.0447 eff 0.4613 outinratio 0.0228 

WplusH126_4l_phi_genbin2_recobin2 acc 0.0404 eff 0.4336 outinratio 0.0253 

ZH126_4l_phi_genbin2_recobin2 acc 0.0448 eff 0.4869 outinratio 0.0433 

ttH126_4l_phi_genbin2_recobin2 acc 0.0491 eff 0.3284 outinratio 0.0544 

ggH126_4l_phi_genbin3_recobin2 acc 0.0572 eff 0.0054 outinratio 0.0035 

VBFH126_4l_phi_genbin3_recobin2 acc 0.0593 eff 0.0045 outinratio 0.0063 

WminusH126_4l_phi_genbin3_recobin2 acc 0.0519 eff 0.0049 outinratio 0.0228 

WplusH126_4l_phi_genbin3_recobin2 acc 0.0459 eff 0.008 outinratio 0.0253 

ZH126_4l_phi_genbin3_recobin2 acc 0.0472 eff 0.009 outinratio 0.0433 

ttH126_4l_phi_genbin3_recobin2 acc 0.0604 eff 0.0031 outinratio 0.0544 

ggH126_4l_phi_genbin4_recobin2 acc 0.0581 eff 0.0009 outinratio 0.0035 

VBFH126_4l_phi_genbin4_recobin2 acc 0.0611 eff 0.0 outinratio 0.0063 

WminusH126_4l_phi_genbin4_recobin2 acc 0.0537 eff 0.0013 outinratio 0.0228 

WplusH126_4l_phi_genbin4_recobin2 acc 0.0473 eff 0.0007 outinratio 0.0253 

ZH126_4l_phi_genbin4_recobin2 acc 0.0517 eff 0.0 outinratio 0.0433 

ttH126_4l_phi_genbin4_recobin2 acc 0.0614 eff 0.0 outinratio 0.0544 

ggH126_4l_phi_genbin5_recobin2 acc 0.0498 eff 0.0012 outinratio 0.0035 

VBFH126_4l_phi_genbin5_recobin2 acc 0.0591 eff 0.0 outinratio 0.0063 

WminusH126_4l_phi_genbin5_recobin2 acc 0.0444 eff 0.0016 outinratio 0.0228 

WplusH126_4l_phi_genbin5_recobin2 acc 0.0412 eff 0.0003 outinratio 0.0253 

ZH126_4l_phi_genbin5_recobin2 acc 0.044 eff 0.0016 outinratio 0.0433 

ttH126_4l_phi_genbin5_recobin2 acc 0.0528 eff 0.0 outinratio 0.0544 

ggH126_4l_phi_genbin6_recobin2 acc 0.0546 eff 0.0 outinratio 0.0035 

VBFH126_4l_phi_genbin6_recobin2 acc 0.0579 eff 0.0 outinratio 0.0063 

WminusH126_4l_phi_genbin6_recobin2 acc 0.0503 eff 0.0005 outinratio 0.0228 

WplusH126_4l_phi_genbin6_recobin2 acc 0.044 eff 0.0 outinratio 0.0253 

ZH126_4l_phi_genbin6_recobin2 acc 0.0463 eff 0.0019 outinratio 0.0433 

ttH126_4l_phi_genbin6_recobin2 acc 0.0593 eff 0.0 outinratio 0.0544 

ggH126_4l_phi_genbin7_recobin2 acc 0.0623 eff 0.0 outinratio 0.0035 

VBFH126_4l_phi_genbin7_recobin2 acc 0.0674 eff 0.0 outinratio 0.0063 

WminusH126_4l_phi_genbin7_recobin2 acc 0.0569 eff 0.0 outinratio 0.0228 

WplusH126_4l_phi_genbin7_recobin2 acc 0.054 eff 0.0 outinratio 0.0253 

ZH126_4l_phi_genbin7_recobin2 acc 0.0543 eff 0.0 outinratio 0.0433 

ttH126_4l_phi_genbin7_recobin2 acc 0.0682 eff 0.0 outinratio 0.0544 

ggH126_4l_phi_genbin0_recobin3 acc 0.0623 eff 0.0 outinratio 0.0082 

VBFH126_4l_phi_genbin0_recobin3 acc 0.065 eff 0.0 outinratio 0.0032 

WminusH126_4l_phi_genbin0_recobin3 acc 0.0587 eff 0.0 outinratio 0.0294 

WplusH126_4l_phi_genbin0_recobin3 acc 0.0515 eff 0.0 outinratio 0.0175 

ZH126_4l_phi_genbin0_recobin3 acc 0.0526 eff 0.0 outinratio 0.0544 

ttH126_4l_phi_genbin0_recobin3 acc 0.068 eff 0.0047 outinratio 0.0375 

ggH126_4l_phi_genbin1_recobin3 acc 0.0522 eff 0.001 outinratio 0.0082 

VBFH126_4l_phi_genbin1_recobin3 acc 0.0564 eff 0.0 outinratio 0.0032 

WminusH126_4l_phi_genbin1_recobin3 acc 0.0516 eff 0.0 outinratio 0.0294 

WplusH126_4l_phi_genbin1_recobin3 acc 0.043 eff 0.0 outinratio 0.0175 

ZH126_4l_phi_genbin1_recobin3 acc 0.0492 eff 0.0003 outinratio 0.0544 

ttH126_4l_phi_genbin1_recobin3 acc 0.0596 eff 0.0 outinratio 0.0375 

ggH126_4l_phi_genbin2_recobin3 acc 0.0493 eff 0.0071 outinratio 0.0082 

VBFH126_4l_phi_genbin2_recobin3 acc 0.052 eff 0.0056 outinratio 0.0032 

WminusH126_4l_phi_genbin2_recobin3 acc 0.0447 eff 0.006 outinratio 0.0294 

WplusH126_4l_phi_genbin2_recobin3 acc 0.0404 eff 0.0047 outinratio 0.0175 

ZH126_4l_phi_genbin2_recobin3 acc 0.0448 eff 0.0056 outinratio 0.0544 

ttH126_4l_phi_genbin2_recobin3 acc 0.0491 eff 0.0033 outinratio 0.0375 

ggH126_4l_phi_genbin3_recobin3 acc 0.0572 eff 0.4613 outinratio 0.0082 

VBFH126_4l_phi_genbin3_recobin3 acc 0.0593 eff 0.4682 outinratio 0.0032 

WminusH126_4l_phi_genbin3_recobin3 acc 0.0519 eff 0.4463 outinratio 0.0294 

WplusH126_4l_phi_genbin3_recobin3 acc 0.0459 eff 0.4546 outinratio 0.0175 

ZH126_4l_phi_genbin3_recobin3 acc 0.0472 eff 0.469 outinratio 0.0544 

ttH126_4l_phi_genbin3_recobin3 acc 0.0604 eff 0.3874 outinratio 0.0375 

ggH126_4l_phi_genbin4_recobin3 acc 0.0581 eff 0.0014 outinratio 0.0082 

VBFH126_4l_phi_genbin4_recobin3 acc 0.0611 eff 0.0 outinratio 0.0032 

WminusH126_4l_phi_genbin4_recobin3 acc 0.0537 eff 0.0011 outinratio 0.0294 

WplusH126_4l_phi_genbin4_recobin3 acc 0.0473 eff 0.0029 outinratio 0.0175 

ZH126_4l_phi_genbin4_recobin3 acc 0.0517 eff 0.0017 outinratio 0.0544 

ttH126_4l_phi_genbin4_recobin3 acc 0.0614 eff 0.0 outinratio 0.0375 

ggH126_4l_phi_genbin5_recobin3 acc 0.0498 eff 0.0 outinratio 0.0082 

VBFH126_4l_phi_genbin5_recobin3 acc 0.0591 eff 0.0 outinratio 0.0032 

WminusH126_4l_phi_genbin5_recobin3 acc 0.0444 eff 0.0 outinratio 0.0294 

WplusH126_4l_phi_genbin5_recobin3 acc 0.0412 eff 0.0 outinratio 0.0175 

ZH126_4l_phi_genbin5_recobin3 acc 0.044 eff 0.0 outinratio 0.0544 

ttH126_4l_phi_genbin5_recobin3 acc 0.0528 eff 0.002 outinratio 0.0375 

ggH126_4l_phi_genbin6_recobin3 acc 0.0546 eff 0.0004 outinratio 0.0082 

VBFH126_4l_phi_genbin6_recobin3 acc 0.0579 eff 0.0 outinratio 0.0032 

WminusH126_4l_phi_genbin6_recobin3 acc 0.0503 eff 0.0 outinratio 0.0294 

WplusH126_4l_phi_genbin6_recobin3 acc 0.044 eff 0.0 outinratio 0.0175 

ZH126_4l_phi_genbin6_recobin3 acc 0.0463 eff 0.0 outinratio 0.0544 

ttH126_4l_phi_genbin6_recobin3 acc 0.0593 eff 0.0 outinratio 0.0375 

ggH126_4l_phi_genbin7_recobin3 acc 0.0623 eff 0.0001 outinratio 0.0082 

VBFH126_4l_phi_genbin7_recobin3 acc 0.0674 eff 0.0 outinratio 0.0032 

WminusH126_4l_phi_genbin7_recobin3 acc 0.0569 eff 0.0 outinratio 0.0294 

WplusH126_4l_phi_genbin7_recobin3 acc 0.054 eff 0.0 outinratio 0.0175 

ZH126_4l_phi_genbin7_recobin3 acc 0.0543 eff 0.0007 outinratio 0.0544 

ttH126_4l_phi_genbin7_recobin3 acc 0.0682 eff 0.0 outinratio 0.0375 

ggH126_4l_phi_genbin0_recobin4 acc 0.0623 eff 0.0001 outinratio 0.0082 

VBFH126_4l_phi_genbin0_recobin4 acc 0.065 eff 0.0 outinratio 0.006 

WminusH126_4l_phi_genbin0_recobin4 acc 0.0587 eff 0.0 outinratio 0.0158 

WplusH126_4l_phi_genbin0_recobin4 acc 0.0515 eff 0.0 outinratio 0.0231 

ZH126_4l_phi_genbin0_recobin4 acc 0.0526 eff 0.0008 outinratio 0.0557 

ttH126_4l_phi_genbin0_recobin4 acc 0.068 eff 0.0 outinratio 0.0812 

ggH126_4l_phi_genbin1_recobin4 acc 0.0522 eff 0.0006 outinratio 0.0082 

VBFH126_4l_phi_genbin1_recobin4 acc 0.0564 eff 0.0 outinratio 0.006 

WminusH126_4l_phi_genbin1_recobin4 acc 0.0516 eff 0.0 outinratio 0.0158 

WplusH126_4l_phi_genbin1_recobin4 acc 0.043 eff 0.0011 outinratio 0.0231 

ZH126_4l_phi_genbin1_recobin4 acc 0.0492 eff 0.0 outinratio 0.0557 

ttH126_4l_phi_genbin1_recobin4 acc 0.0596 eff 0.0025 outinratio 0.0812 

ggH126_4l_phi_genbin2_recobin4 acc 0.0493 eff 0.0 outinratio 0.0082 

VBFH126_4l_phi_genbin2_recobin4 acc 0.052 eff 0.0032 outinratio 0.006 

WminusH126_4l_phi_genbin2_recobin4 acc 0.0447 eff 0.0 outinratio 0.0158 

WplusH126_4l_phi_genbin2_recobin4 acc 0.0404 eff 0.0028 outinratio 0.0231 

ZH126_4l_phi_genbin2_recobin4 acc 0.0448 eff 0.0 outinratio 0.0557 

ttH126_4l_phi_genbin2_recobin4 acc 0.0491 eff 0.0 outinratio 0.0812 

ggH126_4l_phi_genbin3_recobin4 acc 0.0572 eff 0.0038 outinratio 0.0082 

VBFH126_4l_phi_genbin3_recobin4 acc 0.0593 eff 0.0045 outinratio 0.006 

WminusH126_4l_phi_genbin3_recobin4 acc 0.0519 eff 0.0019 outinratio 0.0158 

WplusH126_4l_phi_genbin3_recobin4 acc 0.0459 eff 0.0022 outinratio 0.0231 

ZH126_4l_phi_genbin3_recobin4 acc 0.0472 eff 0.002 outinratio 0.0557 

ttH126_4l_phi_genbin3_recobin4 acc 0.0604 eff 0.0009 outinratio 0.0812 

ggH126_4l_phi_genbin4_recobin4 acc 0.0581 eff 0.4924 outinratio 0.0082 

VBFH126_4l_phi_genbin4_recobin4 acc 0.0611 eff 0.4546 outinratio 0.006 

WminusH126_4l_phi_genbin4_recobin4 acc 0.0537 eff 0.47 outinratio 0.0158 

WplusH126_4l_phi_genbin4_recobin4 acc 0.0473 eff 0.4499 outinratio 0.0231 

ZH126_4l_phi_genbin4_recobin4 acc 0.0517 eff 0.4395 outinratio 0.0557 

ttH126_4l_phi_genbin4_recobin4 acc 0.0614 eff 0.3362 outinratio 0.0812 

ggH126_4l_phi_genbin5_recobin4 acc 0.0498 eff 0.0074 outinratio 0.0082 

VBFH126_4l_phi_genbin5_recobin4 acc 0.0591 eff 0.0006 outinratio 0.006 

WminusH126_4l_phi_genbin5_recobin4 acc 0.0444 eff 0.0065 outinratio 0.0158 

WplusH126_4l_phi_genbin5_recobin4 acc 0.0412 eff 0.0046 outinratio 0.0231 

ZH126_4l_phi_genbin5_recobin4 acc 0.044 eff 0.005 outinratio 0.0557 

ttH126_4l_phi_genbin5_recobin4 acc 0.0528 eff 0.0012 outinratio 0.0812 

ggH126_4l_phi_genbin6_recobin4 acc 0.0546 eff 0.0008 outinratio 0.0082 

VBFH126_4l_phi_genbin6_recobin4 acc 0.0579 eff 0.0 outinratio 0.006 

WminusH126_4l_phi_genbin6_recobin4 acc 0.0503 eff 0.0 outinratio 0.0158 

WplusH126_4l_phi_genbin6_recobin4 acc 0.044 eff 0.0003 outinratio 0.0231 

ZH126_4l_phi_genbin6_recobin4 acc 0.0463 eff 0.0009 outinratio 0.0557 

ttH126_4l_phi_genbin6_recobin4 acc 0.0593 eff 0.0 outinratio 0.0812 

ggH126_4l_phi_genbin7_recobin4 acc 0.0623 eff 0.0 outinratio 0.0082 

VBFH126_4l_phi_genbin7_recobin4 acc 0.0674 eff 0.0 outinratio 0.006 

WminusH126_4l_phi_genbin7_recobin4 acc 0.0569 eff 0.0 outinratio 0.0158 

WplusH126_4l_phi_genbin7_recobin4 acc 0.054 eff 0.0 outinratio 0.0231 

ZH126_4l_phi_genbin7_recobin4 acc 0.0543 eff 0.0 outinratio 0.0557 

ttH126_4l_phi_genbin7_recobin4 acc 0.0682 eff 0.0 outinratio 0.0812 

ggH126_4l_phi_genbin0_recobin5 acc 0.0623 eff 0.0 outinratio 0.0027 

VBFH126_4l_phi_genbin0_recobin5 acc 0.065 eff 0.0 outinratio 0.0153 

WminusH126_4l_phi_genbin0_recobin5 acc 0.0587 eff 0.0 outinratio 0.0212 

WplusH126_4l_phi_genbin0_recobin5 acc 0.0515 eff 0.0 outinratio 0.0127 

ZH126_4l_phi_genbin0_recobin5 acc 0.0526 eff 0.0 outinratio 0.0553 

ttH126_4l_phi_genbin0_recobin5 acc 0.068 eff 0.0 outinratio 0.0194 

ggH126_4l_phi_genbin1_recobin5 acc 0.0522 eff 0.0004 outinratio 0.0027 

VBFH126_4l_phi_genbin1_recobin5 acc 0.0564 eff 0.0 outinratio 0.0153 

WminusH126_4l_phi_genbin1_recobin5 acc 0.0516 eff 0.0004 outinratio 0.0212 

WplusH126_4l_phi_genbin1_recobin5 acc 0.043 eff 0.0 outinratio 0.0127 

ZH126_4l_phi_genbin1_recobin5 acc 0.0492 eff 0.0 outinratio 0.0553 

ttH126_4l_phi_genbin1_recobin5 acc 0.0596 eff 0.0 outinratio 0.0194 

ggH126_4l_phi_genbin2_recobin5 acc 0.0493 eff 0.0021 outinratio 0.0027 

VBFH126_4l_phi_genbin2_recobin5 acc 0.052 eff 0.0069 outinratio 0.0153 

WminusH126_4l_phi_genbin2_recobin5 acc 0.0447 eff 0.0018 outinratio 0.0212 

WplusH126_4l_phi_genbin2_recobin5 acc 0.0404 eff 0.0004 outinratio 0.0127 

ZH126_4l_phi_genbin2_recobin5 acc 0.0448 eff 0.0008 outinratio 0.0553 

ttH126_4l_phi_genbin2_recobin5 acc 0.0491 eff 0.0024 outinratio 0.0194 

ggH126_4l_phi_genbin3_recobin5 acc 0.0572 eff 0.0005 outinratio 0.0027 

VBFH126_4l_phi_genbin3_recobin5 acc 0.0593 eff 0.0 outinratio 0.0153 

WminusH126_4l_phi_genbin3_recobin5 acc 0.0519 eff 0.0 outinratio 0.0212 

WplusH126_4l_phi_genbin3_recobin5 acc 0.0459 eff -0.0007 outinratio 0.0127 

ZH126_4l_phi_genbin3_recobin5 acc 0.0472 eff 0.0 outinratio 0.0553 

ttH126_4l_phi_genbin3_recobin5 acc 0.0604 eff 0.0 outinratio 0.0194 

ggH126_4l_phi_genbin4_recobin5 acc 0.0581 eff 0.0056 outinratio 0.0027 

VBFH126_4l_phi_genbin4_recobin5 acc 0.0611 eff 0.0069 outinratio 0.0153 

WminusH126_4l_phi_genbin4_recobin5 acc 0.0537 eff 0.0062 outinratio 0.0212 

WplusH126_4l_phi_genbin4_recobin5 acc 0.0473 eff 0.0057 outinratio 0.0127 

ZH126_4l_phi_genbin4_recobin5 acc 0.0517 eff 0.0053 outinratio 0.0553 

ttH126_4l_phi_genbin4_recobin5 acc 0.0614 eff 0.0082 outinratio 0.0194 

ggH126_4l_phi_genbin5_recobin5 acc 0.0498 eff 0.4759 outinratio 0.0027 

VBFH126_4l_phi_genbin5_recobin5 acc 0.0591 eff 0.5321 outinratio 0.0153 

WminusH126_4l_phi_genbin5_recobin5 acc 0.0444 eff 0.4581 outinratio 0.0212 

WplusH126_4l_phi_genbin5_recobin5 acc 0.0412 eff 0.4657 outinratio 0.0127 

ZH126_4l_phi_genbin5_recobin5 acc 0.044 eff 0.4491 outinratio 0.0553 

ttH126_4l_phi_genbin5_recobin5 acc 0.0528 eff 0.3893 outinratio 0.0194 

ggH126_4l_phi_genbin6_recobin5 acc 0.0546 eff 0.006 outinratio 0.0027 

VBFH126_4l_phi_genbin6_recobin5 acc 0.0579 eff 0.0047 outinratio 0.0153 

WminusH126_4l_phi_genbin6_recobin5 acc 0.0503 eff 0.0074 outinratio 0.0212 

WplusH126_4l_phi_genbin6_recobin5 acc 0.044 eff 0.0061 outinratio 0.0127 

ZH126_4l_phi_genbin6_recobin5 acc 0.0463 eff 0.0056 outinratio 0.0553 

ttH126_4l_phi_genbin6_recobin5 acc 0.0593 eff 0.0003 outinratio 0.0194 

ggH126_4l_phi_genbin7_recobin5 acc 0.0623 eff 0.0 outinratio 0.0027 

VBFH126_4l_phi_genbin7_recobin5 acc 0.0674 eff 0.0 outinratio 0.0153 

WminusH126_4l_phi_genbin7_recobin5 acc 0.0569 eff 0.0 outinratio 0.0212 

WplusH126_4l_phi_genbin7_recobin5 acc 0.054 eff 0.0 outinratio 0.0127 

ZH126_4l_phi_genbin7_recobin5 acc 0.0543 eff 0.0008 outinratio 0.0553 

ttH126_4l_phi_genbin7_recobin5 acc 0.0682 eff 0.0 outinratio 0.0194 

ggH126_4l_phi_genbin0_recobin6 acc 0.0623 eff 0.0 outinratio 0.0084 

VBFH126_4l_phi_genbin0_recobin6 acc 0.065 eff 0.0 outinratio 0.002 

WminusH126_4l_phi_genbin0_recobin6 acc 0.0587 eff 0.0 outinratio 0.0226 

WplusH126_4l_phi_genbin0_recobin6 acc 0.0515 eff 0.0 outinratio 0.0222 

ZH126_4l_phi_genbin0_recobin6 acc 0.0526 eff 0.0 outinratio 0.0618 

ttH126_4l_phi_genbin0_recobin6 acc 0.068 eff 0.0 outinratio 0.019 

ggH126_4l_phi_genbin1_recobin6 acc 0.0522 eff 0.0005 outinratio 0.0084 

VBFH126_4l_phi_genbin1_recobin6 acc 0.0564 eff 0.0 outinratio 0.002 

WminusH126_4l_phi_genbin1_recobin6 acc 0.0516 eff 0.0 outinratio 0.0226 

WplusH126_4l_phi_genbin1_recobin6 acc 0.043 eff 0.0003 outinratio 0.0222 

ZH126_4l_phi_genbin1_recobin6 acc 0.0492 eff 0.0 outinratio 0.0618 

ttH126_4l_phi_genbin1_recobin6 acc 0.0596 eff 0.0 outinratio 0.019 

ggH126_4l_phi_genbin2_recobin6 acc 0.0493 eff 0.0007 outinratio 0.0084 

VBFH126_4l_phi_genbin2_recobin6 acc 0.052 eff 0.0 outinratio 0.002 

WminusH126_4l_phi_genbin2_recobin6 acc 0.0447 eff 0.0 outinratio 0.0226 

WplusH126_4l_phi_genbin2_recobin6 acc 0.0404 eff 0.0 outinratio 0.0222 

ZH126_4l_phi_genbin2_recobin6 acc 0.0448 eff 0.002 outinratio 0.0618 

ttH126_4l_phi_genbin2_recobin6 acc 0.0491 eff 0.0 outinratio 0.019 

ggH126_4l_phi_genbin3_recobin6 acc 0.0572 eff 0.0003 outinratio 0.0084 

VBFH126_4l_phi_genbin3_recobin6 acc 0.0593 eff 0.0034 outinratio 0.002 

WminusH126_4l_phi_genbin3_recobin6 acc 0.0519 eff 0.0 outinratio 0.0226 

WplusH126_4l_phi_genbin3_recobin6 acc 0.0459 eff 0.0007 outinratio 0.0222 

ZH126_4l_phi_genbin3_recobin6 acc 0.0472 eff 0.0 outinratio 0.0618 

ttH126_4l_phi_genbin3_recobin6 acc 0.0604 eff 0.0 outinratio 0.019 

ggH126_4l_phi_genbin4_recobin6 acc 0.0581 eff 0.0004 outinratio 0.0084 

VBFH126_4l_phi_genbin4_recobin6 acc 0.0611 eff 0.0 outinratio 0.002 

WminusH126_4l_phi_genbin4_recobin6 acc 0.0537 eff 0.0 outinratio 0.0226 

WplusH126_4l_phi_genbin4_recobin6 acc 0.0473 eff 0.0 outinratio 0.0222 

ZH126_4l_phi_genbin4_recobin6 acc 0.0517 eff 0.0 outinratio 0.0618 

ttH126_4l_phi_genbin4_recobin6 acc 0.0614 eff 0.0 outinratio 0.019 

ggH126_4l_phi_genbin5_recobin6 acc 0.0498 eff 0.0099 outinratio 0.0084 

VBFH126_4l_phi_genbin5_recobin6 acc 0.0591 eff 0.0075 outinratio 0.002 

WminusH126_4l_phi_genbin5_recobin6 acc 0.0444 eff 0.0056 outinratio 0.0226 

WplusH126_4l_phi_genbin5_recobin6 acc 0.0412 eff 0.0086 outinratio 0.0222 

ZH126_4l_phi_genbin5_recobin6 acc 0.044 eff 0.0101 outinratio 0.0618 

ttH126_4l_phi_genbin5_recobin6 acc 0.0528 eff 0.0108 outinratio 0.019 

ggH126_4l_phi_genbin6_recobin6 acc 0.0546 eff 0.4636 outinratio 0.0084 

VBFH126_4l_phi_genbin6_recobin6 acc 0.0579 eff 0.5454 outinratio 0.002 

WminusH126_4l_phi_genbin6_recobin6 acc 0.0503 eff 0.4468 outinratio 0.0226 

WplusH126_4l_phi_genbin6_recobin6 acc 0.044 eff 0.4719 outinratio 0.0222 

ZH126_4l_phi_genbin6_recobin6 acc 0.0463 eff 0.4715 outinratio 0.0618 

ttH126_4l_phi_genbin6_recobin6 acc 0.0593 eff 0.3763 outinratio 0.019 

ggH126_4l_phi_genbin7_recobin6 acc 0.0623 eff 0.006 outinratio 0.0084 

VBFH126_4l_phi_genbin7_recobin6 acc 0.0674 eff 0.0083 outinratio 0.002 

WminusH126_4l_phi_genbin7_recobin6 acc 0.0569 eff 0.0011 outinratio 0.0226 

WplusH126_4l_phi_genbin7_recobin6 acc 0.054 eff 0.0039 outinratio 0.0222 

ZH126_4l_phi_genbin7_recobin6 acc 0.0543 eff 0.0073 outinratio 0.0618 

ttH126_4l_phi_genbin7_recobin6 acc 0.0682 eff 0.0071 outinratio 0.019 

ggH126_4l_phi_genbin0_recobin7 acc 0.0623 eff 0.0017 outinratio 0.0097 

VBFH126_4l_phi_genbin0_recobin7 acc 0.065 eff 0.0 outinratio 0.0049 

WminusH126_4l_phi_genbin0_recobin7 acc 0.0587 eff 0.0017 outinratio 0.0173 

WplusH126_4l_phi_genbin0_recobin7 acc 0.0515 eff 0.0002 outinratio 0.0151 

ZH126_4l_phi_genbin0_recobin7 acc 0.0526 eff 0.0017 outinratio 0.0465 

ttH126_4l_phi_genbin0_recobin7 acc 0.068 eff 0.0046 outinratio 0.0512 

ggH126_4l_phi_genbin1_recobin7 acc 0.0522 eff 0.001 outinratio 0.0097 

VBFH126_4l_phi_genbin1_recobin7 acc 0.0564 eff 0.0 outinratio 0.0049 

WminusH126_4l_phi_genbin1_recobin7 acc 0.0516 eff 0.0013 outinratio 0.0173 

WplusH126_4l_phi_genbin1_recobin7 acc 0.043 eff 0.0 outinratio 0.0151 

ZH126_4l_phi_genbin1_recobin7 acc 0.0492 eff 0.0 outinratio 0.0465 

ttH126_4l_phi_genbin1_recobin7 acc 0.0596 eff 0.0 outinratio 0.0512 

ggH126_4l_phi_genbin2_recobin7 acc 0.0493 eff 0.0 outinratio 0.0097 

VBFH126_4l_phi_genbin2_recobin7 acc 0.052 eff 0.0 outinratio 0.0049 

WminusH126_4l_phi_genbin2_recobin7 acc 0.0447 eff 0.0 outinratio 0.0173 

WplusH126_4l_phi_genbin2_recobin7 acc 0.0404 eff 0.0 outinratio 0.0151 

ZH126_4l_phi_genbin2_recobin7 acc 0.0448 eff 0.0 outinratio 0.0465 

ttH126_4l_phi_genbin2_recobin7 acc 0.0491 eff 0.0 outinratio 0.0512 

ggH126_4l_phi_genbin3_recobin7 acc 0.0572 eff 0.0006 outinratio 0.0097 

VBFH126_4l_phi_genbin3_recobin7 acc 0.0593 eff 0.0 outinratio 0.0049 

WminusH126_4l_phi_genbin3_recobin7 acc 0.0519 eff 0.0 outinratio 0.0173 

WplusH126_4l_phi_genbin3_recobin7 acc 0.0459 eff 0.0004 outinratio 0.0151 

ZH126_4l_phi_genbin3_recobin7 acc 0.0472 eff 0.0 outinratio 0.0465 

ttH126_4l_phi_genbin3_recobin7 acc 0.0604 eff 0.0 outinratio 0.0512 

ggH126_4l_phi_genbin4_recobin7 acc 0.0581 eff 0.0005 outinratio 0.0097 

VBFH126_4l_phi_genbin4_recobin7 acc 0.0611 eff 0.0 outinratio 0.0049 

WminusH126_4l_phi_genbin4_recobin7 acc 0.0537 eff 0.0 outinratio 0.0173 

WplusH126_4l_phi_genbin4_recobin7 acc 0.0473 eff 0.0 outinratio 0.0151 

ZH126_4l_phi_genbin4_recobin7 acc 0.0517 eff 0.0 outinratio 0.0465 

ttH126_4l_phi_genbin4_recobin7 acc 0.0614 eff 0.0 outinratio 0.0512 

ggH126_4l_phi_genbin5_recobin7 acc 0.0498 eff 0.0 outinratio 0.0097 

VBFH126_4l_phi_genbin5_recobin7 acc 0.0591 eff 0.0 outinratio 0.0049 

WminusH126_4l_phi_genbin5_recobin7 acc 0.0444 eff 0.0 outinratio 0.0173 

WplusH126_4l_phi_genbin5_recobin7 acc 0.0412 eff 0.0 outinratio 0.0151 

ZH126_4l_phi_genbin5_recobin7 acc 0.044 eff 0.0 outinratio 0.0465 

ttH126_4l_phi_genbin5_recobin7 acc 0.0528 eff 0.0 outinratio 0.0512 

ggH126_4l_phi_genbin6_recobin7 acc 0.0546 eff 0.0045 outinratio 0.0097 

VBFH126_4l_phi_genbin6_recobin7 acc 0.0579 eff 0.0069 outinratio 0.0049 

WminusH126_4l_phi_genbin6_recobin7 acc 0.0503 eff 0.0042 outinratio 0.0173 

WplusH126_4l_phi_genbin6_recobin7 acc 0.044 eff 0.0058 outinratio 0.0151 

ZH126_4l_phi_genbin6_recobin7 acc 0.0463 eff 0.0055 outinratio 0.0465 

ttH126_4l_phi_genbin6_recobin7 acc 0.0593 eff 0.0151 outinratio 0.0512 

ggH126_4l_phi_genbin7_recobin7 acc 0.0623 eff 0.47 outinratio 0.0097 

VBFH126_4l_phi_genbin7_recobin7 acc 0.0674 eff 0.4908 outinratio 0.0049 

WminusH126_4l_phi_genbin7_recobin7 acc 0.0569 eff 0.4789 outinratio 0.0173 

WplusH126_4l_phi_genbin7_recobin7 acc 0.054 eff 0.4671 outinratio 0.0151 

ZH126_4l_phi_genbin7_recobin7 acc 0.0543 eff 0.464 outinratio 0.0465 

ttH126_4l_phi_genbin7_recobin7 acc 0.0682 eff 0.3783 outinratio 0.0512 

ggH126_4e_phi_genbin0_recobin0 acc 0.0597 eff 0.3893 outinratio 0.0104 

VBFH126_4e_phi_genbin0_recobin0 acc 0.0588 eff 0.3051 outinratio 0.0 

WminusH126_4e_phi_genbin0_recobin0 acc 0.0619 eff 0.3373 outinratio 0.0343 

WplusH126_4e_phi_genbin0_recobin0 acc 0.0492 eff 0.3341 outinratio 0.0084 

ZH126_4e_phi_genbin0_recobin0 acc 0.0535 eff 0.3535 outinratio 0.0418 

ttH126_4e_phi_genbin0_recobin0 acc 0.0769 eff 0.2912 outinratio 0.0503 

ggH126_4e_phi_genbin1_recobin0 acc 0.048 eff 0.0045 outinratio 0.0104 

VBFH126_4e_phi_genbin1_recobin0 acc 0.0626 eff 0.0 outinratio 0.0 

WminusH126_4e_phi_genbin1_recobin0 acc 0.0501 eff 0.007 outinratio 0.0343 

WplusH126_4e_phi_genbin1_recobin0 acc 0.043 eff 0.0101 outinratio 0.0084 

ZH126_4e_phi_genbin1_recobin0 acc 0.0503 eff 0.0077 outinratio 0.0418 

ttH126_4e_phi_genbin1_recobin0 acc 0.0586 eff 0.0032 outinratio 0.0503 

ggH126_4e_phi_genbin2_recobin0 acc 0.0467 eff 0.0 outinratio 0.0104 

VBFH126_4e_phi_genbin2_recobin0 acc 0.0475 eff 0.0 outinratio 0.0 

WminusH126_4e_phi_genbin2_recobin0 acc 0.0449 eff 0.0 outinratio 0.0343 

WplusH126_4e_phi_genbin2_recobin0 acc 0.0399 eff 0.0 outinratio 0.0084 

ZH126_4e_phi_genbin2_recobin0 acc 0.0414 eff 0.0 outinratio 0.0418 

ttH126_4e_phi_genbin2_recobin0 acc 0.0468 eff 0.0 outinratio 0.0503 

ggH126_4e_phi_genbin3_recobin0 acc 0.0522 eff 0.0016 outinratio 0.0104 

VBFH126_4e_phi_genbin3_recobin0 acc 0.0588 eff 0.0 outinratio 0.0 

WminusH126_4e_phi_genbin3_recobin0 acc 0.0433 eff 0.0 outinratio 0.0343 

WplusH126_4e_phi_genbin3_recobin0 acc 0.0421 eff 0.0 outinratio 0.0084 

ZH126_4e_phi_genbin3_recobin0 acc 0.0405 eff 0.0 outinratio 0.0418 

ttH126_4e_phi_genbin3_recobin0 acc 0.0581 eff 0.0 outinratio 0.0503 

ggH126_4e_phi_genbin4_recobin0 acc 0.0553 eff 0.0 outinratio 0.0104 

VBFH126_4e_phi_genbin4_recobin0 acc 0.052 eff 0.0 outinratio 0.0 

WminusH126_4e_phi_genbin4_recobin0 acc 0.05 eff 0.0 outinratio 0.0343 

WplusH126_4e_phi_genbin4_recobin0 acc 0.0438 eff 0.0 outinratio 0.0084 

ZH126_4e_phi_genbin4_recobin0 acc 0.0519 eff 0.0 outinratio 0.0418 

ttH126_4e_phi_genbin4_recobin0 acc 0.0468 eff 0.0 outinratio 0.0503 

ggH126_4e_phi_genbin5_recobin0 acc 0.0442 eff 0.0 outinratio 0.0104 

VBFH126_4e_phi_genbin5_recobin0 acc 0.0475 eff 0.0 outinratio 0.0 

WminusH126_4e_phi_genbin5_recobin0 acc 0.047 eff 0.0 outinratio 0.0343 

WplusH126_4e_phi_genbin5_recobin0 acc 0.0401 eff 0.0 outinratio 0.0084 

ZH126_4e_phi_genbin5_recobin0 acc 0.042 eff 0.0 outinratio 0.0418 

ttH126_4e_phi_genbin5_recobin0 acc 0.05 eff 0.0 outinratio 0.0503 

ggH126_4e_phi_genbin6_recobin0 acc 0.0566 eff 0.0016 outinratio 0.0104 

VBFH126_4e_phi_genbin6_recobin0 acc 0.052 eff 0.0 outinratio 0.0 

WminusH126_4e_phi_genbin6_recobin0 acc 0.0511 eff 0.0054 outinratio 0.0343 

WplusH126_4e_phi_genbin6_recobin0 acc 0.043 eff 0.0 outinratio 0.0084 

ZH126_4e_phi_genbin6_recobin0 acc 0.0468 eff 0.0 outinratio 0.0418 

ttH126_4e_phi_genbin6_recobin0 acc 0.0613 eff 0.0 outinratio 0.0503 

ggH126_4e_phi_genbin7_recobin0 acc 0.0632 eff 0.0 outinratio 0.0104 

VBFH126_4e_phi_genbin7_recobin0 acc 0.0671 eff 0.0 outinratio 0.0 

WminusH126_4e_phi_genbin7_recobin0 acc 0.0558 eff 0.0029 outinratio 0.0343 

WplusH126_4e_phi_genbin7_recobin0 acc 0.053 eff 0.0021 outinratio 0.0084 

ZH126_4e_phi_genbin7_recobin0 acc 0.0548 eff 0.0038 outinratio 0.0418 

ttH126_4e_phi_genbin7_recobin0 acc 0.0694 eff 0.0 outinratio 0.0503 

ggH126_4e_phi_genbin0_recobin1 acc 0.0597 eff 0.0074 outinratio 0.0107 

VBFH126_4e_phi_genbin0_recobin1 acc 0.0588 eff 0.0085 outinratio 0.0173 

WminusH126_4e_phi_genbin0_recobin1 acc 0.0619 eff 0.0107 outinratio 0.0171 

WplusH126_4e_phi_genbin0_recobin1 acc 0.0492 eff 0.0139 outinratio 0.0506 

ZH126_4e_phi_genbin0_recobin1 acc 0.0535 eff 0.0076 outinratio 0.0089 

ttH126_4e_phi_genbin0_recobin1 acc 0.0769 eff 0.0 outinratio 0.0832 

ggH126_4e_phi_genbin1_recobin1 acc 0.048 eff 0.3598 outinratio 0.0107 

VBFH126_4e_phi_genbin1_recobin1 acc 0.0626 eff 0.4332 outinratio 0.0173 

WminusH126_4e_phi_genbin1_recobin1 acc 0.0501 eff 0.3398 outinratio 0.0171 

WplusH126_4e_phi_genbin1_recobin1 acc 0.043 eff 0.3612 outinratio 0.0506 

ZH126_4e_phi_genbin1_recobin1 acc 0.0503 eff 0.3483 outinratio 0.0089 

ttH126_4e_phi_genbin1_recobin1 acc 0.0586 eff 0.3109 outinratio 0.0832 

ggH126_4e_phi_genbin2_recobin1 acc 0.0467 eff 0.0138 outinratio 0.0107 

VBFH126_4e_phi_genbin2_recobin1 acc 0.0475 eff 0.0 outinratio 0.0173 

WminusH126_4e_phi_genbin2_recobin1 acc 0.0449 eff 0.0049 outinratio 0.0171 

WplusH126_4e_phi_genbin2_recobin1 acc 0.0399 eff 0.012 outinratio 0.0506 

ZH126_4e_phi_genbin2_recobin1 acc 0.0414 eff 0.0118 outinratio 0.0089 

ttH126_4e_phi_genbin2_recobin1 acc 0.0468 eff 0.0144 outinratio 0.0832 

ggH126_4e_phi_genbin3_recobin1 acc 0.0522 eff 0.0 outinratio 0.0107 

VBFH126_4e_phi_genbin3_recobin1 acc 0.0588 eff 0.0 outinratio 0.0173 

WminusH126_4e_phi_genbin3_recobin1 acc 0.0433 eff 0.0 outinratio 0.0171 

WplusH126_4e_phi_genbin3_recobin1 acc 0.0421 eff 0.0014 outinratio 0.0506 

ZH126_4e_phi_genbin3_recobin1 acc 0.0405 eff 0.0 outinratio 0.0089 

ttH126_4e_phi_genbin3_recobin1 acc 0.0581 eff 0.0 outinratio 0.0832 

ggH126_4e_phi_genbin4_recobin1 acc 0.0553 eff 0.0 outinratio 0.0107 

VBFH126_4e_phi_genbin4_recobin1 acc 0.052 eff 0.0 outinratio 0.0173 

WminusH126_4e_phi_genbin4_recobin1 acc 0.05 eff 0.0053 outinratio 0.0171 

WplusH126_4e_phi_genbin4_recobin1 acc 0.0438 eff 0.0056 outinratio 0.0506 

ZH126_4e_phi_genbin4_recobin1 acc 0.0519 eff 0.0026 outinratio 0.0089 

ttH126_4e_phi_genbin4_recobin1 acc 0.0468 eff 0.0 outinratio 0.0832 

ggH126_4e_phi_genbin5_recobin1 acc 0.0442 eff 0.0 outinratio 0.0107 

VBFH126_4e_phi_genbin5_recobin1 acc 0.0475 eff 0.0 outinratio 0.0173 

WminusH126_4e_phi_genbin5_recobin1 acc 0.047 eff 0.0009 outinratio 0.0171 

WplusH126_4e_phi_genbin5_recobin1 acc 0.0401 eff 0.0064 outinratio 0.0506 

ZH126_4e_phi_genbin5_recobin1 acc 0.042 eff 0.0 outinratio 0.0089 

ttH126_4e_phi_genbin5_recobin1 acc 0.05 eff 0.0 outinratio 0.0832 

ggH126_4e_phi_genbin6_recobin1 acc 0.0566 eff 0.0034 outinratio 0.0107 

VBFH126_4e_phi_genbin6_recobin1 acc 0.052 eff 0.017 outinratio 0.0173 

WminusH126_4e_phi_genbin6_recobin1 acc 0.0511 eff 0.0 outinratio 0.0171 

WplusH126_4e_phi_genbin6_recobin1 acc 0.043 eff 0.0021 outinratio 0.0506 

ZH126_4e_phi_genbin6_recobin1 acc 0.0468 eff 0.0008 outinratio 0.0089 

ttH126_4e_phi_genbin6_recobin1 acc 0.0613 eff 0.0 outinratio 0.0832 

ggH126_4e_phi_genbin7_recobin1 acc 0.0632 eff 0.0 outinratio 0.0107 

VBFH126_4e_phi_genbin7_recobin1 acc 0.0671 eff 0.0 outinratio 0.0173 

WminusH126_4e_phi_genbin7_recobin1 acc 0.0558 eff 0.0 outinratio 0.0171 

WplusH126_4e_phi_genbin7_recobin1 acc 0.053 eff 0.0 outinratio 0.0506 

ZH126_4e_phi_genbin7_recobin1 acc 0.0548 eff 0.0 outinratio 0.0089 

ttH126_4e_phi_genbin7_recobin1 acc 0.0694 eff 0.0 outinratio 0.0832 

ggH126_4e_phi_genbin0_recobin2 acc 0.0597 eff 0.002 outinratio 0.0043 

VBFH126_4e_phi_genbin0_recobin2 acc 0.0588 eff 0.0 outinratio 0.0 

WminusH126_4e_phi_genbin0_recobin2 acc 0.0619 eff 0.0 outinratio 0.0644 

WplusH126_4e_phi_genbin0_recobin2 acc 0.0492 eff 0.0 outinratio 0.0378 

ZH126_4e_phi_genbin0_recobin2 acc 0.0535 eff 0.0 outinratio 0.0661 

ttH126_4e_phi_genbin0_recobin2 acc 0.0769 eff 0.0 outinratio 0.0 

ggH126_4e_phi_genbin1_recobin2 acc 0.048 eff 0.0082 outinratio 0.0043 

VBFH126_4e_phi_genbin1_recobin2 acc 0.0626 eff 0.0168 outinratio 0.0 

WminusH126_4e_phi_genbin1_recobin2 acc 0.0501 eff 0.009 outinratio 0.0644 

WplusH126_4e_phi_genbin1_recobin2 acc 0.043 eff 0.0059 outinratio 0.0378 

ZH126_4e_phi_genbin1_recobin2 acc 0.0503 eff 0.0082 outinratio 0.0661 

ttH126_4e_phi_genbin1_recobin2 acc 0.0586 eff 0.0176 outinratio 0.0 

ggH126_4e_phi_genbin2_recobin2 acc 0.0467 eff 0.3754 outinratio 0.0043 

VBFH126_4e_phi_genbin2_recobin2 acc 0.0475 eff 0.4605 outinratio 0.0 

WminusH126_4e_phi_genbin2_recobin2 acc 0.0449 eff 0.3359 outinratio 0.0644 

WplusH126_4e_phi_genbin2_recobin2 acc 0.0399 eff 0.369 outinratio 0.0378 

ZH126_4e_phi_genbin2_recobin2 acc 0.0414 eff 0.4151 outinratio 0.0661 

ttH126_4e_phi_genbin2_recobin2 acc 0.0468 eff 0.2634 outinratio 0.0 

ggH126_4e_phi_genbin3_recobin2 acc 0.0522 eff 0.0061 outinratio 0.0043 

VBFH126_4e_phi_genbin3_recobin2 acc 0.0588 eff 0.0 outinratio 0.0 

WminusH126_4e_phi_genbin3_recobin2 acc 0.0433 eff 0.0083 outinratio 0.0644 

WplusH126_4e_phi_genbin3_recobin2 acc 0.0421 eff 0.0136 outinratio 0.0378 

ZH126_4e_phi_genbin3_recobin2 acc 0.0405 eff 0.0082 outinratio 0.0661 

ttH126_4e_phi_genbin3_recobin2 acc 0.0581 eff 0.0 outinratio 0.0 

ggH126_4e_phi_genbin4_recobin2 acc 0.0553 eff 0.0018 outinratio 0.0043 

VBFH126_4e_phi_genbin4_recobin2 acc 0.052 eff 0.0 outinratio 0.0 

WminusH126_4e_phi_genbin4_recobin2 acc 0.05 eff 0.0 outinratio 0.0644 

WplusH126_4e_phi_genbin4_recobin2 acc 0.0438 eff 0.0012 outinratio 0.0378 

ZH126_4e_phi_genbin4_recobin2 acc 0.0519 eff 0.0 outinratio 0.0661 

ttH126_4e_phi_genbin4_recobin2 acc 0.0468 eff 0.0 outinratio 0.0 

ggH126_4e_phi_genbin5_recobin2 acc 0.0442 eff 0.002 outinratio 0.0043 

VBFH126_4e_phi_genbin5_recobin2 acc 0.0475 eff 0.0 outinratio 0.0 

WminusH126_4e_phi_genbin5_recobin2 acc 0.047 eff 0.0 outinratio 0.0644 

WplusH126_4e_phi_genbin5_recobin2 acc 0.0401 eff 0.0 outinratio 0.0378 

ZH126_4e_phi_genbin5_recobin2 acc 0.042 eff 0.0014 outinratio 0.0661 

ttH126_4e_phi_genbin5_recobin2 acc 0.05 eff 0.0 outinratio 0.0 

ggH126_4e_phi_genbin6_recobin2 acc 0.0566 eff 0.0 outinratio 0.0043 

VBFH126_4e_phi_genbin6_recobin2 acc 0.052 eff 0.0 outinratio 0.0 

WminusH126_4e_phi_genbin6_recobin2 acc 0.0511 eff 0.0 outinratio 0.0644 

WplusH126_4e_phi_genbin6_recobin2 acc 0.043 eff 0.0 outinratio 0.0378 

ZH126_4e_phi_genbin6_recobin2 acc 0.0468 eff 0.0008 outinratio 0.0661 

ttH126_4e_phi_genbin6_recobin2 acc 0.0613 eff 0.0 outinratio 0.0 

ggH126_4e_phi_genbin7_recobin2 acc 0.0632 eff 0.0 outinratio 0.0043 

VBFH126_4e_phi_genbin7_recobin2 acc 0.0671 eff 0.0 outinratio 0.0 

WminusH126_4e_phi_genbin7_recobin2 acc 0.0558 eff 0.0 outinratio 0.0644 

WplusH126_4e_phi_genbin7_recobin2 acc 0.053 eff 0.0 outinratio 0.0378 

ZH126_4e_phi_genbin7_recobin2 acc 0.0548 eff 0.0 outinratio 0.0661 

ttH126_4e_phi_genbin7_recobin2 acc 0.0694 eff 0.0 outinratio 0.0 

ggH126_4e_phi_genbin0_recobin3 acc 0.0597 eff 0.0 outinratio 0.0139 

VBFH126_4e_phi_genbin0_recobin3 acc 0.0588 eff 0.0 outinratio 0.0 

WminusH126_4e_phi_genbin0_recobin3 acc 0.0619 eff 0.0 outinratio 0.0621 

WplusH126_4e_phi_genbin0_recobin3 acc 0.0492 eff 0.0 outinratio 0.0275 

ZH126_4e_phi_genbin0_recobin3 acc 0.0535 eff 0.0 outinratio 0.0543 

ttH126_4e_phi_genbin0_recobin3 acc 0.0769 eff 0.0055 outinratio 0.0681 

ggH126_4e_phi_genbin1_recobin3 acc 0.048 eff 0.0018 outinratio 0.0139 

VBFH126_4e_phi_genbin1_recobin3 acc 0.0626 eff 0.0 outinratio 0.0 

WminusH126_4e_phi_genbin1_recobin3 acc 0.0501 eff 0.0 outinratio 0.0621 

WplusH126_4e_phi_genbin1_recobin3 acc 0.043 eff 0.0 outinratio 0.0275 

ZH126_4e_phi_genbin1_recobin3 acc 0.0503 eff 0.0 outinratio 0.0543 

ttH126_4e_phi_genbin1_recobin3 acc 0.0586 eff 0.0 outinratio 0.0681 

ggH126_4e_phi_genbin2_recobin3 acc 0.0467 eff 0.0051 outinratio 0.0139 

VBFH126_4e_phi_genbin2_recobin3 acc 0.0475 eff 0.0 outinratio 0.0 

WminusH126_4e_phi_genbin2_recobin3 acc 0.0449 eff 0.0192 outinratio 0.0621 

WplusH126_4e_phi_genbin2_recobin3 acc 0.0399 eff 0.0065 outinratio 0.0275 

ZH126_4e_phi_genbin2_recobin3 acc 0.0414 eff 0.0057 outinratio 0.0543 

ttH126_4e_phi_genbin2_recobin3 acc 0.0468 eff 0.0 outinratio 0.0681 

ggH126_4e_phi_genbin3_recobin3 acc 0.0522 eff 0.3529 outinratio 0.0139 

VBFH126_4e_phi_genbin3_recobin3 acc 0.0588 eff 0.3818 outinratio 0.0 

WminusH126_4e_phi_genbin3_recobin3 acc 0.0433 eff 0.3378 outinratio 0.0621 

WplusH126_4e_phi_genbin3_recobin3 acc 0.0421 eff 0.3259 outinratio 0.0275 

ZH126_4e_phi_genbin3_recobin3 acc 0.0405 eff 0.3572 outinratio 0.0543 

ttH126_4e_phi_genbin3_recobin3 acc 0.0581 eff 0.3337 outinratio 0.0681 

ggH126_4e_phi_genbin4_recobin3 acc 0.0553 eff 0.0018 outinratio 0.0139 

VBFH126_4e_phi_genbin4_recobin3 acc 0.052 eff 0.0 outinratio 0.0 

WminusH126_4e_phi_genbin4_recobin3 acc 0.05 eff 0.0 outinratio 0.0621 

WplusH126_4e_phi_genbin4_recobin3 acc 0.0438 eff 0.0019 outinratio 0.0275 

ZH126_4e_phi_genbin4_recobin3 acc 0.0519 eff 0.0 outinratio 0.0543 

ttH126_4e_phi_genbin4_recobin3 acc 0.0468 eff 0.0 outinratio 0.0681 

ggH126_4e_phi_genbin5_recobin3 acc 0.0442 eff 0.0 outinratio 0.0139 

VBFH126_4e_phi_genbin5_recobin3 acc 0.0475 eff 0.0 outinratio 0.0 

WminusH126_4e_phi_genbin5_recobin3 acc 0.047 eff 0.0 outinratio 0.0621 

WplusH126_4e_phi_genbin5_recobin3 acc 0.0401 eff 0.0 outinratio 0.0275 

ZH126_4e_phi_genbin5_recobin3 acc 0.042 eff 0.0 outinratio 0.0543 

ttH126_4e_phi_genbin5_recobin3 acc 0.05 eff 0.0079 outinratio 0.0681 

ggH126_4e_phi_genbin6_recobin3 acc 0.0566 eff 0.0016 outinratio 0.0139 

VBFH126_4e_phi_genbin6_recobin3 acc 0.052 eff 0.0 outinratio 0.0 

WminusH126_4e_phi_genbin6_recobin3 acc 0.0511 eff 0.0 outinratio 0.0621 

WplusH126_4e_phi_genbin6_recobin3 acc 0.043 eff 0.0 outinratio 0.0275 

ZH126_4e_phi_genbin6_recobin3 acc 0.0468 eff 0.0 outinratio 0.0543 

ttH126_4e_phi_genbin6_recobin3 acc 0.0613 eff 0.0 outinratio 0.0681 

ggH126_4e_phi_genbin7_recobin3 acc 0.0632 eff 0.0 outinratio 0.0139 

VBFH126_4e_phi_genbin7_recobin3 acc 0.0671 eff 0.0 outinratio 0.0 

WminusH126_4e_phi_genbin7_recobin3 acc 0.0558 eff 0.0 outinratio 0.0621 

WplusH126_4e_phi_genbin7_recobin3 acc 0.053 eff 0.0 outinratio 0.0275 

ZH126_4e_phi_genbin7_recobin3 acc 0.0548 eff 0.0022 outinratio 0.0543 

ttH126_4e_phi_genbin7_recobin3 acc 0.0694 eff 0.0 outinratio 0.0681 

ggH126_4e_phi_genbin0_recobin4 acc 0.0597 eff 0.0 outinratio 0.0093 

VBFH126_4e_phi_genbin0_recobin4 acc 0.0588 eff 0.0 outinratio 0.0 

WminusH126_4e_phi_genbin0_recobin4 acc 0.0619 eff 0.0 outinratio 0.0272 

WplusH126_4e_phi_genbin0_recobin4 acc 0.0492 eff 0.0 outinratio 0.0181 

ZH126_4e_phi_genbin0_recobin4 acc 0.0535 eff 0.0 outinratio 0.0776 

ttH126_4e_phi_genbin0_recobin4 acc 0.0769 eff 0.0 outinratio 0.0737 

ggH126_4e_phi_genbin1_recobin4 acc 0.048 eff 0.0 outinratio 0.0093 

VBFH126_4e_phi_genbin1_recobin4 acc 0.0626 eff 0.0 outinratio 0.0 

WminusH126_4e_phi_genbin1_recobin4 acc 0.0501 eff 0.0 outinratio 0.0272 

WplusH126_4e_phi_genbin1_recobin4 acc 0.043 eff 0.0016 outinratio 0.0181 

ZH126_4e_phi_genbin1_recobin4 acc 0.0503 eff 0.0 outinratio 0.0776 

ttH126_4e_phi_genbin1_recobin4 acc 0.0586 eff 0.0095 outinratio 0.0737 

ggH126_4e_phi_genbin2_recobin4 acc 0.0467 eff 0.0 outinratio 0.0093 

VBFH126_4e_phi_genbin2_recobin4 acc 0.0475 eff 0.0136 outinratio 0.0 

WminusH126_4e_phi_genbin2_recobin4 acc 0.0449 eff 0.0 outinratio 0.0272 

WplusH126_4e_phi_genbin2_recobin4 acc 0.0399 eff 0.0101 outinratio 0.0181 

ZH126_4e_phi_genbin2_recobin4 acc 0.0414 eff 0.0 outinratio 0.0776 

ttH126_4e_phi_genbin2_recobin4 acc 0.0468 eff 0.0 outinratio 0.0737 

ggH126_4e_phi_genbin3_recobin4 acc 0.0522 eff 0.0103 outinratio 0.0093 

VBFH126_4e_phi_genbin3_recobin4 acc 0.0588 eff 0.0176 outinratio 0.0 

WminusH126_4e_phi_genbin3_recobin4 acc 0.0433 eff 0.0025 outinratio 0.0272 

WplusH126_4e_phi_genbin3_recobin4 acc 0.0421 eff 0.0021 outinratio 0.0181 

ZH126_4e_phi_genbin3_recobin4 acc 0.0405 eff 0.0 outinratio 0.0776 

ttH126_4e_phi_genbin3_recobin4 acc 0.0581 eff 0.0 outinratio 0.0737 

ggH126_4e_phi_genbin4_recobin4 acc 0.0553 eff 0.3726 outinratio 0.0093 

VBFH126_4e_phi_genbin4_recobin4 acc 0.052 eff 0.3474 outinratio 0.0 

WminusH126_4e_phi_genbin4_recobin4 acc 0.05 eff 0.4391 outinratio 0.0272 

WplusH126_4e_phi_genbin4_recobin4 acc 0.0438 eff 0.378 outinratio 0.0181 

ZH126_4e_phi_genbin4_recobin4 acc 0.0519 eff 0.369 outinratio 0.0776 

ttH126_4e_phi_genbin4_recobin4 acc 0.0468 eff 0.2303 outinratio 0.0737 

ggH126_4e_phi_genbin5_recobin4 acc 0.0442 eff 0.0091 outinratio 0.0093 

VBFH126_4e_phi_genbin5_recobin4 acc 0.0475 eff 0.0 outinratio 0.0 

WminusH126_4e_phi_genbin5_recobin4 acc 0.047 eff 0.0092 outinratio 0.0272 

WplusH126_4e_phi_genbin5_recobin4 acc 0.0401 eff 0.0036 outinratio 0.0181 

ZH126_4e_phi_genbin5_recobin4 acc 0.042 eff 0.0009 outinratio 0.0776 

ttH126_4e_phi_genbin5_recobin4 acc 0.05 eff 0.0048 outinratio 0.0737 

ggH126_4e_phi_genbin6_recobin4 acc 0.0566 eff 0.002 outinratio 0.0093 

VBFH126_4e_phi_genbin6_recobin4 acc 0.052 eff 0.0 outinratio 0.0 

WminusH126_4e_phi_genbin6_recobin4 acc 0.0511 eff 0.0 outinratio 0.0272 

WplusH126_4e_phi_genbin6_recobin4 acc 0.043 eff 0.0 outinratio 0.0181 

ZH126_4e_phi_genbin6_recobin4 acc 0.0468 eff 0.0 outinratio 0.0776 

ttH126_4e_phi_genbin6_recobin4 acc 0.0613 eff 0.0 outinratio 0.0737 

ggH126_4e_phi_genbin7_recobin4 acc 0.0632 eff 0.0 outinratio 0.0093 

VBFH126_4e_phi_genbin7_recobin4 acc 0.0671 eff 0.0 outinratio 0.0 

WminusH126_4e_phi_genbin7_recobin4 acc 0.0558 eff 0.0 outinratio 0.0272 

WplusH126_4e_phi_genbin7_recobin4 acc 0.053 eff 0.0 outinratio 0.0181 

ZH126_4e_phi_genbin7_recobin4 acc 0.0548 eff 0.0 outinratio 0.0776 

ttH126_4e_phi_genbin7_recobin4 acc 0.0694 eff 0.0 outinratio 0.0737 

ggH126_4e_phi_genbin0_recobin5 acc 0.0597 eff 0.0 outinratio 0.0023 

VBFH126_4e_phi_genbin0_recobin5 acc 0.0588 eff 0.0 outinratio 0.0 

WminusH126_4e_phi_genbin0_recobin5 acc 0.0619 eff 0.0 outinratio 0.0205 

WplusH126_4e_phi_genbin0_recobin5 acc 0.0492 eff 0.0 outinratio 0.0187 

ZH126_4e_phi_genbin0_recobin5 acc 0.0535 eff 0.0 outinratio 0.047 

ttH126_4e_phi_genbin0_recobin5 acc 0.0769 eff 0.0 outinratio 0.0112 

ggH126_4e_phi_genbin1_recobin5 acc 0.048 eff 0.0 outinratio 0.0023 

VBFH126_4e_phi_genbin1_recobin5 acc 0.0626 eff 0.0 outinratio 0.0 

WminusH126_4e_phi_genbin1_recobin5 acc 0.0501 eff 0.0 outinratio 0.0205 

WplusH126_4e_phi_genbin1_recobin5 acc 0.043 eff 0.0 outinratio 0.0187 

ZH126_4e_phi_genbin1_recobin5 acc 0.0503 eff 0.0 outinratio 0.047 

ttH126_4e_phi_genbin1_recobin5 acc 0.0586 eff 0.0 outinratio 0.0112 

ggH126_4e_phi_genbin2_recobin5 acc 0.0467 eff 0.0054 outinratio 0.0023 

VBFH126_4e_phi_genbin2_recobin5 acc 0.0475 eff 0.0 outinratio 0.0 

WminusH126_4e_phi_genbin2_recobin5 acc 0.0449 eff 0.0 outinratio 0.0205 

WplusH126_4e_phi_genbin2_recobin5 acc 0.0399 eff 0.0 outinratio 0.0187 

ZH126_4e_phi_genbin2_recobin5 acc 0.0414 eff 0.0034 outinratio 0.047 

ttH126_4e_phi_genbin2_recobin5 acc 0.0468 eff 0.0 outinratio 0.0112 

ggH126_4e_phi_genbin3_recobin5 acc 0.0522 eff 0.0 outinratio 0.0023 

VBFH126_4e_phi_genbin3_recobin5 acc 0.0588 eff 0.0 outinratio 0.0 

WminusH126_4e_phi_genbin3_recobin5 acc 0.0433 eff 0.0 outinratio 0.0205 

WplusH126_4e_phi_genbin3_recobin5 acc 0.0421 eff 0.0 outinratio 0.0187 

ZH126_4e_phi_genbin3_recobin5 acc 0.0405 eff 0.0 outinratio 0.047 

ttH126_4e_phi_genbin3_recobin5 acc 0.0581 eff 0.0 outinratio 0.0112 

ggH126_4e_phi_genbin4_recobin5 acc 0.0553 eff 0.0063 outinratio 0.0023 

VBFH126_4e_phi_genbin4_recobin5 acc 0.052 eff 0.0 outinratio 0.0 

WminusH126_4e_phi_genbin4_recobin5 acc 0.05 eff 0.0143 outinratio 0.0205 

WplusH126_4e_phi_genbin4_recobin5 acc 0.0438 eff 0.0039 outinratio 0.0187 

ZH126_4e_phi_genbin4_recobin5 acc 0.0519 eff 0.008 outinratio 0.047 

ttH126_4e_phi_genbin4_recobin5 acc 0.0468 eff 0.011 outinratio 0.0112 

ggH126_4e_phi_genbin5_recobin5 acc 0.0442 eff 0.3585 outinratio 0.0023 

VBFH126_4e_phi_genbin5_recobin5 acc 0.0475 eff 0.4039 outinratio 0.0 

WminusH126_4e_phi_genbin5_recobin5 acc 0.047 eff 0.3989 outinratio 0.0205 

WplusH126_4e_phi_genbin5_recobin5 acc 0.0401 eff 0.3371 outinratio 0.0187 

ZH126_4e_phi_genbin5_recobin5 acc 0.042 eff 0.3582 outinratio 0.047 

ttH126_4e_phi_genbin5_recobin5 acc 0.05 eff 0.3485 outinratio 0.0112 

ggH126_4e_phi_genbin6_recobin5 acc 0.0566 eff 0.0056 outinratio 0.0023 

VBFH126_4e_phi_genbin6_recobin5 acc 0.052 eff 0.0201 outinratio 0.0 

WminusH126_4e_phi_genbin6_recobin5 acc 0.0511 eff 0.0104 outinratio 0.0205 

WplusH126_4e_phi_genbin6_recobin5 acc 0.043 eff 0.006 outinratio 0.0187 

ZH126_4e_phi_genbin6_recobin5 acc 0.0468 eff 0.0069 outinratio 0.047 

ttH126_4e_phi_genbin6_recobin5 acc 0.0613 eff -0.0017 outinratio 0.0112 

ggH126_4e_phi_genbin7_recobin5 acc 0.0632 eff 0.0 outinratio 0.0023 

VBFH126_4e_phi_genbin7_recobin5 acc 0.0671 eff 0.0 outinratio 0.0 

WminusH126_4e_phi_genbin7_recobin5 acc 0.0558 eff 0.0 outinratio 0.0205 

WplusH126_4e_phi_genbin7_recobin5 acc 0.053 eff 0.0 outinratio 0.0187 

ZH126_4e_phi_genbin7_recobin5 acc 0.0548 eff 0.0 outinratio 0.047 

ttH126_4e_phi_genbin7_recobin5 acc 0.0694 eff 0.0 outinratio 0.0112 

ggH126_4e_phi_genbin0_recobin6 acc 0.0597 eff 0.0 outinratio 0.0055 

VBFH126_4e_phi_genbin0_recobin6 acc 0.0588 eff 0.0 outinratio 0.0 

WminusH126_4e_phi_genbin0_recobin6 acc 0.0619 eff 0.0 outinratio 0.0367 

WplusH126_4e_phi_genbin0_recobin6 acc 0.0492 eff 0.0 outinratio 0.0403 

ZH126_4e_phi_genbin0_recobin6 acc 0.0535 eff 0.0 outinratio 0.0407 

ttH126_4e_phi_genbin0_recobin6 acc 0.0769 eff 0.0 outinratio 0.0326 

ggH126_4e_phi_genbin1_recobin6 acc 0.048 eff 0.0014 outinratio 0.0055 

VBFH126_4e_phi_genbin1_recobin6 acc 0.0626 eff 0.0 outinratio 0.0 

WminusH126_4e_phi_genbin1_recobin6 acc 0.0501 eff 0.0 outinratio 0.0367 

WplusH126_4e_phi_genbin1_recobin6 acc 0.043 eff 0.001 outinratio 0.0403 

ZH126_4e_phi_genbin1_recobin6 acc 0.0503 eff 0.0 outinratio 0.0407 

ttH126_4e_phi_genbin1_recobin6 acc 0.0586 eff 0.0 outinratio 0.0326 

ggH126_4e_phi_genbin2_recobin6 acc 0.0467 eff 0.0028 outinratio 0.0055 

VBFH126_4e_phi_genbin2_recobin6 acc 0.0475 eff 0.0 outinratio 0.0 

WminusH126_4e_phi_genbin2_recobin6 acc 0.0449 eff 0.0 outinratio 0.0367 

WplusH126_4e_phi_genbin2_recobin6 acc 0.0399 eff 0.0 outinratio 0.0403 

ZH126_4e_phi_genbin2_recobin6 acc 0.0414 eff 0.0038 outinratio 0.0407 

ttH126_4e_phi_genbin2_recobin6 acc 0.0468 eff 0.0 outinratio 0.0326 

ggH126_4e_phi_genbin3_recobin6 acc 0.0522 eff 0.0 outinratio 0.0055 

VBFH126_4e_phi_genbin3_recobin6 acc 0.0588 eff 0.0 outinratio 0.0 

WminusH126_4e_phi_genbin3_recobin6 acc 0.0433 eff 0.0 outinratio 0.0367 

WplusH126_4e_phi_genbin3_recobin6 acc 0.0421 eff 0.0 outinratio 0.0403 

ZH126_4e_phi_genbin3_recobin6 acc 0.0405 eff 0.0 outinratio 0.0407 

ttH126_4e_phi_genbin3_recobin6 acc 0.0581 eff 0.0 outinratio 0.0326 

ggH126_4e_phi_genbin4_recobin6 acc 0.0553 eff 0.0017 outinratio 0.0055 

VBFH126_4e_phi_genbin4_recobin6 acc 0.052 eff 0.0 outinratio 0.0 

WminusH126_4e_phi_genbin4_recobin6 acc 0.05 eff 0.0 outinratio 0.0367 

WplusH126_4e_phi_genbin4_recobin6 acc 0.0438 eff 0.0 outinratio 0.0403 

ZH126_4e_phi_genbin4_recobin6 acc 0.0519 eff 0.0 outinratio 0.0407 

ttH126_4e_phi_genbin4_recobin6 acc 0.0468 eff 0.0 outinratio 0.0326 

ggH126_4e_phi_genbin5_recobin6 acc 0.0442 eff 0.0067 outinratio 0.0055 

VBFH126_4e_phi_genbin5_recobin6 acc 0.0475 eff 0.0 outinratio 0.0 

WminusH126_4e_phi_genbin5_recobin6 acc 0.047 eff 0.0052 outinratio 0.0367 

WplusH126_4e_phi_genbin5_recobin6 acc 0.0401 eff 0.0078 outinratio 0.0403 

ZH126_4e_phi_genbin5_recobin6 acc 0.042 eff 0.0102 outinratio 0.0407 

ttH126_4e_phi_genbin5_recobin6 acc 0.05 eff 0.0337 outinratio 0.0326 

ggH126_4e_phi_genbin6_recobin6 acc 0.0566 eff 0.3281 outinratio 0.0055 

VBFH126_4e_phi_genbin6_recobin6 acc 0.052 eff 0.4747 outinratio 0.0 

WminusH126_4e_phi_genbin6_recobin6 acc 0.0511 eff 0.3199 outinratio 0.0367 

WplusH126_4e_phi_genbin6_recobin6 acc 0.043 eff 0.3541 outinratio 0.0403 

ZH126_4e_phi_genbin6_recobin6 acc 0.0468 eff 0.3608 outinratio 0.0407 

ttH126_4e_phi_genbin6_recobin6 acc 0.0613 eff 0.2992 outinratio 0.0326 

ggH126_4e_phi_genbin7_recobin6 acc 0.0632 eff 0.0109 outinratio 0.0055 

VBFH126_4e_phi_genbin7_recobin6 acc 0.0671 eff 0.0161 outinratio 0.0 

WminusH126_4e_phi_genbin7_recobin6 acc 0.0558 eff 0.0 outinratio 0.0367 

WplusH126_4e_phi_genbin7_recobin6 acc 0.053 eff 0.005 outinratio 0.0403 

ZH126_4e_phi_genbin7_recobin6 acc 0.0548 eff 0.0084 outinratio 0.0407 

ttH126_4e_phi_genbin7_recobin6 acc 0.0694 eff 0.0076 outinratio 0.0326 

ggH126_4e_phi_genbin0_recobin7 acc 0.0597 eff 0.0 outinratio 0.0098 

VBFH126_4e_phi_genbin0_recobin7 acc 0.0588 eff 0.0 outinratio 0.0288 

WminusH126_4e_phi_genbin0_recobin7 acc 0.0619 eff 0.0062 outinratio 0.0172 

WplusH126_4e_phi_genbin0_recobin7 acc 0.0492 eff 0.0 outinratio 0.0254 

ZH126_4e_phi_genbin0_recobin7 acc 0.0535 eff 0.0 outinratio 0.0357 

ttH126_4e_phi_genbin0_recobin7 acc 0.0769 eff 0.0 outinratio 0.0779 

ggH126_4e_phi_genbin1_recobin7 acc 0.048 eff 0.0004 outinratio 0.0098 

VBFH126_4e_phi_genbin1_recobin7 acc 0.0626 eff 0.0 outinratio 0.0288 

WminusH126_4e_phi_genbin1_recobin7 acc 0.0501 eff 0.0 outinratio 0.0172 

WplusH126_4e_phi_genbin1_recobin7 acc 0.043 eff 0.0 outinratio 0.0254 

ZH126_4e_phi_genbin1_recobin7 acc 0.0503 eff 0.0 outinratio 0.0357 

ttH126_4e_phi_genbin1_recobin7 acc 0.0586 eff 0.0 outinratio 0.0779 

ggH126_4e_phi_genbin2_recobin7 acc 0.0467 eff 0.0 outinratio 0.0098 

VBFH126_4e_phi_genbin2_recobin7 acc 0.0475 eff 0.0 outinratio 0.0288 

WminusH126_4e_phi_genbin2_recobin7 acc 0.0449 eff 0.0 outinratio 0.0172 

WplusH126_4e_phi_genbin2_recobin7 acc 0.0399 eff 0.0 outinratio 0.0254 

ZH126_4e_phi_genbin2_recobin7 acc 0.0414 eff 0.0 outinratio 0.0357 

ttH126_4e_phi_genbin2_recobin7 acc 0.0468 eff 0.0 outinratio 0.0779 

ggH126_4e_phi_genbin3_recobin7 acc 0.0522 eff 0.0024 outinratio 0.0098 

VBFH126_4e_phi_genbin3_recobin7 acc 0.0588 eff 0.0 outinratio 0.0288 

WminusH126_4e_phi_genbin3_recobin7 acc 0.0433 eff 0.0 outinratio 0.0172 

WplusH126_4e_phi_genbin3_recobin7 acc 0.0421 eff 0.0 outinratio 0.0254 

ZH126_4e_phi_genbin3_recobin7 acc 0.0405 eff 0.0 outinratio 0.0357 

ttH126_4e_phi_genbin3_recobin7 acc 0.0581 eff 0.0 outinratio 0.0779 

ggH126_4e_phi_genbin4_recobin7 acc 0.0553 eff 0.0 outinratio 0.0098 

VBFH126_4e_phi_genbin4_recobin7 acc 0.052 eff 0.0 outinratio 0.0288 

WminusH126_4e_phi_genbin4_recobin7 acc 0.05 eff 0.0 outinratio 0.0172 

WplusH126_4e_phi_genbin4_recobin7 acc 0.0438 eff 0.0 outinratio 0.0254 

ZH126_4e_phi_genbin4_recobin7 acc 0.0519 eff 0.0 outinratio 0.0357 

ttH126_4e_phi_genbin4_recobin7 acc 0.0468 eff 0.0 outinratio 0.0779 

ggH126_4e_phi_genbin5_recobin7 acc 0.0442 eff 0.0 outinratio 0.0098 

VBFH126_4e_phi_genbin5_recobin7 acc 0.0475 eff 0.0 outinratio 0.0288 

WminusH126_4e_phi_genbin5_recobin7 acc 0.047 eff 0.0 outinratio 0.0172 

WplusH126_4e_phi_genbin5_recobin7 acc 0.0401 eff 0.0 outinratio 0.0254 

ZH126_4e_phi_genbin5_recobin7 acc 0.042 eff 0.0 outinratio 0.0357 

ttH126_4e_phi_genbin5_recobin7 acc 0.05 eff 0.0 outinratio 0.0779 

ggH126_4e_phi_genbin6_recobin7 acc 0.0566 eff 0.0048 outinratio 0.0098 

VBFH126_4e_phi_genbin6_recobin7 acc 0.052 eff 0.0 outinratio 0.0288 

WminusH126_4e_phi_genbin6_recobin7 acc 0.0511 eff 0.007 outinratio 0.0172 

WplusH126_4e_phi_genbin6_recobin7 acc 0.043 eff 0.0115 outinratio 0.0254 

ZH126_4e_phi_genbin6_recobin7 acc 0.0468 eff 0.0039 outinratio 0.0357 

ttH126_4e_phi_genbin6_recobin7 acc 0.0613 eff 0.0406 outinratio 0.0779 

ggH126_4e_phi_genbin7_recobin7 acc 0.0632 eff 0.3561 outinratio 0.0098 

VBFH126_4e_phi_genbin7_recobin7 acc 0.0671 eff 0.3282 outinratio 0.0288 

WminusH126_4e_phi_genbin7_recobin7 acc 0.0558 eff 0.3881 outinratio 0.0172 

WplusH126_4e_phi_genbin7_recobin7 acc 0.053 eff 0.3696 outinratio 0.0254 

ZH126_4e_phi_genbin7_recobin7 acc 0.0548 eff 0.366 outinratio 0.0357 

ttH126_4e_phi_genbin7_recobin7 acc 0.0694 eff 0.3102 outinratio 0.0779 

ggH126_4mu_phi_genbin0_recobin0 acc 0.0694 eff 0.613 outinratio 0.0151 

VBFH126_4mu_phi_genbin0_recobin0 acc 0.0743 eff 0.6787 outinratio 0.0091 

WminusH126_4mu_phi_genbin0_recobin0 acc 0.0662 eff 0.5767 outinratio 0.0191 

WplusH126_4mu_phi_genbin0_recobin0 acc 0.0573 eff 0.5453 outinratio 0.0071 

ZH126_4mu_phi_genbin0_recobin0 acc 0.0594 eff 0.5589 outinratio 0.046 

ttH126_4mu_phi_genbin0_recobin0 acc 0.0777 eff 0.437 outinratio 0.0252 

ggH126_4mu_phi_genbin1_recobin0 acc 0.0601 eff 0.0065 outinratio 0.0151 

VBFH126_4mu_phi_genbin1_recobin0 acc 0.062 eff 0.0114 outinratio 0.0091 

WminusH126_4mu_phi_genbin1_recobin0 acc 0.055 eff 0.0047 outinratio 0.0191 

WplusH126_4mu_phi_genbin1_recobin0 acc 0.0479 eff 0.0049 outinratio 0.0071 

ZH126_4mu_phi_genbin1_recobin0 acc 0.0493 eff 0.0061 outinratio 0.046 

ttH126_4mu_phi_genbin1_recobin0 acc 0.0744 eff 0.0187 outinratio 0.0252 

ggH126_4mu_phi_genbin2_recobin0 acc 0.0517 eff 0.0 outinratio 0.0151 

VBFH126_4mu_phi_genbin2_recobin0 acc 0.0505 eff 0.0 outinratio 0.0091 

WminusH126_4mu_phi_genbin2_recobin0 acc 0.047 eff 0.0 outinratio 0.0191 

WplusH126_4mu_phi_genbin2_recobin0 acc 0.0419 eff 0.0 outinratio 0.0071 

ZH126_4mu_phi_genbin2_recobin0 acc 0.0499 eff 0.0 outinratio 0.046 

ttH126_4mu_phi_genbin2_recobin0 acc 0.0513 eff 0.0 outinratio 0.0252 

ggH126_4mu_phi_genbin3_recobin0 acc 0.0631 eff 0.0 outinratio 0.0151 

VBFH126_4mu_phi_genbin3_recobin0 acc 0.0582 eff 0.0 outinratio 0.0091 

WminusH126_4mu_phi_genbin3_recobin0 acc 0.0515 eff 0.0 outinratio 0.0191 

WplusH126_4mu_phi_genbin3_recobin0 acc 0.0454 eff 0.0 outinratio 0.0071 

ZH126_4mu_phi_genbin3_recobin0 acc 0.0478 eff 0.0 outinratio 0.046 

ttH126_4mu_phi_genbin3_recobin0 acc 0.0662 eff 0.0 outinratio 0.0252 

ggH126_4mu_phi_genbin4_recobin0 acc 0.0596 eff 0.0017 outinratio 0.0151 

VBFH126_4mu_phi_genbin4_recobin0 acc 0.062 eff 0.0 outinratio 0.0091 

WminusH126_4mu_phi_genbin4_recobin0 acc 0.054 eff 0.0028 outinratio 0.0191 

WplusH126_4mu_phi_genbin4_recobin0 acc 0.0449 eff 0.0 outinratio 0.0071 

ZH126_4mu_phi_genbin4_recobin0 acc 0.0491 eff 0.0 outinratio 0.046 

ttH126_4mu_phi_genbin4_recobin0 acc 0.065 eff 0.0 outinratio 0.0252 

ggH126_4mu_phi_genbin5_recobin0 acc 0.0512 eff 0.0 outinratio 0.0151 

VBFH126_4mu_phi_genbin5_recobin0 acc 0.072 eff 0.0 outinratio 0.0091 

WminusH126_4mu_phi_genbin5_recobin0 acc 0.0431 eff 0.0 outinratio 0.0191 

WplusH126_4mu_phi_genbin5_recobin0 acc 0.0433 eff 0.0 outinratio 0.0071 

ZH126_4mu_phi_genbin5_recobin0 acc 0.0422 eff 0.0 outinratio 0.046 

ttH126_4mu_phi_genbin5_recobin0 acc 0.059 eff 0.0 outinratio 0.0252 

ggH126_4mu_phi_genbin6_recobin0 acc 0.0592 eff 0.0 outinratio 0.0151 

VBFH126_4mu_phi_genbin6_recobin0 acc 0.0658 eff 0.0 outinratio 0.0091 

WminusH126_4mu_phi_genbin6_recobin0 acc 0.0554 eff 0.0006 outinratio 0.0191 

WplusH126_4mu_phi_genbin6_recobin0 acc 0.0458 eff 0.0 outinratio 0.0071 

ZH126_4mu_phi_genbin6_recobin0 acc 0.0484 eff 0.0 outinratio 0.046 

ttH126_4mu_phi_genbin6_recobin0 acc 0.0639 eff 0.0 outinratio 0.0252 

ggH126_4mu_phi_genbin7_recobin0 acc 0.0671 eff 0.0008 outinratio 0.0151 

VBFH126_4mu_phi_genbin7_recobin0 acc 0.0712 eff 0.0 outinratio 0.0091 

WminusH126_4mu_phi_genbin7_recobin0 acc 0.0633 eff 0.0016 outinratio 0.0191 

WplusH126_4mu_phi_genbin7_recobin0 acc 0.0593 eff 0.002 outinratio 0.0071 

ZH126_4mu_phi_genbin7_recobin0 acc 0.0545 eff 0.0028 outinratio 0.046 

ttH126_4mu_phi_genbin7_recobin0 acc 0.0606 eff 0.0 outinratio 0.0252 

ggH126_4mu_phi_genbin0_recobin1 acc 0.0694 eff 0.0015 outinratio 0.0033 

VBFH126_4mu_phi_genbin0_recobin1 acc 0.0743 eff 0.0031 outinratio 0.0 

WminusH126_4mu_phi_genbin0_recobin1 acc 0.0662 eff 0.0027 outinratio 0.0045 

WplusH126_4mu_phi_genbin0_recobin1 acc 0.0573 eff 0.0055 outinratio 0.0039 

ZH126_4mu_phi_genbin0_recobin1 acc 0.0594 eff -0.0 outinratio 0.0846 

ttH126_4mu_phi_genbin0_recobin1 acc 0.0777 eff 0.0073 outinratio 0.0 

ggH126_4mu_phi_genbin1_recobin1 acc 0.0601 eff 0.6235 outinratio 0.0033 

VBFH126_4mu_phi_genbin1_recobin1 acc 0.062 eff 0.6127 outinratio 0.0 

WminusH126_4mu_phi_genbin1_recobin1 acc 0.055 eff 0.5362 outinratio 0.0045 

WplusH126_4mu_phi_genbin1_recobin1 acc 0.0479 eff 0.5798 outinratio 0.0039 

ZH126_4mu_phi_genbin1_recobin1 acc 0.0493 eff 0.5379 outinratio 0.0846 

ttH126_4mu_phi_genbin1_recobin1 acc 0.0744 eff 0.4544 outinratio 0.0 

ggH126_4mu_phi_genbin2_recobin1 acc 0.0517 eff 0.009 outinratio 0.0033 

VBFH126_4mu_phi_genbin2_recobin1 acc 0.0505 eff 0.0 outinratio 0.0 

WminusH126_4mu_phi_genbin2_recobin1 acc 0.047 eff 0.0052 outinratio 0.0045 

WplusH126_4mu_phi_genbin2_recobin1 acc 0.0419 eff 0.0013 outinratio 0.0039 

ZH126_4mu_phi_genbin2_recobin1 acc 0.0499 eff 0.0058 outinratio 0.0846 

ttH126_4mu_phi_genbin2_recobin1 acc 0.0513 eff 0.0105 outinratio 0.0 

ggH126_4mu_phi_genbin3_recobin1 acc 0.0631 eff 0.0 outinratio 0.0033 

VBFH126_4mu_phi_genbin3_recobin1 acc 0.0582 eff 0.0 outinratio 0.0 

WminusH126_4mu_phi_genbin3_recobin1 acc 0.0515 eff 0.0 outinratio 0.0045 

WplusH126_4mu_phi_genbin3_recobin1 acc 0.0454 eff 0.0 outinratio 0.0039 

ZH126_4mu_phi_genbin3_recobin1 acc 0.0478 eff 0.0 outinratio 0.0846 

ttH126_4mu_phi_genbin3_recobin1 acc 0.0662 eff 0.0 outinratio 0.0 

ggH126_4mu_phi_genbin4_recobin1 acc 0.0596 eff 0.0 outinratio 0.0033 

VBFH126_4mu_phi_genbin4_recobin1 acc 0.062 eff 0.0 outinratio 0.0 

WminusH126_4mu_phi_genbin4_recobin1 acc 0.054 eff 0.0 outinratio 0.0045 

WplusH126_4mu_phi_genbin4_recobin1 acc 0.0449 eff 0.0004 outinratio 0.0039 

ZH126_4mu_phi_genbin4_recobin1 acc 0.0491 eff 0.0 outinratio 0.0846 

ttH126_4mu_phi_genbin4_recobin1 acc 0.065 eff 0.0 outinratio 0.0 

ggH126_4mu_phi_genbin5_recobin1 acc 0.0512 eff 0.0 outinratio 0.0033 

VBFH126_4mu_phi_genbin5_recobin1 acc 0.072 eff 0.0 outinratio 0.0 

WminusH126_4mu_phi_genbin5_recobin1 acc 0.0431 eff 0.0011 outinratio 0.0045 

WplusH126_4mu_phi_genbin5_recobin1 acc 0.0433 eff 0.0 outinratio 0.0039 

ZH126_4mu_phi_genbin5_recobin1 acc 0.0422 eff 0.0036 outinratio 0.0846 

ttH126_4mu_phi_genbin5_recobin1 acc 0.059 eff 0.0 outinratio 0.0 

ggH126_4mu_phi_genbin6_recobin1 acc 0.0592 eff 0.0032 outinratio 0.0033 

VBFH126_4mu_phi_genbin6_recobin1 acc 0.0658 eff 0.0 outinratio 0.0 

WminusH126_4mu_phi_genbin6_recobin1 acc 0.0554 eff 0.0 outinratio 0.0045 

WplusH126_4mu_phi_genbin6_recobin1 acc 0.0458 eff 0.0 outinratio 0.0039 

ZH126_4mu_phi_genbin6_recobin1 acc 0.0484 eff 0.0038 outinratio 0.0846 

ttH126_4mu_phi_genbin6_recobin1 acc 0.0639 eff 0.0 outinratio 0.0 

ggH126_4mu_phi_genbin7_recobin1 acc 0.0671 eff 0.0 outinratio 0.0033 

VBFH126_4mu_phi_genbin7_recobin1 acc 0.0712 eff 0.0 outinratio 0.0 

WminusH126_4mu_phi_genbin7_recobin1 acc 0.0633 eff 0.0 outinratio 0.0045 

WplusH126_4mu_phi_genbin7_recobin1 acc 0.0593 eff 0.0 outinratio 0.0039 

ZH126_4mu_phi_genbin7_recobin1 acc 0.0545 eff 0.0 outinratio 0.0846 

ttH126_4mu_phi_genbin7_recobin1 acc 0.0606 eff 0.0 outinratio 0.0 

ggH126_4mu_phi_genbin0_recobin2 acc 0.0694 eff 0.0 outinratio 0.0079 

VBFH126_4mu_phi_genbin0_recobin2 acc 0.0743 eff 0.0 outinratio 0.0 

WminusH126_4mu_phi_genbin0_recobin2 acc 0.0662 eff 0.0 outinratio 0.0042 

WplusH126_4mu_phi_genbin0_recobin2 acc 0.0573 eff 0.0 outinratio 0.0008 

ZH126_4mu_phi_genbin0_recobin2 acc 0.0594 eff 0.0 outinratio 0.0374 

ttH126_4mu_phi_genbin0_recobin2 acc 0.0777 eff 0.0 outinratio 0.0387 

ggH126_4mu_phi_genbin1_recobin2 acc 0.0601 eff 0.0007 outinratio 0.0079 

VBFH126_4mu_phi_genbin1_recobin2 acc 0.062 eff 0.0049 outinratio 0.0 

WminusH126_4mu_phi_genbin1_recobin2 acc 0.055 eff 0.0145 outinratio 0.0042 

WplusH126_4mu_phi_genbin1_recobin2 acc 0.0479 eff 0.0035 outinratio 0.0008 

ZH126_4mu_phi_genbin1_recobin2 acc 0.0493 eff 0.0059 outinratio 0.0374 

ttH126_4mu_phi_genbin1_recobin2 acc 0.0744 eff 0.0056 outinratio 0.0387 

ggH126_4mu_phi_genbin2_recobin2 acc 0.0517 eff 0.602 outinratio 0.0079 

VBFH126_4mu_phi_genbin2_recobin2 acc 0.0505 eff 0.6242 outinratio 0.0 

WminusH126_4mu_phi_genbin2_recobin2 acc 0.047 eff 0.5378 outinratio 0.0042 

WplusH126_4mu_phi_genbin2_recobin2 acc 0.0419 eff 0.5643 outinratio 0.0008 

ZH126_4mu_phi_genbin2_recobin2 acc 0.0499 eff 0.5895 outinratio 0.0374 

ttH126_4mu_phi_genbin2_recobin2 acc 0.0513 eff 0.3555 outinratio 0.0387 

ggH126_4mu_phi_genbin3_recobin2 acc 0.0631 eff 0.0068 outinratio 0.0079 

VBFH126_4mu_phi_genbin3_recobin2 acc 0.0582 eff 0.0 outinratio 0.0 

WminusH126_4mu_phi_genbin3_recobin2 acc 0.0515 eff 0.0 outinratio 0.0042 

WplusH126_4mu_phi_genbin3_recobin2 acc 0.0454 eff 0.0033 outinratio 0.0008 

ZH126_4mu_phi_genbin3_recobin2 acc 0.0478 eff 0.0108 outinratio 0.0374 

ttH126_4mu_phi_genbin3_recobin2 acc 0.0662 eff 0.0 outinratio 0.0387 

ggH126_4mu_phi_genbin4_recobin2 acc 0.0596 eff 0.0018 outinratio 0.0079 

VBFH126_4mu_phi_genbin4_recobin2 acc 0.062 eff 0.0 outinratio 0.0 

WminusH126_4mu_phi_genbin4_recobin2 acc 0.054 eff 0.0048 outinratio 0.0042 

WplusH126_4mu_phi_genbin4_recobin2 acc 0.0449 eff 0.0017 outinratio 0.0008 

ZH126_4mu_phi_genbin4_recobin2 acc 0.0491 eff 0.0 outinratio 0.0374 

ttH126_4mu_phi_genbin4_recobin2 acc 0.065 eff 0.0 outinratio 0.0387 

ggH126_4mu_phi_genbin5_recobin2 acc 0.0512 eff 0.0028 outinratio 0.0079 

VBFH126_4mu_phi_genbin5_recobin2 acc 0.072 eff 0.0 outinratio 0.0 

WminusH126_4mu_phi_genbin5_recobin2 acc 0.0431 eff 0.0063 outinratio 0.0042 

WplusH126_4mu_phi_genbin5_recobin2 acc 0.0433 eff 0.0012 outinratio 0.0008 

ZH126_4mu_phi_genbin5_recobin2 acc 0.0422 eff 0.0049 outinratio 0.0374 

ttH126_4mu_phi_genbin5_recobin2 acc 0.059 eff 0.0 outinratio 0.0387 

ggH126_4mu_phi_genbin6_recobin2 acc 0.0592 eff 0.0 outinratio 0.0079 

VBFH126_4mu_phi_genbin6_recobin2 acc 0.0658 eff 0.0 outinratio 0.0 

WminusH126_4mu_phi_genbin6_recobin2 acc 0.0554 eff 0.0 outinratio 0.0042 

WplusH126_4mu_phi_genbin6_recobin2 acc 0.0458 eff 0.0 outinratio 0.0008 

ZH126_4mu_phi_genbin6_recobin2 acc 0.0484 eff 0.0062 outinratio 0.0374 

ttH126_4mu_phi_genbin6_recobin2 acc 0.0639 eff 0.0 outinratio 0.0387 

ggH126_4mu_phi_genbin7_recobin2 acc 0.0671 eff 0.0 outinratio 0.0079 

VBFH126_4mu_phi_genbin7_recobin2 acc 0.0712 eff 0.0 outinratio 0.0 

WminusH126_4mu_phi_genbin7_recobin2 acc 0.0633 eff 0.0 outinratio 0.0042 

WplusH126_4mu_phi_genbin7_recobin2 acc 0.0593 eff 0.0 outinratio 0.0008 

ZH126_4mu_phi_genbin7_recobin2 acc 0.0545 eff 0.0 outinratio 0.0374 

ttH126_4mu_phi_genbin7_recobin2 acc 0.0606 eff 0.0 outinratio 0.0387 

ggH126_4mu_phi_genbin0_recobin3 acc 0.0694 eff 0.0 outinratio 0.0057 

VBFH126_4mu_phi_genbin0_recobin3 acc 0.0743 eff 0.0 outinratio 0.0 

WminusH126_4mu_phi_genbin0_recobin3 acc 0.0662 eff 0.0 outinratio 0.0159 

WplusH126_4mu_phi_genbin0_recobin3 acc 0.0573 eff 0.0 outinratio 0.0145 

ZH126_4mu_phi_genbin0_recobin3 acc 0.0594 eff 0.0 outinratio 0.0751 

ttH126_4mu_phi_genbin0_recobin3 acc 0.0777 eff 0.0 outinratio 0.0 

ggH126_4mu_phi_genbin1_recobin3 acc 0.0601 eff 0.0 outinratio 0.0057 

VBFH126_4mu_phi_genbin1_recobin3 acc 0.062 eff 0.0 outinratio 0.0 

WminusH126_4mu_phi_genbin1_recobin3 acc 0.055 eff 0.0 outinratio 0.0159 

WplusH126_4mu_phi_genbin1_recobin3 acc 0.0479 eff 0.0 outinratio 0.0145 

ZH126_4mu_phi_genbin1_recobin3 acc 0.0493 eff 0.001 outinratio 0.0751 

ttH126_4mu_phi_genbin1_recobin3 acc 0.0744 eff 0.0 outinratio 0.0 

ggH126_4mu_phi_genbin2_recobin3 acc 0.0517 eff 0.0058 outinratio 0.0057 

VBFH126_4mu_phi_genbin2_recobin3 acc 0.0505 eff 0.0 outinratio 0.0 

WminusH126_4mu_phi_genbin2_recobin3 acc 0.047 eff 0.0 outinratio 0.0159 

WplusH126_4mu_phi_genbin2_recobin3 acc 0.0419 eff 0.0028 outinratio 0.0145 

ZH126_4mu_phi_genbin2_recobin3 acc 0.0499 eff 0.0047 outinratio 0.0751 

ttH126_4mu_phi_genbin2_recobin3 acc 0.0513 eff 0.0 outinratio 0.0 

ggH126_4mu_phi_genbin3_recobin3 acc 0.0631 eff 0.5475 outinratio 0.0057 

VBFH126_4mu_phi_genbin3_recobin3 acc 0.0582 eff 0.5565 outinratio 0.0 

WminusH126_4mu_phi_genbin3_recobin3 acc 0.0515 eff 0.5633 outinratio 0.0159 

WplusH126_4mu_phi_genbin3_recobin3 acc 0.0454 eff 0.5589 outinratio 0.0145 

ZH126_4mu_phi_genbin3_recobin3 acc 0.0478 eff 0.5526 outinratio 0.0751 

ttH126_4mu_phi_genbin3_recobin3 acc 0.0662 eff 0.4367 outinratio 0.0 

ggH126_4mu_phi_genbin4_recobin3 acc 0.0596 eff 0.0018 outinratio 0.0057 

VBFH126_4mu_phi_genbin4_recobin3 acc 0.062 eff 0.0 outinratio 0.0 

WminusH126_4mu_phi_genbin4_recobin3 acc 0.054 eff 0.0 outinratio 0.0159 

WplusH126_4mu_phi_genbin4_recobin3 acc 0.0449 eff 0.002 outinratio 0.0145 

ZH126_4mu_phi_genbin4_recobin3 acc 0.0491 eff 0.0042 outinratio 0.0751 

ttH126_4mu_phi_genbin4_recobin3 acc 0.065 eff 0.0 outinratio 0.0 

ggH126_4mu_phi_genbin5_recobin3 acc 0.0512 eff 0.0 outinratio 0.0057 

VBFH126_4mu_phi_genbin5_recobin3 acc 0.072 eff 0.0 outinratio 0.0 

WminusH126_4mu_phi_genbin5_recobin3 acc 0.0431 eff 0.0 outinratio 0.0159 

WplusH126_4mu_phi_genbin5_recobin3 acc 0.0433 eff 0.0 outinratio 0.0145 

ZH126_4mu_phi_genbin5_recobin3 acc 0.0422 eff 0.0 outinratio 0.0751 

ttH126_4mu_phi_genbin5_recobin3 acc 0.059 eff 0.0 outinratio 0.0 

ggH126_4mu_phi_genbin6_recobin3 acc 0.0592 eff 0.0 outinratio 0.0057 

VBFH126_4mu_phi_genbin6_recobin3 acc 0.0658 eff 0.0 outinratio 0.0 

WminusH126_4mu_phi_genbin6_recobin3 acc 0.0554 eff 0.0 outinratio 0.0159 

WplusH126_4mu_phi_genbin6_recobin3 acc 0.0458 eff 0.0 outinratio 0.0145 

ZH126_4mu_phi_genbin6_recobin3 acc 0.0484 eff 0.0 outinratio 0.0751 

ttH126_4mu_phi_genbin6_recobin3 acc 0.0639 eff 0.0 outinratio 0.0 

ggH126_4mu_phi_genbin7_recobin3 acc 0.0671 eff 0.0003 outinratio 0.0057 

VBFH126_4mu_phi_genbin7_recobin3 acc 0.0712 eff 0.0 outinratio 0.0 

WminusH126_4mu_phi_genbin7_recobin3 acc 0.0633 eff 0.0 outinratio 0.0159 

WplusH126_4mu_phi_genbin7_recobin3 acc 0.0593 eff 0.0 outinratio 0.0145 

ZH126_4mu_phi_genbin7_recobin3 acc 0.0545 eff 0.0005 outinratio 0.0751 

ttH126_4mu_phi_genbin7_recobin3 acc 0.0606 eff 0.0 outinratio 0.0 

ggH126_4mu_phi_genbin0_recobin4 acc 0.0694 eff 0.0 outinratio 0.0084 

VBFH126_4mu_phi_genbin0_recobin4 acc 0.0743 eff 0.0 outinratio 0.0 

WminusH126_4mu_phi_genbin0_recobin4 acc 0.0662 eff 0.0 outinratio 0.007 

WplusH126_4mu_phi_genbin0_recobin4 acc 0.0573 eff 0.0 outinratio 0.0172 

ZH126_4mu_phi_genbin0_recobin4 acc 0.0594 eff 0.0026 outinratio 0.0321 

ttH126_4mu_phi_genbin0_recobin4 acc 0.0777 eff 0.0 outinratio 0.0848 

ggH126_4mu_phi_genbin1_recobin4 acc 0.0601 eff 0.0019 outinratio 0.0084 

VBFH126_4mu_phi_genbin1_recobin4 acc 0.062 eff 0.0 outinratio 0.0 

WminusH126_4mu_phi_genbin1_recobin4 acc 0.055 eff 0.0 outinratio 0.007 

WplusH126_4mu_phi_genbin1_recobin4 acc 0.0479 eff 0.0022 outinratio 0.0172 

ZH126_4mu_phi_genbin1_recobin4 acc 0.0493 eff 0.0 outinratio 0.0321 

ttH126_4mu_phi_genbin1_recobin4 acc 0.0744 eff 0.0 outinratio 0.0848 

ggH126_4mu_phi_genbin2_recobin4 acc 0.0517 eff 0.0 outinratio 0.0084 

VBFH126_4mu_phi_genbin2_recobin4 acc 0.0505 eff 0.0 outinratio 0.0 

WminusH126_4mu_phi_genbin2_recobin4 acc 0.047 eff 0.0 outinratio 0.007 

WplusH126_4mu_phi_genbin2_recobin4 acc 0.0419 eff 0.001 outinratio 0.0172 

ZH126_4mu_phi_genbin2_recobin4 acc 0.0499 eff 0.0 outinratio 0.0321 

ttH126_4mu_phi_genbin2_recobin4 acc 0.0513 eff 0.0 outinratio 0.0848 

ggH126_4mu_phi_genbin3_recobin4 acc 0.0631 eff 0.0046 outinratio 0.0084 

VBFH126_4mu_phi_genbin3_recobin4 acc 0.0582 eff 0.0 outinratio 0.0 

WminusH126_4mu_phi_genbin3_recobin4 acc 0.0515 eff 0.0 outinratio 0.007 

WplusH126_4mu_phi_genbin3_recobin4 acc 0.0454 eff 0.0026 outinratio 0.0172 

ZH126_4mu_phi_genbin3_recobin4 acc 0.0478 eff 0.0 outinratio 0.0321 

ttH126_4mu_phi_genbin3_recobin4 acc 0.0662 eff 0.003 outinratio 0.0848 

ggH126_4mu_phi_genbin4_recobin4 acc 0.0596 eff 0.5938 outinratio 0.0084 

VBFH126_4mu_phi_genbin4_recobin4 acc 0.062 eff 0.635 outinratio 0.0 

WminusH126_4mu_phi_genbin4_recobin4 acc 0.054 eff 0.5579 outinratio 0.007 

WplusH126_4mu_phi_genbin4_recobin4 acc 0.0449 eff 0.5478 outinratio 0.0172 

ZH126_4mu_phi_genbin4_recobin4 acc 0.0491 eff 0.5362 outinratio 0.0321 

ttH126_4mu_phi_genbin4_recobin4 acc 0.065 eff 0.3718 outinratio 0.0848 

ggH126_4mu_phi_genbin5_recobin4 acc 0.0512 eff 0.0065 outinratio 0.0084 

VBFH126_4mu_phi_genbin5_recobin4 acc 0.072 eff 0.0 outinratio 0.0 

WminusH126_4mu_phi_genbin5_recobin4 acc 0.0431 eff 0.0028 outinratio 0.007 

WplusH126_4mu_phi_genbin5_recobin4 acc 0.0433 eff 0.0004 outinratio 0.0172 

ZH126_4mu_phi_genbin5_recobin4 acc 0.0422 eff 0.0026 outinratio 0.0321 

ttH126_4mu_phi_genbin5_recobin4 acc 0.059 eff 0.0 outinratio 0.0848 

ggH126_4mu_phi_genbin6_recobin4 acc 0.0592 eff 0.0 outinratio 0.0084 

VBFH126_4mu_phi_genbin6_recobin4 acc 0.0658 eff 0.0 outinratio 0.0 

WminusH126_4mu_phi_genbin6_recobin4 acc 0.0554 eff 0.0 outinratio 0.007 

WplusH126_4mu_phi_genbin6_recobin4 acc 0.0458 eff 0.0011 outinratio 0.0172 

ZH126_4mu_phi_genbin6_recobin4 acc 0.0484 eff 0.0032 outinratio 0.0321 

ttH126_4mu_phi_genbin6_recobin4 acc 0.0639 eff 0.0 outinratio 0.0848 

ggH126_4mu_phi_genbin7_recobin4 acc 0.0671 eff 0.0 outinratio 0.0084 

VBFH126_4mu_phi_genbin7_recobin4 acc 0.0712 eff 0.0 outinratio 0.0 

WminusH126_4mu_phi_genbin7_recobin4 acc 0.0633 eff 0.0 outinratio 0.007 

WplusH126_4mu_phi_genbin7_recobin4 acc 0.0593 eff 0.0 outinratio 0.0172 

ZH126_4mu_phi_genbin7_recobin4 acc 0.0545 eff 0.0 outinratio 0.0321 

ttH126_4mu_phi_genbin7_recobin4 acc 0.0606 eff 0.0 outinratio 0.0848 

ggH126_4mu_phi_genbin0_recobin5 acc 0.0694 eff 0.0 outinratio 0.0012 

VBFH126_4mu_phi_genbin0_recobin5 acc 0.0743 eff 0.0 outinratio 0.0276 

WminusH126_4mu_phi_genbin0_recobin5 acc 0.0662 eff 0.0 outinratio 0.0187 

WplusH126_4mu_phi_genbin0_recobin5 acc 0.0573 eff 0.0 outinratio 0.0084 

ZH126_4mu_phi_genbin0_recobin5 acc 0.0594 eff 0.0 outinratio 0.076 

ttH126_4mu_phi_genbin0_recobin5 acc 0.0777 eff 0.0 outinratio 0.0083 

ggH126_4mu_phi_genbin1_recobin5 acc 0.0601 eff 0.0012 outinratio 0.0012 

VBFH126_4mu_phi_genbin1_recobin5 acc 0.062 eff 0.0 outinratio 0.0276 

WminusH126_4mu_phi_genbin1_recobin5 acc 0.055 eff 0.0015 outinratio 0.0187 

WplusH126_4mu_phi_genbin1_recobin5 acc 0.0479 eff 0.0 outinratio 0.0084 

ZH126_4mu_phi_genbin1_recobin5 acc 0.0493 eff 0.0 outinratio 0.076 

ttH126_4mu_phi_genbin1_recobin5 acc 0.0744 eff 0.0 outinratio 0.0083 

ggH126_4mu_phi_genbin2_recobin5 acc 0.0517 eff 0.0028 outinratio 0.0012 

VBFH126_4mu_phi_genbin2_recobin5 acc 0.0505 eff 0.0278 outinratio 0.0276 

WminusH126_4mu_phi_genbin2_recobin5 acc 0.047 eff 0.0067 outinratio 0.0187 

WplusH126_4mu_phi_genbin2_recobin5 acc 0.0419 eff 0.0015 outinratio 0.0084 

ZH126_4mu_phi_genbin2_recobin5 acc 0.0499 eff 0.0 outinratio 0.076 

ttH126_4mu_phi_genbin2_recobin5 acc 0.0513 eff 0.0089 outinratio 0.0083 

ggH126_4mu_phi_genbin3_recobin5 acc 0.0631 eff 0.0017 outinratio 0.0012 

VBFH126_4mu_phi_genbin3_recobin5 acc 0.0582 eff 0.0 outinratio 0.0276 

WminusH126_4mu_phi_genbin3_recobin5 acc 0.0515 eff 0.0 outinratio 0.0187 

WplusH126_4mu_phi_genbin3_recobin5 acc 0.0454 eff -0.0026 outinratio 0.0084 

ZH126_4mu_phi_genbin3_recobin5 acc 0.0478 eff 0.0 outinratio 0.076 

ttH126_4mu_phi_genbin3_recobin5 acc 0.0662 eff 0.0 outinratio 0.0083 

ggH126_4mu_phi_genbin4_recobin5 acc 0.0596 eff 0.0035 outinratio 0.0012 

VBFH126_4mu_phi_genbin4_recobin5 acc 0.062 eff 0.0 outinratio 0.0276 

WminusH126_4mu_phi_genbin4_recobin5 acc 0.054 eff 0.0063 outinratio 0.0187 

WplusH126_4mu_phi_genbin4_recobin5 acc 0.0449 eff 0.0046 outinratio 0.0084 

ZH126_4mu_phi_genbin4_recobin5 acc 0.0491 eff 0.0027 outinratio 0.076 

ttH126_4mu_phi_genbin4_recobin5 acc 0.065 eff 0.0104 outinratio 0.0083 

ggH126_4mu_phi_genbin5_recobin5 acc 0.0512 eff 0.5976 outinratio 0.0012 

VBFH126_4mu_phi_genbin5_recobin5 acc 0.072 eff 0.6427 outinratio 0.0276 

WminusH126_4mu_phi_genbin5_recobin5 acc 0.0431 eff 0.4706 outinratio 0.0187 

WplusH126_4mu_phi_genbin5_recobin5 acc 0.0433 eff 0.548 outinratio 0.0084 

ZH126_4mu_phi_genbin5_recobin5 acc 0.0422 eff 0.5214 outinratio 0.076 

ttH126_4mu_phi_genbin5_recobin5 acc 0.059 eff 0.4717 outinratio 0.0083 

ggH126_4mu_phi_genbin6_recobin5 acc 0.0592 eff 0.0084 outinratio 0.0012 

VBFH126_4mu_phi_genbin6_recobin5 acc 0.0658 eff 0.0 outinratio 0.0276 

WminusH126_4mu_phi_genbin6_recobin5 acc 0.0554 eff 0.0045 outinratio 0.0187 

WplusH126_4mu_phi_genbin6_recobin5 acc 0.0458 eff 0.0088 outinratio 0.0084 

ZH126_4mu_phi_genbin6_recobin5 acc 0.0484 eff 0.0021 outinratio 0.076 

ttH126_4mu_phi_genbin6_recobin5 acc 0.0639 eff 0.0026 outinratio 0.0083 

ggH126_4mu_phi_genbin7_recobin5 acc 0.0671 eff 0.0 outinratio 0.0012 

VBFH126_4mu_phi_genbin7_recobin5 acc 0.0712 eff 0.0 outinratio 0.0276 

WminusH126_4mu_phi_genbin7_recobin5 acc 0.0633 eff 0.0 outinratio 0.0187 

WplusH126_4mu_phi_genbin7_recobin5 acc 0.0593 eff 0.0 outinratio 0.0084 

ZH126_4mu_phi_genbin7_recobin5 acc 0.0545 eff 0.0 outinratio 0.076 

ttH126_4mu_phi_genbin7_recobin5 acc 0.0606 eff 0.0 outinratio 0.0083 

ggH126_4mu_phi_genbin0_recobin6 acc 0.0694 eff 0.0 outinratio 0.01 

VBFH126_4mu_phi_genbin0_recobin6 acc 0.0743 eff 0.0 outinratio 0.0065 

WminusH126_4mu_phi_genbin0_recobin6 acc 0.0662 eff 0.0 outinratio 0.0258 

WplusH126_4mu_phi_genbin0_recobin6 acc 0.0573 eff 0.0 outinratio 0.008 

ZH126_4mu_phi_genbin0_recobin6 acc 0.0594 eff 0.0 outinratio 0.0623 

ttH126_4mu_phi_genbin0_recobin6 acc 0.0777 eff 0.0 outinratio 0.0032 

ggH126_4mu_phi_genbin1_recobin6 acc 0.0601 eff 0.0004 outinratio 0.01 

VBFH126_4mu_phi_genbin1_recobin6 acc 0.062 eff 0.0 outinratio 0.0065 

WminusH126_4mu_phi_genbin1_recobin6 acc 0.055 eff 0.0 outinratio 0.0258 

WplusH126_4mu_phi_genbin1_recobin6 acc 0.0479 eff 0.0 outinratio 0.008 

ZH126_4mu_phi_genbin1_recobin6 acc 0.0493 eff 0.0 outinratio 0.0623 

ttH126_4mu_phi_genbin1_recobin6 acc 0.0744 eff 0.0 outinratio 0.0032 

ggH126_4mu_phi_genbin2_recobin6 acc 0.0517 eff 0.0 outinratio 0.01 

VBFH126_4mu_phi_genbin2_recobin6 acc 0.0505 eff 0.0 outinratio 0.0065 

WminusH126_4mu_phi_genbin2_recobin6 acc 0.047 eff 0.0 outinratio 0.0258 

WplusH126_4mu_phi_genbin2_recobin6 acc 0.0419 eff 0.0 outinratio 0.008 

ZH126_4mu_phi_genbin2_recobin6 acc 0.0499 eff 0.0038 outinratio 0.0623 

ttH126_4mu_phi_genbin2_recobin6 acc 0.0513 eff 0.0 outinratio 0.0032 

ggH126_4mu_phi_genbin3_recobin6 acc 0.0631 eff 0.0009 outinratio 0.01 

VBFH126_4mu_phi_genbin3_recobin6 acc 0.0582 eff 0.0136 outinratio 0.0065 

WminusH126_4mu_phi_genbin3_recobin6 acc 0.0515 eff 0.0 outinratio 0.0258 

WplusH126_4mu_phi_genbin3_recobin6 acc 0.0454 eff 0.0025 outinratio 0.008 

ZH126_4mu_phi_genbin3_recobin6 acc 0.0478 eff 0.0 outinratio 0.0623 

ttH126_4mu_phi_genbin3_recobin6 acc 0.0662 eff 0.0 outinratio 0.0032 

ggH126_4mu_phi_genbin4_recobin6 acc 0.0596 eff 0.0 outinratio 0.01 

VBFH126_4mu_phi_genbin4_recobin6 acc 0.062 eff 0.0 outinratio 0.0065 

WminusH126_4mu_phi_genbin4_recobin6 acc 0.054 eff 0.0 outinratio 0.0258 

WplusH126_4mu_phi_genbin4_recobin6 acc 0.0449 eff 0.0 outinratio 0.008 

ZH126_4mu_phi_genbin4_recobin6 acc 0.0491 eff 0.0 outinratio 0.0623 

ttH126_4mu_phi_genbin4_recobin6 acc 0.065 eff 0.0 outinratio 0.0032 

ggH126_4mu_phi_genbin5_recobin6 acc 0.0512 eff 0.0068 outinratio 0.01 

VBFH126_4mu_phi_genbin5_recobin6 acc 0.072 eff 0.0101 outinratio 0.0065 

WminusH126_4mu_phi_genbin5_recobin6 acc 0.0431 eff 0.0058 outinratio 0.0258 

WplusH126_4mu_phi_genbin5_recobin6 acc 0.0433 eff 0.0095 outinratio 0.008 

ZH126_4mu_phi_genbin5_recobin6 acc 0.0422 eff 0.0105 outinratio 0.0623 

ttH126_4mu_phi_genbin5_recobin6 acc 0.059 eff 0.0 outinratio 0.0032 

ggH126_4mu_phi_genbin6_recobin6 acc 0.0592 eff 0.6235 outinratio 0.01 

VBFH126_4mu_phi_genbin6_recobin6 acc 0.0658 eff 0.5762 outinratio 0.0065 

WminusH126_4mu_phi_genbin6_recobin6 acc 0.0554 eff 0.5715 outinratio 0.0258 

WplusH126_4mu_phi_genbin6_recobin6 acc 0.0458 eff 0.5684 outinratio 0.008 

ZH126_4mu_phi_genbin6_recobin6 acc 0.0484 eff 0.5608 outinratio 0.0623 

ttH126_4mu_phi_genbin6_recobin6 acc 0.0639 eff 0.4515 outinratio 0.0032 

ggH126_4mu_phi_genbin7_recobin6 acc 0.0671 eff 0.0044 outinratio 0.01 

VBFH126_4mu_phi_genbin7_recobin6 acc 0.0712 eff 0.0 outinratio 0.0065 

WminusH126_4mu_phi_genbin7_recobin6 acc 0.0633 eff 0.0006 outinratio 0.0258 

WplusH126_4mu_phi_genbin7_recobin6 acc 0.0593 eff -0.0001 outinratio 0.008 

ZH126_4mu_phi_genbin7_recobin6 acc 0.0545 eff 0.0057 outinratio 0.0623 

ttH126_4mu_phi_genbin7_recobin6 acc 0.0606 eff 0.0066 outinratio 0.0032 

ggH126_4mu_phi_genbin0_recobin7 acc 0.0694 eff 0.0052 outinratio 0.0055 

VBFH126_4mu_phi_genbin0_recobin7 acc 0.0743 eff 0.0 outinratio 0.0 

WminusH126_4mu_phi_genbin0_recobin7 acc 0.0662 eff 0.0 outinratio 0.009 

WplusH126_4mu_phi_genbin0_recobin7 acc 0.0573 eff 0.0006 outinratio 0.0071 

ZH126_4mu_phi_genbin0_recobin7 acc 0.0594 eff 0.0039 outinratio 0.0566 

ttH126_4mu_phi_genbin0_recobin7 acc 0.0777 eff 0.0097 outinratio 0.0455 

ggH126_4mu_phi_genbin1_recobin7 acc 0.0601 eff 0.003 outinratio 0.0055 

VBFH126_4mu_phi_genbin1_recobin7 acc 0.062 eff 0.0 outinratio 0.0 

WminusH126_4mu_phi_genbin1_recobin7 acc 0.055 eff 0.0 outinratio 0.009 

WplusH126_4mu_phi_genbin1_recobin7 acc 0.0479 eff 0.0 outinratio 0.0071 

ZH126_4mu_phi_genbin1_recobin7 acc 0.0493 eff 0.0 outinratio 0.0566 

ttH126_4mu_phi_genbin1_recobin7 acc 0.0744 eff 0.0 outinratio 0.0455 

ggH126_4mu_phi_genbin2_recobin7 acc 0.0517 eff 0.0 outinratio 0.0055 

VBFH126_4mu_phi_genbin2_recobin7 acc 0.0505 eff 0.0 outinratio 0.0 

WminusH126_4mu_phi_genbin2_recobin7 acc 0.047 eff 0.0 outinratio 0.009 

WplusH126_4mu_phi_genbin2_recobin7 acc 0.0419 eff 0.0 outinratio 0.0071 

ZH126_4mu_phi_genbin2_recobin7 acc 0.0499 eff 0.0 outinratio 0.0566 

ttH126_4mu_phi_genbin2_recobin7 acc 0.0513 eff 0.0 outinratio 0.0455 

ggH126_4mu_phi_genbin3_recobin7 acc 0.0631 eff 0.0 outinratio 0.0055 

VBFH126_4mu_phi_genbin3_recobin7 acc 0.0582 eff 0.0 outinratio 0.0 

WminusH126_4mu_phi_genbin3_recobin7 acc 0.0515 eff 0.0 outinratio 0.009 

WplusH126_4mu_phi_genbin3_recobin7 acc 0.0454 eff 0.0016 outinratio 0.0071 

ZH126_4mu_phi_genbin3_recobin7 acc 0.0478 eff 0.0 outinratio 0.0566 

ttH126_4mu_phi_genbin3_recobin7 acc 0.0662 eff 0.0 outinratio 0.0455 

ggH126_4mu_phi_genbin4_recobin7 acc 0.0596 eff 0.0 outinratio 0.0055 

VBFH126_4mu_phi_genbin4_recobin7 acc 0.062 eff 0.0 outinratio 0.0 

WminusH126_4mu_phi_genbin4_recobin7 acc 0.054 eff 0.0 outinratio 0.009 

WplusH126_4mu_phi_genbin4_recobin7 acc 0.0449 eff 0.0 outinratio 0.0071 

ZH126_4mu_phi_genbin4_recobin7 acc 0.0491 eff 0.0 outinratio 0.0566 

ttH126_4mu_phi_genbin4_recobin7 acc 0.065 eff 0.0 outinratio 0.0455 

ggH126_4mu_phi_genbin5_recobin7 acc 0.0512 eff 0.0 outinratio 0.0055 

VBFH126_4mu_phi_genbin5_recobin7 acc 0.072 eff 0.0 outinratio 0.0 

WminusH126_4mu_phi_genbin5_recobin7 acc 0.0431 eff 0.0 outinratio 0.009 

WplusH126_4mu_phi_genbin5_recobin7 acc 0.0433 eff 0.0 outinratio 0.0071 

ZH126_4mu_phi_genbin5_recobin7 acc 0.0422 eff 0.0 outinratio 0.0566 

ttH126_4mu_phi_genbin5_recobin7 acc 0.059 eff 0.0 outinratio 0.0455 

ggH126_4mu_phi_genbin6_recobin7 acc 0.0592 eff 0.0019 outinratio 0.0055 

VBFH126_4mu_phi_genbin6_recobin7 acc 0.0658 eff 0.0 outinratio 0.0 

WminusH126_4mu_phi_genbin6_recobin7 acc 0.0554 eff 0.0054 outinratio 0.009 

WplusH126_4mu_phi_genbin6_recobin7 acc 0.0458 eff 0.0037 outinratio 0.0071 

ZH126_4mu_phi_genbin6_recobin7 acc 0.0484 eff 0.0043 outinratio 0.0566 

ttH126_4mu_phi_genbin6_recobin7 acc 0.0639 eff 0.0138 outinratio 0.0455 

ggH126_4mu_phi_genbin7_recobin7 acc 0.0671 eff 0.5842 outinratio 0.0055 

VBFH126_4mu_phi_genbin7_recobin7 acc 0.0712 eff 0.6054 outinratio 0.0 

WminusH126_4mu_phi_genbin7_recobin7 acc 0.0633 eff 0.6308 outinratio 0.009 

WplusH126_4mu_phi_genbin7_recobin7 acc 0.0593 eff 0.563 outinratio 0.0071 

ZH126_4mu_phi_genbin7_recobin7 acc 0.0545 eff 0.5389 outinratio 0.0566 

ttH126_4mu_phi_genbin7_recobin7 acc 0.0606 eff 0.4745 outinratio 0.0455 

ggH126_2e2mu_phi_genbin0_recobin0 acc 0.0599 eff 0.4745 outinratio 0.0149 

VBFH126_2e2mu_phi_genbin0_recobin0 acc 0.0634 eff 0.4771 outinratio 0.0152 

WminusH126_2e2mu_phi_genbin0_recobin0 acc 0.0529 eff 0.4711 outinratio 0.0194 

WplusH126_2e2mu_phi_genbin0_recobin0 acc 0.0496 eff 0.46 outinratio 0.0284 

ZH126_2e2mu_phi_genbin0_recobin0 acc 0.0483 eff 0.4405 outinratio 0.0636 

ttH126_2e2mu_phi_genbin0_recobin0 acc 0.0577 eff 0.3152 outinratio 0.1094 

ggH126_2e2mu_phi_genbin1_recobin0 acc 0.0503 eff 0.0088 outinratio 0.0149 

VBFH126_2e2mu_phi_genbin1_recobin0 acc 0.05 eff 0.0098 outinratio 0.0152 

WminusH126_2e2mu_phi_genbin1_recobin0 acc 0.0504 eff 0.0108 outinratio 0.0194 

WplusH126_2e2mu_phi_genbin1_recobin0 acc 0.0403 eff 0.0055 outinratio 0.0284 

ZH126_2e2mu_phi_genbin1_recobin0 acc 0.0485 eff 0.0117 outinratio 0.0636 

ttH126_2e2mu_phi_genbin1_recobin0 acc 0.0519 eff 0.0022 outinratio 0.1094 

ggH126_2e2mu_phi_genbin2_recobin0 acc 0.0494 eff 0.0 outinratio 0.0149 

VBFH126_2e2mu_phi_genbin2_recobin0 acc 0.0553 eff 0.0 outinratio 0.0152 

WminusH126_2e2mu_phi_genbin2_recobin0 acc 0.0433 eff 0.0 outinratio 0.0194 

WplusH126_2e2mu_phi_genbin2_recobin0 acc 0.04 eff 0.0 outinratio 0.0284 

ZH126_2e2mu_phi_genbin2_recobin0 acc 0.0438 eff 0.0 outinratio 0.0636 

ttH126_2e2mu_phi_genbin2_recobin0 acc 0.0491 eff 0.0 outinratio 0.1094 

ggH126_2e2mu_phi_genbin3_recobin0 acc 0.0567 eff 0.0006 outinratio 0.0149 

VBFH126_2e2mu_phi_genbin3_recobin0 acc 0.0602 eff 0.0075 outinratio 0.0152 

WminusH126_2e2mu_phi_genbin3_recobin0 acc 0.0567 eff 0.0 outinratio 0.0194 

WplusH126_2e2mu_phi_genbin3_recobin0 acc 0.0482 eff 0.0 outinratio 0.0284 

ZH126_2e2mu_phi_genbin3_recobin0 acc 0.0504 eff 0.0016 outinratio 0.0636 

ttH126_2e2mu_phi_genbin3_recobin0 acc 0.0586 eff 0.0 outinratio 0.1094 

ggH126_2e2mu_phi_genbin4_recobin0 acc 0.0589 eff 0.0 outinratio 0.0149 

VBFH126_2e2mu_phi_genbin4_recobin0 acc 0.0654 eff 0.0 outinratio 0.0152 

WminusH126_2e2mu_phi_genbin4_recobin0 acc 0.0556 eff 0.0 outinratio 0.0194 

WplusH126_2e2mu_phi_genbin4_recobin0 acc 0.0504 eff 0.0 outinratio 0.0284 

ZH126_2e2mu_phi_genbin4_recobin0 acc 0.0531 eff 0.0017 outinratio 0.0636 

ttH126_2e2mu_phi_genbin4_recobin0 acc 0.0677 eff 0.0 outinratio 0.1094 

ggH126_2e2mu_phi_genbin5_recobin0 acc 0.0522 eff 0.0 outinratio 0.0149 

VBFH126_2e2mu_phi_genbin5_recobin0 acc 0.0585 eff 0.0 outinratio 0.0152 

WminusH126_2e2mu_phi_genbin5_recobin0 acc 0.0436 eff 0.0 outinratio 0.0194 

WplusH126_2e2mu_phi_genbin5_recobin0 acc 0.0406 eff 0.0 outinratio 0.0284 

ZH126_2e2mu_phi_genbin5_recobin0 acc 0.046 eff 0.0 outinratio 0.0636 

ttH126_2e2mu_phi_genbin5_recobin0 acc 0.0509 eff 0.0 outinratio 0.1094 

ggH126_2e2mu_phi_genbin6_recobin0 acc 0.051 eff 0.0 outinratio 0.0149 

VBFH126_2e2mu_phi_genbin6_recobin0 acc 0.0569 eff 0.0 outinratio 0.0152 

WminusH126_2e2mu_phi_genbin6_recobin0 acc 0.0471 eff 0.0 outinratio 0.0194 

WplusH126_2e2mu_phi_genbin6_recobin0 acc 0.0435 eff 0.0 outinratio 0.0284 

ZH126_2e2mu_phi_genbin6_recobin0 acc 0.045 eff 0.0 outinratio 0.0636 

ttH126_2e2mu_phi_genbin6_recobin0 acc 0.0555 eff 0.0 outinratio 0.1094 

ggH126_2e2mu_phi_genbin7_recobin0 acc 0.0591 eff 0.0 outinratio 0.0149 

VBFH126_2e2mu_phi_genbin7_recobin0 acc 0.0654 eff 0.0 outinratio 0.0152 

WminusH126_2e2mu_phi_genbin7_recobin0 acc 0.0539 eff 0.0015 outinratio 0.0194 

WplusH126_2e2mu_phi_genbin7_recobin0 acc 0.0517 eff 0.0032 outinratio 0.0284 

ZH126_2e2mu_phi_genbin7_recobin0 acc 0.0538 eff 0.0 outinratio 0.0636 

ttH126_2e2mu_phi_genbin7_recobin0 acc 0.0717 eff 0.0 outinratio 0.1094 

ggH126_2e2mu_phi_genbin0_recobin1 acc 0.0599 eff 0.0069 outinratio 0.0204 

VBFH126_2e2mu_phi_genbin0_recobin1 acc 0.0634 eff 0.0078 outinratio 0.0 

WminusH126_2e2mu_phi_genbin0_recobin1 acc 0.0529 eff 0.0051 outinratio 0.0334 

WplusH126_2e2mu_phi_genbin0_recobin1 acc 0.0496 eff 0.0041 outinratio 0.0122 

ZH126_2e2mu_phi_genbin0_recobin1 acc 0.0483 eff 0.0096 outinratio 0.0303 

ttH126_2e2mu_phi_genbin0_recobin1 acc 0.0577 eff 0.0 outinratio 0.0311 

ggH126_2e2mu_phi_genbin1_recobin1 acc 0.0503 eff 0.4449 outinratio 0.0204 

VBFH126_2e2mu_phi_genbin1_recobin1 acc 0.05 eff 0.5249 outinratio 0.0 

WminusH126_2e2mu_phi_genbin1_recobin1 acc 0.0504 eff 0.4447 outinratio 0.0334 

WplusH126_2e2mu_phi_genbin1_recobin1 acc 0.0403 eff 0.4448 outinratio 0.0122 

ZH126_2e2mu_phi_genbin1_recobin1 acc 0.0485 eff 0.4551 outinratio 0.0303 

ttH126_2e2mu_phi_genbin1_recobin1 acc 0.0519 eff 0.3805 outinratio 0.0311 

ggH126_2e2mu_phi_genbin2_recobin1 acc 0.0494 eff 0.0074 outinratio 0.0204 

VBFH126_2e2mu_phi_genbin2_recobin1 acc 0.0553 eff 0.0238 outinratio 0.0 

WminusH126_2e2mu_phi_genbin2_recobin1 acc 0.0433 eff 0.0049 outinratio 0.0334 

WplusH126_2e2mu_phi_genbin2_recobin1 acc 0.04 eff 0.0075 outinratio 0.0122 

ZH126_2e2mu_phi_genbin2_recobin1 acc 0.0438 eff 0.0105 outinratio 0.0303 

ttH126_2e2mu_phi_genbin2_recobin1 acc 0.0491 eff -0.008 outinratio 0.0311 

ggH126_2e2mu_phi_genbin3_recobin1 acc 0.0567 eff 0.0 outinratio 0.0204 

VBFH126_2e2mu_phi_genbin3_recobin1 acc 0.0602 eff 0.0 outinratio 0.0 

WminusH126_2e2mu_phi_genbin3_recobin1 acc 0.0567 eff 0.0 outinratio 0.0334 

WplusH126_2e2mu_phi_genbin3_recobin1 acc 0.0482 eff 0.0 outinratio 0.0122 

ZH126_2e2mu_phi_genbin3_recobin1 acc 0.0504 eff 0.0 outinratio 0.0303 

ttH126_2e2mu_phi_genbin3_recobin1 acc 0.0586 eff 0.0 outinratio 0.0311 

ggH126_2e2mu_phi_genbin4_recobin1 acc 0.0589 eff 0.0 outinratio 0.0204 

VBFH126_2e2mu_phi_genbin4_recobin1 acc 0.0654 eff 0.0 outinratio 0.0 

WminusH126_2e2mu_phi_genbin4_recobin1 acc 0.0556 eff 0.0 outinratio 0.0334 

WplusH126_2e2mu_phi_genbin4_recobin1 acc 0.0504 eff 0.0 outinratio 0.0122 

ZH126_2e2mu_phi_genbin4_recobin1 acc 0.0531 eff 0.0 outinratio 0.0303 

ttH126_2e2mu_phi_genbin4_recobin1 acc 0.0677 eff 0.0 outinratio 0.0311 

ggH126_2e2mu_phi_genbin5_recobin1 acc 0.0522 eff 0.0 outinratio 0.0204 

VBFH126_2e2mu_phi_genbin5_recobin1 acc 0.0585 eff 0.0 outinratio 0.0 

WminusH126_2e2mu_phi_genbin5_recobin1 acc 0.0436 eff 0.0 outinratio 0.0334 

WplusH126_2e2mu_phi_genbin5_recobin1 acc 0.0406 eff 0.0 outinratio 0.0122 

ZH126_2e2mu_phi_genbin5_recobin1 acc 0.046 eff 0.0 outinratio 0.0303 

ttH126_2e2mu_phi_genbin5_recobin1 acc 0.0509 eff 0.0 outinratio 0.0311 

ggH126_2e2mu_phi_genbin6_recobin1 acc 0.051 eff 0.0 outinratio 0.0204 

VBFH126_2e2mu_phi_genbin6_recobin1 acc 0.0569 eff 0.0 outinratio 0.0 

WminusH126_2e2mu_phi_genbin6_recobin1 acc 0.0471 eff 0.0 outinratio 0.0334 

WplusH126_2e2mu_phi_genbin6_recobin1 acc 0.0435 eff 0.0 outinratio 0.0122 

ZH126_2e2mu_phi_genbin6_recobin1 acc 0.045 eff 0.0 outinratio 0.0303 

ttH126_2e2mu_phi_genbin6_recobin1 acc 0.0555 eff 0.0 outinratio 0.0311 

ggH126_2e2mu_phi_genbin7_recobin1 acc 0.0591 eff 0.0 outinratio 0.0204 

VBFH126_2e2mu_phi_genbin7_recobin1 acc 0.0654 eff 0.0 outinratio 0.0 

WminusH126_2e2mu_phi_genbin7_recobin1 acc 0.0539 eff 0.0 outinratio 0.0334 

WplusH126_2e2mu_phi_genbin7_recobin1 acc 0.0517 eff 0.0 outinratio 0.0122 

ZH126_2e2mu_phi_genbin7_recobin1 acc 0.0538 eff 0.0007 outinratio 0.0303 

ttH126_2e2mu_phi_genbin7_recobin1 acc 0.0717 eff 0.0 outinratio 0.0311 

ggH126_2e2mu_phi_genbin0_recobin2 acc 0.0599 eff 0.0002 outinratio 0.0 

VBFH126_2e2mu_phi_genbin0_recobin2 acc 0.0634 eff 0.0 outinratio 0.0123 

WminusH126_2e2mu_phi_genbin0_recobin2 acc 0.0529 eff 0.0015 outinratio 0.0187 

WplusH126_2e2mu_phi_genbin0_recobin2 acc 0.0496 eff 0.0 outinratio 0.0387 

ZH126_2e2mu_phi_genbin0_recobin2 acc 0.0483 eff 0.0 outinratio 0.0372 

ttH126_2e2mu_phi_genbin0_recobin2 acc 0.0577 eff 0.0 outinratio 0.0866 

ggH126_2e2mu_phi_genbin1_recobin2 acc 0.0503 eff 0.01 outinratio 0.0 

VBFH126_2e2mu_phi_genbin1_recobin2 acc 0.05 eff 0.0045 outinratio 0.0123 

WminusH126_2e2mu_phi_genbin1_recobin2 acc 0.0504 eff 0.0045 outinratio 0.0187 

WplusH126_2e2mu_phi_genbin1_recobin2 acc 0.0403 eff 0.0042 outinratio 0.0387 

ZH126_2e2mu_phi_genbin1_recobin2 acc 0.0485 eff 0.0009 outinratio 0.0372 

ttH126_2e2mu_phi_genbin1_recobin2 acc 0.0519 eff 0.0059 outinratio 0.0866 

ggH126_2e2mu_phi_genbin2_recobin2 acc 0.0494 eff 0.4776 outinratio 0.0 

VBFH126_2e2mu_phi_genbin2_recobin2 acc 0.0553 eff 0.5385 outinratio 0.0123 

WminusH126_2e2mu_phi_genbin2_recobin2 acc 0.0433 eff 0.4864 outinratio 0.0187 

WplusH126_2e2mu_phi_genbin2_recobin2 acc 0.04 eff 0.3934 outinratio 0.0387 

ZH126_2e2mu_phi_genbin2_recobin2 acc 0.0438 eff 0.4597 outinratio 0.0372 

ttH126_2e2mu_phi_genbin2_recobin2 acc 0.0491 eff 0.3479 outinratio 0.0866 

ggH126_2e2mu_phi_genbin3_recobin2 acc 0.0567 eff 0.0042 outinratio 0.0 

VBFH126_2e2mu_phi_genbin3_recobin2 acc 0.0602 eff 0.0092 outinratio 0.0123 

WminusH126_2e2mu_phi_genbin3_recobin2 acc 0.0567 eff 0.0059 outinratio 0.0187 

WplusH126_2e2mu_phi_genbin3_recobin2 acc 0.0482 eff 0.0078 outinratio 0.0387 

ZH126_2e2mu_phi_genbin3_recobin2 acc 0.0504 eff 0.0085 outinratio 0.0372 

ttH126_2e2mu_phi_genbin3_recobin2 acc 0.0586 eff 0.0068 outinratio 0.0866 

ggH126_2e2mu_phi_genbin4_recobin2 acc 0.0589 eff 0.0 outinratio 0.0 

VBFH126_2e2mu_phi_genbin4_recobin2 acc 0.0654 eff 0.0 outinratio 0.0123 

WminusH126_2e2mu_phi_genbin4_recobin2 acc 0.0556 eff 0.0 outinratio 0.0187 

WplusH126_2e2mu_phi_genbin4_recobin2 acc 0.0504 eff 0.0 outinratio 0.0387 

ZH126_2e2mu_phi_genbin4_recobin2 acc 0.0531 eff 0.0 outinratio 0.0372 

ttH126_2e2mu_phi_genbin4_recobin2 acc 0.0677 eff 0.0 outinratio 0.0866 

ggH126_2e2mu_phi_genbin5_recobin2 acc 0.0522 eff 0.0 outinratio 0.0 

VBFH126_2e2mu_phi_genbin5_recobin2 acc 0.0585 eff 0.0 outinratio 0.0123 

WminusH126_2e2mu_phi_genbin5_recobin2 acc 0.0436 eff 0.0 outinratio 0.0187 

WplusH126_2e2mu_phi_genbin5_recobin2 acc 0.0406 eff 0.0 outinratio 0.0387 

ZH126_2e2mu_phi_genbin5_recobin2 acc 0.046 eff 0.0 outinratio 0.0372 

ttH126_2e2mu_phi_genbin5_recobin2 acc 0.0509 eff 0.0 outinratio 0.0866 

ggH126_2e2mu_phi_genbin6_recobin2 acc 0.051 eff 0.0 outinratio 0.0 

VBFH126_2e2mu_phi_genbin6_recobin2 acc 0.0569 eff 0.0 outinratio 0.0123 

WminusH126_2e2mu_phi_genbin6_recobin2 acc 0.0471 eff 0.0012 outinratio 0.0187 

WplusH126_2e2mu_phi_genbin6_recobin2 acc 0.0435 eff 0.0 outinratio 0.0387 

ZH126_2e2mu_phi_genbin6_recobin2 acc 0.045 eff 0.0 outinratio 0.0372 

ttH126_2e2mu_phi_genbin6_recobin2 acc 0.0555 eff 0.0 outinratio 0.0866 

ggH126_2e2mu_phi_genbin7_recobin2 acc 0.0591 eff 0.0 outinratio 0.0 

VBFH126_2e2mu_phi_genbin7_recobin2 acc 0.0654 eff 0.0 outinratio 0.0123 

WminusH126_2e2mu_phi_genbin7_recobin2 acc 0.0539 eff 0.0 outinratio 0.0187 

WplusH126_2e2mu_phi_genbin7_recobin2 acc 0.0517 eff 0.0 outinratio 0.0387 

ZH126_2e2mu_phi_genbin7_recobin2 acc 0.0538 eff 0.0 outinratio 0.0372 

ttH126_2e2mu_phi_genbin7_recobin2 acc 0.0717 eff 0.0 outinratio 0.0866 

ggH126_2e2mu_phi_genbin0_recobin3 acc 0.0599 eff 0.0 outinratio 0.0077 

VBFH126_2e2mu_phi_genbin0_recobin3 acc 0.0634 eff 0.0 outinratio 0.0064 

WminusH126_2e2mu_phi_genbin0_recobin3 acc 0.0529 eff 0.0 outinratio 0.0269 

WplusH126_2e2mu_phi_genbin0_recobin3 acc 0.0496 eff 0.0 outinratio 0.016 

ZH126_2e2mu_phi_genbin0_recobin3 acc 0.0483 eff 0.0 outinratio 0.0418 

ttH126_2e2mu_phi_genbin0_recobin3 acc 0.0577 eff 0.0076 outinratio 0.0481 

ggH126_2e2mu_phi_genbin1_recobin3 acc 0.0503 eff 0.0013 outinratio 0.0077 

VBFH126_2e2mu_phi_genbin1_recobin3 acc 0.05 eff 0.0 outinratio 0.0064 

WminusH126_2e2mu_phi_genbin1_recobin3 acc 0.0504 eff 0.0 outinratio 0.0269 

WplusH126_2e2mu_phi_genbin1_recobin3 acc 0.0403 eff 0.0 outinratio 0.016 

ZH126_2e2mu_phi_genbin1_recobin3 acc 0.0485 eff 0.0 outinratio 0.0418 

ttH126_2e2mu_phi_genbin1_recobin3 acc 0.0519 eff 0.0 outinratio 0.0481 

ggH126_2e2mu_phi_genbin2_recobin3 acc 0.0494 eff 0.0089 outinratio 0.0077 

VBFH126_2e2mu_phi_genbin2_recobin3 acc 0.0553 eff 0.0108 outinratio 0.0064 

WminusH126_2e2mu_phi_genbin2_recobin3 acc 0.0433 eff 0.0022 outinratio 0.0269 

WplusH126_2e2mu_phi_genbin2_recobin3 acc 0.04 eff 0.0049 outinratio 0.016 

ZH126_2e2mu_phi_genbin2_recobin3 acc 0.0438 eff 0.006 outinratio 0.0418 

ttH126_2e2mu_phi_genbin2_recobin3 acc 0.0491 eff 0.007 outinratio 0.0481 

ggH126_2e2mu_phi_genbin3_recobin3 acc 0.0567 eff 0.4641 outinratio 0.0077 

VBFH126_2e2mu_phi_genbin3_recobin3 acc 0.0602 eff 0.4683 outinratio 0.0064 

WminusH126_2e2mu_phi_genbin3_recobin3 acc 0.0567 eff 0.4331 outinratio 0.0269 

WplusH126_2e2mu_phi_genbin3_recobin3 acc 0.0482 eff 0.4619 outinratio 0.016 

ZH126_2e2mu_phi_genbin3_recobin3 acc 0.0504 eff 0.4742 outinratio 0.0418 

ttH126_2e2mu_phi_genbin3_recobin3 acc 0.0586 eff 0.3868 outinratio 0.0481 

ggH126_2e2mu_phi_genbin4_recobin3 acc 0.0589 eff 0.0009 outinratio 0.0077 

VBFH126_2e2mu_phi_genbin4_recobin3 acc 0.0654 eff 0.0 outinratio 0.0064 

WminusH126_2e2mu_phi_genbin4_recobin3 acc 0.0556 eff 0.0023 outinratio 0.0269 

WplusH126_2e2mu_phi_genbin4_recobin3 acc 0.0504 eff 0.0038 outinratio 0.016 

ZH126_2e2mu_phi_genbin4_recobin3 acc 0.0531 eff 0.0014 outinratio 0.0418 

ttH126_2e2mu_phi_genbin4_recobin3 acc 0.0677 eff 0.0 outinratio 0.0481 

ggH126_2e2mu_phi_genbin5_recobin3 acc 0.0522 eff 0.0 outinratio 0.0077 

VBFH126_2e2mu_phi_genbin5_recobin3 acc 0.0585 eff 0.0 outinratio 0.0064 

WminusH126_2e2mu_phi_genbin5_recobin3 acc 0.0436 eff 0.0 outinratio 0.0269 

WplusH126_2e2mu_phi_genbin5_recobin3 acc 0.0406 eff 0.0 outinratio 0.016 

ZH126_2e2mu_phi_genbin5_recobin3 acc 0.046 eff 0.0 outinratio 0.0418 

ttH126_2e2mu_phi_genbin5_recobin3 acc 0.0509 eff 0.0 outinratio 0.0481 

ggH126_2e2mu_phi_genbin6_recobin3 acc 0.051 eff 0.0 outinratio 0.0077 

VBFH126_2e2mu_phi_genbin6_recobin3 acc 0.0569 eff 0.0 outinratio 0.0064 

WminusH126_2e2mu_phi_genbin6_recobin3 acc 0.0471 eff 0.0 outinratio 0.0269 

WplusH126_2e2mu_phi_genbin6_recobin3 acc 0.0435 eff 0.0 outinratio 0.016 

ZH126_2e2mu_phi_genbin6_recobin3 acc 0.045 eff 0.0 outinratio 0.0418 

ttH126_2e2mu_phi_genbin6_recobin3 acc 0.0555 eff 0.0 outinratio 0.0481 

ggH126_2e2mu_phi_genbin7_recobin3 acc 0.0591 eff 0.0 outinratio 0.0077 

VBFH126_2e2mu_phi_genbin7_recobin3 acc 0.0654 eff 0.0 outinratio 0.0064 

WminusH126_2e2mu_phi_genbin7_recobin3 acc 0.0539 eff 0.0 outinratio 0.0269 

WplusH126_2e2mu_phi_genbin7_recobin3 acc 0.0517 eff 0.0 outinratio 0.016 

ZH126_2e2mu_phi_genbin7_recobin3 acc 0.0538 eff 0.0 outinratio 0.0418 

ttH126_2e2mu_phi_genbin7_recobin3 acc 0.0717 eff 0.0 outinratio 0.0481 

ggH126_2e2mu_phi_genbin0_recobin4 acc 0.0599 eff 0.0002 outinratio 0.0076 

VBFH126_2e2mu_phi_genbin0_recobin4 acc 0.0634 eff 0.0 outinratio 0.0131 

WminusH126_2e2mu_phi_genbin0_recobin4 acc 0.0529 eff 0.0 outinratio 0.0161 

WplusH126_2e2mu_phi_genbin0_recobin4 acc 0.0496 eff 0.0 outinratio 0.0288 

ZH126_2e2mu_phi_genbin0_recobin4 acc 0.0483 eff 0.0 outinratio 0.0607 

ttH126_2e2mu_phi_genbin0_recobin4 acc 0.0577 eff 0.0 outinratio 0.0812 

ggH126_2e2mu_phi_genbin1_recobin4 acc 0.0503 eff 0.0 outinratio 0.0076 

VBFH126_2e2mu_phi_genbin1_recobin4 acc 0.05 eff 0.0 outinratio 0.0131 

WminusH126_2e2mu_phi_genbin1_recobin4 acc 0.0504 eff 0.0 outinratio 0.0161 

WplusH126_2e2mu_phi_genbin1_recobin4 acc 0.0403 eff 0.0 outinratio 0.0288 

ZH126_2e2mu_phi_genbin1_recobin4 acc 0.0485 eff 0.0 outinratio 0.0607 

ttH126_2e2mu_phi_genbin1_recobin4 acc 0.0519 eff 0.0 outinratio 0.0812 

ggH126_2e2mu_phi_genbin2_recobin4 acc 0.0494 eff 0.0 outinratio 0.0076 

VBFH126_2e2mu_phi_genbin2_recobin4 acc 0.0553 eff 0.0 outinratio 0.0131 

WminusH126_2e2mu_phi_genbin2_recobin4 acc 0.0433 eff 0.0 outinratio 0.0161 

WplusH126_2e2mu_phi_genbin2_recobin4 acc 0.04 eff 0.0 outinratio 0.0288 

ZH126_2e2mu_phi_genbin2_recobin4 acc 0.0438 eff 0.0 outinratio 0.0607 

ttH126_2e2mu_phi_genbin2_recobin4 acc 0.0491 eff 0.0 outinratio 0.0812 

ggH126_2e2mu_phi_genbin3_recobin4 acc 0.0567 eff 0.0 outinratio 0.0076 

VBFH126_2e2mu_phi_genbin3_recobin4 acc 0.0602 eff 0.0 outinratio 0.0131 

WminusH126_2e2mu_phi_genbin3_recobin4 acc 0.0567 eff 0.0025 outinratio 0.0161 

WplusH126_2e2mu_phi_genbin3_recobin4 acc 0.0482 eff 0.002 outinratio 0.0288 

ZH126_2e2mu_phi_genbin3_recobin4 acc 0.0504 eff 0.004 outinratio 0.0607 

ttH126_2e2mu_phi_genbin3_recobin4 acc 0.0586 eff 0.0 outinratio 0.0812 

ggH126_2e2mu_phi_genbin4_recobin4 acc 0.0589 eff 0.4984 outinratio 0.0076 

VBFH126_2e2mu_phi_genbin4_recobin4 acc 0.0654 eff 0.4098 outinratio 0.0131 

WminusH126_2e2mu_phi_genbin4_recobin4 acc 0.0556 eff 0.4382 outinratio 0.0161 

WplusH126_2e2mu_phi_genbin4_recobin4 acc 0.0504 eff 0.436 outinratio 0.0288 

ZH126_2e2mu_phi_genbin4_recobin4 acc 0.0531 eff 0.4278 outinratio 0.0607 

ttH126_2e2mu_phi_genbin4_recobin4 acc 0.0677 eff 0.3588 outinratio 0.0812 

ggH126_2e2mu_phi_genbin5_recobin4 acc 0.0522 eff 0.0071 outinratio 0.0076 

VBFH126_2e2mu_phi_genbin5_recobin4 acc 0.0585 eff 0.0012 outinratio 0.0131 

WminusH126_2e2mu_phi_genbin5_recobin4 acc 0.0436 eff 0.0068 outinratio 0.0161 

WplusH126_2e2mu_phi_genbin5_recobin4 acc 0.0406 eff 0.0075 outinratio 0.0288 

ZH126_2e2mu_phi_genbin5_recobin4 acc 0.046 eff 0.0081 outinratio 0.0607 

ttH126_2e2mu_phi_genbin5_recobin4 acc 0.0509 eff 0.0 outinratio 0.0812 

ggH126_2e2mu_phi_genbin6_recobin4 acc 0.051 eff 0.0006 outinratio 0.0076 

VBFH126_2e2mu_phi_genbin6_recobin4 acc 0.0569 eff 0.0 outinratio 0.0131 

WminusH126_2e2mu_phi_genbin6_recobin4 acc 0.0471 eff 0.0 outinratio 0.0161 

WplusH126_2e2mu_phi_genbin6_recobin4 acc 0.0435 eff 0.0 outinratio 0.0288 

ZH126_2e2mu_phi_genbin6_recobin4 acc 0.045 eff 0.0 outinratio 0.0607 

ttH126_2e2mu_phi_genbin6_recobin4 acc 0.0555 eff 0.0 outinratio 0.0812 

ggH126_2e2mu_phi_genbin7_recobin4 acc 0.0591 eff 0.0 outinratio 0.0076 

VBFH126_2e2mu_phi_genbin7_recobin4 acc 0.0654 eff 0.0 outinratio 0.0131 

WminusH126_2e2mu_phi_genbin7_recobin4 acc 0.0539 eff 0.0 outinratio 0.0161 

WplusH126_2e2mu_phi_genbin7_recobin4 acc 0.0517 eff 0.0 outinratio 0.0288 

ZH126_2e2mu_phi_genbin7_recobin4 acc 0.0538 eff 0.0 outinratio 0.0607 

ttH126_2e2mu_phi_genbin7_recobin4 acc 0.0717 eff 0.0 outinratio 0.0812 

ggH126_2e2mu_phi_genbin0_recobin5 acc 0.0599 eff 0.0 outinratio 0.0039 

VBFH126_2e2mu_phi_genbin0_recobin5 acc 0.0634 eff 0.0 outinratio 0.0107 

WminusH126_2e2mu_phi_genbin0_recobin5 acc 0.0529 eff 0.0 outinratio 0.0229 

WplusH126_2e2mu_phi_genbin0_recobin5 acc 0.0496 eff 0.0 outinratio 0.0133 

ZH126_2e2mu_phi_genbin0_recobin5 acc 0.0483 eff 0.0 outinratio 0.0471 

ttH126_2e2mu_phi_genbin0_recobin5 acc 0.0577 eff 0.0 outinratio 0.0334 

ggH126_2e2mu_phi_genbin1_recobin5 acc 0.0503 eff 0.0 outinratio 0.0039 

VBFH126_2e2mu_phi_genbin1_recobin5 acc 0.05 eff 0.0 outinratio 0.0107 

WminusH126_2e2mu_phi_genbin1_recobin5 acc 0.0504 eff 0.0 outinratio 0.0229 

WplusH126_2e2mu_phi_genbin1_recobin5 acc 0.0403 eff 0.0 outinratio 0.0133 

ZH126_2e2mu_phi_genbin1_recobin5 acc 0.0485 eff 0.0 outinratio 0.0471 

ttH126_2e2mu_phi_genbin1_recobin5 acc 0.0519 eff 0.0 outinratio 0.0334 

ggH126_2e2mu_phi_genbin2_recobin5 acc 0.0494 eff 0.0 outinratio 0.0039 

VBFH126_2e2mu_phi_genbin2_recobin5 acc 0.0553 eff 0.0 outinratio 0.0107 

WminusH126_2e2mu_phi_genbin2_recobin5 acc 0.0433 eff 0.0 outinratio 0.0229 

WplusH126_2e2mu_phi_genbin2_recobin5 acc 0.04 eff 0.0 outinratio 0.0133 

ZH126_2e2mu_phi_genbin2_recobin5 acc 0.0438 eff 0.0 outinratio 0.0471 

ttH126_2e2mu_phi_genbin2_recobin5 acc 0.0491 eff 0.0 outinratio 0.0334 

ggH126_2e2mu_phi_genbin3_recobin5 acc 0.0567 eff 0.0 outinratio 0.0039 

VBFH126_2e2mu_phi_genbin3_recobin5 acc 0.0602 eff 0.0 outinratio 0.0107 

WminusH126_2e2mu_phi_genbin3_recobin5 acc 0.0567 eff 0.0 outinratio 0.0229 

WplusH126_2e2mu_phi_genbin3_recobin5 acc 0.0482 eff 0.0 outinratio 0.0133 

ZH126_2e2mu_phi_genbin3_recobin5 acc 0.0504 eff 0.0 outinratio 0.0471 

ttH126_2e2mu_phi_genbin3_recobin5 acc 0.0586 eff 0.0 outinratio 0.0334 

ggH126_2e2mu_phi_genbin4_recobin5 acc 0.0589 eff 0.0065 outinratio 0.0039 

VBFH126_2e2mu_phi_genbin4_recobin5 acc 0.0654 eff 0.0134 outinratio 0.0107 

WminusH126_2e2mu_phi_genbin4_recobin5 acc 0.0556 eff 0.0023 outinratio 0.0229 

WplusH126_2e2mu_phi_genbin4_recobin5 acc 0.0504 eff 0.007 outinratio 0.0133 

ZH126_2e2mu_phi_genbin4_recobin5 acc 0.0531 eff 0.0052 outinratio 0.0471 

ttH126_2e2mu_phi_genbin4_recobin5 acc 0.0677 eff 0.0059 outinratio 0.0334 

ggH126_2e2mu_phi_genbin5_recobin5 acc 0.0522 eff 0.4656 outinratio 0.0039 

VBFH126_2e2mu_phi_genbin5_recobin5 acc 0.0585 eff 0.5159 outinratio 0.0107 

WminusH126_2e2mu_phi_genbin5_recobin5 acc 0.0436 eff 0.4861 outinratio 0.0229 

WplusH126_2e2mu_phi_genbin5_recobin5 acc 0.0406 eff 0.4866 outinratio 0.0133 

ZH126_2e2mu_phi_genbin5_recobin5 acc 0.046 eff 0.4577 outinratio 0.0471 

ttH126_2e2mu_phi_genbin5_recobin5 acc 0.0509 eff 0.3593 outinratio 0.0334 

ggH126_2e2mu_phi_genbin6_recobin5 acc 0.051 eff 0.0046 outinratio 0.0039 

VBFH126_2e2mu_phi_genbin6_recobin5 acc 0.0569 eff 0.0 outinratio 0.0107 

WminusH126_2e2mu_phi_genbin6_recobin5 acc 0.0471 eff 0.0075 outinratio 0.0229 

WplusH126_2e2mu_phi_genbin6_recobin5 acc 0.0435 eff 0.0045 outinratio 0.0133 

ZH126_2e2mu_phi_genbin6_recobin5 acc 0.045 eff 0.0069 outinratio 0.0471 

ttH126_2e2mu_phi_genbin6_recobin5 acc 0.0555 eff 0.0 outinratio 0.0334 

ggH126_2e2mu_phi_genbin7_recobin5 acc 0.0591 eff 0.0 outinratio 0.0039 

VBFH126_2e2mu_phi_genbin7_recobin5 acc 0.0654 eff 0.0 outinratio 0.0107 

WminusH126_2e2mu_phi_genbin7_recobin5 acc 0.0539 eff 0.0 outinratio 0.0229 

WplusH126_2e2mu_phi_genbin7_recobin5 acc 0.0517 eff 0.0 outinratio 0.0133 

ZH126_2e2mu_phi_genbin7_recobin5 acc 0.0538 eff 0.0017 outinratio 0.0471 

ttH126_2e2mu_phi_genbin7_recobin5 acc 0.0717 eff 0.0 outinratio 0.0334 

ggH126_2e2mu_phi_genbin0_recobin6 acc 0.0599 eff 0.0 outinratio 0.0083 

VBFH126_2e2mu_phi_genbin0_recobin6 acc 0.0634 eff 0.0 outinratio 0.0 

WminusH126_2e2mu_phi_genbin0_recobin6 acc 0.0529 eff 0.0 outinratio 0.014 

WplusH126_2e2mu_phi_genbin0_recobin6 acc 0.0496 eff 0.0 outinratio 0.0246 

ZH126_2e2mu_phi_genbin0_recobin6 acc 0.0483 eff 0.0 outinratio 0.0706 

ttH126_2e2mu_phi_genbin0_recobin6 acc 0.0577 eff 0.0 outinratio 0.0235 

ggH126_2e2mu_phi_genbin1_recobin6 acc 0.0503 eff 0.0 outinratio 0.0083 

VBFH126_2e2mu_phi_genbin1_recobin6 acc 0.05 eff 0.0 outinratio 0.0 

WminusH126_2e2mu_phi_genbin1_recobin6 acc 0.0504 eff 0.0 outinratio 0.014 

WplusH126_2e2mu_phi_genbin1_recobin6 acc 0.0403 eff 0.0 outinratio 0.0246 

ZH126_2e2mu_phi_genbin1_recobin6 acc 0.0485 eff 0.0 outinratio 0.0706 

ttH126_2e2mu_phi_genbin1_recobin6 acc 0.0519 eff 0.0 outinratio 0.0235 

ggH126_2e2mu_phi_genbin2_recobin6 acc 0.0494 eff 0.0 outinratio 0.0083 

VBFH126_2e2mu_phi_genbin2_recobin6 acc 0.0553 eff 0.0 outinratio 0.0 

WminusH126_2e2mu_phi_genbin2_recobin6 acc 0.0433 eff 0.0 outinratio 0.014 

WplusH126_2e2mu_phi_genbin2_recobin6 acc 0.04 eff 0.0 outinratio 0.0246 

ZH126_2e2mu_phi_genbin2_recobin6 acc 0.0438 eff 0.0 outinratio 0.0706 

ttH126_2e2mu_phi_genbin2_recobin6 acc 0.0491 eff 0.0 outinratio 0.0235 

ggH126_2e2mu_phi_genbin3_recobin6 acc 0.0567 eff 0.0 outinratio 0.0083 

VBFH126_2e2mu_phi_genbin3_recobin6 acc 0.0602 eff 0.0 outinratio 0.0 

WminusH126_2e2mu_phi_genbin3_recobin6 acc 0.0567 eff 0.0 outinratio 0.014 

WplusH126_2e2mu_phi_genbin3_recobin6 acc 0.0482 eff 0.0 outinratio 0.0246 

ZH126_2e2mu_phi_genbin3_recobin6 acc 0.0504 eff 0.0 outinratio 0.0706 

ttH126_2e2mu_phi_genbin3_recobin6 acc 0.0586 eff 0.0 outinratio 0.0235 

ggH126_2e2mu_phi_genbin4_recobin6 acc 0.0589 eff 0.0 outinratio 0.0083 

VBFH126_2e2mu_phi_genbin4_recobin6 acc 0.0654 eff 0.0 outinratio 0.0 

WminusH126_2e2mu_phi_genbin4_recobin6 acc 0.0556 eff 0.0 outinratio 0.014 

WplusH126_2e2mu_phi_genbin4_recobin6 acc 0.0504 eff 0.0 outinratio 0.0246 

ZH126_2e2mu_phi_genbin4_recobin6 acc 0.0531 eff 0.0 outinratio 0.0706 

ttH126_2e2mu_phi_genbin4_recobin6 acc 0.0677 eff 0.0 outinratio 0.0235 

ggH126_2e2mu_phi_genbin5_recobin6 acc 0.0522 eff 0.0131 outinratio 0.0083 

VBFH126_2e2mu_phi_genbin5_recobin6 acc 0.0585 eff 0.009 outinratio 0.0 

WminusH126_2e2mu_phi_genbin5_recobin6 acc 0.0436 eff 0.0058 outinratio 0.014 

WplusH126_2e2mu_phi_genbin5_recobin6 acc 0.0406 eff 0.0084 outinratio 0.0246 

ZH126_2e2mu_phi_genbin5_recobin6 acc 0.046 eff 0.0099 outinratio 0.0706 

ttH126_2e2mu_phi_genbin5_recobin6 acc 0.0509 eff 0.005 outinratio 0.0235 

ggH126_2e2mu_phi_genbin6_recobin6 acc 0.051 eff 0.4453 outinratio 0.0083 

VBFH126_2e2mu_phi_genbin6_recobin6 acc 0.0569 eff 0.5613 outinratio 0.0 

WminusH126_2e2mu_phi_genbin6_recobin6 acc 0.0471 eff 0.4413 outinratio 0.014 

WplusH126_2e2mu_phi_genbin6_recobin6 acc 0.0435 eff 0.4794 outinratio 0.0246 

ZH126_2e2mu_phi_genbin6_recobin6 acc 0.045 eff 0.4812 outinratio 0.0706 

ttH126_2e2mu_phi_genbin6_recobin6 acc 0.0555 eff 0.3766 outinratio 0.0235 

ggH126_2e2mu_phi_genbin7_recobin6 acc 0.0591 eff 0.0041 outinratio 0.0083 

VBFH126_2e2mu_phi_genbin7_recobin6 acc 0.0654 eff 0.0087 outinratio 0.0 

WminusH126_2e2mu_phi_genbin7_recobin6 acc 0.0539 eff 0.002 outinratio 0.014 

WplusH126_2e2mu_phi_genbin7_recobin6 acc 0.0517 eff 0.0058 outinratio 0.0246 

ZH126_2e2mu_phi_genbin7_recobin6 acc 0.0538 eff 0.0077 outinratio 0.0706 

ttH126_2e2mu_phi_genbin7_recobin6 acc 0.0717 eff 0.0071 outinratio 0.0235 

ggH126_2e2mu_phi_genbin0_recobin7 acc 0.0599 eff 0.0005 outinratio 0.0129 

VBFH126_2e2mu_phi_genbin0_recobin7 acc 0.0634 eff 0.0 outinratio 0.0 

WminusH126_2e2mu_phi_genbin0_recobin7 acc 0.0529 eff 0.0 outinratio 0.0251 

WplusH126_2e2mu_phi_genbin0_recobin7 acc 0.0496 eff 0.0 outinratio 0.0165 

ZH126_2e2mu_phi_genbin0_recobin7 acc 0.0483 eff 0.0012 outinratio 0.0447 

ttH126_2e2mu_phi_genbin0_recobin7 acc 0.0577 eff 0.0043 outinratio 0.0413 

ggH126_2e2mu_phi_genbin1_recobin7 acc 0.0503 eff 0.0 outinratio 0.0129 

VBFH126_2e2mu_phi_genbin1_recobin7 acc 0.05 eff 0.0 outinratio 0.0 

WminusH126_2e2mu_phi_genbin1_recobin7 acc 0.0504 eff 0.0028 outinratio 0.0251 

WplusH126_2e2mu_phi_genbin1_recobin7 acc 0.0403 eff 0.0 outinratio 0.0165 

ZH126_2e2mu_phi_genbin1_recobin7 acc 0.0485 eff 0.0 outinratio 0.0447 

ttH126_2e2mu_phi_genbin1_recobin7 acc 0.0519 eff 0.0 outinratio 0.0413 

ggH126_2e2mu_phi_genbin2_recobin7 acc 0.0494 eff 0.0 outinratio 0.0129 

VBFH126_2e2mu_phi_genbin2_recobin7 acc 0.0553 eff 0.0 outinratio 0.0 

WminusH126_2e2mu_phi_genbin2_recobin7 acc 0.0433 eff 0.0 outinratio 0.0251 

WplusH126_2e2mu_phi_genbin2_recobin7 acc 0.04 eff 0.0 outinratio 0.0165 

ZH126_2e2mu_phi_genbin2_recobin7 acc 0.0438 eff 0.0 outinratio 0.0447 

ttH126_2e2mu_phi_genbin2_recobin7 acc 0.0491 eff 0.0 outinratio 0.0413 

ggH126_2e2mu_phi_genbin3_recobin7 acc 0.0567 eff 0.0 outinratio 0.0129 

VBFH126_2e2mu_phi_genbin3_recobin7 acc 0.0602 eff 0.0 outinratio 0.0 

WminusH126_2e2mu_phi_genbin3_recobin7 acc 0.0567 eff 0.0 outinratio 0.0251 

WplusH126_2e2mu_phi_genbin3_recobin7 acc 0.0482 eff 0.0 outinratio 0.0165 

ZH126_2e2mu_phi_genbin3_recobin7 acc 0.0504 eff 0.0 outinratio 0.0447 

ttH126_2e2mu_phi_genbin3_recobin7 acc 0.0586 eff 0.0 outinratio 0.0413 

ggH126_2e2mu_phi_genbin4_recobin7 acc 0.0589 eff 0.0011 outinratio 0.0129 

VBFH126_2e2mu_phi_genbin4_recobin7 acc 0.0654 eff 0.0 outinratio 0.0 

WminusH126_2e2mu_phi_genbin4_recobin7 acc 0.0556 eff 0.0 outinratio 0.0251 

WplusH126_2e2mu_phi_genbin4_recobin7 acc 0.0504 eff 0.0 outinratio 0.0165 

ZH126_2e2mu_phi_genbin4_recobin7 acc 0.0531 eff 0.0 outinratio 0.0447 

ttH126_2e2mu_phi_genbin4_recobin7 acc 0.0677 eff 0.0 outinratio 0.0413 

ggH126_2e2mu_phi_genbin5_recobin7 acc 0.0522 eff 0.0 outinratio 0.0129 

VBFH126_2e2mu_phi_genbin5_recobin7 acc 0.0585 eff 0.0 outinratio 0.0 

WminusH126_2e2mu_phi_genbin5_recobin7 acc 0.0436 eff 0.0 outinratio 0.0251 

WplusH126_2e2mu_phi_genbin5_recobin7 acc 0.0406 eff 0.0 outinratio 0.0165 

ZH126_2e2mu_phi_genbin5_recobin7 acc 0.046 eff 0.0 outinratio 0.0447 

ttH126_2e2mu_phi_genbin5_recobin7 acc 0.0509 eff 0.0 outinratio 0.0413 

ggH126_2e2mu_phi_genbin6_recobin7 acc 0.051 eff 0.006 outinratio 0.0129 

VBFH126_2e2mu_phi_genbin6_recobin7 acc 0.0569 eff 0.0146 outinratio 0.0 

WminusH126_2e2mu_phi_genbin6_recobin7 acc 0.0471 eff 0.0018 outinratio 0.0251 

WplusH126_2e2mu_phi_genbin6_recobin7 acc 0.0435 eff 0.0039 outinratio 0.0165 

ZH126_2e2mu_phi_genbin6_recobin7 acc 0.045 eff 0.007 outinratio 0.0447 

ttH126_2e2mu_phi_genbin6_recobin7 acc 0.0555 eff 0.0 outinratio 0.0413 

ggH126_2e2mu_phi_genbin7_recobin7 acc 0.0591 eff 0.4665 outinratio 0.0129 

VBFH126_2e2mu_phi_genbin7_recobin7 acc 0.0654 eff 0.5144 outinratio 0.0 

WminusH126_2e2mu_phi_genbin7_recobin7 acc 0.0539 eff 0.4321 outinratio 0.0251 

WplusH126_2e2mu_phi_genbin7_recobin7 acc 0.0517 eff 0.4609 outinratio 0.0165 

ZH126_2e2mu_phi_genbin7_recobin7 acc 0.0538 eff 0.4766 outinratio 0.0447 

ttH126_2e2mu_phi_genbin7_recobin7 acc 0.0717 eff 0.3707 outinratio 0.0413 

Coeff fullNNLOPS
