Welcome in RunCoefficients!
OPT SPLIT
DEBUG opt.YEAR = 2022EE_5
It is a double-differential measurement, binning for the 1st variable {0: [0.0, 0.99], 1: [0.0, 0.99], 2: [0.0, 0.99], 3: [0.0, 0.99], 4: [0.0, 0.99], 5: [0.0, 0.99], 6: [1.0, 1.99], 7: [1.0, 1.99], 8: [1.0, 1.99], 9: [1.0, 1.99], 10: [2.0, 100.0], 11: [2.0, 100.0]} and for the 2nd variable {0: [0.0, 12.0], 1: [12.0, 18.0], 2: [18.0, 24.0], 3: [24.0, 32.0], 4: [32.0, 46.0], 5: [46.0, 10000.0], 6: [0.0, 45.0], 7: [45.0, 65.0], 8: [65.0, 100.0], 9: [100.0, 10000.0], 10: [0.0, 155.0], 11: [155.0, 10000.0]}
{0: [0.0, 0.99, 0.0, 12.0], 1: [0.0, 0.99, 12.0, 18.0], 2: [0.0, 0.99, 18.0, 24.0], 3: [0.0, 0.99, 24.0, 32.0], 4: [0.0, 0.99, 32.0, 46.0], 5: [0.0, 0.99, 46.0, 10000.0], 6: [1.0, 1.99, 0.0, 45.0], 7: [1.0, 1.99, 45.0, 65.0], 8: [1.0, 1.99, 65.0, 100.0], 9: [1.0, 1.99, 100.0, 10000.0], 10: [2.0, 100.0, 0.0, 155.0], 11: [2.0, 100.0, 155.0, 10000.0]}
Nj
Following observables extracted from dictionary: RECO =  Nj  GEN =  GENNj
It is a double-differential measurement: RECO_2nd =  ZZPt  GEN_2nd =  GENpT4l
LUMI: 4.4454666666666665
ttH126 0.00016778591
Processing ggH126 2022EE_5
Signal created
Signal failed created
Processing VBFH126 2022EE_5
Signal created
Signal failed created
Processing WminusH126 2022EE_5
Signal created
Signal failed created
Processing WplusH126 2022EE_5
Signal created
Signal failed created
Processing ZH126 2022EE_5
Signal created
Signal failed created
Processing ttH126 2022EE_5
Signal created
Signal failed created
2022EE_5 SKIMMED df CREATED
2022EE_5 ggH126
2022EE_5 VBFH126
2022EE_5 WminusH126
2022EE_5 WplusH126
2022EE_5 ZH126
2022EE_5 ttH126
Dataframes created successfully
Coeff std
ggH126_4l_Nj_pT4l_genbin0_recobin0 acc 0.0756 eff 0.4362 outinratio 0.0045 

VBFH126_4l_Nj_pT4l_genbin0_recobin0 acc 0.0041 eff 0.348 outinratio 0.0 

WminusH126_4l_Nj_pT4l_genbin0_recobin0 acc 0.0043 eff 0.2755 outinratio 0.0153 

WplusH126_4l_Nj_pT4l_genbin0_recobin0 acc 0.0034 eff 0.2988 outinratio 0.0325 

ZH126_4l_Nj_pT4l_genbin0_recobin0 acc 0.0033 eff 0.3113 outinratio 0.0178 

ttH126_4l_Nj_pT4l_genbin0_recobin0 acc 0.0 eff -1.0 outinratio 0.0 

ggH126_4l_Nj_pT4l_genbin1_recobin0 acc 0.0549 eff 0.0396 outinratio 0.0045 

VBFH126_4l_Nj_pT4l_genbin1_recobin0 acc 0.0052 eff 0.0151 outinratio 0.0 

WminusH126_4l_Nj_pT4l_genbin1_recobin0 acc 0.0047 eff 0.0341 outinratio 0.0153 

WplusH126_4l_Nj_pT4l_genbin1_recobin0 acc 0.0036 eff 0.0221 outinratio 0.0325 

ZH126_4l_Nj_pT4l_genbin1_recobin0 acc 0.0039 eff 0.0393 outinratio 0.0178 

ttH126_4l_Nj_pT4l_genbin1_recobin0 acc 0.0 eff -1.0 outinratio 0.0 

ggH126_4l_Nj_pT4l_genbin2_recobin0 acc 0.0472 eff 0.002 outinratio 0.0045 

VBFH126_4l_Nj_pT4l_genbin2_recobin0 acc 0.0067 eff 0.0 outinratio 0.0 

WminusH126_4l_Nj_pT4l_genbin2_recobin0 acc 0.0058 eff 0.0 outinratio 0.0153 

WplusH126_4l_Nj_pT4l_genbin2_recobin0 acc 0.0049 eff 0.0011 outinratio 0.0325 

ZH126_4l_Nj_pT4l_genbin2_recobin0 acc 0.0045 eff 0.0 outinratio 0.0178 

ttH126_4l_Nj_pT4l_genbin2_recobin0 acc 0.0 eff -1.0 outinratio 0.0 

ggH126_4l_Nj_pT4l_genbin3_recobin0 acc 0.0467 eff 0.0003 outinratio 0.0045 

VBFH126_4l_Nj_pT4l_genbin3_recobin0 acc 0.0104 eff 0.0 outinratio 0.0 

WminusH126_4l_Nj_pT4l_genbin3_recobin0 acc 0.0089 eff 0.0 outinratio 0.0153 

WplusH126_4l_Nj_pT4l_genbin3_recobin0 acc 0.0071 eff 0.0 outinratio 0.0325 

ZH126_4l_Nj_pT4l_genbin3_recobin0 acc 0.007 eff 0.0 outinratio 0.0178 

ttH126_4l_Nj_pT4l_genbin3_recobin0 acc 0.0 eff -1.0 outinratio 0.0 

ggH126_4l_Nj_pT4l_genbin4_recobin0 acc 0.0439 eff 0.0 outinratio 0.0045 

VBFH126_4l_Nj_pT4l_genbin4_recobin0 acc 0.0168 eff 0.0 outinratio 0.0 

WminusH126_4l_Nj_pT4l_genbin4_recobin0 acc 0.016 eff 0.0 outinratio 0.0153 

WplusH126_4l_Nj_pT4l_genbin4_recobin0 acc 0.0133 eff 0.0 outinratio 0.0325 

ZH126_4l_Nj_pT4l_genbin4_recobin0 acc 0.0123 eff 0.0 outinratio 0.0178 

ttH126_4l_Nj_pT4l_genbin4_recobin0 acc 0.0 eff -1.0 outinratio 0.0 

ggH126_4l_Nj_pT4l_genbin5_recobin0 acc 0.024 eff 0.0 outinratio 0.0045 

VBFH126_4l_Nj_pT4l_genbin5_recobin0 acc 0.0273 eff 0.0 outinratio 0.0 

WminusH126_4l_Nj_pT4l_genbin5_recobin0 acc 0.0623 eff 0.0 outinratio 0.0153 

WplusH126_4l_Nj_pT4l_genbin5_recobin0 acc 0.0554 eff 0.0 outinratio 0.0325 

ZH126_4l_Nj_pT4l_genbin5_recobin0 acc 0.0514 eff 0.0 outinratio 0.0178 

ttH126_4l_Nj_pT4l_genbin5_recobin0 acc 0.0017 eff -1.0 outinratio 0.0 

ggH126_4l_Nj_pT4l_genbin6_recobin0 acc 0.0311 eff 0.0029 outinratio 0.0045 

VBFH126_4l_Nj_pT4l_genbin6_recobin0 acc 0.0343 eff 0.0037 outinratio 0.0 

WminusH126_4l_Nj_pT4l_genbin6_recobin0 acc 0.035 eff 0.0052 outinratio 0.0153 

WplusH126_4l_Nj_pT4l_genbin6_recobin0 acc 0.0292 eff 0.0048 outinratio 0.0325 

ZH126_4l_Nj_pT4l_genbin6_recobin0 acc 0.0304 eff 0.0062 outinratio 0.0178 

ttH126_4l_Nj_pT4l_genbin6_recobin0 acc 0.0029 eff -1.0 outinratio 0.0 

ggH126_4l_Nj_pT4l_genbin7_recobin0 acc 0.0312 eff 0.0 outinratio 0.0045 

VBFH126_4l_Nj_pT4l_genbin7_recobin0 acc 0.0384 eff 0.0 outinratio 0.0 

WminusH126_4l_Nj_pT4l_genbin7_recobin0 acc 0.0296 eff 0.0 outinratio 0.0153 

WplusH126_4l_Nj_pT4l_genbin7_recobin0 acc 0.0253 eff 0.0 outinratio 0.0325 

ZH126_4l_Nj_pT4l_genbin7_recobin0 acc 0.027 eff 0.0 outinratio 0.0178 

ttH126_4l_Nj_pT4l_genbin7_recobin0 acc 0.0011 eff -1.0 outinratio 0.0 

ggH126_4l_Nj_pT4l_genbin8_recobin0 acc 0.0295 eff 0.0 outinratio 0.0045 

VBFH126_4l_Nj_pT4l_genbin8_recobin0 acc 0.0694 eff 0.0 outinratio 0.0 

WminusH126_4l_Nj_pT4l_genbin8_recobin0 acc 0.0385 eff 0.0 outinratio 0.0153 

WplusH126_4l_Nj_pT4l_genbin8_recobin0 acc 0.0334 eff 0.0 outinratio 0.0325 

ZH126_4l_Nj_pT4l_genbin8_recobin0 acc 0.0359 eff 0.0 outinratio 0.0178 

ttH126_4l_Nj_pT4l_genbin8_recobin0 acc 0.0011 eff -1.0 outinratio 0.0 

ggH126_4l_Nj_pT4l_genbin9_recobin0 acc 0.0196 eff 0.0 outinratio 0.0045 

VBFH126_4l_Nj_pT4l_genbin9_recobin0 acc 0.0772 eff 0.0 outinratio 0.0 

WminusH126_4l_Nj_pT4l_genbin9_recobin0 acc 0.0342 eff 0.0 outinratio 0.0153 

WplusH126_4l_Nj_pT4l_genbin9_recobin0 acc 0.0333 eff 0.0 outinratio 0.0325 

ZH126_4l_Nj_pT4l_genbin9_recobin0 acc 0.0335 eff 0.0 outinratio 0.0178 

ttH126_4l_Nj_pT4l_genbin9_recobin0 acc 0.0075 eff 0.0 outinratio 0.0 

ggH126_4l_Nj_pT4l_genbin10_recobin0 acc 0.0313 eff 0.0 outinratio 0.0045 

VBFH126_4l_Nj_pT4l_genbin10_recobin0 acc 0.1385 eff 0.0 outinratio 0.0 

WminusH126_4l_Nj_pT4l_genbin10_recobin0 acc 0.1267 eff 0.0003 outinratio 0.0153 

WplusH126_4l_Nj_pT4l_genbin10_recobin0 acc 0.1102 eff 0.0001 outinratio 0.0325 

ZH126_4l_Nj_pT4l_genbin10_recobin0 acc 0.1341 eff 0.0002 outinratio 0.0178 

ttH126_4l_Nj_pT4l_genbin10_recobin0 acc 0.324 eff 0.0 outinratio 0.0 

ggH126_4l_Nj_pT4l_genbin11_recobin0 acc 0.012 eff 0.0 outinratio 0.0045 

VBFH126_4l_Nj_pT4l_genbin11_recobin0 acc 0.0568 eff 0.0 outinratio 0.0 

WminusH126_4l_Nj_pT4l_genbin11_recobin0 acc 0.0438 eff 0.0 outinratio 0.0153 

WplusH126_4l_Nj_pT4l_genbin11_recobin0 acc 0.0471 eff 0.0 outinratio 0.0325 

ZH126_4l_Nj_pT4l_genbin11_recobin0 acc 0.047 eff 0.0 outinratio 0.0178 

ttH126_4l_Nj_pT4l_genbin11_recobin0 acc 0.1522 eff 0.0 outinratio 0.0 

ggH126_4l_Nj_pT4l_genbin0_recobin1 acc 0.0756 eff 0.0345 outinratio 0.0073 

VBFH126_4l_Nj_pT4l_genbin0_recobin1 acc 0.0041 eff 0.0386 outinratio 0.0352 

WminusH126_4l_Nj_pT4l_genbin0_recobin1 acc 0.0043 eff 0.0236 outinratio 0.0128 

WplusH126_4l_Nj_pT4l_genbin0_recobin1 acc 0.0034 eff 0.0303 outinratio 0.0297 

ZH126_4l_Nj_pT4l_genbin0_recobin1 acc 0.0033 eff 0.0323 outinratio 0.0573 

ttH126_4l_Nj_pT4l_genbin0_recobin1 acc 0.0 eff -1.0 outinratio 0.0 

ggH126_4l_Nj_pT4l_genbin1_recobin1 acc 0.0549 eff 0.3757 outinratio 0.0073 

VBFH126_4l_Nj_pT4l_genbin1_recobin1 acc 0.0052 eff 0.3078 outinratio 0.0352 

WminusH126_4l_Nj_pT4l_genbin1_recobin1 acc 0.0047 eff 0.2434 outinratio 0.0128 

WplusH126_4l_Nj_pT4l_genbin1_recobin1 acc 0.0036 eff 0.3104 outinratio 0.0297 

ZH126_4l_Nj_pT4l_genbin1_recobin1 acc 0.0039 eff 0.2712 outinratio 0.0573 

ttH126_4l_Nj_pT4l_genbin1_recobin1 acc 0.0 eff -1.0 outinratio 0.0 

ggH126_4l_Nj_pT4l_genbin2_recobin1 acc 0.0472 eff 0.0388 outinratio 0.0073 

VBFH126_4l_Nj_pT4l_genbin2_recobin1 acc 0.0067 eff 0.0261 outinratio 0.0352 

WminusH126_4l_Nj_pT4l_genbin2_recobin1 acc 0.0058 eff 0.0334 outinratio 0.0128 

WplusH126_4l_Nj_pT4l_genbin2_recobin1 acc 0.0049 eff 0.0286 outinratio 0.0297 

ZH126_4l_Nj_pT4l_genbin2_recobin1 acc 0.0045 eff 0.0056 outinratio 0.0573 

ttH126_4l_Nj_pT4l_genbin2_recobin1 acc 0.0 eff -1.0 outinratio 0.0 

ggH126_4l_Nj_pT4l_genbin3_recobin1 acc 0.0467 eff 0.0004 outinratio 0.0073 

VBFH126_4l_Nj_pT4l_genbin3_recobin1 acc 0.0104 eff 0.0 outinratio 0.0352 

WminusH126_4l_Nj_pT4l_genbin3_recobin1 acc 0.0089 eff 0.0014 outinratio 0.0128 

WplusH126_4l_Nj_pT4l_genbin3_recobin1 acc 0.0071 eff 0.0 outinratio 0.0297 

ZH126_4l_Nj_pT4l_genbin3_recobin1 acc 0.007 eff 0.0015 outinratio 0.0573 

ttH126_4l_Nj_pT4l_genbin3_recobin1 acc 0.0 eff -1.0 outinratio 0.0 

ggH126_4l_Nj_pT4l_genbin4_recobin1 acc 0.0439 eff 0.0 outinratio 0.0073 

VBFH126_4l_Nj_pT4l_genbin4_recobin1 acc 0.0168 eff 0.0 outinratio 0.0352 

WminusH126_4l_Nj_pT4l_genbin4_recobin1 acc 0.016 eff 0.0 outinratio 0.0128 

WplusH126_4l_Nj_pT4l_genbin4_recobin1 acc 0.0133 eff 0.0 outinratio 0.0297 

ZH126_4l_Nj_pT4l_genbin4_recobin1 acc 0.0123 eff 0.0 outinratio 0.0573 

ttH126_4l_Nj_pT4l_genbin4_recobin1 acc 0.0 eff -1.0 outinratio 0.0 

ggH126_4l_Nj_pT4l_genbin5_recobin1 acc 0.024 eff 0.0 outinratio 0.0073 

VBFH126_4l_Nj_pT4l_genbin5_recobin1 acc 0.0273 eff 0.0 outinratio 0.0352 

WminusH126_4l_Nj_pT4l_genbin5_recobin1 acc 0.0623 eff 0.0 outinratio 0.0128 

WplusH126_4l_Nj_pT4l_genbin5_recobin1 acc 0.0554 eff 0.0 outinratio 0.0297 

ZH126_4l_Nj_pT4l_genbin5_recobin1 acc 0.0514 eff 0.0 outinratio 0.0573 

ttH126_4l_Nj_pT4l_genbin5_recobin1 acc 0.0017 eff -1.0 outinratio 0.0 

ggH126_4l_Nj_pT4l_genbin6_recobin1 acc 0.0311 eff 0.0066 outinratio 0.0073 

VBFH126_4l_Nj_pT4l_genbin6_recobin1 acc 0.0343 eff 0.0065 outinratio 0.0352 

WminusH126_4l_Nj_pT4l_genbin6_recobin1 acc 0.035 eff 0.0049 outinratio 0.0128 

WplusH126_4l_Nj_pT4l_genbin6_recobin1 acc 0.0292 eff 0.005 outinratio 0.0297 

ZH126_4l_Nj_pT4l_genbin6_recobin1 acc 0.0304 eff 0.0089 outinratio 0.0573 

ttH126_4l_Nj_pT4l_genbin6_recobin1 acc 0.0029 eff -1.0 outinratio 0.0 

ggH126_4l_Nj_pT4l_genbin7_recobin1 acc 0.0312 eff 0.0 outinratio 0.0073 

VBFH126_4l_Nj_pT4l_genbin7_recobin1 acc 0.0384 eff 0.0 outinratio 0.0352 

WminusH126_4l_Nj_pT4l_genbin7_recobin1 acc 0.0296 eff 0.0 outinratio 0.0128 

WplusH126_4l_Nj_pT4l_genbin7_recobin1 acc 0.0253 eff 0.0 outinratio 0.0297 

ZH126_4l_Nj_pT4l_genbin7_recobin1 acc 0.027 eff 0.0 outinratio 0.0573 

ttH126_4l_Nj_pT4l_genbin7_recobin1 acc 0.0011 eff -1.0 outinratio 0.0 

ggH126_4l_Nj_pT4l_genbin8_recobin1 acc 0.0295 eff 0.0 outinratio 0.0073 

VBFH126_4l_Nj_pT4l_genbin8_recobin1 acc 0.0694 eff 0.0 outinratio 0.0352 

WminusH126_4l_Nj_pT4l_genbin8_recobin1 acc 0.0385 eff 0.0 outinratio 0.0128 

WplusH126_4l_Nj_pT4l_genbin8_recobin1 acc 0.0334 eff 0.0 outinratio 0.0297 

ZH126_4l_Nj_pT4l_genbin8_recobin1 acc 0.0359 eff 0.0 outinratio 0.0573 

ttH126_4l_Nj_pT4l_genbin8_recobin1 acc 0.0011 eff -1.0 outinratio 0.0 

ggH126_4l_Nj_pT4l_genbin9_recobin1 acc 0.0196 eff 0.0 outinratio 0.0073 

VBFH126_4l_Nj_pT4l_genbin9_recobin1 acc 0.0772 eff 0.0 outinratio 0.0352 

WminusH126_4l_Nj_pT4l_genbin9_recobin1 acc 0.0342 eff 0.0 outinratio 0.0128 

WplusH126_4l_Nj_pT4l_genbin9_recobin1 acc 0.0333 eff 0.0 outinratio 0.0297 

ZH126_4l_Nj_pT4l_genbin9_recobin1 acc 0.0335 eff 0.0 outinratio 0.0573 

ttH126_4l_Nj_pT4l_genbin9_recobin1 acc 0.0075 eff 0.0 outinratio 0.0 

ggH126_4l_Nj_pT4l_genbin10_recobin1 acc 0.0313 eff 0.0 outinratio 0.0073 

VBFH126_4l_Nj_pT4l_genbin10_recobin1 acc 0.1385 eff 0.0 outinratio 0.0352 

WminusH126_4l_Nj_pT4l_genbin10_recobin1 acc 0.1267 eff 0.0002 outinratio 0.0128 

WplusH126_4l_Nj_pT4l_genbin10_recobin1 acc 0.1102 eff 0.0002 outinratio 0.0297 

ZH126_4l_Nj_pT4l_genbin10_recobin1 acc 0.1341 eff 0.0004 outinratio 0.0573 

ttH126_4l_Nj_pT4l_genbin10_recobin1 acc 0.324 eff 0.0 outinratio 0.0 

ggH126_4l_Nj_pT4l_genbin11_recobin1 acc 0.012 eff 0.0 outinratio 0.0073 

VBFH126_4l_Nj_pT4l_genbin11_recobin1 acc 0.0568 eff 0.0 outinratio 0.0352 

WminusH126_4l_Nj_pT4l_genbin11_recobin1 acc 0.0438 eff 0.0 outinratio 0.0128 

WplusH126_4l_Nj_pT4l_genbin11_recobin1 acc 0.0471 eff 0.0 outinratio 0.0297 

ZH126_4l_Nj_pT4l_genbin11_recobin1 acc 0.047 eff 0.0 outinratio 0.0573 

ttH126_4l_Nj_pT4l_genbin11_recobin1 acc 0.1522 eff 0.0 outinratio 0.0 

ggH126_4l_Nj_pT4l_genbin0_recobin2 acc 0.0756 eff 0.0009 outinratio 0.0072 

VBFH126_4l_Nj_pT4l_genbin0_recobin2 acc 0.0041 eff 0.0062 outinratio 0.0 

WminusH126_4l_Nj_pT4l_genbin0_recobin2 acc 0.0043 eff 0.0 outinratio 0.0316 

WplusH126_4l_Nj_pT4l_genbin0_recobin2 acc 0.0034 eff 0.0 outinratio 0.0184 

ZH126_4l_Nj_pT4l_genbin0_recobin2 acc 0.0033 eff 0.0079 outinratio 0.091 

ttH126_4l_Nj_pT4l_genbin0_recobin2 acc 0.0 eff -1.0 outinratio 0.0 

ggH126_4l_Nj_pT4l_genbin1_recobin2 acc 0.0549 eff 0.0314 outinratio 0.0072 

VBFH126_4l_Nj_pT4l_genbin1_recobin2 acc 0.0052 eff 0.0614 outinratio 0.0 

WminusH126_4l_Nj_pT4l_genbin1_recobin2 acc 0.0047 eff 0.0199 outinratio 0.0316 

WplusH126_4l_Nj_pT4l_genbin1_recobin2 acc 0.0036 eff 0.0293 outinratio 0.0184 

ZH126_4l_Nj_pT4l_genbin1_recobin2 acc 0.0039 eff 0.0319 outinratio 0.091 

ttH126_4l_Nj_pT4l_genbin1_recobin2 acc 0.0 eff -1.0 outinratio 0.0 

ggH126_4l_Nj_pT4l_genbin2_recobin2 acc 0.0472 eff 0.3675 outinratio 0.0072 

VBFH126_4l_Nj_pT4l_genbin2_recobin2 acc 0.0067 eff 0.3775 outinratio 0.0 

WminusH126_4l_Nj_pT4l_genbin2_recobin2 acc 0.0058 eff 0.2479 outinratio 0.0316 

WplusH126_4l_Nj_pT4l_genbin2_recobin2 acc 0.0049 eff 0.2731 outinratio 0.0184 

ZH126_4l_Nj_pT4l_genbin2_recobin2 acc 0.0045 eff 0.2805 outinratio 0.091 

ttH126_4l_Nj_pT4l_genbin2_recobin2 acc 0.0 eff -1.0 outinratio 0.0 

ggH126_4l_Nj_pT4l_genbin3_recobin2 acc 0.0467 eff 0.0364 outinratio 0.0072 

VBFH126_4l_Nj_pT4l_genbin3_recobin2 acc 0.0104 eff 0.0393 outinratio 0.0 

WminusH126_4l_Nj_pT4l_genbin3_recobin2 acc 0.0089 eff 0.0246 outinratio 0.0316 

WplusH126_4l_Nj_pT4l_genbin3_recobin2 acc 0.0071 eff 0.0204 outinratio 0.0184 

ZH126_4l_Nj_pT4l_genbin3_recobin2 acc 0.007 eff 0.0238 outinratio 0.091 

ttH126_4l_Nj_pT4l_genbin3_recobin2 acc 0.0 eff -1.0 outinratio 0.0 

ggH126_4l_Nj_pT4l_genbin4_recobin2 acc 0.0439 eff 0.0005 outinratio 0.0072 

VBFH126_4l_Nj_pT4l_genbin4_recobin2 acc 0.0168 eff 0.0 outinratio 0.0 

WminusH126_4l_Nj_pT4l_genbin4_recobin2 acc 0.016 eff 0.0 outinratio 0.0316 

WplusH126_4l_Nj_pT4l_genbin4_recobin2 acc 0.0133 eff 0.0002 outinratio 0.0184 

ZH126_4l_Nj_pT4l_genbin4_recobin2 acc 0.0123 eff 0.0 outinratio 0.091 

ttH126_4l_Nj_pT4l_genbin4_recobin2 acc 0.0 eff -1.0 outinratio 0.0 

ggH126_4l_Nj_pT4l_genbin5_recobin2 acc 0.024 eff 0.0 outinratio 0.0072 

VBFH126_4l_Nj_pT4l_genbin5_recobin2 acc 0.0273 eff 0.0 outinratio 0.0 

WminusH126_4l_Nj_pT4l_genbin5_recobin2 acc 0.0623 eff 0.0 outinratio 0.0316 

WplusH126_4l_Nj_pT4l_genbin5_recobin2 acc 0.0554 eff 0.0 outinratio 0.0184 

ZH126_4l_Nj_pT4l_genbin5_recobin2 acc 0.0514 eff 0.0 outinratio 0.091 

ttH126_4l_Nj_pT4l_genbin5_recobin2 acc 0.0017 eff -1.0 outinratio 0.0 

ggH126_4l_Nj_pT4l_genbin6_recobin2 acc 0.0311 eff 0.0098 outinratio 0.0072 

VBFH126_4l_Nj_pT4l_genbin6_recobin2 acc 0.0343 eff 0.0087 outinratio 0.0 

WminusH126_4l_Nj_pT4l_genbin6_recobin2 acc 0.035 eff 0.007 outinratio 0.0316 

WplusH126_4l_Nj_pT4l_genbin6_recobin2 acc 0.0292 eff 0.0074 outinratio 0.0184 

ZH126_4l_Nj_pT4l_genbin6_recobin2 acc 0.0304 eff 0.0094 outinratio 0.091 

ttH126_4l_Nj_pT4l_genbin6_recobin2 acc 0.0029 eff -1.0 outinratio 0.0 

ggH126_4l_Nj_pT4l_genbin7_recobin2 acc 0.0312 eff 0.0 outinratio 0.0072 

VBFH126_4l_Nj_pT4l_genbin7_recobin2 acc 0.0384 eff 0.0 outinratio 0.0 

WminusH126_4l_Nj_pT4l_genbin7_recobin2 acc 0.0296 eff 0.0 outinratio 0.0316 

WplusH126_4l_Nj_pT4l_genbin7_recobin2 acc 0.0253 eff 0.0 outinratio 0.0184 

ZH126_4l_Nj_pT4l_genbin7_recobin2 acc 0.027 eff 0.0 outinratio 0.091 

ttH126_4l_Nj_pT4l_genbin7_recobin2 acc 0.0011 eff -1.0 outinratio 0.0 

ggH126_4l_Nj_pT4l_genbin8_recobin2 acc 0.0295 eff 0.0 outinratio 0.0072 

VBFH126_4l_Nj_pT4l_genbin8_recobin2 acc 0.0694 eff 0.0 outinratio 0.0 

WminusH126_4l_Nj_pT4l_genbin8_recobin2 acc 0.0385 eff 0.0 outinratio 0.0316 

WplusH126_4l_Nj_pT4l_genbin8_recobin2 acc 0.0334 eff 0.0 outinratio 0.0184 

ZH126_4l_Nj_pT4l_genbin8_recobin2 acc 0.0359 eff 0.0 outinratio 0.091 

ttH126_4l_Nj_pT4l_genbin8_recobin2 acc 0.0011 eff -1.0 outinratio 0.0 

ggH126_4l_Nj_pT4l_genbin9_recobin2 acc 0.0196 eff 0.0 outinratio 0.0072 

VBFH126_4l_Nj_pT4l_genbin9_recobin2 acc 0.0772 eff 0.0 outinratio 0.0 

WminusH126_4l_Nj_pT4l_genbin9_recobin2 acc 0.0342 eff 0.0 outinratio 0.0316 

WplusH126_4l_Nj_pT4l_genbin9_recobin2 acc 0.0333 eff 0.0 outinratio 0.0184 

ZH126_4l_Nj_pT4l_genbin9_recobin2 acc 0.0335 eff 0.0 outinratio 0.091 

ttH126_4l_Nj_pT4l_genbin9_recobin2 acc 0.0075 eff 0.0 outinratio 0.0 

ggH126_4l_Nj_pT4l_genbin10_recobin2 acc 0.0313 eff 0.0007 outinratio 0.0072 

VBFH126_4l_Nj_pT4l_genbin10_recobin2 acc 0.1385 eff 0.0 outinratio 0.0 

WminusH126_4l_Nj_pT4l_genbin10_recobin2 acc 0.1267 eff 0.0002 outinratio 0.0316 

WplusH126_4l_Nj_pT4l_genbin10_recobin2 acc 0.1102 eff 0.0003 outinratio 0.0184 

ZH126_4l_Nj_pT4l_genbin10_recobin2 acc 0.1341 eff 0.0005 outinratio 0.091 

ttH126_4l_Nj_pT4l_genbin10_recobin2 acc 0.324 eff 0.0 outinratio 0.0 

ggH126_4l_Nj_pT4l_genbin11_recobin2 acc 0.012 eff 0.0 outinratio 0.0072 

VBFH126_4l_Nj_pT4l_genbin11_recobin2 acc 0.0568 eff 0.0 outinratio 0.0 

WminusH126_4l_Nj_pT4l_genbin11_recobin2 acc 0.0438 eff 0.0 outinratio 0.0316 

WplusH126_4l_Nj_pT4l_genbin11_recobin2 acc 0.0471 eff 0.0 outinratio 0.0184 

ZH126_4l_Nj_pT4l_genbin11_recobin2 acc 0.047 eff 0.0 outinratio 0.091 

ttH126_4l_Nj_pT4l_genbin11_recobin2 acc 0.1522 eff 0.0 outinratio 0.0 

ggH126_4l_Nj_pT4l_genbin0_recobin3 acc 0.0756 eff 0.0 outinratio 0.0064 

VBFH126_4l_Nj_pT4l_genbin0_recobin3 acc 0.0041 eff 0.0 outinratio 0.0051 

WminusH126_4l_Nj_pT4l_genbin0_recobin3 acc 0.0043 eff 0.0 outinratio 0.0288 

WplusH126_4l_Nj_pT4l_genbin0_recobin3 acc 0.0034 eff 0.0 outinratio 0.0233 

ZH126_4l_Nj_pT4l_genbin0_recobin3 acc 0.0033 eff 0.0 outinratio 0.0433 

ttH126_4l_Nj_pT4l_genbin0_recobin3 acc 0.0 eff -1.0 outinratio 0.0 

ggH126_4l_Nj_pT4l_genbin1_recobin3 acc 0.0549 eff 0.0014 outinratio 0.0064 

VBFH126_4l_Nj_pT4l_genbin1_recobin3 acc 0.0052 eff 0.0041 outinratio 0.0051 

WminusH126_4l_Nj_pT4l_genbin1_recobin3 acc 0.0047 eff 0.0014 outinratio 0.0288 

WplusH126_4l_Nj_pT4l_genbin1_recobin3 acc 0.0036 eff 0.0015 outinratio 0.0233 

ZH126_4l_Nj_pT4l_genbin1_recobin3 acc 0.0039 eff 0.0 outinratio 0.0433 

ttH126_4l_Nj_pT4l_genbin1_recobin3 acc 0.0 eff -1.0 outinratio 0.0 

ggH126_4l_Nj_pT4l_genbin2_recobin3 acc 0.0472 eff 0.0346 outinratio 0.0064 

VBFH126_4l_Nj_pT4l_genbin2_recobin3 acc 0.0067 eff 0.0184 outinratio 0.0051 

WminusH126_4l_Nj_pT4l_genbin2_recobin3 acc 0.0058 eff 0.0483 outinratio 0.0288 

WplusH126_4l_Nj_pT4l_genbin2_recobin3 acc 0.0049 eff 0.0217 outinratio 0.0233 

ZH126_4l_Nj_pT4l_genbin2_recobin3 acc 0.0045 eff 0.0411 outinratio 0.0433 

ttH126_4l_Nj_pT4l_genbin2_recobin3 acc 0.0 eff -1.0 outinratio 0.0 

ggH126_4l_Nj_pT4l_genbin3_recobin3 acc 0.0467 eff 0.3636 outinratio 0.0064 

VBFH126_4l_Nj_pT4l_genbin3_recobin3 acc 0.0104 eff 0.3044 outinratio 0.0051 

WminusH126_4l_Nj_pT4l_genbin3_recobin3 acc 0.0089 eff 0.2758 outinratio 0.0288 

WplusH126_4l_Nj_pT4l_genbin3_recobin3 acc 0.0071 eff 0.288 outinratio 0.0233 

ZH126_4l_Nj_pT4l_genbin3_recobin3 acc 0.007 eff 0.3298 outinratio 0.0433 

ttH126_4l_Nj_pT4l_genbin3_recobin3 acc 0.0 eff -1.0 outinratio 0.0 

ggH126_4l_Nj_pT4l_genbin4_recobin3 acc 0.0439 eff 0.029 outinratio 0.0064 

VBFH126_4l_Nj_pT4l_genbin4_recobin3 acc 0.0168 eff 0.026 outinratio 0.0051 

WminusH126_4l_Nj_pT4l_genbin4_recobin3 acc 0.016 eff 0.0098 outinratio 0.0288 

WplusH126_4l_Nj_pT4l_genbin4_recobin3 acc 0.0133 eff 0.0162 outinratio 0.0233 

ZH126_4l_Nj_pT4l_genbin4_recobin3 acc 0.0123 eff 0.0172 outinratio 0.0433 

ttH126_4l_Nj_pT4l_genbin4_recobin3 acc 0.0 eff -1.0 outinratio 0.0 

ggH126_4l_Nj_pT4l_genbin5_recobin3 acc 0.024 eff 0.0001 outinratio 0.0064 

VBFH126_4l_Nj_pT4l_genbin5_recobin3 acc 0.0273 eff 0.0 outinratio 0.0051 

WminusH126_4l_Nj_pT4l_genbin5_recobin3 acc 0.0623 eff 0.0 outinratio 0.0288 

WplusH126_4l_Nj_pT4l_genbin5_recobin3 acc 0.0554 eff 0.0 outinratio 0.0233 

ZH126_4l_Nj_pT4l_genbin5_recobin3 acc 0.0514 eff 0.0 outinratio 0.0433 

ttH126_4l_Nj_pT4l_genbin5_recobin3 acc 0.0017 eff -1.0 outinratio 0.0 

ggH126_4l_Nj_pT4l_genbin6_recobin3 acc 0.0311 eff 0.0262 outinratio 0.0064 

VBFH126_4l_Nj_pT4l_genbin6_recobin3 acc 0.0343 eff 0.0171 outinratio 0.0051 

WminusH126_4l_Nj_pT4l_genbin6_recobin3 acc 0.035 eff 0.0131 outinratio 0.0288 

WplusH126_4l_Nj_pT4l_genbin6_recobin3 acc 0.0292 eff 0.0109 outinratio 0.0233 

ZH126_4l_Nj_pT4l_genbin6_recobin3 acc 0.0304 eff 0.0146 outinratio 0.0433 

ttH126_4l_Nj_pT4l_genbin6_recobin3 acc 0.0029 eff -1.0 outinratio 0.0 

ggH126_4l_Nj_pT4l_genbin7_recobin3 acc 0.0312 eff 0.0 outinratio 0.0064 

VBFH126_4l_Nj_pT4l_genbin7_recobin3 acc 0.0384 eff 0.0 outinratio 0.0051 

WminusH126_4l_Nj_pT4l_genbin7_recobin3 acc 0.0296 eff 0.0 outinratio 0.0288 

WplusH126_4l_Nj_pT4l_genbin7_recobin3 acc 0.0253 eff 0.0 outinratio 0.0233 

ZH126_4l_Nj_pT4l_genbin7_recobin3 acc 0.027 eff 0.0 outinratio 0.0433 

ttH126_4l_Nj_pT4l_genbin7_recobin3 acc 0.0011 eff -1.0 outinratio 0.0 

ggH126_4l_Nj_pT4l_genbin8_recobin3 acc 0.0295 eff 0.0 outinratio 0.0064 

VBFH126_4l_Nj_pT4l_genbin8_recobin3 acc 0.0694 eff 0.0 outinratio 0.0051 

WminusH126_4l_Nj_pT4l_genbin8_recobin3 acc 0.0385 eff 0.0 outinratio 0.0288 

WplusH126_4l_Nj_pT4l_genbin8_recobin3 acc 0.0334 eff 0.0 outinratio 0.0233 

ZH126_4l_Nj_pT4l_genbin8_recobin3 acc 0.0359 eff 0.0 outinratio 0.0433 

ttH126_4l_Nj_pT4l_genbin8_recobin3 acc 0.0011 eff -1.0 outinratio 0.0 

ggH126_4l_Nj_pT4l_genbin9_recobin3 acc 0.0196 eff 0.0 outinratio 0.0064 

VBFH126_4l_Nj_pT4l_genbin9_recobin3 acc 0.0772 eff 0.0 outinratio 0.0051 

WminusH126_4l_Nj_pT4l_genbin9_recobin3 acc 0.0342 eff 0.0 outinratio 0.0288 

WplusH126_4l_Nj_pT4l_genbin9_recobin3 acc 0.0333 eff 0.0 outinratio 0.0233 

ZH126_4l_Nj_pT4l_genbin9_recobin3 acc 0.0335 eff 0.0 outinratio 0.0433 

ttH126_4l_Nj_pT4l_genbin9_recobin3 acc 0.0075 eff 0.0 outinratio 0.0 

ggH126_4l_Nj_pT4l_genbin10_recobin3 acc 0.0313 eff 0.0 outinratio 0.0064 

VBFH126_4l_Nj_pT4l_genbin10_recobin3 acc 0.1385 eff 0.0002 outinratio 0.0051 

WminusH126_4l_Nj_pT4l_genbin10_recobin3 acc 0.1267 eff 0.0004 outinratio 0.0288 

WplusH126_4l_Nj_pT4l_genbin10_recobin3 acc 0.1102 eff 0.0003 outinratio 0.0233 

ZH126_4l_Nj_pT4l_genbin10_recobin3 acc 0.1341 eff 0.0001 outinratio 0.0433 

ttH126_4l_Nj_pT4l_genbin10_recobin3 acc 0.324 eff 0.0 outinratio 0.0 

ggH126_4l_Nj_pT4l_genbin11_recobin3 acc 0.012 eff 0.0 outinratio 0.0064 

VBFH126_4l_Nj_pT4l_genbin11_recobin3 acc 0.0568 eff 0.0 outinratio 0.0051 

WminusH126_4l_Nj_pT4l_genbin11_recobin3 acc 0.0438 eff 0.0 outinratio 0.0288 

WplusH126_4l_Nj_pT4l_genbin11_recobin3 acc 0.0471 eff 0.0 outinratio 0.0233 

ZH126_4l_Nj_pT4l_genbin11_recobin3 acc 0.047 eff 0.0 outinratio 0.0433 

ttH126_4l_Nj_pT4l_genbin11_recobin3 acc 0.1522 eff 0.0 outinratio 0.0 

ggH126_4l_Nj_pT4l_genbin0_recobin4 acc 0.0756 eff 0.0 outinratio 0.0076 

VBFH126_4l_Nj_pT4l_genbin0_recobin4 acc 0.0041 eff 0.0 outinratio 0.0022 

WminusH126_4l_Nj_pT4l_genbin0_recobin4 acc 0.0043 eff 0.0 outinratio 0.0275 

WplusH126_4l_Nj_pT4l_genbin0_recobin4 acc 0.0034 eff 0.0 outinratio 0.0219 

ZH126_4l_Nj_pT4l_genbin0_recobin4 acc 0.0033 eff 0.0 outinratio 0.0537 

ttH126_4l_Nj_pT4l_genbin0_recobin4 acc 0.0 eff -1.0 outinratio 0.0 

ggH126_4l_Nj_pT4l_genbin1_recobin4 acc 0.0549 eff 0.0 outinratio 0.0076 

VBFH126_4l_Nj_pT4l_genbin1_recobin4 acc 0.0052 eff 0.0 outinratio 0.0022 

WminusH126_4l_Nj_pT4l_genbin1_recobin4 acc 0.0047 eff 0.0 outinratio 0.0275 

WplusH126_4l_Nj_pT4l_genbin1_recobin4 acc 0.0036 eff 0.0 outinratio 0.0219 

ZH126_4l_Nj_pT4l_genbin1_recobin4 acc 0.0039 eff 0.0 outinratio 0.0537 

ttH126_4l_Nj_pT4l_genbin1_recobin4 acc 0.0 eff -1.0 outinratio 0.0 

ggH126_4l_Nj_pT4l_genbin2_recobin4 acc 0.0472 eff 0.0009 outinratio 0.0076 

VBFH126_4l_Nj_pT4l_genbin2_recobin4 acc 0.0067 eff 0.0 outinratio 0.0022 

WminusH126_4l_Nj_pT4l_genbin2_recobin4 acc 0.0058 eff 0.0011 outinratio 0.0275 

WplusH126_4l_Nj_pT4l_genbin2_recobin4 acc 0.0049 eff 0.0021 outinratio 0.0219 

ZH126_4l_Nj_pT4l_genbin2_recobin4 acc 0.0045 eff 0.0 outinratio 0.0537 

ttH126_4l_Nj_pT4l_genbin2_recobin4 acc 0.0 eff -1.0 outinratio 0.0 

ggH126_4l_Nj_pT4l_genbin3_recobin4 acc 0.0467 eff 0.022 outinratio 0.0076 

VBFH126_4l_Nj_pT4l_genbin3_recobin4 acc 0.0104 eff 0.0137 outinratio 0.0022 

WminusH126_4l_Nj_pT4l_genbin3_recobin4 acc 0.0089 eff 0.0181 outinratio 0.0275 

WplusH126_4l_Nj_pT4l_genbin3_recobin4 acc 0.0071 eff 0.0202 outinratio 0.0219 

ZH126_4l_Nj_pT4l_genbin3_recobin4 acc 0.007 eff 0.0228 outinratio 0.0537 

ttH126_4l_Nj_pT4l_genbin3_recobin4 acc 0.0 eff -1.0 outinratio 0.0 

ggH126_4l_Nj_pT4l_genbin4_recobin4 acc 0.0439 eff 0.3522 outinratio 0.0076 

VBFH126_4l_Nj_pT4l_genbin4_recobin4 acc 0.0168 eff 0.3305 outinratio 0.0022 

WminusH126_4l_Nj_pT4l_genbin4_recobin4 acc 0.016 eff 0.2968 outinratio 0.0275 

WplusH126_4l_Nj_pT4l_genbin4_recobin4 acc 0.0133 eff 0.3032 outinratio 0.0219 

ZH126_4l_Nj_pT4l_genbin4_recobin4 acc 0.0123 eff 0.3531 outinratio 0.0537 

ttH126_4l_Nj_pT4l_genbin4_recobin4 acc 0.0 eff -1.0 outinratio 0.0 

ggH126_4l_Nj_pT4l_genbin5_recobin4 acc 0.024 eff 0.0232 outinratio 0.0076 

VBFH126_4l_Nj_pT4l_genbin5_recobin4 acc 0.0273 eff 0.0162 outinratio 0.0022 

WminusH126_4l_Nj_pT4l_genbin5_recobin4 acc 0.0623 eff 0.0037 outinratio 0.0275 

WplusH126_4l_Nj_pT4l_genbin5_recobin4 acc 0.0554 eff 0.0025 outinratio 0.0219 

ZH126_4l_Nj_pT4l_genbin5_recobin4 acc 0.0514 eff 0.0052 outinratio 0.0537 

ttH126_4l_Nj_pT4l_genbin5_recobin4 acc 0.0017 eff -1.0 outinratio 0.0 

ggH126_4l_Nj_pT4l_genbin6_recobin4 acc 0.0311 eff 0.0601 outinratio 0.0076 

VBFH126_4l_Nj_pT4l_genbin6_recobin4 acc 0.0343 eff 0.0449 outinratio 0.0022 

WminusH126_4l_Nj_pT4l_genbin6_recobin4 acc 0.035 eff 0.027 outinratio 0.0275 

WplusH126_4l_Nj_pT4l_genbin6_recobin4 acc 0.0292 eff 0.0233 outinratio 0.0219 

ZH126_4l_Nj_pT4l_genbin6_recobin4 acc 0.0304 eff 0.0335 outinratio 0.0537 

ttH126_4l_Nj_pT4l_genbin6_recobin4 acc 0.0029 eff -1.0 outinratio 0.0 

ggH126_4l_Nj_pT4l_genbin7_recobin4 acc 0.0312 eff 0.0068 outinratio 0.0076 

VBFH126_4l_Nj_pT4l_genbin7_recobin4 acc 0.0384 eff 0.0015 outinratio 0.0022 

WminusH126_4l_Nj_pT4l_genbin7_recobin4 acc 0.0296 eff 0.0022 outinratio 0.0275 

WplusH126_4l_Nj_pT4l_genbin7_recobin4 acc 0.0253 eff 0.0054 outinratio 0.0219 

ZH126_4l_Nj_pT4l_genbin7_recobin4 acc 0.027 eff 0.0036 outinratio 0.0537 

ttH126_4l_Nj_pT4l_genbin7_recobin4 acc 0.0011 eff -1.0 outinratio 0.0 

ggH126_4l_Nj_pT4l_genbin8_recobin4 acc 0.0295 eff 0.0 outinratio 0.0076 

VBFH126_4l_Nj_pT4l_genbin8_recobin4 acc 0.0694 eff 0.0 outinratio 0.0022 

WminusH126_4l_Nj_pT4l_genbin8_recobin4 acc 0.0385 eff 0.0 outinratio 0.0275 

WplusH126_4l_Nj_pT4l_genbin8_recobin4 acc 0.0334 eff 0.0 outinratio 0.0219 

ZH126_4l_Nj_pT4l_genbin8_recobin4 acc 0.0359 eff 0.0 outinratio 0.0537 

ttH126_4l_Nj_pT4l_genbin8_recobin4 acc 0.0011 eff -1.0 outinratio 0.0 

ggH126_4l_Nj_pT4l_genbin9_recobin4 acc 0.0196 eff 0.0 outinratio 0.0076 

VBFH126_4l_Nj_pT4l_genbin9_recobin4 acc 0.0772 eff 0.0 outinratio 0.0022 

WminusH126_4l_Nj_pT4l_genbin9_recobin4 acc 0.0342 eff 0.0 outinratio 0.0275 

WplusH126_4l_Nj_pT4l_genbin9_recobin4 acc 0.0333 eff 0.0 outinratio 0.0219 

ZH126_4l_Nj_pT4l_genbin9_recobin4 acc 0.0335 eff 0.0 outinratio 0.0537 

ttH126_4l_Nj_pT4l_genbin9_recobin4 acc 0.0075 eff 0.0 outinratio 0.0 

ggH126_4l_Nj_pT4l_genbin10_recobin4 acc 0.0313 eff 0.001 outinratio 0.0076 

VBFH126_4l_Nj_pT4l_genbin10_recobin4 acc 0.1385 eff 0.001 outinratio 0.0022 

WminusH126_4l_Nj_pT4l_genbin10_recobin4 acc 0.1267 eff 0.0001 outinratio 0.0275 

WplusH126_4l_Nj_pT4l_genbin10_recobin4 acc 0.1102 eff 0.0007 outinratio 0.0219 

ZH126_4l_Nj_pT4l_genbin10_recobin4 acc 0.1341 eff 0.0021 outinratio 0.0537 

ttH126_4l_Nj_pT4l_genbin10_recobin4 acc 0.324 eff 0.0 outinratio 0.0 

ggH126_4l_Nj_pT4l_genbin11_recobin4 acc 0.012 eff 0.0 outinratio 0.0076 

VBFH126_4l_Nj_pT4l_genbin11_recobin4 acc 0.0568 eff 0.0 outinratio 0.0022 

WminusH126_4l_Nj_pT4l_genbin11_recobin4 acc 0.0438 eff 0.0 outinratio 0.0275 

WplusH126_4l_Nj_pT4l_genbin11_recobin4 acc 0.0471 eff 0.0 outinratio 0.0219 

ZH126_4l_Nj_pT4l_genbin11_recobin4 acc 0.047 eff 0.0 outinratio 0.0537 

ttH126_4l_Nj_pT4l_genbin11_recobin4 acc 0.1522 eff 0.0 outinratio 0.0 

ggH126_4l_Nj_pT4l_genbin0_recobin5 acc 0.0756 eff 0.0 outinratio 0.0106 

VBFH126_4l_Nj_pT4l_genbin0_recobin5 acc 0.0041 eff 0.0 outinratio 0.0071 

WminusH126_4l_Nj_pT4l_genbin0_recobin5 acc 0.0043 eff 0.0 outinratio 0.0397 

WplusH126_4l_Nj_pT4l_genbin0_recobin5 acc 0.0034 eff 0.0 outinratio 0.0359 

ZH126_4l_Nj_pT4l_genbin0_recobin5 acc 0.0033 eff 0.0 outinratio 0.0778 

ttH126_4l_Nj_pT4l_genbin0_recobin5 acc 0.0 eff -1.0 outinratio 0.0 

ggH126_4l_Nj_pT4l_genbin1_recobin5 acc 0.0549 eff 0.0 outinratio 0.0106 

VBFH126_4l_Nj_pT4l_genbin1_recobin5 acc 0.0052 eff 0.0 outinratio 0.0071 

WminusH126_4l_Nj_pT4l_genbin1_recobin5 acc 0.0047 eff 0.0 outinratio 0.0397 

WplusH126_4l_Nj_pT4l_genbin1_recobin5 acc 0.0036 eff 0.0 outinratio 0.0359 

ZH126_4l_Nj_pT4l_genbin1_recobin5 acc 0.0039 eff 0.0 outinratio 0.0778 

ttH126_4l_Nj_pT4l_genbin1_recobin5 acc 0.0 eff -1.0 outinratio 0.0 

ggH126_4l_Nj_pT4l_genbin2_recobin5 acc 0.0472 eff 0.0 outinratio 0.0106 

VBFH126_4l_Nj_pT4l_genbin2_recobin5 acc 0.0067 eff 0.0 outinratio 0.0071 

WminusH126_4l_Nj_pT4l_genbin2_recobin5 acc 0.0058 eff 0.0 outinratio 0.0397 

WplusH126_4l_Nj_pT4l_genbin2_recobin5 acc 0.0049 eff 0.0 outinratio 0.0359 

ZH126_4l_Nj_pT4l_genbin2_recobin5 acc 0.0045 eff 0.0 outinratio 0.0778 

ttH126_4l_Nj_pT4l_genbin2_recobin5 acc 0.0 eff -1.0 outinratio 0.0 

ggH126_4l_Nj_pT4l_genbin3_recobin5 acc 0.0467 eff 0.0 outinratio 0.0106 

VBFH126_4l_Nj_pT4l_genbin3_recobin5 acc 0.0104 eff 0.0 outinratio 0.0071 

WminusH126_4l_Nj_pT4l_genbin3_recobin5 acc 0.0089 eff 0.0 outinratio 0.0397 

WplusH126_4l_Nj_pT4l_genbin3_recobin5 acc 0.0071 eff 0.0 outinratio 0.0359 

ZH126_4l_Nj_pT4l_genbin3_recobin5 acc 0.007 eff 0.0 outinratio 0.0778 

ttH126_4l_Nj_pT4l_genbin3_recobin5 acc 0.0 eff -1.0 outinratio 0.0 

ggH126_4l_Nj_pT4l_genbin4_recobin5 acc 0.0439 eff 0.0096 outinratio 0.0106 

VBFH126_4l_Nj_pT4l_genbin4_recobin5 acc 0.0168 eff 0.0152 outinratio 0.0071 

WminusH126_4l_Nj_pT4l_genbin4_recobin5 acc 0.016 eff 0.0107 outinratio 0.0397 

WplusH126_4l_Nj_pT4l_genbin4_recobin5 acc 0.0133 eff 0.0111 outinratio 0.0359 

ZH126_4l_Nj_pT4l_genbin4_recobin5 acc 0.0123 eff 0.0097 outinratio 0.0778 

ttH126_4l_Nj_pT4l_genbin4_recobin5 acc 0.0 eff -1.0 outinratio 0.0 

ggH126_4l_Nj_pT4l_genbin5_recobin5 acc 0.024 eff 0.3006 outinratio 0.0106 

VBFH126_4l_Nj_pT4l_genbin5_recobin5 acc 0.0273 eff 0.2866 outinratio 0.0071 

WminusH126_4l_Nj_pT4l_genbin5_recobin5 acc 0.0623 eff 0.334 outinratio 0.0397 

WplusH126_4l_Nj_pT4l_genbin5_recobin5 acc 0.0554 eff 0.3485 outinratio 0.0359 

ZH126_4l_Nj_pT4l_genbin5_recobin5 acc 0.0514 eff 0.4325 outinratio 0.0778 

ttH126_4l_Nj_pT4l_genbin5_recobin5 acc 0.0017 eff -1.0 outinratio 0.0 

ggH126_4l_Nj_pT4l_genbin6_recobin5 acc 0.0311 eff 0.0011 outinratio 0.0106 

VBFH126_4l_Nj_pT4l_genbin6_recobin5 acc 0.0343 eff 0.0007 outinratio 0.0071 

WminusH126_4l_Nj_pT4l_genbin6_recobin5 acc 0.035 eff 0.0005 outinratio 0.0397 

WplusH126_4l_Nj_pT4l_genbin6_recobin5 acc 0.0292 eff 0.0008 outinratio 0.0359 

ZH126_4l_Nj_pT4l_genbin6_recobin5 acc 0.0304 eff 0.0013 outinratio 0.0778 

ttH126_4l_Nj_pT4l_genbin6_recobin5 acc 0.0029 eff -1.0 outinratio 0.0 

ggH126_4l_Nj_pT4l_genbin7_recobin5 acc 0.0312 eff 0.067 outinratio 0.0106 

VBFH126_4l_Nj_pT4l_genbin7_recobin5 acc 0.0384 eff 0.0607 outinratio 0.0071 

WminusH126_4l_Nj_pT4l_genbin7_recobin5 acc 0.0296 eff 0.0323 outinratio 0.0397 

WplusH126_4l_Nj_pT4l_genbin7_recobin5 acc 0.0253 eff 0.0362 outinratio 0.0359 

ZH126_4l_Nj_pT4l_genbin7_recobin5 acc 0.027 eff 0.0569 outinratio 0.0778 

ttH126_4l_Nj_pT4l_genbin7_recobin5 acc 0.0011 eff -1.0 outinratio 0.0 

ggH126_4l_Nj_pT4l_genbin8_recobin5 acc 0.0295 eff 0.0392 outinratio 0.0106 

VBFH126_4l_Nj_pT4l_genbin8_recobin5 acc 0.0694 eff 0.0406 outinratio 0.0071 

WminusH126_4l_Nj_pT4l_genbin8_recobin5 acc 0.0385 eff 0.0224 outinratio 0.0397 

WplusH126_4l_Nj_pT4l_genbin8_recobin5 acc 0.0334 eff 0.0239 outinratio 0.0359 

ZH126_4l_Nj_pT4l_genbin8_recobin5 acc 0.0359 eff 0.0338 outinratio 0.0778 

ttH126_4l_Nj_pT4l_genbin8_recobin5 acc 0.0011 eff -1.0 outinratio 0.0 

ggH126_4l_Nj_pT4l_genbin9_recobin5 acc 0.0196 eff 0.0064 outinratio 0.0106 

VBFH126_4l_Nj_pT4l_genbin9_recobin5 acc 0.0772 eff 0.0125 outinratio 0.0071 

WminusH126_4l_Nj_pT4l_genbin9_recobin5 acc 0.0342 eff 0.0166 outinratio 0.0397 

WplusH126_4l_Nj_pT4l_genbin9_recobin5 acc 0.0333 eff 0.014 outinratio 0.0359 

ZH126_4l_Nj_pT4l_genbin9_recobin5 acc 0.0335 eff 0.0187 outinratio 0.0778 

ttH126_4l_Nj_pT4l_genbin9_recobin5 acc 0.0075 eff 0.0 outinratio 0.0 

ggH126_4l_Nj_pT4l_genbin10_recobin5 acc 0.0313 eff 0.0075 outinratio 0.0106 

VBFH126_4l_Nj_pT4l_genbin10_recobin5 acc 0.1385 eff 0.0045 outinratio 0.0071 

WminusH126_4l_Nj_pT4l_genbin10_recobin5 acc 0.1267 eff 0.0031 outinratio 0.0397 

WplusH126_4l_Nj_pT4l_genbin10_recobin5 acc 0.1102 eff 0.0028 outinratio 0.0359 

ZH126_4l_Nj_pT4l_genbin10_recobin5 acc 0.1341 eff 0.0042 outinratio 0.0778 

ttH126_4l_Nj_pT4l_genbin10_recobin5 acc 0.324 eff 0.0 outinratio 0.0 

ggH126_4l_Nj_pT4l_genbin11_recobin5 acc 0.012 eff 0.0006 outinratio 0.0106 

VBFH126_4l_Nj_pT4l_genbin11_recobin5 acc 0.0568 eff 0.0012 outinratio 0.0071 

WminusH126_4l_Nj_pT4l_genbin11_recobin5 acc 0.0438 eff 0.0002 outinratio 0.0397 

WplusH126_4l_Nj_pT4l_genbin11_recobin5 acc 0.0471 eff 0.0004 outinratio 0.0359 

ZH126_4l_Nj_pT4l_genbin11_recobin5 acc 0.047 eff 0.0011 outinratio 0.0778 

ttH126_4l_Nj_pT4l_genbin11_recobin5 acc 0.1522 eff 0.0 outinratio 0.0 

ggH126_4l_Nj_pT4l_genbin0_recobin6 acc 0.0756 eff 0.0265 outinratio 0.0071 

VBFH126_4l_Nj_pT4l_genbin0_recobin6 acc 0.0041 eff 0.076 outinratio 0.0065 

WminusH126_4l_Nj_pT4l_genbin0_recobin6 acc 0.0043 eff 0.1354 outinratio 0.0166 

WplusH126_4l_Nj_pT4l_genbin0_recobin6 acc 0.0034 eff 0.0753 outinratio 0.0146 

ZH126_4l_Nj_pT4l_genbin0_recobin6 acc 0.0033 eff 0.0601 outinratio 0.0637 

ttH126_4l_Nj_pT4l_genbin0_recobin6 acc 0.0 eff -1.0 outinratio 0.0 

ggH126_4l_Nj_pT4l_genbin1_recobin6 acc 0.0549 eff 0.0343 outinratio 0.0071 

VBFH126_4l_Nj_pT4l_genbin1_recobin6 acc 0.0052 eff 0.0876 outinratio 0.0065 

WminusH126_4l_Nj_pT4l_genbin1_recobin6 acc 0.0047 eff 0.0857 outinratio 0.0166 

WplusH126_4l_Nj_pT4l_genbin1_recobin6 acc 0.0036 eff 0.0965 outinratio 0.0146 

ZH126_4l_Nj_pT4l_genbin1_recobin6 acc 0.0039 eff 0.0724 outinratio 0.0637 

ttH126_4l_Nj_pT4l_genbin1_recobin6 acc 0.0 eff -1.0 outinratio 0.0 

ggH126_4l_Nj_pT4l_genbin2_recobin6 acc 0.0472 eff 0.0426 outinratio 0.0071 

VBFH126_4l_Nj_pT4l_genbin2_recobin6 acc 0.0067 eff 0.12 outinratio 0.0065 

WminusH126_4l_Nj_pT4l_genbin2_recobin6 acc 0.0058 eff 0.1092 outinratio 0.0166 

WplusH126_4l_Nj_pT4l_genbin2_recobin6 acc 0.0049 eff 0.0849 outinratio 0.0146 

ZH126_4l_Nj_pT4l_genbin2_recobin6 acc 0.0045 eff 0.047 outinratio 0.0637 

ttH126_4l_Nj_pT4l_genbin2_recobin6 acc 0.0 eff -1.0 outinratio 0.0 

ggH126_4l_Nj_pT4l_genbin3_recobin6 acc 0.0467 eff 0.0624 outinratio 0.0071 

VBFH126_4l_Nj_pT4l_genbin3_recobin6 acc 0.0104 eff 0.108 outinratio 0.0065 

WminusH126_4l_Nj_pT4l_genbin3_recobin6 acc 0.0089 eff 0.1135 outinratio 0.0166 

WplusH126_4l_Nj_pT4l_genbin3_recobin6 acc 0.0071 eff 0.0997 outinratio 0.0146 

ZH126_4l_Nj_pT4l_genbin3_recobin6 acc 0.007 eff 0.0868 outinratio 0.0637 

ttH126_4l_Nj_pT4l_genbin3_recobin6 acc 0.0 eff -1.0 outinratio 0.0 

ggH126_4l_Nj_pT4l_genbin4_recobin6 acc 0.0439 eff 0.0724 outinratio 0.0071 

VBFH126_4l_Nj_pT4l_genbin4_recobin6 acc 0.0168 eff 0.1028 outinratio 0.0065 

WminusH126_4l_Nj_pT4l_genbin4_recobin6 acc 0.016 eff 0.1133 outinratio 0.0166 

WplusH126_4l_Nj_pT4l_genbin4_recobin6 acc 0.0133 eff 0.0861 outinratio 0.0146 

ZH126_4l_Nj_pT4l_genbin4_recobin6 acc 0.0123 eff 0.0776 outinratio 0.0637 

ttH126_4l_Nj_pT4l_genbin4_recobin6 acc 0.0 eff -1.0 outinratio 0.0 

ggH126_4l_Nj_pT4l_genbin5_recobin6 acc 0.024 eff 0.0037 outinratio 0.0071 

VBFH126_4l_Nj_pT4l_genbin5_recobin6 acc 0.0273 eff 0.0028 outinratio 0.0065 

WminusH126_4l_Nj_pT4l_genbin5_recobin6 acc 0.0623 eff 0.0004 outinratio 0.0166 

WplusH126_4l_Nj_pT4l_genbin5_recobin6 acc 0.0554 eff 0.0004 outinratio 0.0146 

ZH126_4l_Nj_pT4l_genbin5_recobin6 acc 0.0514 eff 0.0008 outinratio 0.0637 

ttH126_4l_Nj_pT4l_genbin5_recobin6 acc 0.0017 eff -1.0 outinratio 0.0 

ggH126_4l_Nj_pT4l_genbin6_recobin6 acc 0.0311 eff 0.3159 outinratio 0.0071 

VBFH126_4l_Nj_pT4l_genbin6_recobin6 acc 0.0343 eff 0.3092 outinratio 0.0065 

WminusH126_4l_Nj_pT4l_genbin6_recobin6 acc 0.035 eff 0.2808 outinratio 0.0166 

WplusH126_4l_Nj_pT4l_genbin6_recobin6 acc 0.0292 eff 0.2823 outinratio 0.0146 

ZH126_4l_Nj_pT4l_genbin6_recobin6 acc 0.0304 eff 0.2457 outinratio 0.0637 

ttH126_4l_Nj_pT4l_genbin6_recobin6 acc 0.0029 eff -1.0 outinratio 0.0 

ggH126_4l_Nj_pT4l_genbin7_recobin6 acc 0.0312 eff 0.013 outinratio 0.0071 

VBFH126_4l_Nj_pT4l_genbin7_recobin6 acc 0.0384 eff 0.0116 outinratio 0.0065 

WminusH126_4l_Nj_pT4l_genbin7_recobin6 acc 0.0296 eff 0.0121 outinratio 0.0166 

WplusH126_4l_Nj_pT4l_genbin7_recobin6 acc 0.0253 eff 0.0117 outinratio 0.0146 

ZH126_4l_Nj_pT4l_genbin7_recobin6 acc 0.027 eff 0.0094 outinratio 0.0637 

ttH126_4l_Nj_pT4l_genbin7_recobin6 acc 0.0011 eff -1.0 outinratio 0.0 

ggH126_4l_Nj_pT4l_genbin8_recobin6 acc 0.0295 eff 0.0 outinratio 0.0071 

VBFH126_4l_Nj_pT4l_genbin8_recobin6 acc 0.0694 eff 0.0 outinratio 0.0065 

WminusH126_4l_Nj_pT4l_genbin8_recobin6 acc 0.0385 eff 0.0 outinratio 0.0166 

WplusH126_4l_Nj_pT4l_genbin8_recobin6 acc 0.0334 eff 0.0 outinratio 0.0146 

ZH126_4l_Nj_pT4l_genbin8_recobin6 acc 0.0359 eff 0.0 outinratio 0.0637 

ttH126_4l_Nj_pT4l_genbin8_recobin6 acc 0.0011 eff -1.0 outinratio 0.0 

ggH126_4l_Nj_pT4l_genbin9_recobin6 acc 0.0196 eff 0.0 outinratio 0.0071 

VBFH126_4l_Nj_pT4l_genbin9_recobin6 acc 0.0772 eff 0.0 outinratio 0.0065 

WminusH126_4l_Nj_pT4l_genbin9_recobin6 acc 0.0342 eff 0.0 outinratio 0.0166 

WplusH126_4l_Nj_pT4l_genbin9_recobin6 acc 0.0333 eff 0.0 outinratio 0.0146 

ZH126_4l_Nj_pT4l_genbin9_recobin6 acc 0.0335 eff 0.0 outinratio 0.0637 

ttH126_4l_Nj_pT4l_genbin9_recobin6 acc 0.0075 eff 0.0 outinratio 0.0 

ggH126_4l_Nj_pT4l_genbin10_recobin6 acc 0.0313 eff 0.0197 outinratio 0.0071 

VBFH126_4l_Nj_pT4l_genbin10_recobin6 acc 0.1385 eff 0.0187 outinratio 0.0065 

WminusH126_4l_Nj_pT4l_genbin10_recobin6 acc 0.1267 eff 0.0144 outinratio 0.0166 

WplusH126_4l_Nj_pT4l_genbin10_recobin6 acc 0.1102 eff 0.0141 outinratio 0.0146 

ZH126_4l_Nj_pT4l_genbin10_recobin6 acc 0.1341 eff 0.0203 outinratio 0.0637 

ttH126_4l_Nj_pT4l_genbin10_recobin6 acc 0.324 eff 0.0026 outinratio 0.0 

ggH126_4l_Nj_pT4l_genbin11_recobin6 acc 0.012 eff 0.0 outinratio 0.0071 

VBFH126_4l_Nj_pT4l_genbin11_recobin6 acc 0.0568 eff 0.0 outinratio 0.0065 

WminusH126_4l_Nj_pT4l_genbin11_recobin6 acc 0.0438 eff 0.0 outinratio 0.0166 

WplusH126_4l_Nj_pT4l_genbin11_recobin6 acc 0.0471 eff 0.0 outinratio 0.0146 

ZH126_4l_Nj_pT4l_genbin11_recobin6 acc 0.047 eff 0.0 outinratio 0.0637 

ttH126_4l_Nj_pT4l_genbin11_recobin6 acc 0.1522 eff 0.0 outinratio 0.0 

ggH126_4l_Nj_pT4l_genbin0_recobin7 acc 0.0756 eff 0.0 outinratio 0.0072 

VBFH126_4l_Nj_pT4l_genbin0_recobin7 acc 0.0041 eff 0.0 outinratio 0.0052 

WminusH126_4l_Nj_pT4l_genbin0_recobin7 acc 0.0043 eff 0.0 outinratio 0.0184 

WplusH126_4l_Nj_pT4l_genbin0_recobin7 acc 0.0034 eff 0.0 outinratio 0.0178 

ZH126_4l_Nj_pT4l_genbin0_recobin7 acc 0.0033 eff 0.0 outinratio 0.0676 

ttH126_4l_Nj_pT4l_genbin0_recobin7 acc 0.0 eff -1.0 outinratio 0.0 

ggH126_4l_Nj_pT4l_genbin1_recobin7 acc 0.0549 eff 0.0 outinratio 0.0072 

VBFH126_4l_Nj_pT4l_genbin1_recobin7 acc 0.0052 eff 0.0 outinratio 0.0052 

WminusH126_4l_Nj_pT4l_genbin1_recobin7 acc 0.0047 eff 0.0 outinratio 0.0184 

WplusH126_4l_Nj_pT4l_genbin1_recobin7 acc 0.0036 eff 0.0 outinratio 0.0178 

ZH126_4l_Nj_pT4l_genbin1_recobin7 acc 0.0039 eff 0.0 outinratio 0.0676 

ttH126_4l_Nj_pT4l_genbin1_recobin7 acc 0.0 eff -1.0 outinratio 0.0 

ggH126_4l_Nj_pT4l_genbin2_recobin7 acc 0.0472 eff 0.0 outinratio 0.0072 

VBFH126_4l_Nj_pT4l_genbin2_recobin7 acc 0.0067 eff 0.0 outinratio 0.0052 

WminusH126_4l_Nj_pT4l_genbin2_recobin7 acc 0.0058 eff 0.0 outinratio 0.0184 

WplusH126_4l_Nj_pT4l_genbin2_recobin7 acc 0.0049 eff 0.0 outinratio 0.0178 

ZH126_4l_Nj_pT4l_genbin2_recobin7 acc 0.0045 eff 0.0 outinratio 0.0676 

ttH126_4l_Nj_pT4l_genbin2_recobin7 acc 0.0 eff -1.0 outinratio 0.0 

ggH126_4l_Nj_pT4l_genbin3_recobin7 acc 0.0467 eff 0.0 outinratio 0.0072 

VBFH126_4l_Nj_pT4l_genbin3_recobin7 acc 0.0104 eff 0.0 outinratio 0.0052 

WminusH126_4l_Nj_pT4l_genbin3_recobin7 acc 0.0089 eff 0.0 outinratio 0.0184 

WplusH126_4l_Nj_pT4l_genbin3_recobin7 acc 0.0071 eff 0.0 outinratio 0.0178 

ZH126_4l_Nj_pT4l_genbin3_recobin7 acc 0.007 eff 0.0 outinratio 0.0676 

ttH126_4l_Nj_pT4l_genbin3_recobin7 acc 0.0 eff -1.0 outinratio 0.0 

ggH126_4l_Nj_pT4l_genbin4_recobin7 acc 0.0439 eff 0.0053 outinratio 0.0072 

VBFH126_4l_Nj_pT4l_genbin4_recobin7 acc 0.0168 eff 0.0066 outinratio 0.0052 

WminusH126_4l_Nj_pT4l_genbin4_recobin7 acc 0.016 eff 0.0084 outinratio 0.0184 

WplusH126_4l_Nj_pT4l_genbin4_recobin7 acc 0.0133 eff 0.0081 outinratio 0.0178 

ZH126_4l_Nj_pT4l_genbin4_recobin7 acc 0.0123 eff 0.0038 outinratio 0.0676 

ttH126_4l_Nj_pT4l_genbin4_recobin7 acc 0.0 eff -1.0 outinratio 0.0 

ggH126_4l_Nj_pT4l_genbin5_recobin7 acc 0.024 eff 0.0883 outinratio 0.0072 

VBFH126_4l_Nj_pT4l_genbin5_recobin7 acc 0.0273 eff 0.0912 outinratio 0.0052 

WminusH126_4l_Nj_pT4l_genbin5_recobin7 acc 0.0623 eff 0.0315 outinratio 0.0184 

WplusH126_4l_Nj_pT4l_genbin5_recobin7 acc 0.0554 eff 0.0255 outinratio 0.0178 

ZH126_4l_Nj_pT4l_genbin5_recobin7 acc 0.0514 eff 0.0165 outinratio 0.0676 

ttH126_4l_Nj_pT4l_genbin5_recobin7 acc 0.0017 eff -1.0 outinratio 0.0 

ggH126_4l_Nj_pT4l_genbin6_recobin7 acc 0.0311 eff 0.0068 outinratio 0.0072 

VBFH126_4l_Nj_pT4l_genbin6_recobin7 acc 0.0343 eff 0.0103 outinratio 0.0052 

WminusH126_4l_Nj_pT4l_genbin6_recobin7 acc 0.035 eff 0.0061 outinratio 0.0184 

WplusH126_4l_Nj_pT4l_genbin6_recobin7 acc 0.0292 eff 0.0054 outinratio 0.0178 

ZH126_4l_Nj_pT4l_genbin6_recobin7 acc 0.0304 eff 0.0066 outinratio 0.0676 

ttH126_4l_Nj_pT4l_genbin6_recobin7 acc 0.0029 eff -1.0 outinratio 0.0 

ggH126_4l_Nj_pT4l_genbin7_recobin7 acc 0.0312 eff 0.353 outinratio 0.0072 

VBFH126_4l_Nj_pT4l_genbin7_recobin7 acc 0.0384 eff 0.3296 outinratio 0.0052 

WminusH126_4l_Nj_pT4l_genbin7_recobin7 acc 0.0296 eff 0.3001 outinratio 0.0184 

WplusH126_4l_Nj_pT4l_genbin7_recobin7 acc 0.0253 eff 0.3006 outinratio 0.0178 

ZH126_4l_Nj_pT4l_genbin7_recobin7 acc 0.027 eff 0.2816 outinratio 0.0676 

ttH126_4l_Nj_pT4l_genbin7_recobin7 acc 0.0011 eff -1.0 outinratio 0.0 

ggH126_4l_Nj_pT4l_genbin8_recobin7 acc 0.0295 eff 0.017 outinratio 0.0072 

VBFH126_4l_Nj_pT4l_genbin8_recobin7 acc 0.0694 eff 0.0116 outinratio 0.0052 

WminusH126_4l_Nj_pT4l_genbin8_recobin7 acc 0.0385 eff 0.0134 outinratio 0.0184 

WplusH126_4l_Nj_pT4l_genbin8_recobin7 acc 0.0334 eff 0.0111 outinratio 0.0178 

ZH126_4l_Nj_pT4l_genbin8_recobin7 acc 0.0359 eff 0.0097 outinratio 0.0676 

ttH126_4l_Nj_pT4l_genbin8_recobin7 acc 0.0011 eff -1.0 outinratio 0.0 

ggH126_4l_Nj_pT4l_genbin9_recobin7 acc 0.0196 eff 0.0 outinratio 0.0072 

VBFH126_4l_Nj_pT4l_genbin9_recobin7 acc 0.0772 eff 0.0 outinratio 0.0052 

WminusH126_4l_Nj_pT4l_genbin9_recobin7 acc 0.0342 eff 0.0 outinratio 0.0184 

WplusH126_4l_Nj_pT4l_genbin9_recobin7 acc 0.0333 eff 0.0 outinratio 0.0178 

ZH126_4l_Nj_pT4l_genbin9_recobin7 acc 0.0335 eff 0.0 outinratio 0.0676 

ttH126_4l_Nj_pT4l_genbin9_recobin7 acc 0.0075 eff 0.0 outinratio 0.0 

ggH126_4l_Nj_pT4l_genbin10_recobin7 acc 0.0313 eff 0.0147 outinratio 0.0072 

VBFH126_4l_Nj_pT4l_genbin10_recobin7 acc 0.1385 eff 0.0151 outinratio 0.0052 

WminusH126_4l_Nj_pT4l_genbin10_recobin7 acc 0.1267 eff 0.0117 outinratio 0.0184 

WplusH126_4l_Nj_pT4l_genbin10_recobin7 acc 0.1102 eff 0.0104 outinratio 0.0178 

ZH126_4l_Nj_pT4l_genbin10_recobin7 acc 0.1341 eff 0.0149 outinratio 0.0676 

ttH126_4l_Nj_pT4l_genbin10_recobin7 acc 0.324 eff 0.0011 outinratio 0.0 

ggH126_4l_Nj_pT4l_genbin11_recobin7 acc 0.012 eff 0.0 outinratio 0.0072 

VBFH126_4l_Nj_pT4l_genbin11_recobin7 acc 0.0568 eff 0.0 outinratio 0.0052 

WminusH126_4l_Nj_pT4l_genbin11_recobin7 acc 0.0438 eff 0.0 outinratio 0.0184 

WplusH126_4l_Nj_pT4l_genbin11_recobin7 acc 0.0471 eff 0.0 outinratio 0.0178 

ZH126_4l_Nj_pT4l_genbin11_recobin7 acc 0.047 eff 0.0 outinratio 0.0676 

ttH126_4l_Nj_pT4l_genbin11_recobin7 acc 0.1522 eff 0.0 outinratio 0.0 

ggH126_4l_Nj_pT4l_genbin0_recobin8 acc 0.0756 eff 0.0 outinratio 0.0071 

VBFH126_4l_Nj_pT4l_genbin0_recobin8 acc 0.0041 eff 0.0 outinratio 0.0015 

WminusH126_4l_Nj_pT4l_genbin0_recobin8 acc 0.0043 eff 0.0 outinratio 0.0124 

WplusH126_4l_Nj_pT4l_genbin0_recobin8 acc 0.0034 eff 0.0 outinratio 0.013 

ZH126_4l_Nj_pT4l_genbin0_recobin8 acc 0.0033 eff 0.0 outinratio 0.0559 

ttH126_4l_Nj_pT4l_genbin0_recobin8 acc 0.0 eff -1.0 outinratio 0.0 

ggH126_4l_Nj_pT4l_genbin1_recobin8 acc 0.0549 eff 0.0 outinratio 0.0071 

VBFH126_4l_Nj_pT4l_genbin1_recobin8 acc 0.0052 eff 0.0 outinratio 0.0015 

WminusH126_4l_Nj_pT4l_genbin1_recobin8 acc 0.0047 eff 0.0 outinratio 0.0124 

WplusH126_4l_Nj_pT4l_genbin1_recobin8 acc 0.0036 eff 0.0 outinratio 0.013 

ZH126_4l_Nj_pT4l_genbin1_recobin8 acc 0.0039 eff 0.0 outinratio 0.0559 

ttH126_4l_Nj_pT4l_genbin1_recobin8 acc 0.0 eff -1.0 outinratio 0.0 

ggH126_4l_Nj_pT4l_genbin2_recobin8 acc 0.0472 eff 0.0 outinratio 0.0071 

VBFH126_4l_Nj_pT4l_genbin2_recobin8 acc 0.0067 eff 0.0 outinratio 0.0015 

WminusH126_4l_Nj_pT4l_genbin2_recobin8 acc 0.0058 eff 0.0 outinratio 0.0124 

WplusH126_4l_Nj_pT4l_genbin2_recobin8 acc 0.0049 eff 0.0 outinratio 0.013 

ZH126_4l_Nj_pT4l_genbin2_recobin8 acc 0.0045 eff 0.0 outinratio 0.0559 

ttH126_4l_Nj_pT4l_genbin2_recobin8 acc 0.0 eff -1.0 outinratio 0.0 

ggH126_4l_Nj_pT4l_genbin3_recobin8 acc 0.0467 eff 0.0 outinratio 0.0071 

VBFH126_4l_Nj_pT4l_genbin3_recobin8 acc 0.0104 eff 0.0 outinratio 0.0015 

WminusH126_4l_Nj_pT4l_genbin3_recobin8 acc 0.0089 eff 0.0 outinratio 0.0124 

WplusH126_4l_Nj_pT4l_genbin3_recobin8 acc 0.0071 eff 0.0 outinratio 0.013 

ZH126_4l_Nj_pT4l_genbin3_recobin8 acc 0.007 eff 0.0 outinratio 0.0559 

ttH126_4l_Nj_pT4l_genbin3_recobin8 acc 0.0 eff -1.0 outinratio 0.0 

ggH126_4l_Nj_pT4l_genbin4_recobin8 acc 0.0439 eff 0.0 outinratio 0.0071 

VBFH126_4l_Nj_pT4l_genbin4_recobin8 acc 0.0168 eff 0.0 outinratio 0.0015 

WminusH126_4l_Nj_pT4l_genbin4_recobin8 acc 0.016 eff 0.0 outinratio 0.0124 

WplusH126_4l_Nj_pT4l_genbin4_recobin8 acc 0.0133 eff 0.0 outinratio 0.013 

ZH126_4l_Nj_pT4l_genbin4_recobin8 acc 0.0123 eff 0.0 outinratio 0.0559 

ttH126_4l_Nj_pT4l_genbin4_recobin8 acc 0.0 eff -1.0 outinratio 0.0 

ggH126_4l_Nj_pT4l_genbin5_recobin8 acc 0.024 eff 0.0296 outinratio 0.0071 

VBFH126_4l_Nj_pT4l_genbin5_recobin8 acc 0.0273 eff 0.0674 outinratio 0.0015 

WminusH126_4l_Nj_pT4l_genbin5_recobin8 acc 0.0623 eff 0.0367 outinratio 0.0124 

WplusH126_4l_Nj_pT4l_genbin5_recobin8 acc 0.0554 eff 0.0327 outinratio 0.013 

ZH126_4l_Nj_pT4l_genbin5_recobin8 acc 0.0514 eff 0.0191 outinratio 0.0559 

ttH126_4l_Nj_pT4l_genbin5_recobin8 acc 0.0017 eff -1.0 outinratio 0.0 

ggH126_4l_Nj_pT4l_genbin6_recobin8 acc 0.0311 eff 0.0 outinratio 0.0071 

VBFH126_4l_Nj_pT4l_genbin6_recobin8 acc 0.0343 eff 0.0 outinratio 0.0015 

WminusH126_4l_Nj_pT4l_genbin6_recobin8 acc 0.035 eff 0.0 outinratio 0.0124 

WplusH126_4l_Nj_pT4l_genbin6_recobin8 acc 0.0292 eff 0.0 outinratio 0.013 

ZH126_4l_Nj_pT4l_genbin6_recobin8 acc 0.0304 eff 0.0 outinratio 0.0559 

ttH126_4l_Nj_pT4l_genbin6_recobin8 acc 0.0029 eff -1.0 outinratio 0.0 

ggH126_4l_Nj_pT4l_genbin7_recobin8 acc 0.0312 eff 0.0133 outinratio 0.0071 

VBFH126_4l_Nj_pT4l_genbin7_recobin8 acc 0.0384 eff 0.0072 outinratio 0.0015 

WminusH126_4l_Nj_pT4l_genbin7_recobin8 acc 0.0296 eff 0.0085 outinratio 0.0124 

WplusH126_4l_Nj_pT4l_genbin7_recobin8 acc 0.0253 eff 0.0087 outinratio 0.013 

ZH126_4l_Nj_pT4l_genbin7_recobin8 acc 0.027 eff 0.0067 outinratio 0.0559 

ttH126_4l_Nj_pT4l_genbin7_recobin8 acc 0.0011 eff -1.0 outinratio 0.0 

ggH126_4l_Nj_pT4l_genbin8_recobin8 acc 0.0295 eff 0.3808 outinratio 0.0071 

VBFH126_4l_Nj_pT4l_genbin8_recobin8 acc 0.0694 eff 0.3748 outinratio 0.0015 

WminusH126_4l_Nj_pT4l_genbin8_recobin8 acc 0.0385 eff 0.3258 outinratio 0.0124 

WplusH126_4l_Nj_pT4l_genbin8_recobin8 acc 0.0334 eff 0.3216 outinratio 0.013 

ZH126_4l_Nj_pT4l_genbin8_recobin8 acc 0.0359 eff 0.3295 outinratio 0.0559 

ttH126_4l_Nj_pT4l_genbin8_recobin8 acc 0.0011 eff -1.0 outinratio 0.0 

ggH126_4l_Nj_pT4l_genbin9_recobin8 acc 0.0196 eff 0.0126 outinratio 0.0071 

VBFH126_4l_Nj_pT4l_genbin9_recobin8 acc 0.0772 eff 0.0103 outinratio 0.0015 

WminusH126_4l_Nj_pT4l_genbin9_recobin8 acc 0.0342 eff 0.01 outinratio 0.0124 

WplusH126_4l_Nj_pT4l_genbin9_recobin8 acc 0.0333 eff 0.0074 outinratio 0.013 

ZH126_4l_Nj_pT4l_genbin9_recobin8 acc 0.0335 eff 0.0073 outinratio 0.0559 

ttH126_4l_Nj_pT4l_genbin9_recobin8 acc 0.0075 eff 0.0 outinratio 0.0 

ggH126_4l_Nj_pT4l_genbin10_recobin8 acc 0.0313 eff 0.041 outinratio 0.0071 

VBFH126_4l_Nj_pT4l_genbin10_recobin8 acc 0.1385 eff 0.0269 outinratio 0.0015 

WminusH126_4l_Nj_pT4l_genbin10_recobin8 acc 0.1267 eff 0.0216 outinratio 0.0124 

WplusH126_4l_Nj_pT4l_genbin10_recobin8 acc 0.1102 eff 0.0211 outinratio 0.013 

ZH126_4l_Nj_pT4l_genbin10_recobin8 acc 0.1341 eff 0.0223 outinratio 0.0559 

ttH126_4l_Nj_pT4l_genbin10_recobin8 acc 0.324 eff 0.0 outinratio 0.0 

ggH126_4l_Nj_pT4l_genbin11_recobin8 acc 0.012 eff 0.0 outinratio 0.0071 

VBFH126_4l_Nj_pT4l_genbin11_recobin8 acc 0.0568 eff 0.0 outinratio 0.0015 

WminusH126_4l_Nj_pT4l_genbin11_recobin8 acc 0.0438 eff 0.0 outinratio 0.0124 

WplusH126_4l_Nj_pT4l_genbin11_recobin8 acc 0.0471 eff 0.0 outinratio 0.013 

ZH126_4l_Nj_pT4l_genbin11_recobin8 acc 0.047 eff 0.0 outinratio 0.0559 

ttH126_4l_Nj_pT4l_genbin11_recobin8 acc 0.1522 eff 0.0 outinratio 0.0 

ggH126_4l_Nj_pT4l_genbin0_recobin9 acc 0.0756 eff 0.0 outinratio 0.0096 

VBFH126_4l_Nj_pT4l_genbin0_recobin9 acc 0.0041 eff 0.0 outinratio 0.0042 

WminusH126_4l_Nj_pT4l_genbin0_recobin9 acc 0.0043 eff 0.0 outinratio 0.0183 

WplusH126_4l_Nj_pT4l_genbin0_recobin9 acc 0.0034 eff 0.0 outinratio 0.0157 

ZH126_4l_Nj_pT4l_genbin0_recobin9 acc 0.0033 eff 0.0 outinratio 0.0716 

ttH126_4l_Nj_pT4l_genbin0_recobin9 acc 0.0 eff -1.0 outinratio 0.4757 

ggH126_4l_Nj_pT4l_genbin1_recobin9 acc 0.0549 eff 0.0 outinratio 0.0096 

VBFH126_4l_Nj_pT4l_genbin1_recobin9 acc 0.0052 eff 0.0 outinratio 0.0042 

WminusH126_4l_Nj_pT4l_genbin1_recobin9 acc 0.0047 eff 0.0 outinratio 0.0183 

WplusH126_4l_Nj_pT4l_genbin1_recobin9 acc 0.0036 eff 0.0 outinratio 0.0157 

ZH126_4l_Nj_pT4l_genbin1_recobin9 acc 0.0039 eff 0.0 outinratio 0.0716 

ttH126_4l_Nj_pT4l_genbin1_recobin9 acc 0.0 eff -1.0 outinratio 0.4757 

ggH126_4l_Nj_pT4l_genbin2_recobin9 acc 0.0472 eff 0.0 outinratio 0.0096 

VBFH126_4l_Nj_pT4l_genbin2_recobin9 acc 0.0067 eff 0.0 outinratio 0.0042 

WminusH126_4l_Nj_pT4l_genbin2_recobin9 acc 0.0058 eff 0.0 outinratio 0.0183 

WplusH126_4l_Nj_pT4l_genbin2_recobin9 acc 0.0049 eff 0.0 outinratio 0.0157 

ZH126_4l_Nj_pT4l_genbin2_recobin9 acc 0.0045 eff 0.0 outinratio 0.0716 

ttH126_4l_Nj_pT4l_genbin2_recobin9 acc 0.0 eff -1.0 outinratio 0.4757 

ggH126_4l_Nj_pT4l_genbin3_recobin9 acc 0.0467 eff 0.0 outinratio 0.0096 

VBFH126_4l_Nj_pT4l_genbin3_recobin9 acc 0.0104 eff 0.0 outinratio 0.0042 

WminusH126_4l_Nj_pT4l_genbin3_recobin9 acc 0.0089 eff 0.0 outinratio 0.0183 

WplusH126_4l_Nj_pT4l_genbin3_recobin9 acc 0.0071 eff 0.0 outinratio 0.0157 

ZH126_4l_Nj_pT4l_genbin3_recobin9 acc 0.007 eff 0.0 outinratio 0.0716 

ttH126_4l_Nj_pT4l_genbin3_recobin9 acc 0.0 eff -1.0 outinratio 0.4757 

ggH126_4l_Nj_pT4l_genbin4_recobin9 acc 0.0439 eff 0.0 outinratio 0.0096 

VBFH126_4l_Nj_pT4l_genbin4_recobin9 acc 0.0168 eff 0.0 outinratio 0.0042 

WminusH126_4l_Nj_pT4l_genbin4_recobin9 acc 0.016 eff 0.0 outinratio 0.0183 

WplusH126_4l_Nj_pT4l_genbin4_recobin9 acc 0.0133 eff 0.0 outinratio 0.0157 

ZH126_4l_Nj_pT4l_genbin4_recobin9 acc 0.0123 eff 0.0 outinratio 0.0716 

ttH126_4l_Nj_pT4l_genbin4_recobin9 acc 0.0 eff -1.0 outinratio 0.4757 

ggH126_4l_Nj_pT4l_genbin5_recobin9 acc 0.024 eff 0.0013 outinratio 0.0096 

VBFH126_4l_Nj_pT4l_genbin5_recobin9 acc 0.0273 eff 0.0049 outinratio 0.0042 

WminusH126_4l_Nj_pT4l_genbin5_recobin9 acc 0.0623 eff 0.0538 outinratio 0.0183 

WplusH126_4l_Nj_pT4l_genbin5_recobin9 acc 0.0554 eff 0.0559 outinratio 0.0157 

ZH126_4l_Nj_pT4l_genbin5_recobin9 acc 0.0514 eff 0.0151 outinratio 0.0716 

ttH126_4l_Nj_pT4l_genbin5_recobin9 acc 0.0017 eff -1.0 outinratio 0.4757 

ggH126_4l_Nj_pT4l_genbin6_recobin9 acc 0.0311 eff 0.0 outinratio 0.0096 

VBFH126_4l_Nj_pT4l_genbin6_recobin9 acc 0.0343 eff 0.0 outinratio 0.0042 

WminusH126_4l_Nj_pT4l_genbin6_recobin9 acc 0.035 eff 0.0 outinratio 0.0183 

WplusH126_4l_Nj_pT4l_genbin6_recobin9 acc 0.0292 eff 0.0 outinratio 0.0157 

ZH126_4l_Nj_pT4l_genbin6_recobin9 acc 0.0304 eff 0.0 outinratio 0.0716 

ttH126_4l_Nj_pT4l_genbin6_recobin9 acc 0.0029 eff -1.0 outinratio 0.4757 

ggH126_4l_Nj_pT4l_genbin7_recobin9 acc 0.0312 eff 0.0 outinratio 0.0096 

VBFH126_4l_Nj_pT4l_genbin7_recobin9 acc 0.0384 eff 0.0 outinratio 0.0042 

WminusH126_4l_Nj_pT4l_genbin7_recobin9 acc 0.0296 eff 0.0 outinratio 0.0183 

WplusH126_4l_Nj_pT4l_genbin7_recobin9 acc 0.0253 eff 0.0 outinratio 0.0157 

ZH126_4l_Nj_pT4l_genbin7_recobin9 acc 0.027 eff 0.0 outinratio 0.0716 

ttH126_4l_Nj_pT4l_genbin7_recobin9 acc 0.0011 eff -1.0 outinratio 0.4757 

ggH126_4l_Nj_pT4l_genbin8_recobin9 acc 0.0295 eff 0.0058 outinratio 0.0096 

VBFH126_4l_Nj_pT4l_genbin8_recobin9 acc 0.0694 eff 0.0085 outinratio 0.0042 

WminusH126_4l_Nj_pT4l_genbin8_recobin9 acc 0.0385 eff 0.0049 outinratio 0.0183 

WplusH126_4l_Nj_pT4l_genbin8_recobin9 acc 0.0334 eff 0.0038 outinratio 0.0157 

ZH126_4l_Nj_pT4l_genbin8_recobin9 acc 0.0359 eff 0.0027 outinratio 0.0716 

ttH126_4l_Nj_pT4l_genbin8_recobin9 acc 0.0011 eff -1.0 outinratio 0.4757 

ggH126_4l_Nj_pT4l_genbin9_recobin9 acc 0.0196 eff 0.4435 outinratio 0.0096 

VBFH126_4l_Nj_pT4l_genbin9_recobin9 acc 0.0772 eff 0.4235 outinratio 0.0042 

WminusH126_4l_Nj_pT4l_genbin9_recobin9 acc 0.0342 eff 0.3482 outinratio 0.0183 

WplusH126_4l_Nj_pT4l_genbin9_recobin9 acc 0.0333 eff 0.352 outinratio 0.0157 

ZH126_4l_Nj_pT4l_genbin9_recobin9 acc 0.0335 eff 0.3636 outinratio 0.0716 

ttH126_4l_Nj_pT4l_genbin9_recobin9 acc 0.0075 eff 0.0896 outinratio 0.4757 

ggH126_4l_Nj_pT4l_genbin10_recobin9 acc 0.0313 eff 0.023 outinratio 0.0096 

VBFH126_4l_Nj_pT4l_genbin10_recobin9 acc 0.1385 eff 0.0389 outinratio 0.0042 

WminusH126_4l_Nj_pT4l_genbin10_recobin9 acc 0.1267 eff 0.0192 outinratio 0.0183 

WplusH126_4l_Nj_pT4l_genbin10_recobin9 acc 0.1102 eff 0.0194 outinratio 0.0157 

ZH126_4l_Nj_pT4l_genbin10_recobin9 acc 0.1341 eff 0.02 outinratio 0.0716 

ttH126_4l_Nj_pT4l_genbin10_recobin9 acc 0.324 eff 0.0 outinratio 0.4757 

ggH126_4l_Nj_pT4l_genbin11_recobin9 acc 0.012 eff 0.0329 outinratio 0.0096 

VBFH126_4l_Nj_pT4l_genbin11_recobin9 acc 0.0568 eff 0.0598 outinratio 0.0042 

WminusH126_4l_Nj_pT4l_genbin11_recobin9 acc 0.0438 eff 0.0261 outinratio 0.0183 

WplusH126_4l_Nj_pT4l_genbin11_recobin9 acc 0.0471 eff 0.0298 outinratio 0.0157 

ZH126_4l_Nj_pT4l_genbin11_recobin9 acc 0.047 eff 0.0271 outinratio 0.0716 

ttH126_4l_Nj_pT4l_genbin11_recobin9 acc 0.1522 eff 0.009 outinratio 0.4757 

ggH126_4l_Nj_pT4l_genbin0_recobin10 acc 0.0756 eff 0.0021 outinratio 0.0072 

VBFH126_4l_Nj_pT4l_genbin0_recobin10 acc 0.0041 eff 0.0135 outinratio 0.0081 

WminusH126_4l_Nj_pT4l_genbin0_recobin10 acc 0.0043 eff 0.0098 outinratio 0.0114 

WplusH126_4l_Nj_pT4l_genbin0_recobin10 acc 0.0034 eff 0.0138 outinratio 0.0114 

ZH126_4l_Nj_pT4l_genbin0_recobin10 acc 0.0033 eff 0.0191 outinratio 0.0403 

ttH126_4l_Nj_pT4l_genbin0_recobin10 acc 0.0 eff -1.0 outinratio 0.0411 

ggH126_4l_Nj_pT4l_genbin1_recobin10 acc 0.0549 eff 0.002 outinratio 0.0072 

VBFH126_4l_Nj_pT4l_genbin1_recobin10 acc 0.0052 eff 0.0 outinratio 0.0081 

WminusH126_4l_Nj_pT4l_genbin1_recobin10 acc 0.0047 eff 0.0231 outinratio 0.0114 

WplusH126_4l_Nj_pT4l_genbin1_recobin10 acc 0.0036 eff 0.0085 outinratio 0.0114 

ZH126_4l_Nj_pT4l_genbin1_recobin10 acc 0.0039 eff 0.0116 outinratio 0.0403 

ttH126_4l_Nj_pT4l_genbin1_recobin10 acc 0.0 eff -1.0 outinratio 0.0411 

ggH126_4l_Nj_pT4l_genbin2_recobin10 acc 0.0472 eff 0.0033 outinratio 0.0072 

VBFH126_4l_Nj_pT4l_genbin2_recobin10 acc 0.0067 eff 0.0031 outinratio 0.0081 

WminusH126_4l_Nj_pT4l_genbin2_recobin10 acc 0.0058 eff 0.012 outinratio 0.0114 

WplusH126_4l_Nj_pT4l_genbin2_recobin10 acc 0.0049 eff 0.0242 outinratio 0.0114 

ZH126_4l_Nj_pT4l_genbin2_recobin10 acc 0.0045 eff 0.0108 outinratio 0.0403 

ttH126_4l_Nj_pT4l_genbin2_recobin10 acc 0.0 eff -1.0 outinratio 0.0411 

ggH126_4l_Nj_pT4l_genbin3_recobin10 acc 0.0467 eff 0.0072 outinratio 0.0072 

VBFH126_4l_Nj_pT4l_genbin3_recobin10 acc 0.0104 eff 0.0119 outinratio 0.0081 

WminusH126_4l_Nj_pT4l_genbin3_recobin10 acc 0.0089 eff 0.0139 outinratio 0.0114 

WplusH126_4l_Nj_pT4l_genbin3_recobin10 acc 0.0071 eff 0.0132 outinratio 0.0114 

ZH126_4l_Nj_pT4l_genbin3_recobin10 acc 0.007 eff 0.0197 outinratio 0.0403 

ttH126_4l_Nj_pT4l_genbin3_recobin10 acc 0.0 eff -1.0 outinratio 0.0411 

ggH126_4l_Nj_pT4l_genbin4_recobin10 acc 0.0439 eff 0.0051 outinratio 0.0072 

VBFH126_4l_Nj_pT4l_genbin4_recobin10 acc 0.0168 eff 0.0146 outinratio 0.0081 

WminusH126_4l_Nj_pT4l_genbin4_recobin10 acc 0.016 eff 0.0191 outinratio 0.0114 

WplusH126_4l_Nj_pT4l_genbin4_recobin10 acc 0.0133 eff 0.017 outinratio 0.0114 

ZH126_4l_Nj_pT4l_genbin4_recobin10 acc 0.0123 eff 0.0066 outinratio 0.0403 

ttH126_4l_Nj_pT4l_genbin4_recobin10 acc 0.0 eff -1.0 outinratio 0.0411 

ggH126_4l_Nj_pT4l_genbin5_recobin10 acc 0.024 eff 0.0142 outinratio 0.0072 

VBFH126_4l_Nj_pT4l_genbin5_recobin10 acc 0.0273 eff 0.0274 outinratio 0.0081 

WminusH126_4l_Nj_pT4l_genbin5_recobin10 acc 0.0623 eff 0.0123 outinratio 0.0114 

WplusH126_4l_Nj_pT4l_genbin5_recobin10 acc 0.0554 eff 0.0118 outinratio 0.0114 

ZH126_4l_Nj_pT4l_genbin5_recobin10 acc 0.0514 eff 0.0056 outinratio 0.0403 

ttH126_4l_Nj_pT4l_genbin5_recobin10 acc 0.0017 eff -1.0 outinratio 0.0411 

ggH126_4l_Nj_pT4l_genbin6_recobin10 acc 0.0311 eff 0.0381 outinratio 0.0072 

VBFH126_4l_Nj_pT4l_genbin6_recobin10 acc 0.0343 eff 0.0826 outinratio 0.0081 

WminusH126_4l_Nj_pT4l_genbin6_recobin10 acc 0.035 eff 0.0915 outinratio 0.0114 

WplusH126_4l_Nj_pT4l_genbin6_recobin10 acc 0.0292 eff 0.0945 outinratio 0.0114 

ZH126_4l_Nj_pT4l_genbin6_recobin10 acc 0.0304 eff 0.0933 outinratio 0.0403 

ttH126_4l_Nj_pT4l_genbin6_recobin10 acc 0.0029 eff -1.0 outinratio 0.0411 

ggH126_4l_Nj_pT4l_genbin7_recobin10 acc 0.0312 eff 0.0489 outinratio 0.0072 

VBFH126_4l_Nj_pT4l_genbin7_recobin10 acc 0.0384 eff 0.071 outinratio 0.0081 

WminusH126_4l_Nj_pT4l_genbin7_recobin10 acc 0.0296 eff 0.0839 outinratio 0.0114 

WplusH126_4l_Nj_pT4l_genbin7_recobin10 acc 0.0253 eff 0.087 outinratio 0.0114 

ZH126_4l_Nj_pT4l_genbin7_recobin10 acc 0.027 eff 0.0772 outinratio 0.0403 

ttH126_4l_Nj_pT4l_genbin7_recobin10 acc 0.0011 eff -1.0 outinratio 0.0411 

ggH126_4l_Nj_pT4l_genbin8_recobin10 acc 0.0295 eff 0.0551 outinratio 0.0072 

VBFH126_4l_Nj_pT4l_genbin8_recobin10 acc 0.0694 eff 0.0731 outinratio 0.0081 

WminusH126_4l_Nj_pT4l_genbin8_recobin10 acc 0.0385 eff 0.1007 outinratio 0.0114 

WplusH126_4l_Nj_pT4l_genbin8_recobin10 acc 0.0334 eff 0.0984 outinratio 0.0114 

ZH126_4l_Nj_pT4l_genbin8_recobin10 acc 0.0359 eff 0.1002 outinratio 0.0403 

ttH126_4l_Nj_pT4l_genbin8_recobin10 acc 0.0011 eff -1.0 outinratio 0.0411 

ggH126_4l_Nj_pT4l_genbin9_recobin10 acc 0.0196 eff 0.0502 outinratio 0.0072 

VBFH126_4l_Nj_pT4l_genbin9_recobin10 acc 0.0772 eff 0.0663 outinratio 0.0081 

WminusH126_4l_Nj_pT4l_genbin9_recobin10 acc 0.0342 eff 0.0839 outinratio 0.0114 

WplusH126_4l_Nj_pT4l_genbin9_recobin10 acc 0.0333 eff 0.07 outinratio 0.0114 

ZH126_4l_Nj_pT4l_genbin9_recobin10 acc 0.0335 eff 0.0634 outinratio 0.0403 

ttH126_4l_Nj_pT4l_genbin9_recobin10 acc 0.0075 eff 0.051 outinratio 0.0411 

ggH126_4l_Nj_pT4l_genbin10_recobin10 acc 0.0313 eff 0.389 outinratio 0.0072 

VBFH126_4l_Nj_pT4l_genbin10_recobin10 acc 0.1385 eff 0.4137 outinratio 0.0081 

WminusH126_4l_Nj_pT4l_genbin10_recobin10 acc 0.1267 eff 0.3968 outinratio 0.0114 

WplusH126_4l_Nj_pT4l_genbin10_recobin10 acc 0.1102 eff 0.3972 outinratio 0.0114 

ZH126_4l_Nj_pT4l_genbin10_recobin10 acc 0.1341 eff 0.3923 outinratio 0.0403 

ttH126_4l_Nj_pT4l_genbin10_recobin10 acc 0.324 eff 0.2917 outinratio 0.0411 

ggH126_4l_Nj_pT4l_genbin11_recobin10 acc 0.012 eff 0.0104 outinratio 0.0072 

VBFH126_4l_Nj_pT4l_genbin11_recobin10 acc 0.0568 eff 0.0119 outinratio 0.0081 

WminusH126_4l_Nj_pT4l_genbin11_recobin10 acc 0.0438 eff 0.0109 outinratio 0.0114 

WplusH126_4l_Nj_pT4l_genbin11_recobin10 acc 0.0471 eff 0.0082 outinratio 0.0114 

ZH126_4l_Nj_pT4l_genbin11_recobin10 acc 0.047 eff 0.0094 outinratio 0.0403 

ttH126_4l_Nj_pT4l_genbin11_recobin10 acc 0.1522 eff 0.0179 outinratio 0.0411 

ggH126_4l_Nj_pT4l_genbin0_recobin11 acc 0.0756 eff 0.0 outinratio 0.0125 

VBFH126_4l_Nj_pT4l_genbin0_recobin11 acc 0.0041 eff 0.0 outinratio 0.011 

WminusH126_4l_Nj_pT4l_genbin0_recobin11 acc 0.0043 eff 0.0 outinratio 0.0095 

WplusH126_4l_Nj_pT4l_genbin0_recobin11 acc 0.0034 eff 0.0 outinratio 0.0127 

ZH126_4l_Nj_pT4l_genbin0_recobin11 acc 0.0033 eff 0.0 outinratio 0.0359 

ttH126_4l_Nj_pT4l_genbin0_recobin11 acc 0.0 eff -1.0 outinratio 0.0012 

ggH126_4l_Nj_pT4l_genbin1_recobin11 acc 0.0549 eff 0.0 outinratio 0.0125 

VBFH126_4l_Nj_pT4l_genbin1_recobin11 acc 0.0052 eff 0.0 outinratio 0.011 

WminusH126_4l_Nj_pT4l_genbin1_recobin11 acc 0.0047 eff 0.0 outinratio 0.0095 

WplusH126_4l_Nj_pT4l_genbin1_recobin11 acc 0.0036 eff 0.0 outinratio 0.0127 

ZH126_4l_Nj_pT4l_genbin1_recobin11 acc 0.0039 eff 0.0 outinratio 0.0359 

ttH126_4l_Nj_pT4l_genbin1_recobin11 acc 0.0 eff -1.0 outinratio 0.0012 

ggH126_4l_Nj_pT4l_genbin2_recobin11 acc 0.0472 eff 0.0 outinratio 0.0125 

VBFH126_4l_Nj_pT4l_genbin2_recobin11 acc 0.0067 eff 0.0 outinratio 0.011 

WminusH126_4l_Nj_pT4l_genbin2_recobin11 acc 0.0058 eff 0.0 outinratio 0.0095 

WplusH126_4l_Nj_pT4l_genbin2_recobin11 acc 0.0049 eff 0.0 outinratio 0.0127 

ZH126_4l_Nj_pT4l_genbin2_recobin11 acc 0.0045 eff 0.0 outinratio 0.0359 

ttH126_4l_Nj_pT4l_genbin2_recobin11 acc 0.0 eff -1.0 outinratio 0.0012 

ggH126_4l_Nj_pT4l_genbin3_recobin11 acc 0.0467 eff 0.0 outinratio 0.0125 

VBFH126_4l_Nj_pT4l_genbin3_recobin11 acc 0.0104 eff 0.0 outinratio 0.011 

WminusH126_4l_Nj_pT4l_genbin3_recobin11 acc 0.0089 eff 0.0 outinratio 0.0095 

WplusH126_4l_Nj_pT4l_genbin3_recobin11 acc 0.0071 eff 0.0 outinratio 0.0127 

ZH126_4l_Nj_pT4l_genbin3_recobin11 acc 0.007 eff 0.0 outinratio 0.0359 

ttH126_4l_Nj_pT4l_genbin3_recobin11 acc 0.0 eff -1.0 outinratio 0.0012 

ggH126_4l_Nj_pT4l_genbin4_recobin11 acc 0.0439 eff 0.0 outinratio 0.0125 

VBFH126_4l_Nj_pT4l_genbin4_recobin11 acc 0.0168 eff 0.0 outinratio 0.011 

WminusH126_4l_Nj_pT4l_genbin4_recobin11 acc 0.016 eff 0.0 outinratio 0.0095 

WplusH126_4l_Nj_pT4l_genbin4_recobin11 acc 0.0133 eff 0.0 outinratio 0.0127 

ZH126_4l_Nj_pT4l_genbin4_recobin11 acc 0.0123 eff 0.0 outinratio 0.0359 

ttH126_4l_Nj_pT4l_genbin4_recobin11 acc 0.0 eff -1.0 outinratio 0.0012 

ggH126_4l_Nj_pT4l_genbin5_recobin11 acc 0.024 eff 0.0 outinratio 0.0125 

VBFH126_4l_Nj_pT4l_genbin5_recobin11 acc 0.0273 eff 0.0 outinratio 0.011 

WminusH126_4l_Nj_pT4l_genbin5_recobin11 acc 0.0623 eff 0.003 outinratio 0.0095 

WplusH126_4l_Nj_pT4l_genbin5_recobin11 acc 0.0554 eff 0.002 outinratio 0.0127 

ZH126_4l_Nj_pT4l_genbin5_recobin11 acc 0.0514 eff 0.0009 outinratio 0.0359 

ttH126_4l_Nj_pT4l_genbin5_recobin11 acc 0.0017 eff -1.0 outinratio 0.0012 

ggH126_4l_Nj_pT4l_genbin6_recobin11 acc 0.0311 eff 0.0 outinratio 0.0125 

VBFH126_4l_Nj_pT4l_genbin6_recobin11 acc 0.0343 eff 0.0 outinratio 0.011 

WminusH126_4l_Nj_pT4l_genbin6_recobin11 acc 0.035 eff 0.0 outinratio 0.0095 

WplusH126_4l_Nj_pT4l_genbin6_recobin11 acc 0.0292 eff 0.0 outinratio 0.0127 

ZH126_4l_Nj_pT4l_genbin6_recobin11 acc 0.0304 eff 0.0 outinratio 0.0359 

ttH126_4l_Nj_pT4l_genbin6_recobin11 acc 0.0029 eff -1.0 outinratio 0.0012 

ggH126_4l_Nj_pT4l_genbin7_recobin11 acc 0.0312 eff 0.0 outinratio 0.0125 

VBFH126_4l_Nj_pT4l_genbin7_recobin11 acc 0.0384 eff 0.0 outinratio 0.011 

WminusH126_4l_Nj_pT4l_genbin7_recobin11 acc 0.0296 eff 0.0 outinratio 0.0095 

WplusH126_4l_Nj_pT4l_genbin7_recobin11 acc 0.0253 eff 0.0 outinratio 0.0127 

ZH126_4l_Nj_pT4l_genbin7_recobin11 acc 0.027 eff 0.0 outinratio 0.0359 

ttH126_4l_Nj_pT4l_genbin7_recobin11 acc 0.0011 eff -1.0 outinratio 0.0012 

ggH126_4l_Nj_pT4l_genbin8_recobin11 acc 0.0295 eff 0.0 outinratio 0.0125 

VBFH126_4l_Nj_pT4l_genbin8_recobin11 acc 0.0694 eff 0.0 outinratio 0.011 

WminusH126_4l_Nj_pT4l_genbin8_recobin11 acc 0.0385 eff 0.0 outinratio 0.0095 

WplusH126_4l_Nj_pT4l_genbin8_recobin11 acc 0.0334 eff 0.0 outinratio 0.0127 

ZH126_4l_Nj_pT4l_genbin8_recobin11 acc 0.0359 eff 0.0 outinratio 0.0359 

ttH126_4l_Nj_pT4l_genbin8_recobin11 acc 0.0011 eff -1.0 outinratio 0.0012 

ggH126_4l_Nj_pT4l_genbin9_recobin11 acc 0.0196 eff 0.0162 outinratio 0.0125 

VBFH126_4l_Nj_pT4l_genbin9_recobin11 acc 0.0772 eff 0.0346 outinratio 0.011 

WminusH126_4l_Nj_pT4l_genbin9_recobin11 acc 0.0342 eff 0.0399 outinratio 0.0095 

WplusH126_4l_Nj_pT4l_genbin9_recobin11 acc 0.0333 eff 0.0452 outinratio 0.0127 

ZH126_4l_Nj_pT4l_genbin9_recobin11 acc 0.0335 eff 0.0298 outinratio 0.0359 

ttH126_4l_Nj_pT4l_genbin9_recobin11 acc 0.0075 eff 0.0986 outinratio 0.0012 

ggH126_4l_Nj_pT4l_genbin10_recobin11 acc 0.0313 eff 0.0019 outinratio 0.0125 

VBFH126_4l_Nj_pT4l_genbin10_recobin11 acc 0.1385 eff 0.0007 outinratio 0.011 

WminusH126_4l_Nj_pT4l_genbin10_recobin11 acc 0.1267 eff 0.0018 outinratio 0.0095 

WplusH126_4l_Nj_pT4l_genbin10_recobin11 acc 0.1102 eff 0.0024 outinratio 0.0127 

ZH126_4l_Nj_pT4l_genbin10_recobin11 acc 0.1341 eff 0.0019 outinratio 0.0359 

ttH126_4l_Nj_pT4l_genbin10_recobin11 acc 0.324 eff 0.0026 outinratio 0.0012 

ggH126_4l_Nj_pT4l_genbin11_recobin11 acc 0.012 eff 0.5446 outinratio 0.0125 

VBFH126_4l_Nj_pT4l_genbin11_recobin11 acc 0.0568 eff 0.5096 outinratio 0.011 

WminusH126_4l_Nj_pT4l_genbin11_recobin11 acc 0.0438 eff 0.5215 outinratio 0.0095 

WplusH126_4l_Nj_pT4l_genbin11_recobin11 acc 0.0471 eff 0.505 outinratio 0.0127 

ZH126_4l_Nj_pT4l_genbin11_recobin11 acc 0.047 eff 0.5018 outinratio 0.0359 

ttH126_4l_Nj_pT4l_genbin11_recobin11 acc 0.1522 eff 0.4503 outinratio 0.0012 

ggH126_4e_Nj_pT4l_genbin0_recobin0 acc 0.0734 eff 0.2846 outinratio 0.0072 

VBFH126_4e_Nj_pT4l_genbin0_recobin0 acc 0.0046 eff 0.2219 outinratio 0.0 

WminusH126_4e_Nj_pT4l_genbin0_recobin0 acc 0.0045 eff 0.1765 outinratio 0.0 

WplusH126_4e_Nj_pT4l_genbin0_recobin0 acc 0.0034 eff 0.1847 outinratio 0.0331 

ZH126_4e_Nj_pT4l_genbin0_recobin0 acc 0.0031 eff 0.1919 outinratio 0.0 

ttH126_4e_Nj_pT4l_genbin0_recobin0 acc 0.0 eff -1.0 outinratio 0.0 

ggH126_4e_Nj_pT4l_genbin1_recobin0 acc 0.0526 eff 0.0369 outinratio 0.0072 

VBFH126_4e_Nj_pT4l_genbin1_recobin0 acc 0.0054 eff 0.012 outinratio 0.0 

WminusH126_4e_Nj_pT4l_genbin1_recobin0 acc 0.0049 eff 0.0568 outinratio 0.0 

WplusH126_4e_Nj_pT4l_genbin1_recobin0 acc 0.0033 eff 0.0105 outinratio 0.0331 

ZH126_4e_Nj_pT4l_genbin1_recobin0 acc 0.0038 eff 0.0361 outinratio 0.0 

ttH126_4e_Nj_pT4l_genbin1_recobin0 acc 0.0 eff -1.0 outinratio 0.0 

ggH126_4e_Nj_pT4l_genbin2_recobin0 acc 0.046 eff 0.0019 outinratio 0.0072 

VBFH126_4e_Nj_pT4l_genbin2_recobin0 acc 0.0056 eff 0.0 outinratio 0.0 

WminusH126_4e_Nj_pT4l_genbin2_recobin0 acc 0.0055 eff 0.0 outinratio 0.0 

WplusH126_4e_Nj_pT4l_genbin2_recobin0 acc 0.0051 eff 0.0 outinratio 0.0331 

ZH126_4e_Nj_pT4l_genbin2_recobin0 acc 0.0048 eff 0.0 outinratio 0.0 

ttH126_4e_Nj_pT4l_genbin2_recobin0 acc 0.0 eff -1.0 outinratio 0.0 

ggH126_4e_Nj_pT4l_genbin3_recobin0 acc 0.0451 eff 0.0 outinratio 0.0072 

VBFH126_4e_Nj_pT4l_genbin3_recobin0 acc 0.0111 eff 0.0 outinratio 0.0 

WminusH126_4e_Nj_pT4l_genbin3_recobin0 acc 0.009 eff 0.0 outinratio 0.0 

WplusH126_4e_Nj_pT4l_genbin3_recobin0 acc 0.0069 eff 0.0 outinratio 0.0331 

ZH126_4e_Nj_pT4l_genbin3_recobin0 acc 0.0067 eff 0.0 outinratio 0.0 

ttH126_4e_Nj_pT4l_genbin3_recobin0 acc 0.0 eff -1.0 outinratio 0.0 

ggH126_4e_Nj_pT4l_genbin4_recobin0 acc 0.041 eff 0.0 outinratio 0.0072 

VBFH126_4e_Nj_pT4l_genbin4_recobin0 acc 0.0154 eff 0.0 outinratio 0.0 

WminusH126_4e_Nj_pT4l_genbin4_recobin0 acc 0.016 eff 0.0 outinratio 0.0 

WplusH126_4e_Nj_pT4l_genbin4_recobin0 acc 0.0131 eff 0.0 outinratio 0.0331 

ZH126_4e_Nj_pT4l_genbin4_recobin0 acc 0.0121 eff 0.0 outinratio 0.0 

ttH126_4e_Nj_pT4l_genbin4_recobin0 acc 0.0 eff -1.0 outinratio 0.0 

ggH126_4e_Nj_pT4l_genbin5_recobin0 acc 0.0244 eff 0.0 outinratio 0.0072 

VBFH126_4e_Nj_pT4l_genbin5_recobin0 acc 0.0267 eff 0.0 outinratio 0.0 

WminusH126_4e_Nj_pT4l_genbin5_recobin0 acc 0.0603 eff 0.0 outinratio 0.0 

WplusH126_4e_Nj_pT4l_genbin5_recobin0 acc 0.0539 eff 0.0 outinratio 0.0331 

ZH126_4e_Nj_pT4l_genbin5_recobin0 acc 0.0494 eff 0.0 outinratio 0.0 

ttH126_4e_Nj_pT4l_genbin5_recobin0 acc 0.0041 eff -1.0 outinratio 0.0 

ggH126_4e_Nj_pT4l_genbin6_recobin0 acc 0.0299 eff 0.0016 outinratio 0.0072 

VBFH126_4e_Nj_pT4l_genbin6_recobin0 acc 0.0324 eff 0.0022 outinratio 0.0 

WminusH126_4e_Nj_pT4l_genbin6_recobin0 acc 0.0335 eff 0.0022 outinratio 0.0 

WplusH126_4e_Nj_pT4l_genbin6_recobin0 acc 0.0275 eff 0.0028 outinratio 0.0331 

ZH126_4e_Nj_pT4l_genbin6_recobin0 acc 0.0283 eff 0.0126 outinratio 0.0 

ttH126_4e_Nj_pT4l_genbin6_recobin0 acc 0.0061 eff -1.0 outinratio 0.0 

ggH126_4e_Nj_pT4l_genbin7_recobin0 acc 0.0277 eff 0.0 outinratio 0.0072 

VBFH126_4e_Nj_pT4l_genbin7_recobin0 acc 0.0377 eff 0.0 outinratio 0.0 

WminusH126_4e_Nj_pT4l_genbin7_recobin0 acc 0.0279 eff 0.0 outinratio 0.0 

WplusH126_4e_Nj_pT4l_genbin7_recobin0 acc 0.0246 eff 0.0 outinratio 0.0331 

ZH126_4e_Nj_pT4l_genbin7_recobin0 acc 0.0264 eff 0.0 outinratio 0.0 

ttH126_4e_Nj_pT4l_genbin7_recobin0 acc 0.0 eff -1.0 outinratio 0.0 

ggH126_4e_Nj_pT4l_genbin8_recobin0 acc 0.0284 eff 0.0 outinratio 0.0072 

VBFH126_4e_Nj_pT4l_genbin8_recobin0 acc 0.0683 eff 0.0 outinratio 0.0 

WminusH126_4e_Nj_pT4l_genbin8_recobin0 acc 0.0356 eff 0.0 outinratio 0.0 

WplusH126_4e_Nj_pT4l_genbin8_recobin0 acc 0.033 eff 0.0 outinratio 0.0331 

ZH126_4e_Nj_pT4l_genbin8_recobin0 acc 0.0339 eff 0.0 outinratio 0.0 

ttH126_4e_Nj_pT4l_genbin8_recobin0 acc 0.002 eff -1.0 outinratio 0.0 

ggH126_4e_Nj_pT4l_genbin9_recobin0 acc 0.0184 eff 0.0 outinratio 0.0072 

VBFH126_4e_Nj_pT4l_genbin9_recobin0 acc 0.0725 eff 0.0 outinratio 0.0 

WminusH126_4e_Nj_pT4l_genbin9_recobin0 acc 0.0328 eff 0.0 outinratio 0.0 

WplusH126_4e_Nj_pT4l_genbin9_recobin0 acc 0.033 eff 0.0 outinratio 0.0331 

ZH126_4e_Nj_pT4l_genbin9_recobin0 acc 0.0326 eff 0.0 outinratio 0.0 

ttH126_4e_Nj_pT4l_genbin9_recobin0 acc 0.0041 eff -1.0 outinratio 0.0 

ggH126_4e_Nj_pT4l_genbin10_recobin0 acc 0.0295 eff 0.0 outinratio 0.0072 

VBFH126_4e_Nj_pT4l_genbin10_recobin0 acc 0.1361 eff 0.0 outinratio 0.0 

WminusH126_4e_Nj_pT4l_genbin10_recobin0 acc 0.1197 eff 0.0001 outinratio 0.0 

WplusH126_4e_Nj_pT4l_genbin10_recobin0 acc 0.1058 eff -0.0001 outinratio 0.0331 

ZH126_4e_Nj_pT4l_genbin10_recobin0 acc 0.1309 eff 0.0007 outinratio 0.0 

ttH126_4e_Nj_pT4l_genbin10_recobin0 acc 0.3232 eff 0.0 outinratio 0.0 

ggH126_4e_Nj_pT4l_genbin11_recobin0 acc 0.012 eff 0.0 outinratio 0.0072 

VBFH126_4e_Nj_pT4l_genbin11_recobin0 acc 0.0538 eff 0.0 outinratio 0.0 

WminusH126_4e_Nj_pT4l_genbin11_recobin0 acc 0.0416 eff 0.0 outinratio 0.0 

WplusH126_4e_Nj_pT4l_genbin11_recobin0 acc 0.0452 eff 0.0 outinratio 0.0331 

ZH126_4e_Nj_pT4l_genbin11_recobin0 acc 0.0464 eff 0.0 outinratio 0.0 

ttH126_4e_Nj_pT4l_genbin11_recobin0 acc 0.1443 eff 0.0 outinratio 0.0 

ggH126_4e_Nj_pT4l_genbin0_recobin1 acc 0.0734 eff 0.0341 outinratio 0.0139 

VBFH126_4e_Nj_pT4l_genbin0_recobin1 acc 0.0046 eff 0.0266 outinratio 0.0533 

WminusH126_4e_Nj_pT4l_genbin0_recobin1 acc 0.0045 eff 0.0163 outinratio 0.0085 

WplusH126_4e_Nj_pT4l_genbin0_recobin1 acc 0.0034 eff 0.0235 outinratio 0.065 

ZH126_4e_Nj_pT4l_genbin0_recobin1 acc 0.0031 eff 0.0187 outinratio 0.0 

ttH126_4e_Nj_pT4l_genbin0_recobin1 acc 0.0 eff -1.0 outinratio 0.0 

ggH126_4e_Nj_pT4l_genbin1_recobin1 acc 0.0526 eff 0.2223 outinratio 0.0139 

VBFH126_4e_Nj_pT4l_genbin1_recobin1 acc 0.0054 eff 0.1514 outinratio 0.0533 

WminusH126_4e_Nj_pT4l_genbin1_recobin1 acc 0.0049 eff 0.1346 outinratio 0.0085 

WplusH126_4e_Nj_pT4l_genbin1_recobin1 acc 0.0033 eff 0.1797 outinratio 0.065 

ZH126_4e_Nj_pT4l_genbin1_recobin1 acc 0.0038 eff 0.1314 outinratio 0.0 

ttH126_4e_Nj_pT4l_genbin1_recobin1 acc 0.0 eff -1.0 outinratio 0.0 

ggH126_4e_Nj_pT4l_genbin2_recobin1 acc 0.046 eff 0.0416 outinratio 0.0139 

VBFH126_4e_Nj_pT4l_genbin2_recobin1 acc 0.0056 eff 0.0 outinratio 0.0533 

WminusH126_4e_Nj_pT4l_genbin2_recobin1 acc 0.0055 eff 0.0484 outinratio 0.0085 

WplusH126_4e_Nj_pT4l_genbin2_recobin1 acc 0.0051 eff 0.0174 outinratio 0.065 

ZH126_4e_Nj_pT4l_genbin2_recobin1 acc 0.0048 eff 0.011 outinratio 0.0 

ttH126_4e_Nj_pT4l_genbin2_recobin1 acc 0.0 eff -1.0 outinratio 0.0 

ggH126_4e_Nj_pT4l_genbin3_recobin1 acc 0.0451 eff 0.0003 outinratio 0.0139 

VBFH126_4e_Nj_pT4l_genbin3_recobin1 acc 0.0111 eff 0.0 outinratio 0.0533 

WminusH126_4e_Nj_pT4l_genbin3_recobin1 acc 0.009 eff 0.0 outinratio 0.0085 

WplusH126_4e_Nj_pT4l_genbin3_recobin1 acc 0.0069 eff 0.0 outinratio 0.065 

ZH126_4e_Nj_pT4l_genbin3_recobin1 acc 0.0067 eff 0.0059 outinratio 0.0 

ttH126_4e_Nj_pT4l_genbin3_recobin1 acc 0.0 eff -1.0 outinratio 0.0 

ggH126_4e_Nj_pT4l_genbin4_recobin1 acc 0.041 eff 0.0 outinratio 0.0139 

VBFH126_4e_Nj_pT4l_genbin4_recobin1 acc 0.0154 eff 0.0 outinratio 0.0533 

WminusH126_4e_Nj_pT4l_genbin4_recobin1 acc 0.016 eff 0.0 outinratio 0.0085 

WplusH126_4e_Nj_pT4l_genbin4_recobin1 acc 0.0131 eff 0.0 outinratio 0.065 

ZH126_4e_Nj_pT4l_genbin4_recobin1 acc 0.0121 eff 0.0 outinratio 0.0 

ttH126_4e_Nj_pT4l_genbin4_recobin1 acc 0.0 eff -1.0 outinratio 0.0 

ggH126_4e_Nj_pT4l_genbin5_recobin1 acc 0.0244 eff 0.0 outinratio 0.0139 

VBFH126_4e_Nj_pT4l_genbin5_recobin1 acc 0.0267 eff 0.0 outinratio 0.0533 

WminusH126_4e_Nj_pT4l_genbin5_recobin1 acc 0.0603 eff 0.0 outinratio 0.0085 

WplusH126_4e_Nj_pT4l_genbin5_recobin1 acc 0.0539 eff 0.0 outinratio 0.065 

ZH126_4e_Nj_pT4l_genbin5_recobin1 acc 0.0494 eff 0.0 outinratio 0.0 

ttH126_4e_Nj_pT4l_genbin5_recobin1 acc 0.0041 eff -1.0 outinratio 0.0 

ggH126_4e_Nj_pT4l_genbin6_recobin1 acc 0.0299 eff 0.0033 outinratio 0.0139 

VBFH126_4e_Nj_pT4l_genbin6_recobin1 acc 0.0324 eff 0.0106 outinratio 0.0533 

WminusH126_4e_Nj_pT4l_genbin6_recobin1 acc 0.0335 eff 0.0013 outinratio 0.0085 

WplusH126_4e_Nj_pT4l_genbin6_recobin1 acc 0.0275 eff 0.003 outinratio 0.065 

ZH126_4e_Nj_pT4l_genbin6_recobin1 acc 0.0283 eff 0.0048 outinratio 0.0 

ttH126_4e_Nj_pT4l_genbin6_recobin1 acc 0.0061 eff -1.0 outinratio 0.0 

ggH126_4e_Nj_pT4l_genbin7_recobin1 acc 0.0277 eff 0.0 outinratio 0.0139 

VBFH126_4e_Nj_pT4l_genbin7_recobin1 acc 0.0377 eff 0.0 outinratio 0.0533 

WminusH126_4e_Nj_pT4l_genbin7_recobin1 acc 0.0279 eff 0.0 outinratio 0.0085 

WplusH126_4e_Nj_pT4l_genbin7_recobin1 acc 0.0246 eff 0.0 outinratio 0.065 

ZH126_4e_Nj_pT4l_genbin7_recobin1 acc 0.0264 eff 0.0 outinratio 0.0 

ttH126_4e_Nj_pT4l_genbin7_recobin1 acc 0.0 eff -1.0 outinratio 0.0 

ggH126_4e_Nj_pT4l_genbin8_recobin1 acc 0.0284 eff 0.0 outinratio 0.0139 

VBFH126_4e_Nj_pT4l_genbin8_recobin1 acc 0.0683 eff 0.0 outinratio 0.0533 

WminusH126_4e_Nj_pT4l_genbin8_recobin1 acc 0.0356 eff 0.0 outinratio 0.0085 

WplusH126_4e_Nj_pT4l_genbin8_recobin1 acc 0.033 eff 0.0 outinratio 0.065 

ZH126_4e_Nj_pT4l_genbin8_recobin1 acc 0.0339 eff 0.0 outinratio 0.0 

ttH126_4e_Nj_pT4l_genbin8_recobin1 acc 0.002 eff -1.0 outinratio 0.0 

ggH126_4e_Nj_pT4l_genbin9_recobin1 acc 0.0184 eff 0.0 outinratio 0.0139 

VBFH126_4e_Nj_pT4l_genbin9_recobin1 acc 0.0725 eff 0.0 outinratio 0.0533 

WminusH126_4e_Nj_pT4l_genbin9_recobin1 acc 0.0328 eff 0.0 outinratio 0.0085 

WplusH126_4e_Nj_pT4l_genbin9_recobin1 acc 0.033 eff 0.0 outinratio 0.065 

ZH126_4e_Nj_pT4l_genbin9_recobin1 acc 0.0326 eff 0.0 outinratio 0.0 

ttH126_4e_Nj_pT4l_genbin9_recobin1 acc 0.0041 eff -1.0 outinratio 0.0 

ggH126_4e_Nj_pT4l_genbin10_recobin1 acc 0.0295 eff 0.0 outinratio 0.0139 

VBFH126_4e_Nj_pT4l_genbin10_recobin1 acc 0.1361 eff 0.0 outinratio 0.0533 

WminusH126_4e_Nj_pT4l_genbin10_recobin1 acc 0.1197 eff 0.0 outinratio 0.0085 

WplusH126_4e_Nj_pT4l_genbin10_recobin1 acc 0.1058 eff 0.0001 outinratio 0.065 

ZH126_4e_Nj_pT4l_genbin10_recobin1 acc 0.1309 eff 0.0 outinratio 0.0 

ttH126_4e_Nj_pT4l_genbin10_recobin1 acc 0.3232 eff 0.0 outinratio 0.0 

ggH126_4e_Nj_pT4l_genbin11_recobin1 acc 0.012 eff 0.0 outinratio 0.0139 

VBFH126_4e_Nj_pT4l_genbin11_recobin1 acc 0.0538 eff 0.0 outinratio 0.0533 

WminusH126_4e_Nj_pT4l_genbin11_recobin1 acc 0.0416 eff 0.0 outinratio 0.0085 

WplusH126_4e_Nj_pT4l_genbin11_recobin1 acc 0.0452 eff 0.0 outinratio 0.065 

ZH126_4e_Nj_pT4l_genbin11_recobin1 acc 0.0464 eff 0.0 outinratio 0.0 

ttH126_4e_Nj_pT4l_genbin11_recobin1 acc 0.1443 eff 0.0 outinratio 0.0 

ggH126_4e_Nj_pT4l_genbin0_recobin2 acc 0.0734 eff 0.0006 outinratio 0.0026 

VBFH126_4e_Nj_pT4l_genbin0_recobin2 acc 0.0046 eff 0.0 outinratio 0.0 

WminusH126_4e_Nj_pT4l_genbin0_recobin2 acc 0.0045 eff 0.0 outinratio 0.0245 

WplusH126_4e_Nj_pT4l_genbin0_recobin2 acc 0.0034 eff 0.0 outinratio 0.0118 

ZH126_4e_Nj_pT4l_genbin0_recobin2 acc 0.0031 eff 0.0 outinratio -0.0574 

ttH126_4e_Nj_pT4l_genbin0_recobin2 acc 0.0 eff -1.0 outinratio 0.0 

ggH126_4e_Nj_pT4l_genbin1_recobin2 acc 0.0526 eff 0.0347 outinratio 0.0026 

VBFH126_4e_Nj_pT4l_genbin1_recobin2 acc 0.0054 eff 0.0782 outinratio 0.0 

WminusH126_4e_Nj_pT4l_genbin1_recobin2 acc 0.0049 eff 0.0169 outinratio 0.0245 

WplusH126_4e_Nj_pT4l_genbin1_recobin2 acc 0.0033 eff 0.0259 outinratio 0.0118 

ZH126_4e_Nj_pT4l_genbin1_recobin2 acc 0.0038 eff 0.0345 outinratio -0.0574 

ttH126_4e_Nj_pT4l_genbin1_recobin2 acc 0.0 eff -1.0 outinratio 0.0 

ggH126_4e_Nj_pT4l_genbin2_recobin2 acc 0.046 eff 0.2276 outinratio 0.0026 

VBFH126_4e_Nj_pT4l_genbin2_recobin2 acc 0.0056 eff 0.2048 outinratio 0.0 

WminusH126_4e_Nj_pT4l_genbin2_recobin2 acc 0.0055 eff 0.1543 outinratio 0.0245 

WplusH126_4e_Nj_pT4l_genbin2_recobin2 acc 0.0051 eff 0.1406 outinratio 0.0118 

ZH126_4e_Nj_pT4l_genbin2_recobin2 acc 0.0048 eff 0.2172 outinratio -0.0574 

ttH126_4e_Nj_pT4l_genbin2_recobin2 acc 0.0 eff -1.0 outinratio 0.0 

ggH126_4e_Nj_pT4l_genbin3_recobin2 acc 0.0451 eff 0.0278 outinratio 0.0026 

VBFH126_4e_Nj_pT4l_genbin3_recobin2 acc 0.0111 eff 0.0119 outinratio 0.0 

WminusH126_4e_Nj_pT4l_genbin3_recobin2 acc 0.009 eff 0.0197 outinratio 0.0245 

WplusH126_4e_Nj_pT4l_genbin3_recobin2 acc 0.0069 eff 0.0165 outinratio 0.0118 

ZH126_4e_Nj_pT4l_genbin3_recobin2 acc 0.0067 eff 0.0054 outinratio -0.0574 

ttH126_4e_Nj_pT4l_genbin3_recobin2 acc 0.0 eff -1.0 outinratio 0.0 

ggH126_4e_Nj_pT4l_genbin4_recobin2 acc 0.041 eff 0.0005 outinratio 0.0026 

VBFH126_4e_Nj_pT4l_genbin4_recobin2 acc 0.0154 eff 0.0 outinratio 0.0 

WminusH126_4e_Nj_pT4l_genbin4_recobin2 acc 0.016 eff 0.0 outinratio 0.0245 

WplusH126_4e_Nj_pT4l_genbin4_recobin2 acc 0.0131 eff 0.0 outinratio 0.0118 

ZH126_4e_Nj_pT4l_genbin4_recobin2 acc 0.0121 eff 0.0 outinratio -0.0574 

ttH126_4e_Nj_pT4l_genbin4_recobin2 acc 0.0 eff -1.0 outinratio 0.0 

ggH126_4e_Nj_pT4l_genbin5_recobin2 acc 0.0244 eff 0.0 outinratio 0.0026 

VBFH126_4e_Nj_pT4l_genbin5_recobin2 acc 0.0267 eff 0.0 outinratio 0.0 

WminusH126_4e_Nj_pT4l_genbin5_recobin2 acc 0.0603 eff 0.0 outinratio 0.0245 

WplusH126_4e_Nj_pT4l_genbin5_recobin2 acc 0.0539 eff 0.0 outinratio 0.0118 

ZH126_4e_Nj_pT4l_genbin5_recobin2 acc 0.0494 eff 0.0 outinratio -0.0574 

ttH126_4e_Nj_pT4l_genbin5_recobin2 acc 0.0041 eff -1.0 outinratio 0.0 

ggH126_4e_Nj_pT4l_genbin6_recobin2 acc 0.0299 eff 0.0032 outinratio 0.0026 

VBFH126_4e_Nj_pT4l_genbin6_recobin2 acc 0.0324 eff 0.0033 outinratio 0.0 

WminusH126_4e_Nj_pT4l_genbin6_recobin2 acc 0.0335 eff 0.0081 outinratio 0.0245 

WplusH126_4e_Nj_pT4l_genbin6_recobin2 acc 0.0275 eff 0.0061 outinratio 0.0118 

ZH126_4e_Nj_pT4l_genbin6_recobin2 acc 0.0283 eff 0.0057 outinratio -0.0574 

ttH126_4e_Nj_pT4l_genbin6_recobin2 acc 0.0061 eff -1.0 outinratio 0.0 

ggH126_4e_Nj_pT4l_genbin7_recobin2 acc 0.0277 eff 0.0 outinratio 0.0026 

VBFH126_4e_Nj_pT4l_genbin7_recobin2 acc 0.0377 eff 0.0 outinratio 0.0 

WminusH126_4e_Nj_pT4l_genbin7_recobin2 acc 0.0279 eff 0.0 outinratio 0.0245 

WplusH126_4e_Nj_pT4l_genbin7_recobin2 acc 0.0246 eff 0.0 outinratio 0.0118 

ZH126_4e_Nj_pT4l_genbin7_recobin2 acc 0.0264 eff 0.0 outinratio -0.0574 

ttH126_4e_Nj_pT4l_genbin7_recobin2 acc 0.0 eff -1.0 outinratio 0.0 

ggH126_4e_Nj_pT4l_genbin8_recobin2 acc 0.0284 eff 0.0 outinratio 0.0026 

VBFH126_4e_Nj_pT4l_genbin8_recobin2 acc 0.0683 eff 0.0 outinratio 0.0 

WminusH126_4e_Nj_pT4l_genbin8_recobin2 acc 0.0356 eff 0.0 outinratio 0.0245 

WplusH126_4e_Nj_pT4l_genbin8_recobin2 acc 0.033 eff 0.0 outinratio 0.0118 

ZH126_4e_Nj_pT4l_genbin8_recobin2 acc 0.0339 eff 0.0 outinratio -0.0574 

ttH126_4e_Nj_pT4l_genbin8_recobin2 acc 0.002 eff -1.0 outinratio 0.0 

ggH126_4e_Nj_pT4l_genbin9_recobin2 acc 0.0184 eff 0.0 outinratio 0.0026 

VBFH126_4e_Nj_pT4l_genbin9_recobin2 acc 0.0725 eff 0.0 outinratio 0.0 

WminusH126_4e_Nj_pT4l_genbin9_recobin2 acc 0.0328 eff 0.0 outinratio 0.0245 

WplusH126_4e_Nj_pT4l_genbin9_recobin2 acc 0.033 eff 0.0 outinratio 0.0118 

ZH126_4e_Nj_pT4l_genbin9_recobin2 acc 0.0326 eff 0.0 outinratio -0.0574 

ttH126_4e_Nj_pT4l_genbin9_recobin2 acc 0.0041 eff -1.0 outinratio 0.0 

ggH126_4e_Nj_pT4l_genbin10_recobin2 acc 0.0295 eff 0.0009 outinratio 0.0026 

VBFH126_4e_Nj_pT4l_genbin10_recobin2 acc 0.1361 eff 0.0 outinratio 0.0 

WminusH126_4e_Nj_pT4l_genbin10_recobin2 acc 0.1197 eff 0.0 outinratio 0.0245 

WplusH126_4e_Nj_pT4l_genbin10_recobin2 acc 0.1058 eff 0.0001 outinratio 0.0118 

ZH126_4e_Nj_pT4l_genbin10_recobin2 acc 0.1309 eff 0.0 outinratio -0.0574 

ttH126_4e_Nj_pT4l_genbin10_recobin2 acc 0.3232 eff 0.0 outinratio 0.0 

ggH126_4e_Nj_pT4l_genbin11_recobin2 acc 0.012 eff 0.0 outinratio 0.0026 

VBFH126_4e_Nj_pT4l_genbin11_recobin2 acc 0.0538 eff 0.0 outinratio 0.0 

WminusH126_4e_Nj_pT4l_genbin11_recobin2 acc 0.0416 eff 0.0 outinratio 0.0245 

WplusH126_4e_Nj_pT4l_genbin11_recobin2 acc 0.0452 eff 0.0 outinratio 0.0118 

ZH126_4e_Nj_pT4l_genbin11_recobin2 acc 0.0464 eff 0.0 outinratio -0.0574 

ttH126_4e_Nj_pT4l_genbin11_recobin2 acc 0.1443 eff 0.0 outinratio 0.0 

ggH126_4e_Nj_pT4l_genbin0_recobin3 acc 0.0734 eff 0.0 outinratio 0.0043 

VBFH126_4e_Nj_pT4l_genbin0_recobin3 acc 0.0046 eff 0.0 outinratio 0.0256 

WminusH126_4e_Nj_pT4l_genbin0_recobin3 acc 0.0045 eff 0.0 outinratio 0.0195 

WplusH126_4e_Nj_pT4l_genbin0_recobin3 acc 0.0034 eff 0.0 outinratio 0.0539 

ZH126_4e_Nj_pT4l_genbin0_recobin3 acc 0.0031 eff 0.0 outinratio 0.0177 

ttH126_4e_Nj_pT4l_genbin0_recobin3 acc 0.0 eff -1.0 outinratio 0.0 

ggH126_4e_Nj_pT4l_genbin1_recobin3 acc 0.0526 eff 0.0025 outinratio 0.0043 

VBFH126_4e_Nj_pT4l_genbin1_recobin3 acc 0.0054 eff 0.0 outinratio 0.0256 

WminusH126_4e_Nj_pT4l_genbin1_recobin3 acc 0.0049 eff 0.0054 outinratio 0.0195 

WplusH126_4e_Nj_pT4l_genbin1_recobin3 acc 0.0033 eff 0.0033 outinratio 0.0539 

ZH126_4e_Nj_pT4l_genbin1_recobin3 acc 0.0038 eff 0.0 outinratio 0.0177 

ttH126_4e_Nj_pT4l_genbin1_recobin3 acc 0.0 eff -1.0 outinratio 0.0 

ggH126_4e_Nj_pT4l_genbin2_recobin3 acc 0.046 eff 0.0276 outinratio 0.0043 

VBFH126_4e_Nj_pT4l_genbin2_recobin3 acc 0.0056 eff 0.0108 outinratio 0.0256 

WminusH126_4e_Nj_pT4l_genbin2_recobin3 acc 0.0055 eff 0.046 outinratio 0.0195 

WplusH126_4e_Nj_pT4l_genbin2_recobin3 acc 0.0051 eff 0.0083 outinratio 0.0539 

ZH126_4e_Nj_pT4l_genbin2_recobin3 acc 0.0048 eff 0.0471 outinratio 0.0177 

ttH126_4e_Nj_pT4l_genbin2_recobin3 acc 0.0 eff -1.0 outinratio 0.0 

ggH126_4e_Nj_pT4l_genbin3_recobin3 acc 0.0451 eff 0.219 outinratio 0.0043 

VBFH126_4e_Nj_pT4l_genbin3_recobin3 acc 0.0111 eff 0.2026 outinratio 0.0256 

WminusH126_4e_Nj_pT4l_genbin3_recobin3 acc 0.009 eff 0.1572 outinratio 0.0195 

WplusH126_4e_Nj_pT4l_genbin3_recobin3 acc 0.0069 eff 0.1608 outinratio 0.0539 

ZH126_4e_Nj_pT4l_genbin3_recobin3 acc 0.0067 eff 0.2343 outinratio 0.0177 

ttH126_4e_Nj_pT4l_genbin3_recobin3 acc 0.0 eff -1.0 outinratio 0.0 

ggH126_4e_Nj_pT4l_genbin4_recobin3 acc 0.041 eff 0.026 outinratio 0.0043 

VBFH126_4e_Nj_pT4l_genbin4_recobin3 acc 0.0154 eff 0.0295 outinratio 0.0256 

WminusH126_4e_Nj_pT4l_genbin4_recobin3 acc 0.016 eff 0.0074 outinratio 0.0195 

WplusH126_4e_Nj_pT4l_genbin4_recobin3 acc 0.0131 eff 0.0164 outinratio 0.0539 

ZH126_4e_Nj_pT4l_genbin4_recobin3 acc 0.0121 eff 0.024 outinratio 0.0177 

ttH126_4e_Nj_pT4l_genbin4_recobin3 acc 0.0 eff -1.0 outinratio 0.0 

ggH126_4e_Nj_pT4l_genbin5_recobin3 acc 0.0244 eff 0.0 outinratio 0.0043 

VBFH126_4e_Nj_pT4l_genbin5_recobin3 acc 0.0267 eff 0.0 outinratio 0.0256 

WminusH126_4e_Nj_pT4l_genbin5_recobin3 acc 0.0603 eff 0.0 outinratio 0.0195 

WplusH126_4e_Nj_pT4l_genbin5_recobin3 acc 0.0539 eff 0.0 outinratio 0.0539 

ZH126_4e_Nj_pT4l_genbin5_recobin3 acc 0.0494 eff 0.0 outinratio 0.0177 

ttH126_4e_Nj_pT4l_genbin5_recobin3 acc 0.0041 eff -1.0 outinratio 0.0 

ggH126_4e_Nj_pT4l_genbin6_recobin3 acc 0.0299 eff 0.0091 outinratio 0.0043 

VBFH126_4e_Nj_pT4l_genbin6_recobin3 acc 0.0324 eff 0.0129 outinratio 0.0256 

WminusH126_4e_Nj_pT4l_genbin6_recobin3 acc 0.0335 eff 0.0073 outinratio 0.0195 

WplusH126_4e_Nj_pT4l_genbin6_recobin3 acc 0.0275 eff 0.0058 outinratio 0.0539 

ZH126_4e_Nj_pT4l_genbin6_recobin3 acc 0.0283 eff 0.0042 outinratio 0.0177 

ttH126_4e_Nj_pT4l_genbin6_recobin3 acc 0.0061 eff -1.0 outinratio 0.0 

ggH126_4e_Nj_pT4l_genbin7_recobin3 acc 0.0277 eff 0.0 outinratio 0.0043 

VBFH126_4e_Nj_pT4l_genbin7_recobin3 acc 0.0377 eff 0.0 outinratio 0.0256 

WminusH126_4e_Nj_pT4l_genbin7_recobin3 acc 0.0279 eff 0.0 outinratio 0.0195 

WplusH126_4e_Nj_pT4l_genbin7_recobin3 acc 0.0246 eff 0.0 outinratio 0.0539 

ZH126_4e_Nj_pT4l_genbin7_recobin3 acc 0.0264 eff 0.0 outinratio 0.0177 

ttH126_4e_Nj_pT4l_genbin7_recobin3 acc 0.0 eff -1.0 outinratio 0.0 

ggH126_4e_Nj_pT4l_genbin8_recobin3 acc 0.0284 eff 0.0 outinratio 0.0043 

VBFH126_4e_Nj_pT4l_genbin8_recobin3 acc 0.0683 eff 0.0 outinratio 0.0256 

WminusH126_4e_Nj_pT4l_genbin8_recobin3 acc 0.0356 eff 0.0 outinratio 0.0195 

WplusH126_4e_Nj_pT4l_genbin8_recobin3 acc 0.033 eff 0.0 outinratio 0.0539 

ZH126_4e_Nj_pT4l_genbin8_recobin3 acc 0.0339 eff 0.0 outinratio 0.0177 

ttH126_4e_Nj_pT4l_genbin8_recobin3 acc 0.002 eff -1.0 outinratio 0.0 

ggH126_4e_Nj_pT4l_genbin9_recobin3 acc 0.0184 eff 0.0 outinratio 0.0043 

VBFH126_4e_Nj_pT4l_genbin9_recobin3 acc 0.0725 eff 0.0 outinratio 0.0256 

WminusH126_4e_Nj_pT4l_genbin9_recobin3 acc 0.0328 eff 0.0 outinratio 0.0195 

WplusH126_4e_Nj_pT4l_genbin9_recobin3 acc 0.033 eff 0.0 outinratio 0.0539 

ZH126_4e_Nj_pT4l_genbin9_recobin3 acc 0.0326 eff 0.0 outinratio 0.0177 

ttH126_4e_Nj_pT4l_genbin9_recobin3 acc 0.0041 eff -1.0 outinratio 0.0 

ggH126_4e_Nj_pT4l_genbin10_recobin3 acc 0.0295 eff 0.0 outinratio 0.0043 

VBFH126_4e_Nj_pT4l_genbin10_recobin3 acc 0.1361 eff 0.0009 outinratio 0.0256 

WminusH126_4e_Nj_pT4l_genbin10_recobin3 acc 0.1197 eff 0.0001 outinratio 0.0195 

WplusH126_4e_Nj_pT4l_genbin10_recobin3 acc 0.1058 eff 0.0001 outinratio 0.0539 

ZH126_4e_Nj_pT4l_genbin10_recobin3 acc 0.1309 eff 0.0003 outinratio 0.0177 

ttH126_4e_Nj_pT4l_genbin10_recobin3 acc 0.3232 eff 0.0 outinratio 0.0 

ggH126_4e_Nj_pT4l_genbin11_recobin3 acc 0.012 eff 0.0 outinratio 0.0043 

VBFH126_4e_Nj_pT4l_genbin11_recobin3 acc 0.0538 eff 0.0 outinratio 0.0256 

WminusH126_4e_Nj_pT4l_genbin11_recobin3 acc 0.0416 eff 0.0 outinratio 0.0195 

WplusH126_4e_Nj_pT4l_genbin11_recobin3 acc 0.0452 eff 0.0 outinratio 0.0539 

ZH126_4e_Nj_pT4l_genbin11_recobin3 acc 0.0464 eff 0.0 outinratio 0.0177 

ttH126_4e_Nj_pT4l_genbin11_recobin3 acc 0.1443 eff 0.0 outinratio 0.0 

ggH126_4e_Nj_pT4l_genbin0_recobin4 acc 0.0734 eff 0.0 outinratio 0.018 

VBFH126_4e_Nj_pT4l_genbin0_recobin4 acc 0.0046 eff 0.0 outinratio 0.0 

WminusH126_4e_Nj_pT4l_genbin0_recobin4 acc 0.0045 eff 0.0 outinratio 0.0818 

WplusH126_4e_Nj_pT4l_genbin0_recobin4 acc 0.0034 eff 0.0 outinratio 0.0501 

ZH126_4e_Nj_pT4l_genbin0_recobin4 acc 0.0031 eff 0.0 outinratio 0.0375 

ttH126_4e_Nj_pT4l_genbin0_recobin4 acc 0.0 eff -1.0 outinratio 0.0 

ggH126_4e_Nj_pT4l_genbin1_recobin4 acc 0.0526 eff 0.0 outinratio 0.018 

VBFH126_4e_Nj_pT4l_genbin1_recobin4 acc 0.0054 eff 0.0 outinratio 0.0 

WminusH126_4e_Nj_pT4l_genbin1_recobin4 acc 0.0049 eff 0.0 outinratio 0.0818 

WplusH126_4e_Nj_pT4l_genbin1_recobin4 acc 0.0033 eff 0.0 outinratio 0.0501 

ZH126_4e_Nj_pT4l_genbin1_recobin4 acc 0.0038 eff 0.0 outinratio 0.0375 

ttH126_4e_Nj_pT4l_genbin1_recobin4 acc 0.0 eff -1.0 outinratio 0.0 

ggH126_4e_Nj_pT4l_genbin2_recobin4 acc 0.046 eff 0.0016 outinratio 0.018 

VBFH126_4e_Nj_pT4l_genbin2_recobin4 acc 0.0056 eff 0.0 outinratio 0.0 

WminusH126_4e_Nj_pT4l_genbin2_recobin4 acc 0.0055 eff 0.003 outinratio 0.0818 

WplusH126_4e_Nj_pT4l_genbin2_recobin4 acc 0.0051 eff 0.0056 outinratio 0.0501 

ZH126_4e_Nj_pT4l_genbin2_recobin4 acc 0.0048 eff 0.0 outinratio 0.0375 

ttH126_4e_Nj_pT4l_genbin2_recobin4 acc 0.0 eff -1.0 outinratio 0.0 

ggH126_4e_Nj_pT4l_genbin3_recobin4 acc 0.0451 eff 0.0217 outinratio 0.018 

VBFH126_4e_Nj_pT4l_genbin3_recobin4 acc 0.0111 eff 0.0049 outinratio 0.0 

WminusH126_4e_Nj_pT4l_genbin3_recobin4 acc 0.009 eff 0.0119 outinratio 0.0818 

WplusH126_4e_Nj_pT4l_genbin3_recobin4 acc 0.0069 eff 0.031 outinratio 0.0501 

ZH126_4e_Nj_pT4l_genbin3_recobin4 acc 0.0067 eff 0.0076 outinratio 0.0375 

ttH126_4e_Nj_pT4l_genbin3_recobin4 acc 0.0 eff -1.0 outinratio 0.0 

ggH126_4e_Nj_pT4l_genbin4_recobin4 acc 0.041 eff 0.2219 outinratio 0.018 

VBFH126_4e_Nj_pT4l_genbin4_recobin4 acc 0.0154 eff 0.2098 outinratio 0.0 

WminusH126_4e_Nj_pT4l_genbin4_recobin4 acc 0.016 eff 0.1641 outinratio 0.0818 

WplusH126_4e_Nj_pT4l_genbin4_recobin4 acc 0.0131 eff 0.1795 outinratio 0.0501 

ZH126_4e_Nj_pT4l_genbin4_recobin4 acc 0.0121 eff 0.1993 outinratio 0.0375 

ttH126_4e_Nj_pT4l_genbin4_recobin4 acc 0.0 eff -1.0 outinratio 0.0 

ggH126_4e_Nj_pT4l_genbin5_recobin4 acc 0.0244 eff 0.0269 outinratio 0.018 

VBFH126_4e_Nj_pT4l_genbin5_recobin4 acc 0.0267 eff 0.0301 outinratio 0.0 

WminusH126_4e_Nj_pT4l_genbin5_recobin4 acc 0.0603 eff 0.0045 outinratio 0.0818 

WplusH126_4e_Nj_pT4l_genbin5_recobin4 acc 0.0539 eff 0.0027 outinratio 0.0501 

ZH126_4e_Nj_pT4l_genbin5_recobin4 acc 0.0494 eff 0.0051 outinratio 0.0375 

ttH126_4e_Nj_pT4l_genbin5_recobin4 acc 0.0041 eff -1.0 outinratio 0.0 

ggH126_4e_Nj_pT4l_genbin6_recobin4 acc 0.0299 eff 0.0415 outinratio 0.018 

VBFH126_4e_Nj_pT4l_genbin6_recobin4 acc 0.0324 eff 0.0119 outinratio 0.0 

WminusH126_4e_Nj_pT4l_genbin6_recobin4 acc 0.0335 eff 0.0146 outinratio 0.0818 

WplusH126_4e_Nj_pT4l_genbin6_recobin4 acc 0.0275 eff 0.01 outinratio 0.0501 

ZH126_4e_Nj_pT4l_genbin6_recobin4 acc 0.0283 eff 0.0149 outinratio 0.0375 

ttH126_4e_Nj_pT4l_genbin6_recobin4 acc 0.0061 eff -1.0 outinratio 0.0 

ggH126_4e_Nj_pT4l_genbin7_recobin4 acc 0.0277 eff 0.0054 outinratio 0.018 

VBFH126_4e_Nj_pT4l_genbin7_recobin4 acc 0.0377 eff 0.0 outinratio 0.0 

WminusH126_4e_Nj_pT4l_genbin7_recobin4 acc 0.0279 eff 0.0021 outinratio 0.0818 

WplusH126_4e_Nj_pT4l_genbin7_recobin4 acc 0.0246 eff 0.0022 outinratio 0.0501 

ZH126_4e_Nj_pT4l_genbin7_recobin4 acc 0.0264 eff 0.0045 outinratio 0.0375 

ttH126_4e_Nj_pT4l_genbin7_recobin4 acc 0.0 eff -1.0 outinratio 0.0 

ggH126_4e_Nj_pT4l_genbin8_recobin4 acc 0.0284 eff 0.0 outinratio 0.018 

VBFH126_4e_Nj_pT4l_genbin8_recobin4 acc 0.0683 eff 0.0 outinratio 0.0 

WminusH126_4e_Nj_pT4l_genbin8_recobin4 acc 0.0356 eff 0.0 outinratio 0.0818 

WplusH126_4e_Nj_pT4l_genbin8_recobin4 acc 0.033 eff 0.0 outinratio 0.0501 

ZH126_4e_Nj_pT4l_genbin8_recobin4 acc 0.0339 eff 0.0 outinratio 0.0375 

ttH126_4e_Nj_pT4l_genbin8_recobin4 acc 0.002 eff -1.0 outinratio 0.0 

ggH126_4e_Nj_pT4l_genbin9_recobin4 acc 0.0184 eff 0.0 outinratio 0.018 

VBFH126_4e_Nj_pT4l_genbin9_recobin4 acc 0.0725 eff 0.0 outinratio 0.0 

WminusH126_4e_Nj_pT4l_genbin9_recobin4 acc 0.0328 eff 0.0 outinratio 0.0818 

WplusH126_4e_Nj_pT4l_genbin9_recobin4 acc 0.033 eff 0.0 outinratio 0.0501 

ZH126_4e_Nj_pT4l_genbin9_recobin4 acc 0.0326 eff 0.0 outinratio 0.0375 

ttH126_4e_Nj_pT4l_genbin9_recobin4 acc 0.0041 eff -1.0 outinratio 0.0 

ggH126_4e_Nj_pT4l_genbin10_recobin4 acc 0.0295 eff 0.0 outinratio 0.018 

VBFH126_4e_Nj_pT4l_genbin10_recobin4 acc 0.1361 eff 0.0 outinratio 0.0 

WminusH126_4e_Nj_pT4l_genbin10_recobin4 acc 0.1197 eff 0.0002 outinratio 0.0818 

WplusH126_4e_Nj_pT4l_genbin10_recobin4 acc 0.1058 eff 0.0001 outinratio 0.0501 

ZH126_4e_Nj_pT4l_genbin10_recobin4 acc 0.1309 eff 0.0009 outinratio 0.0375 

ttH126_4e_Nj_pT4l_genbin10_recobin4 acc 0.3232 eff 0.0 outinratio 0.0 

ggH126_4e_Nj_pT4l_genbin11_recobin4 acc 0.012 eff 0.0 outinratio 0.018 

VBFH126_4e_Nj_pT4l_genbin11_recobin4 acc 0.0538 eff 0.0 outinratio 0.0 

WminusH126_4e_Nj_pT4l_genbin11_recobin4 acc 0.0416 eff 0.0 outinratio 0.0818 

WplusH126_4e_Nj_pT4l_genbin11_recobin4 acc 0.0452 eff 0.0 outinratio 0.0501 

ZH126_4e_Nj_pT4l_genbin11_recobin4 acc 0.0464 eff 0.0 outinratio 0.0375 

ttH126_4e_Nj_pT4l_genbin11_recobin4 acc 0.1443 eff 0.0 outinratio 0.0 

ggH126_4e_Nj_pT4l_genbin0_recobin5 acc 0.0734 eff 0.0 outinratio 0.0257 

VBFH126_4e_Nj_pT4l_genbin0_recobin5 acc 0.0046 eff 0.0 outinratio 0.0163 

WminusH126_4e_Nj_pT4l_genbin0_recobin5 acc 0.0045 eff 0.0 outinratio 0.077 

WplusH126_4e_Nj_pT4l_genbin0_recobin5 acc 0.0034 eff 0.0 outinratio 0.0505 

ZH126_4e_Nj_pT4l_genbin0_recobin5 acc 0.0031 eff 0.0 outinratio 0.0966 

ttH126_4e_Nj_pT4l_genbin0_recobin5 acc 0.0 eff -1.0 outinratio 0.0 

ggH126_4e_Nj_pT4l_genbin1_recobin5 acc 0.0526 eff 0.0 outinratio 0.0257 

VBFH126_4e_Nj_pT4l_genbin1_recobin5 acc 0.0054 eff 0.0 outinratio 0.0163 

WminusH126_4e_Nj_pT4l_genbin1_recobin5 acc 0.0049 eff 0.0 outinratio 0.077 

WplusH126_4e_Nj_pT4l_genbin1_recobin5 acc 0.0033 eff 0.0 outinratio 0.0505 

ZH126_4e_Nj_pT4l_genbin1_recobin5 acc 0.0038 eff 0.0 outinratio 0.0966 

ttH126_4e_Nj_pT4l_genbin1_recobin5 acc 0.0 eff -1.0 outinratio 0.0 

ggH126_4e_Nj_pT4l_genbin2_recobin5 acc 0.046 eff 0.0 outinratio 0.0257 

VBFH126_4e_Nj_pT4l_genbin2_recobin5 acc 0.0056 eff 0.0 outinratio 0.0163 

WminusH126_4e_Nj_pT4l_genbin2_recobin5 acc 0.0055 eff 0.0 outinratio 0.077 

WplusH126_4e_Nj_pT4l_genbin2_recobin5 acc 0.0051 eff 0.0 outinratio 0.0505 

ZH126_4e_Nj_pT4l_genbin2_recobin5 acc 0.0048 eff 0.0 outinratio 0.0966 

ttH126_4e_Nj_pT4l_genbin2_recobin5 acc 0.0 eff -1.0 outinratio 0.0 

ggH126_4e_Nj_pT4l_genbin3_recobin5 acc 0.0451 eff 0.0 outinratio 0.0257 

VBFH126_4e_Nj_pT4l_genbin3_recobin5 acc 0.0111 eff 0.0 outinratio 0.0163 

WminusH126_4e_Nj_pT4l_genbin3_recobin5 acc 0.009 eff 0.0 outinratio 0.077 

WplusH126_4e_Nj_pT4l_genbin3_recobin5 acc 0.0069 eff 0.0 outinratio 0.0505 

ZH126_4e_Nj_pT4l_genbin3_recobin5 acc 0.0067 eff 0.0 outinratio 0.0966 

ttH126_4e_Nj_pT4l_genbin3_recobin5 acc 0.0 eff -1.0 outinratio 0.0 

ggH126_4e_Nj_pT4l_genbin4_recobin5 acc 0.041 eff 0.0078 outinratio 0.0257 

VBFH126_4e_Nj_pT4l_genbin4_recobin5 acc 0.0154 eff 0.0182 outinratio 0.0163 

WminusH126_4e_Nj_pT4l_genbin4_recobin5 acc 0.016 eff 0.0053 outinratio 0.077 

WplusH126_4e_Nj_pT4l_genbin4_recobin5 acc 0.0131 eff 0.0071 outinratio 0.0505 

ZH126_4e_Nj_pT4l_genbin4_recobin5 acc 0.0121 eff 0.0 outinratio 0.0966 

ttH126_4e_Nj_pT4l_genbin4_recobin5 acc 0.0 eff -1.0 outinratio 0.0 

ggH126_4e_Nj_pT4l_genbin5_recobin5 acc 0.0244 eff 0.223 outinratio 0.0257 

VBFH126_4e_Nj_pT4l_genbin5_recobin5 acc 0.0267 eff 0.1994 outinratio 0.0163 

WminusH126_4e_Nj_pT4l_genbin5_recobin5 acc 0.0603 eff 0.2177 outinratio 0.077 

WplusH126_4e_Nj_pT4l_genbin5_recobin5 acc 0.0539 eff 0.2478 outinratio 0.0505 

ZH126_4e_Nj_pT4l_genbin5_recobin5 acc 0.0494 eff 0.315 outinratio 0.0966 

ttH126_4e_Nj_pT4l_genbin5_recobin5 acc 0.0041 eff -1.0 outinratio 0.0 

ggH126_4e_Nj_pT4l_genbin6_recobin5 acc 0.0299 eff 0.0 outinratio 0.0257 

VBFH126_4e_Nj_pT4l_genbin6_recobin5 acc 0.0324 eff 0.0 outinratio 0.0163 

WminusH126_4e_Nj_pT4l_genbin6_recobin5 acc 0.0335 eff 0.0 outinratio 0.077 

WplusH126_4e_Nj_pT4l_genbin6_recobin5 acc 0.0275 eff 0.0008 outinratio 0.0505 

ZH126_4e_Nj_pT4l_genbin6_recobin5 acc 0.0283 eff 0.0 outinratio 0.0966 

ttH126_4e_Nj_pT4l_genbin6_recobin5 acc 0.0061 eff -1.0 outinratio 0.0 

ggH126_4e_Nj_pT4l_genbin7_recobin5 acc 0.0277 eff 0.0401 outinratio 0.0257 

VBFH126_4e_Nj_pT4l_genbin7_recobin5 acc 0.0377 eff 0.0412 outinratio 0.0163 

WminusH126_4e_Nj_pT4l_genbin7_recobin5 acc 0.0279 eff 0.0188 outinratio 0.077 

WplusH126_4e_Nj_pT4l_genbin7_recobin5 acc 0.0246 eff 0.0172 outinratio 0.0505 

ZH126_4e_Nj_pT4l_genbin7_recobin5 acc 0.0264 eff 0.0307 outinratio 0.0966 

ttH126_4e_Nj_pT4l_genbin7_recobin5 acc 0.0 eff -1.0 outinratio 0.0 

ggH126_4e_Nj_pT4l_genbin8_recobin5 acc 0.0284 eff 0.0203 outinratio 0.0257 

VBFH126_4e_Nj_pT4l_genbin8_recobin5 acc 0.0683 eff 0.0227 outinratio 0.0163 

WminusH126_4e_Nj_pT4l_genbin8_recobin5 acc 0.0356 eff 0.0102 outinratio 0.077 

WplusH126_4e_Nj_pT4l_genbin8_recobin5 acc 0.033 eff 0.0149 outinratio 0.0505 

ZH126_4e_Nj_pT4l_genbin8_recobin5 acc 0.0339 eff 0.0058 outinratio 0.0966 

ttH126_4e_Nj_pT4l_genbin8_recobin5 acc 0.002 eff -1.0 outinratio 0.0 

ggH126_4e_Nj_pT4l_genbin9_recobin5 acc 0.0184 eff 0.0071 outinratio 0.0257 

VBFH126_4e_Nj_pT4l_genbin9_recobin5 acc 0.0725 eff 0.0091 outinratio 0.0163 

WminusH126_4e_Nj_pT4l_genbin9_recobin5 acc 0.0328 eff 0.0099 outinratio 0.077 

WplusH126_4e_Nj_pT4l_genbin9_recobin5 acc 0.033 eff 0.0083 outinratio 0.0505 

ZH126_4e_Nj_pT4l_genbin9_recobin5 acc 0.0326 eff 0.0109 outinratio 0.0966 

ttH126_4e_Nj_pT4l_genbin9_recobin5 acc 0.0041 eff -1.0 outinratio 0.0 

ggH126_4e_Nj_pT4l_genbin10_recobin5 acc 0.0295 eff 0.0045 outinratio 0.0257 

VBFH126_4e_Nj_pT4l_genbin10_recobin5 acc 0.1361 eff 0.0063 outinratio 0.0163 

WminusH126_4e_Nj_pT4l_genbin10_recobin5 acc 0.1197 eff 0.0014 outinratio 0.077 

WplusH126_4e_Nj_pT4l_genbin10_recobin5 acc 0.1058 eff 0.0015 outinratio 0.0505 

ZH126_4e_Nj_pT4l_genbin10_recobin5 acc 0.1309 eff 0.0016 outinratio 0.0966 

ttH126_4e_Nj_pT4l_genbin10_recobin5 acc 0.3232 eff 0.0 outinratio 0.0 

ggH126_4e_Nj_pT4l_genbin11_recobin5 acc 0.012 eff 0.0 outinratio 0.0257 

VBFH126_4e_Nj_pT4l_genbin11_recobin5 acc 0.0538 eff 0.0034 outinratio 0.0163 

WminusH126_4e_Nj_pT4l_genbin11_recobin5 acc 0.0416 eff 0.0 outinratio 0.077 

WplusH126_4e_Nj_pT4l_genbin11_recobin5 acc 0.0452 eff 0.0 outinratio 0.0505 

ZH126_4e_Nj_pT4l_genbin11_recobin5 acc 0.0464 eff 0.0 outinratio 0.0966 

ttH126_4e_Nj_pT4l_genbin11_recobin5 acc 0.1443 eff 0.0 outinratio 0.0 

ggH126_4e_Nj_pT4l_genbin0_recobin6 acc 0.0734 eff 0.0124 outinratio 0.0122 

VBFH126_4e_Nj_pT4l_genbin0_recobin6 acc 0.0046 eff 0.0353 outinratio 0.0142 

WminusH126_4e_Nj_pT4l_genbin0_recobin6 acc 0.0045 eff 0.0276 outinratio 0.0264 

WplusH126_4e_Nj_pT4l_genbin0_recobin6 acc 0.0034 eff 0.0183 outinratio 0.0256 

ZH126_4e_Nj_pT4l_genbin0_recobin6 acc 0.0031 eff 0.0372 outinratio 0.048 

ttH126_4e_Nj_pT4l_genbin0_recobin6 acc 0.0 eff -1.0 outinratio 0.0 

ggH126_4e_Nj_pT4l_genbin1_recobin6 acc 0.0526 eff 0.0196 outinratio 0.0122 

VBFH126_4e_Nj_pT4l_genbin1_recobin6 acc 0.0054 eff 0.0412 outinratio 0.0142 

WminusH126_4e_Nj_pT4l_genbin1_recobin6 acc 0.0049 eff 0.0452 outinratio 0.0264 

WplusH126_4e_Nj_pT4l_genbin1_recobin6 acc 0.0033 eff 0.0501 outinratio 0.0256 

ZH126_4e_Nj_pT4l_genbin1_recobin6 acc 0.0038 eff 0.0246 outinratio 0.048 

ttH126_4e_Nj_pT4l_genbin1_recobin6 acc 0.0 eff -1.0 outinratio 0.0 

ggH126_4e_Nj_pT4l_genbin2_recobin6 acc 0.046 eff 0.0292 outinratio 0.0122 

VBFH126_4e_Nj_pT4l_genbin2_recobin6 acc 0.0056 eff 0.0709 outinratio 0.0142 

WminusH126_4e_Nj_pT4l_genbin2_recobin6 acc 0.0055 eff 0.048 outinratio 0.0264 

WplusH126_4e_Nj_pT4l_genbin2_recobin6 acc 0.0051 eff 0.0552 outinratio 0.0256 

ZH126_4e_Nj_pT4l_genbin2_recobin6 acc 0.0048 eff 0.016 outinratio 0.048 

ttH126_4e_Nj_pT4l_genbin2_recobin6 acc 0.0 eff -1.0 outinratio 0.0 

ggH126_4e_Nj_pT4l_genbin3_recobin6 acc 0.0451 eff 0.0362 outinratio 0.0122 

VBFH126_4e_Nj_pT4l_genbin3_recobin6 acc 0.0111 eff 0.0785 outinratio 0.0142 

WminusH126_4e_Nj_pT4l_genbin3_recobin6 acc 0.009 eff 0.078 outinratio 0.0264 

WplusH126_4e_Nj_pT4l_genbin3_recobin6 acc 0.0069 eff 0.0558 outinratio 0.0256 

ZH126_4e_Nj_pT4l_genbin3_recobin6 acc 0.0067 eff 0.0553 outinratio 0.048 

ttH126_4e_Nj_pT4l_genbin3_recobin6 acc 0.0 eff -1.0 outinratio 0.0 

ggH126_4e_Nj_pT4l_genbin4_recobin6 acc 0.041 eff 0.0436 outinratio 0.0122 

VBFH126_4e_Nj_pT4l_genbin4_recobin6 acc 0.0154 eff 0.0751 outinratio 0.0142 

WminusH126_4e_Nj_pT4l_genbin4_recobin6 acc 0.016 eff 0.0628 outinratio 0.0264 

WplusH126_4e_Nj_pT4l_genbin4_recobin6 acc 0.0131 eff 0.056 outinratio 0.0256 

ZH126_4e_Nj_pT4l_genbin4_recobin6 acc 0.0121 eff 0.0326 outinratio 0.048 

ttH126_4e_Nj_pT4l_genbin4_recobin6 acc 0.0 eff -1.0 outinratio 0.0 

ggH126_4e_Nj_pT4l_genbin5_recobin6 acc 0.0244 eff 0.0032 outinratio 0.0122 

VBFH126_4e_Nj_pT4l_genbin5_recobin6 acc 0.0267 eff 0.0023 outinratio 0.0142 

WminusH126_4e_Nj_pT4l_genbin5_recobin6 acc 0.0603 eff 0.0 outinratio 0.0264 

WplusH126_4e_Nj_pT4l_genbin5_recobin6 acc 0.0539 eff 0.0006 outinratio 0.0256 

ZH126_4e_Nj_pT4l_genbin5_recobin6 acc 0.0494 eff 0.0 outinratio 0.048 

ttH126_4e_Nj_pT4l_genbin5_recobin6 acc 0.0041 eff -1.0 outinratio 0.0 

ggH126_4e_Nj_pT4l_genbin6_recobin6 acc 0.0299 eff 0.2181 outinratio 0.0122 

VBFH126_4e_Nj_pT4l_genbin6_recobin6 acc 0.0324 eff 0.1938 outinratio 0.0142 

WminusH126_4e_Nj_pT4l_genbin6_recobin6 acc 0.0335 eff 0.1765 outinratio 0.0264 

WplusH126_4e_Nj_pT4l_genbin6_recobin6 acc 0.0275 eff 0.1693 outinratio 0.0256 

ZH126_4e_Nj_pT4l_genbin6_recobin6 acc 0.0283 eff 0.1353 outinratio 0.048 

ttH126_4e_Nj_pT4l_genbin6_recobin6 acc 0.0061 eff -1.0 outinratio 0.0 

ggH126_4e_Nj_pT4l_genbin7_recobin6 acc 0.0277 eff 0.0179 outinratio 0.0122 

VBFH126_4e_Nj_pT4l_genbin7_recobin6 acc 0.0377 eff 0.0063 outinratio 0.0142 

WminusH126_4e_Nj_pT4l_genbin7_recobin6 acc 0.0279 eff 0.0092 outinratio 0.0264 

WplusH126_4e_Nj_pT4l_genbin7_recobin6 acc 0.0246 eff 0.0139 outinratio 0.0256 

ZH126_4e_Nj_pT4l_genbin7_recobin6 acc 0.0264 eff 0.0077 outinratio 0.048 

ttH126_4e_Nj_pT4l_genbin7_recobin6 acc 0.0 eff -1.0 outinratio 0.0 

ggH126_4e_Nj_pT4l_genbin8_recobin6 acc 0.0284 eff 0.0 outinratio 0.0122 

VBFH126_4e_Nj_pT4l_genbin8_recobin6 acc 0.0683 eff 0.0 outinratio 0.0142 

WminusH126_4e_Nj_pT4l_genbin8_recobin6 acc 0.0356 eff 0.0 outinratio 0.0264 

WplusH126_4e_Nj_pT4l_genbin8_recobin6 acc 0.033 eff 0.0 outinratio 0.0256 

ZH126_4e_Nj_pT4l_genbin8_recobin6 acc 0.0339 eff 0.0 outinratio 0.048 

ttH126_4e_Nj_pT4l_genbin8_recobin6 acc 0.002 eff -1.0 outinratio 0.0 

ggH126_4e_Nj_pT4l_genbin9_recobin6 acc 0.0184 eff 0.0 outinratio 0.0122 

VBFH126_4e_Nj_pT4l_genbin9_recobin6 acc 0.0725 eff 0.0 outinratio 0.0142 

WminusH126_4e_Nj_pT4l_genbin9_recobin6 acc 0.0328 eff 0.0 outinratio 0.0264 

WplusH126_4e_Nj_pT4l_genbin9_recobin6 acc 0.033 eff 0.0 outinratio 0.0256 

ZH126_4e_Nj_pT4l_genbin9_recobin6 acc 0.0326 eff 0.0 outinratio 0.048 

ttH126_4e_Nj_pT4l_genbin9_recobin6 acc 0.0041 eff -1.0 outinratio 0.0 

ggH126_4e_Nj_pT4l_genbin10_recobin6 acc 0.0295 eff 0.0096 outinratio 0.0122 

VBFH126_4e_Nj_pT4l_genbin10_recobin6 acc 0.1361 eff 0.0114 outinratio 0.0142 

WminusH126_4e_Nj_pT4l_genbin10_recobin6 acc 0.1197 eff 0.0107 outinratio 0.0264 

WplusH126_4e_Nj_pT4l_genbin10_recobin6 acc 0.1058 eff 0.0096 outinratio 0.0256 

ZH126_4e_Nj_pT4l_genbin10_recobin6 acc 0.1309 eff 0.0106 outinratio 0.048 

ttH126_4e_Nj_pT4l_genbin10_recobin6 acc 0.3232 eff 0.0052 outinratio 0.0 

ggH126_4e_Nj_pT4l_genbin11_recobin6 acc 0.012 eff 0.0 outinratio 0.0122 

VBFH126_4e_Nj_pT4l_genbin11_recobin6 acc 0.0538 eff 0.0 outinratio 0.0142 

WminusH126_4e_Nj_pT4l_genbin11_recobin6 acc 0.0416 eff 0.0 outinratio 0.0264 

WplusH126_4e_Nj_pT4l_genbin11_recobin6 acc 0.0452 eff 0.0 outinratio 0.0256 

ZH126_4e_Nj_pT4l_genbin11_recobin6 acc 0.0464 eff 0.0 outinratio 0.048 

ttH126_4e_Nj_pT4l_genbin11_recobin6 acc 0.1443 eff 0.0 outinratio 0.0 

ggH126_4e_Nj_pT4l_genbin0_recobin7 acc 0.0734 eff 0.0 outinratio 0.0074 

VBFH126_4e_Nj_pT4l_genbin0_recobin7 acc 0.0046 eff 0.0 outinratio 0.0065 

WminusH126_4e_Nj_pT4l_genbin0_recobin7 acc 0.0045 eff 0.0 outinratio 0.0292 

WplusH126_4e_Nj_pT4l_genbin0_recobin7 acc 0.0034 eff 0.0 outinratio 0.0369 

ZH126_4e_Nj_pT4l_genbin0_recobin7 acc 0.0031 eff 0.0 outinratio 0.0373 

ttH126_4e_Nj_pT4l_genbin0_recobin7 acc 0.0 eff -1.0 outinratio 0.0 

ggH126_4e_Nj_pT4l_genbin1_recobin7 acc 0.0526 eff 0.0 outinratio 0.0074 

VBFH126_4e_Nj_pT4l_genbin1_recobin7 acc 0.0054 eff 0.0 outinratio 0.0065 

WminusH126_4e_Nj_pT4l_genbin1_recobin7 acc 0.0049 eff 0.0 outinratio 0.0292 

WplusH126_4e_Nj_pT4l_genbin1_recobin7 acc 0.0033 eff 0.0 outinratio 0.0369 

ZH126_4e_Nj_pT4l_genbin1_recobin7 acc 0.0038 eff 0.0 outinratio 0.0373 

ttH126_4e_Nj_pT4l_genbin1_recobin7 acc 0.0 eff -1.0 outinratio 0.0 

ggH126_4e_Nj_pT4l_genbin2_recobin7 acc 0.046 eff 0.0 outinratio 0.0074 

VBFH126_4e_Nj_pT4l_genbin2_recobin7 acc 0.0056 eff 0.0 outinratio 0.0065 

WminusH126_4e_Nj_pT4l_genbin2_recobin7 acc 0.0055 eff 0.0 outinratio 0.0292 

WplusH126_4e_Nj_pT4l_genbin2_recobin7 acc 0.0051 eff 0.0 outinratio 0.0369 

ZH126_4e_Nj_pT4l_genbin2_recobin7 acc 0.0048 eff 0.0 outinratio 0.0373 

ttH126_4e_Nj_pT4l_genbin2_recobin7 acc 0.0 eff -1.0 outinratio 0.0 

ggH126_4e_Nj_pT4l_genbin3_recobin7 acc 0.0451 eff 0.0 outinratio 0.0074 

VBFH126_4e_Nj_pT4l_genbin3_recobin7 acc 0.0111 eff 0.0 outinratio 0.0065 

WminusH126_4e_Nj_pT4l_genbin3_recobin7 acc 0.009 eff 0.0 outinratio 0.0292 

WplusH126_4e_Nj_pT4l_genbin3_recobin7 acc 0.0069 eff 0.0 outinratio 0.0369 

ZH126_4e_Nj_pT4l_genbin3_recobin7 acc 0.0067 eff 0.0 outinratio 0.0373 

ttH126_4e_Nj_pT4l_genbin3_recobin7 acc 0.0 eff -1.0 outinratio 0.0 

ggH126_4e_Nj_pT4l_genbin4_recobin7 acc 0.041 eff 0.0006 outinratio 0.0074 

VBFH126_4e_Nj_pT4l_genbin4_recobin7 acc 0.0154 eff 0.0051 outinratio 0.0065 

WminusH126_4e_Nj_pT4l_genbin4_recobin7 acc 0.016 eff 0.0023 outinratio 0.0292 

WplusH126_4e_Nj_pT4l_genbin4_recobin7 acc 0.0131 eff 0.0042 outinratio 0.0369 

ZH126_4e_Nj_pT4l_genbin4_recobin7 acc 0.0121 eff -0.0014 outinratio 0.0373 

ttH126_4e_Nj_pT4l_genbin4_recobin7 acc 0.0 eff -1.0 outinratio 0.0 

ggH126_4e_Nj_pT4l_genbin5_recobin7 acc 0.0244 eff 0.0744 outinratio 0.0074 

VBFH126_4e_Nj_pT4l_genbin5_recobin7 acc 0.0267 eff 0.0576 outinratio 0.0065 

WminusH126_4e_Nj_pT4l_genbin5_recobin7 acc 0.0603 eff 0.0248 outinratio 0.0292 

WplusH126_4e_Nj_pT4l_genbin5_recobin7 acc 0.0539 eff 0.0158 outinratio 0.0369 

ZH126_4e_Nj_pT4l_genbin5_recobin7 acc 0.0494 eff 0.0122 outinratio 0.0373 

ttH126_4e_Nj_pT4l_genbin5_recobin7 acc 0.0041 eff -1.0 outinratio 0.0 

ggH126_4e_Nj_pT4l_genbin6_recobin7 acc 0.0299 eff 0.0077 outinratio 0.0074 

VBFH126_4e_Nj_pT4l_genbin6_recobin7 acc 0.0324 eff 0.0133 outinratio 0.0065 

WminusH126_4e_Nj_pT4l_genbin6_recobin7 acc 0.0335 eff 0.0065 outinratio 0.0292 

WplusH126_4e_Nj_pT4l_genbin6_recobin7 acc 0.0275 eff 0.0024 outinratio 0.0369 

ZH126_4e_Nj_pT4l_genbin6_recobin7 acc 0.0283 eff 0.0037 outinratio 0.0373 

ttH126_4e_Nj_pT4l_genbin6_recobin7 acc 0.0061 eff -1.0 outinratio 0.0 

ggH126_4e_Nj_pT4l_genbin7_recobin7 acc 0.0277 eff 0.2291 outinratio 0.0074 

VBFH126_4e_Nj_pT4l_genbin7_recobin7 acc 0.0377 eff 0.2272 outinratio 0.0065 

WminusH126_4e_Nj_pT4l_genbin7_recobin7 acc 0.0279 eff 0.1934 outinratio 0.0292 

WplusH126_4e_Nj_pT4l_genbin7_recobin7 acc 0.0246 eff 0.1932 outinratio 0.0369 

ZH126_4e_Nj_pT4l_genbin7_recobin7 acc 0.0264 eff 0.1886 outinratio 0.0373 

ttH126_4e_Nj_pT4l_genbin7_recobin7 acc 0.0 eff -1.0 outinratio 0.0 

ggH126_4e_Nj_pT4l_genbin8_recobin7 acc 0.0284 eff 0.0176 outinratio 0.0074 

VBFH126_4e_Nj_pT4l_genbin8_recobin7 acc 0.0683 eff 0.0124 outinratio 0.0065 

WminusH126_4e_Nj_pT4l_genbin8_recobin7 acc 0.0356 eff 0.0139 outinratio 0.0292 

WplusH126_4e_Nj_pT4l_genbin8_recobin7 acc 0.033 eff 0.0122 outinratio 0.0369 

ZH126_4e_Nj_pT4l_genbin8_recobin7 acc 0.0339 eff 0.0083 outinratio 0.0373 

ttH126_4e_Nj_pT4l_genbin8_recobin7 acc 0.002 eff -1.0 outinratio 0.0 

ggH126_4e_Nj_pT4l_genbin9_recobin7 acc 0.0184 eff 0.0 outinratio 0.0074 

VBFH126_4e_Nj_pT4l_genbin9_recobin7 acc 0.0725 eff 0.0 outinratio 0.0065 

WminusH126_4e_Nj_pT4l_genbin9_recobin7 acc 0.0328 eff 0.0 outinratio 0.0292 

WplusH126_4e_Nj_pT4l_genbin9_recobin7 acc 0.033 eff 0.0 outinratio 0.0369 

ZH126_4e_Nj_pT4l_genbin9_recobin7 acc 0.0326 eff 0.0 outinratio 0.0373 

ttH126_4e_Nj_pT4l_genbin9_recobin7 acc 0.0041 eff -1.0 outinratio 0.0 

ggH126_4e_Nj_pT4l_genbin10_recobin7 acc 0.0295 eff 0.0067 outinratio 0.0074 

VBFH126_4e_Nj_pT4l_genbin10_recobin7 acc 0.1361 eff 0.0108 outinratio 0.0065 

WminusH126_4e_Nj_pT4l_genbin10_recobin7 acc 0.1197 eff 0.0069 outinratio 0.0292 

WplusH126_4e_Nj_pT4l_genbin10_recobin7 acc 0.1058 eff 0.0089 outinratio 0.0369 

ZH126_4e_Nj_pT4l_genbin10_recobin7 acc 0.1309 eff 0.0109 outinratio 0.0373 

ttH126_4e_Nj_pT4l_genbin10_recobin7 acc 0.3232 eff 0.0 outinratio 0.0 

ggH126_4e_Nj_pT4l_genbin11_recobin7 acc 0.012 eff 0.0 outinratio 0.0074 

VBFH126_4e_Nj_pT4l_genbin11_recobin7 acc 0.0538 eff 0.0 outinratio 0.0065 

WminusH126_4e_Nj_pT4l_genbin11_recobin7 acc 0.0416 eff 0.0 outinratio 0.0292 

WplusH126_4e_Nj_pT4l_genbin11_recobin7 acc 0.0452 eff 0.0 outinratio 0.0369 

ZH126_4e_Nj_pT4l_genbin11_recobin7 acc 0.0464 eff 0.0 outinratio 0.0373 

ttH126_4e_Nj_pT4l_genbin11_recobin7 acc 0.1443 eff 0.0 outinratio 0.0 

ggH126_4e_Nj_pT4l_genbin0_recobin8 acc 0.0734 eff 0.0 outinratio 0.001 

VBFH126_4e_Nj_pT4l_genbin0_recobin8 acc 0.0046 eff 0.0 outinratio 0.0013 

WminusH126_4e_Nj_pT4l_genbin0_recobin8 acc 0.0045 eff 0.0 outinratio 0.0151 

WplusH126_4e_Nj_pT4l_genbin0_recobin8 acc 0.0034 eff 0.0 outinratio 0.0172 

ZH126_4e_Nj_pT4l_genbin0_recobin8 acc 0.0031 eff 0.0 outinratio 0.0482 

ttH126_4e_Nj_pT4l_genbin0_recobin8 acc 0.0 eff -1.0 outinratio 0.0 

ggH126_4e_Nj_pT4l_genbin1_recobin8 acc 0.0526 eff 0.0 outinratio 0.001 

VBFH126_4e_Nj_pT4l_genbin1_recobin8 acc 0.0054 eff 0.0 outinratio 0.0013 

WminusH126_4e_Nj_pT4l_genbin1_recobin8 acc 0.0049 eff 0.0 outinratio 0.0151 

WplusH126_4e_Nj_pT4l_genbin1_recobin8 acc 0.0033 eff 0.0 outinratio 0.0172 

ZH126_4e_Nj_pT4l_genbin1_recobin8 acc 0.0038 eff 0.0 outinratio 0.0482 

ttH126_4e_Nj_pT4l_genbin1_recobin8 acc 0.0 eff -1.0 outinratio 0.0 

ggH126_4e_Nj_pT4l_genbin2_recobin8 acc 0.046 eff 0.0 outinratio 0.001 

VBFH126_4e_Nj_pT4l_genbin2_recobin8 acc 0.0056 eff 0.0 outinratio 0.0013 

WminusH126_4e_Nj_pT4l_genbin2_recobin8 acc 0.0055 eff 0.0 outinratio 0.0151 

WplusH126_4e_Nj_pT4l_genbin2_recobin8 acc 0.0051 eff 0.0 outinratio 0.0172 

ZH126_4e_Nj_pT4l_genbin2_recobin8 acc 0.0048 eff 0.0 outinratio 0.0482 

ttH126_4e_Nj_pT4l_genbin2_recobin8 acc 0.0 eff -1.0 outinratio 0.0 

ggH126_4e_Nj_pT4l_genbin3_recobin8 acc 0.0451 eff 0.0 outinratio 0.001 

VBFH126_4e_Nj_pT4l_genbin3_recobin8 acc 0.0111 eff 0.0 outinratio 0.0013 

WminusH126_4e_Nj_pT4l_genbin3_recobin8 acc 0.009 eff 0.0 outinratio 0.0151 

WplusH126_4e_Nj_pT4l_genbin3_recobin8 acc 0.0069 eff 0.0 outinratio 0.0172 

ZH126_4e_Nj_pT4l_genbin3_recobin8 acc 0.0067 eff 0.0 outinratio 0.0482 

ttH126_4e_Nj_pT4l_genbin3_recobin8 acc 0.0 eff -1.0 outinratio 0.0 

ggH126_4e_Nj_pT4l_genbin4_recobin8 acc 0.041 eff 0.0 outinratio 0.001 

VBFH126_4e_Nj_pT4l_genbin4_recobin8 acc 0.0154 eff 0.0 outinratio 0.0013 

WminusH126_4e_Nj_pT4l_genbin4_recobin8 acc 0.016 eff 0.0 outinratio 0.0151 

WplusH126_4e_Nj_pT4l_genbin4_recobin8 acc 0.0131 eff 0.0 outinratio 0.0172 

ZH126_4e_Nj_pT4l_genbin4_recobin8 acc 0.0121 eff 0.0 outinratio 0.0482 

ttH126_4e_Nj_pT4l_genbin4_recobin8 acc 0.0 eff -1.0 outinratio 0.0 

ggH126_4e_Nj_pT4l_genbin5_recobin8 acc 0.0244 eff 0.0252 outinratio 0.001 

VBFH126_4e_Nj_pT4l_genbin5_recobin8 acc 0.0267 eff 0.0286 outinratio 0.0013 

WminusH126_4e_Nj_pT4l_genbin5_recobin8 acc 0.0603 eff 0.0233 outinratio 0.0151 

WplusH126_4e_Nj_pT4l_genbin5_recobin8 acc 0.0539 eff 0.0249 outinratio 0.0172 

ZH126_4e_Nj_pT4l_genbin5_recobin8 acc 0.0494 eff 0.0166 outinratio 0.0482 

ttH126_4e_Nj_pT4l_genbin5_recobin8 acc 0.0041 eff -1.0 outinratio 0.0 

ggH126_4e_Nj_pT4l_genbin6_recobin8 acc 0.0299 eff 0.0 outinratio 0.001 

VBFH126_4e_Nj_pT4l_genbin6_recobin8 acc 0.0324 eff 0.0 outinratio 0.0013 

WminusH126_4e_Nj_pT4l_genbin6_recobin8 acc 0.0335 eff 0.0 outinratio 0.0151 

WplusH126_4e_Nj_pT4l_genbin6_recobin8 acc 0.0275 eff 0.0 outinratio 0.0172 

ZH126_4e_Nj_pT4l_genbin6_recobin8 acc 0.0283 eff 0.0 outinratio 0.0482 

ttH126_4e_Nj_pT4l_genbin6_recobin8 acc 0.0061 eff -1.0 outinratio 0.0 

ggH126_4e_Nj_pT4l_genbin7_recobin8 acc 0.0277 eff 0.0116 outinratio 0.001 

VBFH126_4e_Nj_pT4l_genbin7_recobin8 acc 0.0377 eff 0.0 outinratio 0.0013 

WminusH126_4e_Nj_pT4l_genbin7_recobin8 acc 0.0279 eff 0.0044 outinratio 0.0151 

WplusH126_4e_Nj_pT4l_genbin7_recobin8 acc 0.0246 eff 0.0066 outinratio 0.0172 

ZH126_4e_Nj_pT4l_genbin7_recobin8 acc 0.0264 eff 0.0017 outinratio 0.0482 

ttH126_4e_Nj_pT4l_genbin7_recobin8 acc 0.0 eff -1.0 outinratio 0.0 

ggH126_4e_Nj_pT4l_genbin8_recobin8 acc 0.0284 eff 0.2977 outinratio 0.001 

VBFH126_4e_Nj_pT4l_genbin8_recobin8 acc 0.0683 eff 0.2592 outinratio 0.0013 

WminusH126_4e_Nj_pT4l_genbin8_recobin8 acc 0.0356 eff 0.2248 outinratio 0.0151 

WplusH126_4e_Nj_pT4l_genbin8_recobin8 acc 0.033 eff 0.2053 outinratio 0.0172 

ZH126_4e_Nj_pT4l_genbin8_recobin8 acc 0.0339 eff 0.2122 outinratio 0.0482 

ttH126_4e_Nj_pT4l_genbin8_recobin8 acc 0.002 eff -1.0 outinratio 0.0 

ggH126_4e_Nj_pT4l_genbin9_recobin8 acc 0.0184 eff 0.0141 outinratio 0.001 

VBFH126_4e_Nj_pT4l_genbin9_recobin8 acc 0.0725 eff 0.0129 outinratio 0.0013 

WminusH126_4e_Nj_pT4l_genbin9_recobin8 acc 0.0328 eff 0.0091 outinratio 0.0151 

WplusH126_4e_Nj_pT4l_genbin9_recobin8 acc 0.033 eff 0.0086 outinratio 0.0172 

ZH126_4e_Nj_pT4l_genbin9_recobin8 acc 0.0326 eff 0.009 outinratio 0.0482 

ttH126_4e_Nj_pT4l_genbin9_recobin8 acc 0.0041 eff -1.0 outinratio 0.0 

ggH126_4e_Nj_pT4l_genbin10_recobin8 acc 0.0295 eff 0.0221 outinratio 0.001 

VBFH126_4e_Nj_pT4l_genbin10_recobin8 acc 0.1361 eff 0.0176 outinratio 0.0013 

WminusH126_4e_Nj_pT4l_genbin10_recobin8 acc 0.1197 eff 0.0137 outinratio 0.0151 

WplusH126_4e_Nj_pT4l_genbin10_recobin8 acc 0.1058 eff 0.0125 outinratio 0.0172 

ZH126_4e_Nj_pT4l_genbin10_recobin8 acc 0.1309 eff 0.0158 outinratio 0.0482 

ttH126_4e_Nj_pT4l_genbin10_recobin8 acc 0.3232 eff 0.0 outinratio 0.0 

ggH126_4e_Nj_pT4l_genbin11_recobin8 acc 0.012 eff 0.0 outinratio 0.001 

VBFH126_4e_Nj_pT4l_genbin11_recobin8 acc 0.0538 eff 0.0 outinratio 0.0013 

WminusH126_4e_Nj_pT4l_genbin11_recobin8 acc 0.0416 eff 0.0 outinratio 0.0151 

WplusH126_4e_Nj_pT4l_genbin11_recobin8 acc 0.0452 eff 0.0 outinratio 0.0172 

ZH126_4e_Nj_pT4l_genbin11_recobin8 acc 0.0464 eff 0.0 outinratio 0.0482 

ttH126_4e_Nj_pT4l_genbin11_recobin8 acc 0.1443 eff 0.0 outinratio 0.0 

ggH126_4e_Nj_pT4l_genbin0_recobin9 acc 0.0734 eff 0.0 outinratio 0.0224 

VBFH126_4e_Nj_pT4l_genbin0_recobin9 acc 0.0046 eff 0.0 outinratio 0.0065 

WminusH126_4e_Nj_pT4l_genbin0_recobin9 acc 0.0045 eff 0.0 outinratio 0.0349 

WplusH126_4e_Nj_pT4l_genbin0_recobin9 acc 0.0034 eff 0.0 outinratio 0.0266 

ZH126_4e_Nj_pT4l_genbin0_recobin9 acc 0.0031 eff 0.0 outinratio 0.0801 

ttH126_4e_Nj_pT4l_genbin0_recobin9 acc 0.0 eff -1.0 outinratio 0.0 

ggH126_4e_Nj_pT4l_genbin1_recobin9 acc 0.0526 eff 0.0 outinratio 0.0224 

VBFH126_4e_Nj_pT4l_genbin1_recobin9 acc 0.0054 eff 0.0 outinratio 0.0065 

WminusH126_4e_Nj_pT4l_genbin1_recobin9 acc 0.0049 eff 0.0 outinratio 0.0349 

WplusH126_4e_Nj_pT4l_genbin1_recobin9 acc 0.0033 eff 0.0 outinratio 0.0266 

ZH126_4e_Nj_pT4l_genbin1_recobin9 acc 0.0038 eff 0.0 outinratio 0.0801 

ttH126_4e_Nj_pT4l_genbin1_recobin9 acc 0.0 eff -1.0 outinratio 0.0 

ggH126_4e_Nj_pT4l_genbin2_recobin9 acc 0.046 eff 0.0 outinratio 0.0224 

VBFH126_4e_Nj_pT4l_genbin2_recobin9 acc 0.0056 eff 0.0 outinratio 0.0065 

WminusH126_4e_Nj_pT4l_genbin2_recobin9 acc 0.0055 eff 0.0 outinratio 0.0349 

WplusH126_4e_Nj_pT4l_genbin2_recobin9 acc 0.0051 eff 0.0 outinratio 0.0266 

ZH126_4e_Nj_pT4l_genbin2_recobin9 acc 0.0048 eff 0.0 outinratio 0.0801 

ttH126_4e_Nj_pT4l_genbin2_recobin9 acc 0.0 eff -1.0 outinratio 0.0 

ggH126_4e_Nj_pT4l_genbin3_recobin9 acc 0.0451 eff 0.0 outinratio 0.0224 

VBFH126_4e_Nj_pT4l_genbin3_recobin9 acc 0.0111 eff 0.0 outinratio 0.0065 

WminusH126_4e_Nj_pT4l_genbin3_recobin9 acc 0.009 eff 0.0 outinratio 0.0349 

WplusH126_4e_Nj_pT4l_genbin3_recobin9 acc 0.0069 eff 0.0 outinratio 0.0266 

ZH126_4e_Nj_pT4l_genbin3_recobin9 acc 0.0067 eff 0.0 outinratio 0.0801 

ttH126_4e_Nj_pT4l_genbin3_recobin9 acc 0.0 eff -1.0 outinratio 0.0 

ggH126_4e_Nj_pT4l_genbin4_recobin9 acc 0.041 eff 0.0 outinratio 0.0224 

VBFH126_4e_Nj_pT4l_genbin4_recobin9 acc 0.0154 eff 0.0 outinratio 0.0065 

WminusH126_4e_Nj_pT4l_genbin4_recobin9 acc 0.016 eff 0.0 outinratio 0.0349 

WplusH126_4e_Nj_pT4l_genbin4_recobin9 acc 0.0131 eff 0.0 outinratio 0.0266 

ZH126_4e_Nj_pT4l_genbin4_recobin9 acc 0.0121 eff 0.0 outinratio 0.0801 

ttH126_4e_Nj_pT4l_genbin4_recobin9 acc 0.0 eff -1.0 outinratio 0.0 

ggH126_4e_Nj_pT4l_genbin5_recobin9 acc 0.0244 eff 0.0009 outinratio 0.0224 

VBFH126_4e_Nj_pT4l_genbin5_recobin9 acc 0.0267 eff 0.0125 outinratio 0.0065 

WminusH126_4e_Nj_pT4l_genbin5_recobin9 acc 0.0603 eff 0.0327 outinratio 0.0349 

WplusH126_4e_Nj_pT4l_genbin5_recobin9 acc 0.0539 eff 0.0404 outinratio 0.0266 

ZH126_4e_Nj_pT4l_genbin5_recobin9 acc 0.0494 eff 0.0135 outinratio 0.0801 

ttH126_4e_Nj_pT4l_genbin5_recobin9 acc 0.0041 eff -1.0 outinratio 0.0 

ggH126_4e_Nj_pT4l_genbin6_recobin9 acc 0.0299 eff 0.0 outinratio 0.0224 

VBFH126_4e_Nj_pT4l_genbin6_recobin9 acc 0.0324 eff 0.0 outinratio 0.0065 

WminusH126_4e_Nj_pT4l_genbin6_recobin9 acc 0.0335 eff 0.0 outinratio 0.0349 

WplusH126_4e_Nj_pT4l_genbin6_recobin9 acc 0.0275 eff 0.0 outinratio 0.0266 

ZH126_4e_Nj_pT4l_genbin6_recobin9 acc 0.0283 eff 0.0 outinratio 0.0801 

ttH126_4e_Nj_pT4l_genbin6_recobin9 acc 0.0061 eff -1.0 outinratio 0.0 

ggH126_4e_Nj_pT4l_genbin7_recobin9 acc 0.0277 eff 0.0 outinratio 0.0224 

VBFH126_4e_Nj_pT4l_genbin7_recobin9 acc 0.0377 eff 0.0 outinratio 0.0065 

WminusH126_4e_Nj_pT4l_genbin7_recobin9 acc 0.0279 eff 0.0 outinratio 0.0349 

WplusH126_4e_Nj_pT4l_genbin7_recobin9 acc 0.0246 eff 0.0 outinratio 0.0266 

ZH126_4e_Nj_pT4l_genbin7_recobin9 acc 0.0264 eff 0.0 outinratio 0.0801 

ttH126_4e_Nj_pT4l_genbin7_recobin9 acc 0.0 eff -1.0 outinratio 0.0 

ggH126_4e_Nj_pT4l_genbin8_recobin9 acc 0.0284 eff 0.0015 outinratio 0.0224 

VBFH126_4e_Nj_pT4l_genbin8_recobin9 acc 0.0683 eff 0.0051 outinratio 0.0065 

WminusH126_4e_Nj_pT4l_genbin8_recobin9 acc 0.0356 eff 0.0051 outinratio 0.0349 

WplusH126_4e_Nj_pT4l_genbin8_recobin9 acc 0.033 eff 0.0015 outinratio 0.0266 

ZH126_4e_Nj_pT4l_genbin8_recobin9 acc 0.0339 eff 0.0015 outinratio 0.0801 

ttH126_4e_Nj_pT4l_genbin8_recobin9 acc 0.002 eff -1.0 outinratio 0.0 

ggH126_4e_Nj_pT4l_genbin9_recobin9 acc 0.0184 eff 0.3013 outinratio 0.0224 

VBFH126_4e_Nj_pT4l_genbin9_recobin9 acc 0.0725 eff 0.3152 outinratio 0.0065 

WminusH126_4e_Nj_pT4l_genbin9_recobin9 acc 0.0328 eff 0.2439 outinratio 0.0349 

WplusH126_4e_Nj_pT4l_genbin9_recobin9 acc 0.033 eff 0.2384 outinratio 0.0266 

ZH126_4e_Nj_pT4l_genbin9_recobin9 acc 0.0326 eff 0.2354 outinratio 0.0801 

ttH126_4e_Nj_pT4l_genbin9_recobin9 acc 0.0041 eff -1.0 outinratio 0.0 

ggH126_4e_Nj_pT4l_genbin10_recobin9 acc 0.0295 eff 0.0124 outinratio 0.0224 

VBFH126_4e_Nj_pT4l_genbin10_recobin9 acc 0.1361 eff 0.0294 outinratio 0.0065 

WminusH126_4e_Nj_pT4l_genbin10_recobin9 acc 0.1197 eff 0.0126 outinratio 0.0349 

WplusH126_4e_Nj_pT4l_genbin10_recobin9 acc 0.1058 eff 0.0122 outinratio 0.0266 

ZH126_4e_Nj_pT4l_genbin10_recobin9 acc 0.1309 eff 0.0121 outinratio 0.0801 

ttH126_4e_Nj_pT4l_genbin10_recobin9 acc 0.3232 eff 0.0 outinratio 0.0 

ggH126_4e_Nj_pT4l_genbin11_recobin9 acc 0.012 eff 0.0269 outinratio 0.0224 

VBFH126_4e_Nj_pT4l_genbin11_recobin9 acc 0.0538 eff 0.0419 outinratio 0.0065 

WminusH126_4e_Nj_pT4l_genbin11_recobin9 acc 0.0416 eff 0.0136 outinratio 0.0349 

WplusH126_4e_Nj_pT4l_genbin11_recobin9 acc 0.0452 eff 0.0256 outinratio 0.0266 

ZH126_4e_Nj_pT4l_genbin11_recobin9 acc 0.0464 eff 0.0261 outinratio 0.0801 

ttH126_4e_Nj_pT4l_genbin11_recobin9 acc 0.1443 eff 0.0089 outinratio 0.0 

ggH126_4e_Nj_pT4l_genbin0_recobin10 acc 0.0734 eff 0.0014 outinratio 0.0137 

VBFH126_4e_Nj_pT4l_genbin0_recobin10 acc 0.0046 eff 0.0323 outinratio 0.0096 

WminusH126_4e_Nj_pT4l_genbin0_recobin10 acc 0.0045 eff 0.0057 outinratio 0.0216 

WplusH126_4e_Nj_pT4l_genbin0_recobin10 acc 0.0034 eff 0.021 outinratio 0.0149 

ZH126_4e_Nj_pT4l_genbin0_recobin10 acc 0.0031 eff 0.0364 outinratio 0.0327 

ttH126_4e_Nj_pT4l_genbin0_recobin10 acc 0.0 eff -1.0 outinratio 0.1007 

ggH126_4e_Nj_pT4l_genbin1_recobin10 acc 0.0526 eff 0.0013 outinratio 0.0137 

VBFH126_4e_Nj_pT4l_genbin1_recobin10 acc 0.0054 eff 0.0 outinratio 0.0096 

WminusH126_4e_Nj_pT4l_genbin1_recobin10 acc 0.0049 eff 0.0132 outinratio 0.0216 

WplusH126_4e_Nj_pT4l_genbin1_recobin10 acc 0.0033 eff 0.0098 outinratio 0.0149 

ZH126_4e_Nj_pT4l_genbin1_recobin10 acc 0.0038 eff 0.0 outinratio 0.0327 

ttH126_4e_Nj_pT4l_genbin1_recobin10 acc 0.0 eff -1.0 outinratio 0.1007 

ggH126_4e_Nj_pT4l_genbin2_recobin10 acc 0.046 eff 0.0021 outinratio 0.0137 

VBFH126_4e_Nj_pT4l_genbin2_recobin10 acc 0.0056 eff 0.0 outinratio 0.0096 

WminusH126_4e_Nj_pT4l_genbin2_recobin10 acc 0.0055 eff 0.0067 outinratio 0.0216 

WplusH126_4e_Nj_pT4l_genbin2_recobin10 acc 0.0051 eff 0.0179 outinratio 0.0149 

ZH126_4e_Nj_pT4l_genbin2_recobin10 acc 0.0048 eff 0.0 outinratio 0.0327 

ttH126_4e_Nj_pT4l_genbin2_recobin10 acc 0.0 eff -1.0 outinratio 0.1007 

ggH126_4e_Nj_pT4l_genbin3_recobin10 acc 0.0451 eff 0.0044 outinratio 0.0137 

VBFH126_4e_Nj_pT4l_genbin3_recobin10 acc 0.0111 eff 0.0184 outinratio 0.0096 

WminusH126_4e_Nj_pT4l_genbin3_recobin10 acc 0.009 eff 0.0106 outinratio 0.0216 

WplusH126_4e_Nj_pT4l_genbin3_recobin10 acc 0.0069 eff 0.0114 outinratio 0.0149 

ZH126_4e_Nj_pT4l_genbin3_recobin10 acc 0.0067 eff 0.0079 outinratio 0.0327 

ttH126_4e_Nj_pT4l_genbin3_recobin10 acc 0.0 eff -1.0 outinratio 0.1007 

ggH126_4e_Nj_pT4l_genbin4_recobin10 acc 0.041 eff 0.0046 outinratio 0.0137 

VBFH126_4e_Nj_pT4l_genbin4_recobin10 acc 0.0154 eff 0.0 outinratio 0.0096 

WminusH126_4e_Nj_pT4l_genbin4_recobin10 acc 0.016 eff 0.0134 outinratio 0.0216 

WplusH126_4e_Nj_pT4l_genbin4_recobin10 acc 0.0131 eff 0.0153 outinratio 0.0149 

ZH126_4e_Nj_pT4l_genbin4_recobin10 acc 0.0121 eff 0.006 outinratio 0.0327 

ttH126_4e_Nj_pT4l_genbin4_recobin10 acc 0.0 eff -1.0 outinratio 0.1007 

ggH126_4e_Nj_pT4l_genbin5_recobin10 acc 0.0244 eff 0.0087 outinratio 0.0137 

VBFH126_4e_Nj_pT4l_genbin5_recobin10 acc 0.0267 eff 0.0113 outinratio 0.0096 

WminusH126_4e_Nj_pT4l_genbin5_recobin10 acc 0.0603 eff 0.0076 outinratio 0.0216 

WplusH126_4e_Nj_pT4l_genbin5_recobin10 acc 0.0539 eff 0.006 outinratio 0.0149 

ZH126_4e_Nj_pT4l_genbin5_recobin10 acc 0.0494 eff 0.0029 outinratio 0.0327 

ttH126_4e_Nj_pT4l_genbin5_recobin10 acc 0.0041 eff -1.0 outinratio 0.1007 

ggH126_4e_Nj_pT4l_genbin6_recobin10 acc 0.0299 eff 0.0184 outinratio 0.0137 

VBFH126_4e_Nj_pT4l_genbin6_recobin10 acc 0.0324 eff 0.0419 outinratio 0.0096 

WminusH126_4e_Nj_pT4l_genbin6_recobin10 acc 0.0335 eff 0.0585 outinratio 0.0216 

WplusH126_4e_Nj_pT4l_genbin6_recobin10 acc 0.0275 eff 0.0637 outinratio 0.0149 

ZH126_4e_Nj_pT4l_genbin6_recobin10 acc 0.0283 eff 0.0799 outinratio 0.0327 

ttH126_4e_Nj_pT4l_genbin6_recobin10 acc 0.0061 eff -1.0 outinratio 0.1007 

ggH126_4e_Nj_pT4l_genbin7_recobin10 acc 0.0277 eff 0.0265 outinratio 0.0137 

VBFH126_4e_Nj_pT4l_genbin7_recobin10 acc 0.0377 eff 0.0279 outinratio 0.0096 

WminusH126_4e_Nj_pT4l_genbin7_recobin10 acc 0.0279 eff 0.0643 outinratio 0.0216 

WplusH126_4e_Nj_pT4l_genbin7_recobin10 acc 0.0246 eff 0.0577 outinratio 0.0149 

ZH126_4e_Nj_pT4l_genbin7_recobin10 acc 0.0264 eff 0.0581 outinratio 0.0327 

ttH126_4e_Nj_pT4l_genbin7_recobin10 acc 0.0 eff -1.0 outinratio 0.1007 

ggH126_4e_Nj_pT4l_genbin8_recobin10 acc 0.0284 eff 0.0278 outinratio 0.0137 

VBFH126_4e_Nj_pT4l_genbin8_recobin10 acc 0.0683 eff 0.0503 outinratio 0.0096 

WminusH126_4e_Nj_pT4l_genbin8_recobin10 acc 0.0356 eff 0.0807 outinratio 0.0216 

WplusH126_4e_Nj_pT4l_genbin8_recobin10 acc 0.033 eff 0.0747 outinratio 0.0149 

ZH126_4e_Nj_pT4l_genbin8_recobin10 acc 0.0339 eff 0.0664 outinratio 0.0327 

ttH126_4e_Nj_pT4l_genbin8_recobin10 acc 0.002 eff -1.0 outinratio 0.1007 

ggH126_4e_Nj_pT4l_genbin9_recobin10 acc 0.0184 eff 0.0244 outinratio 0.0137 

VBFH126_4e_Nj_pT4l_genbin9_recobin10 acc 0.0725 eff 0.0495 outinratio 0.0096 

WminusH126_4e_Nj_pT4l_genbin9_recobin10 acc 0.0328 eff 0.0598 outinratio 0.0216 

WplusH126_4e_Nj_pT4l_genbin9_recobin10 acc 0.033 eff 0.0441 outinratio 0.0149 

ZH126_4e_Nj_pT4l_genbin9_recobin10 acc 0.0326 eff 0.0431 outinratio 0.0327 

ttH126_4e_Nj_pT4l_genbin9_recobin10 acc 0.0041 eff -1.0 outinratio 0.1007 

ggH126_4e_Nj_pT4l_genbin10_recobin10 acc 0.0295 eff 0.29 outinratio 0.0137 

VBFH126_4e_Nj_pT4l_genbin10_recobin10 acc 0.1361 eff 0.2752 outinratio 0.0096 

WminusH126_4e_Nj_pT4l_genbin10_recobin10 acc 0.1197 eff 0.2672 outinratio 0.0216 

WplusH126_4e_Nj_pT4l_genbin10_recobin10 acc 0.1058 eff 0.2709 outinratio 0.0149 

ZH126_4e_Nj_pT4l_genbin10_recobin10 acc 0.1309 eff 0.2886 outinratio 0.0327 

ttH126_4e_Nj_pT4l_genbin10_recobin10 acc 0.3232 eff 0.2464 outinratio 0.1007 

ggH126_4e_Nj_pT4l_genbin11_recobin10 acc 0.012 eff 0.0033 outinratio 0.0137 

VBFH126_4e_Nj_pT4l_genbin11_recobin10 acc 0.0538 eff 0.0105 outinratio 0.0096 

WminusH126_4e_Nj_pT4l_genbin11_recobin10 acc 0.0416 eff 0.0107 outinratio 0.0216 

WplusH126_4e_Nj_pT4l_genbin11_recobin10 acc 0.0452 eff 0.0109 outinratio 0.0149 

ZH126_4e_Nj_pT4l_genbin11_recobin10 acc 0.0464 eff 0.0081 outinratio 0.0327 

ttH126_4e_Nj_pT4l_genbin11_recobin10 acc 0.1443 eff 0.0 outinratio 0.1007 

ggH126_4e_Nj_pT4l_genbin0_recobin11 acc 0.0734 eff 0.0 outinratio 0.0367 

VBFH126_4e_Nj_pT4l_genbin0_recobin11 acc 0.0046 eff 0.0 outinratio 0.0074 

WminusH126_4e_Nj_pT4l_genbin0_recobin11 acc 0.0045 eff 0.0 outinratio 0.0125 

WplusH126_4e_Nj_pT4l_genbin0_recobin11 acc 0.0034 eff 0.0 outinratio 0.0182 

ZH126_4e_Nj_pT4l_genbin0_recobin11 acc 0.0031 eff 0.0 outinratio 0.0274 

ttH126_4e_Nj_pT4l_genbin0_recobin11 acc 0.0 eff -1.0 outinratio 0.0059 

ggH126_4e_Nj_pT4l_genbin1_recobin11 acc 0.0526 eff 0.0 outinratio 0.0367 

VBFH126_4e_Nj_pT4l_genbin1_recobin11 acc 0.0054 eff 0.0 outinratio 0.0074 

WminusH126_4e_Nj_pT4l_genbin1_recobin11 acc 0.0049 eff 0.0 outinratio 0.0125 

WplusH126_4e_Nj_pT4l_genbin1_recobin11 acc 0.0033 eff 0.0 outinratio 0.0182 

ZH126_4e_Nj_pT4l_genbin1_recobin11 acc 0.0038 eff 0.0 outinratio 0.0274 

ttH126_4e_Nj_pT4l_genbin1_recobin11 acc 0.0 eff -1.0 outinratio 0.0059 

ggH126_4e_Nj_pT4l_genbin2_recobin11 acc 0.046 eff 0.0 outinratio 0.0367 

VBFH126_4e_Nj_pT4l_genbin2_recobin11 acc 0.0056 eff 0.0 outinratio 0.0074 

WminusH126_4e_Nj_pT4l_genbin2_recobin11 acc 0.0055 eff 0.0 outinratio 0.0125 

WplusH126_4e_Nj_pT4l_genbin2_recobin11 acc 0.0051 eff 0.0 outinratio 0.0182 

ZH126_4e_Nj_pT4l_genbin2_recobin11 acc 0.0048 eff 0.0 outinratio 0.0274 

ttH126_4e_Nj_pT4l_genbin2_recobin11 acc 0.0 eff -1.0 outinratio 0.0059 

ggH126_4e_Nj_pT4l_genbin3_recobin11 acc 0.0451 eff 0.0 outinratio 0.0367 

VBFH126_4e_Nj_pT4l_genbin3_recobin11 acc 0.0111 eff 0.0 outinratio 0.0074 

WminusH126_4e_Nj_pT4l_genbin3_recobin11 acc 0.009 eff 0.0 outinratio 0.0125 

WplusH126_4e_Nj_pT4l_genbin3_recobin11 acc 0.0069 eff 0.0 outinratio 0.0182 

ZH126_4e_Nj_pT4l_genbin3_recobin11 acc 0.0067 eff 0.0 outinratio 0.0274 

ttH126_4e_Nj_pT4l_genbin3_recobin11 acc 0.0 eff -1.0 outinratio 0.0059 

ggH126_4e_Nj_pT4l_genbin4_recobin11 acc 0.041 eff 0.0 outinratio 0.0367 

VBFH126_4e_Nj_pT4l_genbin4_recobin11 acc 0.0154 eff 0.0 outinratio 0.0074 

WminusH126_4e_Nj_pT4l_genbin4_recobin11 acc 0.016 eff 0.0 outinratio 0.0125 

WplusH126_4e_Nj_pT4l_genbin4_recobin11 acc 0.0131 eff 0.0 outinratio 0.0182 

ZH126_4e_Nj_pT4l_genbin4_recobin11 acc 0.0121 eff 0.0 outinratio 0.0274 

ttH126_4e_Nj_pT4l_genbin4_recobin11 acc 0.0 eff -1.0 outinratio 0.0059 

ggH126_4e_Nj_pT4l_genbin5_recobin11 acc 0.0244 eff 0.0 outinratio 0.0367 

VBFH126_4e_Nj_pT4l_genbin5_recobin11 acc 0.0267 eff 0.0 outinratio 0.0074 

WminusH126_4e_Nj_pT4l_genbin5_recobin11 acc 0.0603 eff 0.003 outinratio 0.0125 

WplusH126_4e_Nj_pT4l_genbin5_recobin11 acc 0.0539 eff 0.0024 outinratio 0.0182 

ZH126_4e_Nj_pT4l_genbin5_recobin11 acc 0.0494 eff 0.0008 outinratio 0.0274 

ttH126_4e_Nj_pT4l_genbin5_recobin11 acc 0.0041 eff -1.0 outinratio 0.0059 

ggH126_4e_Nj_pT4l_genbin6_recobin11 acc 0.0299 eff 0.0 outinratio 0.0367 

VBFH126_4e_Nj_pT4l_genbin6_recobin11 acc 0.0324 eff 0.0 outinratio 0.0074 

WminusH126_4e_Nj_pT4l_genbin6_recobin11 acc 0.0335 eff 0.0 outinratio 0.0125 

WplusH126_4e_Nj_pT4l_genbin6_recobin11 acc 0.0275 eff 0.0 outinratio 0.0182 

ZH126_4e_Nj_pT4l_genbin6_recobin11 acc 0.0283 eff 0.0 outinratio 0.0274 

ttH126_4e_Nj_pT4l_genbin6_recobin11 acc 0.0061 eff -1.0 outinratio 0.0059 

ggH126_4e_Nj_pT4l_genbin7_recobin11 acc 0.0277 eff 0.0 outinratio 0.0367 

VBFH126_4e_Nj_pT4l_genbin7_recobin11 acc 0.0377 eff 0.0 outinratio 0.0074 

WminusH126_4e_Nj_pT4l_genbin7_recobin11 acc 0.0279 eff 0.0 outinratio 0.0125 

WplusH126_4e_Nj_pT4l_genbin7_recobin11 acc 0.0246 eff 0.0 outinratio 0.0182 

ZH126_4e_Nj_pT4l_genbin7_recobin11 acc 0.0264 eff 0.0 outinratio 0.0274 

ttH126_4e_Nj_pT4l_genbin7_recobin11 acc 0.0 eff -1.0 outinratio 0.0059 

ggH126_4e_Nj_pT4l_genbin8_recobin11 acc 0.0284 eff 0.0 outinratio 0.0367 

VBFH126_4e_Nj_pT4l_genbin8_recobin11 acc 0.0683 eff 0.0 outinratio 0.0074 

WminusH126_4e_Nj_pT4l_genbin8_recobin11 acc 0.0356 eff 0.0 outinratio 0.0125 

WplusH126_4e_Nj_pT4l_genbin8_recobin11 acc 0.033 eff 0.0 outinratio 0.0182 

ZH126_4e_Nj_pT4l_genbin8_recobin11 acc 0.0339 eff 0.0 outinratio 0.0274 

ttH126_4e_Nj_pT4l_genbin8_recobin11 acc 0.002 eff -1.0 outinratio 0.0059 

ggH126_4e_Nj_pT4l_genbin9_recobin11 acc 0.0184 eff 0.0195 outinratio 0.0367 

VBFH126_4e_Nj_pT4l_genbin9_recobin11 acc 0.0725 eff 0.0368 outinratio 0.0074 

WminusH126_4e_Nj_pT4l_genbin9_recobin11 acc 0.0328 eff 0.0228 outinratio 0.0125 

WplusH126_4e_Nj_pT4l_genbin9_recobin11 acc 0.033 eff 0.0423 outinratio 0.0182 

ZH126_4e_Nj_pT4l_genbin9_recobin11 acc 0.0326 eff 0.0177 outinratio 0.0274 

ttH126_4e_Nj_pT4l_genbin9_recobin11 acc 0.0041 eff -1.0 outinratio 0.0059 

ggH126_4e_Nj_pT4l_genbin10_recobin11 acc 0.0295 eff 0.0014 outinratio 0.0367 

VBFH126_4e_Nj_pT4l_genbin10_recobin11 acc 0.1361 eff 0.0 outinratio 0.0074 

WminusH126_4e_Nj_pT4l_genbin10_recobin11 acc 0.1197 eff 0.0022 outinratio 0.0125 

WplusH126_4e_Nj_pT4l_genbin10_recobin11 acc 0.1058 eff 0.0021 outinratio 0.0182 

ZH126_4e_Nj_pT4l_genbin10_recobin11 acc 0.1309 eff 0.0014 outinratio 0.0274 

ttH126_4e_Nj_pT4l_genbin10_recobin11 acc 0.3232 eff 0.0 outinratio 0.0059 

ggH126_4e_Nj_pT4l_genbin11_recobin11 acc 0.012 eff 0.4136 outinratio 0.0367 

VBFH126_4e_Nj_pT4l_genbin11_recobin11 acc 0.0538 eff 0.3533 outinratio 0.0074 

WminusH126_4e_Nj_pT4l_genbin11_recobin11 acc 0.0416 eff 0.3934 outinratio 0.0125 

WplusH126_4e_Nj_pT4l_genbin11_recobin11 acc 0.0452 eff 0.3547 outinratio 0.0182 

ZH126_4e_Nj_pT4l_genbin11_recobin11 acc 0.0464 eff 0.3765 outinratio 0.0274 

ttH126_4e_Nj_pT4l_genbin11_recobin11 acc 0.1443 eff 0.3534 outinratio 0.0059 

ggH126_4mu_Nj_pT4l_genbin0_recobin0 acc 0.0808 eff 0.6318 outinratio 0.0026 

VBFH126_4mu_Nj_pT4l_genbin0_recobin0 acc 0.0043 eff 0.5651 outinratio 0.0 

WminusH126_4mu_Nj_pT4l_genbin0_recobin0 acc 0.0044 eff 0.4253 outinratio 0.0255 

WplusH126_4mu_Nj_pT4l_genbin0_recobin0 acc 0.0036 eff 0.4705 outinratio 0.0352 

ZH126_4mu_Nj_pT4l_genbin0_recobin0 acc 0.0033 eff 0.3765 outinratio 0.0 

ttH126_4mu_Nj_pT4l_genbin0_recobin0 acc 0.0 eff -1.0 outinratio 0.0 

ggH126_4mu_Nj_pT4l_genbin1_recobin0 acc 0.0576 eff 0.0322 outinratio 0.0026 

VBFH126_4mu_Nj_pT4l_genbin1_recobin0 acc 0.0058 eff 0.0117 outinratio 0.0 

WminusH126_4mu_Nj_pT4l_genbin1_recobin0 acc 0.0046 eff 0.0071 outinratio 0.0255 

WplusH126_4mu_Nj_pT4l_genbin1_recobin0 acc 0.0038 eff 0.023 outinratio 0.0352 

ZH126_4mu_Nj_pT4l_genbin1_recobin0 acc 0.0036 eff 0.0633 outinratio 0.0 

ttH126_4mu_Nj_pT4l_genbin1_recobin0 acc 0.0 eff -1.0 outinratio 0.0 

ggH126_4mu_Nj_pT4l_genbin2_recobin0 acc 0.0485 eff 0.0009 outinratio 0.0026 

VBFH126_4mu_Nj_pT4l_genbin2_recobin0 acc 0.0075 eff 0.0 outinratio 0.0 

WminusH126_4mu_Nj_pT4l_genbin2_recobin0 acc 0.0055 eff 0.0 outinratio 0.0255 

WplusH126_4mu_Nj_pT4l_genbin2_recobin0 acc 0.0053 eff 0.0038 outinratio 0.0352 

ZH126_4mu_Nj_pT4l_genbin2_recobin0 acc 0.0041 eff 0.0 outinratio 0.0 

ttH126_4mu_Nj_pT4l_genbin2_recobin0 acc 0.0 eff -1.0 outinratio 0.0 

ggH126_4mu_Nj_pT4l_genbin3_recobin0 acc 0.0495 eff 0.0012 outinratio 0.0026 

VBFH126_4mu_Nj_pT4l_genbin3_recobin0 acc 0.0101 eff 0.0 outinratio 0.0 

WminusH126_4mu_Nj_pT4l_genbin3_recobin0 acc 0.0097 eff 0.0 outinratio 0.0255 

WplusH126_4mu_Nj_pT4l_genbin3_recobin0 acc 0.008 eff 0.0 outinratio 0.0352 

ZH126_4mu_Nj_pT4l_genbin3_recobin0 acc 0.0078 eff 0.0 outinratio 0.0 

ttH126_4mu_Nj_pT4l_genbin3_recobin0 acc 0.0 eff -1.0 outinratio 0.0 

ggH126_4mu_Nj_pT4l_genbin4_recobin0 acc 0.0489 eff 0.0 outinratio 0.0026 

VBFH126_4mu_Nj_pT4l_genbin4_recobin0 acc 0.0164 eff 0.0 outinratio 0.0 

WminusH126_4mu_Nj_pT4l_genbin4_recobin0 acc 0.0172 eff 0.0 outinratio 0.0255 

WplusH126_4mu_Nj_pT4l_genbin4_recobin0 acc 0.014 eff 0.0 outinratio 0.0352 

ZH126_4mu_Nj_pT4l_genbin4_recobin0 acc 0.0139 eff 0.0 outinratio 0.0 

ttH126_4mu_Nj_pT4l_genbin4_recobin0 acc 0.0 eff -1.0 outinratio 0.0 

ggH126_4mu_Nj_pT4l_genbin5_recobin0 acc 0.0247 eff 0.0 outinratio 0.0026 

VBFH126_4mu_Nj_pT4l_genbin5_recobin0 acc 0.0295 eff 0.0 outinratio 0.0 

WminusH126_4mu_Nj_pT4l_genbin5_recobin0 acc 0.0684 eff 0.0 outinratio 0.0255 

WplusH126_4mu_Nj_pT4l_genbin5_recobin0 acc 0.0587 eff 0.0 outinratio 0.0352 

ZH126_4mu_Nj_pT4l_genbin5_recobin0 acc 0.0531 eff 0.0 outinratio 0.0 

ttH126_4mu_Nj_pT4l_genbin5_recobin0 acc 0.0 eff -1.0 outinratio 0.0 

ggH126_4mu_Nj_pT4l_genbin6_recobin0 acc 0.0338 eff 0.0041 outinratio 0.0026 

VBFH126_4mu_Nj_pT4l_genbin6_recobin0 acc 0.0366 eff 0.0086 outinratio 0.0 

WminusH126_4mu_Nj_pT4l_genbin6_recobin0 acc 0.037 eff 0.0068 outinratio 0.0255 

WplusH126_4mu_Nj_pT4l_genbin6_recobin0 acc 0.0298 eff 0.0083 outinratio 0.0352 

ZH126_4mu_Nj_pT4l_genbin6_recobin0 acc 0.0326 eff 0.0024 outinratio 0.0 

ttH126_4mu_Nj_pT4l_genbin6_recobin0 acc 0.0 eff -1.0 outinratio 0.0 

ggH126_4mu_Nj_pT4l_genbin7_recobin0 acc 0.0347 eff 0.0 outinratio 0.0026 

VBFH126_4mu_Nj_pT4l_genbin7_recobin0 acc 0.0402 eff 0.0 outinratio 0.0 

WminusH126_4mu_Nj_pT4l_genbin7_recobin0 acc 0.0317 eff 0.0 outinratio 0.0255 

WplusH126_4mu_Nj_pT4l_genbin7_recobin0 acc 0.0276 eff 0.0 outinratio 0.0352 

ZH126_4mu_Nj_pT4l_genbin7_recobin0 acc 0.0293 eff 0.0 outinratio 0.0 

ttH126_4mu_Nj_pT4l_genbin7_recobin0 acc 0.0023 eff -1.0 outinratio 0.0 

ggH126_4mu_Nj_pT4l_genbin8_recobin0 acc 0.0294 eff 0.0 outinratio 0.0026 

VBFH126_4mu_Nj_pT4l_genbin8_recobin0 acc 0.0751 eff 0.0 outinratio 0.0 

WminusH126_4mu_Nj_pT4l_genbin8_recobin0 acc 0.0404 eff 0.0 outinratio 0.0255 

WplusH126_4mu_Nj_pT4l_genbin8_recobin0 acc 0.0355 eff 0.0 outinratio 0.0352 

ZH126_4mu_Nj_pT4l_genbin8_recobin0 acc 0.0403 eff 0.0 outinratio 0.0 

ttH126_4mu_Nj_pT4l_genbin8_recobin0 acc 0.0023 eff -1.0 outinratio 0.0 

ggH126_4mu_Nj_pT4l_genbin9_recobin0 acc 0.0211 eff 0.0 outinratio 0.0026 

VBFH126_4mu_Nj_pT4l_genbin9_recobin0 acc 0.0825 eff 0.0 outinratio 0.0 

WminusH126_4mu_Nj_pT4l_genbin9_recobin0 acc 0.0357 eff 0.0 outinratio 0.0255 

WplusH126_4mu_Nj_pT4l_genbin9_recobin0 acc 0.0339 eff 0.0 outinratio 0.0352 

ZH126_4mu_Nj_pT4l_genbin9_recobin0 acc 0.0359 eff 0.0 outinratio 0.0 

ttH126_4mu_Nj_pT4l_genbin9_recobin0 acc 0.016 eff -1.0 outinratio 0.0 

ggH126_4mu_Nj_pT4l_genbin10_recobin0 acc 0.0337 eff 0.0 outinratio 0.0026 

VBFH126_4mu_Nj_pT4l_genbin10_recobin0 acc 0.1461 eff 0.0 outinratio 0.0 

WminusH126_4mu_Nj_pT4l_genbin10_recobin0 acc 0.1373 eff 0.0009 outinratio 0.0255 

WplusH126_4mu_Nj_pT4l_genbin10_recobin0 acc 0.1182 eff 0.0002 outinratio 0.0352 

ZH126_4mu_Nj_pT4l_genbin10_recobin0 acc 0.1412 eff 0.0 outinratio 0.0 

ttH126_4mu_Nj_pT4l_genbin10_recobin0 acc 0.3181 eff 0.0 outinratio 0.0 

ggH126_4mu_Nj_pT4l_genbin11_recobin0 acc 0.0119 eff 0.0 outinratio 0.0026 

VBFH126_4mu_Nj_pT4l_genbin11_recobin0 acc 0.0639 eff 0.0 outinratio 0.0 

WminusH126_4mu_Nj_pT4l_genbin11_recobin0 acc 0.0471 eff 0.0 outinratio 0.0255 

WplusH126_4mu_Nj_pT4l_genbin11_recobin0 acc 0.0489 eff 0.0 outinratio 0.0352 

ZH126_4mu_Nj_pT4l_genbin11_recobin0 acc 0.0451 eff 0.0 outinratio 0.0 

ttH126_4mu_Nj_pT4l_genbin11_recobin0 acc 0.1648 eff 0.0 outinratio 0.0 

ggH126_4mu_Nj_pT4l_genbin0_recobin1 acc 0.0808 eff 0.0355 outinratio 0.0063 

VBFH126_4mu_Nj_pT4l_genbin0_recobin1 acc 0.0043 eff 0.0 outinratio 0.0149 

WminusH126_4mu_Nj_pT4l_genbin0_recobin1 acc 0.0044 eff 0.0211 outinratio 0.0177 

WplusH126_4mu_Nj_pT4l_genbin0_recobin1 acc 0.0036 eff 0.0158 outinratio 0.0243 

ZH126_4mu_Nj_pT4l_genbin0_recobin1 acc 0.0033 eff 0.0432 outinratio 0.0174 

ttH126_4mu_Nj_pT4l_genbin0_recobin1 acc 0.0 eff -1.0 outinratio 0.0 

ggH126_4mu_Nj_pT4l_genbin1_recobin1 acc 0.0576 eff 0.5744 outinratio 0.0063 

VBFH126_4mu_Nj_pT4l_genbin1_recobin1 acc 0.0058 eff 0.5551 outinratio 0.0149 

WminusH126_4mu_Nj_pT4l_genbin1_recobin1 acc 0.0046 eff 0.3908 outinratio 0.0177 

WplusH126_4mu_Nj_pT4l_genbin1_recobin1 acc 0.0038 eff 0.4771 outinratio 0.0243 

ZH126_4mu_Nj_pT4l_genbin1_recobin1 acc 0.0036 eff 0.4189 outinratio 0.0174 

ttH126_4mu_Nj_pT4l_genbin1_recobin1 acc 0.0 eff -1.0 outinratio 0.0 

ggH126_4mu_Nj_pT4l_genbin2_recobin1 acc 0.0485 eff 0.0328 outinratio 0.0063 

VBFH126_4mu_Nj_pT4l_genbin2_recobin1 acc 0.0075 eff 0.043 outinratio 0.0149 

WminusH126_4mu_Nj_pT4l_genbin2_recobin1 acc 0.0055 eff 0.0289 outinratio 0.0177 

WplusH126_4mu_Nj_pT4l_genbin2_recobin1 acc 0.0053 eff 0.0383 outinratio 0.0243 

ZH126_4mu_Nj_pT4l_genbin2_recobin1 acc 0.0041 eff -0.0148 outinratio 0.0174 

ttH126_4mu_Nj_pT4l_genbin2_recobin1 acc 0.0 eff -1.0 outinratio 0.0 

ggH126_4mu_Nj_pT4l_genbin3_recobin1 acc 0.0495 eff 0.0009 outinratio 0.0063 

VBFH126_4mu_Nj_pT4l_genbin3_recobin1 acc 0.0101 eff 0.0 outinratio 0.0149 

WminusH126_4mu_Nj_pT4l_genbin3_recobin1 acc 0.0097 eff 0.0 outinratio 0.0177 

WplusH126_4mu_Nj_pT4l_genbin3_recobin1 acc 0.008 eff 0.0 outinratio 0.0243 

ZH126_4mu_Nj_pT4l_genbin3_recobin1 acc 0.0078 eff 0.0 outinratio 0.0174 

ttH126_4mu_Nj_pT4l_genbin3_recobin1 acc 0.0 eff -1.0 outinratio 0.0 

ggH126_4mu_Nj_pT4l_genbin4_recobin1 acc 0.0489 eff 0.0 outinratio 0.0063 

VBFH126_4mu_Nj_pT4l_genbin4_recobin1 acc 0.0164 eff 0.0 outinratio 0.0149 

WminusH126_4mu_Nj_pT4l_genbin4_recobin1 acc 0.0172 eff 0.0 outinratio 0.0177 

WplusH126_4mu_Nj_pT4l_genbin4_recobin1 acc 0.014 eff 0.0 outinratio 0.0243 

ZH126_4mu_Nj_pT4l_genbin4_recobin1 acc 0.0139 eff 0.0 outinratio 0.0174 

ttH126_4mu_Nj_pT4l_genbin4_recobin1 acc 0.0 eff -1.0 outinratio 0.0 

ggH126_4mu_Nj_pT4l_genbin5_recobin1 acc 0.0247 eff 0.0 outinratio 0.0063 

VBFH126_4mu_Nj_pT4l_genbin5_recobin1 acc 0.0295 eff 0.0 outinratio 0.0149 

WminusH126_4mu_Nj_pT4l_genbin5_recobin1 acc 0.0684 eff 0.0 outinratio 0.0177 

WplusH126_4mu_Nj_pT4l_genbin5_recobin1 acc 0.0587 eff 0.0 outinratio 0.0243 

ZH126_4mu_Nj_pT4l_genbin5_recobin1 acc 0.0531 eff 0.0 outinratio 0.0174 

ttH126_4mu_Nj_pT4l_genbin5_recobin1 acc 0.0 eff -1.0 outinratio 0.0 

ggH126_4mu_Nj_pT4l_genbin6_recobin1 acc 0.0338 eff 0.0114 outinratio 0.0063 

VBFH126_4mu_Nj_pT4l_genbin6_recobin1 acc 0.0366 eff 0.0075 outinratio 0.0149 

WminusH126_4mu_Nj_pT4l_genbin6_recobin1 acc 0.037 eff 0.0105 outinratio 0.0177 

WplusH126_4mu_Nj_pT4l_genbin6_recobin1 acc 0.0298 eff 0.0077 outinratio 0.0243 

ZH126_4mu_Nj_pT4l_genbin6_recobin1 acc 0.0326 eff 0.0123 outinratio 0.0174 

ttH126_4mu_Nj_pT4l_genbin6_recobin1 acc 0.0 eff -1.0 outinratio 0.0 

ggH126_4mu_Nj_pT4l_genbin7_recobin1 acc 0.0347 eff 0.0 outinratio 0.0063 

VBFH126_4mu_Nj_pT4l_genbin7_recobin1 acc 0.0402 eff 0.0 outinratio 0.0149 

WminusH126_4mu_Nj_pT4l_genbin7_recobin1 acc 0.0317 eff 0.0 outinratio 0.0177 

WplusH126_4mu_Nj_pT4l_genbin7_recobin1 acc 0.0276 eff 0.0 outinratio 0.0243 

ZH126_4mu_Nj_pT4l_genbin7_recobin1 acc 0.0293 eff 0.0 outinratio 0.0174 

ttH126_4mu_Nj_pT4l_genbin7_recobin1 acc 0.0023 eff -1.0 outinratio 0.0 

ggH126_4mu_Nj_pT4l_genbin8_recobin1 acc 0.0294 eff 0.0 outinratio 0.0063 

VBFH126_4mu_Nj_pT4l_genbin8_recobin1 acc 0.0751 eff 0.0 outinratio 0.0149 

WminusH126_4mu_Nj_pT4l_genbin8_recobin1 acc 0.0404 eff 0.0 outinratio 0.0177 

WplusH126_4mu_Nj_pT4l_genbin8_recobin1 acc 0.0355 eff 0.0 outinratio 0.0243 

ZH126_4mu_Nj_pT4l_genbin8_recobin1 acc 0.0403 eff 0.0 outinratio 0.0174 

ttH126_4mu_Nj_pT4l_genbin8_recobin1 acc 0.0023 eff -1.0 outinratio 0.0 

ggH126_4mu_Nj_pT4l_genbin9_recobin1 acc 0.0211 eff 0.0 outinratio 0.0063 

VBFH126_4mu_Nj_pT4l_genbin9_recobin1 acc 0.0825 eff 0.0 outinratio 0.0149 

WminusH126_4mu_Nj_pT4l_genbin9_recobin1 acc 0.0357 eff 0.0 outinratio 0.0177 

WplusH126_4mu_Nj_pT4l_genbin9_recobin1 acc 0.0339 eff 0.0 outinratio 0.0243 

ZH126_4mu_Nj_pT4l_genbin9_recobin1 acc 0.0359 eff 0.0 outinratio 0.0174 

ttH126_4mu_Nj_pT4l_genbin9_recobin1 acc 0.016 eff -1.0 outinratio 0.0 

ggH126_4mu_Nj_pT4l_genbin10_recobin1 acc 0.0337 eff 0.0 outinratio 0.0063 

VBFH126_4mu_Nj_pT4l_genbin10_recobin1 acc 0.1461 eff 0.0 outinratio 0.0149 

WminusH126_4mu_Nj_pT4l_genbin10_recobin1 acc 0.1373 eff 0.0001 outinratio 0.0177 

WplusH126_4mu_Nj_pT4l_genbin10_recobin1 acc 0.1182 eff 0.0 outinratio 0.0243 

ZH126_4mu_Nj_pT4l_genbin10_recobin1 acc 0.1412 eff 0.0008 outinratio 0.0174 

ttH126_4mu_Nj_pT4l_genbin10_recobin1 acc 0.3181 eff 0.0 outinratio 0.0 

ggH126_4mu_Nj_pT4l_genbin11_recobin1 acc 0.0119 eff 0.0 outinratio 0.0063 

VBFH126_4mu_Nj_pT4l_genbin11_recobin1 acc 0.0639 eff 0.0 outinratio 0.0149 

WminusH126_4mu_Nj_pT4l_genbin11_recobin1 acc 0.0471 eff 0.0 outinratio 0.0177 

WplusH126_4mu_Nj_pT4l_genbin11_recobin1 acc 0.0489 eff 0.0 outinratio 0.0243 

ZH126_4mu_Nj_pT4l_genbin11_recobin1 acc 0.0451 eff 0.0 outinratio 0.0174 

ttH126_4mu_Nj_pT4l_genbin11_recobin1 acc 0.1648 eff 0.0 outinratio 0.0 

ggH126_4mu_Nj_pT4l_genbin0_recobin2 acc 0.0808 eff 0.0014 outinratio 0.0102 

VBFH126_4mu_Nj_pT4l_genbin0_recobin2 acc 0.0043 eff 0.0 outinratio 0.0 

WminusH126_4mu_Nj_pT4l_genbin0_recobin2 acc 0.0044 eff 0.0 outinratio 0.0252 

WplusH126_4mu_Nj_pT4l_genbin0_recobin2 acc 0.0036 eff 0.0 outinratio 0.02 

ZH126_4mu_Nj_pT4l_genbin0_recobin2 acc 0.0033 eff 0.0 outinratio 0.1765 

ttH126_4mu_Nj_pT4l_genbin0_recobin2 acc 0.0 eff -1.0 outinratio 0.0 

ggH126_4mu_Nj_pT4l_genbin1_recobin2 acc 0.0576 eff 0.0279 outinratio 0.0102 

VBFH126_4mu_Nj_pT4l_genbin1_recobin2 acc 0.0058 eff 0.0503 outinratio 0.0 

WminusH126_4mu_Nj_pT4l_genbin1_recobin2 acc 0.0046 eff 0.0262 outinratio 0.0252 

WplusH126_4mu_Nj_pT4l_genbin1_recobin2 acc 0.0038 eff 0.0304 outinratio 0.02 

ZH126_4mu_Nj_pT4l_genbin1_recobin2 acc 0.0036 eff 0.04 outinratio 0.1765 

ttH126_4mu_Nj_pT4l_genbin1_recobin2 acc 0.0 eff -1.0 outinratio 0.0 

ggH126_4mu_Nj_pT4l_genbin2_recobin2 acc 0.0485 eff 0.521 outinratio 0.0102 

VBFH126_4mu_Nj_pT4l_genbin2_recobin2 acc 0.0075 eff 0.5695 outinratio 0.0 

WminusH126_4mu_Nj_pT4l_genbin2_recobin2 acc 0.0055 eff 0.3264 outinratio 0.0252 

WplusH126_4mu_Nj_pT4l_genbin2_recobin2 acc 0.0053 eff 0.4429 outinratio 0.02 

ZH126_4mu_Nj_pT4l_genbin2_recobin2 acc 0.0041 eff 0.4148 outinratio 0.1765 

ttH126_4mu_Nj_pT4l_genbin2_recobin2 acc 0.0 eff -1.0 outinratio 0.0 

ggH126_4mu_Nj_pT4l_genbin3_recobin2 acc 0.0495 eff 0.0281 outinratio 0.0102 

VBFH126_4mu_Nj_pT4l_genbin3_recobin2 acc 0.0101 eff 0.0484 outinratio 0.0 

WminusH126_4mu_Nj_pT4l_genbin3_recobin2 acc 0.0097 eff 0.0233 outinratio 0.0252 

WplusH126_4mu_Nj_pT4l_genbin3_recobin2 acc 0.008 eff 0.0278 outinratio 0.02 

ZH126_4mu_Nj_pT4l_genbin3_recobin2 acc 0.0078 eff 0.0124 outinratio 0.1765 

ttH126_4mu_Nj_pT4l_genbin3_recobin2 acc 0.0 eff -1.0 outinratio 0.0 

ggH126_4mu_Nj_pT4l_genbin4_recobin2 acc 0.0489 eff 0.0003 outinratio 0.0102 

VBFH126_4mu_Nj_pT4l_genbin4_recobin2 acc 0.0164 eff 0.0 outinratio 0.0 

WminusH126_4mu_Nj_pT4l_genbin4_recobin2 acc 0.0172 eff 0.0 outinratio 0.0252 

WplusH126_4mu_Nj_pT4l_genbin4_recobin2 acc 0.014 eff 0.0 outinratio 0.02 

ZH126_4mu_Nj_pT4l_genbin4_recobin2 acc 0.0139 eff 0.0 outinratio 0.1765 

ttH126_4mu_Nj_pT4l_genbin4_recobin2 acc 0.0 eff -1.0 outinratio 0.0 

ggH126_4mu_Nj_pT4l_genbin5_recobin2 acc 0.0247 eff 0.0 outinratio 0.0102 

VBFH126_4mu_Nj_pT4l_genbin5_recobin2 acc 0.0295 eff 0.0 outinratio 0.0 

WminusH126_4mu_Nj_pT4l_genbin5_recobin2 acc 0.0684 eff 0.0 outinratio 0.0252 

WplusH126_4mu_Nj_pT4l_genbin5_recobin2 acc 0.0587 eff 0.0 outinratio 0.02 

ZH126_4mu_Nj_pT4l_genbin5_recobin2 acc 0.0531 eff 0.0 outinratio 0.1765 

ttH126_4mu_Nj_pT4l_genbin5_recobin2 acc 0.0 eff -1.0 outinratio 0.0 

ggH126_4mu_Nj_pT4l_genbin6_recobin2 acc 0.0338 eff 0.013 outinratio 0.0102 

VBFH126_4mu_Nj_pT4l_genbin6_recobin2 acc 0.0366 eff 0.007 outinratio 0.0 

WminusH126_4mu_Nj_pT4l_genbin6_recobin2 acc 0.037 eff 0.0074 outinratio 0.0252 

WplusH126_4mu_Nj_pT4l_genbin6_recobin2 acc 0.0298 eff 0.0123 outinratio 0.02 

ZH126_4mu_Nj_pT4l_genbin6_recobin2 acc 0.0326 eff 0.0107 outinratio 0.1765 

ttH126_4mu_Nj_pT4l_genbin6_recobin2 acc 0.0 eff -1.0 outinratio 0.0 

ggH126_4mu_Nj_pT4l_genbin7_recobin2 acc 0.0347 eff 0.0 outinratio 0.0102 

VBFH126_4mu_Nj_pT4l_genbin7_recobin2 acc 0.0402 eff 0.0 outinratio 0.0 

WminusH126_4mu_Nj_pT4l_genbin7_recobin2 acc 0.0317 eff 0.0 outinratio 0.0252 

WplusH126_4mu_Nj_pT4l_genbin7_recobin2 acc 0.0276 eff 0.0 outinratio 0.02 

ZH126_4mu_Nj_pT4l_genbin7_recobin2 acc 0.0293 eff 0.0 outinratio 0.1765 

ttH126_4mu_Nj_pT4l_genbin7_recobin2 acc 0.0023 eff -1.0 outinratio 0.0 

ggH126_4mu_Nj_pT4l_genbin8_recobin2 acc 0.0294 eff 0.0 outinratio 0.0102 

VBFH126_4mu_Nj_pT4l_genbin8_recobin2 acc 0.0751 eff 0.0 outinratio 0.0 

WminusH126_4mu_Nj_pT4l_genbin8_recobin2 acc 0.0404 eff 0.0 outinratio 0.0252 

WplusH126_4mu_Nj_pT4l_genbin8_recobin2 acc 0.0355 eff 0.0 outinratio 0.02 

ZH126_4mu_Nj_pT4l_genbin8_recobin2 acc 0.0403 eff 0.0 outinratio 0.1765 

ttH126_4mu_Nj_pT4l_genbin8_recobin2 acc 0.0023 eff -1.0 outinratio 0.0 

ggH126_4mu_Nj_pT4l_genbin9_recobin2 acc 0.0211 eff 0.0 outinratio 0.0102 

VBFH126_4mu_Nj_pT4l_genbin9_recobin2 acc 0.0825 eff 0.0 outinratio 0.0 

WminusH126_4mu_Nj_pT4l_genbin9_recobin2 acc 0.0357 eff 0.0 outinratio 0.0252 

WplusH126_4mu_Nj_pT4l_genbin9_recobin2 acc 0.0339 eff 0.0 outinratio 0.02 

ZH126_4mu_Nj_pT4l_genbin9_recobin2 acc 0.0359 eff 0.0 outinratio 0.1765 

ttH126_4mu_Nj_pT4l_genbin9_recobin2 acc 0.016 eff -1.0 outinratio 0.0 

ggH126_4mu_Nj_pT4l_genbin10_recobin2 acc 0.0337 eff 0.0 outinratio 0.0102 

VBFH126_4mu_Nj_pT4l_genbin10_recobin2 acc 0.1461 eff 0.0 outinratio 0.0 

WminusH126_4mu_Nj_pT4l_genbin10_recobin2 acc 0.1373 eff 0.0003 outinratio 0.0252 

WplusH126_4mu_Nj_pT4l_genbin10_recobin2 acc 0.1182 eff 0.0005 outinratio 0.02 

ZH126_4mu_Nj_pT4l_genbin10_recobin2 acc 0.1412 eff 0.0003 outinratio 0.1765 

ttH126_4mu_Nj_pT4l_genbin10_recobin2 acc 0.3181 eff 0.0 outinratio 0.0 

ggH126_4mu_Nj_pT4l_genbin11_recobin2 acc 0.0119 eff 0.0 outinratio 0.0102 

VBFH126_4mu_Nj_pT4l_genbin11_recobin2 acc 0.0639 eff 0.0 outinratio 0.0 

WminusH126_4mu_Nj_pT4l_genbin11_recobin2 acc 0.0471 eff 0.0 outinratio 0.0252 

WplusH126_4mu_Nj_pT4l_genbin11_recobin2 acc 0.0489 eff 0.0 outinratio 0.02 

ZH126_4mu_Nj_pT4l_genbin11_recobin2 acc 0.0451 eff 0.0 outinratio 0.1765 

ttH126_4mu_Nj_pT4l_genbin11_recobin2 acc 0.1648 eff 0.0 outinratio 0.0 

ggH126_4mu_Nj_pT4l_genbin0_recobin3 acc 0.0808 eff 0.0 outinratio 0.006 

VBFH126_4mu_Nj_pT4l_genbin0_recobin3 acc 0.0043 eff 0.0 outinratio 0.0 

WminusH126_4mu_Nj_pT4l_genbin0_recobin3 acc 0.0044 eff 0.0 outinratio 0.0226 

WplusH126_4mu_Nj_pT4l_genbin0_recobin3 acc 0.0036 eff 0.0 outinratio 0.0101 

ZH126_4mu_Nj_pT4l_genbin0_recobin3 acc 0.0033 eff 0.0 outinratio 0.075 

ttH126_4mu_Nj_pT4l_genbin0_recobin3 acc 0.0 eff -1.0 outinratio 0.0 

ggH126_4mu_Nj_pT4l_genbin1_recobin3 acc 0.0576 eff 0.0016 outinratio 0.006 

VBFH126_4mu_Nj_pT4l_genbin1_recobin3 acc 0.0058 eff 0.0141 outinratio 0.0 

WminusH126_4mu_Nj_pT4l_genbin1_recobin3 acc 0.0046 eff 0.0 outinratio 0.0226 

WplusH126_4mu_Nj_pT4l_genbin1_recobin3 acc 0.0038 eff 0.0 outinratio 0.0101 

ZH126_4mu_Nj_pT4l_genbin1_recobin3 acc 0.0036 eff 0.0 outinratio 0.075 

ttH126_4mu_Nj_pT4l_genbin1_recobin3 acc 0.0 eff -1.0 outinratio 0.0 

ggH126_4mu_Nj_pT4l_genbin2_recobin3 acc 0.0485 eff 0.0465 outinratio 0.006 

VBFH126_4mu_Nj_pT4l_genbin2_recobin3 acc 0.0075 eff 0.0116 outinratio 0.0 

WminusH126_4mu_Nj_pT4l_genbin2_recobin3 acc 0.0055 eff 0.049 outinratio 0.0226 

WplusH126_4mu_Nj_pT4l_genbin2_recobin3 acc 0.0053 eff 0.0248 outinratio 0.0101 

ZH126_4mu_Nj_pT4l_genbin2_recobin3 acc 0.0041 eff 0.0456 outinratio 0.075 

ttH126_4mu_Nj_pT4l_genbin2_recobin3 acc 0.0 eff -1.0 outinratio 0.0 

ggH126_4mu_Nj_pT4l_genbin3_recobin3 acc 0.0495 eff 0.535 outinratio 0.006 

VBFH126_4mu_Nj_pT4l_genbin3_recobin3 acc 0.0101 eff 0.5111 outinratio 0.0 

WminusH126_4mu_Nj_pT4l_genbin3_recobin3 acc 0.0097 eff 0.4004 outinratio 0.0226 

WplusH126_4mu_Nj_pT4l_genbin3_recobin3 acc 0.008 eff 0.4378 outinratio 0.0101 

ZH126_4mu_Nj_pT4l_genbin3_recobin3 acc 0.0078 eff 0.413 outinratio 0.075 

ttH126_4mu_Nj_pT4l_genbin3_recobin3 acc 0.0 eff -1.0 outinratio 0.0 

ggH126_4mu_Nj_pT4l_genbin4_recobin3 acc 0.0489 eff 0.0267 outinratio 0.006 

VBFH126_4mu_Nj_pT4l_genbin4_recobin3 acc 0.0164 eff 0.0401 outinratio 0.0 

WminusH126_4mu_Nj_pT4l_genbin4_recobin3 acc 0.0172 eff 0.0063 outinratio 0.0226 

WplusH126_4mu_Nj_pT4l_genbin4_recobin3 acc 0.014 eff 0.0147 outinratio 0.0101 

ZH126_4mu_Nj_pT4l_genbin4_recobin3 acc 0.0139 eff 0.0053 outinratio 0.075 

ttH126_4mu_Nj_pT4l_genbin4_recobin3 acc 0.0 eff -1.0 outinratio 0.0 

ggH126_4mu_Nj_pT4l_genbin5_recobin3 acc 0.0247 eff 0.0 outinratio 0.006 

VBFH126_4mu_Nj_pT4l_genbin5_recobin3 acc 0.0295 eff 0.0 outinratio 0.0 

WminusH126_4mu_Nj_pT4l_genbin5_recobin3 acc 0.0684 eff 0.0 outinratio 0.0226 

WplusH126_4mu_Nj_pT4l_genbin5_recobin3 acc 0.0587 eff 0.0 outinratio 0.0101 

ZH126_4mu_Nj_pT4l_genbin5_recobin3 acc 0.0531 eff 0.0 outinratio 0.075 

ttH126_4mu_Nj_pT4l_genbin5_recobin3 acc 0.0 eff -1.0 outinratio 0.0 

ggH126_4mu_Nj_pT4l_genbin6_recobin3 acc 0.0338 eff 0.0426 outinratio 0.006 

VBFH126_4mu_Nj_pT4l_genbin6_recobin3 acc 0.0366 eff 0.0167 outinratio 0.0 

WminusH126_4mu_Nj_pT4l_genbin6_recobin3 acc 0.037 eff 0.0189 outinratio 0.0226 

WplusH126_4mu_Nj_pT4l_genbin6_recobin3 acc 0.0298 eff 0.0109 outinratio 0.0101 

ZH126_4mu_Nj_pT4l_genbin6_recobin3 acc 0.0326 eff 0.0172 outinratio 0.075 

ttH126_4mu_Nj_pT4l_genbin6_recobin3 acc 0.0 eff -1.0 outinratio 0.0 

ggH126_4mu_Nj_pT4l_genbin7_recobin3 acc 0.0347 eff 0.0 outinratio 0.006 

VBFH126_4mu_Nj_pT4l_genbin7_recobin3 acc 0.0402 eff 0.0 outinratio 0.0 

WminusH126_4mu_Nj_pT4l_genbin7_recobin3 acc 0.0317 eff 0.0 outinratio 0.0226 

WplusH126_4mu_Nj_pT4l_genbin7_recobin3 acc 0.0276 eff 0.0 outinratio 0.0101 

ZH126_4mu_Nj_pT4l_genbin7_recobin3 acc 0.0293 eff 0.0 outinratio 0.075 

ttH126_4mu_Nj_pT4l_genbin7_recobin3 acc 0.0023 eff -1.0 outinratio 0.0 

ggH126_4mu_Nj_pT4l_genbin8_recobin3 acc 0.0294 eff 0.0 outinratio 0.006 

VBFH126_4mu_Nj_pT4l_genbin8_recobin3 acc 0.0751 eff 0.0 outinratio 0.0 

WminusH126_4mu_Nj_pT4l_genbin8_recobin3 acc 0.0404 eff 0.0 outinratio 0.0226 

WplusH126_4mu_Nj_pT4l_genbin8_recobin3 acc 0.0355 eff 0.0 outinratio 0.0101 

ZH126_4mu_Nj_pT4l_genbin8_recobin3 acc 0.0403 eff 0.0 outinratio 0.075 

ttH126_4mu_Nj_pT4l_genbin8_recobin3 acc 0.0023 eff -1.0 outinratio 0.0 

ggH126_4mu_Nj_pT4l_genbin9_recobin3 acc 0.0211 eff 0.0 outinratio 0.006 

VBFH126_4mu_Nj_pT4l_genbin9_recobin3 acc 0.0825 eff 0.0 outinratio 0.0 

WminusH126_4mu_Nj_pT4l_genbin9_recobin3 acc 0.0357 eff 0.0 outinratio 0.0226 

WplusH126_4mu_Nj_pT4l_genbin9_recobin3 acc 0.0339 eff 0.0 outinratio 0.0101 

ZH126_4mu_Nj_pT4l_genbin9_recobin3 acc 0.0359 eff 0.0 outinratio 0.075 

ttH126_4mu_Nj_pT4l_genbin9_recobin3 acc 0.016 eff -1.0 outinratio 0.0 

ggH126_4mu_Nj_pT4l_genbin10_recobin3 acc 0.0337 eff 0.0 outinratio 0.006 

VBFH126_4mu_Nj_pT4l_genbin10_recobin3 acc 0.1461 eff 0.0 outinratio 0.0 

WminusH126_4mu_Nj_pT4l_genbin10_recobin3 acc 0.1373 eff 0.0001 outinratio 0.0226 

WplusH126_4mu_Nj_pT4l_genbin10_recobin3 acc 0.1182 eff 0.0008 outinratio 0.0101 

ZH126_4mu_Nj_pT4l_genbin10_recobin3 acc 0.1412 eff 0.0 outinratio 0.075 

ttH126_4mu_Nj_pT4l_genbin10_recobin3 acc 0.3181 eff 0.0 outinratio 0.0 

ggH126_4mu_Nj_pT4l_genbin11_recobin3 acc 0.0119 eff 0.0 outinratio 0.006 

VBFH126_4mu_Nj_pT4l_genbin11_recobin3 acc 0.0639 eff 0.0 outinratio 0.0 

WminusH126_4mu_Nj_pT4l_genbin11_recobin3 acc 0.0471 eff 0.0 outinratio 0.0226 

WplusH126_4mu_Nj_pT4l_genbin11_recobin3 acc 0.0489 eff 0.0 outinratio 0.0101 

ZH126_4mu_Nj_pT4l_genbin11_recobin3 acc 0.0451 eff 0.0 outinratio 0.075 

ttH126_4mu_Nj_pT4l_genbin11_recobin3 acc 0.1648 eff 0.0 outinratio 0.0 

ggH126_4mu_Nj_pT4l_genbin0_recobin4 acc 0.0808 eff 0.0 outinratio 0.0006 

VBFH126_4mu_Nj_pT4l_genbin0_recobin4 acc 0.0043 eff 0.0 outinratio 0.0063 

WminusH126_4mu_Nj_pT4l_genbin0_recobin4 acc 0.0044 eff 0.0 outinratio 0.007 

WplusH126_4mu_Nj_pT4l_genbin0_recobin4 acc 0.0036 eff 0.0 outinratio 0.0066 

ZH126_4mu_Nj_pT4l_genbin0_recobin4 acc 0.0033 eff 0.0 outinratio 0.0436 

ttH126_4mu_Nj_pT4l_genbin0_recobin4 acc 0.0 eff -1.0 outinratio 0.0 

ggH126_4mu_Nj_pT4l_genbin1_recobin4 acc 0.0576 eff 0.0 outinratio 0.0006 

VBFH126_4mu_Nj_pT4l_genbin1_recobin4 acc 0.0058 eff 0.0 outinratio 0.0063 

WminusH126_4mu_Nj_pT4l_genbin1_recobin4 acc 0.0046 eff 0.0 outinratio 0.007 

WplusH126_4mu_Nj_pT4l_genbin1_recobin4 acc 0.0038 eff 0.0 outinratio 0.0066 

ZH126_4mu_Nj_pT4l_genbin1_recobin4 acc 0.0036 eff 0.0 outinratio 0.0436 

ttH126_4mu_Nj_pT4l_genbin1_recobin4 acc 0.0 eff -1.0 outinratio 0.0 

ggH126_4mu_Nj_pT4l_genbin2_recobin4 acc 0.0485 eff 0.0 outinratio 0.0006 

VBFH126_4mu_Nj_pT4l_genbin2_recobin4 acc 0.0075 eff 0.0 outinratio 0.0063 

WminusH126_4mu_Nj_pT4l_genbin2_recobin4 acc 0.0055 eff 0.0014 outinratio 0.007 

WplusH126_4mu_Nj_pT4l_genbin2_recobin4 acc 0.0053 eff 0.0 outinratio 0.0066 

ZH126_4mu_Nj_pT4l_genbin2_recobin4 acc 0.0041 eff 0.0 outinratio 0.0436 

ttH126_4mu_Nj_pT4l_genbin2_recobin4 acc 0.0 eff -1.0 outinratio 0.0 

ggH126_4mu_Nj_pT4l_genbin3_recobin4 acc 0.0495 eff 0.0134 outinratio 0.0006 

VBFH126_4mu_Nj_pT4l_genbin3_recobin4 acc 0.0101 eff 0.0083 outinratio 0.0063 

WminusH126_4mu_Nj_pT4l_genbin3_recobin4 acc 0.0097 eff 0.0084 outinratio 0.007 

WplusH126_4mu_Nj_pT4l_genbin3_recobin4 acc 0.008 eff 0.0152 outinratio 0.0066 

ZH126_4mu_Nj_pT4l_genbin3_recobin4 acc 0.0078 eff 0.0487 outinratio 0.0436 

ttH126_4mu_Nj_pT4l_genbin3_recobin4 acc 0.0 eff -1.0 outinratio 0.0 

ggH126_4mu_Nj_pT4l_genbin4_recobin4 acc 0.0489 eff 0.4879 outinratio 0.0006 

VBFH126_4mu_Nj_pT4l_genbin4_recobin4 acc 0.0164 eff 0.3935 outinratio 0.0063 

WminusH126_4mu_Nj_pT4l_genbin4_recobin4 acc 0.0172 eff 0.4192 outinratio 0.007 

WplusH126_4mu_Nj_pT4l_genbin4_recobin4 acc 0.014 eff 0.4315 outinratio 0.0066 

ZH126_4mu_Nj_pT4l_genbin4_recobin4 acc 0.0139 eff 0.5194 outinratio 0.0436 

ttH126_4mu_Nj_pT4l_genbin4_recobin4 acc 0.0 eff -1.0 outinratio 0.0 

ggH126_4mu_Nj_pT4l_genbin5_recobin4 acc 0.0247 eff 0.0144 outinratio 0.0006 

VBFH126_4mu_Nj_pT4l_genbin5_recobin4 acc 0.0295 eff 0.0062 outinratio 0.0063 

WminusH126_4mu_Nj_pT4l_genbin5_recobin4 acc 0.0684 eff 0.0032 outinratio 0.007 

WplusH126_4mu_Nj_pT4l_genbin5_recobin4 acc 0.0587 eff 0.0021 outinratio 0.0066 

ZH126_4mu_Nj_pT4l_genbin5_recobin4 acc 0.0531 eff 0.0032 outinratio 0.0436 

ttH126_4mu_Nj_pT4l_genbin5_recobin4 acc 0.0 eff -1.0 outinratio 0.0 

ggH126_4mu_Nj_pT4l_genbin6_recobin4 acc 0.0338 eff 0.0901 outinratio 0.0006 

VBFH126_4mu_Nj_pT4l_genbin6_recobin4 acc 0.0366 eff 0.0962 outinratio 0.0063 

WminusH126_4mu_Nj_pT4l_genbin6_recobin4 acc 0.037 eff 0.0412 outinratio 0.007 

WplusH126_4mu_Nj_pT4l_genbin6_recobin4 acc 0.0298 eff 0.0383 outinratio 0.0066 

ZH126_4mu_Nj_pT4l_genbin6_recobin4 acc 0.0326 eff 0.0328 outinratio 0.0436 

ttH126_4mu_Nj_pT4l_genbin6_recobin4 acc 0.0 eff -1.0 outinratio 0.0 

ggH126_4mu_Nj_pT4l_genbin7_recobin4 acc 0.0347 eff 0.0059 outinratio 0.0006 

VBFH126_4mu_Nj_pT4l_genbin7_recobin4 acc 0.0402 eff 0.0 outinratio 0.0063 

WminusH126_4mu_Nj_pT4l_genbin7_recobin4 acc 0.0317 eff 0.0022 outinratio 0.007 

WplusH126_4mu_Nj_pT4l_genbin7_recobin4 acc 0.0276 eff 0.0082 outinratio 0.0066 

ZH126_4mu_Nj_pT4l_genbin7_recobin4 acc 0.0293 eff 0.0035 outinratio 0.0436 

ttH126_4mu_Nj_pT4l_genbin7_recobin4 acc 0.0023 eff -1.0 outinratio 0.0 

ggH126_4mu_Nj_pT4l_genbin8_recobin4 acc 0.0294 eff 0.0 outinratio 0.0006 

VBFH126_4mu_Nj_pT4l_genbin8_recobin4 acc 0.0751 eff 0.0 outinratio 0.0063 

WminusH126_4mu_Nj_pT4l_genbin8_recobin4 acc 0.0404 eff 0.0 outinratio 0.007 

WplusH126_4mu_Nj_pT4l_genbin8_recobin4 acc 0.0355 eff 0.0 outinratio 0.0066 

ZH126_4mu_Nj_pT4l_genbin8_recobin4 acc 0.0403 eff 0.0 outinratio 0.0436 

ttH126_4mu_Nj_pT4l_genbin8_recobin4 acc 0.0023 eff -1.0 outinratio 0.0 

ggH126_4mu_Nj_pT4l_genbin9_recobin4 acc 0.0211 eff 0.0 outinratio 0.0006 

VBFH126_4mu_Nj_pT4l_genbin9_recobin4 acc 0.0825 eff 0.0 outinratio 0.0063 

WminusH126_4mu_Nj_pT4l_genbin9_recobin4 acc 0.0357 eff 0.0 outinratio 0.007 

WplusH126_4mu_Nj_pT4l_genbin9_recobin4 acc 0.0339 eff 0.0 outinratio 0.0066 

ZH126_4mu_Nj_pT4l_genbin9_recobin4 acc 0.0359 eff 0.0 outinratio 0.0436 

ttH126_4mu_Nj_pT4l_genbin9_recobin4 acc 0.016 eff -1.0 outinratio 0.0 

ggH126_4mu_Nj_pT4l_genbin10_recobin4 acc 0.0337 eff 0.0009 outinratio 0.0006 

VBFH126_4mu_Nj_pT4l_genbin10_recobin4 acc 0.1461 eff 0.0013 outinratio 0.0063 

WminusH126_4mu_Nj_pT4l_genbin10_recobin4 acc 0.1373 eff 0.0 outinratio 0.007 

WplusH126_4mu_Nj_pT4l_genbin10_recobin4 acc 0.1182 eff 0.0011 outinratio 0.0066 

ZH126_4mu_Nj_pT4l_genbin10_recobin4 acc 0.1412 eff 0.0029 outinratio 0.0436 

ttH126_4mu_Nj_pT4l_genbin10_recobin4 acc 0.3181 eff 0.0 outinratio 0.0 

ggH126_4mu_Nj_pT4l_genbin11_recobin4 acc 0.0119 eff 0.0 outinratio 0.0006 

VBFH126_4mu_Nj_pT4l_genbin11_recobin4 acc 0.0639 eff 0.0 outinratio 0.0063 

WminusH126_4mu_Nj_pT4l_genbin11_recobin4 acc 0.0471 eff 0.0 outinratio 0.007 

WplusH126_4mu_Nj_pT4l_genbin11_recobin4 acc 0.0489 eff 0.0 outinratio 0.0066 

ZH126_4mu_Nj_pT4l_genbin11_recobin4 acc 0.0451 eff 0.0 outinratio 0.0436 

ttH126_4mu_Nj_pT4l_genbin11_recobin4 acc 0.1648 eff 0.0 outinratio 0.0 

ggH126_4mu_Nj_pT4l_genbin0_recobin5 acc 0.0808 eff 0.0 outinratio 0.007 

VBFH126_4mu_Nj_pT4l_genbin0_recobin5 acc 0.0043 eff 0.0 outinratio 0.0065 

WminusH126_4mu_Nj_pT4l_genbin0_recobin5 acc 0.0044 eff 0.0 outinratio 0.0274 

WplusH126_4mu_Nj_pT4l_genbin0_recobin5 acc 0.0036 eff 0.0 outinratio 0.0207 

ZH126_4mu_Nj_pT4l_genbin0_recobin5 acc 0.0033 eff 0.0 outinratio 0.0827 

ttH126_4mu_Nj_pT4l_genbin0_recobin5 acc 0.0 eff -1.0 outinratio 0.0 

ggH126_4mu_Nj_pT4l_genbin1_recobin5 acc 0.0576 eff 0.0 outinratio 0.007 

VBFH126_4mu_Nj_pT4l_genbin1_recobin5 acc 0.0058 eff 0.0 outinratio 0.0065 

WminusH126_4mu_Nj_pT4l_genbin1_recobin5 acc 0.0046 eff 0.0 outinratio 0.0274 

WplusH126_4mu_Nj_pT4l_genbin1_recobin5 acc 0.0038 eff 0.0 outinratio 0.0207 

ZH126_4mu_Nj_pT4l_genbin1_recobin5 acc 0.0036 eff 0.0 outinratio 0.0827 

ttH126_4mu_Nj_pT4l_genbin1_recobin5 acc 0.0 eff -1.0 outinratio 0.0 

ggH126_4mu_Nj_pT4l_genbin2_recobin5 acc 0.0485 eff 0.0 outinratio 0.007 

VBFH126_4mu_Nj_pT4l_genbin2_recobin5 acc 0.0075 eff 0.0 outinratio 0.0065 

WminusH126_4mu_Nj_pT4l_genbin2_recobin5 acc 0.0055 eff 0.0 outinratio 0.0274 

WplusH126_4mu_Nj_pT4l_genbin2_recobin5 acc 0.0053 eff 0.0 outinratio 0.0207 

ZH126_4mu_Nj_pT4l_genbin2_recobin5 acc 0.0041 eff 0.0 outinratio 0.0827 

ttH126_4mu_Nj_pT4l_genbin2_recobin5 acc 0.0 eff -1.0 outinratio 0.0 

ggH126_4mu_Nj_pT4l_genbin3_recobin5 acc 0.0495 eff 0.0 outinratio 0.007 

VBFH126_4mu_Nj_pT4l_genbin3_recobin5 acc 0.0101 eff 0.0 outinratio 0.0065 

WminusH126_4mu_Nj_pT4l_genbin3_recobin5 acc 0.0097 eff 0.0 outinratio 0.0274 

WplusH126_4mu_Nj_pT4l_genbin3_recobin5 acc 0.008 eff 0.0 outinratio 0.0207 

ZH126_4mu_Nj_pT4l_genbin3_recobin5 acc 0.0078 eff 0.0 outinratio 0.0827 

ttH126_4mu_Nj_pT4l_genbin3_recobin5 acc 0.0 eff -1.0 outinratio 0.0 

ggH126_4mu_Nj_pT4l_genbin4_recobin5 acc 0.0489 eff 0.0096 outinratio 0.007 

VBFH126_4mu_Nj_pT4l_genbin4_recobin5 acc 0.0164 eff 0.0168 outinratio 0.0065 

WminusH126_4mu_Nj_pT4l_genbin4_recobin5 acc 0.0172 eff 0.0127 outinratio 0.0274 

WplusH126_4mu_Nj_pT4l_genbin4_recobin5 acc 0.014 eff 0.0158 outinratio 0.0207 

ZH126_4mu_Nj_pT4l_genbin4_recobin5 acc 0.0139 eff 0.0121 outinratio 0.0827 

ttH126_4mu_Nj_pT4l_genbin4_recobin5 acc 0.0 eff -1.0 outinratio 0.0 

ggH126_4mu_Nj_pT4l_genbin5_recobin5 acc 0.0247 eff 0.4251 outinratio 0.007 

VBFH126_4mu_Nj_pT4l_genbin5_recobin5 acc 0.0295 eff 0.3871 outinratio 0.0065 

WminusH126_4mu_Nj_pT4l_genbin5_recobin5 acc 0.0684 eff 0.4442 outinratio 0.0274 

WplusH126_4mu_Nj_pT4l_genbin5_recobin5 acc 0.0587 eff 0.4621 outinratio 0.0207 

ZH126_4mu_Nj_pT4l_genbin5_recobin5 acc 0.0531 eff 0.59 outinratio 0.0827 

ttH126_4mu_Nj_pT4l_genbin5_recobin5 acc 0.0 eff -1.0 outinratio 0.0 

ggH126_4mu_Nj_pT4l_genbin6_recobin5 acc 0.0338 eff 0.0007 outinratio 0.007 

VBFH126_4mu_Nj_pT4l_genbin6_recobin5 acc 0.0366 eff 0.0 outinratio 0.0065 

WminusH126_4mu_Nj_pT4l_genbin6_recobin5 acc 0.037 eff 0.0 outinratio 0.0274 

WplusH126_4mu_Nj_pT4l_genbin6_recobin5 acc 0.0298 eff 0.001 outinratio 0.0207 

ZH126_4mu_Nj_pT4l_genbin6_recobin5 acc 0.0326 eff 0.0 outinratio 0.0827 

ttH126_4mu_Nj_pT4l_genbin6_recobin5 acc 0.0 eff -1.0 outinratio 0.0 

ggH126_4mu_Nj_pT4l_genbin7_recobin5 acc 0.0347 eff 0.0979 outinratio 0.007 

VBFH126_4mu_Nj_pT4l_genbin7_recobin5 acc 0.0402 eff 0.0549 outinratio 0.0065 

WminusH126_4mu_Nj_pT4l_genbin7_recobin5 acc 0.0317 eff 0.0483 outinratio 0.0274 

WplusH126_4mu_Nj_pT4l_genbin7_recobin5 acc 0.0276 eff 0.0558 outinratio 0.0207 

ZH126_4mu_Nj_pT4l_genbin7_recobin5 acc 0.0293 eff 0.0584 outinratio 0.0827 

ttH126_4mu_Nj_pT4l_genbin7_recobin5 acc 0.0023 eff -1.0 outinratio 0.0 

ggH126_4mu_Nj_pT4l_genbin8_recobin5 acc 0.0294 eff 0.0575 outinratio 0.007 

VBFH126_4mu_Nj_pT4l_genbin8_recobin5 acc 0.0751 eff 0.0557 outinratio 0.0065 

WminusH126_4mu_Nj_pT4l_genbin8_recobin5 acc 0.0404 eff 0.0402 outinratio 0.0274 

WplusH126_4mu_Nj_pT4l_genbin8_recobin5 acc 0.0355 eff 0.0348 outinratio 0.0207 

ZH126_4mu_Nj_pT4l_genbin8_recobin5 acc 0.0403 eff 0.0324 outinratio 0.0827 

ttH126_4mu_Nj_pT4l_genbin8_recobin5 acc 0.0023 eff -1.0 outinratio 0.0 

ggH126_4mu_Nj_pT4l_genbin9_recobin5 acc 0.0211 eff 0.0061 outinratio 0.007 

VBFH126_4mu_Nj_pT4l_genbin9_recobin5 acc 0.0825 eff 0.0101 outinratio 0.0065 

WminusH126_4mu_Nj_pT4l_genbin9_recobin5 acc 0.0357 eff 0.0209 outinratio 0.0274 

WplusH126_4mu_Nj_pT4l_genbin9_recobin5 acc 0.0339 eff 0.0214 outinratio 0.0207 

ZH126_4mu_Nj_pT4l_genbin9_recobin5 acc 0.0359 eff 0.0295 outinratio 0.0827 

ttH126_4mu_Nj_pT4l_genbin9_recobin5 acc 0.016 eff -1.0 outinratio 0.0 

ggH126_4mu_Nj_pT4l_genbin10_recobin5 acc 0.0337 eff 0.0132 outinratio 0.007 

VBFH126_4mu_Nj_pT4l_genbin10_recobin5 acc 0.1461 eff 0.0067 outinratio 0.0065 

WminusH126_4mu_Nj_pT4l_genbin10_recobin5 acc 0.1373 eff 0.0047 outinratio 0.0274 

WplusH126_4mu_Nj_pT4l_genbin10_recobin5 acc 0.1182 eff 0.0037 outinratio 0.0207 

ZH126_4mu_Nj_pT4l_genbin10_recobin5 acc 0.1412 eff 0.0059 outinratio 0.0827 

ttH126_4mu_Nj_pT4l_genbin10_recobin5 acc 0.3181 eff 0.0 outinratio 0.0 

ggH126_4mu_Nj_pT4l_genbin11_recobin5 acc 0.0119 eff 0.0022 outinratio 0.007 

VBFH126_4mu_Nj_pT4l_genbin11_recobin5 acc 0.0639 eff 0.0 outinratio 0.0065 

WminusH126_4mu_Nj_pT4l_genbin11_recobin5 acc 0.0471 eff 0.0 outinratio 0.0274 

WplusH126_4mu_Nj_pT4l_genbin11_recobin5 acc 0.0489 eff 0.0005 outinratio 0.0207 

ZH126_4mu_Nj_pT4l_genbin11_recobin5 acc 0.0451 eff 0.0 outinratio 0.0827 

ttH126_4mu_Nj_pT4l_genbin11_recobin5 acc 0.1648 eff 0.0 outinratio 0.0 

ggH126_4mu_Nj_pT4l_genbin0_recobin6 acc 0.0808 eff 0.0405 outinratio 0.0062 

VBFH126_4mu_Nj_pT4l_genbin0_recobin6 acc 0.0043 eff 0.1556 outinratio 0.0 

WminusH126_4mu_Nj_pT4l_genbin0_recobin6 acc 0.0044 eff 0.2191 outinratio 0.013 

WplusH126_4mu_Nj_pT4l_genbin0_recobin6 acc 0.0036 eff 0.1103 outinratio 0.0102 

ZH126_4mu_Nj_pT4l_genbin0_recobin6 acc 0.0033 eff 0.0995 outinratio 0.094 

ttH126_4mu_Nj_pT4l_genbin0_recobin6 acc 0.0 eff -1.0 outinratio 0.0 

ggH126_4mu_Nj_pT4l_genbin1_recobin6 acc 0.0576 eff 0.0536 outinratio 0.0062 

VBFH126_4mu_Nj_pT4l_genbin1_recobin6 acc 0.0058 eff 0.1417 outinratio 0.0 

WminusH126_4mu_Nj_pT4l_genbin1_recobin6 acc 0.0046 eff 0.1367 outinratio 0.013 

WplusH126_4mu_Nj_pT4l_genbin1_recobin6 acc 0.0038 eff 0.1163 outinratio 0.0102 

ZH126_4mu_Nj_pT4l_genbin1_recobin6 acc 0.0036 eff 0.1529 outinratio 0.094 

ttH126_4mu_Nj_pT4l_genbin1_recobin6 acc 0.0 eff -1.0 outinratio 0.0 

ggH126_4mu_Nj_pT4l_genbin2_recobin6 acc 0.0485 eff 0.0656 outinratio 0.0062 

VBFH126_4mu_Nj_pT4l_genbin2_recobin6 acc 0.0075 eff 0.1145 outinratio 0.0 

WminusH126_4mu_Nj_pT4l_genbin2_recobin6 acc 0.0055 eff 0.1754 outinratio 0.013 

WplusH126_4mu_Nj_pT4l_genbin2_recobin6 acc 0.0053 eff 0.1238 outinratio 0.0102 

ZH126_4mu_Nj_pT4l_genbin2_recobin6 acc 0.0041 eff 0.0625 outinratio 0.094 

ttH126_4mu_Nj_pT4l_genbin2_recobin6 acc 0.0 eff -1.0 outinratio 0.0 

ggH126_4mu_Nj_pT4l_genbin3_recobin6 acc 0.0495 eff 0.0984 outinratio 0.0062 

VBFH126_4mu_Nj_pT4l_genbin3_recobin6 acc 0.0101 eff 0.125 outinratio 0.0 

WminusH126_4mu_Nj_pT4l_genbin3_recobin6 acc 0.0097 eff 0.1383 outinratio 0.013 

WplusH126_4mu_Nj_pT4l_genbin3_recobin6 acc 0.008 eff 0.1382 outinratio 0.0102 

ZH126_4mu_Nj_pT4l_genbin3_recobin6 acc 0.0078 eff 0.1134 outinratio 0.094 

ttH126_4mu_Nj_pT4l_genbin3_recobin6 acc 0.0 eff -1.0 outinratio 0.0 

ggH126_4mu_Nj_pT4l_genbin4_recobin6 acc 0.0489 eff 0.1057 outinratio 0.0062 

VBFH126_4mu_Nj_pT4l_genbin4_recobin6 acc 0.0164 eff 0.1266 outinratio 0.0 

WminusH126_4mu_Nj_pT4l_genbin4_recobin6 acc 0.0172 eff 0.1777 outinratio 0.013 

WplusH126_4mu_Nj_pT4l_genbin4_recobin6 acc 0.014 eff 0.1346 outinratio 0.0102 

ZH126_4mu_Nj_pT4l_genbin4_recobin6 acc 0.0139 eff 0.1003 outinratio 0.094 

ttH126_4mu_Nj_pT4l_genbin4_recobin6 acc 0.0 eff -1.0 outinratio 0.0 

ggH126_4mu_Nj_pT4l_genbin5_recobin6 acc 0.0247 eff 0.004 outinratio 0.0062 

VBFH126_4mu_Nj_pT4l_genbin5_recobin6 acc 0.0295 eff 0.001 outinratio 0.0 

WminusH126_4mu_Nj_pT4l_genbin5_recobin6 acc 0.0684 eff 0.0 outinratio 0.013 

WplusH126_4mu_Nj_pT4l_genbin5_recobin6 acc 0.0587 eff 0.0002 outinratio 0.0102 

ZH126_4mu_Nj_pT4l_genbin5_recobin6 acc 0.0531 eff 0.0028 outinratio 0.094 

ttH126_4mu_Nj_pT4l_genbin5_recobin6 acc 0.0 eff -1.0 outinratio 0.0 

ggH126_4mu_Nj_pT4l_genbin6_recobin6 acc 0.0338 eff 0.4204 outinratio 0.0062 

VBFH126_4mu_Nj_pT4l_genbin6_recobin6 acc 0.0366 eff 0.4445 outinratio 0.0 

WminusH126_4mu_Nj_pT4l_genbin6_recobin6 acc 0.037 eff 0.3876 outinratio 0.013 

WplusH126_4mu_Nj_pT4l_genbin6_recobin6 acc 0.0298 eff 0.3802 outinratio 0.0102 

ZH126_4mu_Nj_pT4l_genbin6_recobin6 acc 0.0326 eff 0.3695 outinratio 0.094 

ttH126_4mu_Nj_pT4l_genbin6_recobin6 acc 0.0 eff -1.0 outinratio 0.0 

ggH126_4mu_Nj_pT4l_genbin7_recobin6 acc 0.0347 eff 0.008 outinratio 0.0062 

VBFH126_4mu_Nj_pT4l_genbin7_recobin6 acc 0.0402 eff 0.019 outinratio 0.0 

WminusH126_4mu_Nj_pT4l_genbin7_recobin6 acc 0.0317 eff 0.0073 outinratio 0.013 

WplusH126_4mu_Nj_pT4l_genbin7_recobin6 acc 0.0276 eff 0.0105 outinratio 0.0102 

ZH126_4mu_Nj_pT4l_genbin7_recobin6 acc 0.0293 eff 0.0106 outinratio 0.094 

ttH126_4mu_Nj_pT4l_genbin7_recobin6 acc 0.0023 eff -1.0 outinratio 0.0 

ggH126_4mu_Nj_pT4l_genbin8_recobin6 acc 0.0294 eff 0.0 outinratio 0.0062 

VBFH126_4mu_Nj_pT4l_genbin8_recobin6 acc 0.0751 eff 0.0 outinratio 0.0 

WminusH126_4mu_Nj_pT4l_genbin8_recobin6 acc 0.0404 eff 0.0 outinratio 0.013 

WplusH126_4mu_Nj_pT4l_genbin8_recobin6 acc 0.0355 eff 0.0 outinratio 0.0102 

ZH126_4mu_Nj_pT4l_genbin8_recobin6 acc 0.0403 eff 0.0 outinratio 0.094 

ttH126_4mu_Nj_pT4l_genbin8_recobin6 acc 0.0023 eff -1.0 outinratio 0.0 

ggH126_4mu_Nj_pT4l_genbin9_recobin6 acc 0.0211 eff 0.0 outinratio 0.0062 

VBFH126_4mu_Nj_pT4l_genbin9_recobin6 acc 0.0825 eff 0.0 outinratio 0.0 

WminusH126_4mu_Nj_pT4l_genbin9_recobin6 acc 0.0357 eff 0.0 outinratio 0.013 

WplusH126_4mu_Nj_pT4l_genbin9_recobin6 acc 0.0339 eff 0.0 outinratio 0.0102 

ZH126_4mu_Nj_pT4l_genbin9_recobin6 acc 0.0359 eff 0.0 outinratio 0.094 

ttH126_4mu_Nj_pT4l_genbin9_recobin6 acc 0.016 eff -1.0 outinratio 0.0 

ggH126_4mu_Nj_pT4l_genbin10_recobin6 acc 0.0337 eff 0.0305 outinratio 0.0062 

VBFH126_4mu_Nj_pT4l_genbin10_recobin6 acc 0.1461 eff 0.0222 outinratio 0.0 

WminusH126_4mu_Nj_pT4l_genbin10_recobin6 acc 0.1373 eff 0.0192 outinratio 0.013 

WplusH126_4mu_Nj_pT4l_genbin10_recobin6 acc 0.1182 eff 0.0199 outinratio 0.0102 

ZH126_4mu_Nj_pT4l_genbin10_recobin6 acc 0.1412 eff 0.0325 outinratio 0.094 

ttH126_4mu_Nj_pT4l_genbin10_recobin6 acc 0.3181 eff 0.0 outinratio 0.0 

ggH126_4mu_Nj_pT4l_genbin11_recobin6 acc 0.0119 eff 0.0 outinratio 0.0062 

VBFH126_4mu_Nj_pT4l_genbin11_recobin6 acc 0.0639 eff 0.0 outinratio 0.0 

WminusH126_4mu_Nj_pT4l_genbin11_recobin6 acc 0.0471 eff 0.0 outinratio 0.013 

WplusH126_4mu_Nj_pT4l_genbin11_recobin6 acc 0.0489 eff 0.0 outinratio 0.0102 

ZH126_4mu_Nj_pT4l_genbin11_recobin6 acc 0.0451 eff 0.0 outinratio 0.094 

ttH126_4mu_Nj_pT4l_genbin11_recobin6 acc 0.1648 eff 0.0 outinratio 0.0 

ggH126_4mu_Nj_pT4l_genbin0_recobin7 acc 0.0808 eff 0.0 outinratio 0.0039 

VBFH126_4mu_Nj_pT4l_genbin0_recobin7 acc 0.0043 eff 0.0 outinratio 0.0036 

WminusH126_4mu_Nj_pT4l_genbin0_recobin7 acc 0.0044 eff 0.0 outinratio 0.0192 

WplusH126_4mu_Nj_pT4l_genbin0_recobin7 acc 0.0036 eff 0.0 outinratio 0.007 

ZH126_4mu_Nj_pT4l_genbin0_recobin7 acc 0.0033 eff 0.0 outinratio 0.0789 

ttH126_4mu_Nj_pT4l_genbin0_recobin7 acc 0.0 eff -1.0 outinratio 0.0 

ggH126_4mu_Nj_pT4l_genbin1_recobin7 acc 0.0576 eff 0.0 outinratio 0.0039 

VBFH126_4mu_Nj_pT4l_genbin1_recobin7 acc 0.0058 eff 0.0 outinratio 0.0036 

WminusH126_4mu_Nj_pT4l_genbin1_recobin7 acc 0.0046 eff 0.0 outinratio 0.0192 

WplusH126_4mu_Nj_pT4l_genbin1_recobin7 acc 0.0038 eff 0.0 outinratio 0.007 

ZH126_4mu_Nj_pT4l_genbin1_recobin7 acc 0.0036 eff 0.0 outinratio 0.0789 

ttH126_4mu_Nj_pT4l_genbin1_recobin7 acc 0.0 eff -1.0 outinratio 0.0 

ggH126_4mu_Nj_pT4l_genbin2_recobin7 acc 0.0485 eff 0.0 outinratio 0.0039 

VBFH126_4mu_Nj_pT4l_genbin2_recobin7 acc 0.0075 eff 0.0 outinratio 0.0036 

WminusH126_4mu_Nj_pT4l_genbin2_recobin7 acc 0.0055 eff 0.0 outinratio 0.0192 

WplusH126_4mu_Nj_pT4l_genbin2_recobin7 acc 0.0053 eff 0.0 outinratio 0.007 

ZH126_4mu_Nj_pT4l_genbin2_recobin7 acc 0.0041 eff 0.0 outinratio 0.0789 

ttH126_4mu_Nj_pT4l_genbin2_recobin7 acc 0.0 eff -1.0 outinratio 0.0 

ggH126_4mu_Nj_pT4l_genbin3_recobin7 acc 0.0495 eff 0.0 outinratio 0.0039 

VBFH126_4mu_Nj_pT4l_genbin3_recobin7 acc 0.0101 eff 0.0 outinratio 0.0036 

WminusH126_4mu_Nj_pT4l_genbin3_recobin7 acc 0.0097 eff 0.0 outinratio 0.0192 

WplusH126_4mu_Nj_pT4l_genbin3_recobin7 acc 0.008 eff 0.0 outinratio 0.007 

ZH126_4mu_Nj_pT4l_genbin3_recobin7 acc 0.0078 eff 0.0 outinratio 0.0789 

ttH126_4mu_Nj_pT4l_genbin3_recobin7 acc 0.0 eff -1.0 outinratio 0.0 

ggH126_4mu_Nj_pT4l_genbin4_recobin7 acc 0.0489 eff 0.0097 outinratio 0.0039 

VBFH126_4mu_Nj_pT4l_genbin4_recobin7 acc 0.0164 eff 0.0069 outinratio 0.0036 

WminusH126_4mu_Nj_pT4l_genbin4_recobin7 acc 0.0172 eff 0.0071 outinratio 0.0192 

WplusH126_4mu_Nj_pT4l_genbin4_recobin7 acc 0.014 eff 0.0154 outinratio 0.007 

ZH126_4mu_Nj_pT4l_genbin4_recobin7 acc 0.0139 eff 0.0 outinratio 0.0789 

ttH126_4mu_Nj_pT4l_genbin4_recobin7 acc 0.0 eff -1.0 outinratio 0.0 

ggH126_4mu_Nj_pT4l_genbin5_recobin7 acc 0.0247 eff 0.1409 outinratio 0.0039 

VBFH126_4mu_Nj_pT4l_genbin5_recobin7 acc 0.0295 eff 0.1203 outinratio 0.0036 

WminusH126_4mu_Nj_pT4l_genbin5_recobin7 acc 0.0684 eff 0.0382 outinratio 0.0192 

WplusH126_4mu_Nj_pT4l_genbin5_recobin7 acc 0.0587 eff 0.0352 outinratio 0.007 

ZH126_4mu_Nj_pT4l_genbin5_recobin7 acc 0.0531 eff 0.0243 outinratio 0.0789 

ttH126_4mu_Nj_pT4l_genbin5_recobin7 acc 0.0 eff -1.0 outinratio 0.0 

ggH126_4mu_Nj_pT4l_genbin6_recobin7 acc 0.0338 eff 0.0051 outinratio 0.0039 

VBFH126_4mu_Nj_pT4l_genbin6_recobin7 acc 0.0366 eff 0.005 outinratio 0.0036 

WminusH126_4mu_Nj_pT4l_genbin6_recobin7 acc 0.037 eff 0.0067 outinratio 0.0192 

WplusH126_4mu_Nj_pT4l_genbin6_recobin7 acc 0.0298 eff 0.0033 outinratio 0.007 

ZH126_4mu_Nj_pT4l_genbin6_recobin7 acc 0.0326 eff 0.002 outinratio 0.0789 

ttH126_4mu_Nj_pT4l_genbin6_recobin7 acc 0.0 eff -1.0 outinratio 0.0 

ggH126_4mu_Nj_pT4l_genbin7_recobin7 acc 0.0347 eff 0.4811 outinratio 0.0039 

VBFH126_4mu_Nj_pT4l_genbin7_recobin7 acc 0.0402 eff 0.4807 outinratio 0.0036 

WminusH126_4mu_Nj_pT4l_genbin7_recobin7 acc 0.0317 eff 0.4052 outinratio 0.0192 

WplusH126_4mu_Nj_pT4l_genbin7_recobin7 acc 0.0276 eff 0.4373 outinratio 0.007 

ZH126_4mu_Nj_pT4l_genbin7_recobin7 acc 0.0293 eff 0.4017 outinratio 0.0789 

ttH126_4mu_Nj_pT4l_genbin7_recobin7 acc 0.0023 eff -1.0 outinratio 0.0 

ggH126_4mu_Nj_pT4l_genbin8_recobin7 acc 0.0294 eff 0.0218 outinratio 0.0039 

VBFH126_4mu_Nj_pT4l_genbin8_recobin7 acc 0.0751 eff 0.011 outinratio 0.0036 

WminusH126_4mu_Nj_pT4l_genbin8_recobin7 acc 0.0404 eff 0.0174 outinratio 0.0192 

WplusH126_4mu_Nj_pT4l_genbin8_recobin7 acc 0.0355 eff 0.0121 outinratio 0.007 

ZH126_4mu_Nj_pT4l_genbin8_recobin7 acc 0.0403 eff 0.0142 outinratio 0.0789 

ttH126_4mu_Nj_pT4l_genbin8_recobin7 acc 0.0023 eff -1.0 outinratio 0.0 

ggH126_4mu_Nj_pT4l_genbin9_recobin7 acc 0.0211 eff 0.0 outinratio 0.0039 

VBFH126_4mu_Nj_pT4l_genbin9_recobin7 acc 0.0825 eff 0.0 outinratio 0.0036 

WminusH126_4mu_Nj_pT4l_genbin9_recobin7 acc 0.0357 eff 0.0 outinratio 0.0192 

WplusH126_4mu_Nj_pT4l_genbin9_recobin7 acc 0.0339 eff 0.0 outinratio 0.007 

ZH126_4mu_Nj_pT4l_genbin9_recobin7 acc 0.0359 eff 0.0 outinratio 0.0789 

ttH126_4mu_Nj_pT4l_genbin9_recobin7 acc 0.016 eff -1.0 outinratio 0.0 

ggH126_4mu_Nj_pT4l_genbin10_recobin7 acc 0.0337 eff 0.023 outinratio 0.0039 

VBFH126_4mu_Nj_pT4l_genbin10_recobin7 acc 0.1461 eff 0.0206 outinratio 0.0036 

WminusH126_4mu_Nj_pT4l_genbin10_recobin7 acc 0.1373 eff 0.0162 outinratio 0.0192 

WplusH126_4mu_Nj_pT4l_genbin10_recobin7 acc 0.1182 eff 0.014 outinratio 0.007 

ZH126_4mu_Nj_pT4l_genbin10_recobin7 acc 0.1412 eff 0.0208 outinratio 0.0789 

ttH126_4mu_Nj_pT4l_genbin10_recobin7 acc 0.3181 eff 0.0 outinratio 0.0 

ggH126_4mu_Nj_pT4l_genbin11_recobin7 acc 0.0119 eff 0.0 outinratio 0.0039 

VBFH126_4mu_Nj_pT4l_genbin11_recobin7 acc 0.0639 eff 0.0 outinratio 0.0036 

WminusH126_4mu_Nj_pT4l_genbin11_recobin7 acc 0.0471 eff 0.0 outinratio 0.0192 

WplusH126_4mu_Nj_pT4l_genbin11_recobin7 acc 0.0489 eff 0.0 outinratio 0.007 

ZH126_4mu_Nj_pT4l_genbin11_recobin7 acc 0.0451 eff 0.0 outinratio 0.0789 

ttH126_4mu_Nj_pT4l_genbin11_recobin7 acc 0.1648 eff 0.0 outinratio 0.0 

ggH126_4mu_Nj_pT4l_genbin0_recobin8 acc 0.0808 eff 0.0 outinratio 0.0122 

VBFH126_4mu_Nj_pT4l_genbin0_recobin8 acc 0.0043 eff 0.0 outinratio 0.0035 

WminusH126_4mu_Nj_pT4l_genbin0_recobin8 acc 0.0044 eff 0.0 outinratio 0.0138 

WplusH126_4mu_Nj_pT4l_genbin0_recobin8 acc 0.0036 eff 0.0 outinratio 0.0084 

ZH126_4mu_Nj_pT4l_genbin0_recobin8 acc 0.0033 eff 0.0 outinratio 0.0572 

ttH126_4mu_Nj_pT4l_genbin0_recobin8 acc 0.0 eff -1.0 outinratio 0.0 

ggH126_4mu_Nj_pT4l_genbin1_recobin8 acc 0.0576 eff 0.0 outinratio 0.0122 

VBFH126_4mu_Nj_pT4l_genbin1_recobin8 acc 0.0058 eff 0.0 outinratio 0.0035 

WminusH126_4mu_Nj_pT4l_genbin1_recobin8 acc 0.0046 eff 0.0 outinratio 0.0138 

WplusH126_4mu_Nj_pT4l_genbin1_recobin8 acc 0.0038 eff 0.0 outinratio 0.0084 

ZH126_4mu_Nj_pT4l_genbin1_recobin8 acc 0.0036 eff 0.0 outinratio 0.0572 

ttH126_4mu_Nj_pT4l_genbin1_recobin8 acc 0.0 eff -1.0 outinratio 0.0 

ggH126_4mu_Nj_pT4l_genbin2_recobin8 acc 0.0485 eff 0.0 outinratio 0.0122 

VBFH126_4mu_Nj_pT4l_genbin2_recobin8 acc 0.0075 eff 0.0 outinratio 0.0035 

WminusH126_4mu_Nj_pT4l_genbin2_recobin8 acc 0.0055 eff 0.0 outinratio 0.0138 

WplusH126_4mu_Nj_pT4l_genbin2_recobin8 acc 0.0053 eff 0.0 outinratio 0.0084 

ZH126_4mu_Nj_pT4l_genbin2_recobin8 acc 0.0041 eff 0.0 outinratio 0.0572 

ttH126_4mu_Nj_pT4l_genbin2_recobin8 acc 0.0 eff -1.0 outinratio 0.0 

ggH126_4mu_Nj_pT4l_genbin3_recobin8 acc 0.0495 eff 0.0 outinratio 0.0122 

VBFH126_4mu_Nj_pT4l_genbin3_recobin8 acc 0.0101 eff 0.0 outinratio 0.0035 

WminusH126_4mu_Nj_pT4l_genbin3_recobin8 acc 0.0097 eff 0.0 outinratio 0.0138 

WplusH126_4mu_Nj_pT4l_genbin3_recobin8 acc 0.008 eff 0.0 outinratio 0.0084 

ZH126_4mu_Nj_pT4l_genbin3_recobin8 acc 0.0078 eff 0.0 outinratio 0.0572 

ttH126_4mu_Nj_pT4l_genbin3_recobin8 acc 0.0 eff -1.0 outinratio 0.0 

ggH126_4mu_Nj_pT4l_genbin4_recobin8 acc 0.0489 eff 0.0 outinratio 0.0122 

VBFH126_4mu_Nj_pT4l_genbin4_recobin8 acc 0.0164 eff 0.0 outinratio 0.0035 

WminusH126_4mu_Nj_pT4l_genbin4_recobin8 acc 0.0172 eff 0.0 outinratio 0.0138 

WplusH126_4mu_Nj_pT4l_genbin4_recobin8 acc 0.014 eff 0.0 outinratio 0.0084 

ZH126_4mu_Nj_pT4l_genbin4_recobin8 acc 0.0139 eff 0.0 outinratio 0.0572 

ttH126_4mu_Nj_pT4l_genbin4_recobin8 acc 0.0 eff -1.0 outinratio 0.0 

ggH126_4mu_Nj_pT4l_genbin5_recobin8 acc 0.0247 eff 0.039 outinratio 0.0122 

VBFH126_4mu_Nj_pT4l_genbin5_recobin8 acc 0.0295 eff 0.0985 outinratio 0.0035 

WminusH126_4mu_Nj_pT4l_genbin5_recobin8 acc 0.0684 eff 0.0468 outinratio 0.0138 

WplusH126_4mu_Nj_pT4l_genbin5_recobin8 acc 0.0587 eff 0.0427 outinratio 0.0084 

ZH126_4mu_Nj_pT4l_genbin5_recobin8 acc 0.0531 eff 0.0239 outinratio 0.0572 

ttH126_4mu_Nj_pT4l_genbin5_recobin8 acc 0.0 eff -1.0 outinratio 0.0 

ggH126_4mu_Nj_pT4l_genbin6_recobin8 acc 0.0338 eff 0.0 outinratio 0.0122 

VBFH126_4mu_Nj_pT4l_genbin6_recobin8 acc 0.0366 eff 0.0 outinratio 0.0035 

WminusH126_4mu_Nj_pT4l_genbin6_recobin8 acc 0.037 eff 0.0 outinratio 0.0138 

WplusH126_4mu_Nj_pT4l_genbin6_recobin8 acc 0.0298 eff 0.0 outinratio 0.0084 

ZH126_4mu_Nj_pT4l_genbin6_recobin8 acc 0.0326 eff 0.0 outinratio 0.0572 

ttH126_4mu_Nj_pT4l_genbin6_recobin8 acc 0.0 eff -1.0 outinratio 0.0 

ggH126_4mu_Nj_pT4l_genbin7_recobin8 acc 0.0347 eff 0.0113 outinratio 0.0122 

VBFH126_4mu_Nj_pT4l_genbin7_recobin8 acc 0.0402 eff 0.004 outinratio 0.0035 

WminusH126_4mu_Nj_pT4l_genbin7_recobin8 acc 0.0317 eff 0.0107 outinratio 0.0138 

WplusH126_4mu_Nj_pT4l_genbin7_recobin8 acc 0.0276 eff 0.0105 outinratio 0.0084 

ZH126_4mu_Nj_pT4l_genbin7_recobin8 acc 0.0293 eff 0.0044 outinratio 0.0572 

ttH126_4mu_Nj_pT4l_genbin7_recobin8 acc 0.0023 eff -1.0 outinratio 0.0 

ggH126_4mu_Nj_pT4l_genbin8_recobin8 acc 0.0294 eff 0.5173 outinratio 0.0122 

VBFH126_4mu_Nj_pT4l_genbin8_recobin8 acc 0.0751 eff 0.4765 outinratio 0.0035 

WminusH126_4mu_Nj_pT4l_genbin8_recobin8 acc 0.0404 eff 0.4342 outinratio 0.0138 

WplusH126_4mu_Nj_pT4l_genbin8_recobin8 acc 0.0355 eff 0.4391 outinratio 0.0084 

ZH126_4mu_Nj_pT4l_genbin8_recobin8 acc 0.0403 eff 0.4521 outinratio 0.0572 

ttH126_4mu_Nj_pT4l_genbin8_recobin8 acc 0.0023 eff -1.0 outinratio 0.0 

ggH126_4mu_Nj_pT4l_genbin9_recobin8 acc 0.0211 eff 0.0091 outinratio 0.0122 

VBFH126_4mu_Nj_pT4l_genbin9_recobin8 acc 0.0825 eff 0.0085 outinratio 0.0035 

WminusH126_4mu_Nj_pT4l_genbin9_recobin8 acc 0.0357 eff 0.0094 outinratio 0.0138 

WplusH126_4mu_Nj_pT4l_genbin9_recobin8 acc 0.0339 eff 0.0072 outinratio 0.0084 

ZH126_4mu_Nj_pT4l_genbin9_recobin8 acc 0.0359 eff 0.0044 outinratio 0.0572 

ttH126_4mu_Nj_pT4l_genbin9_recobin8 acc 0.016 eff -1.0 outinratio 0.0 

ggH126_4mu_Nj_pT4l_genbin10_recobin8 acc 0.0337 eff 0.057 outinratio 0.0122 

VBFH126_4mu_Nj_pT4l_genbin10_recobin8 acc 0.1461 eff 0.0334 outinratio 0.0035 

WminusH126_4mu_Nj_pT4l_genbin10_recobin8 acc 0.1373 eff 0.0327 outinratio 0.0138 

WplusH126_4mu_Nj_pT4l_genbin10_recobin8 acc 0.1182 eff 0.0283 outinratio 0.0084 

ZH126_4mu_Nj_pT4l_genbin10_recobin8 acc 0.1412 eff 0.0291 outinratio 0.0572 

ttH126_4mu_Nj_pT4l_genbin10_recobin8 acc 0.3181 eff 0.0 outinratio 0.0 

ggH126_4mu_Nj_pT4l_genbin11_recobin8 acc 0.0119 eff 0.0 outinratio 0.0122 

VBFH126_4mu_Nj_pT4l_genbin11_recobin8 acc 0.0639 eff 0.0 outinratio 0.0035 

WminusH126_4mu_Nj_pT4l_genbin11_recobin8 acc 0.0471 eff 0.0 outinratio 0.0138 

WplusH126_4mu_Nj_pT4l_genbin11_recobin8 acc 0.0489 eff 0.0 outinratio 0.0084 

ZH126_4mu_Nj_pT4l_genbin11_recobin8 acc 0.0451 eff 0.0 outinratio 0.0572 

ttH126_4mu_Nj_pT4l_genbin11_recobin8 acc 0.1648 eff 0.0 outinratio 0.0 

ggH126_4mu_Nj_pT4l_genbin0_recobin9 acc 0.0808 eff 0.0 outinratio 0.0122 

VBFH126_4mu_Nj_pT4l_genbin0_recobin9 acc 0.0043 eff 0.0 outinratio 0.0022 

WminusH126_4mu_Nj_pT4l_genbin0_recobin9 acc 0.0044 eff 0.0 outinratio 0.014 

WplusH126_4mu_Nj_pT4l_genbin0_recobin9 acc 0.0036 eff 0.0 outinratio 0.0088 

ZH126_4mu_Nj_pT4l_genbin0_recobin9 acc 0.0033 eff 0.0 outinratio 0.0587 

ttH126_4mu_Nj_pT4l_genbin0_recobin9 acc 0.0 eff -1.0 outinratio 0.9624 

ggH126_4mu_Nj_pT4l_genbin1_recobin9 acc 0.0576 eff 0.0 outinratio 0.0122 

VBFH126_4mu_Nj_pT4l_genbin1_recobin9 acc 0.0058 eff 0.0 outinratio 0.0022 

WminusH126_4mu_Nj_pT4l_genbin1_recobin9 acc 0.0046 eff 0.0 outinratio 0.014 

WplusH126_4mu_Nj_pT4l_genbin1_recobin9 acc 0.0038 eff 0.0 outinratio 0.0088 

ZH126_4mu_Nj_pT4l_genbin1_recobin9 acc 0.0036 eff 0.0 outinratio 0.0587 

ttH126_4mu_Nj_pT4l_genbin1_recobin9 acc 0.0 eff -1.0 outinratio 0.9624 

ggH126_4mu_Nj_pT4l_genbin2_recobin9 acc 0.0485 eff 0.0 outinratio 0.0122 

VBFH126_4mu_Nj_pT4l_genbin2_recobin9 acc 0.0075 eff 0.0 outinratio 0.0022 

WminusH126_4mu_Nj_pT4l_genbin2_recobin9 acc 0.0055 eff 0.0 outinratio 0.014 

WplusH126_4mu_Nj_pT4l_genbin2_recobin9 acc 0.0053 eff 0.0 outinratio 0.0088 

ZH126_4mu_Nj_pT4l_genbin2_recobin9 acc 0.0041 eff 0.0 outinratio 0.0587 

ttH126_4mu_Nj_pT4l_genbin2_recobin9 acc 0.0 eff -1.0 outinratio 0.9624 

ggH126_4mu_Nj_pT4l_genbin3_recobin9 acc 0.0495 eff 0.0 outinratio 0.0122 

VBFH126_4mu_Nj_pT4l_genbin3_recobin9 acc 0.0101 eff 0.0 outinratio 0.0022 

WminusH126_4mu_Nj_pT4l_genbin3_recobin9 acc 0.0097 eff 0.0 outinratio 0.014 

WplusH126_4mu_Nj_pT4l_genbin3_recobin9 acc 0.008 eff 0.0 outinratio 0.0088 

ZH126_4mu_Nj_pT4l_genbin3_recobin9 acc 0.0078 eff 0.0 outinratio 0.0587 

ttH126_4mu_Nj_pT4l_genbin3_recobin9 acc 0.0 eff -1.0 outinratio 0.9624 

ggH126_4mu_Nj_pT4l_genbin4_recobin9 acc 0.0489 eff 0.0 outinratio 0.0122 

VBFH126_4mu_Nj_pT4l_genbin4_recobin9 acc 0.0164 eff 0.0 outinratio 0.0022 

WminusH126_4mu_Nj_pT4l_genbin4_recobin9 acc 0.0172 eff 0.0 outinratio 0.014 

WplusH126_4mu_Nj_pT4l_genbin4_recobin9 acc 0.014 eff 0.0 outinratio 0.0088 

ZH126_4mu_Nj_pT4l_genbin4_recobin9 acc 0.0139 eff 0.0 outinratio 0.0587 

ttH126_4mu_Nj_pT4l_genbin4_recobin9 acc 0.0 eff -1.0 outinratio 0.9624 

ggH126_4mu_Nj_pT4l_genbin5_recobin9 acc 0.0247 eff 0.0017 outinratio 0.0122 

VBFH126_4mu_Nj_pT4l_genbin5_recobin9 acc 0.0295 eff 0.0061 outinratio 0.0022 

WminusH126_4mu_Nj_pT4l_genbin5_recobin9 acc 0.0684 eff 0.0719 outinratio 0.014 

WplusH126_4mu_Nj_pT4l_genbin5_recobin9 acc 0.0587 eff 0.0771 outinratio 0.0088 

ZH126_4mu_Nj_pT4l_genbin5_recobin9 acc 0.0531 eff 0.0177 outinratio 0.0587 

ttH126_4mu_Nj_pT4l_genbin5_recobin9 acc 0.0 eff -1.0 outinratio 0.9624 

ggH126_4mu_Nj_pT4l_genbin6_recobin9 acc 0.0338 eff 0.0 outinratio 0.0122 

VBFH126_4mu_Nj_pT4l_genbin6_recobin9 acc 0.0366 eff 0.0 outinratio 0.0022 

WminusH126_4mu_Nj_pT4l_genbin6_recobin9 acc 0.037 eff 0.0 outinratio 0.014 

WplusH126_4mu_Nj_pT4l_genbin6_recobin9 acc 0.0298 eff 0.0 outinratio 0.0088 

ZH126_4mu_Nj_pT4l_genbin6_recobin9 acc 0.0326 eff 0.0 outinratio 0.0587 

ttH126_4mu_Nj_pT4l_genbin6_recobin9 acc 0.0 eff -1.0 outinratio 0.9624 

ggH126_4mu_Nj_pT4l_genbin7_recobin9 acc 0.0347 eff 0.0 outinratio 0.0122 

VBFH126_4mu_Nj_pT4l_genbin7_recobin9 acc 0.0402 eff 0.0 outinratio 0.0022 

WminusH126_4mu_Nj_pT4l_genbin7_recobin9 acc 0.0317 eff 0.0 outinratio 0.014 

WplusH126_4mu_Nj_pT4l_genbin7_recobin9 acc 0.0276 eff 0.0 outinratio 0.0088 

ZH126_4mu_Nj_pT4l_genbin7_recobin9 acc 0.0293 eff 0.0 outinratio 0.0587 

ttH126_4mu_Nj_pT4l_genbin7_recobin9 acc 0.0023 eff -1.0 outinratio 0.9624 

ggH126_4mu_Nj_pT4l_genbin8_recobin9 acc 0.0294 eff 0.0094 outinratio 0.0122 

VBFH126_4mu_Nj_pT4l_genbin8_recobin9 acc 0.0751 eff 0.0113 outinratio 0.0022 

WminusH126_4mu_Nj_pT4l_genbin8_recobin9 acc 0.0404 eff 0.0041 outinratio 0.014 

WplusH126_4mu_Nj_pT4l_genbin8_recobin9 acc 0.0355 eff 0.0067 outinratio 0.0088 

ZH126_4mu_Nj_pT4l_genbin8_recobin9 acc 0.0403 eff 0.006 outinratio 0.0587 

ttH126_4mu_Nj_pT4l_genbin8_recobin9 acc 0.0023 eff -1.0 outinratio 0.9624 

ggH126_4mu_Nj_pT4l_genbin9_recobin9 acc 0.0211 eff 0.5896 outinratio 0.0122 

VBFH126_4mu_Nj_pT4l_genbin9_recobin9 acc 0.0825 eff 0.5477 outinratio 0.0022 

WminusH126_4mu_Nj_pT4l_genbin9_recobin9 acc 0.0357 eff 0.4859 outinratio 0.014 

WplusH126_4mu_Nj_pT4l_genbin9_recobin9 acc 0.0339 eff 0.4731 outinratio 0.0088 

ZH126_4mu_Nj_pT4l_genbin9_recobin9 acc 0.0359 eff 0.5278 outinratio 0.0587 

ttH126_4mu_Nj_pT4l_genbin9_recobin9 acc 0.016 eff -1.0 outinratio 0.9624 

ggH126_4mu_Nj_pT4l_genbin10_recobin9 acc 0.0337 eff 0.0337 outinratio 0.0122 

VBFH126_4mu_Nj_pT4l_genbin10_recobin9 acc 0.1461 eff 0.053 outinratio 0.0022 

WminusH126_4mu_Nj_pT4l_genbin10_recobin9 acc 0.1373 eff 0.0256 outinratio 0.014 

WplusH126_4mu_Nj_pT4l_genbin10_recobin9 acc 0.1182 eff 0.0254 outinratio 0.0088 

ZH126_4mu_Nj_pT4l_genbin10_recobin9 acc 0.1412 eff 0.0226 outinratio 0.0587 

ttH126_4mu_Nj_pT4l_genbin10_recobin9 acc 0.3181 eff 0.0 outinratio 0.9624 

ggH126_4mu_Nj_pT4l_genbin11_recobin9 acc 0.0119 eff 0.0414 outinratio 0.0122 

VBFH126_4mu_Nj_pT4l_genbin11_recobin9 acc 0.0639 eff 0.0793 outinratio 0.0022 

WminusH126_4mu_Nj_pT4l_genbin11_recobin9 acc 0.0471 eff 0.0374 outinratio 0.014 

WplusH126_4mu_Nj_pT4l_genbin11_recobin9 acc 0.0489 eff 0.0367 outinratio 0.0088 

ZH126_4mu_Nj_pT4l_genbin11_recobin9 acc 0.0451 eff 0.0321 outinratio 0.0587 

ttH126_4mu_Nj_pT4l_genbin11_recobin9 acc 0.1648 eff 0.0244 outinratio 0.9624 

ggH126_4mu_Nj_pT4l_genbin0_recobin10 acc 0.0808 eff 0.003 outinratio 0.0032 

VBFH126_4mu_Nj_pT4l_genbin0_recobin10 acc 0.0043 eff 0.0 outinratio 0.0083 

WminusH126_4mu_Nj_pT4l_genbin0_recobin10 acc 0.0044 eff 0.0135 outinratio 0.0066 

WplusH126_4mu_Nj_pT4l_genbin0_recobin10 acc 0.0036 eff 0.0122 outinratio 0.0088 

ZH126_4mu_Nj_pT4l_genbin0_recobin10 acc 0.0033 eff 0.0137 outinratio 0.0493 

ttH126_4mu_Nj_pT4l_genbin0_recobin10 acc 0.0 eff -1.0 outinratio 0.0121 

ggH126_4mu_Nj_pT4l_genbin1_recobin10 acc 0.0576 eff 0.0025 outinratio 0.0032 

VBFH126_4mu_Nj_pT4l_genbin1_recobin10 acc 0.0058 eff 0.0 outinratio 0.0083 

WminusH126_4mu_Nj_pT4l_genbin1_recobin10 acc 0.0046 eff 0.0208 outinratio 0.0066 

WplusH126_4mu_Nj_pT4l_genbin1_recobin10 acc 0.0038 eff 0.0179 outinratio 0.0088 

ZH126_4mu_Nj_pT4l_genbin1_recobin10 acc 0.0036 eff 0.0139 outinratio 0.0493 

ttH126_4mu_Nj_pT4l_genbin1_recobin10 acc 0.0 eff -1.0 outinratio 0.0121 

ggH126_4mu_Nj_pT4l_genbin2_recobin10 acc 0.0485 eff 0.0074 outinratio 0.0032 

VBFH126_4mu_Nj_pT4l_genbin2_recobin10 acc 0.0075 eff 0.0 outinratio 0.0083 

WminusH126_4mu_Nj_pT4l_genbin2_recobin10 acc 0.0055 eff 0.0225 outinratio 0.0066 

WplusH126_4mu_Nj_pT4l_genbin2_recobin10 acc 0.0053 eff 0.0395 outinratio 0.0088 

ZH126_4mu_Nj_pT4l_genbin2_recobin10 acc 0.0041 eff 0.0136 outinratio 0.0493 

ttH126_4mu_Nj_pT4l_genbin2_recobin10 acc 0.0 eff -1.0 outinratio 0.0121 

ggH126_4mu_Nj_pT4l_genbin3_recobin10 acc 0.0495 eff 0.0075 outinratio 0.0032 

VBFH126_4mu_Nj_pT4l_genbin3_recobin10 acc 0.0101 eff 0.0 outinratio 0.0083 

WminusH126_4mu_Nj_pT4l_genbin3_recobin10 acc 0.0097 eff 0.0204 outinratio 0.0066 

WplusH126_4mu_Nj_pT4l_genbin3_recobin10 acc 0.008 eff 0.0211 outinratio 0.0088 

ZH126_4mu_Nj_pT4l_genbin3_recobin10 acc 0.0078 eff 0.0391 outinratio 0.0493 

ttH126_4mu_Nj_pT4l_genbin3_recobin10 acc 0.0 eff -1.0 outinratio 0.0121 

ggH126_4mu_Nj_pT4l_genbin4_recobin10 acc 0.0489 eff 0.0067 outinratio 0.0032 

VBFH126_4mu_Nj_pT4l_genbin4_recobin10 acc 0.0164 eff 0.0117 outinratio 0.0083 

WminusH126_4mu_Nj_pT4l_genbin4_recobin10 acc 0.0172 eff 0.0269 outinratio 0.0066 

WplusH126_4mu_Nj_pT4l_genbin4_recobin10 acc 0.014 eff 0.0257 outinratio 0.0088 

ZH126_4mu_Nj_pT4l_genbin4_recobin10 acc 0.0139 eff 0.0083 outinratio 0.0493 

ttH126_4mu_Nj_pT4l_genbin4_recobin10 acc 0.0 eff -1.0 outinratio 0.0121 

ggH126_4mu_Nj_pT4l_genbin5_recobin10 acc 0.0247 eff 0.0155 outinratio 0.0032 

VBFH126_4mu_Nj_pT4l_genbin5_recobin10 acc 0.0295 eff 0.0548 outinratio 0.0083 

WminusH126_4mu_Nj_pT4l_genbin5_recobin10 acc 0.0684 eff 0.0182 outinratio 0.0066 

WplusH126_4mu_Nj_pT4l_genbin5_recobin10 acc 0.0587 eff 0.0173 outinratio 0.0088 

ZH126_4mu_Nj_pT4l_genbin5_recobin10 acc 0.0531 eff 0.0069 outinratio 0.0493 

ttH126_4mu_Nj_pT4l_genbin5_recobin10 acc 0.0 eff -1.0 outinratio 0.0121 

ggH126_4mu_Nj_pT4l_genbin6_recobin10 acc 0.0338 eff 0.0652 outinratio 0.0032 

VBFH126_4mu_Nj_pT4l_genbin6_recobin10 acc 0.0366 eff 0.1215 outinratio 0.0083 

WminusH126_4mu_Nj_pT4l_genbin6_recobin10 acc 0.037 eff 0.1324 outinratio 0.0066 

WplusH126_4mu_Nj_pT4l_genbin6_recobin10 acc 0.0298 eff 0.1325 outinratio 0.0088 

ZH126_4mu_Nj_pT4l_genbin6_recobin10 acc 0.0326 eff 0.1343 outinratio 0.0493 

ttH126_4mu_Nj_pT4l_genbin6_recobin10 acc 0.0 eff -1.0 outinratio 0.0121 

ggH126_4mu_Nj_pT4l_genbin7_recobin10 acc 0.0347 eff 0.0655 outinratio 0.0032 

VBFH126_4mu_Nj_pT4l_genbin7_recobin10 acc 0.0402 eff 0.1166 outinratio 0.0083 

WminusH126_4mu_Nj_pT4l_genbin7_recobin10 acc 0.0317 eff 0.1264 outinratio 0.0066 

WplusH126_4mu_Nj_pT4l_genbin7_recobin10 acc 0.0276 eff 0.1074 outinratio 0.0088 

ZH126_4mu_Nj_pT4l_genbin7_recobin10 acc 0.0293 eff 0.1189 outinratio 0.0493 

ttH126_4mu_Nj_pT4l_genbin7_recobin10 acc 0.0023 eff -1.0 outinratio 0.0121 

ggH126_4mu_Nj_pT4l_genbin8_recobin10 acc 0.0294 eff 0.0764 outinratio 0.0032 

VBFH126_4mu_Nj_pT4l_genbin8_recobin10 acc 0.0751 eff 0.1117 outinratio 0.0083 

WminusH126_4mu_Nj_pT4l_genbin8_recobin10 acc 0.0404 eff 0.124 outinratio 0.0066 

WplusH126_4mu_Nj_pT4l_genbin8_recobin10 acc 0.0355 eff 0.1383 outinratio 0.0088 

ZH126_4mu_Nj_pT4l_genbin8_recobin10 acc 0.0403 eff 0.1341 outinratio 0.0493 

ttH126_4mu_Nj_pT4l_genbin8_recobin10 acc 0.0023 eff -1.0 outinratio 0.0121 

ggH126_4mu_Nj_pT4l_genbin9_recobin10 acc 0.0211 eff 0.0693 outinratio 0.0032 

VBFH126_4mu_Nj_pT4l_genbin9_recobin10 acc 0.0825 eff 0.0972 outinratio 0.0083 

WminusH126_4mu_Nj_pT4l_genbin9_recobin10 acc 0.0357 eff 0.1018 outinratio 0.0066 

WplusH126_4mu_Nj_pT4l_genbin9_recobin10 acc 0.0339 eff 0.0983 outinratio 0.0088 

ZH126_4mu_Nj_pT4l_genbin9_recobin10 acc 0.0359 eff 0.0849 outinratio 0.0493 

ttH126_4mu_Nj_pT4l_genbin9_recobin10 acc 0.016 eff -1.0 outinratio 0.0121 

ggH126_4mu_Nj_pT4l_genbin10_recobin10 acc 0.0337 eff 0.5159 outinratio 0.0032 

VBFH126_4mu_Nj_pT4l_genbin10_recobin10 acc 0.1461 eff 0.5613 outinratio 0.0083 

WminusH126_4mu_Nj_pT4l_genbin10_recobin10 acc 0.1373 eff 0.5427 outinratio 0.0066 

WplusH126_4mu_Nj_pT4l_genbin10_recobin10 acc 0.1182 eff 0.5399 outinratio 0.0088 

ZH126_4mu_Nj_pT4l_genbin10_recobin10 acc 0.1412 eff 0.5266 outinratio 0.0493 

ttH126_4mu_Nj_pT4l_genbin10_recobin10 acc 0.3181 eff 0.3591 outinratio 0.0121 

ggH126_4mu_Nj_pT4l_genbin11_recobin10 acc 0.0119 eff 0.0264 outinratio 0.0032 

VBFH126_4mu_Nj_pT4l_genbin11_recobin10 acc 0.0639 eff 0.0117 outinratio 0.0083 

WminusH126_4mu_Nj_pT4l_genbin11_recobin10 acc 0.0471 eff 0.0094 outinratio 0.0066 

WplusH126_4mu_Nj_pT4l_genbin11_recobin10 acc 0.0489 eff 0.0058 outinratio 0.0088 

ZH126_4mu_Nj_pT4l_genbin11_recobin10 acc 0.0451 eff 0.0098 outinratio 0.0493 

ttH126_4mu_Nj_pT4l_genbin11_recobin10 acc 0.1648 eff 0.0338 outinratio 0.0121 

ggH126_4mu_Nj_pT4l_genbin0_recobin11 acc 0.0808 eff 0.0 outinratio 0.0 

VBFH126_4mu_Nj_pT4l_genbin0_recobin11 acc 0.0043 eff 0.0 outinratio 0.0207 

WminusH126_4mu_Nj_pT4l_genbin0_recobin11 acc 0.0044 eff 0.0 outinratio 0.0087 

WplusH126_4mu_Nj_pT4l_genbin0_recobin11 acc 0.0036 eff 0.0 outinratio 0.0119 

ZH126_4mu_Nj_pT4l_genbin0_recobin11 acc 0.0033 eff 0.0 outinratio 0.0454 

ttH126_4mu_Nj_pT4l_genbin0_recobin11 acc 0.0 eff -1.0 outinratio 0.0 

ggH126_4mu_Nj_pT4l_genbin1_recobin11 acc 0.0576 eff 0.0 outinratio 0.0 

VBFH126_4mu_Nj_pT4l_genbin1_recobin11 acc 0.0058 eff 0.0 outinratio 0.0207 

WminusH126_4mu_Nj_pT4l_genbin1_recobin11 acc 0.0046 eff 0.0 outinratio 0.0087 

WplusH126_4mu_Nj_pT4l_genbin1_recobin11 acc 0.0038 eff 0.0 outinratio 0.0119 

ZH126_4mu_Nj_pT4l_genbin1_recobin11 acc 0.0036 eff 0.0 outinratio 0.0454 

ttH126_4mu_Nj_pT4l_genbin1_recobin11 acc 0.0 eff -1.0 outinratio 0.0 

ggH126_4mu_Nj_pT4l_genbin2_recobin11 acc 0.0485 eff 0.0 outinratio 0.0 

VBFH126_4mu_Nj_pT4l_genbin2_recobin11 acc 0.0075 eff 0.0 outinratio 0.0207 

WminusH126_4mu_Nj_pT4l_genbin2_recobin11 acc 0.0055 eff 0.0 outinratio 0.0087 

WplusH126_4mu_Nj_pT4l_genbin2_recobin11 acc 0.0053 eff 0.0 outinratio 0.0119 

ZH126_4mu_Nj_pT4l_genbin2_recobin11 acc 0.0041 eff 0.0 outinratio 0.0454 

ttH126_4mu_Nj_pT4l_genbin2_recobin11 acc 0.0 eff -1.0 outinratio 0.0 

ggH126_4mu_Nj_pT4l_genbin3_recobin11 acc 0.0495 eff 0.0 outinratio 0.0 

VBFH126_4mu_Nj_pT4l_genbin3_recobin11 acc 0.0101 eff 0.0 outinratio 0.0207 

WminusH126_4mu_Nj_pT4l_genbin3_recobin11 acc 0.0097 eff 0.0 outinratio 0.0087 

WplusH126_4mu_Nj_pT4l_genbin3_recobin11 acc 0.008 eff 0.0 outinratio 0.0119 

ZH126_4mu_Nj_pT4l_genbin3_recobin11 acc 0.0078 eff 0.0 outinratio 0.0454 

ttH126_4mu_Nj_pT4l_genbin3_recobin11 acc 0.0 eff -1.0 outinratio 0.0 

ggH126_4mu_Nj_pT4l_genbin4_recobin11 acc 0.0489 eff 0.0 outinratio 0.0 

VBFH126_4mu_Nj_pT4l_genbin4_recobin11 acc 0.0164 eff 0.0 outinratio 0.0207 

WminusH126_4mu_Nj_pT4l_genbin4_recobin11 acc 0.0172 eff 0.0 outinratio 0.0087 

WplusH126_4mu_Nj_pT4l_genbin4_recobin11 acc 0.014 eff 0.0 outinratio 0.0119 

ZH126_4mu_Nj_pT4l_genbin4_recobin11 acc 0.0139 eff 0.0 outinratio 0.0454 

ttH126_4mu_Nj_pT4l_genbin4_recobin11 acc 0.0 eff -1.0 outinratio 0.0 

ggH126_4mu_Nj_pT4l_genbin5_recobin11 acc 0.0247 eff 0.0 outinratio 0.0 

VBFH126_4mu_Nj_pT4l_genbin5_recobin11 acc 0.0295 eff 0.0 outinratio 0.0207 

WminusH126_4mu_Nj_pT4l_genbin5_recobin11 acc 0.0684 eff 0.0036 outinratio 0.0087 

WplusH126_4mu_Nj_pT4l_genbin5_recobin11 acc 0.0587 eff 0.0023 outinratio 0.0119 

ZH126_4mu_Nj_pT4l_genbin5_recobin11 acc 0.0531 eff 0.0026 outinratio 0.0454 

ttH126_4mu_Nj_pT4l_genbin5_recobin11 acc 0.0 eff -1.0 outinratio 0.0 

ggH126_4mu_Nj_pT4l_genbin6_recobin11 acc 0.0338 eff 0.0 outinratio 0.0 

VBFH126_4mu_Nj_pT4l_genbin6_recobin11 acc 0.0366 eff 0.0 outinratio 0.0207 

WminusH126_4mu_Nj_pT4l_genbin6_recobin11 acc 0.037 eff 0.0 outinratio 0.0087 

WplusH126_4mu_Nj_pT4l_genbin6_recobin11 acc 0.0298 eff 0.0 outinratio 0.0119 

ZH126_4mu_Nj_pT4l_genbin6_recobin11 acc 0.0326 eff 0.0 outinratio 0.0454 

ttH126_4mu_Nj_pT4l_genbin6_recobin11 acc 0.0 eff -1.0 outinratio 0.0 

ggH126_4mu_Nj_pT4l_genbin7_recobin11 acc 0.0347 eff 0.0 outinratio 0.0 

VBFH126_4mu_Nj_pT4l_genbin7_recobin11 acc 0.0402 eff 0.0 outinratio 0.0207 

WminusH126_4mu_Nj_pT4l_genbin7_recobin11 acc 0.0317 eff 0.0 outinratio 0.0087 

WplusH126_4mu_Nj_pT4l_genbin7_recobin11 acc 0.0276 eff 0.0 outinratio 0.0119 

ZH126_4mu_Nj_pT4l_genbin7_recobin11 acc 0.0293 eff 0.0 outinratio 0.0454 

ttH126_4mu_Nj_pT4l_genbin7_recobin11 acc 0.0023 eff -1.0 outinratio 0.0 

ggH126_4mu_Nj_pT4l_genbin8_recobin11 acc 0.0294 eff 0.0 outinratio 0.0 

VBFH126_4mu_Nj_pT4l_genbin8_recobin11 acc 0.0751 eff 0.0 outinratio 0.0207 

WminusH126_4mu_Nj_pT4l_genbin8_recobin11 acc 0.0404 eff 0.0 outinratio 0.0087 

WplusH126_4mu_Nj_pT4l_genbin8_recobin11 acc 0.0355 eff 0.0 outinratio 0.0119 

ZH126_4mu_Nj_pT4l_genbin8_recobin11 acc 0.0403 eff 0.0 outinratio 0.0454 

ttH126_4mu_Nj_pT4l_genbin8_recobin11 acc 0.0023 eff -1.0 outinratio 0.0 

ggH126_4mu_Nj_pT4l_genbin9_recobin11 acc 0.0211 eff 0.0201 outinratio 0.0 

VBFH126_4mu_Nj_pT4l_genbin9_recobin11 acc 0.0825 eff 0.0351 outinratio 0.0207 

WminusH126_4mu_Nj_pT4l_genbin9_recobin11 acc 0.0357 eff 0.0537 outinratio 0.0087 

WplusH126_4mu_Nj_pT4l_genbin9_recobin11 acc 0.0339 eff 0.0579 outinratio 0.0119 

ZH126_4mu_Nj_pT4l_genbin9_recobin11 acc 0.0359 eff 0.038 outinratio 0.0454 

ttH126_4mu_Nj_pT4l_genbin9_recobin11 acc 0.016 eff -1.0 outinratio 0.0 

ggH126_4mu_Nj_pT4l_genbin10_recobin11 acc 0.0337 eff 0.0027 outinratio 0.0 

VBFH126_4mu_Nj_pT4l_genbin10_recobin11 acc 0.1461 eff 0.0007 outinratio 0.0207 

WminusH126_4mu_Nj_pT4l_genbin10_recobin11 acc 0.1373 eff 0.0021 outinratio 0.0087 

WplusH126_4mu_Nj_pT4l_genbin10_recobin11 acc 0.1182 eff 0.003 outinratio 0.0119 

ZH126_4mu_Nj_pT4l_genbin10_recobin11 acc 0.1412 eff 0.0033 outinratio 0.0454 

ttH126_4mu_Nj_pT4l_genbin10_recobin11 acc 0.3181 eff 0.0 outinratio 0.0 

ggH126_4mu_Nj_pT4l_genbin11_recobin11 acc 0.0119 eff 0.6797 outinratio 0.0 

VBFH126_4mu_Nj_pT4l_genbin11_recobin11 acc 0.0639 eff 0.6524 outinratio 0.0207 

WminusH126_4mu_Nj_pT4l_genbin11_recobin11 acc 0.0471 eff 0.659 outinratio 0.0087 

WplusH126_4mu_Nj_pT4l_genbin11_recobin11 acc 0.0489 eff 0.6615 outinratio 0.0119 

ZH126_4mu_Nj_pT4l_genbin11_recobin11 acc 0.0451 eff 0.6387 outinratio 0.0454 

ttH126_4mu_Nj_pT4l_genbin11_recobin11 acc 0.1648 eff 0.4959 outinratio 0.0 

ggH126_2e2mu_Nj_pT4l_genbin0_recobin0 acc 0.074 eff 0.4026 outinratio 0.0051 

VBFH126_2e2mu_Nj_pT4l_genbin0_recobin0 acc 0.0037 eff 0.2959 outinratio 0.0 

WminusH126_2e2mu_Nj_pT4l_genbin0_recobin0 acc 0.004 eff 0.2461 outinratio 0.0129 

WplusH126_2e2mu_Nj_pT4l_genbin0_recobin0 acc 0.0033 eff 0.2611 outinratio 0.0296 

ZH126_2e2mu_Nj_pT4l_genbin0_recobin0 acc 0.0034 eff 0.3345 outinratio 0.0365 

ttH126_2e2mu_Nj_pT4l_genbin0_recobin0 acc 0.0 eff -1.0 outinratio 0.0 

ggH126_2e2mu_Nj_pT4l_genbin1_recobin0 acc 0.0546 eff 0.0453 outinratio 0.0051 

VBFH126_2e2mu_Nj_pT4l_genbin1_recobin0 acc 0.0047 eff 0.0195 outinratio 0.0 

WminusH126_2e2mu_Nj_pT4l_genbin1_recobin0 acc 0.0047 eff 0.0359 outinratio 0.0129 

WplusH126_2e2mu_Nj_pT4l_genbin1_recobin0 acc 0.0037 eff 0.0273 outinratio 0.0296 

ZH126_2e2mu_Nj_pT4l_genbin1_recobin0 acc 0.0041 eff 0.0295 outinratio 0.0365 

ttH126_2e2mu_Nj_pT4l_genbin1_recobin0 acc 0.0 eff -1.0 outinratio 0.0 

ggH126_2e2mu_Nj_pT4l_genbin2_recobin0 acc 0.0471 eff 0.0026 outinratio 0.0051 

VBFH126_2e2mu_Nj_pT4l_genbin2_recobin0 acc 0.0068 eff 0.0 outinratio 0.0 

WminusH126_2e2mu_Nj_pT4l_genbin2_recobin0 acc 0.0062 eff 0.0 outinratio 0.0129 

WplusH126_2e2mu_Nj_pT4l_genbin2_recobin0 acc 0.0046 eff 0.0 outinratio 0.0296 

ZH126_2e2mu_Nj_pT4l_genbin2_recobin0 acc 0.0046 eff 0.0 outinratio 0.0365 

ttH126_2e2mu_Nj_pT4l_genbin2_recobin0 acc 0.0 eff -1.0 outinratio 0.0 

ggH126_2e2mu_Nj_pT4l_genbin3_recobin0 acc 0.0461 eff 0.0 outinratio 0.0051 

VBFH126_2e2mu_Nj_pT4l_genbin3_recobin0 acc 0.0101 eff 0.0 outinratio 0.0 

WminusH126_2e2mu_Nj_pT4l_genbin3_recobin0 acc 0.0084 eff 0.0 outinratio 0.0129 

WplusH126_2e2mu_Nj_pT4l_genbin3_recobin0 acc 0.0067 eff 0.0 outinratio 0.0296 

ZH126_2e2mu_Nj_pT4l_genbin3_recobin0 acc 0.0068 eff 0.0 outinratio 0.0365 

ttH126_2e2mu_Nj_pT4l_genbin3_recobin0 acc 0.0 eff -1.0 outinratio 0.0 

ggH126_2e2mu_Nj_pT4l_genbin4_recobin0 acc 0.0427 eff 0.0 outinratio 0.0051 

VBFH126_2e2mu_Nj_pT4l_genbin4_recobin0 acc 0.0179 eff 0.0 outinratio 0.0 

WminusH126_2e2mu_Nj_pT4l_genbin4_recobin0 acc 0.0153 eff 0.0 outinratio 0.0129 

WplusH126_2e2mu_Nj_pT4l_genbin4_recobin0 acc 0.013 eff 0.0 outinratio 0.0296 

ZH126_2e2mu_Nj_pT4l_genbin4_recobin0 acc 0.0116 eff 0.0 outinratio 0.0365 

ttH126_2e2mu_Nj_pT4l_genbin4_recobin0 acc 0.0 eff -1.0 outinratio 0.0 

ggH126_2e2mu_Nj_pT4l_genbin5_recobin0 acc 0.0234 eff 0.0 outinratio 0.0051 

VBFH126_2e2mu_Nj_pT4l_genbin5_recobin0 acc 0.0264 eff 0.0 outinratio 0.0 

WminusH126_2e2mu_Nj_pT4l_genbin5_recobin0 acc 0.06 eff 0.0 outinratio 0.0129 

WplusH126_2e2mu_Nj_pT4l_genbin5_recobin0 acc 0.0544 eff 0.0 outinratio 0.0296 

ZH126_2e2mu_Nj_pT4l_genbin5_recobin0 acc 0.0515 eff 0.0 outinratio 0.0365 

ttH126_2e2mu_Nj_pT4l_genbin5_recobin0 acc 0.0012 eff -1.0 outinratio 0.0 

ggH126_2e2mu_Nj_pT4l_genbin6_recobin0 acc 0.0303 eff 0.0029 outinratio 0.0051 

VBFH126_2e2mu_Nj_pT4l_genbin6_recobin0 acc 0.0341 eff 0.0016 outinratio 0.0 

WminusH126_2e2mu_Nj_pT4l_genbin6_recobin0 acc 0.0347 eff 0.0058 outinratio 0.0129 

WplusH126_2e2mu_Nj_pT4l_genbin6_recobin0 acc 0.0298 eff 0.0038 outinratio 0.0296 

ZH126_2e2mu_Nj_pT4l_genbin6_recobin0 acc 0.0304 eff 0.0051 outinratio 0.0365 

ttH126_2e2mu_Nj_pT4l_genbin6_recobin0 acc 0.0025 eff -1.0 outinratio 0.0 

ggH126_2e2mu_Nj_pT4l_genbin7_recobin0 acc 0.0313 eff 0.0 outinratio 0.0051 

VBFH126_2e2mu_Nj_pT4l_genbin7_recobin0 acc 0.0378 eff 0.0 outinratio 0.0 

WminusH126_2e2mu_Nj_pT4l_genbin7_recobin0 acc 0.0293 eff 0.0 outinratio 0.0129 

WplusH126_2e2mu_Nj_pT4l_genbin7_recobin0 acc 0.0244 eff 0.0 outinratio 0.0296 

ZH126_2e2mu_Nj_pT4l_genbin7_recobin0 acc 0.0261 eff 0.0 outinratio 0.0365 

ttH126_2e2mu_Nj_pT4l_genbin7_recobin0 acc 0.0012 eff -1.0 outinratio 0.0 

ggH126_2e2mu_Nj_pT4l_genbin8_recobin0 acc 0.03 eff 0.0 outinratio 0.0051 

VBFH126_2e2mu_Nj_pT4l_genbin8_recobin0 acc 0.0668 eff 0.0 outinratio 0.0 

WminusH126_2e2mu_Nj_pT4l_genbin8_recobin0 acc 0.0392 eff 0.0 outinratio 0.0129 

WplusH126_2e2mu_Nj_pT4l_genbin8_recobin0 acc 0.0324 eff 0.0 outinratio 0.0296 

ZH126_2e2mu_Nj_pT4l_genbin8_recobin0 acc 0.0346 eff 0.0 outinratio 0.0365 

ttH126_2e2mu_Nj_pT4l_genbin8_recobin0 acc 0.0 eff -1.0 outinratio 0.0 

ggH126_2e2mu_Nj_pT4l_genbin9_recobin0 acc 0.0195 eff 0.0 outinratio 0.0051 

VBFH126_2e2mu_Nj_pT4l_genbin9_recobin0 acc 0.0768 eff 0.0 outinratio 0.0 

WminusH126_2e2mu_Nj_pT4l_genbin9_recobin0 acc 0.0341 eff 0.0 outinratio 0.0129 

WplusH126_2e2mu_Nj_pT4l_genbin9_recobin0 acc 0.0331 eff 0.0 outinratio 0.0296 

ZH126_2e2mu_Nj_pT4l_genbin9_recobin0 acc 0.0325 eff 0.0 outinratio 0.0365 

ttH126_2e2mu_Nj_pT4l_genbin9_recobin0 acc 0.0049 eff -1.0 outinratio 0.0 

ggH126_2e2mu_Nj_pT4l_genbin10_recobin0 acc 0.031 eff 0.0 outinratio 0.0051 

VBFH126_2e2mu_Nj_pT4l_genbin10_recobin0 acc 0.1357 eff 0.0 outinratio 0.0 

WminusH126_2e2mu_Nj_pT4l_genbin10_recobin0 acc 0.1247 eff 0.0 outinratio 0.0129 

WplusH126_2e2mu_Nj_pT4l_genbin10_recobin0 acc 0.1083 eff 0.0002 outinratio 0.0296 

ZH126_2e2mu_Nj_pT4l_genbin10_recobin0 acc 0.1321 eff 0.0 outinratio 0.0365 

ttH126_2e2mu_Nj_pT4l_genbin10_recobin0 acc 0.3276 eff 0.0 outinratio 0.0 

ggH126_2e2mu_Nj_pT4l_genbin11_recobin0 acc 0.0121 eff 0.0 outinratio 0.0051 

VBFH126_2e2mu_Nj_pT4l_genbin11_recobin0 acc 0.0544 eff 0.0 outinratio 0.0 

WminusH126_2e2mu_Nj_pT4l_genbin11_recobin0 acc 0.0432 eff 0.0 outinratio 0.0129 

WplusH126_2e2mu_Nj_pT4l_genbin11_recobin0 acc 0.0472 eff 0.0 outinratio 0.0296 

ZH126_2e2mu_Nj_pT4l_genbin11_recobin0 acc 0.0484 eff 0.0 outinratio 0.0365 

ttH126_2e2mu_Nj_pT4l_genbin11_recobin0 acc 0.1502 eff 0.0 outinratio 0.0 

ggH126_2e2mu_Nj_pT4l_genbin0_recobin1 acc 0.074 eff 0.0341 outinratio 0.0055 

VBFH126_2e2mu_Nj_pT4l_genbin0_recobin1 acc 0.0037 eff 0.0718 outinratio 0.0529 

WminusH126_2e2mu_Nj_pT4l_genbin0_recobin1 acc 0.004 eff 0.0296 outinratio 0.0101 

WplusH126_2e2mu_Nj_pT4l_genbin0_recobin1 acc 0.0033 eff 0.0427 outinratio 0.0231 

ZH126_2e2mu_Nj_pT4l_genbin0_recobin1 acc 0.0034 eff 0.0332 outinratio 0.1008 

ttH126_2e2mu_Nj_pT4l_genbin0_recobin1 acc 0.0 eff -1.0 outinratio 0.0 

ggH126_2e2mu_Nj_pT4l_genbin1_recobin1 acc 0.0546 eff 0.3427 outinratio 0.0055 

VBFH126_2e2mu_Nj_pT4l_genbin1_recobin1 acc 0.0047 eff 0.2389 outinratio 0.0529 

WminusH126_2e2mu_Nj_pT4l_genbin1_recobin1 acc 0.0047 eff 0.2254 outinratio 0.0101 

WplusH126_2e2mu_Nj_pT4l_genbin1_recobin1 acc 0.0037 eff 0.2785 outinratio 0.0231 

ZH126_2e2mu_Nj_pT4l_genbin1_recobin1 acc 0.0041 eff 0.2707 outinratio 0.1008 

ttH126_2e2mu_Nj_pT4l_genbin1_recobin1 acc 0.0 eff -1.0 outinratio 0.0 

ggH126_2e2mu_Nj_pT4l_genbin2_recobin1 acc 0.0471 eff 0.0406 outinratio 0.0055 

VBFH126_2e2mu_Nj_pT4l_genbin2_recobin1 acc 0.0068 eff 0.0276 outinratio 0.0529 

WminusH126_2e2mu_Nj_pT4l_genbin2_recobin1 acc 0.0062 eff 0.0283 outinratio 0.0101 

WplusH126_2e2mu_Nj_pT4l_genbin2_recobin1 acc 0.0046 eff 0.0292 outinratio 0.0231 

ZH126_2e2mu_Nj_pT4l_genbin2_recobin1 acc 0.0046 eff 0.0126 outinratio 0.1008 

ttH126_2e2mu_Nj_pT4l_genbin2_recobin1 acc 0.0 eff -1.0 outinratio 0.0 

ggH126_2e2mu_Nj_pT4l_genbin3_recobin1 acc 0.0461 eff 0.0003 outinratio 0.0055 

VBFH126_2e2mu_Nj_pT4l_genbin3_recobin1 acc 0.0101 eff 0.0 outinratio 0.0529 

WminusH126_2e2mu_Nj_pT4l_genbin3_recobin1 acc 0.0084 eff 0.0031 outinratio 0.0101 

WplusH126_2e2mu_Nj_pT4l_genbin3_recobin1 acc 0.0067 eff 0.0 outinratio 0.0231 

ZH126_2e2mu_Nj_pT4l_genbin3_recobin1 acc 0.0068 eff 0.0 outinratio 0.1008 

ttH126_2e2mu_Nj_pT4l_genbin3_recobin1 acc 0.0 eff -1.0 outinratio 0.0 

ggH126_2e2mu_Nj_pT4l_genbin4_recobin1 acc 0.0427 eff 0.0 outinratio 0.0055 

VBFH126_2e2mu_Nj_pT4l_genbin4_recobin1 acc 0.0179 eff 0.0 outinratio 0.0529 

WminusH126_2e2mu_Nj_pT4l_genbin4_recobin1 acc 0.0153 eff 0.0 outinratio 0.0101 

WplusH126_2e2mu_Nj_pT4l_genbin4_recobin1 acc 0.013 eff 0.0 outinratio 0.0231 

ZH126_2e2mu_Nj_pT4l_genbin4_recobin1 acc 0.0116 eff 0.0 outinratio 0.1008 

ttH126_2e2mu_Nj_pT4l_genbin4_recobin1 acc 0.0 eff -1.0 outinratio 0.0 

ggH126_2e2mu_Nj_pT4l_genbin5_recobin1 acc 0.0234 eff 0.0 outinratio 0.0055 

VBFH126_2e2mu_Nj_pT4l_genbin5_recobin1 acc 0.0264 eff 0.0 outinratio 0.0529 

WminusH126_2e2mu_Nj_pT4l_genbin5_recobin1 acc 0.06 eff 0.0 outinratio 0.0101 

WplusH126_2e2mu_Nj_pT4l_genbin5_recobin1 acc 0.0544 eff 0.0 outinratio 0.0231 

ZH126_2e2mu_Nj_pT4l_genbin5_recobin1 acc 0.0515 eff 0.0 outinratio 0.1008 

ttH126_2e2mu_Nj_pT4l_genbin5_recobin1 acc 0.0012 eff -1.0 outinratio 0.0 

ggH126_2e2mu_Nj_pT4l_genbin6_recobin1 acc 0.0303 eff 0.0054 outinratio 0.0055 

VBFH126_2e2mu_Nj_pT4l_genbin6_recobin1 acc 0.0341 eff 0.0037 outinratio 0.0529 

WminusH126_2e2mu_Nj_pT4l_genbin6_recobin1 acc 0.0347 eff 0.0036 outinratio 0.0101 

WplusH126_2e2mu_Nj_pT4l_genbin6_recobin1 acc 0.0298 eff 0.0045 outinratio 0.0231 

ZH126_2e2mu_Nj_pT4l_genbin6_recobin1 acc 0.0304 eff 0.009 outinratio 0.1008 

ttH126_2e2mu_Nj_pT4l_genbin6_recobin1 acc 0.0025 eff -1.0 outinratio 0.0 

ggH126_2e2mu_Nj_pT4l_genbin7_recobin1 acc 0.0313 eff 0.0 outinratio 0.0055 

VBFH126_2e2mu_Nj_pT4l_genbin7_recobin1 acc 0.0378 eff 0.0 outinratio 0.0529 

WminusH126_2e2mu_Nj_pT4l_genbin7_recobin1 acc 0.0293 eff 0.0 outinratio 0.0101 

WplusH126_2e2mu_Nj_pT4l_genbin7_recobin1 acc 0.0244 eff 0.0 outinratio 0.0231 

ZH126_2e2mu_Nj_pT4l_genbin7_recobin1 acc 0.0261 eff 0.0 outinratio 0.1008 

ttH126_2e2mu_Nj_pT4l_genbin7_recobin1 acc 0.0012 eff -1.0 outinratio 0.0 

ggH126_2e2mu_Nj_pT4l_genbin8_recobin1 acc 0.03 eff 0.0 outinratio 0.0055 

VBFH126_2e2mu_Nj_pT4l_genbin8_recobin1 acc 0.0668 eff 0.0 outinratio 0.0529 

WminusH126_2e2mu_Nj_pT4l_genbin8_recobin1 acc 0.0392 eff 0.0 outinratio 0.0101 

WplusH126_2e2mu_Nj_pT4l_genbin8_recobin1 acc 0.0324 eff 0.0 outinratio 0.0231 

ZH126_2e2mu_Nj_pT4l_genbin8_recobin1 acc 0.0346 eff 0.0 outinratio 0.1008 

ttH126_2e2mu_Nj_pT4l_genbin8_recobin1 acc 0.0 eff -1.0 outinratio 0.0 

ggH126_2e2mu_Nj_pT4l_genbin9_recobin1 acc 0.0195 eff 0.0 outinratio 0.0055 

VBFH126_2e2mu_Nj_pT4l_genbin9_recobin1 acc 0.0768 eff 0.0 outinratio 0.0529 

WminusH126_2e2mu_Nj_pT4l_genbin9_recobin1 acc 0.0341 eff 0.0 outinratio 0.0101 

WplusH126_2e2mu_Nj_pT4l_genbin9_recobin1 acc 0.0331 eff 0.0 outinratio 0.0231 

ZH126_2e2mu_Nj_pT4l_genbin9_recobin1 acc 0.0325 eff 0.0 outinratio 0.1008 

ttH126_2e2mu_Nj_pT4l_genbin9_recobin1 acc 0.0049 eff -1.0 outinratio 0.0 

ggH126_2e2mu_Nj_pT4l_genbin10_recobin1 acc 0.031 eff 0.0 outinratio 0.0055 

VBFH126_2e2mu_Nj_pT4l_genbin10_recobin1 acc 0.1357 eff 0.0 outinratio 0.0529 

WminusH126_2e2mu_Nj_pT4l_genbin10_recobin1 acc 0.1247 eff 0.0003 outinratio 0.0101 

WplusH126_2e2mu_Nj_pT4l_genbin10_recobin1 acc 0.1083 eff 0.0003 outinratio 0.0231 

ZH126_2e2mu_Nj_pT4l_genbin10_recobin1 acc 0.1321 eff 0.0004 outinratio 0.1008 

ttH126_2e2mu_Nj_pT4l_genbin10_recobin1 acc 0.3276 eff 0.0 outinratio 0.0 

ggH126_2e2mu_Nj_pT4l_genbin11_recobin1 acc 0.0121 eff 0.0 outinratio 0.0055 

VBFH126_2e2mu_Nj_pT4l_genbin11_recobin1 acc 0.0544 eff 0.0 outinratio 0.0529 

WminusH126_2e2mu_Nj_pT4l_genbin11_recobin1 acc 0.0432 eff 0.0 outinratio 0.0101 

WplusH126_2e2mu_Nj_pT4l_genbin11_recobin1 acc 0.0472 eff 0.0 outinratio 0.0231 

ZH126_2e2mu_Nj_pT4l_genbin11_recobin1 acc 0.0484 eff 0.0 outinratio 0.1008 

ttH126_2e2mu_Nj_pT4l_genbin11_recobin1 acc 0.1502 eff 0.0 outinratio 0.0 

ggH126_2e2mu_Nj_pT4l_genbin0_recobin2 acc 0.074 eff 0.0007 outinratio 0.0067 

VBFH126_2e2mu_Nj_pT4l_genbin0_recobin2 acc 0.0037 eff 0.0145 outinratio 0.0 

WminusH126_2e2mu_Nj_pT4l_genbin0_recobin2 acc 0.004 eff 0.0 outinratio 0.038 

WplusH126_2e2mu_Nj_pT4l_genbin0_recobin2 acc 0.0033 eff 0.0 outinratio 0.0191 

ZH126_2e2mu_Nj_pT4l_genbin0_recobin2 acc 0.0034 eff 0.0159 outinratio 0.0917 

ttH126_2e2mu_Nj_pT4l_genbin0_recobin2 acc 0.0 eff -1.0 outinratio 0.0 

ggH126_2e2mu_Nj_pT4l_genbin1_recobin2 acc 0.0546 eff 0.0316 outinratio 0.0067 

VBFH126_2e2mu_Nj_pT4l_genbin1_recobin2 acc 0.0047 eff 0.0581 outinratio 0.0 

WminusH126_2e2mu_Nj_pT4l_genbin1_recobin2 acc 0.0047 eff 0.0182 outinratio 0.038 

WplusH126_2e2mu_Nj_pT4l_genbin1_recobin2 acc 0.0037 eff 0.0304 outinratio 0.0191 

ZH126_2e2mu_Nj_pT4l_genbin1_recobin2 acc 0.0041 eff 0.0268 outinratio 0.0917 

ttH126_2e2mu_Nj_pT4l_genbin1_recobin2 acc 0.0 eff -1.0 outinratio 0.0 

ggH126_2e2mu_Nj_pT4l_genbin2_recobin2 acc 0.0471 eff 0.3567 outinratio 0.0067 

VBFH126_2e2mu_Nj_pT4l_genbin2_recobin2 acc 0.0068 eff 0.3384 outinratio 0.0 

WminusH126_2e2mu_Nj_pT4l_genbin2_recobin2 acc 0.0062 eff 0.2556 outinratio 0.038 

WplusH126_2e2mu_Nj_pT4l_genbin2_recobin2 acc 0.0046 eff 0.2447 outinratio 0.0191 

ZH126_2e2mu_Nj_pT4l_genbin2_recobin2 acc 0.0046 eff 0.2506 outinratio 0.0917 

ttH126_2e2mu_Nj_pT4l_genbin2_recobin2 acc 0.0 eff -1.0 outinratio 0.0 

ggH126_2e2mu_Nj_pT4l_genbin3_recobin2 acc 0.0461 eff 0.0459 outinratio 0.0067 

VBFH126_2e2mu_Nj_pT4l_genbin3_recobin2 acc 0.0101 eff 0.0511 outinratio 0.0 

WminusH126_2e2mu_Nj_pT4l_genbin3_recobin2 acc 0.0084 eff 0.0284 outinratio 0.038 

WplusH126_2e2mu_Nj_pT4l_genbin3_recobin2 acc 0.0067 eff 0.0177 outinratio 0.0191 

ZH126_2e2mu_Nj_pT4l_genbin3_recobin2 acc 0.0068 eff 0.0409 outinratio 0.0917 

ttH126_2e2mu_Nj_pT4l_genbin3_recobin2 acc 0.0 eff -1.0 outinratio 0.0 

ggH126_2e2mu_Nj_pT4l_genbin4_recobin2 acc 0.0427 eff 0.0007 outinratio 0.0067 

VBFH126_2e2mu_Nj_pT4l_genbin4_recobin2 acc 0.0179 eff 0.0 outinratio 0.0 

WminusH126_2e2mu_Nj_pT4l_genbin4_recobin2 acc 0.0153 eff 0.0 outinratio 0.038 

WplusH126_2e2mu_Nj_pT4l_genbin4_recobin2 acc 0.013 eff 0.0005 outinratio 0.0191 

ZH126_2e2mu_Nj_pT4l_genbin4_recobin2 acc 0.0116 eff 0.0 outinratio 0.0917 

ttH126_2e2mu_Nj_pT4l_genbin4_recobin2 acc 0.0 eff -1.0 outinratio 0.0 

ggH126_2e2mu_Nj_pT4l_genbin5_recobin2 acc 0.0234 eff 0.0 outinratio 0.0067 

VBFH126_2e2mu_Nj_pT4l_genbin5_recobin2 acc 0.0264 eff 0.0 outinratio 0.0 

WminusH126_2e2mu_Nj_pT4l_genbin5_recobin2 acc 0.06 eff 0.0 outinratio 0.038 

WplusH126_2e2mu_Nj_pT4l_genbin5_recobin2 acc 0.0544 eff 0.0 outinratio 0.0191 

ZH126_2e2mu_Nj_pT4l_genbin5_recobin2 acc 0.0515 eff 0.0 outinratio 0.0917 

ttH126_2e2mu_Nj_pT4l_genbin5_recobin2 acc 0.0012 eff -1.0 outinratio 0.0 

ggH126_2e2mu_Nj_pT4l_genbin6_recobin2 acc 0.0303 eff 0.0115 outinratio 0.0067 

VBFH126_2e2mu_Nj_pT4l_genbin6_recobin2 acc 0.0341 eff 0.0127 outinratio 0.0 

WminusH126_2e2mu_Nj_pT4l_genbin6_recobin2 acc 0.0347 eff 0.0061 outinratio 0.038 

WplusH126_2e2mu_Nj_pT4l_genbin6_recobin2 acc 0.0298 eff 0.0054 outinratio 0.0191 

ZH126_2e2mu_Nj_pT4l_genbin6_recobin2 acc 0.0304 eff 0.0104 outinratio 0.0917 

ttH126_2e2mu_Nj_pT4l_genbin6_recobin2 acc 0.0025 eff -1.0 outinratio 0.0 

ggH126_2e2mu_Nj_pT4l_genbin7_recobin2 acc 0.0313 eff 0.0 outinratio 0.0067 

VBFH126_2e2mu_Nj_pT4l_genbin7_recobin2 acc 0.0378 eff 0.0 outinratio 0.0 

WminusH126_2e2mu_Nj_pT4l_genbin7_recobin2 acc 0.0293 eff 0.0 outinratio 0.038 

WplusH126_2e2mu_Nj_pT4l_genbin7_recobin2 acc 0.0244 eff 0.0 outinratio 0.0191 

ZH126_2e2mu_Nj_pT4l_genbin7_recobin2 acc 0.0261 eff 0.0 outinratio 0.0917 

ttH126_2e2mu_Nj_pT4l_genbin7_recobin2 acc 0.0012 eff -1.0 outinratio 0.0 

ggH126_2e2mu_Nj_pT4l_genbin8_recobin2 acc 0.03 eff 0.0 outinratio 0.0067 

VBFH126_2e2mu_Nj_pT4l_genbin8_recobin2 acc 0.0668 eff 0.0 outinratio 0.0 

WminusH126_2e2mu_Nj_pT4l_genbin8_recobin2 acc 0.0392 eff 0.0 outinratio 0.038 

WplusH126_2e2mu_Nj_pT4l_genbin8_recobin2 acc 0.0324 eff 0.0 outinratio 0.0191 

ZH126_2e2mu_Nj_pT4l_genbin8_recobin2 acc 0.0346 eff 0.0 outinratio 0.0917 

ttH126_2e2mu_Nj_pT4l_genbin8_recobin2 acc 0.0 eff -1.0 outinratio 0.0 

ggH126_2e2mu_Nj_pT4l_genbin9_recobin2 acc 0.0195 eff 0.0 outinratio 0.0067 

VBFH126_2e2mu_Nj_pT4l_genbin9_recobin2 acc 0.0768 eff 0.0 outinratio 0.0 

WminusH126_2e2mu_Nj_pT4l_genbin9_recobin2 acc 0.0341 eff 0.0 outinratio 0.038 

WplusH126_2e2mu_Nj_pT4l_genbin9_recobin2 acc 0.0331 eff 0.0 outinratio 0.0191 

ZH126_2e2mu_Nj_pT4l_genbin9_recobin2 acc 0.0325 eff 0.0 outinratio 0.0917 

ttH126_2e2mu_Nj_pT4l_genbin9_recobin2 acc 0.0049 eff -1.0 outinratio 0.0 

ggH126_2e2mu_Nj_pT4l_genbin10_recobin2 acc 0.031 eff 0.0011 outinratio 0.0067 

VBFH126_2e2mu_Nj_pT4l_genbin10_recobin2 acc 0.1357 eff 0.0 outinratio 0.0 

WminusH126_2e2mu_Nj_pT4l_genbin10_recobin2 acc 0.1247 eff 0.0002 outinratio 0.038 

WplusH126_2e2mu_Nj_pT4l_genbin10_recobin2 acc 0.1083 eff 0.0002 outinratio 0.0191 

ZH126_2e2mu_Nj_pT4l_genbin10_recobin2 acc 0.1321 eff 0.0009 outinratio 0.0917 

ttH126_2e2mu_Nj_pT4l_genbin10_recobin2 acc 0.3276 eff 0.0 outinratio 0.0 

ggH126_2e2mu_Nj_pT4l_genbin11_recobin2 acc 0.0121 eff 0.0 outinratio 0.0067 

VBFH126_2e2mu_Nj_pT4l_genbin11_recobin2 acc 0.0544 eff 0.0 outinratio 0.0 

WminusH126_2e2mu_Nj_pT4l_genbin11_recobin2 acc 0.0432 eff 0.0 outinratio 0.038 

WplusH126_2e2mu_Nj_pT4l_genbin11_recobin2 acc 0.0472 eff 0.0 outinratio 0.0191 

ZH126_2e2mu_Nj_pT4l_genbin11_recobin2 acc 0.0484 eff 0.0 outinratio 0.0917 

ttH126_2e2mu_Nj_pT4l_genbin11_recobin2 acc 0.1502 eff 0.0 outinratio 0.0 

ggH126_2e2mu_Nj_pT4l_genbin0_recobin3 acc 0.074 eff 0.0 outinratio 0.0076 

VBFH126_2e2mu_Nj_pT4l_genbin0_recobin3 acc 0.0037 eff 0.0 outinratio 0.0 

WminusH126_2e2mu_Nj_pT4l_genbin0_recobin3 acc 0.004 eff 0.0 outinratio 0.0371 

WplusH126_2e2mu_Nj_pT4l_genbin0_recobin3 acc 0.0033 eff 0.0 outinratio 0.0252 

ZH126_2e2mu_Nj_pT4l_genbin0_recobin3 acc 0.0034 eff 0.0 outinratio 0.0311 

ttH126_2e2mu_Nj_pT4l_genbin0_recobin3 acc 0.0 eff -1.0 outinratio 0.0 

ggH126_2e2mu_Nj_pT4l_genbin1_recobin3 acc 0.0546 eff 0.0007 outinratio 0.0076 

VBFH126_2e2mu_Nj_pT4l_genbin1_recobin3 acc 0.0047 eff 0.0 outinratio 0.0 

WminusH126_2e2mu_Nj_pT4l_genbin1_recobin3 acc 0.0047 eff 0.0 outinratio 0.0371 

WplusH126_2e2mu_Nj_pT4l_genbin1_recobin3 acc 0.0037 eff 0.0016 outinratio 0.0252 

ZH126_2e2mu_Nj_pT4l_genbin1_recobin3 acc 0.0041 eff 0.0 outinratio 0.0311 

ttH126_2e2mu_Nj_pT4l_genbin1_recobin3 acc 0.0 eff -1.0 outinratio 0.0 

ggH126_2e2mu_Nj_pT4l_genbin2_recobin3 acc 0.0471 eff 0.0318 outinratio 0.0076 

VBFH126_2e2mu_Nj_pT4l_genbin2_recobin3 acc 0.0068 eff 0.0261 outinratio 0.0 

WminusH126_2e2mu_Nj_pT4l_genbin2_recobin3 acc 0.0062 eff 0.049 outinratio 0.0371 

WplusH126_2e2mu_Nj_pT4l_genbin2_recobin3 acc 0.0046 eff 0.028 outinratio 0.0252 

ZH126_2e2mu_Nj_pT4l_genbin2_recobin3 acc 0.0046 eff 0.0355 outinratio 0.0311 

ttH126_2e2mu_Nj_pT4l_genbin2_recobin3 acc 0.0 eff -1.0 outinratio 0.0 

ggH126_2e2mu_Nj_pT4l_genbin3_recobin3 acc 0.0461 eff 0.3412 outinratio 0.0076 

VBFH126_2e2mu_Nj_pT4l_genbin3_recobin3 acc 0.0101 eff 0.2514 outinratio 0.0 

WminusH126_2e2mu_Nj_pT4l_genbin3_recobin3 acc 0.0084 eff 0.2666 outinratio 0.0371 

WplusH126_2e2mu_Nj_pT4l_genbin3_recobin3 acc 0.0067 eff 0.2613 outinratio 0.0252 

ZH126_2e2mu_Nj_pT4l_genbin3_recobin3 acc 0.0068 eff 0.3281 outinratio 0.0311 

ttH126_2e2mu_Nj_pT4l_genbin3_recobin3 acc 0.0 eff -1.0 outinratio 0.0 

ggH126_2e2mu_Nj_pT4l_genbin4_recobin3 acc 0.0427 eff 0.032 outinratio 0.0076 

VBFH126_2e2mu_Nj_pT4l_genbin4_recobin3 acc 0.0179 eff 0.0172 outinratio 0.0 

WminusH126_2e2mu_Nj_pT4l_genbin4_recobin3 acc 0.0153 eff 0.0134 outinratio 0.0371 

WplusH126_2e2mu_Nj_pT4l_genbin4_recobin3 acc 0.013 eff 0.017 outinratio 0.0252 

ZH126_2e2mu_Nj_pT4l_genbin4_recobin3 acc 0.0116 eff 0.0211 outinratio 0.0311 

ttH126_2e2mu_Nj_pT4l_genbin4_recobin3 acc 0.0 eff -1.0 outinratio 0.0 

ggH126_2e2mu_Nj_pT4l_genbin5_recobin3 acc 0.0234 eff 0.0002 outinratio 0.0076 

VBFH126_2e2mu_Nj_pT4l_genbin5_recobin3 acc 0.0264 eff 0.0 outinratio 0.0 

WminusH126_2e2mu_Nj_pT4l_genbin5_recobin3 acc 0.06 eff 0.0 outinratio 0.0371 

WplusH126_2e2mu_Nj_pT4l_genbin5_recobin3 acc 0.0544 eff 0.0 outinratio 0.0252 

ZH126_2e2mu_Nj_pT4l_genbin5_recobin3 acc 0.0515 eff 0.0 outinratio 0.0311 

ttH126_2e2mu_Nj_pT4l_genbin5_recobin3 acc 0.0012 eff -1.0 outinratio 0.0 

ggH126_2e2mu_Nj_pT4l_genbin6_recobin3 acc 0.0303 eff 0.0254 outinratio 0.0076 

VBFH126_2e2mu_Nj_pT4l_genbin6_recobin3 acc 0.0341 eff 0.0196 outinratio 0.0 

WminusH126_2e2mu_Nj_pT4l_genbin6_recobin3 acc 0.0347 eff 0.0128 outinratio 0.0371 

WplusH126_2e2mu_Nj_pT4l_genbin6_recobin3 acc 0.0298 eff 0.0135 outinratio 0.0252 

ZH126_2e2mu_Nj_pT4l_genbin6_recobin3 acc 0.0304 eff 0.0183 outinratio 0.0311 

ttH126_2e2mu_Nj_pT4l_genbin6_recobin3 acc 0.0025 eff -1.0 outinratio 0.0 

ggH126_2e2mu_Nj_pT4l_genbin7_recobin3 acc 0.0313 eff 0.0 outinratio 0.0076 

VBFH126_2e2mu_Nj_pT4l_genbin7_recobin3 acc 0.0378 eff 0.0 outinratio 0.0 

WminusH126_2e2mu_Nj_pT4l_genbin7_recobin3 acc 0.0293 eff 0.0 outinratio 0.0371 

WplusH126_2e2mu_Nj_pT4l_genbin7_recobin3 acc 0.0244 eff 0.0 outinratio 0.0252 

ZH126_2e2mu_Nj_pT4l_genbin7_recobin3 acc 0.0261 eff 0.0 outinratio 0.0311 

ttH126_2e2mu_Nj_pT4l_genbin7_recobin3 acc 0.0012 eff -1.0 outinratio 0.0 

ggH126_2e2mu_Nj_pT4l_genbin8_recobin3 acc 0.03 eff 0.0 outinratio 0.0076 

VBFH126_2e2mu_Nj_pT4l_genbin8_recobin3 acc 0.0668 eff 0.0 outinratio 0.0 

WminusH126_2e2mu_Nj_pT4l_genbin8_recobin3 acc 0.0392 eff 0.0 outinratio 0.0371 

WplusH126_2e2mu_Nj_pT4l_genbin8_recobin3 acc 0.0324 eff 0.0 outinratio 0.0252 

ZH126_2e2mu_Nj_pT4l_genbin8_recobin3 acc 0.0346 eff 0.0 outinratio 0.0311 

ttH126_2e2mu_Nj_pT4l_genbin8_recobin3 acc 0.0 eff -1.0 outinratio 0.0 

ggH126_2e2mu_Nj_pT4l_genbin9_recobin3 acc 0.0195 eff 0.0 outinratio 0.0076 

VBFH126_2e2mu_Nj_pT4l_genbin9_recobin3 acc 0.0768 eff 0.0 outinratio 0.0 

WminusH126_2e2mu_Nj_pT4l_genbin9_recobin3 acc 0.0341 eff 0.0 outinratio 0.0371 

WplusH126_2e2mu_Nj_pT4l_genbin9_recobin3 acc 0.0331 eff 0.0 outinratio 0.0252 

ZH126_2e2mu_Nj_pT4l_genbin9_recobin3 acc 0.0325 eff 0.0 outinratio 0.0311 

ttH126_2e2mu_Nj_pT4l_genbin9_recobin3 acc 0.0049 eff -1.0 outinratio 0.0 

ggH126_2e2mu_Nj_pT4l_genbin10_recobin3 acc 0.031 eff 0.0 outinratio 0.0076 

VBFH126_2e2mu_Nj_pT4l_genbin10_recobin3 acc 0.1357 eff 0.0 outinratio 0.0 

WminusH126_2e2mu_Nj_pT4l_genbin10_recobin3 acc 0.1247 eff 0.0008 outinratio 0.0371 

WplusH126_2e2mu_Nj_pT4l_genbin10_recobin3 acc 0.1083 eff 0.0002 outinratio 0.0252 

ZH126_2e2mu_Nj_pT4l_genbin10_recobin3 acc 0.1321 eff 0.0 outinratio 0.0311 

ttH126_2e2mu_Nj_pT4l_genbin10_recobin3 acc 0.3276 eff 0.0 outinratio 0.0 

ggH126_2e2mu_Nj_pT4l_genbin11_recobin3 acc 0.0121 eff 0.0 outinratio 0.0076 

VBFH126_2e2mu_Nj_pT4l_genbin11_recobin3 acc 0.0544 eff 0.0 outinratio 0.0 

WminusH126_2e2mu_Nj_pT4l_genbin11_recobin3 acc 0.0432 eff 0.0 outinratio 0.0371 

WplusH126_2e2mu_Nj_pT4l_genbin11_recobin3 acc 0.0472 eff 0.0 outinratio 0.0252 

ZH126_2e2mu_Nj_pT4l_genbin11_recobin3 acc 0.0484 eff 0.0 outinratio 0.0311 

ttH126_2e2mu_Nj_pT4l_genbin11_recobin3 acc 0.1502 eff 0.0 outinratio 0.0 

ggH126_2e2mu_Nj_pT4l_genbin0_recobin4 acc 0.074 eff 0.0 outinratio 0.0097 

VBFH126_2e2mu_Nj_pT4l_genbin0_recobin4 acc 0.0037 eff 0.0 outinratio 0.0 

WminusH126_2e2mu_Nj_pT4l_genbin0_recobin4 acc 0.004 eff 0.0 outinratio 0.0267 

WplusH126_2e2mu_Nj_pT4l_genbin0_recobin4 acc 0.0033 eff 0.0 outinratio 0.0255 

ZH126_2e2mu_Nj_pT4l_genbin0_recobin4 acc 0.0034 eff 0.0 outinratio 0.0673 

ttH126_2e2mu_Nj_pT4l_genbin0_recobin4 acc 0.0 eff -1.0 outinratio 0.0 

ggH126_2e2mu_Nj_pT4l_genbin1_recobin4 acc 0.0546 eff 0.0 outinratio 0.0097 

VBFH126_2e2mu_Nj_pT4l_genbin1_recobin4 acc 0.0047 eff 0.0 outinratio 0.0 

WminusH126_2e2mu_Nj_pT4l_genbin1_recobin4 acc 0.0047 eff 0.0 outinratio 0.0267 

WplusH126_2e2mu_Nj_pT4l_genbin1_recobin4 acc 0.0037 eff 0.0 outinratio 0.0255 

ZH126_2e2mu_Nj_pT4l_genbin1_recobin4 acc 0.0041 eff 0.0 outinratio 0.0673 

ttH126_2e2mu_Nj_pT4l_genbin1_recobin4 acc 0.0 eff -1.0 outinratio 0.0 

ggH126_2e2mu_Nj_pT4l_genbin2_recobin4 acc 0.0471 eff 0.0011 outinratio 0.0097 

VBFH126_2e2mu_Nj_pT4l_genbin2_recobin4 acc 0.0068 eff 0.0 outinratio 0.0 

WminusH126_2e2mu_Nj_pT4l_genbin2_recobin4 acc 0.0062 eff 0.0 outinratio 0.0267 

WplusH126_2e2mu_Nj_pT4l_genbin2_recobin4 acc 0.0046 eff 0.0014 outinratio 0.0255 

ZH126_2e2mu_Nj_pT4l_genbin2_recobin4 acc 0.0046 eff 0.0 outinratio 0.0673 

ttH126_2e2mu_Nj_pT4l_genbin2_recobin4 acc 0.0 eff -1.0 outinratio 0.0 

ggH126_2e2mu_Nj_pT4l_genbin3_recobin4 acc 0.0461 eff 0.0272 outinratio 0.0097 

VBFH126_2e2mu_Nj_pT4l_genbin3_recobin4 acc 0.0101 eff 0.0222 outinratio 0.0 

WminusH126_2e2mu_Nj_pT4l_genbin3_recobin4 acc 0.0084 eff 0.0278 outinratio 0.0267 

WplusH126_2e2mu_Nj_pT4l_genbin3_recobin4 acc 0.0067 eff 0.0174 outinratio 0.0255 

ZH126_2e2mu_Nj_pT4l_genbin3_recobin4 acc 0.0068 eff 0.0144 outinratio 0.0673 

ttH126_2e2mu_Nj_pT4l_genbin3_recobin4 acc 0.0 eff -1.0 outinratio 0.0 

ggH126_2e2mu_Nj_pT4l_genbin4_recobin4 acc 0.0427 eff 0.3364 outinratio 0.0097 

VBFH126_2e2mu_Nj_pT4l_genbin4_recobin4 acc 0.0179 eff 0.3566 outinratio 0.0 

WminusH126_2e2mu_Nj_pT4l_genbin4_recobin4 acc 0.0153 eff 0.2975 outinratio 0.0267 

WplusH126_2e2mu_Nj_pT4l_genbin4_recobin4 acc 0.013 eff 0.2958 outinratio 0.0255 

ZH126_2e2mu_Nj_pT4l_genbin4_recobin4 acc 0.0116 eff 0.3314 outinratio 0.0673 

ttH126_2e2mu_Nj_pT4l_genbin4_recobin4 acc 0.0 eff -1.0 outinratio 0.0 

ggH126_2e2mu_Nj_pT4l_genbin5_recobin4 acc 0.0234 eff 0.0261 outinratio 0.0097 

VBFH126_2e2mu_Nj_pT4l_genbin5_recobin4 acc 0.0264 eff 0.0145 outinratio 0.0 

WminusH126_2e2mu_Nj_pT4l_genbin5_recobin4 acc 0.06 eff 0.0036 outinratio 0.0267 

WplusH126_2e2mu_Nj_pT4l_genbin5_recobin4 acc 0.0544 eff 0.0026 outinratio 0.0255 

ZH126_2e2mu_Nj_pT4l_genbin5_recobin4 acc 0.0515 eff 0.0064 outinratio 0.0673 

ttH126_2e2mu_Nj_pT4l_genbin5_recobin4 acc 0.0012 eff -1.0 outinratio 0.0 

ggH126_2e2mu_Nj_pT4l_genbin6_recobin4 acc 0.0303 eff 0.0519 outinratio 0.0097 

VBFH126_2e2mu_Nj_pT4l_genbin6_recobin4 acc 0.0341 eff 0.0319 outinratio 0.0 

WminusH126_2e2mu_Nj_pT4l_genbin6_recobin4 acc 0.0347 eff 0.0253 outinratio 0.0267 

WplusH126_2e2mu_Nj_pT4l_genbin6_recobin4 acc 0.0298 eff 0.0217 outinratio 0.0255 

ZH126_2e2mu_Nj_pT4l_genbin6_recobin4 acc 0.0304 eff 0.0434 outinratio 0.0673 

ttH126_2e2mu_Nj_pT4l_genbin6_recobin4 acc 0.0025 eff -1.0 outinratio 0.0 

ggH126_2e2mu_Nj_pT4l_genbin7_recobin4 acc 0.0313 eff 0.0079 outinratio 0.0097 

VBFH126_2e2mu_Nj_pT4l_genbin7_recobin4 acc 0.0378 eff 0.0032 outinratio 0.0 

WminusH126_2e2mu_Nj_pT4l_genbin7_recobin4 acc 0.0293 eff 0.0023 outinratio 0.0267 

WplusH126_2e2mu_Nj_pT4l_genbin7_recobin4 acc 0.0244 eff 0.0053 outinratio 0.0255 

ZH126_2e2mu_Nj_pT4l_genbin7_recobin4 acc 0.0261 eff 0.0031 outinratio 0.0673 

ttH126_2e2mu_Nj_pT4l_genbin7_recobin4 acc 0.0012 eff -1.0 outinratio 0.0 

ggH126_2e2mu_Nj_pT4l_genbin8_recobin4 acc 0.03 eff 0.0 outinratio 0.0097 

VBFH126_2e2mu_Nj_pT4l_genbin8_recobin4 acc 0.0668 eff 0.0 outinratio 0.0 

WminusH126_2e2mu_Nj_pT4l_genbin8_recobin4 acc 0.0392 eff 0.0 outinratio 0.0267 

WplusH126_2e2mu_Nj_pT4l_genbin8_recobin4 acc 0.0324 eff 0.0 outinratio 0.0255 

ZH126_2e2mu_Nj_pT4l_genbin8_recobin4 acc 0.0346 eff 0.0 outinratio 0.0673 

ttH126_2e2mu_Nj_pT4l_genbin8_recobin4 acc 0.0 eff -1.0 outinratio 0.0 

ggH126_2e2mu_Nj_pT4l_genbin9_recobin4 acc 0.0195 eff 0.0 outinratio 0.0097 

VBFH126_2e2mu_Nj_pT4l_genbin9_recobin4 acc 0.0768 eff 0.0 outinratio 0.0 

WminusH126_2e2mu_Nj_pT4l_genbin9_recobin4 acc 0.0341 eff 0.0 outinratio 0.0267 

WplusH126_2e2mu_Nj_pT4l_genbin9_recobin4 acc 0.0331 eff 0.0 outinratio 0.0255 

ZH126_2e2mu_Nj_pT4l_genbin9_recobin4 acc 0.0325 eff 0.0 outinratio 0.0673 

ttH126_2e2mu_Nj_pT4l_genbin9_recobin4 acc 0.0049 eff -1.0 outinratio 0.0 

ggH126_2e2mu_Nj_pT4l_genbin10_recobin4 acc 0.031 eff 0.0016 outinratio 0.0097 

VBFH126_2e2mu_Nj_pT4l_genbin10_recobin4 acc 0.1357 eff 0.0013 outinratio 0.0 

WminusH126_2e2mu_Nj_pT4l_genbin10_recobin4 acc 0.1247 eff 0.0002 outinratio 0.0267 

WplusH126_2e2mu_Nj_pT4l_genbin10_recobin4 acc 0.1083 eff 0.0009 outinratio 0.0255 

ZH126_2e2mu_Nj_pT4l_genbin10_recobin4 acc 0.1321 eff 0.0021 outinratio 0.0673 

ttH126_2e2mu_Nj_pT4l_genbin10_recobin4 acc 0.3276 eff 0.0 outinratio 0.0 

ggH126_2e2mu_Nj_pT4l_genbin11_recobin4 acc 0.0121 eff 0.0 outinratio 0.0097 

VBFH126_2e2mu_Nj_pT4l_genbin11_recobin4 acc 0.0544 eff 0.0 outinratio 0.0 

WminusH126_2e2mu_Nj_pT4l_genbin11_recobin4 acc 0.0432 eff 0.0 outinratio 0.0267 

WplusH126_2e2mu_Nj_pT4l_genbin11_recobin4 acc 0.0472 eff 0.0 outinratio 0.0255 

ZH126_2e2mu_Nj_pT4l_genbin11_recobin4 acc 0.0484 eff 0.0 outinratio 0.0673 

ttH126_2e2mu_Nj_pT4l_genbin11_recobin4 acc 0.1502 eff 0.0 outinratio 0.0 

ggH126_2e2mu_Nj_pT4l_genbin0_recobin5 acc 0.074 eff 0.0 outinratio 0.0075 

VBFH126_2e2mu_Nj_pT4l_genbin0_recobin5 acc 0.0037 eff 0.0 outinratio 0.0038 

WminusH126_2e2mu_Nj_pT4l_genbin0_recobin5 acc 0.004 eff 0.0 outinratio 0.0371 

WplusH126_2e2mu_Nj_pT4l_genbin0_recobin5 acc 0.0033 eff 0.0 outinratio 0.0429 

ZH126_2e2mu_Nj_pT4l_genbin0_recobin5 acc 0.0034 eff 0.0 outinratio 0.0674 

ttH126_2e2mu_Nj_pT4l_genbin0_recobin5 acc 0.0 eff -1.0 outinratio 0.0 

ggH126_2e2mu_Nj_pT4l_genbin1_recobin5 acc 0.0546 eff 0.0 outinratio 0.0075 

VBFH126_2e2mu_Nj_pT4l_genbin1_recobin5 acc 0.0047 eff 0.0 outinratio 0.0038 

WminusH126_2e2mu_Nj_pT4l_genbin1_recobin5 acc 0.0047 eff 0.0 outinratio 0.0371 

WplusH126_2e2mu_Nj_pT4l_genbin1_recobin5 acc 0.0037 eff 0.0 outinratio 0.0429 

ZH126_2e2mu_Nj_pT4l_genbin1_recobin5 acc 0.0041 eff 0.0 outinratio 0.0674 

ttH126_2e2mu_Nj_pT4l_genbin1_recobin5 acc 0.0 eff -1.0 outinratio 0.0 

ggH126_2e2mu_Nj_pT4l_genbin2_recobin5 acc 0.0471 eff 0.0 outinratio 0.0075 

VBFH126_2e2mu_Nj_pT4l_genbin2_recobin5 acc 0.0068 eff 0.0 outinratio 0.0038 

WminusH126_2e2mu_Nj_pT4l_genbin2_recobin5 acc 0.0062 eff 0.0 outinratio 0.0371 

WplusH126_2e2mu_Nj_pT4l_genbin2_recobin5 acc 0.0046 eff 0.0 outinratio 0.0429 

ZH126_2e2mu_Nj_pT4l_genbin2_recobin5 acc 0.0046 eff 0.0 outinratio 0.0674 

ttH126_2e2mu_Nj_pT4l_genbin2_recobin5 acc 0.0 eff -1.0 outinratio 0.0 

ggH126_2e2mu_Nj_pT4l_genbin3_recobin5 acc 0.0461 eff 0.0 outinratio 0.0075 

VBFH126_2e2mu_Nj_pT4l_genbin3_recobin5 acc 0.0101 eff 0.0 outinratio 0.0038 

WminusH126_2e2mu_Nj_pT4l_genbin3_recobin5 acc 0.0084 eff 0.0 outinratio 0.0371 

WplusH126_2e2mu_Nj_pT4l_genbin3_recobin5 acc 0.0067 eff 0.0 outinratio 0.0429 

ZH126_2e2mu_Nj_pT4l_genbin3_recobin5 acc 0.0068 eff 0.0 outinratio 0.0674 

ttH126_2e2mu_Nj_pT4l_genbin3_recobin5 acc 0.0 eff -1.0 outinratio 0.0 

ggH126_2e2mu_Nj_pT4l_genbin4_recobin5 acc 0.0427 eff 0.0105 outinratio 0.0075 

VBFH126_2e2mu_Nj_pT4l_genbin4_recobin5 acc 0.0179 eff 0.0129 outinratio 0.0038 

WminusH126_2e2mu_Nj_pT4l_genbin4_recobin5 acc 0.0153 eff 0.0126 outinratio 0.0371 

WplusH126_2e2mu_Nj_pT4l_genbin4_recobin5 acc 0.013 eff 0.0105 outinratio 0.0429 

ZH126_2e2mu_Nj_pT4l_genbin4_recobin5 acc 0.0116 eff 0.0136 outinratio 0.0674 

ttH126_2e2mu_Nj_pT4l_genbin4_recobin5 acc 0.0 eff -1.0 outinratio 0.0 

ggH126_2e2mu_Nj_pT4l_genbin5_recobin5 acc 0.0234 eff 0.2736 outinratio 0.0075 

VBFH126_2e2mu_Nj_pT4l_genbin5_recobin5 acc 0.0264 eff 0.2736 outinratio 0.0038 

WminusH126_2e2mu_Nj_pT4l_genbin5_recobin5 acc 0.06 eff 0.3292 outinratio 0.0371 

WplusH126_2e2mu_Nj_pT4l_genbin5_recobin5 acc 0.0544 eff 0.3358 outinratio 0.0429 

ZH126_2e2mu_Nj_pT4l_genbin5_recobin5 acc 0.0515 eff 0.4051 outinratio 0.0674 

ttH126_2e2mu_Nj_pT4l_genbin5_recobin5 acc 0.0012 eff -1.0 outinratio 0.0 

ggH126_2e2mu_Nj_pT4l_genbin6_recobin5 acc 0.0303 eff 0.002 outinratio 0.0075 

VBFH126_2e2mu_Nj_pT4l_genbin6_recobin5 acc 0.0341 eff 0.0014 outinratio 0.0038 

WminusH126_2e2mu_Nj_pT4l_genbin6_recobin5 acc 0.0347 eff 0.0011 outinratio 0.0371 

WplusH126_2e2mu_Nj_pT4l_genbin6_recobin5 acc 0.0298 eff 0.0007 outinratio 0.0429 

ZH126_2e2mu_Nj_pT4l_genbin6_recobin5 acc 0.0304 eff 0.0027 outinratio 0.0674 

ttH126_2e2mu_Nj_pT4l_genbin6_recobin5 acc 0.0025 eff -1.0 outinratio 0.0 

ggH126_2e2mu_Nj_pT4l_genbin7_recobin5 acc 0.0313 eff 0.0614 outinratio 0.0075 

VBFH126_2e2mu_Nj_pT4l_genbin7_recobin5 acc 0.0378 eff 0.0751 outinratio 0.0038 

WminusH126_2e2mu_Nj_pT4l_genbin7_recobin5 acc 0.0293 eff 0.0298 outinratio 0.0371 

WplusH126_2e2mu_Nj_pT4l_genbin7_recobin5 acc 0.0244 eff 0.0344 outinratio 0.0429 

ZH126_2e2mu_Nj_pT4l_genbin7_recobin5 acc 0.0261 eff 0.0704 outinratio 0.0674 

ttH126_2e2mu_Nj_pT4l_genbin7_recobin5 acc 0.0012 eff -1.0 outinratio 0.0 

ggH126_2e2mu_Nj_pT4l_genbin8_recobin5 acc 0.03 eff 0.0394 outinratio 0.0075 

VBFH126_2e2mu_Nj_pT4l_genbin8_recobin5 acc 0.0668 eff 0.0415 outinratio 0.0038 

WminusH126_2e2mu_Nj_pT4l_genbin8_recobin5 acc 0.0392 eff 0.0184 outinratio 0.0371 

WplusH126_2e2mu_Nj_pT4l_genbin8_recobin5 acc 0.0324 eff 0.0223 outinratio 0.0429 

ZH126_2e2mu_Nj_pT4l_genbin8_recobin5 acc 0.0346 eff 0.0495 outinratio 0.0674 

ttH126_2e2mu_Nj_pT4l_genbin8_recobin5 acc 0.0 eff -1.0 outinratio 0.0 

ggH126_2e2mu_Nj_pT4l_genbin9_recobin5 acc 0.0195 eff 0.0062 outinratio 0.0075 

VBFH126_2e2mu_Nj_pT4l_genbin9_recobin5 acc 0.0768 eff 0.0157 outinratio 0.0038 

WminusH126_2e2mu_Nj_pT4l_genbin9_recobin5 acc 0.0341 eff 0.0177 outinratio 0.0371 

WplusH126_2e2mu_Nj_pT4l_genbin9_recobin5 acc 0.0331 eff 0.013 outinratio 0.0429 

ZH126_2e2mu_Nj_pT4l_genbin9_recobin5 acc 0.0325 eff 0.0165 outinratio 0.0674 

ttH126_2e2mu_Nj_pT4l_genbin9_recobin5 acc 0.0049 eff -1.0 outinratio 0.0 

ggH126_2e2mu_Nj_pT4l_genbin10_recobin5 acc 0.031 eff 0.0057 outinratio 0.0075 

VBFH126_2e2mu_Nj_pT4l_genbin10_recobin5 acc 0.1357 eff 0.0021 outinratio 0.0038 

WminusH126_2e2mu_Nj_pT4l_genbin10_recobin5 acc 0.1247 eff 0.0029 outinratio 0.0371 

WplusH126_2e2mu_Nj_pT4l_genbin10_recobin5 acc 0.1083 eff 0.0029 outinratio 0.0429 

ZH126_2e2mu_Nj_pT4l_genbin10_recobin5 acc 0.1321 eff 0.0046 outinratio 0.0674 

ttH126_2e2mu_Nj_pT4l_genbin10_recobin5 acc 0.3276 eff 0.0 outinratio 0.0 

ggH126_2e2mu_Nj_pT4l_genbin11_recobin5 acc 0.0121 eff 0.0 outinratio 0.0075 

VBFH126_2e2mu_Nj_pT4l_genbin11_recobin5 acc 0.0544 eff 0.0009 outinratio 0.0038 

WminusH126_2e2mu_Nj_pT4l_genbin11_recobin5 acc 0.0432 eff 0.0003 outinratio 0.0371 

WplusH126_2e2mu_Nj_pT4l_genbin11_recobin5 acc 0.0472 eff 0.0004 outinratio 0.0429 

ZH126_2e2mu_Nj_pT4l_genbin11_recobin5 acc 0.0484 eff 0.0023 outinratio 0.0674 

ttH126_2e2mu_Nj_pT4l_genbin11_recobin5 acc 0.1502 eff 0.0 outinratio 0.0 

ggH126_2e2mu_Nj_pT4l_genbin0_recobin6 acc 0.074 eff 0.0259 outinratio 0.0061 

VBFH126_2e2mu_Nj_pT4l_genbin0_recobin6 acc 0.0037 eff 0.053 outinratio 0.0092 

WminusH126_2e2mu_Nj_pT4l_genbin0_recobin6 acc 0.004 eff 0.1507 outinratio 0.0162 

WplusH126_2e2mu_Nj_pT4l_genbin0_recobin6 acc 0.0033 eff 0.0866 outinratio 0.0145 

ZH126_2e2mu_Nj_pT4l_genbin0_recobin6 acc 0.0034 eff 0.0501 outinratio 0.0398 

ttH126_2e2mu_Nj_pT4l_genbin0_recobin6 acc 0.0 eff -1.0 outinratio 0.0 

ggH126_2e2mu_Nj_pT4l_genbin1_recobin6 acc 0.0546 eff 0.031 outinratio 0.0061 

VBFH126_2e2mu_Nj_pT4l_genbin1_recobin6 acc 0.0047 eff 0.0804 outinratio 0.0092 

WminusH126_2e2mu_Nj_pT4l_genbin1_recobin6 acc 0.0047 eff 0.0811 outinratio 0.0162 

WplusH126_2e2mu_Nj_pT4l_genbin1_recobin6 acc 0.0037 eff 0.1081 outinratio 0.0145 

ZH126_2e2mu_Nj_pT4l_genbin1_recobin6 acc 0.0041 eff 0.058 outinratio 0.0398 

ttH126_2e2mu_Nj_pT4l_genbin1_recobin6 acc 0.0 eff -1.0 outinratio 0.0 

ggH126_2e2mu_Nj_pT4l_genbin2_recobin6 acc 0.0471 eff 0.0368 outinratio 0.0061 

VBFH126_2e2mu_Nj_pT4l_genbin2_recobin6 acc 0.0068 eff 0.1456 outinratio 0.0092 

WminusH126_2e2mu_Nj_pT4l_genbin2_recobin6 acc 0.0062 eff 0.107 outinratio 0.0162 

WplusH126_2e2mu_Nj_pT4l_genbin2_recobin6 acc 0.0046 eff 0.078 outinratio 0.0145 

ZH126_2e2mu_Nj_pT4l_genbin2_recobin6 acc 0.0046 eff 0.0571 outinratio 0.0398 

ttH126_2e2mu_Nj_pT4l_genbin2_recobin6 acc 0.0 eff -1.0 outinratio 0.0 

ggH126_2e2mu_Nj_pT4l_genbin3_recobin6 acc 0.0461 eff 0.0554 outinratio 0.0061 

VBFH126_2e2mu_Nj_pT4l_genbin3_recobin6 acc 0.0101 eff 0.1168 outinratio 0.0092 

WminusH126_2e2mu_Nj_pT4l_genbin3_recobin6 acc 0.0084 eff 0.1187 outinratio 0.0162 

WplusH126_2e2mu_Nj_pT4l_genbin3_recobin6 acc 0.0067 eff 0.0992 outinratio 0.0145 

ZH126_2e2mu_Nj_pT4l_genbin3_recobin6 acc 0.0068 eff 0.0869 outinratio 0.0398 

ttH126_2e2mu_Nj_pT4l_genbin3_recobin6 acc 0.0 eff -1.0 outinratio 0.0 

ggH126_2e2mu_Nj_pT4l_genbin4_recobin6 acc 0.0427 eff 0.0669 outinratio 0.0061 

VBFH126_2e2mu_Nj_pT4l_genbin4_recobin6 acc 0.0179 eff 0.104 outinratio 0.0092 

WminusH126_2e2mu_Nj_pT4l_genbin4_recobin6 acc 0.0153 eff 0.1025 outinratio 0.0162 

WplusH126_2e2mu_Nj_pT4l_genbin4_recobin6 acc 0.013 eff 0.0739 outinratio 0.0145 

ZH126_2e2mu_Nj_pT4l_genbin4_recobin6 acc 0.0116 eff 0.0883 outinratio 0.0398 

ttH126_2e2mu_Nj_pT4l_genbin4_recobin6 acc 0.0 eff -1.0 outinratio 0.0 

ggH126_2e2mu_Nj_pT4l_genbin5_recobin6 acc 0.0234 eff 0.0037 outinratio 0.0061 

VBFH126_2e2mu_Nj_pT4l_genbin5_recobin6 acc 0.0264 eff 0.0043 outinratio 0.0092 

WminusH126_2e2mu_Nj_pT4l_genbin5_recobin6 acc 0.06 eff 0.0009 outinratio 0.0162 

WplusH126_2e2mu_Nj_pT4l_genbin5_recobin6 acc 0.0544 eff 0.0004 outinratio 0.0145 

ZH126_2e2mu_Nj_pT4l_genbin5_recobin6 acc 0.0515 eff 0.0 outinratio 0.0398 

ttH126_2e2mu_Nj_pT4l_genbin5_recobin6 acc 0.0012 eff -1.0 outinratio 0.0 

ggH126_2e2mu_Nj_pT4l_genbin6_recobin6 acc 0.0303 eff 0.3058 outinratio 0.0061 

VBFH126_2e2mu_Nj_pT4l_genbin6_recobin6 acc 0.0341 eff 0.2897 outinratio 0.0092 

WminusH126_2e2mu_Nj_pT4l_genbin6_recobin6 acc 0.0347 eff 0.2737 outinratio 0.0162 

WplusH126_2e2mu_Nj_pT4l_genbin6_recobin6 acc 0.0298 eff 0.2856 outinratio 0.0145 

ZH126_2e2mu_Nj_pT4l_genbin6_recobin6 acc 0.0304 eff 0.2289 outinratio 0.0398 

ttH126_2e2mu_Nj_pT4l_genbin6_recobin6 acc 0.0025 eff -1.0 outinratio 0.0 

ggH126_2e2mu_Nj_pT4l_genbin7_recobin6 acc 0.0313 eff 0.0137 outinratio 0.0061 

VBFH126_2e2mu_Nj_pT4l_genbin7_recobin6 acc 0.0378 eff 0.0102 outinratio 0.0092 

WminusH126_2e2mu_Nj_pT4l_genbin7_recobin6 acc 0.0293 eff 0.0164 outinratio 0.0162 

WplusH126_2e2mu_Nj_pT4l_genbin7_recobin6 acc 0.0244 eff 0.0111 outinratio 0.0145 

ZH126_2e2mu_Nj_pT4l_genbin7_recobin6 acc 0.0261 eff 0.0095 outinratio 0.0398 

ttH126_2e2mu_Nj_pT4l_genbin7_recobin6 acc 0.0012 eff -1.0 outinratio 0.0 

ggH126_2e2mu_Nj_pT4l_genbin8_recobin6 acc 0.03 eff 0.0 outinratio 0.0061 

VBFH126_2e2mu_Nj_pT4l_genbin8_recobin6 acc 0.0668 eff 0.0 outinratio 0.0092 

WminusH126_2e2mu_Nj_pT4l_genbin8_recobin6 acc 0.0392 eff 0.0 outinratio 0.0162 

WplusH126_2e2mu_Nj_pT4l_genbin8_recobin6 acc 0.0324 eff 0.0 outinratio 0.0145 

ZH126_2e2mu_Nj_pT4l_genbin8_recobin6 acc 0.0346 eff 0.0 outinratio 0.0398 

ttH126_2e2mu_Nj_pT4l_genbin8_recobin6 acc 0.0 eff -1.0 outinratio 0.0 

ggH126_2e2mu_Nj_pT4l_genbin9_recobin6 acc 0.0195 eff 0.0 outinratio 0.0061 

VBFH126_2e2mu_Nj_pT4l_genbin9_recobin6 acc 0.0768 eff 0.0 outinratio 0.0092 

WminusH126_2e2mu_Nj_pT4l_genbin9_recobin6 acc 0.0341 eff 0.0 outinratio 0.0162 

WplusH126_2e2mu_Nj_pT4l_genbin9_recobin6 acc 0.0331 eff 0.0 outinratio 0.0145 

ZH126_2e2mu_Nj_pT4l_genbin9_recobin6 acc 0.0325 eff 0.0 outinratio 0.0398 

ttH126_2e2mu_Nj_pT4l_genbin9_recobin6 acc 0.0049 eff -1.0 outinratio 0.0 

ggH126_2e2mu_Nj_pT4l_genbin10_recobin6 acc 0.031 eff 0.0185 outinratio 0.0061 

VBFH126_2e2mu_Nj_pT4l_genbin10_recobin6 acc 0.1357 eff 0.0208 outinratio 0.0092 

WminusH126_2e2mu_Nj_pT4l_genbin10_recobin6 acc 0.1247 eff 0.0133 outinratio 0.0162 

WplusH126_2e2mu_Nj_pT4l_genbin10_recobin6 acc 0.1083 eff 0.013 outinratio 0.0145 

ZH126_2e2mu_Nj_pT4l_genbin10_recobin6 acc 0.1321 eff 0.0184 outinratio 0.0398 

ttH126_2e2mu_Nj_pT4l_genbin10_recobin6 acc 0.3276 eff 0.0024 outinratio 0.0 

ggH126_2e2mu_Nj_pT4l_genbin11_recobin6 acc 0.0121 eff 0.0 outinratio 0.0061 

VBFH126_2e2mu_Nj_pT4l_genbin11_recobin6 acc 0.0544 eff 0.0 outinratio 0.0092 

WminusH126_2e2mu_Nj_pT4l_genbin11_recobin6 acc 0.0432 eff 0.0 outinratio 0.0162 

WplusH126_2e2mu_Nj_pT4l_genbin11_recobin6 acc 0.0472 eff 0.0 outinratio 0.0145 

ZH126_2e2mu_Nj_pT4l_genbin11_recobin6 acc 0.0484 eff 0.0 outinratio 0.0398 

ttH126_2e2mu_Nj_pT4l_genbin11_recobin6 acc 0.1502 eff 0.0 outinratio 0.0 

ggH126_2e2mu_Nj_pT4l_genbin0_recobin7 acc 0.074 eff 0.0 outinratio 0.0101 

VBFH126_2e2mu_Nj_pT4l_genbin0_recobin7 acc 0.0037 eff 0.0 outinratio 0.0062 

WminusH126_2e2mu_Nj_pT4l_genbin0_recobin7 acc 0.004 eff 0.0 outinratio 0.0139 

WplusH126_2e2mu_Nj_pT4l_genbin0_recobin7 acc 0.0033 eff 0.0 outinratio 0.0204 

ZH126_2e2mu_Nj_pT4l_genbin0_recobin7 acc 0.0034 eff 0.0 outinratio 0.0694 

ttH126_2e2mu_Nj_pT4l_genbin0_recobin7 acc 0.0 eff -1.0 outinratio 0.0 

ggH126_2e2mu_Nj_pT4l_genbin1_recobin7 acc 0.0546 eff 0.0 outinratio 0.0101 

VBFH126_2e2mu_Nj_pT4l_genbin1_recobin7 acc 0.0047 eff 0.0 outinratio 0.0062 

WminusH126_2e2mu_Nj_pT4l_genbin1_recobin7 acc 0.0047 eff 0.0 outinratio 0.0139 

WplusH126_2e2mu_Nj_pT4l_genbin1_recobin7 acc 0.0037 eff 0.0 outinratio 0.0204 

ZH126_2e2mu_Nj_pT4l_genbin1_recobin7 acc 0.0041 eff 0.0 outinratio 0.0694 

ttH126_2e2mu_Nj_pT4l_genbin1_recobin7 acc 0.0 eff -1.0 outinratio 0.0 

ggH126_2e2mu_Nj_pT4l_genbin2_recobin7 acc 0.0471 eff 0.0 outinratio 0.0101 

VBFH126_2e2mu_Nj_pT4l_genbin2_recobin7 acc 0.0068 eff 0.0 outinratio 0.0062 

WminusH126_2e2mu_Nj_pT4l_genbin2_recobin7 acc 0.0062 eff 0.0 outinratio 0.0139 

WplusH126_2e2mu_Nj_pT4l_genbin2_recobin7 acc 0.0046 eff 0.0 outinratio 0.0204 

ZH126_2e2mu_Nj_pT4l_genbin2_recobin7 acc 0.0046 eff 0.0 outinratio 0.0694 

ttH126_2e2mu_Nj_pT4l_genbin2_recobin7 acc 0.0 eff -1.0 outinratio 0.0 

ggH126_2e2mu_Nj_pT4l_genbin3_recobin7 acc 0.0461 eff 0.0 outinratio 0.0101 

VBFH126_2e2mu_Nj_pT4l_genbin3_recobin7 acc 0.0101 eff 0.0 outinratio 0.0062 

WminusH126_2e2mu_Nj_pT4l_genbin3_recobin7 acc 0.0084 eff 0.0 outinratio 0.0139 

WplusH126_2e2mu_Nj_pT4l_genbin3_recobin7 acc 0.0067 eff 0.0 outinratio 0.0204 

ZH126_2e2mu_Nj_pT4l_genbin3_recobin7 acc 0.0068 eff 0.0 outinratio 0.0694 

ttH126_2e2mu_Nj_pT4l_genbin3_recobin7 acc 0.0 eff -1.0 outinratio 0.0 

ggH126_2e2mu_Nj_pT4l_genbin4_recobin7 acc 0.0427 eff 0.005 outinratio 0.0101 

VBFH126_2e2mu_Nj_pT4l_genbin4_recobin7 acc 0.0179 eff 0.0073 outinratio 0.0062 

WminusH126_2e2mu_Nj_pT4l_genbin4_recobin7 acc 0.0153 eff 0.0126 outinratio 0.0139 

WplusH126_2e2mu_Nj_pT4l_genbin4_recobin7 acc 0.013 eff 0.0058 outinratio 0.0204 

ZH126_2e2mu_Nj_pT4l_genbin4_recobin7 acc 0.0116 eff 0.0092 outinratio 0.0694 

ttH126_2e2mu_Nj_pT4l_genbin4_recobin7 acc 0.0 eff -1.0 outinratio 0.0 

ggH126_2e2mu_Nj_pT4l_genbin5_recobin7 acc 0.0234 eff 0.0661 outinratio 0.0101 

VBFH126_2e2mu_Nj_pT4l_genbin5_recobin7 acc 0.0264 eff 0.092 outinratio 0.0062 

WminusH126_2e2mu_Nj_pT4l_genbin5_recobin7 acc 0.06 eff 0.0311 outinratio 0.0139 

WplusH126_2e2mu_Nj_pT4l_genbin5_recobin7 acc 0.0544 eff 0.025 outinratio 0.0204 

ZH126_2e2mu_Nj_pT4l_genbin5_recobin7 acc 0.0515 eff 0.0144 outinratio 0.0694 

ttH126_2e2mu_Nj_pT4l_genbin5_recobin7 acc 0.0012 eff -1.0 outinratio 0.0 

ggH126_2e2mu_Nj_pT4l_genbin6_recobin7 acc 0.0303 eff 0.0073 outinratio 0.0101 

VBFH126_2e2mu_Nj_pT4l_genbin6_recobin7 acc 0.0341 eff 0.0119 outinratio 0.0062 

WminusH126_2e2mu_Nj_pT4l_genbin6_recobin7 acc 0.0347 eff 0.0056 outinratio 0.0139 

WplusH126_2e2mu_Nj_pT4l_genbin6_recobin7 acc 0.0298 eff 0.0081 outinratio 0.0204 

ZH126_2e2mu_Nj_pT4l_genbin6_recobin7 acc 0.0304 eff 0.0107 outinratio 0.0694 

ttH126_2e2mu_Nj_pT4l_genbin6_recobin7 acc 0.0025 eff -1.0 outinratio 0.0 

ggH126_2e2mu_Nj_pT4l_genbin7_recobin7 acc 0.0313 eff 0.3359 outinratio 0.0101 

VBFH126_2e2mu_Nj_pT4l_genbin7_recobin7 acc 0.0378 eff 0.2973 outinratio 0.0062 

WminusH126_2e2mu_Nj_pT4l_genbin7_recobin7 acc 0.0293 eff 0.2934 outinratio 0.0139 

WplusH126_2e2mu_Nj_pT4l_genbin7_recobin7 acc 0.0244 eff 0.2747 outinratio 0.0204 

ZH126_2e2mu_Nj_pT4l_genbin7_recobin7 acc 0.0261 eff 0.2588 outinratio 0.0694 

ttH126_2e2mu_Nj_pT4l_genbin7_recobin7 acc 0.0012 eff -1.0 outinratio 0.0 

ggH126_2e2mu_Nj_pT4l_genbin8_recobin7 acc 0.03 eff 0.0141 outinratio 0.0101 

VBFH126_2e2mu_Nj_pT4l_genbin8_recobin7 acc 0.0668 eff 0.0116 outinratio 0.0062 

WminusH126_2e2mu_Nj_pT4l_genbin8_recobin7 acc 0.0392 eff 0.0109 outinratio 0.0139 

WplusH126_2e2mu_Nj_pT4l_genbin8_recobin7 acc 0.0324 eff 0.0099 outinratio 0.0204 

ZH126_2e2mu_Nj_pT4l_genbin8_recobin7 acc 0.0346 eff 0.0077 outinratio 0.0694 

ttH126_2e2mu_Nj_pT4l_genbin8_recobin7 acc 0.0 eff -1.0 outinratio 0.0 

ggH126_2e2mu_Nj_pT4l_genbin9_recobin7 acc 0.0195 eff 0.0 outinratio 0.0101 

VBFH126_2e2mu_Nj_pT4l_genbin9_recobin7 acc 0.0768 eff 0.0 outinratio 0.0062 

WminusH126_2e2mu_Nj_pT4l_genbin9_recobin7 acc 0.0341 eff 0.0 outinratio 0.0139 

WplusH126_2e2mu_Nj_pT4l_genbin9_recobin7 acc 0.0331 eff 0.0 outinratio 0.0204 

ZH126_2e2mu_Nj_pT4l_genbin9_recobin7 acc 0.0325 eff 0.0 outinratio 0.0694 

ttH126_2e2mu_Nj_pT4l_genbin9_recobin7 acc 0.0049 eff -1.0 outinratio 0.0 

ggH126_2e2mu_Nj_pT4l_genbin10_recobin7 acc 0.031 eff 0.014 outinratio 0.0101 

VBFH126_2e2mu_Nj_pT4l_genbin10_recobin7 acc 0.1357 eff 0.0142 outinratio 0.0062 

WminusH126_2e2mu_Nj_pT4l_genbin10_recobin7 acc 0.1247 eff 0.0116 outinratio 0.0139 

WplusH126_2e2mu_Nj_pT4l_genbin10_recobin7 acc 0.1083 eff 0.0089 outinratio 0.0204 

ZH126_2e2mu_Nj_pT4l_genbin10_recobin7 acc 0.1321 eff 0.0137 outinratio 0.0694 

ttH126_2e2mu_Nj_pT4l_genbin10_recobin7 acc 0.3276 eff 0.0023 outinratio 0.0 

ggH126_2e2mu_Nj_pT4l_genbin11_recobin7 acc 0.0121 eff 0.0 outinratio 0.0101 

VBFH126_2e2mu_Nj_pT4l_genbin11_recobin7 acc 0.0544 eff 0.0 outinratio 0.0062 

WminusH126_2e2mu_Nj_pT4l_genbin11_recobin7 acc 0.0432 eff 0.0 outinratio 0.0139 

WplusH126_2e2mu_Nj_pT4l_genbin11_recobin7 acc 0.0472 eff 0.0 outinratio 0.0204 

ZH126_2e2mu_Nj_pT4l_genbin11_recobin7 acc 0.0484 eff 0.0 outinratio 0.0694 

ttH126_2e2mu_Nj_pT4l_genbin11_recobin7 acc 0.1502 eff 0.0 outinratio 0.0 

ggH126_2e2mu_Nj_pT4l_genbin0_recobin8 acc 0.074 eff 0.0 outinratio 0.0059 

VBFH126_2e2mu_Nj_pT4l_genbin0_recobin8 acc 0.0037 eff 0.0 outinratio 0.0 

WminusH126_2e2mu_Nj_pT4l_genbin0_recobin8 acc 0.004 eff 0.0 outinratio 0.0102 

WplusH126_2e2mu_Nj_pT4l_genbin0_recobin8 acc 0.0033 eff 0.0 outinratio 0.0153 

ZH126_2e2mu_Nj_pT4l_genbin0_recobin8 acc 0.0034 eff 0.0 outinratio 0.0577 

ttH126_2e2mu_Nj_pT4l_genbin0_recobin8 acc 0.0 eff -1.0 outinratio 0.0 

ggH126_2e2mu_Nj_pT4l_genbin1_recobin8 acc 0.0546 eff 0.0 outinratio 0.0059 

VBFH126_2e2mu_Nj_pT4l_genbin1_recobin8 acc 0.0047 eff 0.0 outinratio 0.0 

WminusH126_2e2mu_Nj_pT4l_genbin1_recobin8 acc 0.0047 eff 0.0 outinratio 0.0102 

WplusH126_2e2mu_Nj_pT4l_genbin1_recobin8 acc 0.0037 eff 0.0 outinratio 0.0153 

ZH126_2e2mu_Nj_pT4l_genbin1_recobin8 acc 0.0041 eff 0.0 outinratio 0.0577 

ttH126_2e2mu_Nj_pT4l_genbin1_recobin8 acc 0.0 eff -1.0 outinratio 0.0 

ggH126_2e2mu_Nj_pT4l_genbin2_recobin8 acc 0.0471 eff 0.0 outinratio 0.0059 

VBFH126_2e2mu_Nj_pT4l_genbin2_recobin8 acc 0.0068 eff 0.0 outinratio 0.0 

WminusH126_2e2mu_Nj_pT4l_genbin2_recobin8 acc 0.0062 eff 0.0 outinratio 0.0102 

WplusH126_2e2mu_Nj_pT4l_genbin2_recobin8 acc 0.0046 eff 0.0 outinratio 0.0153 

ZH126_2e2mu_Nj_pT4l_genbin2_recobin8 acc 0.0046 eff 0.0 outinratio 0.0577 

ttH126_2e2mu_Nj_pT4l_genbin2_recobin8 acc 0.0 eff -1.0 outinratio 0.0 

ggH126_2e2mu_Nj_pT4l_genbin3_recobin8 acc 0.0461 eff 0.0 outinratio 0.0059 

VBFH126_2e2mu_Nj_pT4l_genbin3_recobin8 acc 0.0101 eff 0.0 outinratio 0.0 

WminusH126_2e2mu_Nj_pT4l_genbin3_recobin8 acc 0.0084 eff 0.0 outinratio 0.0102 

WplusH126_2e2mu_Nj_pT4l_genbin3_recobin8 acc 0.0067 eff 0.0 outinratio 0.0153 

ZH126_2e2mu_Nj_pT4l_genbin3_recobin8 acc 0.0068 eff 0.0 outinratio 0.0577 

ttH126_2e2mu_Nj_pT4l_genbin3_recobin8 acc 0.0 eff -1.0 outinratio 0.0 

ggH126_2e2mu_Nj_pT4l_genbin4_recobin8 acc 0.0427 eff 0.0 outinratio 0.0059 

VBFH126_2e2mu_Nj_pT4l_genbin4_recobin8 acc 0.0179 eff 0.0 outinratio 0.0 

WminusH126_2e2mu_Nj_pT4l_genbin4_recobin8 acc 0.0153 eff 0.0 outinratio 0.0102 

WplusH126_2e2mu_Nj_pT4l_genbin4_recobin8 acc 0.013 eff 0.0 outinratio 0.0153 

ZH126_2e2mu_Nj_pT4l_genbin4_recobin8 acc 0.0116 eff 0.0 outinratio 0.0577 

ttH126_2e2mu_Nj_pT4l_genbin4_recobin8 acc 0.0 eff -1.0 outinratio 0.0 

ggH126_2e2mu_Nj_pT4l_genbin5_recobin8 acc 0.0234 eff 0.0268 outinratio 0.0059 

VBFH126_2e2mu_Nj_pT4l_genbin5_recobin8 acc 0.0264 eff 0.07 outinratio 0.0 

WminusH126_2e2mu_Nj_pT4l_genbin5_recobin8 acc 0.06 eff 0.0378 outinratio 0.0102 

WplusH126_2e2mu_Nj_pT4l_genbin5_recobin8 acc 0.0544 eff 0.031 outinratio 0.0153 

ZH126_2e2mu_Nj_pT4l_genbin5_recobin8 acc 0.0515 eff 0.0176 outinratio 0.0577 

ttH126_2e2mu_Nj_pT4l_genbin5_recobin8 acc 0.0012 eff -1.0 outinratio 0.0 

ggH126_2e2mu_Nj_pT4l_genbin6_recobin8 acc 0.0303 eff 0.0 outinratio 0.0059 

VBFH126_2e2mu_Nj_pT4l_genbin6_recobin8 acc 0.0341 eff 0.0 outinratio 0.0 

WminusH126_2e2mu_Nj_pT4l_genbin6_recobin8 acc 0.0347 eff 0.0 outinratio 0.0102 

WplusH126_2e2mu_Nj_pT4l_genbin6_recobin8 acc 0.0298 eff 0.0 outinratio 0.0153 

ZH126_2e2mu_Nj_pT4l_genbin6_recobin8 acc 0.0304 eff 0.0 outinratio 0.0577 

ttH126_2e2mu_Nj_pT4l_genbin6_recobin8 acc 0.0025 eff -1.0 outinratio 0.0 

ggH126_2e2mu_Nj_pT4l_genbin7_recobin8 acc 0.0313 eff 0.0153 outinratio 0.0059 

VBFH126_2e2mu_Nj_pT4l_genbin7_recobin8 acc 0.0378 eff 0.0131 outinratio 0.0 

WminusH126_2e2mu_Nj_pT4l_genbin7_recobin8 acc 0.0293 eff 0.0093 outinratio 0.0102 

WplusH126_2e2mu_Nj_pT4l_genbin7_recobin8 acc 0.0244 eff 0.0087 outinratio 0.0153 

ZH126_2e2mu_Nj_pT4l_genbin7_recobin8 acc 0.0261 eff 0.0108 outinratio 0.0577 

ttH126_2e2mu_Nj_pT4l_genbin7_recobin8 acc 0.0012 eff -1.0 outinratio 0.0 

ggH126_2e2mu_Nj_pT4l_genbin8_recobin8 acc 0.03 eff 0.3511 outinratio 0.0059 

VBFH126_2e2mu_Nj_pT4l_genbin8_recobin8 acc 0.0668 eff 0.3773 outinratio 0.0 

WminusH126_2e2mu_Nj_pT4l_genbin8_recobin8 acc 0.0392 eff 0.3149 outinratio 0.0102 

WplusH126_2e2mu_Nj_pT4l_genbin8_recobin8 acc 0.0324 eff 0.3156 outinratio 0.0153 

ZH126_2e2mu_Nj_pT4l_genbin8_recobin8 acc 0.0346 eff 0.3138 outinratio 0.0577 

ttH126_2e2mu_Nj_pT4l_genbin8_recobin8 acc 0.0 eff -1.0 outinratio 0.0 

ggH126_2e2mu_Nj_pT4l_genbin9_recobin8 acc 0.0195 eff 0.014 outinratio 0.0059 

VBFH126_2e2mu_Nj_pT4l_genbin9_recobin8 acc 0.0768 eff 0.01 outinratio 0.0 

WminusH126_2e2mu_Nj_pT4l_genbin9_recobin8 acc 0.0341 eff 0.0109 outinratio 0.0102 

WplusH126_2e2mu_Nj_pT4l_genbin9_recobin8 acc 0.0331 eff 0.0069 outinratio 0.0153 

ZH126_2e2mu_Nj_pT4l_genbin9_recobin8 acc 0.0325 eff 0.0081 outinratio 0.0577 

ttH126_2e2mu_Nj_pT4l_genbin9_recobin8 acc 0.0049 eff -1.0 outinratio 0.0 

ggH126_2e2mu_Nj_pT4l_genbin10_recobin8 acc 0.031 eff 0.0415 outinratio 0.0059 

VBFH126_2e2mu_Nj_pT4l_genbin10_recobin8 acc 0.1357 eff 0.0282 outinratio 0.0 

WminusH126_2e2mu_Nj_pT4l_genbin10_recobin8 acc 0.1247 eff 0.019 outinratio 0.0102 

WplusH126_2e2mu_Nj_pT4l_genbin10_recobin8 acc 0.1083 eff 0.0214 outinratio 0.0153 

ZH126_2e2mu_Nj_pT4l_genbin10_recobin8 acc 0.1321 eff 0.0219 outinratio 0.0577 

ttH126_2e2mu_Nj_pT4l_genbin10_recobin8 acc 0.3276 eff 0.0 outinratio 0.0 

ggH126_2e2mu_Nj_pT4l_genbin11_recobin8 acc 0.0121 eff 0.0 outinratio 0.0059 

VBFH126_2e2mu_Nj_pT4l_genbin11_recobin8 acc 0.0544 eff 0.0 outinratio 0.0 

WminusH126_2e2mu_Nj_pT4l_genbin11_recobin8 acc 0.0432 eff 0.0 outinratio 0.0102 

WplusH126_2e2mu_Nj_pT4l_genbin11_recobin8 acc 0.0472 eff 0.0 outinratio 0.0153 

ZH126_2e2mu_Nj_pT4l_genbin11_recobin8 acc 0.0484 eff 0.0 outinratio 0.0577 

ttH126_2e2mu_Nj_pT4l_genbin11_recobin8 acc 0.1502 eff 0.0 outinratio 0.0 

ggH126_2e2mu_Nj_pT4l_genbin0_recobin9 acc 0.074 eff 0.0 outinratio 0.003 

VBFH126_2e2mu_Nj_pT4l_genbin0_recobin9 acc 0.0037 eff 0.0 outinratio 0.0048 

WminusH126_2e2mu_Nj_pT4l_genbin0_recobin9 acc 0.004 eff 0.0 outinratio 0.0157 

WplusH126_2e2mu_Nj_pT4l_genbin0_recobin9 acc 0.0033 eff 0.0 outinratio 0.017 

ZH126_2e2mu_Nj_pT4l_genbin0_recobin9 acc 0.0034 eff 0.0 outinratio 0.0793 

ttH126_2e2mu_Nj_pT4l_genbin0_recobin9 acc 0.0 eff -1.0 outinratio 0.0 

ggH126_2e2mu_Nj_pT4l_genbin1_recobin9 acc 0.0546 eff 0.0 outinratio 0.003 

VBFH126_2e2mu_Nj_pT4l_genbin1_recobin9 acc 0.0047 eff 0.0 outinratio 0.0048 

WminusH126_2e2mu_Nj_pT4l_genbin1_recobin9 acc 0.0047 eff 0.0 outinratio 0.0157 

WplusH126_2e2mu_Nj_pT4l_genbin1_recobin9 acc 0.0037 eff 0.0 outinratio 0.017 

ZH126_2e2mu_Nj_pT4l_genbin1_recobin9 acc 0.0041 eff 0.0 outinratio 0.0793 

ttH126_2e2mu_Nj_pT4l_genbin1_recobin9 acc 0.0 eff -1.0 outinratio 0.0 

ggH126_2e2mu_Nj_pT4l_genbin2_recobin9 acc 0.0471 eff 0.0 outinratio 0.003 

VBFH126_2e2mu_Nj_pT4l_genbin2_recobin9 acc 0.0068 eff 0.0 outinratio 0.0048 

WminusH126_2e2mu_Nj_pT4l_genbin2_recobin9 acc 0.0062 eff 0.0 outinratio 0.0157 

WplusH126_2e2mu_Nj_pT4l_genbin2_recobin9 acc 0.0046 eff 0.0 outinratio 0.017 

ZH126_2e2mu_Nj_pT4l_genbin2_recobin9 acc 0.0046 eff 0.0 outinratio 0.0793 

ttH126_2e2mu_Nj_pT4l_genbin2_recobin9 acc 0.0 eff -1.0 outinratio 0.0 

ggH126_2e2mu_Nj_pT4l_genbin3_recobin9 acc 0.0461 eff 0.0 outinratio 0.003 

VBFH126_2e2mu_Nj_pT4l_genbin3_recobin9 acc 0.0101 eff 0.0 outinratio 0.0048 

WminusH126_2e2mu_Nj_pT4l_genbin3_recobin9 acc 0.0084 eff 0.0 outinratio 0.0157 

WplusH126_2e2mu_Nj_pT4l_genbin3_recobin9 acc 0.0067 eff 0.0 outinratio 0.017 

ZH126_2e2mu_Nj_pT4l_genbin3_recobin9 acc 0.0068 eff 0.0 outinratio 0.0793 

ttH126_2e2mu_Nj_pT4l_genbin3_recobin9 acc 0.0 eff -1.0 outinratio 0.0 

ggH126_2e2mu_Nj_pT4l_genbin4_recobin9 acc 0.0427 eff 0.0 outinratio 0.003 

VBFH126_2e2mu_Nj_pT4l_genbin4_recobin9 acc 0.0179 eff 0.0 outinratio 0.0048 

WminusH126_2e2mu_Nj_pT4l_genbin4_recobin9 acc 0.0153 eff 0.0 outinratio 0.0157 

WplusH126_2e2mu_Nj_pT4l_genbin4_recobin9 acc 0.013 eff 0.0 outinratio 0.017 

ZH126_2e2mu_Nj_pT4l_genbin4_recobin9 acc 0.0116 eff 0.0 outinratio 0.0793 

ttH126_2e2mu_Nj_pT4l_genbin4_recobin9 acc 0.0 eff -1.0 outinratio 0.0 

ggH126_2e2mu_Nj_pT4l_genbin5_recobin9 acc 0.0234 eff 0.0013 outinratio 0.003 

VBFH126_2e2mu_Nj_pT4l_genbin5_recobin9 acc 0.0264 eff 0.0 outinratio 0.0048 

WminusH126_2e2mu_Nj_pT4l_genbin5_recobin9 acc 0.06 eff 0.054 outinratio 0.0157 

WplusH126_2e2mu_Nj_pT4l_genbin5_recobin9 acc 0.0544 eff 0.0517 outinratio 0.017 

ZH126_2e2mu_Nj_pT4l_genbin5_recobin9 acc 0.0515 eff 0.0145 outinratio 0.0793 

ttH126_2e2mu_Nj_pT4l_genbin5_recobin9 acc 0.0012 eff -1.0 outinratio 0.0 

ggH126_2e2mu_Nj_pT4l_genbin6_recobin9 acc 0.0303 eff 0.0 outinratio 0.003 

VBFH126_2e2mu_Nj_pT4l_genbin6_recobin9 acc 0.0341 eff 0.0 outinratio 0.0048 

WminusH126_2e2mu_Nj_pT4l_genbin6_recobin9 acc 0.0347 eff 0.0 outinratio 0.0157 

WplusH126_2e2mu_Nj_pT4l_genbin6_recobin9 acc 0.0298 eff 0.0 outinratio 0.017 

ZH126_2e2mu_Nj_pT4l_genbin6_recobin9 acc 0.0304 eff 0.0 outinratio 0.0793 

ttH126_2e2mu_Nj_pT4l_genbin6_recobin9 acc 0.0025 eff -1.0 outinratio 0.0 

ggH126_2e2mu_Nj_pT4l_genbin7_recobin9 acc 0.0313 eff 0.0 outinratio 0.003 

VBFH126_2e2mu_Nj_pT4l_genbin7_recobin9 acc 0.0378 eff 0.0 outinratio 0.0048 

WminusH126_2e2mu_Nj_pT4l_genbin7_recobin9 acc 0.0293 eff 0.0 outinratio 0.0157 

WplusH126_2e2mu_Nj_pT4l_genbin7_recobin9 acc 0.0244 eff 0.0 outinratio 0.017 

ZH126_2e2mu_Nj_pT4l_genbin7_recobin9 acc 0.0261 eff 0.0 outinratio 0.0793 

ttH126_2e2mu_Nj_pT4l_genbin7_recobin9 acc 0.0012 eff -1.0 outinratio 0.0 

ggH126_2e2mu_Nj_pT4l_genbin8_recobin9 acc 0.03 eff 0.0061 outinratio 0.003 

VBFH126_2e2mu_Nj_pT4l_genbin8_recobin9 acc 0.0668 eff 0.0086 outinratio 0.0048 

WminusH126_2e2mu_Nj_pT4l_genbin8_recobin9 acc 0.0392 eff 0.0053 outinratio 0.0157 

WplusH126_2e2mu_Nj_pT4l_genbin8_recobin9 acc 0.0324 eff 0.0034 outinratio 0.017 

ZH126_2e2mu_Nj_pT4l_genbin8_recobin9 acc 0.0346 eff 0.0013 outinratio 0.0793 

ttH126_2e2mu_Nj_pT4l_genbin8_recobin9 acc 0.0 eff -1.0 outinratio 0.0 

ggH126_2e2mu_Nj_pT4l_genbin9_recobin9 acc 0.0195 eff 0.4312 outinratio 0.003 

VBFH126_2e2mu_Nj_pT4l_genbin9_recobin9 acc 0.0768 eff 0.4065 outinratio 0.0048 

WminusH126_2e2mu_Nj_pT4l_genbin9_recobin9 acc 0.0341 eff 0.3245 outinratio 0.0157 

WplusH126_2e2mu_Nj_pT4l_genbin9_recobin9 acc 0.0331 eff 0.3456 outinratio 0.017 

ZH126_2e2mu_Nj_pT4l_genbin9_recobin9 acc 0.0325 eff 0.3344 outinratio 0.0793 

ttH126_2e2mu_Nj_pT4l_genbin9_recobin9 acc 0.0049 eff -1.0 outinratio 0.0 

ggH126_2e2mu_Nj_pT4l_genbin10_recobin9 acc 0.031 eff 0.0222 outinratio 0.003 

VBFH126_2e2mu_Nj_pT4l_genbin10_recobin9 acc 0.1357 eff 0.0357 outinratio 0.0048 

WminusH126_2e2mu_Nj_pT4l_genbin10_recobin9 acc 0.1247 eff 0.0188 outinratio 0.0157 

WplusH126_2e2mu_Nj_pT4l_genbin10_recobin9 acc 0.1083 eff 0.0196 outinratio 0.017 

ZH126_2e2mu_Nj_pT4l_genbin10_recobin9 acc 0.1321 eff 0.0227 outinratio 0.0793 

ttH126_2e2mu_Nj_pT4l_genbin10_recobin9 acc 0.3276 eff 0.0 outinratio 0.0 

ggH126_2e2mu_Nj_pT4l_genbin11_recobin9 acc 0.0121 eff 0.0317 outinratio 0.003 

VBFH126_2e2mu_Nj_pT4l_genbin11_recobin9 acc 0.0544 eff 0.0569 outinratio 0.0048 

WminusH126_2e2mu_Nj_pT4l_genbin11_recobin9 acc 0.0432 eff 0.026 outinratio 0.0157 

WplusH126_2e2mu_Nj_pT4l_genbin11_recobin9 acc 0.0472 eff 0.028 outinratio 0.017 

ZH126_2e2mu_Nj_pT4l_genbin11_recobin9 acc 0.0484 eff 0.0252 outinratio 0.0793 

ttH126_2e2mu_Nj_pT4l_genbin11_recobin9 acc 0.1502 eff 0.0 outinratio 0.0 

ggH126_2e2mu_Nj_pT4l_genbin0_recobin10 acc 0.074 eff 0.0019 outinratio 0.0083 

VBFH126_2e2mu_Nj_pT4l_genbin0_recobin10 acc 0.0037 eff 0.0091 outinratio 0.0074 

WminusH126_2e2mu_Nj_pT4l_genbin0_recobin10 acc 0.004 eff 0.0101 outinratio 0.0117 

WplusH126_2e2mu_Nj_pT4l_genbin0_recobin10 acc 0.0033 eff 0.0108 outinratio 0.0123 

ZH126_2e2mu_Nj_pT4l_genbin0_recobin10 acc 0.0034 eff 0.0136 outinratio 0.036 

ttH126_2e2mu_Nj_pT4l_genbin0_recobin10 acc 0.0 eff -1.0 outinratio 0.0297 

ggH126_2e2mu_Nj_pT4l_genbin1_recobin10 acc 0.0546 eff 0.0021 outinratio 0.0083 

VBFH126_2e2mu_Nj_pT4l_genbin1_recobin10 acc 0.0047 eff 0.0 outinratio 0.0074 

WminusH126_2e2mu_Nj_pT4l_genbin1_recobin10 acc 0.0047 eff 0.03 outinratio 0.0117 

WplusH126_2e2mu_Nj_pT4l_genbin1_recobin10 acc 0.0037 eff 0.0025 outinratio 0.0123 

ZH126_2e2mu_Nj_pT4l_genbin1_recobin10 acc 0.0041 eff 0.0164 outinratio 0.036 

ttH126_2e2mu_Nj_pT4l_genbin1_recobin10 acc 0.0 eff -1.0 outinratio 0.0297 

ggH126_2e2mu_Nj_pT4l_genbin2_recobin10 acc 0.0471 eff 0.0015 outinratio 0.0083 

VBFH126_2e2mu_Nj_pT4l_genbin2_recobin10 acc 0.0068 eff 0.0064 outinratio 0.0074 

WminusH126_2e2mu_Nj_pT4l_genbin2_recobin10 acc 0.0062 eff 0.0095 outinratio 0.0117 

WplusH126_2e2mu_Nj_pT4l_genbin2_recobin10 acc 0.0046 eff 0.0183 outinratio 0.0123 

ZH126_2e2mu_Nj_pT4l_genbin2_recobin10 acc 0.0046 eff 0.0157 outinratio 0.036 

ttH126_2e2mu_Nj_pT4l_genbin2_recobin10 acc 0.0 eff -1.0 outinratio 0.0297 

ggH126_2e2mu_Nj_pT4l_genbin3_recobin10 acc 0.0461 eff 0.0085 outinratio 0.0083 

VBFH126_2e2mu_Nj_pT4l_genbin3_recobin10 acc 0.0101 eff 0.0146 outinratio 0.0074 

WminusH126_2e2mu_Nj_pT4l_genbin3_recobin10 acc 0.0084 eff 0.0118 outinratio 0.0117 

WplusH126_2e2mu_Nj_pT4l_genbin3_recobin10 acc 0.0067 eff 0.0091 outinratio 0.0123 

ZH126_2e2mu_Nj_pT4l_genbin3_recobin10 acc 0.0068 eff 0.0138 outinratio 0.036 

ttH126_2e2mu_Nj_pT4l_genbin3_recobin10 acc 0.0 eff -1.0 outinratio 0.0297 

ggH126_2e2mu_Nj_pT4l_genbin4_recobin10 acc 0.0427 eff 0.0043 outinratio 0.0083 

VBFH126_2e2mu_Nj_pT4l_genbin4_recobin10 acc 0.0179 eff 0.023 outinratio 0.0074 

WminusH126_2e2mu_Nj_pT4l_genbin4_recobin10 acc 0.0153 eff 0.0176 outinratio 0.0117 

WplusH126_2e2mu_Nj_pT4l_genbin4_recobin10 acc 0.013 eff 0.0127 outinratio 0.0123 

ZH126_2e2mu_Nj_pT4l_genbin4_recobin10 acc 0.0116 eff 0.0059 outinratio 0.036 

ttH126_2e2mu_Nj_pT4l_genbin4_recobin10 acc 0.0 eff -1.0 outinratio 0.0297 

ggH126_2e2mu_Nj_pT4l_genbin5_recobin10 acc 0.0234 eff 0.0165 outinratio 0.0083 

VBFH126_2e2mu_Nj_pT4l_genbin5_recobin10 acc 0.0264 eff 0.0195 outinratio 0.0074 

WminusH126_2e2mu_Nj_pT4l_genbin5_recobin10 acc 0.06 eff 0.0111 outinratio 0.0117 

WplusH126_2e2mu_Nj_pT4l_genbin5_recobin10 acc 0.0544 eff 0.0117 outinratio 0.0123 

ZH126_2e2mu_Nj_pT4l_genbin5_recobin10 acc 0.0515 eff 0.0063 outinratio 0.036 

ttH126_2e2mu_Nj_pT4l_genbin5_recobin10 acc 0.0012 eff -1.0 outinratio 0.0297 

ggH126_2e2mu_Nj_pT4l_genbin6_recobin10 acc 0.0303 eff 0.0324 outinratio 0.0083 

VBFH126_2e2mu_Nj_pT4l_genbin6_recobin10 acc 0.0341 eff 0.0809 outinratio 0.0074 

WminusH126_2e2mu_Nj_pT4l_genbin6_recobin10 acc 0.0347 eff 0.0853 outinratio 0.0117 

WplusH126_2e2mu_Nj_pT4l_genbin6_recobin10 acc 0.0298 eff 0.089 outinratio 0.0123 

ZH126_2e2mu_Nj_pT4l_genbin6_recobin10 acc 0.0304 eff 0.0759 outinratio 0.036 

ttH126_2e2mu_Nj_pT4l_genbin6_recobin10 acc 0.0025 eff -1.0 outinratio 0.0297 

ggH126_2e2mu_Nj_pT4l_genbin7_recobin10 acc 0.0313 eff 0.0498 outinratio 0.0083 

VBFH126_2e2mu_Nj_pT4l_genbin7_recobin10 acc 0.0378 eff 0.068 outinratio 0.0074 

WminusH126_2e2mu_Nj_pT4l_genbin7_recobin10 acc 0.0293 eff 0.0689 outinratio 0.0117 

WplusH126_2e2mu_Nj_pT4l_genbin7_recobin10 acc 0.0244 eff 0.0906 outinratio 0.0123 

ZH126_2e2mu_Nj_pT4l_genbin7_recobin10 acc 0.0261 eff 0.0621 outinratio 0.036 

ttH126_2e2mu_Nj_pT4l_genbin7_recobin10 acc 0.0012 eff -1.0 outinratio 0.0297 

ggH126_2e2mu_Nj_pT4l_genbin8_recobin10 acc 0.03 eff 0.0579 outinratio 0.0083 

VBFH126_2e2mu_Nj_pT4l_genbin8_recobin10 acc 0.0668 eff 0.0621 outinratio 0.0074 

WminusH126_2e2mu_Nj_pT4l_genbin8_recobin10 acc 0.0392 eff 0.0975 outinratio 0.0117 

WplusH126_2e2mu_Nj_pT4l_genbin8_recobin10 acc 0.0324 eff 0.0875 outinratio 0.0123 

ZH126_2e2mu_Nj_pT4l_genbin8_recobin10 acc 0.0346 eff 0.0966 outinratio 0.036 

ttH126_2e2mu_Nj_pT4l_genbin8_recobin10 acc 0.0 eff -1.0 outinratio 0.0297 

ggH126_2e2mu_Nj_pT4l_genbin9_recobin10 acc 0.0195 eff 0.0525 outinratio 0.0083 

VBFH126_2e2mu_Nj_pT4l_genbin9_recobin10 acc 0.0768 eff 0.0567 outinratio 0.0074 

WminusH126_2e2mu_Nj_pT4l_genbin9_recobin10 acc 0.0341 eff 0.0863 outinratio 0.0117 

WplusH126_2e2mu_Nj_pT4l_genbin9_recobin10 acc 0.0331 eff 0.0682 outinratio 0.0123 

ZH126_2e2mu_Nj_pT4l_genbin9_recobin10 acc 0.0325 eff 0.0615 outinratio 0.036 

ttH126_2e2mu_Nj_pT4l_genbin9_recobin10 acc 0.0049 eff -1.0 outinratio 0.0297 

ggH126_2e2mu_Nj_pT4l_genbin10_recobin10 acc 0.031 eff 0.3654 outinratio 0.0083 

VBFH126_2e2mu_Nj_pT4l_genbin10_recobin10 acc 0.1357 eff 0.4028 outinratio 0.0074 

WminusH126_2e2mu_Nj_pT4l_genbin10_recobin10 acc 0.1247 eff 0.3771 outinratio 0.0117 

WplusH126_2e2mu_Nj_pT4l_genbin10_recobin10 acc 0.1083 eff 0.379 outinratio 0.0123 

ZH126_2e2mu_Nj_pT4l_genbin10_recobin10 acc 0.1321 eff 0.3696 outinratio 0.036 

ttH126_2e2mu_Nj_pT4l_genbin10_recobin10 acc 0.3276 eff 0.2836 outinratio 0.0297 

ggH126_2e2mu_Nj_pT4l_genbin11_recobin10 acc 0.0121 eff 0.0056 outinratio 0.0083 

VBFH126_2e2mu_Nj_pT4l_genbin11_recobin10 acc 0.0544 eff 0.0129 outinratio 0.0074 

WminusH126_2e2mu_Nj_pT4l_genbin11_recobin10 acc 0.0432 eff 0.012 outinratio 0.0117 

WplusH126_2e2mu_Nj_pT4l_genbin11_recobin10 acc 0.0472 eff 0.0081 outinratio 0.0123 

ZH126_2e2mu_Nj_pT4l_genbin11_recobin10 acc 0.0484 eff 0.01 outinratio 0.036 

ttH126_2e2mu_Nj_pT4l_genbin11_recobin10 acc 0.1502 eff 0.019 outinratio 0.0297 

ggH126_2e2mu_Nj_pT4l_genbin0_recobin11 acc 0.074 eff 0.0 outinratio 0.0106 

VBFH126_2e2mu_Nj_pT4l_genbin0_recobin11 acc 0.0037 eff 0.0 outinratio 0.0045 

WminusH126_2e2mu_Nj_pT4l_genbin0_recobin11 acc 0.004 eff 0.0 outinratio 0.0089 

WplusH126_2e2mu_Nj_pT4l_genbin0_recobin11 acc 0.0033 eff 0.0 outinratio 0.0112 

ZH126_2e2mu_Nj_pT4l_genbin0_recobin11 acc 0.0034 eff 0.0 outinratio 0.033 

ttH126_2e2mu_Nj_pT4l_genbin0_recobin11 acc 0.0 eff -1.0 outinratio 0.0 

ggH126_2e2mu_Nj_pT4l_genbin1_recobin11 acc 0.0546 eff 0.0 outinratio 0.0106 

VBFH126_2e2mu_Nj_pT4l_genbin1_recobin11 acc 0.0047 eff 0.0 outinratio 0.0045 

WminusH126_2e2mu_Nj_pT4l_genbin1_recobin11 acc 0.0047 eff 0.0 outinratio 0.0089 

WplusH126_2e2mu_Nj_pT4l_genbin1_recobin11 acc 0.0037 eff 0.0 outinratio 0.0112 

ZH126_2e2mu_Nj_pT4l_genbin1_recobin11 acc 0.0041 eff 0.0 outinratio 0.033 

ttH126_2e2mu_Nj_pT4l_genbin1_recobin11 acc 0.0 eff -1.0 outinratio 0.0 

ggH126_2e2mu_Nj_pT4l_genbin2_recobin11 acc 0.0471 eff 0.0 outinratio 0.0106 

VBFH126_2e2mu_Nj_pT4l_genbin2_recobin11 acc 0.0068 eff 0.0 outinratio 0.0045 

WminusH126_2e2mu_Nj_pT4l_genbin2_recobin11 acc 0.0062 eff 0.0 outinratio 0.0089 

WplusH126_2e2mu_Nj_pT4l_genbin2_recobin11 acc 0.0046 eff 0.0 outinratio 0.0112 

ZH126_2e2mu_Nj_pT4l_genbin2_recobin11 acc 0.0046 eff 0.0 outinratio 0.033 

ttH126_2e2mu_Nj_pT4l_genbin2_recobin11 acc 0.0 eff -1.0 outinratio 0.0 

ggH126_2e2mu_Nj_pT4l_genbin3_recobin11 acc 0.0461 eff 0.0 outinratio 0.0106 

VBFH126_2e2mu_Nj_pT4l_genbin3_recobin11 acc 0.0101 eff 0.0 outinratio 0.0045 

WminusH126_2e2mu_Nj_pT4l_genbin3_recobin11 acc 0.0084 eff 0.0 outinratio 0.0089 

WplusH126_2e2mu_Nj_pT4l_genbin3_recobin11 acc 0.0067 eff 0.0 outinratio 0.0112 

ZH126_2e2mu_Nj_pT4l_genbin3_recobin11 acc 0.0068 eff 0.0 outinratio 0.033 

ttH126_2e2mu_Nj_pT4l_genbin3_recobin11 acc 0.0 eff -1.0 outinratio 0.0 

ggH126_2e2mu_Nj_pT4l_genbin4_recobin11 acc 0.0427 eff 0.0 outinratio 0.0106 

VBFH126_2e2mu_Nj_pT4l_genbin4_recobin11 acc 0.0179 eff 0.0 outinratio 0.0045 

WminusH126_2e2mu_Nj_pT4l_genbin4_recobin11 acc 0.0153 eff 0.0 outinratio 0.0089 

WplusH126_2e2mu_Nj_pT4l_genbin4_recobin11 acc 0.013 eff 0.0 outinratio 0.0112 

ZH126_2e2mu_Nj_pT4l_genbin4_recobin11 acc 0.0116 eff 0.0 outinratio 0.033 

ttH126_2e2mu_Nj_pT4l_genbin4_recobin11 acc 0.0 eff -1.0 outinratio 0.0 

ggH126_2e2mu_Nj_pT4l_genbin5_recobin11 acc 0.0234 eff 0.0 outinratio 0.0106 

VBFH126_2e2mu_Nj_pT4l_genbin5_recobin11 acc 0.0264 eff 0.0 outinratio 0.0045 

WminusH126_2e2mu_Nj_pT4l_genbin5_recobin11 acc 0.06 eff 0.0026 outinratio 0.0089 

WplusH126_2e2mu_Nj_pT4l_genbin5_recobin11 acc 0.0544 eff 0.0016 outinratio 0.0112 

ZH126_2e2mu_Nj_pT4l_genbin5_recobin11 acc 0.0515 eff 0.0 outinratio 0.033 

ttH126_2e2mu_Nj_pT4l_genbin5_recobin11 acc 0.0012 eff -1.0 outinratio 0.0 

ggH126_2e2mu_Nj_pT4l_genbin6_recobin11 acc 0.0303 eff 0.0 outinratio 0.0106 

VBFH126_2e2mu_Nj_pT4l_genbin6_recobin11 acc 0.0341 eff 0.0 outinratio 0.0045 

WminusH126_2e2mu_Nj_pT4l_genbin6_recobin11 acc 0.0347 eff 0.0 outinratio 0.0089 

WplusH126_2e2mu_Nj_pT4l_genbin6_recobin11 acc 0.0298 eff 0.0 outinratio 0.0112 

ZH126_2e2mu_Nj_pT4l_genbin6_recobin11 acc 0.0304 eff 0.0 outinratio 0.033 

ttH126_2e2mu_Nj_pT4l_genbin6_recobin11 acc 0.0025 eff -1.0 outinratio 0.0 

ggH126_2e2mu_Nj_pT4l_genbin7_recobin11 acc 0.0313 eff 0.0 outinratio 0.0106 

VBFH126_2e2mu_Nj_pT4l_genbin7_recobin11 acc 0.0378 eff 0.0 outinratio 0.0045 

WminusH126_2e2mu_Nj_pT4l_genbin7_recobin11 acc 0.0293 eff 0.0 outinratio 0.0089 

WplusH126_2e2mu_Nj_pT4l_genbin7_recobin11 acc 0.0244 eff 0.0 outinratio 0.0112 

ZH126_2e2mu_Nj_pT4l_genbin7_recobin11 acc 0.0261 eff 0.0 outinratio 0.033 

ttH126_2e2mu_Nj_pT4l_genbin7_recobin11 acc 0.0012 eff -1.0 outinratio 0.0 

ggH126_2e2mu_Nj_pT4l_genbin8_recobin11 acc 0.03 eff 0.0 outinratio 0.0106 

VBFH126_2e2mu_Nj_pT4l_genbin8_recobin11 acc 0.0668 eff 0.0 outinratio 0.0045 

WminusH126_2e2mu_Nj_pT4l_genbin8_recobin11 acc 0.0392 eff 0.0 outinratio 0.0089 

WplusH126_2e2mu_Nj_pT4l_genbin8_recobin11 acc 0.0324 eff 0.0 outinratio 0.0112 

ZH126_2e2mu_Nj_pT4l_genbin8_recobin11 acc 0.0346 eff 0.0 outinratio 0.033 

ttH126_2e2mu_Nj_pT4l_genbin8_recobin11 acc 0.0 eff -1.0 outinratio 0.0 

ggH126_2e2mu_Nj_pT4l_genbin9_recobin11 acc 0.0195 eff 0.0121 outinratio 0.0106 

VBFH126_2e2mu_Nj_pT4l_genbin9_recobin11 acc 0.0768 eff 0.0331 outinratio 0.0045 

WminusH126_2e2mu_Nj_pT4l_genbin9_recobin11 acc 0.0341 eff 0.041 outinratio 0.0089 

WplusH126_2e2mu_Nj_pT4l_genbin9_recobin11 acc 0.0331 eff 0.0396 outinratio 0.0112 

ZH126_2e2mu_Nj_pT4l_genbin9_recobin11 acc 0.0325 eff 0.0313 outinratio 0.033 

ttH126_2e2mu_Nj_pT4l_genbin9_recobin11 acc 0.0049 eff -1.0 outinratio 0.0 

ggH126_2e2mu_Nj_pT4l_genbin10_recobin11 acc 0.031 eff 0.0016 outinratio 0.0106 

VBFH126_2e2mu_Nj_pT4l_genbin10_recobin11 acc 0.1357 eff 0.0011 outinratio 0.0045 

WminusH126_2e2mu_Nj_pT4l_genbin10_recobin11 acc 0.1247 eff 0.0014 outinratio 0.0089 

WplusH126_2e2mu_Nj_pT4l_genbin10_recobin11 acc 0.1083 eff 0.0021 outinratio 0.0112 

ZH126_2e2mu_Nj_pT4l_genbin10_recobin11 acc 0.1321 eff 0.0012 outinratio 0.033 

ttH126_2e2mu_Nj_pT4l_genbin10_recobin11 acc 0.3276 eff 0.0055 outinratio 0.0 

ggH126_2e2mu_Nj_pT4l_genbin11_recobin11 acc 0.0121 eff 0.5434 outinratio 0.0106 

VBFH126_2e2mu_Nj_pT4l_genbin11_recobin11 acc 0.0544 eff 0.5025 outinratio 0.0045 

WminusH126_2e2mu_Nj_pT4l_genbin11_recobin11 acc 0.0432 eff 0.507 outinratio 0.0089 

WplusH126_2e2mu_Nj_pT4l_genbin11_recobin11 acc 0.0472 eff 0.4947 outinratio 0.0112 

ZH126_2e2mu_Nj_pT4l_genbin11_recobin11 acc 0.0484 eff 0.4973 outinratio 0.033 

ttH126_2e2mu_Nj_pT4l_genbin11_recobin11 acc 0.1502 eff 0.4798 outinratio 0.0 

Coeff fullNNLOPS
