Welcome in RunCoefficients!
OPT SPLIT
DEBUG opt.YEAR = 2024_10
It is a single-differential measurement, binning [-1.0, -0.75, -0.5, -0.25, 0.0, 0.25, 0.5, 0.75, 1.0]
costhetastar
Following observables extracted from dictionary: RECO =  costhetastar  GEN =  GENcosthetastar
LUMI: 10.882200000000001
ttH126 0.00046886125
Processing ggH126 2024_10
Signal created
Signal failed created
Processing VBFH126 2024_10
Signal created
Signal failed created
Processing WminusH126 2024_10
Signal created
Signal failed created
Processing WplusH126 2024_10
Signal created
Signal failed created
Processing ZH126 2024_10
Signal created
Signal failed created
Processing ttH126 2024_10
Signal created
Signal failed created
2024_10 SKIMMED df CREATED
2024_10 ggH126
2024_10 VBFH126
2024_10 WminusH126
2024_10 WplusH126
2024_10 ZH126
2024_10 ttH126
Dataframes created successfully
Coeff std
ggH126_4l_costhetastar_genbin0_recobin0 acc 0.0473 eff 0.5063 outinratio 0.0483 

VBFH126_4l_costhetastar_genbin0_recobin0 acc 0.053 eff 0.5311 outinratio 0.0338 

WminusH126_4l_costhetastar_genbin0_recobin0 acc 0.0442 eff 0.5471 outinratio 0.0754 

WplusH126_4l_costhetastar_genbin0_recobin0 acc 0.0393 eff 0.5277 outinratio 0.0754 

ZH126_4l_costhetastar_genbin0_recobin0 acc 0.0421 eff 0.5272 outinratio 0.0861 

ttH126_4l_costhetastar_genbin0_recobin0 acc 0.0386 eff 0.5368 outinratio 0.182 

ggH126_4l_costhetastar_genbin1_recobin0 acc 0.0494 eff 0.0161 outinratio 0.0483 

VBFH126_4l_costhetastar_genbin1_recobin0 acc 0.0545 eff 0.0138 outinratio 0.0338 

WminusH126_4l_costhetastar_genbin1_recobin0 acc 0.0449 eff 0.0173 outinratio 0.0754 

WplusH126_4l_costhetastar_genbin1_recobin0 acc 0.037 eff 0.0102 outinratio 0.0754 

ZH126_4l_costhetastar_genbin1_recobin0 acc 0.0406 eff 0.0109 outinratio 0.0861 

ttH126_4l_costhetastar_genbin1_recobin0 acc 0.0386 eff 0.0144 outinratio 0.182 

ggH126_4l_costhetastar_genbin2_recobin0 acc 0.0521 eff 0.0004 outinratio 0.0483 

VBFH126_4l_costhetastar_genbin2_recobin0 acc 0.0577 eff 0.0 outinratio 0.0338 

WminusH126_4l_costhetastar_genbin2_recobin0 acc 0.0448 eff 0.0016 outinratio 0.0754 

WplusH126_4l_costhetastar_genbin2_recobin0 acc 0.0382 eff 0.0 outinratio 0.0754 

ZH126_4l_costhetastar_genbin2_recobin0 acc 0.045 eff 0.001 outinratio 0.0861 

ttH126_4l_costhetastar_genbin2_recobin0 acc 0.0419 eff 0.0014 outinratio 0.182 

ggH126_4l_costhetastar_genbin3_recobin0 acc 0.053 eff 0.0 outinratio 0.0483 

VBFH126_4l_costhetastar_genbin3_recobin0 acc 0.0569 eff 0.0 outinratio 0.0338 

WminusH126_4l_costhetastar_genbin3_recobin0 acc 0.0431 eff 0.0004 outinratio 0.0754 

WplusH126_4l_costhetastar_genbin3_recobin0 acc 0.0414 eff 0.0 outinratio 0.0754 

ZH126_4l_costhetastar_genbin3_recobin0 acc 0.0462 eff 0.0 outinratio 0.0861 

ttH126_4l_costhetastar_genbin3_recobin0 acc 0.0399 eff 0.0004 outinratio 0.182 

ggH126_4l_costhetastar_genbin4_recobin0 acc 0.0535 eff 0.0 outinratio 0.0483 

VBFH126_4l_costhetastar_genbin4_recobin0 acc 0.0573 eff 0.0003 outinratio 0.0338 

WminusH126_4l_costhetastar_genbin4_recobin0 acc 0.0455 eff 0.0 outinratio 0.0754 

WplusH126_4l_costhetastar_genbin4_recobin0 acc 0.0406 eff 0.0 outinratio 0.0754 

ZH126_4l_costhetastar_genbin4_recobin0 acc 0.0424 eff 0.0 outinratio 0.0861 

ttH126_4l_costhetastar_genbin4_recobin0 acc 0.0409 eff 0.0003 outinratio 0.182 

ggH126_4l_costhetastar_genbin5_recobin0 acc 0.0522 eff 0.0 outinratio 0.0483 

VBFH126_4l_costhetastar_genbin5_recobin0 acc 0.0587 eff 0.0005 outinratio 0.0338 

WminusH126_4l_costhetastar_genbin5_recobin0 acc 0.0436 eff 0.0005 outinratio 0.0754 

WplusH126_4l_costhetastar_genbin5_recobin0 acc 0.0393 eff 0.0 outinratio 0.0754 

ZH126_4l_costhetastar_genbin5_recobin0 acc 0.0425 eff 0.0 outinratio 0.0861 

ttH126_4l_costhetastar_genbin5_recobin0 acc 0.0395 eff 0.0 outinratio 0.182 

ggH126_4l_costhetastar_genbin6_recobin0 acc 0.0511 eff 0.0005 outinratio 0.0483 

VBFH126_4l_costhetastar_genbin6_recobin0 acc 0.0554 eff 0.0007 outinratio 0.0338 

WminusH126_4l_costhetastar_genbin6_recobin0 acc 0.0441 eff 0.0 outinratio 0.0754 

WplusH126_4l_costhetastar_genbin6_recobin0 acc 0.0395 eff 0.0 outinratio 0.0754 

ZH126_4l_costhetastar_genbin6_recobin0 acc 0.0443 eff 0.0 outinratio 0.0861 

ttH126_4l_costhetastar_genbin6_recobin0 acc 0.0393 eff 0.0 outinratio 0.182 

ggH126_4l_costhetastar_genbin7_recobin0 acc 0.0482 eff 0.0021 outinratio 0.0483 

VBFH126_4l_costhetastar_genbin7_recobin0 acc 0.0565 eff 0.0013 outinratio 0.0338 

WminusH126_4l_costhetastar_genbin7_recobin0 acc 0.0422 eff 0.0029 outinratio 0.0754 

WplusH126_4l_costhetastar_genbin7_recobin0 acc 0.0392 eff 0.0 outinratio 0.0754 

ZH126_4l_costhetastar_genbin7_recobin0 acc 0.0429 eff 0.0035 outinratio 0.0861 

ttH126_4l_costhetastar_genbin7_recobin0 acc 0.0402 eff 0.0009 outinratio 0.182 

ggH126_4l_costhetastar_genbin0_recobin1 acc 0.0473 eff 0.0212 outinratio 0.0435 

VBFH126_4l_costhetastar_genbin0_recobin1 acc 0.053 eff 0.0155 outinratio 0.0287 

WminusH126_4l_costhetastar_genbin0_recobin1 acc 0.0442 eff 0.0155 outinratio 0.0596 

WplusH126_4l_costhetastar_genbin0_recobin1 acc 0.0393 eff 0.0283 outinratio 0.0961 

ZH126_4l_costhetastar_genbin0_recobin1 acc 0.0421 eff 0.0194 outinratio 0.0742 

ttH126_4l_costhetastar_genbin0_recobin1 acc 0.0386 eff 0.0147 outinratio 0.1728 

ggH126_4l_costhetastar_genbin1_recobin1 acc 0.0494 eff 0.5206 outinratio 0.0435 

VBFH126_4l_costhetastar_genbin1_recobin1 acc 0.0545 eff 0.5324 outinratio 0.0287 

WminusH126_4l_costhetastar_genbin1_recobin1 acc 0.0449 eff 0.519 outinratio 0.0596 

WplusH126_4l_costhetastar_genbin1_recobin1 acc 0.037 eff 0.4927 outinratio 0.0961 

ZH126_4l_costhetastar_genbin1_recobin1 acc 0.0406 eff 0.5339 outinratio 0.0742 

ttH126_4l_costhetastar_genbin1_recobin1 acc 0.0386 eff 0.5343 outinratio 0.1728 

ggH126_4l_costhetastar_genbin2_recobin1 acc 0.0521 eff 0.0151 outinratio 0.0435 

VBFH126_4l_costhetastar_genbin2_recobin1 acc 0.0577 eff 0.0197 outinratio 0.0287 

WminusH126_4l_costhetastar_genbin2_recobin1 acc 0.0448 eff 0.0213 outinratio 0.0596 

WplusH126_4l_costhetastar_genbin2_recobin1 acc 0.0382 eff 0.0243 outinratio 0.0961 

ZH126_4l_costhetastar_genbin2_recobin1 acc 0.045 eff 0.0193 outinratio 0.0742 

ttH126_4l_costhetastar_genbin2_recobin1 acc 0.0419 eff 0.0198 outinratio 0.1728 

ggH126_4l_costhetastar_genbin3_recobin1 acc 0.053 eff 0.0012 outinratio 0.0435 

VBFH126_4l_costhetastar_genbin3_recobin1 acc 0.0569 eff 0.0 outinratio 0.0287 

WminusH126_4l_costhetastar_genbin3_recobin1 acc 0.0431 eff 0.0012 outinratio 0.0596 

WplusH126_4l_costhetastar_genbin3_recobin1 acc 0.0414 eff 0.0008 outinratio 0.0961 

ZH126_4l_costhetastar_genbin3_recobin1 acc 0.0462 eff 0.0008 outinratio 0.0742 

ttH126_4l_costhetastar_genbin3_recobin1 acc 0.0399 eff 0.0004 outinratio 0.1728 

ggH126_4l_costhetastar_genbin4_recobin1 acc 0.0535 eff 0.0 outinratio 0.0435 

VBFH126_4l_costhetastar_genbin4_recobin1 acc 0.0573 eff 0.0 outinratio 0.0287 

WminusH126_4l_costhetastar_genbin4_recobin1 acc 0.0455 eff 0.0003 outinratio 0.0596 

WplusH126_4l_costhetastar_genbin4_recobin1 acc 0.0406 eff 0.0 outinratio 0.0961 

ZH126_4l_costhetastar_genbin4_recobin1 acc 0.0424 eff 0.0 outinratio 0.0742 

ttH126_4l_costhetastar_genbin4_recobin1 acc 0.0409 eff 0.0002 outinratio 0.1728 

ggH126_4l_costhetastar_genbin5_recobin1 acc 0.0522 eff 0.0 outinratio 0.0435 

VBFH126_4l_costhetastar_genbin5_recobin1 acc 0.0587 eff 0.0004 outinratio 0.0287 

WminusH126_4l_costhetastar_genbin5_recobin1 acc 0.0436 eff 0.0002 outinratio 0.0596 

WplusH126_4l_costhetastar_genbin5_recobin1 acc 0.0393 eff 0.0024 outinratio 0.0961 

ZH126_4l_costhetastar_genbin5_recobin1 acc 0.0425 eff 0.0 outinratio 0.0742 

ttH126_4l_costhetastar_genbin5_recobin1 acc 0.0395 eff 0.0 outinratio 0.1728 

ggH126_4l_costhetastar_genbin6_recobin1 acc 0.0511 eff 0.0016 outinratio 0.0435 

VBFH126_4l_costhetastar_genbin6_recobin1 acc 0.0554 eff 0.0019 outinratio 0.0287 

WminusH126_4l_costhetastar_genbin6_recobin1 acc 0.0441 eff 0.0019 outinratio 0.0596 

WplusH126_4l_costhetastar_genbin6_recobin1 acc 0.0395 eff 0.0 outinratio 0.0961 

ZH126_4l_costhetastar_genbin6_recobin1 acc 0.0443 eff 0.0016 outinratio 0.0742 

ttH126_4l_costhetastar_genbin6_recobin1 acc 0.0393 eff 0.0008 outinratio 0.1728 

ggH126_4l_costhetastar_genbin7_recobin1 acc 0.0482 eff 0.0 outinratio 0.0435 

VBFH126_4l_costhetastar_genbin7_recobin1 acc 0.0565 eff 0.0 outinratio 0.0287 

WminusH126_4l_costhetastar_genbin7_recobin1 acc 0.0422 eff 0.0003 outinratio 0.0596 

WplusH126_4l_costhetastar_genbin7_recobin1 acc 0.0392 eff 0.0 outinratio 0.0961 

ZH126_4l_costhetastar_genbin7_recobin1 acc 0.0429 eff 0.0 outinratio 0.0742 

ttH126_4l_costhetastar_genbin7_recobin1 acc 0.0402 eff 0.0001 outinratio 0.1728 

ggH126_4l_costhetastar_genbin0_recobin2 acc 0.0473 eff 0.0004 outinratio 0.0532 

VBFH126_4l_costhetastar_genbin0_recobin2 acc 0.053 eff 0.0 outinratio 0.031 

WminusH126_4l_costhetastar_genbin0_recobin2 acc 0.0442 eff 0.0006 outinratio 0.0792 

WplusH126_4l_costhetastar_genbin0_recobin2 acc 0.0393 eff 0.0 outinratio 0.0417 

ZH126_4l_costhetastar_genbin0_recobin2 acc 0.0421 eff 0.0 outinratio 0.0783 

ttH126_4l_costhetastar_genbin0_recobin2 acc 0.0386 eff 0.0 outinratio 0.1503 

ggH126_4l_costhetastar_genbin1_recobin2 acc 0.0494 eff 0.0177 outinratio 0.0532 

VBFH126_4l_costhetastar_genbin1_recobin2 acc 0.0545 eff 0.0177 outinratio 0.031 

WminusH126_4l_costhetastar_genbin1_recobin2 acc 0.0449 eff 0.0178 outinratio 0.0792 

WplusH126_4l_costhetastar_genbin1_recobin2 acc 0.037 eff 0.0177 outinratio 0.0417 

ZH126_4l_costhetastar_genbin1_recobin2 acc 0.0406 eff 0.0157 outinratio 0.0783 

ttH126_4l_costhetastar_genbin1_recobin2 acc 0.0386 eff 0.0237 outinratio 0.1503 

ggH126_4l_costhetastar_genbin2_recobin2 acc 0.0521 eff 0.5131 outinratio 0.0532 

VBFH126_4l_costhetastar_genbin2_recobin2 acc 0.0577 eff 0.5347 outinratio 0.031 

WminusH126_4l_costhetastar_genbin2_recobin2 acc 0.0448 eff 0.4904 outinratio 0.0792 

WplusH126_4l_costhetastar_genbin2_recobin2 acc 0.0382 eff 0.4982 outinratio 0.0417 

ZH126_4l_costhetastar_genbin2_recobin2 acc 0.045 eff 0.4934 outinratio 0.0783 

ttH126_4l_costhetastar_genbin2_recobin2 acc 0.0419 eff 0.5059 outinratio 0.1503 

ggH126_4l_costhetastar_genbin3_recobin2 acc 0.053 eff 0.0189 outinratio 0.0532 

VBFH126_4l_costhetastar_genbin3_recobin2 acc 0.0569 eff 0.0218 outinratio 0.031 

WminusH126_4l_costhetastar_genbin3_recobin2 acc 0.0431 eff 0.0279 outinratio 0.0792 

WplusH126_4l_costhetastar_genbin3_recobin2 acc 0.0414 eff 0.0279 outinratio 0.0417 

ZH126_4l_costhetastar_genbin3_recobin2 acc 0.0462 eff 0.0199 outinratio 0.0783 

ttH126_4l_costhetastar_genbin3_recobin2 acc 0.0399 eff 0.0198 outinratio 0.1503 

ggH126_4l_costhetastar_genbin4_recobin2 acc 0.0535 eff 0.0 outinratio 0.0532 

VBFH126_4l_costhetastar_genbin4_recobin2 acc 0.0573 eff 0.0004 outinratio 0.031 

WminusH126_4l_costhetastar_genbin4_recobin2 acc 0.0455 eff 0.0007 outinratio 0.0792 

WplusH126_4l_costhetastar_genbin4_recobin2 acc 0.0406 eff 0.0 outinratio 0.0417 

ZH126_4l_costhetastar_genbin4_recobin2 acc 0.0424 eff 0.0013 outinratio 0.0783 

ttH126_4l_costhetastar_genbin4_recobin2 acc 0.0409 eff 0.0003 outinratio 0.1503 

ggH126_4l_costhetastar_genbin5_recobin2 acc 0.0522 eff 0.0 outinratio 0.0532 

VBFH126_4l_costhetastar_genbin5_recobin2 acc 0.0587 eff 0.0018 outinratio 0.031 

WminusH126_4l_costhetastar_genbin5_recobin2 acc 0.0436 eff 0.0016 outinratio 0.0792 

WplusH126_4l_costhetastar_genbin5_recobin2 acc 0.0393 eff 0.0 outinratio 0.0417 

ZH126_4l_costhetastar_genbin5_recobin2 acc 0.0425 eff 0.0018 outinratio 0.0783 

ttH126_4l_costhetastar_genbin5_recobin2 acc 0.0395 eff 0.0005 outinratio 0.1503 

ggH126_4l_costhetastar_genbin6_recobin2 acc 0.0511 eff 0.0 outinratio 0.0532 

VBFH126_4l_costhetastar_genbin6_recobin2 acc 0.0554 eff 0.0 outinratio 0.031 

WminusH126_4l_costhetastar_genbin6_recobin2 acc 0.0441 eff 0.0011 outinratio 0.0792 

WplusH126_4l_costhetastar_genbin6_recobin2 acc 0.0395 eff 0.0 outinratio 0.0417 

ZH126_4l_costhetastar_genbin6_recobin2 acc 0.0443 eff 0.0014 outinratio 0.0783 

ttH126_4l_costhetastar_genbin6_recobin2 acc 0.0393 eff 0.0005 outinratio 0.1503 

ggH126_4l_costhetastar_genbin7_recobin2 acc 0.0482 eff 0.0 outinratio 0.0532 

VBFH126_4l_costhetastar_genbin7_recobin2 acc 0.0565 eff 0.0 outinratio 0.031 

WminusH126_4l_costhetastar_genbin7_recobin2 acc 0.0422 eff 0.0 outinratio 0.0792 

WplusH126_4l_costhetastar_genbin7_recobin2 acc 0.0392 eff 0.0 outinratio 0.0417 

ZH126_4l_costhetastar_genbin7_recobin2 acc 0.0429 eff 0.0002 outinratio 0.0783 

ttH126_4l_costhetastar_genbin7_recobin2 acc 0.0402 eff 0.0 outinratio 0.1503 

ggH126_4l_costhetastar_genbin0_recobin3 acc 0.0473 eff 0.0 outinratio 0.0534 

VBFH126_4l_costhetastar_genbin0_recobin3 acc 0.053 eff 0.0004 outinratio 0.0355 

WminusH126_4l_costhetastar_genbin0_recobin3 acc 0.0442 eff 0.0003 outinratio 0.0836 

WplusH126_4l_costhetastar_genbin0_recobin3 acc 0.0393 eff 0.0 outinratio 0.0802 

ZH126_4l_costhetastar_genbin0_recobin3 acc 0.0421 eff 0.0 outinratio 0.06 

ttH126_4l_costhetastar_genbin0_recobin3 acc 0.0386 eff 0.0003 outinratio 0.1878 

ggH126_4l_costhetastar_genbin1_recobin3 acc 0.0494 eff 0.0006 outinratio 0.0534 

VBFH126_4l_costhetastar_genbin1_recobin3 acc 0.0545 eff 0.0012 outinratio 0.0355 

WminusH126_4l_costhetastar_genbin1_recobin3 acc 0.0449 eff 0.0003 outinratio 0.0836 

WplusH126_4l_costhetastar_genbin1_recobin3 acc 0.037 eff 0.0 outinratio 0.0802 

ZH126_4l_costhetastar_genbin1_recobin3 acc 0.0406 eff 0.0 outinratio 0.06 

ttH126_4l_costhetastar_genbin1_recobin3 acc 0.0386 eff 0.0006 outinratio 0.1878 

ggH126_4l_costhetastar_genbin2_recobin3 acc 0.0521 eff 0.0213 outinratio 0.0534 

VBFH126_4l_costhetastar_genbin2_recobin3 acc 0.0577 eff 0.0233 outinratio 0.0355 

WminusH126_4l_costhetastar_genbin2_recobin3 acc 0.0448 eff 0.0248 outinratio 0.0836 

WplusH126_4l_costhetastar_genbin2_recobin3 acc 0.0382 eff 0.0295 outinratio 0.0802 

ZH126_4l_costhetastar_genbin2_recobin3 acc 0.045 eff 0.0211 outinratio 0.06 

ttH126_4l_costhetastar_genbin2_recobin3 acc 0.0419 eff 0.0231 outinratio 0.1878 

ggH126_4l_costhetastar_genbin3_recobin3 acc 0.053 eff 0.523 outinratio 0.0534 

VBFH126_4l_costhetastar_genbin3_recobin3 acc 0.0569 eff 0.5289 outinratio 0.0355 

WminusH126_4l_costhetastar_genbin3_recobin3 acc 0.0431 eff 0.495 outinratio 0.0836 

WplusH126_4l_costhetastar_genbin3_recobin3 acc 0.0414 eff 0.4781 outinratio 0.0802 

ZH126_4l_costhetastar_genbin3_recobin3 acc 0.0462 eff 0.5203 outinratio 0.06 

ttH126_4l_costhetastar_genbin3_recobin3 acc 0.0399 eff 0.5154 outinratio 0.1878 

ggH126_4l_costhetastar_genbin4_recobin3 acc 0.0535 eff 0.0253 outinratio 0.0534 

VBFH126_4l_costhetastar_genbin4_recobin3 acc 0.0573 eff 0.0276 outinratio 0.0355 

WminusH126_4l_costhetastar_genbin4_recobin3 acc 0.0455 eff 0.0254 outinratio 0.0836 

WplusH126_4l_costhetastar_genbin4_recobin3 acc 0.0406 eff 0.027 outinratio 0.0802 

ZH126_4l_costhetastar_genbin4_recobin3 acc 0.0424 eff 0.0303 outinratio 0.06 

ttH126_4l_costhetastar_genbin4_recobin3 acc 0.0409 eff 0.0246 outinratio 0.1878 

ggH126_4l_costhetastar_genbin5_recobin3 acc 0.0522 eff 0.0 outinratio 0.0534 

VBFH126_4l_costhetastar_genbin5_recobin3 acc 0.0587 eff 0.0024 outinratio 0.0355 

WminusH126_4l_costhetastar_genbin5_recobin3 acc 0.0436 eff 0.0005 outinratio 0.0836 

WplusH126_4l_costhetastar_genbin5_recobin3 acc 0.0393 eff 0.0052 outinratio 0.0802 

ZH126_4l_costhetastar_genbin5_recobin3 acc 0.0425 eff 0.0 outinratio 0.06 

ttH126_4l_costhetastar_genbin5_recobin3 acc 0.0395 eff 0.0 outinratio 0.1878 

ggH126_4l_costhetastar_genbin6_recobin3 acc 0.0511 eff 0.0 outinratio 0.0534 

VBFH126_4l_costhetastar_genbin6_recobin3 acc 0.0554 eff 0.0 outinratio 0.0355 

WminusH126_4l_costhetastar_genbin6_recobin3 acc 0.0441 eff 0.0 outinratio 0.0836 

WplusH126_4l_costhetastar_genbin6_recobin3 acc 0.0395 eff 0.0 outinratio 0.0802 

ZH126_4l_costhetastar_genbin6_recobin3 acc 0.0443 eff 0.0015 outinratio 0.06 

ttH126_4l_costhetastar_genbin6_recobin3 acc 0.0393 eff 0.0003 outinratio 0.1878 

ggH126_4l_costhetastar_genbin7_recobin3 acc 0.0482 eff 0.0 outinratio 0.0534 

VBFH126_4l_costhetastar_genbin7_recobin3 acc 0.0565 eff 0.0003 outinratio 0.0355 

WminusH126_4l_costhetastar_genbin7_recobin3 acc 0.0422 eff 0.0003 outinratio 0.0836 

WplusH126_4l_costhetastar_genbin7_recobin3 acc 0.0392 eff 0.0 outinratio 0.0802 

ZH126_4l_costhetastar_genbin7_recobin3 acc 0.0429 eff 0.0004 outinratio 0.06 

ttH126_4l_costhetastar_genbin7_recobin3 acc 0.0402 eff 0.0 outinratio 0.1878 

ggH126_4l_costhetastar_genbin0_recobin4 acc 0.0473 eff 0.0008 outinratio 0.0491 

VBFH126_4l_costhetastar_genbin0_recobin4 acc 0.053 eff 0.0001 outinratio 0.0292 

WminusH126_4l_costhetastar_genbin0_recobin4 acc 0.0442 eff 0.0004 outinratio 0.0737 

WplusH126_4l_costhetastar_genbin0_recobin4 acc 0.0393 eff 0.0 outinratio 0.0713 

ZH126_4l_costhetastar_genbin0_recobin4 acc 0.0421 eff 0.0003 outinratio 0.0738 

ttH126_4l_costhetastar_genbin0_recobin4 acc 0.0386 eff 0.0 outinratio 0.1648 

ggH126_4l_costhetastar_genbin1_recobin4 acc 0.0494 eff 0.0017 outinratio 0.0491 

VBFH126_4l_costhetastar_genbin1_recobin4 acc 0.0545 eff 0.0 outinratio 0.0292 

WminusH126_4l_costhetastar_genbin1_recobin4 acc 0.0449 eff 0.0008 outinratio 0.0737 

WplusH126_4l_costhetastar_genbin1_recobin4 acc 0.037 eff 0.0 outinratio 0.0713 

ZH126_4l_costhetastar_genbin1_recobin4 acc 0.0406 eff 0.0 outinratio 0.0738 

ttH126_4l_costhetastar_genbin1_recobin4 acc 0.0386 eff 0.0001 outinratio 0.1648 

ggH126_4l_costhetastar_genbin2_recobin4 acc 0.0521 eff 0.0014 outinratio 0.0491 

VBFH126_4l_costhetastar_genbin2_recobin4 acc 0.0577 eff 0.0 outinratio 0.0292 

WminusH126_4l_costhetastar_genbin2_recobin4 acc 0.0448 eff 0.0006 outinratio 0.0737 

WplusH126_4l_costhetastar_genbin2_recobin4 acc 0.0382 eff 0.0 outinratio 0.0713 

ZH126_4l_costhetastar_genbin2_recobin4 acc 0.045 eff 0.0007 outinratio 0.0738 

ttH126_4l_costhetastar_genbin2_recobin4 acc 0.0419 eff 0.0007 outinratio 0.1648 

ggH126_4l_costhetastar_genbin3_recobin4 acc 0.053 eff 0.023 outinratio 0.0491 

VBFH126_4l_costhetastar_genbin3_recobin4 acc 0.0569 eff 0.0229 outinratio 0.0292 

WminusH126_4l_costhetastar_genbin3_recobin4 acc 0.0431 eff 0.0279 outinratio 0.0737 

WplusH126_4l_costhetastar_genbin3_recobin4 acc 0.0414 eff 0.023 outinratio 0.0713 

ZH126_4l_costhetastar_genbin3_recobin4 acc 0.0462 eff 0.0278 outinratio 0.0738 

ttH126_4l_costhetastar_genbin3_recobin4 acc 0.0399 eff 0.0238 outinratio 0.1648 

ggH126_4l_costhetastar_genbin4_recobin4 acc 0.0535 eff 0.5317 outinratio 0.0491 

VBFH126_4l_costhetastar_genbin4_recobin4 acc 0.0573 eff 0.5365 outinratio 0.0292 

WminusH126_4l_costhetastar_genbin4_recobin4 acc 0.0455 eff 0.5076 outinratio 0.0737 

WplusH126_4l_costhetastar_genbin4_recobin4 acc 0.0406 eff 0.5183 outinratio 0.0713 

ZH126_4l_costhetastar_genbin4_recobin4 acc 0.0424 eff 0.5037 outinratio 0.0738 

ttH126_4l_costhetastar_genbin4_recobin4 acc 0.0409 eff 0.5099 outinratio 0.1648 

ggH126_4l_costhetastar_genbin5_recobin4 acc 0.0522 eff 0.0222 outinratio 0.0491 

VBFH126_4l_costhetastar_genbin5_recobin4 acc 0.0587 eff 0.0202 outinratio 0.0292 

WminusH126_4l_costhetastar_genbin5_recobin4 acc 0.0436 eff 0.0229 outinratio 0.0737 

WplusH126_4l_costhetastar_genbin5_recobin4 acc 0.0393 eff 0.0155 outinratio 0.0713 

ZH126_4l_costhetastar_genbin5_recobin4 acc 0.0425 eff 0.0267 outinratio 0.0738 

ttH126_4l_costhetastar_genbin5_recobin4 acc 0.0395 eff 0.0176 outinratio 0.1648 

ggH126_4l_costhetastar_genbin6_recobin4 acc 0.0511 eff 0.0 outinratio 0.0491 

VBFH126_4l_costhetastar_genbin6_recobin4 acc 0.0554 eff 0.0011 outinratio 0.0292 

WminusH126_4l_costhetastar_genbin6_recobin4 acc 0.0441 eff 0.0007 outinratio 0.0737 

WplusH126_4l_costhetastar_genbin6_recobin4 acc 0.0395 eff 0.0011 outinratio 0.0713 

ZH126_4l_costhetastar_genbin6_recobin4 acc 0.0443 eff 0.0008 outinratio 0.0738 

ttH126_4l_costhetastar_genbin6_recobin4 acc 0.0393 eff 0.0016 outinratio 0.1648 

ggH126_4l_costhetastar_genbin7_recobin4 acc 0.0482 eff 0.0 outinratio 0.0491 

VBFH126_4l_costhetastar_genbin7_recobin4 acc 0.0565 eff 0.0011 outinratio 0.0292 

WminusH126_4l_costhetastar_genbin7_recobin4 acc 0.0422 eff 0.0002 outinratio 0.0737 

WplusH126_4l_costhetastar_genbin7_recobin4 acc 0.0392 eff 0.0 outinratio 0.0713 

ZH126_4l_costhetastar_genbin7_recobin4 acc 0.0429 eff 0.0 outinratio 0.0738 

ttH126_4l_costhetastar_genbin7_recobin4 acc 0.0402 eff 0.0 outinratio 0.1648 

ggH126_4l_costhetastar_genbin0_recobin5 acc 0.0473 eff 0.0 outinratio 0.0623 

VBFH126_4l_costhetastar_genbin0_recobin5 acc 0.053 eff 0.0005 outinratio 0.0265 

WminusH126_4l_costhetastar_genbin0_recobin5 acc 0.0442 eff 0.0004 outinratio 0.0682 

WplusH126_4l_costhetastar_genbin0_recobin5 acc 0.0393 eff 0.0 outinratio 0.0602 

ZH126_4l_costhetastar_genbin0_recobin5 acc 0.0421 eff 0.0002 outinratio 0.0667 

ttH126_4l_costhetastar_genbin0_recobin5 acc 0.0386 eff 0.0004 outinratio 0.1613 

ggH126_4l_costhetastar_genbin1_recobin5 acc 0.0494 eff 0.0002 outinratio 0.0623 

VBFH126_4l_costhetastar_genbin1_recobin5 acc 0.0545 eff 0.0005 outinratio 0.0265 

WminusH126_4l_costhetastar_genbin1_recobin5 acc 0.0449 eff 0.0 outinratio 0.0682 

WplusH126_4l_costhetastar_genbin1_recobin5 acc 0.037 eff 0.0 outinratio 0.0602 

ZH126_4l_costhetastar_genbin1_recobin5 acc 0.0406 eff 0.0 outinratio 0.0667 

ttH126_4l_costhetastar_genbin1_recobin5 acc 0.0386 eff 0.0003 outinratio 0.1613 

ggH126_4l_costhetastar_genbin2_recobin5 acc 0.0521 eff 0.0004 outinratio 0.0623 

VBFH126_4l_costhetastar_genbin2_recobin5 acc 0.0577 eff 0.0029 outinratio 0.0265 

WminusH126_4l_costhetastar_genbin2_recobin5 acc 0.0448 eff 0.0014 outinratio 0.0682 

WplusH126_4l_costhetastar_genbin2_recobin5 acc 0.0382 eff 0.0026 outinratio 0.0602 

ZH126_4l_costhetastar_genbin2_recobin5 acc 0.045 eff 0.0019 outinratio 0.0667 

ttH126_4l_costhetastar_genbin2_recobin5 acc 0.0419 eff 0.0027 outinratio 0.1613 

ggH126_4l_costhetastar_genbin3_recobin5 acc 0.053 eff 0.0011 outinratio 0.0623 

VBFH126_4l_costhetastar_genbin3_recobin5 acc 0.0569 eff 0.0004 outinratio 0.0265 

WminusH126_4l_costhetastar_genbin3_recobin5 acc 0.0431 eff 0.0005 outinratio 0.0682 

WplusH126_4l_costhetastar_genbin3_recobin5 acc 0.0414 eff 0.0004 outinratio 0.0602 

ZH126_4l_costhetastar_genbin3_recobin5 acc 0.0462 eff 0.0025 outinratio 0.0667 

ttH126_4l_costhetastar_genbin3_recobin5 acc 0.0399 eff 0.001 outinratio 0.1613 

ggH126_4l_costhetastar_genbin4_recobin5 acc 0.0535 eff 0.0257 outinratio 0.0623 

VBFH126_4l_costhetastar_genbin4_recobin5 acc 0.0573 eff 0.0231 outinratio 0.0265 

WminusH126_4l_costhetastar_genbin4_recobin5 acc 0.0455 eff 0.0277 outinratio 0.0682 

WplusH126_4l_costhetastar_genbin4_recobin5 acc 0.0406 eff 0.022 outinratio 0.0602 

ZH126_4l_costhetastar_genbin4_recobin5 acc 0.0424 eff 0.0201 outinratio 0.0667 

ttH126_4l_costhetastar_genbin4_recobin5 acc 0.0409 eff 0.0285 outinratio 0.1613 

ggH126_4l_costhetastar_genbin5_recobin5 acc 0.0522 eff 0.5089 outinratio 0.0623 

VBFH126_4l_costhetastar_genbin5_recobin5 acc 0.0587 eff 0.5159 outinratio 0.0265 

WminusH126_4l_costhetastar_genbin5_recobin5 acc 0.0436 eff 0.5124 outinratio 0.0682 

WplusH126_4l_costhetastar_genbin5_recobin5 acc 0.0393 eff 0.4883 outinratio 0.0602 

ZH126_4l_costhetastar_genbin5_recobin5 acc 0.0425 eff 0.5189 outinratio 0.0667 

ttH126_4l_costhetastar_genbin5_recobin5 acc 0.0395 eff 0.4923 outinratio 0.1613 

ggH126_4l_costhetastar_genbin6_recobin5 acc 0.0511 eff 0.0183 outinratio 0.0623 

VBFH126_4l_costhetastar_genbin6_recobin5 acc 0.0554 eff 0.0158 outinratio 0.0265 

WminusH126_4l_costhetastar_genbin6_recobin5 acc 0.0441 eff 0.0203 outinratio 0.0682 

WplusH126_4l_costhetastar_genbin6_recobin5 acc 0.0395 eff 0.026 outinratio 0.0602 

ZH126_4l_costhetastar_genbin6_recobin5 acc 0.0443 eff 0.02 outinratio 0.0667 

ttH126_4l_costhetastar_genbin6_recobin5 acc 0.0393 eff 0.0177 outinratio 0.1613 

ggH126_4l_costhetastar_genbin7_recobin5 acc 0.0482 eff 0.0009 outinratio 0.0623 

VBFH126_4l_costhetastar_genbin7_recobin5 acc 0.0565 eff 0.0016 outinratio 0.0265 

WminusH126_4l_costhetastar_genbin7_recobin5 acc 0.0422 eff 0.0008 outinratio 0.0682 

WplusH126_4l_costhetastar_genbin7_recobin5 acc 0.0392 eff 0.0 outinratio 0.0602 

ZH126_4l_costhetastar_genbin7_recobin5 acc 0.0429 eff 0.0 outinratio 0.0667 

ttH126_4l_costhetastar_genbin7_recobin5 acc 0.0402 eff -0.0002 outinratio 0.1613 

ggH126_4l_costhetastar_genbin0_recobin6 acc 0.0473 eff 0.0 outinratio 0.0473 

VBFH126_4l_costhetastar_genbin0_recobin6 acc 0.053 eff 0.0 outinratio 0.0425 

WminusH126_4l_costhetastar_genbin0_recobin6 acc 0.0442 eff 0.0 outinratio 0.0682 

WplusH126_4l_costhetastar_genbin0_recobin6 acc 0.0393 eff 0.0021 outinratio 0.0452 

ZH126_4l_costhetastar_genbin0_recobin6 acc 0.0421 eff 0.0 outinratio 0.0577 

ttH126_4l_costhetastar_genbin0_recobin6 acc 0.0386 eff 0.0 outinratio 0.1671 

ggH126_4l_costhetastar_genbin1_recobin6 acc 0.0494 eff 0.0024 outinratio 0.0473 

VBFH126_4l_costhetastar_genbin1_recobin6 acc 0.0545 eff 0.0013 outinratio 0.0425 

WminusH126_4l_costhetastar_genbin1_recobin6 acc 0.0449 eff 0.001 outinratio 0.0682 

WplusH126_4l_costhetastar_genbin1_recobin6 acc 0.037 eff 0.0052 outinratio 0.0452 

ZH126_4l_costhetastar_genbin1_recobin6 acc 0.0406 eff 0.0025 outinratio 0.0577 

ttH126_4l_costhetastar_genbin1_recobin6 acc 0.0386 eff 0.0011 outinratio 0.1671 

ggH126_4l_costhetastar_genbin2_recobin6 acc 0.0521 eff 0.0003 outinratio 0.0473 

VBFH126_4l_costhetastar_genbin2_recobin6 acc 0.0577 eff 0.0011 outinratio 0.0425 

WminusH126_4l_costhetastar_genbin2_recobin6 acc 0.0448 eff 0.0002 outinratio 0.0682 

WplusH126_4l_costhetastar_genbin2_recobin6 acc 0.0382 eff 0.0 outinratio 0.0452 

ZH126_4l_costhetastar_genbin2_recobin6 acc 0.045 eff 0.0 outinratio 0.0577 

ttH126_4l_costhetastar_genbin2_recobin6 acc 0.0419 eff 0.0004 outinratio 0.1671 

ggH126_4l_costhetastar_genbin3_recobin6 acc 0.053 eff 0.0001 outinratio 0.0473 

VBFH126_4l_costhetastar_genbin3_recobin6 acc 0.0569 eff 0.0 outinratio 0.0425 

WminusH126_4l_costhetastar_genbin3_recobin6 acc 0.0431 eff 0.0006 outinratio 0.0682 

WplusH126_4l_costhetastar_genbin3_recobin6 acc 0.0414 eff 0.0024 outinratio 0.0452 

ZH126_4l_costhetastar_genbin3_recobin6 acc 0.0462 eff 0.0 outinratio 0.0577 

ttH126_4l_costhetastar_genbin3_recobin6 acc 0.0399 eff 0.0006 outinratio 0.1671 

ggH126_4l_costhetastar_genbin4_recobin6 acc 0.0535 eff 0.0003 outinratio 0.0473 

VBFH126_4l_costhetastar_genbin4_recobin6 acc 0.0573 eff 0.0004 outinratio 0.0425 

WminusH126_4l_costhetastar_genbin4_recobin6 acc 0.0455 eff 0.0012 outinratio 0.0682 

WplusH126_4l_costhetastar_genbin4_recobin6 acc 0.0406 eff 0.0 outinratio 0.0452 

ZH126_4l_costhetastar_genbin4_recobin6 acc 0.0424 eff 0.0 outinratio 0.0577 

ttH126_4l_costhetastar_genbin4_recobin6 acc 0.0409 eff 0.0009 outinratio 0.1671 

ggH126_4l_costhetastar_genbin5_recobin6 acc 0.0522 eff 0.0205 outinratio 0.0473 

VBFH126_4l_costhetastar_genbin5_recobin6 acc 0.0587 eff 0.0215 outinratio 0.0425 

WminusH126_4l_costhetastar_genbin5_recobin6 acc 0.0436 eff 0.0178 outinratio 0.0682 

WplusH126_4l_costhetastar_genbin5_recobin6 acc 0.0393 eff 0.0238 outinratio 0.0452 

ZH126_4l_costhetastar_genbin5_recobin6 acc 0.0425 eff 0.0162 outinratio 0.0577 

ttH126_4l_costhetastar_genbin5_recobin6 acc 0.0395 eff 0.0174 outinratio 0.1671 

ggH126_4l_costhetastar_genbin6_recobin6 acc 0.0511 eff 0.511 outinratio 0.0473 

VBFH126_4l_costhetastar_genbin6_recobin6 acc 0.0554 eff 0.5199 outinratio 0.0425 

WminusH126_4l_costhetastar_genbin6_recobin6 acc 0.0441 eff 0.5136 outinratio 0.0682 

WplusH126_4l_costhetastar_genbin6_recobin6 acc 0.0395 eff 0.5033 outinratio 0.0452 

ZH126_4l_costhetastar_genbin6_recobin6 acc 0.0443 eff 0.5176 outinratio 0.0577 

ttH126_4l_costhetastar_genbin6_recobin6 acc 0.0393 eff 0.4908 outinratio 0.1671 

ggH126_4l_costhetastar_genbin7_recobin6 acc 0.0482 eff 0.0198 outinratio 0.0473 

VBFH126_4l_costhetastar_genbin7_recobin6 acc 0.0565 eff 0.0124 outinratio 0.0425 

WminusH126_4l_costhetastar_genbin7_recobin6 acc 0.0422 eff 0.0175 outinratio 0.0682 

WplusH126_4l_costhetastar_genbin7_recobin6 acc 0.0392 eff 0.011 outinratio 0.0452 

ZH126_4l_costhetastar_genbin7_recobin6 acc 0.0429 eff 0.0242 outinratio 0.0577 

ttH126_4l_costhetastar_genbin7_recobin6 acc 0.0402 eff 0.0182 outinratio 0.1671 

ggH126_4l_costhetastar_genbin0_recobin7 acc 0.0473 eff 0.0013 outinratio 0.0507 

VBFH126_4l_costhetastar_genbin0_recobin7 acc 0.053 eff 0.0012 outinratio 0.033 

WminusH126_4l_costhetastar_genbin0_recobin7 acc 0.0442 eff 0.0014 outinratio 0.0867 

WplusH126_4l_costhetastar_genbin0_recobin7 acc 0.0393 eff 0.004 outinratio 0.0562 

ZH126_4l_costhetastar_genbin0_recobin7 acc 0.0421 eff 0.0 outinratio 0.0928 

ttH126_4l_costhetastar_genbin0_recobin7 acc 0.0386 eff 0.0009 outinratio 0.1744 

ggH126_4l_costhetastar_genbin1_recobin7 acc 0.0494 eff 0.0 outinratio 0.0507 

VBFH126_4l_costhetastar_genbin1_recobin7 acc 0.0545 eff 0.001 outinratio 0.033 

WminusH126_4l_costhetastar_genbin1_recobin7 acc 0.0449 eff 0.0006 outinratio 0.0867 

WplusH126_4l_costhetastar_genbin1_recobin7 acc 0.037 eff 0.0 outinratio 0.0562 

ZH126_4l_costhetastar_genbin1_recobin7 acc 0.0406 eff 0.0 outinratio 0.0928 

ttH126_4l_costhetastar_genbin1_recobin7 acc 0.0386 eff 0.0005 outinratio 0.1744 

ggH126_4l_costhetastar_genbin2_recobin7 acc 0.0521 eff 0.0002 outinratio 0.0507 

VBFH126_4l_costhetastar_genbin2_recobin7 acc 0.0577 eff 0.0 outinratio 0.033 

WminusH126_4l_costhetastar_genbin2_recobin7 acc 0.0448 eff 0.0 outinratio 0.0867 

WplusH126_4l_costhetastar_genbin2_recobin7 acc 0.0382 eff 0.0 outinratio 0.0562 

ZH126_4l_costhetastar_genbin2_recobin7 acc 0.045 eff 0.0 outinratio 0.0928 

ttH126_4l_costhetastar_genbin2_recobin7 acc 0.0419 eff 0.0 outinratio 0.1744 

ggH126_4l_costhetastar_genbin3_recobin7 acc 0.053 eff 0.0 outinratio 0.0507 

VBFH126_4l_costhetastar_genbin3_recobin7 acc 0.0569 eff 0.0003 outinratio 0.033 

WminusH126_4l_costhetastar_genbin3_recobin7 acc 0.0431 eff 0.0 outinratio 0.0867 

WplusH126_4l_costhetastar_genbin3_recobin7 acc 0.0414 eff 0.0 outinratio 0.0562 

ZH126_4l_costhetastar_genbin3_recobin7 acc 0.0462 eff 0.0005 outinratio 0.0928 

ttH126_4l_costhetastar_genbin3_recobin7 acc 0.0399 eff 0.0 outinratio 0.1744 

ggH126_4l_costhetastar_genbin4_recobin7 acc 0.0535 eff 0.0002 outinratio 0.0507 

VBFH126_4l_costhetastar_genbin4_recobin7 acc 0.0573 eff 0.0 outinratio 0.033 

WminusH126_4l_costhetastar_genbin4_recobin7 acc 0.0455 eff 0.0007 outinratio 0.0867 

WplusH126_4l_costhetastar_genbin4_recobin7 acc 0.0406 eff 0.0012 outinratio 0.0562 

ZH126_4l_costhetastar_genbin4_recobin7 acc 0.0424 eff 0.0 outinratio 0.0928 

ttH126_4l_costhetastar_genbin4_recobin7 acc 0.0409 eff 0.0017 outinratio 0.1744 

ggH126_4l_costhetastar_genbin5_recobin7 acc 0.0522 eff 0.0026 outinratio 0.0507 

VBFH126_4l_costhetastar_genbin5_recobin7 acc 0.0587 eff 0.0012 outinratio 0.033 

WminusH126_4l_costhetastar_genbin5_recobin7 acc 0.0436 eff 0.0005 outinratio 0.0867 

WplusH126_4l_costhetastar_genbin5_recobin7 acc 0.0393 eff 0.0007 outinratio 0.0562 

ZH126_4l_costhetastar_genbin5_recobin7 acc 0.0425 eff 0.0004 outinratio 0.0928 

ttH126_4l_costhetastar_genbin5_recobin7 acc 0.0395 eff 0.0001 outinratio 0.1744 

ggH126_4l_costhetastar_genbin6_recobin7 acc 0.0511 eff 0.0136 outinratio 0.0507 

VBFH126_4l_costhetastar_genbin6_recobin7 acc 0.0554 eff 0.0172 outinratio 0.033 

WminusH126_4l_costhetastar_genbin6_recobin7 acc 0.0441 eff 0.015 outinratio 0.0867 

WplusH126_4l_costhetastar_genbin6_recobin7 acc 0.0395 eff 0.016 outinratio 0.0562 

ZH126_4l_costhetastar_genbin6_recobin7 acc 0.0443 eff 0.0157 outinratio 0.0928 

ttH126_4l_costhetastar_genbin6_recobin7 acc 0.0393 eff 0.0145 outinratio 0.1744 

ggH126_4l_costhetastar_genbin7_recobin7 acc 0.0482 eff 0.5474 outinratio 0.0507 

VBFH126_4l_costhetastar_genbin7_recobin7 acc 0.0565 eff 0.5651 outinratio 0.033 

WminusH126_4l_costhetastar_genbin7_recobin7 acc 0.0422 eff 0.5206 outinratio 0.0867 

WplusH126_4l_costhetastar_genbin7_recobin7 acc 0.0392 eff 0.4991 outinratio 0.0562 

ZH126_4l_costhetastar_genbin7_recobin7 acc 0.0429 eff 0.5177 outinratio 0.0928 

ttH126_4l_costhetastar_genbin7_recobin7 acc 0.0402 eff 0.532 outinratio 0.1744 

ggH126_4e_costhetastar_genbin0_recobin0 acc 0.0412 eff 0.2477 outinratio 0.0735 

VBFH126_4e_costhetastar_genbin0_recobin0 acc 0.0501 eff 0.315 outinratio 0.0337 

WminusH126_4e_costhetastar_genbin0_recobin0 acc 0.0415 eff 0.3444 outinratio 0.0542 

WplusH126_4e_costhetastar_genbin0_recobin0 acc 0.0403 eff 0.2963 outinratio 0.026 

ZH126_4e_costhetastar_genbin0_recobin0 acc 0.0403 eff 0.2915 outinratio 0.0844 

ttH126_4e_costhetastar_genbin0_recobin0 acc 0.037 eff 0.3214 outinratio 0.1748 

ggH126_4e_costhetastar_genbin1_recobin0 acc 0.0449 eff 0.0184 outinratio 0.0735 

VBFH126_4e_costhetastar_genbin1_recobin0 acc 0.0543 eff 0.0085 outinratio 0.0337 

WminusH126_4e_costhetastar_genbin1_recobin0 acc 0.0437 eff 0.0143 outinratio 0.0542 

WplusH126_4e_costhetastar_genbin1_recobin0 acc 0.0361 eff 0.004 outinratio 0.026 

ZH126_4e_costhetastar_genbin1_recobin0 acc 0.0381 eff 0.0166 outinratio 0.0844 

ttH126_4e_costhetastar_genbin1_recobin0 acc 0.038 eff 0.0205 outinratio 0.1748 

ggH126_4e_costhetastar_genbin2_recobin0 acc 0.0498 eff 0.0 outinratio 0.0735 

VBFH126_4e_costhetastar_genbin2_recobin0 acc 0.0579 eff 0.0 outinratio 0.0337 

WminusH126_4e_costhetastar_genbin2_recobin0 acc 0.0451 eff 0.0 outinratio 0.0542 

WplusH126_4e_costhetastar_genbin2_recobin0 acc 0.0355 eff 0.0 outinratio 0.026 

ZH126_4e_costhetastar_genbin2_recobin0 acc 0.0438 eff 0.0 outinratio 0.0844 

ttH126_4e_costhetastar_genbin2_recobin0 acc 0.0418 eff 0.0 outinratio 0.1748 

ggH126_4e_costhetastar_genbin3_recobin0 acc 0.0521 eff 0.0 outinratio 0.0735 

VBFH126_4e_costhetastar_genbin3_recobin0 acc 0.0577 eff 0.0 outinratio 0.0337 

WminusH126_4e_costhetastar_genbin3_recobin0 acc 0.0433 eff 0.0 outinratio 0.0542 

WplusH126_4e_costhetastar_genbin3_recobin0 acc 0.0401 eff 0.0 outinratio 0.026 

ZH126_4e_costhetastar_genbin3_recobin0 acc 0.0434 eff 0.0 outinratio 0.0844 

ttH126_4e_costhetastar_genbin3_recobin0 acc 0.0418 eff 0.0014 outinratio 0.1748 

ggH126_4e_costhetastar_genbin4_recobin0 acc 0.0471 eff 0.0 outinratio 0.0735 

VBFH126_4e_costhetastar_genbin4_recobin0 acc 0.0575 eff 0.0 outinratio 0.0337 

WminusH126_4e_costhetastar_genbin4_recobin0 acc 0.0459 eff 0.0 outinratio 0.0542 

WplusH126_4e_costhetastar_genbin4_recobin0 acc 0.0372 eff 0.0 outinratio 0.026 

ZH126_4e_costhetastar_genbin4_recobin0 acc 0.0396 eff 0.0 outinratio 0.0844 

ttH126_4e_costhetastar_genbin4_recobin0 acc 0.0418 eff 0.0 outinratio 0.1748 

ggH126_4e_costhetastar_genbin5_recobin0 acc 0.0493 eff 0.0 outinratio 0.0735 

VBFH126_4e_costhetastar_genbin5_recobin0 acc 0.0552 eff 0.0 outinratio 0.0337 

WminusH126_4e_costhetastar_genbin5_recobin0 acc 0.0417 eff -0.0003 outinratio 0.0542 

WplusH126_4e_costhetastar_genbin5_recobin0 acc 0.0381 eff 0.0 outinratio 0.026 

ZH126_4e_costhetastar_genbin5_recobin0 acc 0.0393 eff 0.0 outinratio 0.0844 

ttH126_4e_costhetastar_genbin5_recobin0 acc 0.0377 eff 0.0 outinratio 0.1748 

ggH126_4e_costhetastar_genbin6_recobin0 acc 0.0502 eff 0.0 outinratio 0.0735 

VBFH126_4e_costhetastar_genbin6_recobin0 acc 0.0526 eff 0.0028 outinratio 0.0337 

WminusH126_4e_costhetastar_genbin6_recobin0 acc 0.0418 eff 0.0 outinratio 0.0542 

WplusH126_4e_costhetastar_genbin6_recobin0 acc 0.0359 eff 0.0 outinratio 0.026 

ZH126_4e_costhetastar_genbin6_recobin0 acc 0.0442 eff 0.0 outinratio 0.0844 

ttH126_4e_costhetastar_genbin6_recobin0 acc 0.0407 eff 0.0 outinratio 0.1748 

ggH126_4e_costhetastar_genbin7_recobin0 acc 0.0446 eff 0.0 outinratio 0.0735 

VBFH126_4e_costhetastar_genbin7_recobin0 acc 0.0513 eff 0.0 outinratio 0.0337 

WminusH126_4e_costhetastar_genbin7_recobin0 acc 0.041 eff 0.0014 outinratio 0.0542 

WplusH126_4e_costhetastar_genbin7_recobin0 acc 0.0392 eff 0.0 outinratio 0.026 

ZH126_4e_costhetastar_genbin7_recobin0 acc 0.0422 eff 0.0055 outinratio 0.0844 

ttH126_4e_costhetastar_genbin7_recobin0 acc 0.0371 eff 0.0006 outinratio 0.1748 

ggH126_4e_costhetastar_genbin0_recobin1 acc 0.0412 eff 0.0101 outinratio 0.036 

VBFH126_4e_costhetastar_genbin0_recobin1 acc 0.0501 eff 0.0108 outinratio 0.0348 

WminusH126_4e_costhetastar_genbin0_recobin1 acc 0.0415 eff 0.0128 outinratio 0.0523 

WplusH126_4e_costhetastar_genbin0_recobin1 acc 0.0403 eff 0.0096 outinratio 0.1322 

ZH126_4e_costhetastar_genbin0_recobin1 acc 0.0403 eff 0.0182 outinratio 0.0822 

ttH126_4e_costhetastar_genbin0_recobin1 acc 0.037 eff 0.0117 outinratio 0.1691 

ggH126_4e_costhetastar_genbin1_recobin1 acc 0.0449 eff 0.2838 outinratio 0.036 

VBFH126_4e_costhetastar_genbin1_recobin1 acc 0.0543 eff 0.3477 outinratio 0.0348 

WminusH126_4e_costhetastar_genbin1_recobin1 acc 0.0437 eff 0.3236 outinratio 0.0523 

WplusH126_4e_costhetastar_genbin1_recobin1 acc 0.0361 eff 0.2737 outinratio 0.1322 

ZH126_4e_costhetastar_genbin1_recobin1 acc 0.0381 eff 0.3244 outinratio 0.0822 

ttH126_4e_costhetastar_genbin1_recobin1 acc 0.038 eff 0.3039 outinratio 0.1691 

ggH126_4e_costhetastar_genbin2_recobin1 acc 0.0498 eff 0.0148 outinratio 0.036 

VBFH126_4e_costhetastar_genbin2_recobin1 acc 0.0579 eff 0.0253 outinratio 0.0348 

WminusH126_4e_costhetastar_genbin2_recobin1 acc 0.0451 eff 0.0196 outinratio 0.0523 

WplusH126_4e_costhetastar_genbin2_recobin1 acc 0.0355 eff 0.0182 outinratio 0.1322 

ZH126_4e_costhetastar_genbin2_recobin1 acc 0.0438 eff 0.0252 outinratio 0.0822 

ttH126_4e_costhetastar_genbin2_recobin1 acc 0.0418 eff 0.0133 outinratio 0.1691 

ggH126_4e_costhetastar_genbin3_recobin1 acc 0.0521 eff 0.0 outinratio 0.036 

VBFH126_4e_costhetastar_genbin3_recobin1 acc 0.0577 eff 0.0 outinratio 0.0348 

WminusH126_4e_costhetastar_genbin3_recobin1 acc 0.0433 eff 0.0023 outinratio 0.0523 

WplusH126_4e_costhetastar_genbin3_recobin1 acc 0.0401 eff 0.0033 outinratio 0.1322 

ZH126_4e_costhetastar_genbin3_recobin1 acc 0.0434 eff 0.0034 outinratio 0.0822 

ttH126_4e_costhetastar_genbin3_recobin1 acc 0.0418 eff 0.0 outinratio 0.1691 

ggH126_4e_costhetastar_genbin4_recobin1 acc 0.0471 eff 0.0 outinratio 0.036 

VBFH126_4e_costhetastar_genbin4_recobin1 acc 0.0575 eff 0.0 outinratio 0.0348 

WminusH126_4e_costhetastar_genbin4_recobin1 acc 0.0459 eff 0.001 outinratio 0.0523 

WplusH126_4e_costhetastar_genbin4_recobin1 acc 0.0372 eff 0.0 outinratio 0.1322 

ZH126_4e_costhetastar_genbin4_recobin1 acc 0.0396 eff 0.0 outinratio 0.0822 

ttH126_4e_costhetastar_genbin4_recobin1 acc 0.0418 eff 0.0 outinratio 0.1691 

ggH126_4e_costhetastar_genbin5_recobin1 acc 0.0493 eff 0.0 outinratio 0.036 

VBFH126_4e_costhetastar_genbin5_recobin1 acc 0.0552 eff 0.0 outinratio 0.0348 

WminusH126_4e_costhetastar_genbin5_recobin1 acc 0.0417 eff 0.0 outinratio 0.0523 

WplusH126_4e_costhetastar_genbin5_recobin1 acc 0.0381 eff 0.0096 outinratio 0.1322 

ZH126_4e_costhetastar_genbin5_recobin1 acc 0.0393 eff 0.0 outinratio 0.0822 

ttH126_4e_costhetastar_genbin5_recobin1 acc 0.0377 eff 0.0 outinratio 0.1691 

ggH126_4e_costhetastar_genbin6_recobin1 acc 0.0502 eff 0.0021 outinratio 0.036 

VBFH126_4e_costhetastar_genbin6_recobin1 acc 0.0526 eff 0.0013 outinratio 0.0348 

WminusH126_4e_costhetastar_genbin6_recobin1 acc 0.0418 eff 0.0009 outinratio 0.0523 

WplusH126_4e_costhetastar_genbin6_recobin1 acc 0.0359 eff 0.0 outinratio 0.1322 

ZH126_4e_costhetastar_genbin6_recobin1 acc 0.0442 eff 0.0 outinratio 0.0822 

ttH126_4e_costhetastar_genbin6_recobin1 acc 0.0407 eff 0.0009 outinratio 0.1691 

ggH126_4e_costhetastar_genbin7_recobin1 acc 0.0446 eff 0.0 outinratio 0.036 

VBFH126_4e_costhetastar_genbin7_recobin1 acc 0.0513 eff 0.0 outinratio 0.0348 

WminusH126_4e_costhetastar_genbin7_recobin1 acc 0.041 eff 0.0 outinratio 0.0523 

WplusH126_4e_costhetastar_genbin7_recobin1 acc 0.0392 eff 0.0 outinratio 0.1322 

ZH126_4e_costhetastar_genbin7_recobin1 acc 0.0422 eff 0.0 outinratio 0.0822 

ttH126_4e_costhetastar_genbin7_recobin1 acc 0.0371 eff 0.0005 outinratio 0.1691 

ggH126_4e_costhetastar_genbin0_recobin2 acc 0.0412 eff 0.0 outinratio 0.0488 

VBFH126_4e_costhetastar_genbin0_recobin2 acc 0.0501 eff 0.0 outinratio 0.0205 

WminusH126_4e_costhetastar_genbin0_recobin2 acc 0.0415 eff 0.0021 outinratio 0.0521 

WplusH126_4e_costhetastar_genbin0_recobin2 acc 0.0403 eff 0.0 outinratio 0.0198 

ZH126_4e_costhetastar_genbin0_recobin2 acc 0.0403 eff 0.0 outinratio 0.0931 

ttH126_4e_costhetastar_genbin0_recobin2 acc 0.037 eff 0.0 outinratio 0.2224 

ggH126_4e_costhetastar_genbin1_recobin2 acc 0.0449 eff 0.0138 outinratio 0.0488 

VBFH126_4e_costhetastar_genbin1_recobin2 acc 0.0543 eff 0.0113 outinratio 0.0205 

WminusH126_4e_costhetastar_genbin1_recobin2 acc 0.0437 eff 0.0166 outinratio 0.0521 

WplusH126_4e_costhetastar_genbin1_recobin2 acc 0.0361 eff 0.0243 outinratio 0.0198 

ZH126_4e_costhetastar_genbin1_recobin2 acc 0.0381 eff 0.0181 outinratio 0.0931 

ttH126_4e_costhetastar_genbin1_recobin2 acc 0.038 eff 0.0268 outinratio 0.2224 

ggH126_4e_costhetastar_genbin2_recobin2 acc 0.0498 eff 0.3015 outinratio 0.0488 

VBFH126_4e_costhetastar_genbin2_recobin2 acc 0.0579 eff 0.2962 outinratio 0.0205 

WminusH126_4e_costhetastar_genbin2_recobin2 acc 0.0451 eff 0.2801 outinratio 0.0521 

WplusH126_4e_costhetastar_genbin2_recobin2 acc 0.0355 eff 0.2625 outinratio 0.0198 

ZH126_4e_costhetastar_genbin2_recobin2 acc 0.0438 eff 0.32 outinratio 0.0931 

ttH126_4e_costhetastar_genbin2_recobin2 acc 0.0418 eff 0.2945 outinratio 0.2224 

ggH126_4e_costhetastar_genbin3_recobin2 acc 0.0521 eff 0.0176 outinratio 0.0488 

VBFH126_4e_costhetastar_genbin3_recobin2 acc 0.0577 eff 0.0215 outinratio 0.0205 

WminusH126_4e_costhetastar_genbin3_recobin2 acc 0.0433 eff 0.0298 outinratio 0.0521 

WplusH126_4e_costhetastar_genbin3_recobin2 acc 0.0401 eff 0.018 outinratio 0.0198 

ZH126_4e_costhetastar_genbin3_recobin2 acc 0.0434 eff 0.0286 outinratio 0.0931 

ttH126_4e_costhetastar_genbin3_recobin2 acc 0.0418 eff 0.0213 outinratio 0.2224 

ggH126_4e_costhetastar_genbin4_recobin2 acc 0.0471 eff 0.0 outinratio 0.0488 

VBFH126_4e_costhetastar_genbin4_recobin2 acc 0.0575 eff 0.0016 outinratio 0.0205 

WminusH126_4e_costhetastar_genbin4_recobin2 acc 0.0459 eff 0.0009 outinratio 0.0521 

WplusH126_4e_costhetastar_genbin4_recobin2 acc 0.0372 eff 0.0 outinratio 0.0198 

ZH126_4e_costhetastar_genbin4_recobin2 acc 0.0396 eff 0.0029 outinratio 0.0931 

ttH126_4e_costhetastar_genbin4_recobin2 acc 0.0418 eff 0.0 outinratio 0.2224 

ggH126_4e_costhetastar_genbin5_recobin2 acc 0.0493 eff 0.0 outinratio 0.0488 

VBFH126_4e_costhetastar_genbin5_recobin2 acc 0.0552 eff 0.003 outinratio 0.0205 

WminusH126_4e_costhetastar_genbin5_recobin2 acc 0.0417 eff 0.0032 outinratio 0.0521 

WplusH126_4e_costhetastar_genbin5_recobin2 acc 0.0381 eff 0.0 outinratio 0.0198 

ZH126_4e_costhetastar_genbin5_recobin2 acc 0.0393 eff 0.0009 outinratio 0.0931 

ttH126_4e_costhetastar_genbin5_recobin2 acc 0.0377 eff 0.0 outinratio 0.2224 

ggH126_4e_costhetastar_genbin6_recobin2 acc 0.0502 eff 0.0 outinratio 0.0488 

VBFH126_4e_costhetastar_genbin6_recobin2 acc 0.0526 eff 0.0 outinratio 0.0205 

WminusH126_4e_costhetastar_genbin6_recobin2 acc 0.0418 eff 0.0007 outinratio 0.0521 

WplusH126_4e_costhetastar_genbin6_recobin2 acc 0.0359 eff 0.0 outinratio 0.0198 

ZH126_4e_costhetastar_genbin6_recobin2 acc 0.0442 eff 0.0016 outinratio 0.0931 

ttH126_4e_costhetastar_genbin6_recobin2 acc 0.0407 eff 0.0019 outinratio 0.2224 

ggH126_4e_costhetastar_genbin7_recobin2 acc 0.0446 eff 0.0 outinratio 0.0488 

VBFH126_4e_costhetastar_genbin7_recobin2 acc 0.0513 eff 0.0 outinratio 0.0205 

WminusH126_4e_costhetastar_genbin7_recobin2 acc 0.041 eff 0.0 outinratio 0.0521 

WplusH126_4e_costhetastar_genbin7_recobin2 acc 0.0392 eff 0.0 outinratio 0.0198 

ZH126_4e_costhetastar_genbin7_recobin2 acc 0.0422 eff 0.001 outinratio 0.0931 

ttH126_4e_costhetastar_genbin7_recobin2 acc 0.0371 eff 0.0 outinratio 0.2224 

ggH126_4e_costhetastar_genbin0_recobin3 acc 0.0412 eff 0.0 outinratio 0.0775 

VBFH126_4e_costhetastar_genbin0_recobin3 acc 0.0501 eff 0.0 outinratio 0.0407 

WminusH126_4e_costhetastar_genbin0_recobin3 acc 0.0415 eff 0.0003 outinratio 0.0759 

WplusH126_4e_costhetastar_genbin0_recobin3 acc 0.0403 eff 0.0 outinratio 0.1115 

ZH126_4e_costhetastar_genbin0_recobin3 acc 0.0403 eff 0.0 outinratio 0.071 

ttH126_4e_costhetastar_genbin0_recobin3 acc 0.037 eff 0.0 outinratio 0.2323 

ggH126_4e_costhetastar_genbin1_recobin3 acc 0.0449 eff 0.0 outinratio 0.0775 

VBFH126_4e_costhetastar_genbin1_recobin3 acc 0.0543 eff 0.0015 outinratio 0.0407 

WminusH126_4e_costhetastar_genbin1_recobin3 acc 0.0437 eff 0.0 outinratio 0.0759 

WplusH126_4e_costhetastar_genbin1_recobin3 acc 0.0361 eff 0.0 outinratio 0.1115 

ZH126_4e_costhetastar_genbin1_recobin3 acc 0.0381 eff 0.0 outinratio 0.071 

ttH126_4e_costhetastar_genbin1_recobin3 acc 0.038 eff 0.0014 outinratio 0.2323 

ggH126_4e_costhetastar_genbin2_recobin3 acc 0.0498 eff 0.0255 outinratio 0.0775 

VBFH126_4e_costhetastar_genbin2_recobin3 acc 0.0579 eff 0.027 outinratio 0.0407 

WminusH126_4e_costhetastar_genbin2_recobin3 acc 0.0451 eff 0.0252 outinratio 0.0759 

WplusH126_4e_costhetastar_genbin2_recobin3 acc 0.0355 eff 0.0601 outinratio 0.1115 

ZH126_4e_costhetastar_genbin2_recobin3 acc 0.0438 eff 0.0194 outinratio 0.071 

ttH126_4e_costhetastar_genbin2_recobin3 acc 0.0418 eff 0.017 outinratio 0.2323 

ggH126_4e_costhetastar_genbin3_recobin3 acc 0.0521 eff 0.3074 outinratio 0.0775 

VBFH126_4e_costhetastar_genbin3_recobin3 acc 0.0577 eff 0.3165 outinratio 0.0407 

WminusH126_4e_costhetastar_genbin3_recobin3 acc 0.0433 eff 0.2774 outinratio 0.0759 

WplusH126_4e_costhetastar_genbin3_recobin3 acc 0.0401 eff 0.3354 outinratio 0.1115 

ZH126_4e_costhetastar_genbin3_recobin3 acc 0.0434 eff 0.2707 outinratio 0.071 

ttH126_4e_costhetastar_genbin3_recobin3 acc 0.0418 eff 0.3226 outinratio 0.2323 

ggH126_4e_costhetastar_genbin4_recobin3 acc 0.0471 eff 0.0273 outinratio 0.0775 

VBFH126_4e_costhetastar_genbin4_recobin3 acc 0.0575 eff 0.0239 outinratio 0.0407 

WminusH126_4e_costhetastar_genbin4_recobin3 acc 0.0459 eff 0.0299 outinratio 0.0759 

WplusH126_4e_costhetastar_genbin4_recobin3 acc 0.0372 eff 0.0384 outinratio 0.1115 

ZH126_4e_costhetastar_genbin4_recobin3 acc 0.0396 eff 0.0347 outinratio 0.071 

ttH126_4e_costhetastar_genbin4_recobin3 acc 0.0418 eff 0.0174 outinratio 0.2323 

ggH126_4e_costhetastar_genbin5_recobin3 acc 0.0493 eff 0.0 outinratio 0.0775 

VBFH126_4e_costhetastar_genbin5_recobin3 acc 0.0552 eff 0.0081 outinratio 0.0407 

WminusH126_4e_costhetastar_genbin5_recobin3 acc 0.0417 eff 0.0013 outinratio 0.0759 

WplusH126_4e_costhetastar_genbin5_recobin3 acc 0.0381 eff 0.0 outinratio 0.1115 

ZH126_4e_costhetastar_genbin5_recobin3 acc 0.0393 eff 0.0 outinratio 0.071 

ttH126_4e_costhetastar_genbin5_recobin3 acc 0.0377 eff 0.0 outinratio 0.2323 

ggH126_4e_costhetastar_genbin6_recobin3 acc 0.0502 eff 0.0 outinratio 0.0775 

VBFH126_4e_costhetastar_genbin6_recobin3 acc 0.0526 eff 0.0 outinratio 0.0407 

WminusH126_4e_costhetastar_genbin6_recobin3 acc 0.0418 eff 0.0 outinratio 0.0759 

WplusH126_4e_costhetastar_genbin6_recobin3 acc 0.0359 eff 0.0 outinratio 0.1115 

ZH126_4e_costhetastar_genbin6_recobin3 acc 0.0442 eff 0.0 outinratio 0.071 

ttH126_4e_costhetastar_genbin6_recobin3 acc 0.0407 eff 0.0 outinratio 0.2323 

ggH126_4e_costhetastar_genbin7_recobin3 acc 0.0446 eff 0.0 outinratio 0.0775 

VBFH126_4e_costhetastar_genbin7_recobin3 acc 0.0513 eff 0.0013 outinratio 0.0407 

WminusH126_4e_costhetastar_genbin7_recobin3 acc 0.041 eff 0.0006 outinratio 0.0759 

WplusH126_4e_costhetastar_genbin7_recobin3 acc 0.0392 eff 0.0 outinratio 0.1115 

ZH126_4e_costhetastar_genbin7_recobin3 acc 0.0422 eff 0.0 outinratio 0.071 

ttH126_4e_costhetastar_genbin7_recobin3 acc 0.0371 eff 0.0 outinratio 0.2323 

ggH126_4e_costhetastar_genbin0_recobin4 acc 0.0412 eff 0.0036 outinratio 0.0846 

VBFH126_4e_costhetastar_genbin0_recobin4 acc 0.0501 eff 0.0005 outinratio 0.0621 

WminusH126_4e_costhetastar_genbin0_recobin4 acc 0.0415 eff 0.0007 outinratio 0.0819 

WplusH126_4e_costhetastar_genbin0_recobin4 acc 0.0403 eff 0.0 outinratio 0.0941 

ZH126_4e_costhetastar_genbin0_recobin4 acc 0.0403 eff 0.0 outinratio 0.0472 

ttH126_4e_costhetastar_genbin0_recobin4 acc 0.037 eff 0.0 outinratio 0.2374 

ggH126_4e_costhetastar_genbin1_recobin4 acc 0.0449 eff 0.0 outinratio 0.0846 

VBFH126_4e_costhetastar_genbin1_recobin4 acc 0.0543 eff 0.0 outinratio 0.0621 

WminusH126_4e_costhetastar_genbin1_recobin4 acc 0.0437 eff 0.0027 outinratio 0.0819 

WplusH126_4e_costhetastar_genbin1_recobin4 acc 0.0361 eff 0.0 outinratio 0.0941 

ZH126_4e_costhetastar_genbin1_recobin4 acc 0.0381 eff 0.0 outinratio 0.0472 

ttH126_4e_costhetastar_genbin1_recobin4 acc 0.038 eff 0.0005 outinratio 0.2374 

ggH126_4e_costhetastar_genbin2_recobin4 acc 0.0498 eff 0.0018 outinratio 0.0846 

VBFH126_4e_costhetastar_genbin2_recobin4 acc 0.0579 eff 0.0 outinratio 0.0621 

WminusH126_4e_costhetastar_genbin2_recobin4 acc 0.0451 eff 0.0015 outinratio 0.0819 

WplusH126_4e_costhetastar_genbin2_recobin4 acc 0.0355 eff 0.0 outinratio 0.0941 

ZH126_4e_costhetastar_genbin2_recobin4 acc 0.0438 eff 0.0 outinratio 0.0472 

ttH126_4e_costhetastar_genbin2_recobin4 acc 0.0418 eff 0.0 outinratio 0.2374 

ggH126_4e_costhetastar_genbin3_recobin4 acc 0.0521 eff 0.029 outinratio 0.0846 

VBFH126_4e_costhetastar_genbin3_recobin4 acc 0.0577 eff 0.0204 outinratio 0.0621 

WminusH126_4e_costhetastar_genbin3_recobin4 acc 0.0433 eff 0.0296 outinratio 0.0819 

WplusH126_4e_costhetastar_genbin3_recobin4 acc 0.0401 eff 0.0225 outinratio 0.0941 

ZH126_4e_costhetastar_genbin3_recobin4 acc 0.0434 eff 0.0195 outinratio 0.0472 

ttH126_4e_costhetastar_genbin3_recobin4 acc 0.0418 eff 0.024 outinratio 0.2374 

ggH126_4e_costhetastar_genbin4_recobin4 acc 0.0471 eff 0.2974 outinratio 0.0846 

VBFH126_4e_costhetastar_genbin4_recobin4 acc 0.0575 eff 0.3457 outinratio 0.0621 

WminusH126_4e_costhetastar_genbin4_recobin4 acc 0.0459 eff 0.2965 outinratio 0.0819 

WplusH126_4e_costhetastar_genbin4_recobin4 acc 0.0372 eff 0.3831 outinratio 0.0941 

ZH126_4e_costhetastar_genbin4_recobin4 acc 0.0396 eff 0.3013 outinratio 0.0472 

ttH126_4e_costhetastar_genbin4_recobin4 acc 0.0418 eff 0.3059 outinratio 0.2374 

ggH126_4e_costhetastar_genbin5_recobin4 acc 0.0493 eff 0.0131 outinratio 0.0846 

VBFH126_4e_costhetastar_genbin5_recobin4 acc 0.0552 eff 0.019 outinratio 0.0621 

WminusH126_4e_costhetastar_genbin5_recobin4 acc 0.0417 eff 0.0158 outinratio 0.0819 

WplusH126_4e_costhetastar_genbin5_recobin4 acc 0.0381 eff 0.0184 outinratio 0.0941 

ZH126_4e_costhetastar_genbin5_recobin4 acc 0.0393 eff 0.0264 outinratio 0.0472 

ttH126_4e_costhetastar_genbin5_recobin4 acc 0.0377 eff 0.0184 outinratio 0.2374 

ggH126_4e_costhetastar_genbin6_recobin4 acc 0.0502 eff 0.0 outinratio 0.0846 

VBFH126_4e_costhetastar_genbin6_recobin4 acc 0.0526 eff 0.0042 outinratio 0.0621 

WminusH126_4e_costhetastar_genbin6_recobin4 acc 0.0418 eff 0.0014 outinratio 0.0819 

WplusH126_4e_costhetastar_genbin6_recobin4 acc 0.0359 eff 0.0047 outinratio 0.0941 

ZH126_4e_costhetastar_genbin6_recobin4 acc 0.0442 eff 0.0032 outinratio 0.0472 

ttH126_4e_costhetastar_genbin6_recobin4 acc 0.0407 eff 0.0057 outinratio 0.2374 

ggH126_4e_costhetastar_genbin7_recobin4 acc 0.0446 eff 0.0 outinratio 0.0846 

VBFH126_4e_costhetastar_genbin7_recobin4 acc 0.0513 eff 0.0046 outinratio 0.0621 

WminusH126_4e_costhetastar_genbin7_recobin4 acc 0.041 eff -0.0016 outinratio 0.0819 

WplusH126_4e_costhetastar_genbin7_recobin4 acc 0.0392 eff 0.0 outinratio 0.0941 

ZH126_4e_costhetastar_genbin7_recobin4 acc 0.0422 eff 0.0 outinratio 0.0472 

ttH126_4e_costhetastar_genbin7_recobin4 acc 0.0371 eff 0.0 outinratio 0.2374 

ggH126_4e_costhetastar_genbin0_recobin5 acc 0.0412 eff 0.0 outinratio 0.0397 

VBFH126_4e_costhetastar_genbin0_recobin5 acc 0.0501 eff 0.0 outinratio 0.0141 

WminusH126_4e_costhetastar_genbin0_recobin5 acc 0.0415 eff 0.0007 outinratio 0.0659 

WplusH126_4e_costhetastar_genbin0_recobin5 acc 0.0403 eff 0.0 outinratio 0.0833 

ZH126_4e_costhetastar_genbin0_recobin5 acc 0.0403 eff 0.0 outinratio 0.0652 

ttH126_4e_costhetastar_genbin0_recobin5 acc 0.037 eff 0.0 outinratio 0.1801 

ggH126_4e_costhetastar_genbin1_recobin5 acc 0.0449 eff 0.0007 outinratio 0.0397 

VBFH126_4e_costhetastar_genbin1_recobin5 acc 0.0543 eff 0.0006 outinratio 0.0141 

WminusH126_4e_costhetastar_genbin1_recobin5 acc 0.0437 eff 0.0 outinratio 0.0659 

WplusH126_4e_costhetastar_genbin1_recobin5 acc 0.0361 eff 0.0 outinratio 0.0833 

ZH126_4e_costhetastar_genbin1_recobin5 acc 0.0381 eff 0.0 outinratio 0.0652 

ttH126_4e_costhetastar_genbin1_recobin5 acc 0.038 eff 0.0 outinratio 0.1801 

ggH126_4e_costhetastar_genbin2_recobin5 acc 0.0498 eff 0.0 outinratio 0.0397 

VBFH126_4e_costhetastar_genbin2_recobin5 acc 0.0579 eff 0.0018 outinratio 0.0141 

WminusH126_4e_costhetastar_genbin2_recobin5 acc 0.0451 eff 0.0002 outinratio 0.0659 

WplusH126_4e_costhetastar_genbin2_recobin5 acc 0.0355 eff 0.0109 outinratio 0.0833 

ZH126_4e_costhetastar_genbin2_recobin5 acc 0.0438 eff 0.0 outinratio 0.0652 

ttH126_4e_costhetastar_genbin2_recobin5 acc 0.0418 eff 0.0053 outinratio 0.1801 

ggH126_4e_costhetastar_genbin3_recobin5 acc 0.0521 eff 0.0041 outinratio 0.0397 

VBFH126_4e_costhetastar_genbin3_recobin5 acc 0.0577 eff 0.0 outinratio 0.0141 

WminusH126_4e_costhetastar_genbin3_recobin5 acc 0.0433 eff 0.0007 outinratio 0.0659 

WplusH126_4e_costhetastar_genbin3_recobin5 acc 0.0401 eff 0.0 outinratio 0.0833 

ZH126_4e_costhetastar_genbin3_recobin5 acc 0.0434 eff 0.0009 outinratio 0.0652 

ttH126_4e_costhetastar_genbin3_recobin5 acc 0.0418 eff 0.0019 outinratio 0.1801 

ggH126_4e_costhetastar_genbin4_recobin5 acc 0.0471 eff 0.0413 outinratio 0.0397 

VBFH126_4e_costhetastar_genbin4_recobin5 acc 0.0575 eff 0.0254 outinratio 0.0141 

WminusH126_4e_costhetastar_genbin4_recobin5 acc 0.0459 eff 0.0275 outinratio 0.0659 

WplusH126_4e_costhetastar_genbin4_recobin5 acc 0.0372 eff 0.0082 outinratio 0.0833 

ZH126_4e_costhetastar_genbin4_recobin5 acc 0.0396 eff 0.0128 outinratio 0.0652 

ttH126_4e_costhetastar_genbin4_recobin5 acc 0.0418 eff 0.0349 outinratio 0.1801 

ggH126_4e_costhetastar_genbin5_recobin5 acc 0.0493 eff 0.3131 outinratio 0.0397 

VBFH126_4e_costhetastar_genbin5_recobin5 acc 0.0552 eff 0.2982 outinratio 0.0141 

WminusH126_4e_costhetastar_genbin5_recobin5 acc 0.0417 eff 0.3157 outinratio 0.0659 

WplusH126_4e_costhetastar_genbin5_recobin5 acc 0.0381 eff 0.2814 outinratio 0.0833 

ZH126_4e_costhetastar_genbin5_recobin5 acc 0.0393 eff 0.3196 outinratio 0.0652 

ttH126_4e_costhetastar_genbin5_recobin5 acc 0.0377 eff 0.3183 outinratio 0.1801 

ggH126_4e_costhetastar_genbin6_recobin5 acc 0.0502 eff 0.0096 outinratio 0.0397 

VBFH126_4e_costhetastar_genbin6_recobin5 acc 0.0526 eff 0.0112 outinratio 0.0141 

WminusH126_4e_costhetastar_genbin6_recobin5 acc 0.0418 eff 0.023 outinratio 0.0659 

WplusH126_4e_costhetastar_genbin6_recobin5 acc 0.0359 eff 0.0321 outinratio 0.0833 

ZH126_4e_costhetastar_genbin6_recobin5 acc 0.0442 eff 0.0269 outinratio 0.0652 

ttH126_4e_costhetastar_genbin6_recobin5 acc 0.0407 eff 0.0121 outinratio 0.1801 

ggH126_4e_costhetastar_genbin7_recobin5 acc 0.0446 eff 0.0013 outinratio 0.0397 

VBFH126_4e_costhetastar_genbin7_recobin5 acc 0.0513 eff 0.0011 outinratio 0.0141 

WminusH126_4e_costhetastar_genbin7_recobin5 acc 0.041 eff 0.0007 outinratio 0.0659 

WplusH126_4e_costhetastar_genbin7_recobin5 acc 0.0392 eff 0.0 outinratio 0.0833 

ZH126_4e_costhetastar_genbin7_recobin5 acc 0.0422 eff 0.0 outinratio 0.0652 

ttH126_4e_costhetastar_genbin7_recobin5 acc 0.0371 eff -0.0009 outinratio 0.1801 

ggH126_4e_costhetastar_genbin0_recobin6 acc 0.0412 eff 0.0 outinratio 0.027 

VBFH126_4e_costhetastar_genbin0_recobin6 acc 0.0501 eff 0.0 outinratio 0.0337 

WminusH126_4e_costhetastar_genbin0_recobin6 acc 0.0415 eff 0.0 outinratio 0.0869 

WplusH126_4e_costhetastar_genbin0_recobin6 acc 0.0403 eff 0.0079 outinratio 0.0446 

ZH126_4e_costhetastar_genbin0_recobin6 acc 0.0403 eff 0.0 outinratio 0.0529 

ttH126_4e_costhetastar_genbin0_recobin6 acc 0.037 eff 0.0 outinratio 0.1334 

ggH126_4e_costhetastar_genbin1_recobin6 acc 0.0449 eff 0.0033 outinratio 0.027 

VBFH126_4e_costhetastar_genbin1_recobin6 acc 0.0543 eff 0.0024 outinratio 0.0337 

WminusH126_4e_costhetastar_genbin1_recobin6 acc 0.0437 eff 0.0012 outinratio 0.0869 

WplusH126_4e_costhetastar_genbin1_recobin6 acc 0.0361 eff 0.0 outinratio 0.0446 

ZH126_4e_costhetastar_genbin1_recobin6 acc 0.0381 eff 0.004 outinratio 0.0529 

ttH126_4e_costhetastar_genbin1_recobin6 acc 0.038 eff 0.0023 outinratio 0.1334 

ggH126_4e_costhetastar_genbin2_recobin6 acc 0.0498 eff 0.0 outinratio 0.027 

VBFH126_4e_costhetastar_genbin2_recobin6 acc 0.0579 eff 0.001 outinratio 0.0337 

WminusH126_4e_costhetastar_genbin2_recobin6 acc 0.0451 eff 0.0 outinratio 0.0869 

WplusH126_4e_costhetastar_genbin2_recobin6 acc 0.0355 eff 0.0 outinratio 0.0446 

ZH126_4e_costhetastar_genbin2_recobin6 acc 0.0438 eff 0.0 outinratio 0.0529 

ttH126_4e_costhetastar_genbin2_recobin6 acc 0.0418 eff 0.0014 outinratio 0.1334 

ggH126_4e_costhetastar_genbin3_recobin6 acc 0.0521 eff 0.0005 outinratio 0.027 

VBFH126_4e_costhetastar_genbin3_recobin6 acc 0.0577 eff 0.0 outinratio 0.0337 

WminusH126_4e_costhetastar_genbin3_recobin6 acc 0.0433 eff 0.0014 outinratio 0.0869 

WplusH126_4e_costhetastar_genbin3_recobin6 acc 0.0401 eff 0.0034 outinratio 0.0446 

ZH126_4e_costhetastar_genbin3_recobin6 acc 0.0434 eff 0.0 outinratio 0.0529 

ttH126_4e_costhetastar_genbin3_recobin6 acc 0.0418 eff 0.0007 outinratio 0.1334 

ggH126_4e_costhetastar_genbin4_recobin6 acc 0.0471 eff 0.0013 outinratio 0.027 

VBFH126_4e_costhetastar_genbin4_recobin6 acc 0.0575 eff 0.0 outinratio 0.0337 

WminusH126_4e_costhetastar_genbin4_recobin6 acc 0.0459 eff 0.0023 outinratio 0.0869 

WplusH126_4e_costhetastar_genbin4_recobin6 acc 0.0372 eff 0.0 outinratio 0.0446 

ZH126_4e_costhetastar_genbin4_recobin6 acc 0.0396 eff 0.0 outinratio 0.0529 

ttH126_4e_costhetastar_genbin4_recobin6 acc 0.0418 eff 0.0009 outinratio 0.1334 

ggH126_4e_costhetastar_genbin5_recobin6 acc 0.0493 eff 0.0335 outinratio 0.027 

VBFH126_4e_costhetastar_genbin5_recobin6 acc 0.0552 eff 0.0297 outinratio 0.0337 

WminusH126_4e_costhetastar_genbin5_recobin6 acc 0.0417 eff 0.0125 outinratio 0.0869 

WplusH126_4e_costhetastar_genbin5_recobin6 acc 0.0381 eff 0.0025 outinratio 0.0446 

ZH126_4e_costhetastar_genbin5_recobin6 acc 0.0393 eff 0.0161 outinratio 0.0529 

ttH126_4e_costhetastar_genbin5_recobin6 acc 0.0377 eff 0.0173 outinratio 0.1334 

ggH126_4e_costhetastar_genbin6_recobin6 acc 0.0502 eff 0.3283 outinratio 0.027 

VBFH126_4e_costhetastar_genbin6_recobin6 acc 0.0526 eff 0.3347 outinratio 0.0337 

WminusH126_4e_costhetastar_genbin6_recobin6 acc 0.0418 eff 0.2847 outinratio 0.0869 

WplusH126_4e_costhetastar_genbin6_recobin6 acc 0.0359 eff 0.3001 outinratio 0.0446 

ZH126_4e_costhetastar_genbin6_recobin6 acc 0.0442 eff 0.3326 outinratio 0.0529 

ttH126_4e_costhetastar_genbin6_recobin6 acc 0.0407 eff 0.292 outinratio 0.1334 

ggH126_4e_costhetastar_genbin7_recobin6 acc 0.0446 eff 0.0253 outinratio 0.027 

VBFH126_4e_costhetastar_genbin7_recobin6 acc 0.0513 eff 0.0171 outinratio 0.0337 

WminusH126_4e_costhetastar_genbin7_recobin6 acc 0.041 eff 0.0107 outinratio 0.0869 

WplusH126_4e_costhetastar_genbin7_recobin6 acc 0.0392 eff 0.0162 outinratio 0.0446 

ZH126_4e_costhetastar_genbin7_recobin6 acc 0.0422 eff 0.0183 outinratio 0.0529 

ttH126_4e_costhetastar_genbin7_recobin6 acc 0.0371 eff 0.0195 outinratio 0.1334 

ggH126_4e_costhetastar_genbin0_recobin7 acc 0.0412 eff 0.0 outinratio 0.0246 

VBFH126_4e_costhetastar_genbin0_recobin7 acc 0.0501 eff 0.0 outinratio 0.022 

WminusH126_4e_costhetastar_genbin0_recobin7 acc 0.0415 eff 0.0021 outinratio 0.0919 

WplusH126_4e_costhetastar_genbin0_recobin7 acc 0.0403 eff 0.0 outinratio 0.065 

ZH126_4e_costhetastar_genbin0_recobin7 acc 0.0403 eff 0.0 outinratio 0.0659 

ttH126_4e_costhetastar_genbin0_recobin7 acc 0.037 eff 0.0013 outinratio 0.193 

ggH126_4e_costhetastar_genbin1_recobin7 acc 0.0449 eff 0.0 outinratio 0.0246 

VBFH126_4e_costhetastar_genbin1_recobin7 acc 0.0543 eff 0.0 outinratio 0.022 

WminusH126_4e_costhetastar_genbin1_recobin7 acc 0.0437 eff 0.0009 outinratio 0.0919 

WplusH126_4e_costhetastar_genbin1_recobin7 acc 0.0361 eff 0.0 outinratio 0.065 

ZH126_4e_costhetastar_genbin1_recobin7 acc 0.0381 eff 0.0 outinratio 0.0659 

ttH126_4e_costhetastar_genbin1_recobin7 acc 0.038 eff 0.0 outinratio 0.193 

ggH126_4e_costhetastar_genbin2_recobin7 acc 0.0498 eff 0.0 outinratio 0.0246 

VBFH126_4e_costhetastar_genbin2_recobin7 acc 0.0579 eff 0.0 outinratio 0.022 

WminusH126_4e_costhetastar_genbin2_recobin7 acc 0.0451 eff 0.0 outinratio 0.0919 

WplusH126_4e_costhetastar_genbin2_recobin7 acc 0.0355 eff 0.0 outinratio 0.065 

ZH126_4e_costhetastar_genbin2_recobin7 acc 0.0438 eff 0.0 outinratio 0.0659 

ttH126_4e_costhetastar_genbin2_recobin7 acc 0.0418 eff 0.0 outinratio 0.193 

ggH126_4e_costhetastar_genbin3_recobin7 acc 0.0521 eff 0.0 outinratio 0.0246 

VBFH126_4e_costhetastar_genbin3_recobin7 acc 0.0577 eff 0.0 outinratio 0.022 

WminusH126_4e_costhetastar_genbin3_recobin7 acc 0.0433 eff 0.0 outinratio 0.0919 

WplusH126_4e_costhetastar_genbin3_recobin7 acc 0.0401 eff 0.0 outinratio 0.065 

ZH126_4e_costhetastar_genbin3_recobin7 acc 0.0434 eff 0.0019 outinratio 0.0659 

ttH126_4e_costhetastar_genbin3_recobin7 acc 0.0418 eff 0.0 outinratio 0.193 

ggH126_4e_costhetastar_genbin4_recobin7 acc 0.0471 eff 0.0 outinratio 0.0246 

VBFH126_4e_costhetastar_genbin4_recobin7 acc 0.0575 eff 0.0 outinratio 0.022 

WminusH126_4e_costhetastar_genbin4_recobin7 acc 0.0459 eff 0.0015 outinratio 0.0919 

WplusH126_4e_costhetastar_genbin4_recobin7 acc 0.0372 eff 0.0 outinratio 0.065 

ZH126_4e_costhetastar_genbin4_recobin7 acc 0.0396 eff 0.0 outinratio 0.0659 

ttH126_4e_costhetastar_genbin4_recobin7 acc 0.0418 eff 0.0053 outinratio 0.193 

ggH126_4e_costhetastar_genbin5_recobin7 acc 0.0493 eff 0.0069 outinratio 0.0246 

VBFH126_4e_costhetastar_genbin5_recobin7 acc 0.0552 eff 0.0 outinratio 0.022 

WminusH126_4e_costhetastar_genbin5_recobin7 acc 0.0417 eff 0.0 outinratio 0.0919 

WplusH126_4e_costhetastar_genbin5_recobin7 acc 0.0381 eff 0.0 outinratio 0.065 

ZH126_4e_costhetastar_genbin5_recobin7 acc 0.0393 eff 0.0 outinratio 0.0659 

ttH126_4e_costhetastar_genbin5_recobin7 acc 0.0377 eff 0.0 outinratio 0.193 

ggH126_4e_costhetastar_genbin6_recobin7 acc 0.0502 eff 0.0162 outinratio 0.0246 

VBFH126_4e_costhetastar_genbin6_recobin7 acc 0.0526 eff 0.0176 outinratio 0.022 

WminusH126_4e_costhetastar_genbin6_recobin7 acc 0.0418 eff 0.0076 outinratio 0.0919 

WplusH126_4e_costhetastar_genbin6_recobin7 acc 0.0359 eff 0.0195 outinratio 0.065 

ZH126_4e_costhetastar_genbin6_recobin7 acc 0.0442 eff 0.012 outinratio 0.0659 

ttH126_4e_costhetastar_genbin6_recobin7 acc 0.0407 eff 0.0147 outinratio 0.193 

ggH126_4e_costhetastar_genbin7_recobin7 acc 0.0446 eff 0.3183 outinratio 0.0246 

VBFH126_4e_costhetastar_genbin7_recobin7 acc 0.0513 eff 0.3453 outinratio 0.022 

WminusH126_4e_costhetastar_genbin7_recobin7 acc 0.041 eff 0.3016 outinratio 0.0919 

WplusH126_4e_costhetastar_genbin7_recobin7 acc 0.0392 eff 0.2876 outinratio 0.065 

ZH126_4e_costhetastar_genbin7_recobin7 acc 0.0422 eff 0.3387 outinratio 0.0659 

ttH126_4e_costhetastar_genbin7_recobin7 acc 0.0371 eff 0.3103 outinratio 0.193 

ggH126_4mu_costhetastar_genbin0_recobin0 acc 0.0515 eff 0.7972 outinratio 0.0376 

VBFH126_4mu_costhetastar_genbin0_recobin0 acc 0.0581 eff 0.788 outinratio 0.0454 

WminusH126_4mu_costhetastar_genbin0_recobin0 acc 0.0502 eff 0.7838 outinratio 0.0681 

WplusH126_4mu_costhetastar_genbin0_recobin0 acc 0.0384 eff 0.8419 outinratio 0.1022 

ZH126_4mu_costhetastar_genbin0_recobin0 acc 0.046 eff 0.7768 outinratio 0.0595 

ttH126_4mu_costhetastar_genbin0_recobin0 acc 0.0421 eff 0.7929 outinratio 0.172 

ggH126_4mu_costhetastar_genbin1_recobin0 acc 0.0538 eff 0.0216 outinratio 0.0376 

VBFH126_4mu_costhetastar_genbin1_recobin0 acc 0.0565 eff 0.0191 outinratio 0.0454 

WminusH126_4mu_costhetastar_genbin1_recobin0 acc 0.048 eff 0.0161 outinratio 0.0681 

WplusH126_4mu_costhetastar_genbin1_recobin0 acc 0.041 eff 0.0056 outinratio 0.1022 

ZH126_4mu_costhetastar_genbin1_recobin0 acc 0.0429 eff 0.01 outinratio 0.0595 

ttH126_4mu_costhetastar_genbin1_recobin0 acc 0.0417 eff 0.0069 outinratio 0.172 

ggH126_4mu_costhetastar_genbin2_recobin0 acc 0.055 eff 0.0 outinratio 0.0376 

VBFH126_4mu_costhetastar_genbin2_recobin0 acc 0.0667 eff 0.0 outinratio 0.0454 

WminusH126_4mu_costhetastar_genbin2_recobin0 acc 0.048 eff 0.0037 outinratio 0.0681 

WplusH126_4mu_costhetastar_genbin2_recobin0 acc 0.0414 eff 0.0 outinratio 0.1022 

ZH126_4mu_costhetastar_genbin2_recobin0 acc 0.0475 eff 0.0036 outinratio 0.0595 

ttH126_4mu_costhetastar_genbin2_recobin0 acc 0.0453 eff 0.0037 outinratio 0.172 

ggH126_4mu_costhetastar_genbin3_recobin0 acc 0.0521 eff 0.0 outinratio 0.0376 

VBFH126_4mu_costhetastar_genbin3_recobin0 acc 0.0573 eff 0.0 outinratio 0.0454 

WminusH126_4mu_costhetastar_genbin3_recobin0 acc 0.0442 eff 0.0015 outinratio 0.0681 

WplusH126_4mu_costhetastar_genbin3_recobin0 acc 0.0412 eff 0.0 outinratio 0.1022 

ZH126_4mu_costhetastar_genbin3_recobin0 acc 0.0492 eff 0.0 outinratio 0.0595 

ttH126_4mu_costhetastar_genbin3_recobin0 acc 0.0415 eff 0.0 outinratio 0.172 

ggH126_4mu_costhetastar_genbin4_recobin0 acc 0.0591 eff 0.0 outinratio 0.0376 

VBFH126_4mu_costhetastar_genbin4_recobin0 acc 0.0608 eff 0.0012 outinratio 0.0454 

WminusH126_4mu_costhetastar_genbin4_recobin0 acc 0.0501 eff 0.0 outinratio 0.0681 

WplusH126_4mu_costhetastar_genbin4_recobin0 acc 0.0433 eff 0.0 outinratio 0.1022 

ZH126_4mu_costhetastar_genbin4_recobin0 acc 0.0434 eff 0.0 outinratio 0.0595 

ttH126_4mu_costhetastar_genbin4_recobin0 acc 0.0441 eff 0.0009 outinratio 0.172 

ggH126_4mu_costhetastar_genbin5_recobin0 acc 0.0553 eff 0.0 outinratio 0.0376 

VBFH126_4mu_costhetastar_genbin5_recobin0 acc 0.0641 eff 0.0019 outinratio 0.0454 

WminusH126_4mu_costhetastar_genbin5_recobin0 acc 0.0468 eff 0.0022 outinratio 0.0681 

WplusH126_4mu_costhetastar_genbin5_recobin0 acc 0.038 eff 0.0 outinratio 0.1022 

ZH126_4mu_costhetastar_genbin5_recobin0 acc 0.0456 eff 0.0 outinratio 0.0595 

ttH126_4mu_costhetastar_genbin5_recobin0 acc 0.0436 eff 0.0 outinratio 0.172 

ggH126_4mu_costhetastar_genbin6_recobin0 acc 0.0523 eff 0.0017 outinratio 0.0376 

VBFH126_4mu_costhetastar_genbin6_recobin0 acc 0.057 eff 0.0 outinratio 0.0454 

WminusH126_4mu_costhetastar_genbin6_recobin0 acc 0.0462 eff 0.0 outinratio 0.0681 

WplusH126_4mu_costhetastar_genbin6_recobin0 acc 0.0429 eff 0.0 outinratio 0.1022 

ZH126_4mu_costhetastar_genbin6_recobin0 acc 0.0474 eff 0.0 outinratio 0.0595 

ttH126_4mu_costhetastar_genbin6_recobin0 acc 0.0418 eff 0.0 outinratio 0.172 

ggH126_4mu_costhetastar_genbin7_recobin0 acc 0.0526 eff 0.0014 outinratio 0.0376 

VBFH126_4mu_costhetastar_genbin7_recobin0 acc 0.0628 eff 0.0032 outinratio 0.0454 

WminusH126_4mu_costhetastar_genbin7_recobin0 acc 0.0451 eff 0.0048 outinratio 0.0681 

WplusH126_4mu_costhetastar_genbin7_recobin0 acc 0.0422 eff 0.0 outinratio 0.1022 

ZH126_4mu_costhetastar_genbin7_recobin0 acc 0.0421 eff 0.0 outinratio 0.0595 

ttH126_4mu_costhetastar_genbin7_recobin0 acc 0.0445 eff 0.0026 outinratio 0.172 

ggH126_4mu_costhetastar_genbin0_recobin1 acc 0.0515 eff 0.0224 outinratio 0.0564 

VBFH126_4mu_costhetastar_genbin0_recobin1 acc 0.0581 eff 0.0088 outinratio 0.0309 

WminusH126_4mu_costhetastar_genbin0_recobin1 acc 0.0502 eff 0.0147 outinratio 0.0532 

WplusH126_4mu_costhetastar_genbin0_recobin1 acc 0.0384 eff 0.0535 outinratio 0.0846 

ZH126_4mu_costhetastar_genbin0_recobin1 acc 0.046 eff 0.0117 outinratio 0.0682 

ttH126_4mu_costhetastar_genbin0_recobin1 acc 0.0421 eff 0.0126 outinratio 0.1274 

ggH126_4mu_costhetastar_genbin1_recobin1 acc 0.0538 eff 0.751 outinratio 0.0564 

VBFH126_4mu_costhetastar_genbin1_recobin1 acc 0.0565 eff 0.7322 outinratio 0.0309 

WminusH126_4mu_costhetastar_genbin1_recobin1 acc 0.048 eff 0.7729 outinratio 0.0532 

WplusH126_4mu_costhetastar_genbin1_recobin1 acc 0.041 eff 0.7122 outinratio 0.0846 

ZH126_4mu_costhetastar_genbin1_recobin1 acc 0.0429 eff 0.8183 outinratio 0.0682 

ttH126_4mu_costhetastar_genbin1_recobin1 acc 0.0417 eff 0.8094 outinratio 0.1274 

ggH126_4mu_costhetastar_genbin2_recobin1 acc 0.055 eff 0.0103 outinratio 0.0564 

VBFH126_4mu_costhetastar_genbin2_recobin1 acc 0.0667 eff 0.0232 outinratio 0.0309 

WminusH126_4mu_costhetastar_genbin2_recobin1 acc 0.048 eff 0.0226 outinratio 0.0532 

WplusH126_4mu_costhetastar_genbin2_recobin1 acc 0.0414 eff 0.0302 outinratio 0.0846 

ZH126_4mu_costhetastar_genbin2_recobin1 acc 0.0475 eff 0.018 outinratio 0.0682 

ttH126_4mu_costhetastar_genbin2_recobin1 acc 0.0453 eff 0.0206 outinratio 0.1274 

ggH126_4mu_costhetastar_genbin3_recobin1 acc 0.0521 eff 0.0045 outinratio 0.0564 

VBFH126_4mu_costhetastar_genbin3_recobin1 acc 0.0573 eff 0.0 outinratio 0.0309 

WminusH126_4mu_costhetastar_genbin3_recobin1 acc 0.0442 eff 0.0014 outinratio 0.0532 

WplusH126_4mu_costhetastar_genbin3_recobin1 acc 0.0412 eff 0.0 outinratio 0.0846 

ZH126_4mu_costhetastar_genbin3_recobin1 acc 0.0492 eff 0.0 outinratio 0.0682 

ttH126_4mu_costhetastar_genbin3_recobin1 acc 0.0415 eff 0.0016 outinratio 0.1274 

ggH126_4mu_costhetastar_genbin4_recobin1 acc 0.0591 eff 0.0 outinratio 0.0564 

VBFH126_4mu_costhetastar_genbin4_recobin1 acc 0.0608 eff 0.0 outinratio 0.0309 

WminusH126_4mu_costhetastar_genbin4_recobin1 acc 0.0501 eff 0.0 outinratio 0.0532 

WplusH126_4mu_costhetastar_genbin4_recobin1 acc 0.0433 eff 0.0 outinratio 0.0846 

ZH126_4mu_costhetastar_genbin4_recobin1 acc 0.0434 eff 0.0 outinratio 0.0682 

ttH126_4mu_costhetastar_genbin4_recobin1 acc 0.0441 eff 0.0008 outinratio 0.1274 

ggH126_4mu_costhetastar_genbin5_recobin1 acc 0.0553 eff 0.0 outinratio 0.0564 

VBFH126_4mu_costhetastar_genbin5_recobin1 acc 0.0641 eff 0.0 outinratio 0.0309 

WminusH126_4mu_costhetastar_genbin5_recobin1 acc 0.0468 eff 0.0 outinratio 0.0532 

WplusH126_4mu_costhetastar_genbin5_recobin1 acc 0.038 eff 0.0 outinratio 0.0846 

ZH126_4mu_costhetastar_genbin5_recobin1 acc 0.0456 eff 0.0 outinratio 0.0682 

ttH126_4mu_costhetastar_genbin5_recobin1 acc 0.0436 eff 0.0 outinratio 0.1274 

ggH126_4mu_costhetastar_genbin6_recobin1 acc 0.0523 eff 0.0 outinratio 0.0564 

VBFH126_4mu_costhetastar_genbin6_recobin1 acc 0.057 eff 0.0021 outinratio 0.0309 

WminusH126_4mu_costhetastar_genbin6_recobin1 acc 0.0462 eff 0.0016 outinratio 0.0532 

WplusH126_4mu_costhetastar_genbin6_recobin1 acc 0.0429 eff 0.0 outinratio 0.0846 

ZH126_4mu_costhetastar_genbin6_recobin1 acc 0.0474 eff 0.0021 outinratio 0.0682 

ttH126_4mu_costhetastar_genbin6_recobin1 acc 0.0418 eff 0.0021 outinratio 0.1274 

ggH126_4mu_costhetastar_genbin7_recobin1 acc 0.0526 eff 0.0 outinratio 0.0564 

VBFH126_4mu_costhetastar_genbin7_recobin1 acc 0.0628 eff 0.0 outinratio 0.0309 

WminusH126_4mu_costhetastar_genbin7_recobin1 acc 0.0451 eff 0.0009 outinratio 0.0532 

WplusH126_4mu_costhetastar_genbin7_recobin1 acc 0.0422 eff 0.0 outinratio 0.0846 

ZH126_4mu_costhetastar_genbin7_recobin1 acc 0.0421 eff 0.0 outinratio 0.0682 

ttH126_4mu_costhetastar_genbin7_recobin1 acc 0.0445 eff 0.0 outinratio 0.1274 

ggH126_4mu_costhetastar_genbin0_recobin2 acc 0.0515 eff 0.0 outinratio 0.0599 

VBFH126_4mu_costhetastar_genbin0_recobin2 acc 0.0581 eff 0.0 outinratio 0.0392 

WminusH126_4mu_costhetastar_genbin0_recobin2 acc 0.0502 eff 0.0 outinratio 0.0696 

WplusH126_4mu_costhetastar_genbin0_recobin2 acc 0.0384 eff 0.0 outinratio 0.0515 

ZH126_4mu_costhetastar_genbin0_recobin2 acc 0.046 eff 0.0 outinratio 0.0681 

ttH126_4mu_costhetastar_genbin0_recobin2 acc 0.0421 eff 0.0 outinratio 0.1226 

ggH126_4mu_costhetastar_genbin1_recobin2 acc 0.0538 eff 0.0197 outinratio 0.0599 

VBFH126_4mu_costhetastar_genbin1_recobin2 acc 0.0565 eff 0.0187 outinratio 0.0392 

WminusH126_4mu_costhetastar_genbin1_recobin2 acc 0.048 eff 0.0214 outinratio 0.0696 

WplusH126_4mu_costhetastar_genbin1_recobin2 acc 0.041 eff 0.0065 outinratio 0.0515 

ZH126_4mu_costhetastar_genbin1_recobin2 acc 0.0429 eff 0.0202 outinratio 0.0681 

ttH126_4mu_costhetastar_genbin1_recobin2 acc 0.0417 eff 0.0186 outinratio 0.1226 

ggH126_4mu_costhetastar_genbin2_recobin2 acc 0.055 eff 0.7018 outinratio 0.0599 

VBFH126_4mu_costhetastar_genbin2_recobin2 acc 0.0667 eff 0.7871 outinratio 0.0392 

WminusH126_4mu_costhetastar_genbin2_recobin2 acc 0.048 eff 0.7349 outinratio 0.0696 

WplusH126_4mu_costhetastar_genbin2_recobin2 acc 0.0414 eff 0.6632 outinratio 0.0515 

ZH126_4mu_costhetastar_genbin2_recobin2 acc 0.0475 eff 0.7766 outinratio 0.0681 

ttH126_4mu_costhetastar_genbin2_recobin2 acc 0.0453 eff 0.7446 outinratio 0.1226 

ggH126_4mu_costhetastar_genbin3_recobin2 acc 0.0521 eff 0.0158 outinratio 0.0599 

VBFH126_4mu_costhetastar_genbin3_recobin2 acc 0.0573 eff 0.0327 outinratio 0.0392 

WminusH126_4mu_costhetastar_genbin3_recobin2 acc 0.0442 eff 0.0224 outinratio 0.0696 

WplusH126_4mu_costhetastar_genbin3_recobin2 acc 0.0412 eff 0.0418 outinratio 0.0515 

ZH126_4mu_costhetastar_genbin3_recobin2 acc 0.0492 eff 0.0286 outinratio 0.0681 

ttH126_4mu_costhetastar_genbin3_recobin2 acc 0.0415 eff 0.0188 outinratio 0.1226 

ggH126_4mu_costhetastar_genbin4_recobin2 acc 0.0591 eff 0.0 outinratio 0.0599 

VBFH126_4mu_costhetastar_genbin4_recobin2 acc 0.0608 eff 0.0 outinratio 0.0392 

WminusH126_4mu_costhetastar_genbin4_recobin2 acc 0.0501 eff 0.0007 outinratio 0.0696 

WplusH126_4mu_costhetastar_genbin4_recobin2 acc 0.0433 eff 0.0 outinratio 0.0515 

ZH126_4mu_costhetastar_genbin4_recobin2 acc 0.0434 eff 0.0023 outinratio 0.0681 

ttH126_4mu_costhetastar_genbin4_recobin2 acc 0.0441 eff 0.0 outinratio 0.1226 

ggH126_4mu_costhetastar_genbin5_recobin2 acc 0.0553 eff 0.0 outinratio 0.0599 

VBFH126_4mu_costhetastar_genbin5_recobin2 acc 0.0641 eff 0.0007 outinratio 0.0392 

WminusH126_4mu_costhetastar_genbin5_recobin2 acc 0.0468 eff 0.0017 outinratio 0.0696 

WplusH126_4mu_costhetastar_genbin5_recobin2 acc 0.038 eff 0.0 outinratio 0.0515 

ZH126_4mu_costhetastar_genbin5_recobin2 acc 0.0456 eff 0.0 outinratio 0.0681 

ttH126_4mu_costhetastar_genbin5_recobin2 acc 0.0436 eff 0.0 outinratio 0.1226 

ggH126_4mu_costhetastar_genbin6_recobin2 acc 0.0523 eff 0.0 outinratio 0.0599 

VBFH126_4mu_costhetastar_genbin6_recobin2 acc 0.057 eff 0.0 outinratio 0.0392 

WminusH126_4mu_costhetastar_genbin6_recobin2 acc 0.0462 eff 0.0014 outinratio 0.0696 

WplusH126_4mu_costhetastar_genbin6_recobin2 acc 0.0429 eff 0.0 outinratio 0.0515 

ZH126_4mu_costhetastar_genbin6_recobin2 acc 0.0474 eff 0.0036 outinratio 0.0681 

ttH126_4mu_costhetastar_genbin6_recobin2 acc 0.0418 eff 0.0 outinratio 0.1226 

ggH126_4mu_costhetastar_genbin7_recobin2 acc 0.0526 eff 0.0 outinratio 0.0599 

VBFH126_4mu_costhetastar_genbin7_recobin2 acc 0.0628 eff 0.0 outinratio 0.0392 

WminusH126_4mu_costhetastar_genbin7_recobin2 acc 0.0451 eff 0.0 outinratio 0.0696 

WplusH126_4mu_costhetastar_genbin7_recobin2 acc 0.0422 eff 0.0 outinratio 0.0515 

ZH126_4mu_costhetastar_genbin7_recobin2 acc 0.0421 eff 0.0 outinratio 0.0681 

ttH126_4mu_costhetastar_genbin7_recobin2 acc 0.0445 eff 0.0 outinratio 0.1226 

ggH126_4mu_costhetastar_genbin0_recobin3 acc 0.0515 eff 0.0 outinratio 0.0556 

VBFH126_4mu_costhetastar_genbin0_recobin3 acc 0.0581 eff 0.0014 outinratio 0.0342 

WminusH126_4mu_costhetastar_genbin0_recobin3 acc 0.0502 eff 0.0007 outinratio 0.08 

WplusH126_4mu_costhetastar_genbin0_recobin3 acc 0.0384 eff 0.0 outinratio 0.0789 

ZH126_4mu_costhetastar_genbin0_recobin3 acc 0.046 eff 0.0 outinratio 0.0597 

ttH126_4mu_costhetastar_genbin0_recobin3 acc 0.0421 eff 0.0011 outinratio 0.1434 

ggH126_4mu_costhetastar_genbin1_recobin3 acc 0.0538 eff 0.0 outinratio 0.0556 

VBFH126_4mu_costhetastar_genbin1_recobin3 acc 0.0565 eff 0.0015 outinratio 0.0342 

WminusH126_4mu_costhetastar_genbin1_recobin3 acc 0.048 eff 0.0013 outinratio 0.08 

WplusH126_4mu_costhetastar_genbin1_recobin3 acc 0.041 eff 0.0 outinratio 0.0789 

ZH126_4mu_costhetastar_genbin1_recobin3 acc 0.0429 eff 0.0 outinratio 0.0597 

ttH126_4mu_costhetastar_genbin1_recobin3 acc 0.0417 eff 0.0 outinratio 0.1434 

ggH126_4mu_costhetastar_genbin2_recobin3 acc 0.055 eff 0.026 outinratio 0.0556 

VBFH126_4mu_costhetastar_genbin2_recobin3 acc 0.0667 eff 0.0233 outinratio 0.0342 

WminusH126_4mu_costhetastar_genbin2_recobin3 acc 0.048 eff 0.0224 outinratio 0.08 

WplusH126_4mu_costhetastar_genbin2_recobin3 acc 0.0414 eff 0.011 outinratio 0.0789 

ZH126_4mu_costhetastar_genbin2_recobin3 acc 0.0475 eff 0.0151 outinratio 0.0597 

ttH126_4mu_costhetastar_genbin2_recobin3 acc 0.0453 eff 0.0254 outinratio 0.1434 

ggH126_4mu_costhetastar_genbin3_recobin3 acc 0.0521 eff 0.8329 outinratio 0.0556 

VBFH126_4mu_costhetastar_genbin3_recobin3 acc 0.0573 eff 0.84 outinratio 0.0342 

WminusH126_4mu_costhetastar_genbin3_recobin3 acc 0.0442 eff 0.7673 outinratio 0.08 

WplusH126_4mu_costhetastar_genbin3_recobin3 acc 0.0412 eff 0.7026 outinratio 0.0789 

ZH126_4mu_costhetastar_genbin3_recobin3 acc 0.0492 eff 0.7948 outinratio 0.0597 

ttH126_4mu_costhetastar_genbin3_recobin3 acc 0.0415 eff 0.7621 outinratio 0.1434 

ggH126_4mu_costhetastar_genbin4_recobin3 acc 0.0591 eff 0.0232 outinratio 0.0556 

VBFH126_4mu_costhetastar_genbin4_recobin3 acc 0.0608 eff 0.0282 outinratio 0.0342 

WminusH126_4mu_costhetastar_genbin4_recobin3 acc 0.0501 eff 0.0234 outinratio 0.08 

WplusH126_4mu_costhetastar_genbin4_recobin3 acc 0.0433 eff 0.0399 outinratio 0.0789 

ZH126_4mu_costhetastar_genbin4_recobin3 acc 0.0434 eff 0.027 outinratio 0.0597 

ttH126_4mu_costhetastar_genbin4_recobin3 acc 0.0441 eff 0.0352 outinratio 0.1434 

ggH126_4mu_costhetastar_genbin5_recobin3 acc 0.0553 eff 0.0 outinratio 0.0556 

VBFH126_4mu_costhetastar_genbin5_recobin3 acc 0.0641 eff 0.0014 outinratio 0.0342 

WminusH126_4mu_costhetastar_genbin5_recobin3 acc 0.0468 eff 0.0 outinratio 0.08 

WplusH126_4mu_costhetastar_genbin5_recobin3 acc 0.038 eff 0.004 outinratio 0.0789 

ZH126_4mu_costhetastar_genbin5_recobin3 acc 0.0456 eff 0.0 outinratio 0.0597 

ttH126_4mu_costhetastar_genbin5_recobin3 acc 0.0436 eff 0.0 outinratio 0.1434 

ggH126_4mu_costhetastar_genbin6_recobin3 acc 0.0523 eff 0.0 outinratio 0.0556 

VBFH126_4mu_costhetastar_genbin6_recobin3 acc 0.057 eff 0.0 outinratio 0.0342 

WminusH126_4mu_costhetastar_genbin6_recobin3 acc 0.0462 eff 0.0 outinratio 0.08 

WplusH126_4mu_costhetastar_genbin6_recobin3 acc 0.0429 eff 0.0 outinratio 0.0789 

ZH126_4mu_costhetastar_genbin6_recobin3 acc 0.0474 eff 0.0055 outinratio 0.0597 

ttH126_4mu_costhetastar_genbin6_recobin3 acc 0.0418 eff 0.0011 outinratio 0.1434 

ggH126_4mu_costhetastar_genbin7_recobin3 acc 0.0526 eff 0.0 outinratio 0.0556 

VBFH126_4mu_costhetastar_genbin7_recobin3 acc 0.0628 eff 0.0 outinratio 0.0342 

WminusH126_4mu_costhetastar_genbin7_recobin3 acc 0.0451 eff 0.0004 outinratio 0.08 

WplusH126_4mu_costhetastar_genbin7_recobin3 acc 0.0422 eff 0.0 outinratio 0.0789 

ZH126_4mu_costhetastar_genbin7_recobin3 acc 0.0421 eff 0.0016 outinratio 0.0597 

ttH126_4mu_costhetastar_genbin7_recobin3 acc 0.0445 eff 0.0 outinratio 0.1434 

ggH126_4mu_costhetastar_genbin0_recobin4 acc 0.0515 eff 0.0 outinratio 0.0425 

VBFH126_4mu_costhetastar_genbin0_recobin4 acc 0.0581 eff 0.0 outinratio 0.0216 

WminusH126_4mu_costhetastar_genbin0_recobin4 acc 0.0502 eff 0.0007 outinratio 0.0549 

WplusH126_4mu_costhetastar_genbin0_recobin4 acc 0.0384 eff 0.0 outinratio 0.1105 

ZH126_4mu_costhetastar_genbin0_recobin4 acc 0.046 eff 0.0011 outinratio 0.0797 

ttH126_4mu_costhetastar_genbin0_recobin4 acc 0.0421 eff 0.0 outinratio 0.141 

ggH126_4mu_costhetastar_genbin1_recobin4 acc 0.0538 eff 0.0 outinratio 0.0425 

VBFH126_4mu_costhetastar_genbin1_recobin4 acc 0.0565 eff 0.0 outinratio 0.0216 

WminusH126_4mu_costhetastar_genbin1_recobin4 acc 0.048 eff 0.0 outinratio 0.0549 

WplusH126_4mu_costhetastar_genbin1_recobin4 acc 0.041 eff 0.0 outinratio 0.1105 

ZH126_4mu_costhetastar_genbin1_recobin4 acc 0.0429 eff 0.0 outinratio 0.0797 

ttH126_4mu_costhetastar_genbin1_recobin4 acc 0.0417 eff 0.0 outinratio 0.141 

ggH126_4mu_costhetastar_genbin2_recobin4 acc 0.055 eff 0.0 outinratio 0.0425 

VBFH126_4mu_costhetastar_genbin2_recobin4 acc 0.0667 eff 0.0 outinratio 0.0216 

WminusH126_4mu_costhetastar_genbin2_recobin4 acc 0.048 eff 0.0 outinratio 0.0549 

WplusH126_4mu_costhetastar_genbin2_recobin4 acc 0.0414 eff 0.0 outinratio 0.1105 

ZH126_4mu_costhetastar_genbin2_recobin4 acc 0.0475 eff 0.002 outinratio 0.0797 

ttH126_4mu_costhetastar_genbin2_recobin4 acc 0.0453 eff 0.0 outinratio 0.141 

ggH126_4mu_costhetastar_genbin3_recobin4 acc 0.0521 eff 0.0143 outinratio 0.0425 

VBFH126_4mu_costhetastar_genbin3_recobin4 acc 0.0573 eff 0.0143 outinratio 0.0216 

WminusH126_4mu_costhetastar_genbin3_recobin4 acc 0.0442 eff 0.029 outinratio 0.0549 

WplusH126_4mu_costhetastar_genbin3_recobin4 acc 0.0412 eff 0.0124 outinratio 0.1105 

ZH126_4mu_costhetastar_genbin3_recobin4 acc 0.0492 eff 0.0398 outinratio 0.0797 

ttH126_4mu_costhetastar_genbin3_recobin4 acc 0.0415 eff 0.0304 outinratio 0.141 

ggH126_4mu_costhetastar_genbin4_recobin4 acc 0.0591 eff 0.8049 outinratio 0.0425 

VBFH126_4mu_costhetastar_genbin4_recobin4 acc 0.0608 eff 0.7857 outinratio 0.0216 

WminusH126_4mu_costhetastar_genbin4_recobin4 acc 0.0501 eff 0.7733 outinratio 0.0549 

WplusH126_4mu_costhetastar_genbin4_recobin4 acc 0.0433 eff 0.6669 outinratio 0.1105 

ZH126_4mu_costhetastar_genbin4_recobin4 acc 0.0434 eff 0.7774 outinratio 0.0797 

ttH126_4mu_costhetastar_genbin4_recobin4 acc 0.0441 eff 0.7617 outinratio 0.141 

ggH126_4mu_costhetastar_genbin5_recobin4 acc 0.0553 eff 0.0305 outinratio 0.0425 

VBFH126_4mu_costhetastar_genbin5_recobin4 acc 0.0641 eff 0.0272 outinratio 0.0216 

WminusH126_4mu_costhetastar_genbin5_recobin4 acc 0.0468 eff 0.0223 outinratio 0.0549 

WplusH126_4mu_costhetastar_genbin5_recobin4 acc 0.038 eff 0.004 outinratio 0.1105 

ZH126_4mu_costhetastar_genbin5_recobin4 acc 0.0456 eff 0.0315 outinratio 0.0797 

ttH126_4mu_costhetastar_genbin5_recobin4 acc 0.0436 eff 0.027 outinratio 0.141 

ggH126_4mu_costhetastar_genbin6_recobin4 acc 0.0523 eff 0.0 outinratio 0.0425 

VBFH126_4mu_costhetastar_genbin6_recobin4 acc 0.057 eff 0.0 outinratio 0.0216 

WminusH126_4mu_costhetastar_genbin6_recobin4 acc 0.0462 eff 0.0 outinratio 0.0549 

WplusH126_4mu_costhetastar_genbin6_recobin4 acc 0.0429 eff 0.0 outinratio 0.1105 

ZH126_4mu_costhetastar_genbin6_recobin4 acc 0.0474 eff 0.0 outinratio 0.0797 

ttH126_4mu_costhetastar_genbin6_recobin4 acc 0.0418 eff 0.0 outinratio 0.141 

ggH126_4mu_costhetastar_genbin7_recobin4 acc 0.0526 eff 0.0 outinratio 0.0425 

VBFH126_4mu_costhetastar_genbin7_recobin4 acc 0.0628 eff 0.0 outinratio 0.0216 

WminusH126_4mu_costhetastar_genbin7_recobin4 acc 0.0451 eff 0.0013 outinratio 0.0549 

WplusH126_4mu_costhetastar_genbin7_recobin4 acc 0.0422 eff 0.0 outinratio 0.1105 

ZH126_4mu_costhetastar_genbin7_recobin4 acc 0.0421 eff 0.0 outinratio 0.0797 

ttH126_4mu_costhetastar_genbin7_recobin4 acc 0.0445 eff 0.0 outinratio 0.141 

ggH126_4mu_costhetastar_genbin0_recobin5 acc 0.0515 eff 0.0 outinratio 0.0519 

VBFH126_4mu_costhetastar_genbin0_recobin5 acc 0.0581 eff 0.0018 outinratio 0.0371 

WminusH126_4mu_costhetastar_genbin0_recobin5 acc 0.0502 eff 0.0 outinratio 0.0488 

WplusH126_4mu_costhetastar_genbin0_recobin5 acc 0.0384 eff 0.0 outinratio 0.0458 

ZH126_4mu_costhetastar_genbin0_recobin5 acc 0.046 eff 0.0008 outinratio 0.0502 

ttH126_4mu_costhetastar_genbin0_recobin5 acc 0.0421 eff 0.0016 outinratio 0.1387 

ggH126_4mu_costhetastar_genbin1_recobin5 acc 0.0538 eff 0.0 outinratio 0.0519 

VBFH126_4mu_costhetastar_genbin1_recobin5 acc 0.0565 eff 0.0014 outinratio 0.0371 

WminusH126_4mu_costhetastar_genbin1_recobin5 acc 0.048 eff 0.0 outinratio 0.0488 

WplusH126_4mu_costhetastar_genbin1_recobin5 acc 0.041 eff 0.0 outinratio 0.0458 

ZH126_4mu_costhetastar_genbin1_recobin5 acc 0.0429 eff 0.0 outinratio 0.0502 

ttH126_4mu_costhetastar_genbin1_recobin5 acc 0.0417 eff 0.0011 outinratio 0.1387 

ggH126_4mu_costhetastar_genbin2_recobin5 acc 0.055 eff 0.0016 outinratio 0.0519 

VBFH126_4mu_costhetastar_genbin2_recobin5 acc 0.0667 eff 0.0049 outinratio 0.0371 

WminusH126_4mu_costhetastar_genbin2_recobin5 acc 0.048 eff 0.0011 outinratio 0.0488 

WplusH126_4mu_costhetastar_genbin2_recobin5 acc 0.0414 eff 0.0 outinratio 0.0458 

ZH126_4mu_costhetastar_genbin2_recobin5 acc 0.0475 eff 0.0 outinratio 0.0502 

ttH126_4mu_costhetastar_genbin2_recobin5 acc 0.0453 eff 0.0015 outinratio 0.1387 

ggH126_4mu_costhetastar_genbin3_recobin5 acc 0.0521 eff 0.0 outinratio 0.0519 

VBFH126_4mu_costhetastar_genbin3_recobin5 acc 0.0573 eff 0.0014 outinratio 0.0371 

WminusH126_4mu_costhetastar_genbin3_recobin5 acc 0.0442 eff 0.0015 outinratio 0.0488 

WplusH126_4mu_costhetastar_genbin3_recobin5 acc 0.0412 eff 0.0 outinratio 0.0458 

ZH126_4mu_costhetastar_genbin3_recobin5 acc 0.0492 eff 0.0 outinratio 0.0502 

ttH126_4mu_costhetastar_genbin3_recobin5 acc 0.0415 eff 0.0 outinratio 0.1387 

ggH126_4mu_costhetastar_genbin4_recobin5 acc 0.0591 eff 0.0067 outinratio 0.0519 

VBFH126_4mu_costhetastar_genbin4_recobin5 acc 0.0608 eff 0.0224 outinratio 0.0371 

WminusH126_4mu_costhetastar_genbin4_recobin5 acc 0.0501 eff 0.0276 outinratio 0.0488 

WplusH126_4mu_costhetastar_genbin4_recobin5 acc 0.0433 eff 0.035 outinratio 0.0458 

ZH126_4mu_costhetastar_genbin4_recobin5 acc 0.0434 eff 0.0186 outinratio 0.0502 

ttH126_4mu_costhetastar_genbin4_recobin5 acc 0.0441 eff 0.0168 outinratio 0.1387 

ggH126_4mu_costhetastar_genbin5_recobin5 acc 0.0553 eff 0.709 outinratio 0.0519 

VBFH126_4mu_costhetastar_genbin5_recobin5 acc 0.0641 eff 0.7503 outinratio 0.0371 

WminusH126_4mu_costhetastar_genbin5_recobin5 acc 0.0468 eff 0.7501 outinratio 0.0488 

WplusH126_4mu_costhetastar_genbin5_recobin5 acc 0.038 eff 0.7789 outinratio 0.0458 

ZH126_4mu_costhetastar_genbin5_recobin5 acc 0.0456 eff 0.7466 outinratio 0.0502 

ttH126_4mu_costhetastar_genbin5_recobin5 acc 0.0436 eff 0.6979 outinratio 0.1387 

ggH126_4mu_costhetastar_genbin6_recobin5 acc 0.0523 eff 0.0179 outinratio 0.0519 

VBFH126_4mu_costhetastar_genbin6_recobin5 acc 0.057 eff 0.0058 outinratio 0.0371 

WminusH126_4mu_costhetastar_genbin6_recobin5 acc 0.0462 eff 0.0203 outinratio 0.0488 

WplusH126_4mu_costhetastar_genbin6_recobin5 acc 0.0429 eff 0.0268 outinratio 0.0458 

ZH126_4mu_costhetastar_genbin6_recobin5 acc 0.0474 eff 0.0157 outinratio 0.0502 

ttH126_4mu_costhetastar_genbin6_recobin5 acc 0.0418 eff 0.0273 outinratio 0.1387 

ggH126_4mu_costhetastar_genbin7_recobin5 acc 0.0526 eff 0.0 outinratio 0.0519 

VBFH126_4mu_costhetastar_genbin7_recobin5 acc 0.0628 eff 0.0045 outinratio 0.0371 

WminusH126_4mu_costhetastar_genbin7_recobin5 acc 0.0451 eff 0.0022 outinratio 0.0488 

WplusH126_4mu_costhetastar_genbin7_recobin5 acc 0.0422 eff 0.0 outinratio 0.0458 

ZH126_4mu_costhetastar_genbin7_recobin5 acc 0.0421 eff 0.0 outinratio 0.0502 

ttH126_4mu_costhetastar_genbin7_recobin5 acc 0.0445 eff 0.0 outinratio 0.1387 

ggH126_4mu_costhetastar_genbin0_recobin6 acc 0.0515 eff 0.0 outinratio 0.0472 

VBFH126_4mu_costhetastar_genbin0_recobin6 acc 0.0581 eff 0.0 outinratio 0.0418 

WminusH126_4mu_costhetastar_genbin0_recobin6 acc 0.0502 eff 0.0 outinratio 0.0651 

WplusH126_4mu_costhetastar_genbin0_recobin6 acc 0.0384 eff 0.0 outinratio 0.0384 

ZH126_4mu_costhetastar_genbin0_recobin6 acc 0.046 eff 0.0 outinratio 0.0685 

ttH126_4mu_costhetastar_genbin0_recobin6 acc 0.0421 eff 0.0 outinratio 0.156 

ggH126_4mu_costhetastar_genbin1_recobin6 acc 0.0538 eff 0.0032 outinratio 0.0472 

VBFH126_4mu_costhetastar_genbin1_recobin6 acc 0.0565 eff 0.0026 outinratio 0.0418 

WminusH126_4mu_costhetastar_genbin1_recobin6 acc 0.048 eff 0.0 outinratio 0.0651 

WplusH126_4mu_costhetastar_genbin1_recobin6 acc 0.041 eff 0.0 outinratio 0.0384 

ZH126_4mu_costhetastar_genbin1_recobin6 acc 0.0429 eff 0.0046 outinratio 0.0685 

ttH126_4mu_costhetastar_genbin1_recobin6 acc 0.0417 eff 0.0018 outinratio 0.156 

ggH126_4mu_costhetastar_genbin2_recobin6 acc 0.055 eff 0.0 outinratio 0.0472 

VBFH126_4mu_costhetastar_genbin2_recobin6 acc 0.0667 eff 0.0012 outinratio 0.0418 

WminusH126_4mu_costhetastar_genbin2_recobin6 acc 0.048 eff 0.0007 outinratio 0.0651 

WplusH126_4mu_costhetastar_genbin2_recobin6 acc 0.0414 eff 0.0 outinratio 0.0384 

ZH126_4mu_costhetastar_genbin2_recobin6 acc 0.0475 eff 0.0 outinratio 0.0685 

ttH126_4mu_costhetastar_genbin2_recobin6 acc 0.0453 eff 0.0 outinratio 0.156 

ggH126_4mu_costhetastar_genbin3_recobin6 acc 0.0521 eff 0.0 outinratio 0.0472 

VBFH126_4mu_costhetastar_genbin3_recobin6 acc 0.0573 eff 0.0 outinratio 0.0418 

WminusH126_4mu_costhetastar_genbin3_recobin6 acc 0.0442 eff 0.001 outinratio 0.0651 

WplusH126_4mu_costhetastar_genbin3_recobin6 acc 0.0412 eff 0.006 outinratio 0.0384 

ZH126_4mu_costhetastar_genbin3_recobin6 acc 0.0492 eff 0.0 outinratio 0.0685 

ttH126_4mu_costhetastar_genbin3_recobin6 acc 0.0415 eff 0.0013 outinratio 0.156 

ggH126_4mu_costhetastar_genbin4_recobin6 acc 0.0591 eff 0.0 outinratio 0.0472 

VBFH126_4mu_costhetastar_genbin4_recobin6 acc 0.0608 eff 0.0014 outinratio 0.0418 

WminusH126_4mu_costhetastar_genbin4_recobin6 acc 0.0501 eff 0.0013 outinratio 0.0651 

WplusH126_4mu_costhetastar_genbin4_recobin6 acc 0.0433 eff 0.0 outinratio 0.0384 

ZH126_4mu_costhetastar_genbin4_recobin6 acc 0.0434 eff 0.0 outinratio 0.0685 

ttH126_4mu_costhetastar_genbin4_recobin6 acc 0.0441 eff 0.0022 outinratio 0.156 

ggH126_4mu_costhetastar_genbin5_recobin6 acc 0.0553 eff 0.0117 outinratio 0.0472 

VBFH126_4mu_costhetastar_genbin5_recobin6 acc 0.0641 eff 0.0293 outinratio 0.0418 

WminusH126_4mu_costhetastar_genbin5_recobin6 acc 0.0468 eff 0.017 outinratio 0.0651 

WplusH126_4mu_costhetastar_genbin5_recobin6 acc 0.038 eff 0.0217 outinratio 0.0384 

ZH126_4mu_costhetastar_genbin5_recobin6 acc 0.0456 eff 0.0146 outinratio 0.0685 

ttH126_4mu_costhetastar_genbin5_recobin6 acc 0.0436 eff 0.0215 outinratio 0.156 

ggH126_4mu_costhetastar_genbin6_recobin6 acc 0.0523 eff 0.7536 outinratio 0.0472 

VBFH126_4mu_costhetastar_genbin6_recobin6 acc 0.057 eff 0.7502 outinratio 0.0418 

WminusH126_4mu_costhetastar_genbin6_recobin6 acc 0.0462 eff 0.7611 outinratio 0.0651 

WplusH126_4mu_costhetastar_genbin6_recobin6 acc 0.0429 eff 0.8051 outinratio 0.0384 

ZH126_4mu_costhetastar_genbin6_recobin6 acc 0.0474 eff 0.735 outinratio 0.0685 

ttH126_4mu_costhetastar_genbin6_recobin6 acc 0.0418 eff 0.7305 outinratio 0.156 

ggH126_4mu_costhetastar_genbin7_recobin6 acc 0.0526 eff 0.0161 outinratio 0.0472 

VBFH126_4mu_costhetastar_genbin7_recobin6 acc 0.0628 eff 0.0092 outinratio 0.0418 

WminusH126_4mu_costhetastar_genbin7_recobin6 acc 0.0451 eff 0.0187 outinratio 0.0651 

WplusH126_4mu_costhetastar_genbin7_recobin6 acc 0.0422 eff 0.0082 outinratio 0.0384 

ZH126_4mu_costhetastar_genbin7_recobin6 acc 0.0421 eff 0.0293 outinratio 0.0685 

ttH126_4mu_costhetastar_genbin7_recobin6 acc 0.0445 eff 0.0162 outinratio 0.156 

ggH126_4mu_costhetastar_genbin0_recobin7 acc 0.0515 eff 0.0039 outinratio 0.0597 

VBFH126_4mu_costhetastar_genbin0_recobin7 acc 0.0581 eff 0.0 outinratio 0.0302 

WminusH126_4mu_costhetastar_genbin0_recobin7 acc 0.0502 eff 0.001 outinratio 0.0832 

WplusH126_4mu_costhetastar_genbin0_recobin7 acc 0.0384 eff 0.0096 outinratio 0.0348 

ZH126_4mu_costhetastar_genbin0_recobin7 acc 0.046 eff 0.0 outinratio 0.1018 

ttH126_4mu_costhetastar_genbin0_recobin7 acc 0.0421 eff 0.0 outinratio 0.1267 

ggH126_4mu_costhetastar_genbin1_recobin7 acc 0.0538 eff 0.0 outinratio 0.0597 

VBFH126_4mu_costhetastar_genbin1_recobin7 acc 0.0565 eff 0.0 outinratio 0.0302 

WminusH126_4mu_costhetastar_genbin1_recobin7 acc 0.048 eff 0.0 outinratio 0.0832 

WplusH126_4mu_costhetastar_genbin1_recobin7 acc 0.041 eff 0.0 outinratio 0.0348 

ZH126_4mu_costhetastar_genbin1_recobin7 acc 0.0429 eff 0.0 outinratio 0.1018 

ttH126_4mu_costhetastar_genbin1_recobin7 acc 0.0417 eff 0.0018 outinratio 0.1267 

ggH126_4mu_costhetastar_genbin2_recobin7 acc 0.055 eff 0.0006 outinratio 0.0597 

VBFH126_4mu_costhetastar_genbin2_recobin7 acc 0.0667 eff 0.0 outinratio 0.0302 

WminusH126_4mu_costhetastar_genbin2_recobin7 acc 0.048 eff 0.0 outinratio 0.0832 

WplusH126_4mu_costhetastar_genbin2_recobin7 acc 0.0414 eff 0.0 outinratio 0.0348 

ZH126_4mu_costhetastar_genbin2_recobin7 acc 0.0475 eff 0.0 outinratio 0.1018 

ttH126_4mu_costhetastar_genbin2_recobin7 acc 0.0453 eff 0.0 outinratio 0.1267 

ggH126_4mu_costhetastar_genbin3_recobin7 acc 0.0521 eff 0.0 outinratio 0.0597 

VBFH126_4mu_costhetastar_genbin3_recobin7 acc 0.0573 eff 0.001 outinratio 0.0302 

WminusH126_4mu_costhetastar_genbin3_recobin7 acc 0.0442 eff 0.0 outinratio 0.0832 

WplusH126_4mu_costhetastar_genbin3_recobin7 acc 0.0412 eff 0.0 outinratio 0.0348 

ZH126_4mu_costhetastar_genbin3_recobin7 acc 0.0492 eff 0.0 outinratio 0.1018 

ttH126_4mu_costhetastar_genbin3_recobin7 acc 0.0415 eff 0.0 outinratio 0.1267 

ggH126_4mu_costhetastar_genbin4_recobin7 acc 0.0591 eff 0.0007 outinratio 0.0597 

VBFH126_4mu_costhetastar_genbin4_recobin7 acc 0.0608 eff 0.0 outinratio 0.0302 

WminusH126_4mu_costhetastar_genbin4_recobin7 acc 0.0501 eff 0.0012 outinratio 0.0832 

WplusH126_4mu_costhetastar_genbin4_recobin7 acc 0.0433 eff 0.0042 outinratio 0.0348 

ZH126_4mu_costhetastar_genbin4_recobin7 acc 0.0434 eff 0.0 outinratio 0.1018 

ttH126_4mu_costhetastar_genbin4_recobin7 acc 0.0441 eff 0.0 outinratio 0.1267 

ggH126_4mu_costhetastar_genbin5_recobin7 acc 0.0553 eff 0.0034 outinratio 0.0597 

VBFH126_4mu_costhetastar_genbin5_recobin7 acc 0.0641 eff 0.002 outinratio 0.0302 

WminusH126_4mu_costhetastar_genbin5_recobin7 acc 0.0468 eff 0.0007 outinratio 0.0832 

WplusH126_4mu_costhetastar_genbin5_recobin7 acc 0.038 eff 0.0028 outinratio 0.0348 

ZH126_4mu_costhetastar_genbin5_recobin7 acc 0.0456 eff 0.0 outinratio 0.1018 

ttH126_4mu_costhetastar_genbin5_recobin7 acc 0.0436 eff 0.0 outinratio 0.1267 

ggH126_4mu_costhetastar_genbin6_recobin7 acc 0.0523 eff 0.0074 outinratio 0.0597 

VBFH126_4mu_costhetastar_genbin6_recobin7 acc 0.057 eff 0.027 outinratio 0.0302 

WminusH126_4mu_costhetastar_genbin6_recobin7 acc 0.0462 eff 0.0172 outinratio 0.0832 

WplusH126_4mu_costhetastar_genbin6_recobin7 acc 0.0429 eff 0.0152 outinratio 0.0348 

ZH126_4mu_costhetastar_genbin6_recobin7 acc 0.0474 eff 0.014 outinratio 0.1018 

ttH126_4mu_costhetastar_genbin6_recobin7 acc 0.0418 eff 0.0092 outinratio 0.1267 

ggH126_4mu_costhetastar_genbin7_recobin7 acc 0.0526 eff 0.8102 outinratio 0.0597 

VBFH126_4mu_costhetastar_genbin7_recobin7 acc 0.0628 eff 0.794 outinratio 0.0302 

WminusH126_4mu_costhetastar_genbin7_recobin7 acc 0.0451 eff 0.7649 outinratio 0.0832 

WplusH126_4mu_costhetastar_genbin7_recobin7 acc 0.0422 eff 0.7107 outinratio 0.0348 

ZH126_4mu_costhetastar_genbin7_recobin7 acc 0.0421 eff 0.7446 outinratio 0.1018 

ttH126_4mu_costhetastar_genbin7_recobin7 acc 0.0445 eff 0.821 outinratio 0.1267 

ggH126_2e2mu_costhetastar_genbin0_recobin0 acc 0.0483 eff 0.4567 outinratio 0.0526 

VBFH126_2e2mu_costhetastar_genbin0_recobin0 acc 0.052 eff 0.4907 outinratio 0.0224 

WminusH126_2e2mu_costhetastar_genbin0_recobin0 acc 0.0424 eff 0.5041 outinratio 0.0903 

WplusH126_2e2mu_costhetastar_genbin0_recobin0 acc 0.0393 eff 0.4879 outinratio 0.0675 

ZH126_2e2mu_costhetastar_genbin0_recobin0 acc 0.041 eff 0.5016 outinratio 0.111 

ttH126_2e2mu_costhetastar_genbin0_recobin0 acc 0.0376 eff 0.4983 outinratio 0.194 

ggH126_2e2mu_costhetastar_genbin1_recobin0 acc 0.0494 eff 0.0116 outinratio 0.0526 

VBFH126_2e2mu_costhetastar_genbin1_recobin0 acc 0.0535 eff 0.0139 outinratio 0.0224 

WminusH126_2e2mu_costhetastar_genbin1_recobin0 acc 0.0439 eff 0.0197 outinratio 0.0903 

WplusH126_2e2mu_costhetastar_genbin1_recobin0 acc 0.0354 eff 0.0165 outinratio 0.0675 

ZH126_2e2mu_costhetastar_genbin1_recobin0 acc 0.0408 eff 0.0087 outinratio 0.111 

ttH126_2e2mu_costhetastar_genbin1_recobin0 acc 0.0372 eff 0.0156 outinratio 0.194 

ggH126_2e2mu_costhetastar_genbin2_recobin0 acc 0.0518 eff 0.0008 outinratio 0.0526 

VBFH126_2e2mu_costhetastar_genbin2_recobin0 acc 0.0527 eff 0.0 outinratio 0.0224 

WminusH126_2e2mu_costhetastar_genbin2_recobin0 acc 0.0429 eff 0.0012 outinratio 0.0903 

WplusH126_2e2mu_costhetastar_genbin2_recobin0 acc 0.0379 eff 0.0 outinratio 0.0675 

ZH126_2e2mu_costhetastar_genbin2_recobin0 acc 0.0443 eff 0.0 outinratio 0.111 

ttH126_2e2mu_costhetastar_genbin2_recobin0 acc 0.0402 eff 0.0008 outinratio 0.194 

ggH126_2e2mu_costhetastar_genbin3_recobin0 acc 0.054 eff 0.0 outinratio 0.0526 

VBFH126_2e2mu_costhetastar_genbin3_recobin0 acc 0.0563 eff 0.0 outinratio 0.0224 

WminusH126_2e2mu_costhetastar_genbin3_recobin0 acc 0.0423 eff 0.0 outinratio 0.0903 

WplusH126_2e2mu_costhetastar_genbin3_recobin0 acc 0.0423 eff 0.0 outinratio 0.0675 

ZH126_2e2mu_costhetastar_genbin3_recobin0 acc 0.0461 eff 0.0 outinratio 0.111 

ttH126_2e2mu_costhetastar_genbin3_recobin0 acc 0.0381 eff 0.0 outinratio 0.194 

ggH126_2e2mu_costhetastar_genbin4_recobin0 acc 0.0539 eff 0.0 outinratio 0.0526 

VBFH126_2e2mu_costhetastar_genbin4_recobin0 acc 0.0553 eff 0.0 outinratio 0.0224 

WminusH126_2e2mu_costhetastar_genbin4_recobin0 acc 0.0427 eff 0.0 outinratio 0.0903 

WplusH126_2e2mu_costhetastar_genbin4_recobin0 acc 0.041 eff 0.0 outinratio 0.0675 

ZH126_2e2mu_costhetastar_genbin4_recobin0 acc 0.0434 eff 0.0 outinratio 0.111 

ttH126_2e2mu_costhetastar_genbin4_recobin0 acc 0.0386 eff 0.0 outinratio 0.194 

ggH126_2e2mu_costhetastar_genbin5_recobin0 acc 0.052 eff 0.0 outinratio 0.0526 

VBFH126_2e2mu_costhetastar_genbin5_recobin0 acc 0.0577 eff 0.0 outinratio 0.0224 

WminusH126_2e2mu_costhetastar_genbin5_recobin0 acc 0.0429 eff 0.0 outinratio 0.0903 

WplusH126_2e2mu_costhetastar_genbin5_recobin0 acc 0.0408 eff 0.0 outinratio 0.0675 

ZH126_2e2mu_costhetastar_genbin5_recobin0 acc 0.0426 eff 0.0 outinratio 0.111 

ttH126_2e2mu_costhetastar_genbin5_recobin0 acc 0.0384 eff 0.0 outinratio 0.194 

ggH126_2e2mu_costhetastar_genbin6_recobin0 acc 0.0509 eff 0.0 outinratio 0.0526 

VBFH126_2e2mu_costhetastar_genbin6_recobin0 acc 0.0561 eff 0.0 outinratio 0.0224 

WminusH126_2e2mu_costhetastar_genbin6_recobin0 acc 0.0442 eff 0.0 outinratio 0.0903 

WplusH126_2e2mu_costhetastar_genbin6_recobin0 acc 0.0395 eff 0.0 outinratio 0.0675 

ZH126_2e2mu_costhetastar_genbin6_recobin0 acc 0.0428 eff 0.0 outinratio 0.111 

ttH126_2e2mu_costhetastar_genbin6_recobin0 acc 0.0372 eff 0.0 outinratio 0.194 

ggH126_2e2mu_costhetastar_genbin7_recobin0 acc 0.0477 eff 0.0036 outinratio 0.0526 

VBFH126_2e2mu_costhetastar_genbin7_recobin0 acc 0.0559 eff 0.0007 outinratio 0.0224 

WminusH126_2e2mu_costhetastar_genbin7_recobin0 acc 0.0414 eff 0.0026 outinratio 0.0903 

WplusH126_2e2mu_costhetastar_genbin7_recobin0 acc 0.0375 eff 0.0 outinratio 0.0675 

ZH126_2e2mu_costhetastar_genbin7_recobin0 acc 0.0436 eff 0.0043 outinratio 0.111 

ttH126_2e2mu_costhetastar_genbin7_recobin0 acc 0.0396 eff 0.0 outinratio 0.194 

ggH126_2e2mu_costhetastar_genbin0_recobin1 acc 0.0483 eff 0.0258 outinratio 0.0345 

VBFH126_2e2mu_costhetastar_genbin0_recobin1 acc 0.052 eff 0.0222 outinratio 0.0245 

WminusH126_2e2mu_costhetastar_genbin0_recobin1 acc 0.0424 eff 0.0174 outinratio 0.0683 

WplusH126_2e2mu_costhetastar_genbin0_recobin1 acc 0.0393 eff 0.0252 outinratio 0.0951 

ZH126_2e2mu_costhetastar_genbin0_recobin1 acc 0.041 eff 0.0247 outinratio 0.0769 

ttH126_2e2mu_costhetastar_genbin0_recobin1 acc 0.0376 eff 0.0176 outinratio 0.2168 

ggH126_2e2mu_costhetastar_genbin1_recobin1 acc 0.0494 eff 0.5007 outinratio 0.0345 

VBFH126_2e2mu_costhetastar_genbin1_recobin1 acc 0.0535 eff 0.522 outinratio 0.0245 

WminusH126_2e2mu_costhetastar_genbin1_recobin1 acc 0.0439 eff 0.4754 outinratio 0.0683 

WplusH126_2e2mu_costhetastar_genbin1_recobin1 acc 0.0354 eff 0.4743 outinratio 0.0951 

ZH126_2e2mu_costhetastar_genbin1_recobin1 acc 0.0408 eff 0.4792 outinratio 0.0769 

ttH126_2e2mu_costhetastar_genbin1_recobin1 acc 0.0372 eff 0.4971 outinratio 0.2168 

ggH126_2e2mu_costhetastar_genbin2_recobin1 acc 0.0518 eff 0.0182 outinratio 0.0345 

VBFH126_2e2mu_costhetastar_genbin2_recobin1 acc 0.0527 eff 0.0139 outinratio 0.0245 

WminusH126_2e2mu_costhetastar_genbin2_recobin1 acc 0.0429 eff 0.0214 outinratio 0.0683 

WplusH126_2e2mu_costhetastar_genbin2_recobin1 acc 0.0379 eff 0.0238 outinratio 0.0951 

ZH126_2e2mu_costhetastar_genbin2_recobin1 acc 0.0443 eff 0.0169 outinratio 0.0769 

ttH126_2e2mu_costhetastar_genbin2_recobin1 acc 0.0402 eff 0.0229 outinratio 0.2168 

ggH126_2e2mu_costhetastar_genbin3_recobin1 acc 0.054 eff 0.0 outinratio 0.0345 

VBFH126_2e2mu_costhetastar_genbin3_recobin1 acc 0.0563 eff 0.0 outinratio 0.0245 

WminusH126_2e2mu_costhetastar_genbin3_recobin1 acc 0.0423 eff 0.0004 outinratio 0.0683 

WplusH126_2e2mu_costhetastar_genbin3_recobin1 acc 0.0423 eff 0.0 outinratio 0.0951 

ZH126_2e2mu_costhetastar_genbin3_recobin1 acc 0.0461 eff 0.0 outinratio 0.0769 

ttH126_2e2mu_costhetastar_genbin3_recobin1 acc 0.0381 eff 0.0 outinratio 0.2168 

ggH126_2e2mu_costhetastar_genbin4_recobin1 acc 0.0539 eff 0.0 outinratio 0.0345 

VBFH126_2e2mu_costhetastar_genbin4_recobin1 acc 0.0553 eff 0.0 outinratio 0.0245 

WminusH126_2e2mu_costhetastar_genbin4_recobin1 acc 0.0427 eff 0.0 outinratio 0.0683 

WplusH126_2e2mu_costhetastar_genbin4_recobin1 acc 0.041 eff 0.0 outinratio 0.0951 

ZH126_2e2mu_costhetastar_genbin4_recobin1 acc 0.0434 eff 0.0 outinratio 0.0769 

ttH126_2e2mu_costhetastar_genbin4_recobin1 acc 0.0386 eff 0.0 outinratio 0.2168 

ggH126_2e2mu_costhetastar_genbin5_recobin1 acc 0.052 eff 0.0 outinratio 0.0345 

VBFH126_2e2mu_costhetastar_genbin5_recobin1 acc 0.0577 eff 0.0007 outinratio 0.0245 

WminusH126_2e2mu_costhetastar_genbin5_recobin1 acc 0.0429 eff 0.0003 outinratio 0.0683 

WplusH126_2e2mu_costhetastar_genbin5_recobin1 acc 0.0408 eff 0.0 outinratio 0.0951 

ZH126_2e2mu_costhetastar_genbin5_recobin1 acc 0.0426 eff 0.0 outinratio 0.0769 

ttH126_2e2mu_costhetastar_genbin5_recobin1 acc 0.0384 eff 0.0 outinratio 0.2168 

ggH126_2e2mu_costhetastar_genbin6_recobin1 acc 0.0509 eff 0.0023 outinratio 0.0345 

VBFH126_2e2mu_costhetastar_genbin6_recobin1 acc 0.0561 eff 0.002 outinratio 0.0245 

WminusH126_2e2mu_costhetastar_genbin6_recobin1 acc 0.0442 eff 0.0025 outinratio 0.0683 

WplusH126_2e2mu_costhetastar_genbin6_recobin1 acc 0.0395 eff 0.0 outinratio 0.0951 

ZH126_2e2mu_costhetastar_genbin6_recobin1 acc 0.0428 eff 0.0021 outinratio 0.0769 

ttH126_2e2mu_costhetastar_genbin6_recobin1 acc 0.0372 eff 0.0 outinratio 0.2168 

ggH126_2e2mu_costhetastar_genbin7_recobin1 acc 0.0477 eff 0.0 outinratio 0.0345 

VBFH126_2e2mu_costhetastar_genbin7_recobin1 acc 0.0559 eff 0.0 outinratio 0.0245 

WminusH126_2e2mu_costhetastar_genbin7_recobin1 acc 0.0414 eff 0.0 outinratio 0.0683 

WplusH126_2e2mu_costhetastar_genbin7_recobin1 acc 0.0375 eff 0.0 outinratio 0.0951 

ZH126_2e2mu_costhetastar_genbin7_recobin1 acc 0.0436 eff 0.0 outinratio 0.0769 

ttH126_2e2mu_costhetastar_genbin7_recobin1 acc 0.0396 eff 0.0 outinratio 0.2168 

ggH126_2e2mu_costhetastar_genbin0_recobin2 acc 0.0483 eff 0.0008 outinratio 0.0494 

VBFH126_2e2mu_costhetastar_genbin0_recobin2 acc 0.052 eff 0.0 outinratio 0.0263 

WminusH126_2e2mu_costhetastar_genbin0_recobin2 acc 0.0424 eff 0.0002 outinratio 0.0981 

WplusH126_2e2mu_costhetastar_genbin0_recobin2 acc 0.0393 eff 0.0 outinratio 0.0403 

ZH126_2e2mu_costhetastar_genbin0_recobin2 acc 0.041 eff 0.0 outinratio 0.0826 

ttH126_2e2mu_costhetastar_genbin0_recobin2 acc 0.0376 eff 0.0 outinratio 0.1486 

ggH126_2e2mu_costhetastar_genbin1_recobin2 acc 0.0494 eff 0.0186 outinratio 0.0494 

VBFH126_2e2mu_costhetastar_genbin1_recobin2 acc 0.0535 eff 0.0207 outinratio 0.0263 

WminusH126_2e2mu_costhetastar_genbin1_recobin2 acc 0.0439 eff 0.0163 outinratio 0.0981 

WplusH126_2e2mu_costhetastar_genbin1_recobin2 acc 0.0354 eff 0.0211 outinratio 0.0403 

ZH126_2e2mu_costhetastar_genbin1_recobin2 acc 0.0408 eff 0.012 outinratio 0.0826 

ttH126_2e2mu_costhetastar_genbin1_recobin2 acc 0.0372 eff 0.0251 outinratio 0.1486 

ggH126_2e2mu_costhetastar_genbin2_recobin2 acc 0.0518 eff 0.5151 outinratio 0.0494 

VBFH126_2e2mu_costhetastar_genbin2_recobin2 acc 0.0527 eff 0.5067 outinratio 0.0263 

WminusH126_2e2mu_costhetastar_genbin2_recobin2 acc 0.0429 eff 0.4634 outinratio 0.0981 

WplusH126_2e2mu_costhetastar_genbin2_recobin2 acc 0.0379 eff 0.5184 outinratio 0.0403 

ZH126_2e2mu_costhetastar_genbin2_recobin2 acc 0.0443 eff 0.4235 outinratio 0.0826 

ttH126_2e2mu_costhetastar_genbin2_recobin2 acc 0.0402 eff 0.4813 outinratio 0.1486 

ggH126_2e2mu_costhetastar_genbin3_recobin2 acc 0.054 eff 0.0214 outinratio 0.0494 

VBFH126_2e2mu_costhetastar_genbin3_recobin2 acc 0.0563 eff 0.016 outinratio 0.0263 

WminusH126_2e2mu_costhetastar_genbin3_recobin2 acc 0.0423 eff 0.0299 outinratio 0.0981 

WplusH126_2e2mu_costhetastar_genbin3_recobin2 acc 0.0423 eff 0.0257 outinratio 0.0403 

ZH126_2e2mu_costhetastar_genbin3_recobin2 acc 0.0461 eff 0.0106 outinratio 0.0826 

ttH126_2e2mu_costhetastar_genbin3_recobin2 acc 0.0381 eff 0.0194 outinratio 0.1486 

ggH126_2e2mu_costhetastar_genbin4_recobin2 acc 0.0539 eff 0.0 outinratio 0.0494 

VBFH126_2e2mu_costhetastar_genbin4_recobin2 acc 0.0553 eff 0.0 outinratio 0.0263 

WminusH126_2e2mu_costhetastar_genbin4_recobin2 acc 0.0427 eff 0.0007 outinratio 0.0981 

WplusH126_2e2mu_costhetastar_genbin4_recobin2 acc 0.041 eff 0.0 outinratio 0.0403 

ZH126_2e2mu_costhetastar_genbin4_recobin2 acc 0.0434 eff 0.0 outinratio 0.0826 

ttH126_2e2mu_costhetastar_genbin4_recobin2 acc 0.0386 eff 0.0006 outinratio 0.1486 

ggH126_2e2mu_costhetastar_genbin5_recobin2 acc 0.052 eff 0.0 outinratio 0.0494 

VBFH126_2e2mu_costhetastar_genbin5_recobin2 acc 0.0577 eff 0.0017 outinratio 0.0263 

WminusH126_2e2mu_costhetastar_genbin5_recobin2 acc 0.0429 eff 0.0006 outinratio 0.0981 

WplusH126_2e2mu_costhetastar_genbin5_recobin2 acc 0.0408 eff 0.0 outinratio 0.0403 

ZH126_2e2mu_costhetastar_genbin5_recobin2 acc 0.0426 eff 0.0032 outinratio 0.0826 

ttH126_2e2mu_costhetastar_genbin5_recobin2 acc 0.0384 eff 0.0011 outinratio 0.1486 

ggH126_2e2mu_costhetastar_genbin6_recobin2 acc 0.0509 eff 0.0 outinratio 0.0494 

VBFH126_2e2mu_costhetastar_genbin6_recobin2 acc 0.0561 eff 0.0 outinratio 0.0263 

WminusH126_2e2mu_costhetastar_genbin6_recobin2 acc 0.0442 eff 0.001 outinratio 0.0981 

WplusH126_2e2mu_costhetastar_genbin6_recobin2 acc 0.0395 eff 0.0 outinratio 0.0403 

ZH126_2e2mu_costhetastar_genbin6_recobin2 acc 0.0428 eff 0.0 outinratio 0.0826 

ttH126_2e2mu_costhetastar_genbin6_recobin2 acc 0.0372 eff 0.0 outinratio 0.1486 

ggH126_2e2mu_costhetastar_genbin7_recobin2 acc 0.0477 eff 0.0 outinratio 0.0494 

VBFH126_2e2mu_costhetastar_genbin7_recobin2 acc 0.0559 eff 0.0 outinratio 0.0263 

WminusH126_2e2mu_costhetastar_genbin7_recobin2 acc 0.0414 eff 0.0 outinratio 0.0981 

WplusH126_2e2mu_costhetastar_genbin7_recobin2 acc 0.0375 eff 0.0 outinratio 0.0403 

ZH126_2e2mu_costhetastar_genbin7_recobin2 acc 0.0436 eff 0.0 outinratio 0.0826 

ttH126_2e2mu_costhetastar_genbin7_recobin2 acc 0.0396 eff 0.0 outinratio 0.1486 

ggH126_2e2mu_costhetastar_genbin0_recobin3 acc 0.0483 eff 0.0 outinratio 0.0425 

VBFH126_2e2mu_costhetastar_genbin0_recobin3 acc 0.052 eff 0.0 outinratio 0.0346 

WminusH126_2e2mu_costhetastar_genbin0_recobin3 acc 0.0424 eff 0.0 outinratio 0.0897 

WplusH126_2e2mu_costhetastar_genbin0_recobin3 acc 0.0393 eff 0.0 outinratio 0.0672 

ZH126_2e2mu_costhetastar_genbin0_recobin3 acc 0.041 eff 0.0 outinratio 0.0569 

ttH126_2e2mu_costhetastar_genbin0_recobin3 acc 0.0376 eff 0.0 outinratio 0.21 

ggH126_2e2mu_costhetastar_genbin1_recobin3 acc 0.0494 eff 0.0012 outinratio 0.0425 

VBFH126_2e2mu_costhetastar_genbin1_recobin3 acc 0.0535 eff 0.0008 outinratio 0.0346 

WminusH126_2e2mu_costhetastar_genbin1_recobin3 acc 0.0439 eff 0.0 outinratio 0.0897 

WplusH126_2e2mu_costhetastar_genbin1_recobin3 acc 0.0354 eff 0.0 outinratio 0.0672 

ZH126_2e2mu_costhetastar_genbin1_recobin3 acc 0.0408 eff 0.0 outinratio 0.0569 

ttH126_2e2mu_costhetastar_genbin1_recobin3 acc 0.0372 eff 0.0005 outinratio 0.21 

ggH126_2e2mu_costhetastar_genbin2_recobin3 acc 0.0518 eff 0.0162 outinratio 0.0425 

VBFH126_2e2mu_costhetastar_genbin2_recobin3 acc 0.0527 eff 0.0209 outinratio 0.0346 

WminusH126_2e2mu_costhetastar_genbin2_recobin3 acc 0.0429 eff 0.0261 outinratio 0.0897 

WplusH126_2e2mu_costhetastar_genbin2_recobin3 acc 0.0379 eff 0.0251 outinratio 0.0672 

ZH126_2e2mu_costhetastar_genbin2_recobin3 acc 0.0443 eff 0.0253 outinratio 0.0569 

ttH126_2e2mu_costhetastar_genbin2_recobin3 acc 0.0402 eff 0.0252 outinratio 0.21 

ggH126_2e2mu_costhetastar_genbin3_recobin3 acc 0.054 eff 0.4726 outinratio 0.0425 

VBFH126_2e2mu_costhetastar_genbin3_recobin3 acc 0.0563 eff 0.4779 outinratio 0.0346 

WminusH126_2e2mu_costhetastar_genbin3_recobin3 acc 0.0423 eff 0.4629 outinratio 0.0897 

WplusH126_2e2mu_costhetastar_genbin3_recobin3 acc 0.0423 eff 0.4316 outinratio 0.0672 

ZH126_2e2mu_costhetastar_genbin3_recobin3 acc 0.0461 eff 0.4899 outinratio 0.0569 

ttH126_2e2mu_costhetastar_genbin3_recobin3 acc 0.0381 eff 0.4865 outinratio 0.21 

ggH126_2e2mu_costhetastar_genbin4_recobin3 acc 0.0539 eff 0.0257 outinratio 0.0425 

VBFH126_2e2mu_costhetastar_genbin4_recobin3 acc 0.0553 eff 0.0294 outinratio 0.0346 

WminusH126_2e2mu_costhetastar_genbin4_recobin3 acc 0.0427 eff 0.0241 outinratio 0.0897 

WplusH126_2e2mu_costhetastar_genbin4_recobin3 acc 0.041 eff 0.014 outinratio 0.0672 

ZH126_2e2mu_costhetastar_genbin4_recobin3 acc 0.0434 eff 0.0299 outinratio 0.0569 

ttH126_2e2mu_costhetastar_genbin4_recobin3 acc 0.0386 eff 0.0223 outinratio 0.21 

ggH126_2e2mu_costhetastar_genbin5_recobin3 acc 0.052 eff 0.0 outinratio 0.0425 

VBFH126_2e2mu_costhetastar_genbin5_recobin3 acc 0.0577 eff 0.0 outinratio 0.0346 

WminusH126_2e2mu_costhetastar_genbin5_recobin3 acc 0.0429 eff 0.0004 outinratio 0.0897 

WplusH126_2e2mu_costhetastar_genbin5_recobin3 acc 0.0408 eff 0.0085 outinratio 0.0672 

ZH126_2e2mu_costhetastar_genbin5_recobin3 acc 0.0426 eff 0.0 outinratio 0.0569 

ttH126_2e2mu_costhetastar_genbin5_recobin3 acc 0.0384 eff 0.0 outinratio 0.21 

ggH126_2e2mu_costhetastar_genbin6_recobin3 acc 0.0509 eff 0.0 outinratio 0.0425 

VBFH126_2e2mu_costhetastar_genbin6_recobin3 acc 0.0561 eff 0.0 outinratio 0.0346 

WminusH126_2e2mu_costhetastar_genbin6_recobin3 acc 0.0442 eff 0.0 outinratio 0.0897 

WplusH126_2e2mu_costhetastar_genbin6_recobin3 acc 0.0395 eff 0.0 outinratio 0.0672 

ZH126_2e2mu_costhetastar_genbin6_recobin3 acc 0.0428 eff 0.0 outinratio 0.0569 

ttH126_2e2mu_costhetastar_genbin6_recobin3 acc 0.0372 eff 0.0 outinratio 0.21 

ggH126_2e2mu_costhetastar_genbin7_recobin3 acc 0.0477 eff 0.0 outinratio 0.0425 

VBFH126_2e2mu_costhetastar_genbin7_recobin3 acc 0.0559 eff 0.0 outinratio 0.0346 

WminusH126_2e2mu_costhetastar_genbin7_recobin3 acc 0.0414 eff 0.0 outinratio 0.0897 

WplusH126_2e2mu_costhetastar_genbin7_recobin3 acc 0.0375 eff 0.0 outinratio 0.0672 

ZH126_2e2mu_costhetastar_genbin7_recobin3 acc 0.0436 eff 0.0 outinratio 0.0569 

ttH126_2e2mu_costhetastar_genbin7_recobin3 acc 0.0396 eff 0.0 outinratio 0.21 

ggH126_2e2mu_costhetastar_genbin0_recobin4 acc 0.0483 eff 0.0 outinratio 0.0441 

VBFH126_2e2mu_costhetastar_genbin0_recobin4 acc 0.052 eff 0.0 outinratio 0.0223 

WminusH126_2e2mu_costhetastar_genbin0_recobin4 acc 0.0424 eff 0.0 outinratio 0.0895 

WplusH126_2e2mu_costhetastar_genbin0_recobin4 acc 0.0393 eff 0.0 outinratio 0.0345 

ZH126_2e2mu_costhetastar_genbin0_recobin4 acc 0.041 eff 0.0 outinratio 0.0774 

ttH126_2e2mu_costhetastar_genbin0_recobin4 acc 0.0376 eff 0.0 outinratio 0.1586 

ggH126_2e2mu_costhetastar_genbin1_recobin4 acc 0.0494 eff 0.0036 outinratio 0.0441 

VBFH126_2e2mu_costhetastar_genbin1_recobin4 acc 0.0535 eff 0.0 outinratio 0.0223 

WminusH126_2e2mu_costhetastar_genbin1_recobin4 acc 0.0439 eff 0.0002 outinratio 0.0895 

WplusH126_2e2mu_costhetastar_genbin1_recobin4 acc 0.0354 eff 0.0 outinratio 0.0345 

ZH126_2e2mu_costhetastar_genbin1_recobin4 acc 0.0408 eff 0.0 outinratio 0.0774 

ttH126_2e2mu_costhetastar_genbin1_recobin4 acc 0.0372 eff 0.0 outinratio 0.1586 

ggH126_2e2mu_costhetastar_genbin2_recobin4 acc 0.0518 eff 0.002 outinratio 0.0441 

VBFH126_2e2mu_costhetastar_genbin2_recobin4 acc 0.0527 eff 0.0 outinratio 0.0223 

WminusH126_2e2mu_costhetastar_genbin2_recobin4 acc 0.0429 eff 0.0005 outinratio 0.0895 

WplusH126_2e2mu_costhetastar_genbin2_recobin4 acc 0.0379 eff 0.0 outinratio 0.0345 

ZH126_2e2mu_costhetastar_genbin2_recobin4 acc 0.0443 eff 0.0004 outinratio 0.0774 

ttH126_2e2mu_costhetastar_genbin2_recobin4 acc 0.0402 eff 0.0016 outinratio 0.1586 

ggH126_2e2mu_costhetastar_genbin3_recobin4 acc 0.054 eff 0.0245 outinratio 0.0441 

VBFH126_2e2mu_costhetastar_genbin3_recobin4 acc 0.0563 eff 0.0291 outinratio 0.0223 

WminusH126_2e2mu_costhetastar_genbin3_recobin4 acc 0.0423 eff 0.0263 outinratio 0.0895 

WplusH126_2e2mu_costhetastar_genbin3_recobin4 acc 0.0423 eff 0.0288 outinratio 0.0345 

ZH126_2e2mu_costhetastar_genbin3_recobin4 acc 0.0461 eff 0.0252 outinratio 0.0774 

ttH126_2e2mu_costhetastar_genbin3_recobin4 acc 0.0381 eff 0.0198 outinratio 0.1586 

ggH126_2e2mu_costhetastar_genbin4_recobin4 acc 0.0539 eff 0.4792 outinratio 0.0441 

VBFH126_2e2mu_costhetastar_genbin4_recobin4 acc 0.0553 eff 0.4977 outinratio 0.0223 

WminusH126_2e2mu_costhetastar_genbin4_recobin4 acc 0.0427 eff 0.463 outinratio 0.0895 

WplusH126_2e2mu_costhetastar_genbin4_recobin4 acc 0.041 eff 0.4987 outinratio 0.0345 

ZH126_2e2mu_costhetastar_genbin4_recobin4 acc 0.0434 eff 0.4565 outinratio 0.0774 

ttH126_2e2mu_costhetastar_genbin4_recobin4 acc 0.0386 eff 0.476 outinratio 0.1586 

ggH126_2e2mu_costhetastar_genbin5_recobin4 acc 0.052 eff 0.022 outinratio 0.0441 

VBFH126_2e2mu_costhetastar_genbin5_recobin4 acc 0.0577 eff 0.0167 outinratio 0.0223 

WminusH126_2e2mu_costhetastar_genbin5_recobin4 acc 0.0429 eff 0.027 outinratio 0.0895 

WplusH126_2e2mu_costhetastar_genbin5_recobin4 acc 0.0408 eff 0.0198 outinratio 0.0345 

ZH126_2e2mu_costhetastar_genbin5_recobin4 acc 0.0426 eff 0.0242 outinratio 0.0774 

ttH126_2e2mu_costhetastar_genbin5_recobin4 acc 0.0384 eff 0.0115 outinratio 0.1586 

ggH126_2e2mu_costhetastar_genbin6_recobin4 acc 0.0509 eff 0.0 outinratio 0.0441 

VBFH126_2e2mu_costhetastar_genbin6_recobin4 acc 0.0561 eff 0.0 outinratio 0.0223 

WminusH126_2e2mu_costhetastar_genbin6_recobin4 acc 0.0442 eff 0.0007 outinratio 0.0895 

WplusH126_2e2mu_costhetastar_genbin6_recobin4 acc 0.0395 eff 0.0 outinratio 0.0345 

ZH126_2e2mu_costhetastar_genbin6_recobin4 acc 0.0428 eff 0.0 outinratio 0.0774 

ttH126_2e2mu_costhetastar_genbin6_recobin4 acc 0.0372 eff 0.0002 outinratio 0.1586 

ggH126_2e2mu_costhetastar_genbin7_recobin4 acc 0.0477 eff 0.0 outinratio 0.0441 

VBFH126_2e2mu_costhetastar_genbin7_recobin4 acc 0.0559 eff 0.0 outinratio 0.0223 

WminusH126_2e2mu_costhetastar_genbin7_recobin4 acc 0.0414 eff 0.0004 outinratio 0.0895 

WplusH126_2e2mu_costhetastar_genbin7_recobin4 acc 0.0375 eff 0.0 outinratio 0.0345 

ZH126_2e2mu_costhetastar_genbin7_recobin4 acc 0.0436 eff 0.0 outinratio 0.0774 

ttH126_2e2mu_costhetastar_genbin7_recobin4 acc 0.0396 eff 0.0 outinratio 0.1586 

ggH126_2e2mu_costhetastar_genbin0_recobin5 acc 0.0483 eff 0.0 outinratio 0.0784 

VBFH126_2e2mu_costhetastar_genbin0_recobin5 acc 0.052 eff 0.0 outinratio 0.0213 

WminusH126_2e2mu_costhetastar_genbin0_recobin5 acc 0.0424 eff 0.0006 outinratio 0.0867 

WplusH126_2e2mu_costhetastar_genbin0_recobin5 acc 0.0393 eff 0.0 outinratio 0.065 

ZH126_2e2mu_costhetastar_genbin0_recobin5 acc 0.041 eff 0.0 outinratio 0.0808 

ttH126_2e2mu_costhetastar_genbin0_recobin5 acc 0.0376 eff 0.0 outinratio 0.174 

ggH126_2e2mu_costhetastar_genbin1_recobin5 acc 0.0494 eff 0.0 outinratio 0.0784 

VBFH126_2e2mu_costhetastar_genbin1_recobin5 acc 0.0535 eff 0.0 outinratio 0.0213 

WminusH126_2e2mu_costhetastar_genbin1_recobin5 acc 0.0439 eff 0.0 outinratio 0.0867 

WplusH126_2e2mu_costhetastar_genbin1_recobin5 acc 0.0354 eff 0.0 outinratio 0.065 

ZH126_2e2mu_costhetastar_genbin1_recobin5 acc 0.0408 eff 0.0 outinratio 0.0808 

ttH126_2e2mu_costhetastar_genbin1_recobin5 acc 0.0372 eff 0.0 outinratio 0.174 

ggH126_2e2mu_costhetastar_genbin2_recobin5 acc 0.0518 eff 0.0 outinratio 0.0784 

VBFH126_2e2mu_costhetastar_genbin2_recobin5 acc 0.0527 eff 0.0022 outinratio 0.0213 

WminusH126_2e2mu_costhetastar_genbin2_recobin5 acc 0.0429 eff 0.0023 outinratio 0.0867 

WplusH126_2e2mu_costhetastar_genbin2_recobin5 acc 0.0379 eff 0.0 outinratio 0.065 

ZH126_2e2mu_costhetastar_genbin2_recobin5 acc 0.0443 eff 0.004 outinratio 0.0808 

ttH126_2e2mu_costhetastar_genbin2_recobin5 acc 0.0402 eff 0.002 outinratio 0.174 

ggH126_2e2mu_costhetastar_genbin3_recobin5 acc 0.054 eff 0.0 outinratio 0.0784 

VBFH126_2e2mu_costhetastar_genbin3_recobin5 acc 0.0563 eff 0.0 outinratio 0.0213 

WminusH126_2e2mu_costhetastar_genbin3_recobin5 acc 0.0423 eff -0.0001 outinratio 0.0867 

WplusH126_2e2mu_costhetastar_genbin3_recobin5 acc 0.0423 eff 0.0009 outinratio 0.065 

ZH126_2e2mu_costhetastar_genbin3_recobin5 acc 0.0461 eff 0.0047 outinratio 0.0808 

ttH126_2e2mu_costhetastar_genbin3_recobin5 acc 0.0381 eff 0.0009 outinratio 0.174 

ggH126_2e2mu_costhetastar_genbin4_recobin5 acc 0.0539 eff 0.0296 outinratio 0.0784 

VBFH126_2e2mu_costhetastar_genbin4_recobin5 acc 0.0553 eff 0.0223 outinratio 0.0213 

WminusH126_2e2mu_costhetastar_genbin4_recobin5 acc 0.0427 eff 0.0278 outinratio 0.0867 

WplusH126_2e2mu_costhetastar_genbin4_recobin5 acc 0.041 eff 0.0213 outinratio 0.065 

ZH126_2e2mu_costhetastar_genbin4_recobin5 acc 0.0434 eff 0.0245 outinratio 0.0808 

ttH126_2e2mu_costhetastar_genbin4_recobin5 acc 0.0386 eff 0.0318 outinratio 0.174 

ggH126_2e2mu_costhetastar_genbin5_recobin5 acc 0.052 eff 0.4938 outinratio 0.0784 

VBFH126_2e2mu_costhetastar_genbin5_recobin5 acc 0.0577 eff 0.49 outinratio 0.0213 

WminusH126_2e2mu_costhetastar_genbin5_recobin5 acc 0.0429 eff 0.4764 outinratio 0.0867 

WplusH126_2e2mu_costhetastar_genbin5_recobin5 acc 0.0408 eff 0.4447 outinratio 0.065 

ZH126_2e2mu_costhetastar_genbin5_recobin5 acc 0.0426 eff 0.4873 outinratio 0.0808 

ttH126_2e2mu_costhetastar_genbin5_recobin5 acc 0.0384 eff 0.4602 outinratio 0.174 

ggH126_2e2mu_costhetastar_genbin6_recobin5 acc 0.0509 eff 0.0233 outinratio 0.0784 

VBFH126_2e2mu_costhetastar_genbin6_recobin5 acc 0.0561 eff 0.0238 outinratio 0.0213 

WminusH126_2e2mu_costhetastar_genbin6_recobin5 acc 0.0442 eff 0.0188 outinratio 0.0867 

WplusH126_2e2mu_costhetastar_genbin6_recobin5 acc 0.0395 eff 0.0226 outinratio 0.065 

ZH126_2e2mu_costhetastar_genbin6_recobin5 acc 0.0428 eff 0.0188 outinratio 0.0808 

ttH126_2e2mu_costhetastar_genbin6_recobin5 acc 0.0372 eff 0.0151 outinratio 0.174 

ggH126_2e2mu_costhetastar_genbin7_recobin5 acc 0.0477 eff 0.0013 outinratio 0.0784 

VBFH126_2e2mu_costhetastar_genbin7_recobin5 acc 0.0559 eff 0.0 outinratio 0.0213 

WminusH126_2e2mu_costhetastar_genbin7_recobin5 acc 0.0414 eff 0.0 outinratio 0.0867 

WplusH126_2e2mu_costhetastar_genbin7_recobin5 acc 0.0375 eff 0.0 outinratio 0.065 

ZH126_2e2mu_costhetastar_genbin7_recobin5 acc 0.0436 eff 0.0 outinratio 0.0808 

ttH126_2e2mu_costhetastar_genbin7_recobin5 acc 0.0396 eff 0.0 outinratio 0.174 

ggH126_2e2mu_costhetastar_genbin0_recobin6 acc 0.0483 eff 0.0 outinratio 0.0558 

VBFH126_2e2mu_costhetastar_genbin0_recobin6 acc 0.052 eff 0.0 outinratio 0.0467 

WminusH126_2e2mu_costhetastar_genbin0_recobin6 acc 0.0424 eff 0.0 outinratio 0.0651 

WplusH126_2e2mu_costhetastar_genbin0_recobin6 acc 0.0393 eff 0.0 outinratio 0.0523 

ZH126_2e2mu_costhetastar_genbin0_recobin6 acc 0.041 eff 0.0 outinratio 0.0503 

ttH126_2e2mu_costhetastar_genbin0_recobin6 acc 0.0376 eff 0.0 outinratio 0.1906 

ggH126_2e2mu_costhetastar_genbin1_recobin6 acc 0.0494 eff 0.0015 outinratio 0.0558 

VBFH126_2e2mu_costhetastar_genbin1_recobin6 acc 0.0535 eff 0.0 outinratio 0.0467 

WminusH126_2e2mu_costhetastar_genbin1_recobin6 acc 0.0439 eff 0.0015 outinratio 0.0651 

WplusH126_2e2mu_costhetastar_genbin1_recobin6 acc 0.0354 eff 0.0113 outinratio 0.0523 

ZH126_2e2mu_costhetastar_genbin1_recobin6 acc 0.0408 eff 0.0005 outinratio 0.0503 

ttH126_2e2mu_costhetastar_genbin1_recobin6 acc 0.0372 eff 0.0 outinratio 0.1906 

ggH126_2e2mu_costhetastar_genbin2_recobin6 acc 0.0518 eff 0.0007 outinratio 0.0558 

VBFH126_2e2mu_costhetastar_genbin2_recobin6 acc 0.0527 eff 0.001 outinratio 0.0467 

WminusH126_2e2mu_costhetastar_genbin2_recobin6 acc 0.0429 eff 0.0 outinratio 0.0651 

WplusH126_2e2mu_costhetastar_genbin2_recobin6 acc 0.0379 eff 0.0 outinratio 0.0523 

ZH126_2e2mu_costhetastar_genbin2_recobin6 acc 0.0443 eff 0.0 outinratio 0.0503 

ttH126_2e2mu_costhetastar_genbin2_recobin6 acc 0.0402 eff 0.0 outinratio 0.1906 

ggH126_2e2mu_costhetastar_genbin3_recobin6 acc 0.054 eff 0.0 outinratio 0.0558 

VBFH126_2e2mu_costhetastar_genbin3_recobin6 acc 0.0563 eff 0.0 outinratio 0.0467 

WminusH126_2e2mu_costhetastar_genbin3_recobin6 acc 0.0423 eff 0.0 outinratio 0.0651 

WplusH126_2e2mu_costhetastar_genbin3_recobin6 acc 0.0423 eff 0.0 outinratio 0.0523 

ZH126_2e2mu_costhetastar_genbin3_recobin6 acc 0.0461 eff 0.0 outinratio 0.0503 

ttH126_2e2mu_costhetastar_genbin3_recobin6 acc 0.0381 eff 0.0 outinratio 0.1906 

ggH126_2e2mu_costhetastar_genbin4_recobin6 acc 0.0539 eff 0.0 outinratio 0.0558 

VBFH126_2e2mu_costhetastar_genbin4_recobin6 acc 0.0553 eff 0.0 outinratio 0.0467 

WminusH126_2e2mu_costhetastar_genbin4_recobin6 acc 0.0427 eff 0.0004 outinratio 0.0651 

WplusH126_2e2mu_costhetastar_genbin4_recobin6 acc 0.041 eff 0.0 outinratio 0.0523 

ZH126_2e2mu_costhetastar_genbin4_recobin6 acc 0.0434 eff 0.0 outinratio 0.0503 

ttH126_2e2mu_costhetastar_genbin4_recobin6 acc 0.0386 eff 0.0 outinratio 0.1906 

ggH126_2e2mu_costhetastar_genbin5_recobin6 acc 0.052 eff 0.0189 outinratio 0.0558 

VBFH126_2e2mu_costhetastar_genbin5_recobin6 acc 0.0577 eff 0.0125 outinratio 0.0467 

WminusH126_2e2mu_costhetastar_genbin5_recobin6 acc 0.0429 eff 0.021 outinratio 0.0651 

WplusH126_2e2mu_costhetastar_genbin5_recobin6 acc 0.0408 eff 0.0355 outinratio 0.0523 

ZH126_2e2mu_costhetastar_genbin5_recobin6 acc 0.0426 eff 0.0171 outinratio 0.0503 

ttH126_2e2mu_costhetastar_genbin5_recobin6 acc 0.0384 eff 0.015 outinratio 0.1906 

ggH126_2e2mu_costhetastar_genbin6_recobin6 acc 0.0509 eff 0.4731 outinratio 0.0558 

VBFH126_2e2mu_costhetastar_genbin6_recobin6 acc 0.0561 eff 0.4893 outinratio 0.0467 

WminusH126_2e2mu_costhetastar_genbin6_recobin6 acc 0.0442 eff 0.492 outinratio 0.0651 

WplusH126_2e2mu_costhetastar_genbin6_recobin6 acc 0.0395 eff 0.4241 outinratio 0.0523 

ZH126_2e2mu_costhetastar_genbin6_recobin6 acc 0.0428 eff 0.4914 outinratio 0.0503 

ttH126_2e2mu_costhetastar_genbin6_recobin6 acc 0.0372 eff 0.465 outinratio 0.1906 

ggH126_2e2mu_costhetastar_genbin7_recobin6 acc 0.0477 eff 0.0191 outinratio 0.0558 

VBFH126_2e2mu_costhetastar_genbin7_recobin6 acc 0.0559 eff 0.0121 outinratio 0.0467 

WminusH126_2e2mu_costhetastar_genbin7_recobin6 acc 0.0414 eff 0.0206 outinratio 0.0651 

WplusH126_2e2mu_costhetastar_genbin7_recobin6 acc 0.0375 eff 0.0098 outinratio 0.0523 

ZH126_2e2mu_costhetastar_genbin7_recobin6 acc 0.0436 eff 0.0247 outinratio 0.0503 

ttH126_2e2mu_costhetastar_genbin7_recobin6 acc 0.0396 eff 0.0188 outinratio 0.1906 

ggH126_2e2mu_costhetastar_genbin0_recobin7 acc 0.0483 eff 0.0005 outinratio 0.0509 

VBFH126_2e2mu_costhetastar_genbin0_recobin7 acc 0.052 eff 0.0026 outinratio 0.0392 

WminusH126_2e2mu_costhetastar_genbin0_recobin7 acc 0.0424 eff 0.0013 outinratio 0.0881 

WplusH126_2e2mu_costhetastar_genbin0_recobin7 acc 0.0393 eff 0.0032 outinratio 0.0723 

ZH126_2e2mu_costhetastar_genbin0_recobin7 acc 0.041 eff 0.0 outinratio 0.0955 

ttH126_2e2mu_costhetastar_genbin0_recobin7 acc 0.0376 eff 0.0012 outinratio 0.2166 

ggH126_2e2mu_costhetastar_genbin1_recobin7 acc 0.0494 eff 0.0 outinratio 0.0509 

VBFH126_2e2mu_costhetastar_genbin1_recobin7 acc 0.0535 eff 0.0022 outinratio 0.0392 

WminusH126_2e2mu_costhetastar_genbin1_recobin7 acc 0.0439 eff 0.0008 outinratio 0.0881 

WplusH126_2e2mu_costhetastar_genbin1_recobin7 acc 0.0354 eff 0.0 outinratio 0.0723 

ZH126_2e2mu_costhetastar_genbin1_recobin7 acc 0.0408 eff 0.0 outinratio 0.0955 

ttH126_2e2mu_costhetastar_genbin1_recobin7 acc 0.0372 eff 0.0 outinratio 0.2166 

ggH126_2e2mu_costhetastar_genbin2_recobin7 acc 0.0518 eff 0.0 outinratio 0.0509 

VBFH126_2e2mu_costhetastar_genbin2_recobin7 acc 0.0527 eff 0.0 outinratio 0.0392 

WminusH126_2e2mu_costhetastar_genbin2_recobin7 acc 0.0429 eff 0.0 outinratio 0.0881 

WplusH126_2e2mu_costhetastar_genbin2_recobin7 acc 0.0379 eff 0.0 outinratio 0.0723 

ZH126_2e2mu_costhetastar_genbin2_recobin7 acc 0.0443 eff 0.0 outinratio 0.0955 

ttH126_2e2mu_costhetastar_genbin2_recobin7 acc 0.0402 eff 0.0 outinratio 0.2166 

ggH126_2e2mu_costhetastar_genbin3_recobin7 acc 0.054 eff 0.0 outinratio 0.0509 

VBFH126_2e2mu_costhetastar_genbin3_recobin7 acc 0.0563 eff 0.0 outinratio 0.0392 

WminusH126_2e2mu_costhetastar_genbin3_recobin7 acc 0.0423 eff 0.0 outinratio 0.0881 

WplusH126_2e2mu_costhetastar_genbin3_recobin7 acc 0.0423 eff 0.0 outinratio 0.0723 

ZH126_2e2mu_costhetastar_genbin3_recobin7 acc 0.0461 eff 0.0 outinratio 0.0955 

ttH126_2e2mu_costhetastar_genbin3_recobin7 acc 0.0381 eff 0.0 outinratio 0.2166 

ggH126_2e2mu_costhetastar_genbin4_recobin7 acc 0.0539 eff 0.0 outinratio 0.0509 

VBFH126_2e2mu_costhetastar_genbin4_recobin7 acc 0.0553 eff 0.0 outinratio 0.0392 

WminusH126_2e2mu_costhetastar_genbin4_recobin7 acc 0.0427 eff 0.0 outinratio 0.0881 

WplusH126_2e2mu_costhetastar_genbin4_recobin7 acc 0.041 eff 0.0 outinratio 0.0723 

ZH126_2e2mu_costhetastar_genbin4_recobin7 acc 0.0434 eff 0.0 outinratio 0.0955 

ttH126_2e2mu_costhetastar_genbin4_recobin7 acc 0.0386 eff 0.0005 outinratio 0.2166 

ggH126_2e2mu_costhetastar_genbin5_recobin7 acc 0.052 eff 0.0 outinratio 0.0509 

VBFH126_2e2mu_costhetastar_genbin5_recobin7 acc 0.0577 eff 0.0014 outinratio 0.0392 

WminusH126_2e2mu_costhetastar_genbin5_recobin7 acc 0.0429 eff 0.0006 outinratio 0.0881 

WplusH126_2e2mu_costhetastar_genbin5_recobin7 acc 0.0408 eff 0.0 outinratio 0.0723 

ZH126_2e2mu_costhetastar_genbin5_recobin7 acc 0.0426 eff 0.0007 outinratio 0.0955 

ttH126_2e2mu_costhetastar_genbin5_recobin7 acc 0.0384 eff 0.0002 outinratio 0.2166 

ggH126_2e2mu_costhetastar_genbin6_recobin7 acc 0.0509 eff 0.0158 outinratio 0.0509 

VBFH126_2e2mu_costhetastar_genbin6_recobin7 acc 0.0561 eff 0.0115 outinratio 0.0392 

WminusH126_2e2mu_costhetastar_genbin6_recobin7 acc 0.0442 eff 0.0175 outinratio 0.0881 

WplusH126_2e2mu_costhetastar_genbin6_recobin7 acc 0.0395 eff 0.0149 outinratio 0.0723 

ZH126_2e2mu_costhetastar_genbin6_recobin7 acc 0.0428 eff 0.0187 outinratio 0.0955 

ttH126_2e2mu_costhetastar_genbin6_recobin7 acc 0.0372 eff 0.0176 outinratio 0.2166 

ggH126_2e2mu_costhetastar_genbin7_recobin7 acc 0.0477 eff 0.5056 outinratio 0.0509 

VBFH126_2e2mu_costhetastar_genbin7_recobin7 acc 0.0559 eff 0.5374 outinratio 0.0392 

WminusH126_2e2mu_costhetastar_genbin7_recobin7 acc 0.0414 eff 0.4951 outinratio 0.0881 

WplusH126_2e2mu_costhetastar_genbin7_recobin7 acc 0.0375 eff 0.4879 outinratio 0.0723 

ZH126_2e2mu_costhetastar_genbin7_recobin7 acc 0.0436 eff 0.4937 outinratio 0.0955 

ttH126_2e2mu_costhetastar_genbin7_recobin7 acc 0.0396 eff 0.4711 outinratio 0.2166 

Coeff fullNNLOPS
